product_code,source_prefix,current_brand,product_name,suspected_brand,issue_type,recommended_action,confidence,note
cultbeauty_135a82a68f0488,cultbeauty,CeraVe,111SKIN Repair Day Cream - Light 50ml,111SKIN,brand_mismatch,fix_brand,0.95,product_name starts with a different known brand token
cultbeauty_88eeec98506f0e,cultbeauty,Color Wow,111SKIN Rose Gold Radiance Body Oil 100ml,111SKIN,brand_mismatch,fix_brand,0.95,product_name starts with a different known brand token
cultbeauty_a744cdfb7c9084,cultbeauty,Elemis,111SKIN Enzyme Exfoliating Cleanser 40g,111SKIN,brand_mismatch,fix_brand,0.95,product_name starts with a different known brand token
cultbeauty_bc110c6d9c739f,cultbeauty,La Roche-Posay,111SKIN Black Diamond Contour Gel 15ml,111SKIN,brand_mismatch,fix_brand,0.95,product_name starts with a different known brand token
cultbeauty_ea4283fc121ccc,cultbeauty,Laura Mercier,111SKIN Antioxidant Essence 100ml,111SKIN,brand_mismatch,fix_brand,0.95,product_name starts with a different known brand token
cultbeauty_f490dbc201d412,cultbeauty,Medik8,111SKIN Antioxidant Energising Essence 100ml,111SKIN,brand_mismatch,fix_brand,0.95,product_name starts with a different known brand token
cultbeauty_fa38f6f3431c9e,cultbeauty,Medik8,111SKIN Repair Night Cream 50ml,111SKIN,brand_mismatch,fix_brand,0.95,product_name starts with a different known brand token
cultbeauty_a78e79857cb964,cultbeauty,Murad,111SKIN Cryo Revitalising Moisturiser 50ml,111SKIN,brand_mismatch,fix_brand,0.95,product_name starts with a different known brand token
cultbeauty_5050462d53ffe4,cultbeauty,NARS,111SKIN Celestial Black Diamond Body Cream 160ml,111SKIN,brand_mismatch,fix_brand,0.95,product_name starts with a different known brand token
cultbeauty_e1a5484105869a,cultbeauty,Oribe,111SKIN Celestial Black Diamond Eye Cream 15ml,111SKIN,brand_mismatch,fix_brand,0.95,product_name starts with a different known brand token
cultbeauty_4e58205a50f6e0,cultbeauty,PATRICK TA,111SKIN Black Diamond Vitamin C Brightening Cleanser 55ml,111SKIN,brand_mismatch,fix_brand,0.95,product_name starts with a different known brand token
cultbeauty_7045eb8d68efa0,cultbeauty,PATRICK TA,111SKIN Deep Cleansing Oil 100ml,111SKIN,brand_mismatch,fix_brand,0.95,product_name starts with a different known brand token
cultbeauty_d210d007a8f952,cultbeauty,PATRICK TA,111SKIN Hyaluronic Acid Aqua Booster 20ml,111SKIN,brand_mismatch,fix_brand,0.95,product_name starts with a different known brand token
cultbeauty_074258894cce48,cultbeauty,PATRICK TA,111SKIN Repair + Renew Routine,111SKIN,brand_mismatch,fix_brand,0.95,product_name starts with a different known brand token
cultbeauty_2fabdd3de41921,cultbeauty,PATRICK TA,111SKIN Repair Serum NAC Y2 30ml,111SKIN,brand_mismatch,fix_brand,0.95,product_name starts with a different known brand token
cultbeauty_6667a45063012d,cultbeauty,PATRICK TA,111SKIN Repair Sunscreen SPF 50+ 50ml,111SKIN,brand_mismatch,fix_brand,0.95,product_name starts with a different known brand token
cultbeauty_45935e8a0a7328,cultbeauty,PATRICK TA,111SKIN Y Theorem Repair Light Serum NAC Y2 (30ml),111SKIN,brand_mismatch,fix_brand,0.95,product_name starts with a different known brand token
cultbeauty_a18a930706ca79,cultbeauty,Sisley Paris,111SKIN Repair Day Cream NAC Y2 50ml,111SKIN,brand_mismatch,fix_brand,0.95,product_name starts with a different known brand token
cultbeauty_07972957e35d9b,cultbeauty,Dr Dennis Gross,Clé de Peau Beauté Skin-Refining Clay Scrub 90ml,Clé de Peau Beauté,brand_mismatch,fix_brand,0.95,product_name starts with a different known brand token
cultbeauty_f05294c43f9bfa,cultbeauty,Emma Hardie,Clé de Peau Beauté Makeup Cleansing Towelettes,Clé de Peau Beauté,brand_mismatch,fix_brand,0.95,product_name starts with a different known brand token
cultbeauty_de32a59cb7e74f,cultbeauty,HUDA BEAUTY,Clé de Peau Beauté Advanced Intensive Night Cream - Refill,Clé de Peau Beauté,brand_mismatch,fix_brand,0.95,product_name starts with a different known brand token
cultbeauty_2907072551c719,cultbeauty,HUDA BEAUTY,Clé de Peau Beauté Cream Rouge Matte Lipstick 8ml (Various Shades) 111 Chocolate Cosmos,Clé de Peau Beauté,brand_mismatch,fix_brand,0.95,product_name starts with a different known brand token
cultbeauty_727b6832ca6f0e,cultbeauty,Hourglass,Clé de Peau Beauté Clarifying Cleansing Foam 125ml,Clé de Peau Beauté,brand_mismatch,fix_brand,0.95,product_name starts with a different known brand token
cultbeauty_a926d54c35b551,cultbeauty,Medik8,Clé de Peau Beauté Advanced Intensive Night Cream 50ml,Clé de Peau Beauté,brand_mismatch,fix_brand,0.95,product_name starts with a different known brand token
cultbeauty_e6a0e08af75f15,cultbeauty,NARS,Clé de Peau Beauté Brightening Serum Supreme 40ml,Clé de Peau Beauté,brand_mismatch,fix_brand,0.95,product_name starts with a different known brand token
cultbeauty_7910bb93ac92ac,cultbeauty,PATRICK TA,Clé de Peau Beauté Advanced Protective Cream - 50ml Refill,Clé de Peau Beauté,brand_mismatch,fix_brand,0.95,product_name starts with a different known brand token
cultbeauty_151ef0c83866b2,cultbeauty,PATRICK TA,Clé de Peau Beauté Eye Colour Quad (Various Options),Clé de Peau Beauté,brand_mismatch,fix_brand,0.95,product_name starts with a different known brand token
cultbeauty_6913e3f43c0836,cultbeauty,PATRICK TA,Clé de Peau Beauté Lipstick 24 4g (Various Shades) 26 Violet Infusion,Clé de Peau Beauté,brand_mismatch,fix_brand,0.95,product_name starts with a different known brand token
cultbeauty_94e272d5092866,cultbeauty,PATRICK TA,Clé de Peau Beauté Lipstick Matte (Various Shades) 103 - Legend of Rouge,Clé de Peau Beauté,brand_mismatch,fix_brand,0.95,product_name starts with a different known brand token
cultbeauty_9aa5511913e030,cultbeauty,PATRICK TA,Clé de Peau Beauté Protective Day Emulsion 125ml,Clé de Peau Beauté,brand_mismatch,fix_brand,0.95,product_name starts with a different known brand token
cultbeauty_35898c119e17de,cultbeauty,Paula's Choice,Clé de Peau Beauté Hydro-Clarifying Essence Lotion 170ml,Clé de Peau Beauté,brand_mismatch,fix_brand,0.95,product_name starts with a different known brand token
cultbeauty_6bd0337ff78bbf,cultbeauty,Paula's Choice,Clé de Peau Beauté Hydro-Softening Essence Lotion,Clé de Peau Beauté,brand_mismatch,fix_brand,0.95,product_name starts with a different known brand token
cultbeauty_d5edb3f1e39f91,cultbeauty,Spectrum Collections,Clé de Peau Beauté The Sponge,Clé de Peau Beauté,brand_mismatch,fix_brand,0.95,product_name starts with a different known brand token
cultbeauty_2367bf80746bf5,cultbeauty,Surratt,Clé de Peau Beauté Radiant Multi Repair Oil Mini Set,Clé de Peau Beauté,brand_mismatch,fix_brand,0.95,product_name starts with a different known brand token
cultbeauty_22766dc85ff885,cultbeauty,The Ordinary,Clé de Peau Beauté Powder Puff,Clé de Peau Beauté,brand_mismatch,fix_brand,0.95,product_name starts with a different known brand token
cultbeauty_368cce545cf103,cultbeauty,Westman Atelier,Clé de Peau Beauté Lip Glorifier (Various Shades) Coral,Clé de Peau Beauté,brand_mismatch,fix_brand,0.95,product_name starts with a different known brand token
cultbeauty_1dd88d8d1fad3d,cultbeauty,HUDA BEAUTY,Dr Dennis Gross Derminfusions Lip Duo - Brown,Dr Dennis Gross,brand_mismatch,fix_brand,0.95,product_name starts with a different known brand token
cultbeauty_674dfe1aa7f54a,cultbeauty,HUDA BEAUTY,Dr Dennis Gross Eye Care Bundle,Dr Dennis Gross,brand_mismatch,fix_brand,0.95,product_name starts with a different known brand token
cultbeauty_71541198c8d64f,cultbeauty,HUDA BEAUTY,"Dr. Dennis Gross DermInfusions Lift and Repair Eye Mask, 1 Treatment",Dr Dennis Gross,brand_mismatch,fix_brand,0.95,product_name starts with a different known brand token
cultbeauty_8a0b50f07dee37,cultbeauty,PATRICK TA,Dr. Dennis Gross DermInfusions™ Lip Tints Berry Clear,Dr Dennis Gross,brand_mismatch,fix_brand,0.95,product_name starts with a different known brand token
cultbeauty_af0291f83d5069,cultbeauty,PATRICK TA,Dr. Dennis Gross DermInfusions™ Lip Tints Brown Clear,Dr Dennis Gross,brand_mismatch,fix_brand,0.95,product_name starts with a different known brand token
cultbeauty_63ab41f90e07f4,cultbeauty,Paula's Choice,Dr Dennis Gross All Physical Ultimate Defense SPF 50 Moisturiser 50ml,Dr Dennis Gross,brand_mismatch,fix_brand,0.95,product_name starts with a different known brand token
cultbeauty_a3c36ed8f3047f,cultbeauty,Summer Fridays,Dr. Dennis Gross DermInfusions™ Lip Tints Beige Clear,Dr Dennis Gross,brand_mismatch,fix_brand,0.95,product_name starts with a different known brand token
cultbeauty_9ad28deac69597,cultbeauty,Summer Fridays,Dr. Dennis Gross DermInfusions™ Lip Tints Pink Clear,Dr Dennis Gross,brand_mismatch,fix_brand,0.95,product_name starts with a different known brand token
cultbeauty_ea4e6e050bed07,cultbeauty,Omorovicza,Dr Dennis Gross Skincare Hyaluronic Marine Meltaway Cleanser 150ml,Dr. Dennis Gross Skincare,brand_mismatch,fix_brand,0.95,product_name starts with a different known brand token
cultbeauty_e1f578842a0f7f,cultbeauty,PATRICK TA,Dr Dennis Gross Skincare DermInfusions Plump + Repair Lip Treatment 4ml Clear,Dr. Dennis Gross Skincare,brand_mismatch,fix_brand,0.95,product_name starts with a different known brand token
cultbeauty_a1c5a43d27e8d2,cultbeauty,BYOMA,Numbuzin No.5 Vitamin Boosting Essential Toner 200ml,Numbuzin,brand_mismatch,fix_brand,0.95,product_name starts with a different known brand token
cultbeauty_a0bac82eac275a,cultbeauty,Beauty Of Joseon,Numbuzin No.3 Super Glowing Essence Toner 200ml,Numbuzin,brand_mismatch,fix_brand,0.95,product_name starts with a different known brand token
cultbeauty_c871dbf7baab84,cultbeauty,Beauty Of Joseon,Numbuzin No.9 NAD PDRN Glow Boosting Toner 150ml,Numbuzin,brand_mismatch,fix_brand,0.95,product_name starts with a different known brand token
cultbeauty_aa30dcd148cfa5,cultbeauty,Beauty of Joseon,Numbuzin No.1 Clear Filter Sun Essence SPF50+ PA++++ 50ml,Numbuzin,brand_mismatch,fix_brand,0.95,product_name starts with a different known brand token
cultbeauty_c4a62dacb03867,cultbeauty,Medicube,Numbuzin No.3 Radiance Glowing Jumbo Essence Pad 150ml (70 Pads),Numbuzin,brand_mismatch,fix_brand,0.95,product_name starts with a different known brand token
cultbeauty_4f237416d69431,cultbeauty,PATRICK TA,Numbuzin No.1 Centella Re-leaf Green Toner Pad 190ml (70 Pads),Numbuzin,brand_mismatch,fix_brand,0.95,product_name starts with a different known brand token
cultbeauty_084f0eafb56378,cultbeauty,PATRICK TA,Numbuzin No.1 Pantothenic B5 Active Cream 80ml,Numbuzin,brand_mismatch,fix_brand,0.95,product_name starts with a different known brand token
cultbeauty_c469411b123995,cultbeauty,PATRICK TA,Numbuzin No.1 Pantothenic B5 Active Soothing Serum 50ml,Numbuzin,brand_mismatch,fix_brand,0.95,product_name starts with a different known brand token
cultbeauty_f1a82ea8fe4d83,cultbeauty,PATRICK TA,Numbuzin No.3 Skin Softening Serum 50ml,Numbuzin,brand_mismatch,fix_brand,0.95,product_name starts with a different known brand token
cultbeauty_bfe6e3e1e3aa0d,cultbeauty,PATRICK TA,Numbuzin No.9 NAD Retinol Volumetox Eye Cream 10ml,Numbuzin,brand_mismatch,fix_brand,0.95,product_name starts with a different known brand token
lookfantastic_defc403e021cf2,lookfantastic,Aesop,111SKIN Celestial Black Diamond Brightening Essence 100ml,111SKIN,brand_mismatch,fix_brand,0.95,product_name starts with a different known brand token
lookfantastic_53b8edbe5611b0,lookfantastic,Aromatherapy Associates,111SKIN Celestial Black Diamond Body Cream 160ml,111SKIN,brand_mismatch,fix_brand,0.95,product_name starts with a different known brand token
lookfantastic_b2b8c9509cae7f,lookfantastic,Augustinus Bader,111SKIN Hyaluronic Acid Aqua Booster 20ml,111SKIN,brand_mismatch,fix_brand,0.95,product_name starts with a different known brand token
lookfantastic_a2e4ea98f8e532,lookfantastic,BEAUTYPRO,111SKIN Celestial Black Diamond Eye Mask (Various Options),111SKIN,brand_mismatch,fix_brand,0.95,product_name starts with a different known brand token
lookfantastic_7beacbf9f07246,lookfantastic,BEAUTYPRO,111SKIN Cryo De-Puffing Eye Mask (Pack of 8),111SKIN,brand_mismatch,fix_brand,0.95,product_name starts with a different known brand token
lookfantastic_d1b1b88a34d95e,lookfantastic,BEAUTYPRO,111SKIN Rose Gold Illuminating Eye Mask Box,111SKIN,brand_mismatch,fix_brand,0.95,product_name starts with a different known brand token
lookfantastic_c7b7e9eaf6ecd9,lookfantastic,Bioderma,111SKIN Repair Day Cream NAC Y2 50ml,111SKIN,brand_mismatch,fix_brand,0.95,product_name starts with a different known brand token
lookfantastic_f801fe0a409931,lookfantastic,Bondi Sands,111SKIN Dark Spot Correcting Serum 30ml,111SKIN,brand_mismatch,fix_brand,0.95,product_name starts with a different known brand token
lookfantastic_5021b398846899,lookfantastic,Carolina Herrera,111SKIN Cryo Revitalising Moisturiser 50ml,111SKIN,brand_mismatch,fix_brand,0.95,product_name starts with a different known brand token
lookfantastic_ff4d2e9aa4251b,lookfantastic,Color Wow,111SKIN Black Diamond Retinol Oil 30ml,111SKIN,brand_mismatch,fix_brand,0.95,product_name starts with a different known brand token
lookfantastic_52eb878d527aab,lookfantastic,Color Wow,111SKIN Repair Serum NAC Y2 30ml,111SKIN,brand_mismatch,fix_brand,0.95,product_name starts with a different known brand token
lookfantastic_060e5de0c01109,lookfantastic,Dr Dennis Gross,111SKIN Repair Serum NAC Y2 15ml,111SKIN,brand_mismatch,fix_brand,0.95,product_name starts with a different known brand token
lookfantastic_d11dd5623beb2a,lookfantastic,ESPA,111SKIN Rose Gold Radiance Booster Serum 20ml,111SKIN,brand_mismatch,fix_brand,0.95,product_name starts with a different known brand token
lookfantastic_4b789857633ba2,lookfantastic,Elemis,111SKIN Enzyme Exfoliating Cleanser 40g,111SKIN,brand_mismatch,fix_brand,0.95,product_name starts with a different known brand token
lookfantastic_504f48bcfabbe6,lookfantastic,ICONIC London,111SKIN Repair Night Cream 50ml,111SKIN,brand_mismatch,fix_brand,0.95,product_name starts with a different known brand token
lookfantastic_c0c361117f96af,lookfantastic,Issey Miyake,111SKIN Black Diamond Vitamin C Brightening Cleanser 55ml,111SKIN,brand_mismatch,fix_brand,0.95,product_name starts with a different known brand token
lookfantastic_d9f7ed9086887b,lookfantastic,La Roche-Posay,111SKIN Anti Blemish Booster Serum 20ml,111SKIN,brand_mismatch,fix_brand,0.95,product_name starts with a different known brand token
lookfantastic_dba5d07aa79753,lookfantastic,La Roche-Posay,111SKIN Black Diamond Contour Gel 15ml,111SKIN,brand_mismatch,fix_brand,0.95,product_name starts with a different known brand token
lookfantastic_1671a6ef0ec6bf,lookfantastic,Medik8,111SKIN Antioxidant Essence 100ml,111SKIN,brand_mismatch,fix_brand,0.95,product_name starts with a different known brand token
lookfantastic_77b3bd53b51472,lookfantastic,Medik8,111SKIN Black Diamond Cream 50ml,111SKIN,brand_mismatch,fix_brand,0.95,product_name starts with a different known brand token
lookfantastic_cda58201dfe894,lookfantastic,Medik8,111SKIN Black Diamond Eye Cream 15ml,111SKIN,brand_mismatch,fix_brand,0.95,product_name starts with a different known brand token
lookfantastic_0f7e775a2c5beb,lookfantastic,Medik8,111SKIN Black Diamond Vitamin-C Booster Serum 20ml,111SKIN,brand_mismatch,fix_brand,0.95,product_name starts with a different known brand token
lookfantastic_1cd63f19a5c3ba,lookfantastic,Medik8,111SKIN Vitamin C Brightening Booster 20ml,111SKIN,brand_mismatch,fix_brand,0.95,product_name starts with a different known brand token
lookfantastic_51dcafc3669411,lookfantastic,NARS,111SKIN Y Theorem Repair Light Serum NAC Y2 (30ml),111SKIN,brand_mismatch,fix_brand,0.95,product_name starts with a different known brand token
lookfantastic_a7c1ae1482fd20,lookfantastic,NUXE,111SKIN Rose Gold Radiance Body Oil 100ml,111SKIN,brand_mismatch,fix_brand,0.95,product_name starts with a different known brand token
lookfantastic_d5b25ebc1327b6,lookfantastic,NYX Professional Makeup,111SKIN Radiance Glow Face Mist 100ml,111SKIN,brand_mismatch,fix_brand,0.95,product_name starts with a different known brand token
lookfantastic_bab2a3373bf3af,lookfantastic,Perricone MD,111SKIN Repair Day Cream - Light 50ml,111SKIN,brand_mismatch,fix_brand,0.95,product_name starts with a different known brand token
lookfantastic_9b73bc30dbb758,lookfantastic,Philip Kingsley,111SKIN Black Diamond Serum 30ml,111SKIN,brand_mismatch,fix_brand,0.95,product_name starts with a different known brand token
lookfantastic_70893605341bb5,lookfantastic,Redken,111SKIN Intensive Contour Firming Mask 75ml,111SKIN,brand_mismatch,fix_brand,0.95,product_name starts with a different known brand token
lookfantastic_2973f75ddd1ef1,lookfantastic,SkinCeuticals,111SKIN Repair Sunscreen SPF 50+ 50ml,111SKIN,brand_mismatch,fix_brand,0.95,product_name starts with a different known brand token
lookfantastic_f6801d42f8ddb3,lookfantastic,SkinCeuticals,111SKIN The Firming Concentrate Serum 7 x 2ml,111SKIN,brand_mismatch,fix_brand,0.95,product_name starts with a different known brand token
lookfantastic_540aa4fe84ebfe,lookfantastic,Aesop,Clé de Peau Beauté Protective Day Emulsion 125ml,Clé de Peau Beauté,brand_mismatch,fix_brand,0.95,product_name starts with a different known brand token
lookfantastic_28031d9006ca91,lookfantastic,Bobbi Brown,Clé de Peau Beauté Clarifying Cleansing Foam 125ml,Clé de Peau Beauté,brand_mismatch,fix_brand,0.95,product_name starts with a different known brand token
lookfantastic_22dbcf549bbbe2,lookfantastic,Clinique,Clé de Peau Beauté Lipstick Matte (Various Shades) 103 - Legend of Rouge,Clé de Peau Beauté,brand_mismatch,fix_brand,0.95,product_name starts with a different known brand token
lookfantastic_ed985e29854c6f,lookfantastic,Clinique,Clé de Peau Beauté Solo Colour Eye Shadow 4g (Various Shades) Sunkissed Coral,Clé de Peau Beauté,brand_mismatch,fix_brand,0.95,product_name starts with a different known brand token
lookfantastic_7e7b05d373caaa,lookfantastic,Elizabeth Arden,Clé de Peau Beauté Brightening Serum Supreme 40ml,Clé de Peau Beauté,brand_mismatch,fix_brand,0.95,product_name starts with a different known brand token
lookfantastic_f827649ffa5d7f,lookfantastic,Embryolisse,Clé de Peau Beauté Hydro-Clarifying Essence Lotion 170ml,Clé de Peau Beauté,brand_mismatch,fix_brand,0.95,product_name starts with a different known brand token
lookfantastic_1658a34fa7eb59,lookfantastic,Estée Lauder,Clé de Peau Beauté Hydro-Softening Essence Lotion,Clé de Peau Beauté,brand_mismatch,fix_brand,0.95,product_name starts with a different known brand token
lookfantastic_7d86a4e18f3f33,lookfantastic,Estée Lauder,Clé de Peau Beauté Powder Puff,Clé de Peau Beauté,brand_mismatch,fix_brand,0.95,product_name starts with a different known brand token
lookfantastic_b22070898346a6,lookfantastic,Eve Lom,Clé de Peau Beauté Softening Cleansing Foam,Clé de Peau Beauté,brand_mismatch,fix_brand,0.95,product_name starts with a different known brand token
lookfantastic_0f2f7d109a5747,lookfantastic,GUERLAIN,Clé de Peau Beauté Advanced Protective Cream 50ml,Clé de Peau Beauté,brand_mismatch,fix_brand,0.95,product_name starts with a different known brand token
lookfantastic_040c69eb745ac2,lookfantastic,Kerastase,Clé De Peau Beauté Radiant Cushion Foundation Case,Clé de Peau Beauté,brand_mismatch,fix_brand,0.95,product_name starts with a different known brand token
lookfantastic_05919d7667f668,lookfantastic,Kerastase,Clé de Peau Beauté Cleansing Oil 200ml,Clé de Peau Beauté,brand_mismatch,fix_brand,0.95,product_name starts with a different known brand token
lookfantastic_b91aee043c1287,lookfantastic,Kerastase,Clé de Peau Beauté Cream Rouge Matte Lipstick 8ml (Various Shades) 111 Chocolate Cosmos,Clé de Peau Beauté,brand_mismatch,fix_brand,0.95,product_name starts with a different known brand token
lookfantastic_2709cef7aac909,lookfantastic,Kerastase,Clé de Peau Beauté Lipstick 4g (Various Shades),Clé de Peau Beauté,brand_mismatch,fix_brand,0.95,product_name starts with a different known brand token
lookfantastic_3a50bdea0eab59,lookfantastic,Kiehl's Since 1851,Clé de Peau Beauté Exclusive UV Protective Cream SPF 50 50ml,Clé de Peau Beauté,brand_mismatch,fix_brand,0.95,product_name starts with a different known brand token
lookfantastic_53d829f0f858b3,lookfantastic,MAC,Clé de Peau Beauté Exclusive Protective Lip Treatment SPF 30 4g,Clé de Peau Beauté,brand_mismatch,fix_brand,0.95,product_name starts with a different known brand token
lookfantastic_2cb89781cc86ed,lookfantastic,Moroccanoil,Clé de Peau Beauté Advanced Intensive Night Cream 50ml,Clé de Peau Beauté,brand_mismatch,fix_brand,0.95,product_name starts with a different known brand token
lookfantastic_ed351d8623afcb,lookfantastic,NARS,Clé de Peau Beauté Radiant Fluid Foundation Natural (Various Shades) B00,Clé de Peau Beauté,brand_mismatch,fix_brand,0.95,product_name starts with a different known brand token
lookfantastic_9b16209762013a,lookfantastic,NARS,Clé de Peau Beauté The Sponge,Clé de Peau Beauté,brand_mismatch,fix_brand,0.95,product_name starts with a different known brand token
lookfantastic_957b9de10ad3a6,lookfantastic,PIXI,Clé de Peau Beauté Skin-Refining Clay Scrub 90ml,Clé de Peau Beauté,brand_mismatch,fix_brand,0.95,product_name starts with a different known brand token
lookfantastic_46f2ec9c655c98,lookfantastic,PIXI,Clé de Peau Beauté Vitality-Enhancing Eye Mask Supreme,Clé de Peau Beauté,brand_mismatch,fix_brand,0.95,product_name starts with a different known brand token
lookfantastic_ec38798434f04f,lookfantastic,Shiseido,Clé de Peau Beauté Advanced Protective Cream - 50ml Refill,Clé de Peau Beauté,brand_mismatch,fix_brand,0.95,product_name starts with a different known brand token
lookfantastic_3c2b5a92fb3000,lookfantastic,The Ordinary,Clé de Peau Beauté Advanced Intensive Night Cream - Refill,Clé de Peau Beauté,brand_mismatch,fix_brand,0.95,product_name starts with a different known brand token
lookfantastic_901a375043bcec,lookfantastic,The Ordinary,Clé de Peau Beauté Precious Gold Vitality Serum 119ml,Clé de Peau Beauté,brand_mismatch,fix_brand,0.95,product_name starts with a different known brand token
lookfantastic_af87f727e5ef4b,lookfantastic,Vichy,Clé de Peau Beauté Intensive Night Emulsion 125ml,Clé de Peau Beauté,brand_mismatch,fix_brand,0.95,product_name starts with a different known brand token
lookfantastic_262f818a21c532,lookfantastic,lookfantastic Beauty Box,Clé de Peau Beauté x Look Fantastic The Radiance Discovery Set,Clé de Peau Beauté,brand_mismatch,fix_brand,0.95,product_name starts with a different known brand token
lookfantastic_e55090c877bad9,lookfantastic,Kate Somerville,Dr. Dennis Gross DermInfusions™ Lip Tints Beige Clear,Dr Dennis Gross,brand_mismatch,fix_brand,0.95,product_name starts with a different known brand token
lookfantastic_d857a013ee590e,lookfantastic,La Roche-Posay,Dr Dennis Gross Alpha Beta On The Spot Gel 30ml,Dr Dennis Gross,brand_mismatch,fix_brand,0.95,product_name starts with a different known brand token
lookfantastic_e235dc30221fcc,lookfantastic,MAKE UP FOR EVER,Dr. Dennis Gross DermInfusions™ Lip Tints Brown Clear,Dr Dennis Gross,brand_mismatch,fix_brand,0.95,product_name starts with a different known brand token
lookfantastic_ab8813239e0c7f,lookfantastic,Medik8,Dr Dennis Gross Vitamin C and Lactic 15% Vitamin C Firm and Bright Serum 30ml,Dr Dennis Gross,brand_mismatch,fix_brand,0.95,product_name starts with a different known brand token
lookfantastic_83f6d661395cd3,lookfantastic,Estée Lauder,Dr Dennis Gross Skincare Vitamin C Lactic Creamy Cleansing Oil 177ml,Dr. Dennis Gross Skincare,brand_mismatch,fix_brand,0.95,product_name starts with a different known brand token
lookfantastic_cefe155a4d1e4a,lookfantastic,NARS,Dr Dennis Gross Skincare Alpha Beta Extra Strength Daily Peel (Pack of 5),Dr. Dennis Gross Skincare,brand_mismatch,fix_brand,0.95,product_name starts with a different known brand token
lookfantastic_5dd6f3a3f0150b,lookfantastic,Regaine,Dr Dennis Gross Skincare DermInfusions Plump + Repair Lip Treatment 4ml Clear,Dr. Dennis Gross Skincare,brand_mismatch,fix_brand,0.95,product_name starts with a different known brand token
lookfantastic_70936bd29503e2,lookfantastic,The Ordinary,Dr Dennis Gross Skincare Hyaluronic Marine Hydration Booster 30ml,Dr. Dennis Gross Skincare,brand_mismatch,fix_brand,0.95,product_name starts with a different known brand token
lookfantastic_5165e25cddd40e,lookfantastic,Beauty Of Joseon,Numbuzin No.5 Vitamin Boosting Essential Toner 200ml,Numbuzin,brand_mismatch,fix_brand,0.95,product_name starts with a different known brand token
lookfantastic_d849a9af4b76ca,lookfantastic,Beauty of Joseon,Numbuzin No.3 Super Glowing Essence Toner 200ml,Numbuzin,brand_mismatch,fix_brand,0.95,product_name starts with a different known brand token
lookfantastic_de9a522b714c65,lookfantastic,Beauty of Joseon,Numbuzin No.9 NAD PDRN Glow Boosting Toner 150ml,Numbuzin,brand_mismatch,fix_brand,0.95,product_name starts with a different known brand token
lookfantastic_5ec879fbc7dfac,lookfantastic,Beauty of Joseon,Numbuzin No.9 NAD Retinol Volumetox Eye Cream 10ml,Numbuzin,brand_mismatch,fix_brand,0.95,product_name starts with a different known brand token
lookfantastic_c4a6f440d0c9fd,lookfantastic,COSRX,Numbuzin No.1 Centella Re-leaf Green Toner Pad 190ml (70 Pads),Numbuzin,brand_mismatch,fix_brand,0.95,product_name starts with a different known brand token
lookfantastic_f075ed016188c7,lookfantastic,Medik8,Numbuzin No.1 Pantothenic B5 Active Cream 80ml,Numbuzin,brand_mismatch,fix_brand,0.95,product_name starts with a different known brand token
lookfantastic_77e6be8fdf320b,lookfantastic,NYX Professional Makeup,Numbuzin No.3 Radiance Glowing Jumbo Essence Pad 150ml (70 Pads),Numbuzin,brand_mismatch,fix_brand,0.95,product_name starts with a different known brand token
lookfantastic_882ce8ce2b202b,lookfantastic,The Ordinary,Numbuzin No.1 Pantothenic B5 Active Soothing Serum 50ml,Numbuzin,brand_mismatch,fix_brand,0.95,product_name starts with a different known brand token
lookfantastic_f77fe5a0ed0731,lookfantastic,The Ordinary,Numbuzin No.3 Skin Softening Serum 50ml,Numbuzin,brand_mismatch,fix_brand,0.95,product_name starts with a different known brand token
lookfantastic_3e4f230ae12ade,lookfantastic,Vichy,Numbuzin No.5 Vitamin Serum 30ml,Numbuzin,brand_mismatch,fix_brand,0.95,product_name starts with a different known brand token
prod_oy_a000000165751,oliveyoung,넘버즈인,[1+1] 넘버즈인 2번 딥클린 생크림 클렌징폼 1+1 기획 (120ml+120ml),Numbuzin,brand_alias_candidate,add_brand_alias,0.90,known alias group: Numbuzin | 넘버즈인
prod_oy_a000000227244,oliveyoung,넘버즈인,[10ml 소용량] 넘버즈인 4번 세라 필 깐달걀 세럼 소용량 10ml (1ml*10개),Numbuzin,brand_alias_candidate,add_brand_alias,0.90,known alias group: Numbuzin | 넘버즈인
prod_oy_a000000205979,oliveyoung,넘버즈인,[10매] 넘버즈인 1번~5번 마스크팩 10매 기획 5종 중 택 1,Numbuzin,brand_alias_candidate,add_brand_alias,0.90,known alias group: Numbuzin | 넘버즈인
prod_oy_a000000160901,oliveyoung,넘버즈인,[1매] 넘버즈인 1번~5번 마스크팩 5종 중 택 1,Numbuzin,brand_alias_candidate,add_brand_alias,0.90,known alias group: Numbuzin | 넘버즈인
prod_oy_a000000166626,oliveyoung,넘버즈인,[1번팩2매추가증정/5매] 넘버즈인 1번~5번 마스크팩 5매 기획 5종 중 택 1,Numbuzin,brand_alias_candidate,add_brand_alias,0.90,known alias group: Numbuzin | 넘버즈인
prod_oy_a000000257072,oliveyoung,넘버즈인,[NEW/화잘먹] 넘버즈인 3번 매끈결 PHA 프렙 버블팩 90ml,Numbuzin,brand_alias_candidate,add_brand_alias,0.90,known alias group: Numbuzin | 넘버즈인
prod_oy_a000000227458,oliveyoung,넘버즈인,[NEW] 넘버즈인 2번 로즈 PDRN 콜라겐 플럼핑 세럼 30ml,Numbuzin,brand_alias_candidate,add_brand_alias,0.90,known alias group: Numbuzin | 넘버즈인
prod_oy_a000000216509,oliveyoung,넘버즈인,[대용량+추가증정] 넘버즈인 1번 판토텐산 액티브 수딩크림 130ml 기획 (+ 크림 15ml),Numbuzin,brand_alias_candidate,add_brand_alias,0.90,known alias group: Numbuzin | 넘버즈인
prod_oy_a000000216511,oliveyoung,넘버즈인,[대용량+크림증정] 넘버즈인 1번 판토텐산 수딩세럼 80ml 기획 (+크림 15ml),Numbuzin,brand_alias_candidate,add_brand_alias,0.90,known alias group: Numbuzin | 넘버즈인
prod_oy_a000000165797,oliveyoung,넘버즈인,[대용량/올영단독] 넘버즈인 1번 말끔 순삭 클렌징 오일 400ml 대용량,Numbuzin,brand_alias_candidate,add_brand_alias,0.90,known alias group: Numbuzin | 넘버즈인
prod_oy_a000000182630,oliveyoung,넘버즈인,"[대용량140매] 넘버즈인 토너패드 리필 기획(1번, 3번, 5번)",Numbuzin,brand_alias_candidate,add_brand_alias,0.90,known alias group: Numbuzin | 넘버즈인
prod_oy_a000000250980,oliveyoung,넘버즈인,[세럼클렌저] 넘버즈인 3번 보들보들 모공결 클렌징 오일 200ml,Numbuzin,brand_alias_candidate,add_brand_alias,0.90,known alias group: Numbuzin | 넘버즈인
prod_oy_a000000204306,oliveyoung,넘버즈인,[수딩진정] 넘버즈인 1번 판토텐산 액티브업 수딩세럼 50ml,Numbuzin,brand_alias_candidate,add_brand_alias,0.90,known alias group: Numbuzin | 넘버즈인
prod_oy_a000000207225,oliveyoung,넘버즈인,[수분진정] 넘버즈인 1번 판토텐산 액티브업 수딩세럼 50ml 리필기획 (50ml+50ml),Numbuzin,brand_alias_candidate,add_brand_alias,0.90,known alias group: Numbuzin | 넘버즈인
prod_oy_a000000229151,oliveyoung,넘버즈인,[수분진정][올영단독]넘버즈인 1번 판토텐산 액티브 수딩크림 80ml 1+1 기획,Numbuzin,brand_alias_candidate,add_brand_alias,0.90,known alias group: Numbuzin | 넘버즈인
prod_oy_a000000177758,oliveyoung,넘버즈인,"[추가증정] 넘버즈인 토너패드 증정 기획 중 택 1(1번, 3번, 5번)",Numbuzin,brand_alias_candidate,add_brand_alias,0.90,known alias group: Numbuzin | 넘버즈인
prod_oy_a000000187674,oliveyoung,넘버즈인,[쿨링진정] 넘버즈인 1번 청초 진정맑은 물막선크림 50ml (SPF50+ PA++++),Numbuzin,brand_alias_candidate,add_brand_alias,0.90,known alias group: Numbuzin | 넘버즈인
prod_oy_a000000184352,oliveyoung,넘버즈인,[쿨링진정] 넘버즈인 1번 청초 진정맑은 물막선크림 듀오 기획 (SPF50+PA++++),Numbuzin,brand_alias_candidate,add_brand_alias,0.90,known alias group: Numbuzin | 넘버즈인
prod_oy_a000000190395,oliveyoung,넘버즈인,[쿨링진정]넘버즈인 1번 진정 맑게담은 청초토너 300ml 리필기획(+300ml 증정),Numbuzin,brand_alias_candidate,add_brand_alias,0.90,known alias group: Numbuzin | 넘버즈인
prod_oy_a000000258047,oliveyoung,넘버즈인,[탄력광채] 넘버즈인 9번 나드 바이오 리프팅 원액 에센스 50ml,Numbuzin,brand_alias_candidate,add_brand_alias,0.90,known alias group: Numbuzin | 넘버즈인
prod_oy_a000000254664,oliveyoung,넘버즈인,[탄력붓기] 넘버즈인 9번 NAD 바이오 리프팅 풀페이스팩 1매,Numbuzin,brand_alias_candidate,add_brand_alias,0.90,known alias group: Numbuzin | 넘버즈인
prod_oy_a000000254665,oliveyoung,넘버즈인,[탄력붓기] 넘버즈인 9번 NAD 바이오 리프팅 풀페이스팩 4매 기획 (+땡김이원단),Numbuzin,brand_alias_candidate,add_brand_alias,0.90,known alias group: Numbuzin | 넘버즈인
prod_oy_a000000250767,oliveyoung,넘버즈인,[파데프리] 넘버즈인 3번 도자기결 톤업베이지 선크림 50ml 기획 2종 (블러/글로우),Numbuzin,brand_alias_candidate,add_brand_alias,0.90,known alias group: Numbuzin | 넘버즈인
prod_oy_a000000257097,oliveyoung,넘버즈인,[파데프리] 넘버즈인 3번 도자기결 톤업베이지 선크림 50ml 더블기획 2종 (블러/글로우),Numbuzin,brand_alias_candidate,add_brand_alias,0.90,known alias group: Numbuzin | 넘버즈인
prod_oy_a000000250772,oliveyoung,넘버즈인,[화잘먹] 넘버즈인 3번 모공제로 화잘먹 패드 70매 기획 (+패드 6매+마스크팩 1매),Numbuzin,brand_alias_candidate,add_brand_alias,0.90,known alias group: Numbuzin | 넘버즈인
prod_oy_a000000250773,oliveyoung,넘버즈인,[화잘먹] 넘버즈인 3번 보들보들 모공결 세럼 30ml 더블 기획,Numbuzin,brand_alias_candidate,add_brand_alias,0.90,known alias group: Numbuzin | 넘버즈인
prod_oy_a000000250711,oliveyoung,넘버즈인,[화잘먹] 넘버즈인 3번 보들보들 퍼스트 결부스팅 토너 200ml 기획 (+50ml),Numbuzin,brand_alias_candidate,add_brand_alias,0.90,known alias group: Numbuzin | 넘버즈인
prod_oy_a000000189837,oliveyoung,넘버즈인,[흔적미백] 넘버즈인 5번 글루타치온C 흔적 앰플 30ml+30ml 듀오기획,Numbuzin,brand_alias_candidate,add_brand_alias,0.90,known alias group: Numbuzin | 넘버즈인
prod_oy_a000000200039,oliveyoung,넘버즈인,[흔적미백] 넘버즈인 5번 글루타치온씨 비타수액 에센셜 토너 200ml,Numbuzin,brand_alias_candidate,add_brand_alias,0.90,known alias group: Numbuzin | 넘버즈인
prod_oy_a000000211164,oliveyoung,넘버즈인,[흔적미백] 넘버즈인 5번 글루타치온씨 비타수액 에센셜 토너 200ml 리필 기획(+200ml 리필),Numbuzin,brand_alias_candidate,add_brand_alias,0.90,known alias group: Numbuzin | 넘버즈인
prod_oy_a000000228221,oliveyoung,넘버즈인,넘버즈인 2번 로즈 PDRN 콜라겐 랩핑 오버나잇 필름팩 1매,Numbuzin,brand_alias_candidate,add_brand_alias,0.90,known alias group: Numbuzin | 넘버즈인
prod_oy_a000000228222,oliveyoung,넘버즈인,넘버즈인 2번 로즈 PDRN 콜라겐 랩핑 오버나잇 필름팩 4매,Numbuzin,brand_alias_candidate,add_brand_alias,0.90,known alias group: Numbuzin | 넘버즈인
prod_oy_a000000227239,oliveyoung,넘버즈인,넘버즈인 2번 로즈 PDRN 콜라겐 플럼핑 세럼 소용량 듀오 10ml (마일드 1ml*5개+인텐시브 1ml*5개),Numbuzin,brand_alias_candidate,add_brand_alias,0.90,known alias group: Numbuzin | 넘버즈인
prod_oy_a000000230934,oliveyoung,넘버즈인,넘버즈인 2번 로즈 PDRN 콜라겐 플럼핑 세럼 투엑스 30ml,Numbuzin,brand_alias_candidate,add_brand_alias,0.90,known alias group: Numbuzin | 넘버즈인
prod_oy_a000000257096,oliveyoung,넘버즈인,넘버즈인 3번 보들보들 모공결 세럼 30ml,Numbuzin,brand_alias_candidate,add_brand_alias,0.90,known alias group: Numbuzin | 넘버즈인
prod_oy_a000000210600,oliveyoung,넘버즈인,넘버즈인 5번 글루타치온씨 흔적 토닝 레이저 크림 50ml,Numbuzin,brand_alias_candidate,add_brand_alias,0.90,known alias group: Numbuzin | 넘버즈인
sephora_d7c61766a8aac4,sephora,Dr. Dennis Gross Skincare,Advanced Retinol + Ferulic Intense Wrinkle Cream,Dr Dennis Gross,brand_alias_candidate,add_brand_alias,0.90,known alias group: Dr Dennis Gross | Dr. Dennis Gross Skincare
sephora_4124e975d3ff1c,sephora,Dr. Dennis Gross Skincare,Advanced Retinol + Ferulic Overnight Wrinkle Treatment,Dr Dennis Gross,brand_alias_candidate,add_brand_alias,0.90,known alias group: Dr Dennis Gross | Dr. Dennis Gross Skincare
sephora_ecff4846960196,sephora,Dr. Dennis Gross Skincare,Advanced Retinol + Ferulic Texture Renewal Serum,Dr Dennis Gross,brand_alias_candidate,add_brand_alias,0.90,known alias group: Dr Dennis Gross | Dr. Dennis Gross Skincare
sephora_0b218b4e9994a6,sephora,Dr. Dennis Gross Skincare,Advanced Retinol + Ferulic Triple Correction Eye Serum,Dr Dennis Gross,brand_alias_candidate,add_brand_alias,0.90,known alias group: Dr Dennis Gross | Dr. Dennis Gross Skincare
sephora_4dabf8ecca5a9e,sephora,Dr. Dennis Gross Skincare,All-Physical Lightweight Wrinkle Defense Broad Spectrum Sunscreen SPF 30,Dr Dennis Gross,brand_alias_candidate,add_brand_alias,0.90,known alias group: Dr Dennis Gross | Dr. Dennis Gross Skincare
sephora_0415191051525a,sephora,Dr. Dennis Gross Skincare,All-Physical Ultimate Defense Broad Spectrum Sunscreen SPF 50 PA++++,Dr Dennis Gross,brand_alias_candidate,add_brand_alias,0.90,known alias group: Dr Dennis Gross | Dr. Dennis Gross Skincare
sephora_061759d8c66413,sephora,Dr. Dennis Gross Skincare,Alpha Beta pH Balance Replenishing Cream,Dr Dennis Gross,brand_alias_candidate,add_brand_alias,0.90,known alias group: Dr Dennis Gross | Dr. Dennis Gross Skincare
sephora_970b59996f89c1,sephora,Dr. Dennis Gross Skincare,Alpha Beta(R) Ultra Gentle Daily Peel Pads for Sensitive Skin,Dr Dennis Gross,brand_alias_candidate,add_brand_alias,0.90,known alias group: Dr Dennis Gross | Dr. Dennis Gross Skincare
sephora_d21aeef1279b10,sephora,Dr. Dennis Gross Skincare,Alpha Beta(R) Universal Daily Peel Pads,Dr Dennis Gross,brand_alias_candidate,add_brand_alias,0.90,known alias group: Dr Dennis Gross | Dr. Dennis Gross Skincare
sephora_557f58f813ee20,sephora,Dr. Dennis Gross Skincare,Alpha Beta® 2% BHA + Breakout Solution,Dr Dennis Gross,brand_alias_candidate,add_brand_alias,0.90,known alias group: Dr Dennis Gross | Dr. Dennis Gross Skincare
sephora_6e23cc7e6ec96f,sephora,Dr. Dennis Gross Skincare,Alpha Beta® AHA/BHA Daily Cleansing Gel,Dr Dennis Gross,brand_alias_candidate,add_brand_alias,0.90,known alias group: Dr Dennis Gross | Dr. Dennis Gross Skincare
sephora_316aba4ceba376,sephora,Dr. Dennis Gross Skincare,Alpha Beta® Extra Strength Daily Peel Pads,Dr Dennis Gross,brand_alias_candidate,add_brand_alias,0.90,known alias group: Dr Dennis Gross | Dr. Dennis Gross Skincare
sephora_e2f97ed3c2b3ce,sephora,Dr. Dennis Gross Skincare,Alpha Beta® Glow Pad™ Self-Tanner for Body,Dr Dennis Gross,brand_alias_candidate,add_brand_alias,0.90,known alias group: Dr Dennis Gross | Dr. Dennis Gross Skincare
sephora_bf12a84263b02c,sephora,Dr. Dennis Gross Skincare,Alpha Beta® On The Spot Eliminator 2% Salicylic Acid Acne Treatment Gel,Dr Dennis Gross,brand_alias_candidate,add_brand_alias,0.90,known alias group: Dr Dennis Gross | Dr. Dennis Gross Skincare
sephora_53434a52314e9a,sephora,Dr. Dennis Gross Skincare,DermInfusions Fill + Repair Eye Cream,Dr Dennis Gross,brand_alias_candidate,add_brand_alias,0.90,known alias group: Dr Dennis Gross | Dr. Dennis Gross Skincare
sephora_fbfbbb55a9f242,sephora,Dr. Dennis Gross Skincare,DermInfusions™ Blur + Repair Cream with Hyaluronic Acid and Peptides,Dr Dennis Gross,brand_alias_candidate,add_brand_alias,0.90,known alias group: Dr Dennis Gross | Dr. Dennis Gross Skincare
sephora_8a5b82d38eadb4,sephora,Dr. Dennis Gross Skincare,DermInfusions™ Fill + Repair Serum with Hyaluronic Acid,Dr Dennis Gross,brand_alias_candidate,add_brand_alias,0.90,known alias group: Dr Dennis Gross | Dr. Dennis Gross Skincare
sephora_7c0349f3c9db5d,sephora,Dr. Dennis Gross Skincare,DermInfusions™ Lift + Repair Eye Mask,Dr Dennis Gross,brand_alias_candidate,add_brand_alias,0.90,known alias group: Dr Dennis Gross | Dr. Dennis Gross Skincare
sephora_b6ca0ffce51d61,sephora,Dr. Dennis Gross Skincare,DermInfusions™ Plump + Repair Tinted Lip Treatment with Hyaluronic Acid - Pink - pale pink with subtle shimmer,Dr Dennis Gross,brand_alias_candidate,add_brand_alias,0.90,known alias group: Dr Dennis Gross | Dr. Dennis Gross Skincare
sephora_595314156aa899,sephora,Dr. Dennis Gross Skincare,Extra Strength Brightening Peel Kit,Dr Dennis Gross,brand_alias_candidate,add_brand_alias,0.90,known alias group: Dr Dennis Gross | Dr. Dennis Gross Skincare
sephora_a09febfe349521,sephora,Dr. Dennis Gross Skincare,"FaceWare Pro Bundle: Boost Collagen, Smooth and Plump",Dr Dennis Gross,brand_alias_candidate,add_brand_alias,0.90,known alias group: Dr Dennis Gross | Dr. Dennis Gross Skincare
sephora_871d60cca18df3,sephora,Dr. Dennis Gross Skincare,Mini Alpha Beta(R) Extra Strength Daily Peel Pads,Dr Dennis Gross,brand_alias_candidate,add_brand_alias,0.90,known alias group: Dr Dennis Gross | Dr. Dennis Gross Skincare
sephora_925d46a247c6c9,sephora,Dr. Dennis Gross Skincare,Mini Alpha Beta(R) Ultra Gentle Daily Peel Pads for Sensitive Skin,Dr Dennis Gross,brand_alias_candidate,add_brand_alias,0.90,known alias group: Dr Dennis Gross | Dr. Dennis Gross Skincare
sephora_9491c4f0b0cdc6,sephora,Dr. Dennis Gross Skincare,Mini Alpha Beta(R) Universal Daily Peel Pads,Dr Dennis Gross,brand_alias_candidate,add_brand_alias,0.90,known alias group: Dr Dennis Gross | Dr. Dennis Gross Skincare
sephora_36620fc6ce8d50,sephora,Dr. Dennis Gross Skincare,Mini Alpha Beta® AHA/BHA Daily Cleansing Gel,Dr Dennis Gross,brand_alias_candidate,add_brand_alias,0.90,known alias group: Dr Dennis Gross | Dr. Dennis Gross Skincare
sephora_d830f31e0ce519,sephora,Dr. Dennis Gross Skincare,Mini DermInfusions™ Blur + Repair Cream with Hyaluronic Acid and Peptides,Dr Dennis Gross,brand_alias_candidate,add_brand_alias,0.90,known alias group: Dr Dennis Gross | Dr. Dennis Gross Skincare
sephora_c93c2c3f240f42,sephora,Dr. Dennis Gross Skincare,Mini DermInfusions™ Plump + Repair Lip Treatment with Hyaluronic Acid,Dr Dennis Gross,brand_alias_candidate,add_brand_alias,0.90,known alias group: Dr Dennis Gross | Dr. Dennis Gross Skincare
sephora_2e195f2337acec,sephora,Dr. Dennis Gross Skincare,Vitamin C Lactic 15% Firm & Bright Serum,Dr Dennis Gross,brand_alias_candidate,add_brand_alias,0.90,known alias group: Dr Dennis Gross | Dr. Dennis Gross Skincare
sephora_877ceebd6d8cd1,sephora,Dr. Dennis Gross Skincare,Vitamin C Lactic Biocellulose Brightening Treatment Mask,Dr Dennis Gross,brand_alias_candidate,add_brand_alias,0.90,known alias group: Dr Dennis Gross | Dr. Dennis Gross Skincare
sephora_aa409bf8e983c5,sephora,Dr. Dennis Gross Skincare,Vitamin C Lactic Creamy Cleansing Oil,Dr Dennis Gross,brand_alias_candidate,add_brand_alias,0.90,known alias group: Dr Dennis Gross | Dr. Dennis Gross Skincare
sephora_80750a2a12c732,sephora,Dr. Dennis Gross Skincare,Vitamin C Lactic Dewy Deep Cream,Dr Dennis Gross,brand_alias_candidate,add_brand_alias,0.90,known alias group: Dr Dennis Gross | Dr. Dennis Gross Skincare
sephora_af979116c9513f,sephora,Dr. Dennis Gross Skincare,Vitamin C Lactic Firm & Bright Eye Treatment,Dr Dennis Gross,brand_alias_candidate,add_brand_alias,0.90,known alias group: Dr Dennis Gross | Dr. Dennis Gross Skincare
cultbeauty_2b136d07a249bc,cultbeauty,Anastasia Beverly Hills,Impeccable Blurring Matte Setting Spray,,needs_manual_review,manual_review,0.55,same product_name appears under multiple brands; brands=Anastasia Beverly Hills; HUDA BEAUTY
cultbeauty_c6edd36f6759ce,cultbeauty,CeraVe,Acqua Di Parma Buongiorno Hand & Body Lotion 300ml,,needs_manual_review,manual_review,0.55,same product_name appears under multiple brands; brands=CeraVe; L'Oréal Paris
cultbeauty_ef1571bd68b358,cultbeauty,HUDA BEAUTY,Impeccable Blurring Matte Setting Spray,,needs_manual_review,manual_review,0.55,same product_name appears under multiple brands; brands=Anastasia Beverly Hills; HUDA BEAUTY
cultbeauty_320b40954e6006,cultbeauty,Kiehl's Since 1851,Kiehl's Midnight Recovery Concentrate (Various Sizes),,needs_manual_review,manual_review,0.55,same product_name appears under multiple brands; brands=Estée Lauder; Kiehl's Since 1851
cultbeauty_62219218565897,cultbeauty,Kiehl's Since 1851,Kiehl's Truly Targeted Blemish-Clearing Solution 15ml,,needs_manual_review,manual_review,0.55,same product_name appears under multiple brands; brands=Kiehl's Since 1851; The Ordinary
cultbeauty_59d694e0ddea02,cultbeauty,La Roche-Posay,The Lip Balm,,needs_manual_review,manual_review,0.55,same product_name appears under multiple brands; brands=Augustinus Bader; La Roche-Posay
cultbeauty_fc40f846263e43,cultbeauty,Medik8,High Potency Triple Retinol Renewal Serum,,needs_manual_review,manual_review,0.55,same product_name appears under multiple brands; brands=Medik8; Perricone MD
cultbeauty_b1de5c0294e59f,cultbeauty,Medik8,Kiehl's Powerful-Strength Line-Reducing and Dark Circle-Diminishing Vitamin C Eye Serum 15ml,,needs_manual_review,manual_review,0.55,same product_name appears under multiple brands; brands=Kiehl's Since 1851; Medik8
cultbeauty_d706d54b5b25a9,cultbeauty,NARS,Kiehl's Ultra Barrier Cleanser 150ml,,needs_manual_review,manual_review,0.55,same product_name appears under multiple brands; brands=Kiehl's Since 1851; NARS
cultbeauty_5baf5d097ff718,cultbeauty,NYX Professional Makeup,NYX Professional Make Duck Plump Plumping Lip Liner (Various Shades) Swollen Spice,,needs_manual_review,manual_review,0.55,same product_name appears under multiple brands; brands=MAC; NYX Professional Makeup
cultbeauty_a7ec6c85a52b3d,cultbeauty,Pat McGrath Labs,Skin Fetish: Sublime Perfection Longwear Blurring Setting Spray,,needs_manual_review,manual_review,0.55,same product_name appears under multiple brands; brands=PAT McGRATH LABS; Pat McGrath Labs
cultbeauty_1ae92a0017ffda,cultbeauty,Paula's Choice,Kiehl's Calendula Petal-Infused Calming Masque 100ml,,needs_manual_review,manual_review,0.55,same product_name appears under multiple brands; brands=Kiehl's Since 1851; Paula's Choice
cultbeauty_6da6c17aa0d496,cultbeauty,Paula's Choice,Kiehl's Gently-Effective Blemish Treating Cleansing Paste 125ml,,needs_manual_review,manual_review,0.55,same product_name appears under multiple brands; brands=Kiehl's Since 1851; Paula's Choice
cultbeauty_2baa073a30aee9,cultbeauty,Paula's Choice,Kiehl's Powerful-Strength Line-Reducing Concentrate (Various Sizes),,needs_manual_review,manual_review,0.55,same product_name appears under multiple brands; brands=Kiehl's Since 1851; Paula's Choice
cultbeauty_6bb088b34379ac,cultbeauty,Paula's Choice,Kiehl's Retinol Skin-Renewing Daily Micro-Dose Serum (Various Sizes),,needs_manual_review,manual_review,0.55,same product_name appears under multiple brands; brands=Medik8; Paula's Choice
cultbeauty_9c069ba3ecddf6,cultbeauty,Paula's Choice,Kiehl's Ultra Facial Cream (Various Sizes),,needs_manual_review,manual_review,0.55,same product_name appears under multiple brands; brands=Kiehl's Since 1851; Paula's Choice
cultbeauty_a1a863fa971d66,cultbeauty,Rejuvenated Ltd,Vida Glow Pro Collagen+ Powder 20g,,needs_manual_review,manual_review,0.55,same product_name appears under multiple brands; brands=Kiehl's Since 1851; Rejuvenated Ltd
cultbeauty_cef01618457f78,cultbeauty,The Ordinary,RevitaBrow Advanced Eyebrow Serum 1.5ml (2 Month Supply),,needs_manual_review,manual_review,0.55,same product_name appears under multiple brands; brands=RapidLash; The Ordinary
cultbeauty_1552813eba61c1,cultbeauty,The Ordinary,RevitaBrow Advanced Eyebrow Serum 3ml (4 Month Supply),,needs_manual_review,manual_review,0.55,same product_name appears under multiple brands; brands=RapidLash; The Ordinary
cultbeauty_3eaac8385332e1,cultbeauty,Biossance,AMELIORATE Illuminating Glow Transforming Body Lotion 300ml,AMELIORATE,needs_manual_review,manual_review,0.55,same product_name appears under multiple brands; brands=AMELIORATE; Biossance
cultbeauty_2f322d41367129,cultbeauty,Color Wow,AMELIORATE Soothing Conditioner 300ml,AMELIORATE,needs_manual_review,manual_review,0.55,same product_name appears under multiple brands; brands=Color Wow; L'Oréal Professionnel
cultbeauty_f851b7e507922b,cultbeauty,Hourglass,AMELIORATE Clarifying Facial Cream 100ml,AMELIORATE,needs_manual_review,manual_review,0.55,same product_name appears under multiple brands; brands=Hourglass; The Ordinary
cultbeauty_e0a37f53a9e9ed,cultbeauty,LANEIGE,AMELIORATE Transforming Facial Cream 100ml,AMELIORATE,needs_manual_review,manual_review,0.55,same product_name appears under multiple brands; brands=LANEIGE; La Roche-Posay
cultbeauty_a42406c4aebc78,cultbeauty,Medik8,AMELIORATE Clarifying Facial Cleanser 200ml,AMELIORATE,needs_manual_review,manual_review,0.55,same product_name appears under multiple brands; brands=CeraVe; Medik8
cultbeauty_93eda367808a00,cultbeauty,Medik8,AMELIORATE Transforming Facial Cleanser 195ml,AMELIORATE,needs_manual_review,manual_review,0.55,same product_name appears under multiple brands; brands=CeraVe; Medik8
cultbeauty_8482a7ef0c1a4d,cultbeauty,OUAI,AMELIORATE Soothing Shampoo 300ml,AMELIORATE,needs_manual_review,manual_review,0.55,same product_name appears under multiple brands; brands=OUAI; Vichy
cultbeauty_5a0ed076461faa,cultbeauty,PATRICK TA,AMELIORATE Clarifying Body Wash 250ml,AMELIORATE,needs_manual_review,manual_review,0.55,same product_name appears under multiple brands; brands=PATRICK TA; Sol de Janeiro
cultbeauty_1bda7c0197fb07,cultbeauty,PATRICK TA,AMELIORATE Clarifying Face and Body Mask 100ml,AMELIORATE,needs_manual_review,manual_review,0.55,same product_name appears under multiple brands; brands=AMELIORATE; PATRICK TA
cultbeauty_923cd92271ecb6,cultbeauty,PATRICK TA,AMELIORATE Soothing Scalp Essence 100ml,AMELIORATE,needs_manual_review,manual_review,0.55,same product_name appears under multiple brands; brands=AMELIORATE; PATRICK TA; Philip Kingsley
cultbeauty_e3c6bf85573949,cultbeauty,PATRICK TA,AMELIORATE Transforming Body Lotion LIMITED EDITION Tropical 300ml,AMELIORATE,needs_manual_review,manual_review,0.55,same product_name appears under multiple brands; brands=AMELIORATE; PATRICK TA
cultbeauty_36e145cd7613c0,cultbeauty,PATRICK TA,AMELIORATE Transforming Body Wash LIMITED EDITION Tropical 300ml,AMELIORATE,needs_manual_review,manual_review,0.55,same product_name appears under multiple brands; brands=Acnecide; PATRICK TA
cultbeauty_cd3c1fdcd92a88,cultbeauty,Patchology,AMELIORATE Transforming Foot Therapy 100ml,AMELIORATE,needs_manual_review,manual_review,0.55,same product_name appears under multiple brands; brands=Patchology; Weleda
cultbeauty_7580229c257811,cultbeauty,Paula's Choice,AMELIORATE Clarifying Facial Toner 200ml,AMELIORATE,needs_manual_review,manual_review,0.55,same product_name appears under multiple brands; brands=La Roche-Posay; Paula's Choice
cultbeauty_66b1323fcf4d1d,cultbeauty,Paula's Choice,AMELIORATE Transforming Facial Concentrate Toner 200ml,AMELIORATE,needs_manual_review,manual_review,0.55,same product_name appears under multiple brands; brands=Paula's Choice; The Ordinary
cultbeauty_2a4b6c23ee5fe9,cultbeauty,The INKEY List,AMELIORATE Soothing Scalp Exfoliant 125ml,AMELIORATE,needs_manual_review,manual_review,0.55,same product_name appears under multiple brands; brands=AMELIORATE; The INKEY List
cultbeauty_e4168668179750,cultbeauty,VIEVE,AMELIORATE Transforming Body Wash 300ml,AMELIORATE,needs_manual_review,manual_review,0.55,same product_name appears under multiple brands; brands=VIEVE; Vichy
cultbeauty_1c18faf5685fa8,cultbeauty,BYOMA,Anua Rice 70 Glow Milky Toner 250ml,ANUA,needs_manual_review,manual_review,0.55,same product_name appears under multiple brands; brands=BYOMA; Beauty Of Joseon
cultbeauty_19d8ca565df754,cultbeauty,Beauty Of Joseon,Anua Heartleaf 77% Soothing Toner 250ml,ANUA,needs_manual_review,manual_review,0.55,same product_name appears under multiple brands; brands=Beauty Of Joseon; Beauty of Joseon
cultbeauty_032bcaea135453,cultbeauty,Beauty of Joseon,Anua Heartleaf 70 Soothing Collagen Mask (4 Sheets) 38g,ANUA,needs_manual_review,manual_review,0.55,same product_name appears under multiple brands; brands=Anua; Beauty of Joseon
cultbeauty_1be7b461793122,cultbeauty,Beauty of Joseon,Anua SPF 50 Silky Moisture Sun Cream 50ml,ANUA,needs_manual_review,manual_review,0.55,same product_name appears under multiple brands; brands=Beauty of Joseon; Rimmel
cultbeauty_b65b9fbb58a777,cultbeauty,Beauty of Joseon,Anua Zero-Cast Moisturising Finish Sunscreen 50ml,ANUA,needs_manual_review,manual_review,0.55,same product_name appears under multiple brands; brands=Anua; Beauty of Joseon
cultbeauty_97dd8ffd075a7f,cultbeauty,MAKE UP FOR EVER,Anua KPop Demon Hunters NIACINAMIDE Niacinamide TXA Serum Mask (10PCS),ANUA,needs_manual_review,manual_review,0.55,same product_name appears under multiple brands; brands=Anua; MAKE UP FOR EVER
cultbeauty_745b61a934d1c5,cultbeauty,PATRICK TA,Anua KPop Demon Hunters Ultra-Thin Spot Cover Patch 55EA,ANUA,needs_manual_review,manual_review,0.55,same product_name appears under multiple brands; brands=Anua; PATRICK TA
cultbeauty_d31fd88b76f302,cultbeauty,PIXI,Anua Rice 70 Glow Collagen Mask (4 Sheets) 38g,ANUA,needs_manual_review,manual_review,0.55,same product_name appears under multiple brands; brands=Anua; PIXI
cultbeauty_14976cb82caf5c,cultbeauty,Paula's Choice,Anua Azelaic Acid 10 Hyaluron Redness Soothing Serum 30ml,ANUA,needs_manual_review,manual_review,0.55,same product_name appears under multiple brands; brands=Beauty of Joseon; Paula's Choice
cultbeauty_dbf2270c5e22f9,cultbeauty,The Ordinary,Anua KPop Demon Hunters Azelaic Acid Hyaluron Redness Soothing Serum Mask (10PCS),ANUA,needs_manual_review,manual_review,0.55,same product_name appears under multiple brands; brands=Anua; The Ordinary
cultbeauty_0ff95f9ac355cc,cultbeauty,Color Wow,Act+Acre Cold Processed Moisture Balancing Hair Conditioner (Various Sizes),Act+Acre,needs_manual_review,manual_review,0.55,same product_name appears under multiple brands; brands=Act+Acre; Color Wow
cultbeauty_80c2ecfac40480,cultbeauty,OUAI,Act+ Acre Clarifying Hard Water Scalp + Hair Treatment 10oz,Act+Acre,needs_manual_review,manual_review,0.55,same product_name appears under multiple brands; brands=Act+Acre; OUAI
cultbeauty_0c3191950f9b34,cultbeauty,OUAI,Act+ Acre Clarifying Hard Water Shampoo 10oz,Act+Acre,needs_manual_review,manual_review,0.55,same product_name appears under multiple brands; brands=Act+Acre; OUAI
cultbeauty_449b5db9175040,cultbeauty,Odacité,Act+Acre Scalp Gua Sha,Act+Acre,needs_manual_review,manual_review,0.55,same product_name appears under multiple brands; brands=Act+Acre; Odacité
cultbeauty_92a5d653c30a7f,cultbeauty,Summer Fridays,Act+Acre Microfiber Hair Towel,Act+Acre,needs_manual_review,manual_review,0.55,same product_name appears under multiple brands; brands=Act+Acre; Summer Fridays
cultbeauty_04957c39fe6260,cultbeauty,The Ordinary,Act+Acre 3% Stem Cell Peptide H3-Grow+ Complex Scalp Treatment For Hair Thinning and Growth 89ml,Act+Acre,needs_manual_review,manual_review,0.55,same product_name appears under multiple brands; brands=Act+Acre; The Ordinary
cultbeauty_c2b9e070b0e7b7,cultbeauty,HUDA BEAUTY,Aesop Geranium Leaf Body Cleanser 100ml,Aesop,needs_manual_review,manual_review,0.55,same product_name appears under multiple brands; brands=Aesop; HUDA BEAUTY
cultbeauty_7ca913a1819e27,cultbeauty,Kiehl's Since 1851,Aesop Exalted Eye Serum 15ml,Aesop,needs_manual_review,manual_review,0.55,same product_name appears under multiple brands; brands=Aesop; Kiehl's Since 1851
cultbeauty_4558c514d14d43,cultbeauty,PATRICK TA,Allies of Skin Copper Tripeptide & Ectoin Advanced Repair Serum 50ml,Allies of Skin,needs_manual_review,manual_review,0.55,same product_name appears under multiple brands; brands=Allies of Skin; PATRICK TA
cultbeauty_3f24aabd9adfb3,cultbeauty,Paula's Choice,Allies of Skin Azelaic and Kojic Advanced Clarifying Serum 30ml,Allies of Skin,needs_manual_review,manual_review,0.55,same product_name appears under multiple brands; brands=Allies of Skin; Paula's Choice; lookfantastic Beauty Box
cultbeauty_058d1c81b1f9b6,cultbeauty,BYOMA,Alpha-H High Tide Water Cream 50ml,Alpha-H,needs_manual_review,manual_review,0.55,same product_name appears under multiple brands; brands=Alpha-H; BYOMA
cultbeauty_07c955eb50b669,cultbeauty,Medik8,Alpha-H Liquid Gold Exfoliating Treatment with 5% Glycolic Acid and Vitamin C 100ml,Alpha-H,needs_manual_review,manual_review,0.55,same product_name appears under multiple brands; brands=Alpha-H; Medik8
cultbeauty_122e98d7c47d7e,cultbeauty,Medik8,Alpha-H Triple Action Cleanser with Thyme 185ml,Alpha-H,needs_manual_review,manual_review,0.55,same product_name appears under multiple brands; brands=Alpha-H; Medik8
cultbeauty_fcc43f23902185,cultbeauty,Medik8,Alpha-H Vitamin A Serum with 0.3% Retinol + 1% Bio-Retinoid 25ml,Alpha-H,needs_manual_review,manual_review,0.55,same product_name appears under multiple brands; brands=Alpha-H; Medik8
cultbeauty_8841a6c804801c,cultbeauty,Medik8,Alpha-H Vitamin C Serum with 10% Ethyl Ascorbic Acid 25ml,Alpha-H,needs_manual_review,manual_review,0.55,same product_name appears under multiple brands; brands=Alpha-H; Medik8
cultbeauty_c34504a7465f1b,cultbeauty,PATRICK TA,Alpha-H Hyaluronic 8 Super Serum With Primalhyal Ultrafiller + Ectoin 25ml,Alpha-H,needs_manual_review,manual_review,0.55,same product_name appears under multiple brands; brands=Alpha-H; PATRICK TA
cultbeauty_b6a03afa483102,cultbeauty,Paula's Choice,"Alpha-H Daily Dose Multivitamin Body Serum with Niacinamide, Vitamin C + Hyaluronic Acid 150ml",Alpha-H,needs_manual_review,manual_review,0.55,same product_name appears under multiple brands; brands=Alpha-H; Paula's Choice; bareMinerals
cultbeauty_f8c4a8908f295c,cultbeauty,Paula's Choice,Alpha-H Firming Peptide Body Oil with Hexapeptide-8 100ml,Alpha-H,needs_manual_review,manual_review,0.55,same product_name appears under multiple brands; brands=Alpha-H; Aveeno; Paula's Choice
cultbeauty_ad8434693e8598,cultbeauty,Paula's Choice,Alpha-H Retinol Reboot Exfoliating Body Treatment with 8% Glycolic Acid 2% Lactic Acid + 1% Encapsuladed Retinol,Alpha-H,needs_manual_review,manual_review,0.55,same product_name appears under multiple brands; brands=Alpha-H; Paula's Choice
cultbeauty_6d1459fe45ca48,cultbeauty,Paula's Choice,Alpha-H Vitamin E Serum with 1% Ceramide Complex 25ml,Alpha-H,needs_manual_review,manual_review,0.55,same product_name appears under multiple brands; brands=Alpha-H; Paula's Choice
cultbeauty_b263a865480985,cultbeauty,Philip Kingsley,Alpha-H Healthy Scalp Exfoliating Treatment with Australian Desert Lime 100ml,Alpha-H,needs_manual_review,manual_review,0.55,same product_name appears under multiple brands; brands=Alpha-H; Philip Kingsley
cultbeauty_aedf9ae0bba1fb,cultbeauty,The Ordinary,Alpha-H Liquid Gold Exfoliating Treatment with 5% Glycolic Acid 100ml,Alpha-H,needs_manual_review,manual_review,0.55,same product_name appears under multiple brands; brands=Alpha-H; The Ordinary
cultbeauty_15fa9702862106,cultbeauty,The Ordinary,Alpha-H Liquid Gold Exfoliating Treatment with 5% Glycolic Acid 30ml,Alpha-H,needs_manual_review,manual_review,0.55,same product_name appears under multiple brands; brands=Alpha-H; The Ordinary
cultbeauty_0e162fba63e89a,cultbeauty,The Ordinary,Alpha-H Vitamin B Serum with 5% Niacinimide 25ml,Alpha-H,needs_manual_review,manual_review,0.55,same product_name appears under multiple brands; brands=Alpha-H; The Ordinary
cultbeauty_d10788fcbb196d,cultbeauty,HUDA BEAUTY,Anastasia Beverly Hills Cream Bronzer (Various Shades) Golden Tan,Anastasia Beverly Hills,needs_manual_review,manual_review,0.55,same product_name appears under multiple brands; brands=HUDA BEAUTY; Laura Mercier
cultbeauty_e5c48d4580b3f3,cultbeauty,HUDA BEAUTY,Anastasia Beverly Hills Lash Brag Volumizing Mascara,Anastasia Beverly Hills,needs_manual_review,manual_review,0.55,same product_name appears under multiple brands; brands=Anastasia Beverly Hills; Color Wow; HUDA BEAUTY
cultbeauty_e2e1f52c9d8872,cultbeauty,HUDA BEAUTY,Anastasia Beverly Hills Lip Velvet Lipstick 3.5g (Various Shades) Pure Hollywood,Anastasia Beverly Hills,needs_manual_review,manual_review,0.55,same product_name appears under multiple brands; brands=Anastasia Beverly Hills; HUDA BEAUTY
cultbeauty_111024596a4b0d,cultbeauty,Hourglass,Anastasia Beverly Hills Beauty Balm Serum Boosted Skin Tint 18g (Various Shades) 6,Anastasia Beverly Hills,needs_manual_review,manual_review,0.55,same product_name appears under multiple brands; brands=Anastasia Beverly Hills; Hourglass
cultbeauty_16fcd0b3d20bf7,cultbeauty,Hourglass,Anastasia Beverly Hills Magic Touch Concealer 12ml (Various Shades) 2,Anastasia Beverly Hills,needs_manual_review,manual_review,0.55,same product_name appears under multiple brands; brands=Hourglass; NARS
cultbeauty_4aa71b2260e396,cultbeauty,Laura Mercier,Anastasia Beverly Hills Loose Setting Powder 25g (Various Shades) Light Translucent,Anastasia Beverly Hills,needs_manual_review,manual_review,0.55,same product_name appears under multiple brands; brands=Lancôme; Laura Mercier
cultbeauty_b2e39382b6b13e,cultbeauty,NYX Professional Makeup,Anastasia Beverly Hills Liquid Eyeliner,Anastasia Beverly Hills,needs_manual_review,manual_review,0.55,same product_name appears under multiple brands; brands=Anastasia Beverly Hills; NYX Professional Makeup
cultbeauty_6c71760ba4ead2,cultbeauty,PATRICK TA,Anastasia Beverly Hills Blurring Serum Blush 9.5ml (Various Shades) Plum,Anastasia Beverly Hills,needs_manual_review,manual_review,0.55,same product_name appears under multiple brands; brands=Anastasia Beverly Hills; PATRICK TA
cultbeauty_7591bf2802f85c,cultbeauty,PATRICK TA,Anastasia Beverly Hills Glow Seeker Highlighter,Anastasia Beverly Hills,needs_manual_review,manual_review,0.55,same product_name appears under multiple brands; brands=Anastasia Beverly Hills; PATRICK TA; benefit
cultbeauty_e096bdf80e0b36,cultbeauty,PATRICK TA,Anastasia Beverly Hills Haze Mini Eye Shadow Palette,Anastasia Beverly Hills,needs_manual_review,manual_review,0.55,same product_name appears under multiple brands; brands=MAC; PATRICK TA
cultbeauty_f60820069c7ced,cultbeauty,PATRICK TA,Anastasia Beverly Hills Impeccable Blurring Second Skin Matte Foundation (Various Shades) 4O,Anastasia Beverly Hills,needs_manual_review,manual_review,0.55,same product_name appears under multiple brands; brands=NARS; PATRICK TA
cultbeauty_eae03df0101fd9,cultbeauty,PATRICK TA,Anastasia Beverly Hills Lip Gloss (Various Shades) Crystal,Anastasia Beverly Hills,needs_manual_review,manual_review,0.55,same product_name appears under multiple brands; brands=Anastasia Beverly Hills; MAC; PATRICK TA
cultbeauty_8b697a28a27842,cultbeauty,PATRICK TA,Anastasia Beverly Hills Lip Liner 1.49g (Various Colours) Hazelnut,Anastasia Beverly Hills,needs_manual_review,manual_review,0.55,same product_name appears under multiple brands; brands=MAC; PATRICK TA
cultbeauty_1c18cbc782bc09,cultbeauty,PATRICK TA,Anastasia Beverly Hills Smooth Blur Contour Stick Shadow,Anastasia Beverly Hills,needs_manual_review,manual_review,0.55,same product_name appears under multiple brands; brands=Anastasia Beverly Hills; PATRICK TA
cultbeauty_b08c544fbb1502,cultbeauty,Paula's Choice,Anastasia Beverly Hills Lash Sculpt Lengthening & Volumizing Mascara - Full Size,Anastasia Beverly Hills,needs_manual_review,manual_review,0.55,same product_name appears under multiple brands; brands=Anastasia Beverly Hills; Paula's Choice; YSL
cultbeauty_ac895c2c651385,cultbeauty,Too Faced,Anastasia Beverly Hills Soft Glam Palette,Anastasia Beverly Hills,needs_manual_review,manual_review,0.55,same product_name appears under multiple brands; brands=Anastasia Beverly Hills; Too Faced; Urban Decay
cultbeauty_3900c1c60b56c1,cultbeauty,benefit,Anastasia Beverly Hills Brow Freeze Gel,Anastasia Beverly Hills,needs_manual_review,manual_review,0.55,same product_name appears under multiple brands; brands=Anastasia Beverly Hills; benefit
cultbeauty_16213b29acd94e,cultbeauty,benefit,Anastasia Beverly Hills Brow Wiz 0.08g (Various Shades) Auburn,Anastasia Beverly Hills,needs_manual_review,manual_review,0.55,same product_name appears under multiple brands; brands=NYX Professional Makeup; benefit
cultbeauty_3c6edf880048ea,cultbeauty,ESPA,Augustinus Bader The Body Cleanser 200ml,Augustinus Bader,needs_manual_review,manual_review,0.55,same product_name appears under multiple brands; brands=Augustinus Bader; ESPA; The Ordinary
cultbeauty_5d10a616cc2b3b,cultbeauty,Marvis,Augustinus Bader The Body Oil 100ml,Augustinus Bader,needs_manual_review,manual_review,0.55,same product_name appears under multiple brands; brands=Augustinus Bader; Aveeno; Marvis
cultbeauty_6fd643e0b8525b,cultbeauty,Oribe,Augustinus Bader The Hair Oil with TCF8 30ml,Augustinus Bader,needs_manual_review,manual_review,0.55,same product_name appears under multiple brands; brands=Augustinus Bader; Oribe
cultbeauty_c1b9450492d288,cultbeauty,Oribe,Augustinus Bader The Rich Shampoo 200ml,Augustinus Bader,needs_manual_review,manual_review,0.55,same product_name appears under multiple brands; brands=Augustinus Bader; Color Wow; Oribe
cultbeauty_c8d67899d391e5,cultbeauty,PATRICK TA,Augustinus Bader The Eyebrow and Lash Enhancing Serum 8ml,Augustinus Bader,needs_manual_review,manual_review,0.55,same product_name appears under multiple brands; brands=Augustinus Bader; Color Wow; PATRICK TA
cultbeauty_d93e034986f012,cultbeauty,Summer Fridays,Augustinus Bader The Lip Balm,Augustinus Bader,needs_manual_review,manual_review,0.55,same product_name appears under multiple brands; brands=Augustinus Bader; Clinique; Summer Fridays
cultbeauty_5b51825c392282,cultbeauty,The Ordinary,Augustinus Bader The Body Cream 100ml,Augustinus Bader,needs_manual_review,manual_review,0.55,same product_name appears under multiple brands; brands=Augustinus Bader; The Ordinary
cultbeauty_6c972a5bb1d552,cultbeauty,Christophe Robin,Aveda Scalp Solutions Exfoliating Scalp Treatment 150ml,Aveda,needs_manual_review,manual_review,0.55,same product_name appears under multiple brands; brands=Christophe Robin; The INKEY List
cultbeauty_a4c67772ae091a,cultbeauty,Color Wow,Aveda Colour Control Conditioner 200ml,Aveda,needs_manual_review,manual_review,0.55,same product_name appears under multiple brands; brands=Aveda; Color Wow
cultbeauty_851cf13706da8c,cultbeauty,Dr Dennis Gross,Aveda Thickening Hair Tonic Spray 100ml,Aveda,needs_manual_review,manual_review,0.55,same product_name appears under multiple brands; brands=Aveda; Dr Dennis Gross
cultbeauty_695f3888477c2a,cultbeauty,La Roche-Posay,Aveda Nutriplenish Intense Hydration Crème Masque 200ml,Aveda,needs_manual_review,manual_review,0.55,same product_name appears under multiple brands; brands=Aveda; La Roche-Posay
cultbeauty_6db94e2bb2f922,cultbeauty,Lanolips,Aveda Shampure Nurturing Conditioner 250ml,Aveda,needs_manual_review,manual_review,0.55,same product_name appears under multiple brands; brands=Aveda; Lanolips
cultbeauty_20e1d97c031a99,cultbeauty,MALIN + GOETZ,Aveda Cherry Almond Leave-In Conditioner 200ml,Aveda,needs_manual_review,manual_review,0.55,same product_name appears under multiple brands; brands=La Roche-Posay; MALIN + GOETZ
cultbeauty_78f9f4a0828fdd,cultbeauty,Milk Makeup,Aveda Invati Ultra Advanced Revitalizing Scalp Serum 150ml,Aveda,needs_manual_review,manual_review,0.55,same product_name appears under multiple brands; brands=Aveda; Milk Makeup
cultbeauty_d00801208d267a,cultbeauty,OUAI,Aveda Be Curly Advanced Coil Definer Gel 250ml,Aveda,needs_manual_review,manual_review,0.55,same product_name appears under multiple brands; brands=Aveda; OUAI
cultbeauty_927eed6dea0913,cultbeauty,OUAI,Aveda Be Curly Advanced Curl Enhancer Cream 200ml,Aveda,needs_manual_review,manual_review,0.55,same product_name appears under multiple brands; brands=Aveda; OUAI
cultbeauty_bef97e7742636b,cultbeauty,OUAI,Aveda Be Curly Advanced Curl Enhancer Cream 40ml,Aveda,needs_manual_review,manual_review,0.55,same product_name appears under multiple brands; brands=Aveda; OUAI
cultbeauty_9bb976042e2621,cultbeauty,OUAI,Aveda Be Curly Advanced Curl Perfecting Primer 200ml,Aveda,needs_manual_review,manual_review,0.55,same product_name appears under multiple brands; brands=Aveda; OUAI
cultbeauty_826222567722b2,cultbeauty,OUAI,Aveda Botanical Repair Intensive Strengthening Masque Rich 200ml,Aveda,needs_manual_review,manual_review,0.55,same product_name appears under multiple brands; brands=Aveda; OUAI
cultbeauty_562ce6dc1b996f,cultbeauty,OUAI,Aveda Nutriplenish Multi-Use Hair Oil 30ml,Aveda,needs_manual_review,manual_review,0.55,same product_name appears under multiple brands; brands=Aveda; OUAI
cultbeauty_e3ac8f53d2095b,cultbeauty,OUAI,Aveda Scalp Solutions Replenishing Conditioner 200ml,Aveda,needs_manual_review,manual_review,0.55,same product_name appears under multiple brands; brands=Aveda; OUAI
cultbeauty_8f6a9ff1fcc7db,cultbeauty,Oribe,Aveda Smooth Infusion Anti-Frizz Shampoo 200ml,Aveda,needs_manual_review,manual_review,0.55,same product_name appears under multiple brands; brands=Aveda; Oribe
cultbeauty_27c534b962a1db,cultbeauty,PATRICK TA,Aveda Be Curly Advanced Intensive Curl Perfecting Masque 200ml,Aveda,needs_manual_review,manual_review,0.55,same product_name appears under multiple brands; brands=Aveda; PATRICK TA
cultbeauty_fa9359956e8880,cultbeauty,PATRICK TA,Aveda Invati Ultra Advanced Exfoliating Shampoo - Rich 200ml,Aveda,needs_manual_review,manual_review,0.55,same product_name appears under multiple brands; brands=Aveda; PATRICK TA
cultbeauty_597bf523a4abb8,cultbeauty,PATRICK TA,Aveda Invati Ultra Advanced Thickening Conditioner - Rich 200ml,Aveda,needs_manual_review,manual_review,0.55,same product_name appears under multiple brands; brands=Aveda; PATRICK TA
cultbeauty_5580e2263583e7,cultbeauty,PATRICK TA,Aveda Scalp Solutions Hair & Scalp Masque 150ml,Aveda,needs_manual_review,manual_review,0.55,same product_name appears under multiple brands; brands=Aveda; PATRICK TA
cultbeauty_54dae470e185ec,cultbeauty,PIXI,Aveda Nutriplenish Daily Moisturising Hair Treatment - Deep Moisture 150ml,Aveda,needs_manual_review,manual_review,0.55,same product_name appears under multiple brands; brands=Aveda; PIXI
cultbeauty_954872ce0b8897,cultbeauty,Summer Fridays,Aveda Scalp Solutions Overnight Scalp Renewal Serum 50ml,Aveda,needs_manual_review,manual_review,0.55,same product_name appears under multiple brands; brands=Philip Kingsley; Summer Fridays
cultbeauty_929063e19f575d,cultbeauty,The Ordinary,Aveda Botanical Repair Strengthening Overnight Serum 30ml,Aveda,needs_manual_review,manual_review,0.55,same product_name appears under multiple brands; brands=Color Wow; The Ordinary
cultbeauty_0d6a1a9898d90e,cultbeauty,The Ordinary,Aveda Phomollient Styling Foam 200ml,Aveda,needs_manual_review,manual_review,0.55,same product_name appears under multiple brands; brands=Aveda; The Ordinary
cultbeauty_a38b776f1c6265,cultbeauty,The Ordinary,Aveda Scalp Solutions Stimulating Scalp Massager,Aveda,needs_manual_review,manual_review,0.55,same product_name appears under multiple brands; brands=Aveda; The Ordinary
cultbeauty_69e65dfdbc0b51,cultbeauty,The Ordinary,Aveda Shampowder Dry Shampoo 56g,Aveda,needs_manual_review,manual_review,0.55,same product_name appears under multiple brands; brands=Bumble and bumble; The Ordinary
cultbeauty_6fcdca3ed1ce8a,cultbeauty,Tweezerman,Aveda Men Pure-Formance Thickening Paste 75ml,Aveda,needs_manual_review,manual_review,0.55,same product_name appears under multiple brands; brands=Aveda; Tweezerman
cultbeauty_090dd3a737e468,cultbeauty,Caudalie,Avène Make-Up Removing Micellar Water 400ml,Avène,needs_manual_review,manual_review,0.55,same product_name appears under multiple brands; brands=Caudalie; La Roche-Posay
cultbeauty_4afa84d02873f0,cultbeauty,La Roche-Posay,Avène Tolerance Control Extremely Gentle Cleanser for Very Sensitive Skin 200ml,Avène,needs_manual_review,manual_review,0.55,same product_name appears under multiple brands; brands=Avène; La Roche-Posay
cultbeauty_adc5522990b610,cultbeauty,NYX Professional Makeup,Avène Ultra Fluid Tinted SPF50+ 50ml,Avène,needs_manual_review,manual_review,0.55,same product_name appears under multiple brands; brands=Avène; NYX Professional Makeup
cultbeauty_aa57b8f3963876,cultbeauty,PATRICK TA,"Avène CLEANANCE Micellar Water for Oily, Blemish-Prone Skin 400ml",Avène,needs_manual_review,manual_review,0.55,same product_name appears under multiple brands; brands=Caudalie; PATRICK TA
cultbeauty_f5dd59c58c7ac1,cultbeauty,PATRICK TA,Avène Hydrance SPF 30 Hydrating Cream for Dehydrated Skin 40ml,Avène,needs_manual_review,manual_review,0.55,same product_name appears under multiple brands; brands=Avène; PATRICK TA
cultbeauty_6e3c2f8dada818,cultbeauty,PATRICK TA,"Avène Very High Protection Tinted Sun Cream SPF50+ for Dry, Sensitive Skin 50ml",Avène,needs_manual_review,manual_review,0.55,same product_name appears under multiple brands; brands=Avène; PATRICK TA
cultbeauty_26c2c8fba2d023,cultbeauty,The Ordinary,"Avène Cleanance Cleansing Gel for Oily, Blemish-Prone Skin 200ml",Avène,needs_manual_review,manual_review,0.55,same product_name appears under multiple brands; brands=La Roche-Posay; The Ordinary
cultbeauty_0a0c5e37d7c6d6,cultbeauty,The Ordinary,Avène Hyaluron Activ B3 Concentrated Plumping Serum for Ageing Skin 30ml,Avène,needs_manual_review,manual_review,0.55,same product_name appears under multiple brands; brands=Avène; The Ordinary
cultbeauty_a063c8de3fe92d,cultbeauty,Ultra Violette,Avène Intense Protect SPF50+ Sun Cream for Very Sensitive Skin 150ml,Avène,needs_manual_review,manual_review,0.55,same product_name appears under multiple brands; brands=La Roche-Posay; Ultra Violette
cultbeauty_0059ffa3ebdf2c,cultbeauty,Clé de Peau Beauté,BIOEFFECT Micellar Cleansing Water 200ml,BIOEFFECT,needs_manual_review,manual_review,0.55,same product_name appears under multiple brands; brands=BIOEFFECT; Caudalie; Clé de Peau Beauté
cultbeauty_6852b6886abed8,cultbeauty,Medik8,BIOEFFECT Imprinting Hydrogel Mask 25g,BIOEFFECT,needs_manual_review,manual_review,0.55,same product_name appears under multiple brands; brands=BIOEFFECT; Medik8
cultbeauty_60f51509251bcc,cultbeauty,Paula's Choice,BIOEFFECT EGF Serum Value Set 2026,BIOEFFECT,needs_manual_review,manual_review,0.55,same product_name appears under multiple brands; brands=BIOEFFECT; Paula's Choice
cultbeauty_2468c69cab1c92,cultbeauty,Peter Thomas Roth,BIOEFFECT Imprinting Eye Mask Pack,BIOEFFECT,needs_manual_review,manual_review,0.55,same product_name appears under multiple brands; brands=BIOEFFECT; Peter Thomas Roth
cultbeauty_c045fef79b66b1,cultbeauty,The Ordinary,Bleach London Reincarnation Mask 500ml,BLEACH LONDON,needs_manual_review,manual_review,0.55,same product_name appears under multiple brands; brands=BLEACH LONDON; The Ordinary
cultbeauty_84af9dd410c6bc,cultbeauty,BYOMA,Beauty of Joseon Radiance Cleansing Balm 100ml,Beauty Of Joseon,needs_manual_review,manual_review,0.55,same product_name appears under multiple brands; brands=BYOMA; Beauty of Joseon
cultbeauty_7bc671d0565d53,cultbeauty,HUDA BEAUTY,Beauty Of Joseon Serums Ginseng Moist Sun Serum PA++++ SPF50+ 50ml,Beauty Of Joseon,needs_manual_review,manual_review,0.55,same product_name appears under multiple brands; brands=Beauty of Joseon; HUDA BEAUTY
cultbeauty_ec7db132493c80,cultbeauty,PATRICK TA,Beauty Of Joseon Daily Tinted Fluid Sunscreen SPF30 PA+++ 50ml (Various Shades) MY210,Beauty Of Joseon,needs_manual_review,manual_review,0.55,same product_name appears under multiple brands; brands=Beauty of Joseon; PATRICK TA
cultbeauty_d492a25c86ccc2,cultbeauty,Spectrum Collections,Beautyblender Power Pocket Dual Sided Powder Puff,Beautyblender,needs_manual_review,manual_review,0.55,same product_name appears under multiple brands; brands=Spectrum Collections; beautyblender
cultbeauty_b8ff533537ac6d,cultbeauty,Medicube,Biodance Bio Collagen-Real Deep Mask (4 Pack),Biodance,needs_manual_review,manual_review,0.55,same product_name appears under multiple brands; brands=Beauty of Joseon; Medicube
cultbeauty_920340fde2de8d,cultbeauty,PATRICK TA,Biodance Pore Perfecting Collagen Peptide Serum 30ml,Biodance,needs_manual_review,manual_review,0.55,same product_name appears under multiple brands; brands=Medicube; PATRICK TA
cultbeauty_324b7a0f6918b4,cultbeauty,PATRICK TA,Biodance Radiant Vita Niacinamide Serum 30ml,Biodance,needs_manual_review,manual_review,0.55,same product_name appears under multiple brands; brands=Beauty of Joseon; PATRICK TA
cultbeauty_f5f2a836643593,cultbeauty,PATRICK TA,Biodance Refreshing Sea Kelp Serum 30ml,Biodance,needs_manual_review,manual_review,0.55,same product_name appears under multiple brands; brands=Medicube; PATRICK TA
cultbeauty_c48ed24d097326,cultbeauty,Westman Atelier,Biodance Hydro Cera-Nol Serum 30ml,Biodance,needs_manual_review,manual_review,0.55,same product_name appears under multiple brands; brands=The INKEY List; Westman Atelier
cultbeauty_ecb83b054d4ba9,cultbeauty,Medik8,Biossance Squalane and Vitamin C Dark Spot Serum 30ml,Biossance,needs_manual_review,manual_review,0.55,same product_name appears under multiple brands; brands=Biossance; Medik8
cultbeauty_68a266ee43a841,cultbeauty,Paula's Choice,Biossance Squalane and BHA Pore Minimising Toner 120ml,Biossance,needs_manual_review,manual_review,0.55,same product_name appears under multiple brands; brands=Biossance; Paula's Choice
cultbeauty_512e3985beba4a,cultbeauty,Paula's Choice,Biossance Squalane and Caffeine Toning Body Cream - Unscented 200ml,Biossance,needs_manual_review,manual_review,0.55,same product_name appears under multiple brands; brands=Paula's Choice; Weleda
cultbeauty_d5dce355c40ee0,cultbeauty,Summer Fridays,Biossance Pro Peptide Lip Perfector - Blush Quartz 15g,Biossance,needs_manual_review,manual_review,0.55,same product_name appears under multiple brands; brands=LANEIGE; Summer Fridays
cultbeauty_670982897dc262,cultbeauty,Summer Fridays,Biossance Pro Peptide Lip Perfector - H2Glow 15g,Biossance,needs_manual_review,manual_review,0.55,same product_name appears under multiple brands; brands=Biossance; Summer Fridays
cultbeauty_b86c65110c5c51,cultbeauty,Beauty of Joseon,Bondi Sands SPF 50+ Everyday Body Lotion 150ml,Bondi Sands,needs_manual_review,manual_review,0.55,same product_name appears under multiple brands; brands=Beauty of Joseon; The Ordinary
cultbeauty_c0d7f5cdd3e01a,cultbeauty,Beauty of Joseon,Bondi Sands Sunny SPF 50+ Body Milk 150ml,Bondi Sands,needs_manual_review,manual_review,0.55,same product_name appears under multiple brands; brands=Beauty of Joseon; Bondi Sands
cultbeauty_ff4d63e532bcc3,cultbeauty,Glow Recipe,Bondi Sands Technocolor Caramel Self Tanning Face Serum 50ml,Bondi Sands,needs_manual_review,manual_review,0.55,same product_name appears under multiple brands; brands=Bondi Sands; Glow Recipe
cultbeauty_2e06e8d7137a7d,cultbeauty,NYX Professional Makeup,Bondi Sands SPF50+ Strawberry Lip Balm 10g,Bondi Sands,needs_manual_review,manual_review,0.55,same product_name appears under multiple brands; brands=Bondi Sands; NYX Professional Makeup
cultbeauty_47924da1bdadd4,cultbeauty,PATRICK TA,Bondi Sands Technocolor Sapphire Self Tanning Face Serum 50ml,Bondi Sands,needs_manual_review,manual_review,0.55,same product_name appears under multiple brands; brands=Bondi Sands; PATRICK TA
cultbeauty_37bbe006ecca1d,cultbeauty,Summer Fridays,Bondi Sands Technocolor Magenta Self Tanning Face Serum 50ml,Bondi Sands,needs_manual_review,manual_review,0.55,same product_name appears under multiple brands; brands=Bondi Sands; Summer Fridays
cultbeauty_4db5891dd7db59,cultbeauty,The Ordinary,Bondi Sands SPF 50+ Everyday Body Lotion 150ml (UK),Bondi Sands,needs_manual_review,manual_review,0.55,same product_name appears under multiple brands; brands=Beauty of Joseon; The Ordinary
cultbeauty_e1d0a2be788b2b,cultbeauty,The Ordinary,Bondi Sands SPF 50+ Everyday Tinted Face Fluid 50ml,Bondi Sands,needs_manual_review,manual_review,0.55,same product_name appears under multiple brands; brands=La Roche-Posay; The Ordinary
cultbeauty_01d737a5d23275,cultbeauty,Ultra Violette,Bondi Sands Sunny SPF 50+ Face Lotion 50ml,Bondi Sands,needs_manual_review,manual_review,0.55,same product_name appears under multiple brands; brands=Garnier; Ultra Violette
cultbeauty_d45f05da752909,cultbeauty,HUDA BEAUTY,Bouclème Flexible Hold Hair Spray 200ml,Boucleme,needs_manual_review,manual_review,0.55,same product_name appears under multiple brands; brands=Boucleme; HUDA BEAUTY
cultbeauty_349e78307ea24e,cultbeauty,NARS,Bouclème Foam to Dry Shampoo 100ml,Boucleme,needs_manual_review,manual_review,0.55,same product_name appears under multiple brands; brands=Giovanni; NARS
cultbeauty_298a1467acd092,cultbeauty,NARS,Bouclème Scalp Exfoliating Shampoo 250ml,Boucleme,needs_manual_review,manual_review,0.55,same product_name appears under multiple brands; brands=Boucleme; NARS
cultbeauty_c4e27daef4dd32,cultbeauty,NIOD,Bouclème Protein Booster 30ml,Boucleme,needs_manual_review,manual_review,0.55,same product_name appears under multiple brands; brands=Boucleme; NIOD
cultbeauty_0487a1bcbdc88a,cultbeauty,Oribe,Bouclème Toning Drops 30ml,Boucleme,needs_manual_review,manual_review,0.55,same product_name appears under multiple brands; brands=Matrix; Oribe
cultbeauty_237c1bcde693c6,cultbeauty,PATRICK TA,Bouclème Scalp Massager,Boucleme,needs_manual_review,manual_review,0.55,same product_name appears under multiple brands; brands=Bumble and bumble; PATRICK TA
cultbeauty_7060bd816a37e7,cultbeauty,Paula's Choice,Bouclème Seal and Shield Conditioner 300ml,Boucleme,needs_manual_review,manual_review,0.55,same product_name appears under multiple brands; brands=Boucleme; Paula's Choice
cultbeauty_fb30a70182f1cc,cultbeauty,Anastasia Beverly Hills,Briogeo Curl Charisma Rice Amino and Shea Curl Defining Conditioner 236ml,Briogeo,needs_manual_review,manual_review,0.55,same product_name appears under multiple brands; brands=Anastasia Beverly Hills; Briogeo
cultbeauty_ce498442e8dec4,cultbeauty,Aveda,Briogeo Scalp Revival Charcoal + Biotin Dry Shampoo 50ml,Briogeo,needs_manual_review,manual_review,0.55,same product_name appears under multiple brands; brands=Aveda; Living Proof
cultbeauty_beeea18758f810,cultbeauty,La Roche-Posay,Briogeo Style + Treat Dry Shampoo Puff - Universal For All Hair Colors 15g,Briogeo,needs_manual_review,manual_review,0.55,same product_name appears under multiple brands; brands=La Roche-Posay; Living Proof
cultbeauty_833a317c5f0c4c,cultbeauty,OUAI,"Briogeo Be Gentle, Be Kind Banana + Coconut Nourishing Superfood Conditioner 369ml",Briogeo,needs_manual_review,manual_review,0.55,same product_name appears under multiple brands; brands=Briogeo; OUAI
cultbeauty_d3ce7b5fb66f56,cultbeauty,OUAI,"Briogeo Don't Despair, Repair! Strengthening Treatment Hair Oil 30ml",Briogeo,needs_manual_review,manual_review,0.55,same product_name appears under multiple brands; brands=Briogeo; OUAI
cultbeauty_2956275526fccd,cultbeauty,OUAI,Briogeo Scalp Revival Charcoal + Coconut Oil Micro-Exfoliating Scalp Scrub Shampoo (Various Sizes),Briogeo,needs_manual_review,manual_review,0.55,same product_name appears under multiple brands; brands=Christophe Robin; OUAI
cultbeauty_e142ced94a732d,cultbeauty,OUAI,Briogeo Style + Treat Yuzu + Plum Oil Full Miracle Styling Foam 150ml,Briogeo,needs_manual_review,manual_review,0.55,same product_name appears under multiple brands; brands=Moroccanoil; OUAI
cultbeauty_6447b001f59507,cultbeauty,Paula's Choice,Briogeo Farewell Frizz Smoothing Conditioner 235ml,Briogeo,needs_manual_review,manual_review,0.55,same product_name appears under multiple brands; brands=Briogeo; Paula's Choice
cultbeauty_c94ea7e46399dd,cultbeauty,The Ordinary,"Briogeo Scalp Revival Charcoal + Tea Tree Cooling Hydration Scalp Mask for Dry, Itchy Scalp 177ml",Briogeo,needs_manual_review,manual_review,0.55,same product_name appears under multiple brands; brands=Briogeo; The Ordinary
cultbeauty_c0c4e05d71c0f7,cultbeauty,The Ordinary,Briogeo Scalp Revival Charcoal + Tea Tree Scalp Treatment Serum 30ml,Briogeo,needs_manual_review,manual_review,0.55,same product_name appears under multiple brands; brands=The INKEY List; The Ordinary
cultbeauty_711ebf5ab903be,cultbeauty,The Ordinary,Briogeo Scalp Revival Rosemary Pre-Wash Oil for Hair and Scalp 100ml,Briogeo,needs_manual_review,manual_review,0.55,same product_name appears under multiple brands; brands=OUAI; The Ordinary
cultbeauty_8b65240c1e6988,cultbeauty,Bondi Sands,By Terry Tea to Tan Face and Body Matte Finish 100ml,By Terry,needs_manual_review,manual_review,0.55,same product_name appears under multiple brands; brands=Bondi Sands; By Terry
cultbeauty_c6e160285d3524,cultbeauty,HUDA BEAUTY,By Terry Hyaluronic Lip Liner (Various Shades) 1. Sexy Nude,By Terry,needs_manual_review,manual_review,0.55,same product_name appears under multiple brands; brands=HUDA BEAUTY; MAC
cultbeauty_e24cbe608ef06d,cultbeauty,HUDA BEAUTY,By Terry Refill Lipstick Rouge Opulent (Various Shades),By Terry,needs_manual_review,manual_review,0.55,same product_name appears under multiple brands; brands=HUDA BEAUTY; NARS
cultbeauty_ea383c960ef59b,cultbeauty,Hourglass,By Terry Hyaluronic Hydra-Powder 8HA,By Terry,needs_manual_review,manual_review,0.55,same product_name appears under multiple brands; brands=By Terry; Hourglass; Laura Mercier
cultbeauty_e9eecd73680059,cultbeauty,Kiehl's Since 1851,By Terry Hyaluronic Global Face Cream 50ml,By Terry,needs_manual_review,manual_review,0.55,same product_name appears under multiple brands; brands=By Terry; Kiehl's Since 1851
cultbeauty_aa0c3da560353d,cultbeauty,La Roche-Posay,By Terry Baume de Rose Le Stick Levres Lip Crayon,By Terry,needs_manual_review,manual_review,0.55,same product_name appears under multiple brands; brands=By Terry; La Roche-Posay
cultbeauty_449bd5da032cf2,cultbeauty,NARS,By Terry Brightening CC Foundation 30ml (Various Shades) 6C - TAN COOL,By Terry,needs_manual_review,manual_review,0.55,same product_name appears under multiple brands; brands=By Terry; NARS
cultbeauty_7d5121bc3cff8a,cultbeauty,NARS,By Terry Hyaluronic Pressed Hydra-Powder 8HA Travel-Size,By Terry,needs_manual_review,manual_review,0.55,same product_name appears under multiple brands; brands=By Terry; Laura Mercier; NARS
cultbeauty_82584a834d6852,cultbeauty,Omorovicza,By Terry Baume De Rose Lip Balm 10g,By Terry,needs_manual_review,manual_review,0.55,same product_name appears under multiple brands; brands=By Terry; Omorovicza
cultbeauty_5e9b2f15cc0eba,cultbeauty,PATRICK TA,By Terry Cellularose CC Serum 30ml (Various Shades) 2 - Nude Glow,By Terry,needs_manual_review,manual_review,0.55,same product_name appears under multiple brands; brands=By Terry; PATRICK TA
cultbeauty_c929bee2f3f0dd,cultbeauty,PATRICK TA,By Terry Hyaluronic Global Eye Serum 15ml,By Terry,needs_manual_review,manual_review,0.55,same product_name appears under multiple brands; brands=PATRICK TA; Urban Decay
cultbeauty_43147d47f61825,cultbeauty,PATRICK TA,By Terry Hyaluronic Glow Setting Mist,By Terry,needs_manual_review,manual_review,0.55,same product_name appears under multiple brands; brands=By Terry; PATRICK TA
cultbeauty_b2c8af18863151,cultbeauty,PATRICK TA,By Terry Hyaluronic Serum Concealer (Various Shades) 1. Rosy Light,By Terry,needs_manual_review,manual_review,0.55,same product_name appears under multiple brands; brands=Armani; PATRICK TA
cultbeauty_6d65fd05811554,cultbeauty,PATRICK TA,By Terry Rouge Opulent Lipstick (Various Shades) 3.Sweet Romance,By Terry,needs_manual_review,manual_review,0.55,same product_name appears under multiple brands; brands=By Terry; PATRICK TA
cultbeauty_2a251525ea7736,cultbeauty,PATRICK TA,By Terry Tea To Tan Lip & Cheek 5ml,By Terry,needs_manual_review,manual_review,0.55,same product_name appears under multiple brands; brands=PATRICK TA; RoC Skincare
cultbeauty_4e4ad8cbc49749,cultbeauty,Tan-Luxe,By Terry Tea to Tan Face and Body Matte Finish Travel Size 30ml,By Terry,needs_manual_review,manual_review,0.55,same product_name appears under multiple brands; brands=Tan-Luxe; Tanologist
cultbeauty_56f80d0a9b87d1,cultbeauty,PATRICK TA,Color Wow Curl Wow Anti-Frizz Curl Styling 295ml Duo,COLOR WOW,needs_manual_review,manual_review,0.55,same product_name appears under multiple brands; brands=Color Wow; PATRICK TA
cultbeauty_8f4e54338bd631,cultbeauty,Paula's Choice,Color Wow Curl Wow SNAG-FREE Pre-Shampoo Detangler 295ml,COLOR WOW,needs_manual_review,manual_review,0.55,same product_name appears under multiple brands; brands=Color Wow; Paula's Choice
cultbeauty_458d70454b8693,cultbeauty,Paula's Choice,Color Wow Dream Clean Fine to Normal and Travel Dream Coat Supernatural Spray Trio,COLOR WOW,needs_manual_review,manual_review,0.55,same product_name appears under multiple brands; brands=Color Wow; Paula's Choice
cultbeauty_f84ff4ffb9ed55,cultbeauty,The Ordinary,Color Wow Curl Wow SHOOK Mix + Fix Bundling Spray 295ml,COLOR WOW,needs_manual_review,manual_review,0.55,same product_name appears under multiple brands; brands=Color Wow; The Ordinary
cultbeauty_4744863d5e482b,cultbeauty,Avène,COOLA Classic Stick SPF 30+ Coconut 17g,COOLA,needs_manual_review,manual_review,0.55,same product_name appears under multiple brands; brands=Avène; COOLA
cultbeauty_9c36a9122521cd,cultbeauty,Tan-Luxe,COOLA Sunless Tan Face Serum 40ml,COOLA,needs_manual_review,manual_review,0.55,same product_name appears under multiple brands; brands=Gatineau; Tan-Luxe
cultbeauty_44733e1af7e18c,cultbeauty,Beauty of Joseon,COSRX The Peptide Collagen Lifting Glow Hydrogel Mask 3EA,COSRX,needs_manual_review,manual_review,0.55,same product_name appears under multiple brands; brands=Beauty of Joseon; COSRX
cultbeauty_e4a73c7152234c,cultbeauty,Kate Somerville,COSRX Ultimate Nourishing Rice Overnight Spa Mask 60ml,COSRX,needs_manual_review,manual_review,0.55,same product_name appears under multiple brands; brands=COSRX; Kate Somerville
cultbeauty_22345135a09334,cultbeauty,PATRICK TA,COSRX 5 PDRN Hyaluronic Acid Vital Hydrating Hydrogel Mask (Pack of 1),COSRX,needs_manual_review,manual_review,0.55,same product_name appears under multiple brands; brands=Erborian; PATRICK TA
cultbeauty_eddd298de227b4,cultbeauty,PATRICK TA,COSRX PDRN EXOSOME Skinplaning Glaze Mask 50ml,COSRX,needs_manual_review,manual_review,0.55,same product_name appears under multiple brands; brands=COSRX; PATRICK TA
cultbeauty_2b062fc3fea975,cultbeauty,Paula's Choice,COSRX AHA/BHA Clarifying Treatment Toner 150ml,COSRX,needs_manual_review,manual_review,0.55,same product_name appears under multiple brands; brands=COSRX; Paula's Choice
cultbeauty_af72d78700d3a1,cultbeauty,Paula's Choice,COSRX Advanced Snail Peptide Eye Cream 25ml,COSRX,needs_manual_review,manual_review,0.55,same product_name appears under multiple brands; brands=COSRX; Paula's Choice
cultbeauty_e0b432f960e893,cultbeauty,Paula's Choice,COSRX BHA Blackhead Power Liquid 100ml,COSRX,needs_manual_review,manual_review,0.55,same product_name appears under multiple brands; brands=COSRX; Paula's Choice
cultbeauty_5bfbb8e404683c,cultbeauty,Paula's Choice,COSRX The 6 Peptide Skin Booster Serum 150ml,COSRX,needs_manual_review,manual_review,0.55,same product_name appears under multiple brands; brands=COSRX; Paula's Choice
cultbeauty_f77884baea5a7b,cultbeauty,Paula's Choice,COSRX The Niacinamide 15 Serum 20ml,COSRX,needs_manual_review,manual_review,0.55,same product_name appears under multiple brands; brands=COSRX; Paula's Choice
cultbeauty_ebbeeca217c570,cultbeauty,Avène,Caudalie Vinoclean Makeup Removing Cleansing Oil 75ml,Caudalie,needs_manual_review,manual_review,0.55,same product_name appears under multiple brands; brands=Avène; Caudalie
cultbeauty_51f3b128f6f5fc,cultbeauty,HUDA BEAUTY,Caudalie After-Sun Repairing Lotion 400ml,Caudalie,needs_manual_review,manual_review,0.55,same product_name appears under multiple brands; brands=HUDA BEAUTY; La Roche-Posay
cultbeauty_27d2bbe4658085,cultbeauty,NUXE,Caudalie After-Sun Repairing Lotion 200ml,Caudalie,needs_manual_review,manual_review,0.55,same product_name appears under multiple brands; brands=Hello Sunday; NUXE
cultbeauty_c88f332469123a,cultbeauty,PATRICK TA,Caudalie Vinopure Salicylic Spot Solution 15ml,Caudalie,needs_manual_review,manual_review,0.55,same product_name appears under multiple brands; brands=CeraVe; PATRICK TA
cultbeauty_2c6008c40043dc,cultbeauty,PATRICK TA,Caudalie Vinotherapist Nourishing Body Lotion 200ml,Caudalie,needs_manual_review,manual_review,0.55,same product_name appears under multiple brands; brands=Caudalie; PATRICK TA
cultbeauty_18a96a4ba5eec2,cultbeauty,Paula's Choice,Caudalie Vinosculpt Lift and Firm Body Cream 250ml,Caudalie,needs_manual_review,manual_review,0.55,same product_name appears under multiple brands; brands=Paula's Choice; Weleda
cultbeauty_2ac6829fc6f561,cultbeauty,The Ordinary,Caudalie Eau des Vignes Shower Gel 200ml,Caudalie,needs_manual_review,manual_review,0.55,same product_name appears under multiple brands; brands=Mario Badescu; The Ordinary
cultbeauty_3d1d897cd90114,cultbeauty,The Ordinary,Caudalie Rose de Vigne Shower Gel 200ml,Caudalie,needs_manual_review,manual_review,0.55,same product_name appears under multiple brands; brands=NUXE; The Ordinary
cultbeauty_130a36ff624662,cultbeauty,Beauty Of Joseon,CeraVe Invisible Sun Stick SPF 50 for all skin types with 3 essential ceramides 8g,CeraVe,needs_manual_review,manual_review,0.55,same product_name appears under multiple brands; brands=Beauty Of Joseon; CeraVe
cultbeauty_98e4b38cc29d45,cultbeauty,HUDA BEAUTY,CeraVe Hydrating Micellar Water 400ml,CeraVe,needs_manual_review,manual_review,0.55,same product_name appears under multiple brands; brands=CeraVe; HUDA BEAUTY
cultbeauty_a1a7ae1ebd0cde,cultbeauty,HUDA BEAUTY,"CeraVe Skin Renewing Eye Cream with Peptide Complex & Caffeine for Brighter, Smoother Eyes 15ml",CeraVe,needs_manual_review,manual_review,0.55,same product_name appears under multiple brands; brands=CeraVe; HUDA BEAUTY
cultbeauty_4a90f58c2536a9,cultbeauty,La Roche-Posay,CeraVe Blemish Control Gel Moisturiser with 2% Salicylic Acid & Niacinamide for Blemish-Prone Skin 40ml,CeraVe,needs_manual_review,manual_review,0.55,same product_name appears under multiple brands; brands=CeraVe; La Roche-Posay
cultbeauty_7d17517d789654,cultbeauty,La Roche-Posay,CeraVe Eye Repair Cream for Dark Circles & Puffiness 14 ml,CeraVe,needs_manual_review,manual_review,0.55,same product_name appears under multiple brands; brands=La Roche-Posay; The Ordinary
cultbeauty_fb58f8eee4a2a8,cultbeauty,La Roche-Posay,CeraVe Invisible Hydrating Fluid Sunscreen SPF 50 50ml,CeraVe,needs_manual_review,manual_review,0.55,same product_name appears under multiple brands; brands=CeraVe; La Roche-Posay
cultbeauty_cadf736f6356cb,cultbeauty,Medik8,CeraVe Skin Renewing 10% Pure Vitamin C Serum with Ceramides for Brighter & Smoother Skin 30ml,CeraVe,needs_manual_review,manual_review,0.55,same product_name appears under multiple brands; brands=CeraVe; Medik8
cultbeauty_e02c331abf29a3,cultbeauty,PATRICK TA,"CeraVe Invisible Hydrating Sunscreen SPF 30 for body, face, & all skin types with 3 essential ceramides 177 ml",CeraVe,needs_manual_review,manual_review,0.55,same product_name appears under multiple brands; brands=La Roche-Posay; PATRICK TA
cultbeauty_e2c11c0c3b888b,cultbeauty,Paula's Choice,CeraVe Resurfacing Retinol Serum with Ceramides and Niacinamide for Blemish-Prone Skin 30ml,CeraVe,needs_manual_review,manual_review,0.55,same product_name appears under multiple brands; brands=Paula's Choice; The Ordinary
cultbeauty_186a67cbb05af8,cultbeauty,The Ordinary,CeraVe 3-Step Blemish Control and Moisturising Evening Routine for Oily to Blemish-Prone Skin with Salicylic Acid,CeraVe,needs_manual_review,manual_review,0.55,same product_name appears under multiple brands; brands=CeraVe; The Ordinary
cultbeauty_1d55a0e3c43290,cultbeauty,The Ordinary,CeraVe AM Facial Moisturising Lotion SPF30 with Ceramides for Normal to Dry Skin 52ml,CeraVe,needs_manual_review,manual_review,0.55,same product_name appears under multiple brands; brands=CeraVe; The Ordinary
cultbeauty_0cd1b57fe9ba88,cultbeauty,The Ordinary,CeraVe Blemish Clay To Foam Cleanser 118ml,CeraVe,needs_manual_review,manual_review,0.55,same product_name appears under multiple brands; brands=CeraVe; The Ordinary
cultbeauty_fac424d55747fb,cultbeauty,The Ordinary,CeraVe Blemish Control Face Cleanser with 2% Salicylic Acid & Niacinamide for Blemish-Prone Skin 236ml,CeraVe,needs_manual_review,manual_review,0.55,same product_name appears under multiple brands; brands=CeraVe; The Ordinary
cultbeauty_5c7ecfec40d08e,cultbeauty,The Ordinary,CeraVe Travel Size Foaming Cleanser for Oily Skin 88ml,CeraVe,needs_manual_review,manual_review,0.55,same product_name appears under multiple brands; brands=CeraVe; The Ordinary
cultbeauty_a47e7a50866fd3,cultbeauty,OSKIA,Chantecaille Purifying and Exfoliating Phytoactive Solution 100ml,Chantecaille,needs_manual_review,manual_review,0.55,same product_name appears under multiple brands; brands=Chantecaille; OSKIA
cultbeauty_6e55cccb4b06f9,cultbeauty,Westman Atelier,Chantecaille Ultra Sun Protection Sunscreen SPF45 - 40ml,Chantecaille,needs_manual_review,manual_review,0.55,same product_name appears under multiple brands; brands=Kerastase; Westman Atelier
cultbeauty_20dca995906ce1,cultbeauty,Anastasia Beverly Hills,Christophe Robin Shade Variation Conditioner with Florentina Iris 200ml,Christophe Robin,needs_manual_review,manual_review,0.55,same product_name appears under multiple brands; brands=Anastasia Beverly Hills; Christophe Robin; Kerastase
cultbeauty_d7a7378d8537b7,cultbeauty,Color Wow,Christophe Robin Detangling Hairbrush with Natural Boar-Bristle and Wood,Christophe Robin,needs_manual_review,manual_review,0.55,same product_name appears under multiple brands; brands=Aveda; Color Wow
cultbeauty_1e060681ffa7a2,cultbeauty,HUDA BEAUTY,Christophe Robin Fortifying Duo,Christophe Robin,needs_manual_review,manual_review,0.55,same product_name appears under multiple brands; brands=HUDA BEAUTY; Kerastase
cultbeauty_4f42e85e239101,cultbeauty,NARS,Christophe Robin Purifying Conditioner Gelée with Sea Minerals 200ml,Christophe Robin,needs_manual_review,manual_review,0.55,same product_name appears under multiple brands; brands=Christophe Robin; NARS
cultbeauty_6a01b428a011c2,cultbeauty,OUAI,Christophe Robin Cleansing Purifying Scrub with Sea Salt 250ml,Christophe Robin,needs_manual_review,manual_review,0.55,same product_name appears under multiple brands; brands=Christophe Robin; OUAI
cultbeauty_62479f7dd43d8e,cultbeauty,OUAI,Christophe Robin Delicate Volumising Shampoo with Rose Extracts 250ml,Christophe Robin,needs_manual_review,manual_review,0.55,same product_name appears under multiple brands; brands=Christophe Robin; OUAI
cultbeauty_6be89e3869d25c,cultbeauty,OUAI,Christophe Robin Fortifying Shampoo 250ml,Christophe Robin,needs_manual_review,manual_review,0.55,same product_name appears under multiple brands; brands=Christophe Robin; OUAI
cultbeauty_22f90b793ec4ac,cultbeauty,Paula's Choice,Christophe Robin Regenerating Mask 75ml,Christophe Robin,needs_manual_review,manual_review,0.55,same product_name appears under multiple brands; brands=Christophe Robin; Paula's Choice
cultbeauty_4c9e4a2bba913b,cultbeauty,UNITE Hair,Christophe Robin Shade Variation Shampoo with Florentina Iris 250ml,Christophe Robin,needs_manual_review,manual_review,0.55,same product_name appears under multiple brands; brands=Christophe Robin; Color Wow; UNITE Hair
cultbeauty_ccb6a766954467,cultbeauty,Fable & Mane,Coco & Eve Repairing & Restoring Shampoo and Conditioner Duo,Coco & Eve,needs_manual_review,manual_review,0.55,same product_name appears under multiple brands; brands=Coco & Eve; Fable & Mane
cultbeauty_eee214eef7c92c,cultbeauty,PATRICK TA,Coco & Eve Boost Therapy Hair Volumising Conditioner 280ml,Coco & Eve,needs_manual_review,manual_review,0.55,same product_name appears under multiple brands; brands=Coco & Eve; PATRICK TA
cultbeauty_ef8b3881f61f53,cultbeauty,PATRICK TA,Coco & Eve Super Hydrating Cream Conditioner 70ml,Coco & Eve,needs_manual_review,manual_review,0.55,same product_name appears under multiple brands; brands=L'Oréal Professionnel; PATRICK TA
cultbeauty_4fe0a5f5741749,cultbeauty,Sol de Janeiro,Coco & Eve Super Hydrating Shampoo 70ml,Coco & Eve,needs_manual_review,manual_review,0.55,same product_name appears under multiple brands; brands=Coco & Eve; Sol de Janeiro
cultbeauty_b2173aa972bca3,cultbeauty,St. Tropez,Coco & Eve Face Tanning Micromist 75ml,Coco & Eve,needs_manual_review,manual_review,0.55,same product_name appears under multiple brands; brands=Coco & Eve; St. Tropez
cultbeauty_cff9cd5662325f,cultbeauty,Summer Fridays,Coco & Eve Sweet Repair Repairing and Restoring Hair Mask 212ml,Coco & Eve,needs_manual_review,manual_review,0.55,same product_name appears under multiple brands; brands=Summer Fridays; Wella Professionals Care
cultbeauty_eb858644a7864a,cultbeauty,Summer Fridays,Coco & Eve Tan Boosting Anti-aging Body Oil SPF50,Coco & Eve,needs_manual_review,manual_review,0.55,same product_name appears under multiple brands; brands=Coco & Eve; Summer Fridays
cultbeauty_aef4bf3bda4051,cultbeauty,OUAI,Dermalogica Futurecode Booster Damage-Correcting Longevity Serum 30Ml,Dermalogica,needs_manual_review,manual_review,0.55,same product_name appears under multiple brands; brands=Dermalogica; OUAI
cultbeauty_914d5b3d725ff6,cultbeauty,Paula's Choice,Dermalogica Acne Biotic Moisturiser 50ml,Dermalogica,needs_manual_review,manual_review,0.55,same product_name appears under multiple brands; brands=Dermalogica; Paula's Choice
cultbeauty_4ca6bf2b770c69,cultbeauty,Westman Atelier,Dermalogica Pro Collagen Banking Water Cream 50ml,Dermalogica,needs_manual_review,manual_review,0.55,same product_name appears under multiple brands; brands=Dermalogica; Westman Atelier
cultbeauty_378c03a0c7dfa1,cultbeauty,Beauty of Joseon,Dr. Althea 147 Barrier Cream 50ml,Dr. Althea,needs_manual_review,manual_review,0.55,same product_name appears under multiple brands; brands=Beauty of Joseon; La Roche-Posay
cultbeauty_9ddffec2a99544,cultbeauty,Beauty of Joseon,Dr. Althea 345 Relief Cream 50ml,Dr. Althea,needs_manual_review,manual_review,0.55,same product_name appears under multiple brands; brands=Beauty of Joseon; La Roche-Posay
cultbeauty_a06a5c12ed9642,cultbeauty,PATRICK TA,Dr. Althea Aqua Blue Hydration Mask 28g*4pcs,Dr. Althea,needs_manual_review,manual_review,0.55,same product_name appears under multiple brands; brands=Beauty of Joseon; PATRICK TA
cultbeauty_9dd4940ad37dab,cultbeauty,PATRICK TA,Dr. Althea Cushion Veil Calming Mask 35g*4pcs,Dr. Althea,needs_manual_review,manual_review,0.55,same product_name appears under multiple brands; brands=Beauty of Joseon; PATRICK TA
cultbeauty_d0a7dea61273ea,cultbeauty,PATRICK TA,Dr. Althea Green Relief Amino Gel Cleanser 100ml,Dr. Althea,needs_manual_review,manual_review,0.55,same product_name appears under multiple brands; brands=Medik8; PATRICK TA
cultbeauty_ef768bcbd34f68,cultbeauty,PATRICK TA,Dr. Althea Pore Refresh Grinding Cleansing Balm 50ml,Dr. Althea,needs_manual_review,manual_review,0.55,same product_name appears under multiple brands; brands=Beauty Of Joseon; PATRICK TA
cultbeauty_4d48a1fa918090,cultbeauty,PATRICK TA,Dr. Althea Pure Grinding Cleansing Balm 50ml,Dr. Althea,needs_manual_review,manual_review,0.55,same product_name appears under multiple brands; brands=Beauty Of Joseon; PATRICK TA
cultbeauty_703c06ab05979a,cultbeauty,PATRICK TA,Dr. Althea Rapid Firm Sculpting Cream 45ml,Dr. Althea,needs_manual_review,manual_review,0.55,same product_name appears under multiple brands; brands=Kiehl's Since 1851; PATRICK TA
cultbeauty_b236182b2b3cc1,cultbeauty,The INKEY List,Dr. Althea Amino Acid Gentle Bubble Cleanser 140ml,Dr. Althea,needs_manual_review,manual_review,0.55,same product_name appears under multiple brands; brands=La Roche-Posay; The INKEY List
cultbeauty_1cc383a4d671bc,cultbeauty,The Ordinary,Dr. Althea Gentle Vitamin C Serum 30ml,Dr. Althea,needs_manual_review,manual_review,0.55,same product_name appears under multiple brands; brands=Beauty of Joseon; The Ordinary
cultbeauty_08c1cc9063708b,cultbeauty,innisfree,Dr. Althea Vitamin C Boosting Serum 30ml,Dr. Althea,needs_manual_review,manual_review,0.55,same product_name appears under multiple brands; brands=Anua; innisfree
cultbeauty_edeb4a7a3a25d7,cultbeauty,COSRX,Dr. Barbara Sturm Brightening Serum,Dr. Barbara Sturm,needs_manual_review,manual_review,0.55,same product_name appears under multiple brands; brands=COSRX; Dr. Barbara Sturm
cultbeauty_6ef6ba8b1e71b9,cultbeauty,Christophe Robin,Dr. Barbara Sturm Body Sun Cream SPF 30 150ml,Dr. Barbara Sturm,needs_manual_review,manual_review,0.55,same product_name appears under multiple brands; brands=Christophe Robin; RapidLash
cultbeauty_e1c02d350a19df,cultbeauty,HUDA BEAUTY,Dr. Barbara Sturm Baby & Kids Body Cream 150ml,Dr. Barbara Sturm,needs_manual_review,manual_review,0.55,same product_name appears under multiple brands; brands=HUDA BEAUTY; YSL
cultbeauty_369c99e02e8df1,cultbeauty,HUDA BEAUTY,Dr. Barbara Sturm Darker Skin Tones Discovery Kit,Dr. Barbara Sturm,needs_manual_review,manual_review,0.55,same product_name appears under multiple brands; brands=Estée Lauder; HUDA BEAUTY
cultbeauty_cd8cc9d9c56f74,cultbeauty,HUDA BEAUTY,Dr. Barbara Sturm Darker Skin Tones Face Cream 50ml,Dr. Barbara Sturm,needs_manual_review,manual_review,0.55,same product_name appears under multiple brands; brands=Dr. Barbara Sturm; HUDA BEAUTY; Redken
cultbeauty_006b19edefe712,cultbeauty,Hourglass,Dr. Barbara Sturm Clarifying Mask 50ml,Dr. Barbara Sturm,needs_manual_review,manual_review,0.55,same product_name appears under multiple brands; brands=Dr. Barbara Sturm; Hourglass
cultbeauty_fe1359a1267b79,cultbeauty,Kate Somerville,Dr. Barbara Sturm Ceramide Drops Face Oil 30ml,Dr. Barbara Sturm,needs_manual_review,manual_review,0.55,same product_name appears under multiple brands; brands=Dr. Barbara Sturm; Kate Somerville; Pai
cultbeauty_bc928f45240dd8,cultbeauty,Medik8,Dr. Barbara Sturm Clarifying Face Cream 50ml,Dr. Barbara Sturm,needs_manual_review,manual_review,0.55,same product_name appears under multiple brands; brands=Dr. Barbara Sturm; Medik8; Redken
cultbeauty_7a4d6e5fc95bcd,cultbeauty,Medik8,Dr. Barbara Sturm Cleanser 150ml,Dr. Barbara Sturm,needs_manual_review,manual_review,0.55,same product_name appears under multiple brands; brands=Dr. Barbara Sturm; Medik8
cultbeauty_f4d9c881d69fbe,cultbeauty,Medik8,Dr. Barbara Sturm Face Cream Rich 50ml,Dr. Barbara Sturm,needs_manual_review,manual_review,0.55,same product_name appears under multiple brands; brands=Dr. Barbara Sturm; Medik8
cultbeauty_f31c5281eab3a9,cultbeauty,Medik8,Dr. Barbara Sturm Super Anti-Aging Face Cream 50ml,Dr. Barbara Sturm,needs_manual_review,manual_review,0.55,same product_name appears under multiple brands; brands=Dr. Barbara Sturm; Medik8
cultbeauty_2ad2b96934666a,cultbeauty,Oribe,Dr. Barbara Sturm Anti-Hair Fall Scalp Serum 50ml,Dr. Barbara Sturm,needs_manual_review,manual_review,0.55,same product_name appears under multiple brands; brands=Kerastase; Oribe
cultbeauty_ed61983d7f7462,cultbeauty,Paula's Choice,Dr. Barbara Sturm The Good C Vitamin C Serum 30ml,Dr. Barbara Sturm,needs_manual_review,manual_review,0.55,same product_name appears under multiple brands; brands=Dermalogica; Dr. Barbara Sturm; Paula's Choice
cultbeauty_103a0c03a7572d,cultbeauty,Sunday Riley,Dr. Barbara Sturm Hydrating Face Mist 50ml,Dr. Barbara Sturm,needs_manual_review,manual_review,0.55,same product_name appears under multiple brands; brands=Caudalie; Sunday Riley
cultbeauty_ee42c045ea6c86,cultbeauty,Westman Atelier,Dr. Barbara Sturm Anti-Hair Fall Shampoo 250ml,Dr. Barbara Sturm,needs_manual_review,manual_review,0.55,same product_name appears under multiple brands; brands=Armani; Westman Atelier
cultbeauty_e348ce295643fa,cultbeauty,Beauty of Joseon,Dr.Jart+ Ceramidin Skin Barrier Moisturising Mask 22ml,Dr. Jart+,needs_manual_review,manual_review,0.55,same product_name appears under multiple brands; brands=Beauty of Joseon; lookfantastic Beauty Box
cultbeauty_f91392f05f40ee,cultbeauty,Beauty of Joseon,Dr.Jart+ Cryo Rubber™ Moisturizing Hydrogel Mask with Hyaluronic Acid,Dr. Jart+,needs_manual_review,manual_review,0.55,same product_name appears under multiple brands; brands=Beauty of Joseon; Dr.Jart+
cultbeauty_c6d17ee28dd0b3,cultbeauty,Beauty of Joseon,Dr.Jart+ Dermask Pore Remedy Purifying Mud Mask 24g,Dr. Jart+,needs_manual_review,manual_review,0.55,same product_name appears under multiple brands; brands=Beauty of Joseon; Dr.Jart+
cultbeauty_21ea298bd8b98e,cultbeauty,Beauty of Joseon,Dr.Jart+ Hydro Firming Mask with Hydrolysed Collagen 25g,Dr. Jart+,needs_manual_review,manual_review,0.55,same product_name appears under multiple brands; brands=Beauty of Joseon; Dr.Jart+
cultbeauty_46fcd6995bfe43,cultbeauty,COOLA,Dr.Jart+ Every Sun Day Ultra-Sheer Priming Sunscreen Stick SPF 50 19g,Dr. Jart+,needs_manual_review,manual_review,0.55,same product_name appears under multiple brands; brands=COOLA; La Roche-Posay
cultbeauty_a2e627bd70891d,cultbeauty,Caudalie,Dr.Jart+ Hydro Firming Mask with Hydrolysed Collagen 4 Pack,Dr. Jart+,needs_manual_review,manual_review,0.55,same product_name appears under multiple brands; brands=Caudalie; Dr.Jart+
cultbeauty_fca7663c9fcb99,cultbeauty,Glow Recipe,Dr.Jart+ Pore Remedy Renewing Foam Cleanser 150ml,Dr. Jart+,needs_manual_review,manual_review,0.55,same product_name appears under multiple brands; brands=Beauty of Joseon; Glow Recipe
cultbeauty_39744455321dbc,cultbeauty,HUDA BEAUTY,Dr.Jart+ Ceramidin Moisturising Hand Cream 100ml,Dr. Jart+,needs_manual_review,manual_review,0.55,same product_name appears under multiple brands; brands=Caudalie; HUDA BEAUTY
cultbeauty_f71551743eb5a2,cultbeauty,Kate Somerville,Dr.Jart+ Cryo Rubber Korean Hydrogel Face Mask – K-Glow Bundle (4 Pack),Dr. Jart+,needs_manual_review,manual_review,0.55,same product_name appears under multiple brands; brands=Dr.Jart+; Kate Somerville
cultbeauty_faffb9fc7919df,cultbeauty,Kosas,Dr.Jart+ Cryo Rubber™ Soothing Hydrogel Mask with Allantoin,Dr. Jart+,needs_manual_review,manual_review,0.55,same product_name appears under multiple brands; brands=Dr.Jart+; Kosas
cultbeauty_05b6a988add1e7,cultbeauty,LANEIGE,Dr.Jart+ Ceramidin Skin Barrier Serum Toner 150ml,Dr. Jart+,needs_manual_review,manual_review,0.55,same product_name appears under multiple brands; brands=LANEIGE; La Roche-Posay
cultbeauty_05e1ac1380b6fb,cultbeauty,La Roche-Posay,Dr.Jart+ Cicapair Intensive Soothing Tiger Grass Repair Cream 50ml,Dr. Jart+,needs_manual_review,manual_review,0.55,same product_name appears under multiple brands; brands=Dr.Jart+; La Roche-Posay
cultbeauty_d15544a0d77102,cultbeauty,Medik8,Dr. Jart+ Brightamin Brightening Eye Serum Stick,Dr. Jart+,needs_manual_review,manual_review,0.55,same product_name appears under multiple brands; brands=Kiehl's Since 1851; Medik8
cultbeauty_dce9f65dcc9d8d,cultbeauty,OUAI,Dr.Jart+ Ceramidin Milky Lotion 50ml,Dr. Jart+,needs_manual_review,manual_review,0.55,same product_name appears under multiple brands; brands=Dr.Jart+; OUAI
cultbeauty_0f2ceb086ca976,cultbeauty,PATRICK TA,Dr.Jart+ Ceramidin Skin Barrier Moisturising Sheet Mask 5 Pack,Dr. Jart+,needs_manual_review,manual_review,0.55,same product_name appears under multiple brands; brands=Dr.Jart+; PATRICK TA
cultbeauty_cad798d97e5661,cultbeauty,PATRICK TA,Dr.Jart+ Cryo Rubber™ Brightening Hydrogel Mask with Niacinamide,Dr. Jart+,needs_manual_review,manual_review,0.55,same product_name appears under multiple brands; brands=Dr.Jart+; PATRICK TA
cultbeauty_0c8967d4f59ccf,cultbeauty,PATRICK TA,Dr.Jart+ Cryo Sorbet™ Icy Facial Mask - 4 Pack,Dr. Jart+,needs_manual_review,manual_review,0.55,same product_name appears under multiple brands; brands=Biodance; PATRICK TA
cultbeauty_5c92cf6f070974,cultbeauty,PATRICK TA,Dr.Jart+ Vital Hydra Solution Hydrating Lip Mask 17g,Dr. Jart+,needs_manual_review,manual_review,0.55,same product_name appears under multiple brands; brands=LANEIGE; PATRICK TA
cultbeauty_fa3fd0f3d40784,cultbeauty,PIXI,Dr.Jart+ Vital Hydra Solution Pro Face Mask 26g,Dr. Jart+,needs_manual_review,manual_review,0.55,same product_name appears under multiple brands; brands=Dr.Jart+; PIXI
cultbeauty_0b9460227ce7cf,cultbeauty,Patchology,Dr.Jart+ Cicapair Intensive Soothing Repair Mask 25g,Dr. Jart+,needs_manual_review,manual_review,0.55,same product_name appears under multiple brands; brands=Dr.Jart+; Patchology
cultbeauty_db0fd4aad9b7c9,cultbeauty,Paula's Choice,Dr.Jart+ Korean Premium Beauty Balm SPF 50 40ml (Various Shades) 02 Light Medium-Medium,Dr. Jart+,needs_manual_review,manual_review,0.55,same product_name appears under multiple brands; brands=NARS; Paula's Choice
cultbeauty_ac658d17cb212a,cultbeauty,Summer Fridays,Dr.Jart+ Ceramidin Cream 15ml,Dr. Jart+,needs_manual_review,manual_review,0.55,same product_name appears under multiple brands; brands=La Roche-Posay; Summer Fridays
cultbeauty_722c16107b7697,cultbeauty,Summer Fridays,Dr.Jart+ Vital Hydra Solution™ Hydrating Lip Mask Bubble Gum 17g,Dr. Jart+,needs_manual_review,manual_review,0.55,same product_name appears under multiple brands; brands=LANEIGE; Summer Fridays
cultbeauty_0b5ca695f3ada8,cultbeauty,The Ordinary,Dr. Jart+ Brightamin Brightening Serum Ampoule,Dr. Jart+,needs_manual_review,manual_review,0.55,same product_name appears under multiple brands; brands=Medik8; The Ordinary
cultbeauty_0b100452d516f1,cultbeauty,The Ordinary,Dr.Jart+ Every Sun Day Ultra Sheer Priming Sunscreen Stick SPF 30 20g,Dr. Jart+,needs_manual_review,manual_review,0.55,same product_name appears under multiple brands; brands=La Roche-Posay; The Ordinary
cultbeauty_ddbac5d601bc64,cultbeauty,Ultra Violette,Dr.Jart+ Ceramidin Lip Balm 7ml,Dr. Jart+,needs_manual_review,manual_review,0.55,same product_name appears under multiple brands; brands=La Roche-Posay; Ultra Violette
cultbeauty_3110d848168adf,cultbeauty,Westman Atelier,Dr. Jart+ Sheet Mask Bundle,Dr. Jart+,needs_manual_review,manual_review,0.55,same product_name appears under multiple brands; brands=Dr.Jart+; Westman Atelier
cultbeauty_87c9aa6714e513,cultbeauty,Medik8,Dr. LEVY Switzerland Radical3 Reboot Pro Peel 50ml,Dr. LEVY Switzerland,needs_manual_review,manual_review,0.55,same product_name appears under multiple brands; brands=Embryolisse; Medik8
cultbeauty_fe5af0482c81bd,cultbeauty,HUDA BEAUTY,Dr. Loretta Anti-Aging Repair Moisturiser 50ml,Dr. Loretta,needs_manual_review,manual_review,0.55,same product_name appears under multiple brands; brands=Dr. Loretta; HUDA BEAUTY
cultbeauty_172886c1db9f8f,cultbeauty,HUDA BEAUTY,Dr. Loretta Tightening Detox Mask 50ml,Dr. Loretta,needs_manual_review,manual_review,0.55,same product_name appears under multiple brands; brands=HUDA BEAUTY; The Ordinary
cultbeauty_bf89d3a11e7426,cultbeauty,Kiehl's Since 1851,Dr. Loretta Barrier Repair Gel Cream 50ml,Dr. Loretta,needs_manual_review,manual_review,0.55,same product_name appears under multiple brands; brands=BIOEFFECT; Dr. Loretta; Kiehl's Since 1851
cultbeauty_4b55821c19e12f,cultbeauty,Medik8,Dr. Loretta Micro Peel Peptide Pads With Glycolic Acid 60 Pads,Dr. Loretta,needs_manual_review,manual_review,0.55,same product_name appears under multiple brands; brands=Dr Dennis Gross; Medik8
cultbeauty_c21a71a2be87a4,cultbeauty,NARS,Dr. Loretta Gentle Hydrating Cleanser 100ml,Dr. Loretta,needs_manual_review,manual_review,0.55,same product_name appears under multiple brands; brands=Dr. Loretta; NARS
cultbeauty_a9e47f0dccb192,cultbeauty,PATRICK TA,Dr. Loretta Tightening Eye Gel 20ml,Dr. Loretta,needs_manual_review,manual_review,0.55,same product_name appears under multiple brands; brands=Dr. Loretta; PATRICK TA; Peter Thomas Roth
cultbeauty_cf78b46bb22cba,cultbeauty,Caudalie,Drunk Elephant Sweet Pitti Deodorant Cream,Drunk Elephant,needs_manual_review,manual_review,0.55,same product_name appears under multiple brands; brands=Caudalie; Vichy
cultbeauty_7986213c193cc7,cultbeauty,Kiehl's Since 1851,Drunk Elephant C-Tango Multivitamin Cream 15ml,Drunk Elephant,needs_manual_review,manual_review,0.55,same product_name appears under multiple brands; brands=Drunk Elephant; Kiehl's Since 1851
cultbeauty_ecc7b51baae964,cultbeauty,Kiehl's Since 1851,Drunk Elephant Ceramide Eye Cream 15ml,Drunk Elephant,needs_manual_review,manual_review,0.55,same product_name appears under multiple brands; brands=Clinique; Kiehl's Since 1851
cultbeauty_90e6d6d45aca61,cultbeauty,Medik8,Drunk Elephant C-Luma Hydrabright Serum 30ml,Drunk Elephant,needs_manual_review,manual_review,0.55,same product_name appears under multiple brands; brands=Drunk Elephant; Medik8
cultbeauty_84341fd8a5ad48,cultbeauty,Paula's Choice,Drunk Elephant Brightfacial Peptide Mask,Drunk Elephant,needs_manual_review,manual_review,0.55,same product_name appears under multiple brands; brands=Drunk Elephant; Paula's Choice
cultbeauty_c24199de87c208,cultbeauty,Dr Dennis Gross,Déesse Pro LED Phototherapy Mask,Déesse Pro,needs_manual_review,manual_review,0.55,same product_name appears under multiple brands; brands=Dr Dennis Gross; Déesse Pro; Sensse
cultbeauty_b1cfae130a4f5c,cultbeauty,Beauty Of Joseon,Elemis Pro-Collagen Green Fig Cleansing Balm 20g,ELEMIS,needs_manual_review,manual_review,0.55,same product_name appears under multiple brands; brands=Beauty Of Joseon; Elemis
cultbeauty_4ef3c60bfb9526,cultbeauty,Biossance,ELEMIS Superfood Facial Oil 15ml,ELEMIS,needs_manual_review,manual_review,0.55,same product_name appears under multiple brands; brands=Biossance; Elemis
cultbeauty_08308c828796fa,cultbeauty,Decree,Elemis Pro-Collagen Hydra-Gel Mask 6pk,ELEMIS,needs_manual_review,manual_review,0.55,same product_name appears under multiple brands; brands=Decree; Elemis
cultbeauty_e719661389a002,cultbeauty,HUDA BEAUTY,Elemis Pro-Collagen Marine Body Cream 50ml,ELEMIS,needs_manual_review,manual_review,0.55,same product_name appears under multiple brands; brands=Elemis; HUDA BEAUTY
cultbeauty_3e3886ad582d61,cultbeauty,HUDA BEAUTY,Elemis Pro-Collagen Skin Protection Fluid SPF50 15ml,ELEMIS,needs_manual_review,manual_review,0.55,same product_name appears under multiple brands; brands=Elemis; HUDA BEAUTY
cultbeauty_021d5d89dd56fb,cultbeauty,HUDA BEAUTY,Elemis Pro-Collagen Vitality Eye Cream 15ml,ELEMIS,needs_manual_review,manual_review,0.55,same product_name appears under multiple brands; brands=Elemis; HUDA BEAUTY
cultbeauty_a609e16bc6880b,cultbeauty,Kate Somerville,Elemis Pro-Collagen Hydrating Cleansing Mousse 30ml,ELEMIS,needs_manual_review,manual_review,0.55,same product_name appears under multiple brands; brands=Kate Somerville; lookfantastic Beauty Box
cultbeauty_2706e613aa6d22,cultbeauty,Medik8,Elemis Pro-Collagen Body Cleansing Balm 300ml,ELEMIS,needs_manual_review,manual_review,0.55,same product_name appears under multiple brands; brands=Elemis; Medik8
cultbeauty_3581ceb91974fa,cultbeauty,PATRICK TA,Elemis Nourishing Omega-Rich Cleansing Oil 195ml,ELEMIS,needs_manual_review,manual_review,0.55,same product_name appears under multiple brands; brands=Elemis; PATRICK TA
cultbeauty_50bae07f183e37,cultbeauty,PATRICK TA,Elemis Pro-Collagen Marine Body Cream 200ml,ELEMIS,needs_manual_review,manual_review,0.55,same product_name appears under multiple brands; brands=Elemis; PATRICK TA
cultbeauty_bf1ca6efb4e435,cultbeauty,Paula's Choice,ELEMIS Pro-Collagen Cleansing Balm 100g,ELEMIS,needs_manual_review,manual_review,0.55,same product_name appears under multiple brands; brands=Elemis; Paula's Choice
cultbeauty_2dfa64acc900cf,cultbeauty,Summer Fridays,Elemis Pro-Collagen Cleansing Balm 20g,ELEMIS,needs_manual_review,manual_review,0.55,same product_name appears under multiple brands; brands=Clinique; Elemis; Summer Fridays
cultbeauty_0191b22584a44f,cultbeauty,Caudalie,Embryolisse Micellar Water 250ml,EMBRYOLISSE,needs_manual_review,manual_review,0.55,same product_name appears under multiple brands; brands=Caudalie; Embryolisse
cultbeauty_942c870a4afce6,cultbeauty,Alpha-H,ESPA Overnight Glow Enzyme Peel 30ml,ESPA,needs_manual_review,manual_review,0.55,same product_name appears under multiple brands; brands=Alpha-H; ESPA; Elemis
cultbeauty_6d545c4b5c5c1e,cultbeauty,Charlotte Tilbury,ESPA Overnight Hydration Therapy Cream 55ml,ESPA,needs_manual_review,manual_review,0.55,same product_name appears under multiple brands; brands=Charlotte Tilbury; Medik8
cultbeauty_53fb029647c0fc,cultbeauty,Elemis,ESPA Signature Blends Aromatherapy Bath and Body Oil Collection,ESPA,needs_manual_review,manual_review,0.55,same product_name appears under multiple brands; brands=Aromatherapy Associates; ESPA; Elemis
cultbeauty_fad9dc43be5400,cultbeauty,HUDA BEAUTY,ESPA Limited Edition Neroli & Mandarin Hand Lotion 250ml,ESPA,needs_manual_review,manual_review,0.55,same product_name appears under multiple brands; brands=ESPA; HUDA BEAUTY
cultbeauty_7716add28a24f9,cultbeauty,HUDA BEAUTY,ESPA Limited Edition Neroli & Mandarin Hand Wash 250ml,ESPA,needs_manual_review,manual_review,0.55,same product_name appears under multiple brands; brands=ESPA; HUDA BEAUTY
cultbeauty_291740d12625d0,cultbeauty,HUDA BEAUTY,ESPA Restful Pillow Mist 100ml,ESPA,needs_manual_review,manual_review,0.55,same product_name appears under multiple brands; brands=ESPA; HUDA BEAUTY; this works
cultbeauty_de28f72e818460,cultbeauty,HUDA BEAUTY,ESPA Tri-Active Resilience ProBiome Eye Cream,ESPA,needs_manual_review,manual_review,0.55,same product_name appears under multiple brands; brands=ESPA; HUDA BEAUTY
cultbeauty_a6cbb9a40f4843,cultbeauty,Medik8,ESPA Invigorating Face Wash 150ml,ESPA,needs_manual_review,manual_review,0.55,same product_name appears under multiple brands; brands=ESPA; Medik8
cultbeauty_2a1517b41c5a18,cultbeauty,NARS,ESPA Detoxifying Salt Scrub 500g,ESPA,needs_manual_review,manual_review,0.55,same product_name appears under multiple brands; brands=ESPA; NARS
cultbeauty_bc230984203c0c,cultbeauty,NARS,ESPA Positivity Bath and Shower Gel 250ml,ESPA,needs_manual_review,manual_review,0.55,same product_name appears under multiple brands; brands=ESPA; NARS
cultbeauty_5934365c5394c4,cultbeauty,NUXE,ESPA Yuzu & Ginger Cleansing Sorbet 100ml,ESPA,needs_manual_review,manual_review,0.55,same product_name appears under multiple brands; brands=Clinique; NUXE
cultbeauty_16bbd7f05033ba,cultbeauty,Paula's Choice,ESPA Optimal Skin Pro-Moisturiser 55ml,ESPA,needs_manual_review,manual_review,0.55,same product_name appears under multiple brands; brands=ESPA; Paula's Choice
cultbeauty_f76e7c22270344,cultbeauty,The Ordinary,ESPA Tri-Active Regenerating Bio-Retinol Sleeping Serum 30ml,ESPA,needs_manual_review,manual_review,0.55,same product_name appears under multiple brands; brands=ESPA; The Ordinary
cultbeauty_de12a4ae174ce7,cultbeauty,Avène,Elizabeth Arden Eight Hour Miracle Hydrating Mist 100ml,Elizabeth Arden,needs_manual_review,manual_review,0.55,same product_name appears under multiple brands; brands=Avène; Elizabeth Arden
cultbeauty_ee0a554b0410ee,cultbeauty,Elemis,Emma Hardie Midas Touch Revitalising Eye Serum 15ml,Emma Hardie,needs_manual_review,manual_review,0.55,same product_name appears under multiple brands; brands=Elemis; Kerastase
cultbeauty_91b9b5cf9623fa,cultbeauty,OSKIA,Emma Hardie Moringa Light Cleansing Gel 100ml,Emma Hardie,needs_manual_review,manual_review,0.55,same product_name appears under multiple brands; brands=Emma Hardie; OSKIA
cultbeauty_21d0fcb0c78c44,cultbeauty,Pai,Emma Hardie Brilliance Facial Oil 30ml,Emma Hardie,needs_manual_review,manual_review,0.55,same product_name appears under multiple brands; brands=Emma Hardie; Pai
cultbeauty_acd79d3bdba1b0,cultbeauty,Sarah Chapman,Emma Hardie Professional Cleansing Cloths (3 Pack),Emma Hardie,needs_manual_review,manual_review,0.55,same product_name appears under multiple brands; brands=Eve Lom; Sarah Chapman
cultbeauty_d65c6b7e9d98b5,cultbeauty,Anua,Erborian Glow Moisturiser 50ml,Erborian,needs_manual_review,manual_review,0.55,same product_name appears under multiple brands; brands=Anua; Erborian
cultbeauty_df6e3a6a9564aa,cultbeauty,Medik8,Erborian Centella Cleansing Oil - 180ml,Erborian,needs_manual_review,manual_review,0.55,same product_name appears under multiple brands; brands=Erborian; Medik8
cultbeauty_78828278fda2cb,cultbeauty,PATRICK TA,Erborian Ginseng Micro Shot Advanced 0.3% Serum 10ml,Erborian,needs_manual_review,manual_review,0.55,same product_name appears under multiple brands; brands=Erborian; PATRICK TA
cultbeauty_acca2cda216c4a,cultbeauty,PATRICK TA,Erborian Ginseng Micro Shot Advanced 0.3% Serum 30ml,Erborian,needs_manual_review,manual_review,0.55,same product_name appears under multiple brands; brands=Erborian; PATRICK TA
cultbeauty_5c172f36193420,cultbeauty,PATRICK TA,Erborian Matte Moisturiser 50ml,Erborian,needs_manual_review,manual_review,0.55,same product_name appears under multiple brands; brands=Beauty Works; PATRICK TA
cultbeauty_48f890fcd6516d,cultbeauty,PATRICK TA,Erborian Water Serum 30ml,Erborian,needs_manual_review,manual_review,0.55,same product_name appears under multiple brands; brands=Erborian; PATRICK TA
cultbeauty_41b4a7e71bb630,cultbeauty,Paula's Choice,Erborian Centella Cleansing Gel - 180ml,Erborian,needs_manual_review,manual_review,0.55,same product_name appears under multiple brands; brands=Erborian; Paula's Choice
cultbeauty_6bd332240586dc,cultbeauty,Paula's Choice,Erborian Matte Moisturiser 20ml,Erborian,needs_manual_review,manual_review,0.55,same product_name appears under multiple brands; brands=Dermalogica; Paula's Choice
cultbeauty_d802a1c34b82d0,cultbeauty,Fenty Beauty,Fenty Skin Cherry Dub Toner 150ml,FENTY SKIN,needs_manual_review,manual_review,0.55,same product_name appears under multiple brands; brands=Fenty Beauty; Lancôme
cultbeauty_4a7134e80a2a20,cultbeauty,Fenty Beauty,Fenty Skin Hydra Vizor Mini Mineral SPF 30 Sunscreen Moisturiser 30ml,FENTY SKIN,needs_manual_review,manual_review,0.55,same product_name appears under multiple brands; brands=Fenty Beauty; Fenty Skin
cultbeauty_7912a50f550d60,cultbeauty,Glow Recipe,Fenty Skin Dew N Plump Hydrating Face Mist,FENTY SKIN,needs_manual_review,manual_review,0.55,same product_name appears under multiple brands; brands=Avène; Glow Recipe
cultbeauty_6d5c7e351a3f32,cultbeauty,Glow Recipe,Fenty Skin Fat Water Pore-Refining Toner Serum 150ml,FENTY SKIN,needs_manual_review,manual_review,0.55,same product_name appears under multiple brands; brands=Glow Recipe; Kiehl's Since 1851
cultbeauty_aca80b0ed85565,cultbeauty,Glow Recipe,Fenty Skin Mini Fat Water Niacinamide Pore-Refining Toner Serum with Barbados Cherry 50ml,FENTY SKIN,needs_manual_review,manual_review,0.55,same product_name appears under multiple brands; brands=Beauty of Joseon; Glow Recipe
cultbeauty_035082089625dd,cultbeauty,Glow Recipe,Fenty Skin Total Cleans'R Remove-It-All Cleanser 45ml,FENTY SKIN,needs_manual_review,manual_review,0.55,same product_name appears under multiple brands; brands=Fenty Skin; Glow Recipe
cultbeauty_a46aceed93ecb8,cultbeauty,HUDA BEAUTY,Fenty Skin Hydra Vizor Broad Spectrum SPF 15 Sunscreen Hand Cream 40ml,FENTY SKIN,needs_manual_review,manual_review,0.55,same product_name appears under multiple brands; brands=Beauty of Joseon; HUDA BEAUTY
cultbeauty_164a51ff6366ce,cultbeauty,Kiehl's Since 1851,Fenty Skin Thicc N Smooth Rich Peptide Eye Cream 15ml,FENTY SKIN,needs_manual_review,manual_review,0.55,same product_name appears under multiple brands; brands=Kiehl's Since 1851; YSL
cultbeauty_ab4ae60a69e676,cultbeauty,Kora Organics,Fenty Skin Cookies N Clean Intensive Pore + Blackhead Face Scrub 100g,FENTY SKIN,needs_manual_review,manual_review,0.55,same product_name appears under multiple brands; brands=Clinique; Kora Organics
cultbeauty_4573f9cb09a669,cultbeauty,PATRICK TA,"Fenty Skin Big Dripp'r Body Wash Hey, Bouquet 350ml",FENTY SKIN,needs_manual_review,manual_review,0.55,same product_name appears under multiple brands; brands=PATRICK TA; Redken
cultbeauty_cac70e9b6d5d41,cultbeauty,PATRICK TA,Fenty Skin Blemish Defeat'R Bha Spot Targeting Gel 15ml,FENTY SKIN,needs_manual_review,manual_review,0.55,same product_name appears under multiple brands; brands=L'Oréal Paris; PATRICK TA
cultbeauty_6d956ce7b45704,cultbeauty,PATRICK TA,Fenty Skin Butta Drop Hydrating Body Milk 185ml,FENTY SKIN,needs_manual_review,manual_review,0.55,same product_name appears under multiple brands; brands=Kylie Cosmetics; PATRICK TA
cultbeauty_1c071082bb3b78,cultbeauty,PATRICK TA,Fenty Skin Butta Drop Whipped Oil Body Cream 75ml,FENTY SKIN,needs_manual_review,manual_review,0.55,same product_name appears under multiple brands; brands=OUAI; PATRICK TA
cultbeauty_35ba0fec7be118,cultbeauty,PATRICK TA,Fenty Skin Cherry Dub Superfine Daily Cleansing Face Scrub 100ml,FENTY SKIN,needs_manual_review,manual_review,0.55,same product_name appears under multiple brands; brands=NARS; PATRICK TA
cultbeauty_f0a27c5869d863,cultbeauty,PATRICK TA,Fenty Skin Cookies N Clean Whipped Clay Pore Detox Face Mask with Salicylic Acid + Charcoal 75ml,FENTY SKIN,needs_manual_review,manual_review,0.55,same product_name appears under multiple brands; brands=ESPA; PATRICK TA
cultbeauty_19d4e404fa7201,cultbeauty,PATRICK TA,Fenty Skin Dew N Plump Hydrating Nectar Glow Serum 30ml,FENTY SKIN,needs_manual_review,manual_review,0.55,same product_name appears under multiple brands; brands=Kylie Cosmetics; PATRICK TA
cultbeauty_b32598d9878427,cultbeauty,PATRICK TA,"Fenty Skin Dew N Plump Hydrating Slushie Face Mask, 75g",FENTY SKIN,needs_manual_review,manual_review,0.55,same product_name appears under multiple brands; brands=Fenty Skin; PATRICK TA
cultbeauty_a538da8b6dbe07,cultbeauty,PATRICK TA,Fenty Skin Exclusive Butta Drop Vanilla Dream Whipped Oil Body Cream 200ml,FENTY SKIN,needs_manual_review,manual_review,0.55,same product_name appears under multiple brands; brands=Fenty Skin; PATRICK TA
cultbeauty_5a7fc926b1acfe,cultbeauty,PATRICK TA,Fenty Skin Fat Water Hydrating Milky Toner Essence 150ml,FENTY SKIN,needs_manual_review,manual_review,0.55,same product_name appears under multiple brands; brands=Kiehl's Since 1851; PATRICK TA
cultbeauty_aed70dd77ce269,cultbeauty,PATRICK TA,Fenty Skin Guava Goodiez Lip + Mini Set - Guava Getaway,FENTY SKIN,needs_manual_review,manual_review,0.55,same product_name appears under multiple brands; brands=Fenty Skin; PATRICK TA
cultbeauty_80c49f31465535,cultbeauty,PATRICK TA,Fenty Skin Hydra Vizor Huez Tinted Moisturiser Broad Spectrum Mineral SPF 30 Sunscreen 50ml (Various Shades) Shade 1,FENTY SKIN,needs_manual_review,manual_review,0.55,same product_name appears under multiple brands; brands=NARS; PATRICK TA
cultbeauty_050a118c713920,cultbeauty,PATRICK TA,Fenty Skin Hydra’Reset Intensive Recovery Glycerin Hand Mask 75ml,FENTY SKIN,needs_manual_review,manual_review,0.55,same product_name appears under multiple brands; brands=BEAUTYPRO; PATRICK TA
cultbeauty_a211bb0afbbeb5,cultbeauty,PATRICK TA,Fenty Skin Plush Puddin' Intensive Recovery Lip Mask 15g (Various Shades) Barbados Cherry,FENTY SKIN,needs_manual_review,manual_review,0.55,same product_name appears under multiple brands; brands=LANEIGE; PATRICK TA
cultbeauty_968bc27bb63d6e,cultbeauty,PATRICK TA,"Fenty Skin Rich Dip Bubble Bath Hey, Bouquet 350ml",FENTY SKIN,needs_manual_review,manual_review,0.55,same product_name appears under multiple brands; brands=ESPA; PATRICK TA
cultbeauty_4d233c8071d58e,cultbeauty,PATRICK TA,Fenty Skin Rich Dip Bubble Bath Vanilla Flower 350ml,FENTY SKIN,needs_manual_review,manual_review,0.55,same product_name appears under multiple brands; brands=Beauty of Joseon; PATRICK TA
cultbeauty_b1cd25ab2d60a3,cultbeauty,PATRICK TA,Fenty Skin The Fenty Skin Soap Dish,FENTY SKIN,needs_manual_review,manual_review,0.55,same product_name appears under multiple brands; brands=PATRICK TA; Ultrasun
cultbeauty_68c73cad54df18,cultbeauty,Summer Fridays,Fenty Skin Butta Drop Whipped Oil Body Cream with Tropical Oils + Butters- 200ml,FENTY SKIN,needs_manual_review,manual_review,0.55,same product_name appears under multiple brands; brands=Fenty Skin; Summer Fridays
cultbeauty_6353a211d4be77,cultbeauty,Summer Fridays,Fenty Skin Fenty Treatz Hydrating + Strengthening Lip Oil 5.6ml (Various Shades) Black Cherry,FENTY SKIN,needs_manual_review,manual_review,0.55,same product_name appears under multiple brands; brands=Kylie Skin; Summer Fridays
cultbeauty_85f917597e0f67,cultbeauty,Summer Fridays,Fenty Skin Lux Balm Ultra-Hydrating Cherry Lip Balm 5g,FENTY SKIN,needs_manual_review,manual_review,0.55,same product_name appears under multiple brands; brands=La Roche-Posay; Summer Fridays
cultbeauty_46a23f68858e75,cultbeauty,The Ordinary,Fenty Skin Hydra Vizor Refillable Case,FENTY SKIN,needs_manual_review,manual_review,0.55,same product_name appears under multiple brands; brands=Neutrogena; The Ordinary
cultbeauty_f9b366bcde000f,cultbeauty,Fenty Skin,Fenty Skin Body Start'r Set,FENTY SKIN body,needs_manual_review,manual_review,0.55,same product_name appears under multiple brands; brands=Fenty Skin; NUXE
cultbeauty_e8fac14c7e68be,cultbeauty,BLEACH LONDON,FOREO Supercharged Firming Body Serum 100ml,FOREO,needs_manual_review,manual_review,0.55,same product_name appears under multiple brands; brands=BLEACH LONDON; Weleda
cultbeauty_fabbdeb12e98a6,cultbeauty,Medik8,FOREO SUPERCHARGED Triple-Action Firming Serum 30ml,FOREO,needs_manual_review,manual_review,0.55,same product_name appears under multiple brands; brands=Medik8; The Ordinary
cultbeauty_3378cd4568f55d,cultbeauty,PATRICK TA,FOREO FAQ Glass Skin Collagen Face Mask,FOREO,needs_manual_review,manual_review,0.55,same product_name appears under multiple brands; brands=FOREO; PATRICK TA
cultbeauty_8dffb56879e336,cultbeauty,Aesop,FaceGym Hydro-Bound Hydrating Hyaluronic Acid and Niacinamide Serum 30ml,FaceGym,needs_manual_review,manual_review,0.55,same product_name appears under multiple brands; brands=Aesop; Emma Hardie
cultbeauty_65ea0458fc82de,cultbeauty,HUDA BEAUTY,FaceGym Active Collagen Wonder Serum with Phyto-Retinol and Hyaluronic Acid 30ml,FaceGym,needs_manual_review,manual_review,0.55,same product_name appears under multiple brands; brands=Garnier; HUDA BEAUTY
cultbeauty_4ad9a7e35239cd,cultbeauty,HUDA BEAUTY,FaceGym Electro-lite Energizing and Brightening Gel Cleanser 100ml,FaceGym,needs_manual_review,manual_review,0.55,same product_name appears under multiple brands; brands=Estée Lauder; HUDA BEAUTY
cultbeauty_1713e267c89fdf,cultbeauty,HUDA BEAUTY,FaceGym Facial Cupping Set,FaceGym,needs_manual_review,manual_review,0.55,same product_name appears under multiple brands; brands=HUDA BEAUTY; NARS
cultbeauty_d73f5cfa583a99,cultbeauty,HUDA BEAUTY,FaceGym Liftwear Lift and Brighten Vitamin C and Bioferment Gel-Cream 50ml,FaceGym,needs_manual_review,manual_review,0.55,same product_name appears under multiple brands; brands=HUDA BEAUTY; RapidLash
cultbeauty_e50c8f7f08b0d3,cultbeauty,PATRICK TA,FaceGym Active Blast Instant Release Collagen Booster Spheres - 7 Days,FaceGym,needs_manual_review,manual_review,0.55,same product_name appears under multiple brands; brands=PATRICK TA; The Ordinary
cultbeauty_abb129478ff8e2,cultbeauty,The Ordinary,FaceGym Active Collagen Wonder Moisturiser with Triple Peptide Complex 45ml,FaceGym,needs_manual_review,manual_review,0.55,same product_name appears under multiple brands; brands=Olaplex; The Ordinary
cultbeauty_60a564ca0d3217,cultbeauty,The Ordinary,FaceGym Face Coach Lifting Q10 and Mastic Tree Enzymatically-Activated Face Oil 30ml,FaceGym,needs_manual_review,manual_review,0.55,same product_name appears under multiple brands; brands=Joico; The Ordinary
cultbeauty_18ed0c60a1d22d,cultbeauty,Charlotte Tilbury,Fenty Beauty Pro Filt'R Mini Soft Matte Longwear Foundation 12ml (Various Shades) 470,Fenty Beauty,needs_manual_review,manual_review,0.55,same product_name appears under multiple brands; brands=Charlotte Tilbury; NARS
cultbeauty_1deae6471eb83e,cultbeauty,HUDA BEAUTY,FENTY BEAUTY BRIGHT FIX INSTANT BRIGHTENING + BLURRING POWDER PEACH,Fenty Beauty,needs_manual_review,manual_review,0.55,same product_name appears under multiple brands; brands=Fenty Beauty; HUDA BEAUTY
cultbeauty_01a6ed2f6feb71,cultbeauty,HUDA BEAUTY,Fenty Beauty Body Sauce Body Luminizing Tint 95ml (Various Shades) Agave Spice,Fenty Beauty,needs_manual_review,manual_review,0.55,same product_name appears under multiple brands; brands=HUDA BEAUTY; Vita Liberata
cultbeauty_863351475bde18,cultbeauty,HUDA BEAUTY,Fenty Beauty Fenty Icon The Case Semi-Matte Refillable Lipstick- Metallic Nude,Fenty Beauty,needs_manual_review,manual_review,0.55,same product_name appears under multiple brands; brands=HUDA BEAUTY; KIKO Milano
cultbeauty_423a9e0546a644,cultbeauty,HUDA BEAUTY,Fenty Beauty Fenty Icon The Case: Semi-Matte Refillable Lipstick- Red Edition,Fenty Beauty,needs_manual_review,manual_review,0.55,same product_name appears under multiple brands; brands=HUDA BEAUTY; NYX Professional Makeup
cultbeauty_8fc12c28f4aa98,cultbeauty,HUDA BEAUTY,Fenty Beauty Gloss Bomb Universal Lip Luminizer 9ml (Various Shades) Fuchsia Flex,Fenty Beauty,needs_manual_review,manual_review,0.55,same product_name appears under multiple brands; brands=Fenty Beauty; HUDA BEAUTY
cultbeauty_005b71af3d50e3,cultbeauty,HUDA BEAUTY,Fenty Beauty Invisimatte Instant Setting + Blotting Powder 8.5g,Fenty Beauty,needs_manual_review,manual_review,0.55,same product_name appears under multiple brands; brands=HUDA BEAUTY; KIKO Milano
cultbeauty_2f7decb21eee06,cultbeauty,HUDA BEAUTY,Fenty Beauty Invisimatte Instant Setting + Blotting Powder Refill 8.5g,Fenty Beauty,needs_manual_review,manual_review,0.55,same product_name appears under multiple brands; brands=HUDA BEAUTY; Laura Mercier
cultbeauty_0ad88e4ae293e8,cultbeauty,HUDA BEAUTY,Fenty Beauty Killawatt Freestyle Highlighter (Various Shades) Wattabrat,Fenty Beauty,needs_manual_review,manual_review,0.55,same product_name appears under multiple brands; brands=HUDA BEAUTY; MAC
cultbeauty_5861fbf1defa28,cultbeauty,HUDA BEAUTY,Fenty Beauty Match Stix Contour Skinstick 7.1g (Various Shades) Amber,Fenty Beauty,needs_manual_review,manual_review,0.55,same product_name appears under multiple brands; brands=HUDA BEAUTY; NARS
cultbeauty_cf512b40aebff0,cultbeauty,HUDA BEAUTY,Fenty Beauty PRO FILT'R Soft Matte Longwear Foundation 32ml (Various Shades),Fenty Beauty,needs_manual_review,manual_review,0.55,same product_name appears under multiple brands; brands=HUDA BEAUTY; NARS
cultbeauty_2c06e79dea179c,cultbeauty,HUDA BEAUTY,Fenty Beauty Pro Filt'R Instant Retouch Concealer 8ml (Various Shades) 120,Fenty Beauty,needs_manual_review,manual_review,0.55,same product_name appears under multiple brands; brands=HUDA BEAUTY; NARS
cultbeauty_858f16f1159a9f,cultbeauty,HUDA BEAUTY,Fenty Beauty Pro Filt'R Soft Matte Powder Foundation 9.1g (Various Shades),Fenty Beauty,needs_manual_review,manual_review,0.55,same product_name appears under multiple brands; brands=HUDA BEAUTY; NARS
cultbeauty_157fbbfbc6bfc9,cultbeauty,HUDA BEAUTY,Fenty Beauty Soft'Lit Naturally Luminous Longwear Foundation 32ml (Various Shades) 265,Fenty Beauty,needs_manual_review,manual_review,0.55,same product_name appears under multiple brands; brands=Armani; HUDA BEAUTY
cultbeauty_58d39e14f25d46,cultbeauty,HUDA BEAUTY,Fenty Beauty Sun Stalk'R Soufflé Pressed Mousse Cream Bronzer 15g (Various Shades) Maple Glaze,Fenty Beauty,needs_manual_review,manual_review,0.55,same product_name appears under multiple brands; brands=Color Wow; HUDA BEAUTY
cultbeauty_8f87bdae4101ec,cultbeauty,HUDA BEAUTY,Fenty Beauty Trace'D Out Pencil Lip Liner 1.24g (Various Shades) Brown'D Out,Fenty Beauty,needs_manual_review,manual_review,0.55,same product_name appears under multiple brands; brands=HUDA BEAUTY; MAC
cultbeauty_9c34310289d773,cultbeauty,HUDA BEAUTY,Fenty Beauty You Mist Setting Spray 100ml,Fenty Beauty,needs_manual_review,manual_review,0.55,same product_name appears under multiple brands; brands=Fenty Beauty; HUDA BEAUTY
cultbeauty_3ea0fd0515ed8a,cultbeauty,Hourglass,Fenty Beauty We'Re Even Hydrating Longwear Concealer 9ml (Various Shades) 100C,Fenty Beauty,needs_manual_review,manual_review,0.55,same product_name appears under multiple brands; brands=Hourglass; NARS
cultbeauty_3a30048efe5862,cultbeauty,NARS,Fenty Beauty Brow Mvp Sculpting Wax Pencil & Styler 1.3g - Unversal,Fenty Beauty,needs_manual_review,manual_review,0.55,same product_name appears under multiple brands; brands=NARS; NYX Professional Makeup
cultbeauty_48499c80e9fe22,cultbeauty,NARS,Fenty Beauty Mini Hella Thicc Volumising Mascara 6.5ml - Cuz I'M Black,Fenty Beauty,needs_manual_review,manual_review,0.55,same product_name appears under multiple brands; brands=L'Oréal Paris; NARS
cultbeauty_4254e798e19f37,cultbeauty,NYX Professional Makeup,Fenty Beauty Flyliner Longwear Liquid Eyeliner 0.5ml (Various Shades) Cuz I'M Black,Fenty Beauty,needs_manual_review,manual_review,0.55,same product_name appears under multiple brands; brands=NYX Professional Makeup; Urban Decay
cultbeauty_4bd39f19a53ab6,cultbeauty,PATRICK TA,"FENTY BEAUTY MINI GLOSS BOMB HEAT UNIVERSAL LIP LUMINIZER + PLUMPER, 5.5ML (Various Shades) Hot Cherry",Fenty Beauty,needs_manual_review,manual_review,0.55,same product_name appears under multiple brands; brands=Fenty Beauty; PATRICK TA
cultbeauty_fcb1060b8058e3,cultbeauty,PATRICK TA,Fenty Beauty Cheeks Out Freestyle Cream Blush 3g (Various Shades) Big Melons,Fenty Beauty,needs_manual_review,manual_review,0.55,same product_name appears under multiple brands; brands=Fenty Beauty; PATRICK TA
cultbeauty_01cfbbd66163c1,cultbeauty,PATRICK TA,Fenty Beauty Cheeks Out Freestyle Cream Bronzer 6.23g (Various Shades) Amber,Fenty Beauty,needs_manual_review,manual_review,0.55,same product_name appears under multiple brands; brands=Anastasia Beverly Hills; PATRICK TA
cultbeauty_b9a90698c018ed,cultbeauty,PATRICK TA,Fenty Beauty Fenty Cheeks Suede Powder Blush 4g (Various Shades) Brickkkk,Fenty Beauty,needs_manual_review,manual_review,0.55,same product_name appears under multiple brands; brands=Fenty Beauty; PATRICK TA
cultbeauty_140199752a555f,cultbeauty,PATRICK TA,Fenty Beauty Fenty Icon The Case Semi-Matte Refillable Lipstick- Matte Black,Fenty Beauty,needs_manual_review,manual_review,0.55,same product_name appears under multiple brands; brands=NYX Professional Makeup; PATRICK TA
cultbeauty_ebdf0aab241522,cultbeauty,PATRICK TA,Fenty Beauty Gloss Bomb Heat Universal Lip Luminizer + Plumper 9ml (Various Shades) Hot Chocolit Heat,Fenty Beauty,needs_manual_review,manual_review,0.55,same product_name appears under multiple brands; brands=Fenty Beauty; PATRICK TA
cultbeauty_9877704840f79c,cultbeauty,PATRICK TA,Fenty Beauty Hella Thicc Volumising Mascara 10ml,Fenty Beauty,needs_manual_review,manual_review,0.55,same product_name appears under multiple brands; brands=L'Oréal Paris; PATRICK TA
cultbeauty_4517f179a2de1a,cultbeauty,PATRICK TA,Fenty Beauty Icon Velvet Liquid Lipstick 5.5g (Various Shades) H.B.I.C.,Fenty Beauty,needs_manual_review,manual_review,0.55,same product_name appears under multiple brands; brands=Anastasia Beverly Hills; PATRICK TA
cultbeauty_a8c24026684834,cultbeauty,PATRICK TA,Fenty Beauty Mini Killawatt Freestyle Highlighter 2.2g (Various Shades),Fenty Beauty,needs_manual_review,manual_review,0.55,same product_name appears under multiple brands; brands=Fenty Beauty; PATRICK TA
cultbeauty_77a57ec55bc233,cultbeauty,PATRICK TA,Fenty Beauty Mini Match Stix Duo Contour + Highlighter Set 5.6g (Various Shades) Deep,Fenty Beauty,needs_manual_review,manual_review,0.55,same product_name appears under multiple brands; brands=NARS; PATRICK TA
cultbeauty_8cebb9dc275c93,cultbeauty,PATRICK TA,Fenty Beauty Poutsicle Hydrating Lip Stain 6.5ml (Various Shades) Fuchsia Wife,Fenty Beauty,needs_manual_review,manual_review,0.55,same product_name appears under multiple brands; brands=PATRICK TA; benefit
cultbeauty_9541acdb51692b,cultbeauty,PATRICK TA,Fenty Beauty Shadowstix Longwear Eyeshadow Stick 1.6g (Various Shades) Cuz I'M Black,Fenty Beauty,needs_manual_review,manual_review,0.55,same product_name appears under multiple brands; brands=Armani; PATRICK TA
cultbeauty_7936ca8df8297a,cultbeauty,PATRICK TA,Fenty Beauty Shake N' Play Buildable Liquid Blush 9ml (Various Shades) Wild'Berry Whip,Fenty Beauty,needs_manual_review,manual_review,0.55,same product_name appears under multiple brands; brands=NARS; PATRICK TA
cultbeauty_247c866c782737,cultbeauty,Anastasia Beverly Hills,Fenty Hair The Controlling Type Hair Thickening Edge Control 100ml,Fenty Hair,needs_manual_review,manual_review,0.55,same product_name appears under multiple brands; brands=Anastasia Beverly Hills; Fenty Hair
cultbeauty_d745a64311edf6,cultbeauty,Color Wow,Fenty Hair The Rich One Mositure Repair Shampoo 90ml and The Rich One Moisture Repair Conditioner 90ml,Fenty Hair,needs_manual_review,manual_review,0.55,same product_name appears under multiple brands; brands=Biodance; Color Wow
cultbeauty_49836b2bfe617d,cultbeauty,HUDA BEAUTY,Fenty Hair The Comeback Kid Instant Damage Repair Treatment Mini 60ml,Fenty Hair,needs_manual_review,manual_review,0.55,same product_name appears under multiple brands; brands=HUDA BEAUTY; Philip Kingsley
cultbeauty_d6010b9d65a86a,cultbeauty,HUDA BEAUTY,Fenty Hair The Flashy One 9-In-1 Treatment Oil 50ml,Fenty Hair,needs_manual_review,manual_review,0.55,same product_name appears under multiple brands; brands=HUDA BEAUTY; OUAI
cultbeauty_f67e2cea83466d,cultbeauty,HUDA BEAUTY,Fenty Hair The Homecurl Curl Defining Cream Mini 100ml,Fenty Hair,needs_manual_review,manual_review,0.55,same product_name appears under multiple brands; brands=HUDA BEAUTY; Umberto Giannini
cultbeauty_e5dc6f46337c3a,cultbeauty,HUDA BEAUTY,Fenty Hair The Protective Type 5 In 1 Heat Protectant 150ml,Fenty Hair,needs_manual_review,manual_review,0.55,same product_name appears under multiple brands; brands=Fenty Hair; HUDA BEAUTY
cultbeauty_af8183484f4a3a,cultbeauty,HUDA BEAUTY,Fenty Hair The Rich One Moisture Repair Conditoner 300ml,Fenty Hair,needs_manual_review,manual_review,0.55,same product_name appears under multiple brands; brands=Fenty Hair; HUDA BEAUTY
cultbeauty_4a4d0c8e970e57,cultbeauty,PATRICK TA,"Fenty Hair Hero Duo, The Homecurl Curl Defining Cream 340ml and The Water Boi Leave in Conditioner 200ml",Fenty Hair,needs_manual_review,manual_review,0.55,same product_name appears under multiple brands; brands=PATRICK TA; Sol de Janeiro
cultbeauty_44c918ff464e0e,cultbeauty,PATRICK TA,Fenty Hair Mini Clear Thinker Clarifying Shampoo 90ml,Fenty Hair,needs_manual_review,manual_review,0.55,same product_name appears under multiple brands; brands=Fenty Skin; PATRICK TA
cultbeauty_c7b9e8eca48037,cultbeauty,PATRICK TA,"Fenty Hair Mini Heroes, The Homecurl Curl Defining Cream 100ml and The Water Boi Leave in Conditioner 50ml",Fenty Hair,needs_manual_review,manual_review,0.55,same product_name appears under multiple brands; brands=Fenty Hair; PATRICK TA
cultbeauty_091de336610641,cultbeauty,PATRICK TA,Fenty Hair Mini The Rich One Moisture Repair Shampoo 90ml,Fenty Hair,needs_manual_review,manual_review,0.55,same product_name appears under multiple brands; brands=PATRICK TA; The Ordinary
cultbeauty_2a5f6e8ebd1a9d,cultbeauty,PATRICK TA,Fenty Hair The Curl Crew,Fenty Hair,needs_manual_review,manual_review,0.55,same product_name appears under multiple brands; brands=Fenty Hair; PATRICK TA
cultbeauty_ae1b22cb6ef1ba,cultbeauty,PATRICK TA,Fenty Hair The Gelly Type Strong Hold Gel 200ml,Fenty Hair,needs_manual_review,manual_review,0.55,same product_name appears under multiple brands; brands=PATRICK TA; Umberto Giannini
cultbeauty_622090f8a015cc,cultbeauty,PATRICK TA,Fenty Hair The Homecurl Curl Defining Cream 340ml,Fenty Hair,needs_manual_review,manual_review,0.55,same product_name appears under multiple brands; brands=PATRICK TA; Umberto Giannini
cultbeauty_2dddf674a95c39,cultbeauty,PATRICK TA,Fenty Hair The Protection Posse,Fenty Hair,needs_manual_review,manual_review,0.55,same product_name appears under multiple brands; brands=Fenty Hair; PATRICK TA
cultbeauty_8789c6eda56f14,cultbeauty,PATRICK TA,Fenty Hair The Protective Type 5-In-1 Heat Protectant Styler Mini 90ml,Fenty Hair,needs_manual_review,manual_review,0.55,same product_name appears under multiple brands; brands=PATRICK TA; Redken
cultbeauty_05c7a180664e96,cultbeauty,PATRICK TA,Fenty Hair The Rich One Moisture Repair Shampoo 300ml,Fenty Hair,needs_manual_review,manual_review,0.55,same product_name appears under multiple brands; brands=Fenty Hair; PATRICK TA
cultbeauty_fe25c9ea9e998e,cultbeauty,PATRICK TA,Fenty Hair The Rich One Mositure Repair Shampoo 300ml and The Rich One Moisture Repair Conditioner 300ml,Fenty Hair,needs_manual_review,manual_review,0.55,same product_name appears under multiple brands; brands=Fenty Hair; PATRICK TA
cultbeauty_599b15c53fb526,cultbeauty,PATRICK TA,Fenty Hair The Richer One Moisture Repair Deep Conditioner 340ml,Fenty Hair,needs_manual_review,manual_review,0.55,same product_name appears under multiple brands; brands=Fenty Hair; PATRICK TA
cultbeauty_4a224fd1491342,cultbeauty,PATRICK TA,Fenty Hair The Water Boi Leave In Conditioner 200ml,Fenty Hair,needs_manual_review,manual_review,0.55,same product_name appears under multiple brands; brands=Kerastase; PATRICK TA
cultbeauty_e52e12b0162db3,cultbeauty,Saie,Fenty Hair Mini The Rich One Moisture Repair Conditoner 90ml,Fenty Hair,needs_manual_review,manual_review,0.55,same product_name appears under multiple brands; brands=Fenty Hair; Saie
cultbeauty_2b6618e69c315e,cultbeauty,Westman Atelier,Fenty Hair The Clear Thinker Clarifying Shampoo 300ml,Fenty Hair,needs_manual_review,manual_review,0.55,same product_name appears under multiple brands; brands=Fenty Hair; Westman Atelier
cultbeauty_8164789c9f896b,cultbeauty,Aesop,Fresh Brown Sugar Body Polish 240g,Fresh,needs_manual_review,manual_review,0.55,same product_name appears under multiple brands; brands=Aesop; Urban Decay
cultbeauty_e1786d72b8312c,cultbeauty,Aesop,Fresh Floral Recovery Calming Mask 30ml,Fresh,needs_manual_review,manual_review,0.55,same product_name appears under multiple brands; brands=Aesop; Fresh
cultbeauty_0ee251d1a0ca52,cultbeauty,Biossance,Fresh Lily Jasmin Body Lotion 300ml,Fresh,needs_manual_review,manual_review,0.55,same product_name appears under multiple brands; brands=Biossance; ESPA
cultbeauty_4053fb28c4c407,cultbeauty,Caudalie,Fresh Rose Instant Hydration Mist 100ml,Fresh,needs_manual_review,manual_review,0.55,same product_name appears under multiple brands; brands=Caudalie; Embryolisse
cultbeauty_c67a22f3fcfe2f,cultbeauty,Caudalie,Fresh Sugar Roll-On Deodorant Antiperspirant 75ml,Fresh,needs_manual_review,manual_review,0.55,same product_name appears under multiple brands; brands=Caudalie; Redken
cultbeauty_68359758a04066,cultbeauty,Chantecaille,Fresh Floral Recovery Calming Mask 100ml,Fresh,needs_manual_review,manual_review,0.55,same product_name appears under multiple brands; brands=Chantecaille; Fresh
cultbeauty_da8a43a55ebf08,cultbeauty,Glow Recipe,Fresh Black Tea Instant Perfecting Mask (Various Sizes),Fresh,needs_manual_review,manual_review,0.55,same product_name appears under multiple brands; brands=Fresh; Glow Recipe
cultbeauty_5380505d254237,cultbeauty,HUDA BEAUTY,Fresh Lily Jasmin Body Wash 300ml,Fresh,needs_manual_review,manual_review,0.55,same product_name appears under multiple brands; brands=HUDA BEAUTY; Sol de Janeiro
cultbeauty_86017f9e2ebddb,cultbeauty,HUDA BEAUTY,Fresh Rose Morning Body Lotion 300ml,Fresh,needs_manual_review,manual_review,0.55,same product_name appears under multiple brands; brands=HUDA BEAUTY; NYX Professional Makeup
cultbeauty_c4b0cbef3186ca,cultbeauty,Kiehl's Since 1851,Fresh Sugar Strawberry Exfoliant Face Wash 125ml,Fresh,needs_manual_review,manual_review,0.55,same product_name appears under multiple brands; brands=Kiehl's Since 1851; La Roche-Posay
cultbeauty_d9da9044b95631,cultbeauty,La Roche-Posay,Fresh Sugar Watermelon Hydrating Lip Balm 6g Sugar Caramel,Fresh,needs_manual_review,manual_review,0.55,same product_name appears under multiple brands; brands=La Roche-Posay; benefit
cultbeauty_0a8828a2620eb9,cultbeauty,Medik8,Fresh Lotus Youth Preserve Dream Face Cream 50ml,Fresh,needs_manual_review,manual_review,0.55,same product_name appears under multiple brands; brands=Fresh; Medik8
cultbeauty_468c41eadff7e5,cultbeauty,NARS,Fresh Hesperides Grapefruit Body and Hand Wash 300ml,Fresh,needs_manual_review,manual_review,0.55,same product_name appears under multiple brands; brands=NARS; this works
cultbeauty_08968d930c81e8,cultbeauty,NARS,Fresh Sugar Lip Treatment 4.3g (Various Options),Fresh,needs_manual_review,manual_review,0.55,same product_name appears under multiple brands; brands=Clinique; NARS
cultbeauty_52281060517229,cultbeauty,NIOD,Fresh Black Tea Peptide Firming Overnight Mask 30ml,Fresh,needs_manual_review,manual_review,0.55,same product_name appears under multiple brands; brands=Eucerin; NIOD
cultbeauty_15d472f4a4ab2b,cultbeauty,OUAI,Fresh Brown Sugar Body Polish 490g,Fresh,needs_manual_review,manual_review,0.55,same product_name appears under multiple brands; brands=Clinique; OUAI
cultbeauty_55814de1d2c1b9,cultbeauty,OUAI,Fresh Sugar Face Polish Exfoliator 125g,Fresh,needs_manual_review,manual_review,0.55,same product_name appears under multiple brands; brands=Caudalie; OUAI
cultbeauty_99d4add7a1483a,cultbeauty,PATRICK TA,Fresh Lotus Youth Preserve Rescue Mask 100ml,Fresh,needs_manual_review,manual_review,0.55,same product_name appears under multiple brands; brands=Eve Lom; PATRICK TA
cultbeauty_53cd5f6108606a,cultbeauty,PATRICK TA,Fresh Sugar Advanced Therapy Treatment Lip Balm 4.3g,Fresh,needs_manual_review,manual_review,0.55,same product_name appears under multiple brands; brands=Eve Lom; PATRICK TA
cultbeauty_e8f12f759f1bb6,cultbeauty,PATRICK TA,Fresh Sugar Lychee Body Lotion 300ml,Fresh,needs_manual_review,manual_review,0.55,same product_name appears under multiple brands; brands=NYX Professional Makeup; PATRICK TA
cultbeauty_ae066ffd3cda47,cultbeauty,PATRICK TA,Fresh Sugar Treat Lip Oil Berry Limited Edition 4ml,Fresh,needs_manual_review,manual_review,0.55,same product_name appears under multiple brands; brands=Bondi Sands; PATRICK TA
cultbeauty_9a300b410a3b7f,cultbeauty,Patchology,Fresh Rose Deep Hydration Sleeping Mask 35ml,Fresh,needs_manual_review,manual_review,0.55,same product_name appears under multiple brands; brands=Kerastase; Patchology
cultbeauty_f91c9e6671fc32,cultbeauty,Paula's Choice,Fresh Black Tea Peptide Firming Overnight Mask 100ml,Fresh,needs_manual_review,manual_review,0.55,same product_name appears under multiple brands; brands=Kiehl's Since 1851; Paula's Choice
cultbeauty_38dcb7e573766a,cultbeauty,Paula's Choice,Fresh Soy Face Cleanser (Various Sizes),Fresh,needs_manual_review,manual_review,0.55,same product_name appears under multiple brands; brands=Kiehl's Since 1851; Paula's Choice
cultbeauty_9a2173b7312dbb,cultbeauty,Paula's Choice,Fresh Sugar Face Polish Exfoliator 30g,Fresh,needs_manual_review,manual_review,0.55,same product_name appears under multiple brands; brands=Paula's Choice; YSL
cultbeauty_b751119068d991,cultbeauty,Summer Fridays,Fresh Sugar Treat Lip Oil Honey Limited Edition 4ml,Fresh,needs_manual_review,manual_review,0.55,same product_name appears under multiple brands; brands=Rimmel; Summer Fridays
cultbeauty_39f92279d5015a,cultbeauty,Thank You Farmer,Fresh Sugar Lemon Body Lotion 300ml,Fresh,needs_manual_review,manual_review,0.55,same product_name appears under multiple brands; brands=Elizabeth Arden; Thank You Farmer
cultbeauty_854b6284d9e348,cultbeauty,The Ordinary,Fresh Awaken Radiance Set,Fresh,needs_manual_review,manual_review,0.55,same product_name appears under multiple brands; brands=Fresh; The Ordinary
cultbeauty_7fc2ef5d8f6e9c,cultbeauty,The Ordinary,Fresh Umbrian Clay Pore-Purifying Face Mask 100ml,Fresh,needs_manual_review,manual_review,0.55,same product_name appears under multiple brands; brands=Fresh; The Ordinary
cultbeauty_88a1c4658de332,cultbeauty,Too Faced,Fresh Umbrian Clay Pore-Purifying Face Mask 30ml,Fresh,needs_manual_review,manual_review,0.55,same product_name appears under multiple brands; brands=Fresh; Too Faced
cultbeauty_fa5f6a77fc1c95,cultbeauty,The Ordinary,Fur Ingrown Eliminator Serum 32ml,Fur,needs_manual_review,manual_review,0.55,same product_name appears under multiple brands; brands=Fur; The Ordinary
cultbeauty_63bb8deeb48a73,cultbeauty,Aesop,GUERLAIN Orchidée Impériale The Essence-In-Lotion 125ml,GUERLAIN,needs_manual_review,manual_review,0.55,same product_name appears under multiple brands; brands=Aesop; ESPA
cultbeauty_0a41a8cf833404,cultbeauty,HUDA BEAUTY,GUERLAIN Terracotta Joli Teint Protecting Tinted Moisturizer (Various Shades) Golden,GUERLAIN,needs_manual_review,manual_review,0.55,same product_name appears under multiple brands; brands=GUERLAIN; HUDA BEAUTY
cultbeauty_5dada6bf7efce3,cultbeauty,PATRICK TA,GUERLAIN Ombres G 24 XMAS Eyeshadow Quad,GUERLAIN,needs_manual_review,manual_review,0.55,same product_name appears under multiple brands; brands=MAC; PATRICK TA
cultbeauty_95df4d0d3a8323,cultbeauty,Sisley Paris,GUERLAIN Orchidée Impériale Brightening The Radiance Concentrate 30ml,GUERLAIN,needs_manual_review,manual_review,0.55,same product_name appears under multiple brands; brands=Sisley Paris; lookfantastic Beauty Box
cultbeauty_838a40534b5751,cultbeauty,Glow Recipe,Grown Alchemist Ultimate Discovery Kit,Grown Alchemist,needs_manual_review,manual_review,0.55,same product_name appears under multiple brands; brands=ESPA; Glow Recipe
cultbeauty_4fdcbb7489fad9,cultbeauty,PATRICK TA,Grown Alchemist Resurfacing Targeted Body Cleanser 300ml,Grown Alchemist,needs_manual_review,manual_review,0.55,same product_name appears under multiple brands; brands=Grown Alchemist; PATRICK TA
cultbeauty_5a93625d2d936e,cultbeauty,Too Faced,Grown Alchemist Resurfacing Targeted Body Lotion 300ml,Grown Alchemist,needs_manual_review,manual_review,0.55,same product_name appears under multiple brands; brands=Grown Alchemist; Too Faced
cultbeauty_7dd8fc62a165ab,cultbeauty,PATRICK TA,Herbivore Cloud Jelly Pink Plumping Hydration Serum 30ml,HERBIVORE,needs_manual_review,manual_review,0.55,same product_name appears under multiple brands; brands=Medik8; PATRICK TA
cultbeauty_b192e96e2fa6e3,cultbeauty,Pai,Herbivore Aquarius Pore Purifying Clarity Cream,HERBIVORE,needs_manual_review,manual_review,0.55,same product_name appears under multiple brands; brands=La Roche-Posay; Pai
cultbeauty_a9497f4dd65abd,cultbeauty,Aesop,Hermès Eau D'Orange Verte Hand and Body Cleansing Gel Bottle 300ml,HERMÈS,needs_manual_review,manual_review,0.55,same product_name appears under multiple brands; brands=Aesop; Goldwell
cultbeauty_9162da630702f0,cultbeauty,Charlotte Tilbury,Hermès Twilly D'Hermès Body Shower Cream 200ml,HERMÈS,needs_manual_review,manual_review,0.55,same product_name appears under multiple brands; brands=Charlotte Tilbury; Medik8
cultbeauty_2dde19449eea9a,cultbeauty,HUDA BEAUTY,Hermès Barenia Soap 150g,HERMÈS,needs_manual_review,manual_review,0.55,same product_name appears under multiple brands; brands=HUDA BEAUTY; The Ordinary
cultbeauty_f1a36a568936d3,cultbeauty,HUDA BEAUTY,Hermès Eau De Citron Noir Hair and Body Shower Gel Bottle 200ml,HERMÈS,needs_manual_review,manual_review,0.55,same product_name appears under multiple brands; brands=Color Wow; HUDA BEAUTY
cultbeauty_7c7d5f8db3680c,cultbeauty,HUDA BEAUTY,Hermès Un Jardin Sur Le Nil Moisturizing Body Lotion Bottle 200ml,HERMÈS,needs_manual_review,manual_review,0.55,same product_name appears under multiple brands; brands=CeraVe; HUDA BEAUTY
cultbeauty_d52fefc54c0ac5,cultbeauty,HUDA BEAUTY,Hermès Un Jardin À Cythère Moisturizing Body Lotion Bottle 200ml,HERMÈS,needs_manual_review,manual_review,0.55,same product_name appears under multiple brands; brands=HUDA BEAUTY; Jimmy Choo
cultbeauty_1beaf07d198b59,cultbeauty,Medik8,Hermès Le Jardin De Monsieur Li Moisturizing Body Lotion Bott 200ml,HERMÈS,needs_manual_review,manual_review,0.55,same product_name appears under multiple brands; brands=Jo Malone London; Medik8
cultbeauty_5997c0e3cd49af,cultbeauty,Medik8,Hermès Terre D'Hermès After-Shave Lotion Bottle 100ml,HERMÈS,needs_manual_review,manual_review,0.55,same product_name appears under multiple brands; brands=Medik8; Vichy
cultbeauty_3c1c021a69476a,cultbeauty,NARS,Hermès Eau De Citron Noir Moisturizing Body Lotion Bottle 200ml,HERMÈS,needs_manual_review,manual_review,0.55,same product_name appears under multiple brands; brands=NARS; Sol de Janeiro
cultbeauty_a745487b5750bf,cultbeauty,NARS,Hermès Le Jardin De Monsieur Li Hair and Body Shower Gel Bottle 200ml,HERMÈS,needs_manual_review,manual_review,0.55,same product_name appears under multiple brands; brands=NARS; NEOM
cultbeauty_d1b99ae20b4a8a,cultbeauty,OUAI,Hermès Un Jardin Sur Le Nil Hair and Body Shower Gel Bott 200ml,HERMÈS,needs_manual_review,manual_review,0.55,same product_name appears under multiple brands; brands=Bobbi Brown; OUAI
cultbeauty_446fc0a85f15f1,cultbeauty,Oribe,Hermès Eau De Rhubarbe Écarlate Hand and Body Cleans Gel Bottle 300ml,HERMÈS,needs_manual_review,manual_review,0.55,same product_name appears under multiple brands; brands=NEOM; Oribe
cultbeauty_f0f136108690a6,cultbeauty,PATRICK TA,Hermès Barenia Body Cream 200ml,HERMÈS,needs_manual_review,manual_review,0.55,same product_name appears under multiple brands; brands=ESPA; PATRICK TA
cultbeauty_e6ce6b10d771b9,cultbeauty,PATRICK TA,Hermès Eau De Citron Noir Hand and Body Cleansing Gel Bottle 300ml,HERMÈS,needs_manual_review,manual_review,0.55,same product_name appears under multiple brands; brands=Color Wow; PATRICK TA
cultbeauty_ed24d77794d9f2,cultbeauty,Sol de Janeiro,Hermès Terre D'Hermès Déodorant Vapo 150ml,HERMÈS,needs_manual_review,manual_review,0.55,same product_name appears under multiple brands; brands=Kérastase; Sol de Janeiro
cultbeauty_22900e30521ed3,cultbeauty,Tan-Luxe,Hermès Eau De Rhubarbe Écarlate Hair and Body Shower Gel Bottle 200ml,HERMÈS,needs_manual_review,manual_review,0.55,same product_name appears under multiple brands; brands=Hermès; Tan-Luxe
cultbeauty_5c55f3583cceec,cultbeauty,Tan-Luxe,Hermès Un Jardin À Cythère Hair and Body Shower Gel Bottle 200ml,HERMÈS,needs_manual_review,manual_review,0.55,same product_name appears under multiple brands; brands=Clinique for Men; Tan-Luxe
cultbeauty_59f690ee881c25,cultbeauty,Tweezerman,Hermès Barénia Hair Mist 30ml,HERMÈS,needs_manual_review,manual_review,0.55,same product_name appears under multiple brands; brands=Kerastase; Tweezerman
cultbeauty_89581002099303,cultbeauty,Aveda,Hair Gain Peptide Puff Dry Shampoo 7ml,Hair Gain,needs_manual_review,manual_review,0.55,same product_name appears under multiple brands; brands=Aveda; Bumble and bumble
cultbeauty_ec71763f213da2,cultbeauty,OUAI,Hair Gain Nourishing Hair Mask (Various Sizes),Hair Gain,needs_manual_review,manual_review,0.55,same product_name appears under multiple brands; brands=Hair Gain; OUAI
cultbeauty_243f9371b077f2,cultbeauty,PATRICK TA,Hair Gain Capsules Duo,Hair Gain,needs_manual_review,manual_review,0.55,same product_name appears under multiple brands; brands=Lancaster; PATRICK TA
cultbeauty_11238c5e988966,cultbeauty,Sweed,Hair Gain Hair Capsules Trio,Hair Gain,needs_manual_review,manual_review,0.55,same product_name appears under multiple brands; brands=Redken; Sweed
cultbeauty_aeb3aeb268d4e8,cultbeauty,The Ordinary,Hair Gain Scalp Massager,Hair Gain,needs_manual_review,manual_review,0.55,same product_name appears under multiple brands; brands=Denman; The Ordinary
cultbeauty_a1f6d6a3bc49ea,cultbeauty,Color Wow,Hair by Sam McKnight Deeper Love 5-minute Intense Treatment Mask 200ml,Hair by Sam McKnight,needs_manual_review,manual_review,0.55,same product_name appears under multiple brands; brands=Color Wow; Redken
cultbeauty_b2a2e7f63341b1,cultbeauty,HUDA BEAUTY,Hair by Sam McKnight Rich Nourish Conditioner 75ml,Hair by Sam McKnight,needs_manual_review,manual_review,0.55,same product_name appears under multiple brands; brands=HUDA BEAUTY; Redken
cultbeauty_83dd433390fa6a,cultbeauty,Hair Gain,Hair By Sam McKnight Bigger Love Cool Girl Volumising Treatment Mask 50ml,Hair by Sam McKnight,needs_manual_review,manual_review,0.55,same product_name appears under multiple brands; brands=Hair Gain; Redken
cultbeauty_010f0c15e2cf20,cultbeauty,PATRICK TA,Hair By Sam McKnight Cool Girl Volume Nourish Conditioner 200ml,Hair by Sam McKnight,needs_manual_review,manual_review,0.55,same product_name appears under multiple brands; brands=Beauty Works; PATRICK TA
cultbeauty_6083765f922f74,cultbeauty,PATRICK TA,Hair By Sam McKnight Light Nourish Conditioner 200ml,Hair by Sam McKnight,needs_manual_review,manual_review,0.55,same product_name appears under multiple brands; brands=Beauty Works; PATRICK TA
cultbeauty_2a4474f94f732c,cultbeauty,PATRICK TA,Hair By Sam McKnight Rich Cleanse Nourishing Shampoo 250ml,Hair by Sam McKnight,needs_manual_review,manual_review,0.55,same product_name appears under multiple brands; brands=PATRICK TA; Sol de Janeiro
cultbeauty_07135fb21e7f75,cultbeauty,PATRICK TA,Hair by Sam McKnight Deeper Love 5-minute Intense Treatment Mask 50ml,Hair by Sam McKnight,needs_manual_review,manual_review,0.55,same product_name appears under multiple brands; brands=BLEACH LONDON; PATRICK TA
cultbeauty_c6f828e11ceccb,cultbeauty,PATRICK TA,Hair by Sam McKnight Rich Cleanse Nourishing Shampoo 100ml,Hair by Sam McKnight,needs_manual_review,manual_review,0.55,same product_name appears under multiple brands; brands=Color Wow; PATRICK TA
cultbeauty_e61f721a0a1863,cultbeauty,Paula's Choice,Hair By Sam McKnight Lazy Girl Biodegradable Hair Cleanse Cloths (20 Wipes),Hair by Sam McKnight,needs_manual_review,manual_review,0.55,same product_name appears under multiple brands; brands=Medik8; Paula's Choice
cultbeauty_f2698c4871e362,cultbeauty,Sun Bum,Hair By Sam McKnight Sundaze Sea Spray 150ml,Hair by Sam McKnight,needs_manual_review,manual_review,0.55,same product_name appears under multiple brands; brands=Moroccanoil; Sun Bum
cultbeauty_285a809b9970c9,cultbeauty,The Ordinary,Hair by Sam McKnight Pure Genius 98% Natural Scalp Restoring Oil 30ml,Hair by Sam McKnight,needs_manual_review,manual_review,0.55,same product_name appears under multiple brands; brands=Embryolisse; The Ordinary
cultbeauty_3b77038b5bc038,cultbeauty,PATRICK TA,Hair by Sam McKnnight Crème Cleanse 250ml,Hair+,needs_manual_review,manual_review,0.55,same product_name appears under multiple brands; brands=PATRICK TA; lookfantastic Beauty Box
cultbeauty_b6a8a37337b029,cultbeauty,PATRICK TA,Hello Sunday The Everyday One Non-Nomodogenic Mineral Face Moisturiser SPF 50 70ml,Hello Sunday,needs_manual_review,manual_review,0.55,same product_name appears under multiple brands; brands=Hello Sunday; PATRICK TA
cultbeauty_2101544c328fc9,cultbeauty,Sunday Riley,Hello Sunday The Mineral One Lightweight Serum with Hyaluronic Acid SPF50 30ml,Hello Sunday,needs_manual_review,manual_review,0.55,same product_name appears under multiple brands; brands=Hello Sunday; Sunday Riley
cultbeauty_497035f39f39d6,cultbeauty,Augustinus Bader,Herbivore Botanicals Nova 15% Vitamin C and Turmeric Brightening Serum 30ml,Herbivore Botanicals,needs_manual_review,manual_review,0.55,same product_name appears under multiple brands; brands=Augustinus Bader; Dermalogica; Herbivore Botanicals
cultbeauty_0a15b13ef1d984,cultbeauty,Omorovicza,Herbivore Botanicals Cloud Milk Coconut + Maca Firming Body Cream 200ml,Herbivore Botanicals,needs_manual_review,manual_review,0.55,same product_name appears under multiple brands; brands=Herbivore Botanicals; Omorovicza
cultbeauty_b249f12de90c5b,cultbeauty,Pai,Herbivore Botanicals Moon Dew 1% Bakuchiol and Peptides Retinol Alternative Eye Cream,Herbivore Botanicals,needs_manual_review,manual_review,0.55,same product_name appears under multiple brands; brands=Herbivore Botanicals; Pai; The Ordinary
cultbeauty_d525e15bc87a7b,cultbeauty,Dr Dennis Gross,HigherDOSE Red Light Face Mask,HigherDOSE,needs_manual_review,manual_review,0.55,same product_name appears under multiple brands; brands=Dr Dennis Gross; HigherDOSE
cultbeauty_5a24ff9c632ae1,cultbeauty,ESPA,HigherDOSE Sculpting Activator Gel,HigherDOSE,needs_manual_review,manual_review,0.55,same product_name appears under multiple brands; brands=ESPA; HigherDOSE
cultbeauty_edc51b04751386,cultbeauty,PATRICK TA,HigherDOSE Full Body Red Light Mat,HigherDOSE,needs_manual_review,manual_review,0.55,same product_name appears under multiple brands; brands=HigherDOSE; PATRICK TA
cultbeauty_41fb61ef5b059d,cultbeauty,Allies of Skin,Holifrog Owel Multi-Peptide Eye Cream 0.5 fl. oz,HoliFrog,needs_manual_review,manual_review,0.55,same product_name appears under multiple brands; brands=Allies of Skin; HoliFrog
cultbeauty_c0b0e9dd5f3a51,cultbeauty,HUDA BEAUTY,HoliFrog Grand Amino Cushion Cream 1.7 fl. oz.,HoliFrog,needs_manual_review,manual_review,0.55,same product_name appears under multiple brands; brands=HUDA BEAUTY; HoliFrog
cultbeauty_244c872e1ed805,cultbeauty,HUDA BEAUTY,HoliFrog Kosi Multi-Acid Mask 60ml,HoliFrog,needs_manual_review,manual_review,0.55,same product_name appears under multiple brands; brands=HUDA BEAUTY; HoliFrog
cultbeauty_8565f121ed9395,cultbeauty,OUAI,Holifrog Utopia Microflora Toner 120ml,HoliFrog,needs_manual_review,manual_review,0.55,same product_name appears under multiple brands; brands=HoliFrog; OUAI
cultbeauty_4de1843350f26a,cultbeauty,Charlotte Tilbury,ICONIC London Triple Threat Mascara 9ml Black,ICONIC LONDON,needs_manual_review,manual_review,0.55,same product_name appears under multiple brands; brands=Charlotte Tilbury; ICONIC London; L'Oréal Paris
cultbeauty_345e0fed77673a,cultbeauty,PATRICK TA,ICONIC London Butter Glaze Lip Balm (Various Shades) Strawberry Crush,ICONIC LONDON,needs_manual_review,manual_review,0.55,same product_name appears under multiple brands; brands=ICONIC London; PATRICK TA
cultbeauty_6c9f960bb699e0,cultbeauty,PATRICK TA,ICONIC London Get Cheeky Face Powder Palette,ICONIC LONDON,needs_manual_review,manual_review,0.55,same product_name appears under multiple brands; brands=ICONIC London; PATRICK TA
cultbeauty_c5c5edac82579d,cultbeauty,PATRICK TA,ICONIC London Soft Touch Blush 24g (Various Shades) Grace Juice,ICONIC LONDON,needs_manual_review,manual_review,0.55,same product_name appears under multiple brands; brands=Laura Mercier; PATRICK TA
cultbeauty_304c2fb1c2a489,cultbeauty,PATRICK TA,ICONIC London Soft Touch Bronzer (Various Shades) Toasty,ICONIC LONDON,needs_manual_review,manual_review,0.55,same product_name appears under multiple brands; brands=MAC; PATRICK TA
cultbeauty_2fd797b2147b60,cultbeauty,Biossance,IT Cosmetics Confidence In An Eye Cream 15ml,IT Cosmetics,needs_manual_review,manual_review,0.55,same product_name appears under multiple brands; brands=Biossance; The Ordinary
cultbeauty_7f020def78f6bf,cultbeauty,Hourglass,IT Cosmetics Your Skin But Better CC+ Cream with SPF50 32ml (Various Shades) Medium Tan,IT Cosmetics,needs_manual_review,manual_review,0.55,same product_name appears under multiple brands; brands=Hourglass; IT Cosmetics
cultbeauty_256c4d8d992d27,cultbeauty,Kiehl's Since 1851,IT Cosmetics Confidence in a Cream Anti-Aging Hydrating Moisturizer Travel Size 15ml,IT Cosmetics,needs_manual_review,manual_review,0.55,same product_name appears under multiple brands; brands=IT Cosmetics; Kiehl's Since 1851
cultbeauty_256a831a9ca69e,cultbeauty,NYX Professional Makeup,IT Cosmetics Superhero Mascara - Black (Various Sizes),IT Cosmetics,needs_manual_review,manual_review,0.55,same product_name appears under multiple brands; brands=L'Oréal Paris; NYX Professional Makeup
cultbeauty_a3a92bfa5e701c,cultbeauty,Paula's Choice,IT Cosmetics Bye Bye Pores Concentrated Derma Serum 30ml,IT Cosmetics,needs_manual_review,manual_review,0.55,same product_name appears under multiple brands; brands=IT Cosmetics; Paula's Choice
cultbeauty_487ecb7e11b4d2,cultbeauty,Bondi Sands,Isle of Paradise Body Drops 75ml - Dark,Isle of Paradise,needs_manual_review,manual_review,0.55,same product_name appears under multiple brands; brands=Bondi Sands; Isle of Paradise
cultbeauty_a54be4c0d4888a,cultbeauty,Bondi Sands,Isle of Paradise Self Tanning Drops 2.0 Dark 30ml,Isle of Paradise,needs_manual_review,manual_review,0.55,same product_name appears under multiple brands; brands=Bondi Sands; Tan-Luxe
cultbeauty_bfed23827abe0d,cultbeauty,Drunk Elephant,Isle of Paradise Sunny Serum 30ml,Isle of Paradise,needs_manual_review,manual_review,0.55,same product_name appears under multiple brands; brands=Bondi Sands; Drunk Elephant
cultbeauty_1811c86426f659,cultbeauty,Tan-Luxe,Isle of Paradise Body Drops 75ml - Light,Isle of Paradise,needs_manual_review,manual_review,0.55,same product_name appears under multiple brands; brands=Isle of Paradise; Tan-Luxe
cultbeauty_dcddc1dbd9f3eb,cultbeauty,Tan-Luxe,Isle of Paradise Gradual Daily Lotion - Light/Medium 250ml,Isle of Paradise,needs_manual_review,manual_review,0.55,same product_name appears under multiple brands; brands=Bondi Sands; Tan-Luxe
cultbeauty_5eb127fbd5bad0,cultbeauty,Tan-Luxe,Isle of Paradise Gradual Daily Lotion - Medium/Dark 250ml,Isle of Paradise,needs_manual_review,manual_review,0.55,same product_name appears under multiple brands; brands=Bondi Sands; Tan-Luxe
cultbeauty_9da709881e42d0,cultbeauty,The Ordinary,Isle of Paradise Self-Tanning Mousse - Dark 200ml,Isle of Paradise,needs_manual_review,manual_review,0.55,same product_name appears under multiple brands; brands=The Ordinary; bareMinerals
cultbeauty_11e6b20c4e3766,cultbeauty,The Ordinary,Isle of Paradise Sunny Serum Bundle,Isle of Paradise,needs_manual_review,manual_review,0.55,same product_name appears under multiple brands; brands=Bondi Sands; The Ordinary
cultbeauty_06443cf76d8faa,cultbeauty,Embryolisse,JVN Embody Volumising Conditioner 295ml,JVN,needs_manual_review,manual_review,0.55,same product_name appears under multiple brands; brands=Embryolisse; OUAI
cultbeauty_2826e3cc6b4e86,cultbeauty,Fable & Mane,JVN Complete Pre-Wash Scalp Oil 50ml,JVN,needs_manual_review,manual_review,0.55,same product_name appears under multiple brands; brands=Fable & Mane; OUAI
cultbeauty_d2a1247c005fd1,cultbeauty,PATRICK TA,JVN Complete Air Dry Cream - Jumbo 400ml,JVN,needs_manual_review,manual_review,0.55,same product_name appears under multiple brands; brands=PATRICK TA; lookfantastic Beauty Box
cultbeauty_1a3aa107901a9d,cultbeauty,Aesop,Jo Malone London Enrich Shower Cream 200ml,Jo Malone London,needs_manual_review,manual_review,0.55,same product_name appears under multiple brands; brands=Aesop; Tweezerman
cultbeauty_cb919c2e886dda,cultbeauty,BYREDO,Jo Malone London Enrich Body Balm 200ml,Jo Malone London,needs_manual_review,manual_review,0.55,same product_name appears under multiple brands; brands=BYREDO; Jo Malone London
cultbeauty_bf04cbab549afc,cultbeauty,HUDA BEAUTY,Jo Malone London Care Collection Purify & Revitalise Duo,Jo Malone London,needs_manual_review,manual_review,0.55,same product_name appears under multiple brands; brands=HUDA BEAUTY; Jo Malone London
cultbeauty_f59e7270c2768e,cultbeauty,HUDA BEAUTY,Jo Malone London Cypress & Grapevine Hair & Body Wash 200ml,Jo Malone London,needs_manual_review,manual_review,0.55,same product_name appears under multiple brands; brands=HUDA BEAUTY; Jo Malone London
cultbeauty_faad7bf1c5003d,cultbeauty,HUDA BEAUTY,Jo Malone London English Oak & Hazelnut Body & Hand Wash 250ml,Jo Malone London,needs_manual_review,manual_review,0.55,same product_name appears under multiple brands; brands=Embryolisse; HUDA BEAUTY
cultbeauty_b6d5d613fe2834,cultbeauty,Lanolips,Jo Malone London Special Edition English Pear & Freesia Hand Cream 30ml,Jo Malone London,needs_manual_review,manual_review,0.55,same product_name appears under multiple brands; brands=Jo Malone London; Lanolips
cultbeauty_d6c6fa591ef042,cultbeauty,NARS,Jo Malone London English Pear & Sweet Pea Hand Cream 30ml,Jo Malone London,needs_manual_review,manual_review,0.55,same product_name appears under multiple brands; brands=Jo Malone London; NARS
cultbeauty_8e53829c497f83,cultbeauty,PATRICK TA,Jo Malone London Purify Shower Gel 200ml,Jo Malone London,needs_manual_review,manual_review,0.55,same product_name appears under multiple brands; brands=Jo Malone London; PATRICK TA
cultbeauty_6f6cfaa1a5d65f,cultbeauty,PATRICK TA,Jo Malone London Restore Body Scrub 200g,Jo Malone London,needs_manual_review,manual_review,0.55,same product_name appears under multiple brands; brands=Elemis; PATRICK TA
cultbeauty_278f4f719a04fe,cultbeauty,PATRICK TA,Jo Malone London Revitalise Body Gel-Cream 200ml,Jo Malone London,needs_manual_review,manual_review,0.55,same product_name appears under multiple brands; brands=Armani; PATRICK TA
cultbeauty_d7a4767b1f0fa6,cultbeauty,PATRICK TA,Jo Malone London Revitalise Exfoliating Soap 100g,Jo Malone London,needs_manual_review,manual_review,0.55,same product_name appears under multiple brands; brands=BEAUTYPRO; PATRICK TA
cultbeauty_5a8f576c9cf226,cultbeauty,PATRICK TA,Jo Malone London Special Edition English Pear & Sweet Pea Hand Cream 30ml,Jo Malone London,needs_manual_review,manual_review,0.55,same product_name appears under multiple brands; brands=Neutrogena; PATRICK TA
cultbeauty_cef4a14f23ef14,cultbeauty,PATRICK TA,Jo Malone London Tomato Leaf Hand Wash 250ml,Jo Malone London,needs_manual_review,manual_review,0.55,same product_name appears under multiple brands; brands=PATRICK TA; YSL
cultbeauty_c82c55dc1d964b,cultbeauty,Paula's Choice,Jo Malone London Cypress & Grapevine Duo,Jo Malone London,needs_manual_review,manual_review,0.55,same product_name appears under multiple brands; brands=Paula's Choice; Tom Ford
cultbeauty_d2a0349624c77b,cultbeauty,SkinCeuticals,Jo Malone London Restore Body Oil 150ml,Jo Malone London,needs_manual_review,manual_review,0.55,same product_name appears under multiple brands; brands=NARS; SkinCeuticals
cultbeauty_2267641901db03,cultbeauty,Alpha-H,Joonbyrd Daydreamer Body Serum 100ml,Joonbyrd,needs_manual_review,manual_review,0.55,same product_name appears under multiple brands; brands=Alpha-H; Joonbyrd
cultbeauty_0f6e7a6457573f,cultbeauty,Alpha-H,Joonbyrd Sunday Sofa Body Butter 200ml,Joonbyrd,needs_manual_review,manual_review,0.55,same product_name appears under multiple brands; brands=Alpha-H; Joonbyrd
cultbeauty_10bf844d71f2d3,cultbeauty,Fenty Beauty,Joonbyrd Daydreamer Body Serum Mini 15ml,Joonbyrd,needs_manual_review,manual_review,0.55,same product_name appears under multiple brands; brands=Fenty Beauty; Joonbyrd
cultbeauty_de95f5825aaed3,cultbeauty,Mario Badescu,Joonbyrd Little Love Body Lotion Mini 50ml,Joonbyrd,needs_manual_review,manual_review,0.55,same product_name appears under multiple brands; brands=Joonbyrd; Mario Badescu
cultbeauty_eb659e4103bc45,cultbeauty,OUAI,Joonbyrd Palm Wild Hand Wash 300ml,Joonbyrd,needs_manual_review,manual_review,0.55,same product_name appears under multiple brands; brands=Maybelline; OUAI
cultbeauty_3cdf95d107ef80,cultbeauty,PATRICK TA,Joonbyrd Big Time Longevity Body Wash,Joonbyrd,needs_manual_review,manual_review,0.55,same product_name appears under multiple brands; brands=PATRICK TA; SVR Laboratoires
cultbeauty_6f9e8a8e203860,cultbeauty,PATRICK TA,Joonbyrd Future Romance Body Glaze,Joonbyrd,needs_manual_review,manual_review,0.55,same product_name appears under multiple brands; brands=PATRICK TA; Sol de Janeiro
cultbeauty_e3938a33e690f7,cultbeauty,PATRICK TA,Joonbyrd Moon Swim Body Wash Mini 50ml,Joonbyrd,needs_manual_review,manual_review,0.55,same product_name appears under multiple brands; brands=Joonbyrd; PATRICK TA
cultbeauty_0feb1f50dfb1eb,cultbeauty,PATRICK TA,Joonbyrd Sunday Sofa Body Butter Mini 30ml,Joonbyrd,needs_manual_review,manual_review,0.55,same product_name appears under multiple brands; brands=Medik8; PATRICK TA
cultbeauty_2f2ce1c934e259,cultbeauty,PATRICK TA,Joonbyrd Violet Haze Body Scrub 200ml,Joonbyrd,needs_manual_review,manual_review,0.55,same product_name appears under multiple brands; brands=Joonbyrd; PATRICK TA
cultbeauty_1d020327b40fb9,cultbeauty,PATRICK TA,Joonbyrd Violet Haze Body Scrub Mini 30ml,Joonbyrd,needs_manual_review,manual_review,0.55,same product_name appears under multiple brands; brands=Color Wow; PATRICK TA
cultbeauty_0298df3145c86a,cultbeauty,Ultra Violette,Joonbyrd Wonder.Land Hand Lotion Mini 50ml,Joonbyrd,needs_manual_review,manual_review,0.55,same product_name appears under multiple brands; brands=La Roche-Posay; Ultra Violette
cultbeauty_a0fa0d9da06c37,cultbeauty,Laura Mercier,Kora Organics Plant Stem Cell Retinol Alternative Moisturizer 15ml,KORA Organics,needs_manual_review,manual_review,0.55,same product_name appears under multiple brands; brands=Clinique; Laura Mercier
cultbeauty_6585f98504b28a,cultbeauty,Medik8,Kora Organics Active Algae Calming Cleansing Balm 30ml,KORA Organics,needs_manual_review,manual_review,0.55,same product_name appears under multiple brands; brands=Kora Organics; Medik8
cultbeauty_c5732987b877e6,cultbeauty,Medik8,Kora Organics Renewing Hand and Body Wash 300ml,KORA Organics,needs_manual_review,manual_review,0.55,same product_name appears under multiple brands; brands=Clinique; Medik8
cultbeauty_686fc9fc2bc8f6,cultbeauty,Pai,Kora Organics Noni Glow Face Oil 10ml,KORA Organics,needs_manual_review,manual_review,0.55,same product_name appears under multiple brands; brands=Kora Organics; Pai
cultbeauty_4c031eb04dd924,cultbeauty,Kora Organics,Kate Somerville +Retinol Vita C Power Serum 30ml,Kate Somerville,needs_manual_review,manual_review,0.55,same product_name appears under multiple brands; brands=Kora Organics; MAC
cultbeauty_1d362ebf0c1918,cultbeauty,Medik8,Kate Somerville KateCeuticals SuperCell Rejuvenation Serum 30ml,Kate Somerville,needs_manual_review,manual_review,0.55,same product_name appears under multiple brands; brands=Kate Somerville; Medik8
cultbeauty_0f6ff2a216d20c,cultbeauty,NARS,Kate Somerville Oil Free Moisturizer 1.7 fl. oz.,Kate Somerville,needs_manual_review,manual_review,0.55,same product_name appears under multiple brands; brands=Kate Somerville; NARS
cultbeauty_e1258bd4b93033,cultbeauty,Paula's Choice,Kate Somerville ExfoliKate Intensive Exfoliating Treatment 15ml,Kate Somerville,needs_manual_review,manual_review,0.55,same product_name appears under multiple brands; brands=Kate Somerville; Paula's Choice
cultbeauty_c2035d7b4d23f2,cultbeauty,Paula's Choice,Kate Somerville Exfolikate Resurfacing Body Scrub 150ml,Kate Somerville,needs_manual_review,manual_review,0.55,same product_name appears under multiple brands; brands=Kate Somerville; Paula's Choice
cultbeauty_c47842595d400e,cultbeauty,Peter Thomas Roth,Kate Somerville Hydrakate Recharging Serum 30ml,Kate Somerville,needs_manual_review,manual_review,0.55,same product_name appears under multiple brands; brands=La Roche-Posay; Peter Thomas Roth
cultbeauty_c2ba4866867bcf,cultbeauty,Summer Fridays,Kate Somerville HydraKate Pro-Collagen Lip Oil Elixir 7ml,Kate Somerville,needs_manual_review,manual_review,0.55,same product_name appears under multiple brands; brands=Elizabeth Arden; Summer Fridays
cultbeauty_1299f6a1d537ad,cultbeauty,Ultra Violette,Kate Somerville HydraKate Illuminating SPF 50+ Drops 50ml,Kate Somerville,needs_manual_review,manual_review,0.55,same product_name appears under multiple brands; brands=Kate Somerville; Ultra Violette
cultbeauty_f3ef80b5360e46,cultbeauty,PATRICK TA,Kevyn Aucoin The Art of Blush & Glow - Peach,Kevyn Aucoin,needs_manual_review,manual_review,0.55,same product_name appears under multiple brands; brands=Kevyn Aucoin; PATRICK TA
cultbeauty_c7f18c2f2c7bb1,cultbeauty,PATRICK TA,Kevyn Aucoin The Contour Eyeshadow Palette (Various Shades) Light,Kevyn Aucoin,needs_manual_review,manual_review,0.55,same product_name appears under multiple brands; brands=Kevyn Aucoin; PATRICK TA
cultbeauty_1f694a2d20ce27,cultbeauty,PATRICK TA,Kevyn Aucoin The Sculpting Powder (Various Shades) Medium,Kevyn Aucoin,needs_manual_review,manual_review,0.55,same product_name appears under multiple brands; brands=Kevyn Aucoin; PATRICK TA
cultbeauty_c5d766a05e9aa6,cultbeauty,benefit,Kevyn Aucoin Micro Sculpting Brow Gel 0.5ml (Various Shades) Dark Brunette,Kevyn Aucoin,needs_manual_review,manual_review,0.55,same product_name appears under multiple brands; brands=Kevyn Aucoin; benefit
cultbeauty_dba559699c9fca,cultbeauty,Aesop,L'Occitane Fleurs de Cerisier (Cherry Blossom) Shower Gel 250ml,L'Occitane,needs_manual_review,manual_review,0.55,same product_name appears under multiple brands; brands=Aesop; L'Occitane
cultbeauty_0247465c295928,cultbeauty,Aesop,L'Occitane Verbena Liquid Hand Soap 500ml,L'Occitane,needs_manual_review,manual_review,0.55,same product_name appears under multiple brands; brands=Aesop; La Roche-Posay
cultbeauty_999e7636a6bd39,cultbeauty,Beauty of Joseon,L'Occitane Fleurs de Cerisier (Cherry Blossom) Shower Gel 75ml,L'Occitane,needs_manual_review,manual_review,0.55,same product_name appears under multiple brands; brands=Beauty of Joseon; Sol de Janeiro
cultbeauty_ff179a762f21b9,cultbeauty,Beauty of Joseon,L'Occitane Néroli Orchidée Shower Gel 250ml,L'Occitane,needs_manual_review,manual_review,0.55,same product_name appears under multiple brands; brands=Beauty of Joseon; L'Occitane
cultbeauty_21d8dc892d5502,cultbeauty,Charlotte Tilbury,L'Occitane Shea (Karité) Hand & Foot Collection,L'Occitane,needs_manual_review,manual_review,0.55,same product_name appears under multiple brands; brands=Charlotte Tilbury; L'Occitane
cultbeauty_cb51d2e092b5f1,cultbeauty,Gisou,L'Occitane Fleurs de Cerisier (Cherry Blossom) Hand Cream 30ml,L'Occitane,needs_manual_review,manual_review,0.55,same product_name appears under multiple brands; brands=Gisou; L'Occitane
cultbeauty_ed0a4e8866a0bf,cultbeauty,HUDA BEAUTY,L'Occitane Almond (Amande) Soothing Milk Concentrate Refill 200ml,L'Occitane,needs_manual_review,manual_review,0.55,same product_name appears under multiple brands; brands=HUDA BEAUTY; Sol de Janeiro
cultbeauty_b51cc4a390f396,cultbeauty,HUDA BEAUTY,L'Occitane Lavender Extra-Gentle Body Soap 250g,L'Occitane,needs_manual_review,manual_review,0.55,same product_name appears under multiple brands; brands=HUDA BEAUTY; Rituals
cultbeauty_b61f439241b2a4,cultbeauty,HUDA BEAUTY,L'Occitane Lavender Liquid Hand Soap 350ml - Glass,L'Occitane,needs_manual_review,manual_review,0.55,same product_name appears under multiple brands; brands=Color Wow; HUDA BEAUTY
cultbeauty_5c3d083074552d,cultbeauty,HUDA BEAUTY,L'Occitane Lavender Liquid Hand Soap 500ml,L'Occitane,needs_manual_review,manual_review,0.55,same product_name appears under multiple brands; brands=Aesop; HUDA BEAUTY
cultbeauty_19f2cc8cbacf17,cultbeauty,HUDA BEAUTY,L'Occitane Lavender Liquid Hand Soap Refill 500ml,L'Occitane,needs_manual_review,manual_review,0.55,same product_name appears under multiple brands; brands=HUDA BEAUTY; ISOCLEAN
cultbeauty_e4f72179ad2d3e,cultbeauty,HUDA BEAUTY,L'Occitane Shea (Karité) Ultra Rich Body Cream Refill 200ml,L'Occitane,needs_manual_review,manual_review,0.55,same product_name appears under multiple brands; brands=HUDA BEAUTY; Marvis
cultbeauty_cdb23321367b66,cultbeauty,HUDA BEAUTY,L'Occitane Shea Ultra Rich Face Cream 50ml,L'Occitane,needs_manual_review,manual_review,0.55,same product_name appears under multiple brands; brands=HUDA BEAUTY; Kiehl's Since 1851
cultbeauty_c3a93a3bdbaf8f,cultbeauty,HUDA BEAUTY,L'Occitane Verbena Extra-Gentle Body Soap 250g,L'Occitane,needs_manual_review,manual_review,0.55,same product_name appears under multiple brands; brands=Garnier; HUDA BEAUTY
cultbeauty_9de70f468be6c7,cultbeauty,HUDA BEAUTY,L'Occitane Verveine (Verbena) Body Lotion 250ml,L'Occitane,needs_manual_review,manual_review,0.55,same product_name appears under multiple brands; brands=Armani; HUDA BEAUTY
cultbeauty_8ddea9082d42c5,cultbeauty,Kiehl's Since 1851,L'Occitane Verveine (Verbena) Hand Cream 75ml,L'Occitane,needs_manual_review,manual_review,0.55,same product_name appears under multiple brands; brands=Kiehl's Since 1851; Piz Buin
cultbeauty_fc629c0ba09fb8,cultbeauty,LANEIGE,L'Occitane Shea (Karité) Foot Cream 150ml,L'Occitane,needs_manual_review,manual_review,0.55,same product_name appears under multiple brands; brands=L'Occitane; LANEIGE
cultbeauty_d8df05a3e3f219,cultbeauty,Le Labo,L'Occitane Cédre Gingembre (Formerly Cap Cedrat) After-Shave Gel Cream 75ml,L'Occitane,needs_manual_review,manual_review,0.55,same product_name appears under multiple brands; brands=Le Labo; Weleda
cultbeauty_5f835b7314d782,cultbeauty,Luna Daily,L'Occitane Shea (Karité) Moisturising Shower Cream 250ml,L'Occitane,needs_manual_review,manual_review,0.55,same product_name appears under multiple brands; brands=L'Occitane; Luna Daily
cultbeauty_16b201b7fb6787,cultbeauty,Medik8,L'Occitane Cédre Gingembre (Formerly Cap Cedrat) Shower Gel 250ml,L'Occitane,needs_manual_review,manual_review,0.55,same product_name appears under multiple brands; brands=Medik8; Molton Brown
cultbeauty_7d6bc2144bd3da,cultbeauty,Medik8,L'Occitane Shea Cream Hand Soap 350ml - Glass,L'Occitane,needs_manual_review,manual_review,0.55,same product_name appears under multiple brands; brands=Medik8; Rimmel
cultbeauty_e253940afd4c9b,cultbeauty,Megababe,L'Occitane Cédre Encens (Formerly Eau des Baux) Stick Deodorant 70g,L'Occitane,needs_manual_review,manual_review,0.55,same product_name appears under multiple brands; brands=Armani; Megababe
cultbeauty_f3d7b02b3a83ca,cultbeauty,OUAI,L'Occitane Shea Cream Hand Soap 500ml,L'Occitane,needs_manual_review,manual_review,0.55,same product_name appears under multiple brands; brands=Aesop; OUAI
cultbeauty_131b2f20d42bbe,cultbeauty,Olaplex,L'Occitane Fleurs de Cerisier (Cherry Blossom) Body Lotion 250ml,L'Occitane,needs_manual_review,manual_review,0.55,same product_name appears under multiple brands; brands=L'Occitane; Olaplex
cultbeauty_91adbae9be92f1,cultbeauty,PATRICK TA,L'Occitane Cédre Encens (Formerly Eau des Baux) After-Shave Balm 75ml,L'Occitane,needs_manual_review,manual_review,0.55,same product_name appears under multiple brands; brands=Lancôme; PATRICK TA
cultbeauty_2204980aeeb956,cultbeauty,PATRICK TA,L'Occitane Cédre Gingembre (Formerly Cap Cedrat) Shower Gel 75ml,L'Occitane,needs_manual_review,manual_review,0.55,same product_name appears under multiple brands; brands=La Roche-Posay; PATRICK TA
cultbeauty_28006650dc46f5,cultbeauty,PATRICK TA,L'Occitane Fleurs de Cerisier (Cherry Blossom) Body Lotion 75ml,L'Occitane,needs_manual_review,manual_review,0.55,same product_name appears under multiple brands; brands=Christophe Robin; PATRICK TA
cultbeauty_16d63657d92132,cultbeauty,PATRICK TA,L'Occitane Fleurs de Cerisier (Cherry Blossom) Shower Gel Refill 500ml,L'Occitane,needs_manual_review,manual_review,0.55,same product_name appears under multiple brands; brands=Color Wow; PATRICK TA
cultbeauty_f72740d06241ea,cultbeauty,PATRICK TA,L'Occitane Immortelle Divine Face Cream 50ml,L'Occitane,needs_manual_review,manual_review,0.55,same product_name appears under multiple brands; brands=L'Occitane; PATRICK TA
cultbeauty_4d949e17c2b698,cultbeauty,PATRICK TA,L'Occitane Immortelle Precious Emulsion 75ml,L'Occitane,needs_manual_review,manual_review,0.55,same product_name appears under multiple brands; brands=L'Occitane; PATRICK TA
cultbeauty_dd0b2b9ad801b3,cultbeauty,PATRICK TA,L'Occitane Lavande Poivre Noir (Formerly L'Occitan) Deodorant 50ml,L'Occitane,needs_manual_review,manual_review,0.55,same product_name appears under multiple brands; brands=Caudalie; PATRICK TA
cultbeauty_f720f68703f478,cultbeauty,PATRICK TA,L'Occitane Shea (Karité) Hand Scrub 30ml,L'Occitane,needs_manual_review,manual_review,0.55,same product_name appears under multiple brands; brands=BEAUTYPRO; PATRICK TA
cultbeauty_8e79c48bdd6533,cultbeauty,PATRICK TA,L'Occitane Shea Cream Hand Soap Refill 500ml,L'Occitane,needs_manual_review,manual_review,0.55,same product_name appears under multiple brands; brands=PATRICK TA; The Ordinary
cultbeauty_3f6bb33869e4d6,cultbeauty,PATRICK TA,L'Occitane Travel Collection,L'Occitane,needs_manual_review,manual_review,0.55,same product_name appears under multiple brands; brands=L'Occitane; PATRICK TA
cultbeauty_138657c1ea8a72,cultbeauty,PATRICK TA,L'Occitane Verbena Liquid Hand Soap 350ml - Glass,L'Occitane,needs_manual_review,manual_review,0.55,same product_name appears under multiple brands; brands=OUAI; PATRICK TA
cultbeauty_94bafcbc0cef7c,cultbeauty,PATRICK TA,L'Occitane Verbena Liquid Hand Soap Refill 500ml,L'Occitane,needs_manual_review,manual_review,0.55,same product_name appears under multiple brands; brands=Bondi Sands; PATRICK TA
cultbeauty_89d25209e601af,cultbeauty,Saie,L'Occitane Shea Extra Rich Body Soap 250g,L'Occitane,needs_manual_review,manual_review,0.55,same product_name appears under multiple brands; brands=L'Occitane; Saie
cultbeauty_846667ecdf6d97,cultbeauty,Summer Fridays,L'Occitane Néroli Orchidée Body Lotion 250ml,L'Occitane,needs_manual_review,manual_review,0.55,same product_name appears under multiple brands; brands=NARS; Summer Fridays
cultbeauty_0b73cbfc57527c,cultbeauty,Summer Fridays,L'Occitane Shea (Karité) Hand Cream 150ml,L'Occitane,needs_manual_review,manual_review,0.55,same product_name appears under multiple brands; brands=La Roche-Posay; Summer Fridays
cultbeauty_662761efad8233,cultbeauty,Summer Fridays,L'Occitane Shea (Karité) Hand Cream 30ml,L'Occitane,needs_manual_review,manual_review,0.55,same product_name appears under multiple brands; brands=Sol de Janeiro; Summer Fridays
cultbeauty_76d27cb570e6d7,cultbeauty,The INKEY List,L'Occitane Lavande Poivre Noir (Formerly L'Occitan) Shower Gel 250ml,L'Occitane,needs_manual_review,manual_review,0.55,same product_name appears under multiple brands; brands=L'Occitane; The INKEY List
cultbeauty_815e7764c35480,cultbeauty,The Ordinary,L'Occitane Lavande Poivre Noir (Formerly L'Occitan) Shower Gel 75ml,L'Occitane,needs_manual_review,manual_review,0.55,same product_name appears under multiple brands; brands=Aesop; The Ordinary
cultbeauty_7daa6b69ed2e74,cultbeauty,nails inc.,L'Occitane Shea (Karité) Foot Cream 30ml,L'Occitane,needs_manual_review,manual_review,0.55,same product_name appears under multiple brands; brands=CeraVe; nails inc.
cultbeauty_3b03933b3b9372,cultbeauty,nails inc.,L'Occitane Shea (Karité) Nail & Cuticle Oil 7.5ml,L'Occitane,needs_manual_review,manual_review,0.55,same product_name appears under multiple brands; brands=Manucurist; nails inc.
cultbeauty_b01893979d6e31,cultbeauty,BYOMA,LANEIGE Cream Skin Cerapeptide Mist 30ml,LANEIGE,needs_manual_review,manual_review,0.55,same product_name appears under multiple brands; brands=BYOMA; LANEIGE
cultbeauty_c71429b53ddbb6,cultbeauty,HUDA BEAUTY,LANEIGE Juice Box Lip Tint Jazzy Jam 4.5g,LANEIGE,needs_manual_review,manual_review,0.55,same product_name appears under multiple brands; brands=HUDA BEAUTY; LANEIGE
cultbeauty_a827b48a30a6a2,cultbeauty,HUDA BEAUTY,LANEIGE Juice Box Lip Tint Red Classic 4.5g,LANEIGE,needs_manual_review,manual_review,0.55,same product_name appears under multiple brands; brands=HUDA BEAUTY; LANEIGE
cultbeauty_586dec286d48f8,cultbeauty,HUDA BEAUTY,LANEIGE Lip Sleeping Mask - Hot Cocoa,LANEIGE,needs_manual_review,manual_review,0.55,same product_name appears under multiple brands; brands=HUDA BEAUTY; LANEIGE
cultbeauty_6eba8c357f1f2d,cultbeauty,HUDA BEAUTY,LANEIGE Smoothie Makeup Serum 30ml,LANEIGE,needs_manual_review,manual_review,0.55,same product_name appears under multiple brands; brands=HUDA BEAUTY; YSL
cultbeauty_084298dab6e6e3,cultbeauty,Kiehl's Since 1851,LANEIGE Water Bank Blue Hyaluronic Eye Cream 25ml,LANEIGE,needs_manual_review,manual_review,0.55,same product_name appears under multiple brands; brands=Kiehl's Since 1851; LANEIGE
cultbeauty_6aaca5d15f78f8,cultbeauty,NARS,LANEIGE Water Bank Blue Hyaluronic Gel Moisturiser Refill 50ml,LANEIGE,needs_manual_review,manual_review,0.55,same product_name appears under multiple brands; brands=LANEIGE; NARS
cultbeauty_f009ea6a352897,cultbeauty,PATRICK TA,LANEIGE Bouncy & Firm Serum 30ml,LANEIGE,needs_manual_review,manual_review,0.55,same product_name appears under multiple brands; brands=LANEIGE; PATRICK TA
cultbeauty_4946c4222a56de,cultbeauty,PATRICK TA,LANEIGE Glaze Craze Tinted Lip Serum Peach Glaze,LANEIGE,needs_manual_review,manual_review,0.55,same product_name appears under multiple brands; brands=LANEIGE; PATRICK TA; Summer Fridays
cultbeauty_f753ac9621919f,cultbeauty,PATRICK TA,LANEIGE Glaze Craze Tinted Lip Serum Peach Glaze,LANEIGE,needs_manual_review,manual_review,0.55,same product_name appears under multiple brands; brands=LANEIGE; PATRICK TA; Summer Fridays
cultbeauty_a6eede40c38a96,cultbeauty,PATRICK TA,LANEIGE Juice Box Lip Tint Disco Coral 4.5g,LANEIGE,needs_manual_review,manual_review,0.55,same product_name appears under multiple brands; brands=LANEIGE; PATRICK TA
cultbeauty_1283bbfdc87fd6,cultbeauty,PATRICK TA,LANEIGE Juice Box Lip Tint Electro Berry 4.5g,LANEIGE,needs_manual_review,manual_review,0.55,same product_name appears under multiple brands; brands=LANEIGE; PATRICK TA
cultbeauty_59da675fb7405e,cultbeauty,PATRICK TA,LANEIGE Juice Box Lip Tint Lo-Fi Mauve 4.5g,LANEIGE,needs_manual_review,manual_review,0.55,same product_name appears under multiple brands; brands=LANEIGE; PATRICK TA
cultbeauty_2c59e609d8fe2c,cultbeauty,PATRICK TA,LANEIGE Juice Box Lip Tint Mocha Remix 4.5g,LANEIGE,needs_manual_review,manual_review,0.55,same product_name appears under multiple brands; brands=LANEIGE; PATRICK TA
cultbeauty_c0963b0097b0ce,cultbeauty,PATRICK TA,LANEIGE Lip Sleeping Mask - Berry (Original) 20g,LANEIGE,needs_manual_review,manual_review,0.55,same product_name appears under multiple brands; brands=LANEIGE; PATRICK TA
cultbeauty_3fcdea9528ec39,cultbeauty,PATRICK TA,LANEIGE Lip Sleeping Mask Matcha Bubble Tea 20g,LANEIGE,needs_manual_review,manual_review,0.55,same product_name appears under multiple brands; brands=LANEIGE; PATRICK TA
cultbeauty_235dd99e42ede7,cultbeauty,PATRICK TA,LANEIGE Lip Sleeping Mask Strawberry Shortcake 20g,LANEIGE,needs_manual_review,manual_review,0.55,same product_name appears under multiple brands; brands=LANEIGE; PATRICK TA
cultbeauty_62d168002f0b45,cultbeauty,Summer Fridays,LANEIGE Bouncy and Firm Lip Treatment 12g,LANEIGE,needs_manual_review,manual_review,0.55,same product_name appears under multiple brands; brands=LANEIGE; Summer Fridays
cultbeauty_208678985540dd,cultbeauty,Summer Fridays,LANEIGE Glaze Craze Tinted Lip Serum Peach Glaze,LANEIGE,needs_manual_review,manual_review,0.55,same product_name appears under multiple brands; brands=LANEIGE; PATRICK TA; Summer Fridays
cultbeauty_3069d1ae82f501,cultbeauty,Summer Fridays,LANEIGE Glaze Craze Tinted Lip Serum Peach Glaze,LANEIGE,needs_manual_review,manual_review,0.55,same product_name appears under multiple brands; brands=LANEIGE; PATRICK TA; Summer Fridays
cultbeauty_55c050dfdf1bf0,cultbeauty,Summer Fridays,LANEIGE Glaze Craze Tinted Lip Serum Peach Glaze,LANEIGE,needs_manual_review,manual_review,0.55,same product_name appears under multiple brands; brands=LANEIGE; PATRICK TA; Summer Fridays
cultbeauty_a3c11f7a7f0277,cultbeauty,Summer Fridays,LANEIGE Glaze Craze Tinted Lip Serum Peach Glaze,LANEIGE,needs_manual_review,manual_review,0.55,same product_name appears under multiple brands; brands=LANEIGE; PATRICK TA; Summer Fridays
cultbeauty_e9ae3e017702e2,cultbeauty,Summer Fridays,LANEIGE Glaze Craze Tinted Lip Serum Peach Glaze,LANEIGE,needs_manual_review,manual_review,0.55,same product_name appears under multiple brands; brands=LANEIGE; PATRICK TA; Summer Fridays
cultbeauty_fb732903132f60,cultbeauty,Summer Fridays,LANEIGE Glaze Craze Tinted Lip Serum Peach Glaze,LANEIGE,needs_manual_review,manual_review,0.55,same product_name appears under multiple brands; brands=LANEIGE; PATRICK TA; Summer Fridays
cultbeauty_fe4d67b5eb8521,cultbeauty,Summer Fridays,LANEIGE Glaze Craze Tinted Lip Serum Peach Glaze,LANEIGE,needs_manual_review,manual_review,0.55,same product_name appears under multiple brands; brands=LANEIGE; PATRICK TA; Summer Fridays
cultbeauty_9e707a6be783e6,cultbeauty,Summer Fridays,LANEIGE Hydro UV Defence EX SPF 50 Travel Size 20ml,LANEIGE,needs_manual_review,manual_review,0.55,same product_name appears under multiple brands; brands=La Roche-Posay; Summer Fridays
cultbeauty_c28f72d9384645,cultbeauty,Summer Fridays,LANEIGE Icons To Go Set,LANEIGE,needs_manual_review,manual_review,0.55,same product_name appears under multiple brands; brands=Sol de Janeiro; Summer Fridays
cultbeauty_4557c063834655,cultbeauty,Summer Fridays,LANEIGE Juice Box Lip Tint Pop-Star Peach 4.5g,LANEIGE,needs_manual_review,manual_review,0.55,same product_name appears under multiple brands; brands=LANEIGE; Summer Fridays
cultbeauty_4b1e5ebb14bb5b,cultbeauty,Summer Fridays,LANEIGE Lip Glowy Balm - Berry 10g,LANEIGE,needs_manual_review,manual_review,0.55,same product_name appears under multiple brands; brands=LANEIGE; Summer Fridays
cultbeauty_f605fc77be8d3f,cultbeauty,Summer Fridays,LANEIGE Lip Glowy Balm - Blueberry 10g,LANEIGE,needs_manual_review,manual_review,0.55,same product_name appears under multiple brands; brands=LANEIGE; Summer Fridays
cultbeauty_4447a397b9fb79,cultbeauty,Summer Fridays,LANEIGE Lip Glowy Balm - Gummy Bear 10g,LANEIGE,needs_manual_review,manual_review,0.55,same product_name appears under multiple brands; brands=LANEIGE; Summer Fridays
cultbeauty_21376b23245914,cultbeauty,Summer Fridays,LANEIGE Lip Glowy Balm - Mango 10g,LANEIGE,needs_manual_review,manual_review,0.55,same product_name appears under multiple brands; brands=LANEIGE; Summer Fridays
cultbeauty_64c94624429cbf,cultbeauty,Summer Fridays,LANEIGE Lip Glowy Balm - Sweet Candy 10g,LANEIGE,needs_manual_review,manual_review,0.55,same product_name appears under multiple brands; brands=LANEIGE; Summer Fridays
cultbeauty_7eefb5c18b09ce,cultbeauty,Summer Fridays,LANEIGE Lip Glowy Balm - Vanilla 10g,LANEIGE,needs_manual_review,manual_review,0.55,same product_name appears under multiple brands; brands=LANEIGE; Summer Fridays
cultbeauty_0442d319de21bb,cultbeauty,Summer Fridays,LANEIGE Lip Glowy Balm Milkyway 10g,LANEIGE,needs_manual_review,manual_review,0.55,same product_name appears under multiple brands; brands=LANEIGE; Summer Fridays
cultbeauty_47587afd5d020c,cultbeauty,Summer Fridays,LANEIGE Lip Hydration Heroes,LANEIGE,needs_manual_review,manual_review,0.55,same product_name appears under multiple brands; brands=LANEIGE; Summer Fridays
cultbeauty_eb59ca44ade532,cultbeauty,Summer Fridays,LANEIGE Lip Sleeping Mask - Gummy Bear 20g,LANEIGE,needs_manual_review,manual_review,0.55,same product_name appears under multiple brands; brands=LANEIGE; Summer Fridays
cultbeauty_c7f4444c8e0016,cultbeauty,Summer Fridays,LANEIGE Lip Sleeping Mask - Sweet Candy 20g,LANEIGE,needs_manual_review,manual_review,0.55,same product_name appears under multiple brands; brands=LANEIGE; Summer Fridays
cultbeauty_e56c78c41ace8d,cultbeauty,Summer Fridays,LANEIGE Lip Sleeping Mask - Vanilla 20g,LANEIGE,needs_manual_review,manual_review,0.55,same product_name appears under multiple brands; brands=LANEIGE; Summer Fridays
cultbeauty_ed0ca8eeab0999,cultbeauty,Dr Dennis Gross,LYMA Laser Starter Kit,LYMA,needs_manual_review,manual_review,0.55,same product_name appears under multiple brands; brands=Dr Dennis Gross; LYMA
cultbeauty_ed58084eb90485,cultbeauty,Laura Mercier,LYMA Laser Pro Starter Kit,LYMA,needs_manual_review,manual_review,0.55,same product_name appears under multiple brands; brands=LYMA; Laura Mercier
cultbeauty_48f32302ac1a0a,cultbeauty,PATRICK TA,LYMA Laser Oxygen Mist and Glide Refills (30 Days),LYMA,needs_manual_review,manual_review,0.55,same product_name appears under multiple brands; brands=LYMA; PATRICK TA
cultbeauty_871c41b3ccc372,cultbeauty,Anastasia Beverly Hills,La Mer The Reparative Body Lotion 160ml,La Mer,needs_manual_review,manual_review,0.55,same product_name appears under multiple brands; brands=Anastasia Beverly Hills; Weleda
cultbeauty_9e05f28289c2fd,cultbeauty,Chantecaille,La Mer Cushion Compact Foundation (Various Shades) 01 Pink Porcelain,La Mer,needs_manual_review,manual_review,0.55,same product_name appears under multiple brands; brands=Armani; Chantecaille
cultbeauty_0bcee1a3389440,cultbeauty,Clé de Peau Beauté,La Mer The Cool Micellar Cleanser 200ml,La Mer,needs_manual_review,manual_review,0.55,same product_name appears under multiple brands; brands=Bioderma; Clé de Peau Beauté
cultbeauty_2eb61451f5b7f2,cultbeauty,Color Wow,La Mer The Lifting Firming Serum 15ml,La Mer,needs_manual_review,manual_review,0.55,same product_name appears under multiple brands; brands=Bobbi Brown; Color Wow
cultbeauty_1dca760f8cdf9c,cultbeauty,Dr Dennis Gross,La Mer The Calming Lotion Cleanser 200ml,La Mer,needs_manual_review,manual_review,0.55,same product_name appears under multiple brands; brands=Dr Dennis Gross; Lancôme
cultbeauty_96111bb464907a,cultbeauty,Dr. Barbara Sturm,La Mer The Revitalizing Hydrating Serum,La Mer,needs_manual_review,manual_review,0.55,same product_name appears under multiple brands; brands=Dr. Barbara Sturm; La Mer
cultbeauty_e7810196f104ad,cultbeauty,Medik8,La Mer Crème de la Mer Moisturizing Cream (Various Sizes),La Mer,needs_manual_review,manual_review,0.55,same product_name appears under multiple brands; brands=La Mer; Medik8
cultbeauty_12f72470507b4c,cultbeauty,Medik8,La Mer The Lifting Firming Serum 30ml,La Mer,needs_manual_review,manual_review,0.55,same product_name appears under multiple brands; brands=La Mer; Medik8
cultbeauty_85bae95122c29d,cultbeauty,Molton Brown,La Mer The Moisturising Soft Cream 60ml,La Mer,needs_manual_review,manual_review,0.55,same product_name appears under multiple brands; brands=La Mer; Molton Brown
cultbeauty_5c487bd3488403,cultbeauty,Murad,La Mer The SPF50 UV Protecting Fluid 50ml,La Mer,needs_manual_review,manual_review,0.55,same product_name appears under multiple brands; brands=La Mer; Murad
cultbeauty_1dd94d2464d4d1,cultbeauty,NUXE,La Mer The Body Crème 300ml,La Mer,needs_manual_review,manual_review,0.55,same product_name appears under multiple brands; brands=NUXE; Weleda
cultbeauty_a421ba9c40ad60,cultbeauty,NYX Professional Makeup,La Mer The Moisturising Soft Cream 100ml,La Mer,needs_manual_review,manual_review,0.55,same product_name appears under multiple brands; brands=NYX Professional Makeup; Pai
cultbeauty_1c26f8cdf901a4,cultbeauty,OSKIA,La Mer Intensive Revitalizing Mask 75ml,La Mer,needs_manual_review,manual_review,0.55,same product_name appears under multiple brands; brands=OSKIA; YSL
cultbeauty_70992302b67c02,cultbeauty,PATRICK TA,La Mer The Revitalizing Mist 100ml,La Mer,needs_manual_review,manual_review,0.55,same product_name appears under multiple brands; brands=PATRICK TA; SkinCeuticals
cultbeauty_21ee3f938cf4e5,cultbeauty,Shiseido,La Mer The Eye Balm Intense 15ml,La Mer,needs_manual_review,manual_review,0.55,same product_name appears under multiple brands; brands=Eucerin; Shiseido
cultbeauty_e3197f3fcace6f,cultbeauty,Sisley Paris,La Mer The Lifting Firming Mask 50ml,La Mer,needs_manual_review,manual_review,0.55,same product_name appears under multiple brands; brands=Sisley Paris; lookfantastic Beauty Box
cultbeauty_b282df44faafef,cultbeauty,Sunday Riley,La Mer The Treatment Lotion 100ml,La Mer,needs_manual_review,manual_review,0.55,same product_name appears under multiple brands; brands=La Mer; Sunday Riley
cultbeauty_e14341d980ebd3,cultbeauty,HUDA BEAUTY,"La Roche Posay Anti-Blemish Evening Routine Effaclar Cleanser, Treatment & Patches",La Roche-Posay,needs_manual_review,manual_review,0.55,same product_name appears under multiple brands; brands=HUDA BEAUTY; La Roche-Posay
cultbeauty_2348715b484ff8,cultbeauty,HUDA BEAUTY,La Roche-Posay Anthelios Sun Protection SPF50+ Routine Bundle,La Roche-Posay,needs_manual_review,manual_review,0.55,same product_name appears under multiple brands; brands=HUDA BEAUTY; La Roche-Posay
cultbeauty_8420e31c09f9e8,cultbeauty,HUDA BEAUTY,La Roche-Posay Anti-Ageing Skin Glow & Protection Routine with SPF,La Roche-Posay,needs_manual_review,manual_review,0.55,same product_name appears under multiple brands; brands=HUDA BEAUTY; La Roche-Posay
cultbeauty_0875f443077984,cultbeauty,HUDA BEAUTY,La Roche-Posay Repair and Protect Bundle,La Roche-Posay,needs_manual_review,manual_review,0.55,same product_name appears under multiple brands; brands=HUDA BEAUTY; La Roche-Posay
cultbeauty_b5acd4c72c95ac,cultbeauty,HUDA BEAUTY,La Roche-Posay Replump and Hydrate Hyalu B5 Duo: Face Serum and Eye Cream Hyaluronic Acid Concentrated Care,La Roche-Posay,needs_manual_review,manual_review,0.55,same product_name appears under multiple brands; brands=HUDA BEAUTY; La Roche-Posay
cultbeauty_d20f9cdf31d801,cultbeauty,NARS,La Roche-Posay Hyalu B5 Suractivated Anti-Wrinkle Replumping Serum 50ml,La Roche-Posay,needs_manual_review,manual_review,0.55,same product_name appears under multiple brands; brands=La Roche-Posay; NARS
cultbeauty_fad1aa7a08d176,cultbeauty,PATRICK TA,La Roche-Posay Anti-Ageing Drench-Hydration & Protection Routine with SPF for Dry Ageing Skin,La Roche-Posay,needs_manual_review,manual_review,0.55,same product_name appears under multiple brands; brands=La Roche-Posay; PATRICK TA
cultbeauty_9677eeccdff164,cultbeauty,PATRICK TA,La Roche-Posay Daily Replump and Protect Set: Hyalu B5 Hyaluronic Acid Serum + SPF50+,La Roche-Posay,needs_manual_review,manual_review,0.55,same product_name appears under multiple brands; brands=La Roche-Posay; PATRICK TA
cultbeauty_32e1723acfebd9,cultbeauty,Paula's Choice,La Roche-Posay Effaclar Supramolecular Face Jelly Cleanser for Oily Skin & Visible Pores with Salicylic Acid & Niacinamide 200ml,La Roche-Posay,needs_manual_review,manual_review,0.55,same product_name appears under multiple brands; brands=La Roche-Posay; Paula's Choice
cultbeauty_0dd2af727896c2,cultbeauty,Paula's Choice,La Roche-Posay Redermic [R] Retinol Eye Cream 15ml,La Roche-Posay,needs_manual_review,manual_review,0.55,same product_name appears under multiple brands; brands=La Roche-Posay; Paula's Choice
cultbeauty_115e7703609365,cultbeauty,Paula's Choice,La Roche-Posay Toleriane Dermo-Cleanser 200ml,La Roche-Posay,needs_manual_review,manual_review,0.55,same product_name appears under multiple brands; brands=La Roche-Posay; Paula's Choice
cultbeauty_298eb260d216dc,cultbeauty,Summer Fridays,La Roche-Posay Hyalu B5 Suractivated Serum 30ml,La Roche-Posay,needs_manual_review,manual_review,0.55,same product_name appears under multiple brands; brands=La Roche-Posay; Summer Fridays
cultbeauty_69d04d0cd6e5b5,cultbeauty,The Ordinary,La Roche-Posay Hydraphase HA Rich Hyaluronic Acid Moisturiser for Dry-Very Dry Dehydrated Skin 40ml,La Roche-Posay,needs_manual_review,manual_review,0.55,same product_name appears under multiple brands; brands=La Roche-Posay; The Ordinary
cultbeauty_f47caedd9946e3,cultbeauty,The Ordinary,La Roche-Posay Lipikar Syndet Body Wash 200ml,La Roche-Posay,needs_manual_review,manual_review,0.55,same product_name appears under multiple brands; brands=La Roche-Posay; The Ordinary
cultbeauty_beb022aba5ec1b,cultbeauty,Ultra Violette,La Roche-Posay Anthelios UVAir Daily Invisible Fluid SPF50+ 40ml,La Roche-Posay,needs_manual_review,manual_review,0.55,same product_name appears under multiple brands; brands=La Roche-Posay; Ultra Violette
cultbeauty_43f06483a6a846,cultbeauty,Bondi Sands,Lancaster Self Tan Golden Body Gel 125ml,Lancaster,needs_manual_review,manual_review,0.55,same product_name appears under multiple brands; brands=Bondi Sands; Lancaster
cultbeauty_eed95f4c2b0bb4,cultbeauty,HUDA BEAUTY,Lancaster Sun Beauty Satin Dry Oil Fast Tan Optimizer for Body SPF50 150ml,Lancaster,needs_manual_review,manual_review,0.55,same product_name appears under multiple brands; brands=HUDA BEAUTY; Lancaster
cultbeauty_e685fbfb7ee2ae,cultbeauty,La Roche-Posay,Lancaster Sun Beauty Body Milk SPF50 100ml,Lancaster,needs_manual_review,manual_review,0.55,same product_name appears under multiple brands; brands=La Roche-Posay; Lancaster
cultbeauty_7f8d2735343563,cultbeauty,La Roche-Posay,Lancaster Sun Perfect Air Daily Invisible Fluid SPF50 24H Hydration 40ml/1.3 oz,Lancaster,needs_manual_review,manual_review,0.55,same product_name appears under multiple brands; brands=La Roche-Posay; Lancaster
cultbeauty_3f9923b41ad825,cultbeauty,Murad,Lancaster Sun Perfect Air Daily Invisible Fluid SPF50 Pore & Imperfections 40ml/1.3 oz,Lancaster,needs_manual_review,manual_review,0.55,same product_name appears under multiple brands; brands=Lancaster; Murad
cultbeauty_417f6fe675d69f,cultbeauty,NUXE,Lancaster Golden Tan Maximizer After Sun Lotion 125ml,Lancaster,needs_manual_review,manual_review,0.55,same product_name appears under multiple brands; brands=Lancaster; NUXE
cultbeauty_c72754304bb1aa,cultbeauty,NUXE,Lancaster Sun Beauty Satin Dry Oil Fast Tan Optimizer for Body SPF30 150ml,Lancaster,needs_manual_review,manual_review,0.55,same product_name appears under multiple brands; brands=Lancaster; NUXE
cultbeauty_708fd17feda4da,cultbeauty,PATRICK TA,Lancaster Sun Beauty Body Milk SPF30 100ml,Lancaster,needs_manual_review,manual_review,0.55,same product_name appears under multiple brands; brands=Lancaster; PATRICK TA
cultbeauty_98e12187547870,cultbeauty,PATRICK TA,Lancaster Sun Beauty Face & Body Pocket Cream SPF50 30ml,Lancaster,needs_manual_review,manual_review,0.55,same product_name appears under multiple brands; brands=Lancaster; PATRICK TA
cultbeauty_4ba2908fbdaa7d,cultbeauty,PIXI,Lancaster Sun Beauty Body Milk SPF50 400ml,Lancaster,needs_manual_review,manual_review,0.55,same product_name appears under multiple brands; brands=Lancaster; PIXI
cultbeauty_6acb4c4d6bec71,cultbeauty,VIEVE,Lancaster Sun Perfect Air Daily Invisible Fluid SPF50 Glow Booster 40ml/1.3 oz,Lancaster,needs_manual_review,manual_review,0.55,same product_name appears under multiple brands; brands=Lancaster; VIEVE
cultbeauty_4f2885caaa3eef,cultbeauty,PATRICK TA,Lanolips Ceramide Milkshake Tinted Lip Balm Mocha Choca,Lanolips,needs_manual_review,manual_review,0.55,same product_name appears under multiple brands; brands=Lanolips; PATRICK TA
cultbeauty_06a0ac053c4939,cultbeauty,Hourglass,Laura Mercier Ambre Vanille Hand Cream 50ml,Laura Mercier,needs_manual_review,manual_review,0.55,same product_name appears under multiple brands; brands=Hourglass; Laura Mercier
cultbeauty_0a51fa97c3dc75,cultbeauty,NARS,Laura Mercier Tinted Moisturiser Blurred Matte SPF 30 45ml (Various Shades) 5N Clay,Laura Mercier,needs_manual_review,manual_review,0.55,same product_name appears under multiple brands; brands=Laura Mercier; NARS
cultbeauty_9a4f27fcf11503,cultbeauty,PATRICK TA,Laura Mercier Almond Coconut Hand Cream 50ml,Laura Mercier,needs_manual_review,manual_review,0.55,same product_name appears under multiple brands; brands=L'Oréal Professionnel; PATRICK TA
cultbeauty_384e498cc3f3a8,cultbeauty,PATRICK TA,Laura Mercier Ambre Vanille Bath and Body Oil 100ml,Laura Mercier,needs_manual_review,manual_review,0.55,same product_name appears under multiple brands; brands=Kerastase; PATRICK TA
cultbeauty_0493c18f867ac1,cultbeauty,PATRICK TA,Laura Mercier Ambre Vanille Hydrating Body Wash 200ml,Laura Mercier,needs_manual_review,manual_review,0.55,same product_name appears under multiple brands; brands=Laura Mercier; PATRICK TA
cultbeauty_c9ae884471cbd5,cultbeauty,PATRICK TA,Laura Mercier Blush Colour Infusion Blusher 6g (Various Shades) Ginger,Laura Mercier,needs_manual_review,manual_review,0.55,same product_name appears under multiple brands; brands=Laura Mercier; PATRICK TA
cultbeauty_6a97b73ad4b435,cultbeauty,PATRICK TA,Laura Mercier Caviar Smoothing Matte Lipstick 3.4g (Various Shades) 820 Peach Cashmere,Laura Mercier,needs_manual_review,manual_review,0.55,same product_name appears under multiple brands; brands=MAC; PATRICK TA
cultbeauty_9095b4032e98f6,cultbeauty,Spectrum Collections,Laura Mercier Luminous Foundation Sponge,Laura Mercier,needs_manual_review,manual_review,0.55,same product_name appears under multiple brands; brands=Laura Mercier; Spectrum Collections
cultbeauty_d22a5b222190fe,cultbeauty,Thank You Farmer,Laura Mercier Petal Soft Lipstick Crayon 1.6g (Various Shades) Jeanne,Laura Mercier,needs_manual_review,manual_review,0.55,same product_name appears under multiple brands; brands=Thank You Farmer; The Ordinary
cultbeauty_78a31383c1aee4,cultbeauty,The Ordinary,Laura Mercier Caviar Extravagant Mascara 8.5ml,Laura Mercier,needs_manual_review,manual_review,0.55,same product_name appears under multiple brands; brands=La Roche-Posay; The Ordinary
cultbeauty_50ee008340b24d,cultbeauty,Urban Decay,Laura Mercier Caviar Tightline Eyeliner 1.2g (Various Shades) Tuxedo,Laura Mercier,needs_manual_review,manual_review,0.55,same product_name appears under multiple brands; brands=Laura Mercier; Urban Decay
cultbeauty_1cc6878b56e9a7,cultbeauty,Caudalie,Living Proof Full Conditioner 60ml,Living Proof,needs_manual_review,manual_review,0.55,same product_name appears under multiple brands; brands=Caudalie; Living Proof
cultbeauty_1bc45c4c5f874b,cultbeauty,Color Wow,Living Proof Scalp Care Dry Scalp Treatment 100ml,Living Proof,needs_manual_review,manual_review,0.55,same product_name appears under multiple brands; brands=Color Wow; Philip Kingsley
cultbeauty_4bebddcc1a960a,cultbeauty,Color Wow,Living Proof Style Lab Air-Dry Styler,Living Proof,needs_manual_review,manual_review,0.55,same product_name appears under multiple brands; brands=Color Wow; Living Proof
cultbeauty_4b4c35baa9d7f1,cultbeauty,Glow Recipe,Living Proof Curl Conditioner 60ml,Living Proof,needs_manual_review,manual_review,0.55,same product_name appears under multiple brands; brands=Glow Recipe; MAC
cultbeauty_5111c198f9eba9,cultbeauty,HUDA BEAUTY,Living Proof Style Refresh Mist 50ml,Living Proof,needs_manual_review,manual_review,0.55,same product_name appears under multiple brands; brands=HUDA BEAUTY; Medik8
cultbeauty_ae21a03115a417,cultbeauty,Kiehl's Since 1851,Living Proof Restore Conditioner 60ml,Living Proof,needs_manual_review,manual_review,0.55,same product_name appears under multiple brands; brands=Kiehl's Since 1851; Weleda
cultbeauty_6328e8580862a2,cultbeauty,NYX Professional Makeup,"Living Proof No Frizz Shampoo and Conditioner Travel Size Bundle for Frizz Control, Smoothness and Shine",Living Proof,needs_manual_review,manual_review,0.55,same product_name appears under multiple brands; brands=Color Wow; NYX Professional Makeup
cultbeauty_cb550f45c32729,cultbeauty,OUAI,"Living Proof Full Shampoo and Conditioner Travel Size Bundle for Volume, Bounce and Shine",Living Proof,needs_manual_review,manual_review,0.55,same product_name appears under multiple brands; brands=L'Oréal Professionnel; OUAI
cultbeauty_c05556d23654bd,cultbeauty,OUAI,Living Proof No Frizz Intense Moisture Mask 200ml,Living Proof,needs_manual_review,manual_review,0.55,same product_name appears under multiple brands; brands=Living Proof; OUAI
cultbeauty_0b8e49ef9e537c,cultbeauty,OUAI,Living Proof Triple Bond Complex 45ml,Living Proof,needs_manual_review,manual_review,0.55,same product_name appears under multiple brands; brands=OUAI; Pureology
cultbeauty_959900e725f612,cultbeauty,Olaplex,Living Proof No Frizz Conditioner 60ml,Living Proof,needs_manual_review,manual_review,0.55,same product_name appears under multiple brands; brands=Olaplex; Redken
cultbeauty_5856950039f5f5,cultbeauty,Oribe,Living Proof Curl Definer 190ml,Living Proof,needs_manual_review,manual_review,0.55,same product_name appears under multiple brands; brands=L'Oréal Professionnel; Oribe
cultbeauty_7102f6d86810d6,cultbeauty,PATRICK TA,Living Proof Curl Conditioner 236ml,Living Proof,needs_manual_review,manual_review,0.55,same product_name appears under multiple brands; brands=As I Am; PATRICK TA
cultbeauty_83fa5d6c3fd102,cultbeauty,PATRICK TA,Living Proof Curl Shampoo 236ml,Living Proof,needs_manual_review,manual_review,0.55,same product_name appears under multiple brands; brands=PATRICK TA; Redken
cultbeauty_b7dad1bc63a89e,cultbeauty,PATRICK TA,Living Proof Curl Shampoo 60ml,Living Proof,needs_manual_review,manual_review,0.55,same product_name appears under multiple brands; brands=PATRICK TA; Umberto Giannini
cultbeauty_f4081fade3b796,cultbeauty,PATRICK TA,"Living Proof Curl Shampoo and Conditioner Travel Size Bundle for Stronger, Hydrated, Healthier Looking Curls",Living Proof,needs_manual_review,manual_review,0.55,same product_name appears under multiple brands; brands=Olaplex; PATRICK TA
cultbeauty_a4cf6e1d04b412,cultbeauty,PATRICK TA,Living Proof Full Conditioner 236ml,Living Proof,needs_manual_review,manual_review,0.55,same product_name appears under multiple brands; brands=Living Proof; PATRICK TA
cultbeauty_4c5096a80c47da,cultbeauty,PATRICK TA,Living Proof Moisture Rescue Mask 236ml,Living Proof,needs_manual_review,manual_review,0.55,same product_name appears under multiple brands; brands=Living Proof; PATRICK TA
cultbeauty_1c737242fdf4c8,cultbeauty,PATRICK TA,Living Proof Restore Conditioner 236ml,Living Proof,needs_manual_review,manual_review,0.55,same product_name appears under multiple brands; brands=Olaplex; PATRICK TA
cultbeauty_9ff4f17b07fed9,cultbeauty,PATRICK TA,"Living Proof Restore Shampoo and Conditioner Travel Size Bundle for Damage Repair, Strengthening and Shine",Living Proof,needs_manual_review,manual_review,0.55,same product_name appears under multiple brands; brands=PATRICK TA; Redken
cultbeauty_4258cabdb24a56,cultbeauty,PATRICK TA,Living Proof Style Refresh Mist 150ml,Living Proof,needs_manual_review,manual_review,0.55,same product_name appears under multiple brands; brands=Living Proof; PATRICK TA
cultbeauty_67c5d24a85b764,cultbeauty,The Ordinary,Living Proof Full Thickening Blow-Dry Cream 109ml,Living Proof,needs_manual_review,manual_review,0.55,same product_name appears under multiple brands; brands=Color Wow; The Ordinary
cultbeauty_72faed30cf3dc2,cultbeauty,Bondi Sands,Loving Tan 2 Hour Express Tanning Lotion Dark 100ml,Loving Tan,needs_manual_review,manual_review,0.55,same product_name appears under multiple brands; brands=Bondi Sands; Loving Tan
cultbeauty_80d9ea4ad92867,cultbeauty,Bondi Sands,Loving Tan 2 Hour Express Tanning Lotion Medium 100ml,Loving Tan,needs_manual_review,manual_review,0.55,same product_name appears under multiple brands; brands=Bondi Sands; Loving Tan
cultbeauty_0a67c27c745f05,cultbeauty,PATRICK TA,Luna Daily The Everywhere Body Minis Starter Set Jasmine & Ylang Ylang 150ml,Luna Daily,needs_manual_review,manual_review,0.55,same product_name appears under multiple brands; brands=PATRICK TA; lookfantastic Beauty Box
cultbeauty_29d1fe238771d5,cultbeauty,Summer Fridays,Luna Daily The Pregnancy and New Mum kit,Luna Daily,needs_manual_review,manual_review,0.55,same product_name appears under multiple brands; brands=Aveeno; Summer Fridays
cultbeauty_9b338e65324343,cultbeauty,Weleda,Luna Daily The Nip and Lip Balm 25ml,Luna Daily,needs_manual_review,manual_review,0.55,same product_name appears under multiple brands; brands=BEAUTYPRO; Weleda
cultbeauty_058c3f6617c9f5,cultbeauty,HUDA BEAUTY,MAC Prep + Prime Fix+ Mattifying Mist 100ml,MAC,needs_manual_review,manual_review,0.55,same product_name appears under multiple brands; brands=HUDA BEAUTY; MAC
cultbeauty_2b963529329de3,cultbeauty,HUDA BEAUTY,MAC Studio Fix 24HR Colour Corrector 1.8ml (Various Shades) Violet,MAC,needs_manual_review,manual_review,0.55,same product_name appears under multiple brands; brands=HUDA BEAUTY; NYX Professional Makeup
cultbeauty_a3ca63854e6646,cultbeauty,La Roche-Posay,MAC MACStack Waterproof Mascara - Black 12ml,MAC,needs_manual_review,manual_review,0.55,same product_name appears under multiple brands; brands=La Roche-Posay; MAC
cultbeauty_1a41c7eee3c2bc,cultbeauty,MAKE UP FOR EVER,MAC Skinfinish Sunstruck Radiant Bronzer 8g (Various Shades) Radiant Light Rosy,MAC,needs_manual_review,manual_review,0.55,same product_name appears under multiple brands; brands=MAC; MAKE UP FOR EVER
cultbeauty_ffba94d2984587,cultbeauty,NYX Professional Makeup,MAC Pro Brow Definer 1mm Spiked,MAC,needs_manual_review,manual_review,0.55,same product_name appears under multiple brands; brands=NYX Professional Makeup; benefit
cultbeauty_19071867cb7d95,cultbeauty,NYX Professional Makeup,MAC Studio Fix Conceal and Correct Palette - Dark 6g,MAC,needs_manual_review,manual_review,0.55,same product_name appears under multiple brands; brands=MAC; NYX Professional Makeup
cultbeauty_2b1166cc9fd584,cultbeauty,PATRICK TA,MAC Connect in Colour Eyeshadow Palette - Intimate Nudes,MAC,needs_manual_review,manual_review,0.55,same product_name appears under multiple brands; brands=MAC; PATRICK TA
cultbeauty_eca0bbe1b44c48,cultbeauty,PATRICK TA,MAC Extended Play Lash Mascara - Gigablack,MAC,needs_manual_review,manual_review,0.55,same product_name appears under multiple brands; brands=L'Oréal Paris; PATRICK TA
cultbeauty_5e5007ab971b60,cultbeauty,PATRICK TA,MAC Magic Extension Mascara - Black 15ml,MAC,needs_manual_review,manual_review,0.55,same product_name appears under multiple brands; brands=MAC; PATRICK TA
cultbeauty_09f2e8eed13be9,cultbeauty,PATRICK TA,MAC Studio Fix Conceal and Correct Palette - Extra Deep 6g,MAC,needs_manual_review,manual_review,0.55,same product_name appears under multiple brands; brands=MAC; PATRICK TA
cultbeauty_4e5c5bda6a5978,cultbeauty,Saie,MAC Studio Radiance Serum Powered Foundation 30ml (Various Shades) NC10,MAC,needs_manual_review,manual_review,0.55,same product_name appears under multiple brands; brands=MAC; Saie
cultbeauty_e7df54f81c6704,cultbeauty,HUDA BEAUTY,MAKE UP FOR EVER HD SKIN LOOSE POWDER - 0.1,MAKE UP FOR EVER,needs_manual_review,manual_review,0.55,same product_name appears under multiple brands; brands=HUDA BEAUTY; MAKE UP FOR EVER
cultbeauty_0babef9694aa6c,cultbeauty,HUDA BEAUTY,MAKE UP FOR EVER HD SKIN Powder Foundation 11g (Various Shades) 1N00,MAKE UP FOR EVER,needs_manual_review,manual_review,0.55,same product_name appears under multiple brands; brands=HUDA BEAUTY; NARS
cultbeauty_697fbc55c9e2c5,cultbeauty,HUDA BEAUTY,MAKE UP FOR EVER HD Skin All-In-One Palette Harmony (Various Shades),MAKE UP FOR EVER,needs_manual_review,manual_review,0.55,same product_name appears under multiple brands; brands=Armani; HUDA BEAUTY
cultbeauty_6a30cc42bc0638,cultbeauty,HUDA BEAUTY,MAKE UP FOR EVER Mist and Fix-23 Spray 100ml,MAKE UP FOR EVER,needs_manual_review,manual_review,0.55,same product_name appears under multiple brands; brands=Armani; HUDA BEAUTY
cultbeauty_760d807b456226,cultbeauty,Kosas,MAKE UP FOR EVER HD Skin Concealer 4.7ml (Various Shades) 1.0 (Y) Pearl,MAKE UP FOR EVER,needs_manual_review,manual_review,0.55,same product_name appears under multiple brands; brands=Kosas; NARS
cultbeauty_f7cfc23386c826,cultbeauty,Kosas,MAKE UP FOR EVER HD Skin Full Cover Concealer 9ml (Various Shades) 2R28,MAKE UP FOR EVER,needs_manual_review,manual_review,0.55,same product_name appears under multiple brands; brands=Kosas; NARS
cultbeauty_dca476f4813fad,cultbeauty,NYX Professional Makeup,MAKE UP FOR EVER Aqua Resist Colour Ink 2ml (Various Shades) Matte Charcoal,MAKE UP FOR EVER,needs_manual_review,manual_review,0.55,same product_name appears under multiple brands; brands=NYX Professional Makeup; Urban Decay
cultbeauty_936c06e6d263fb,cultbeauty,PATRICK TA,MAKE UP FOR EVER Artist Face Powders Blush 4g (Various Shades) B200 - Rebel Blossom,MAKE UP FOR EVER,needs_manual_review,manual_review,0.55,same product_name appears under multiple brands; brands=MAC; PATRICK TA
cultbeauty_ad1a6a405a7bae,cultbeauty,PATRICK TA,MAKE UP FOR EVER Artist Face Powders Highlighter 4g (Various Shades) H100 - Cheerful Beige,MAKE UP FOR EVER,needs_manual_review,manual_review,0.55,same product_name appears under multiple brands; brands=MAC; PATRICK TA
cultbeauty_9ab101388d24ee,cultbeauty,PATRICK TA,MAKE UP FOR EVER HD SKIN Hydra Glow Foundation 30ml (Various Shades) 14 - 2Y36,MAKE UP FOR EVER,needs_manual_review,manual_review,0.55,same product_name appears under multiple brands; brands=NARS; PATRICK TA
cultbeauty_649cb2536fce9a,cultbeauty,PATRICK TA,MAKE UP FOR EVER HD SKIN PRESSED POWDER (various shades) 0.1 - Translucent,MAKE UP FOR EVER,needs_manual_review,manual_review,0.55,same product_name appears under multiple brands; brands=NARS; PATRICK TA
cultbeauty_5fd16f76ee86d6,cultbeauty,PATRICK TA,MAKE UP FOR EVER HD Skin Blush&Glow Palette,MAKE UP FOR EVER,needs_manual_review,manual_review,0.55,same product_name appears under multiple brands; brands=MAKE UP FOR EVER; PATRICK TA
cultbeauty_6845961d5819e9,cultbeauty,Spectrum Collections,MAKE UP FOR EVER watertone Sponge Buildable Coverage -,MAKE UP FOR EVER,needs_manual_review,manual_review,0.55,same product_name appears under multiple brands; brands=Spectrum Collections; benefit
cultbeauty_ba68baafe4f722,cultbeauty,Summer Fridays,MAKE UP FOR EVER Mist and Fix-23 BTG Spray 30ml,MAKE UP FOR EVER,needs_manual_review,manual_review,0.55,same product_name appears under multiple brands; brands=Embryolisse; Summer Fridays
cultbeauty_19b5362e9fe3b1,cultbeauty,Urban Decay,MAKE UP FOR EVER aqua Resist Smoky Eyeshadow Stick 1.4g (Various Shades) - 01 Carbon,MAKE UP FOR EVER,needs_manual_review,manual_review,0.55,same product_name appears under multiple brands; brands=MAKE UP FOR EVER; Urban Decay
cultbeauty_384b4760fc9f88,cultbeauty,Biodance,Mediheal Madecassoside Blemish Pads 100 Pads,MEDIHEAL,needs_manual_review,manual_review,0.55,same product_name appears under multiple brands; brands=Beauty Of Joseon; Biodance
cultbeauty_8c59b13419bf3e,cultbeauty,PATRICK TA,Mediheal Madecassoside Blemish Repair Serum 40ml,MEDIHEAL,needs_manual_review,manual_review,0.55,same product_name appears under multiple brands; brands=Medicube; PATRICK TA
cultbeauty_1355bc842f5136,cultbeauty,Augustinus Bader,MZ Skin Calming Moisturiser 50ml,MZ Skin,needs_manual_review,manual_review,0.55,same product_name appears under multiple brands; brands=Augustinus Bader; MZ Skin
cultbeauty_d6972355ba5e91,cultbeauty,Dr Dennis Gross,MZ Skin LED 2.0 LightMAX Supercharged LED Mask,MZ Skin,needs_manual_review,manual_review,0.55,same product_name appears under multiple brands; brands=Dr Dennis Gross; MZ Skin
cultbeauty_d5cb80646aece0,cultbeauty,HUDA BEAUTY,MZ Skin Calming Cream Cleanser 100ml,MZ Skin,needs_manual_review,manual_review,0.55,same product_name appears under multiple brands; brands=Color Wow; HUDA BEAUTY
cultbeauty_c937848b228c3d,cultbeauty,HUDA BEAUTY,MZ Skin Expert UV Protector SPF 50 50ml,MZ Skin,needs_manual_review,manual_review,0.55,same product_name appears under multiple brands; brands=Aveeno; HUDA BEAUTY
cultbeauty_8d8f3037b3df08,cultbeauty,HUDA BEAUTY,MZ Skin Microtox Tightening Eye Serum 15ml,MZ Skin,needs_manual_review,manual_review,0.55,same product_name appears under multiple brands; brands=HUDA BEAUTY; MZ Skin
cultbeauty_af732a2fad08b1,cultbeauty,HUDA BEAUTY,MZ Skin Restorative Bio-Placenta Cream 50ml,MZ Skin,needs_manual_review,manual_review,0.55,same product_name appears under multiple brands; brands=HUDA BEAUTY; MZ Skin; Medik8
cultbeauty_6972518fa9e4e3,cultbeauty,Kate Somerville,MZ Skin Vitamin-Infused Facial Treatment Mask (1 Mask),MZ Skin,needs_manual_review,manual_review,0.55,same product_name appears under multiple brands; brands=Kate Somerville; lookfantastic Beauty Box
cultbeauty_ebc68f8336cdd5,cultbeauty,Kora Organics,MZ Skin Cleanse & Clarify Dual Action AHA Cleanser and Mask,MZ Skin,needs_manual_review,manual_review,0.55,same product_name appears under multiple brands; brands=Kora Organics; La Mer
cultbeauty_e689b71a27df06,cultbeauty,Medik8,MZ SKIN Light Moisturiser 50ml,MZ Skin,needs_manual_review,manual_review,0.55,same product_name appears under multiple brands; brands=MZ Skin; Medik8
cultbeauty_df29bf0b19001e,cultbeauty,Medik8,MZ Skin Bio-Placenta Hyaluronic Acid Serum 30ml,MZ Skin,needs_manual_review,manual_review,0.55,same product_name appears under multiple brands; brands=MZ Skin; Medik8
cultbeauty_ff75bcb8ab178e,cultbeauty,Patchology,MZ Skin Vitamin Infused Facial Treatment Mask (Pack of 5),MZ Skin,needs_manual_review,manual_review,0.55,same product_name appears under multiple brands; brands=MZ Skin; Patchology
cultbeauty_1bfeb9e266b77b,cultbeauty,Paula's Choice,MZ Skin Hydra-Lift Golden Facial Treatment Mask,MZ Skin,needs_manual_review,manual_review,0.55,same product_name appears under multiple brands; brands=MZ Skin; Myvitamins; Paula's Choice
cultbeauty_72e265f486d966,cultbeauty,Paula's Choice,MZ Skin LightMAX Hydracolloidal Patch,MZ Skin,needs_manual_review,manual_review,0.55,same product_name appears under multiple brands; brands=BEAUTYPRO; Paula's Choice
cultbeauty_12d58692a15226,cultbeauty,Peter Thomas Roth,MZ Skin Hydra-Bright Golden Eye Treatment Mask (Pack of 5),MZ Skin,needs_manual_review,manual_review,0.55,same product_name appears under multiple brands; brands=MZ Skin; Peter Thomas Roth
cultbeauty_483a58d27ca03e,cultbeauty,Sarah Chapman,MZ Skin Reviving Bio-Placenta and Stem Cell Serum 30ml,MZ Skin,needs_manual_review,manual_review,0.55,same product_name appears under multiple brands; brands=MZ Skin; Sarah Chapman; SkinCeuticals
cultbeauty_ecdc79219f80f1,cultbeauty,Slip,MZ Skin Calming Rescue Serum 30ml,MZ Skin,needs_manual_review,manual_review,0.55,same product_name appears under multiple brands; brands=Medik8; Slip
cultbeauty_9ada957378e311,cultbeauty,PATRICK TA,Maison Margiela Replica Memory Box Discovery Set,Maison Margiela,needs_manual_review,manual_review,0.55,same product_name appears under multiple brands; brands=Maison Margiela; PATRICK TA
cultbeauty_374e38d075856c,cultbeauty,MAC,Manucurist At Home Gel Xtreme Flash Kit- Poppy Red & Hortencia,Manucurist,needs_manual_review,manual_review,0.55,same product_name appears under multiple brands; brands=Erborian; MAC
cultbeauty_7f2809043476d8,cultbeauty,Decree,Mario Badescu Advanced Collagen Hydrogel Sheet Mask (Pack of 3),Mario Badescu,needs_manual_review,manual_review,0.55,same product_name appears under multiple brands; brands=BEAUTYPRO; Decree
cultbeauty_fc9ac0a241da80,cultbeauty,Kiehl's Since 1851,Mario Badescu Hyaluronic Eye Cream 14g,Mario Badescu,needs_manual_review,manual_review,0.55,same product_name appears under multiple brands; brands=Kiehl's Since 1851; PIXI
cultbeauty_687ae12b257ee3,cultbeauty,PATRICK TA,Mario Badescu Advanced Peptide PDRN Jelly Cream 59ml,Mario Badescu,needs_manual_review,manual_review,0.55,same product_name appears under multiple brands; brands=CeraVe; PATRICK TA
cultbeauty_9a29194975025c,cultbeauty,Paula's Choice,Mario Badescu Drying Lotion 29ml,Mario Badescu,needs_manual_review,manual_review,0.55,same product_name appears under multiple brands; brands=NARS; Paula's Choice
cultbeauty_7917d2fda036d3,cultbeauty,Paula's Choice,Mario Badescu Drying Mask 28g,Mario Badescu,needs_manual_review,manual_review,0.55,same product_name appears under multiple brands; brands=Mario Badescu; Paula's Choice
cultbeauty_9c6b73648d2756,cultbeauty,Paula's Choice,Mario Badescu Gentle Foaming Cleanser 177ml,Mario Badescu,needs_manual_review,manual_review,0.55,same product_name appears under multiple brands; brands=La Roche-Posay; Paula's Choice
cultbeauty_5695233e12de88,cultbeauty,Paula's Choice,Mario Badescu Oil Free Moisturizer SPF 30 59ml,Mario Badescu,needs_manual_review,manual_review,0.55,same product_name appears under multiple brands; brands=La Roche-Posay; Paula's Choice
cultbeauty_ceebb0280cafec,cultbeauty,Tan-Luxe,Mario Badescu The Clear Look Set,Mario Badescu,needs_manual_review,manual_review,0.55,same product_name appears under multiple brands; brands=COSRX; Tan-Luxe
cultbeauty_e8a3fe2dfaada1,cultbeauty,The Ordinary,Mario Badescu Coconut Body Oil 118ml,Mario Badescu,needs_manual_review,manual_review,0.55,same product_name appears under multiple brands; brands=Bondi Sands; The Ordinary
cultbeauty_8633df96138d64,cultbeauty,The Ordinary,Mario Badescu Glycolic Foaming Cleanser,Mario Badescu,needs_manual_review,manual_review,0.55,same product_name appears under multiple brands; brands=CeraVe; The Ordinary
cultbeauty_0ba8862e096fd3,cultbeauty,Weleda,Mario Badescu Coconut Body Butter 113g,Mario Badescu,needs_manual_review,manual_review,0.55,same product_name appears under multiple brands; brands=NUXE; Weleda
cultbeauty_027ad91751297f,cultbeauty,Anua,Medicube PDRN Pink Peptide Serum 30ml,Medicube,needs_manual_review,manual_review,0.55,same product_name appears under multiple brands; brands=Anua; Medicube
cultbeauty_17c3491f17bdb3,cultbeauty,Anua,Medicube Zero Foam Cleanser 120ml,Medicube,needs_manual_review,manual_review,0.55,same product_name appears under multiple brands; brands=Anua; Medicube
cultbeauty_913b747c7f0a37,cultbeauty,Beauty of Joseon,Medicube PDRN Pink Cica Soothing Toner 250ml,Medicube,needs_manual_review,manual_review,0.55,same product_name appears under multiple brands; brands=Beauty of Joseon; Medicube
cultbeauty_439549737285e3,cultbeauty,HUDA BEAUTY,Medicube Zero Pore Pad 2.0 Duo,Medicube,needs_manual_review,manual_review,0.55,same product_name appears under multiple brands; brands=Beauty of Joseon; HUDA BEAUTY
cultbeauty_0f1285ad28f21b,cultbeauty,PATRICK TA,Medicube Deep Vita C Ampoule 2.0 30g,Medicube,needs_manual_review,manual_review,0.55,same product_name appears under multiple brands; brands=Medicube; PATRICK TA
cultbeauty_f417385cd411bf,cultbeauty,PATRICK TA,Medicube Kojic Acid Tumeric Overnight Wrapping Mask 75ml,Medicube,needs_manual_review,manual_review,0.55,same product_name appears under multiple brands; brands=Medicube; PATRICK TA
cultbeauty_f4bd5fdf0f2e08,cultbeauty,PATRICK TA,Medicube Zero Pore One Day Cream 50ml,Medicube,needs_manual_review,manual_review,0.55,same product_name appears under multiple brands; brands=Medicube; PATRICK TA
cultbeauty_ac1333a0060d38,cultbeauty,Aesop,Molton Brown Delicious Rhubarb and Rose Fine Liquid Hand Wash 300ml,Molton Brown,needs_manual_review,manual_review,0.55,same product_name appears under multiple brands; brands=Aesop; ESPA; Molton Brown
cultbeauty_7010e48d93ff07,cultbeauty,Aesop,Molton Brown Mesmerising Oudh Accord and Gold Fine Liquid Hand Wash 300ml,Molton Brown,needs_manual_review,manual_review,0.55,same product_name appears under multiple brands; brands=Aesop; Molton Brown
cultbeauty_e71fed50cf84bf,cultbeauty,HUDA BEAUTY,Molton Brown Coastal Cypress and Sea Fennel Bath and Shower Gel 300ml,Molton Brown,needs_manual_review,manual_review,0.55,same product_name appears under multiple brands; brands=HUDA BEAUTY; Molton Brown
cultbeauty_79021332c0b0f8,cultbeauty,HUDA BEAUTY,Molton Brown Fiery Pink Pepper Body Lotion 300ml,Molton Brown,needs_manual_review,manual_review,0.55,same product_name appears under multiple brands; brands=HUDA BEAUTY; Molton Brown
cultbeauty_b4c4ac5e09bd17,cultbeauty,HUDA BEAUTY,Molton Brown Fiery Pink Pepper Fine Liquid Hand Wash 300ml,Molton Brown,needs_manual_review,manual_review,0.55,same product_name appears under multiple brands; brands=HUDA BEAUTY; Molton Brown
cultbeauty_c43acbd6035e75,cultbeauty,HUDA BEAUTY,Molton Brown Fiery Pink Pepper Hand Lotion 300ml,Molton Brown,needs_manual_review,manual_review,0.55,same product_name appears under multiple brands; brands=HUDA BEAUTY; Molton Brown
cultbeauty_7629f944dc9f00,cultbeauty,HUDA BEAUTY,Molton Brown Orange and Bergamot Body Lotion 300ml,Molton Brown,needs_manual_review,manual_review,0.55,same product_name appears under multiple brands; brands=CeraVe; HUDA BEAUTY; Molton Brown
cultbeauty_dc3602173d2b0a,cultbeauty,HUDA BEAUTY,Molton Brown Re-charge Black Pepper Body Lotion 300ml,Molton Brown,needs_manual_review,manual_review,0.55,same product_name appears under multiple brands; brands=HUDA BEAUTY; Wella Professionals Care
cultbeauty_f006a88b34a8d8,cultbeauty,NYX Professional Makeup,Molton Brown Orange and Bergamot Fine Liquid Hand Wash 300ml,Molton Brown,needs_manual_review,manual_review,0.55,same product_name appears under multiple brands; brands=Kerastase; Molton Brown; NYX Professional Makeup
cultbeauty_78a4525d2dee9a,cultbeauty,Oribe,Molton Brown Orange and Bergamot Bath and Shower Gel 300ml,Molton Brown,needs_manual_review,manual_review,0.55,same product_name appears under multiple brands; brands=Molton Brown; Oribe; lookfantastic Beauty Box
cultbeauty_b63018f0780fe6,cultbeauty,PATRICK TA,Molton Brown Orange and Bergamot Hand Lotion 300ml,Molton Brown,needs_manual_review,manual_review,0.55,same product_name appears under multiple brands; brands=Eucerin; Molton Brown; PATRICK TA
cultbeauty_8c1ec7c2a784f1,cultbeauty,PATRICK TA,Molton Brown Re-charge Black Pepper Bath and Shower Gel 300ml,Molton Brown,needs_manual_review,manual_review,0.55,same product_name appears under multiple brands; brands=Molton Brown; PATRICK TA
cultbeauty_3ba0e579c219da,cultbeauty,PATRICK TA,Molton Brown Sunlit Clementine and Vetiver Bath and Shower Gel 300ml,Molton Brown,needs_manual_review,manual_review,0.55,same product_name appears under multiple brands; brands=Molton Brown; PATRICK TA
cultbeauty_49da3f4ca4fbc6,cultbeauty,PATRICK TA,Molton Brown Tea Ceremony Bath & Shower Gel 300ml,Molton Brown,needs_manual_review,manual_review,0.55,same product_name appears under multiple brands; brands=Maison Margiela; PATRICK TA
cultbeauty_961b1c64973a42,cultbeauty,PATRICK TA,Molton Brown Tobacco Absolute Bath and Shower Gel 300ml,Molton Brown,needs_manual_review,manual_review,0.55,same product_name appears under multiple brands; brands=Molton Brown; PATRICK TA
cultbeauty_40c7fc77b75dde,cultbeauty,Saie,Molton Brown Tea Ceremony Collection,Molton Brown,needs_manual_review,manual_review,0.55,same product_name appears under multiple brands; brands=Saie; Sol de Janeiro
cultbeauty_d05c94ea669d3c,cultbeauty,Tan-Luxe,Molton Brown Coastal Cypress and Sea Fennel Hand Lotion 300ml,Molton Brown,needs_manual_review,manual_review,0.55,same product_name appears under multiple brands; brands=Molton Brown; Tan-Luxe; YSL
cultbeauty_eabe2bb4cfda5f,cultbeauty,HUDA BEAUTY,Morphe Bake And Set Powder 9g (Various Shades) Translucent,Morphe,needs_manual_review,manual_review,0.55,same product_name appears under multiple brands; brands=HUDA BEAUTY; Laura Mercier
cultbeauty_4d2f4a85e15216,cultbeauty,HUDA BEAUTY,Morphe Cut To The Lace Eyeshadow Trio,Morphe,needs_manual_review,manual_review,0.55,same product_name appears under multiple brands; brands=HUDA BEAUTY; KIKO Milano
cultbeauty_7b4050730392d5,cultbeauty,HUDA BEAUTY,Morphe Dripglass Glazed High Shine Lip Gloss 3.8ml (Various Shades) So Transparent,Morphe,needs_manual_review,manual_review,0.55,same product_name appears under multiple brands; brands=HUDA BEAUTY; Maybelline
cultbeauty_5a219fe68043ad,cultbeauty,HUDA BEAUTY,Morphe Jewel Intentions Eyeshadow Trio,Morphe,needs_manual_review,manual_review,0.55,same product_name appears under multiple brands; brands=HUDA BEAUTY; The Ordinary
cultbeauty_8b6fa4951c63bb,cultbeauty,HUDA BEAUTY,Morphe Tulle Order Eyeshadow Trio,Morphe,needs_manual_review,manual_review,0.55,same product_name appears under multiple brands; brands=HUDA BEAUTY; Kylie Cosmetics
cultbeauty_30e90013150425,cultbeauty,NYX Professional Makeup,Morphe Signature Lip Pencil 1.5g (Various Shades) Makeup Talk,Morphe,needs_manual_review,manual_review,0.55,same product_name appears under multiple brands; brands=MAC; NYX Professional Makeup
cultbeauty_3b35b6ff14e0a0,cultbeauty,PATRICK TA,Morphe Cheek Thrills Bronze & Tone Duo (Various Shades) FIJI BEACH,Morphe,needs_manual_review,manual_review,0.55,same product_name appears under multiple brands; brands=NARS; PATRICK TA
cultbeauty_59b1ebd808dc01,cultbeauty,PATRICK TA,Morphe To The Point Mini Powder Puff Trio,Morphe,needs_manual_review,manual_review,0.55,same product_name appears under multiple brands; brands=Morphe; PATRICK TA
cultbeauty_b3bc4a2e35d8e2,cultbeauty,Saie,Morphe Hot Shot Blush Drops 15ml (Various Shades) Flex Symbol,Morphe,needs_manual_review,manual_review,0.55,same product_name appears under multiple brands; brands=PIXI; Saie
cultbeauty_331f222f30859d,cultbeauty,Too Faced,Morphe Sudden Heat Creamy Bronzer Stick (Various Shades) Smoulder,Morphe,needs_manual_review,manual_review,0.55,same product_name appears under multiple brands; brands=NARS; Too Faced
cultbeauty_8fe9afd58a1ea5,cultbeauty,Westman Atelier,Morphe Shapelifter Micro Contour Stick (Various Shades) Sharpened,Morphe,needs_manual_review,manual_review,0.55,same product_name appears under multiple brands; brands=KIKO Milano; Westman Atelier
cultbeauty_b38c4aa0ec50ce,cultbeauty,benefit,Morphe Micro Manager Gripping Brow Gel 4.4g,Morphe,needs_manual_review,manual_review,0.55,same product_name appears under multiple brands; brands=Maybelline; benefit
cultbeauty_634405a5ab60e5,cultbeauty,Dr Dennis Gross,Murad Cellular Hydration Barrier Repair Mask 77g,Murad,needs_manual_review,manual_review,0.55,same product_name appears under multiple brands; brands=Dr Dennis Gross; NYX Professional Makeup
cultbeauty_9e4a004827a610,cultbeauty,HUDA BEAUTY,Murad AHA/BHA Exfoliating Cleanser 148ml,Murad,needs_manual_review,manual_review,0.55,same product_name appears under multiple brands; brands=HUDA BEAUTY; Murad; lookfantastic Beauty Box
cultbeauty_ca30786515e16a,cultbeauty,HUDA BEAUTY,Murad Essential-C Cleanser 148ml,Murad,needs_manual_review,manual_review,0.55,same product_name appears under multiple brands; brands=HUDA BEAUTY; Murad
cultbeauty_b9eac33e303273,cultbeauty,Hourglass,Murad Sensitive Skin Heartleaf Soothing Body Cleanser 251ml,Murad,needs_manual_review,manual_review,0.55,same product_name appears under multiple brands; brands=Hourglass; La Roche-Posay; Murad
cultbeauty_e4e0d3cf282932,cultbeauty,Medik8,Murad City Skin Age Defense Broad Spectrum SPF50 PA ++++ 50ml,Murad,needs_manual_review,manual_review,0.55,same product_name appears under multiple brands; brands=Medik8; Murad
cultbeauty_d94f1c469802fa,cultbeauty,Medik8,Murad Rapid Dark Spot Correcting Serum 30ml,Murad,needs_manual_review,manual_review,0.55,same product_name appears under multiple brands; brands=Medik8; Murad
cultbeauty_092270fa3e72bd,cultbeauty,Medik8,Murad Retinal ReSculpt Overnight Cream 50ml,Murad,needs_manual_review,manual_review,0.55,same product_name appears under multiple brands; brands=Medik8; Murad
cultbeauty_669732895bc228,cultbeauty,OUAI,Murad Cellular Hydration Barrier Repair Cream 48g,Murad,needs_manual_review,manual_review,0.55,same product_name appears under multiple brands; brands=Medik8; OUAI
cultbeauty_6f7d965ee5d15c,cultbeauty,PATRICK TA,Murad Essential-C Firming Radiance Day Cream 50ml,Murad,needs_manual_review,manual_review,0.55,same product_name appears under multiple brands; brands=Murad; PATRICK TA
cultbeauty_22f9172ee7b2b1,cultbeauty,PATRICK TA,Murad Lipid-Enriched Double Cleansing Balm 1.7oz,Murad,needs_manual_review,manual_review,0.55,same product_name appears under multiple brands; brands=Murad; PATRICK TA
cultbeauty_b4b8e9eec939e7,cultbeauty,Paula's Choice,Murad Deep Relief Blemish Treatment 30ml,Murad,needs_manual_review,manual_review,0.55,same product_name appears under multiple brands; brands=Murad; Paula's Choice
cultbeauty_f20d908a04d1d5,cultbeauty,Paula's Choice,Murad Rapid Relief Sulfur Mask 75ml,Murad,needs_manual_review,manual_review,0.55,same product_name appears under multiple brands; brands=La Roche-Posay; Paula's Choice
cultbeauty_6e85d61f58d039,cultbeauty,Paula's Choice,Murad Retinal Resculpt Body Treatment 148ml,Murad,needs_manual_review,manual_review,0.55,same product_name appears under multiple brands; brands=Murad; Paula's Choice; Weleda
cultbeauty_161ac30a29c794,cultbeauty,Paula's Choice,Murad Retinol Youth Renewal Serum 30ml,Murad,needs_manual_review,manual_review,0.55,same product_name appears under multiple brands; brands=Murad; Paula's Choice
cultbeauty_b618b2661464ed,cultbeauty,Paula's Choice,Murad Retinol Youth Renewal Serum Travel Size 10ml,Murad,needs_manual_review,manual_review,0.55,same product_name appears under multiple brands; brands=CeraVe; Paula's Choice
cultbeauty_840230a3aa3afd,cultbeauty,Sunday Riley,Murad Vita-C Glycolic Brightening Serum 30ml,Murad,needs_manual_review,manual_review,0.55,same product_name appears under multiple brands; brands=Murad; Sunday Riley
cultbeauty_455e55768d3e03,cultbeauty,HUDA BEAUTY,NARS Laguna Bronzing Powder 8g (Various Shades) 0,NARS,needs_manual_review,manual_review,0.55,same product_name appears under multiple brands; brands=HUDA BEAUTY; NARS
cultbeauty_6459c578b9ba35,cultbeauty,PATRICK TA,NARS Light Reflecting Mist 90ml,NARS,needs_manual_review,manual_review,0.55,same product_name appears under multiple brands; brands=NARS; PATRICK TA
cultbeauty_0be375dff7e9d9,cultbeauty,PATRICK TA,NARS Light Reflecting™ Blush 5.5g (Various Shades) True Faith,NARS,needs_manual_review,manual_review,0.55,same product_name appears under multiple brands; brands=NARS; PATRICK TA
cultbeauty_0bc5a2e8155b03,cultbeauty,PATRICK TA,NARS Mini Laguna Bronzer & Lip Oil Bundle,NARS,needs_manual_review,manual_review,0.55,same product_name appears under multiple brands; brands=NARS; PATRICK TA
cultbeauty_9569e73114577c,cultbeauty,PATRICK TA,Natasha Denona Eye Sculpt Texture and Tone Eyeshadow Palette - Dramatic,NATASHA DENONA,needs_manual_review,manual_review,0.55,same product_name appears under multiple brands; brands=Natasha Denona; PATRICK TA
cultbeauty_e5e5622543b163,cultbeauty,PATRICK TA,Natasha Denona Eye Sculpt Texture and Tone Eyeshadow Palette - Soft,NATASHA DENONA,needs_manual_review,manual_review,0.55,same product_name appears under multiple brands; brands=Natasha Denona; PATRICK TA
cultbeauty_ff6909a89fd591,cultbeauty,PATRICK TA,Natasha Denona Glam Palette,NATASHA DENONA,needs_manual_review,manual_review,0.55,same product_name appears under multiple brands; brands=Natasha Denona; PATRICK TA
cultbeauty_d97bc0c479f89b,cultbeauty,PATRICK TA,Natasha Denona Hy-Gen Primer Serum 20ml,NATASHA DENONA,needs_manual_review,manual_review,0.55,same product_name appears under multiple brands; brands=Natasha Denona; PATRICK TA
cultbeauty_bf40cc8bd82de1,cultbeauty,PATRICK TA,Natasha Denona Hy-Gen Primer Serum Bronze,NATASHA DENONA,needs_manual_review,manual_review,0.55,same product_name appears under multiple brands; brands=Natasha Denona; PATRICK TA
cultbeauty_3df230d2c82283,cultbeauty,PATRICK TA,Natasha Denona Hy-Glam Setting Powder,NATASHA DENONA,needs_manual_review,manual_review,0.55,same product_name appears under multiple brands; brands=Natasha Denona; PATRICK TA
cultbeauty_a9625122950be4,cultbeauty,PATRICK TA,Natasha Denona Mini Eye Sculpt Palette,NATASHA DENONA,needs_manual_review,manual_review,0.55,same product_name appears under multiple brands; brands=PATRICK TA; Urban Decay
cultbeauty_55ffe6470572ea,cultbeauty,PATRICK TA,Natasha Denona Mini Eye Sculpt Palette - Cool,NATASHA DENONA,needs_manual_review,manual_review,0.55,same product_name appears under multiple brands; brands=PATRICK TA; Urban Decay
cultbeauty_0017c397cdf546,cultbeauty,PATRICK TA,Natasha Denona Mini Xenon Eyeshadow Palette,NATASHA DENONA,needs_manual_review,manual_review,0.55,same product_name appears under multiple brands; brands=Natasha Denona; PATRICK TA
cultbeauty_2440795432e37c,cultbeauty,Glow Recipe,NUDESTIX Hydrating Peptide Lip Butter 10ml (Various Shades),NUDESTIX,needs_manual_review,manual_review,0.55,same product_name appears under multiple brands; brands=Glow Recipe; NUDESTIX
cultbeauty_935d2f8da6fb28,cultbeauty,Hourglass,NUDESTIX Nudefix Cream Concealer 10ml (Various Shades) Nude 4.5,NUDESTIX,needs_manual_review,manual_review,0.55,same product_name appears under multiple brands; brands=Hourglass; NARS; NUDESTIX
cultbeauty_3cc7eefe675212,cultbeauty,Too Faced,NUDESTIX Splashproof Mascara - Black 12ml,NUDESTIX,needs_manual_review,manual_review,0.55,same product_name appears under multiple brands; brands=Lancôme; Too Faced
cultbeauty_9925da62d343f8,cultbeauty,Anastasia Beverly Hills,NUXE Very Rose Soothing Hand and Nail Cream 50ml,NUXE,needs_manual_review,manual_review,0.55,same product_name appears under multiple brands; brands=Anastasia Beverly Hills; La Roche-Posay
cultbeauty_e1216a09187527,cultbeauty,BYOMA,NUXE Sun Stick Serum SPF50 25g,NUXE,needs_manual_review,manual_review,0.55,same product_name appears under multiple brands; brands=BYOMA; NUXE
cultbeauty_ad838ba48b9b8e,cultbeauty,Embryolisse,NUXE Rêve de Miel Face Cleansing and Makeup Removing Gel 200ml,NUXE,needs_manual_review,manual_review,0.55,same product_name appears under multiple brands; brands=Embryolisse; NUXE
cultbeauty_a8be8a43df2eb6,cultbeauty,HUDA BEAUTY,NUXE Reve de Miel Cica Rich Hand Cream 50ml,NUXE,needs_manual_review,manual_review,0.55,same product_name appears under multiple brands; brands=HUDA BEAUTY; La Roche-Posay
cultbeauty_b1e2c79a38d2ae,cultbeauty,NARS,Nuxe Sun Oil Shimmering Gold SPF 30 150ml,NUXE,needs_manual_review,manual_review,0.55,same product_name appears under multiple brands; brands=NARS; NUXE
cultbeauty_1a26efde804cea,cultbeauty,OUAI,NUXE MEN [BOOST]3 Must-Have Trio 180ml,NUXE,needs_manual_review,manual_review,0.55,same product_name appears under multiple brands; brands=NUXE; OUAI
cultbeauty_19772771e05d22,cultbeauty,PATRICK TA,NUXE Sun - Sun-Kissed Fluid SPF30 40ml,NUXE,needs_manual_review,manual_review,0.55,same product_name appears under multiple brands; brands=NUXE; PATRICK TA
cultbeauty_6952b4e5b1764c,cultbeauty,The Ordinary,NUXE Hair & Skin Sunset Bliss Body and Hair Fragrant Mist 100ml,NUXE,needs_manual_review,manual_review,0.55,same product_name appears under multiple brands; brands=NUXE; The Ordinary
cultbeauty_c90460d554663a,cultbeauty,The Ordinary,NUXE Hair Prodigieux Detangling Leave-in Hair Milk 100ml,NUXE,needs_manual_review,manual_review,0.55,same product_name appears under multiple brands; brands=Redken; The Ordinary
cultbeauty_062e938e71b30d,cultbeauty,Ultrasun,Nuxe Sun Oil Shimmering Gold SPF 50 150ml,NUXE,needs_manual_review,manual_review,0.55,same product_name appears under multiple brands; brands=NUXE; Ultrasun
cultbeauty_68253c459962af,cultbeauty,HUDA BEAUTY,NYX Professional Makeup Lid Lingerie Cream Eye Pigment 6ml (Various Shades) Granite Grind,NYX Professional Makeup,needs_manual_review,manual_review,0.55,same product_name appears under multiple brands; brands=HUDA BEAUTY; NYX Professional Makeup
cultbeauty_34db6832bbe7b8,cultbeauty,HUDA BEAUTY,"NYX Professional Makeup Wonder Snatch Powder, Lifting Loose Powder (Various Shades) Banana Brat",NYX Professional Makeup,needs_manual_review,manual_review,0.55,same product_name appears under multiple brands; brands=HUDA BEAUTY; NYX Professional Makeup
cultbeauty_73ca82dc197b02,cultbeauty,Hourglass,"NYX Professional Makeup Wonder Snatch Concealer, Liquid Concealer, Up to 24h Hydration, Waterproof Wear (Various Shades) Medium Olive",NYX Professional Makeup,needs_manual_review,manual_review,0.55,same product_name appears under multiple brands; brands=Hourglass; NYX Professional Makeup
cultbeauty_ac2111963c293f,cultbeauty,NARS,NYX Professional Makeup Can't Stop Won't Stop 24 Hour Foundation (Various Shades) Warm Walnut,NYX Professional Makeup,needs_manual_review,manual_review,0.55,same product_name appears under multiple brands; brands=L'Oréal Paris; NARS
cultbeauty_6fa463b4e7979f,cultbeauty,PATRICK TA,"NYX Professional Makeup Buttermelt Stix, Glow Boosting Stix, up to 8 HR wear 5g (Various Shades) Love At First Melt",NYX Professional Makeup,needs_manual_review,manual_review,0.55,same product_name appears under multiple brands; brands=NYX Professional Makeup; PATRICK TA
cultbeauty_0677490e948c1c,cultbeauty,benefit,NYX Professional Makeup Micro Brow Pencil (Various Shades) Taupe,NYX Professional Makeup,needs_manual_review,manual_review,0.55,same product_name appears under multiple brands; brands=NARS; benefit
cultbeauty_464a5af028b48e,cultbeauty,Color Wow,Olaplex No. 7 Bonding Frizz Reduction and Heat Protection Hair Oil 30ml,OLAPLEX,needs_manual_review,manual_review,0.55,same product_name appears under multiple brands; brands=Color Wow; Olaplex
cultbeauty_8d11be47659976,cultbeauty,Color Wow,Olaplex No. 9 Bond Protector Heat Protection and Frizz Reduction Nourishing Hair Serum 90ml,OLAPLEX,needs_manual_review,manual_review,0.55,same product_name appears under multiple brands; brands=Color Wow; Olaplex
cultbeauty_60ac05bd9c49db,cultbeauty,Color Wow,Olaplex Volumising Blow Dry Mist 150ml,OLAPLEX,needs_manual_review,manual_review,0.55,same product_name appears under multiple brands; brands=Color Wow; Olaplex
cultbeauty_811864105abd17,cultbeauty,HUDA BEAUTY,"Olaplex Clarifying Shampoo Bundle No.4, No.4C and No.5",OLAPLEX,needs_manual_review,manual_review,0.55,same product_name appears under multiple brands; brands=HUDA BEAUTY; Olaplex
cultbeauty_41b624c81b81d4,cultbeauty,K18 Biomimetic Hairscience,Olaplex No.4 Curl Hydrating Curl Shampoo,OLAPLEX,needs_manual_review,manual_review,0.55,same product_name appears under multiple brands; brands=K18 Biomimetic Hairscience; Olaplex
cultbeauty_819062a9893bdb,cultbeauty,OUAI,Olaplex No. 4C Bond Maintenance Deep Clean Clarifying Shampoo 250ml,OLAPLEX,needs_manual_review,manual_review,0.55,same product_name appears under multiple brands; brands=OUAI; Olaplex
cultbeauty_0407a5067b451f,cultbeauty,OUAI,Olaplex Rich Hydrating Mask 200ml,OLAPLEX,needs_manual_review,manual_review,0.55,same product_name appears under multiple brands; brands=OUAI; Olaplex
cultbeauty_a40d96819c31a5,cultbeauty,OUAI,Olaplex Weightless Nourishing Mask 200ml,OLAPLEX,needs_manual_review,manual_review,0.55,same product_name appears under multiple brands; brands=OUAI; Olaplex
cultbeauty_7b6d7bf4dee152,cultbeauty,The Ordinary,Olaplex Curl Hydrating Curl Shampoo and Conditioner,OLAPLEX,needs_manual_review,manual_review,0.55,same product_name appears under multiple brands; brands=Olaplex; The Ordinary
cultbeauty_77a8c31bc2f1f1,cultbeauty,Aesop,OUAI Hand Lotion 437ml,OUAI,needs_manual_review,manual_review,0.55,same product_name appears under multiple brands; brands=Aesop; ESPA
cultbeauty_7f61fe835a3566,cultbeauty,Aesop,OUAI Hand Wash 437ml,OUAI,needs_manual_review,manual_review,0.55,same product_name appears under multiple brands; brands=Aesop; OUAI
cultbeauty_eb0076aa14f0da,cultbeauty,Aesop,OUAI Scalp & Body Scrub,OUAI,needs_manual_review,manual_review,0.55,same product_name appears under multiple brands; brands=Aesop; OUAI
cultbeauty_e882c79537f6e4,cultbeauty,Color Wow,OUAI Hair Gloss 177ml,OUAI,needs_manual_review,manual_review,0.55,same product_name appears under multiple brands; brands=Color Wow; OUAI
cultbeauty_c49a17c7a79f17,cultbeauty,HUDA BEAUTY,OUAI Bond Repair Balm Travel Size 50ml,OUAI,needs_manual_review,manual_review,0.55,same product_name appears under multiple brands; brands=Color Wow; HUDA BEAUTY
cultbeauty_d2241f2e7666ed,cultbeauty,EVY Technology,Odacite SPF 40 Nourishing Lip Serum True Nude,Odacité,needs_manual_review,manual_review,0.55,same product_name appears under multiple brands; brands=EVY Technology; Marvis; Odacité
cultbeauty_64cb108b689d02,cultbeauty,Marvis,Odacite SPF 40 Nourishing Lip Serum True Nude,Odacité,needs_manual_review,manual_review,0.55,same product_name appears under multiple brands; brands=EVY Technology; Marvis; Odacité
cultbeauty_f2857cb3ac19e7,cultbeauty,Kate Somerville,OLE HENRIKSEN Dewtopia 25% Acid Flash Facial Mask 50ml,Ole Henriksen,needs_manual_review,manual_review,0.55,same product_name appears under multiple brands; brands=Kate Somerville; Ole Henriksen
cultbeauty_8bbee0ae4c2b2f,cultbeauty,Kiehl's Since 1851,OLE HENRIKSEN Strength Trainer Peptide Boost Moisturiser 15ml,Ole Henriksen,needs_manual_review,manual_review,0.55,same product_name appears under multiple brands; brands=Kiehl's Since 1851; Ole Henriksen
cultbeauty_9d2fe5c67c589a,cultbeauty,Medik8,OLE HENRIKSEN Double Rewind 0.3% Pro-Grade Retinol Serum 30ml,Ole Henriksen,needs_manual_review,manual_review,0.55,same product_name appears under multiple brands; brands=Medik8; Ole Henriksen
cultbeauty_2092cd4dcead1e,cultbeauty,PATRICK TA,OLE HENRIKSEN Truth Orange Ferment Barrier Booster Essence 120ml,Ole Henriksen,needs_manual_review,manual_review,0.55,same product_name appears under multiple brands; brands=Ole Henriksen; PATRICK TA
cultbeauty_23cb8074d60bfc,cultbeauty,PATRICK TA,"Ole Henriksen Mini Peach Glaze Glow 2% Niacinamide Cleanser, 60Ml",Ole Henriksen,needs_manual_review,manual_review,0.55,same product_name appears under multiple brands; brands=Ole Henriksen; PATRICK TA
cultbeauty_72193a9863fdb3,cultbeauty,PATRICK TA,Ole Henriksen Mini Peach Glaze Glow Niacinamide Serum 15ml,Ole Henriksen,needs_manual_review,manual_review,0.55,same product_name appears under multiple brands; brands=Ole Henriksen; PATRICK TA
cultbeauty_09202c7f1108d5,cultbeauty,PATRICK TA,"Ole Henriksen Peach Glaze Glow 2% Niacinamide Cleanser, 150Ml",Ole Henriksen,needs_manual_review,manual_review,0.55,same product_name appears under multiple brands; brands=Ole Henriksen; PATRICK TA
cultbeauty_49296ca4575a63,cultbeauty,Pai,OLE HENRIKSEN Strength HydraBarrier Nourishing Face Oil 30ml,Ole Henriksen,needs_manual_review,manual_review,0.55,same product_name appears under multiple brands; brands=Ole Henriksen; Pai
cultbeauty_477016d6761b11,cultbeauty,Paula's Choice,Ole Henriksen Detox Drops 2% Salicylic Acid Toner 120ml,Ole Henriksen,needs_manual_review,manual_review,0.55,same product_name appears under multiple brands; brands=Ole Henriksen; Paula's Choice
cultbeauty_17bb9aeffb30ed,cultbeauty,Summer Fridays,OLE HENRIKSEN Truth Juice Daily Cleanser 150ml,Ole Henriksen,needs_manual_review,manual_review,0.55,same product_name appears under multiple brands; brands=Ole Henriksen; Summer Fridays
cultbeauty_ee8010b0a99d8b,cultbeauty,Summer Fridays,"Ole Henriksen Après-Skin Rich Rescue Barrier Moisturizer With Ceramides, 75ml",Ole Henriksen,needs_manual_review,manual_review,0.55,same product_name appears under multiple brands; brands=Sol de Janeiro; Summer Fridays
cultbeauty_9fe99684505fc6,cultbeauty,Summer Fridays,"Ole Henriksen Capri Coco Lime Chillers Pout Preserve Lip Treatment, 12Ml Capri Coco Lime",Ole Henriksen,needs_manual_review,manual_review,0.55,same product_name appears under multiple brands; brands=L'Oréal Professionnel; Summer Fridays
cultbeauty_5dd13a029a5397,cultbeauty,Summer Fridays,Ole Henriksen Glimmer Pout Preserve Lip Treatment Citrus Sunshine Peach Glaze,Ole Henriksen,needs_manual_review,manual_review,0.55,same product_name appears under multiple brands; brands=Ole Henriksen; Summer Fridays
cultbeauty_59907a56148cab,cultbeauty,Summer Fridays,"Ole Henriksen Grenada Guava Chillers Pout Preserve Lip Treatment, 12Ml Capri Coco Lime",Ole Henriksen,needs_manual_review,manual_review,0.55,same product_name appears under multiple brands; brands=Summer Fridays; The Ordinary
cultbeauty_6341d7bf99deb8,cultbeauty,Summer Fridays,"Ole Henriksen Maldives Melon Chillers Pout Preserve Lip Treatment, 12Ml Capri Coco Lime",Ole Henriksen,needs_manual_review,manual_review,0.55,same product_name appears under multiple brands; brands=Ole Henriksen; Summer Fridays
cultbeauty_19afc4f7f4c765,cultbeauty,Summer Fridays,Ole Henriksen Peach Glaze Pout Preserve Peptide Lip Treatment 12ml Peach Glaze,Ole Henriksen,needs_manual_review,manual_review,0.55,same product_name appears under multiple brands; brands=Ole Henriksen; Summer Fridays
cultbeauty_57e73a7e72c83a,cultbeauty,Summer Fridays,Ole Henriksen Pout Preserve Peptide Lip Treatment Peach Glaze,Ole Henriksen,needs_manual_review,manual_review,0.55,same product_name appears under multiple brands; brands=Ole Henriksen; Summer Fridays
cultbeauty_7a749547b8202f,cultbeauty,Summer Fridays,"Ole Henriksen Sweet Macaron Pout Preserve Peptide Lip Treatment, 12ml Peach Glaze",Ole Henriksen,needs_manual_review,manual_review,0.55,same product_name appears under multiple brands; brands=Ole Henriksen; Summer Fridays
cultbeauty_31fd552b6c083f,cultbeauty,Caudalie,Omorovicza Queen Essence 100ml,Omorovicza,needs_manual_review,manual_review,0.55,same product_name appears under multiple brands; brands=Caudalie; Omorovicza
cultbeauty_42995be212b781,cultbeauty,Chantecaille,Omorovicza Blue Diamond Super Cream (50ml),Omorovicza,needs_manual_review,manual_review,0.55,same product_name appears under multiple brands; brands=Chantecaille; Omorovicza
cultbeauty_411b8e60bd54a6,cultbeauty,Pai,Omorovicza Miracle Facial Oil 30ml,Omorovicza,needs_manual_review,manual_review,0.55,same product_name appears under multiple brands; brands=Aesop; Omorovicza; Pai
cultbeauty_7dd764f17264b6,cultbeauty,CeraVe,Pat McGrath Labs Dark Star Mascara - Xtreme Black 13ml,PAT McGRATH LABS,needs_manual_review,manual_review,0.55,same product_name appears under multiple brands; brands=CeraVe; Eylure
cultbeauty_7e205036b3830d,cultbeauty,HUDA BEAUTY,Pat McGrath Labs Skin Fetish: Sublime Perfection Blurring Under Eye Powder 4g (Various Shades) Light,PAT McGRATH LABS,needs_manual_review,manual_review,0.55,same product_name appears under multiple brands; brands=HUDA BEAUTY; MAC
cultbeauty_ea4079db565a3c,cultbeauty,Hourglass,Pat McGrath Labs Fetisheyes Mascara - Xtreme Black 8ml,PAT McGRATH LABS,needs_manual_review,manual_review,0.55,same product_name appears under multiple brands; brands=Hourglass; Real Techniques
cultbeauty_f9ada2bf59412a,cultbeauty,Hourglass,Pat McGrath Labs Skin Fetish Divine Blush - Divine Rose III 4.8g,PAT McGRATH LABS,needs_manual_review,manual_review,0.55,same product_name appears under multiple brands; brands=Hourglass; Pat McGrath Labs
cultbeauty_e5c18e20e0bb96,cultbeauty,Hourglass,Pat McGrath Labs Skin Fetish Divine Bronzer 4.8g (Various Shades) Naked Desire,PAT McGRATH LABS,needs_manual_review,manual_review,0.55,same product_name appears under multiple brands; brands=Hourglass; NARS
cultbeauty_bf4425273016e5,cultbeauty,Hourglass,Pat McGrath Labs Skin Fetish Sublime Perfection Foundation 35ml (Various Shades) Light 1,PAT McGRATH LABS,needs_manual_review,manual_review,0.55,same product_name appears under multiple brands; brands=Hourglass; NARS
cultbeauty_ceb3be30e23468,cultbeauty,Hourglass,Pat McGrath Labs Skin Fetish: Sublime Perfection Setting Powder 8.5g (Various Shades) Light 1,PAT McGRATH LABS,needs_manual_review,manual_review,0.55,same product_name appears under multiple brands; brands=Hourglass; MAC
cultbeauty_ff8baa79ab0d62,cultbeauty,PATRICK TA,Pat McGrath Labs Divine Blush Legendary Glow Colour Balm 7g (Various Shades) Peach Lotus,PAT McGRATH LABS,needs_manual_review,manual_review,0.55,same product_name appears under multiple brands; brands=NUDESTIX; PATRICK TA
cultbeauty_cf7ca56ca2c3c2,cultbeauty,PATRICK TA,Pat McGrath Labs Divine Skin The Essence Serum - Rose 001 100ml,PAT McGRATH LABS,needs_manual_review,manual_review,0.55,same product_name appears under multiple brands; brands=Lancôme; PATRICK TA
cultbeauty_379d6b2c3559b6,cultbeauty,PATRICK TA,Pat McGrath Labs Legendary Longwear Lip Liner 1.2g (Various Shades) Divine Nude,PAT McGRATH LABS,needs_manual_review,manual_review,0.55,same product_name appears under multiple brands; brands=MAC; PATRICK TA
cultbeauty_00412164a87449,cultbeauty,PATRICK TA,Pat McGrath Labs Lip Fetish Divinyl Lip Shine 2.5g (Various Shades) Nude Venus,PAT McGRATH LABS,needs_manual_review,manual_review,0.55,same product_name appears under multiple brands; brands=PATRICK TA; Pat McGrath Labs
cultbeauty_3273b47c6ef279,cultbeauty,PATRICK TA,Pat McGrath Labs LiquiLUST Legendary Wear Matte Lipstick 5ml (Various Shades) Divine Rose,PAT McGRATH LABS,needs_manual_review,manual_review,0.55,same product_name appears under multiple brands; brands=MAC; PATRICK TA
cultbeauty_0e957d4a5beb84,cultbeauty,PATRICK TA,Pat McGrath Labs Lust Lip Gloss - Nude Venus 4.8g,PAT McGRATH LABS,needs_manual_review,manual_review,0.55,same product_name appears under multiple brands; brands=MAC; PATRICK TA
cultbeauty_2630d57c2dec12,cultbeauty,PATRICK TA,Pat McGrath Labs MatteTrance Lipstick 4g (Various Shades) 1995,PAT McGRATH LABS,needs_manual_review,manual_review,0.55,same product_name appears under multiple brands; brands=MAC; PATRICK TA
cultbeauty_efd3d7de159cc4,cultbeauty,PATRICK TA,Pat McGrath Labs Mothership I: Subliminal Palette,PAT McGRATH LABS,needs_manual_review,manual_review,0.55,same product_name appears under multiple brands; brands=MAC; PATRICK TA
cultbeauty_7d96b56444fa42,cultbeauty,PATRICK TA,Pat McGrath Labs Mothership IX: Huetopian Dream Palette,PAT McGRATH LABS,needs_manual_review,manual_review,0.55,same product_name appears under multiple brands; brands=CeraVe; PATRICK TA
cultbeauty_004074ced663ef,cultbeauty,PATRICK TA,Pat McGrath Labs Mothership V: Seduction Palette,PAT McGRATH LABS,needs_manual_review,manual_review,0.55,same product_name appears under multiple brands; brands=Beauty Works; PATRICK TA
cultbeauty_aae9c2ddda45a9,cultbeauty,PATRICK TA,Pat McGrath Labs Mothership VII: Divine Rose I Palette,PAT McGRATH LABS,needs_manual_review,manual_review,0.55,same product_name appears under multiple brands; brands=PATRICK TA; Urban Decay
cultbeauty_0ec6f6db814286,cultbeauty,PATRICK TA,Pat McGrath Labs Mothership X Moonlit Seduction Palette,PAT McGRATH LABS,needs_manual_review,manual_review,0.55,same product_name appears under multiple brands; brands=Christophe Robin; PATRICK TA
cultbeauty_62900e6b8a3821,cultbeauty,PATRICK TA,Pat McGrath Labs Satinallure Lipstick 3.7g (Various Shades) Infatuation,PAT McGRATH LABS,needs_manual_review,manual_review,0.55,same product_name appears under multiple brands; brands=MAC; PATRICK TA
cultbeauty_894c5f346bdbc2,cultbeauty,PATRICK TA,Pat McGrath Labs Skin Fetish: Highlighter and Balm Duo 8.6g (Various Shades) Nude,PAT McGRATH LABS,needs_manual_review,manual_review,0.55,same product_name appears under multiple brands; brands=PATRICK TA; Pat McGrath Labs
cultbeauty_bde4af14f6c5c9,cultbeauty,PATRICK TA,Pat McGrath Labs Skin Fetish: Sublime Perfection Concealer 5ml (Various Shades) Light 1,PAT McGRATH LABS,needs_manual_review,manual_review,0.55,same product_name appears under multiple brands; brands=NARS; PATRICK TA
cultbeauty_9923fb8d2e9e3d,cultbeauty,Pai,PIXI Rose Oil Blend Serum 30ml,PIXI,needs_manual_review,manual_review,0.55,same product_name appears under multiple brands; brands=Antipodes; Pai
cultbeauty_6dd826bef0eae4,cultbeauty,Paula's Choice,Pixi Clarity Tonic 250ml Salicylic Acid Toner,PIXI,needs_manual_review,manual_review,0.55,same product_name appears under multiple brands; brands=PIXI; Paula's Choice
cultbeauty_01d09e5e9b7aa8,cultbeauty,The Ordinary,PIXI Vitamin-C Tonic 100ml Toner,PIXI,needs_manual_review,manual_review,0.55,same product_name appears under multiple brands; brands=PIXI; The Ordinary
cultbeauty_07bd15f5038870,cultbeauty,Caudalie,Pai Skincare Century Flower™ Barrier Defence Mist 100ml,Pai,needs_manual_review,manual_review,0.55,same product_name appears under multiple brands; brands=Caudalie; Pai
cultbeauty_fe5d4348d62164,cultbeauty,RMS Beauty,Pai Skincare Gentle Genius ™ Barrier Care Soothing Body Cream 200g,Pai,needs_manual_review,manual_review,0.55,same product_name appears under multiple brands; brands=Pai; RMS Beauty
cultbeauty_449f7bfcd6e25f,cultbeauty,The Ordinary,Pai Skincare Stabilised Vitamin C 20% Brightening Booster 10ml,Pai,needs_manual_review,manual_review,0.55,same product_name appears under multiple brands; brands=Pai; The Ordinary
cultbeauty_a23e2eb051456c,cultbeauty,HUDA BEAUTY,Patchology Serve Chilled Cool Crush Hydrogel Mask,Patchology,needs_manual_review,manual_review,0.55,same product_name appears under multiple brands; brands=HUDA BEAUTY; Patchology
cultbeauty_0d4c9abb16a739,cultbeauty,The INKEY List,Patchology S.O.S. Totally-Invisible Clarifying Liquid Patch,Patchology,needs_manual_review,manual_review,0.55,same product_name appears under multiple brands; brands=Patchology; The INKEY List
cultbeauty_c34ab8510cc9c3,cultbeauty,HUDA BEAUTY,Perricone MD HP Hyaluronic Intensive Body Therapy 6 oz FG,Perricone MD,needs_manual_review,manual_review,0.55,same product_name appears under multiple brands; brands=HUDA BEAUTY; Medik8
cultbeauty_460f8c454b6cac,cultbeauty,HUDA BEAUTY,Perricone MD No Makeup Instant Blur Priming Moisturizer 1oz FG,Perricone MD,needs_manual_review,manual_review,0.55,same product_name appears under multiple brands; brands=HUDA BEAUTY; MAC
cultbeauty_ee99432a5cb6f8,cultbeauty,Medik8,Perricone MD Hypoallergenic Clean Correction Gentle Cleanser,Perricone MD,needs_manual_review,manual_review,0.55,same product_name appears under multiple brands; brands=La Roche-Posay; Medik8
cultbeauty_e0636574fa1b31,cultbeauty,NIOD,Perricone MD Blemish Relief Gentle and Soothing Cleanser 6 oz,Perricone MD,needs_manual_review,manual_review,0.55,same product_name appears under multiple brands; brands=NIOD; Perricone MD
cultbeauty_e8a0fac612014d,cultbeauty,Sunday Riley,Perricone MD Vitamin C Ester CCC + Ferulic Brightening Under-Eye Cream 15ml,Perricone MD,needs_manual_review,manual_review,0.55,same product_name appears under multiple brands; brands=Perricone MD; Sunday Riley
cultbeauty_c4470d8c4e4c10,cultbeauty,HUDA BEAUTY,Peter Thomas Roth Collagen Skinjection Plumping & Firming Serum 30ml,Peter Thomas Roth,needs_manual_review,manual_review,0.55,same product_name appears under multiple brands; brands=Gatineau; HUDA BEAUTY; Peter Thomas Roth
cultbeauty_4fc304c03d2d0f,cultbeauty,HUDA BEAUTY,Peter Thomas Roth Water Drench® Hyaluronic Jelly Moisturizer,Peter Thomas Roth,needs_manual_review,manual_review,0.55,same product_name appears under multiple brands; brands=COSRX; HUDA BEAUTY
cultbeauty_f33dd7bb69ba3e,cultbeauty,Medik8,Peter Thomas Roth Peptide Skinjection Moisture Infusion Refillable Cream 50ml,Peter Thomas Roth,needs_manual_review,manual_review,0.55,same product_name appears under multiple brands; brands=Medik8; Peter Thomas Roth
cultbeauty_858041c333f211,cultbeauty,Paula's Choice,Peter Thomas Roth Water Drench Hyaluronic Cloud Cream Hydrating Moisturizer 50ml,Peter Thomas Roth,needs_manual_review,manual_review,0.55,same product_name appears under multiple brands; brands=Paula's Choice; Peter Thomas Roth
cultbeauty_5d1ae828cea0de,cultbeauty,The Ordinary,Peter Thomas Roth Potent-C Power Serum 30ml,Peter Thomas Roth,needs_manual_review,manual_review,0.55,same product_name appears under multiple brands; brands=Peter Thomas Roth; The Ordinary
cultbeauty_473355de4464e9,cultbeauty,HUDA BEAUTY,Philip Kingsley Styling Maximizer Root Boosting Spray 250ml,Philip Kingsley,needs_manual_review,manual_review,0.55,same product_name appears under multiple brands; brands=HUDA BEAUTY; Philip Kingsley
cultbeauty_fa4c1084f5e851,cultbeauty,Innersense,Philip Kingsley Elasti-Styler Extreme Curl Cream 150ml,Philip Kingsley,needs_manual_review,manual_review,0.55,same product_name appears under multiple brands; brands=Innersense; Philip Kingsley; Wella Professionals Care
cultbeauty_bf269aa5945b62,cultbeauty,PATRICK TA,Philip Kingsley Density Thickening Conditioner 170ml,Philip Kingsley,needs_manual_review,manual_review,0.55,same product_name appears under multiple brands; brands=PATRICK TA; Philip Kingsley
cultbeauty_e65b56891babb1,cultbeauty,PATRICK TA,Philip Kingsley Finishing Touch Frizz Fighting Gloss 50ml,Philip Kingsley,needs_manual_review,manual_review,0.55,same product_name appears under multiple brands; brands=PATRICK TA; Philip Kingsley
cultbeauty_a64371736b6506,cultbeauty,Sachajuan,Philip Kingsley Flaky/Itchy Scalp Anti-Dandruff Shampoo 250ml,Philip Kingsley,needs_manual_review,manual_review,0.55,same product_name appears under multiple brands; brands=Philip Kingsley; Sachajuan
cultbeauty_70d4d1a263c66c,cultbeauty,Oribe,R+Co Television Perfect Hair Conditioner (Various Sizes),R+Co,needs_manual_review,manual_review,0.55,same product_name appears under multiple brands; brands=Oribe; R+Co
cultbeauty_c7b71c4efa7b0e,cultbeauty,Glow Recipe,RMS Beauty Coconut Clean Cleansing Balm,RMS Beauty,needs_manual_review,manual_review,0.55,same product_name appears under multiple brands; brands=Glow Recipe; RMS Beauty
cultbeauty_d8cf18ea7171d0,cultbeauty,PATRICK TA,RMS Beauty ReDimension Hydra Bronzer 7g (Various Shades) Tan Lines,RMS Beauty,needs_manual_review,manual_review,0.55,same product_name appears under multiple brands; brands=PATRICK TA; RMS Beauty
cultbeauty_b33335ff5b328b,cultbeauty,HUDA BEAUTY,RevitaLash Lash & Brow Styler,RevitaLash,needs_manual_review,manual_review,0.55,same product_name appears under multiple brands; brands=HUDA BEAUTY; RevitaLash
cultbeauty_e792fa679a0007,cultbeauty,Oribe,RevitaLash Length Define Tubing Mascara (0.17 fl oz),RevitaLash,needs_manual_review,manual_review,0.55,same product_name appears under multiple brands; brands=MAC; Oribe; RevitaLash
cultbeauty_2848b0300f7310,cultbeauty,The Ordinary,RevitaLash Advanced Eyelash Serum 3.5ml (6 Month Supply),RevitaLash,needs_manual_review,manual_review,0.55,same product_name appears under multiple brands; brands=RapidLash; The Ordinary
cultbeauty_14d3cfb60c7835,cultbeauty,The Ordinary,RevitaLash Advanced Sensitive Eyelash Serum 2ml (3 Month Supply),RevitaLash,needs_manual_review,manual_review,0.55,same product_name appears under multiple brands; brands=RapidLash; The Ordinary
cultbeauty_452b05593e489a,cultbeauty,The Ordinary,RevitaLash Exclusive Advanced Eyelash Serum 1ml (1.5 Month Supply),RevitaLash,needs_manual_review,manual_review,0.55,same product_name appears under multiple brands; brands=RapidLash; The Ordinary
cultbeauty_b2e379844c1768,cultbeauty,The Ordinary,Revitalash Brow and Lash Bundle,RevitaLash,needs_manual_review,manual_review,0.55,same product_name appears under multiple brands; brands=RevitaLash; The Ordinary
cultbeauty_63fb779adc5623,cultbeauty,BYOMA,Skin1004 Madagascar Centella Toning Toner 210ml,SKIN1004,needs_manual_review,manual_review,0.55,same product_name appears under multiple brands; brands=BYOMA; Skin1004
cultbeauty_5d06301fb21424,cultbeauty,Beauty of Joseon,SKIN1004 Madagascar Centella Watergel Sheet Ampoule Mask Trio,SKIN1004,needs_manual_review,manual_review,0.55,same product_name appears under multiple brands; brands=Beauty of Joseon; Skin1004
cultbeauty_6f7b276e293eb4,cultbeauty,Beauty of Joseon,Skin1004 Madagascar Centella Soothing Cream 75ml,SKIN1004,needs_manual_review,manual_review,0.55,same product_name appears under multiple brands; brands=Beauty Of Joseon; Beauty of Joseon
cultbeauty_d64eb32b7f3324,cultbeauty,PATRICK TA,SKIN1004 Spot Patch Duo,SKIN1004,needs_manual_review,manual_review,0.55,same product_name appears under multiple brands; brands=COSRX; PATRICK TA
cultbeauty_541579163b8f70,cultbeauty,PATRICK TA,Skin1004 Madagascar Centella Poremizing Fresh Ampoule 100ml,SKIN1004,needs_manual_review,manual_review,0.55,same product_name appears under multiple brands; brands=PATRICK TA; Too Faced
cultbeauty_76fd96ee729483,cultbeauty,The Ordinary,Skin1004 Madagascar Centella Hyalu-Cica Moisture Cream 75ml,SKIN1004,needs_manual_review,manual_review,0.55,same product_name appears under multiple brands; brands=Skin1004; The Ordinary
cultbeauty_27117d106a32f6,cultbeauty,Aesop,SUSANNE KAUFMANN AHA Enzyme Body Lotion 250ml,SUSANNE KAUFMANN,needs_manual_review,manual_review,0.55,same product_name appears under multiple brands; brands=Aesop; SUSANNE KAUFMANN
cultbeauty_53bd151cb5d4b7,cultbeauty,PATRICK TA,SUSANNE KAUFMANN Eye Rescue Serum 10ml,SUSANNE KAUFMANN,needs_manual_review,manual_review,0.55,same product_name appears under multiple brands; brands=PATRICK TA; SUSANNE KAUFMANN
cultbeauty_290268f701aad8,cultbeauty,Aveda,Sachajuan Dry Shampoo Mousse,Sachajuan,needs_manual_review,manual_review,0.55,same product_name appears under multiple brands; brands=Aveda; Redken
cultbeauty_26c685334fe5cb,cultbeauty,Color Wow,Sachajuan Hairspray Strong Hold 200ml,Sachajuan,needs_manual_review,manual_review,0.55,same product_name appears under multiple brands; brands=Color Wow; NARS
cultbeauty_9ecb2ee4f6b0a2,cultbeauty,HUDA BEAUTY,Sachajuan Ocean Mist Volume Conditioner,Sachajuan,needs_manual_review,manual_review,0.55,same product_name appears under multiple brands; brands=HUDA BEAUTY; Sachajuan
cultbeauty_7441e7445ced9b,cultbeauty,Innersense,Sachajuan Hair Mousse 200ml,Sachajuan,needs_manual_review,manual_review,0.55,same product_name appears under multiple brands; brands=Bumble and bumble; Innersense; Sachajuan
cultbeauty_f3093e1817b732,cultbeauty,PATRICK TA,Sarah Chapman Skinesis Pro Hydro-Mist Steamer,Sarah Chapman,needs_manual_review,manual_review,0.55,same product_name appears under multiple brands; brands=PATRICK TA; Sarah Chapman
cultbeauty_3c6c412a238a02,cultbeauty,Dr Dennis Gross,Shark Beauty CryoGlow Under-Eye Cooling & LED Anti-Ageing & Blemish Repair Mask - Pink,Shark Beauty,needs_manual_review,manual_review,0.55,same product_name appears under multiple brands; brands=Dr Dennis Gross; Silk'n
cultbeauty_39ca8cadff526a,cultbeauty,Chantecaille,Shiseido ArchLiner Ink Eyeliner - Shibui Black 01,Shiseido,needs_manual_review,manual_review,0.55,same product_name appears under multiple brands; brands=Chantecaille; NYX Professional Makeup
cultbeauty_f4bba2332064cb,cultbeauty,Hourglass,Shiseido Essential Energy Hydrating Day Cream SPF20 50ml,Shiseido,needs_manual_review,manual_review,0.55,same product_name appears under multiple brands; brands=Hourglass; Medik8
cultbeauty_168d003db927a0,cultbeauty,Kiehl's Since 1851,Shiseido Essential Energy Hydrating Cream 50ml,Shiseido,needs_manual_review,manual_review,0.55,same product_name appears under multiple brands; brands=Kiehl's Since 1851; Shiseido
cultbeauty_0a91404880b4e1,cultbeauty,Kiehl's Since 1851,Shiseido Exclusive Ultimune Power Infusing Eye Concentrate 15ml,Shiseido,needs_manual_review,manual_review,0.55,same product_name appears under multiple brands; brands=Kiehl's Since 1851; Shiseido
cultbeauty_f585ef07466b05,cultbeauty,Kiehl's Since 1851,Shiseido Expert Sun Protector SPF30 Face Cream 50ml,Shiseido,needs_manual_review,manual_review,0.55,same product_name appears under multiple brands; brands=Kiehl's Since 1851; PATRICK TA; Shiseido
cultbeauty_9da189ecb08126,cultbeauty,Kosas,Shiseido Revitalessence Glow Foundation 30ml (Various Shades) 110 Alabaster,Shiseido,needs_manual_review,manual_review,0.55,same product_name appears under multiple brands; brands=Armani; Kosas
cultbeauty_573ef3a04c4073,cultbeauty,Medik8,Shiseido Benefiance Wrinkle Smoothing Eye Cream 15ml,Shiseido,needs_manual_review,manual_review,0.55,same product_name appears under multiple brands; brands=Medik8; OUAI; Pai
cultbeauty_595102bf39c26f,cultbeauty,Medik8,Shiseido Clarifying Cleansing Foam 125ml,Shiseido,needs_manual_review,manual_review,0.55,same product_name appears under multiple brands; brands=Medik8; Shiseido
cultbeauty_bc0bbcebbf5781,cultbeauty,Medik8,Shiseido Deep Cleansing Foam 125ml,Shiseido,needs_manual_review,manual_review,0.55,same product_name appears under multiple brands; brands=Medik8; Shiseido
cultbeauty_427730b7680f59,cultbeauty,Medik8,Shiseido Vital Perfection Supreme Cream 50ml Refill,Shiseido,needs_manual_review,manual_review,0.55,same product_name appears under multiple brands; brands=Medik8; Shiseido
cultbeauty_32cadebf27c563,cultbeauty,NARS,Shiseido Synchro Skin Radiant Lifting Concealer 5.8ml (Various Shades) 303,Shiseido,needs_manual_review,manual_review,0.55,same product_name appears under multiple brands; brands=Armani; NARS
cultbeauty_78c1444ee728e1,cultbeauty,NARS,Shiseido Synchro Skin Radiant Lifting Foundation 30ml (Various Shades) Sunstone,Shiseido,needs_manual_review,manual_review,0.55,same product_name appears under multiple brands; brands=Armani; NARS
cultbeauty_9abd259d582229,cultbeauty,NARS,Shiseido Vital Perfection Uplifting and Firming Eye Cream 15ml,Shiseido,needs_manual_review,manual_review,0.55,same product_name appears under multiple brands; brands=Beauty of Joseon; NARS
cultbeauty_b2573926787adb,cultbeauty,OUAI,Shiseido Benefiance Wrinkle Smoothing Eye Cream 15ml,Shiseido,needs_manual_review,manual_review,0.55,same product_name appears under multiple brands; brands=Medik8; OUAI; Pai
cultbeauty_a69550d16e1e7b,cultbeauty,PATRICK TA,Shiseido Expert Sun Protector SPF30 Face Cream 50ml,Shiseido,needs_manual_review,manual_review,0.55,same product_name appears under multiple brands; brands=Kiehl's Since 1851; PATRICK TA; Shiseido
cultbeauty_5666abb3ffa15b,cultbeauty,Summer Fridays,Shiseido Expert Sun Protector Face and Body Lotion SPF30 150ml,Shiseido,needs_manual_review,manual_review,0.55,same product_name appears under multiple brands; brands=Shiseido; Summer Fridays
cultbeauty_f853c8476298b2,cultbeauty,Sweed,Shiseido Full Lash Serum (6ml),Shiseido,needs_manual_review,manual_review,0.55,same product_name appears under multiple brands; brands=RapidLash; Sweed
cultbeauty_69845b4afda65b,cultbeauty,Tweezerman,Shiseido Benefiance Eyecare Set 2026,Shiseido,needs_manual_review,manual_review,0.55,same product_name appears under multiple brands; brands=Tweezerman; benefit
cultbeauty_9a312bfa7960b1,cultbeauty,Ultra Violette,Shiseido Expert Sun Protector SPF50+ Face Cream 50ml,Shiseido,needs_manual_review,manual_review,0.55,same product_name appears under multiple brands; brands=La Roche-Posay; Ultra Violette
cultbeauty_d5820ffef37b8e,cultbeauty,Dr Dennis Gross,Silk'n Dual LED Mask,Silk'n,needs_manual_review,manual_review,0.55,same product_name appears under multiple brands; brands=Dr Dennis Gross; Sensse
cultbeauty_71ba58a86d4b78,cultbeauty,The Ordinary,Silk'n LED Face EMS Mask,Silk'n,needs_manual_review,manual_review,0.55,same product_name appears under multiple brands; brands=Sensse; The Ordinary
cultbeauty_56158a4f82c0ba,cultbeauty,Chantecaille,Sisley Paris Blur Expert Perfecting Smoothing Powder 11g (Various Shades) 1 Beige,Sisley Paris,needs_manual_review,manual_review,0.55,same product_name appears under multiple brands; brands=Chantecaille; Sisley Paris
cultbeauty_767e4cb3cf8d81,cultbeauty,HUDA BEAUTY,Sisley Paris Gentle Facial Buffing Cream 50ml,Sisley Paris,needs_manual_review,manual_review,0.55,same product_name appears under multiple brands; brands=HUDA BEAUTY; Sisley Paris
cultbeauty_7fa9a20877c8fd,cultbeauty,Laura Mercier,Sisley Paris Les Phyto 10 Silky Cream,Sisley Paris,needs_manual_review,manual_review,0.55,same product_name appears under multiple brands; brands=Laura Mercier; Sisley Paris
cultbeauty_a86cc820c15c46,cultbeauty,Medik8,Sisley Paris Phyto-Blanc Overnight Brightening Cream 50ml,Sisley Paris,needs_manual_review,manual_review,0.55,same product_name appears under multiple brands; brands=Medik8; Sisley Paris
cultbeauty_bd3dd7b25cbf81,cultbeauty,Medik8,Sisley Paris Supremya: The Supreme Anti-Aging Skin Care Lotion 50ml,Sisley Paris,needs_manual_review,manual_review,0.55,same product_name appears under multiple brands; brands=Medik8; Sisley Paris
cultbeauty_857fb60730ec95,cultbeauty,Myvitamins,Sisley Paris Hair Rituel By Sisley The Fortifying Densifying Shampoo 200ml,Sisley Paris,needs_manual_review,manual_review,0.55,same product_name appears under multiple brands; brands=Myvitamins; Sisley Paris
cultbeauty_5d1962fe093dfb,cultbeauty,NARS,Sisley Paris Triple-Oil Balm Make-up Remover And Cleanser 125g,Sisley Paris,needs_manual_review,manual_review,0.55,same product_name appears under multiple brands; brands=NARS; Sisley Paris
cultbeauty_5f865d360f62b4,cultbeauty,NYX Professional Makeup,Sisley Paris Ligne Noire Eyeliner 1 Deep Black,Sisley Paris,needs_manual_review,manual_review,0.55,same product_name appears under multiple brands; brands=NYX Professional Makeup; Sisley Paris
cultbeauty_b642a6502ce568,cultbeauty,Oribe,Sisley Paris Protective Shield Mist 100ml,Sisley Paris,needs_manual_review,manual_review,0.55,same product_name appears under multiple brands; brands=Oribe; Sisley Paris
cultbeauty_a5a93ce837fc2b,cultbeauty,PATRICK TA,Sisley Paris So Intense Mascara 7.5ml (Various Shades),Sisley Paris,needs_manual_review,manual_review,0.55,same product_name appears under multiple brands; brands=PATRICK TA; Sisley Paris
cultbeauty_797a6e8bb59acd,cultbeauty,Too Faced,Sisley Paris Mascara Phyto 2 Deep Brown,Sisley Paris,needs_manual_review,manual_review,0.55,same product_name appears under multiple brands; brands=Sisley Paris; Too Faced
cultbeauty_a0adc880ecce26,cultbeauty,Tweezerman,Sisley Paris Blonde White & Grey Beautifying Hair Care Mask 200Ml,Sisley Paris,needs_manual_review,manual_review,0.55,same product_name appears under multiple brands; brands=Sisley Paris; Tweezerman
cultbeauty_2afbefd562e327,cultbeauty,Avène,SkinCeuticals Emollience Moisturizer 60ml,SkinCeuticals,needs_manual_review,manual_review,0.55,same product_name appears under multiple brands; brands=Avène; SkinCeuticals
cultbeauty_ae7d40e398c7f1,cultbeauty,Escentric Molecules,SkinCeuticals Blemish and Age Defense Corrective Serum 30ml,SkinCeuticals,needs_manual_review,manual_review,0.55,same product_name appears under multiple brands; brands=Escentric Molecules; SkinCeuticals
cultbeauty_981940af86f883,cultbeauty,Paula's Choice,SkinCeuticals Blemish and Age Toner Solution 200ml,SkinCeuticals,needs_manual_review,manual_review,0.55,same product_name appears under multiple brands; brands=Paula's Choice; SkinCeuticals
cultbeauty_3105dacbe0c9b7,cultbeauty,Paula's Choice,SkinCeuticals Glycolic Renewal Cleanser Gel 150ml,SkinCeuticals,needs_manual_review,manual_review,0.55,same product_name appears under multiple brands; brands=Paula's Choice; SkinCeuticals
cultbeauty_a298e2ea94043a,cultbeauty,HUDA BEAUTY,Slip Pure Silk Skinny Scrunchies With Complimentary Pouch - Hair On Point,Slip,needs_manual_review,manual_review,0.55,same product_name appears under multiple brands; brands=HUDA BEAUTY; ghd
cultbeauty_fc02aaf796d9db,cultbeauty,OUAI,Slip Pure Silk Contour Sleep Mask - Wildflower,Slip,needs_manual_review,manual_review,0.55,same product_name appears under multiple brands; brands=Eve Lom; OUAI; Slip
cultbeauty_7d818998a80b99,cultbeauty,HUDA BEAUTY,Sol de Janeiro Beija Flor Jet Set,Sol de Janeiro,needs_manual_review,manual_review,0.55,same product_name appears under multiple brands; brands=HUDA BEAUTY; Sol de Janeiro
cultbeauty_ea88ddb347b459,cultbeauty,Summer Fridays,Sol de Janeiro Brazilian Kiss Cupuaçu Lip Butter,Sol de Janeiro,needs_manual_review,manual_review,0.55,same product_name appears under multiple brands; brands=Sol de Janeiro; Summer Fridays
cultbeauty_9da2d0212b5f13,cultbeauty,Summer Fridays,Sol de Janeiro Brazilian Touch Hand Cream 50ml,Sol de Janeiro,needs_manual_review,manual_review,0.55,same product_name appears under multiple brands; brands=Sol de Janeiro; Summer Fridays
cultbeauty_7d39bf2853decb,cultbeauty,HUDA BEAUTY,Spectrum Collections Smooth & Set Dual-Texture Puff Duo,Spectrum Collections,needs_manual_review,manual_review,0.55,same product_name appears under multiple brands; brands=HUDA BEAUTY; lookfantastic Beauty Box
cultbeauty_f7a227d2449822,cultbeauty,ICONIC London,Spectrum Collections Pantherine 5 Piece Face Set,Spectrum Collections,needs_manual_review,manual_review,0.55,same product_name appears under multiple brands; brands=ICONIC London; Spectrum Collections
cultbeauty_d3c4cd76c21aa6,cultbeauty,beautyblender,Spectrum Collections SC020 Wonder Sponge - Pink,Spectrum Collections,needs_manual_review,manual_review,0.55,same product_name appears under multiple brands; brands=Real Techniques; beautyblender
cultbeauty_7f9cbcb45a42c7,cultbeauty,Bondi Sands,St. Tropez Gradual Tan Body Lotion Light-Medium 200ml,St. Tropez,needs_manual_review,manual_review,0.55,same product_name appears under multiple brands; brands=Bondi Sands; St. Tropez
cultbeauty_301e40f18c6ed0,cultbeauty,Bondi Sands,St. Tropez Gradual Tan Body Lotion Medium-Dark 200ml,St. Tropez,needs_manual_review,manual_review,0.55,same product_name appears under multiple brands; brands=Bondi Sands; St. Tropez
cultbeauty_9f23e467c19aa6,cultbeauty,Bondi Sands,Sun Bum Original SPF30 Lip Balm 4.25g (Various Options),Sun Bum,needs_manual_review,manual_review,0.55,same product_name appears under multiple brands; brands=Bondi Sands; Ultrasun
cultbeauty_f01cf9623da371,cultbeauty,COOLA,Sun Bum Original SPF50 Roll-On Lotion 88ml,Sun Bum,needs_manual_review,manual_review,0.55,same product_name appears under multiple brands; brands=COOLA; Sun Bum
cultbeauty_97c595cba6dc21,cultbeauty,HUDA BEAUTY,Supergoop! Triple Prep Weightless Daily Moisturizer SPF 30 50ml,Supergoop!,needs_manual_review,manual_review,0.55,same product_name appears under multiple brands; brands=CeraVe; HUDA BEAUTY
cultbeauty_2d2c688e6b532e,cultbeauty,HUDA BEAUTY,Supergoop! Unseen Sunscreen SPF 50 20ml,Supergoop!,needs_manual_review,manual_review,0.55,same product_name appears under multiple brands; brands=HUDA BEAUTY; YSL
cultbeauty_b72e054769a12e,cultbeauty,Saie,Supergoop! Mineral Glowscreen Soft-Radiance Drops SPF 30 Sunrise,Supergoop!,needs_manual_review,manual_review,0.55,same product_name appears under multiple brands; brands=Saie; Supergoop!
cultbeauty_ccab677a15c764,cultbeauty,Saie,Supergoop! Protec(Tint) Daily SPF Tint SPF 50 (35ml) Various Shades 22W,Supergoop!,needs_manual_review,manual_review,0.55,same product_name appears under multiple brands; brands=La Roche-Posay; Saie
cultbeauty_329704bb6c26fa,cultbeauty,Summer Fridays,Supergoop! (Re)setting 100% Mineral Powder SPF30 - Translucent 4.25g,Supergoop!,needs_manual_review,manual_review,0.55,same product_name appears under multiple brands; brands=La Roche-Posay; Summer Fridays
cultbeauty_799f9554afb504,cultbeauty,Ultra Violette,Supergoop! Play Everyday Lotion SPF50 71ml,Supergoop!,needs_manual_review,manual_review,0.55,same product_name appears under multiple brands; brands=La Roche-Posay; Ultra Violette
cultbeauty_cabd04bc38eca7,cultbeauty,Spectrum Collections,Surratt Expressioniste Brow Pencil Refill Cartridge - Brunette,Surratt,needs_manual_review,manual_review,0.55,same product_name appears under multiple brands; brands=Spectrum Collections; Surratt
cultbeauty_0c70d3f8bf2487,cultbeauty,St. Tropez,Tan-Luxe The Water Hydrating Self-Tan Water 200ml - Light,TAN-LUXE,needs_manual_review,manual_review,0.55,same product_name appears under multiple brands; brands=Bondi Sands; St. Tropez
cultbeauty_9dcb9af1a3e184,cultbeauty,The Ordinary,Tan-Luxe Hydra Mousse Hydrating Self-Tan Mousse 200ml - Light,TAN-LUXE,needs_manual_review,manual_review,0.55,same product_name appears under multiple brands; brands=Bondi Sands; The Ordinary
cultbeauty_f666eaaff1e1b7,cultbeauty,BYREDO,Tom Ford Soleil Neige All Over Body Spray 150ml,TOM FORD,needs_manual_review,manual_review,0.55,same product_name appears under multiple brands; brands=BYREDO; Tom Ford
cultbeauty_90b09c85386faf,cultbeauty,Gucci Beauty,TOM FORD Soleil Bronzing Powder (Various Shades) 01 Corsica,TOM FORD,needs_manual_review,manual_review,0.55,same product_name appears under multiple brands; brands=Gucci Beauty; Tom Ford
cultbeauty_1595035301b1d0,cultbeauty,BYOMA,Thank You Farmer Rice Pure Milky Hydrating Essential Toner 200ml,Thank You Farmer,needs_manual_review,manual_review,0.55,same product_name appears under multiple brands; brands=BYOMA; LANEIGE
cultbeauty_aa317358dd2d0e,cultbeauty,Beauty of Joseon,Thank You Farmer Rice Pure Clay Mask to Foam Cleanser 150ml,Thank You Farmer,needs_manual_review,manual_review,0.55,same product_name appears under multiple brands; brands=Beauty of Joseon; Rimmel
cultbeauty_65b79d709caa2c,cultbeauty,Beauty of Joseon,Thank You Farmer Rice Pure Milky Cleansing Oil 200ml,Thank You Farmer,needs_manual_review,manual_review,0.55,same product_name appears under multiple brands; brands=Beauty of Joseon; Youth To The People
cultbeauty_ea63b872787a92,cultbeauty,Ultra Violette,Thank You Farmer Sun Project Water Sun Cream SPF50+ 50ml,Thank You Farmer,needs_manual_review,manual_review,0.55,same product_name appears under multiple brands; brands=Redken; Ultra Violette
cultbeauty_1178b76b18d6ae,cultbeauty,BYOMA,The INKEY List Hydro-Surge Dewy Face Mist 75ml,The INKEY List,needs_manual_review,manual_review,0.55,same product_name appears under multiple brands; brands=BYOMA; The INKEY List
cultbeauty_e0ecee0bcd8063,cultbeauty,CeraVe,The INKEY List Brighten-I Eye Cream 15ml,The INKEY List,needs_manual_review,manual_review,0.55,same product_name appears under multiple brands; brands=CeraVe; The Ordinary
cultbeauty_8f934b4a9d06aa,cultbeauty,La Roche-Posay,The INKEY List Tripeptide Plumping Lip Balm Clear,The INKEY List,needs_manual_review,manual_review,0.55,same product_name appears under multiple brands; brands=La Roche-Posay; PATRICK TA; The INKEY List; The Ordinary
cultbeauty_7fa98f093fdb79,cultbeauty,PATRICK TA,The INKEY List Tripeptide Plumping Lip Balm Clear,The INKEY List,needs_manual_review,manual_review,0.55,same product_name appears under multiple brands; brands=La Roche-Posay; PATRICK TA; The INKEY List; The Ordinary
cultbeauty_88bf9a3495ea7e,cultbeauty,PATRICK TA,The INKEY List Tripeptide Plumping Lip Balm Clear,The INKEY List,needs_manual_review,manual_review,0.55,same product_name appears under multiple brands; brands=La Roche-Posay; PATRICK TA; The INKEY List; The Ordinary
cultbeauty_fb47d4d29c5072,cultbeauty,Paula's Choice,The INKEY List Glycolic Acid Exfoliating Body Stick 45g,The INKEY List,needs_manual_review,manual_review,0.55,same product_name appears under multiple brands; brands=Paula's Choice; The Ordinary
cultbeauty_bf24690f1f7a6e,cultbeauty,Paula's Choice,The INKEY List Hydrocolloid Invisible Pimple Patches (22 patches),The INKEY List,needs_manual_review,manual_review,0.55,same product_name appears under multiple brands; brands=COSRX; Paula's Choice
cultbeauty_1edf317c2b8d03,cultbeauty,Paula's Choice,The INKEY List PHA Toner 100ml,The INKEY List,needs_manual_review,manual_review,0.55,same product_name appears under multiple brands; brands=Paula's Choice; The INKEY List
cultbeauty_64db71b85fbd3f,cultbeauty,Paula's Choice,The INKEY List Peptide Volumizing Hair Treatment 100ml,The INKEY List,needs_manual_review,manual_review,0.55,same product_name appears under multiple brands; brands=Paula's Choice; The Ordinary
cultbeauty_d5eefdbfe49882,cultbeauty,Paula's Choice,The INKEY List Polyglutamic Acid Dewy Sunscreen SPF30 50ml,The INKEY List,needs_manual_review,manual_review,0.55,same product_name appears under multiple brands; brands=Paula's Choice; The INKEY List
cultbeauty_2b5f1516b9cf58,cultbeauty,Paula's Choice,The INKEY List Super Solutions 10% Azelaic Acid Serum 30ml,The INKEY List,needs_manual_review,manual_review,0.55,same product_name appears under multiple brands; brands=Cetaphil; Paula's Choice
cultbeauty_d637bf364c9b20,cultbeauty,The Ordinary,The INKEY List Ectoin Hydro-Barrier Serum 30ml,The INKEY List,needs_manual_review,manual_review,0.55,same product_name appears under multiple brands; brands=Cetaphil; The Ordinary
cultbeauty_352934f1cd69b7,cultbeauty,The Ordinary,The INKEY List Oat Balm Cleanser 150ml,The INKEY List,needs_manual_review,manual_review,0.55,same product_name appears under multiple brands; brands=The INKEY List; The Ordinary
cultbeauty_3f69ce1ab53d83,cultbeauty,The Ordinary,The INKEY List Salicylic Acid Cleanser 150ml,The INKEY List,needs_manual_review,manual_review,0.55,same product_name appears under multiple brands; brands=The INKEY List; The Ordinary
cultbeauty_0a06a8e246f746,cultbeauty,The Ordinary,The INKEY List Salicylic Acid Cleanser 60ml,The INKEY List,needs_manual_review,manual_review,0.55,same product_name appears under multiple brands; brands=The INKEY List; The Ordinary
cultbeauty_c287fb66f5dda4,cultbeauty,The Ordinary,The INKEY List- 15% Vitamin C and EGF Serum 30ml,The INKEY List,needs_manual_review,manual_review,0.55,same product_name appears under multiple brands; brands=The INKEY List; The Ordinary
cultbeauty_bcb00de3c04894,cultbeauty,HUDA BEAUTY,The Light Salon Enzymatic Cleanser and Mask 100ml,The Light Salon,needs_manual_review,manual_review,0.55,same product_name appears under multiple brands; brands=HUDA BEAUTY; The Light Salon
cultbeauty_7422edee7a6115,cultbeauty,HUDA BEAUTY,The Light Salon Hydrating Peptide Serum 30ml,The Light Salon,needs_manual_review,manual_review,0.55,same product_name appears under multiple brands; brands=HUDA BEAUTY; The Light Salon
cultbeauty_aa8b3f75e26cbc,cultbeauty,NARS,The Light Salon Boost LED Mask,The Light Salon,needs_manual_review,manual_review,0.55,same product_name appears under multiple brands; brands=NARS; The Light Salon
cultbeauty_34570081c4cf92,cultbeauty,The INKEY List,The Nue Co. Topical-C Skin Brightening Serum Powder 15ml,The Nue Co.,needs_manual_review,manual_review,0.55,same product_name appears under multiple brands; brands=La Roche-Posay; The INKEY List
cultbeauty_eb0e18f17c6d1e,cultbeauty,HUDA BEAUTY,Too Faced Born This Way Original Foundation 30ml (Various Shades) Praline,Too Faced,needs_manual_review,manual_review,0.55,same product_name appears under multiple brands; brands=HUDA BEAUTY; NARS
cultbeauty_debf759551435b,cultbeauty,HUDA BEAUTY,Too Faced Born This Way Soft Blur Flexible Finish Setting Powder 17g (Various Shades) Light,Too Faced,needs_manual_review,manual_review,0.55,same product_name appears under multiple brands; brands=HUDA BEAUTY; MAC
cultbeauty_73ec07c6247b03,cultbeauty,HUDA BEAUTY,Too Faced Born This Way Soft Matte Foundation 30ml (Various Shades) Praline,Too Faced,needs_manual_review,manual_review,0.55,same product_name appears under multiple brands; brands=HUDA BEAUTY; Urban Decay
cultbeauty_c5fe99c7d16247,cultbeauty,HUDA BEAUTY,Too Faced Born This Way The Natural Nudes Skin-Centric Eyeshadow Palette,Too Faced,needs_manual_review,manual_review,0.55,same product_name appears under multiple brands; brands=HUDA BEAUTY; Urban Decay
cultbeauty_22f8aaa6928faa,cultbeauty,HUDA BEAUTY,Too Faced Chocolate Soleil Bronzer (Various Shades) Chocolate Soleil,Too Faced,needs_manual_review,manual_review,0.55,same product_name appears under multiple brands; brands=HUDA BEAUTY; Too Faced
cultbeauty_4867b5a3e5ef54,cultbeauty,HUDA BEAUTY,Too Faced Cloud Crush Blush 5g (Various Shades) Candy Clouds,Too Faced,needs_manual_review,manual_review,0.55,same product_name appears under multiple brands; brands=HUDA BEAUTY; NARS
cultbeauty_20ba36947ed750,cultbeauty,HUDA BEAUTY,Too Faced Travel Size Born This Way Super Coverage Concealer 2ml (Various Shades) Warm Sand,Too Faced,needs_manual_review,manual_review,0.55,same product_name appears under multiple brands; brands=HUDA BEAUTY; NARS
cultbeauty_135daabba9e97b,cultbeauty,Hourglass,Too Faced Ribbon Wrapped Lash Mascara - Black 8ml,Too Faced,needs_manual_review,manual_review,0.55,same product_name appears under multiple brands; brands=Hourglass; Too Faced
cultbeauty_b7ab92c0fd4518,cultbeauty,Hourglass,Too Faced Ribbon Wrapped Lash Mascara - Chocolate 8ml,Too Faced,needs_manual_review,manual_review,0.55,same product_name appears under multiple brands; brands=Hourglass; MAC
cultbeauty_cbc6b4f9a784ed,cultbeauty,PATRICK TA,Too Faced Better Than Sex Easy Glide Waterproof Liquid Eyeliner 0.6ml (Various Shades) Deepest Black,Too Faced,needs_manual_review,manual_review,0.55,same product_name appears under multiple brands; brands=PATRICK TA; Too Faced
cultbeauty_4ffd50c18bbc8b,cultbeauty,PATRICK TA,Too Faced Cloud Crush Whipped Lip & Cheek Colour 4.3g (Various Shades) Love Potion,Too Faced,needs_manual_review,manual_review,0.55,same product_name appears under multiple brands; brands=PATRICK TA; Too Faced
cultbeauty_5ed9338111d3b1,cultbeauty,PATRICK TA,Too Faced Love Flush Blush 6ml (Various Shades) HEAD OVER HEELS,Too Faced,needs_manual_review,manual_review,0.55,same product_name appears under multiple brands; brands=NARS; PATRICK TA
cultbeauty_588795ff235dfb,cultbeauty,PATRICK TA,Too Faced Sun Bunny Bronzer (Various Shades) Sun Bunny,Too Faced,needs_manual_review,manual_review,0.55,same product_name appears under multiple brands; brands=NARS; PATRICK TA
cultbeauty_99e51d3a2fe8ad,cultbeauty,PATRICK TA,Too Faced Travel Size Chocolate Soleil Bronzer,Too Faced,needs_manual_review,manual_review,0.55,same product_name appears under multiple brands; brands=PATRICK TA; Rimmel
cultbeauty_f071e135aa6018,cultbeauty,PATRICK TA,Too Faced Travel Size Ribbon Wrapped Lash Mascara 4.7ml,Too Faced,needs_manual_review,manual_review,0.55,same product_name appears under multiple brands; brands=PATRICK TA; YSL
cultbeauty_50df681f167e20,cultbeauty,Urban Decay,Too Faced Killer Liner 36 Hour Waterproof Eyeliner (Various Shades) Killer Black,Too Faced,needs_manual_review,manual_review,0.55,same product_name appears under multiple brands; brands=MAC; Urban Decay
cultbeauty_6b2cb2b276eb3a,cultbeauty,benefit,Too Faced Superfine Brow Detailer Ultra Slim Brow Pencil 0.08g (Various Shades) Taupe,Too Faced,needs_manual_review,manual_review,0.55,same product_name appears under multiple brands; brands=Too Faced; benefit
cultbeauty_88d7332b805b88,cultbeauty,HUDA BEAUTY,U Beauty The MANTLE Cleansing Balm 50ml,U Beauty,needs_manual_review,manual_review,0.55,same product_name appears under multiple brands; brands=HUDA BEAUTY; U Beauty
cultbeauty_7af68b8527e550,cultbeauty,SkinCeuticals,U Beauty The SUPER Intensive Face Oil 30ml,U Beauty,needs_manual_review,manual_review,0.55,same product_name appears under multiple brands; brands=SkinCeuticals; U Beauty
cultbeauty_00fb69175199c0,cultbeauty,HUDA BEAUTY,Ultrasun Very High SPF 50+ Kids Lotion 150ml,Ultrasun,needs_manual_review,manual_review,0.55,same product_name appears under multiple brands; brands=HUDA BEAUTY; Ultrasun
cultbeauty_89bc99beae397d,cultbeauty,Hourglass,Ultrasun Body Tinted SPF 30 150ml,Ultrasun,needs_manual_review,manual_review,0.55,same product_name appears under multiple brands; brands=Hourglass; Ultrasun
cultbeauty_fcc63aee5acbaa,cultbeauty,La Roche-Posay,Ultrasun SPF30 Family Sun Lotion 400ml,Ultrasun,needs_manual_review,manual_review,0.55,same product_name appears under multiple brands; brands=La Roche-Posay; Ultrasun
cultbeauty_bf0c450a872239,cultbeauty,La Roche-Posay,Ultrasun Sensitive SPF 50+ Extreme Very High Sun Protection 150ml,Ultrasun,needs_manual_review,manual_review,0.55,same product_name appears under multiple brands; brands=La Roche-Posay; Ultrasun
cultbeauty_79282657c25150,cultbeauty,La Roche-Posay,Ultrasun Ultralip SPF 30 (4.8g),Ultrasun,needs_manual_review,manual_review,0.55,same product_name appears under multiple brands; brands=La Roche-Posay; Ultrasun
cultbeauty_bd5c20db1d2415,cultbeauty,Pai,Ultrasun SPF50+ Tinted Face Sun Cream (Various Shades),Ultrasun,needs_manual_review,manual_review,0.55,same product_name appears under multiple brands; brands=Pai; Ultrasun
cultbeauty_a98596ed053703,cultbeauty,HUDA BEAUTY,Urban Decay All Nighter Setting Spray 118ml,Urban Decay,needs_manual_review,manual_review,0.55,same product_name appears under multiple brands; brands=HUDA BEAUTY; NARS
cultbeauty_a70f9c636268b9,cultbeauty,HUDA BEAUTY,Urban Decay All Nighter Setting Spray Glow 118ml,Urban Decay,needs_manual_review,manual_review,0.55,same product_name appears under multiple brands; brands=HUDA BEAUTY; Laura Mercier
cultbeauty_8d1f24ea2d133e,cultbeauty,HUDA BEAUTY,Urban Decay All Nighter Travel Setting Spray Matte,Urban Decay,needs_manual_review,manual_review,0.55,same product_name appears under multiple brands; brands=HUDA BEAUTY; Urban Decay
cultbeauty_fa0f4f672c6e68,cultbeauty,HUDA BEAUTY,Urban Decay Face Bond Foundation 30ml (Various Shades) Urban Decay Face Bond Foundation - 14,Urban Decay,needs_manual_review,manual_review,0.55,same product_name appears under multiple brands; brands=HUDA BEAUTY; NARS
cultbeauty_f36ec3c3b39651,cultbeauty,NARS,Urban Decay Eyeshadow Anti-Ageing Primer Potion 10ml,Urban Decay,needs_manual_review,manual_review,0.55,same product_name appears under multiple brands; brands=NARS; Urban Decay
cultbeauty_47b89d950608de,cultbeauty,PATRICK TA,Urban Decay All Nighter Setting Spray Matte 118ml,Urban Decay,needs_manual_review,manual_review,0.55,same product_name appears under multiple brands; brands=PATRICK TA; Urban Decay
cultbeauty_cf723bcedd24c8,cultbeauty,PATRICK TA,Urban Decay All Nighter Travel Setting Spray,Urban Decay,needs_manual_review,manual_review,0.55,same product_name appears under multiple brands; brands=Laura Mercier; PATRICK TA
cultbeauty_8f6739d33567da,cultbeauty,benefit,Urban Decay Brow Blade Pencil (Various Shades) Neutral Nana,Urban Decay,needs_manual_review,manual_review,0.55,same product_name appears under multiple brands; brands=Bobbi Brown; benefit
cultbeauty_7ed6c860f1fb20,cultbeauty,Chantecaille,VIRTUE One for All 6-in-1 Styler Cream 120ml,VIRTUE,needs_manual_review,manual_review,0.55,same product_name appears under multiple brands; brands=Chantecaille; VIRTUE
cultbeauty_5b70e1d1778f22,cultbeauty,Color Wow,VIRTUE Flourish Conditioner for Thinning Hair 200ml,VIRTUE,needs_manual_review,manual_review,0.55,same product_name appears under multiple brands; brands=Color Wow; VIRTUE
cultbeauty_c39b045af46b79,cultbeauty,Color Wow,VIRTUE Frizz Block Smoothing Spray 150ml,VIRTUE,needs_manual_review,manual_review,0.55,same product_name appears under multiple brands; brands=Color Wow; Pureology; VIRTUE
cultbeauty_46005a0d396cef,cultbeauty,Color Wow,VIRTUE Full Conditioner 200ml,VIRTUE,needs_manual_review,manual_review,0.55,same product_name appears under multiple brands; brands=Color Wow; VIRTUE
cultbeauty_050740e86fecce,cultbeauty,Laura Mercier,VIRTUE Full Shampoo - Professional Size,VIRTUE,needs_manual_review,manual_review,0.55,same product_name appears under multiple brands; brands=Laura Mercier; VIRTUE
cultbeauty_38ea86c0e52b3d,cultbeauty,NYX Professional Makeup,VIRTUE ColorKick De-Brassing Shampoo 240ml,VIRTUE,needs_manual_review,manual_review,0.55,same product_name appears under multiple brands; brands=Matrix; NYX Professional Makeup; VIRTUE
cultbeauty_7441e229166fb2,cultbeauty,OUAI,VIRTUE Flourish Shampoo for Thinning Hair 60ml,VIRTUE,needs_manual_review,manual_review,0.55,same product_name appears under multiple brands; brands=OUAI; The Ordinary
cultbeauty_97395838112358,cultbeauty,Oribe,VIRTUE Curl-Defining Gel 200ml,VIRTUE,needs_manual_review,manual_review,0.55,same product_name appears under multiple brands; brands=Clinique; Oribe
cultbeauty_986f57c9171df5,cultbeauty,The INKEY List,VIRTUE Refresh Exfoliating Scalp Treatment 150ml,VIRTUE,needs_manual_review,manual_review,0.55,same product_name appears under multiple brands; brands=L'Oréal Paris; The INKEY List
cultbeauty_4830d5572e3391,cultbeauty,The Ordinary,VIRTUE Flourish Density Booster 120ml,VIRTUE,needs_manual_review,manual_review,0.55,same product_name appears under multiple brands; brands=The Ordinary; VIRTUE
cultbeauty_8f6728fed90e65,cultbeauty,Anua,VT Cosmetics Pdrn Essence 100,VT Cosmetics,needs_manual_review,manual_review,0.55,same product_name appears under multiple brands; brands=Anua; Beauty of Joseon
cultbeauty_a001436024a78c,cultbeauty,Beauty of Joseon,VT Cosmetics Reedle Shot 100 2-Step Mask,VT Cosmetics,needs_manual_review,manual_review,0.55,same product_name appears under multiple brands; brands=BEAUTYPRO; Beauty of Joseon
cultbeauty_e9c2ddfa4dff6e,cultbeauty,Danessa Myricks Beauty,VT Cosmetics Cica Daily Soothing Mask (Eu Package),VT Cosmetics,needs_manual_review,manual_review,0.55,same product_name appears under multiple brands; brands=Danessa Myricks Beauty; La Roche-Posay
cultbeauty_d7fc01597fef63,cultbeauty,CeraVe,Weleda Sensitive Cleansing Lotion - Almond 75ml,Weleda,needs_manual_review,manual_review,0.55,same product_name appears under multiple brands; brands=CeraVe; Weleda
cultbeauty_a66aa736ed1b20,cultbeauty,Hourglass,Westman Atelier Eye Want You Mascara 8.5ml Clean Le Brun,Westman Atelier,needs_manual_review,manual_review,0.55,same product_name appears under multiple brands; brands=Hourglass; Westman Atelier
cultbeauty_dab1ee871daee2,cultbeauty,PATRICK TA,Westman Atelier Petite Baby Cheeks Blush Stick Petal,Westman Atelier,needs_manual_review,manual_review,0.55,same product_name appears under multiple brands; brands=PATRICK TA; Westman Atelier
cultbeauty_f3f6ec2c6094ec,cultbeauty,PATRICK TA,Westman Atelier Petite Baby Cheeks Blush Stick Petal,Westman Atelier,needs_manual_review,manual_review,0.55,same product_name appears under multiple brands; brands=PATRICK TA; Westman Atelier
cultbeauty_220b998a815350,cultbeauty,Medik8,Youth To The People Superfood Skin Drip Serum 30ml,Youth To The People,needs_manual_review,manual_review,0.55,same product_name appears under multiple brands; brands=Medik8; Youth To The People
cultbeauty_204f233fb53763,cultbeauty,Paula's Choice,Youth To The People Superfood Cleanser (Various Sizes),Youth To The People,needs_manual_review,manual_review,0.55,same product_name appears under multiple brands; brands=Paula's Choice; Youth To The People
cultbeauty_53c1e0eea107f8,cultbeauty,The Ordinary,Youth To The People Triple Peptide and Cactus Oasis Serum 30ml,Youth To The People,needs_manual_review,manual_review,0.55,same product_name appears under multiple brands; brands=Kiehl's Since 1851; The Ordinary
cultbeauty_131da9afd617ad,cultbeauty,Caudalie,Zelens Emulsion D Fortifying Moisturiser 50ml,Zelens,needs_manual_review,manual_review,0.55,same product_name appears under multiple brands; brands=Caudalie; Estée Lauder
cultbeauty_8dc48eb87b1ba9,cultbeauty,La Roche-Posay,Zelens Daily Defence Sunscreen SPF 50 50ml,Zelens,needs_manual_review,manual_review,0.55,same product_name appears under multiple brands; brands=La Roche-Posay; SkinCeuticals
cultbeauty_216d9e6a64c71d,cultbeauty,La Roche-Posay,Zelens Power C Collagen-Boosting and Brightening Serum 30ml,Zelens,needs_manual_review,manual_review,0.55,same product_name appears under multiple brands; brands=La Roche-Posay; Zelens
cultbeauty_a39975e4e36673,cultbeauty,La Roche-Posay,Zelens Z-22 Ultimate Face Oil Full Size,Zelens,needs_manual_review,manual_review,0.55,same product_name appears under multiple brands; brands=Kerastase; La Roche-Posay
cultbeauty_b727ca42638d4d,cultbeauty,Marvis,Zelens Collagen Solution Firming Serum for Face and Neck 30ml,Zelens,needs_manual_review,manual_review,0.55,same product_name appears under multiple brands; brands=Bondi Sands; Marvis
cultbeauty_ceea392c12324a,cultbeauty,Medik8,Zelens Hyaluron Intense Hydro-Plumping Serum 30ml,Zelens,needs_manual_review,manual_review,0.55,same product_name appears under multiple brands; brands=Laura Mercier; Medik8
cultbeauty_d5c32a4d4fa583,cultbeauty,Medik8,Zelens Microbiota P3 Balancing Mist 50ml,Zelens,needs_manual_review,manual_review,0.55,same product_name appears under multiple brands; brands=La Roche-Posay; Medik8
cultbeauty_bac009dcd5d949,cultbeauty,Medik8,Zelens Triple Action Eye Cream 15ml,Zelens,needs_manual_review,manual_review,0.55,same product_name appears under multiple brands; brands=Embryolisse; Medik8
cultbeauty_f04e230c588e11,cultbeauty,NIOD,Zelens Provitamin D3 Fortifying Mist 50ml,Zelens,needs_manual_review,manual_review,0.55,same product_name appears under multiple brands; brands=NIOD; lookfantastic Beauty Box
cultbeauty_fea154a12b427e,cultbeauty,Sunday Riley,Zelens Acqua Shiso Hydrating Gel Cream 50ml,Zelens,needs_manual_review,manual_review,0.55,same product_name appears under multiple brands; brands=Clinique for Men; Sunday Riley
cultbeauty_80629864f3a792,cultbeauty,The Ordinary,Zelens PHA+ Resurfacing Facial Pads 150ml,Zelens,needs_manual_review,manual_review,0.55,same product_name appears under multiple brands; brands=Heliocare; The Ordinary
cultbeauty_ea27f14292593f,cultbeauty,The Ordinary,Zelens Power B Revitalising and Clearing Serum 30ml,Zelens,needs_manual_review,manual_review,0.55,same product_name appears under multiple brands; brands=Marc Jacobs; The Ordinary
cultbeauty_4f862490311e75,cultbeauty,Hourglass,bareMinerals STRENGTH & LENGTH Serum-Infused Mascara,bareMinerals,needs_manual_review,manual_review,0.55,same product_name appears under multiple brands; brands=Hourglass; bareMinerals
cultbeauty_f0dfca4506c1cd,cultbeauty,Laura Mercier,bareMinerals GEN NUDE Powder Blush (Various Shades) Call My Blush,bareMinerals,needs_manual_review,manual_review,0.55,same product_name appears under multiple brands; brands=Laura Mercier; bareMinerals
cultbeauty_61832d89337147,cultbeauty,PATRICK TA,bareMinerals SKINLONGEVITY Butter Drench Cream Mineral Herb Complex 50g,bareMinerals,needs_manual_review,manual_review,0.55,same product_name appears under multiple brands; brands=L'Oréal Paris; PATRICK TA
cultbeauty_4feed420f23bdf,cultbeauty,The Ordinary,bareMinerals SKINLONGEVITY Barrier Boosting Serum 50ml,bareMinerals,needs_manual_review,manual_review,0.55,same product_name appears under multiple brands; brands=The Ordinary; bareMinerals
cultbeauty_1a4c130bc5d67c,cultbeauty,By Terry,benefit Limited Edition BADgal BANG! Volumising Mascara Wild Plum,benefit,needs_manual_review,manual_review,0.55,same product_name appears under multiple brands; brands=By Terry; benefit
cultbeauty_b5df0d620b6d17,cultbeauty,HUDA BEAUTY,benefit Boi-ing Industrial Strength Concealer 3g (Various Shades),benefit,needs_manual_review,manual_review,0.55,same product_name appears under multiple brands; brands=HUDA BEAUTY; benefit
cultbeauty_812ff97f33000f,cultbeauty,HUDA BEAUTY,benefit Cookie Highlighter Powder 8g,benefit,needs_manual_review,manual_review,0.55,same product_name appears under multiple brands; brands=HUDA BEAUTY; NARS
cultbeauty_4c0ee5e5c8a7d8,cultbeauty,HUDA BEAUTY,benefit Dandelion Twinkle Highlighter Powder 3g,benefit,needs_manual_review,manual_review,0.55,same product_name appears under multiple brands; brands=HUDA BEAUTY; benefit
cultbeauty_7602d93ef41935,cultbeauty,HUDA BEAUTY,benefit Hoola Matte Bronzer Mini 2.5g,benefit,needs_manual_review,manual_review,0.55,same product_name appears under multiple brands; brands=HUDA BEAUTY; NARS
cultbeauty_a4cec8c9b8d0cb,cultbeauty,HUDA BEAUTY,benefit Hoola Matte Powder Bronzer 8g (Various Shades) Original,benefit,needs_manual_review,manual_review,0.55,same product_name appears under multiple brands; brands=HUDA BEAUTY; NARS
cultbeauty_87bc59d468d184,cultbeauty,HUDA BEAUTY,benefit Precisely My Brow Pencil Duo (Various Shades) 2.5,benefit,needs_manual_review,manual_review,0.55,same product_name appears under multiple brands; brands=HUDA BEAUTY; benefit
cultbeauty_d718e3b6dde2c6,cultbeauty,HUDA BEAUTY,benefit The Porefessional Smoothing & Blurring Matte Foundation 30ml (Various Shades) 8W Limitless Foundation,benefit,needs_manual_review,manual_review,0.55,same product_name appears under multiple brands; brands=HUDA BEAUTY; benefit
cultbeauty_a0979e2955a769,cultbeauty,HUDA BEAUTY,benefit Tickle Highlighter Powder 8g,benefit,needs_manual_review,manual_review,0.55,same product_name appears under multiple brands; brands=HUDA BEAUTY; benefit
cultbeauty_afd764b20e2cdd,cultbeauty,NARS,benefit Eyes Whoop Lash Enhancing Serum 2ml,benefit,needs_manual_review,manual_review,0.55,same product_name appears under multiple brands; brands=Mavala; NARS
cultbeauty_7742c27f2ed24a,cultbeauty,PATRICK TA,Benefit The Porefessional Degunker Blackhead And Pore Cleansing System For Clogged Pores,benefit,needs_manual_review,manual_review,0.55,same product_name appears under multiple brands; brands=PATRICK TA; benefit
cultbeauty_9e78c8a74090bf,cultbeauty,PATRICK TA,"benefit Cheek Buds Limited Edition Hoola Bronzer, Blush and Highlighter Palette",benefit,needs_manual_review,manual_review,0.55,same product_name appears under multiple brands; brands=PATRICK TA; benefit
cultbeauty_21cad9ed162e3a,cultbeauty,PATRICK TA,benefit Crystah Strawberry Pink Blush Powder Mini 2.5g Moone,benefit,needs_manual_review,manual_review,0.55,same product_name appears under multiple brands; brands=PATRICK TA; benefit
cultbeauty_12552a107ea2f5,cultbeauty,PATRICK TA,benefit Hoola Wave Light Cream Bronzer (Various Shades) Original,benefit,needs_manual_review,manual_review,0.55,same product_name appears under multiple brands; brands=Anastasia Beverly Hills; PATRICK TA
cultbeauty_9a9469148b93c8,cultbeauty,PATRICK TA,benefit PomPom Plum Berry Blush Powder 6g Moone,benefit,needs_manual_review,manual_review,0.55,same product_name appears under multiple brands; brands=PATRICK TA; benefit
cultbeauty_04cc9a3a5365d0,cultbeauty,PATRICK TA,benefit Shellie Medium Pink Blush Powder 6g Moone,benefit,needs_manual_review,manual_review,0.55,same product_name appears under multiple brands; brands=PATRICK TA; benefit
cultbeauty_23e338554e4ba8,cultbeauty,PATRICK TA,benefit Shellie Medium Pink Blush Powder Mini 2.5g Moone,benefit,needs_manual_review,manual_review,0.55,same product_name appears under multiple brands; brands=PATRICK TA; benefit
cultbeauty_84dc1900cd93ef,cultbeauty,PATRICK TA,benefit Shrink Wrap Overnight AHA & PHA Pore Treatment 50ml,benefit,needs_manual_review,manual_review,0.55,same product_name appears under multiple brands; brands=PATRICK TA; benefit
cultbeauty_c7626260934c49,cultbeauty,PATRICK TA,benefit Starlaa Rose Mauve Blush Powder 6g Moone,benefit,needs_manual_review,manual_review,0.55,same product_name appears under multiple brands; brands=PATRICK TA; benefit
cultbeauty_d89bf6a982f25b,cultbeauty,PATRICK TA,benefit The POREfessional Good Cleanup Foaming Cleanser 147ml,benefit,needs_manual_review,manual_review,0.55,same product_name appears under multiple brands; brands=PATRICK TA; benefit
cultbeauty_c2460d0da8c6a1,cultbeauty,PATRICK TA,benefit Willa Nude Blush Powder 6g Moone,benefit,needs_manual_review,manual_review,0.55,same product_name appears under multiple brands; brands=PATRICK TA; benefit
cultbeauty_f703a9677d2024,cultbeauty,Paula's Choice,benefit The POREfessional Mini Deep Retreat Pore-Clearing Clay Mask 30ml,benefit,needs_manual_review,manual_review,0.55,same product_name appears under multiple brands; brands=Paula's Choice; benefit
cultbeauty_8689cb8e0f1512,cultbeauty,Saie,benefit High Beam Satiny Pink Liquid Highlighter,benefit,needs_manual_review,manual_review,0.55,same product_name appears under multiple brands; brands=Saie; YSL
cultbeauty_d334adfaf38444,cultbeauty,BLEACH LONDON,dpHUE Cool Blonde Shampoo 8.5 fl. oz.,dpHUE,needs_manual_review,manual_review,0.55,same product_name appears under multiple brands; brands=BLEACH LONDON; dpHUE
cultbeauty_7692d4d7c409a7,cultbeauty,Boucleme,dpHUE Cool Brunette Conditioner 6.5 fl. oz.,dpHUE,needs_manual_review,manual_review,0.55,same product_name appears under multiple brands; brands=Boucleme; dpHUE
cultbeauty_d151125a06b93e,cultbeauty,Beauty of Joseon,INNISFREE Green Tea Amino Acid Cleansing Oil 150ml,innisfree,needs_manual_review,manual_review,0.55,same product_name appears under multiple brands; brands=Beauty of Joseon; Medik8
cultbeauty_cd514838afef74,cultbeauty,Glow Recipe,INNISFREE Volcanic Swirl Pore Mask 100ml,innisfree,needs_manual_review,manual_review,0.55,same product_name appears under multiple brands; brands=Glow Recipe; The Ordinary
cultbeauty_59bdd71c07aaf5,cultbeauty,HUDA BEAUTY,INNISFREE Green Tea Hyaluronic Acid Cream 50ml,innisfree,needs_manual_review,manual_review,0.55,same product_name appears under multiple brands; brands=HUDA BEAUTY; IT Cosmetics
cultbeauty_86fc475ef7a6a7,cultbeauty,Laura Mercier,INNISFREE No Sebum Mineral Powder 5g,innisfree,needs_manual_review,manual_review,0.55,same product_name appears under multiple brands; brands=L'Oréal Paris; Laura Mercier
cultbeauty_c072c9cc1b5074,cultbeauty,MAKE UP FOR EVER,INNISFREE Green Tea Hyaluronic Toner 140ml,innisfree,needs_manual_review,manual_review,0.55,same product_name appears under multiple brands; brands=MAKE UP FOR EVER; Maison Margiela
cultbeauty_0a82ccddda6045,cultbeauty,Medik8,INNISFREE Green Tea Enzyme Vitamin C Brightening Serum 30ml,innisfree,needs_manual_review,manual_review,0.55,same product_name appears under multiple brands; brands=Medik8; Sol de Janeiro
cultbeauty_09bd91dde09b2d,cultbeauty,PATRICK TA,INNISFREE Cherry Blossom Glow Jam Cleanser 150ml,innisfree,needs_manual_review,manual_review,0.55,same product_name appears under multiple brands; brands=Beauty of Joseon; PATRICK TA
cultbeauty_4d1b009df3950d,cultbeauty,PATRICK TA,INNISFREE Green Tea Ceramide Milk 160ml,innisfree,needs_manual_review,manual_review,0.55,same product_name appears under multiple brands; brands=PATRICK TA; lookfantastic Beauty Box
cultbeauty_51a2f6e5c8392b,cultbeauty,PATRICK TA,INNISFREE Green Tea Energy Mask 22ml,innisfree,needs_manual_review,manual_review,0.55,same product_name appears under multiple brands; brands=BEAUTYPRO; PATRICK TA
cultbeauty_80992914c696d9,cultbeauty,PATRICK TA,INNISFREE Pomegranate Energy Mask 22ml,innisfree,needs_manual_review,manual_review,0.55,same product_name appears under multiple brands; brands=BEAUTYPRO; PATRICK TA
cultbeauty_58aa7daeab073b,cultbeauty,PATRICK TA,INNISFREE Vitamin C Cream 50ml,innisfree,needs_manual_review,manual_review,0.55,same product_name appears under multiple brands; brands=Medik8; PATRICK TA
cultbeauty_3dd84305d98e1b,cultbeauty,Patchology,INNISFREE Aloe Energy Mask 22ml,innisfree,needs_manual_review,manual_review,0.55,same product_name appears under multiple brands; brands=BEAUTYPRO; Patchology
cultbeauty_a5f3c8fb4a258d,cultbeauty,Paula's Choice,INNISFREE Super Volcanic Pore Clay Mask 100g,innisfree,needs_manual_review,manual_review,0.55,same product_name appears under multiple brands; brands=Paula's Choice; The Ordinary
cultbeauty_6f6a534779302b,cultbeauty,Thank You Farmer,INNISFREE Cherry Blossom Glow Jelly Cream 50ml,innisfree,needs_manual_review,manual_review,0.55,same product_name appears under multiple brands; brands=Thank You Farmer; The Ordinary
dermstore_1dd3eeb42a883b,dermstore,SkinCeuticals,Allies of Skin Tranexamic & Arbutin Advanced Brightening Serum,Allies of Skin,needs_manual_review,manual_review,0.55,same product_name appears under multiple brands; brands=Allies of Skin; SkinCeuticals
lookfantastic_e397f354dac20b,lookfantastic,Beauty Works,LF Exclusive NEOM Blush Wellbeing Pod Bundle,,needs_manual_review,manual_review,0.55,same product_name appears under multiple brands; brands=Beauty Works; NEOM
lookfantastic_6ca62633cffe49,lookfantastic,Estée Lauder,Kiehl's Midnight Recovery Concentrate (Various Sizes),,needs_manual_review,manual_review,0.55,same product_name appears under multiple brands; brands=Estée Lauder; Kiehl's Since 1851
lookfantastic_d4bb696a1e9710,lookfantastic,Kiehl's Since 1851,Kiehl's Calendula Petal-Infused Calming Masque 100ml,,needs_manual_review,manual_review,0.55,same product_name appears under multiple brands; brands=Kiehl's Since 1851; Paula's Choice
lookfantastic_307830dbbd3928,lookfantastic,Kiehl's Since 1851,Kiehl's Gently-Effective Blemish Treating Cleansing Paste 125ml,,needs_manual_review,manual_review,0.55,same product_name appears under multiple brands; brands=Kiehl's Since 1851; Paula's Choice
lookfantastic_2b171abff08e63,lookfantastic,Kiehl's Since 1851,Kiehl's Powerful-Strength Line-Reducing Concentrate (Various Sizes),,needs_manual_review,manual_review,0.55,same product_name appears under multiple brands; brands=Kiehl's Since 1851; Paula's Choice
lookfantastic_4b0e8a084c3216,lookfantastic,Kiehl's Since 1851,Kiehl's Powerful-Strength Line-Reducing and Dark Circle-Diminishing Vitamin C Eye Serum 15ml,,needs_manual_review,manual_review,0.55,same product_name appears under multiple brands; brands=Kiehl's Since 1851; Medik8
lookfantastic_fef49953aef583,lookfantastic,Kiehl's Since 1851,Kiehl's Ultra Barrier Cleanser 150ml,,needs_manual_review,manual_review,0.55,same product_name appears under multiple brands; brands=Kiehl's Since 1851; NARS
lookfantastic_f5f860a081d58b,lookfantastic,Kiehl's Since 1851,Kiehl's Ultra Facial Cream (Various Sizes),,needs_manual_review,manual_review,0.55,same product_name appears under multiple brands; brands=Kiehl's Since 1851; Paula's Choice
lookfantastic_cc1f63d688c951,lookfantastic,Kiehl's Since 1851,Vida Glow Pro Collagen+ Powder 20g,,needs_manual_review,manual_review,0.55,same product_name appears under multiple brands; brands=Kiehl's Since 1851; Rejuvenated Ltd
lookfantastic_854ca2296732f2,lookfantastic,L'Oréal Paris,Acqua Di Parma Buongiorno Hand & Body Lotion 300ml,,needs_manual_review,manual_review,0.55,same product_name appears under multiple brands; brands=CeraVe; L'Oréal Paris
lookfantastic_40834f6a55a228,lookfantastic,MAC,NYX Professional Make Duck Plump Plumping Lip Liner (Various Shades) Swollen Spice,,needs_manual_review,manual_review,0.55,same product_name appears under multiple brands; brands=MAC; NYX Professional Makeup
lookfantastic_0aab445c1f7b36,lookfantastic,Medik8,Kiehl's Retinol Skin-Renewing Daily Micro-Dose Serum (Various Sizes),,needs_manual_review,manual_review,0.55,same product_name appears under multiple brands; brands=Medik8; Paula's Choice
lookfantastic_1a3bef058a3070,lookfantastic,NEOM,LF Exclusive NEOM Blush Wellbeing Pod Bundle,,needs_manual_review,manual_review,0.55,same product_name appears under multiple brands; brands=Beauty Works; NEOM
lookfantastic_33c29e1bf69dd6,lookfantastic,RapidLash,RevitaBrow Advanced Eyebrow Serum 1.5ml (2 Month Supply),,needs_manual_review,manual_review,0.55,same product_name appears under multiple brands; brands=RapidLash; The Ordinary
lookfantastic_8e49af62bb400f,lookfantastic,RapidLash,RevitaBrow Advanced Eyebrow Serum 3ml (4 Month Supply),,needs_manual_review,manual_review,0.55,same product_name appears under multiple brands; brands=RapidLash; The Ordinary
lookfantastic_df5faf066798e1,lookfantastic,Slip,Exclusive SILKE London Silk 24/7 Set Black and White,,needs_manual_review,manual_review,0.55,same product_name appears under multiple brands; brands=Slip; Sol de Janeiro
lookfantastic_f0fd7f4cd0c6c0,lookfantastic,Sol de Janeiro,Exclusive SILKE London Silk 24/7 Set Black and White,,needs_manual_review,manual_review,0.55,same product_name appears under multiple brands; brands=Slip; Sol de Janeiro
lookfantastic_92cf3639024d1b,lookfantastic,The Ordinary,Kiehl's Truly Targeted Blemish-Clearing Solution 15ml,,needs_manual_review,manual_review,0.55,same product_name appears under multiple brands; brands=Kiehl's Since 1851; The Ordinary
lookfantastic_fd322e652ed97e,lookfantastic,Acnecide,AMELIORATE Transforming Body Wash LIMITED EDITION Tropical 300ml,AMELIORATE,needs_manual_review,manual_review,0.55,same product_name appears under multiple brands; brands=Acnecide; PATRICK TA
lookfantastic_3741913b3798b8,lookfantastic,Aveeno,AMELIORATE Transforming Body Exfoliant 300ml,AMELIORATE,needs_manual_review,manual_review,0.55,same product_name appears under multiple brands; brands=AMELIORATE; Aveeno
lookfantastic_b83486899c2cc9,lookfantastic,CeraVe,AMELIORATE Clarifying Facial Cleanser 200ml,AMELIORATE,needs_manual_review,manual_review,0.55,same product_name appears under multiple brands; brands=CeraVe; Medik8
lookfantastic_0748c36be52004,lookfantastic,CeraVe,AMELIORATE Transforming Facial Cleanser 195ml,AMELIORATE,needs_manual_review,manual_review,0.55,same product_name appears under multiple brands; brands=CeraVe; Medik8
lookfantastic_0aba50c6eba60a,lookfantastic,Dermalogica,AMELIORATE Clarifying Body Spray 200ml,AMELIORATE,needs_manual_review,manual_review,0.55,same product_name appears under multiple brands; brands=AMELIORATE; Dermalogica
lookfantastic_3e32f52d3768b0,lookfantastic,L'Oréal Professionnel,AMELIORATE Soothing Conditioner 300ml,AMELIORATE,needs_manual_review,manual_review,0.55,same product_name appears under multiple brands; brands=Color Wow; L'Oréal Professionnel
lookfantastic_9db55530148d1c,lookfantastic,La Roche-Posay,AMELIORATE Clarifying Facial Toner 200ml,AMELIORATE,needs_manual_review,manual_review,0.55,same product_name appears under multiple brands; brands=La Roche-Posay; Paula's Choice
lookfantastic_c61f0b47ff00bb,lookfantastic,La Roche-Posay,AMELIORATE Transforming Facial Cream 100ml,AMELIORATE,needs_manual_review,manual_review,0.55,same product_name appears under multiple brands; brands=LANEIGE; La Roche-Posay
lookfantastic_e32d18911e1077,lookfantastic,Philip Kingsley,AMELIORATE Soothing Scalp Essence 100ml,AMELIORATE,needs_manual_review,manual_review,0.55,same product_name appears under multiple brands; brands=AMELIORATE; PATRICK TA; Philip Kingsley
lookfantastic_2ff89f5f1c0272,lookfantastic,Sol de Janeiro,AMELIORATE Clarifying Body Wash 250ml,AMELIORATE,needs_manual_review,manual_review,0.55,same product_name appears under multiple brands; brands=PATRICK TA; Sol de Janeiro
lookfantastic_f71decaf035785,lookfantastic,The Ordinary,AMELIORATE Clarifying Facial Cream 100ml,AMELIORATE,needs_manual_review,manual_review,0.55,same product_name appears under multiple brands; brands=Hourglass; The Ordinary
lookfantastic_97ad889d835948,lookfantastic,The Ordinary,AMELIORATE Transforming Facial Concentrate Toner 200ml,AMELIORATE,needs_manual_review,manual_review,0.55,same product_name appears under multiple brands; brands=Paula's Choice; The Ordinary
lookfantastic_c1f393c5df1476,lookfantastic,Vichy,AMELIORATE Soothing Shampoo 300ml,AMELIORATE,needs_manual_review,manual_review,0.55,same product_name appears under multiple brands; brands=OUAI; Vichy
lookfantastic_f2480ed3913d9b,lookfantastic,Vichy,AMELIORATE Transforming Body Cream 200ml,AMELIORATE,needs_manual_review,manual_review,0.55,same product_name appears under multiple brands; brands=AMELIORATE; Vichy
lookfantastic_6bdfd12ad5844e,lookfantastic,Vichy,AMELIORATE Transforming Body Lotion 500ml,AMELIORATE,needs_manual_review,manual_review,0.55,same product_name appears under multiple brands; brands=AMELIORATE; Vichy
lookfantastic_e2b289d2ab59a2,lookfantastic,Vichy,AMELIORATE Transforming Body Wash 300ml,AMELIORATE,needs_manual_review,manual_review,0.55,same product_name appears under multiple brands; brands=VIEVE; Vichy
lookfantastic_7b18a33d6712e5,lookfantastic,Vichy,AMELIORATE Transforming Body Wash 500ml,AMELIORATE,needs_manual_review,manual_review,0.55,same product_name appears under multiple brands; brands=AMELIORATE; Vichy
lookfantastic_cc9e23f2da74d3,lookfantastic,Weleda,AMELIORATE Transforming Foot Therapy 100ml,AMELIORATE,needs_manual_review,manual_review,0.55,same product_name appears under multiple brands; brands=Patchology; Weleda
lookfantastic_73f5cf71d5856e,lookfantastic,Beauty Of Joseon,Anua Rice 70 Glow Milky Toner 250ml,ANUA,needs_manual_review,manual_review,0.55,same product_name appears under multiple brands; brands=BYOMA; Beauty Of Joseon
lookfantastic_50c657c83b49c9,lookfantastic,Beauty of Joseon,Anua Azelaic Acid 10 Hyaluron Redness Soothing Serum 30ml,ANUA,needs_manual_review,manual_review,0.55,same product_name appears under multiple brands; brands=Beauty of Joseon; Paula's Choice
lookfantastic_b0ecca09a5c11d,lookfantastic,Beauty of Joseon,Anua Glass Skin Essential Bundle,ANUA,needs_manual_review,manual_review,0.55,same product_name appears under multiple brands; brands=Anua; Beauty of Joseon
lookfantastic_c29ff14a0e5b18,lookfantastic,Beauty of Joseon,Anua Heartleaf 77% Soothing Toner 250ml,ANUA,needs_manual_review,manual_review,0.55,same product_name appears under multiple brands; brands=Beauty Of Joseon; Beauty of Joseon
lookfantastic_4bb3b1e13592a6,lookfantastic,Beauty of Joseon,Anua Heartleaf Quercetinol Pore Deep Cleansing Foam 150ml,ANUA,needs_manual_review,manual_review,0.55,same product_name appears under multiple brands; brands=Anua; Beauty of Joseon
lookfantastic_d55b5db345a9c7,lookfantastic,Beauty of Joseon,Anua K-Pop Demon Hunters Vita Brightening Ceramide Barrier Collagen Mask (4PC),ANUA,needs_manual_review,manual_review,0.55,same product_name appears under multiple brands; brands=Anua; Beauty of Joseon
lookfantastic_ef9477ecf3c7b7,lookfantastic,Beauty of Joseon,Anua Niacinamide 10% + TXA 4% Serum 30ml,ANUA,needs_manual_review,manual_review,0.55,same product_name appears under multiple brands; brands=Anua; Beauty of Joseon
lookfantastic_323548de0d1a18,lookfantastic,Beauty of Joseon,Anua PDRN Hyaluronic Acid 100 Moisturising Cream 60ml,ANUA,needs_manual_review,manual_review,0.55,same product_name appears under multiple brands; brands=Anua; Beauty of Joseon
lookfantastic_401625b6dc01aa,lookfantastic,Biodance,Anua KPop Demon Hunters Ceramide Barrier Collagen Mask (4PC),ANUA,needs_manual_review,manual_review,0.55,same product_name appears under multiple brands; brands=Anua; Biodance
lookfantastic_58b99f65a5eff8,lookfantastic,Rimmel,Anua SPF 50 Silky Moisture Sun Cream 50ml,ANUA,needs_manual_review,manual_review,0.55,same product_name appears under multiple brands; brands=Beauty of Joseon; Rimmel
lookfantastic_686c446e10841a,lookfantastic,OUAI,Aesop Shampoo 100ml,Aesop,needs_manual_review,manual_review,0.55,same product_name appears under multiple brands; brands=Aesop; OUAI
lookfantastic_ba025baaf75193,lookfantastic,Armani,Allies of Skin Beta Glucan & Resveratrol Advanced Hydrating Serum 30ml,Allies of Skin,needs_manual_review,manual_review,0.55,same product_name appears under multiple brands; brands=Allies of Skin; Armani
lookfantastic_58f48b074a6303,lookfantastic,By Terry,Allies of Skin Peptides & Omegas Firming Eye Cream 15ml,Allies of Skin,needs_manual_review,manual_review,0.55,same product_name appears under multiple brands; brands=Allies of Skin; By Terry
lookfantastic_193614f31e8d5b,lookfantastic,Vichy,Allies of Skin Molecular Silk Amino Hydrating Cleanser 250ml,Allies of Skin,needs_manual_review,manual_review,0.55,same product_name appears under multiple brands; brands=Allies of Skin; Vichy
lookfantastic_fd682828dc82c2,lookfantastic,brushworks,Allies of Skin Multi Peptides & Growth Factors Advanced Lifting Serum 7ml,Allies of Skin,needs_manual_review,manual_review,0.55,same product_name appears under multiple brands; brands=Allies of Skin; brushworks
lookfantastic_e2ead4197f89eb,lookfantastic,lookfantastic Beauty Box,Allies of Skin Azelaic and Kojic Advanced Clarifying Serum 30ml,Allies of Skin,needs_manual_review,manual_review,0.55,same product_name appears under multiple brands; brands=Allies of Skin; Paula's Choice; lookfantastic Beauty Box
lookfantastic_abfc2e6b65400d,lookfantastic,lookfantastic Beauty Box,Allies of Skin Copper Tripeptide & Ectoin Advanced Repair Serum 30ml,Allies of Skin,needs_manual_review,manual_review,0.55,same product_name appears under multiple brands; brands=Allies of Skin; lookfantastic Beauty Box
lookfantastic_ce55ff3d71abe1,lookfantastic,lookfantastic Beauty Box,Allies of Skin Molecular Silk Amino Hydrating Cleanser 100ml,Allies of Skin,needs_manual_review,manual_review,0.55,same product_name appears under multiple brands; brands=Allies of Skin; lookfantastic Beauty Box
lookfantastic_843e03753a9b4f,lookfantastic,lookfantastic Beauty Box,Allies of Skin Multi Peptides & Growth Factors Advanced Lifting Serum 50ml,Allies of Skin,needs_manual_review,manual_review,0.55,same product_name appears under multiple brands; brands=Allies of Skin; lookfantastic Beauty Box
lookfantastic_fe6d11a6e87f4d,lookfantastic,lookfantastic Beauty Box,Allies of Skin Peptide and Ceramide Repair Lip Balm,Allies of Skin,needs_manual_review,manual_review,0.55,same product_name appears under multiple brands; brands=Allies of Skin; lookfantastic Beauty Box
lookfantastic_f02abc1e109ec6,lookfantastic,lookfantastic Beauty Box,Allies of Skin Rhassoul & BHA Antioxidants Purifying Mask 50ml,Allies of Skin,needs_manual_review,manual_review,0.55,same product_name appears under multiple brands; brands=Allies of Skin; lookfantastic Beauty Box
lookfantastic_97efd44e4e2eb1,lookfantastic,lookfantastic Beauty Box,Allies of Skin Sunless Tan SPF 50 Sunscreen + Self-Tanner 50ml,Allies of Skin,needs_manual_review,manual_review,0.55,same product_name appears under multiple brands; brands=Allies of Skin; lookfantastic Beauty Box
lookfantastic_da8bc3f8983ccc,lookfantastic,lookfantastic Beauty Box,Allies of Skin Vitamin C & Omegas Cleansing Balm 100ml,Allies of Skin,needs_manual_review,manual_review,0.55,same product_name appears under multiple brands; brands=Allies of Skin; lookfantastic Beauty Box
lookfantastic_f12080cbaf4717,lookfantastic,Aveeno,Alpha-H Firming Peptide Body Oil with Hexapeptide-8 100ml,Alpha-H,needs_manual_review,manual_review,0.55,same product_name appears under multiple brands; brands=Alpha-H; Aveeno; Paula's Choice
lookfantastic_253c643c5752ed,lookfantastic,Clinique,Alpha-H Melting Moment Cleansing Balm 90g,Alpha-H,needs_manual_review,manual_review,0.55,same product_name appears under multiple brands; brands=Alpha-H; Clinique
lookfantastic_a497ca7e9baa4c,lookfantastic,Medik8,Alpha-H Liquid Gold Midnight Reboot Serum 50ml,Alpha-H,needs_manual_review,manual_review,0.55,same product_name appears under multiple brands; brands=Alpha-H; Medik8
lookfantastic_a91e67e4b1b7c5,lookfantastic,Pai,Alpha-H Golden Haze Face Oil 25ml,Alpha-H,needs_manual_review,manual_review,0.55,same product_name appears under multiple brands; brands=Alpha-H; Pai
lookfantastic_cfe0fc5752e0d5,lookfantastic,Philip Kingsley,Alpha-H Healthy Scalp Exfoliating Treatment with Australian Desert Lime 100ml,Alpha-H,needs_manual_review,manual_review,0.55,same product_name appears under multiple brands; brands=Alpha-H; Philip Kingsley
lookfantastic_62f87ee0b11289,lookfantastic,The Ordinary,Alpha-H Liquid Gold Exfoliating Treatment with 5% Glycolic Acid 100ml,Alpha-H,needs_manual_review,manual_review,0.55,same product_name appears under multiple brands; brands=Alpha-H; The Ordinary
lookfantastic_b289d53ffbf22b,lookfantastic,bareMinerals,"Alpha-H Daily Dose Multivitamin Body Serum with Niacinamide, Vitamin C + Hyaluronic Acid 150ml",Alpha-H,needs_manual_review,manual_review,0.55,same product_name appears under multiple brands; brands=Alpha-H; Paula's Choice; bareMinerals
lookfantastic_edff2c64ab4344,lookfantastic,Bobbi Brown,Anastasia Beverly Hills Stick Highlighter (Various Shades) Iced Out,Anastasia Beverly Hills,needs_manual_review,manual_review,0.55,same product_name appears under multiple brands; brands=Anastasia Beverly Hills; Bobbi Brown
lookfantastic_0ad58fc6c1b4c9,lookfantastic,Color Wow,Anastasia Beverly Hills Lash Brag Volumizing Mascara,Anastasia Beverly Hills,needs_manual_review,manual_review,0.55,same product_name appears under multiple brands; brands=Anastasia Beverly Hills; Color Wow; HUDA BEAUTY
lookfantastic_f8e03652b71cb9,lookfantastic,Lancôme,Anastasia Beverly Hills Loose Setting Powder 25g (Various Shades) Light Translucent,Anastasia Beverly Hills,needs_manual_review,manual_review,0.55,same product_name appears under multiple brands; brands=Lancôme; Laura Mercier
lookfantastic_63bdedc6b22830,lookfantastic,Laura Mercier,Anastasia Beverly Hills Cream Bronzer (Various Shades) Golden Tan,Anastasia Beverly Hills,needs_manual_review,manual_review,0.55,same product_name appears under multiple brands; brands=HUDA BEAUTY; Laura Mercier
lookfantastic_0282edec3254a2,lookfantastic,Laura Mercier,Anastasia Beverly Hills Perfect Brow Pencil 0.95g (Various Shades) Blonde,Anastasia Beverly Hills,needs_manual_review,manual_review,0.55,same product_name appears under multiple brands; brands=Anastasia Beverly Hills; Laura Mercier
lookfantastic_b5f68eea213537,lookfantastic,MAC,Anastasia Beverly Hills Haze Mini Eye Shadow Palette,Anastasia Beverly Hills,needs_manual_review,manual_review,0.55,same product_name appears under multiple brands; brands=MAC; PATRICK TA
lookfantastic_2696aad537b2c8,lookfantastic,MAC,Anastasia Beverly Hills Lip Gloss (Various Shades) Crystal,Anastasia Beverly Hills,needs_manual_review,manual_review,0.55,same product_name appears under multiple brands; brands=Anastasia Beverly Hills; MAC; PATRICK TA
lookfantastic_9ccd6e3d6caea5,lookfantastic,MAC,Anastasia Beverly Hills Lip Liner 1.49g (Various Colours) Hazelnut,Anastasia Beverly Hills,needs_manual_review,manual_review,0.55,same product_name appears under multiple brands; brands=MAC; PATRICK TA
lookfantastic_a0636e3f62f1b9,lookfantastic,MAC,Anastasia Beverly Hills Lip Primer,Anastasia Beverly Hills,needs_manual_review,manual_review,0.55,same product_name appears under multiple brands; brands=Anastasia Beverly Hills; MAC
lookfantastic_3e2bb1f8f6136c,lookfantastic,NARS,Anastasia Beverly Hills Impeccable Blurring Second Skin Matte Foundation (Various Shades) 4O,Anastasia Beverly Hills,needs_manual_review,manual_review,0.55,same product_name appears under multiple brands; brands=NARS; PATRICK TA
lookfantastic_8bf3f82994804d,lookfantastic,NARS,Anastasia Beverly Hills Impeccable Blurring Second Skin Matte Foundation Shade 16 - 4WP,Anastasia Beverly Hills,needs_manual_review,manual_review,0.55,same product_name appears under multiple brands; brands=Anastasia Beverly Hills; NARS
lookfantastic_c649e908a9ce96,lookfantastic,NARS,Anastasia Beverly Hills Magic Touch Concealer 12ml (Various Shades) 2,Anastasia Beverly Hills,needs_manual_review,manual_review,0.55,same product_name appears under multiple brands; brands=Hourglass; NARS
lookfantastic_1ac97cb29ecf7f,lookfantastic,NARS,Anastasia Beverly Hills Stick Blush (Various Shades) Latte,Anastasia Beverly Hills,needs_manual_review,manual_review,0.55,same product_name appears under multiple brands; brands=Anastasia Beverly Hills; NARS
lookfantastic_7dbf6a523909f7,lookfantastic,NYX Professional Makeup,Anastasia Beverly Hills Brow Wiz 0.08g (Various Shades) Auburn,Anastasia Beverly Hills,needs_manual_review,manual_review,0.55,same product_name appears under multiple brands; brands=NYX Professional Makeup; benefit
lookfantastic_eb3be2502d7a07,lookfantastic,NYX Professional Makeup,Anastasia Beverly Hills Dewy Set Setting Spray 100ml,Anastasia Beverly Hills,needs_manual_review,manual_review,0.55,same product_name appears under multiple brands; brands=Anastasia Beverly Hills; NYX Professional Makeup
lookfantastic_b8ab873a6703ef,lookfantastic,NYX Professional Makeup,Anastasia Beverly Hills Microstroke Brow Pen 0.5ml (Various Shades) Soft Brown,Anastasia Beverly Hills,needs_manual_review,manual_review,0.55,same product_name appears under multiple brands; brands=Anastasia Beverly Hills; NYX Professional Makeup
lookfantastic_acc44b7ba0a58c,lookfantastic,Pai,Anastasia Beverly Hills Smooth Blur Bronzer (Various Shades) Warm Sand Vibes,Anastasia Beverly Hills,needs_manual_review,manual_review,0.55,same product_name appears under multiple brands; brands=Anastasia Beverly Hills; Pai
lookfantastic_acf7b90d8719d9,lookfantastic,Too Faced,Anastasia Beverly Hills Lash Brag Volumizing Mini Mascara,Anastasia Beverly Hills,needs_manual_review,manual_review,0.55,same product_name appears under multiple brands; brands=Anastasia Beverly Hills; Too Faced
lookfantastic_9c9c31c0acf1e2,lookfantastic,Urban Decay,Anastasia Beverly Hills Mini Sultry Eye Shadow Palette,Anastasia Beverly Hills,needs_manual_review,manual_review,0.55,same product_name appears under multiple brands; brands=Anastasia Beverly Hills; Urban Decay
lookfantastic_f2b23158cec439,lookfantastic,Urban Decay,Anastasia Beverly Hills Soft Glam Palette,Anastasia Beverly Hills,needs_manual_review,manual_review,0.55,same product_name appears under multiple brands; brands=Anastasia Beverly Hills; Too Faced; Urban Decay
lookfantastic_c8f5add346a4da,lookfantastic,YSL,Anastasia Beverly Hills Hydra Prime SPF 50 - 50 mL,Anastasia Beverly Hills,needs_manual_review,manual_review,0.55,same product_name appears under multiple brands; brands=Anastasia Beverly Hills; YSL
lookfantastic_9d49f574e362ff,lookfantastic,YSL,Anastasia Beverly Hills Lash Sculpt Lengthening & Volumizing Mascara - Full Size,Anastasia Beverly Hills,needs_manual_review,manual_review,0.55,same product_name appears under multiple brands; brands=Anastasia Beverly Hills; Paula's Choice; YSL
lookfantastic_f9a8a080bdf96e,lookfantastic,benefit,Anastasia Beverly Hills Brow Freeze Gel,Anastasia Beverly Hills,needs_manual_review,manual_review,0.55,same product_name appears under multiple brands; brands=Anastasia Beverly Hills; benefit
lookfantastic_29822d375d628d,lookfantastic,benefit,Anastasia Beverly Hills Glow Seeker Highlighter,Anastasia Beverly Hills,needs_manual_review,manual_review,0.55,same product_name appears under multiple brands; brands=Anastasia Beverly Hills; PATRICK TA; benefit
lookfantastic_889c58d948ba43,lookfantastic,Aesop,Augustinus Bader The Geranium Rose Body Cream 200ml,Augustinus Bader,needs_manual_review,manual_review,0.55,same product_name appears under multiple brands; brands=Aesop; Augustinus Bader
lookfantastic_0cbb7e80da3775,lookfantastic,Aveeno,Augustinus Bader The Body Oil 100ml,Augustinus Bader,needs_manual_review,manual_review,0.55,same product_name appears under multiple brands; brands=Augustinus Bader; Aveeno; Marvis
lookfantastic_2c178b6afea2b3,lookfantastic,BEAUTYPRO,Augustinus Bader The Hydrogel Face Mask (Single Sachet),Augustinus Bader,needs_manual_review,manual_review,0.55,same product_name appears under multiple brands; brands=Augustinus Bader; BEAUTYPRO
lookfantastic_fad3be5430c860,lookfantastic,Bobbi Brown,Augustinus Bader The Cream 15ml,Augustinus Bader,needs_manual_review,manual_review,0.55,same product_name appears under multiple brands; brands=Augustinus Bader; Bobbi Brown
lookfantastic_8a2e54497483d6,lookfantastic,By Terry,Augustinus Bader The Body Cream 200ml,Augustinus Bader,needs_manual_review,manual_review,0.55,same product_name appears under multiple brands; brands=Augustinus Bader; By Terry
lookfantastic_60be6d43a35bea,lookfantastic,CeraVe,Augustinus Bader The Cream Cleansing Gel 100ml,Augustinus Bader,needs_manual_review,manual_review,0.55,same product_name appears under multiple brands; brands=Augustinus Bader; CeraVe
lookfantastic_bf6ca8dbe61a96,lookfantastic,Clinique,Augustinus Bader The Lip Balm,Augustinus Bader,needs_manual_review,manual_review,0.55,same product_name appears under multiple brands; brands=Augustinus Bader; Clinique; Summer Fridays
lookfantastic_38379aef7aee65,lookfantastic,Color Wow,Augustinus Bader The Eyebrow and Lash Enhancing Serum 8ml,Augustinus Bader,needs_manual_review,manual_review,0.55,same product_name appears under multiple brands; brands=Augustinus Bader; Color Wow; PATRICK TA
lookfantastic_669069ed874ed1,lookfantastic,Color Wow,Augustinus Bader The Rich Shampoo 200ml,Augustinus Bader,needs_manual_review,manual_review,0.55,same product_name appears under multiple brands; brands=Augustinus Bader; Color Wow; Oribe
lookfantastic_1b8c97f8a9cb0e,lookfantastic,ESPA,Augustinus Bader The Face Oil 10ml,Augustinus Bader,needs_manual_review,manual_review,0.55,same product_name appears under multiple brands; brands=Augustinus Bader; ESPA
lookfantastic_8d570555709078,lookfantastic,Embryolisse,Augustinus Bader The Ultimate Soothing Cream 50ml,Augustinus Bader,needs_manual_review,manual_review,0.55,same product_name appears under multiple brands; brands=Augustinus Bader; Embryolisse
lookfantastic_7963449f33a002,lookfantastic,Gatineau,Augustinus Bader The Geranium Rose Body Oil 100ml,Augustinus Bader,needs_manual_review,manual_review,0.55,same product_name appears under multiple brands; brands=Augustinus Bader; Gatineau
lookfantastic_722e43cec6f4a5,lookfantastic,La Roche-Posay,Augustinus Bader The Face Cream Mask 50ml,Augustinus Bader,needs_manual_review,manual_review,0.55,same product_name appears under multiple brands; brands=Augustinus Bader; La Roche-Posay
lookfantastic_8b06a41370c040,lookfantastic,Living Proof,Augustinus Bader The Leave in Hair Treatment 100ml,Augustinus Bader,needs_manual_review,manual_review,0.55,same product_name appears under multiple brands; brands=Augustinus Bader; Living Proof
lookfantastic_c11800f8129be9,lookfantastic,Living Proof,Augustinus Bader The Scalp Treatment 30ml,Augustinus Bader,needs_manual_review,manual_review,0.55,same product_name appears under multiple brands; brands=Augustinus Bader; Living Proof
lookfantastic_b5bf4a499a8d00,lookfantastic,MZ Skin,Augustinus Bader The Hydrogel Face Mask (6 Pack),Augustinus Bader,needs_manual_review,manual_review,0.55,same product_name appears under multiple brands; brands=Augustinus Bader; MZ Skin
lookfantastic_b03d0a741c9608,lookfantastic,Medik8,Augustinus Bader The Cleansing Balm 90g,Augustinus Bader,needs_manual_review,manual_review,0.55,same product_name appears under multiple brands; brands=Augustinus Bader; Medik8
lookfantastic_1b6bb731261938,lookfantastic,Medik8,Augustinus Bader The Sunscreen SPF 50 30ml,Augustinus Bader,needs_manual_review,manual_review,0.55,same product_name appears under multiple brands; brands=Augustinus Bader; Medik8
lookfantastic_45f7d6699f23c8,lookfantastic,Sarah Chapman,Augustinus Bader The Face Oil 30ml,Augustinus Bader,needs_manual_review,manual_review,0.55,same product_name appears under multiple brands; brands=Augustinus Bader; Sarah Chapman
lookfantastic_997b54ecead5a1,lookfantastic,Sarah Chapman,Augustinus Bader The Rich Eye Cream 15ml,Augustinus Bader,needs_manual_review,manual_review,0.55,same product_name appears under multiple brands; brands=Augustinus Bader; Sarah Chapman
lookfantastic_eb0698d0899433,lookfantastic,Sol de Janeiro,Augustinus Bader The Rich Conditioner 150ml,Augustinus Bader,needs_manual_review,manual_review,0.55,same product_name appears under multiple brands; brands=Augustinus Bader; Sol de Janeiro
lookfantastic_145abf1f4e3836,lookfantastic,The Ordinary,Augustinus Bader The Body Cleanser 200ml,Augustinus Bader,needs_manual_review,manual_review,0.55,same product_name appears under multiple brands; brands=Augustinus Bader; ESPA; The Ordinary
lookfantastic_ca35b0468b41d6,lookfantastic,The Ordinary,Augustinus Bader The Vitamin C Serum 30ml,Augustinus Bader,needs_manual_review,manual_review,0.55,same product_name appears under multiple brands; brands=Augustinus Bader; The Ordinary
lookfantastic_d1bd34d0f8f443,lookfantastic,Tom Ford,Augustinus Bader The Rich Cream 100ml,Augustinus Bader,needs_manual_review,manual_review,0.55,same product_name appears under multiple brands; brands=Augustinus Bader; Tom Ford
lookfantastic_0f00e49960aee0,lookfantastic,Bumble and bumble,Aveda Shampowder Dry Shampoo 56g,Aveda,needs_manual_review,manual_review,0.55,same product_name appears under multiple brands; brands=Bumble and bumble; The Ordinary
lookfantastic_bc030bd977d810,lookfantastic,Color Wow,Aveda Botanical Repair Strengthening Overnight Serum 30ml,Aveda,needs_manual_review,manual_review,0.55,same product_name appears under multiple brands; brands=Color Wow; The Ordinary
lookfantastic_aed2d3d3d5ec08,lookfantastic,La Roche-Posay,Aveda Cherry Almond Leave-In Conditioner 200ml,Aveda,needs_manual_review,manual_review,0.55,same product_name appears under multiple brands; brands=La Roche-Posay; MALIN + GOETZ
lookfantastic_6d6c573df600c8,lookfantastic,Philip Kingsley,Aveda Scalp Solutions Overnight Scalp Renewal Serum 50ml,Aveda,needs_manual_review,manual_review,0.55,same product_name appears under multiple brands; brands=Philip Kingsley; Summer Fridays
lookfantastic_72c9db778cbc1d,lookfantastic,The INKEY List,Aveda Scalp Solutions Exfoliating Scalp Treatment 150ml,Aveda,needs_manual_review,manual_review,0.55,same product_name appears under multiple brands; brands=Christophe Robin; The INKEY List
lookfantastic_17f449101ffeaa,lookfantastic,Caudalie,"Avène CLEANANCE Micellar Water for Oily, Blemish-Prone Skin 400ml",Avène,needs_manual_review,manual_review,0.55,same product_name appears under multiple brands; brands=Caudalie; PATRICK TA
lookfantastic_5c865935ca6edc,lookfantastic,La Roche-Posay,"Avène Cleanance Cleansing Gel for Oily, Blemish-Prone Skin 200ml",Avène,needs_manual_review,manual_review,0.55,same product_name appears under multiple brands; brands=La Roche-Posay; The Ordinary
lookfantastic_0db2520628532c,lookfantastic,La Roche-Posay,Avène Intense Protect SPF50+ Sun Cream for Very Sensitive Skin 150ml,Avène,needs_manual_review,manual_review,0.55,same product_name appears under multiple brands; brands=La Roche-Posay; Ultra Violette
lookfantastic_fbbf9603131d1c,lookfantastic,La Roche-Posay,Avène Make-Up Removing Micellar Water 400ml,Avène,needs_manual_review,manual_review,0.55,same product_name appears under multiple brands; brands=Caudalie; La Roche-Posay
lookfantastic_b374c1ad3cb0a5,lookfantastic,La Roche-Posay,Avène Ultra Fluid Oil Control SPF50+ for Oily to combination skin 50ml,Avène,needs_manual_review,manual_review,0.55,same product_name appears under multiple brands; brands=Avène; La Roche-Posay
lookfantastic_d680a88c7c33bd,lookfantastic,Vichy,Avène Thermal Spring Water Spray for Sensitive Skin 50ml,Avène,needs_manual_review,manual_review,0.55,same product_name appears under multiple brands; brands=Avène; Vichy
lookfantastic_94a88a248ada7b,lookfantastic,BEAUTYPRO,BIOEFFECT EGF Eye Serum 6ml,BIOEFFECT,needs_manual_review,manual_review,0.55,same product_name appears under multiple brands; brands=BEAUTYPRO; BIOEFFECT
lookfantastic_2a901dba635052,lookfantastic,Bobbi Brown,BIOEFFECT Icelandic Water Mist 70ml,BIOEFFECT,needs_manual_review,manual_review,0.55,same product_name appears under multiple brands; brands=BIOEFFECT; Bobbi Brown
lookfantastic_20766daab494af,lookfantastic,Caudalie,BIOEFFECT Micellar Cleansing Water 200ml,BIOEFFECT,needs_manual_review,manual_review,0.55,same product_name appears under multiple brands; brands=BIOEFFECT; Caudalie; Clé de Peau Beauté
lookfantastic_016c12024595aa,lookfantastic,Color Wow,BIOEFFECT EGF Day Serum 30ml,BIOEFFECT,needs_manual_review,manual_review,0.55,same product_name appears under multiple brands; brands=BIOEFFECT; Color Wow
lookfantastic_75b4137b0e2548,lookfantastic,Embryolisse,BIOEFFECT EGF Body Serum 120ml,BIOEFFECT,needs_manual_review,manual_review,0.55,same product_name appears under multiple brands; brands=BIOEFFECT; Embryolisse
lookfantastic_4bc79128dcaf05,lookfantastic,Maybelline,BIOEFFECT Facial Cleanser 120ml,BIOEFFECT,needs_manual_review,manual_review,0.55,same product_name appears under multiple brands; brands=BIOEFFECT; Maybelline
lookfantastic_96e9536dd9e7cb,lookfantastic,Beauty Works,BLEACH LONDON Reincarnation Mask 200ml,BLEACH LONDON,needs_manual_review,manual_review,0.55,same product_name appears under multiple brands; brands=BLEACH LONDON; Beauty Works
lookfantastic_cd47248555a6fe,lookfantastic,Moroccanoil,BLEACH LONDON Pearlescent Conditioner 250ml,BLEACH LONDON,needs_manual_review,manual_review,0.55,same product_name appears under multiple brands; brands=BLEACH LONDON; Moroccanoil
lookfantastic_c657019e74d158,lookfantastic,The Ordinary,BLEACH LONDON Silver Conditioner 250ml,BLEACH LONDON,needs_manual_review,manual_review,0.55,same product_name appears under multiple brands; brands=BLEACH LONDON; The Ordinary
lookfantastic_fdc6d0d6feee6f,lookfantastic,Beauty of Joseon,Biodance Bio Collagen-Real Deep Mask (4 Pack),Biodance,needs_manual_review,manual_review,0.55,same product_name appears under multiple brands; brands=Beauty of Joseon; Medicube
lookfantastic_38c2bcebe29c0b,lookfantastic,Beauty of Joseon,Biodance Bio Collagen-Real Deep Mask Duo (x8 masks),Biodance,needs_manual_review,manual_review,0.55,same product_name appears under multiple brands; brands=Beauty of Joseon; Biodance
lookfantastic_e55aaa8ef692af,lookfantastic,Beauty of Joseon,Biodance Hydro Cera-nol Real Deep Mask (4 Pack),Biodance,needs_manual_review,manual_review,0.55,same product_name appears under multiple brands; brands=Beauty of Joseon; Biodance
lookfantastic_dbcc2a69625b8a,lookfantastic,Beauty of Joseon,Biodance Radiant Vita Niacinamide Real Deep Mask (4 Pack),Biodance,needs_manual_review,manual_review,0.55,same product_name appears under multiple brands; brands=Beauty of Joseon; Biodance
lookfantastic_bacbed6416beb8,lookfantastic,Beauty of Joseon,Biodance Radiant Vita Niacinamide Serum 30ml,Biodance,needs_manual_review,manual_review,0.55,same product_name appears under multiple brands; brands=Beauty of Joseon; PATRICK TA
lookfantastic_cf0609c807eb66,lookfantastic,Beauty of Joseon,Biodance Refreshing Sea Kelp Real Deep Mask (4 Pack),Biodance,needs_manual_review,manual_review,0.55,same product_name appears under multiple brands; brands=Beauty of Joseon; Biodance
lookfantastic_66a015a0eb12db,lookfantastic,Kiehl's Since 1851,Biodance Hydrating Serum & Mask Duo,Biodance,needs_manual_review,manual_review,0.55,same product_name appears under multiple brands; brands=Biodance; Kiehl's Since 1851
lookfantastic_f07eec499b80d9,lookfantastic,Medicube,Biodance Caviar PDRN Real Deep Mask (4 Pack),Biodance,needs_manual_review,manual_review,0.55,same product_name appears under multiple brands; brands=Biodance; Medicube
lookfantastic_64cf998c30c0e4,lookfantastic,Medicube,Biodance Pore Perfecting Collagen Peptide Serum 30ml,Biodance,needs_manual_review,manual_review,0.55,same product_name appears under multiple brands; brands=Medicube; PATRICK TA
lookfantastic_c798ba6c60dd9e,lookfantastic,Medicube,Biodance Refreshing Sea Kelp Serum 30ml,Biodance,needs_manual_review,manual_review,0.55,same product_name appears under multiple brands; brands=Medicube; PATRICK TA
lookfantastic_dbba3952021cf7,lookfantastic,Medicube,Biodance Vita Niacinamide Gel Toner Pads (60 Pads),Biodance,needs_manual_review,manual_review,0.55,same product_name appears under multiple brands; brands=Biodance; Medicube
lookfantastic_190886f7677c1d,lookfantastic,Perricone MD,Biodance Cera-nol Gel Toner Pads (60 Pads),Biodance,needs_manual_review,manual_review,0.55,same product_name appears under multiple brands; brands=Biodance; Perricone MD
lookfantastic_a4553d21bc0c41,lookfantastic,The INKEY List,Biodance Hydro Cera-Nol Serum 30ml,Biodance,needs_manual_review,manual_review,0.55,same product_name appears under multiple brands; brands=The INKEY List; Westman Atelier
lookfantastic_4100e3d2afcb93,lookfantastic,L'Oréal Paris,Biossance Squalane + 5% Niacinamide Brightening Eye Serum 15ml,Biossance,needs_manual_review,manual_review,0.55,same product_name appears under multiple brands; brands=Biossance; L'Oréal Paris
lookfantastic_f4ad48e6d70790,lookfantastic,LANEIGE,Biossance Pro Peptide Lip Perfector - Blush Quartz 15g,Biossance,needs_manual_review,manual_review,0.55,same product_name appears under multiple brands; brands=LANEIGE; Summer Fridays
lookfantastic_c2f92f6e386d18,lookfantastic,Weleda,Biossance Squalane and Caffeine Toning Body Cream - Unscented 200ml,Biossance,needs_manual_review,manual_review,0.55,same product_name appears under multiple brands; brands=Paula's Choice; Weleda
lookfantastic_97d03a2ec0966d,lookfantastic,Beauty of Joseon,Bondi Sands SPF 50+ Everyday Body Lotion 150ml (UK),Bondi Sands,needs_manual_review,manual_review,0.55,same product_name appears under multiple brands; brands=Beauty of Joseon; The Ordinary
lookfantastic_056f2b141619ba,lookfantastic,Eucerin,Bondi Sands SPF 50+ Everyday Face Lotion 75ml,Bondi Sands,needs_manual_review,manual_review,0.55,same product_name appears under multiple brands; brands=Bondi Sands; Eucerin
lookfantastic_939782769448a1,lookfantastic,Garnier,Bondi Sands Sunny SPF 50+ Face Lotion 50ml,Bondi Sands,needs_manual_review,manual_review,0.55,same product_name appears under multiple brands; brands=Garnier; Ultra Violette
lookfantastic_fc108541607506,lookfantastic,La Roche-Posay,Bondi Sands SPF 50+ Everyday Lotion Value Pump Pack 500ml (UK),Bondi Sands,needs_manual_review,manual_review,0.55,same product_name appears under multiple brands; brands=Bondi Sands; La Roche-Posay
lookfantastic_2d35280563e299,lookfantastic,La Roche-Posay,Bondi Sands SPF 50+ Everyday Tinted Face Fluid 50ml,Bondi Sands,needs_manual_review,manual_review,0.55,same product_name appears under multiple brands; brands=La Roche-Posay; The Ordinary
lookfantastic_c9eac8a7294b17,lookfantastic,Piz Buin,Bondi Sands Liquid Gold Self Tanning Oil 150ml,Bondi Sands,needs_manual_review,manual_review,0.55,same product_name appears under multiple brands; brands=Bondi Sands; Piz Buin
lookfantastic_f2d73cbcf0aea5,lookfantastic,Piz Buin,Bondi Sands SPF 30 Everyday Aerosol Mist Spray 160g,Bondi Sands,needs_manual_review,manual_review,0.55,same product_name appears under multiple brands; brands=Bondi Sands; Piz Buin
lookfantastic_29d7e2943e8297,lookfantastic,The Ordinary,Bondi Sands SPF 50+ Everyday Body Lotion 150ml,Bondi Sands,needs_manual_review,manual_review,0.55,same product_name appears under multiple brands; brands=Beauty of Joseon; The Ordinary
lookfantastic_d64cdc023da29a,lookfantastic,Ultrasun,Bondi Sands SPF 50+ Lip Balm - Sweet Vanilla 10g,Bondi Sands,needs_manual_review,manual_review,0.55,same product_name appears under multiple brands; brands=Bondi Sands; Ultrasun
lookfantastic_2e163306f18957,lookfantastic,Ultrasun,Bondi Sands SPF 50+ Lip Balm - Tropical Mango 10g,Bondi Sands,needs_manual_review,manual_review,0.55,same product_name appears under multiple brands; brands=Bondi Sands; Ultrasun
lookfantastic_a754832fc0984b,lookfantastic,Ultrasun,Bondi Sands SPF50+ Coconut Lip Balm 10g,Bondi Sands,needs_manual_review,manual_review,0.55,same product_name appears under multiple brands; brands=Bondi Sands; Ultrasun
lookfantastic_49c22bd8ae91a0,lookfantastic,Bumble and bumble,Bouclème Scalp Massager,Boucleme,needs_manual_review,manual_review,0.55,same product_name appears under multiple brands; brands=Bumble and bumble; PATRICK TA
lookfantastic_e0f2a02eda510c,lookfantastic,Giovanni,Bouclème Foam to Dry Shampoo 100ml,Boucleme,needs_manual_review,manual_review,0.55,same product_name appears under multiple brands; brands=Giovanni; NARS
lookfantastic_0504456c595b6f,lookfantastic,Matrix,Bouclème Toning Drops 30ml,Boucleme,needs_manual_review,manual_review,0.55,same product_name appears under multiple brands; brands=Matrix; Oribe
lookfantastic_eccd95a3692556,lookfantastic,Camille Rose,"Briogeo Don't Despair, Repair! Deep Conditioning Hair Mask 59ml",Briogeo,needs_manual_review,manual_review,0.55,same product_name appears under multiple brands; brands=Briogeo; Camille Rose
lookfantastic_f1d894fea2d29a,lookfantastic,Camille Rose,Briogeo Superfoods Avocado and Kiwi Mega Moisture Superfoods Hair Mask 240ml,Briogeo,needs_manual_review,manual_review,0.55,same product_name appears under multiple brands; brands=Briogeo; Camille Rose
lookfantastic_ef7a74fa360206,lookfantastic,Christophe Robin,"Briogeo Be Gentle, Be Kind Matcha + Apple Replenishing Superfood Shampoo 369ml",Briogeo,needs_manual_review,manual_review,0.55,same product_name appears under multiple brands; brands=Briogeo; Christophe Robin
lookfantastic_e1245efd475b2b,lookfantastic,Christophe Robin,Briogeo Scalp Revival Charcoal + Coconut Oil Micro-Exfoliating Scalp Scrub Shampoo (Various Sizes),Briogeo,needs_manual_review,manual_review,0.55,same product_name appears under multiple brands; brands=Christophe Robin; OUAI
lookfantastic_e933347fe15ba2,lookfantastic,Kerastase,"Briogeo Be Gentle, Be Kind Kale + Apple Replenishing Superfood Conditioner 369ml",Briogeo,needs_manual_review,manual_review,0.55,same product_name appears under multiple brands; brands=Briogeo; Kerastase
lookfantastic_4b1a94dbe446ca,lookfantastic,Kerastase,Briogeo Destined for Density Caffeine and Biotin Peptide Density Shampoo 236ml,Briogeo,needs_manual_review,manual_review,0.55,same product_name appears under multiple brands; brands=Briogeo; Kerastase
lookfantastic_ad6cb981dbfba6,lookfantastic,L'Oréal Paris,"Briogeo Don't Despair, Repair! Super Moisture Conditioner 473ml",Briogeo,needs_manual_review,manual_review,0.55,same product_name appears under multiple brands; brands=Briogeo; L'Oréal Paris
lookfantastic_db9854a925ed4f,lookfantastic,Living Proof,Briogeo Scalp Revival Charcoal + Biotin Dry Shampoo 50ml,Briogeo,needs_manual_review,manual_review,0.55,same product_name appears under multiple brands; brands=Aveda; Living Proof
lookfantastic_ff728f2d1c6557,lookfantastic,Living Proof,Briogeo Style + Treat Dry Shampoo Puff - Tinted for Dark Hair 15g,Briogeo,needs_manual_review,manual_review,0.55,same product_name appears under multiple brands; brands=Briogeo; Living Proof
lookfantastic_ccc935d7af426b,lookfantastic,Living Proof,Briogeo Style + Treat Dry Shampoo Puff - Universal For All Hair Colors 15g,Briogeo,needs_manual_review,manual_review,0.55,same product_name appears under multiple brands; brands=La Roche-Posay; Living Proof
lookfantastic_8f161893f47c48,lookfantastic,Moroccanoil,Briogeo Style + Treat Yuzu + Plum Oil Full Miracle Styling Foam 150ml,Briogeo,needs_manual_review,manual_review,0.55,same product_name appears under multiple brands; brands=Moroccanoil; OUAI
lookfantastic_9b4fa1ad510f31,lookfantastic,OUAI,Briogeo Scalp Revival Rosemary Pre-Wash Oil for Hair and Scalp 100ml,Briogeo,needs_manual_review,manual_review,0.55,same product_name appears under multiple brands; brands=OUAI; The Ordinary
lookfantastic_1233191aae7c9c,lookfantastic,Pureology,Briogeo Curl Charisma Rice Amino and Avocado Hydrating Shampoo 236ml,Briogeo,needs_manual_review,manual_review,0.55,same product_name appears under multiple brands; brands=Briogeo; Pureology
lookfantastic_727d53dce179f0,lookfantastic,The INKEY List,Briogeo Scalp Revival Charcoal + Tea Tree Scalp Treatment Serum 30ml,Briogeo,needs_manual_review,manual_review,0.55,same product_name appears under multiple brands; brands=The INKEY List; The Ordinary
lookfantastic_682bd56b3bbc1a,lookfantastic,The Ordinary,Briogeo Destined for Density Caffeine and Biotin Peptide Density Conditioner 236ml,Briogeo,needs_manual_review,manual_review,0.55,same product_name appears under multiple brands; brands=Briogeo; The Ordinary
lookfantastic_bbc1f100cbe354,lookfantastic,Umberto Giannini,Briogeo Curl Charisma Rice Amino and Quinoa Frizz Control Gel 162ml,Briogeo,needs_manual_review,manual_review,0.55,same product_name appears under multiple brands; brands=Briogeo; Umberto Giannini
lookfantastic_9ad86f9aeea99c,lookfantastic,Armani,By Terry Hyaluronic Global Serum 30ml,By Terry,needs_manual_review,manual_review,0.55,same product_name appears under multiple brands; brands=Armani; By Terry
lookfantastic_7dad992c035f9f,lookfantastic,Armani,By Terry Hyaluronic Serum Concealer (Various Shades) 1. Rosy Light,By Terry,needs_manual_review,manual_review,0.55,same product_name appears under multiple brands; brands=Armani; PATRICK TA
lookfantastic_a9ea33f41c8661,lookfantastic,Clinique,By Terry Crayon Blackstar Eyeliner 1.64g (Various Shades) Black Print,By Terry,needs_manual_review,manual_review,0.55,same product_name appears under multiple brands; brands=By Terry; Clinique
lookfantastic_ea7139bbec6642,lookfantastic,Laura Mercier,By Terry Hyaluronic Hydra-Powder 8HA,By Terry,needs_manual_review,manual_review,0.55,same product_name appears under multiple brands; brands=By Terry; Hourglass; Laura Mercier
lookfantastic_8f268413dafada,lookfantastic,Laura Mercier,By Terry Hyaluronic Pressed Hydra-Powder 8HA Travel-Size,By Terry,needs_manual_review,manual_review,0.55,same product_name appears under multiple brands; brands=By Terry; Laura Mercier; NARS
lookfantastic_ff01ab38c4f82e,lookfantastic,MAC,By Terry Hyaluronic Lip Liner (Various Shades) 1. Sexy Nude,By Terry,needs_manual_review,manual_review,0.55,same product_name appears under multiple brands; brands=HUDA BEAUTY; MAC
lookfantastic_592981e7207e91,lookfantastic,MAC,By Terry Hyaluronic Pressed Hydra-Powder 8HA,By Terry,needs_manual_review,manual_review,0.55,same product_name appears under multiple brands; brands=By Terry; MAC
lookfantastic_9920c682390c36,lookfantastic,NARS,By Terry Refill Lipstick Rouge Opulent (Various Shades),By Terry,needs_manual_review,manual_review,0.55,same product_name appears under multiple brands; brands=HUDA BEAUTY; NARS
lookfantastic_861db82a3d34f7,lookfantastic,NARS,By Terry Terrybly Mascara 8ml (Various Shades) 1. Black Parti-Pris,By Terry,needs_manual_review,manual_review,0.55,same product_name appears under multiple brands; brands=By Terry; NARS
lookfantastic_118d0ddefba6c3,lookfantastic,RoC Skincare,By Terry Tea To Tan Lip & Cheek 5ml,By Terry,needs_manual_review,manual_review,0.55,same product_name appears under multiple brands; brands=PATRICK TA; RoC Skincare
lookfantastic_75fe9ee159f2c7,lookfantastic,Tanologist,By Terry Tea to Tan Face and Body Matte Finish Travel Size 30ml,By Terry,needs_manual_review,manual_review,0.55,same product_name appears under multiple brands; brands=Tan-Luxe; Tanologist
lookfantastic_52086a32e624e5,lookfantastic,Urban Decay,By Terry Hyaluronic Global Eye Serum 15ml,By Terry,needs_manual_review,manual_review,0.55,same product_name appears under multiple brands; brands=PATRICK TA; Urban Decay
lookfantastic_5ece9699a98f5f,lookfantastic,NARS,Clinique Almost Lipstick 1.9g Pink Honey,CLINIQUE,needs_manual_review,manual_review,0.55,same product_name appears under multiple brands; brands=Clinique; NARS
lookfantastic_40ac174ba035e0,lookfantastic,Gatineau,COOLA Sunless Tan Face Serum 40ml,COOLA,needs_manual_review,manual_review,0.55,same product_name appears under multiple brands; brands=Gatineau; Tan-Luxe
lookfantastic_1f6510b71b4a34,lookfantastic,La Roche-Posay,COOLA Classic Face Mist SPF 50+ 100ml,COOLA,needs_manual_review,manual_review,0.55,same product_name appears under multiple brands; brands=COOLA; La Roche-Posay
lookfantastic_b3060d95f178e1,lookfantastic,Piz Buin,COOLA Radical Recovery After Sun Lotion 148ml,COOLA,needs_manual_review,manual_review,0.55,same product_name appears under multiple brands; brands=COOLA; Piz Buin
lookfantastic_8adaf1a7d97a9a,lookfantastic,Erborian,COSRX 5 PDRN Hyaluronic Acid Vital Hydrating Hydrogel Mask (Pack of 1),COSRX,needs_manual_review,manual_review,0.55,same product_name appears under multiple brands; brands=Erborian; PATRICK TA
lookfantastic_c31b5d8febd5e0,lookfantastic,La Roche-Posay,COSRX 5 PDRN Hyaluronic Acid Vital Hydrating Hydrogel Mask 3EA,COSRX,needs_manual_review,manual_review,0.55,same product_name appears under multiple brands; brands=COSRX; La Roche-Posay
lookfantastic_8cd848298978be,lookfantastic,The Ordinary,COSRX The Ceramide Skin Barrier Moisturizing Mist 120ml,COSRX,needs_manual_review,manual_review,0.55,same product_name appears under multiple brands; brands=COSRX; The Ordinary
lookfantastic_43daba8423483b,lookfantastic,Avène,Caudalie Fleur de Vigne Shower Gel 200ml,Caudalie,needs_manual_review,manual_review,0.55,same product_name appears under multiple brands; brands=Avène; Caudalie
lookfantastic_af0d1e4214faa4,lookfantastic,BEAUTYPRO,Caudalie Gentle Buffing Cream 75ml,Caudalie,needs_manual_review,manual_review,0.55,same product_name appears under multiple brands; brands=BEAUTYPRO; Caudalie
lookfantastic_de84bdfd945da0,lookfantastic,CeraVe,Caudalie Vinopure Salicylic Spot Solution 15ml,Caudalie,needs_manual_review,manual_review,0.55,same product_name appears under multiple brands; brands=CeraVe; PATRICK TA
lookfantastic_de3aa6017c231c,lookfantastic,Eucerin,Caudalie Vinoperfect Dark Spot Correcting Hand Cream 50ml,Caudalie,needs_manual_review,manual_review,0.55,same product_name appears under multiple brands; brands=Caudalie; Eucerin
lookfantastic_098b9174348360,lookfantastic,Hello Sunday,Caudalie After-Sun Repairing Lotion 200ml,Caudalie,needs_manual_review,manual_review,0.55,same product_name appears under multiple brands; brands=Hello Sunday; NUXE
lookfantastic_5d193592035ffa,lookfantastic,La Roche-Posay,Caudalie After-Sun Repairing Lotion 400ml,Caudalie,needs_manual_review,manual_review,0.55,same product_name appears under multiple brands; brands=HUDA BEAUTY; La Roche-Posay
lookfantastic_d0c74e8a82a86f,lookfantastic,La Roche-Posay,Caudalie Very High Protection Lightweight Cream SPF50+ 40ml,Caudalie,needs_manual_review,manual_review,0.55,same product_name appears under multiple brands; brands=Caudalie; La Roche-Posay
lookfantastic_c86d2231418f5a,lookfantastic,Mario Badescu,Caudalie Eau des Vignes Shower Gel 200ml,Caudalie,needs_manual_review,manual_review,0.55,same product_name appears under multiple brands; brands=Mario Badescu; The Ordinary
lookfantastic_dac3497b6b4021,lookfantastic,NARS,Caudalie Premier Cru Anti-Aging Cream Moisturiser Refill 50ml,Caudalie,needs_manual_review,manual_review,0.55,same product_name appears under multiple brands; brands=Caudalie; NARS
lookfantastic_3750d09362a115,lookfantastic,NUXE,Caudalie Rose de Vigne Shower Gel 200ml,Caudalie,needs_manual_review,manual_review,0.55,same product_name appears under multiple brands; brands=NUXE; The Ordinary
lookfantastic_95a4583267e9a6,lookfantastic,The Ordinary,Caudalie Vinotherapist Nourishing Body Lotion 400ml,Caudalie,needs_manual_review,manual_review,0.55,same product_name appears under multiple brands; brands=Caudalie; The Ordinary
lookfantastic_23bb7ded43968a,lookfantastic,Weleda,Caudalie Vinosculpt Lift and Firm Body Cream 250ml,Caudalie,needs_manual_review,manual_review,0.55,same product_name appears under multiple brands; brands=Paula's Choice; Weleda
lookfantastic_c169d1b1aaf50a,lookfantastic,Beauty Works,CeraVe Purifying Micellar Water 400ml,CeraVe,needs_manual_review,manual_review,0.55,same product_name appears under multiple brands; brands=Beauty Works; CeraVe
lookfantastic_51fa7385b187a5,lookfantastic,La Roche-Posay,"CeraVe Invisible Hydrating Sunscreen SPF 30 for body, face, & all skin types with 3 essential ceramides 177 ml",CeraVe,needs_manual_review,manual_review,0.55,same product_name appears under multiple brands; brands=La Roche-Posay; PATRICK TA
lookfantastic_735a833322ad42,lookfantastic,La Roche-Posay,"CeraVe Invisible Hydrating Sunscreen SPF 30 for body, face, & all skin types with 3 essential ceramides 75 ml",CeraVe,needs_manual_review,manual_review,0.55,same product_name appears under multiple brands; brands=CeraVe; La Roche-Posay
lookfantastic_6ae34b61659f41,lookfantastic,La Roche-Posay,"CeraVe Invisible Hydrating Sunscreen SPF 50 for body, face, & all skin types with 3 essential ceramides 177 ml",CeraVe,needs_manual_review,manual_review,0.55,same product_name appears under multiple brands; brands=CeraVe; La Roche-Posay
lookfantastic_401d4be3602113,lookfantastic,The Ordinary,CeraVe Eye Repair Cream for Dark Circles & Puffiness 14 ml,CeraVe,needs_manual_review,manual_review,0.55,same product_name appears under multiple brands; brands=La Roche-Posay; The Ordinary
lookfantastic_24bd7f7a7d4838,lookfantastic,The Ordinary,CeraVe Resurfacing Retinol Serum with Ceramides and Niacinamide for Blemish-Prone Skin 30ml,CeraVe,needs_manual_review,manual_review,0.55,same product_name appears under multiple brands; brands=Paula's Choice; The Ordinary
lookfantastic_a71981452c6ee9,lookfantastic,Antipodes,Chantecaille Gold Recovery Mask 50ml,Chantecaille,needs_manual_review,manual_review,0.55,same product_name appears under multiple brands; brands=Antipodes; Chantecaille
lookfantastic_c85991a18d6de4,lookfantastic,Clinique,Chantecaille Perfect Blur Finishing Powder - Light Light/Medium,Chantecaille,needs_manual_review,manual_review,0.55,same product_name appears under multiple brands; brands=Chantecaille; Clinique
lookfantastic_ded2ae7d8ae0d5,lookfantastic,Clinique,Chantecaille Radiance Gel Bronzer 20ml,Chantecaille,needs_manual_review,manual_review,0.55,same product_name appears under multiple brands; brands=Chantecaille; Clinique
lookfantastic_694adb147ed905,lookfantastic,Eucerin,Chantecaille Blanc Peony Face Cream Dark Spot Corrector 50ml,Chantecaille,needs_manual_review,manual_review,0.55,same product_name appears under multiple brands; brands=Chantecaille; Eucerin
lookfantastic_4b1f69a9090e25,lookfantastic,Eucerin,Chantecaille Blanc Peony Face Serum Dark Spot Corrector 30ml,Chantecaille,needs_manual_review,manual_review,0.55,same product_name appears under multiple brands; brands=Chantecaille; Eucerin
lookfantastic_16ece2f65f03b3,lookfantastic,Kerastase,Chantecaille Ultra Sun Protection Sunscreen SPF45 - 40ml,Chantecaille,needs_manual_review,manual_review,0.55,same product_name appears under multiple brands; brands=Kerastase; Westman Atelier
lookfantastic_70d490b52e09ae,lookfantastic,La Roche-Posay,Chantecaille Rice & Geranium Foaming Cleanser 75ml,Chantecaille,needs_manual_review,manual_review,0.55,same product_name appears under multiple brands; brands=Chantecaille; La Roche-Posay
lookfantastic_4a504f84c7305d,lookfantastic,NARS,Chantecaille Rose de Mai Lip Balm 2.5g,Chantecaille,needs_manual_review,manual_review,0.55,same product_name appears under multiple brands; brands=Chantecaille; NARS
lookfantastic_69448ea675aaa0,lookfantastic,Omorovicza,Chantecaille Le Camouflage Stylo Concealer #2,Chantecaille,needs_manual_review,manual_review,0.55,same product_name appears under multiple brands; brands=Chantecaille; Omorovicza
lookfantastic_de942de3697def,lookfantastic,Sarah Chapman,Chantecaille Jasmine and Lily Calming Mask 50ml,Chantecaille,needs_manual_review,manual_review,0.55,same product_name appears under multiple brands; brands=Chantecaille; Sarah Chapman
lookfantastic_e41474b7ee2e25,lookfantastic,Smashbox,Chantecaille Full Brow Perfecting Gel & Tint 5.5ml (Various Shades) Light,Chantecaille,needs_manual_review,manual_review,0.55,same product_name appears under multiple brands; brands=Chantecaille; Smashbox
lookfantastic_605c8e9b691277,lookfantastic,The Ordinary,Chantecaille Rose de Mai Face Oil,Chantecaille,needs_manual_review,manual_review,0.55,same product_name appears under multiple brands; brands=Chantecaille; The Ordinary
lookfantastic_61690a88cab42d,lookfantastic,Urban Decay,Chantecaille Lip Definer Natural,Chantecaille,needs_manual_review,manual_review,0.55,same product_name appears under multiple brands; brands=Chantecaille; Urban Decay
lookfantastic_522cfb7e9b5287,lookfantastic,benefit,Chantecaille Gold Energizing Eye Serum 15ml,Chantecaille,needs_manual_review,manual_review,0.55,same product_name appears under multiple brands; brands=Chantecaille; benefit
lookfantastic_72110516e39fa9,lookfantastic,benefit,Chantecaille Waterproof Brow Definer Ash Blonde,Chantecaille,needs_manual_review,manual_review,0.55,same product_name appears under multiple brands; brands=Chantecaille; benefit
lookfantastic_c70db3eb25b3b3,lookfantastic,Aveda,Christophe Robin Detangling Hairbrush with Natural Boar-Bristle and Wood,Christophe Robin,needs_manual_review,manual_review,0.55,same product_name appears under multiple brands; brands=Aveda; Color Wow
lookfantastic_38fcfff1128349,lookfantastic,Color Wow,Christophe Robin Curl Mist 150ml,Christophe Robin,needs_manual_review,manual_review,0.55,same product_name appears under multiple brands; brands=Christophe Robin; Color Wow
lookfantastic_55a35cc6120862,lookfantastic,Color Wow,Christophe Robin Shade Variation Shampoo with Florentina Iris 250ml,Christophe Robin,needs_manual_review,manual_review,0.55,same product_name appears under multiple brands; brands=Christophe Robin; Color Wow; UNITE Hair
lookfantastic_ea3eba52904368,lookfantastic,Kerastase,Christophe Robin Fortifying Duo,Christophe Robin,needs_manual_review,manual_review,0.55,same product_name appears under multiple brands; brands=HUDA BEAUTY; Kerastase
lookfantastic_2867589badca05,lookfantastic,Kerastase,Christophe Robin Shade Variation Conditioner with Florentina Iris 200ml,Christophe Robin,needs_manual_review,manual_review,0.55,same product_name appears under multiple brands; brands=Anastasia Beverly Hills; Christophe Robin; Kerastase
lookfantastic_2459ab5b727a2f,lookfantastic,The Ordinary,Christophe Robin Fortifying Scalp Serum 50ml,Christophe Robin,needs_manual_review,manual_review,0.55,same product_name appears under multiple brands; brands=Christophe Robin; The Ordinary
lookfantastic_b0cd56dd0e1d01,lookfantastic,Weleda,Christophe Robin Night Recovery Cream with White Lotus Flower 150ml,Christophe Robin,needs_manual_review,manual_review,0.55,same product_name appears under multiple brands; brands=Christophe Robin; Weleda
lookfantastic_a45aac73092d91,lookfantastic,L'Oréal Professionnel,Coco & Eve Super Hydrating Cream Conditioner 70ml,Coco & Eve,needs_manual_review,manual_review,0.55,same product_name appears under multiple brands; brands=L'Oréal Professionnel; PATRICK TA
lookfantastic_4e1b85b0e7edd4,lookfantastic,Vichy,Coco & Eve Intensive Hair Repairing Leave-in Treatment 50ml,Coco & Eve,needs_manual_review,manual_review,0.55,same product_name appears under multiple brands; brands=Coco & Eve; Vichy
lookfantastic_6829fd72fcc145,lookfantastic,Wella Professionals Care,Coco & Eve Sweet Repair Repairing and Restoring Hair Mask 212ml,Coco & Eve,needs_manual_review,manual_review,0.55,same product_name appears under multiple brands; brands=Summer Fridays; Wella Professionals Care
lookfantastic_f800309aad4e18,lookfantastic,Vichy,DHC Deep Cleansing Oil Duo 2 x 200ml,DHC,needs_manual_review,manual_review,0.55,same product_name appears under multiple brands; brands=DHC; Vichy
lookfantastic_7d6f0119e45587,lookfantastic,Anua,Dr. Althea Vitamin C Boosting Serum 30ml,Dr. Althea,needs_manual_review,manual_review,0.55,same product_name appears under multiple brands; brands=Anua; innisfree
lookfantastic_9381afd787ff81,lookfantastic,Beauty Of Joseon,Dr. Althea Pore Refresh Grinding Cleansing Balm 50ml,Dr. Althea,needs_manual_review,manual_review,0.55,same product_name appears under multiple brands; brands=Beauty Of Joseon; PATRICK TA
lookfantastic_d961f5b5c81937,lookfantastic,Beauty Of Joseon,Dr. Althea Pure Grinding Cleansing Balm 50ml,Dr. Althea,needs_manual_review,manual_review,0.55,same product_name appears under multiple brands; brands=Beauty Of Joseon; PATRICK TA
lookfantastic_a409b82036b329,lookfantastic,Beauty of Joseon,Dr. Althea Aqua Blue Hydration Mask 28g*4pcs,Dr. Althea,needs_manual_review,manual_review,0.55,same product_name appears under multiple brands; brands=Beauty of Joseon; PATRICK TA
lookfantastic_1c0369105ae5ca,lookfantastic,Beauty of Joseon,Dr. Althea Cushion Veil Calming Mask 35g*4pcs,Dr. Althea,needs_manual_review,manual_review,0.55,same product_name appears under multiple brands; brands=Beauty of Joseon; PATRICK TA
lookfantastic_c5ed0433eb0907,lookfantastic,Beauty of Joseon,Dr. Althea Gentle Vitamin C Serum 30ml,Dr. Althea,needs_manual_review,manual_review,0.55,same product_name appears under multiple brands; brands=Beauty of Joseon; The Ordinary
lookfantastic_7c170aec37e296,lookfantastic,Kiehl's Since 1851,Dr. Althea Rapid Firm Sculpting Cream 45ml,Dr. Althea,needs_manual_review,manual_review,0.55,same product_name appears under multiple brands; brands=Kiehl's Since 1851; PATRICK TA
lookfantastic_63299a13c1dcf0,lookfantastic,La Roche-Posay,Dr. Althea 147 Barrier Cream 50ml,Dr. Althea,needs_manual_review,manual_review,0.55,same product_name appears under multiple brands; brands=Beauty of Joseon; La Roche-Posay
lookfantastic_b21e4d2c53b7e6,lookfantastic,La Roche-Posay,Dr. Althea 345 Relief Cream 50ml,Dr. Althea,needs_manual_review,manual_review,0.55,same product_name appears under multiple brands; brands=Beauty of Joseon; La Roche-Posay
lookfantastic_cfc8055dada863,lookfantastic,La Roche-Posay,Dr. Althea Amino Acid Gentle Bubble Cleanser 140ml,Dr. Althea,needs_manual_review,manual_review,0.55,same product_name appears under multiple brands; brands=La Roche-Posay; The INKEY List
lookfantastic_23e69103869b1f,lookfantastic,Medik8,Dr. Althea Green Relief Amino Gel Cleanser 100ml,Dr. Althea,needs_manual_review,manual_review,0.55,same product_name appears under multiple brands; brands=Medik8; PATRICK TA
lookfantastic_0daf63a6bc0fe8,lookfantastic,Aesop,Dr. Barbara Sturm The Better B Niacinamide Serum 30ml,Dr. Barbara Sturm,needs_manual_review,manual_review,0.55,same product_name appears under multiple brands; brands=Aesop; Dr. Barbara Sturm
lookfantastic_5fc6d83b514785,lookfantastic,Armani,Dr. Barbara Sturm Anti-Hair Fall Shampoo 250ml,Dr. Barbara Sturm,needs_manual_review,manual_review,0.55,same product_name appears under multiple brands; brands=Armani; Westman Atelier
lookfantastic_e32999348760b2,lookfantastic,By Terry,Dr. Barbara Sturm Summer Kit 25,Dr. Barbara Sturm,needs_manual_review,manual_review,0.55,same product_name appears under multiple brands; brands=By Terry; Dr. Barbara Sturm
lookfantastic_36b888368cfb83,lookfantastic,Caudalie,Dr. Barbara Sturm Hydrating Face Mist 50ml,Dr. Barbara Sturm,needs_manual_review,manual_review,0.55,same product_name appears under multiple brands; brands=Caudalie; Sunday Riley
lookfantastic_537afbae26c521,lookfantastic,Christophe Robin,Dr. Barbara Sturm Super Anti-Ageing Cleansing Cream 125ml,Dr. Barbara Sturm,needs_manual_review,manual_review,0.55,same product_name appears under multiple brands; brands=Christophe Robin; Dr. Barbara Sturm
lookfantastic_97895ccfe348ae,lookfantastic,Clinique,Dr. Barbara Sturm Eye Cream 15ml,Dr. Barbara Sturm,needs_manual_review,manual_review,0.55,same product_name appears under multiple brands; brands=Clinique; Dr. Barbara Sturm
lookfantastic_9d986e6b05d7ce,lookfantastic,Dermalogica,Dr. Barbara Sturm Enzyme Cleanser 75g,Dr. Barbara Sturm,needs_manual_review,manual_review,0.55,same product_name appears under multiple brands; brands=Dermalogica; Dr. Barbara Sturm
lookfantastic_1bfa310a26d2d6,lookfantastic,Dermalogica,Dr. Barbara Sturm Face Cream Light 50ml,Dr. Barbara Sturm,needs_manual_review,manual_review,0.55,same product_name appears under multiple brands; brands=Dermalogica; Dr. Barbara Sturm
lookfantastic_324f8b724dfe88,lookfantastic,Dermalogica,Dr. Barbara Sturm Facial Scrub 100ml,Dr. Barbara Sturm,needs_manual_review,manual_review,0.55,same product_name appears under multiple brands; brands=Dermalogica; Dr. Barbara Sturm
lookfantastic_f16c1374987026,lookfantastic,Dermalogica,Dr. Barbara Sturm The Good C Vitamin C Serum 30ml,Dr. Barbara Sturm,needs_manual_review,manual_review,0.55,same product_name appears under multiple brands; brands=Dermalogica; Dr. Barbara Sturm; Paula's Choice
lookfantastic_48e0d4dd8a4d9a,lookfantastic,Estée Lauder,Dr. Barbara Sturm Darker Skin Tones Discovery Kit,Dr. Barbara Sturm,needs_manual_review,manual_review,0.55,same product_name appears under multiple brands; brands=Estée Lauder; HUDA BEAUTY
lookfantastic_540c9fd3446bcc,lookfantastic,Eucerin,Dr. Barbara Sturm Super Anti-Aging Neck and Decollete Cream 50ml,Dr. Barbara Sturm,needs_manual_review,manual_review,0.55,same product_name appears under multiple brands; brands=Dr. Barbara Sturm; Eucerin
lookfantastic_3877763f2baa5c,lookfantastic,Garnier,Dr. Barbara Sturm Face Cream 50ml,Dr. Barbara Sturm,needs_manual_review,manual_review,0.55,same product_name appears under multiple brands; brands=Dr. Barbara Sturm; Garnier
lookfantastic_9c8c30920429da,lookfantastic,Kerastase,Dr. Barbara Sturm Anti-Hair Fall Scalp Serum 50ml,Dr. Barbara Sturm,needs_manual_review,manual_review,0.55,same product_name appears under multiple brands; brands=Kerastase; Oribe
lookfantastic_368ca32f1959ac,lookfantastic,Kiehl's Since 1851,Dr. Barbara Sturm Face Mask 50ml,Dr. Barbara Sturm,needs_manual_review,manual_review,0.55,same product_name appears under multiple brands; brands=Dr. Barbara Sturm; Kiehl's Since 1851
lookfantastic_3a548779f9b29b,lookfantastic,Medik8,Dr. Barbara Sturm Darker Skin Tones Cleanser 150ml,Dr. Barbara Sturm,needs_manual_review,manual_review,0.55,same product_name appears under multiple brands; brands=Dr. Barbara Sturm; Medik8
lookfantastic_96550f9e6a5125,lookfantastic,Medik8,Dr. Barbara Sturm Darker Skin Tones Hyaluronic Serum 30ml,Dr. Barbara Sturm,needs_manual_review,manual_review,0.55,same product_name appears under multiple brands; brands=Dr. Barbara Sturm; Medik8
lookfantastic_901d6d69e13ba8,lookfantastic,Medik8,Dr. Barbara Sturm Hyaluronic Serum (Various Sizes),Dr. Barbara Sturm,needs_manual_review,manual_review,0.55,same product_name appears under multiple brands; brands=Dr. Barbara Sturm; Medik8
lookfantastic_4e4ebcc7489c6a,lookfantastic,NARS,Dr. Barbara Sturm Super Anti-Aging Night Cream 50ml,Dr. Barbara Sturm,needs_manual_review,manual_review,0.55,same product_name appears under multiple brands; brands=Dr. Barbara Sturm; NARS
lookfantastic_00dbc631436e9a,lookfantastic,Pai,Dr. Barbara Sturm Ceramide Drops Face Oil 30ml,Dr. Barbara Sturm,needs_manual_review,manual_review,0.55,same product_name appears under multiple brands; brands=Dr. Barbara Sturm; Kate Somerville; Pai
lookfantastic_4fc45e73c22bd1,lookfantastic,Peter Thomas Roth,Dr. Barbara Sturm Clarifying Serum,Dr. Barbara Sturm,needs_manual_review,manual_review,0.55,same product_name appears under multiple brands; brands=Dr. Barbara Sturm; Peter Thomas Roth
lookfantastic_6a2fd0695ca359,lookfantastic,RapidLash,Dr. Barbara Sturm Body Sun Cream SPF 30 150ml,Dr. Barbara Sturm,needs_manual_review,manual_review,0.55,same product_name appears under multiple brands; brands=Christophe Robin; RapidLash
lookfantastic_0add325743bc30,lookfantastic,Redken,Dr. Barbara Sturm Clarifying Face Cream 50ml,Dr. Barbara Sturm,needs_manual_review,manual_review,0.55,same product_name appears under multiple brands; brands=Dr. Barbara Sturm; Medik8; Redken
lookfantastic_dae5683bb18317,lookfantastic,Redken,Dr. Barbara Sturm Darker Skin Tones Face Cream 50ml,Dr. Barbara Sturm,needs_manual_review,manual_review,0.55,same product_name appears under multiple brands; brands=Dr. Barbara Sturm; HUDA BEAUTY; Redken
lookfantastic_5442479bf78904,lookfantastic,Sarah Chapman,Dr. Barbara Sturm Night Serum,Dr. Barbara Sturm,needs_manual_review,manual_review,0.55,same product_name appears under multiple brands; brands=Dr. Barbara Sturm; Sarah Chapman
lookfantastic_fd29fe52326992,lookfantastic,The Ordinary,Dr. Barbara Sturm Calming Serum,Dr. Barbara Sturm,needs_manual_review,manual_review,0.55,same product_name appears under multiple brands; brands=Dr. Barbara Sturm; The Ordinary
lookfantastic_b0240348d3741f,lookfantastic,The Ordinary,Dr. Barbara Sturm Hyaluronic Serum 10ml,Dr. Barbara Sturm,needs_manual_review,manual_review,0.55,same product_name appears under multiple brands; brands=Dr. Barbara Sturm; The Ordinary
lookfantastic_b093488e02e6d8,lookfantastic,Weleda,Dr. Barbara Sturm Anti-Aging Body Cream 200ml,Dr. Barbara Sturm,needs_manual_review,manual_review,0.55,same product_name appears under multiple brands; brands=Dr. Barbara Sturm; Weleda
lookfantastic_53ad032ed5fd39,lookfantastic,Weleda,Dr. Barbara Sturm Super Anti-Aging Serum,Dr. Barbara Sturm,needs_manual_review,manual_review,0.55,same product_name appears under multiple brands; brands=Dr. Barbara Sturm; Weleda
lookfantastic_20d68cdb2b8cb7,lookfantastic,YSL,Dr. Barbara Sturm Baby & Kids Body Cream 150ml,Dr. Barbara Sturm,needs_manual_review,manual_review,0.55,same product_name appears under multiple brands; brands=HUDA BEAUTY; YSL
lookfantastic_0330e1d989303b,lookfantastic,Beauty Of Joseon,Dr.Jart+ Vital Hydra Solution Hydro Plump Water Cream 50ml,Dr. Jart+,needs_manual_review,manual_review,0.55,same product_name appears under multiple brands; brands=Beauty Of Joseon; Dr.Jart+
lookfantastic_1c3a97bef01c0b,lookfantastic,Beauty of Joseon,Dr.Jart+ Cryo Rubber™ Firming Hydrogel Mask with Adenosine,Dr. Jart+,needs_manual_review,manual_review,0.55,same product_name appears under multiple brands; brands=Beauty of Joseon; Dr.Jart+
lookfantastic_77ac43af3d98b7,lookfantastic,Beauty of Joseon,Dr.Jart+ Pore Remedy Renewing Foam Cleanser 150ml,Dr. Jart+,needs_manual_review,manual_review,0.55,same product_name appears under multiple brands; brands=Beauty of Joseon; Glow Recipe
lookfantastic_66b30bc45b2fba,lookfantastic,Biodance,Dr.Jart+ Cryo Sorbet™ Icy Facial Mask - 4 Pack,Dr. Jart+,needs_manual_review,manual_review,0.55,same product_name appears under multiple brands; brands=Biodance; PATRICK TA
lookfantastic_d6009531f4bbad,lookfantastic,Caudalie,Dr.Jart+ Ceramidin Moisturising Hand Cream 100ml,Dr. Jart+,needs_manual_review,manual_review,0.55,same product_name appears under multiple brands; brands=Caudalie; HUDA BEAUTY
lookfantastic_8bb57b7da98fe9,lookfantastic,Kiehl's Since 1851,Dr. Jart+ Brightamin Brightening Eye Serum Stick,Dr. Jart+,needs_manual_review,manual_review,0.55,same product_name appears under multiple brands; brands=Kiehl's Since 1851; Medik8
lookfantastic_d367c906f8540a,lookfantastic,LANEIGE,Dr.Jart+ Vital Hydra Solution Hydrating Lip Mask 17g,Dr. Jart+,needs_manual_review,manual_review,0.55,same product_name appears under multiple brands; brands=LANEIGE; PATRICK TA
lookfantastic_c6dc0f2ee549a8,lookfantastic,LANEIGE,Dr.Jart+ Vital Hydra Solution™ Hydrating Lip Mask Bubble Gum 17g,Dr. Jart+,needs_manual_review,manual_review,0.55,same product_name appears under multiple brands; brands=LANEIGE; Summer Fridays
lookfantastic_025d1824fb2d48,lookfantastic,La Roche-Posay,Dr.Jart+ Ceramidin Cream 15ml,Dr. Jart+,needs_manual_review,manual_review,0.55,same product_name appears under multiple brands; brands=La Roche-Posay; Summer Fridays
lookfantastic_f897909d41d0da,lookfantastic,La Roche-Posay,Dr.Jart+ Ceramidin Lip Balm 7ml,Dr. Jart+,needs_manual_review,manual_review,0.55,same product_name appears under multiple brands; brands=La Roche-Posay; Ultra Violette
lookfantastic_26a1b9cb769d0a,lookfantastic,La Roche-Posay,Dr.Jart+ Ceramidin Skin Barrier Serum Toner 150ml,Dr. Jart+,needs_manual_review,manual_review,0.55,same product_name appears under multiple brands; brands=LANEIGE; La Roche-Posay
lookfantastic_2a75af321ca3eb,lookfantastic,La Roche-Posay,Dr.Jart+ Every Sun Day Ultra Sheer Priming Sunscreen Stick SPF 30 20g,Dr. Jart+,needs_manual_review,manual_review,0.55,same product_name appears under multiple brands; brands=La Roche-Posay; The Ordinary
lookfantastic_2a0289db20fb87,lookfantastic,La Roche-Posay,Dr.Jart+ Every Sun Day Ultra-Sheer Priming Sunscreen Stick SPF 50 19g,Dr. Jart+,needs_manual_review,manual_review,0.55,same product_name appears under multiple brands; brands=COOLA; La Roche-Posay
lookfantastic_25856ce047d78a,lookfantastic,Medik8,Dr. Jart+ Brightamin Brightening Serum Ampoule,Dr. Jart+,needs_manual_review,manual_review,0.55,same product_name appears under multiple brands; brands=Medik8; The Ordinary
lookfantastic_8955431d0d8262,lookfantastic,Medik8,Dr. Jart+ Prejuvenation Firming Bakuchiol Cream 50ml,Dr. Jart+,needs_manual_review,manual_review,0.55,same product_name appears under multiple brands; brands=Dr.Jart+; Medik8
lookfantastic_76ef673deb7ba8,lookfantastic,NARS,Dr.Jart+ Korean Premium Beauty Balm SPF 50 40ml (Various Shades) 02 Light Medium-Medium,Dr. Jart+,needs_manual_review,manual_review,0.55,same product_name appears under multiple brands; brands=NARS; Paula's Choice
lookfantastic_5c2bf9028ed1ff,lookfantastic,lookfantastic Beauty Box,Dr.Jart+ Ceramidin Skin Barrier Moisturising Mask 22ml,Dr. Jart+,needs_manual_review,manual_review,0.55,same product_name appears under multiple brands; brands=Beauty of Joseon; lookfantastic Beauty Box
lookfantastic_269c9fc24a0aa8,lookfantastic,Embryolisse,Dr. LEVY Switzerland Radical3 Reboot Pro Peel 50ml,Dr. LEVY Switzerland,needs_manual_review,manual_review,0.55,same product_name appears under multiple brands; brands=Embryolisse; Medik8
lookfantastic_a7d42a009abcf1,lookfantastic,Medik8,Dr. LEVY Switzerland Booster Cream 50ml,Dr. LEVY Switzerland,needs_manual_review,manual_review,0.55,same product_name appears under multiple brands; brands=Dr. LEVY Switzerland; Medik8
lookfantastic_c766b058e06402,lookfantastic,The Ordinary,Dr. LEVY Switzerland 3Deep Cell Renewal Micro-Resurfacing Cleanser 150ml,Dr. LEVY Switzerland,needs_manual_review,manual_review,0.55,same product_name appears under multiple brands; brands=Dr. LEVY Switzerland; The Ordinary
lookfantastic_84e05a21898440,lookfantastic,lookfantastic Beauty Box,Dr. LEVY Switzerland R3 Cell Matrix Mask 50ml,Dr. LEVY Switzerland,needs_manual_review,manual_review,0.55,same product_name appears under multiple brands; brands=Dr. LEVY Switzerland; lookfantastic Beauty Box
lookfantastic_c9ee0524e72f28,lookfantastic,BIOEFFECT,Dr. Loretta Barrier Repair Gel Cream 50ml,Dr. Loretta,needs_manual_review,manual_review,0.55,same product_name appears under multiple brands; brands=BIOEFFECT; Dr. Loretta; Kiehl's Since 1851
lookfantastic_e2e549e0734423,lookfantastic,COSRX,Dr. Loretta Resurfacing Enzyme Polish with Niacinamide 50ml,Dr. Loretta,needs_manual_review,manual_review,0.55,same product_name appears under multiple brands; brands=COSRX; Dr. Loretta
lookfantastic_01e8717af9d09a,lookfantastic,Clinique,Dr. Loretta Gentle Hydrating Cleanser 200ml,Dr. Loretta,needs_manual_review,manual_review,0.55,same product_name appears under multiple brands; brands=Clinique; Dr. Loretta
lookfantastic_311a8257863c33,lookfantastic,Dr Dennis Gross,Dr. Loretta Micro Peel Peptide Pads With Glycolic Acid 60 Pads,Dr. Loretta,needs_manual_review,manual_review,0.55,same product_name appears under multiple brands; brands=Dr Dennis Gross; Medik8
lookfantastic_7dce52af465db5,lookfantastic,Estée Lauder,Dr. Loretta Barrier Enhancing Milky Essence 100ml,Dr. Loretta,needs_manual_review,manual_review,0.55,same product_name appears under multiple brands; brands=Dr. Loretta; Estée Lauder
lookfantastic_6dbb45a142fe29,lookfantastic,Peter Thomas Roth,Dr. Loretta Tightening Eye Gel 20ml,Dr. Loretta,needs_manual_review,manual_review,0.55,same product_name appears under multiple brands; brands=Dr. Loretta; PATRICK TA; Peter Thomas Roth
lookfantastic_100dc8efcc6662,lookfantastic,The Ordinary,Dr. Loretta Concentrated Firming Retinol Serum 30ml,Dr. Loretta,needs_manual_review,manual_review,0.55,same product_name appears under multiple brands; brands=Dr. Loretta; The Ordinary
lookfantastic_f786e53a2f6fc8,lookfantastic,The Ordinary,Dr. Loretta Tightening Detox Mask 50ml,Dr. Loretta,needs_manual_review,manual_review,0.55,same product_name appears under multiple brands; brands=HUDA BEAUTY; The Ordinary
lookfantastic_f30a6882a263ba,lookfantastic,Clinique,Drunk Elephant Ceramide Eye Cream 15ml,Drunk Elephant,needs_manual_review,manual_review,0.55,same product_name appears under multiple brands; brands=Clinique; Kiehl's Since 1851
lookfantastic_4e509f7e40c169,lookfantastic,Clinique,Drunk Elephant Double Cleanse Bundle,Drunk Elephant,needs_manual_review,manual_review,0.55,same product_name appears under multiple brands; brands=Clinique; Drunk Elephant
lookfantastic_3cef3ac80314b4,lookfantastic,La Roche-Posay,Drunk Elephant Lala Retro Ceramide Moisturiser 50ml Refill,Drunk Elephant,needs_manual_review,manual_review,0.55,same product_name appears under multiple brands; brands=Drunk Elephant; La Roche-Posay
lookfantastic_c44203716ba583,lookfantastic,La Roche-Posay,Drunk Elephant Plump-C Tripeptide Lippe Mask 20g,Drunk Elephant,needs_manual_review,manual_review,0.55,same product_name appears under multiple brands; brands=Drunk Elephant; La Roche-Posay
lookfantastic_2467b169ba8971,lookfantastic,La Roche-Posay,Drunk Elephant Umbra Sheer Mineral Cream SPF30 60ml,Drunk Elephant,needs_manual_review,manual_review,0.55,same product_name appears under multiple brands; brands=Drunk Elephant; La Roche-Posay
lookfantastic_c337b2399228eb,lookfantastic,Vichy,Drunk Elephant Sweet Pitti Deodorant Cream,Drunk Elephant,needs_manual_review,manual_review,0.55,same product_name appears under multiple brands; brands=Caudalie; Vichy
lookfantastic_9e68697f4841d8,lookfantastic,bareMinerals,Drunk Elephant Umbra Tinte Mineral Cream SPF30 60ml,Drunk Elephant,needs_manual_review,manual_review,0.55,same product_name appears under multiple brands; brands=Drunk Elephant; bareMinerals
lookfantastic_bd6a25e3b113fa,lookfantastic,ghd,Drunk Elephant E-Rase Milki Micellar Water (Various Sizes),Drunk Elephant,needs_manual_review,manual_review,0.55,same product_name appears under multiple brands; brands=Drunk Elephant; ghd
lookfantastic_ea9465c218d19a,lookfantastic,Sensse,Déesse Pro LED Phototherapy Mask,Déesse Pro,needs_manual_review,manual_review,0.55,same product_name appears under multiple brands; brands=Dr Dennis Gross; Déesse Pro; Sensse
lookfantastic_6f0c697f4a4a93,lookfantastic,Clinique,Elemis Pro-Collagen Cleansing Balm 20g,ELEMIS,needs_manual_review,manual_review,0.55,same product_name appears under multiple brands; brands=Clinique; Elemis; Summer Fridays
lookfantastic_e63a4218b2884f,lookfantastic,Clinique,Elemis Pro-Collagen Cleansing Balm 20g,ELEMIS,needs_manual_review,manual_review,0.55,same product_name appears under multiple brands; brands=Clinique; Elemis; Summer Fridays
lookfantastic_73a9dafbb4b0a8,lookfantastic,Kiehl's Since 1851,Elemis Pro-Collagen Naked Cleansing Balm 20g,ELEMIS,needs_manual_review,manual_review,0.55,same product_name appears under multiple brands; brands=Elemis; Kiehl's Since 1851
lookfantastic_dcb07d2d86462f,lookfantastic,lookfantastic Beauty Box,Elemis Pro-Collagen Hydrating Cleansing Mousse 30ml,ELEMIS,needs_manual_review,manual_review,0.55,same product_name appears under multiple brands; brands=Kate Somerville; lookfantastic Beauty Box
lookfantastic_be590818c6c9f9,lookfantastic,Caudalie,Embryolisse Micellar Water 250ml,EMBRYOLISSE,needs_manual_review,manual_review,0.55,same product_name appears under multiple brands; brands=Caudalie; Embryolisse
lookfantastic_e5602f5aa2fb99,lookfantastic,Aesop,ESPA Age Rebel Moisturiser 50ml,ESPA,needs_manual_review,manual_review,0.55,same product_name appears under multiple brands; brands=Aesop; ESPA
lookfantastic_834630ac6f59d7,lookfantastic,Aromatherapy Associates,ESPA Signature Blends Aromatherapy Bath and Body Oil Collection,ESPA,needs_manual_review,manual_review,0.55,same product_name appears under multiple brands; brands=Aromatherapy Associates; ESPA; Elemis
lookfantastic_10574aaa05a808,lookfantastic,Aveda,ESPA Tri-Active Resilience ProBiome Serum,ESPA,needs_manual_review,manual_review,0.55,same product_name appears under multiple brands; brands=Aveda; ESPA
lookfantastic_f02a8efa40e095,lookfantastic,Caudalie,ESPA Optimal Skin Nutrient Mist 50ml,ESPA,needs_manual_review,manual_review,0.55,same product_name appears under multiple brands; brands=Caudalie; ESPA
lookfantastic_f7e15c1c7e73d5,lookfantastic,Clinique,ESPA Yuzu & Ginger Cleansing Sorbet 100ml,ESPA,needs_manual_review,manual_review,0.55,same product_name appears under multiple brands; brands=Clinique; NUXE
lookfantastic_471b3997c475cc,lookfantastic,Elemis,ESPA Overnight Glow Enzyme Peel 30ml,ESPA,needs_manual_review,manual_review,0.55,same product_name appears under multiple brands; brands=Alpha-H; ESPA; Elemis
lookfantastic_6e3e85f1be3163,lookfantastic,Kiehl's Since 1851,ESPA The Hydrator 50ml,ESPA,needs_manual_review,manual_review,0.55,same product_name appears under multiple brands; brands=ESPA; Kiehl's Since 1851
lookfantastic_8ad0787209b570,lookfantastic,Medik8,ESPA Overnight Hydration Therapy Cream 55ml,ESPA,needs_manual_review,manual_review,0.55,same product_name appears under multiple brands; brands=Charlotte Tilbury; Medik8
lookfantastic_00bc83f76b4d25,lookfantastic,NARS,ESPA Fortifying Bath and Body Oil 100ml,ESPA,needs_manual_review,manual_review,0.55,same product_name appears under multiple brands; brands=ESPA; NARS
lookfantastic_6e2fc22c9a79cf,lookfantastic,NEOM,ESPA Fitness Bath Salts 180g,ESPA,needs_manual_review,manual_review,0.55,same product_name appears under multiple brands; brands=ESPA; NEOM
lookfantastic_a43af99c0d9339,lookfantastic,The Ordinary,ESPA Optimal Skin Rejuvenating Night Booster 30ml,ESPA,needs_manual_review,manual_review,0.55,same product_name appears under multiple brands; brands=ESPA; The Ordinary
lookfantastic_b7103c4418fe84,lookfantastic,this works,ESPA Restful Pillow Mist 100ml,ESPA,needs_manual_review,manual_review,0.55,same product_name appears under multiple brands; brands=ESPA; HUDA BEAUTY; this works
lookfantastic_c7366260044508,lookfantastic,Clinique,Emma Hardie Moringa Cleansing Balm with Professional Cleansing Cloth 100g,Emma Hardie,needs_manual_review,manual_review,0.55,same product_name appears under multiple brands; brands=Clinique; Emma Hardie
lookfantastic_1084d2e39bfc15,lookfantastic,Eve Lom,Emma Hardie Professional Cleansing Cloths (3 Pack),Emma Hardie,needs_manual_review,manual_review,0.55,same product_name appears under multiple brands; brands=Eve Lom; Sarah Chapman
lookfantastic_a405800f660086,lookfantastic,Kerastase,Emma Hardie Midas Touch Revitalising Eye Serum 15ml,Emma Hardie,needs_manual_review,manual_review,0.55,same product_name appears under multiple brands; brands=Elemis; Kerastase
lookfantastic_74e0f280df11eb,lookfantastic,Lancôme,Emma Hardie Protect and Prime Moisturiser SPF 30 50ml,Emma Hardie,needs_manual_review,manual_review,0.55,same product_name appears under multiple brands; brands=Emma Hardie; Lancôme
lookfantastic_37987076a724ab,lookfantastic,Anua,Erborian Centella Red Serum 30ml,Erborian,needs_manual_review,manual_review,0.55,same product_name appears under multiple brands; brands=Anua; Erborian
lookfantastic_2f19d0b4a3de45,lookfantastic,Beauty Works,Erborian Matte Moisturiser 50ml,Erborian,needs_manual_review,manual_review,0.55,same product_name appears under multiple brands; brands=Beauty Works; PATRICK TA
lookfantastic_c4a9b2097f8061,lookfantastic,Clinique,Erborian Centella Cleansing Balm,Erborian,needs_manual_review,manual_review,0.55,same product_name appears under multiple brands; brands=Clinique; Erborian
lookfantastic_fc3b97f79f4872,lookfantastic,Dermalogica,Erborian Matte Moisturiser 20ml,Erborian,needs_manual_review,manual_review,0.55,same product_name appears under multiple brands; brands=Dermalogica; Paula's Choice
lookfantastic_a140bb4334a45c,lookfantastic,Medik8,Erborian Ginseng Micro Shot Starter 0.1% Serum 30ml,Erborian,needs_manual_review,manual_review,0.55,same product_name appears under multiple brands; brands=Erborian; Medik8
lookfantastic_2d6320f009fef8,lookfantastic,Avène,Fenty Skin Dew N Plump Hydrating Face Mist,FENTY SKIN,needs_manual_review,manual_review,0.55,same product_name appears under multiple brands; brands=Avène; Glow Recipe
lookfantastic_3706ac18919d11,lookfantastic,BEAUTYPRO,Fenty Skin Hydra’Reset Intensive Recovery Glycerin Hand Mask 75ml,FENTY SKIN,needs_manual_review,manual_review,0.55,same product_name appears under multiple brands; brands=BEAUTYPRO; PATRICK TA
lookfantastic_b9543f145346c4,lookfantastic,Beauty of Joseon,Fenty Skin Hydra Vizor Broad Spectrum SPF 15 Sunscreen Hand Cream 40ml,FENTY SKIN,needs_manual_review,manual_review,0.55,same product_name appears under multiple brands; brands=Beauty of Joseon; HUDA BEAUTY
lookfantastic_4adbf9122933cf,lookfantastic,Beauty of Joseon,Fenty Skin Mini Fat Water Niacinamide Pore-Refining Toner Serum with Barbados Cherry 50ml,FENTY SKIN,needs_manual_review,manual_review,0.55,same product_name appears under multiple brands; brands=Beauty of Joseon; Glow Recipe
lookfantastic_c9f815693f1385,lookfantastic,Beauty of Joseon,Fenty Skin Rich Dip Bubble Bath Vanilla Flower 350ml,FENTY SKIN,needs_manual_review,manual_review,0.55,same product_name appears under multiple brands; brands=Beauty of Joseon; PATRICK TA
lookfantastic_335fcf7af7e326,lookfantastic,By Terry,Fenty Skin Butta Drop Whipped Oil Body Cream 200ml - Amber Bouquet,FENTY SKIN,needs_manual_review,manual_review,0.55,same product_name appears under multiple brands; brands=By Terry; Fenty Skin
lookfantastic_bcdfb8e3292482,lookfantastic,Clinique,Fenty Skin Cookies N Clean Intensive Pore + Blackhead Face Scrub 100g,FENTY SKIN,needs_manual_review,manual_review,0.55,same product_name appears under multiple brands; brands=Clinique; Kora Organics
lookfantastic_1567118b6ae0d4,lookfantastic,ESPA,Fenty Skin Cookies N Clean Whipped Clay Pore Detox Face Mask with Salicylic Acid + Charcoal 75ml,FENTY SKIN,needs_manual_review,manual_review,0.55,same product_name appears under multiple brands; brands=ESPA; PATRICK TA
lookfantastic_9d3babd62e71ad,lookfantastic,ESPA,"Fenty Skin Rich Dip Bubble Bath Hey, Bouquet 350ml",FENTY SKIN,needs_manual_review,manual_review,0.55,same product_name appears under multiple brands; brands=ESPA; PATRICK TA
lookfantastic_274535e79bbfd3,lookfantastic,Kiehl's Since 1851,Fenty Skin Fat Water Hydrating Milky Toner Essence 150ml,FENTY SKIN,needs_manual_review,manual_review,0.55,same product_name appears under multiple brands; brands=Kiehl's Since 1851; PATRICK TA
lookfantastic_aff4148dd06aae,lookfantastic,Kiehl's Since 1851,Fenty Skin Fat Water Pore-Refining Toner Serum 150ml,FENTY SKIN,needs_manual_review,manual_review,0.55,same product_name appears under multiple brands; brands=Glow Recipe; Kiehl's Since 1851
lookfantastic_6c436df477346e,lookfantastic,Kylie Cosmetics,Fenty Skin Butta Drop Hydrating Body Milk 185ml,FENTY SKIN,needs_manual_review,manual_review,0.55,same product_name appears under multiple brands; brands=Kylie Cosmetics; PATRICK TA
lookfantastic_5605e8c94ec4e1,lookfantastic,Kylie Cosmetics,Fenty Skin Dew N Plump Hydrating Nectar Glow Serum 30ml,FENTY SKIN,needs_manual_review,manual_review,0.55,same product_name appears under multiple brands; brands=Kylie Cosmetics; PATRICK TA
lookfantastic_f3bd60f2fa4510,lookfantastic,Kylie Skin,Fenty Skin Fenty Treatz Hydrating + Strengthening Lip Oil 5.6ml (Various Shades) Black Cherry,FENTY SKIN,needs_manual_review,manual_review,0.55,same product_name appears under multiple brands; brands=Kylie Skin; Summer Fridays
lookfantastic_9a59fe9966ae51,lookfantastic,L'Oréal Paris,Fenty Skin Blemish Defeat'R Bha Spot Targeting Gel 15ml,FENTY SKIN,needs_manual_review,manual_review,0.55,same product_name appears under multiple brands; brands=L'Oréal Paris; PATRICK TA
lookfantastic_97f3ee5563a360,lookfantastic,LANEIGE,Fenty Skin Plush Puddin' Intensive Recovery Lip Mask 15g (Various Shades) Barbados Cherry,FENTY SKIN,needs_manual_review,manual_review,0.55,same product_name appears under multiple brands; brands=LANEIGE; PATRICK TA
lookfantastic_cdc3c5a2d617eb,lookfantastic,La Roche-Posay,Fenty Skin Lux Balm Ultra-Hydrating Cherry Lip Balm 5g,FENTY SKIN,needs_manual_review,manual_review,0.55,same product_name appears under multiple brands; brands=La Roche-Posay; Summer Fridays
lookfantastic_ab897f8efd17c2,lookfantastic,Lancôme,Fenty Skin Cherry Dub Toner 150ml,FENTY SKIN,needs_manual_review,manual_review,0.55,same product_name appears under multiple brands; brands=Fenty Beauty; Lancôme
lookfantastic_0f471ab07514a7,lookfantastic,NARS,Fenty Skin Cherry Dub Superfine Daily Cleansing Face Scrub 100ml,FENTY SKIN,needs_manual_review,manual_review,0.55,same product_name appears under multiple brands; brands=NARS; PATRICK TA
lookfantastic_6a99bd1911d773,lookfantastic,NARS,Fenty Skin Hydra Vizor Huez Tinted Moisturiser Broad Spectrum Mineral SPF 30 Sunscreen 50ml (Various Shades) Shade 1,FENTY SKIN,needs_manual_review,manual_review,0.55,same product_name appears under multiple brands; brands=NARS; PATRICK TA
lookfantastic_085e7099ef3733,lookfantastic,Neutrogena,Fenty Skin Hydra Vizor Refillable Case,FENTY SKIN,needs_manual_review,manual_review,0.55,same product_name appears under multiple brands; brands=Neutrogena; The Ordinary
lookfantastic_d3a9b7ea39e761,lookfantastic,OUAI,Fenty Skin Butta Drop Whipped Oil Body Cream 75ml,FENTY SKIN,needs_manual_review,manual_review,0.55,same product_name appears under multiple brands; brands=OUAI; PATRICK TA
lookfantastic_93481f0ef81d21,lookfantastic,Redken,"Fenty Skin Big Dripp'r Body Wash Hey, Bouquet 350ml",FENTY SKIN,needs_manual_review,manual_review,0.55,same product_name appears under multiple brands; brands=PATRICK TA; Redken
lookfantastic_1f3bb8cb649d32,lookfantastic,Ultrasun,Fenty Skin The Fenty Skin Soap Dish,FENTY SKIN,needs_manual_review,manual_review,0.55,same product_name appears under multiple brands; brands=PATRICK TA; Ultrasun
lookfantastic_f772fd722f1b57,lookfantastic,YSL,Fenty Skin Thicc N Smooth Rich Peptide Eye Cream 15ml,FENTY SKIN,needs_manual_review,manual_review,0.55,same product_name appears under multiple brands; brands=Kiehl's Since 1851; YSL
lookfantastic_90bdddbb42bba6,lookfantastic,NUXE,Fenty Skin Body Start'r Set,FENTY SKIN body,needs_manual_review,manual_review,0.55,same product_name appears under multiple brands; brands=Fenty Skin; NUXE
lookfantastic_4876ac57f19676,lookfantastic,The Ordinary,FOREO SUPERCHARGED Triple-Action Firming Serum 30ml,FOREO,needs_manual_review,manual_review,0.55,same product_name appears under multiple brands; brands=Medik8; The Ordinary
lookfantastic_99dee45ea2f304,lookfantastic,Weleda,FOREO Supercharged Firming Body Serum 100ml,FOREO,needs_manual_review,manual_review,0.55,same product_name appears under multiple brands; brands=BLEACH LONDON; Weleda
lookfantastic_c45869540bd26c,lookfantastic,Emma Hardie,FaceGym Hydro-Bound Hydrating Hyaluronic Acid and Niacinamide Serum 30ml,FaceGym,needs_manual_review,manual_review,0.55,same product_name appears under multiple brands; brands=Aesop; Emma Hardie
lookfantastic_7b31d3e1009d4c,lookfantastic,Estée Lauder,FaceGym Electro-lite Energizing and Brightening Gel Cleanser 100ml,FaceGym,needs_manual_review,manual_review,0.55,same product_name appears under multiple brands; brands=Estée Lauder; HUDA BEAUTY
lookfantastic_524d85b15fc032,lookfantastic,Garnier,FaceGym Active Collagen Wonder Serum with Phyto-Retinol and Hyaluronic Acid 30ml,FaceGym,needs_manual_review,manual_review,0.55,same product_name appears under multiple brands; brands=Garnier; HUDA BEAUTY
lookfantastic_39e6e72fe73d8d,lookfantastic,Joico,FaceGym Face Coach Lifting Q10 and Mastic Tree Enzymatically-Activated Face Oil 30ml,FaceGym,needs_manual_review,manual_review,0.55,same product_name appears under multiple brands; brands=Joico; The Ordinary
lookfantastic_64cb9f58a0ee1c,lookfantastic,NARS,FaceGym Facial Cupping Set,FaceGym,needs_manual_review,manual_review,0.55,same product_name appears under multiple brands; brands=HUDA BEAUTY; NARS
lookfantastic_1a7cd230a7afda,lookfantastic,Olaplex,FaceGym Active Collagen Wonder Moisturiser with Triple Peptide Complex 45ml,FaceGym,needs_manual_review,manual_review,0.55,same product_name appears under multiple brands; brands=Olaplex; The Ordinary
lookfantastic_b6897ad00c0fe3,lookfantastic,RapidLash,FaceGym Liftwear Lift and Brighten Vitamin C and Bioferment Gel-Cream 50ml,FaceGym,needs_manual_review,manual_review,0.55,same product_name appears under multiple brands; brands=HUDA BEAUTY; RapidLash
lookfantastic_69bea4d7a203aa,lookfantastic,The Ordinary,FaceGym Active Blast Instant Release Collagen Booster Spheres - 7 Days,FaceGym,needs_manual_review,manual_review,0.55,same product_name appears under multiple brands; brands=PATRICK TA; The Ordinary
lookfantastic_30d6cbc5433053,lookfantastic,Anastasia Beverly Hills,Fenty Beauty Cheeks Out Freestyle Cream Bronzer 6.23g (Various Shades) Amber,Fenty Beauty,needs_manual_review,manual_review,0.55,same product_name appears under multiple brands; brands=Anastasia Beverly Hills; PATRICK TA
lookfantastic_15591ed95b3f48,lookfantastic,Anastasia Beverly Hills,Fenty Beauty Icon Velvet Liquid Lipstick 5.5g (Various Shades) H.B.I.C.,Fenty Beauty,needs_manual_review,manual_review,0.55,same product_name appears under multiple brands; brands=Anastasia Beverly Hills; PATRICK TA
lookfantastic_fa97a1bf0cd431,lookfantastic,Armani,Fenty Beauty Shadowstix Longwear Eyeshadow Stick 1.6g (Various Shades) Cuz I'M Black,Fenty Beauty,needs_manual_review,manual_review,0.55,same product_name appears under multiple brands; brands=Armani; PATRICK TA
lookfantastic_50af5ccf1837fa,lookfantastic,Armani,Fenty Beauty Soft'Lit Naturally Luminous Longwear Foundation 32ml (Various Shades) 265,Fenty Beauty,needs_manual_review,manual_review,0.55,same product_name appears under multiple brands; brands=Armani; HUDA BEAUTY
lookfantastic_335815d0b9e7a9,lookfantastic,Color Wow,Fenty Beauty Sun Stalk'R Soufflé Pressed Mousse Cream Bronzer 15g (Various Shades) Maple Glaze,Fenty Beauty,needs_manual_review,manual_review,0.55,same product_name appears under multiple brands; brands=Color Wow; HUDA BEAUTY
lookfantastic_ef3b3f26bd224e,lookfantastic,KIKO Milano,Fenty Beauty Fenty Icon The Case Semi-Matte Refillable Lipstick- Metallic Nude,Fenty Beauty,needs_manual_review,manual_review,0.55,same product_name appears under multiple brands; brands=HUDA BEAUTY; KIKO Milano
lookfantastic_8ee970b701ae5b,lookfantastic,KIKO Milano,Fenty Beauty Invisimatte Instant Setting + Blotting Powder 8.5g,Fenty Beauty,needs_manual_review,manual_review,0.55,same product_name appears under multiple brands; brands=HUDA BEAUTY; KIKO Milano
lookfantastic_626f23c4d44b39,lookfantastic,KIKO Milano,Fenty Beauty Mini Gloss Bomb Kit,Fenty Beauty,needs_manual_review,manual_review,0.55,same product_name appears under multiple brands; brands=Fenty Beauty; KIKO Milano
lookfantastic_e50326b5aed5aa,lookfantastic,L'Oréal Paris,Fenty Beauty Hella Thicc Volumising Mascara 10ml,Fenty Beauty,needs_manual_review,manual_review,0.55,same product_name appears under multiple brands; brands=L'Oréal Paris; PATRICK TA
lookfantastic_7089bdb2052015,lookfantastic,L'Oréal Paris,Fenty Beauty Mini Hella Thicc Volumising Mascara 6.5ml - Cuz I'M Black,Fenty Beauty,needs_manual_review,manual_review,0.55,same product_name appears under multiple brands; brands=L'Oréal Paris; NARS
lookfantastic_e865943137c131,lookfantastic,Laura Mercier,Fenty Beauty Invisimatte Instant Setting + Blotting Powder Refill 8.5g,Fenty Beauty,needs_manual_review,manual_review,0.55,same product_name appears under multiple brands; brands=HUDA BEAUTY; Laura Mercier
lookfantastic_db274d6d4173a6,lookfantastic,MAC,Fenty Beauty Killawatt Freestyle Highlighter (Various Shades) Wattabrat,Fenty Beauty,needs_manual_review,manual_review,0.55,same product_name appears under multiple brands; brands=HUDA BEAUTY; MAC
lookfantastic_3570362612e2f7,lookfantastic,MAC,Fenty Beauty Mini You Mist Setting Spray 35ml,Fenty Beauty,needs_manual_review,manual_review,0.55,same product_name appears under multiple brands; brands=Fenty Beauty; MAC
lookfantastic_52ce4dbe0fc1de,lookfantastic,MAC,Fenty Beauty Trace'D Out Pencil Lip Liner 1.24g (Various Shades) Brown'D Out,Fenty Beauty,needs_manual_review,manual_review,0.55,same product_name appears under multiple brands; brands=HUDA BEAUTY; MAC
lookfantastic_55140d0153041b,lookfantastic,Maybelline,Fenty Beauty Stunna Lip Paint Longwear Fluid Lip Color 4ml (Various Shades) Unlawful,Fenty Beauty,needs_manual_review,manual_review,0.55,same product_name appears under multiple brands; brands=Fenty Beauty; Maybelline
lookfantastic_2c089f001de826,lookfantastic,NARS,Fenty Beauty Match Stix Contour Skinstick 7.1g (Various Shades) Amber,Fenty Beauty,needs_manual_review,manual_review,0.55,same product_name appears under multiple brands; brands=HUDA BEAUTY; NARS
lookfantastic_b2fc4bedb222bb,lookfantastic,NARS,Fenty Beauty Mini Match Stix Duo Contour + Highlighter Set 5.6g (Various Shades) Deep,Fenty Beauty,needs_manual_review,manual_review,0.55,same product_name appears under multiple brands; brands=NARS; PATRICK TA
lookfantastic_e2117be50851c4,lookfantastic,NARS,Fenty Beauty PRO FILT'R Soft Matte Longwear Foundation 32ml (Various Shades),Fenty Beauty,needs_manual_review,manual_review,0.55,same product_name appears under multiple brands; brands=HUDA BEAUTY; NARS
lookfantastic_e5169bdcb36005,lookfantastic,NARS,Fenty Beauty Pro Filt'R Instant Retouch Concealer 8ml (Various Shades) 120,Fenty Beauty,needs_manual_review,manual_review,0.55,same product_name appears under multiple brands; brands=HUDA BEAUTY; NARS
lookfantastic_cf9c48db8cfea8,lookfantastic,NARS,Fenty Beauty Pro Filt'R Mini Soft Matte Longwear Foundation 12ml (Various Shades) 470,Fenty Beauty,needs_manual_review,manual_review,0.55,same product_name appears under multiple brands; brands=Charlotte Tilbury; NARS
lookfantastic_5f35a75f701bc0,lookfantastic,NARS,Fenty Beauty Pro Filt'R Soft Matte Powder Foundation 9.1g (Various Shades),Fenty Beauty,needs_manual_review,manual_review,0.55,same product_name appears under multiple brands; brands=HUDA BEAUTY; NARS
lookfantastic_38360041c26ee5,lookfantastic,NARS,Fenty Beauty Shake N' Play Buildable Liquid Blush 9ml (Various Shades) Wild'Berry Whip,Fenty Beauty,needs_manual_review,manual_review,0.55,same product_name appears under multiple brands; brands=NARS; PATRICK TA
lookfantastic_e405292d098920,lookfantastic,NARS,Fenty Beauty We'Re Even Hydrating Longwear Concealer 9ml (Various Shades) 100C,Fenty Beauty,needs_manual_review,manual_review,0.55,same product_name appears under multiple brands; brands=Hourglass; NARS
lookfantastic_528ad8ea2de18a,lookfantastic,NYX Professional Makeup,Fenty Beauty Brow Mvp Sculpting Wax Pencil & Styler 1.3g - Unversal,Fenty Beauty,needs_manual_review,manual_review,0.55,same product_name appears under multiple brands; brands=NARS; NYX Professional Makeup
lookfantastic_86862403697455,lookfantastic,NYX Professional Makeup,Fenty Beauty Fenty Icon The Case Semi-Matte Refillable Lipstick- Matte Black,Fenty Beauty,needs_manual_review,manual_review,0.55,same product_name appears under multiple brands; brands=NYX Professional Makeup; PATRICK TA
lookfantastic_88394d9e8c4d05,lookfantastic,NYX Professional Makeup,Fenty Beauty Fenty Icon The Case: Semi-Matte Refillable Lipstick- Red Edition,Fenty Beauty,needs_manual_review,manual_review,0.55,same product_name appears under multiple brands; brands=HUDA BEAUTY; NYX Professional Makeup
lookfantastic_64719f892ec1e9,lookfantastic,Urban Decay,Fenty Beauty Flyliner Longwear Liquid Eyeliner 0.5ml (Various Shades) Cuz I'M Black,Fenty Beauty,needs_manual_review,manual_review,0.55,same product_name appears under multiple brands; brands=NYX Professional Makeup; Urban Decay
lookfantastic_fcee6c8c3bb63a,lookfantastic,Vita Liberata,Fenty Beauty Body Sauce Body Luminizing Tint 95ml (Various Shades) Agave Spice,Fenty Beauty,needs_manual_review,manual_review,0.55,same product_name appears under multiple brands; brands=HUDA BEAUTY; Vita Liberata
lookfantastic_6817e814a0a788,lookfantastic,benefit,Fenty Beauty Poutsicle Hydrating Lip Stain 6.5ml (Various Shades) Fuchsia Wife,Fenty Beauty,needs_manual_review,manual_review,0.55,same product_name appears under multiple brands; brands=PATRICK TA; benefit
lookfantastic_eb10a93a57b917,lookfantastic,Biodance,Fenty Hair The Rich One Mositure Repair Shampoo 90ml and The Rich One Moisture Repair Conditioner 90ml,Fenty Hair,needs_manual_review,manual_review,0.55,same product_name appears under multiple brands; brands=Biodance; Color Wow
lookfantastic_340bd5e43fc444,lookfantastic,Fenty Skin,Fenty Hair Mini Clear Thinker Clarifying Shampoo 90ml,Fenty Hair,needs_manual_review,manual_review,0.55,same product_name appears under multiple brands; brands=Fenty Skin; PATRICK TA
lookfantastic_2041fe119121b5,lookfantastic,Kerastase,Fenty Hair The Water Boi Leave In Conditioner 200ml,Fenty Hair,needs_manual_review,manual_review,0.55,same product_name appears under multiple brands; brands=Kerastase; PATRICK TA
lookfantastic_d3c2113ef2cc1d,lookfantastic,OUAI,Fenty Hair The Flashy One 9-In-1 Treatment Oil 50ml,Fenty Hair,needs_manual_review,manual_review,0.55,same product_name appears under multiple brands; brands=HUDA BEAUTY; OUAI
lookfantastic_8d27d1b29be94c,lookfantastic,Philip Kingsley,Fenty Hair The Comeback Kid Instant Damage Repair Treatment Mini 60ml,Fenty Hair,needs_manual_review,manual_review,0.55,same product_name appears under multiple brands; brands=HUDA BEAUTY; Philip Kingsley
lookfantastic_da50002540c20a,lookfantastic,Redken,Fenty Hair The Protective Type 5-In-1 Heat Protectant Styler Mini 90ml,Fenty Hair,needs_manual_review,manual_review,0.55,same product_name appears under multiple brands; brands=PATRICK TA; Redken
lookfantastic_50c471fd3f6c7d,lookfantastic,Sol de Janeiro,"Fenty Hair Hero Duo, The Homecurl Curl Defining Cream 340ml and The Water Boi Leave in Conditioner 200ml",Fenty Hair,needs_manual_review,manual_review,0.55,same product_name appears under multiple brands; brands=PATRICK TA; Sol de Janeiro
lookfantastic_3a6620dd6e822b,lookfantastic,The Ordinary,Fenty Hair Mini The Rich One Moisture Repair Shampoo 90ml,Fenty Hair,needs_manual_review,manual_review,0.55,same product_name appears under multiple brands; brands=PATRICK TA; The Ordinary
lookfantastic_d1cb26abacfb34,lookfantastic,Umberto Giannini,Fenty Hair The Gelly Type Strong Hold Gel 200ml,Fenty Hair,needs_manual_review,manual_review,0.55,same product_name appears under multiple brands; brands=PATRICK TA; Umberto Giannini
lookfantastic_f40871f6189f0c,lookfantastic,Umberto Giannini,Fenty Hair The Homecurl Curl Defining Cream 340ml,Fenty Hair,needs_manual_review,manual_review,0.55,same product_name appears under multiple brands; brands=PATRICK TA; Umberto Giannini
lookfantastic_4a9b4557dd3a1c,lookfantastic,Umberto Giannini,Fenty Hair The Homecurl Curl Defining Cream Mini 100ml,Fenty Hair,needs_manual_review,manual_review,0.55,same product_name appears under multiple brands; brands=HUDA BEAUTY; Umberto Giannini
lookfantastic_9b10a323ecd1e8,lookfantastic,Aveeno,First Aid Beauty KP Bump Eraser Body Scrub with 10% AHA 56.7g,First Aid Beauty,needs_manual_review,manual_review,0.55,same product_name appears under multiple brands; brands=Aveeno; The Ordinary
lookfantastic_46a8b8c95d283b,lookfantastic,Beauty Works,First Aid Beauty KP Bump Eraser Body Scrub Strawberry 8.0 oz,First Aid Beauty,needs_manual_review,manual_review,0.55,same product_name appears under multiple brands; brands=Beauty Works; First Aid Beauty
lookfantastic_50774577b8fa9b,lookfantastic,Tan-Luxe,First Aid Beauty Ingrown Hair Pads 60 Ct.,First Aid Beauty,needs_manual_review,manual_review,0.55,same product_name appears under multiple brands; brands=First Aid Beauty; Tan-Luxe
lookfantastic_548a67bac7072c,lookfantastic,The Ordinary,First Aid Beauty After-Shower Nourishing Body Oil 177ml,First Aid Beauty,needs_manual_review,manual_review,0.55,same product_name appears under multiple brands; brands=First Aid Beauty; The Ordinary
lookfantastic_13978858adce81,lookfantastic,The Ordinary,First Aid Beauty KP Bump Eraser Body Scrub with 10% AHA 56.7g,First Aid Beauty,needs_manual_review,manual_review,0.55,same product_name appears under multiple brands; brands=Aveeno; The Ordinary
lookfantastic_8862da279414e9,lookfantastic,Tweezerman,First Aid Beauty Ingrown Hair Pads 28 Ct.,First Aid Beauty,needs_manual_review,manual_review,0.55,same product_name appears under multiple brands; brands=First Aid Beauty; Tweezerman
lookfantastic_bf4dd8ac674a5c,lookfantastic,lookfantastic Beauty Box,First Aid Beauty Ultra Repair Face Lotion (1.7oz),First Aid Beauty,needs_manual_review,manual_review,0.55,same product_name appears under multiple brands; brands=First Aid Beauty; lookfantastic Beauty Box
lookfantastic_6ed26cd864b7f0,lookfantastic,lookfantastic Beauty Box,First Aid Beauty Ultra Repair Firming Night Cream 1.7 oz,First Aid Beauty,needs_manual_review,manual_review,0.55,same product_name appears under multiple brands; brands=First Aid Beauty; lookfantastic Beauty Box
lookfantastic_7f919f79862130,lookfantastic,Bondi Sands,Fresh Sugar Treat Lip Oil Berry Limited Edition 4ml,Fresh,needs_manual_review,manual_review,0.55,same product_name appears under multiple brands; brands=Bondi Sands; PATRICK TA
lookfantastic_96d1167caf1cdb,lookfantastic,Caudalie,Fresh Sugar Face Polish Exfoliator 125g,Fresh,needs_manual_review,manual_review,0.55,same product_name appears under multiple brands; brands=Caudalie; OUAI
lookfantastic_b4065d9237dda3,lookfantastic,Clinique,Fresh Brown Sugar Body Polish 490g,Fresh,needs_manual_review,manual_review,0.55,same product_name appears under multiple brands; brands=Clinique; OUAI
lookfantastic_bdc7a2ac5875c4,lookfantastic,Clinique,Fresh Sugar Lip Treatment 4.3g (Various Options),Fresh,needs_manual_review,manual_review,0.55,same product_name appears under multiple brands; brands=Clinique; NARS
lookfantastic_8bbbdb1dd6877e,lookfantastic,ESPA,Fresh Lily Jasmin Body Lotion 300ml,Fresh,needs_manual_review,manual_review,0.55,same product_name appears under multiple brands; brands=Biossance; ESPA
lookfantastic_0e58bfd1c72f9d,lookfantastic,Elizabeth Arden,Fresh Sugar Lemon Body Lotion 300ml,Fresh,needs_manual_review,manual_review,0.55,same product_name appears under multiple brands; brands=Elizabeth Arden; Thank You Farmer
lookfantastic_35a3121e8d0832,lookfantastic,Embryolisse,Fresh Rose Instant Hydration Mist 100ml,Fresh,needs_manual_review,manual_review,0.55,same product_name appears under multiple brands; brands=Caudalie; Embryolisse
lookfantastic_ea6e765a61ecd1,lookfantastic,Eucerin,Fresh Black Tea Peptide Firming Overnight Mask 30ml,Fresh,needs_manual_review,manual_review,0.55,same product_name appears under multiple brands; brands=Eucerin; NIOD
lookfantastic_37924d10f3b725,lookfantastic,Eve Lom,Fresh Lotus Youth Preserve Rescue Mask 100ml,Fresh,needs_manual_review,manual_review,0.55,same product_name appears under multiple brands; brands=Eve Lom; PATRICK TA
lookfantastic_db2ae6eec1fcff,lookfantastic,Eve Lom,Fresh Sugar Advanced Therapy Treatment Lip Balm 4.3g,Fresh,needs_manual_review,manual_review,0.55,same product_name appears under multiple brands; brands=Eve Lom; PATRICK TA
lookfantastic_9bfb55793cc753,lookfantastic,KLORANE,Fresh Freesia Oval Soap 250g,Fresh,needs_manual_review,manual_review,0.55,same product_name appears under multiple brands; brands=Fresh; KLORANE
lookfantastic_6e8cb033360bcf,lookfantastic,Kerastase,Fresh Rose Deep Hydration Sleeping Mask 35ml,Fresh,needs_manual_review,manual_review,0.55,same product_name appears under multiple brands; brands=Kerastase; Patchology
lookfantastic_331252708fb1b5,lookfantastic,Kiehl's Since 1851,Fresh Black Tea Peptide Firming Overnight Mask 100ml,Fresh,needs_manual_review,manual_review,0.55,same product_name appears under multiple brands; brands=Kiehl's Since 1851; Paula's Choice
lookfantastic_e2a615dbf49b67,lookfantastic,Kiehl's Since 1851,Fresh Rose Deep Hydration Face Cream (Various Sizes),Fresh,needs_manual_review,manual_review,0.55,same product_name appears under multiple brands; brands=Fresh; Kiehl's Since 1851
lookfantastic_a979bbddcb5916,lookfantastic,Kiehl's Since 1851,Fresh Soy Face Cleanser (Various Sizes),Fresh,needs_manual_review,manual_review,0.55,same product_name appears under multiple brands; brands=Kiehl's Since 1851; Paula's Choice
lookfantastic_001d656dda240e,lookfantastic,La Roche-Posay,Fresh Sugar Coconut Hydrating Lip Balm 6g Sugar Caramel,Fresh,needs_manual_review,manual_review,0.55,same product_name appears under multiple brands; brands=Fresh; La Roche-Posay
lookfantastic_64684cd6504110,lookfantastic,La Roche-Posay,Fresh Sugar Strawberry Exfoliant Face Wash 125ml,Fresh,needs_manual_review,manual_review,0.55,same product_name appears under multiple brands; brands=Kiehl's Since 1851; La Roche-Posay
lookfantastic_e6b56df53bd1e9,lookfantastic,Leonor Greyl,Fresh Rose Face Mask 30ml,Fresh,needs_manual_review,manual_review,0.55,same product_name appears under multiple brands; brands=Fresh; Leonor Greyl
lookfantastic_5d299f6c502ee7,lookfantastic,Medik8,Fresh Black Tea Elixir Age Renewal Serum 30ml,Fresh,needs_manual_review,manual_review,0.55,same product_name appears under multiple brands; brands=Fresh; Medik8
lookfantastic_bfb00bb736b906,lookfantastic,Medik8,Fresh Lotus Youth Preserve Exfoliating Face Toner 150ml,Fresh,needs_manual_review,manual_review,0.55,same product_name appears under multiple brands; brands=Fresh; Medik8
lookfantastic_85d7d6ef10b89d,lookfantastic,NARS,Fresh Rose Face Mask 100ml,Fresh,needs_manual_review,manual_review,0.55,same product_name appears under multiple brands; brands=Fresh; NARS
lookfantastic_f28c1397cb5a6b,lookfantastic,NYX Professional Makeup,Fresh Rose Morning Body Lotion 300ml,Fresh,needs_manual_review,manual_review,0.55,same product_name appears under multiple brands; brands=HUDA BEAUTY; NYX Professional Makeup
lookfantastic_3a348c598c61a4,lookfantastic,NYX Professional Makeup,Fresh Sugar Lychee Body Lotion 300ml,Fresh,needs_manual_review,manual_review,0.55,same product_name appears under multiple brands; brands=NYX Professional Makeup; PATRICK TA
lookfantastic_9b78d1002f9663,lookfantastic,Redken,Fresh Sugar Roll-On Deodorant Antiperspirant 75ml,Fresh,needs_manual_review,manual_review,0.55,same product_name appears under multiple brands; brands=Caudalie; Redken
lookfantastic_930436a9671b61,lookfantastic,Redken,Fresh Sugar Strawberry Exfoliating Face Wash 50ml,Fresh,needs_manual_review,manual_review,0.55,same product_name appears under multiple brands; brands=Fresh; Redken
lookfantastic_1e863e7f6be10e,lookfantastic,Rimmel,Fresh Sugar Treat Lip Oil Honey Limited Edition 4ml,Fresh,needs_manual_review,manual_review,0.55,same product_name appears under multiple brands; brands=Rimmel; Summer Fridays
lookfantastic_640a096e333c97,lookfantastic,Sol de Janeiro,Fresh Lily Jasmin Body Wash 300ml,Fresh,needs_manual_review,manual_review,0.55,same product_name appears under multiple brands; brands=HUDA BEAUTY; Sol de Janeiro
lookfantastic_a0aa5dbb3a1cfd,lookfantastic,The Ordinary,Fresh Hesperides Grapefruit Oval Soap 250g,Fresh,needs_manual_review,manual_review,0.55,same product_name appears under multiple brands; brands=Fresh; The Ordinary
lookfantastic_69029c6e3f79a3,lookfantastic,The Ordinary,Fresh Sugar Caramel Hydrating Lip Balm 6g Sugar Caramel,Fresh,needs_manual_review,manual_review,0.55,same product_name appears under multiple brands; brands=Fresh; The Ordinary
lookfantastic_c593b52c98400e,lookfantastic,Urban Decay,Fresh Brown Sugar Body Polish 240g,Fresh,needs_manual_review,manual_review,0.55,same product_name appears under multiple brands; brands=Aesop; Urban Decay
lookfantastic_777d2d2b07f7c8,lookfantastic,YSL,Fresh Kombucha Antioxidant Facial Treatment Essence 150ml,Fresh,needs_manual_review,manual_review,0.55,same product_name appears under multiple brands; brands=Fresh; YSL
lookfantastic_e8233bf3e6796f,lookfantastic,YSL,Fresh Sugar Face Polish Exfoliator 30g,Fresh,needs_manual_review,manual_review,0.55,same product_name appears under multiple brands; brands=Paula's Choice; YSL
lookfantastic_603ea452d28698,lookfantastic,benefit,Fresh Sugar Watermelon Hydrating Lip Balm 6g Sugar Caramel,Fresh,needs_manual_review,manual_review,0.55,same product_name appears under multiple brands; brands=La Roche-Posay; benefit
lookfantastic_8630369bb69914,lookfantastic,this works,Fresh Hesperides Grapefruit Body and Hand Wash 300ml,Fresh,needs_manual_review,manual_review,0.55,same product_name appears under multiple brands; brands=NARS; this works
lookfantastic_6e5d73f404b25b,lookfantastic,RapidLash,GRANDE Cosmetics GrandeBROW Brow Enhancing Serum (Various Options),GRANDE Cosmetics,needs_manual_review,manual_review,0.55,same product_name appears under multiple brands; brands=GRANDE Cosmetics; RapidLash
lookfantastic_d923fd1385bf73,lookfantastic,RapidLash,GRANDE Cosmetics GrandeLASH-MD Lash Enhancing Serum (Various Options),GRANDE Cosmetics,needs_manual_review,manual_review,0.55,same product_name appears under multiple brands; brands=GRANDE Cosmetics; RapidLash
lookfantastic_245e66b10a16ff,lookfantastic,ESPA,GUERLAIN Orchidée Impériale The Essence-In-Lotion 125ml,GUERLAIN,needs_manual_review,manual_review,0.55,same product_name appears under multiple brands; brands=Aesop; ESPA
lookfantastic_562e950fe0e18a,lookfantastic,MAC,GUERLAIN Ombres G 24 XMAS Eyeshadow Quad,GUERLAIN,needs_manual_review,manual_review,0.55,same product_name appears under multiple brands; brands=MAC; PATRICK TA
lookfantastic_d917c49342c2bd,lookfantastic,lookfantastic Beauty Box,GUERLAIN Orchidée Impériale Brightening The Radiance Concentrate 30ml,GUERLAIN,needs_manual_review,manual_review,0.55,same product_name appears under multiple brands; brands=Sisley Paris; lookfantastic Beauty Box
lookfantastic_14605dd9319edc,lookfantastic,Beauty Works,Grow Gorgeous Hair Density Serum Intense 30ml,Grow Gorgeous,needs_manual_review,manual_review,0.55,same product_name appears under multiple brands; brands=Beauty Works; Grow Gorgeous
lookfantastic_a566b317deb431,lookfantastic,Aesop,Grown Alchemist Invigorate Hand Wash 500ml,Grown Alchemist,needs_manual_review,manual_review,0.55,same product_name appears under multiple brands; brands=Aesop; Grown Alchemist
lookfantastic_c0edec8988db08,lookfantastic,Armani,Grown Alchemist Restorative Hand Cream 500ml,Grown Alchemist,needs_manual_review,manual_review,0.55,same product_name appears under multiple brands; brands=Armani; Grown Alchemist
lookfantastic_db77315b463094,lookfantastic,BEAUTYPRO,Grown Alchemist Hydra-Restore Eye Serum 15ml,Grown Alchemist,needs_manual_review,manual_review,0.55,same product_name appears under multiple brands; brands=BEAUTYPRO; Grown Alchemist
lookfantastic_b17d9e17ce8104,lookfantastic,Beauty of Joseon,Grown Alchemist Regenerating Serum 30ml,Grown Alchemist,needs_manual_review,manual_review,0.55,same product_name appears under multiple brands; brands=Beauty of Joseon; Grown Alchemist
lookfantastic_2d7b6bdb8f0212,lookfantastic,CeraVe,Grown Alchemist Hydra-Restore Day Cream 65ml,Grown Alchemist,needs_manual_review,manual_review,0.55,same product_name appears under multiple brands; brands=CeraVe; Grown Alchemist
lookfantastic_fb84493f182f1b,lookfantastic,CeraVe,Grown Alchemist Smoothing Body Exfoliant 170ml,Grown Alchemist,needs_manual_review,manual_review,0.55,same product_name appears under multiple brands; brands=CeraVe; Grown Alchemist
lookfantastic_917ccb4e92b3e5,lookfantastic,Clinique,Grown Alchemist Energize Body Cleanser 1L Refill Pouch,Grown Alchemist,needs_manual_review,manual_review,0.55,same product_name appears under multiple brands; brands=Clinique; Grown Alchemist
lookfantastic_f4514bfb54cfff,lookfantastic,Color Wow,Grown Alchemist Restorative Body Cream 500ml,Grown Alchemist,needs_manual_review,manual_review,0.55,same product_name appears under multiple brands; brands=Color Wow; Grown Alchemist
lookfantastic_ec3bc5d651fa67,lookfantastic,Color Wow,Grown Alchemist Skin Renewal Serum 25ml,Grown Alchemist,needs_manual_review,manual_review,0.55,same product_name appears under multiple brands; brands=Color Wow; Grown Alchemist
lookfantastic_b5f1e9337064ed,lookfantastic,ESPA,Grown Alchemist Ultimate Discovery Kit,Grown Alchemist,needs_manual_review,manual_review,0.55,same product_name appears under multiple brands; brands=ESPA; Glow Recipe
lookfantastic_a6b8267f1dc9c8,lookfantastic,Elizabeth Arden,Grown Alchemist Hydra-Restore Lip Balm 12ml,Grown Alchemist,needs_manual_review,manual_review,0.55,same product_name appears under multiple brands; brands=Elizabeth Arden; Grown Alchemist
lookfantastic_6def5b5611fe8f,lookfantastic,Garnier,Grown Alchemist Instant Smoothing Serum 25ml,Grown Alchemist,needs_manual_review,manual_review,0.55,same product_name appears under multiple brands; brands=Garnier; Grown Alchemist
lookfantastic_5eb33ff2c351f3,lookfantastic,La Roche-Posay,Grown Alchemist Regenerating Moisturizer 60ml,Grown Alchemist,needs_manual_review,manual_review,0.55,same product_name appears under multiple brands; brands=Grown Alchemist; La Roche-Posay
lookfantastic_5f91c3433b904a,lookfantastic,Laura Mercier,Grown Alchemist Hydra-Restore Cream Cleanser 100ml,Grown Alchemist,needs_manual_review,manual_review,0.55,same product_name appears under multiple brands; brands=Grown Alchemist; Laura Mercier
lookfantastic_8c6cebf0c02c90,lookfantastic,Medik8,Grown Alchemist Invigorate Hand Wash 1L Refill Pouch,Grown Alchemist,needs_manual_review,manual_review,0.55,same product_name appears under multiple brands; brands=Grown Alchemist; Medik8
lookfantastic_e0783a714f132a,lookfantastic,Medik8,Grown Alchemist Regenerating Eye Cream 15ml,Grown Alchemist,needs_manual_review,manual_review,0.55,same product_name appears under multiple brands; brands=Grown Alchemist; Medik8
lookfantastic_5d1b776985d1a1,lookfantastic,NEOM,Grown Alchemist Restorative Hand Cream 65ml,Grown Alchemist,needs_manual_review,manual_review,0.55,same product_name appears under multiple brands; brands=Grown Alchemist; NEOM
lookfantastic_a71f903d39d217,lookfantastic,NEOM,Grown Alchemist Restorative Hand Cream 65ml,Grown Alchemist,needs_manual_review,manual_review,0.55,same product_name appears under multiple brands; brands=Grown Alchemist; NEOM
lookfantastic_d965735523165a,lookfantastic,The INKEY List,Grown Alchemist Gentle Gel Facial Cleanser 200ml,Grown Alchemist,needs_manual_review,manual_review,0.55,same product_name appears under multiple brands; brands=Grown Alchemist; The INKEY List
lookfantastic_5eba914c69c775,lookfantastic,The Ordinary,Grown Alchemist Energize Body Cleanser 500ml,Grown Alchemist,needs_manual_review,manual_review,0.55,same product_name appears under multiple brands; brands=Grown Alchemist; The Ordinary
lookfantastic_ea2979949efa9b,lookfantastic,Too Faced,Grown Alchemist Hydra Restore Shampoo 300ml,Grown Alchemist,needs_manual_review,manual_review,0.55,same product_name appears under multiple brands; brands=Grown Alchemist; Too Faced
lookfantastic_cd08e9d1f8f593,lookfantastic,La Roche-Posay,Herbivore Aquarius Pore Purifying Clarity Cream,HERBIVORE,needs_manual_review,manual_review,0.55,same product_name appears under multiple brands; brands=La Roche-Posay; Pai
lookfantastic_ef195eec6dfd79,lookfantastic,Medik8,Herbivore Cloud Jelly Pink Plumping Hydration Serum 30ml,HERBIVORE,needs_manual_review,manual_review,0.55,same product_name appears under multiple brands; brands=Medik8; PATRICK TA
lookfantastic_ed1c045dccac34,lookfantastic,Bobbi Brown,Hermès Un Jardin Sur Le Nil Hair and Body Shower Gel Bott 200ml,HERMÈS,needs_manual_review,manual_review,0.55,same product_name appears under multiple brands; brands=Bobbi Brown; OUAI
lookfantastic_019359e4630d48,lookfantastic,CeraVe,Hermès Un Jardin Sur Le Nil Moisturizing Body Lotion Bottle 200ml,HERMÈS,needs_manual_review,manual_review,0.55,same product_name appears under multiple brands; brands=CeraVe; HUDA BEAUTY
lookfantastic_dbab10a773880a,lookfantastic,Clinique for Men,Hermès Un Jardin À Cythère Hair and Body Shower Gel Bottle 200ml,HERMÈS,needs_manual_review,manual_review,0.55,same product_name appears under multiple brands; brands=Clinique for Men; Tan-Luxe
lookfantastic_b448c48d3f1c4c,lookfantastic,Color Wow,Hermès Eau De Citron Noir Hair and Body Shower Gel Bottle 200ml,HERMÈS,needs_manual_review,manual_review,0.55,same product_name appears under multiple brands; brands=Color Wow; HUDA BEAUTY
lookfantastic_33a3c2b314d59c,lookfantastic,Color Wow,Hermès Eau De Citron Noir Hand and Body Cleansing Gel Bottle 300ml,HERMÈS,needs_manual_review,manual_review,0.55,same product_name appears under multiple brands; brands=Color Wow; PATRICK TA
lookfantastic_ff3c9d19f10ae1,lookfantastic,ESPA,Hermès Barenia Body Cream 200ml,HERMÈS,needs_manual_review,manual_review,0.55,same product_name appears under multiple brands; brands=ESPA; PATRICK TA
lookfantastic_dd868ef98ef127,lookfantastic,Goldwell,Hermès Eau D'Orange Verte Hand and Body Cleansing Gel Bottle 300ml,HERMÈS,needs_manual_review,manual_review,0.55,same product_name appears under multiple brands; brands=Aesop; Goldwell
lookfantastic_0f0099bfb713eb,lookfantastic,Jimmy Choo,Hermès Un Jardin À Cythère Moisturizing Body Lotion Bottle 200ml,HERMÈS,needs_manual_review,manual_review,0.55,same product_name appears under multiple brands; brands=HUDA BEAUTY; Jimmy Choo
lookfantastic_6c1e466c71cda0,lookfantastic,Jo Malone London,Hermès Le Jardin De Monsieur Li Moisturizing Body Lotion Bott 200ml,HERMÈS,needs_manual_review,manual_review,0.55,same product_name appears under multiple brands; brands=Jo Malone London; Medik8
lookfantastic_28914b798c4155,lookfantastic,Kerastase,Hermès Barénia Hair Mist 30ml,HERMÈS,needs_manual_review,manual_review,0.55,same product_name appears under multiple brands; brands=Kerastase; Tweezerman
lookfantastic_7793e9683aa44c,lookfantastic,Kérastase,Hermès Terre D'Hermès Déodorant Vapo 150ml,HERMÈS,needs_manual_review,manual_review,0.55,same product_name appears under multiple brands; brands=Kérastase; Sol de Janeiro
lookfantastic_fc9491e9258676,lookfantastic,Medik8,Hermès Twilly D'Hermès Body Shower Cream 200ml,HERMÈS,needs_manual_review,manual_review,0.55,same product_name appears under multiple brands; brands=Charlotte Tilbury; Medik8
lookfantastic_75e0c17e5c42a3,lookfantastic,NEOM,Hermès Eau De Rhubarbe Écarlate Hand and Body Cleans Gel Bottle 300ml,HERMÈS,needs_manual_review,manual_review,0.55,same product_name appears under multiple brands; brands=NEOM; Oribe
lookfantastic_9219f013c8b74d,lookfantastic,NEOM,Hermès Le Jardin De Monsieur Li Hair and Body Shower Gel Bottle 200ml,HERMÈS,needs_manual_review,manual_review,0.55,same product_name appears under multiple brands; brands=NARS; NEOM
lookfantastic_867d2f438d01da,lookfantastic,Sol de Janeiro,Hermès Eau De Citron Noir Moisturizing Body Lotion Bottle 200ml,HERMÈS,needs_manual_review,manual_review,0.55,same product_name appears under multiple brands; brands=NARS; Sol de Janeiro
lookfantastic_4ab7338bf7dc94,lookfantastic,The Ordinary,Hermès Barenia Soap 150g,HERMÈS,needs_manual_review,manual_review,0.55,same product_name appears under multiple brands; brands=HUDA BEAUTY; The Ordinary
lookfantastic_db4980a1e9b0d9,lookfantastic,Vichy,Hermès Terre D'Hermès After-Shave Lotion Bottle 100ml,HERMÈS,needs_manual_review,manual_review,0.55,same product_name appears under multiple brands; brands=Medik8; Vichy
lookfantastic_8dbc6c0ef31121,lookfantastic,Bumble and bumble,Hair Gain Peptide Puff Dry Shampoo 7ml,Hair Gain,needs_manual_review,manual_review,0.55,same product_name appears under multiple brands; brands=Aveda; Bumble and bumble
lookfantastic_ed3e2278f2d269,lookfantastic,Denman,Hair Gain Scalp Massager,Hair Gain,needs_manual_review,manual_review,0.55,same product_name appears under multiple brands; brands=Denman; The Ordinary
lookfantastic_d490e9cfd645a1,lookfantastic,L'Occitane,Hair Gain Hydrating Conditioner 250ml - Starter Kit,Hair Gain,needs_manual_review,manual_review,0.55,same product_name appears under multiple brands; brands=Hair Gain; L'Occitane
lookfantastic_ec079193f7c0d3,lookfantastic,Lancaster,Hair Gain Capsules Duo,Hair Gain,needs_manual_review,manual_review,0.55,same product_name appears under multiple brands; brands=Lancaster; PATRICK TA
lookfantastic_235c0bc59d00c7,lookfantastic,Redken,Hair Gain Hair Capsules Trio,Hair Gain,needs_manual_review,manual_review,0.55,same product_name appears under multiple brands; brands=Redken; Sweed
lookfantastic_f80cdd77016885,lookfantastic,The Ordinary,Hair Gain Scalp Foam 50ml,Hair Gain,needs_manual_review,manual_review,0.55,same product_name appears under multiple brands; brands=Hair Gain; The Ordinary
lookfantastic_3e4950321a6753,lookfantastic,BLEACH LONDON,Hair by Sam McKnight Deeper Love 5-minute Intense Treatment Mask 50ml,Hair by Sam McKnight,needs_manual_review,manual_review,0.55,same product_name appears under multiple brands; brands=BLEACH LONDON; PATRICK TA
lookfantastic_3c634a7452a43f,lookfantastic,Beauty Works,Hair By Sam McKnight Cool Girl Volume Nourish Conditioner 200ml,Hair by Sam McKnight,needs_manual_review,manual_review,0.55,same product_name appears under multiple brands; brands=Beauty Works; PATRICK TA
lookfantastic_5c161cf0ce49c2,lookfantastic,Beauty Works,Hair By Sam McKnight Light Nourish Conditioner 200ml,Hair by Sam McKnight,needs_manual_review,manual_review,0.55,same product_name appears under multiple brands; brands=Beauty Works; PATRICK TA
lookfantastic_1ef86b667e2593,lookfantastic,Beauty Works,Hair By Sam McKnight Save The Do Heat Protection Spray 150ml,Hair by Sam McKnight,needs_manual_review,manual_review,0.55,same product_name appears under multiple brands; brands=Beauty Works; Hair by Sam McKnight
lookfantastic_7c45fb4c9a262c,lookfantastic,Color Wow,Hair by Sam McKnight Cool Girl Barely There Texture Mist 250ml,Hair by Sam McKnight,needs_manual_review,manual_review,0.55,same product_name appears under multiple brands; brands=Color Wow; Hair by Sam McKnight
lookfantastic_8c59096497cbec,lookfantastic,Color Wow,Hair by Sam McKnight Cool Girl Barely There Texture Mist 50ml,Hair by Sam McKnight,needs_manual_review,manual_review,0.55,same product_name appears under multiple brands; brands=Color Wow; Hair by Sam McKnight
lookfantastic_44b857544696b3,lookfantastic,Color Wow,Hair by Sam McKnight Rich Cleanse Nourishing Shampoo 100ml,Hair by Sam McKnight,needs_manual_review,manual_review,0.55,same product_name appears under multiple brands; brands=Color Wow; PATRICK TA
lookfantastic_cdabde55fce76e,lookfantastic,Embryolisse,Hair by Sam McKnight Pure Genius 98% Natural Scalp Restoring Oil 30ml,Hair by Sam McKnight,needs_manual_review,manual_review,0.55,same product_name appears under multiple brands; brands=Embryolisse; The Ordinary
lookfantastic_e5905d73131db4,lookfantastic,Kerastase,Hair by Sam McKnight Cool Girl Volume Blow Dry Foam 150ml,Hair by Sam McKnight,needs_manual_review,manual_review,0.55,same product_name appears under multiple brands; brands=Hair by Sam McKnight; Kerastase
lookfantastic_635e44baec9539,lookfantastic,L'Oréal Professionnel,Hair By Sam McKnight Cool Curls Refresh & Revive Mist 150ml,Hair by Sam McKnight,needs_manual_review,manual_review,0.55,same product_name appears under multiple brands; brands=Hair by Sam McKnight; L'Oréal Professionnel
lookfantastic_a378101449a52f,lookfantastic,La Roche-Posay,Hair By Sam McKnight Happy Endings Nourishing Balm 80ml,Hair by Sam McKnight,needs_manual_review,manual_review,0.55,same product_name appears under multiple brands; brands=Hair by Sam McKnight; La Roche-Posay
lookfantastic_4d5b3eb8f9dbab,lookfantastic,Lancôme,Hair by Sam McKnight Lazy Girl Dry Shampoo 50ml,Hair by Sam McKnight,needs_manual_review,manual_review,0.55,same product_name appears under multiple brands; brands=Hair by Sam McKnight; Lancôme
lookfantastic_0892d979068660,lookfantastic,MAC,Hair by Sam McKnight Dressed to Kill Define and Defrizz Cream 50ml,Hair by Sam McKnight,needs_manual_review,manual_review,0.55,same product_name appears under multiple brands; brands=Hair by Sam McKnight; MAC
lookfantastic_d3b33933c6477b,lookfantastic,MAC,Hair by Sam McKnight Easy-Up Do Texture Spray 250ml,Hair by Sam McKnight,needs_manual_review,manual_review,0.55,same product_name appears under multiple brands; brands=Hair by Sam McKnight; MAC
lookfantastic_500b897fcdd433,lookfantastic,Medik8,Hair By Sam McKnight Lazy Girl Biodegradable Hair Cleanse Cloths (20 Wipes),Hair by Sam McKnight,needs_manual_review,manual_review,0.55,same product_name appears under multiple brands; brands=Medik8; Paula's Choice
lookfantastic_5d441f0e1432d0,lookfantastic,Moroccanoil,Hair By Sam McKnight Bigger Love Cool Girl Volumising Treatment Mask 200ml,Hair by Sam McKnight,needs_manual_review,manual_review,0.55,same product_name appears under multiple brands; brands=Hair by Sam McKnight; Moroccanoil
lookfantastic_ae8dcc11b00247,lookfantastic,Moroccanoil,Hair By Sam McKnight Cool Girl Volume Cleanse Shampoo 250ml,Hair by Sam McKnight,needs_manual_review,manual_review,0.55,same product_name appears under multiple brands; brands=Hair by Sam McKnight; Moroccanoil
lookfantastic_52693b5181babe,lookfantastic,Moroccanoil,Hair By Sam McKnight Sundaze Sea Spray 150ml,Hair by Sam McKnight,needs_manual_review,manual_review,0.55,same product_name appears under multiple brands; brands=Moroccanoil; Sun Bum
lookfantastic_4f5d0855f3cd89,lookfantastic,NARS,Hair by Sam McKnight Lazy Girl Dry Shampoo 250ml,Hair by Sam McKnight,needs_manual_review,manual_review,0.55,same product_name appears under multiple brands; brands=Hair by Sam McKnight; NARS
lookfantastic_b0d1523cc5799d,lookfantastic,Philip Kingsley,Hair by Sam McKnight The Style Edit,Hair by Sam McKnight,needs_manual_review,manual_review,0.55,same product_name appears under multiple brands; brands=Hair by Sam McKnight; Philip Kingsley
lookfantastic_3015d6de34863e,lookfantastic,Redken,Hair By Sam McKnight Bigger Love Cool Girl Volumising Treatment Mask 50ml,Hair by Sam McKnight,needs_manual_review,manual_review,0.55,same product_name appears under multiple brands; brands=Hair Gain; Redken
lookfantastic_bb6ddb3b2b9a4d,lookfantastic,Redken,Hair by Sam McKnight Deeper Love 5-minute Intense Treatment Mask 200ml,Hair by Sam McKnight,needs_manual_review,manual_review,0.55,same product_name appears under multiple brands; brands=Color Wow; Redken
lookfantastic_674226bc63eb27,lookfantastic,Redken,Hair by Sam McKnight Happy Endings Nourishing Balm 30ml,Hair by Sam McKnight,needs_manual_review,manual_review,0.55,same product_name appears under multiple brands; brands=Hair by Sam McKnight; Redken
lookfantastic_8395db5cb30a87,lookfantastic,Redken,Hair by Sam McKnight Modern Hairspray Multi-Task Styling Mist 250ml,Hair by Sam McKnight,needs_manual_review,manual_review,0.55,same product_name appears under multiple brands; brands=Hair by Sam McKnight; Redken
lookfantastic_10406c3c3c33dd,lookfantastic,Redken,Hair by Sam McKnight Rich Nourish Conditioner 75ml,Hair by Sam McKnight,needs_manual_review,manual_review,0.55,same product_name appears under multiple brands; brands=HUDA BEAUTY; Redken
lookfantastic_6798e588e0108a,lookfantastic,Sol de Janeiro,Hair By Sam McKnight Rich Cleanse Nourishing Shampoo 250ml,Hair by Sam McKnight,needs_manual_review,manual_review,0.55,same product_name appears under multiple brands; brands=PATRICK TA; Sol de Janeiro
lookfantastic_6db4125c463d4c,lookfantastic,benefit,Hair By Sam McKnight Light Cleanse Hair and Scalp Shampoo 250ml,Hair by Sam McKnight,needs_manual_review,manual_review,0.55,same product_name appears under multiple brands; brands=Hair by Sam McKnight; benefit
lookfantastic_633a71912c1c1d,lookfantastic,lookfantastic Beauty Box,Hair By Sam McKnight Rich Nourish Conditioner 200ml,Hair by Sam McKnight,needs_manual_review,manual_review,0.55,same product_name appears under multiple brands; brands=Hair by Sam McKnight; lookfantastic Beauty Box
lookfantastic_63005abea5a8ab,lookfantastic,lookfantastic Beauty Box,Hair by Sam McKnight Light Cleanse Hair and Scalp Shampoo 100ml,Hair by Sam McKnight,needs_manual_review,manual_review,0.55,same product_name appears under multiple brands; brands=Hair by Sam McKnight; lookfantastic Beauty Box
lookfantastic_8c348a91655fe1,lookfantastic,lookfantastic Beauty Box,Hair by Sam McKnnight Crème Cleanse 250ml,Hair+,needs_manual_review,manual_review,0.55,same product_name appears under multiple brands; brands=PATRICK TA; lookfantastic Beauty Box
lookfantastic_1fcb0fae59a746,lookfantastic,Bondi Sands,Hello Sunday Tinted Lip Balm SPF50 15ml Rose Bloom,Hello Sunday,needs_manual_review,manual_review,0.55,same product_name appears under multiple brands; brands=Bondi Sands; Lanolips; Mielle Organics
lookfantastic_58647170b03fee,lookfantastic,Lanolips,Hello Sunday Tinted Lip Balm SPF50 15ml Rose Bloom,Hello Sunday,needs_manual_review,manual_review,0.55,same product_name appears under multiple brands; brands=Bondi Sands; Lanolips; Mielle Organics
lookfantastic_27012edaf1f890,lookfantastic,Mielle Organics,Hello Sunday Tinted Lip Balm SPF50 15ml Rose Bloom,Hello Sunday,needs_manual_review,manual_review,0.55,same product_name appears under multiple brands; brands=Bondi Sands; Lanolips; Mielle Organics
lookfantastic_b2f44c27926241,lookfantastic,BEAUTYPRO,Herbivore Botanicals Nova Bi-Phase Glow Facial Oil 50ml,Herbivore Botanicals,needs_manual_review,manual_review,0.55,same product_name appears under multiple brands; brands=BEAUTYPRO; Herbivore Botanicals
lookfantastic_21876fe08deb65,lookfantastic,Dermalogica,Herbivore Botanicals Nova 15% Vitamin C and Turmeric Brightening Serum 30ml,Herbivore Botanicals,needs_manual_review,manual_review,0.55,same product_name appears under multiple brands; brands=Augustinus Bader; Dermalogica; Herbivore Botanicals
lookfantastic_c90d83104c609a,lookfantastic,Dr. Hauschka,Herbivore Botanicals LAPIS Blue Tansy Face Oil 30ml,Herbivore Botanicals,needs_manual_review,manual_review,0.55,same product_name appears under multiple brands; brands=Dr. Hauschka; Herbivore Botanicals
lookfantastic_f133012cb1ad98,lookfantastic,Medik8,Herbivore Botanicals Bakuchiol Retinol Alternative Serum 30ml,Herbivore Botanicals,needs_manual_review,manual_review,0.55,same product_name appears under multiple brands; brands=Herbivore Botanicals; Medik8
lookfantastic_60420c868fe8bc,lookfantastic,The Ordinary,Herbivore Botanicals Moon Dew 1% Bakuchiol and Peptides Retinol Alternative Eye Cream,Herbivore Botanicals,needs_manual_review,manual_review,0.55,same product_name appears under multiple brands; brands=Herbivore Botanicals; Pai; The Ordinary
lookfantastic_6dcd08c7075e8f,lookfantastic,lookfantastic Beauty Box,Herbivore BotanicalsTremella Silky Hydration Gel Cream 50ml,Herbivore Botanicals,needs_manual_review,manual_review,0.55,same product_name appears under multiple brands; brands=Herbivore Botanicals; lookfantastic Beauty Box
lookfantastic_4870e4d9596109,lookfantastic,L'Oréal Paris,ICONIC London Triple Threat Mascara 9ml Black,ICONIC LONDON,needs_manual_review,manual_review,0.55,same product_name appears under multiple brands; brands=Charlotte Tilbury; ICONIC London; L'Oréal Paris
lookfantastic_8ab9cfdf0369c3,lookfantastic,Laura Mercier,ICONIC London Soft Touch Blush 24g (Various Shades) Grace Juice,ICONIC LONDON,needs_manual_review,manual_review,0.55,same product_name appears under multiple brands; brands=Laura Mercier; PATRICK TA
lookfantastic_2e004cddd887ea,lookfantastic,Laura Mercier,ICONIC London Velvet Blur Translucent Setting Powder,ICONIC LONDON,needs_manual_review,manual_review,0.55,same product_name appears under multiple brands; brands=ICONIC London; Laura Mercier
lookfantastic_a7b07f038330d4,lookfantastic,MAC,ICONIC London Lit and Luminous Baked Highlighter 16g,ICONIC LONDON,needs_manual_review,manual_review,0.55,same product_name appears under multiple brands; brands=ICONIC London; MAC
lookfantastic_14776edf802e9d,lookfantastic,MAC,ICONIC London Smokey Eye Duo Kajal (Various Shades) Midnight Black,ICONIC LONDON,needs_manual_review,manual_review,0.55,same product_name appears under multiple brands; brands=ICONIC London; MAC
lookfantastic_fe63e1349dd429,lookfantastic,MAC,ICONIC London Soft Touch Bronzer (Various Shades) Toasty,ICONIC LONDON,needs_manual_review,manual_review,0.55,same product_name appears under multiple brands; brands=MAC; PATRICK TA
lookfantastic_658407fb1d06be,lookfantastic,NARS,ICONIC London Blurring Blush Stick 6g (Various Shades) Daiquiri,ICONIC LONDON,needs_manual_review,manual_review,0.55,same product_name appears under multiple brands; brands=ICONIC London; NARS
lookfantastic_07fea2cfd392a6,lookfantastic,NYX Professional Makeup,ICONIC London Mini Prep Set Blur Setting Spray 30ml,ICONIC LONDON,needs_manual_review,manual_review,0.55,same product_name appears under multiple brands; brands=ICONIC London; NYX Professional Makeup
lookfantastic_6d473ee7341f04,lookfantastic,Rimmel,ICONIC London Cloud Kiss Matte Lip Mousse 7ml (Various Shades) Undressed,ICONIC LONDON,needs_manual_review,manual_review,0.55,same product_name appears under multiple brands; brands=ICONIC London; Rimmel
lookfantastic_c1c8415b6bd2c1,lookfantastic,L'Oréal Paris,IT Cosmetics Superhero Mascara - Black (Various Sizes),IT Cosmetics,needs_manual_review,manual_review,0.55,same product_name appears under multiple brands; brands=L'Oréal Paris; NYX Professional Makeup
lookfantastic_5663d11d55b422,lookfantastic,Laura Mercier,IT Cosmetics Bye Bye Pores Poreless Finish Airbrush Powder,IT Cosmetics,needs_manual_review,manual_review,0.55,same product_name appears under multiple brands; brands=IT Cosmetics; Laura Mercier
lookfantastic_1ca6f68d8f4da7,lookfantastic,NARS,IT Cosmetics Bye Bye Dark Spot Concealer 33g (Various Shades) Fair Neutral 11,IT Cosmetics,needs_manual_review,manual_review,0.55,same product_name appears under multiple brands; brands=IT Cosmetics; NARS
lookfantastic_295d665328e547,lookfantastic,NYX Professional Makeup,IT Cosmetics Your Skin But Better Setting Spray (Various Sizes),IT Cosmetics,needs_manual_review,manual_review,0.55,same product_name appears under multiple brands; brands=IT Cosmetics; NYX Professional Makeup
lookfantastic_8ea5679dd0a45d,lookfantastic,The Ordinary,IT Cosmetics Confidence In An Eye Cream 15ml,IT Cosmetics,needs_manual_review,manual_review,0.55,same product_name appears under multiple brands; brands=Biossance; The Ordinary
lookfantastic_64c14497ab04a3,lookfantastic,Bondi Sands,Isle of Paradise Gradual Daily Lotion - Light/Medium 250ml,Isle of Paradise,needs_manual_review,manual_review,0.55,same product_name appears under multiple brands; brands=Bondi Sands; Tan-Luxe
lookfantastic_6030621500a5c9,lookfantastic,Bondi Sands,Isle of Paradise Gradual Daily Lotion - Medium/Dark 250ml,Isle of Paradise,needs_manual_review,manual_review,0.55,same product_name appears under multiple brands; brands=Bondi Sands; Tan-Luxe
lookfantastic_e4da53992019d7,lookfantastic,Bondi Sands,Isle of Paradise Self Tanning Drops 2.0 Medium 30ml,Isle of Paradise,needs_manual_review,manual_review,0.55,same product_name appears under multiple brands; brands=Bondi Sands; Isle of Paradise
lookfantastic_cc74d4aa84bc7a,lookfantastic,Bondi Sands,Isle of Paradise Sunny Serum 30ml,Isle of Paradise,needs_manual_review,manual_review,0.55,same product_name appears under multiple brands; brands=Bondi Sands; Drunk Elephant
lookfantastic_8ff214670f3ec2,lookfantastic,Bondi Sands,Isle of Paradise Sunny Serum Bundle,Isle of Paradise,needs_manual_review,manual_review,0.55,same product_name appears under multiple brands; brands=Bondi Sands; The Ordinary
lookfantastic_3ec84acc77b335,lookfantastic,Tan-Luxe,Isle of Paradise Self Tanning Drops 2.0 Dark 30ml,Isle of Paradise,needs_manual_review,manual_review,0.55,same product_name appears under multiple brands; brands=Bondi Sands; Tan-Luxe
lookfantastic_b5bd555f655a6b,lookfantastic,bareMinerals,Isle of Paradise Self-Tanning Mousse - Dark 200ml,Isle of Paradise,needs_manual_review,manual_review,0.55,same product_name appears under multiple brands; brands=The Ordinary; bareMinerals
lookfantastic_287593a018933d,lookfantastic,Cantu,JVN Perfèct StyleFix Multitasking Frizz Smoothing Hair Stick,JVN,needs_manual_review,manual_review,0.55,same product_name appears under multiple brands; brands=Cantu; JVN
lookfantastic_edbaab3fe1c465,lookfantastic,Color Wow,JVN Complete Blowout Styling Milk 90ml,JVN,needs_manual_review,manual_review,0.55,same product_name appears under multiple brands; brands=Color Wow; JVN
lookfantastic_e1dc9309ed4033,lookfantastic,Maybelline,JVN The Essential Dry Shampoo 204ml,JVN,needs_manual_review,manual_review,0.55,same product_name appears under multiple brands; brands=JVN; Maybelline
lookfantastic_11d9feb10c3fd6,lookfantastic,OUAI,JVN Complete Pre-Wash Scalp Oil 50ml,JVN,needs_manual_review,manual_review,0.55,same product_name appears under multiple brands; brands=Fable & Mane; OUAI
lookfantastic_557ed7a751b6e6,lookfantastic,OUAI,JVN Embody Volumising Conditioner 295ml,JVN,needs_manual_review,manual_review,0.55,same product_name appears under multiple brands; brands=Embryolisse; OUAI
lookfantastic_17d1a76b9fb7e0,lookfantastic,OUAI,JVN Revive Repairing Shampoo 295ml,JVN,needs_manual_review,manual_review,0.55,same product_name appears under multiple brands; brands=JVN; OUAI
lookfantastic_15d78bd890f993,lookfantastic,lookfantastic Beauty Box,JVN Complete Air Dry Cream - Jumbo 400ml,JVN,needs_manual_review,manual_review,0.55,same product_name appears under multiple brands; brands=PATRICK TA; lookfantastic Beauty Box
lookfantastic_87a6e6ac704d64,lookfantastic,Armani,Jo Malone London Revitalise Body Gel-Cream 200ml,Jo Malone London,needs_manual_review,manual_review,0.55,same product_name appears under multiple brands; brands=Armani; PATRICK TA
lookfantastic_2bfe51eecb8325,lookfantastic,BEAUTYPRO,Jo Malone London Revitalise Exfoliating Soap 100g,Jo Malone London,needs_manual_review,manual_review,0.55,same product_name appears under multiple brands; brands=BEAUTYPRO; PATRICK TA
lookfantastic_0f5d75145d542a,lookfantastic,Dermalogica,Jo Malone London Pomegranate Noir Body Crème - 50ml,Jo Malone London,needs_manual_review,manual_review,0.55,same product_name appears under multiple brands; brands=Dermalogica; Jo Malone London
lookfantastic_0268d62d9d3272,lookfantastic,Elemis,Jo Malone London Restore Body Scrub 200g,Jo Malone London,needs_manual_review,manual_review,0.55,same product_name appears under multiple brands; brands=Elemis; PATRICK TA
lookfantastic_5dad0cf40bb130,lookfantastic,Embryolisse,Jo Malone London English Oak & Hazelnut Body & Hand Wash 250ml,Jo Malone London,needs_manual_review,manual_review,0.55,same product_name appears under multiple brands; brands=Embryolisse; HUDA BEAUTY
lookfantastic_c33b53089f2c7f,lookfantastic,NARS,Jo Malone London Restore Body Oil 150ml,Jo Malone London,needs_manual_review,manual_review,0.55,same product_name appears under multiple brands; brands=NARS; SkinCeuticals
lookfantastic_c30dd654fd1aa1,lookfantastic,Neutrogena,Jo Malone London Special Edition English Pear & Sweet Pea Hand Cream 30ml,Jo Malone London,needs_manual_review,manual_review,0.55,same product_name appears under multiple brands; brands=Neutrogena; PATRICK TA
lookfantastic_a8abe8275a53a5,lookfantastic,Smashbox,Jo Malone London Lime Basil & Mandarin Body Crème - 50ml,Jo Malone London,needs_manual_review,manual_review,0.55,same product_name appears under multiple brands; brands=Jo Malone London; Smashbox
lookfantastic_1b5ea4aa3c0684,lookfantastic,Tom Ford,Jo Malone London Cypress & Grapevine Duo,Jo Malone London,needs_manual_review,manual_review,0.55,same product_name appears under multiple brands; brands=Paula's Choice; Tom Ford
lookfantastic_757687108828cb,lookfantastic,Tweezerman,Jo Malone London Enrich Shower Cream 200ml,Jo Malone London,needs_manual_review,manual_review,0.55,same product_name appears under multiple brands; brands=Aesop; Tweezerman
lookfantastic_2808aaf034009c,lookfantastic,YSL,Jo Malone London Tomato Leaf Hand Wash 250ml,Jo Malone London,needs_manual_review,manual_review,0.55,same product_name appears under multiple brands; brands=PATRICK TA; YSL
lookfantastic_50ff14606cedee,lookfantastic,Clé de Peau Beauté,Joonbyrd Kaleidoscope Smoothing Body Serum 100ml,Joonbyrd,needs_manual_review,manual_review,0.55,same product_name appears under multiple brands; brands=Clé de Peau Beauté; Joonbyrd
lookfantastic_d6f10daf98cc74,lookfantastic,Color Wow,Joonbyrd Violet Haze Body Scrub Mini 30ml,Joonbyrd,needs_manual_review,manual_review,0.55,same product_name appears under multiple brands; brands=Color Wow; PATRICK TA
lookfantastic_e04863b7ecc00a,lookfantastic,Erborian,Joonbyrd Kaleidoscope Body Serum Mini 15ml,Joonbyrd,needs_manual_review,manual_review,0.55,same product_name appears under multiple brands; brands=Erborian; Joonbyrd
lookfantastic_7f01cea30df18e,lookfantastic,La Roche-Posay,Joonbyrd Wonder.Land Hand Lotion Mini 50ml,Joonbyrd,needs_manual_review,manual_review,0.55,same product_name appears under multiple brands; brands=La Roche-Posay; Ultra Violette
lookfantastic_42cf4a5abe73bc,lookfantastic,Maybelline,Joonbyrd Palm Wild Hand Wash 300ml,Joonbyrd,needs_manual_review,manual_review,0.55,same product_name appears under multiple brands; brands=Maybelline; OUAI
lookfantastic_1c3db35512dc97,lookfantastic,Medik8,Joonbyrd Sunday Sofa Body Butter Mini 30ml,Joonbyrd,needs_manual_review,manual_review,0.55,same product_name appears under multiple brands; brands=Medik8; PATRICK TA
lookfantastic_dff9d9ef7817bc,lookfantastic,PIXI,Joonbyrd Little Love Body Lotion 300ml,Joonbyrd,needs_manual_review,manual_review,0.55,same product_name appears under multiple brands; brands=Joonbyrd; PIXI
lookfantastic_66d5574eda1454,lookfantastic,SVR Laboratoires,Joonbyrd Big Time Longevity Body Wash,Joonbyrd,needs_manual_review,manual_review,0.55,same product_name appears under multiple brands; brands=PATRICK TA; SVR Laboratoires
lookfantastic_a3c29b375d261b,lookfantastic,Sol de Janeiro,Joonbyrd Better Together Body Essentials Kit,Joonbyrd,needs_manual_review,manual_review,0.55,same product_name appears under multiple brands; brands=Joonbyrd; Sol de Janeiro
lookfantastic_d010078cbfc930,lookfantastic,Sol de Janeiro,Joonbyrd Future Romance Body Glaze,Joonbyrd,needs_manual_review,manual_review,0.55,same product_name appears under multiple brands; brands=PATRICK TA; Sol de Janeiro
lookfantastic_0156aef5985a3b,lookfantastic,Sol de Janeiro,Joonbyrd Wonder.Land Hand Lotion 300ml,Joonbyrd,needs_manual_review,manual_review,0.55,same product_name appears under multiple brands; brands=Joonbyrd; Sol de Janeiro
lookfantastic_004c5edd6ffac8,lookfantastic,lookfantastic Beauty Box,KMS CurlUp Perfecting Lotion 100ml,KMS,needs_manual_review,manual_review,0.55,same product_name appears under multiple brands; brands=KMS; lookfantastic Beauty Box
lookfantastic_1459c4c6f6303b,lookfantastic,COSRX,Kora Organics Milky Mushroom Ultra-Hydrating Mask 30ml,KORA Organics,needs_manual_review,manual_review,0.55,same product_name appears under multiple brands; brands=COSRX; Kora Organics
lookfantastic_809f221ca0623e,lookfantastic,Caudalie,​Kora Organics Active Algae Minty Mist 100ml,KORA Organics,needs_manual_review,manual_review,0.55,same product_name appears under multiple brands; brands=Caudalie; Kora Organics
lookfantastic_53c45241675a3c,lookfantastic,Clinique,Kora Organics Plant Stem Cell Retinol Alternative Moisturizer 15ml,KORA Organics,needs_manual_review,manual_review,0.55,same product_name appears under multiple brands; brands=Clinique; Laura Mercier
lookfantastic_6a9ac93e6d456d,lookfantastic,Clinique,Kora Organics Renewing Hand and Body Wash 300ml,KORA Organics,needs_manual_review,manual_review,0.55,same product_name appears under multiple brands; brands=Clinique; Medik8
lookfantastic_906bb2294b076c,lookfantastic,Moroccanoil,Kora Organics Milky Mushroom Gentle Cleansing Oil 150ml,KORA Organics,needs_manual_review,manual_review,0.55,same product_name appears under multiple brands; brands=Kora Organics; Moroccanoil
lookfantastic_a6739fc86a3735,lookfantastic,The Ordinary,Kora Organics Plant Stem Cell Retinol Alternative Serum 10ml,KORA Organics,needs_manual_review,manual_review,0.55,same product_name appears under multiple brands; brands=Kora Organics; The Ordinary
lookfantastic_b7863468e452fb,lookfantastic,The Ordinary,Kora Organics Turmeric Glow Moisturizer Refill Pod,KORA Organics,needs_manual_review,manual_review,0.55,same product_name appears under multiple brands; brands=Kora Organics; The Ordinary
lookfantastic_81e15cbf3821c1,lookfantastic,Acnecide,Kate Somerville EradiKate Blemish Treatment 30ml,Kate Somerville,needs_manual_review,manual_review,0.55,same product_name appears under multiple brands; brands=Acnecide; Kate Somerville
lookfantastic_981aa5a244093a,lookfantastic,Elizabeth Arden,Kate Somerville HydraKate Pro-Collagen Lip Oil Elixir 7ml,Kate Somerville,needs_manual_review,manual_review,0.55,same product_name appears under multiple brands; brands=Elizabeth Arden; Summer Fridays
lookfantastic_20e2332e4ca56b,lookfantastic,Kerastase,Kate Somerville KateCeuticals Firming Serum 30ml,Kate Somerville,needs_manual_review,manual_review,0.55,same product_name appears under multiple brands; brands=Kate Somerville; Kerastase
lookfantastic_5ec695ba0569cd,lookfantastic,La Roche-Posay,Kate Somerville Hydrakate Recharging Serum 30ml,Kate Somerville,needs_manual_review,manual_review,0.55,same product_name appears under multiple brands; brands=La Roche-Posay; Peter Thomas Roth
lookfantastic_65d905af23a76b,lookfantastic,MAC,Kate Somerville +Retinol Vita C Power Serum 30ml,Kate Somerville,needs_manual_review,manual_review,0.55,same product_name appears under multiple brands; brands=Kora Organics; MAC
lookfantastic_d045944d17e81a,lookfantastic,Medik8,Kate Somerville +Retinol Vitamin C Moisturiser 50ml,Kate Somerville,needs_manual_review,manual_review,0.55,same product_name appears under multiple brands; brands=Kate Somerville; Medik8
lookfantastic_07955387515628,lookfantastic,Medik8,Kate Somerville KateCeuticals SuperCell Rejuvenation Serum 30ml,Kate Somerville,needs_manual_review,manual_review,0.55,same product_name appears under multiple brands; brands=Kate Somerville; Medik8
lookfantastic_7e23019562dc41,lookfantastic,The Ordinary,Kate Somerville + Retinol Firming Eye Cream 15ml,Kate Somerville,needs_manual_review,manual_review,0.55,same product_name appears under multiple brands; brands=Kate Somerville; The Ordinary
lookfantastic_90e3b5455d2899,lookfantastic,Aesop,L'Occitane Lavande Poivre Noir (Formerly L'Occitan) Shower Gel 75ml,L'Occitane,needs_manual_review,manual_review,0.55,same product_name appears under multiple brands; brands=Aesop; The Ordinary
lookfantastic_45615d6e2ef497,lookfantastic,Aesop,L'Occitane Lavender Liquid Hand Soap 500ml,L'Occitane,needs_manual_review,manual_review,0.55,same product_name appears under multiple brands; brands=Aesop; HUDA BEAUTY
lookfantastic_494fa050921fae,lookfantastic,Aesop,L'Occitane Shea Cream Hand Soap 500ml,L'Occitane,needs_manual_review,manual_review,0.55,same product_name appears under multiple brands; brands=Aesop; OUAI
lookfantastic_92f7e28beae1f4,lookfantastic,Armani,L'Occitane Cédre Encens (Formerly Eau des Baux) Stick Deodorant 70g,L'Occitane,needs_manual_review,manual_review,0.55,same product_name appears under multiple brands; brands=Armani; Megababe
lookfantastic_f2b58c9c33ebc8,lookfantastic,Armani,L'Occitane Verveine (Verbena) Body Lotion 250ml,L'Occitane,needs_manual_review,manual_review,0.55,same product_name appears under multiple brands; brands=Armani; HUDA BEAUTY
lookfantastic_8679b330fc376f,lookfantastic,Aveda,L'Occitane Almond (Amande) Supple Skin Oil Refill 100ml,L'Occitane,needs_manual_review,manual_review,0.55,same product_name appears under multiple brands; brands=Aveda; L'Occitane
lookfantastic_98ee1f592910c1,lookfantastic,BEAUTYPRO,L'Occitane Shea (Karité) Hand Scrub 30ml,L'Occitane,needs_manual_review,manual_review,0.55,same product_name appears under multiple brands; brands=BEAUTYPRO; PATRICK TA
lookfantastic_7cadb7b87ab135,lookfantastic,Beauty of Joseon,L'Occitane Shea (Karité) Ultra Rich Body Cream 200ml,L'Occitane,needs_manual_review,manual_review,0.55,same product_name appears under multiple brands; brands=Beauty of Joseon; L'Occitane
lookfantastic_8fd179ea62cf54,lookfantastic,Biodance,L'Occitane Hand Cream Collection,L'Occitane,needs_manual_review,manual_review,0.55,same product_name appears under multiple brands; brands=Biodance; L'Occitane
lookfantastic_8cde6a0df7d1bc,lookfantastic,Bondi Sands,L'Occitane Verbena Liquid Hand Soap Refill 500ml,L'Occitane,needs_manual_review,manual_review,0.55,same product_name appears under multiple brands; brands=Bondi Sands; PATRICK TA
lookfantastic_df003b6ac0a220,lookfantastic,Caudalie,L'Occitane Lavande Poivre Noir (Formerly L'Occitan) Deodorant 50ml,L'Occitane,needs_manual_review,manual_review,0.55,same product_name appears under multiple brands; brands=Caudalie; PATRICK TA
lookfantastic_695034887dd822,lookfantastic,CeraVe,L'Occitane Shea (Karité) Foot Balm 150ml,L'Occitane,needs_manual_review,manual_review,0.55,same product_name appears under multiple brands; brands=CeraVe; L'Occitane
lookfantastic_8fbc6448e1dc20,lookfantastic,CeraVe,L'Occitane Shea (Karité) Foot Cream 30ml,L'Occitane,needs_manual_review,manual_review,0.55,same product_name appears under multiple brands; brands=CeraVe; nails inc.
lookfantastic_179e780d5e7791,lookfantastic,Christophe Robin,L'Occitane Fleurs de Cerisier (Cherry Blossom) Body Lotion 75ml,L'Occitane,needs_manual_review,manual_review,0.55,same product_name appears under multiple brands; brands=Christophe Robin; PATRICK TA
lookfantastic_6b72863d952f95,lookfantastic,Color Wow,L'Occitane Fleurs de Cerisier (Cherry Blossom) Shower Gel Refill 500ml,L'Occitane,needs_manual_review,manual_review,0.55,same product_name appears under multiple brands; brands=Color Wow; PATRICK TA
lookfantastic_b5a9e40ef4f3c6,lookfantastic,Color Wow,"L'Occitane Lavender Liquid Hand Soap 350ml, Glass",L'Occitane,needs_manual_review,manual_review,0.55,same product_name appears under multiple brands; brands=Color Wow; HUDA BEAUTY
lookfantastic_06eca512153ff6,lookfantastic,Eucerin,L'Occitane Shea (Karité) Intense Moisture Body Lotion 240ml,L'Occitane,needs_manual_review,manual_review,0.55,same product_name appears under multiple brands; brands=Eucerin; L'Occitane
lookfantastic_2c9f6f903cdeb4,lookfantastic,Garnier,L'Occitane Verbena Extra-Gentle Body Soap 250g,L'Occitane,needs_manual_review,manual_review,0.55,same product_name appears under multiple brands; brands=Garnier; HUDA BEAUTY
lookfantastic_d5fcd1a666dd95,lookfantastic,ISOCLEAN,L'Occitane Lavender Liquid Hand Soap Refill 500ml,L'Occitane,needs_manual_review,manual_review,0.55,same product_name appears under multiple brands; brands=HUDA BEAUTY; ISOCLEAN
lookfantastic_ab86a05d36a358,lookfantastic,Kiehl's Since 1851,L'Occitane Cédre Encens (Formerly Eau des Baux) Shower Gel 250ml,L'Occitane,needs_manual_review,manual_review,0.55,same product_name appears under multiple brands; brands=Kiehl's Since 1851; L'Occitane
lookfantastic_0a17fffbb0c3db,lookfantastic,Kiehl's Since 1851,L'Occitane Shea Ultra Rich Face Cream 50ml,L'Occitane,needs_manual_review,manual_review,0.55,same product_name appears under multiple brands; brands=HUDA BEAUTY; Kiehl's Since 1851
lookfantastic_d46d6fe3ea3d19,lookfantastic,La Roche-Posay,L'Occitane Cédre Gingembre (Formerly Cap Cedrat) Shower Gel 75ml,L'Occitane,needs_manual_review,manual_review,0.55,same product_name appears under multiple brands; brands=La Roche-Posay; PATRICK TA
lookfantastic_78ea941245bfc8,lookfantastic,La Roche-Posay,L'Occitane Shea (Karité) Hand Cream 150ml,L'Occitane,needs_manual_review,manual_review,0.55,same product_name appears under multiple brands; brands=La Roche-Posay; Summer Fridays
lookfantastic_02db439cc0b075,lookfantastic,La Roche-Posay,L'Occitane Verbena Liquid Hand Soap 500ml,L'Occitane,needs_manual_review,manual_review,0.55,same product_name appears under multiple brands; brands=Aesop; La Roche-Posay
lookfantastic_90271df226df04,lookfantastic,Lancôme,L'Occitane Cédre Encens (Formerly Eau des Baux) After-Shave Balm 75ml,L'Occitane,needs_manual_review,manual_review,0.55,same product_name appears under multiple brands; brands=Lancôme; PATRICK TA
lookfantastic_7b7a37d724dab7,lookfantastic,Manucurist,L'Occitane Shea (Karité) Nail & Cuticle Oil 7.5ml,L'Occitane,needs_manual_review,manual_review,0.55,same product_name appears under multiple brands; brands=Manucurist; nails inc.
lookfantastic_0d5d9940decde7,lookfantastic,Marvis,L'Occitane Shea (Karité) Ultra Rich Body Cream Refill 200ml,L'Occitane,needs_manual_review,manual_review,0.55,same product_name appears under multiple brands; brands=HUDA BEAUTY; Marvis
lookfantastic_758e4afc67a64c,lookfantastic,Molton Brown,L'Occitane Cédre Gingembre (Formerly Cap Cedrat) Shower Gel 250ml,L'Occitane,needs_manual_review,manual_review,0.55,same product_name appears under multiple brands; brands=Medik8; Molton Brown
lookfantastic_d126cc3dbdf0be,lookfantastic,NARS,L'Occitane Néroli Orchidée Body Lotion 250ml,L'Occitane,needs_manual_review,manual_review,0.55,same product_name appears under multiple brands; brands=NARS; Summer Fridays
lookfantastic_59a02b4b63c9bf,lookfantastic,OUAI,"L'Occitane Verbena Liquid Hand Soap 350ml, Glass",L'Occitane,needs_manual_review,manual_review,0.55,same product_name appears under multiple brands; brands=OUAI; PATRICK TA
lookfantastic_b3f2bdbe937ccf,lookfantastic,Piz Buin,L'Occitane Verveine (Verbena) Hand Cream 75ml,L'Occitane,needs_manual_review,manual_review,0.55,same product_name appears under multiple brands; brands=Kiehl's Since 1851; Piz Buin
lookfantastic_1ba395976bad38,lookfantastic,Rimmel,L'Occitane Shea Cream Hand Soap 350ml - Glass,L'Occitane,needs_manual_review,manual_review,0.55,same product_name appears under multiple brands; brands=Medik8; Rimmel
lookfantastic_397f8de82574b2,lookfantastic,Rituals,L'Occitane Lavender Extra-Gentle Body Soap 250g,L'Occitane,needs_manual_review,manual_review,0.55,same product_name appears under multiple brands; brands=HUDA BEAUTY; Rituals
lookfantastic_ffa4c16ff79bf6,lookfantastic,Sol de Janeiro,L'Occitane Almond (Amande) Soothing Milk Concentrate Refill 200ml,L'Occitane,needs_manual_review,manual_review,0.55,same product_name appears under multiple brands; brands=HUDA BEAUTY; Sol de Janeiro
lookfantastic_e7b9bfa624eb54,lookfantastic,Sol de Janeiro,L'Occitane Fleurs de Cerisier (Cherry Blossom) Shower Gel 75ml,L'Occitane,needs_manual_review,manual_review,0.55,same product_name appears under multiple brands; brands=Beauty of Joseon; Sol de Janeiro
lookfantastic_bcba415aa7b77d,lookfantastic,Sol de Janeiro,L'Occitane Shea (Karité) Discovery Collection,L'Occitane,needs_manual_review,manual_review,0.55,same product_name appears under multiple brands; brands=L'Occitane; Sol de Janeiro
lookfantastic_ebdb2bedf6c562,lookfantastic,Sol de Janeiro,L'Occitane Shea (Karité) Hand Cream 30ml,L'Occitane,needs_manual_review,manual_review,0.55,same product_name appears under multiple brands; brands=Sol de Janeiro; Summer Fridays
lookfantastic_e280970cff905f,lookfantastic,The Ordinary,L'Occitane Shea Cream Hand Soap Refill 500ml,L'Occitane,needs_manual_review,manual_review,0.55,same product_name appears under multiple brands; brands=PATRICK TA; The Ordinary
lookfantastic_e79f13f0896a79,lookfantastic,Weleda,L'Occitane Cédre Gingembre (Formerly Cap Cedrat) After-Shave Gel Cream 75ml,L'Occitane,needs_manual_review,manual_review,0.55,same product_name appears under multiple brands; brands=Le Labo; Weleda
lookfantastic_e2196789615061,lookfantastic,lookfantastic Beauty Box,L'Occitane Amande (Almond) Delicious Hand Cream 75ml,L'Occitane,needs_manual_review,manual_review,0.55,same product_name appears under multiple brands; brands=L'Occitane; lookfantastic Beauty Box
lookfantastic_28b177aab009ea,lookfantastic,La Roche-Posay,LANEIGE Hydro UV Defence EX SPF 50 50ml,LANEIGE,needs_manual_review,manual_review,0.55,same product_name appears under multiple brands; brands=LANEIGE; La Roche-Posay
lookfantastic_110d0c7833a915,lookfantastic,La Roche-Posay,LANEIGE Hydro UV Defence EX SPF 50 Travel Size 20ml,LANEIGE,needs_manual_review,manual_review,0.55,same product_name appears under multiple brands; brands=La Roche-Posay; Summer Fridays
lookfantastic_8b9ed0dc9a90dd,lookfantastic,Sol de Janeiro,LANEIGE Icons To Go Set,LANEIGE,needs_manual_review,manual_review,0.55,same product_name appears under multiple brands; brands=Sol de Janeiro; Summer Fridays
lookfantastic_25e16b12612758,lookfantastic,YSL,LANEIGE Smoothie Makeup Serum 30ml,LANEIGE,needs_manual_review,manual_review,0.55,same product_name appears under multiple brands; brands=HUDA BEAUTY; YSL
lookfantastic_e3e176c771d9d0,lookfantastic,Armani,La Mer Cushion Compact Foundation (Various Shades) 01 Pink Porcelain,La Mer,needs_manual_review,manual_review,0.55,same product_name appears under multiple brands; brands=Armani; Chantecaille
lookfantastic_263ffa93f57ef7,lookfantastic,Bioderma,La Mer The Cool Micellar Cleanser 200ml,La Mer,needs_manual_review,manual_review,0.55,same product_name appears under multiple brands; brands=Bioderma; Clé de Peau Beauté
lookfantastic_9a15bc1c0e711a,lookfantastic,Bobbi Brown,La Mer The Energizing Gel Cleanser 200ml,La Mer,needs_manual_review,manual_review,0.55,same product_name appears under multiple brands; brands=Bobbi Brown; La Mer
lookfantastic_19ae6172233885,lookfantastic,Bobbi Brown,La Mer The Lifting Firming Serum 15ml,La Mer,needs_manual_review,manual_review,0.55,same product_name appears under multiple brands; brands=Bobbi Brown; Color Wow
lookfantastic_598c9d1f3f5166,lookfantastic,Dermalogica,La Mer The Rejuvenating Night Cream 60ml,La Mer,needs_manual_review,manual_review,0.55,same product_name appears under multiple brands; brands=Dermalogica; La Mer
lookfantastic_3a0111f969ad94,lookfantastic,Eucerin,La Mer The Eye Balm Intense 15ml,La Mer,needs_manual_review,manual_review,0.55,same product_name appears under multiple brands; brands=Eucerin; Shiseido
lookfantastic_098b0026295e99,lookfantastic,Eve Lom,La Mer The Moisture Fresh Cream 60ml,La Mer,needs_manual_review,manual_review,0.55,same product_name appears under multiple brands; brands=Eve Lom; La Mer
lookfantastic_a92912000245b6,lookfantastic,Kerastase,La Mer The Hydrating Infused Emulsion 50ml,La Mer,needs_manual_review,manual_review,0.55,same product_name appears under multiple brands; brands=Kerastase; La Mer
lookfantastic_13d7d1e5638a4d,lookfantastic,La Roche-Posay,La Mer The Lip Balm 9g,La Mer,needs_manual_review,manual_review,0.55,same product_name appears under multiple brands; brands=La Mer; La Roche-Posay
lookfantastic_4dab4026965707,lookfantastic,Lancôme,La Mer The Calming Lotion Cleanser 200ml,La Mer,needs_manual_review,manual_review,0.55,same product_name appears under multiple brands; brands=Dr Dennis Gross; Lancôme
lookfantastic_43cb5bbbeed555,lookfantastic,Lancôme,La Mer The Moisture Fresh Cream 15ml,La Mer,needs_manual_review,manual_review,0.55,same product_name appears under multiple brands; brands=La Mer; Lancôme
lookfantastic_473910e8124d08,lookfantastic,NARS,La Mer The Deep Purifying Mask 50ml,La Mer,needs_manual_review,manual_review,0.55,same product_name appears under multiple brands; brands=La Mer; NARS
lookfantastic_c3c9311a19768a,lookfantastic,Pai,La Mer The Moisturising Soft Cream 100ml,La Mer,needs_manual_review,manual_review,0.55,same product_name appears under multiple brands; brands=NYX Professional Makeup; Pai
lookfantastic_061f8f192c80be,lookfantastic,SkinCeuticals,La Mer The Revitalizing Mist 100ml,La Mer,needs_manual_review,manual_review,0.55,same product_name appears under multiple brands; brands=PATRICK TA; SkinCeuticals
lookfantastic_ed0c6f3a8f44ae,lookfantastic,SkinCeuticals,La Mer Treatment Lotion 150ml,La Mer,needs_manual_review,manual_review,0.55,same product_name appears under multiple brands; brands=La Mer; SkinCeuticals
lookfantastic_73b081ff2599c0,lookfantastic,Weleda,La Mer The Body Crème 300ml,La Mer,needs_manual_review,manual_review,0.55,same product_name appears under multiple brands; brands=NUXE; Weleda
lookfantastic_8feb4088e486ae,lookfantastic,Weleda,La Mer The Reparative Body Lotion 160ml,La Mer,needs_manual_review,manual_review,0.55,same product_name appears under multiple brands; brands=Anastasia Beverly Hills; Weleda
lookfantastic_1fbab479a0f229,lookfantastic,YSL,La Mer Intensive Revitalizing Mask 75ml,La Mer,needs_manual_review,manual_review,0.55,same product_name appears under multiple brands; brands=OSKIA; YSL
lookfantastic_f37942e0f17377,lookfantastic,lookfantastic Beauty Box,La Mer The Lifting Firming Mask 50ml,La Mer,needs_manual_review,manual_review,0.55,same product_name appears under multiple brands; brands=Sisley Paris; lookfantastic Beauty Box
lookfantastic_5ac2284081139d,lookfantastic,CeraVe,Lanolips Lip Water 10ml,Lanolips,needs_manual_review,manual_review,0.55,same product_name appears under multiple brands; brands=CeraVe; Lanolips
lookfantastic_c88440a73ce1c2,lookfantastic,La Roche-Posay,Lanolips 12-Hour Overnight Lip Mask 15g,Lanolips,needs_manual_review,manual_review,0.55,same product_name appears under multiple brands; brands=La Roche-Posay; Lanolips
lookfantastic_8c28484730aaa1,lookfantastic,La Roche-Posay,Lanolips Lemonaid Lip Treatment 12.5g,Lanolips,needs_manual_review,manual_review,0.55,same product_name appears under multiple brands; brands=La Roche-Posay; Lanolips
lookfantastic_86fee72ecd25ce,lookfantastic,Armani,Laura Mercier Translucent Loose Setting Powder Home & Away Duo (Various Shades) Translucent,Laura Mercier,needs_manual_review,manual_review,0.55,same product_name appears under multiple brands; brands=Armani; Laura Mercier
lookfantastic_24e0c9098612a9,lookfantastic,ESPA,Laura Mercier Honey Bath 250ml - Almond Coconut,Laura Mercier,needs_manual_review,manual_review,0.55,same product_name appears under multiple brands; brands=ESPA; Laura Mercier
lookfantastic_495f0b0db5af5a,lookfantastic,Kerastase,Laura Mercier Ambre Vanille Bath and Body Oil 100ml,Laura Mercier,needs_manual_review,manual_review,0.55,same product_name appears under multiple brands; brands=Kerastase; PATRICK TA
lookfantastic_f611356b50d571,lookfantastic,L'Oréal Professionnel,Laura Mercier Almond Coconut Hand Cream 50ml,Laura Mercier,needs_manual_review,manual_review,0.55,same product_name appears under multiple brands; brands=L'Oréal Professionnel; PATRICK TA
lookfantastic_aff9f6da071167,lookfantastic,La Roche-Posay,Laura Mercier Caviar Extravagant Mascara 8.5ml,Laura Mercier,needs_manual_review,manual_review,0.55,same product_name appears under multiple brands; brands=La Roche-Posay; The Ordinary
lookfantastic_412b86f7463196,lookfantastic,MAC,Laura Mercier Caviar Smoothing Matte Lipstick 3.4g (Various Shades) 820 Peach Cashmere,Laura Mercier,needs_manual_review,manual_review,0.55,same product_name appears under multiple brands; brands=MAC; PATRICK TA
lookfantastic_53fc6a67319ac3,lookfantastic,MAC,Laura Mercier Highlighting Blush 6g,Laura Mercier,needs_manual_review,manual_review,0.55,same product_name appears under multiple brands; brands=Laura Mercier; MAC
lookfantastic_7a94894fdae754,lookfantastic,NARS,Laura Mercier - Translucent Loose Setting Powder Ultra Translucent,Laura Mercier,needs_manual_review,manual_review,0.55,same product_name appears under multiple brands; brands=Laura Mercier; NARS
lookfantastic_afe79df7a5d51c,lookfantastic,NARS,Laura Mercier Translucent Loose Setting Powder 29g (Various Shades) Translucent,Laura Mercier,needs_manual_review,manual_review,0.55,same product_name appears under multiple brands; brands=Laura Mercier; NARS
lookfantastic_a3fee57d8e2e70,lookfantastic,OUAI,Laura Mercier Almond Coconut Serum Body Cream 200ml,Laura Mercier,needs_manual_review,manual_review,0.55,same product_name appears under multiple brands; brands=Laura Mercier; OUAI
lookfantastic_c4993109d62b04,lookfantastic,The Ordinary,Laura Mercier Petal Soft Lipstick Crayon 1.6g (Various Shades) Jeanne,Laura Mercier,needs_manual_review,manual_review,0.55,same product_name appears under multiple brands; brands=Thank You Farmer; The Ordinary
lookfantastic_9d7b29899a098b,lookfantastic,As I Am,Living Proof Curl Conditioner 236ml,Living Proof,needs_manual_review,manual_review,0.55,same product_name appears under multiple brands; brands=As I Am; PATRICK TA
lookfantastic_2f75a8318fc876,lookfantastic,Avène,Living Proof No Frizz Shampoo 236ml,Living Proof,needs_manual_review,manual_review,0.55,same product_name appears under multiple brands; brands=Avène; Living Proof
lookfantastic_1c0a6ef1e7e593,lookfantastic,Color Wow,Living Proof Full Shampoo 60ml,Living Proof,needs_manual_review,manual_review,0.55,same product_name appears under multiple brands; brands=Color Wow; Living Proof
lookfantastic_bb576c978e30ef,lookfantastic,Color Wow,Living Proof Full Thickening Blow-Dry Cream 109ml,Living Proof,needs_manual_review,manual_review,0.55,same product_name appears under multiple brands; brands=Color Wow; The Ordinary
lookfantastic_b16163d22cc78f,lookfantastic,Color Wow,"Living Proof No Frizz Shampoo and Conditioner Travel Size Bundle for Frizz Control, Smoothness and Shine",Living Proof,needs_manual_review,manual_review,0.55,same product_name appears under multiple brands; brands=Color Wow; NYX Professional Makeup
lookfantastic_f7891d886d53aa,lookfantastic,L'Oréal Professionnel,Living Proof Curl Definer 190ml,Living Proof,needs_manual_review,manual_review,0.55,same product_name appears under multiple brands; brands=L'Oréal Professionnel; Oribe
lookfantastic_00b558bf9b1a8b,lookfantastic,L'Oréal Professionnel,"Living Proof Full Shampoo and Conditioner Travel Size Bundle for Volume, Bounce and Shine",Living Proof,needs_manual_review,manual_review,0.55,same product_name appears under multiple brands; brands=L'Oréal Professionnel; OUAI
lookfantastic_d730d4ee6ef57c,lookfantastic,MAC,Living Proof Curl Conditioner 60ml,Living Proof,needs_manual_review,manual_review,0.55,same product_name appears under multiple brands; brands=Glow Recipe; MAC
lookfantastic_9318ff7aff4b68,lookfantastic,Medik8,Living Proof Style Refresh Mist 50ml,Living Proof,needs_manual_review,manual_review,0.55,same product_name appears under multiple brands; brands=HUDA BEAUTY; Medik8
lookfantastic_75835e8de1e1ab,lookfantastic,Olaplex,"Living Proof Curl Shampoo and Conditioner Travel Size Bundle for Stronger, Hydrated, Healthier Looking Curls",Living Proof,needs_manual_review,manual_review,0.55,same product_name appears under multiple brands; brands=Olaplex; PATRICK TA
lookfantastic_e35f145a198685,lookfantastic,Olaplex,Living Proof Restore Conditioner 236ml,Living Proof,needs_manual_review,manual_review,0.55,same product_name appears under multiple brands; brands=Olaplex; PATRICK TA
lookfantastic_cc44be132db119,lookfantastic,Philip Kingsley,Living Proof Scalp Care Dry Scalp Treatment 100ml,Living Proof,needs_manual_review,manual_review,0.55,same product_name appears under multiple brands; brands=Color Wow; Philip Kingsley
lookfantastic_a006a7f144d5e6,lookfantastic,Pureology,Living Proof Leave-in Conditioning Spray 148ml,Living Proof,needs_manual_review,manual_review,0.55,same product_name appears under multiple brands; brands=Living Proof; Pureology
lookfantastic_4f52e81640a7c2,lookfantastic,Pureology,Living Proof Leave-in Conditioning Spray Travel Size 50ml,Living Proof,needs_manual_review,manual_review,0.55,same product_name appears under multiple brands; brands=Living Proof; Pureology
lookfantastic_e24639ddcad6ea,lookfantastic,Pureology,Living Proof Triple Bond Complex 45ml,Living Proof,needs_manual_review,manual_review,0.55,same product_name appears under multiple brands; brands=OUAI; Pureology
lookfantastic_c3712abfaa9875,lookfantastic,Redken,Living Proof Curl Shampoo 236ml,Living Proof,needs_manual_review,manual_review,0.55,same product_name appears under multiple brands; brands=PATRICK TA; Redken
lookfantastic_61688229132bf4,lookfantastic,Redken,Living Proof No Frizz Conditioner 60ml,Living Proof,needs_manual_review,manual_review,0.55,same product_name appears under multiple brands; brands=Olaplex; Redken
lookfantastic_0e662874226c43,lookfantastic,Redken,"Living Proof Restore Shampoo and Conditioner Travel Size Bundle for Damage Repair, Strengthening and Shine",Living Proof,needs_manual_review,manual_review,0.55,same product_name appears under multiple brands; brands=PATRICK TA; Redken
lookfantastic_8884389bef1aaa,lookfantastic,Umberto Giannini,Living Proof Curl Shampoo 60ml,Living Proof,needs_manual_review,manual_review,0.55,same product_name appears under multiple brands; brands=PATRICK TA; Umberto Giannini
lookfantastic_89817ab1d06105,lookfantastic,Weleda,Living Proof Restore Conditioner 60ml,Living Proof,needs_manual_review,manual_review,0.55,same product_name appears under multiple brands; brands=Kiehl's Since 1851; Weleda
lookfantastic_42d76cffde7735,lookfantastic,Bondi Sands,Loving Tan Deluxe Gradual Tan 150ml Medium,Loving Tan,needs_manual_review,manual_review,0.55,same product_name appears under multiple brands; brands=Bondi Sands; Loving Tan
lookfantastic_144273edeeef77,lookfantastic,Aveeno,Luna Daily The Pregnancy and New Mum kit,Luna Daily,needs_manual_review,manual_review,0.55,same product_name appears under multiple brands; brands=Aveeno; Summer Fridays
lookfantastic_eb20fd036c6622,lookfantastic,BEAUTYPRO,Luna Daily The Nip and Lip Balm 25ml,Luna Daily,needs_manual_review,manual_review,0.55,same product_name appears under multiple brands; brands=BEAUTYPRO; Weleda
lookfantastic_bcf20d51d9ee4e,lookfantastic,Real Techniques,Luna Daily The Everywhere Body Minis Starter Set Hydrating Fresh Cotton 150ml,Luna Daily,needs_manual_review,manual_review,0.55,same product_name appears under multiple brands; brands=Luna Daily; Real Techniques
lookfantastic_235be7325165f4,lookfantastic,lookfantastic Beauty Box,Luna Daily The Everywhere Body Minis Starter Set Jasmine & Ylang Ylang 150ml,Luna Daily,needs_manual_review,manual_review,0.55,same product_name appears under multiple brands; brands=PATRICK TA; lookfantastic Beauty Box
lookfantastic_14b594e234e5d5,lookfantastic,L'Oréal Paris,MAC Extended Play Lash Mascara - Gigablack,MAC,needs_manual_review,manual_review,0.55,same product_name appears under multiple brands; brands=L'Oréal Paris; PATRICK TA
lookfantastic_b99bdf9dec3356,lookfantastic,L'Oréal Paris,MAC MACStack Mascara - Chestnut Brown 12ml,MAC,needs_manual_review,manual_review,0.55,same product_name appears under multiple brands; brands=L'Oréal Paris; MAC
lookfantastic_77415fe1b9bfa8,lookfantastic,Laura Mercier,MAC Studio Fix Conceal and Correct Palette - Dark Deep 6g,MAC,needs_manual_review,manual_review,0.55,same product_name appears under multiple brands; brands=Laura Mercier; MAC
lookfantastic_98da6de32f7dc5,lookfantastic,NARS,MAC Pro Longwear Concealer 9ml (Various Shades) NC15,MAC,needs_manual_review,manual_review,0.55,same product_name appears under multiple brands; brands=MAC; NARS
lookfantastic_4ebae84a337ac3,lookfantastic,NARS,MAC Studio Fix Conceal and Correct Palette - Medium Deep 6g,MAC,needs_manual_review,manual_review,0.55,same product_name appears under multiple brands; brands=MAC; NARS
lookfantastic_c8fb835aaa2690,lookfantastic,NARS,MAC Studio Radiance 24HR Luminous Lift Concealer 11ml (Various Shades) NW10,MAC,needs_manual_review,manual_review,0.55,same product_name appears under multiple brands; brands=MAC; NARS
lookfantastic_6693f62dbada81,lookfantastic,NYX Professional Makeup,MAC Studio Fix 24HR Colour Corrector 1.8ml (Various Shades) Violet,MAC,needs_manual_review,manual_review,0.55,same product_name appears under multiple brands; brands=HUDA BEAUTY; NYX Professional Makeup
lookfantastic_b373e14f1c437b,lookfantastic,NYX Professional Makeup,MAC Studio Fix Conceal and Correct Palette - Light 6g,MAC,needs_manual_review,manual_review,0.55,same product_name appears under multiple brands; brands=MAC; NYX Professional Makeup
lookfantastic_6b9c66df562307,lookfantastic,benefit,MAC Pro Brow Definer 1mm Spiked,MAC,needs_manual_review,manual_review,0.55,same product_name appears under multiple brands; brands=NYX Professional Makeup; benefit
lookfantastic_c030f6fa8bdd7b,lookfantastic,Armani,MAKE UP FOR EVER HD Skin All-In-One Palette Harmony (Various Shades),MAKE UP FOR EVER,needs_manual_review,manual_review,0.55,same product_name appears under multiple brands; brands=Armani; HUDA BEAUTY
lookfantastic_9da8770a83e522,lookfantastic,Armani,MAKE UP FOR EVER Mist and Fix-23 Spray 100ml,MAKE UP FOR EVER,needs_manual_review,manual_review,0.55,same product_name appears under multiple brands; brands=Armani; HUDA BEAUTY
lookfantastic_5dd1d4b4e85bd0,lookfantastic,Clinique,MAKE UP FOR EVER Mist and Fix Matte-23 Spray 100ml,MAKE UP FOR EVER,needs_manual_review,manual_review,0.55,same product_name appears under multiple brands; brands=Clinique; MAKE UP FOR EVER
lookfantastic_31b9c6bd407f45,lookfantastic,Embryolisse,MAKE UP FOR EVER Mist and Fix-23 BTG Spray 30ml,MAKE UP FOR EVER,needs_manual_review,manual_review,0.55,same product_name appears under multiple brands; brands=Embryolisse; Summer Fridays
lookfantastic_66bdfffcc456f0,lookfantastic,Eylure,MAKE UP FOR EVER Mist and Fix Matte-23 BTG Spray 30ml,MAKE UP FOR EVER,needs_manual_review,manual_review,0.55,same product_name appears under multiple brands; brands=Eylure; MAKE UP FOR EVER
lookfantastic_bb0a7bfbea121c,lookfantastic,La Roche-Posay,MAKE UP FOR EVER Volume Artist Mascara,MAKE UP FOR EVER,needs_manual_review,manual_review,0.55,same product_name appears under multiple brands; brands=La Roche-Posay; MAKE UP FOR EVER
lookfantastic_e2aa9b09f17d04,lookfantastic,MAC,MAKE UP FOR EVER Artist Face Powders Blush 4g (Various Shades) B200 - Rebel Blossom,MAKE UP FOR EVER,needs_manual_review,manual_review,0.55,same product_name appears under multiple brands; brands=MAC; PATRICK TA
lookfantastic_cb5c79e3c2c57f,lookfantastic,MAC,MAKE UP FOR EVER Artist Face Powders Highlighter 4g (Various Shades) H100 - Cheerful Beige,MAKE UP FOR EVER,needs_manual_review,manual_review,0.55,same product_name appears under multiple brands; brands=MAC; PATRICK TA
lookfantastic_bb8a921f3ed9cc,lookfantastic,NARS,MAKE UP FOR EVER #124 Powder Kabuki -,MAKE UP FOR EVER,needs_manual_review,manual_review,0.55,same product_name appears under multiple brands; brands=MAKE UP FOR EVER; NARS
lookfantastic_aaf1b57fa9613d,lookfantastic,NARS,MAKE UP FOR EVER HD SKIN Hydra Glow Foundation 30ml (Various Shades) 14 - 2Y36,MAKE UP FOR EVER,needs_manual_review,manual_review,0.55,same product_name appears under multiple brands; brands=NARS; PATRICK TA
lookfantastic_88e04d1ead948d,lookfantastic,NARS,MAKE UP FOR EVER HD SKIN PRESSED POWDER (various shades) 0.1 - Translucent,MAKE UP FOR EVER,needs_manual_review,manual_review,0.55,same product_name appears under multiple brands; brands=NARS; PATRICK TA
lookfantastic_e513de29e6054d,lookfantastic,NARS,MAKE UP FOR EVER HD SKIN Powder Foundation 11g (Various Shades) 1N00,MAKE UP FOR EVER,needs_manual_review,manual_review,0.55,same product_name appears under multiple brands; brands=HUDA BEAUTY; NARS
lookfantastic_eda3e446e59c42,lookfantastic,NARS,MAKE UP FOR EVER HD Skin Concealer 4.7ml (Various Shades) 1.0 (Y) Pearl,MAKE UP FOR EVER,needs_manual_review,manual_review,0.55,same product_name appears under multiple brands; brands=Kosas; NARS
lookfantastic_ca35428185ba18,lookfantastic,NARS,MAKE UP FOR EVER HD Skin Full Cover Concealer 9ml (Various Shades) 2R28,MAKE UP FOR EVER,needs_manual_review,manual_review,0.55,same product_name appears under multiple brands; brands=Kosas; NARS
lookfantastic_e1f384822440f8,lookfantastic,NARS,MAKE UP FOR EVER Step 1 Primer Hydra Booster 30ml,MAKE UP FOR EVER,needs_manual_review,manual_review,0.55,same product_name appears under multiple brands; brands=MAKE UP FOR EVER; NARS
lookfantastic_79c39cce2d4b91,lookfantastic,Urban Decay,MAKE UP FOR EVER Aqua Resist Colour Ink 2ml (Various Shades) Matte Charcoal,MAKE UP FOR EVER,needs_manual_review,manual_review,0.55,same product_name appears under multiple brands; brands=NYX Professional Makeup; Urban Decay
lookfantastic_95bca99b7d32dd,lookfantastic,benefit,MAKE UP FOR EVER watertone Sponge Buildable Coverage -,MAKE UP FOR EVER,needs_manual_review,manual_review,0.55,same product_name appears under multiple brands; brands=Spectrum Collections; benefit
lookfantastic_4bf580c175b63f,lookfantastic,Beauty Of Joseon,Mediheal Madecassoside Blemish Pads 100 Pads,MEDIHEAL,needs_manual_review,manual_review,0.55,same product_name appears under multiple brands; brands=Beauty Of Joseon; Biodance
lookfantastic_1a1c88fa439994,lookfantastic,Medicube,Mediheal Madecassoside Blemish Repair Serum 40ml,MEDIHEAL,needs_manual_review,manual_review,0.55,same product_name appears under multiple brands; brands=Medicube; PATRICK TA
lookfantastic_84edff3e740c5f,lookfantastic,Aveeno,MZ Skin Expert UV Protector SPF 50 50ml,MZ Skin,needs_manual_review,manual_review,0.55,same product_name appears under multiple brands; brands=Aveeno; HUDA BEAUTY
lookfantastic_db76dbc249ddfc,lookfantastic,BEAUTYPRO,MZ Skin LightMAX Hydracolloidal Patch,MZ Skin,needs_manual_review,manual_review,0.55,same product_name appears under multiple brands; brands=BEAUTYPRO; Paula's Choice
lookfantastic_78a16f3c90069d,lookfantastic,Color Wow,MZ Skin Calming Cream Cleanser 100ml,MZ Skin,needs_manual_review,manual_review,0.55,same product_name appears under multiple brands; brands=Color Wow; HUDA BEAUTY
lookfantastic_9816de15ab9507,lookfantastic,Dr Dennis Gross,MZ Skin LED 2.0 LightMAX Supercharged LED Mask,MZ Skin,needs_manual_review,manual_review,0.55,same product_name appears under multiple brands; brands=Dr Dennis Gross; MZ Skin
lookfantastic_c8296fb711a25f,lookfantastic,La Mer,MZ Skin Cleanse & Clarify Dual Action AHA Cleanser and Mask,MZ Skin,needs_manual_review,manual_review,0.55,same product_name appears under multiple brands; brands=Kora Organics; La Mer
lookfantastic_af3cc933941416,lookfantastic,Lancôme,MZ Skin Brighten & Perfect 10% Vitamin C Corrective Serum 30ml,MZ Skin,needs_manual_review,manual_review,0.55,same product_name appears under multiple brands; brands=Lancôme; MZ Skin
lookfantastic_2fecf3fee647cc,lookfantastic,Medik8,MZ SKIN Light Moisturiser 50ml,MZ Skin,needs_manual_review,manual_review,0.55,same product_name appears under multiple brands; brands=MZ Skin; Medik8
lookfantastic_2a2cfbcf77b33d,lookfantastic,Medik8,MZ Skin Calming Rescue Serum 30ml,MZ Skin,needs_manual_review,manual_review,0.55,same product_name appears under multiple brands; brands=Medik8; Slip
lookfantastic_5561947be2dd8d,lookfantastic,Medik8,MZ Skin Restorative Bio-Placenta Cream 50ml,MZ Skin,needs_manual_review,manual_review,0.55,same product_name appears under multiple brands; brands=HUDA BEAUTY; MZ Skin; Medik8
lookfantastic_734e2d6aca92eb,lookfantastic,Myvitamins,MZ Skin Hydra-Lift Golden Facial Treatment Mask,MZ Skin,needs_manual_review,manual_review,0.55,same product_name appears under multiple brands; brands=MZ Skin; Myvitamins; Paula's Choice
lookfantastic_55ed997fc981d7,lookfantastic,Peter Thomas Roth,MZ Skin Hydra-Bright Golden Eye Treatment Mask (Pack of 5),MZ Skin,needs_manual_review,manual_review,0.55,same product_name appears under multiple brands; brands=MZ Skin; Peter Thomas Roth
lookfantastic_b8fa61dbae216c,lookfantastic,SkinCeuticals,MZ Skin Reviving Bio-Placenta and Stem Cell Serum 30ml,MZ Skin,needs_manual_review,manual_review,0.55,same product_name appears under multiple brands; brands=MZ Skin; Sarah Chapman; SkinCeuticals
lookfantastic_3e86555ceff6cd,lookfantastic,The Ordinary,MZ Skin Advanced 3% Retinol Complex Serum 30ml,MZ Skin,needs_manual_review,manual_review,0.55,same product_name appears under multiple brands; brands=MZ Skin; The Ordinary
lookfantastic_ec40567074fb56,lookfantastic,lookfantastic Beauty Box,MZ Skin Vitamin-Infused Facial Treatment Mask (1 Mask),MZ Skin,needs_manual_review,manual_review,0.55,same product_name appears under multiple brands; brands=Kate Somerville; lookfantastic Beauty Box
lookfantastic_7c6744fca6e7e0,lookfantastic,Erborian,Manucurist At Home Gel Xtreme Flash Kit- Poppy Red & Hortencia,Manucurist,needs_manual_review,manual_review,0.55,same product_name appears under multiple brands; brands=Erborian; MAC
lookfantastic_ca75171aefd1a0,lookfantastic,BEAUTYPRO,Mario Badescu Advanced Collagen Hydrogel Sheet Mask (Pack of 3),Mario Badescu,needs_manual_review,manual_review,0.55,same product_name appears under multiple brands; brands=BEAUTYPRO; Decree
lookfantastic_7eaadc034d77dc,lookfantastic,Bondi Sands,Mario Badescu Coconut Body Oil 118ml,Mario Badescu,needs_manual_review,manual_review,0.55,same product_name appears under multiple brands; brands=Bondi Sands; The Ordinary
lookfantastic_20f3729f2af739,lookfantastic,COSRX,Mario Badescu The Clear Look Set,Mario Badescu,needs_manual_review,manual_review,0.55,same product_name appears under multiple brands; brands=COSRX; Tan-Luxe
lookfantastic_9872ed044cbbd7,lookfantastic,CeraVe,Mario Badescu Advanced Peptide PDRN Jelly Cream 59ml,Mario Badescu,needs_manual_review,manual_review,0.55,same product_name appears under multiple brands; brands=CeraVe; PATRICK TA
lookfantastic_a5473b2ad872e8,lookfantastic,CeraVe,Mario Badescu Glycolic Foaming Cleanser,Mario Badescu,needs_manual_review,manual_review,0.55,same product_name appears under multiple brands; brands=CeraVe; The Ordinary
lookfantastic_01198113daac43,lookfantastic,La Roche-Posay,Mario Badescu Gentle Foaming Cleanser 177ml,Mario Badescu,needs_manual_review,manual_review,0.55,same product_name appears under multiple brands; brands=La Roche-Posay; Paula's Choice
lookfantastic_0f02319b857efd,lookfantastic,La Roche-Posay,Mario Badescu Hyaluronic Dew Cream 42g,Mario Badescu,needs_manual_review,manual_review,0.55,same product_name appears under multiple brands; brands=La Roche-Posay; Mario Badescu
lookfantastic_41f393a6518976,lookfantastic,La Roche-Posay,Mario Badescu Oil Free Moisturizer SPF 30 59ml,Mario Badescu,needs_manual_review,manual_review,0.55,same product_name appears under multiple brands; brands=La Roche-Posay; Paula's Choice
lookfantastic_9c6f78fdcaa65d,lookfantastic,NARS,Mario Badescu Drying Lotion 29ml,Mario Badescu,needs_manual_review,manual_review,0.55,same product_name appears under multiple brands; brands=NARS; Paula's Choice
lookfantastic_e713fbefa000cf,lookfantastic,NUXE,Mario Badescu Coconut Body Butter 113g,Mario Badescu,needs_manual_review,manual_review,0.55,same product_name appears under multiple brands; brands=NUXE; Weleda
lookfantastic_824f6b8a7267b5,lookfantastic,PIXI,Mario Badescu Hyaluronic Eye Cream 14g,Mario Badescu,needs_manual_review,manual_review,0.55,same product_name appears under multiple brands; brands=Kiehl's Since 1851; PIXI
lookfantastic_3160c0a671f4a3,lookfantastic,Anua,Medicube PDRN PINK GLUTATHIONE SERUM MIST 100ML,Medicube,needs_manual_review,manual_review,0.55,same product_name appears under multiple brands; brands=Anua; Medicube
lookfantastic_e3916fc50928f8,lookfantastic,Beauty of Joseon,Medicube Zero Pore Pad 2.0 Duo,Medicube,needs_manual_review,manual_review,0.55,same product_name appears under multiple brands; brands=Beauty of Joseon; HUDA BEAUTY
lookfantastic_0f29b448960b20,lookfantastic,CeraVe,Molton Brown Orange and Bergamot Body Lotion 300ml,Molton Brown,needs_manual_review,manual_review,0.55,same product_name appears under multiple brands; brands=CeraVe; HUDA BEAUTY; Molton Brown
lookfantastic_42299b247c2d10,lookfantastic,ESPA,Molton Brown Delicious Rhubarb and Rose Fine Liquid Hand Wash 300ml,Molton Brown,needs_manual_review,manual_review,0.55,same product_name appears under multiple brands; brands=Aesop; ESPA; Molton Brown
lookfantastic_cb43f753f2a05e,lookfantastic,ESPA,Molton Brown Orange & Bergamot Hand Care Collection,Molton Brown,needs_manual_review,manual_review,0.55,same product_name appears under multiple brands; brands=ESPA; Molton Brown
lookfantastic_46be85ae3c5dc0,lookfantastic,Eucerin,Molton Brown Orange and Bergamot Hand Lotion 300ml,Molton Brown,needs_manual_review,manual_review,0.55,same product_name appears under multiple brands; brands=Eucerin; Molton Brown; PATRICK TA
lookfantastic_deb9290feea3aa,lookfantastic,Kerastase,Molton Brown Orange and Bergamot Fine Liquid Hand Wash 300ml,Molton Brown,needs_manual_review,manual_review,0.55,same product_name appears under multiple brands; brands=Kerastase; Molton Brown; NYX Professional Makeup
lookfantastic_15547e03aae1ef,lookfantastic,Maison Margiela,Molton Brown Tea Ceremony Bath & Shower Gel 300ml,Molton Brown,needs_manual_review,manual_review,0.55,same product_name appears under multiple brands; brands=Maison Margiela; PATRICK TA
lookfantastic_43b43cc9a74528,lookfantastic,Mario Badescu,Molton Brown Delicious Rhubarb and Rose Body Lotion 300ml,Molton Brown,needs_manual_review,manual_review,0.55,same product_name appears under multiple brands; brands=Mario Badescu; Molton Brown
lookfantastic_5c8f4ab70a5716,lookfantastic,Mario Badescu,Molton Brown Delicious Rhubarb and Rose Body Lotion 300ml,Molton Brown,needs_manual_review,manual_review,0.55,same product_name appears under multiple brands; brands=Mario Badescu; Molton Brown
lookfantastic_4adc95dd4324ec,lookfantastic,NARS,Molton Brown Bluebell & Wild Strawberry Body Lotion 300ml,Molton Brown,needs_manual_review,manual_review,0.55,same product_name appears under multiple brands; brands=Molton Brown; NARS
lookfantastic_25076aa336f38b,lookfantastic,Sol de Janeiro,Molton Brown Tea Ceremony Collection,Molton Brown,needs_manual_review,manual_review,0.55,same product_name appears under multiple brands; brands=Saie; Sol de Janeiro
lookfantastic_5371a116f6162a,lookfantastic,Wella Professionals Care,Molton Brown Re-charge Black Pepper Body Lotion 300ml,Molton Brown,needs_manual_review,manual_review,0.55,same product_name appears under multiple brands; brands=HUDA BEAUTY; Wella Professionals Care
lookfantastic_0609f9fe0443dc,lookfantastic,YSL,Molton Brown Coastal Cypress and Sea Fennel Hand Lotion 300ml,Molton Brown,needs_manual_review,manual_review,0.55,same product_name appears under multiple brands; brands=Molton Brown; Tan-Luxe; YSL
lookfantastic_0b4e0ec2a1b7e1,lookfantastic,lookfantastic Beauty Box,Molton Brown Orange and Bergamot Bath and Shower Gel 300ml,Molton Brown,needs_manual_review,manual_review,0.55,same product_name appears under multiple brands; brands=Molton Brown; Oribe; lookfantastic Beauty Box
lookfantastic_3c6ac717e2eebd,lookfantastic,BEAUTYPRO,Moroccanoil Lip Balm Vanilla Date,Moroccanoil,needs_manual_review,manual_review,0.55,same product_name appears under multiple brands; brands=BEAUTYPRO; Moroccanoil
lookfantastic_c947f450cf7379,lookfantastic,Armani,Morphe Dream Sequins Eyeshadow Trio,Morphe,needs_manual_review,manual_review,0.55,same product_name appears under multiple brands; brands=Armani; Morphe
lookfantastic_7331aa5de110ea,lookfantastic,Heliocare,Morphe Tailored Nudes Eyeshadow Palette,Morphe,needs_manual_review,manual_review,0.55,same product_name appears under multiple brands; brands=Heliocare; Morphe
lookfantastic_aceb5ec2aeea6c,lookfantastic,KIKO Milano,Morphe Cut To The Lace Eyeshadow Trio,Morphe,needs_manual_review,manual_review,0.55,same product_name appears under multiple brands; brands=HUDA BEAUTY; KIKO Milano
lookfantastic_7275cacc280d46,lookfantastic,KIKO Milano,Morphe Shapelifter Micro Contour Stick (Various Shades) Sharpened,Morphe,needs_manual_review,manual_review,0.55,same product_name appears under multiple brands; brands=KIKO Milano; Westman Atelier
lookfantastic_4e62cf7da1bfb1,lookfantastic,Kylie Cosmetics,Morphe Flickering Sands Eyeshadow Palette,Morphe,needs_manual_review,manual_review,0.55,same product_name appears under multiple brands; brands=Kylie Cosmetics; Morphe
lookfantastic_d112453485de6d,lookfantastic,Kylie Cosmetics,Morphe Tulle Order Eyeshadow Trio,Morphe,needs_manual_review,manual_review,0.55,same product_name appears under multiple brands; brands=HUDA BEAUTY; Kylie Cosmetics
lookfantastic_8d4adb18b48348,lookfantastic,L'Oréal Paris,Morphe Dreamlight Gelee Highlighter Stick 9g (Various Shades) Rose Spritz,Morphe,needs_manual_review,manual_review,0.55,same product_name appears under multiple brands; brands=L'Oréal Paris; Morphe
lookfantastic_9aa1027941ab94,lookfantastic,L'Oréal Paris,Morphe Jean Spirited Eyeshadow Trio,Morphe,needs_manual_review,manual_review,0.55,same product_name appears under multiple brands; brands=L'Oréal Paris; Morphe
lookfantastic_68b02999d95e10,lookfantastic,Laura Mercier,Morphe Bake And Set Powder 9g (Various Shades) Translucent,Morphe,needs_manual_review,manual_review,0.55,same product_name appears under multiple brands; brands=HUDA BEAUTY; Laura Mercier
lookfantastic_08cbf92aeb31de,lookfantastic,Laura Mercier,Morphe Mini Bake and Set Soft Focus Setting Powder 2.6g,Morphe,needs_manual_review,manual_review,0.55,same product_name appears under multiple brands; brands=Laura Mercier; Morphe
lookfantastic_02d07f5fb50090,lookfantastic,MAC,Morphe Signature Lip Pencil 1.5g (Various Shades) Makeup Talk,Morphe,needs_manual_review,manual_review,0.55,same product_name appears under multiple brands; brands=MAC; NYX Professional Makeup
lookfantastic_5c487d927c4cdd,lookfantastic,Maybelline,Morphe Dripglass Glazed High Shine Lip Gloss 3.8ml (Various Shades) So Transparent,Morphe,needs_manual_review,manual_review,0.55,same product_name appears under multiple brands; brands=HUDA BEAUTY; Maybelline
lookfantastic_72a1a72e02cc25,lookfantastic,Maybelline,Morphe Micro Manager Gripping Brow Gel 4.4g,Morphe,needs_manual_review,manual_review,0.55,same product_name appears under multiple brands; brands=Maybelline; benefit
lookfantastic_9d4c4f715592e4,lookfantastic,NARS,Morphe Cheek Thrills Bronze & Tone Duo (Various Shades) FIJI BEACH,Morphe,needs_manual_review,manual_review,0.55,same product_name appears under multiple brands; brands=NARS; PATRICK TA
lookfantastic_e48dc677b59b4c,lookfantastic,NARS,Morphe Sudden Heat Creamy Bronzer Stick (Various Shades) Smoulder,Morphe,needs_manual_review,manual_review,0.55,same product_name appears under multiple brands; brands=NARS; Too Faced
lookfantastic_c0e99ba32e94aa,lookfantastic,NARS,Morphe Wakeup Artist Under Eye Complexion Concealer (Various Shades) SABLE 9.5N,Morphe,needs_manual_review,manual_review,0.55,same product_name appears under multiple brands; brands=Morphe; NARS
lookfantastic_e004595d687d4c,lookfantastic,PIXI,Morphe Hot Shot Blush Drops 15ml (Various Shades) Flex Symbol,Morphe,needs_manual_review,manual_review,0.55,same product_name appears under multiple brands; brands=PIXI; Saie
lookfantastic_59515694b41c09,lookfantastic,The Ordinary,Morphe Jewel Intentions Eyeshadow Trio,Morphe,needs_manual_review,manual_review,0.55,same product_name appears under multiple brands; brands=HUDA BEAUTY; The Ordinary
lookfantastic_9bd5a0d57795ed,lookfantastic,Urban Decay,Morphe Underslated Eyeshadow Palette,Morphe,needs_manual_review,manual_review,0.55,same product_name appears under multiple brands; brands=Morphe; Urban Decay
lookfantastic_0a3b3ab4bcce06,lookfantastic,COSRX,Murad Rapid Relief Spot Treatment 15ml,Murad,needs_manual_review,manual_review,0.55,same product_name appears under multiple brands; brands=COSRX; Murad
lookfantastic_7b43d9c9cba31c,lookfantastic,CeraVe,Murad Retinol Youth Renewal Serum Travel Size 10ml,Murad,needs_manual_review,manual_review,0.55,same product_name appears under multiple brands; brands=CeraVe; Paula's Choice
lookfantastic_91a516b71f7d8c,lookfantastic,Clinique,Murad Renewing Cleansing Cream 148ml,Murad,needs_manual_review,manual_review,0.55,same product_name appears under multiple brands; brands=Clinique; Murad
lookfantastic_bef6032be05534,lookfantastic,Goldwell,Murad Retinal Head-to-Toe Kit,Murad,needs_manual_review,manual_review,0.55,same product_name appears under multiple brands; brands=Goldwell; Murad
lookfantastic_175c3855b134bb,lookfantastic,La Roche-Posay,Murad Rapid Relief Sulfur Mask 75ml,Murad,needs_manual_review,manual_review,0.55,same product_name appears under multiple brands; brands=La Roche-Posay; Paula's Choice
lookfantastic_545a6fcb4c0315,lookfantastic,La Roche-Posay,Murad Sensitive Skin Heartleaf Soothing Body Cleanser 251ml,Murad,needs_manual_review,manual_review,0.55,same product_name appears under multiple brands; brands=Hourglass; La Roche-Posay; Murad
lookfantastic_4a72b1e3780efc,lookfantastic,Marvis,Murad Daily Defense Cream 50ml,Murad,needs_manual_review,manual_review,0.55,same product_name appears under multiple brands; brands=Marvis; Murad
lookfantastic_0f5a024ba446ff,lookfantastic,Medik8,Murad Cellular Hydration Barrier Repair Cream 48g,Murad,needs_manual_review,manual_review,0.55,same product_name appears under multiple brands; brands=Medik8; OUAI
lookfantastic_95ed1bac5b0f1d,lookfantastic,Medik8,Murad Retinal ReSculpt Overnight Cream 50ml,Murad,needs_manual_review,manual_review,0.55,same product_name appears under multiple brands; brands=Medik8; Murad
lookfantastic_79c68e23bef440,lookfantastic,NYX Professional Makeup,Murad Cellular Hydration Barrier Repair Mask 77g,Murad,needs_manual_review,manual_review,0.55,same product_name appears under multiple brands; brands=Dr Dennis Gross; NYX Professional Makeup
lookfantastic_bd10af1e8b8a07,lookfantastic,Weleda,Murad Retinal Resculpt Body Treatment 148ml,Murad,needs_manual_review,manual_review,0.55,same product_name appears under multiple brands; brands=Murad; Paula's Choice; Weleda
lookfantastic_3f0199eaedcb16,lookfantastic,brushworks,Murad Sensitive Skin Heartleaf Calming Cream 50ml,Murad,needs_manual_review,manual_review,0.55,same product_name appears under multiple brands; brands=Murad; brushworks
lookfantastic_4d4df03322039d,lookfantastic,lookfantastic Beauty Box,Murad AHA/BHA Exfoliating Cleanser 148ml,Murad,needs_manual_review,manual_review,0.55,same product_name appears under multiple brands; brands=HUDA BEAUTY; Murad; lookfantastic Beauty Box
lookfantastic_1a2e4257dc722b,lookfantastic,lookfantastic Beauty Box,Murad Retinol Youth Renewal Eye Serum 15ml,Murad,needs_manual_review,manual_review,0.55,same product_name appears under multiple brands; brands=Murad; lookfantastic Beauty Box
lookfantastic_568efd4aae8713,lookfantastic,CeraVe,"Mylee Gel Nail Wraps Naturally, Darling",Mylee,needs_manual_review,manual_review,0.55,same product_name appears under multiple brands; brands=CeraVe; KIKO Milano; Mylee; RapidLash; Umberto Giannini; lookfantastic Beauty Box
lookfantastic_74adfc0235955d,lookfantastic,KIKO Milano,"Mylee Gel Nail Wraps Naturally, Darling",Mylee,needs_manual_review,manual_review,0.55,same product_name appears under multiple brands; brands=CeraVe; KIKO Milano; Mylee; RapidLash; Umberto Giannini; lookfantastic Beauty Box
lookfantastic_915e0f242a158c,lookfantastic,RapidLash,"Mylee Gel Nail Wraps Naturally, Darling",Mylee,needs_manual_review,manual_review,0.55,same product_name appears under multiple brands; brands=CeraVe; KIKO Milano; Mylee; RapidLash; Umberto Giannini; lookfantastic Beauty Box
lookfantastic_1f86bce5e86d4f,lookfantastic,Umberto Giannini,"Mylee Gel Nail Wraps Naturally, Darling",Mylee,needs_manual_review,manual_review,0.55,same product_name appears under multiple brands; brands=CeraVe; KIKO Milano; Mylee; RapidLash; Umberto Giannini; lookfantastic Beauty Box
lookfantastic_10b1ed3ac248ee,lookfantastic,lookfantastic Beauty Box,"Mylee Gel Nail Wraps Naturally, Darling",Mylee,needs_manual_review,manual_review,0.55,same product_name appears under multiple brands; brands=CeraVe; KIKO Milano; Mylee; RapidLash; Umberto Giannini; lookfantastic Beauty Box
lookfantastic_272ff4c49019b3,lookfantastic,lookfantastic Beauty Box,"Mylee Gel Nail Wraps Naturally, Darling",Mylee,needs_manual_review,manual_review,0.55,same product_name appears under multiple brands; brands=CeraVe; KIKO Milano; Mylee; RapidLash; Umberto Giannini; lookfantastic Beauty Box
lookfantastic_7966e13f4e0e7f,lookfantastic,lookfantastic Beauty Box,"Mylee Gel Nail Wraps Naturally, Darling",Mylee,needs_manual_review,manual_review,0.55,same product_name appears under multiple brands; brands=CeraVe; KIKO Milano; Mylee; RapidLash; Umberto Giannini; lookfantastic Beauty Box
lookfantastic_aaceddb748ef34,lookfantastic,lookfantastic Beauty Box,"Mylee Gel Nail Wraps Naturally, Darling",Mylee,needs_manual_review,manual_review,0.55,same product_name appears under multiple brands; brands=CeraVe; KIKO Milano; Mylee; RapidLash; Umberto Giannini; lookfantastic Beauty Box
lookfantastic_a30b4cf57b592a,lookfantastic,Bobbi Brown,NARS Total Seduction Eyeshadow Stick 1.6g (Various Shades) Oblivion,NARS,needs_manual_review,manual_review,0.55,same product_name appears under multiple brands; brands=Bobbi Brown; NARS
lookfantastic_bddac4dbfceb09,lookfantastic,Bobbi Brown,NARS Total Seduction Eyeshadow Stick 1.6g (Various Shades) Oblivion,NARS,needs_manual_review,manual_review,0.55,same product_name appears under multiple brands; brands=Bobbi Brown; NARS
lookfantastic_f65bfd737f0050,lookfantastic,Too Faced,NARS Afterglow Tempting Eyeshadow Palette Lavender Haze,NARS,needs_manual_review,manual_review,0.55,same product_name appears under multiple brands; brands=NARS; Too Faced
lookfantastic_b9defb3cd5f935,lookfantastic,NARS,Natasha Denona My Dream Lip Gloss - Natasha,NATASHA DENONA,needs_manual_review,manual_review,0.55,same product_name appears under multiple brands; brands=NARS; Natasha Denona
lookfantastic_5bb354f1ac3b2c,lookfantastic,NYX Professional Makeup,Natasha Denona My Mini Dream Glow Blush Palette,NATASHA DENONA,needs_manual_review,manual_review,0.55,same product_name appears under multiple brands; brands=NYX Professional Makeup; Natasha Denona
lookfantastic_d339823c703e2f,lookfantastic,Urban Decay,Natasha Denona Mini Eye Sculpt Palette,NATASHA DENONA,needs_manual_review,manual_review,0.55,same product_name appears under multiple brands; brands=PATRICK TA; Urban Decay
lookfantastic_4abaee1bd418a6,lookfantastic,Urban Decay,Natasha Denona Mini Eye Sculpt Palette - Cool,NATASHA DENONA,needs_manual_review,manual_review,0.55,same product_name appears under multiple brands; brands=PATRICK TA; Urban Decay
lookfantastic_8669b387754d0c,lookfantastic,Clinique,NUDESTIX Soft and Warm Nudes Mini Kit,NUDESTIX,needs_manual_review,manual_review,0.55,same product_name appears under multiple brands; brands=Clinique; NUDESTIX
lookfantastic_98bea2d55a13f9,lookfantastic,Lancôme,NUDESTIX Splashproof Mascara - Black 12ml,NUDESTIX,needs_manual_review,manual_review,0.55,same product_name appears under multiple brands; brands=Lancôme; Too Faced
lookfantastic_758ac2be846718,lookfantastic,NARS,NUDESTIX Nudefix Cream Concealer 10ml (Various Shades) Nude 4.5,NUDESTIX,needs_manual_review,manual_review,0.55,same product_name appears under multiple brands; brands=Hourglass; NARS; NUDESTIX
lookfantastic_93cbb3ff440b81,lookfantastic,NARS,NUDESTIX Nudies Matte Lux All Over Face Blush Colour 7g (Various Shades) Dolce Darlin',NUDESTIX,needs_manual_review,manual_review,0.55,same product_name appears under multiple brands; brands=NARS; NUDESTIX
lookfantastic_4119e0408d76d3,lookfantastic,NARS,NUDESTIX Nudies Matte and Glow Core All Over Face Blush Colour 6g (Various Shades) Pink Ice,NUDESTIX,needs_manual_review,manual_review,0.55,same product_name appears under multiple brands; brands=NARS; NUDESTIX
lookfantastic_8393e781720b27,lookfantastic,NARS,NUDESTIX Tinted Cover Foundation (Various Shades) Nude 1,NUDESTIX,needs_manual_review,manual_review,0.55,same product_name appears under multiple brands; brands=NARS; NUDESTIX
lookfantastic_bf2ef48585c59f,lookfantastic,La Roche-Posay,NUXE Reve de Miel Cica Rich Hand Cream 50ml,NUXE,needs_manual_review,manual_review,0.55,same product_name appears under multiple brands; brands=HUDA BEAUTY; La Roche-Posay
lookfantastic_bd2f049ce45c01,lookfantastic,La Roche-Posay,NUXE Very Rose Soothing Hand and Nail Cream 50ml,NUXE,needs_manual_review,manual_review,0.55,same product_name appears under multiple brands; brands=Anastasia Beverly Hills; La Roche-Posay
lookfantastic_18c1a1fdc72d38,lookfantastic,Redken,NUXE Hair Prodigieux Detangling Leave-in Hair Milk 100ml,NUXE,needs_manual_review,manual_review,0.55,same product_name appears under multiple brands; brands=Redken; The Ordinary
lookfantastic_07d78a94d50194,lookfantastic,St. Tropez,NUXE Self-Tanning Serum Prodigieuse BOOST 30ml,NUXE,needs_manual_review,manual_review,0.55,same product_name appears under multiple brands; brands=NUXE; St. Tropez
lookfantastic_b9f286eafefae1,lookfantastic,The Ordinary,NUXE Reve de Miel Deliciously Nourishing Body Scrub 175ml,NUXE,needs_manual_review,manual_review,0.55,same product_name appears under multiple brands; brands=NUXE; The Ordinary
lookfantastic_0568daa2bfc29a,lookfantastic,Beauty Works,NYX Professional Makeup Epic Inky Stix Waterproof Cream Gel Eyeliner (Various Shades) Lavender Link,NYX Professional Makeup,needs_manual_review,manual_review,0.55,same product_name appears under multiple brands; brands=Beauty Works; NYX Professional Makeup
lookfantastic_cac5c6b603cfe5,lookfantastic,IT Cosmetics,"NYX Professional Makeup Fat Cheeks Juicy Blush, Liquid Blush, up to 12H Wear, Product Does Not Fade (various shades) 8ml Bouncin' Berry",NYX Professional Makeup,needs_manual_review,manual_review,0.55,same product_name appears under multiple brands; brands=IT Cosmetics; NYX Professional Makeup
lookfantastic_8fbaa27289815e,lookfantastic,L'Oréal Paris,NYX Professional Makeup Buttermelt Glaze Soft Glow Skin Tint + SPF/FPS 30 Foundation (Various Shades) Whipped,NYX Professional Makeup,needs_manual_review,manual_review,0.55,same product_name appears under multiple brands; brands=L'Oréal Paris; NYX Professional Makeup
lookfantastic_bfe221e47b2c17,lookfantastic,L'Oréal Paris,NYX Professional Makeup Can't Stop Won't Stop 24 Hour Foundation (Various Shades) Warm Walnut,NYX Professional Makeup,needs_manual_review,manual_review,0.55,same product_name appears under multiple brands; brands=L'Oréal Paris; NARS
lookfantastic_6f95f1a5c1ebc1,lookfantastic,Laura Mercier,NYX Professional Makeup Fat Matte Smooth Color Lipstick 2g (Various Shades) Cocoa Cuddles,NYX Professional Makeup,needs_manual_review,manual_review,0.55,same product_name appears under multiple brands; brands=Laura Mercier; NYX Professional Makeup
lookfantastic_dedb4e3618b058,lookfantastic,MAC,NYX Professional Makeup Suede Matte Lip Liner (Various Shades) Cherry Skies,NYX Professional Makeup,needs_manual_review,manual_review,0.55,same product_name appears under multiple brands; brands=MAC; NYX Professional Makeup
lookfantastic_b7a61c7a0f1744,lookfantastic,NARS,NYX Professional Makeup Bare With Me Concealer Serum 9.6ml (Various Shades) Fair,NYX Professional Makeup,needs_manual_review,manual_review,0.55,same product_name appears under multiple brands; brands=NARS; NYX Professional Makeup
lookfantastic_239d24f937eab9,lookfantastic,NARS,NYX Professional Makeup Can't Stop Won't Stop Contour Concealer (Various Shades) Fair,NYX Professional Makeup,needs_manual_review,manual_review,0.55,same product_name appears under multiple brands; brands=NARS; NYX Professional Makeup
lookfantastic_c64520458d6856,lookfantastic,NARS,NYX Professional Makeup Glitter Primer,NYX Professional Makeup,needs_manual_review,manual_review,0.55,same product_name appears under multiple brands; brands=NARS; NYX Professional Makeup
lookfantastic_c038373c3a4370,lookfantastic,NARS,NYX Professional Makeup Micro Brow Pencil (Various Shades) Taupe,NYX Professional Makeup,needs_manual_review,manual_review,0.55,same product_name appears under multiple brands; brands=NARS; benefit
lookfantastic_665fc72c72f16c,lookfantastic,Rimmel,"NYX Professional Makeup Buttermelt Powder Blush up to 12H Wear, Fade and Transfer Resistant (Various Shades) U Know Butta",NYX Professional Makeup,needs_manual_review,manual_review,0.55,same product_name appears under multiple brands; brands=NYX Professional Makeup; Rimmel
lookfantastic_5b128ab5c1797e,lookfantastic,Rimmel,NYX Professional Makeup Buttermelt Powder Bronzer 12H Wear Fade & Transfer Resistant (Various Shades) Butta Than U,NYX Professional Makeup,needs_manual_review,manual_review,0.55,same product_name appears under multiple brands; brands=NYX Professional Makeup; Rimmel
lookfantastic_ba2c38f7563ad1,lookfantastic,Rimmel,NYX Professional Makeup High Definition Finishing Powder (Various Shades) Translucent,NYX Professional Makeup,needs_manual_review,manual_review,0.55,same product_name appears under multiple brands; brands=NYX Professional Makeup; Rimmel
lookfantastic_2b304557f136a6,lookfantastic,Rimmel,NYX Professional Makeup Ultimate Edit Petite Eye Shadow Palette Phoenix,NYX Professional Makeup,needs_manual_review,manual_review,0.55,same product_name appears under multiple brands; brands=NYX Professional Makeup; Rimmel
lookfantastic_fd9d3055f90735,lookfantastic,YSL,NYX Professional Makeup Smoothing Marshmellow Root Infused Super Face Primer 30ml,NYX Professional Makeup,needs_manual_review,manual_review,0.55,same product_name appears under multiple brands; brands=NYX Professional Makeup; YSL
lookfantastic_84eb086df3fd28,lookfantastic,benefit,NYX Professional Makeup Blurring Vitamin E Face Primer 20ml,NYX Professional Makeup,needs_manual_review,manual_review,0.55,same product_name appears under multiple brands; brands=NYX Professional Makeup; benefit
lookfantastic_83dc3666ceb4e4,lookfantastic,benefit,NYX Professional Makeup Fluff N Snatch Brow Powder Pen (Various Shades) Auburn 03,NYX Professional Makeup,needs_manual_review,manual_review,0.55,same product_name appears under multiple brands; brands=NYX Professional Makeup; benefit
lookfantastic_e2444ebc0c7ece,lookfantastic,Nailberry,nails inc. Get Hard Nail Hardener,Nails Inc.,needs_manual_review,manual_review,0.55,same product_name appears under multiple brands; brands=Nailberry; nails inc.
lookfantastic_dbb4879fa5fa41,lookfantastic,Color Wow,Natura Bissé Inhibit Tensolift Neck Serum 60ml,Natura Bissé,needs_manual_review,manual_review,0.55,same product_name appears under multiple brands; brands=Color Wow; Natura Bissé
lookfantastic_0d356dd7b45050,lookfantastic,Elizabeth Arden,Neostrata Resurface Glycolic Renewal Smoothing Lotion for Face & Body 200ml,Neostrata,needs_manual_review,manual_review,0.55,same product_name appears under multiple brands; brands=Elizabeth Arden; Neostrata
lookfantastic_5dee9c34cd7781,lookfantastic,La Roche-Posay,Neostrata Resurface High Potency Cream for Dull Skin 30ml,Neostrata,needs_manual_review,manual_review,0.55,same product_name appears under multiple brands; brands=La Roche-Posay; Neostrata
lookfantastic_b172cf731d0ee9,lookfantastic,RéVive,Neostrata Skin Active - Exfoliating Wash Facial Cleanser for Mature Skin 125ml,Neostrata,needs_manual_review,manual_review,0.55,same product_name appears under multiple brands; brands=Neostrata; RéVive
lookfantastic_d67a7a8935db96,lookfantastic,The Ordinary,Neostrata Resurface Glycolic Renewal Smoothing Cream for Uneven Skin Tone 40g,Neostrata,needs_manual_review,manual_review,0.55,same product_name appears under multiple brands; brands=Neostrata; The Ordinary
lookfantastic_1d32c2b2255f80,lookfantastic,Uriage,Neostrata Restore Redness Neutralising Serum for Sensitive Skin 29g,Neostrata,needs_manual_review,manual_review,0.55,same product_name appears under multiple brands; brands=Neostrata; Uriage
lookfantastic_f88761132707ac,lookfantastic,Kerastase,NuFACE Supercharged Ionplex Facial Mist 147ml,NuFACE,needs_manual_review,manual_review,0.55,same product_name appears under multiple brands; brands=Kerastase; NuFACE
lookfantastic_2b1953b13abad8,lookfantastic,Umberto Giannini,Olaplex No.10 Bond Shaper Curl Defining Gel 200ml,OLAPLEX,needs_manual_review,manual_review,0.55,same product_name appears under multiple brands; brands=Olaplex; Umberto Giannini
lookfantastic_5c98c163db2c97,lookfantastic,The Ordinary,OSKIA Isotonic Hydra Serum,OSKIA,needs_manual_review,manual_review,0.55,same product_name appears under multiple brands; brands=OSKIA; The Ordinary
lookfantastic_1f25ef55881545,lookfantastic,Color Wow,OUAI Bond Repair Balm Travel Size 50ml,OUAI,needs_manual_review,manual_review,0.55,same product_name appears under multiple brands; brands=Color Wow; HUDA BEAUTY
lookfantastic_2e9d931c740e8a,lookfantastic,Color Wow,OUAI Thickening Spray 177ml,OUAI,needs_manual_review,manual_review,0.55,same product_name appears under multiple brands; brands=Color Wow; OUAI
lookfantastic_cf19c2d309be1d,lookfantastic,ESPA,OUAI Hand Lotion 437ml,OUAI,needs_manual_review,manual_review,0.55,same product_name appears under multiple brands; brands=Aesop; ESPA
lookfantastic_7412ada9bae13c,lookfantastic,L'Oréal Professionnel,OUAI Thick Conditioner Travel Size 89ml,OUAI,needs_manual_review,manual_review,0.55,same product_name appears under multiple brands; brands=L'Oréal Professionnel; OUAI
lookfantastic_c9ef2ada235fc2,lookfantastic,Living Proof,OUAI Super Dry Shampoo Full Size 127g - Cape Town,OUAI,needs_manual_review,manual_review,0.55,same product_name appears under multiple brands; brands=Living Proof; OUAI
lookfantastic_986b09b5bc3f11,lookfantastic,Living Proof,OUAI Super Dry Shampoo Full Size 127g - Melrose Place,OUAI,needs_manual_review,manual_review,0.55,same product_name appears under multiple brands; brands=Living Proof; OUAI
lookfantastic_91146565f1204f,lookfantastic,Living Proof,OUAI Super Dry Shampoo Travel Size 56g - Melrose Place,OUAI,needs_manual_review,manual_review,0.55,same product_name appears under multiple brands; brands=Living Proof; OUAI
lookfantastic_93a8570242d76f,lookfantastic,Philip Kingsley,OUAI Fine/Medium Hair Treament Masque Travel Size 100ml,OUAI,needs_manual_review,manual_review,0.55,same product_name appears under multiple brands; brands=OUAI; Philip Kingsley
lookfantastic_8901c1926b0711,lookfantastic,Umberto Giannini,OUAI Curl Crème 236ml,OUAI,needs_manual_review,manual_review,0.55,same product_name appears under multiple brands; brands=OUAI; Umberto Giannini
lookfantastic_cd31edac7bade5,lookfantastic,L'Oréal Professionnel,"Ole Henriksen Capri Coco Lime Chillers Pout Preserve Lip Treatment, 12Ml Capri Coco Lime",Ole Henriksen,needs_manual_review,manual_review,0.55,same product_name appears under multiple brands; brands=L'Oréal Professionnel; Summer Fridays
lookfantastic_4618b2cef8c9ff,lookfantastic,Sol de Janeiro,"Ole Henriksen Après-Skin Rich Rescue Barrier Moisturizer With Ceramides, 75ml",Ole Henriksen,needs_manual_review,manual_review,0.55,same product_name appears under multiple brands; brands=Sol de Janeiro; Summer Fridays
lookfantastic_e3ff2186cfc04b,lookfantastic,The Ordinary,"Ole Henriksen Grenada Guava Chillers Pout Preserve Lip Treatment, 12Ml Capri Coco Lime",Ole Henriksen,needs_manual_review,manual_review,0.55,same product_name appears under multiple brands; brands=Summer Fridays; The Ordinary
lookfantastic_10d43dd1c0a906,lookfantastic,Aesop,Omorovicza Gold Rescue Cream,Omorovicza,needs_manual_review,manual_review,0.55,same product_name appears under multiple brands; brands=Aesop; Omorovicza
lookfantastic_42870b3b4f0232,lookfantastic,Aesop,Omorovicza Miracle Facial Oil 30ml,Omorovicza,needs_manual_review,manual_review,0.55,same product_name appears under multiple brands; brands=Aesop; Omorovicza; Pai
lookfantastic_76178a6c44bdd6,lookfantastic,Caudalie,Omorovicza Queen of Hungary Mist 30ml,Omorovicza,needs_manual_review,manual_review,0.55,same product_name appears under multiple brands; brands=Caudalie; Omorovicza
lookfantastic_193066ce51eed6,lookfantastic,Estée Lauder,Omorovicza Gold Rescue Cream (50ml),Omorovicza,needs_manual_review,manual_review,0.55,same product_name appears under multiple brands; brands=Estée Lauder; Omorovicza
lookfantastic_66ca919f380738,lookfantastic,Kiehl's Since 1851,Omorovicza Balancing Moisturiser 50ml,Omorovicza,needs_manual_review,manual_review,0.55,same product_name appears under multiple brands; brands=Kiehl's Since 1851; Omorovicza
lookfantastic_2d479458c484d8,lookfantastic,Michael Kors,Omorovicza Elemental Emulsion 50ml,Omorovicza,needs_manual_review,manual_review,0.55,same product_name appears under multiple brands; brands=Michael Kors; Omorovicza
lookfantastic_0db35140d2093d,lookfantastic,OSKIA,Omorovicza Perfecting Lip Balm 10ml,Omorovicza,needs_manual_review,manual_review,0.55,same product_name appears under multiple brands; brands=OSKIA; Omorovicza
lookfantastic_eef5808f3ed0bb,lookfantastic,Beauty Works,Pat McGrath Labs Mothership V: Seduction Palette,PAT McGRATH LABS,needs_manual_review,manual_review,0.55,same product_name appears under multiple brands; brands=Beauty Works; PATRICK TA
lookfantastic_55d260e5a74a30,lookfantastic,CeraVe,Pat McGrath Labs Mothership IX: Huetopian Dream Palette,PAT McGRATH LABS,needs_manual_review,manual_review,0.55,same product_name appears under multiple brands; brands=CeraVe; PATRICK TA
lookfantastic_f3d48523535252,lookfantastic,Christophe Robin,Pat McGrath Labs Mothership X Moonlit Seduction Palette,PAT McGRATH LABS,needs_manual_review,manual_review,0.55,same product_name appears under multiple brands; brands=Christophe Robin; PATRICK TA
lookfantastic_1fe4cafa7eb226,lookfantastic,Eylure,Pat McGrath Labs Dark Star Mascara - Xtreme Black 13ml,PAT McGRATH LABS,needs_manual_review,manual_review,0.55,same product_name appears under multiple brands; brands=CeraVe; Eylure
lookfantastic_a3f1d0a9604940,lookfantastic,Lancôme,Pat McGrath Labs Divine Skin The Essence Serum - Rose 001 100ml,PAT McGRATH LABS,needs_manual_review,manual_review,0.55,same product_name appears under multiple brands; brands=Lancôme; PATRICK TA
lookfantastic_93800a7845ae41,lookfantastic,MAC,Pat McGrath Labs Legendary Longwear Lip Liner 1.2g (Various Shades) Divine Nude,PAT McGRATH LABS,needs_manual_review,manual_review,0.55,same product_name appears under multiple brands; brands=MAC; PATRICK TA
lookfantastic_1b41427d3cf4cf,lookfantastic,MAC,Pat McGrath Labs LiquiLUST Legendary Wear Matte Lipstick 5ml (Various Shades) Divine Rose,PAT McGRATH LABS,needs_manual_review,manual_review,0.55,same product_name appears under multiple brands; brands=MAC; PATRICK TA
lookfantastic_4c36ac32972db1,lookfantastic,MAC,Pat McGrath Labs Lust Lip Gloss - Nude Venus 4.8g,PAT McGRATH LABS,needs_manual_review,manual_review,0.55,same product_name appears under multiple brands; brands=MAC; PATRICK TA
lookfantastic_ce325c799ecb0a,lookfantastic,MAC,Pat McGrath Labs MatteTrance Lipstick 4g (Various Shades) 1995,PAT McGRATH LABS,needs_manual_review,manual_review,0.55,same product_name appears under multiple brands; brands=MAC; PATRICK TA
lookfantastic_b15cdea4bd20c6,lookfantastic,MAC,Pat McGrath Labs Mothership I: Subliminal Palette,PAT McGRATH LABS,needs_manual_review,manual_review,0.55,same product_name appears under multiple brands; brands=MAC; PATRICK TA
lookfantastic_667f7c529ca0a8,lookfantastic,MAC,Pat McGrath Labs Satinallure Lipstick 3.7g (Various Shades) Infatuation,PAT McGRATH LABS,needs_manual_review,manual_review,0.55,same product_name appears under multiple brands; brands=MAC; PATRICK TA
lookfantastic_a5bea4eedc5681,lookfantastic,MAC,Pat McGrath Labs Skin Fetish: Sublime Perfection Blurring Under Eye Powder 4g (Various Shades) Light,PAT McGRATH LABS,needs_manual_review,manual_review,0.55,same product_name appears under multiple brands; brands=HUDA BEAUTY; MAC
lookfantastic_a9ecc79ac986d0,lookfantastic,MAC,Pat McGrath Labs Skin Fetish: Sublime Perfection Setting Powder 8.5g (Various Shades) Light 1,PAT McGRATH LABS,needs_manual_review,manual_review,0.55,same product_name appears under multiple brands; brands=Hourglass; MAC
lookfantastic_a38116f77892e3,lookfantastic,NARS,Pat McGrath Labs Skin Fetish Divine Bronzer 4.8g (Various Shades) Naked Desire,PAT McGRATH LABS,needs_manual_review,manual_review,0.55,same product_name appears under multiple brands; brands=Hourglass; NARS
lookfantastic_f91f5222ae9cc8,lookfantastic,NARS,Pat McGrath Labs Skin Fetish Sublime Perfection Foundation 35ml (Various Shades) Light 1,PAT McGRATH LABS,needs_manual_review,manual_review,0.55,same product_name appears under multiple brands; brands=Hourglass; NARS
lookfantastic_21adbd819d6f70,lookfantastic,NARS,Pat McGrath Labs Skin Fetish: Sublime Perfection Concealer 5ml (Various Shades) Light 1,PAT McGRATH LABS,needs_manual_review,manual_review,0.55,same product_name appears under multiple brands; brands=NARS; PATRICK TA
lookfantastic_302a755a94bfb6,lookfantastic,NUDESTIX,Pat McGrath Labs Divine Blush Legendary Glow Colour Balm 7g (Various Shades) Peach Lotus,PAT McGRATH LABS,needs_manual_review,manual_review,0.55,same product_name appears under multiple brands; brands=NUDESTIX; PATRICK TA
lookfantastic_527accf6a0a257,lookfantastic,Real Techniques,Pat McGrath Labs Fetisheyes Mascara - Xtreme Black 8ml,PAT McGRATH LABS,needs_manual_review,manual_review,0.55,same product_name appears under multiple brands; brands=Hourglass; Real Techniques
lookfantastic_fb41bed3cf3387,lookfantastic,Urban Decay,Pat McGrath Labs Mothership VII: Divine Rose I Palette,PAT McGRATH LABS,needs_manual_review,manual_review,0.55,same product_name appears under multiple brands; brands=PATRICK TA; Urban Decay
lookfantastic_2d4b1d36002264,lookfantastic,Antipodes,PIXI Rose Oil Blend Serum 30ml,PIXI,needs_manual_review,manual_review,0.55,same product_name appears under multiple brands; brands=Antipodes; Pai
lookfantastic_123e11f29042a7,lookfantastic,Garnier,PIXI Vitamin-C Sheet Mask (Pack of 3),PIXI,needs_manual_review,manual_review,0.55,same product_name appears under multiple brands; brands=Garnier; PIXI
lookfantastic_1dfe06eccbbeaf,lookfantastic,NARS,PIXI H2O Skintint - 3 Warm 35ml Foundation,PIXI,needs_manual_review,manual_review,0.55,same product_name appears under multiple brands; brands=NARS; PIXI
lookfantastic_d7a805f87fb59d,lookfantastic,benefit,PIXI Glow Mud Cleanser 135ml,PIXI,needs_manual_review,manual_review,0.55,same product_name appears under multiple brands; brands=PIXI; benefit
lookfantastic_8f0002db434f9d,lookfantastic,ESPA,Pai Skincare Gentle Genius ™ Barrier Care Replenishing Body Wash 250g,Pai,needs_manual_review,manual_review,0.55,same product_name appears under multiple brands; brands=ESPA; Pai
lookfantastic_4c11f7ed551ac4,lookfantastic,The Ordinary,Pai Skincare Rosehip Bioregenerate™ Rejuvenating Overnight Face Oil 30ml,Pai,needs_manual_review,manual_review,0.55,same product_name appears under multiple brands; brands=Pai; The Ordinary
lookfantastic_cc21c36688e5ab,lookfantastic,Clinique,Perricone MD Neuropeptide The Cleansing Balm,Perricone MD,needs_manual_review,manual_review,0.55,same product_name appears under multiple brands; brands=Clinique; Perricone MD
lookfantastic_f10464ff60806e,lookfantastic,Kiehl's Since 1851,Perricone MD Neuropeptide Corrective Brightening Under-Eye Cream,Perricone MD,needs_manual_review,manual_review,0.55,same product_name appears under multiple brands; brands=Kiehl's Since 1851; Perricone MD
lookfantastic_9f8f3a123cd1a5,lookfantastic,La Roche-Posay,Perricone MD Hypoallergenic Clean Correction Gentle Cleanser,Perricone MD,needs_manual_review,manual_review,0.55,same product_name appears under multiple brands; brands=La Roche-Posay; Medik8
lookfantastic_28a1bed3a80c6c,lookfantastic,La Roche-Posay,Perricone MD No Makeup Lip Oil 5.5ml (Various Shades) 3 Pomegranate,Perricone MD,needs_manual_review,manual_review,0.55,same product_name appears under multiple brands; brands=La Roche-Posay; Perricone MD
lookfantastic_035080be2ac2dc,lookfantastic,MAC,Perricone MD No Makeup Instant Blur Priming Moisturizer 1oz FG,Perricone MD,needs_manual_review,manual_review,0.55,same product_name appears under multiple brands; brands=HUDA BEAUTY; MAC
lookfantastic_132fdfc14196b2,lookfantastic,Medik8,Perricone MD HP Hyaluronic Intensive Body Therapy 6 oz FG,Perricone MD,needs_manual_review,manual_review,0.55,same product_name appears under multiple brands; brands=HUDA BEAUTY; Medik8
lookfantastic_c9a8b05bdc8f2f,lookfantastic,BEAUTYPRO,Peter Thomas Roth Gold Hydra Gel Eye Mask 30 Pairs,Peter Thomas Roth,needs_manual_review,manual_review,0.55,same product_name appears under multiple brands; brands=BEAUTYPRO; Peter Thomas Roth
lookfantastic_d53e2eebee9904,lookfantastic,COSRX,Peter Thomas Roth Water Drench® Hyaluronic Jelly Moisturizer,Peter Thomas Roth,needs_manual_review,manual_review,0.55,same product_name appears under multiple brands; brands=COSRX; HUDA BEAUTY
lookfantastic_a587b3c546368f,lookfantastic,Color Wow,Peter Thomas Roth Water Drench Hyaluronic Cloud Serum 30ml,Peter Thomas Roth,needs_manual_review,manual_review,0.55,same product_name appears under multiple brands; brands=Color Wow; Peter Thomas Roth
lookfantastic_826afab84a9d29,lookfantastic,Gatineau,Peter Thomas Roth Collagen Skinjection Plumping & Firming Serum 30ml,Peter Thomas Roth,needs_manual_review,manual_review,0.55,same product_name appears under multiple brands; brands=Gatineau; HUDA BEAUTY; Peter Thomas Roth
lookfantastic_1821048a70441b,lookfantastic,NARS,Philip B. Weightless Volumizing Conditioner 6oz,Philip B.,needs_manual_review,manual_review,0.55,same product_name appears under multiple brands; brands=NARS; Philip B.
lookfantastic_41644d29fcbb52,lookfantastic,Kerastase,Philip Kingsley Density Stimulating Scalp Toner 150ml,Philip Kingsley,needs_manual_review,manual_review,0.55,same product_name appears under multiple brands; brands=Kerastase; Philip Kingsley
lookfantastic_f087a68a0b6e8f,lookfantastic,Wella Professionals Care,Philip Kingsley Elasti-Styler Extreme Curl Cream 150ml,Philip Kingsley,needs_manual_review,manual_review,0.55,same product_name appears under multiple brands; brands=Innersense; Philip Kingsley; Wella Professionals Care
lookfantastic_55ae6248472bb9,lookfantastic,MAC,RevitaLash Length Define Tubing Mascara (0.17 fl oz),RevitaLash,needs_manual_review,manual_review,0.55,same product_name appears under multiple brands; brands=MAC; Oribe; RevitaLash
lookfantastic_f0f220199b5608,lookfantastic,RapidLash,RevitaLash Advanced Eyelash Serum 3.5ml (6 Month Supply),RevitaLash,needs_manual_review,manual_review,0.55,same product_name appears under multiple brands; brands=RapidLash; The Ordinary
lookfantastic_5b49507f3d39b2,lookfantastic,RapidLash,RevitaLash Advanced Sensitive Eyelash Serum 2ml (3 Month Supply),RevitaLash,needs_manual_review,manual_review,0.55,same product_name appears under multiple brands; brands=RapidLash; The Ordinary
lookfantastic_10dbea6bceb5f7,lookfantastic,RapidLash,RevitaLash Exclusive Advanced Eyelash Serum 1ml (1.5 Month Supply),RevitaLash,needs_manual_review,manual_review,0.55,same product_name appears under multiple brands; brands=RapidLash; The Ordinary
lookfantastic_2b97fb732a96d5,lookfantastic,SkinCeuticals,RéVive Skincare Brightening Vitamin C Serum 30ml,RéVive,needs_manual_review,manual_review,0.55,same product_name appears under multiple brands; brands=RéVive; SkinCeuticals
lookfantastic_10680009c20629,lookfantastic,Armani,SILKE London Hair Ties Frida - Multi-Coloured Jewel,SILKE London,needs_manual_review,manual_review,0.55,same product_name appears under multiple brands; brands=Armani; Real Techniques
lookfantastic_bbe1a6cc54eb1e,lookfantastic,Beauty Works,SILKE London Hair Scrunchies Cream,SILKE London,needs_manual_review,manual_review,0.55,same product_name appears under multiple brands; brands=Beauty Works; Bondi Sands; NUXE; Origins; SILKE London
lookfantastic_7c0c9e7775c68c,lookfantastic,Bondi Sands,SILKE London Hair Scrunchies Cream,SILKE London,needs_manual_review,manual_review,0.55,same product_name appears under multiple brands; brands=Beauty Works; Bondi Sands; NUXE; Origins; SILKE London
lookfantastic_2659d4efd943b3,lookfantastic,NUXE,SILKE London Hair Scrunchies Cream,SILKE London,needs_manual_review,manual_review,0.55,same product_name appears under multiple brands; brands=Beauty Works; Bondi Sands; NUXE; Origins; SILKE London
lookfantastic_85a48a174f937a,lookfantastic,Origins,SILKE London Hair Scrunchies Cream,SILKE London,needs_manual_review,manual_review,0.55,same product_name appears under multiple brands; brands=Beauty Works; Bondi Sands; NUXE; Origins; SILKE London
lookfantastic_ec1b45ef1b955c,lookfantastic,Real Techniques,SILKE London Hair Ties Frida - Multi-Coloured Jewel,SILKE London,needs_manual_review,manual_review,0.55,same product_name appears under multiple brands; brands=Armani; Real Techniques
lookfantastic_81fd40ba2ad703,lookfantastic,Beauty Of Joseon,Skin1004 Madagascar Centella Soothing Cream 75ml,SKIN1004,needs_manual_review,manual_review,0.55,same product_name appears under multiple brands; brands=Beauty Of Joseon; Beauty of Joseon
lookfantastic_5cc8268bf015d7,lookfantastic,COSRX,SKIN1004 Spot Patch Duo,SKIN1004,needs_manual_review,manual_review,0.55,same product_name appears under multiple brands; brands=COSRX; PATRICK TA
lookfantastic_dbabe640c3ea15,lookfantastic,Too Faced,Skin1004 Madagascar Centella Poremizing Fresh Ampoule 100ml,SKIN1004,needs_manual_review,manual_review,0.55,same product_name appears under multiple brands; brands=PATRICK TA; Too Faced
lookfantastic_129d942ccf17da,lookfantastic,Bumble and bumble,Sachajuan Hair Mousse 200ml,Sachajuan,needs_manual_review,manual_review,0.55,same product_name appears under multiple brands; brands=Bumble and bumble; Innersense; Sachajuan
lookfantastic_2931bc52bda467,lookfantastic,Christophe Robin,Sachajuan Intensive Repair Leave In Conditioner 150ml,Sachajuan,needs_manual_review,manual_review,0.55,same product_name appears under multiple brands; brands=Christophe Robin; Sachajuan
lookfantastic_554c564462ed33,lookfantastic,Color Wow,Sachajuan Leave In Conditioner 250ml,Sachajuan,needs_manual_review,manual_review,0.55,same product_name appears under multiple brands; brands=Color Wow; Sachajuan
lookfantastic_ee935b8685687b,lookfantastic,Color Wow,Sachajuan Volume Powder Hair Spray 200ml,Sachajuan,needs_manual_review,manual_review,0.55,same product_name appears under multiple brands; brands=Color Wow; Sachajuan
lookfantastic_2499f49fdb524f,lookfantastic,Kerastase,Sachajuan Anti Pollution Shampoo 250ml,Sachajuan,needs_manual_review,manual_review,0.55,same product_name appears under multiple brands; brands=Kerastase; Sachajuan
lookfantastic_d9d20e9032ea75,lookfantastic,Kerastase,Sachajuan Curl Shampoo 250ml,Sachajuan,needs_manual_review,manual_review,0.55,same product_name appears under multiple brands; brands=Kerastase; Sachajuan
lookfantastic_f39e8144d91d31,lookfantastic,Maybelline,Sachajuan Ocean Mist Volume Shampoo Travel Size 100ml,Sachajuan,needs_manual_review,manual_review,0.55,same product_name appears under multiple brands; brands=Maybelline; Sachajuan
lookfantastic_88b34dfa943447,lookfantastic,Maybelline,Sachajuan Scalp Shampoo Travel,Sachajuan,needs_manual_review,manual_review,0.55,same product_name appears under multiple brands; brands=Maybelline; Sachajuan
lookfantastic_7cedca1aad3752,lookfantastic,NARS,Sachajuan Hairspray Strong Hold 200ml,Sachajuan,needs_manual_review,manual_review,0.55,same product_name appears under multiple brands; brands=Color Wow; NARS
lookfantastic_daca62b6795c05,lookfantastic,Redken,Sachajuan Anti Pollution Conditioner 250ml,Sachajuan,needs_manual_review,manual_review,0.55,same product_name appears under multiple brands; brands=Redken; Sachajuan
lookfantastic_59a73d50ec3512,lookfantastic,Redken,Sachajuan Dry Shampoo Mousse,Sachajuan,needs_manual_review,manual_review,0.55,same product_name appears under multiple brands; brands=Aveda; Redken
lookfantastic_8dc9625a7e17b6,lookfantastic,Redken,Sachajuan Volume Cream 125ml,Sachajuan,needs_manual_review,manual_review,0.55,same product_name appears under multiple brands; brands=Redken; Sachajuan
lookfantastic_c64e41a351bfd4,lookfantastic,Silk'n,Shark Beauty CryoGlow Under-Eye Cooling & LED Anti-Ageing & Blemish Repair Mask - Pink,Shark Beauty,needs_manual_review,manual_review,0.55,same product_name appears under multiple brands; brands=Dr Dennis Gross; Silk'n
lookfantastic_ab78f0ea07afba,lookfantastic,Armani,Shiseido Revitalessence Glow Foundation 30ml (Various Shades) 110 Alabaster,Shiseido,needs_manual_review,manual_review,0.55,same product_name appears under multiple brands; brands=Armani; Kosas
lookfantastic_3c82800ad3a262,lookfantastic,Armani,Shiseido Synchro Skin Radiant Lifting Concealer 5.8ml (Various Shades) 303,Shiseido,needs_manual_review,manual_review,0.55,same product_name appears under multiple brands; brands=Armani; NARS
lookfantastic_e042c763725d82,lookfantastic,Armani,Shiseido Synchro Skin Radiant Lifting Foundation 30ml (Various Shades) Sunstone,Shiseido,needs_manual_review,manual_review,0.55,same product_name appears under multiple brands; brands=Armani; NARS
lookfantastic_6967c364f7b795,lookfantastic,Beauty of Joseon,Shiseido Vital Perfection Uplifting and Firming Eye Cream 15ml,Shiseido,needs_manual_review,manual_review,0.55,same product_name appears under multiple brands; brands=Beauty of Joseon; NARS
lookfantastic_65fa3119a4d6b7,lookfantastic,La Roche-Posay,Shiseido Expert Sun Protector SPF50+ Face Cream 50ml,Shiseido,needs_manual_review,manual_review,0.55,same product_name appears under multiple brands; brands=La Roche-Posay; Ultra Violette
lookfantastic_554192152c69b0,lookfantastic,Medik8,Shiseido Essential Energy Hydrating Day Cream SPF20 50ml,Shiseido,needs_manual_review,manual_review,0.55,same product_name appears under multiple brands; brands=Hourglass; Medik8
lookfantastic_65d2ec06f2acc2,lookfantastic,NYX Professional Makeup,Shiseido ArchLiner Ink Eyeliner - Shibui Black 01,Shiseido,needs_manual_review,manual_review,0.55,same product_name appears under multiple brands; brands=Chantecaille; NYX Professional Makeup
lookfantastic_8744ab4ee6a980,lookfantastic,Pai,Shiseido Benefiance Wrinkle Smoothing Eye Cream 15ml,Shiseido,needs_manual_review,manual_review,0.55,same product_name appears under multiple brands; brands=Medik8; OUAI; Pai
lookfantastic_6ffdc1017092cf,lookfantastic,RapidLash,Shiseido Full Lash Serum (6ml),Shiseido,needs_manual_review,manual_review,0.55,same product_name appears under multiple brands; brands=RapidLash; Sweed
lookfantastic_ed8be3952b8153,lookfantastic,benefit,Shiseido Benefiance Eyecare Set 2026,Shiseido,needs_manual_review,manual_review,0.55,same product_name appears under multiple brands; brands=Tweezerman; benefit
lookfantastic_9b93af6f2622d8,lookfantastic,Sensse,Silk'n Dual LED Mask,Silk'n,needs_manual_review,manual_review,0.55,same product_name appears under multiple brands; brands=Dr Dennis Gross; Sensse
lookfantastic_0f608b1e4687bc,lookfantastic,Sensse,Silk'n LED Face EMS Mask,Silk'n,needs_manual_review,manual_review,0.55,same product_name appears under multiple brands; brands=Sensse; The Ordinary
lookfantastic_85f017527a1ec4,lookfantastic,Beauty Works,Skin Design London Face Tight Serum 30ml,Skin Design London,needs_manual_review,manual_review,0.55,same product_name appears under multiple brands; brands=Beauty Works; Skin Design London
lookfantastic_944eba4049d8b6,lookfantastic,The Ordinary,Skin Design London Clear Skin Peel 30ml,Skin Design London,needs_manual_review,manual_review,0.55,same product_name appears under multiple brands; brands=Skin Design London; The Ordinary
lookfantastic_7b528fe8dc16f7,lookfantastic,lookfantastic Beauty Box,Skin Design London Cherry Gloss Peel 100ml,Skin Design London,needs_manual_review,manual_review,0.55,same product_name appears under multiple brands; brands=Skin Design London; lookfantastic Beauty Box
lookfantastic_14a1b98170f70b,lookfantastic,Dr Dennis Gross,SkinCeuticals Clarifying Clay Masque 67g,SkinCeuticals,needs_manual_review,manual_review,0.55,same product_name appears under multiple brands; brands=Dr Dennis Gross; SkinCeuticals
lookfantastic_cc2e7b0c691188,lookfantastic,Estée Lauder,SkinCeuticals Phyto Corrective Essence Mist 50ml,SkinCeuticals,needs_manual_review,manual_review,0.55,same product_name appears under multiple brands; brands=Estée Lauder; SkinCeuticals
lookfantastic_f14a91836ad8ab,lookfantastic,MAC,SkinCeuticals Complete Lifting and Firming Anti-Glycation Collection,SkinCeuticals,needs_manual_review,manual_review,0.55,same product_name appears under multiple brands; brands=MAC; SkinCeuticals
lookfantastic_289ec2676bd655,lookfantastic,Eve Lom,Slip Pure Silk Contour Sleep Mask - Wildflower,Slip,needs_manual_review,manual_review,0.55,same product_name appears under multiple brands; brands=Eve Lom; OUAI; Slip
lookfantastic_7958178c50b9a7,lookfantastic,Eve Lom,slip pure silk contour sleep mask - bluebelle,Slip,needs_manual_review,manual_review,0.55,same product_name appears under multiple brands; brands=Eve Lom; Slip
lookfantastic_39fb8feda66b05,lookfantastic,ghd,Slip Pure Silk Skinny Scrunchies With Complimentary Pouch - Hair On Point,Slip,needs_manual_review,manual_review,0.55,same product_name appears under multiple brands; brands=HUDA BEAUTY; ghd
lookfantastic_a14b3a6b01ca6d,lookfantastic,this works,Slip Pure Silk Contour Sleep Mask - Posie,Slip,needs_manual_review,manual_review,0.55,same product_name appears under multiple brands; brands=Slip; this works
lookfantastic_03c9d11643398f,lookfantastic,So Divine,Smile Makers The Tennis Pro G-Spot Vibrator,Smile Makers,needs_manual_review,manual_review,0.55,same product_name appears under multiple brands; brands=Smile Makers; So Divine
lookfantastic_dda51ebcf4ea8b,lookfantastic,Real Techniques,Spectrum Collections SC020 Wonder Sponge - Pink,Spectrum Collections,needs_manual_review,manual_review,0.55,same product_name appears under multiple brands; brands=Real Techniques; beautyblender
lookfantastic_01735593a497fc,lookfantastic,lookfantastic Beauty Box,Spectrum Collections Smooth & Set Dual-Texture Puff Duo,Spectrum Collections,needs_manual_review,manual_review,0.55,same product_name appears under multiple brands; brands=HUDA BEAUTY; lookfantastic Beauty Box
lookfantastic_fea236c4f0b6a5,lookfantastic,Bondi Sands,St. Tropez Gradual Tan Body Lotion Light-Medium 200ml,St. Tropez,needs_manual_review,manual_review,0.55,same product_name appears under multiple brands; brands=Bondi Sands; St. Tropez
lookfantastic_2bdfe7d29b8e0d,lookfantastic,Bondi Sands,St. Tropez Gradual Tan Body Lotion Medium-Dark 200ml,St. Tropez,needs_manual_review,manual_review,0.55,same product_name appears under multiple brands; brands=Bondi Sands; St. Tropez
lookfantastic_a4ed9ba70e7222,lookfantastic,Bondi Sands,St. Tropez Self Tan Classic Lotion 240ml,St. Tropez,needs_manual_review,manual_review,0.55,same product_name appears under multiple brands; brands=Bondi Sands; St. Tropez
lookfantastic_cce3272c32259d,lookfantastic,Bondi Sands,St. Tropez Self Tan Purity Vitamins Mist 200ml,St. Tropez,needs_manual_review,manual_review,0.55,same product_name appears under multiple brands; brands=Bondi Sands; St. Tropez
lookfantastic_93b1d24ecc37fa,lookfantastic,NARS,Stila Blush & Bronze Hydro Guava & Mocha,Stila,needs_manual_review,manual_review,0.55,same product_name appears under multiple brands; brands=NARS; Stila
lookfantastic_d2acc6e47d90d1,lookfantastic,NARS,Stila HUGE Extreme Lash Mascara 13ml,Stila,needs_manual_review,manual_review,0.55,same product_name appears under multiple brands; brands=NARS; Stila
lookfantastic_3b1bfc87721753,lookfantastic,Kiehl's Since 1851,StriVectin Super-C Dark Circle Brightening Eye Serum 15ml,StriVectin,needs_manual_review,manual_review,0.55,same product_name appears under multiple brands; brands=Kiehl's Since 1851; StriVectin
lookfantastic_c27358c04109bf,lookfantastic,Piz Buin,Sun Bum Original SPF 30 Sunscreen Spray,Sun Bum,needs_manual_review,manual_review,0.55,same product_name appears under multiple brands; brands=Piz Buin; Sun Bum
lookfantastic_53edfdc757026d,lookfantastic,Piz Buin,Sun Bum Original SPF 50 Sunscreen Lotion 237ml,Sun Bum,needs_manual_review,manual_review,0.55,same product_name appears under multiple brands; brands=Piz Buin; Sun Bum
lookfantastic_b0b12573c68efe,lookfantastic,Ultrasun,Sun Bum Original SPF30 Lip Balm 4.25g (Various Options),Sun Bum,needs_manual_review,manual_review,0.55,same product_name appears under multiple brands; brands=Bondi Sands; Ultrasun
lookfantastic_08fc46ecf458d6,lookfantastic,Vichy,Sun Bum Original SPF 30 Sunscreen Face Stick,Sun Bum,needs_manual_review,manual_review,0.55,same product_name appears under multiple brands; brands=Sun Bum; Vichy
lookfantastic_dcdbbdbcd52e01,lookfantastic,CeraVe,Supergoop! Play Everyday Lotion SPF50 162ml,Supergoop!,needs_manual_review,manual_review,0.55,same product_name appears under multiple brands; brands=CeraVe; Supergoop!
lookfantastic_6d0d1258fb179d,lookfantastic,CeraVe,Supergoop! Triple Prep Weightless Daily Moisturizer SPF 30 50ml,Supergoop!,needs_manual_review,manual_review,0.55,same product_name appears under multiple brands; brands=CeraVe; HUDA BEAUTY
lookfantastic_af3439b1c340e4,lookfantastic,Heliocare,Supergoop! Unseen Sunscreen Stick SPF 30 20g,Supergoop!,needs_manual_review,manual_review,0.55,same product_name appears under multiple brands; brands=Heliocare; Supergoop!
lookfantastic_72f34f9fae3609,lookfantastic,L'Oréal Professionnel,Supergoop! Play Everyday Lotion SPF50 532ml,Supergoop!,needs_manual_review,manual_review,0.55,same product_name appears under multiple brands; brands=L'Oréal Professionnel; Supergoop!
lookfantastic_7679aea204f4a8,lookfantastic,La Roche-Posay,Supergoop! (Re)setting 100% Mineral Powder SPF30 - Translucent 4.25g,Supergoop!,needs_manual_review,manual_review,0.55,same product_name appears under multiple brands; brands=La Roche-Posay; Summer Fridays
lookfantastic_0611ed00b05cf7,lookfantastic,La Roche-Posay,Supergoop! Every. Single. Face. Watery Lotion SPF50 50ml,Supergoop!,needs_manual_review,manual_review,0.55,same product_name appears under multiple brands; brands=La Roche-Posay; Supergoop!
lookfantastic_8e602ec752716b,lookfantastic,La Roche-Posay,Supergoop! Play Everyday Lotion SPF50 71ml,Supergoop!,needs_manual_review,manual_review,0.55,same product_name appears under multiple brands; brands=La Roche-Posay; Ultra Violette
lookfantastic_105ffcf0faa98f,lookfantastic,La Roche-Posay,Supergoop! Protec(Tint) Daily SPF Tint SPF 50 (35ml) Various Shades 22W,Supergoop!,needs_manual_review,manual_review,0.55,same product_name appears under multiple brands; brands=La Roche-Posay; Saie
lookfantastic_7f7e0e684aa638,lookfantastic,La Roche-Posay,Supergoop! Unseen Sunscreen SPF 50 50ml,Supergoop!,needs_manual_review,manual_review,0.55,same product_name appears under multiple brands; brands=La Roche-Posay; Supergoop!
lookfantastic_281de76e16b988,lookfantastic,YSL,Supergoop! Unseen Sunscreen SPF 50 20ml,Supergoop!,needs_manual_review,manual_review,0.55,same product_name appears under multiple brands; brands=HUDA BEAUTY; YSL
lookfantastic_0df2bf560308a9,lookfantastic,MAC,Surratt Artistique Eyeshadow 1.7g (Various Shades) Ombre,Surratt,needs_manual_review,manual_review,0.55,same product_name appears under multiple brands; brands=MAC; Surratt
lookfantastic_507fd8bf592b24,lookfantastic,MAC,Surratt Dew Drop Foundation 19ml (Various Shades) 6.5,Surratt,needs_manual_review,manual_review,0.55,same product_name appears under multiple brands; brands=MAC; Surratt
lookfantastic_14136174d4ec1c,lookfantastic,MAC,Surratt Expressioniste Refillable Brow Pencil 0.09g (Various Shades) Brunette,Surratt,needs_manual_review,manual_review,0.55,same product_name appears under multiple brands; brands=MAC; Surratt
lookfantastic_ebe4f6b3050c4f,lookfantastic,NARS,Surratt Surreal Skin Concealer 1.9g (Various Shades) 1,Surratt,needs_manual_review,manual_review,0.55,same product_name appears under multiple brands; brands=NARS; Surratt
lookfantastic_c1a80f3be6173f,lookfantastic,Real Techniques,Surratt Artistique Liquid Highlighter 8.3ml (Various Shades),Surratt,needs_manual_review,manual_review,0.55,same product_name appears under multiple brands; brands=Real Techniques; Surratt
lookfantastic_3f14975b0112b5,lookfantastic,benefit,Surratt Artistique Liquid Blush 8.1g (Various Shades),Surratt,needs_manual_review,manual_review,0.55,same product_name appears under multiple brands; brands=Surratt; benefit
lookfantastic_98540450b51175,lookfantastic,Bondi Sands,Tan-Luxe Hydra Mousse Hydrating Self-Tan Mousse 200ml - Light,TAN-LUXE,needs_manual_review,manual_review,0.55,same product_name appears under multiple brands; brands=Bondi Sands; The Ordinary
lookfantastic_4346eade930c7b,lookfantastic,Bondi Sands,Tan-Luxe The Water Hydrating Self-Tan Water 200ml - Light,TAN-LUXE,needs_manual_review,manual_review,0.55,same product_name appears under multiple brands; brands=Bondi Sands; St. Tropez
lookfantastic_62e0b50b519ae9,lookfantastic,YSL,TOM FORD Runway Eye Colour Quad (Various Shades) 31 Sous Le Sable,TOM FORD,needs_manual_review,manual_review,0.55,same product_name appears under multiple brands; brands=Tom Ford; YSL
lookfantastic_b3eb7049f173f0,lookfantastic,Color Wow,Tweezerman Glass Nail File,TWEEZERMAN,needs_manual_review,manual_review,0.55,same product_name appears under multiple brands; brands=Color Wow; Tweezerman
lookfantastic_deb54f7ff9c848,lookfantastic,Bioderma,Thank You Farmer Sun Project Skin Relief Sun Cream SPF50+ PA++++ 50ml,Thank You Farmer,needs_manual_review,manual_review,0.55,same product_name appears under multiple brands; brands=Bioderma; Thank You Farmer
lookfantastic_f079ff818df745,lookfantastic,Bobbi Brown,Thank You Farmer Sun Project Water Sun Cream SPF50+ PA+++ 100ml,Thank You Farmer,needs_manual_review,manual_review,0.55,same product_name appears under multiple brands; brands=Bobbi Brown; Thank You Farmer
lookfantastic_d22133a555372e,lookfantastic,Bondi Sands,Thank You Farmer Sun Project Light Sun Essence SPF50+ PA+++ 120ml,Thank You Farmer,needs_manual_review,manual_review,0.55,same product_name appears under multiple brands; brands=Bondi Sands; Thank You Farmer
lookfantastic_ac60ea875f3bd7,lookfantastic,LANEIGE,Thank You Farmer Rice Pure Milky Hydrating Essential Toner 200ml,Thank You Farmer,needs_manual_review,manual_review,0.55,same product_name appears under multiple brands; brands=BYOMA; LANEIGE
lookfantastic_7865771dc91508,lookfantastic,Real Techniques,Thank You Farmer Rice Pure Barrier Cream Mist 100ml,Thank You Farmer,needs_manual_review,manual_review,0.55,same product_name appears under multiple brands; brands=Real Techniques; Thank You Farmer
lookfantastic_1ae891ca4f2cdd,lookfantastic,Redken,Thank You Farmer Sun Project Water Sun Cream SPF50+ 50ml,Thank You Farmer,needs_manual_review,manual_review,0.55,same product_name appears under multiple brands; brands=Redken; Ultra Violette
lookfantastic_3daaaacd3c1ea9,lookfantastic,Rimmel,Thank You Farmer Rice Pure Clay Mask to Foam Cleanser 150ml,Thank You Farmer,needs_manual_review,manual_review,0.55,same product_name appears under multiple brands; brands=Beauty of Joseon; Rimmel
lookfantastic_d624fdc023a9bd,lookfantastic,The Ordinary,Thank You Farmer Rice Pure Cream in Ampoule Brightening Serum 50ml,Thank You Farmer,needs_manual_review,manual_review,0.55,same product_name appears under multiple brands; brands=Thank You Farmer; The Ordinary
lookfantastic_b6df0d0bf19196,lookfantastic,Youth To The People,Thank You Farmer Rice Pure Milky Cleansing Oil 200ml,Thank You Farmer,needs_manual_review,manual_review,0.55,same product_name appears under multiple brands; brands=Beauty of Joseon; Youth To The People
lookfantastic_4c294a076b0e70,lookfantastic,Armani,The INKEY List Hydration Trio,The INKEY List,needs_manual_review,manual_review,0.55,same product_name appears under multiple brands; brands=Armani; The INKEY List
lookfantastic_1ed3aceb5cdfe9,lookfantastic,COSRX,The INKEY List Hydrocolloid Invisible Pimple Patches (22 patches),The INKEY List,needs_manual_review,manual_review,0.55,same product_name appears under multiple brands; brands=COSRX; Paula's Choice
lookfantastic_e4d048e80d9a1d,lookfantastic,Cetaphil,The INKEY List Ectoin Hydro-Barrier Serum 30ml,The INKEY List,needs_manual_review,manual_review,0.55,same product_name appears under multiple brands; brands=Cetaphil; The Ordinary
lookfantastic_1a09af1fcffd42,lookfantastic,Cetaphil,The INKEY List Super Solutions 10% Azelaic Acid Serum 30ml,The INKEY List,needs_manual_review,manual_review,0.55,same product_name appears under multiple brands; brands=Cetaphil; Paula's Choice
lookfantastic_56723f81eefe28,lookfantastic,The Ordinary,The INKEY List Brighten-I Eye Cream 15ml,The INKEY List,needs_manual_review,manual_review,0.55,same product_name appears under multiple brands; brands=CeraVe; The Ordinary
lookfantastic_b3e0bb4d3dec5e,lookfantastic,The Ordinary,The INKEY List Glycolic Acid Exfoliating Body Stick 45g,The INKEY List,needs_manual_review,manual_review,0.55,same product_name appears under multiple brands; brands=Paula's Choice; The Ordinary
lookfantastic_48ccf0c8e2164c,lookfantastic,The Ordinary,The INKEY List Peptide Volumizing Hair Treatment 100ml,The INKEY List,needs_manual_review,manual_review,0.55,same product_name appears under multiple brands; brands=Paula's Choice; The Ordinary
lookfantastic_bf27dcbf2c1da3,lookfantastic,The Ordinary,The INKEY List Starter Retinol Serum 30ml,The INKEY List,needs_manual_review,manual_review,0.55,same product_name appears under multiple brands; brands=The INKEY List; The Ordinary
lookfantastic_3b008b67bd4848,lookfantastic,The Ordinary,The INKEY List Tripeptide Plumping Lip Balm Clear,The INKEY List,needs_manual_review,manual_review,0.55,same product_name appears under multiple brands; brands=La Roche-Posay; PATRICK TA; The INKEY List; The Ordinary
lookfantastic_4ee62ae42fa728,lookfantastic,Beauty Works,The Nue Co. Debloat and Prebiotic Bundle,The Nue Co.,needs_manual_review,manual_review,0.55,same product_name appears under multiple brands; brands=Beauty Works; The Nue Co.
lookfantastic_6d95d96e46e2b2,lookfantastic,Color Wow,The Nue Co. Skin Filter Daily Brightening Phyto-Retinol + AHA Serum 30ml,The Nue Co.,needs_manual_review,manual_review,0.55,same product_name appears under multiple brands; brands=Color Wow; The Nue Co.
lookfantastic_ddc4f27b0e7d40,lookfantastic,La Roche-Posay,The Nue Co. Topical-C Skin Brightening Serum Powder 15ml,The Nue Co.,needs_manual_review,manual_review,0.55,same product_name appears under multiple brands; brands=La Roche-Posay; The INKEY List
lookfantastic_41ef771aeeee40,lookfantastic,RapidLash,The Ordinary Multi-Peptide Lash and Brow Serum 5ml,The Ordinary,needs_manual_review,manual_review,0.55,same product_name appears under multiple brands; brands=RapidLash; The Ordinary
lookfantastic_92751222ea5151,lookfantastic,MAC,Too Faced Born This Way Soft Blur Flexible Finish Setting Powder 17g (Various Shades) Light,Too Faced,needs_manual_review,manual_review,0.55,same product_name appears under multiple brands; brands=HUDA BEAUTY; MAC
lookfantastic_fd8a5d62d154a8,lookfantastic,MAC,Too Faced Killer Liner 36 Hour Waterproof Eyeliner (Various Shades) Killer Black,Too Faced,needs_manual_review,manual_review,0.55,same product_name appears under multiple brands; brands=MAC; Urban Decay
lookfantastic_5d16ed2f8d33f7,lookfantastic,MAC,Too Faced Ribbon Wrapped Lash Mascara - Chocolate 8ml,Too Faced,needs_manual_review,manual_review,0.55,same product_name appears under multiple brands; brands=Hourglass; MAC
lookfantastic_d269f8db9ae429,lookfantastic,NARS,Too Faced Better Than Sex Mascara - Black 8ml,Too Faced,needs_manual_review,manual_review,0.55,same product_name appears under multiple brands; brands=NARS; Too Faced
lookfantastic_3f795bafb71834,lookfantastic,NARS,Too Faced Better Than Sex Travel-Size Mascara – Black 4.8g,Too Faced,needs_manual_review,manual_review,0.55,same product_name appears under multiple brands; brands=NARS; Too Faced
lookfantastic_11a5fff21e833d,lookfantastic,NARS,Too Faced Born This Way Original Foundation 30ml (Various Shades) Praline,Too Faced,needs_manual_review,manual_review,0.55,same product_name appears under multiple brands; brands=HUDA BEAUTY; NARS
lookfantastic_163015ce9f4970,lookfantastic,NARS,Too Faced Born This Way Original Foundation 30ml (Various Shades) Praline,Too Faced,needs_manual_review,manual_review,0.55,same product_name appears under multiple brands; brands=HUDA BEAUTY; NARS
lookfantastic_8bc5b08c47364c,lookfantastic,NARS,Too Faced Cloud Crush Blush 5g (Various Shades) Candy Clouds,Too Faced,needs_manual_review,manual_review,0.55,same product_name appears under multiple brands; brands=HUDA BEAUTY; NARS
lookfantastic_eafa36a5d50957,lookfantastic,NARS,Too Faced Hangover 3-in-1 Primer & Setting Spray 120ml,Too Faced,needs_manual_review,manual_review,0.55,same product_name appears under multiple brands; brands=NARS; Too Faced
lookfantastic_30fdba52c0a720,lookfantastic,NARS,Too Faced Love Flush Blush 6ml (Various Shades) HEAD OVER HEELS,Too Faced,needs_manual_review,manual_review,0.55,same product_name appears under multiple brands; brands=NARS; PATRICK TA
lookfantastic_f5e13d2739db17,lookfantastic,NARS,Too Faced Sun Bunny Bronzer (Various Shades) Sun Bunny,Too Faced,needs_manual_review,manual_review,0.55,same product_name appears under multiple brands; brands=NARS; PATRICK TA
lookfantastic_b7d90d0344b5d9,lookfantastic,NARS,Too Faced Travel Size Born This Way Super Coverage Concealer 2ml (Various Shades) Warm Sand,Too Faced,needs_manual_review,manual_review,0.55,same product_name appears under multiple brands; brands=HUDA BEAUTY; NARS
lookfantastic_6eeff8499d4a6d,lookfantastic,Rimmel,Too Faced Travel Size Chocolate Soleil Bronzer,Too Faced,needs_manual_review,manual_review,0.55,same product_name appears under multiple brands; brands=PATRICK TA; Rimmel
lookfantastic_b4f2b7f2a6e20d,lookfantastic,Urban Decay,Too Faced Born This Way Cold Smolder Nudes Mini Eyeshadow Palette,Too Faced,needs_manual_review,manual_review,0.55,same product_name appears under multiple brands; brands=Too Faced; Urban Decay
lookfantastic_d3c80283abf7ed,lookfantastic,Urban Decay,Too Faced Born This Way Soft Matte Foundation 30ml (Various Shades) Praline,Too Faced,needs_manual_review,manual_review,0.55,same product_name appears under multiple brands; brands=HUDA BEAUTY; Urban Decay
lookfantastic_d510f24a8908fd,lookfantastic,Urban Decay,Too Faced Born This Way The Natural Nudes Skin-Centric Eyeshadow Palette,Too Faced,needs_manual_review,manual_review,0.55,same product_name appears under multiple brands; brands=HUDA BEAUTY; Urban Decay
lookfantastic_2039f7450fb0a2,lookfantastic,YSL,Too Faced Travel Size Ribbon Wrapped Lash Mascara 4.7ml,Too Faced,needs_manual_review,manual_review,0.55,same product_name appears under multiple brands; brands=PATRICK TA; YSL
lookfantastic_43d981782a5769,lookfantastic,Gatineau,Ultrasun Pre Sun Tan Activator 150ml,Ultrasun,needs_manual_review,manual_review,0.55,same product_name appears under multiple brands; brands=Gatineau; Ultrasun
lookfantastic_475fc162b9b85b,lookfantastic,Bobbi Brown,Urban Decay Brow Blade Pencil (Various Shades) Neutral Nana,Urban Decay,needs_manual_review,manual_review,0.55,same product_name appears under multiple brands; brands=Bobbi Brown; benefit
lookfantastic_a69d36a6a66fe1,lookfantastic,Laura Mercier,Urban Decay All Nighter Setting Spray Glow 118ml,Urban Decay,needs_manual_review,manual_review,0.55,same product_name appears under multiple brands; brands=HUDA BEAUTY; Laura Mercier
lookfantastic_311851e3729f57,lookfantastic,Laura Mercier,Urban Decay All Nighter Travel Setting Spray,Urban Decay,needs_manual_review,manual_review,0.55,same product_name appears under multiple brands; brands=Laura Mercier; PATRICK TA
lookfantastic_bd1021bf919d03,lookfantastic,MAC,Urban Decay All Nighter Waterproof Setting Powder,Urban Decay,needs_manual_review,manual_review,0.55,same product_name appears under multiple brands; brands=MAC; Urban Decay
lookfantastic_9157077b5e6d6f,lookfantastic,NARS,Urban Decay All Nighter Setting Spray 118ml,Urban Decay,needs_manual_review,manual_review,0.55,same product_name appears under multiple brands; brands=HUDA BEAUTY; NARS
lookfantastic_a7da7a9e86fb09,lookfantastic,NARS,Urban Decay Face Bond Foundation 30ml (Various Shades) Urban Decay Face Bond Foundation - 14,Urban Decay,needs_manual_review,manual_review,0.55,same product_name appears under multiple brands; brands=HUDA BEAUTY; NARS
lookfantastic_776330640b5ea6,lookfantastic,NYX Professional Makeup,Urban Decay Perversion Waterproof Mascara,Urban Decay,needs_manual_review,manual_review,0.55,same product_name appears under multiple brands; brands=NYX Professional Makeup; Urban Decay
lookfantastic_49d3267321327a,lookfantastic,Ultrasun,Urban Decay TUBE JOB Tubing Mascara (Various Shades) Intense Black,Urban Decay,needs_manual_review,manual_review,0.55,same product_name appears under multiple brands; brands=Ultrasun; Urban Decay
lookfantastic_9c6efd79ca295d,lookfantastic,NARS,VERSO Super Eye Serum 15ml,VERSO,needs_manual_review,manual_review,0.55,same product_name appears under multiple brands; brands=NARS; VERSO
lookfantastic_495d63c7fa9263,lookfantastic,Clinique,VIRTUE Curl-Defining Gel 200ml,VIRTUE,needs_manual_review,manual_review,0.55,same product_name appears under multiple brands; brands=Clinique; Oribe
lookfantastic_44ce3367788bab,lookfantastic,Color Wow,VIRTUE Curl Bundle,VIRTUE,needs_manual_review,manual_review,0.55,same product_name appears under multiple brands; brands=Color Wow; VIRTUE
lookfantastic_1ea1c26f0f7d99,lookfantastic,Color Wow,VIRTUE Full Conditioner Travel Size 2 oz,VIRTUE,needs_manual_review,manual_review,0.55,same product_name appears under multiple brands; brands=Color Wow; VIRTUE
lookfantastic_60e3bf00213fdb,lookfantastic,Color Wow,VIRTUE Recovery Shampoo 60ml,VIRTUE,needs_manual_review,manual_review,0.55,same product_name appears under multiple brands; brands=Color Wow; VIRTUE
lookfantastic_dce5dec1d87286,lookfantastic,Color Wow,VIRTUE Scalp Remedy Shampoo 240ml,VIRTUE,needs_manual_review,manual_review,0.55,same product_name appears under multiple brands; brands=Color Wow; VIRTUE
lookfantastic_9f7887fe1e2821,lookfantastic,Color Wow,VIRTUE Smooth Shampoo 240ml,VIRTUE,needs_manual_review,manual_review,0.55,same product_name appears under multiple brands; brands=Color Wow; VIRTUE
lookfantastic_344e77ad3fa147,lookfantastic,Elemis,VIRTUE Full Restorative Treatment Set,VIRTUE,needs_manual_review,manual_review,0.55,same product_name appears under multiple brands; brands=Elemis; VIRTUE
lookfantastic_0707f6858f963f,lookfantastic,Embryolisse,VIRTUE Smooth Shampoo Travel Size 2 oz,VIRTUE,needs_manual_review,manual_review,0.55,same product_name appears under multiple brands; brands=Embryolisse; VIRTUE
lookfantastic_ba267ab1ac59c5,lookfantastic,Garnier,VIRTUE Smooth Bundle,VIRTUE,needs_manual_review,manual_review,0.55,same product_name appears under multiple brands; brands=Garnier; VIRTUE
lookfantastic_1679a2a3de4206,lookfantastic,Joico,VIRTUE Curl Conditioner 200ml,VIRTUE,needs_manual_review,manual_review,0.55,same product_name appears under multiple brands; brands=Joico; VIRTUE
lookfantastic_375d7abffd4261,lookfantastic,Kerastase,VIRTUE Curl Shampoo 240ml,VIRTUE,needs_manual_review,manual_review,0.55,same product_name appears under multiple brands; brands=Kerastase; VIRTUE
lookfantastic_b79822745770aa,lookfantastic,Kerastase,VIRTUE Full Shampoo Travel Size 60ml,VIRTUE,needs_manual_review,manual_review,0.55,same product_name appears under multiple brands; brands=Kerastase; VIRTUE
lookfantastic_80bf842a1d0e43,lookfantastic,Kerastase,VIRTUE Purifying Leave-in Conditioner 150ml,VIRTUE,needs_manual_review,manual_review,0.55,same product_name appears under multiple brands; brands=Kerastase; VIRTUE
lookfantastic_035ba13d799983,lookfantastic,Kerastase,VIRTUE Volumising Primer 150ml,VIRTUE,needs_manual_review,manual_review,0.55,same product_name appears under multiple brands; brands=Kerastase; VIRTUE
lookfantastic_bafc87115da830,lookfantastic,L'Oréal Paris,VIRTUE Refresh Exfoliating Scalp Treatment 150ml,VIRTUE,needs_manual_review,manual_review,0.55,same product_name appears under multiple brands; brands=L'Oréal Paris; The INKEY List
lookfantastic_680d0f5251a18d,lookfantastic,Matrix,VIRTUE ColorKick De-Brassing Shampoo 240ml,VIRTUE,needs_manual_review,manual_review,0.55,same product_name appears under multiple brands; brands=Matrix; NYX Professional Makeup; VIRTUE
lookfantastic_ef56e446a9b7c2,lookfantastic,Medik8,VIRTUE Full Shampoo and Conditioner,VIRTUE,needs_manual_review,manual_review,0.55,same product_name appears under multiple brands; brands=Medik8; VIRTUE
lookfantastic_7b41cc17d57df9,lookfantastic,Moroccanoil,VIRTUE Flourish Conditioner for Thinning Hair 60ml,VIRTUE,needs_manual_review,manual_review,0.55,same product_name appears under multiple brands; brands=Moroccanoil; VIRTUE
lookfantastic_473768fa3762c3,lookfantastic,NARS,VIRTUE Full Bundle,VIRTUE,needs_manual_review,manual_review,0.55,same product_name appears under multiple brands; brands=NARS; VIRTUE
lookfantastic_ceb31d889e0284,lookfantastic,Pureology,VIRTUE Frizz Block Smoothing Spray 150ml,VIRTUE,needs_manual_review,manual_review,0.55,same product_name appears under multiple brands; brands=Color Wow; Pureology; VIRTUE
lookfantastic_0ce9ec8b3b7c5b,lookfantastic,St. Tropez,VIRTUE Smooth Conditioner 200ml,VIRTUE,needs_manual_review,manual_review,0.55,same product_name appears under multiple brands; brands=St. Tropez; VIRTUE
lookfantastic_60befd6ca269da,lookfantastic,The Ordinary,VIRTUE Flourish Shampoo for Thinning Hair 60ml,VIRTUE,needs_manual_review,manual_review,0.55,same product_name appears under multiple brands; brands=OUAI; The Ordinary
lookfantastic_471db173d585a1,lookfantastic,Vichy,VIRTUE Curl Leave-in Butter 150ml,VIRTUE,needs_manual_review,manual_review,0.55,same product_name appears under multiple brands; brands=VIRTUE; Vichy
lookfantastic_833af877b2fa18,lookfantastic,benefit,VIRTUE Smooth Conditioner Travel Size 57ml,VIRTUE,needs_manual_review,manual_review,0.55,same product_name appears under multiple brands; brands=VIRTUE; benefit
lookfantastic_620969a8f86dc1,lookfantastic,lookfantastic Beauty Box,VIRTUE Strength & Shield Leave-in Conditioner 150ml,VIRTUE,needs_manual_review,manual_review,0.55,same product_name appears under multiple brands; brands=VIRTUE; lookfantastic Beauty Box
lookfantastic_a5b7cc9675fefb,lookfantastic,BEAUTYPRO,VT Cosmetics Reedle Shot 100 2-Step Mask,VT Cosmetics,needs_manual_review,manual_review,0.55,same product_name appears under multiple brands; brands=BEAUTYPRO; Beauty of Joseon
lookfantastic_7af76bf8ba29b6,lookfantastic,Beauty of Joseon,VT Cosmetics Pdrn Essence 100,VT Cosmetics,needs_manual_review,manual_review,0.55,same product_name appears under multiple brands; brands=Anua; Beauty of Joseon
lookfantastic_8cee3ab667222c,lookfantastic,La Roche-Posay,VT Cosmetics Cica Daily Soothing Mask (Eu Package),VT Cosmetics,needs_manual_review,manual_review,0.55,same product_name appears under multiple brands; brands=Danessa Myricks Beauty; La Roche-Posay
lookfantastic_7cf532f0f762f9,lookfantastic,La Roche-Posay,Weleda Pomegranate Creamy Body Wash (200ml),Weleda,needs_manual_review,manual_review,0.55,same product_name appears under multiple brands; brands=La Roche-Posay; Weleda
lookfantastic_093e0f73e682b5,lookfantastic,Kiehl's Since 1851,Youth To The People Triple Peptide and Cactus Oasis Serum 30ml,Youth To The People,needs_manual_review,manual_review,0.55,same product_name appears under multiple brands; brands=Kiehl's Since 1851; The Ordinary
lookfantastic_dfd0aa9eab47a4,lookfantastic,Avant Skincare,Zelens Power E Moisturising and Protecting Serum 30ml,Zelens,needs_manual_review,manual_review,0.55,same product_name appears under multiple brands; brands=Avant Skincare; Zelens
lookfantastic_8bea088f3f16cf,lookfantastic,Bondi Sands,Zelens Collagen Solution Firming Serum for Face and Neck 30ml,Zelens,needs_manual_review,manual_review,0.55,same product_name appears under multiple brands; brands=Bondi Sands; Marvis
lookfantastic_3997d3240fc380,lookfantastic,Clinique for Men,Zelens Acqua Shiso Hydrating Gel Cream 50ml,Zelens,needs_manual_review,manual_review,0.55,same product_name appears under multiple brands; brands=Clinique for Men; Sunday Riley
lookfantastic_2f26c969e05f8f,lookfantastic,Embryolisse,Zelens Triple Action Eye Cream 15ml,Zelens,needs_manual_review,manual_review,0.55,same product_name appears under multiple brands; brands=Embryolisse; Medik8
lookfantastic_b851f5abb3af9e,lookfantastic,Estée Lauder,Zelens Emulsion D Fortifying Moisturiser 50ml,Zelens,needs_manual_review,manual_review,0.55,same product_name appears under multiple brands; brands=Caudalie; Estée Lauder
lookfantastic_1968267216b9c0,lookfantastic,Heliocare,Zelens PHA+ Resurfacing Facial Pads 150ml,Zelens,needs_manual_review,manual_review,0.55,same product_name appears under multiple brands; brands=Heliocare; The Ordinary
lookfantastic_6a51aa3f08e893,lookfantastic,Kerastase,Zelens Z-22 Ultimate Face Oil Full Size,Zelens,needs_manual_review,manual_review,0.55,same product_name appears under multiple brands; brands=Kerastase; La Roche-Posay
lookfantastic_9616ea481c1528,lookfantastic,La Roche-Posay,Zelens Microbiota P3 Balancing Mist 50ml,Zelens,needs_manual_review,manual_review,0.55,same product_name appears under multiple brands; brands=La Roche-Posay; Medik8
lookfantastic_0efcac10371ba8,lookfantastic,Laura Mercier,Zelens Hyaluron Intense Hydro-Plumping Serum 30ml,Zelens,needs_manual_review,manual_review,0.55,same product_name appears under multiple brands; brands=Laura Mercier; Medik8
lookfantastic_f9e89cdd785184,lookfantastic,Marc Jacobs,Zelens Power B Revitalising and Clearing Serum 30ml,Zelens,needs_manual_review,manual_review,0.55,same product_name appears under multiple brands; brands=Marc Jacobs; The Ordinary
lookfantastic_6bddfd96f213a3,lookfantastic,Medik8,Zelens 3T Complex Anti-Ageing Cream 50ml,Zelens,needs_manual_review,manual_review,0.55,same product_name appears under multiple brands; brands=Medik8; Zelens
lookfantastic_1d7139c2265296,lookfantastic,NARS,Zelens Power D Fortifying and Restoring Serum 30ml,Zelens,needs_manual_review,manual_review,0.55,same product_name appears under multiple brands; brands=NARS; Zelens
lookfantastic_4a64765daafb19,lookfantastic,SkinCeuticals,Zelens Daily Defence Sunscreen SPF 50 50ml,Zelens,needs_manual_review,manual_review,0.55,same product_name appears under multiple brands; brands=La Roche-Posay; SkinCeuticals
lookfantastic_9ce0d630d95e6f,lookfantastic,lookfantastic Beauty Box,Zelens Provitamin D3 Fortifying Mist 50ml,Zelens,needs_manual_review,manual_review,0.55,same product_name appears under multiple brands; brands=NIOD; lookfantastic Beauty Box
lookfantastic_a3a2a35fed506d,lookfantastic,L'Oréal Paris,bareMinerals SKINLONGEVITY Butter Drench Cream Mineral Herb Complex 50g,bareMinerals,needs_manual_review,manual_review,0.55,same product_name appears under multiple brands; brands=L'Oréal Paris; PATRICK TA
lookfantastic_340181b143c597,lookfantastic,NARS,bareMinerals Gen Nude Dew-In Call My Blush,bareMinerals,needs_manual_review,manual_review,0.55,same product_name appears under multiple brands; brands=NARS; bareMinerals
lookfantastic_250ba4ad52caf3,lookfantastic,NARS,bareMinerals Original Liquid Mineral Concealer 6ml Medium Tan 3.5N,bareMinerals,needs_manual_review,manual_review,0.55,same product_name appears under multiple brands; brands=NARS; bareMinerals
lookfantastic_08706d0d6f3b5e,lookfantastic,benefit,bareMinerals LASHTOPIA Mega Volume Mineral-Based Mascara,bareMinerals,needs_manual_review,manual_review,0.55,same product_name appears under multiple brands; brands=bareMinerals; benefit
lookfantastic_4256524ce1671a,lookfantastic,Anastasia Beverly Hills,benefit Hoola Wave Light Cream Bronzer (Various Shades) Original,benefit,needs_manual_review,manual_review,0.55,same product_name appears under multiple brands; brands=Anastasia Beverly Hills; PATRICK TA
lookfantastic_5a3a4ce56c342f,lookfantastic,MAC,benefit Dandelion Twinkle Highlighter Powder Mini 1.5g,benefit,needs_manual_review,manual_review,0.55,same product_name appears under multiple brands; brands=MAC; benefit
lookfantastic_a1b863bbf4e567,lookfantastic,Mavala,benefit Eyes Whoop Lash Enhancing Serum 2ml,benefit,needs_manual_review,manual_review,0.55,same product_name appears under multiple brands; brands=Mavala; NARS
lookfantastic_9ceca925b44392,lookfantastic,Maybelline,benefit Badgal BANG! Volumizing Waterproof Mascara - Pitch Black,benefit,needs_manual_review,manual_review,0.55,same product_name appears under multiple brands; brands=Maybelline; benefit
lookfantastic_09831ca7f1c3a6,lookfantastic,NARS,benefit Cookie Highlighter Powder 8g,benefit,needs_manual_review,manual_review,0.55,same product_name appears under multiple brands; brands=HUDA BEAUTY; NARS
lookfantastic_573650451fd270,lookfantastic,NARS,benefit Hoola Matte Bronzer Mini 2.5g,benefit,needs_manual_review,manual_review,0.55,same product_name appears under multiple brands; brands=HUDA BEAUTY; NARS
lookfantastic_ea9332a34dc0d8,lookfantastic,NARS,benefit Hoola Matte Powder Bronzer 8g (Various Shades) Original,benefit,needs_manual_review,manual_review,0.55,same product_name appears under multiple brands; brands=HUDA BEAUTY; NARS
lookfantastic_1c1c3fcdaf404c,lookfantastic,NARS,benefit Juice Stick Hydrating Dewy Gel Blush Stick (Various Shades) Figgie Cool Purple-Pink,benefit,needs_manual_review,manual_review,0.55,same product_name appears under multiple brands; brands=NARS; benefit
lookfantastic_faa812acb1ad1b,lookfantastic,RapidLash,benefit Brows Whoa So Soft Brow Oil 10ml,benefit,needs_manual_review,manual_review,0.55,same product_name appears under multiple brands; brands=RapidLash; benefit
lookfantastic_f4c22ecad1f950,lookfantastic,YSL,benefit High Beam Satiny Pink Liquid Highlighter,benefit,needs_manual_review,manual_review,0.55,same product_name appears under multiple brands; brands=Saie; YSL
lookfantastic_5687e031c8821e,lookfantastic,lookfantastic Beauty Box,benefit Fan Fest Mini Mascara - Hyper Black 4g,benefit,needs_manual_review,manual_review,0.55,same product_name appears under multiple brands; brands=benefit; lookfantastic Beauty Box
lookfantastic_cb900265742810,lookfantastic,BEAUTYPRO,INNISFREE Aloe Energy Mask 22ml,innisfree,needs_manual_review,manual_review,0.55,same product_name appears under multiple brands; brands=BEAUTYPRO; Patchology
lookfantastic_82b632023967fc,lookfantastic,BEAUTYPRO,INNISFREE Green Tea Energy Mask 22ml,innisfree,needs_manual_review,manual_review,0.55,same product_name appears under multiple brands; brands=BEAUTYPRO; PATRICK TA
lookfantastic_af9f27ef6589bf,lookfantastic,BEAUTYPRO,INNISFREE Pomegranate Energy Mask 22ml,innisfree,needs_manual_review,manual_review,0.55,same product_name appears under multiple brands; brands=BEAUTYPRO; PATRICK TA
lookfantastic_474c1745a862a2,lookfantastic,Beauty of Joseon,INNISFREE Cherry Blossom Glow Jam Cleanser 150ml,innisfree,needs_manual_review,manual_review,0.55,same product_name appears under multiple brands; brands=Beauty of Joseon; PATRICK TA
lookfantastic_92540eab202287,lookfantastic,COSRX,INNISFREE Volcanic Pore Cleansing Foam 150ml,innisfree,needs_manual_review,manual_review,0.55,same product_name appears under multiple brands; brands=COSRX; innisfree
lookfantastic_63a9a67c5ce33a,lookfantastic,Dr Dennis Gross,INNISFREE Green Tea Enzyme Vitamin C Brightening Toner Pads - 60 pads,innisfree,needs_manual_review,manual_review,0.55,same product_name appears under multiple brands; brands=Dr Dennis Gross; innisfree
lookfantastic_0c489f06059c6f,lookfantastic,IT Cosmetics,INNISFREE Green Tea Hyaluronic Acid Cream 50ml,innisfree,needs_manual_review,manual_review,0.55,same product_name appears under multiple brands; brands=HUDA BEAUTY; IT Cosmetics
lookfantastic_6fc05cfba5ef06,lookfantastic,L'Oréal Paris,INNISFREE No Sebum Mineral Powder 5g,innisfree,needs_manual_review,manual_review,0.55,same product_name appears under multiple brands; brands=L'Oréal Paris; Laura Mercier
lookfantastic_56555e52fdfcaf,lookfantastic,Maison Margiela,INNISFREE Green Tea Hyaluronic Toner 140ml,innisfree,needs_manual_review,manual_review,0.55,same product_name appears under multiple brands; brands=MAKE UP FOR EVER; Maison Margiela
lookfantastic_9be652ef9cb818,lookfantastic,Medik8,INNISFREE Green Tea Amino Acid Cleansing Oil 150ml,innisfree,needs_manual_review,manual_review,0.55,same product_name appears under multiple brands; brands=Beauty of Joseon; Medik8
lookfantastic_1c568df58c839f,lookfantastic,Medik8,INNISFREE Vitamin C Cream 50ml,innisfree,needs_manual_review,manual_review,0.55,same product_name appears under multiple brands; brands=Medik8; PATRICK TA
lookfantastic_54381bacd407e1,lookfantastic,Sol de Janeiro,INNISFREE Green Tea Enzyme Vitamin C Brightening Serum 30ml,innisfree,needs_manual_review,manual_review,0.55,same product_name appears under multiple brands; brands=Medik8; Sol de Janeiro
lookfantastic_93c4ca03c2b9b0,lookfantastic,The Ordinary,INNISFREE Cherry Blossom Glow Jelly Cream 50ml,innisfree,needs_manual_review,manual_review,0.55,same product_name appears under multiple brands; brands=Thank You Farmer; The Ordinary
lookfantastic_8f848a021da42f,lookfantastic,The Ordinary,INNISFREE Retinol Green Tea PDRN Firming Serum 25ml,innisfree,needs_manual_review,manual_review,0.55,same product_name appears under multiple brands; brands=The Ordinary; innisfree
lookfantastic_4eb9eaa049d436,lookfantastic,The Ordinary,INNISFREE Super Volcanic Pore Clay Mask 100g,innisfree,needs_manual_review,manual_review,0.55,same product_name appears under multiple brands; brands=Paula's Choice; The Ordinary
lookfantastic_7f0c4ea4f2830c,lookfantastic,The Ordinary,INNISFREE Volcanic Swirl Pore Mask 100ml,innisfree,needs_manual_review,manual_review,0.55,same product_name appears under multiple brands; brands=Glow Recipe; The Ordinary
lookfantastic_23a27e56bf06f8,lookfantastic,lookfantastic Beauty Box,INNISFREE Green Tea Ceramide Cream 50ml,innisfree,needs_manual_review,manual_review,0.55,same product_name appears under multiple brands; brands=innisfree; lookfantastic Beauty Box
lookfantastic_9c59520439e0d2,lookfantastic,lookfantastic Beauty Box,INNISFREE Green Tea Ceramide Milk 160ml,innisfree,needs_manual_review,manual_review,0.55,same product_name appears under multiple brands; brands=PATRICK TA; lookfantastic Beauty Box
lookfantastic_dcfc46032c76ce,lookfantastic,Caudalie,this works Skin Deep Shimmer Serum 50ml,this works,needs_manual_review,manual_review,0.55,same product_name appears under multiple brands; brands=Caudalie; this works
lookfantastic_f02d5325dff4bd,lookfantastic,lookfantastic Beauty Box,This Works Perfect Body Smoothing Wash 200ml,this works,needs_manual_review,manual_review,0.55,same product_name appears under multiple brands; brands=lookfantastic Beauty Box; this works
sephora_a36f2fe7815f87,sephora,ALTERNA Haircare,CAVIAR Anti-Aging® Multiplying Volume Styling Mousse,,needs_manual_review,manual_review,0.55,same product_name appears under multiple brands; brands=ALTERNA Haircare; Alterna
sephora_c39328d17e2136,sephora,Anastasia Beverly Hills,Mini Translucent Loose Setting Powder - Translucent,,needs_manual_review,manual_review,0.55,same product_name appears under multiple brands; brands=Anastasia Beverly Hills; Laura Mercier
sephora_8b3ac8039c0794,sephora,Augustinus Bader,The Lip Balm,,needs_manual_review,manual_review,0.55,same product_name appears under multiple brands; brands=Augustinus Bader; La Roche-Posay
sephora_faded0145878d7,sephora,Bobbi Brown,24 Hour Kajal Eyeliner Waterproof - Black,,needs_manual_review,manual_review,0.55,same product_name appears under multiple brands; brands=BOBBI BROWN; Bobbi Brown
sephora_779ee312b1abcb,sephora,Bobbi Brown,Crushed Lip Color Moisturizing Lipstick - Blush,,needs_manual_review,manual_review,0.55,same product_name appears under multiple brands; brands=BOBBI BROWN; Bobbi Brown
sephora_2f0313a7f98d90,sephora,Bobbi Brown,Crushed Oil-Infused Tinted Lip Gloss - Free Spirit,,needs_manual_review,manual_review,0.55,same product_name appears under multiple brands; brands=BOBBI BROWN; Bobbi Brown
sephora_ee1e77d8819158,sephora,Bobbi Brown,Dual-Ended Long-Wear Waterproof Cream Eyeshadow Stick - Milk Chocolate / Midnight Brown,,needs_manual_review,manual_review,0.55,same product_name appears under multiple brands; brands=BOBBI BROWN; Bobbi Brown
sephora_806200e9ec6321,sephora,Bobbi Brown,Extra Blushing pH Tinted Lip Oil - Bare Pink,,needs_manual_review,manual_review,0.55,same product_name appears under multiple brands; brands=BOBBI BROWN; Bobbi Brown
sephora_057ab41c3d6289,sephora,Bobbi Brown,Extra Lip Tinted Balm with Plumping + Peptide Technology - Bare Blossom,,needs_manual_review,manual_review,0.55,same product_name appears under multiple brands; brands=BOBBI BROWN; Bobbi Brown
sephora_7cf91759067a8a,sephora,Bobbi Brown,Extra Plump Hydrating Lip Oil - Bare Plum,,needs_manual_review,manual_review,0.55,same product_name appears under multiple brands; brands=BOBBI BROWN; Bobbi Brown
sephora_521bb52936edf5,sephora,Bobbi Brown,Highlighter Powder - Peach Glow,,needs_manual_review,manual_review,0.55,same product_name appears under multiple brands; brands=BOBBI BROWN; Bobbi Brown
sephora_9f4a6e99f1401c,sephora,Bobbi Brown,Long-Wear Cream Waterproof Eyeliner Stick - Rich Chocolate,,needs_manual_review,manual_review,0.55,same product_name appears under multiple brands; brands=BOBBI BROWN; Bobbi Brown
sephora_50e102a6b3fd7f,sephora,Bobbi Brown,Long-Wear Waterproof Cream Eyeshadow Stick - Bellini,,needs_manual_review,manual_review,0.55,same product_name appears under multiple brands; brands=BOBBI BROWN; Bobbi Brown
sephora_965a4eec32e9ae,sephora,Bobbi Brown,Long-Wear Waterproof Gel Eyeliner - Black Ink,,needs_manual_review,manual_review,0.55,same product_name appears under multiple brands; brands=BOBBI BROWN; Bobbi Brown
sephora_cf408194beefb7,sephora,Bobbi Brown,Matte Bronzing Powder - Golden Natural,,needs_manual_review,manual_review,0.55,same product_name appears under multiple brands; brands=BOBBI BROWN; Bobbi Brown
sephora_1923dd2dd9e6f5,sephora,Bobbi Brown,Pot Rouge Cream Blush for Lips and Cheeks - Pale Pink,,needs_manual_review,manual_review,0.55,same product_name appears under multiple brands; brands=BOBBI BROWN; Bobbi Brown
sephora_37bfdaf6b774b5,sephora,Bobbi Brown,Skin Cream Concealer Stick - Sand,,needs_manual_review,manual_review,0.55,same product_name appears under multiple brands; brands=BOBBI BROWN; Bobbi Brown
sephora_568f1b11c812ee,sephora,Bobbi Brown,Skin Hydrating Full Coverage Longwear Concealer - Sand,,needs_manual_review,manual_review,0.55,same product_name appears under multiple brands; brands=BOBBI BROWN; Bobbi Brown
sephora_eba8f6bc916357,sephora,Bobbi Brown,Smokey Eye Longwear Volumizing Mascara - Black,,needs_manual_review,manual_review,0.55,same product_name appears under multiple brands; brands=BOBBI BROWN; Bobbi Brown
sephora_15f814b8708774,sephora,Bobbi Brown,Vitamin Enriched Eye Base Primer & Moisturizer with Hyaluronic Acid,,needs_manual_review,manual_review,0.55,same product_name appears under multiple brands; brands=BOBBI BROWN; Bobbi Brown
sephora_b041b4908f5603,sephora,Bobbi Brown,Vitamin Enriched Pressed Setting Powder - Neutral,,needs_manual_review,manual_review,0.55,same product_name appears under multiple brands; brands=BOBBI BROWN; Bobbi Brown
sephora_5693f8a49e151b,sephora,Bobbi Brown,Vitamin Enriched Smoothing Serum with Niacinamide + Vitamin C,,needs_manual_review,manual_review,0.55,same product_name appears under multiple brands; brands=BOBBI BROWN; Bobbi Brown
sephora_045368f06fd7eb,sephora,Bobbi Brown,Weightless Skin Oil-Controlling Foundation SPF 15 with Hyaluronic Acid - Warm Natural (W-056),,needs_manual_review,manual_review,0.55,same product_name appears under multiple brands; brands=BOBBI BROWN; Bobbi Brown
sephora_186c860723194f,sephora,BondiBoost,Rapid Repair Bond Builder+ Hair Mask for Damaged Hair,,needs_manual_review,manual_review,0.55,same product_name appears under multiple brands; brands=Bondi Boost; BondiBoost
sephora_ce18ae7f745617,sephora,CLINIQUE,Beyond Perfecting Foundation + Concealer - CN 08 Linen,,needs_manual_review,manual_review,0.55,same product_name appears under multiple brands; brands=CLINIQUE; Clinique
sephora_94b8bb42c303e1,sephora,CLINIQUE,High Impact Volumizing Mascara - Black Honey,,needs_manual_review,manual_review,0.55,same product_name appears under multiple brands; brands=CLINIQUE; Clinique
sephora_50d03e658c1787,sephora,CLINIQUE,Take The Day Off Cleansing Oil Makeup Remover,,needs_manual_review,manual_review,0.55,same product_name appears under multiple brands; brands=CLINIQUE; Clinique
sephora_be0463402174f6,sephora,COLOR WOW,Extra Mist-ical Shine Spray,,needs_manual_review,manual_review,0.55,same product_name appears under multiple brands; brands=COLOR WOW; Color Wow
sephora_373ab2a7cfc616,sephora,COLOR WOW,Insta-Wow Advanced Dry Shampoo,,needs_manual_review,manual_review,0.55,same product_name appears under multiple brands; brands=COLOR WOW; Color Wow
sephora_e99783d02ecd1d,sephora,COLOR WOW,Root Coverup Powder - Platinum/Light Blonde,,needs_manual_review,manual_review,0.55,same product_name appears under multiple brands; brands=COLOR WOW; Color Wow
sephora_fd6afc9ea846b0,sephora,COLOR WOW,Speed Dry Blow Dry Spray,,needs_manual_review,manual_review,0.55,same product_name appears under multiple brands; brands=COLOR WOW; Color Wow
sephora_69024d4bc18751,sephora,COLOR WOW,Texas Hold 'Em Big Hold Hairspray,,needs_manual_review,manual_review,0.55,same product_name appears under multiple brands; brands=COLOR WOW; Color Wow
sephora_dbbfe7e67ce926,sephora,DIOR,Invisible UV Fluid Hydrating Face Sunscreen,,needs_manual_review,manual_review,0.55,same product_name appears under multiple brands; brands=DIOR; Dior
sephora_ab56a2233d12c8,sephora,DIOR,L'HUILE OFF/ON CLEANSING OIL,,needs_manual_review,manual_review,0.55,same product_name appears under multiple brands; brands=DIOR; Dior
sephora_08fa5aa2cd32f8,sephora,DIOR,L'Huile OFF/ON Cleansing Oil,,needs_manual_review,manual_review,0.55,same product_name appears under multiple brands; brands=DIOR; Dior
sephora_e01b6e4799cc61,sephora,DIOR,Miss Dior Blooming Bouquet Hair Mist,,needs_manual_review,manual_review,0.55,same product_name appears under multiple brands; brands=DIOR; Dior
sephora_4c0b875baeda12,sephora,DIOR,Rouge Dior Lip Balm - 000 Diornatural,,needs_manual_review,manual_review,0.55,same product_name appears under multiple brands; brands=DIOR; Dior
sephora_976fceb60be755,sephora,DIOR,Sauvage Deodorant Spray,,needs_manual_review,manual_review,0.55,same product_name appears under multiple brands; brands=DIOR; Dior
sephora_d7d40826358d70,sephora,DIOR,Sauvage Deodorant Stick,,needs_manual_review,manual_review,0.55,same product_name appears under multiple brands; brands=DIOR; Dior
sephora_4bc92b8d71d4a5,sephora,Davines,Nourishing Shampoo,,needs_manual_review,manual_review,0.55,same product_name appears under multiple brands; brands=Davines; Najeau
sephora_a39e7dd9caac85,sephora,Elemis,Pro Collagen Hydrating Cleansing Mousse,,needs_manual_review,manual_review,0.55,same product_name appears under multiple brands; brands=ELEMIS; Elemis
sephora_b39d28070726e7,sephora,Elemis,Pro Collagen Toning Mist,,needs_manual_review,manual_review,0.55,same product_name appears under multiple brands; brands=ELEMIS; Elemis
sephora_99b033083d23f9,sephora,Fable & Mane,Root Refresh Dry Shampoo,,needs_manual_review,manual_review,0.55,same product_name appears under multiple brands; brands=Babe Original; Fable & Mane
sephora_0d708ca5038f19,sephora,Farmacy,1% Vitamin A Retinol Serum,,needs_manual_review,manual_review,0.55,same product_name appears under multiple brands; brands=FARMACY; Farmacy
sephora_402ff82e86a2e0,sephora,Farmacy,10% Niacinamide Night Mask,,needs_manual_review,manual_review,0.55,same product_name appears under multiple brands; brands=FARMACY; Farmacy
sephora_8121e82bbc0456,sephora,Farmacy,10% Waterless Vitamin C Serum,,needs_manual_review,manual_review,0.55,same product_name appears under multiple brands; brands=FARMACY; Farmacy
sephora_57bebf03aabe24,sephora,Farmacy,Filling Good Hyaluronic Acid Plumping Serum,,needs_manual_review,manual_review,0.55,same product_name appears under multiple brands; brands=FARMACY; Farmacy
sephora_d3af91fcfe370e,sephora,Farmacy,Honey Butter Beeswax Lip Balm,,needs_manual_review,manual_review,0.55,same product_name appears under multiple brands; brands=FARMACY; Farmacy
sephora_5c5c7168dd30e3,sephora,Farmacy,Honey Grail Ultra-Hydrating Face Oil,,needs_manual_review,manual_review,0.55,same product_name appears under multiple brands; brands=FARMACY; Farmacy
sephora_d071e9d76c347a,sephora,Farmacy,Lip Smoothie Vitamin C + Peptide Lip Balm - Apple,,needs_manual_review,manual_review,0.55,same product_name appears under multiple brands; brands=FARMACY; Farmacy
sephora_639a22ec404977,sephora,Fenty Beauty by Rihanna,Flyliner Longwear Liquid Eyeliner - In Big Truffle,,needs_manual_review,manual_review,0.55,same product_name appears under multiple brands; brands=FENTY BEAUTY by Rihanna; Fenty Beauty by Rihanna
sephora_b1b7ba165bc2bb,sephora,Fenty Beauty by Rihanna,Gloss Bomb Cream Color Drip Lip Cream - Fenty Glow,,needs_manual_review,manual_review,0.55,same product_name appears under multiple brands; brands=FENTY BEAUTY by Rihanna; Fenty Beauty by Rihanna
sephora_5fdfee6d1d8d42,sephora,Fenty Beauty by Rihanna,Gloss Bomb Oil Luminizing Lip Oil 'N Gloss - Miss Jellyfish,,needs_manual_review,manual_review,0.55,same product_name appears under multiple brands; brands=FENTY BEAUTY by Rihanna; Fenty Beauty by Rihanna
sephora_0b32214b9277c6,sephora,Fenty Beauty by Rihanna,Hella Thicc Volumizing Mascara - Cuz I'm Black,,needs_manual_review,manual_review,0.55,same product_name appears under multiple brands; brands=FENTY BEAUTY by Rihanna; Fenty Beauty by Rihanna
sephora_2b615c91a18dd1,sephora,Fenty Beauty by Rihanna,Killawatt Freestyle Highlighter - Ginger Binge/ Moscow Mule,,needs_manual_review,manual_review,0.55,same product_name appears under multiple brands; brands=FENTY BEAUTY by Rihanna; Fenty Beauty by Rihanna
sephora_486d69d15c712b,sephora,Fenty Beauty by Rihanna,Match Stix Color-Adaptive Cheek + Lip Stick - Strawberry Pop,,needs_manual_review,manual_review,0.55,same product_name appears under multiple brands; brands=FENTY BEAUTY by Rihanna; Fenty Beauty by Rihanna
sephora_f095abad249d30,sephora,Fenty Beauty by Rihanna,Mini Hella Thicc Volumizing Mascara - Cuz I'm Black,,needs_manual_review,manual_review,0.55,same product_name appears under multiple brands; brands=FENTY BEAUTY by Rihanna; Fenty Beauty by Rihanna
sephora_89ac5933f45dd7,sephora,Fenty Beauty by Rihanna,Pro Filt’r Soft Matte Longwear Liquid Foundation - 485,,needs_manual_review,manual_review,0.55,same product_name appears under multiple brands; brands=FENTY BEAUTY by Rihanna; Fenty Beauty by Rihanna
sephora_4ca0f3b22d2247,sephora,Fenty Beauty by Rihanna,Set it Down Superfine Blurring Setting Powder - Strawberry Milk,,needs_manual_review,manual_review,0.55,same product_name appears under multiple brands; brands=FENTY BEAUTY by Rihanna; Fenty Beauty by Rihanna
sephora_d7e42340adcfba,sephora,Fenty Beauty by Rihanna,Shadowstix Longwear Eyeshadow Stick - Brownie Badd'R,,needs_manual_review,manual_review,0.55,same product_name appears under multiple brands; brands=FENTY BEAUTY by Rihanna; Fenty Beauty by Rihanna
sephora_492b9f8f7f20fa,sephora,Fenty Beauty by Rihanna,Soft’Lit Naturally Luminous Hydrating Longwear Foundation - 420,,needs_manual_review,manual_review,0.55,same product_name appears under multiple brands; brands=FENTY BEAUTY by Rihanna; Fenty Beauty by Rihanna
sephora_d4a921cf6a83ef,sephora,Fenty Beauty by Rihanna,Stunna Lip Paint Longwear Fluid Lip Color - Unveil,,needs_manual_review,manual_review,0.55,same product_name appears under multiple brands; brands=FENTY BEAUTY by Rihanna; Fenty Beauty by Rihanna
sephora_a33a926b0260c6,sephora,Fenty Beauty by Rihanna,Sun Stalk'r Instant Warmth Bronzer - Thick Mint,,needs_manual_review,manual_review,0.55,same product_name appears under multiple brands; brands=FENTY BEAUTY by Rihanna; Fenty Beauty by Rihanna
sephora_2699881734ebdd,sephora,Glossier,Hand Cream,,needs_manual_review,manual_review,0.55,same product_name appears under multiple brands; brands=Blue Lagoon Skin Science; Glossier; OUAI; Particle for Men
sephora_d027cf24dfb1b9,sephora,Hourglass,1.5MM Mechanical Gel Eye Liner - Obsidian,,needs_manual_review,manual_review,0.55,same product_name appears under multiple brands; brands=HOURGLASS; Hourglass
sephora_f3242d7e263d75,sephora,Hourglass,Ambient Soft Glow Foundation - 1,,needs_manual_review,manual_review,0.55,same product_name appears under multiple brands; brands=HOURGLASS; Hourglass
sephora_904b3eb3de8d91,sephora,Hourglass,Ambient® Lighting Bronzer - Luminous Bronze Light,,needs_manual_review,manual_review,0.55,same product_name appears under multiple brands; brands=HOURGLASS; Hourglass
sephora_40ca65ceb6525b,sephora,Hourglass,Arch Brow Micro Sculpting Pencil - Soft Brunette,,needs_manual_review,manual_review,0.55,same product_name appears under multiple brands; brands=HOURGLASS; Hourglass
sephora_103540f44d9443,sephora,Hourglass,Arch Brow Sculpting Pencil - Soft Brunette,,needs_manual_review,manual_review,0.55,same product_name appears under multiple brands; brands=HOURGLASS; Hourglass
sephora_4db918dd929a36,sephora,Hourglass,Arch Brow Shaping Gel - Clear,,needs_manual_review,manual_review,0.55,same product_name appears under multiple brands; brands=HOURGLASS; Hourglass
sephora_adfc4076b77b9a,sephora,Hourglass,Arch Brow Volumizing Fiber Gel - Auburn,,needs_manual_review,manual_review,0.55,same product_name appears under multiple brands; brands=HOURGLASS; Hourglass
sephora_beb573a88ff1a5,sephora,Hourglass,Equilibrium Instant Plumping Eye Mask,,needs_manual_review,manual_review,0.55,same product_name appears under multiple brands; brands=HOURGLASS; Hourglass
sephora_926cd6b6dc9343,sephora,Hourglass,Illusion Luminous Glow Foundation SPF 30 - 5,,needs_manual_review,manual_review,0.55,same product_name appears under multiple brands; brands=HOURGLASS; Hourglass
sephora_f10cfec7b5a8bd,sephora,Hourglass,Unreal Liquid Blush - Whim,,needs_manual_review,manual_review,0.55,same product_name appears under multiple brands; brands=HOURGLASS; Hourglass
sephora_374b841cf7a062,sephora,Hourglass,Vanish Airbrush Pressed Powder - Translucent Tan,,needs_manual_review,manual_review,0.55,same product_name appears under multiple brands; brands=HOURGLASS; Hourglass
sephora_572a68d5758f98,sephora,Hourglass,Veil Soft Focus Setting Spray,,needs_manual_review,manual_review,0.55,same product_name appears under multiple brands; brands=HOURGLASS; Hourglass
sephora_ba9e10fae31296,sephora,Hourglass,Voyeur Waterproof Gel Eyeliner - Cave,,needs_manual_review,manual_review,0.55,same product_name appears under multiple brands; brands=HOURGLASS; Hourglass
sephora_09e93302330936,sephora,Isle of Paradise,Self-Tanning Mitt,,needs_manual_review,manual_review,0.55,same product_name appears under multiple brands; brands=Isle of Paradise; Luna Bronze
sephora_05da60405bbb07,sephora,Jack Black,Beard Oil,,needs_manual_review,manual_review,0.55,same product_name appears under multiple brands; brands=Jack Black; Johnny B. Hair Care
sephora_771747e04fa955,sephora,Jack Black,Beard Wash,,needs_manual_review,manual_review,0.55,same product_name appears under multiple brands; brands=Jack Black; Johnny B. Hair Care
sephora_f86f9492bbcb14,sephora,Kenra Professional,Volumizing Dry Shampoo,,needs_manual_review,manual_review,0.55,same product_name appears under multiple brands; brands=Kenra Professional; Nioxin; Viviscal
sephora_0a6f4a60dba3be,sephora,Living Proof,Curl Enhancing Conditioner,,needs_manual_review,manual_review,0.55,same product_name appears under multiple brands; brands=Living Proof; Moroccanoil
sephora_69ee53d709ffc9,sephora,Living Proof,Curl Enhancing Shampoo,,needs_manual_review,manual_review,0.55,same product_name appears under multiple brands; brands=Living Proof; Moroccanoil
sephora_cb52cb65d01757,sephora,MAC Cosmetics,Strobe Beam Bronzelighter Liquid Bronzer - Warmlight,,needs_manual_review,manual_review,0.55,same product_name appears under multiple brands; brands=MAC; MAC Cosmetics
sephora_b578337ebaba6a,sephora,MAC Cosmetics,Studio Fix 36HR Smooth Angles Hydrating Concealer - N12,,needs_manual_review,manual_review,0.55,same product_name appears under multiple brands; brands=MAC; MAC Cosmetics
sephora_cd7419ac722d0e,sephora,MAC Cosmetics,Studio Fix Pro Set + Blur Weightless Loose Setting Powder - Light,,needs_manual_review,manual_review,0.55,same product_name appears under multiple brands; brands=MAC; MAC Cosmetics
sephora_1131d971264f34,sephora,Moroccanoil,Curl Defining Cream,,needs_manual_review,manual_review,0.55,same product_name appears under multiple brands; brands=Blind Barber; Moroccanoil
sephora_7827283add2cb0,sephora,Moroccanoil,Curl Enhancing Conditioner,,needs_manual_review,manual_review,0.55,same product_name appears under multiple brands; brands=Living Proof; Moroccanoil
sephora_87c04c46ad7675,sephora,Moroccanoil,Curl Enhancing Shampoo,,needs_manual_review,manual_review,0.55,same product_name appears under multiple brands; brands=Living Proof; Moroccanoil
sephora_0b44848471c877,sephora,Moroccanoil,Dry Body Oil,,needs_manual_review,manual_review,0.55,same product_name appears under multiple brands; brands=Moroccanoil; Pirette
sephora_289f3fcea1488b,sephora,Moroccanoil,Hand Wash,,needs_manual_review,manual_review,0.55,same product_name appears under multiple brands; brands=Moroccanoil; OUAI
sephora_5ec20138c3f052,sephora,OUAI,Hand Cream,,needs_manual_review,manual_review,0.55,same product_name appears under multiple brands; brands=Blue Lagoon Skin Science; Glossier; OUAI; Particle for Men
sephora_807f317dd835ad,sephora,OUAI,Hand Wash,,needs_manual_review,manual_review,0.55,same product_name appears under multiple brands; brands=Moroccanoil; OUAI
sephora_58b1314e07b30e,sephora,Olaplex,Lashbond Building and Enhancing Serum,,needs_manual_review,manual_review,0.55,same product_name appears under multiple brands; brands=OLAPLEX; Olaplex
sephora_19a3089469ed90,sephora,Olaplex,No. 0 Intensive Bond Building Hair Treatment for Deep Repair & Strengthening,,needs_manual_review,manual_review,0.55,same product_name appears under multiple brands; brands=OLAPLEX; Olaplex
sephora_1845d50d380087,sephora,Olaplex,No. 6 Bond Smoother Frizz Control Styling Hair Cream,,needs_manual_review,manual_review,0.55,same product_name appears under multiple brands; brands=OLAPLEX; Olaplex
sephora_0ae162718e6536,sephora,Olaplex,No.10 Curl Defining Frizz Reducing Hair Gel,,needs_manual_review,manual_review,0.55,same product_name appears under multiple brands; brands=OLAPLEX; Olaplex
sephora_cfe102cb4a3902,sephora,Olaplex,Volumizing Hair Heat Protective Weightless Blowout Mist,,needs_manual_review,manual_review,0.55,same product_name appears under multiple brands; brands=OLAPLEX; Olaplex
sephora_5d8ba2fb96327e,sephora,Oribe,Mini Signature Conditioner,,needs_manual_review,manual_review,0.55,same product_name appears under multiple brands; brands=Oribe; dae
sephora_430dee257fd61f,sephora,Oribe,Mini Signature Shampoo,,needs_manual_review,manual_review,0.55,same product_name appears under multiple brands; brands=Oribe; dae
sephora_b300f7c610c987,sephora,Oribe,Signature Conditioner,,needs_manual_review,manual_review,0.55,same product_name appears under multiple brands; brands=Oribe; dae
sephora_8713642c5cf681,sephora,Oribe,Signature Shampoo,,needs_manual_review,manual_review,0.55,same product_name appears under multiple brands; brands=Oribe; dae
sephora_2bf021debb8fec,sephora,PATTERN by Tracee Ellis Ross,Breakage Barrier Hair Mask,,needs_manual_review,manual_review,0.55,same product_name appears under multiple brands; brands=PATTERN; PATTERN by Tracee Ellis Ross
sephora_4f43c91623c8c9,sephora,PATTERN by Tracee Ellis Ross,Edge Control,,needs_manual_review,manual_review,0.55,same product_name appears under multiple brands; brands=PATTERN; PATTERN by Tracee Ellis Ross
sephora_be8bcf23d3cf0b,sephora,PATTERN by Tracee Ellis Ross,Heat Protectant,,needs_manual_review,manual_review,0.55,same product_name appears under multiple brands; brands=PATTERN; PATTERN by Tracee Ellis Ross
sephora_f6f826b5832618,sephora,PATTERN by Tracee Ellis Ross,Revitalizing Scalp Scrub,,needs_manual_review,manual_review,0.55,same product_name appears under multiple brands; brands=PATTERN; PATTERN by Tracee Ellis Ross
sephora_600341d43beeb7,sephora,PATTERN by Tracee Ellis Ross,Shine Spray,,needs_manual_review,manual_review,0.55,same product_name appears under multiple brands; brands=PATTERN; PATTERN by Tracee Ellis Ross
sephora_7563b808a0d446,sephora,Rare Beauty by Selena Gomez,Brow Harmony Precision Eyebrow Pencil - Cool Brown,,needs_manual_review,manual_review,0.55,same product_name appears under multiple brands; brands=Rare Beauty; Rare Beauty by Selena Gomez
sephora_299c97b04b6fa9,sephora,Rare Beauty by Selena Gomez,Essential Neutrals Eyeshadow Palette​,,needs_manual_review,manual_review,0.55,same product_name appears under multiple brands; brands=Rare Beauty; Rare Beauty by Selena Gomez
sephora_83e8e62b53c77c,sephora,Rare Beauty by Selena Gomez,Perfect Strokes Universal Volumizing Mascara - Black,,needs_manual_review,manual_review,0.55,same product_name appears under multiple brands; brands=Rare Beauty; Rare Beauty by Selena Gomez
sephora_03630cfcd11f5d,sephora,Rare Beauty by Selena Gomez,Positive Light Luminizing Lip Gloss - Glimmer,,needs_manual_review,manual_review,0.55,same product_name appears under multiple brands; brands=Rare Beauty; Rare Beauty by Selena Gomez
sephora_43deb1171b5adc,sephora,Rare Beauty by Selena Gomez,Positive Light Silky Touch Highlighter - Exhilarate,,needs_manual_review,manual_review,0.55,same product_name appears under multiple brands; brands=Rare Beauty; Rare Beauty by Selena Gomez
sephora_69b5947dff46c9,sephora,Rare Beauty by Selena Gomez,Positive Light Tinted Moisturizer Broad Spectrum SPF 20 Sunscreen - 58N,,needs_manual_review,manual_review,0.55,same product_name appears under multiple brands; brands=Rare Beauty; Rare Beauty by Selena Gomez
sephora_a798e95f0fcf1d,sephora,Rare Beauty by Selena Gomez,Soft Pinch Liquid Blush - Adore,,needs_manual_review,manual_review,0.55,same product_name appears under multiple brands; brands=Rare Beauty; Rare Beauty by Selena Gomez
sephora_f6a43e36ef7702,sephora,Rare Beauty by Selena Gomez,Soft Touch Makeup Blending Sponge​,,needs_manual_review,manual_review,0.55,same product_name appears under multiple brands; brands=Rare Beauty; Rare Beauty by Selena Gomez
sephora_ad430ee6230914,sephora,Rare Beauty by Selena Gomez,Soft Touch Setting Powder and Baking Puff Duo,,needs_manual_review,manual_review,0.55,same product_name appears under multiple brands; brands=Rare Beauty; Rare Beauty by Selena Gomez
sephora_22eafb625b0bf0,sephora,Rare Beauty by Selena Gomez,True to Myself Natural Matte Longwear Foundation ​ - 9 Light Neutral,,needs_manual_review,manual_review,0.55,same product_name appears under multiple brands; brands=Rare Beauty; Rare Beauty by Selena Gomez
sephora_7da9f19686bd97,sephora,Rare Beauty by Selena Gomez,Warm Wishes Soft Matte Powder Bronzer - Warmed Up,,needs_manual_review,manual_review,0.55,same product_name appears under multiple brands; brands=Rare Beauty; Rare Beauty by Selena Gomez
sephora_aed9a97f2845a5,sephora,Saint Jane Beauty,Rich Rescue Phyto Mucin Cream,,needs_manual_review,manual_review,0.55,same product_name appears under multiple brands; brands=Saint Jane; Saint Jane Beauty
sephora_0baa979926ae63,sephora,Sunday Riley,Aquamarine Melt Hydrating Gel-Balm Cleanser,,needs_manual_review,manual_review,0.55,same product_name appears under multiple brands; brands=SUNDAY RILEY; Sunday Riley
sephora_b4a256d839f40a,sephora,Sunday Riley,B3 Nice 10% Niacinamide Serum,,needs_manual_review,manual_review,0.55,same product_name appears under multiple brands; brands=SUNDAY RILEY; Sunday Riley
sephora_d3b673ddf4fb39,sephora,Sunday Riley,Tidal Deep Hydration and Plumping Serum,,needs_manual_review,manual_review,0.55,same product_name appears under multiple brands; brands=SUNDAY RILEY; Sunday Riley
sephora_d897c7a7e4e68e,sephora,Tatcha,Skin Nurturing Trio Set,,needs_manual_review,manual_review,0.55,same product_name appears under multiple brands; brands=TATCHA; Tatcha
sephora_6a0eeb3ccc14e9,sephora,Tatcha,The Essence Skincare Boosting Treatment,,needs_manual_review,manual_review,0.55,same product_name appears under multiple brands; brands=TATCHA; Tatcha
sephora_9550635de88330,sephora,Tatcha,The Indigo Cleansing Balm Moisturizing Makeup Remover,,needs_manual_review,manual_review,0.55,same product_name appears under multiple brands; brands=TATCHA; Tatcha
sephora_fcc7fbddfc7411,sephora,Tatcha,The Kissu Hydrating & Plumping Lip Mask - Original,,needs_manual_review,manual_review,0.55,same product_name appears under multiple brands; brands=TATCHA; Tatcha
sephora_462048961bb4b5,sephora,Tatcha,The Rice Polish Foaming Enzyme Powder,,needs_manual_review,manual_review,0.55,same product_name appears under multiple brands; brands=TATCHA; Tatcha
sephora_841ecf1beb8b14,sephora,Tatcha,The Serum Stick Line-Smoothing Treatment & Touch Up Balm,,needs_manual_review,manual_review,0.55,same product_name appears under multiple brands; brands=TATCHA; Tatcha
sephora_62ea0ee19a6cfb,sephora,Tatcha,The Silk Peony Line-Smoothing Eye Cream,,needs_manual_review,manual_review,0.55,same product_name appears under multiple brands; brands=TATCHA; Tatcha
sephora_c9bc455418fdfe,sephora,Tatcha,The Texture Tonic AHA Liquid Exfoliating Treatment,,needs_manual_review,manual_review,0.55,same product_name appears under multiple brands; brands=TATCHA; Tatcha
sephora_8b908ae322a0e5,sephora,Urban Decay,24/7 Eyeshadow - Virgin,,needs_manual_review,manual_review,0.55,same product_name appears under multiple brands; brands=Urban Decay; Urban Decay Cosmetics
sephora_0bf5e3c8ac0a73,sephora,Urban Decay,24/7 Glide-On Waterproof Eyeliner Pencil - Whiskey,,needs_manual_review,manual_review,0.55,same product_name appears under multiple brands; brands=Urban Decay; Urban Decay Cosmetics
sephora_a334b9a4e7fad4,sephora,Urban Decay,24/7 Glide-On Waterproof Lip Liner - Luv Ya Backtalk,,needs_manual_review,manual_review,0.55,same product_name appears under multiple brands; brands=Urban Decay; Urban Decay Cosmetics
sephora_f6eb3a386038b1,sephora,Urban Decay,24/7 Inks Easy Ergonomic Liquid Eyeliner Pen - Zero,,needs_manual_review,manual_review,0.55,same product_name appears under multiple brands; brands=Urban Decay; Urban Decay Cosmetics
sephora_51352ff779d22c,sephora,Urban Decay,24/7 Waterproof Waterline Eyeliner Pencil - Legend,,needs_manual_review,manual_review,0.55,same product_name appears under multiple brands; brands=Urban Decay; Urban Decay Cosmetics
sephora_8945c84119ec53,sephora,Urban Decay,All Nighter Face Makeup Primer,,needs_manual_review,manual_review,0.55,same product_name appears under multiple brands; brands=Urban Decay; Urban Decay Cosmetics
sephora_de7e96273b2421,sephora,Urban Decay,All Nighter Waterproof Setting Powder,,needs_manual_review,manual_review,0.55,same product_name appears under multiple brands; brands=Urban Decay; Urban Decay Cosmetics
sephora_0a2a75d5d3a96b,sephora,Urban Decay,Brow Blade 2-in-1 Eyebrow Pen + Waterproof Pencil - Taupe Trap,,needs_manual_review,manual_review,0.55,same product_name appears under multiple brands; brands=Urban Decay; Urban Decay Cosmetics
sephora_1647e3906eb8c9,sephora,Urban Decay,Face Bond Self Setting Waterproof Foundation - 18,,needs_manual_review,manual_review,0.55,same product_name appears under multiple brands; brands=Urban Decay; Urban Decay Cosmetics
sephora_fdb8e7b145026e,sephora,Urban Decay,Naked3 Mini Soft Pink Eyeshadow Palette,,needs_manual_review,manual_review,0.55,same product_name appears under multiple brands; brands=Urban Decay; Urban Decay Cosmetics
sephora_c8d7bb3d3a935d,sephora,Urban Decay,Vice Hydrating Lipstick - Olvera,,needs_manual_review,manual_review,0.55,same product_name appears under multiple brands; brands=Urban Decay; Urban Decay Cosmetics
sephora_97c6d5c791ac49,sephora,Urban Decay,Vice Lip Bond Glossy Longwear Liquid Lipstick - Text Em,,needs_manual_review,manual_review,0.55,same product_name appears under multiple brands; brands=Urban Decay; Urban Decay Cosmetics
sephora_efc8e4b662cd32,sephora,Verb,Dry Shampoo Powder,,needs_manual_review,manual_review,0.55,same product_name appears under multiple brands; brands=Tricoci; Verb
sephora_9de570c2bb5546,sephora,dae,Mini Signature Conditioner,,needs_manual_review,manual_review,0.55,same product_name appears under multiple brands; brands=Oribe; dae
sephora_e15c250ea2c550,sephora,dae,Mini Signature Shampoo,,needs_manual_review,manual_review,0.55,same product_name appears under multiple brands; brands=Oribe; dae
sephora_0014e58ba59f64,sephora,dae,Signature Conditioner,,needs_manual_review,manual_review,0.55,same product_name appears under multiple brands; brands=Oribe; dae
sephora_d23845ed96b153,sephora,dae,Signature Shampoo,,needs_manual_review,manual_review,0.55,same product_name appears under multiple brands; brands=Oribe; dae
sephora_45440703a17e2e,sephora,stila,Correct & Perfect All-In-One Color Correcting Palette,,needs_manual_review,manual_review,0.55,same product_name appears under multiple brands; brands=Stila; stila
sephora_ec693894e07467,sephora,stila,Stay All Day® Smudge & Set Waterproof Gel Eye Liner - Saucy,,needs_manual_review,manual_review,0.55,same product_name appears under multiple brands; brands=Stila; stila
sephora_431c51100107d3,sephora,tarte,CC color-correcting tinted serum - Light,,needs_manual_review,manual_review,0.55,same product_name appears under multiple brands; brands=Tarte; tarte
sephora_79d26cfff4e904,sephora,PATTERN by Tracee Ellis Ross,Cleansing Shampoo,Clean,needs_manual_review,manual_review,0.55,same product_name appears under multiple brands; brands=PATTERN; PATTERN by Tracee Ellis Ross
sephora_07b11fab947832,sephora,tarte,maracuja juicy lip liner - Blush Pink,MARA,needs_manual_review,manual_review,0.55,same product_name appears under multiple brands; brands=Tarte; tarte
sephora_0372acced920b1,sephora,tarte,maracuja juicy lip plump liner - Blushed Rose,MARA,needs_manual_review,manual_review,0.55,same product_name appears under multiple brands; brands=Tarte; tarte
sephora_1bf01d126c526d,sephora,Urban Decay,Moondust Liquid Glitter Eyeliner - Space Cowboy,Moon,needs_manual_review,manual_review,0.55,same product_name appears under multiple brands; brands=Urban Decay; Urban Decay Cosmetics
ulta_3865a402a9e459,ulta,Alterna,Caviar Anti-Aging Multiplying Volume Styling Mousse,,needs_manual_review,manual_review,0.55,same product_name appears under multiple brands; brands=ALTERNA Haircare; Alterna
ulta_f8b4bc466ff8f7,ulta,American Crew,Cream Pomade,,needs_manual_review,manual_review,0.55,same product_name appears under multiple brands; brands=American Crew; Baxter of California
ulta_8f2ddb7c6b8d05,ulta,American Crew,Grooming Cream,,needs_manual_review,manual_review,0.55,same product_name appears under multiple brands; brands=American Crew; Baxter of California
ulta_ebd0d30e1c4e38,ulta,American Crew,Moisturizing Shave Cream,,needs_manual_review,manual_review,0.55,same product_name appears under multiple brands; brands=American Crew; Fur
ulta_c2b7bad96cba62,ulta,Anastasia Beverly Hills,Translucent Loose Setting Powder - Translucent,,needs_manual_review,manual_review,0.55,same product_name appears under multiple brands; brands=Anastasia Beverly Hills; Laura Mercier
ulta_c71d04e6a4d3b6,ulta,Anthony,Hyaluronic Acid Serum,,needs_manual_review,manual_review,0.55,same product_name appears under multiple brands; brands=Anthony; DIME
ulta_6f7a6bd973d1af,ulta,Avène,Mineral Sunscreen Stick SPF 50,,needs_manual_review,manual_review,0.55,same product_name appears under multiple brands; brands=Avène; CeraVe
ulta_6fa1d8931b73c1,ulta,BOBBI BROWN,24 Hour Kajal Eyeliner Waterproof - Black,,needs_manual_review,manual_review,0.55,same product_name appears under multiple brands; brands=BOBBI BROWN; Bobbi Brown
ulta_eeb321a9bb6d03,ulta,BOBBI BROWN,Crushed Lip Color Moisturizing Lipstick - Blush,,needs_manual_review,manual_review,0.55,same product_name appears under multiple brands; brands=BOBBI BROWN; Bobbi Brown
ulta_a661265485426a,ulta,BOBBI BROWN,Crushed Oil-Infused Tinted Lip Gloss - Free Spirit,,needs_manual_review,manual_review,0.55,same product_name appears under multiple brands; brands=BOBBI BROWN; Bobbi Brown
ulta_ffa7097480d0f1,ulta,BOBBI BROWN,Dual-Ended Long-Wear Waterproof Cream Eyeshadow Stick - Milk Chocolate/Midnight Brown,,needs_manual_review,manual_review,0.55,same product_name appears under multiple brands; brands=BOBBI BROWN; Bobbi Brown
ulta_c3151600c439ab,ulta,BOBBI BROWN,Extra Blushing pH Tinted Lip Oil - Bare Pink,,needs_manual_review,manual_review,0.55,same product_name appears under multiple brands; brands=BOBBI BROWN; Bobbi Brown
ulta_9f660bb4cdeaa4,ulta,BOBBI BROWN,Extra Lip Tinted Balm with Plumping + Peptide Technology - Bare Blossom,,needs_manual_review,manual_review,0.55,same product_name appears under multiple brands; brands=BOBBI BROWN; Bobbi Brown
ulta_bfb0ff0e4bfaf8,ulta,BOBBI BROWN,Extra Plump Hydrating Lip Oil - Bare Plum,,needs_manual_review,manual_review,0.55,same product_name appears under multiple brands; brands=BOBBI BROWN; Bobbi Brown
ulta_b69fe661a9eee1,ulta,BOBBI BROWN,Highlighter Powder - Peach Glow,,needs_manual_review,manual_review,0.55,same product_name appears under multiple brands; brands=BOBBI BROWN; Bobbi Brown
ulta_8522f071d794e0,ulta,BOBBI BROWN,Long-Wear Cream Waterproof Eyeliner Stick - Rich Chocolate,,needs_manual_review,manual_review,0.55,same product_name appears under multiple brands; brands=BOBBI BROWN; Bobbi Brown
ulta_fee5bb7c05e962,ulta,BOBBI BROWN,Long-Wear Waterproof Cream Eyeshadow Stick - Bellini,,needs_manual_review,manual_review,0.55,same product_name appears under multiple brands; brands=BOBBI BROWN; Bobbi Brown
ulta_55ffa53869bc3a,ulta,BOBBI BROWN,Long-Wear Waterproof Gel Eyeliner - Black Ink,,needs_manual_review,manual_review,0.55,same product_name appears under multiple brands; brands=BOBBI BROWN; Bobbi Brown
ulta_5566b7d4b31918,ulta,BOBBI BROWN,Matte Bronzing Powder - Golden Natural,,needs_manual_review,manual_review,0.55,same product_name appears under multiple brands; brands=BOBBI BROWN; Bobbi Brown
ulta_509409ce843a40,ulta,BOBBI BROWN,Pot Rouge Cream Blush for Lips & Cheeks - Pale Pink,,needs_manual_review,manual_review,0.55,same product_name appears under multiple brands; brands=BOBBI BROWN; Bobbi Brown
ulta_c2f65ea27b2bb1,ulta,BOBBI BROWN,Skin Cream Concealer Stick - Sand,,needs_manual_review,manual_review,0.55,same product_name appears under multiple brands; brands=BOBBI BROWN; Bobbi Brown
ulta_0b0f37afb2cf51,ulta,BOBBI BROWN,Skin Hydrating Full Coverage Longwear Concealer - Sand,,needs_manual_review,manual_review,0.55,same product_name appears under multiple brands; brands=BOBBI BROWN; Bobbi Brown
ulta_fee9aefbfb1bc8,ulta,BOBBI BROWN,Smokey Eye Longwear Volumizing Mascara - Black,,needs_manual_review,manual_review,0.55,same product_name appears under multiple brands; brands=BOBBI BROWN; Bobbi Brown
ulta_282088891ae774,ulta,BOBBI BROWN,Vitamin Enriched Eye Base Primer & Moisturizer with Hyaluronic Acid,,needs_manual_review,manual_review,0.55,same product_name appears under multiple brands; brands=BOBBI BROWN; Bobbi Brown
ulta_7eb11221dbd8bc,ulta,BOBBI BROWN,Vitamin Enriched Pressed Setting Powder - Neutral,,needs_manual_review,manual_review,0.55,same product_name appears under multiple brands; brands=BOBBI BROWN; Bobbi Brown
ulta_526a99c83b269b,ulta,BOBBI BROWN,Vitamin Enriched Smoothing Serum with Niacinamide + Vitamin C,,needs_manual_review,manual_review,0.55,same product_name appears under multiple brands; brands=BOBBI BROWN; Bobbi Brown
ulta_a7182d832ec79e,ulta,BOBBI BROWN,Weightless Skin Oil-Controlling Foundation SPF 15 with Hyaluronic Acid - Warm Natural (W-056),,needs_manual_review,manual_review,0.55,same product_name appears under multiple brands; brands=BOBBI BROWN; Bobbi Brown
ulta_8dd2a90ab363f2,ulta,Babe Original,Root Refresh Dry Shampoo,,needs_manual_review,manual_review,0.55,same product_name appears under multiple brands; brands=Babe Original; Fable & Mane
ulta_b0c9a347702766,ulta,Barberino's,Beard Grooming Set,,needs_manual_review,manual_review,0.55,same product_name appears under multiple brands; brands=Barberino's; Johnny B. Hair Care
ulta_34911e6c75f179,ulta,Baxter of California,Cream Pomade,,needs_manual_review,manual_review,0.55,same product_name appears under multiple brands; brands=American Crew; Baxter of California
ulta_50c18f30ba41b9,ulta,Baxter of California,Exfoliating Body Wash,,needs_manual_review,manual_review,0.55,same product_name appears under multiple brands; brands=Baxter of California; Makari
ulta_d3ac35c9a70b8c,ulta,Baxter of California,Grooming Cream,,needs_manual_review,manual_review,0.55,same product_name appears under multiple brands; brands=American Crew; Baxter of California
ulta_14cd850e5b6143,ulta,Baxter of California,Oil Free Moisturizer,,needs_manual_review,manual_review,0.55,same product_name appears under multiple brands; brands=Baxter of California; Kate Somerville
ulta_ccf3abf5ff9a66,ulta,Blind Barber,Curl Defining Cream,,needs_manual_review,manual_review,0.55,same product_name appears under multiple brands; brands=Blind Barber; Moroccanoil
ulta_aeca82ab1b7486,ulta,Blue Lagoon Skin Science,Hand Cream,,needs_manual_review,manual_review,0.55,same product_name appears under multiple brands; brands=Blue Lagoon Skin Science; Glossier; OUAI; Particle for Men
ulta_0dfd78e02faf42,ulta,Bondi Boost,Rapid Repair Bond Builder+ Hair Mask for Damaged Hair,,needs_manual_review,manual_review,0.55,same product_name appears under multiple brands; brands=Bondi Boost; BondiBoost
ulta_93e20ad50decc4,ulta,CeraVe,Mineral Sunscreen Stick SPF 50,,needs_manual_review,manual_review,0.55,same product_name appears under multiple brands; brands=Avène; CeraVe
ulta_fe62ad9035553d,ulta,Clinique,Beyond Perfecting Foundation + Concealer - CN 08 Linen,,needs_manual_review,manual_review,0.55,same product_name appears under multiple brands; brands=CLINIQUE; Clinique
ulta_80073d21d8ae9c,ulta,Clinique,High Impact Volumizing Mascara - Black Honey,,needs_manual_review,manual_review,0.55,same product_name appears under multiple brands; brands=CLINIQUE; Clinique
ulta_1d9cad4a0cb7ed,ulta,Clinique,Take The Day Off Cleansing Oil Makeup Remover,,needs_manual_review,manual_review,0.55,same product_name appears under multiple brands; brands=CLINIQUE; Clinique
ulta_56f1b9ce055669,ulta,Color Wow,Extra Mist-ical Shine Spray,,needs_manual_review,manual_review,0.55,same product_name appears under multiple brands; brands=COLOR WOW; Color Wow
ulta_5a5c58ed21be74,ulta,Color Wow,Insta-WOW Advanced Dry Shampoo,,needs_manual_review,manual_review,0.55,same product_name appears under multiple brands; brands=COLOR WOW; Color Wow
ulta_39c99ef2e9740c,ulta,Color Wow,Root Cover Up Powder - Platinum / Light Blonde,,needs_manual_review,manual_review,0.55,same product_name appears under multiple brands; brands=COLOR WOW; Color Wow
ulta_1fe9b19a9177eb,ulta,Color Wow,Speed Dry Blow Dry Spray,,needs_manual_review,manual_review,0.55,same product_name appears under multiple brands; brands=COLOR WOW; Color Wow
ulta_f807fa7b82bbc7,ulta,Color Wow,Texas Hold 'Em Big Hold Hairspray,,needs_manual_review,manual_review,0.55,same product_name appears under multiple brands; brands=COLOR WOW; Color Wow
ulta_758fa0ffbf9d3a,ulta,Curlsmith,Frizz Control Shampoo,,needs_manual_review,manual_review,0.55,same product_name appears under multiple brands; brands=Curlsmith; Moroccanoil
ulta_f9a9c3bdb51c0a,ulta,CÉCRED,Hydrating Shampoo - 2.5 oz,,needs_manual_review,manual_review,0.55,same product_name appears under multiple brands; brands=CÉCRED; Rizos Curls
ulta_4463edb64fe8d4,ulta,DIME,Hyaluronic Acid Serum,,needs_manual_review,manual_review,0.55,same product_name appears under multiple brands; brands=Anthony; DIME
ulta_078cc267850289,ulta,Daily Habits,Face Cupping Kit,,needs_manual_review,manual_review,0.55,same product_name appears under multiple brands; brands=Daily Habits; WTHN
ulta_271f2966f1cdc2,ulta,Dior,Invisible UV Fluid Hydrating Face Sunscreen,,needs_manual_review,manual_review,0.55,same product_name appears under multiple brands; brands=DIOR; Dior
ulta_473facfba3ef77,ulta,Dior,L'Huile OFF/ON Cleansing Oil,,needs_manual_review,manual_review,0.55,same product_name appears under multiple brands; brands=DIOR; Dior
ulta_a16bcdc014cbf8,ulta,Dior,Miss Dior Blooming Bouquet Hair Mist,,needs_manual_review,manual_review,0.55,same product_name appears under multiple brands; brands=DIOR; Dior
ulta_a3f22b97c4e87d,ulta,Dior,Rouge Dior Lip Balm - 000 Diornatural,,needs_manual_review,manual_review,0.55,same product_name appears under multiple brands; brands=DIOR; Dior
ulta_ec749749797f02,ulta,Dior,Sauvage Deodorant Spray,,needs_manual_review,manual_review,0.55,same product_name appears under multiple brands; brands=DIOR; Dior
ulta_49cbe6ab5151d1,ulta,Dior,Sauvage Deodorant Stick,,needs_manual_review,manual_review,0.55,same product_name appears under multiple brands; brands=DIOR; Dior
ulta_6e0acc85425152,ulta,ELEMIS,Pro-Collagen Hydrating Cleansing Mousse,,needs_manual_review,manual_review,0.55,same product_name appears under multiple brands; brands=ELEMIS; Elemis
ulta_09b88ea3a06d5d,ulta,ELEMIS,Pro-Collagen Toning Mist,,needs_manual_review,manual_review,0.55,same product_name appears under multiple brands; brands=ELEMIS; Elemis
ulta_46cb6966a748f9,ulta,Esker Beauty,Nourishing Body Oil,,needs_manual_review,manual_review,0.55,same product_name appears under multiple brands; brands=Esker Beauty; Trilastin
ulta_8774e35e98ef49,ulta,Eyeko,Brow Gel - Clear,,needs_manual_review,manual_review,0.55,same product_name appears under multiple brands; brands=Eyeko; Palladio Beauty
ulta_06b9b3f9d2dfff,ulta,FARMACY,1% Vitamin A Retinol Serum,,needs_manual_review,manual_review,0.55,same product_name appears under multiple brands; brands=FARMACY; Farmacy
ulta_22cc928dafc172,ulta,FARMACY,10% Niacinamide Night Mask,,needs_manual_review,manual_review,0.55,same product_name appears under multiple brands; brands=FARMACY; Farmacy
ulta_f7333792699098,ulta,FARMACY,10% Waterless Vitamin C Serum,,needs_manual_review,manual_review,0.55,same product_name appears under multiple brands; brands=FARMACY; Farmacy
ulta_5bfb5dca2a5145,ulta,FARMACY,Filling Good Hyaluronic Acid Plumping Serum,,needs_manual_review,manual_review,0.55,same product_name appears under multiple brands; brands=FARMACY; Farmacy
ulta_643d3a5e539c82,ulta,FARMACY,Honey Butter Beeswax Lip Balm,,needs_manual_review,manual_review,0.55,same product_name appears under multiple brands; brands=FARMACY; Farmacy
ulta_1090ed2063d07d,ulta,FARMACY,Honey Grail Ultra-Hydrating Face Oil,,needs_manual_review,manual_review,0.55,same product_name appears under multiple brands; brands=FARMACY; Farmacy
ulta_fc2ef29d33dc8c,ulta,FARMACY,Lip Smoothie Vitamin C + Peptide Lip Balm - Apple,,needs_manual_review,manual_review,0.55,same product_name appears under multiple brands; brands=FARMACY; Farmacy
ulta_f6835b1349dc34,ulta,FENTY BEAUTY by Rihanna,Flyliner Longwear Liquid Eyeliner - In Big Truffle,,needs_manual_review,manual_review,0.55,same product_name appears under multiple brands; brands=FENTY BEAUTY by Rihanna; Fenty Beauty by Rihanna
ulta_dba19f6e2ecde6,ulta,FENTY BEAUTY by Rihanna,Gloss Bomb Cream Color Drip Lip Cream - Fenty Glow,,needs_manual_review,manual_review,0.55,same product_name appears under multiple brands; brands=FENTY BEAUTY by Rihanna; Fenty Beauty by Rihanna
ulta_4ebf61b89f2044,ulta,FENTY BEAUTY by Rihanna,Gloss Bomb Oil Luminizing Lip Oil 'N Gloss - MISS JELLYFISH,,needs_manual_review,manual_review,0.55,same product_name appears under multiple brands; brands=FENTY BEAUTY by Rihanna; Fenty Beauty by Rihanna
ulta_04b753a6d586be,ulta,FENTY BEAUTY by Rihanna,Hella Thicc Volumizing Mascara - CUZ I'M BLACK,,needs_manual_review,manual_review,0.55,same product_name appears under multiple brands; brands=FENTY BEAUTY by Rihanna; Fenty Beauty by Rihanna
ulta_d33e6bb7262708,ulta,FENTY BEAUTY by Rihanna,Killawatt Freestyle Highlighter - Ginger Binge/Moscow Mule,,needs_manual_review,manual_review,0.55,same product_name appears under multiple brands; brands=FENTY BEAUTY by Rihanna; Fenty Beauty by Rihanna
ulta_37dda1ac31c126,ulta,FENTY BEAUTY by Rihanna,Match Stix Color-Adaptive Cheek + Lipstick - Strawberry Pop,,needs_manual_review,manual_review,0.55,same product_name appears under multiple brands; brands=FENTY BEAUTY by Rihanna; Fenty Beauty by Rihanna
ulta_dd7b1193346600,ulta,FENTY BEAUTY by Rihanna,Mini Hella Thicc Volumizing Mascara - Cuz I'm Black,,needs_manual_review,manual_review,0.55,same product_name appears under multiple brands; brands=FENTY BEAUTY by Rihanna; Fenty Beauty by Rihanna
ulta_bd068534a7699e,ulta,FENTY BEAUTY by Rihanna,Pro Filt'r Soft Matte Longwear Liquid Foundation - 485,,needs_manual_review,manual_review,0.55,same product_name appears under multiple brands; brands=FENTY BEAUTY by Rihanna; Fenty Beauty by Rihanna
ulta_06a9912cba40c5,ulta,FENTY BEAUTY by Rihanna,Set It Down Superfine Blurring Setting Powder - STRAWBERRY MILK,,needs_manual_review,manual_review,0.55,same product_name appears under multiple brands; brands=FENTY BEAUTY by Rihanna; Fenty Beauty by Rihanna
ulta_d9f7222b62b49e,ulta,FENTY BEAUTY by Rihanna,Shadowstix Longwear Eyeshadow Stick - Brownie Badd'r,,needs_manual_review,manual_review,0.55,same product_name appears under multiple brands; brands=FENTY BEAUTY by Rihanna; Fenty Beauty by Rihanna
ulta_5da0bd0354a1a9,ulta,FENTY BEAUTY by Rihanna,Soft'Lit Naturally Luminous Hydrating Longwear Foundation - 420,,needs_manual_review,manual_review,0.55,same product_name appears under multiple brands; brands=FENTY BEAUTY by Rihanna; Fenty Beauty by Rihanna
ulta_88e5a541048a30,ulta,FENTY BEAUTY by Rihanna,Stunna Lip Paint Longwear Fluid Lip Color - Unveil,,needs_manual_review,manual_review,0.55,same product_name appears under multiple brands; brands=FENTY BEAUTY by Rihanna; Fenty Beauty by Rihanna
ulta_72deaf32fe5b6a,ulta,FENTY BEAUTY by Rihanna,Sun Stalk'r Instant Warmth Bronzer - Thick Mint,,needs_manual_review,manual_review,0.55,same product_name appears under multiple brands; brands=FENTY BEAUTY by Rihanna; Fenty Beauty by Rihanna
ulta_b4f987599d1f6c,ulta,Forte Series,Clarifying Shampoo,,needs_manual_review,manual_review,0.55,same product_name appears under multiple brands; brands=Forte Series; Moroccanoil
ulta_1f9c53ece0eded,ulta,Fur,Moisturizing Shave Cream,,needs_manual_review,manual_review,0.55,same product_name appears under multiple brands; brands=American Crew; Fur
ulta_89dd6056605674,ulta,Geologie,Strengthening Conditioner,,needs_manual_review,manual_review,0.55,same product_name appears under multiple brands; brands=Geologie; KRISTIN ESS HAIR; Viviscal
ulta_a5c599a6115cd2,ulta,HAIRtamin,Scalp Serum,,needs_manual_review,manual_review,0.55,same product_name appears under multiple brands; brands=HAIRtamin; PATTERN; tgin
ulta_903174a9e7e003,ulta,HOURGLASS,1.5mm Mechanical Gel Eyeliner - Obsidian,,needs_manual_review,manual_review,0.55,same product_name appears under multiple brands; brands=HOURGLASS; Hourglass
ulta_8eb2796c90e988,ulta,HOURGLASS,Ambient Lighting Bronzer - Luminous Bronze Light,,needs_manual_review,manual_review,0.55,same product_name appears under multiple brands; brands=HOURGLASS; Hourglass
ulta_67612ee9e1433e,ulta,HOURGLASS,Ambient Soft Glow Foundation - 1,,needs_manual_review,manual_review,0.55,same product_name appears under multiple brands; brands=HOURGLASS; Hourglass
ulta_9331490f11ba0c,ulta,HOURGLASS,Arch Brow Micro Sculpting Pencil - Soft Brunette,,needs_manual_review,manual_review,0.55,same product_name appears under multiple brands; brands=HOURGLASS; Hourglass
ulta_34e3aaa170bc0d,ulta,HOURGLASS,Arch Brow Sculpting Pencil - Soft Brunette,,needs_manual_review,manual_review,0.55,same product_name appears under multiple brands; brands=HOURGLASS; Hourglass
ulta_215d4a9f50f59c,ulta,HOURGLASS,Arch Brow Shaping Gel - Clear,,needs_manual_review,manual_review,0.55,same product_name appears under multiple brands; brands=HOURGLASS; Hourglass
ulta_93eac34c0fa4fc,ulta,HOURGLASS,Arch Brow Volumizing Fiber Gel - Auburn,,needs_manual_review,manual_review,0.55,same product_name appears under multiple brands; brands=HOURGLASS; Hourglass
ulta_824bb5364bd192,ulta,HOURGLASS,Equilibrium Instant Plumping Eye Mask,,needs_manual_review,manual_review,0.55,same product_name appears under multiple brands; brands=HOURGLASS; Hourglass
ulta_e6445dac72fdce,ulta,HOURGLASS,Illusion Luminous Glow Foundation SPF 30 - 5,,needs_manual_review,manual_review,0.55,same product_name appears under multiple brands; brands=HOURGLASS; Hourglass
ulta_d695149b495df9,ulta,HOURGLASS,Unreal Liquid Blush - Whim,,needs_manual_review,manual_review,0.55,same product_name appears under multiple brands; brands=HOURGLASS; Hourglass
ulta_41fe86ce714c14,ulta,HOURGLASS,Vanish Airbrush Pressed Powder - Translucent Tan,,needs_manual_review,manual_review,0.55,same product_name appears under multiple brands; brands=HOURGLASS; Hourglass
ulta_14dd2e248c8fdb,ulta,HOURGLASS,Veil Soft Focus Setting Spray,,needs_manual_review,manual_review,0.55,same product_name appears under multiple brands; brands=HOURGLASS; Hourglass
ulta_f55ce2761c5096,ulta,HOURGLASS,Voyeur Waterproof Gel Eyeliner - Cave,,needs_manual_review,manual_review,0.55,same product_name appears under multiple brands; brands=HOURGLASS; Hourglass
ulta_0be1b75aadb8a3,ulta,ISOI,Brightening Cream,,needs_manual_review,manual_review,0.55,same product_name appears under multiple brands; brands=ISOI; SEKKISEI
ulta_faab3b890b0cdb,ulta,ISOI,Brightening Serum,,needs_manual_review,manual_review,0.55,same product_name appears under multiple brands; brands=ISOI; Madeca Derma; Veea Face
ulta_3c4ce7960b4167,ulta,Jack Henry,Conditioner,,needs_manual_review,manual_review,0.55,same product_name appears under multiple brands; brands=Jack Henry; SEEN; Triumph & Disaster
ulta_9f471633941c45,ulta,Johnny B. Hair Care,Beard Grooming Set,,needs_manual_review,manual_review,0.55,same product_name appears under multiple brands; brands=Barberino's; Johnny B. Hair Care
ulta_81acba431bc992,ulta,Johnny B. Hair Care,Beard Oil,,needs_manual_review,manual_review,0.55,same product_name appears under multiple brands; brands=Jack Black; Johnny B. Hair Care
ulta_91aead23f68507,ulta,Johnny B. Hair Care,Beard Wash,,needs_manual_review,manual_review,0.55,same product_name appears under multiple brands; brands=Jack Black; Johnny B. Hair Care
ulta_35e7a8196f9a46,ulta,KRISTIN ESS HAIR,Strengthening Conditioner,,needs_manual_review,manual_review,0.55,same product_name appears under multiple brands; brands=Geologie; KRISTIN ESS HAIR; Viviscal
ulta_89e153ab4080d8,ulta,Kate Somerville,Oil Free Moisturizer,,needs_manual_review,manual_review,0.55,same product_name appears under multiple brands; brands=Baxter of California; Kate Somerville
ulta_5e18a759388c45,ulta,Lash Luks,Brow Lamination Kit,,needs_manual_review,manual_review,0.55,same product_name appears under multiple brands; brands=Lash Luks; Revolution Beauty
ulta_b6454ae888adc9,ulta,Laura Mercier,Mini Translucent Loose Setting Powder - Translucent,,needs_manual_review,manual_review,0.55,same product_name appears under multiple brands; brands=Anastasia Beverly Hills; Laura Mercier
ulta_090a7e70574dfd,ulta,Laura Mercier,Translucent Loose Setting Powder - Translucent,,needs_manual_review,manual_review,0.55,same product_name appears under multiple brands; brands=Anastasia Beverly Hills; Laura Mercier
ulta_bcbd25f5a0d5bd,ulta,Luna Bronze,Self Tanning Mitt,,needs_manual_review,manual_review,0.55,same product_name appears under multiple brands; brands=Isle of Paradise; Luna Bronze
ulta_deeb8ae0942e0e,ulta,MAC,Strobe Beam Bronzelighter Liquid Bronzer - Warmlight,,needs_manual_review,manual_review,0.55,same product_name appears under multiple brands; brands=MAC; MAC Cosmetics
ulta_5fb1ae54bb6f4a,ulta,MAC,Studio Fix 36HR Smooth Angles Hydrating Concealer - N12,,needs_manual_review,manual_review,0.55,same product_name appears under multiple brands; brands=MAC; MAC Cosmetics
ulta_94b2836589eebf,ulta,MAC,Studio Fix Pro Set + Blur Weightless Loose Setting Powder - Light,,needs_manual_review,manual_review,0.55,same product_name appears under multiple brands; brands=MAC; MAC Cosmetics
ulta_242ea0ca23293f,ulta,Mad Hippie,Eye Cream,,needs_manual_review,manual_review,0.55,same product_name appears under multiple brands; brands=Mad Hippie; SEKKISEI
ulta_14fc2000dc4997,ulta,Madeca Derma,Brightening Serum,,needs_manual_review,manual_review,0.55,same product_name appears under multiple brands; brands=ISOI; Madeca Derma; Veea Face
ulta_8dee668f41f47a,ulta,Makari,Exfoliating Body Wash,,needs_manual_review,manual_review,0.55,same product_name appears under multiple brands; brands=Baxter of California; Makari
ulta_d9dd8d48cac927,ulta,Moroccanoil,Clarifying Shampoo,,needs_manual_review,manual_review,0.55,same product_name appears under multiple brands; brands=Forte Series; Moroccanoil
ulta_b61f3449ef8215,ulta,Moroccanoil,Curl Defining Cream,,needs_manual_review,manual_review,0.55,same product_name appears under multiple brands; brands=Blind Barber; Moroccanoil
ulta_9d3c17d0807926,ulta,Moroccanoil,Frizz Control Shampoo,,needs_manual_review,manual_review,0.55,same product_name appears under multiple brands; brands=Curlsmith; Moroccanoil
ulta_1360a96336eb20,ulta,Najeau,Leave-In Conditioner,,needs_manual_review,manual_review,0.55,same product_name appears under multiple brands; brands=Najeau; Nick Stenson Beauty; SEEN
ulta_46379dc9d7b55a,ulta,Najeau,Nourishing Shampoo,,needs_manual_review,manual_review,0.55,same product_name appears under multiple brands; brands=Davines; Najeau
ulta_e8b1456a29e0d3,ulta,Nick Stenson Beauty,Leave-In Conditioner,,needs_manual_review,manual_review,0.55,same product_name appears under multiple brands; brands=Najeau; Nick Stenson Beauty; SEEN
ulta_52c506afd8bbcd,ulta,Nick Stenson Beauty,Volume Conditioner - 12.0 oz,,needs_manual_review,manual_review,0.55,same product_name appears under multiple brands; brands=Nick Stenson Beauty; Verb
ulta_a329bad331f31f,ulta,Nick Stenson Beauty,Volume Shampoo - 12.0 oz,,needs_manual_review,manual_review,0.55,same product_name appears under multiple brands; brands=Nick Stenson Beauty; Verb
ulta_9d3a09c9d8b77a,ulta,Nioxin,Volumizing Dry Shampoo,,needs_manual_review,manual_review,0.55,same product_name appears under multiple brands; brands=Kenra Professional; Nioxin; Viviscal
ulta_ab1b34ba73b5a5,ulta,OCOA,Hydrating Curl Cream,,needs_manual_review,manual_review,0.55,same product_name appears under multiple brands; brands=OCOA; Redken
ulta_67654d78b000e5,ulta,OLAPLEX,Lashbond Building and Enhancing Serum,,needs_manual_review,manual_review,0.55,same product_name appears under multiple brands; brands=OLAPLEX; Olaplex
ulta_7c8c3746e9c020,ulta,OLAPLEX,No.0 Intensive Bond Building Hair Treatment for Deep Repair & Strengthening,,needs_manual_review,manual_review,0.55,same product_name appears under multiple brands; brands=OLAPLEX; Olaplex
ulta_7585c8416df6b1,ulta,OLAPLEX,No.10 Curl Defining Frizz Reducing Hair Gel,,needs_manual_review,manual_review,0.55,same product_name appears under multiple brands; brands=OLAPLEX; Olaplex
ulta_7e92e5263d508f,ulta,OLAPLEX,No.6 Bond Smoother Frizz Control Styling Hair Cream,,needs_manual_review,manual_review,0.55,same product_name appears under multiple brands; brands=OLAPLEX; Olaplex
ulta_a37abfb3fc3b6f,ulta,OLAPLEX,Volumizing Hair Heat Protective Weightless Blowout Mist,,needs_manual_review,manual_review,0.55,same product_name appears under multiple brands; brands=OLAPLEX; Olaplex
ulta_5bbf18e7e5a5ea,ulta,Oars + Alps,Hydrating Body Lotion,,needs_manual_review,manual_review,0.55,same product_name appears under multiple brands; brands=Oars + Alps; Pirette
ulta_ebae6bad9b30e9,ulta,PAT McGRATH LABS,Skin Fetish: Sublime Perfection Longwear Blurring Setting Spray,,needs_manual_review,manual_review,0.55,same product_name appears under multiple brands; brands=PAT McGRATH LABS; Pat McGrath Labs
ulta_81a3357e45f249,ulta,PATTERN,Breakage Barrier Hair Mask,,needs_manual_review,manual_review,0.55,same product_name appears under multiple brands; brands=PATTERN; PATTERN by Tracee Ellis Ross
ulta_576e62ad0a41f9,ulta,PATTERN,Edge Control,,needs_manual_review,manual_review,0.55,same product_name appears under multiple brands; brands=PATTERN; PATTERN by Tracee Ellis Ross
ulta_42729f5ab7be98,ulta,PATTERN,Heat Protectant,,needs_manual_review,manual_review,0.55,same product_name appears under multiple brands; brands=PATTERN; PATTERN by Tracee Ellis Ross
ulta_09bfc5c36ba50e,ulta,PATTERN,Revitalizing Scalp Scrub,,needs_manual_review,manual_review,0.55,same product_name appears under multiple brands; brands=PATTERN; PATTERN by Tracee Ellis Ross
ulta_de56bf36749b51,ulta,PATTERN,Scalp Serum,,needs_manual_review,manual_review,0.55,same product_name appears under multiple brands; brands=HAIRtamin; PATTERN; tgin
ulta_758cec2e66702e,ulta,PATTERN,Shine Spray,,needs_manual_review,manual_review,0.55,same product_name appears under multiple brands; brands=PATTERN; PATTERN by Tracee Ellis Ross
ulta_d94e7edeac9357,ulta,Palladio Beauty,Blending Sponge,,needs_manual_review,manual_review,0.55,same product_name appears under multiple brands; brands=Palladio Beauty; e.l.f. Cosmetics
ulta_333a401c669b26,ulta,Palladio Beauty,"Brow Gel, Clear",,needs_manual_review,manual_review,0.55,same product_name appears under multiple brands; brands=Eyeko; Palladio Beauty
ulta_02501dc3930876,ulta,Palladio Beauty,Liquid Eyeliner - Black/Brown,,needs_manual_review,manual_review,0.55,same product_name appears under multiple brands; brands=Palladio Beauty; Revlon
ulta_8e428a68314bc8,ulta,Particle for Men,Hand Cream,,needs_manual_review,manual_review,0.55,same product_name appears under multiple brands; brands=Blue Lagoon Skin Science; Glossier; OUAI; Particle for Men
ulta_084a36d2b47169,ulta,Perricone MD,High Potency Triple Retinol Renewal Serum,,needs_manual_review,manual_review,0.55,same product_name appears under multiple brands; brands=Medik8; Perricone MD
ulta_32272460755ddc,ulta,Pirette,Dry Body Oil,,needs_manual_review,manual_review,0.55,same product_name appears under multiple brands; brands=Moroccanoil; Pirette
ulta_610e89a4a2e4cb,ulta,Pirette,Hydrating Body Lotion,,needs_manual_review,manual_review,0.55,same product_name appears under multiple brands; brands=Oars + Alps; Pirette
ulta_340122f87af106,ulta,Rare Beauty,Brow Harmony Precision Eyebrow Pencil - Cool Brown,,needs_manual_review,manual_review,0.55,same product_name appears under multiple brands; brands=Rare Beauty; Rare Beauty by Selena Gomez
ulta_6e41e9d9bf3607,ulta,Rare Beauty,Essential Neutrals Eyeshadow Palette,,needs_manual_review,manual_review,0.55,same product_name appears under multiple brands; brands=Rare Beauty; Rare Beauty by Selena Gomez
ulta_513589090405aa,ulta,Rare Beauty,Perfect Strokes Universal Volumizing Mascara - Black,,needs_manual_review,manual_review,0.55,same product_name appears under multiple brands; brands=Rare Beauty; Rare Beauty by Selena Gomez
ulta_a6915d758b007b,ulta,Rare Beauty,Positive Light Luminizing Lip Gloss - Glimmer,,needs_manual_review,manual_review,0.55,same product_name appears under multiple brands; brands=Rare Beauty; Rare Beauty by Selena Gomez
ulta_dc664e2091106d,ulta,Rare Beauty,Positive Light Silky Touch Highlighter - Exhilarate,,needs_manual_review,manual_review,0.55,same product_name appears under multiple brands; brands=Rare Beauty; Rare Beauty by Selena Gomez
ulta_5cbb569084da92,ulta,Rare Beauty,Positive Light Tinted Moisturizer Broad Spectrum SPF 20 Sunscreen - 58N,,needs_manual_review,manual_review,0.55,same product_name appears under multiple brands; brands=Rare Beauty; Rare Beauty by Selena Gomez
ulta_c1ea3ea43cb143,ulta,Rare Beauty,Soft Pinch Liquid Blush - Adore,,needs_manual_review,manual_review,0.55,same product_name appears under multiple brands; brands=Rare Beauty; Rare Beauty by Selena Gomez
ulta_a3d3e43fe9fa6a,ulta,Rare Beauty,Soft Touch Makeup Blending Sponge,,needs_manual_review,manual_review,0.55,same product_name appears under multiple brands; brands=Rare Beauty; Rare Beauty by Selena Gomez
ulta_28b5c399d29579,ulta,Rare Beauty,Soft Touch Setting Powder and Baking Puff Duo,,needs_manual_review,manual_review,0.55,same product_name appears under multiple brands; brands=Rare Beauty; Rare Beauty by Selena Gomez
ulta_1be184bf92aa17,ulta,Rare Beauty,True to Myself Natural Matte Longwear Foundation - 9 Light Neutral,,needs_manual_review,manual_review,0.55,same product_name appears under multiple brands; brands=Rare Beauty; Rare Beauty by Selena Gomez
ulta_9c3c26ab6ce1ae,ulta,Rare Beauty,Warm Wishes Soft Matte Powder Bronzer - Warmed Up,,needs_manual_review,manual_review,0.55,same product_name appears under multiple brands; brands=Rare Beauty; Rare Beauty by Selena Gomez
ulta_3f36df2c13f452,ulta,Redken,Hydrating Curl Cream,,needs_manual_review,manual_review,0.55,same product_name appears under multiple brands; brands=OCOA; Redken
ulta_e9d34274a4fc82,ulta,Revlon,Liquid Eyeliner - Black/Brown,,needs_manual_review,manual_review,0.55,same product_name appears under multiple brands; brands=Palladio Beauty; Revlon
ulta_555db7c2344c58,ulta,Revolution Beauty,Brow Lamination Kit,,needs_manual_review,manual_review,0.55,same product_name appears under multiple brands; brands=Lash Luks; Revolution Beauty
ulta_310a4eb5e97eb6,ulta,Rizos Curls,Detox Scalp Scrub,,needs_manual_review,manual_review,0.55,same product_name appears under multiple brands; brands=Rizos Curls; Sun Bum
ulta_efe426fac974e0,ulta,Rizos Curls,Hydrating Shampoo - 2.5 oz,,needs_manual_review,manual_review,0.55,same product_name appears under multiple brands; brands=CÉCRED; Rizos Curls
ulta_31c2c7389be35b,ulta,SEEN,Conditioner,,needs_manual_review,manual_review,0.55,same product_name appears under multiple brands; brands=Jack Henry; SEEN; Triumph & Disaster
ulta_022ae944f992af,ulta,SEEN,Leave-In Conditioner,,needs_manual_review,manual_review,0.55,same product_name appears under multiple brands; brands=Najeau; Nick Stenson Beauty; SEEN
ulta_b4a7f6834e2e1f,ulta,SEEN,Scalp Clarifying Shampoo,,needs_manual_review,manual_review,0.55,same product_name appears under multiple brands; brands=SEEN; tgin
ulta_13a810b32695b3,ulta,SEEN,Shampoo,,needs_manual_review,manual_review,0.55,same product_name appears under multiple brands; brands=SEEN; Triumph & Disaster
ulta_95c4e0d4886c27,ulta,SEKKISEI,Brightening Cream,,needs_manual_review,manual_review,0.55,same product_name appears under multiple brands; brands=ISOI; SEKKISEI
ulta_273bc6916f11fc,ulta,SEKKISEI,Eye Cream,,needs_manual_review,manual_review,0.55,same product_name appears under multiple brands; brands=Mad Hippie; SEKKISEI
ulta_5737d391d9c573,ulta,SUNDAY RILEY,Aquamarine Melt Hydrating Gel Balm Cleanser,,needs_manual_review,manual_review,0.55,same product_name appears under multiple brands; brands=SUNDAY RILEY; Sunday Riley
ulta_db4ffd8fd5b954,ulta,SUNDAY RILEY,B3 Nice 10% Niacinamide Serum,,needs_manual_review,manual_review,0.55,same product_name appears under multiple brands; brands=SUNDAY RILEY; Sunday Riley
ulta_742be283a286bd,ulta,SUNDAY RILEY,TIDAL Deep Hydration & Plumping Serum,,needs_manual_review,manual_review,0.55,same product_name appears under multiple brands; brands=SUNDAY RILEY; Sunday Riley
ulta_0ff53eabf9523e,ulta,Saint Jane,Rich Rescue Phyto Mucin Cream,,needs_manual_review,manual_review,0.55,same product_name appears under multiple brands; brands=Saint Jane; Saint Jane Beauty
ulta_f8704d96fa0910,ulta,Stila,Correct and Perfect All-In-One Color Correcting Palette,,needs_manual_review,manual_review,0.55,same product_name appears under multiple brands; brands=Stila; stila
ulta_85d24c2eb1dd1b,ulta,Stila,Stay All Day Smudge & Set Waterproof Gel Eye Liner - Saucy,,needs_manual_review,manual_review,0.55,same product_name appears under multiple brands; brands=Stila; stila
ulta_8ba47ae5e1f5e9,ulta,Sun Bum,Detox Scalp Scrub,,needs_manual_review,manual_review,0.55,same product_name appears under multiple brands; brands=Rizos Curls; Sun Bum
ulta_b0bbc732c9125a,ulta,TATCHA,Skin Nurturing Trio Set,,needs_manual_review,manual_review,0.55,same product_name appears under multiple brands; brands=TATCHA; Tatcha
ulta_80f2d38f206688,ulta,TATCHA,The Essence Skincare Boosting Treatment,,needs_manual_review,manual_review,0.55,same product_name appears under multiple brands; brands=TATCHA; Tatcha
ulta_c841c8ef6f13e8,ulta,TATCHA,The Indigo Cleansing Balm Moisturizing Makeup Remover,,needs_manual_review,manual_review,0.55,same product_name appears under multiple brands; brands=TATCHA; Tatcha
ulta_873cd9d6a608d4,ulta,TATCHA,The Kissu Hydrating & Plumping Lip Mask - Original,,needs_manual_review,manual_review,0.55,same product_name appears under multiple brands; brands=TATCHA; Tatcha
ulta_219ca1be8196c2,ulta,TATCHA,The Rice Polish Foaming Enzyme Powder,,needs_manual_review,manual_review,0.55,same product_name appears under multiple brands; brands=TATCHA; Tatcha
ulta_2ec3f2866b4432,ulta,TATCHA,The Serum Stick Line-Smoothing Treatment & Touch Up Balm,,needs_manual_review,manual_review,0.55,same product_name appears under multiple brands; brands=TATCHA; Tatcha
ulta_ef2a0080759f21,ulta,TATCHA,The Silk Peony Line-Smoothing Eye Cream,,needs_manual_review,manual_review,0.55,same product_name appears under multiple brands; brands=TATCHA; Tatcha
ulta_a7364881982bfc,ulta,TATCHA,The Texture Tonic AHA Liquid Exfoliating Treatment,,needs_manual_review,manual_review,0.55,same product_name appears under multiple brands; brands=TATCHA; Tatcha
ulta_33473aa2f63fa0,ulta,Tarte,CC Color-Correcting Tinted Serum - Light,,needs_manual_review,manual_review,0.55,same product_name appears under multiple brands; brands=Tarte; tarte
ulta_7b7281d8e0dad2,ulta,Tricoci,Dry Shampoo Powder,,needs_manual_review,manual_review,0.55,same product_name appears under multiple brands; brands=Tricoci; Verb
ulta_127aaf120e2cc3,ulta,Trilastin,Nourishing Body Oil,,needs_manual_review,manual_review,0.55,same product_name appears under multiple brands; brands=Esker Beauty; Trilastin
ulta_f2043831f03dc1,ulta,Triumph & Disaster,Conditioner,,needs_manual_review,manual_review,0.55,same product_name appears under multiple brands; brands=Jack Henry; SEEN; Triumph & Disaster
ulta_3aca46bd074893,ulta,Triumph & Disaster,Shampoo,,needs_manual_review,manual_review,0.55,same product_name appears under multiple brands; brands=SEEN; Triumph & Disaster
ulta_960d07580603ca,ulta,Urban Decay Cosmetics,24/7 Eyeshadow - Virgin,,needs_manual_review,manual_review,0.55,same product_name appears under multiple brands; brands=Urban Decay; Urban Decay Cosmetics
ulta_befbe83f1f215e,ulta,Urban Decay Cosmetics,24/7 Glide-On Waterproof Eyeliner Pencil - Whiskey,,needs_manual_review,manual_review,0.55,same product_name appears under multiple brands; brands=Urban Decay; Urban Decay Cosmetics
ulta_9d3b1f35d42cf7,ulta,Urban Decay Cosmetics,24/7 Glide-On Waterproof Lip Liner - Luv 'Ya Backtalk,,needs_manual_review,manual_review,0.55,same product_name appears under multiple brands; brands=Urban Decay; Urban Decay Cosmetics
ulta_878f9e46697ed0,ulta,Urban Decay Cosmetics,24/7 Inks Easy Ergonomic Liquid Eyeliner Pen - Zero,,needs_manual_review,manual_review,0.55,same product_name appears under multiple brands; brands=Urban Decay; Urban Decay Cosmetics
ulta_06cdfbed3b4a84,ulta,Urban Decay Cosmetics,24/7 Waterproof Waterline Eyeliner Pencil - Legend,,needs_manual_review,manual_review,0.55,same product_name appears under multiple brands; brands=Urban Decay; Urban Decay Cosmetics
ulta_c1bee3b334a1af,ulta,Urban Decay Cosmetics,All Nighter Face Makeup Primer,,needs_manual_review,manual_review,0.55,same product_name appears under multiple brands; brands=Urban Decay; Urban Decay Cosmetics
ulta_ecff64b3af94ea,ulta,Urban Decay Cosmetics,All Nighter Waterproof Setting Powder,,needs_manual_review,manual_review,0.55,same product_name appears under multiple brands; brands=Urban Decay; Urban Decay Cosmetics
ulta_c3046bb4533539,ulta,Urban Decay Cosmetics,Brow Blade 2-in-1 Eyebrow Pen + Waterproof Pencil - Taupe Trap,,needs_manual_review,manual_review,0.55,same product_name appears under multiple brands; brands=Urban Decay; Urban Decay Cosmetics
ulta_a7e95aab06b9e4,ulta,Urban Decay Cosmetics,Face Bond Self-Setting Waterproof Foundation - 18,,needs_manual_review,manual_review,0.55,same product_name appears under multiple brands; brands=Urban Decay; Urban Decay Cosmetics
ulta_467e198f1041e7,ulta,Urban Decay Cosmetics,Naked3 Mini Soft Pink Eyeshadow Palette,,needs_manual_review,manual_review,0.55,same product_name appears under multiple brands; brands=Urban Decay; Urban Decay Cosmetics
ulta_f7b2dd2a22ae3f,ulta,Urban Decay Cosmetics,Vice Hydrating Lipstick - Olvera,,needs_manual_review,manual_review,0.55,same product_name appears under multiple brands; brands=Urban Decay; Urban Decay Cosmetics
ulta_e711c1130b616c,ulta,Urban Decay Cosmetics,Vice Lip Bond Glossy Longwear Liquid Lipstick - Text Em,,needs_manual_review,manual_review,0.55,same product_name appears under multiple brands; brands=Urban Decay; Urban Decay Cosmetics
ulta_396783441ea81e,ulta,Veea Face,Brightening Serum,,needs_manual_review,manual_review,0.55,same product_name appears under multiple brands; brands=ISOI; Madeca Derma; Veea Face
ulta_618489ab1a40d7,ulta,Verb,Dry Shampoo Powder,,needs_manual_review,manual_review,0.55,same product_name appears under multiple brands; brands=Tricoci; Verb
ulta_a25b7f86a4c49d,ulta,Verb,Volume Conditioner - 12.0 oz,,needs_manual_review,manual_review,0.55,same product_name appears under multiple brands; brands=Nick Stenson Beauty; Verb
ulta_72fb798be0d3d7,ulta,Verb,Volume Shampoo - 12.0 oz,,needs_manual_review,manual_review,0.55,same product_name appears under multiple brands; brands=Nick Stenson Beauty; Verb
ulta_524e633bd36f19,ulta,Viviscal,Strengthening Conditioner,,needs_manual_review,manual_review,0.55,same product_name appears under multiple brands; brands=Geologie; KRISTIN ESS HAIR; Viviscal
ulta_c9f9d677983c72,ulta,Viviscal,Volumizing Dry Shampoo,,needs_manual_review,manual_review,0.55,same product_name appears under multiple brands; brands=Kenra Professional; Nioxin; Viviscal
ulta_10d28ebb4b8994,ulta,WTHN,Face Cupping Kit,,needs_manual_review,manual_review,0.55,same product_name appears under multiple brands; brands=Daily Habits; WTHN
ulta_79861ac26c381b,ulta,e.l.f. Cosmetics,Blending Sponge,,needs_manual_review,manual_review,0.55,same product_name appears under multiple brands; brands=Palladio Beauty; e.l.f. Cosmetics
ulta_bc0be5d73c0c90,ulta,tgin,Scalp Clarifying Shampoo,,needs_manual_review,manual_review,0.55,same product_name appears under multiple brands; brands=SEEN; tgin
ulta_8ff7c4f504b4a1,ulta,tgin,Scalp Serum,,needs_manual_review,manual_review,0.55,same product_name appears under multiple brands; brands=HAIRtamin; PATTERN; tgin
ulta_aea6c955330b0c,ulta,Eve Lom,Cleansing Oil,Clean,needs_manual_review,manual_review,0.55,same product_name appears under multiple brands; brands=Eve Lom; L.A. Girl
ulta_729190c0f621a8,ulta,L.A. Girl,Cleansing Oil,Clean,needs_manual_review,manual_review,0.55,same product_name appears under multiple brands; brands=Eve Lom; L.A. Girl
ulta_77dcf1a0769f6a,ulta,PATTERN,Cleansing Shampoo,Clean,needs_manual_review,manual_review,0.55,same product_name appears under multiple brands; brands=PATTERN; PATTERN by Tracee Ellis Ross
ulta_11c552d4dd4d4d,ulta,Tarte,Maracuja Juicy Lip Liner - Blush Pink,MARA,needs_manual_review,manual_review,0.55,same product_name appears under multiple brands; brands=Tarte; tarte
ulta_eccda76315bc30,ulta,Tarte,Maracuja Juicy Lip Plump Liner - Blushed Rose,MARA,needs_manual_review,manual_review,0.55,same product_name appears under multiple brands; brands=Tarte; tarte
ulta_714c42b16d1e2f,ulta,Urban Decay Cosmetics,Moondust Liquid Glitter Eyeliner - Space Cowboy,Moon,needs_manual_review,manual_review,0.55,same product_name appears under multiple brands; brands=Urban Decay; Urban Decay Cosmetics
