ingredient_id,name_ko,name_en,product_row_count,product_count,current_effect_ids,current_risk_types,cosing_match_status,cosing_inci_name,cosing_functions,cosing_restrictions,cosing_sccs_opinion_count,effect_signal_ids,effect_signal_basis,role_effect_candidate,role_formulation,role_risk_review,role_general_other,role_unresolved,research_priority,classification_status,classification_note,source_url,source_fetched_on
glycerin,글리세린,Glycerin,38427,38427,effect_calming|effect_exfoliation|effect_moisture_barrier,,exact_name,GLYCERIN,DENATURANT|FRAGRANCE|HAIR CONDITIONING|HUMECTANT|ORAL CARE|PERFUMING|SKIN CONDITIONING - HUMECTANT|SKIN PROTECTING|SOLVENT|VISCOSITY CONTROLLING,,0,effect_calming|effect_exfoliation|effect_moisture_barrier,effect_moisture_barrier:high:HUMECTANT+SKIN CONDITIONING - HUMECTANT|effect_calming:current_runtime|effect_exfoliation:current_runtime|effect_moisture_barrier:current_runtime,Y,Y,N,N,N,current_runtime,existing_runtime,CosIng 기능은 후보 선별 신호일 뿐 논문 근거나 점수 승인 아님,https://single-market-economy.ec.europa.eu/sectors/cosmetics/cosmetic-ingredient-database_en,2026-07-12
phenoxyethanol,페녹시에탄올,Phenoxyethanol,28403,28403,,,exact_name,PHENOXYETHANOL,ANTIMICROBIAL|PRESERVATIVE,V/29,2,,,N,Y,Y,N,N,not_selected,candidate_unverified,CosIng 기능은 후보 선별 신호일 뿐 논문 근거나 점수 승인 아님,https://single-market-economy.ec.europa.eu/sectors/cosmetics/cosmetic-ingredient-database_en,2026-07-12
butylene_glycol,부틸렌글라이콜,Butylene Glycol,26187,26098,,,exact_name,BUTYLENE GLYCOL,FRAGRANCE|HUMECTANT|SKIN CONDITIONING|SOLVENT|VISCOSITY CONTROLLING,,0,effect_moisture_barrier,effect_moisture_barrier:high:HUMECTANT,Y,Y,N,N,N,P1_initial_evidence,candidate_unverified,CosIng 기능은 후보 선별 신호일 뿐 논문 근거나 점수 승인 아님,https://single-market-economy.ec.europa.eu/sectors/cosmetics/cosmetic-ingredient-database_en,2026-07-12
tocopherol,토코페롤,Tocopherol,25902,25877,,,exact_name,TOCOPHEROL,ANTIOXIDANT|FRAGRANCE|SKIN CONDITIONING - MISCELLANEOUS|SKIN CONDITIONING - OCCLUSIVE,,0,effect_moisture_barrier,effect_moisture_barrier:medium:SKIN CONDITIONING - OCCLUSIVE,Y,Y,N,N,N,P2_initial_evidence,candidate_unverified,CosIng 기능은 후보 선별 신호일 뿐 논문 근거나 점수 승인 아님,https://single-market-economy.ec.europa.eu/sectors/cosmetics/cosmetic-ingredient-database_en,2026-07-12
ethylhexylglycerin,에틸헥실글리세린,Ethylhexylglycerin,24552,24497,,,exact_name,ETHYLHEXYLGLYCERIN,DEODORANT|SKIN CONDITIONING,,0,,,N,N,N,Y,N,not_selected,candidate_unverified,CosIng 기능은 후보 선별 신호일 뿐 논문 근거나 점수 승인 아님,https://single-market-economy.ec.europa.eu/sectors/cosmetics/cosmetic-ingredient-database_en,2026-07-12
citric_acid,시트릭애씨드,Citric Acid,21857,21835,,,exact_name,CITRIC ACID,BUFFERING|CHELATING|FRAGRANCE,,3,,,N,Y,Y,N,N,not_selected,candidate_unverified,CosIng 기능은 후보 선별 신호일 뿐 논문 근거나 점수 승인 아님,https://single-market-economy.ec.europa.eu/sectors/cosmetics/cosmetic-ingredient-database_en,2026-07-12
caprylyl_glycol,카프릴릴글라이콜,Caprylyl Glycol,21155,21124,,,exact_name,CAPRYLYL GLYCOL,DEODORANT|HAIR CONDITIONING|SKIN CONDITIONING|SKIN CONDITIONING - EMOLLIENT,,0,effect_moisture_barrier,effect_moisture_barrier:medium:SKIN CONDITIONING - EMOLLIENT,Y,Y,N,N,N,P2_initial_evidence,candidate_unverified,CosIng 기능은 후보 선별 신호일 뿐 논문 근거나 점수 승인 아님,https://single-market-economy.ec.europa.eu/sectors/cosmetics/cosmetic-ingredient-database_en,2026-07-12
hyaluronic_acid,히알루론산,Hyaluronic Acid,16824,16824,effect_calming|effect_moisture_barrier|effect_wrinkle,,exact_name,HYALURONIC ACID,ANTISTATIC|HUMECTANT|MOISTURISING|SKIN CONDITIONING,,0,effect_calming|effect_moisture_barrier|effect_wrinkle,effect_moisture_barrier:high:HUMECTANT+MOISTURISING|effect_calming:current_runtime|effect_moisture_barrier:current_runtime|effect_wrinkle:current_runtime,Y,Y,N,N,N,current_runtime,existing_runtime,CosIng 기능은 후보 선별 신호일 뿐 논문 근거나 점수 승인 아님,https://single-market-economy.ec.europa.eu/sectors/cosmetics/cosmetic-ingredient-database_en,2026-07-12
dimethicone,디메치콘,Dimethicone,16717,16684,effect_calming|effect_moisture_barrier,,exact_name,DIMETHICONE,ANTIFOAMING|SKIN CONDITIONING|SKIN CONDITIONING - EMOLLIENT|SKIN PROTECTING,,0,effect_calming|effect_moisture_barrier,effect_moisture_barrier:medium:SKIN CONDITIONING - EMOLLIENT+SKIN PROTECTING|effect_calming:current_runtime|effect_moisture_barrier:current_runtime,Y,Y,N,N,N,current_runtime,existing_runtime,CosIng 기능은 후보 선별 신호일 뿐 논문 근거나 점수 승인 아님,https://single-market-economy.ec.europa.eu/sectors/cosmetics/cosmetic-ingredient-database_en,2026-07-12
limonene,리모넨,Limonene,16661,16657,,,exact_name,LIMONENE,DEODORANT|PERFUMING|SOLVENT,"III/88
III/167
III/168",0,,,N,Y,Y,N,N,not_selected,candidate_unverified,CosIng 기능은 후보 선별 신호일 뿐 논문 근거나 점수 승인 아님,https://single-market-economy.ec.europa.eu/sectors/cosmetics/cosmetic-ingredient-database_en,2026-07-12
linalool,리날룰,Linalool,16309,16306,,,exact_name,LINALOOL,DEODORANT|PERFUMING,III/84,0,,,N,Y,Y,N,N,not_selected,candidate_unverified,CosIng 기능은 후보 선별 신호일 뿐 논문 근거나 점수 승인 아님,https://single-market-economy.ec.europa.eu/sectors/cosmetics/cosmetic-ingredient-database_en,2026-07-12
sodium_benzoate,소듐벤조에이트,Sodium Benzoate,14591,14591,,,exact_name,SODIUM BENZOATE,ANTICORROSIVE|FRAGRANCE|PRESERVATIVE,V/1,0,,,N,Y,Y,N,N,not_selected,candidate_unverified,CosIng 기능은 후보 선별 신호일 뿐 논문 근거나 점수 승인 아님,https://single-market-economy.ec.europa.eu/sectors/cosmetics/cosmetic-ingredient-database_en,2026-07-12
potassium_sorbate,포타슘솔베이트,Potassium Sorbate,14077,14077,,,exact_name,POTASSIUM SORBATE,FRAGRANCE|PRESERVATIVE,V/4,0,,,N,Y,Y,N,N,not_selected,candidate_unverified,CosIng 기능은 후보 선별 신호일 뿐 논문 근거나 점수 승인 아님,https://single-market-economy.ec.europa.eu/sectors/cosmetics/cosmetic-ingredient-database_en,2026-07-12
1_2_hexanediol,"1,2-헥산다이올","1,2-Hexanediol",13951,13854,,,exact_name,"1,2-HEXANEDIOL",SKIN CONDITIONING|SOLVENT,,0,,,N,Y,N,N,N,not_selected,candidate_unverified,CosIng 기능은 후보 선별 신호일 뿐 논문 근거나 점수 승인 아님,https://single-market-economy.ec.europa.eu/sectors/cosmetics/cosmetic-ingredient-database_en,2026-07-12
xanthan_gum,잔탄검,Xanthan Gum,13794,13776,,,exact_name,XANTHAN GUM,BINDING|EMULSION STABILISING|GEL FORMING|SKIN CONDITIONING|SURFACTANT - CLEANSING|SURFACTANT - EMULSIFYING|VISCOSITY CONTROLLING,,0,,,N,Y,N,N,N,not_selected,candidate_unverified,CosIng 기능은 후보 선별 신호일 뿐 논문 근거나 점수 승인 아님,https://single-market-economy.ec.europa.eu/sectors/cosmetics/cosmetic-ingredient-database_en,2026-07-12
disodium_edta,다이소듐이디티에이,Disodium EDTA,13764,13729,,,exact_name,DISODIUM EDTA,CHELATING|VISCOSITY CONTROLLING,,0,,,N,Y,N,N,N,not_selected,candidate_unverified,CosIng 기능은 후보 선별 신호일 뿐 논문 근거나 점수 승인 아님,https://single-market-economy.ec.europa.eu/sectors/cosmetics/cosmetic-ingredient-database_en,2026-07-12
tocopheryl_acetate,토코페릴아세테이트,Tocopheryl Acetate,13306,13298,,,exact_name,TOCOPHERYL ACETATE,ANTIOXIDANT|SKIN CONDITIONING,,1,,,N,N,Y,N,N,not_selected,candidate_unverified,CosIng 기능은 후보 선별 신호일 뿐 논문 근거나 점수 승인 아님,https://single-market-economy.ec.europa.eu/sectors/cosmetics/cosmetic-ingredient-database_en,2026-07-12
caprylic_capric_triglyceride,카프릴릭/카프릭트라이글리세라이드,Caprylic/Capric Triglyceride,13191,13175,,,exact_name,CAPRYLIC/CAPRIC TRIGLYCERIDE,FRAGRANCE|PERFUMING|SKIN CONDITIONING - OCCLUSIVE|SOLVENT,,0,effect_moisture_barrier,effect_moisture_barrier:medium:SKIN CONDITIONING - OCCLUSIVE,Y,Y,N,N,N,P2_initial_evidence,candidate_unverified,CosIng 기능은 후보 선별 신호일 뿐 논문 근거나 점수 승인 아님,https://single-market-economy.ec.europa.eu/sectors/cosmetics/cosmetic-ingredient-database_en,2026-07-12
propanediol,프로판다이올,Propanediol,12837,12794,,,exact_name,PROPANEDIOL,SOLVENT|VISCOSITY CONTROLLING,,0,,,N,Y,N,N,N,not_selected,candidate_unverified,CosIng 기능은 후보 선별 신호일 뿐 논문 근거나 점수 승인 아님,https://single-market-economy.ec.europa.eu/sectors/cosmetics/cosmetic-ingredient-database_en,2026-07-12
panthenol,판테놀,Panthenol,12750,12750,effect_calming|effect_moisture_barrier,,exact_name,PANTHENOL,ANTISTATIC|HAIR CONDITIONING|SKIN CONDITIONING,,0,effect_calming|effect_moisture_barrier,effect_calming:current_runtime|effect_moisture_barrier:current_runtime,Y,Y,N,N,N,current_runtime,existing_runtime,CosIng 기능은 후보 선별 신호일 뿐 논문 근거나 점수 승인 아님,https://single-market-economy.ec.europa.eu/sectors/cosmetics/cosmetic-ingredient-database_en,2026-07-12
silica,실리카,Silica,12319,12318,,,exact_name,SILICA,ABRASIVE|ABSORBENT|ANTICAKING|BULKING|OPACIFYING|VISCOSITY CONTROLLING,,2,,,N,Y,Y,N,N,not_selected,candidate_unverified,CosIng 기능은 후보 선별 신호일 뿐 논문 근거나 점수 승인 아님,https://single-market-economy.ec.europa.eu/sectors/cosmetics/cosmetic-ingredient-database_en,2026-07-12
sodium_chloride,소듐클로라이드,Sodium Chloride,11576,11564,,,exact_name,SODIUM CHLORIDE,BULKING|FRAGRANCE|ORAL CARE|VISCOSITY CONTROLLING,,0,,,N,Y,N,N,N,not_selected,candidate_unverified,CosIng 기능은 후보 선별 신호일 뿐 논문 근거나 점수 승인 아님,https://single-market-economy.ec.europa.eu/sectors/cosmetics/cosmetic-ingredient-database_en,2026-07-12
sodium_hydroxide,소듐하이드록사이드,Sodium Hydroxide,10880,10880,,,exact_name,SODIUM HYDROXIDE,BUFFERING|DENATURANT,III/15a,0,,,N,Y,Y,N,N,not_selected,candidate_unverified,CosIng 기능은 후보 선별 신호일 뿐 논문 근거나 점수 승인 아님,https://single-market-economy.ec.europa.eu/sectors/cosmetics/cosmetic-ingredient-database_en,2026-07-12
niacinamide,나이아신아마이드,Niacinamide,10393,10393,effect_acne_sebum|effect_brightening|effect_calming|effect_moisture_barrier|effect_wrinkle,,exact_name,NIACINAMIDE,SMOOTHING,,0,effect_acne_sebum|effect_brightening|effect_calming|effect_moisture_barrier|effect_wrinkle,effect_acne_sebum:current_runtime|effect_brightening:current_runtime|effect_calming:current_runtime|effect_moisture_barrier:current_runtime|effect_wrinkle:current_runtime,Y,N,N,N,N,current_runtime,existing_runtime,CosIng 기능은 후보 선별 신호일 뿐 논문 근거나 점수 승인 아님,https://single-market-economy.ec.europa.eu/sectors/cosmetics/cosmetic-ingredient-database_en,2026-07-12
water,정제수,Water,10346,10346,,,exact_name,WATER,ANTIPLAQUE|SKIN CONDITIONING|SOLVENT,,0,,,N,Y,N,N,N,not_selected,candidate_unverified,CosIng 기능은 후보 선별 신호일 뿐 논문 근거나 점수 승인 아님,https://single-market-economy.ec.europa.eu/sectors/cosmetics/cosmetic-ingredient-database_en,2026-07-12
pentylene_glycol,펜틸렌글라이콜,Pentylene Glycol,9523,9519,,,exact_name,PENTYLENE GLYCOL,SKIN CONDITIONING|SOLVENT,,0,,,N,Y,N,N,N,not_selected,candidate_unverified,CosIng 기능은 후보 선별 신호일 뿐 논문 근거나 점수 승인 아님,https://single-market-economy.ec.europa.eu/sectors/cosmetics/cosmetic-ingredient-database_en,2026-07-12
alcohol,에탄올,Alcohol,9165,9165,,,exact_name,ALCOHOL,ANTIFOAMING|ANTIMICROBIAL|ASTRINGENT|FRAGRANCE|SOLVENT|VISCOSITY CONTROLLING,,0,,,N,Y,N,N,N,not_selected,candidate_unverified,CosIng 기능은 후보 선별 신호일 뿐 논문 근거나 점수 승인 아님,https://single-market-economy.ec.europa.eu/sectors/cosmetics/cosmetic-ingredient-database_en,2026-07-12
disteardimonium_hectorite,다이스테아다이모늄헥토라이트,Disteardimonium Hectorite,8428,8426,,,exact_name,DISTEARDIMONIUM HECTORITE,LIGHT STABILIZER|VISCOSITY CONTROLLING,,0,,,N,Y,N,N,N,not_selected,candidate_unverified,CosIng 기능은 후보 선별 신호일 뿐 논문 근거나 점수 승인 아님,https://single-market-economy.ec.europa.eu/sectors/cosmetics/cosmetic-ingredient-database_en,2026-07-12
citronellol,시트로넬올,Citronellol,8271,8270,,,exact_name,CITRONELLOL,PERFUMING,III/86,0,,,N,Y,Y,N,N,not_selected,candidate_unverified,CosIng 기능은 후보 선별 신호일 뿐 논문 근거나 점수 승인 아님,https://single-market-economy.ec.europa.eu/sectors/cosmetics/cosmetic-ingredient-database_en,2026-07-12
mica,마이카,Mica,8186,8184,,,exact_name,MICA,ANTICAKING|BULKING|COLORANT|OPACIFYING,,0,,,N,Y,N,N,N,not_selected,candidate_unverified,CosIng 기능은 후보 선별 신호일 뿐 논문 근거나 점수 승인 아님,https://single-market-economy.ec.europa.eu/sectors/cosmetics/cosmetic-ingredient-database_en,2026-07-12
cetearyl_alcohol,세테아릴알코올,Cetearyl Alcohol,8012,8000,,,exact_name,CETEARYL ALCOHOL,EMULSION STABILISING|OPACIFYING|SKIN CONDITIONING - EMOLLIENT|SURFACTANT - CLEANSING|SURFACTANT - EMULSIFYING|SURFACTANT - FOAM BOOSTING|VISCOSITY CONTROLLING,,0,effect_moisture_barrier,effect_moisture_barrier:medium:SKIN CONDITIONING - EMOLLIENT,Y,Y,N,N,N,P2_initial_evidence,candidate_unverified,CosIng 기능은 후보 선별 신호일 뿐 논문 근거나 점수 승인 아님,https://single-market-economy.ec.europa.eu/sectors/cosmetics/cosmetic-ingredient-database_en,2026-07-12
carbomer,카보머,Carbomer,7997,7987,,,exact_name,CARBOMER,EMULSION STABILISING|GEL FORMING|VISCOSITY CONTROLLING,,0,,,N,Y,N,N,N,not_selected,candidate_unverified,CosIng 기능은 후보 선별 신호일 뿐 논문 근거나 점수 승인 아님,https://single-market-economy.ec.europa.eu/sectors/cosmetics/cosmetic-ingredient-database_en,2026-07-12
squalane,스쿠알란,Squalane,7887,7887,effect_moisture_barrier,,exact_name,SQUALANE,HAIR CONDITIONING|REFATTING|SKIN CONDITIONING|SKIN CONDITIONING - EMOLLIENT,,0,effect_moisture_barrier,effect_moisture_barrier:medium:SKIN CONDITIONING - EMOLLIENT|effect_moisture_barrier:current_runtime,Y,Y,N,N,N,current_runtime,existing_runtime,CosIng 기능은 후보 선별 신호일 뿐 논문 근거나 점수 승인 아님,https://single-market-economy.ec.europa.eu/sectors/cosmetics/cosmetic-ingredient-database_en,2026-07-12
geraniol,제라니올,Geraniol,7832,7831,,,exact_name,GERANIOL,PERFUMING|TONIC,III/78,0,,,N,Y,Y,N,N,not_selected,candidate_unverified,CosIng 기능은 후보 선별 신호일 뿐 논문 근거나 점수 승인 아님,https://single-market-economy.ec.europa.eu/sectors/cosmetics/cosmetic-ingredient-database_en,2026-07-12
aluminum_hydroxide,알루미늄하이드록사이드,Aluminum Hydroxide,7470,7465,,,exact_name,ALUMINUM HYDROXIDE,HUMECTANT|OPACIFYING|SKIN CONDITIONING - EMOLLIENT|SKIN PROTECTING|VISCOSITY CONTROLLING,,0,effect_moisture_barrier,effect_moisture_barrier:high:HUMECTANT,Y,Y,N,N,N,P1_initial_evidence,candidate_unverified,CosIng 기능은 후보 선별 신호일 뿐 논문 근거나 점수 승인 아님,https://single-market-economy.ec.europa.eu/sectors/cosmetics/cosmetic-ingredient-database_en,2026-07-12
cholesterol_fatty_acids,콜레스테롤/지방산,Cholesterol / Fatty Acids,7124,7124,effect_calming|effect_moisture_barrier,,not_matched,,,,0,effect_calming|effect_moisture_barrier,effect_calming:current_runtime|effect_moisture_barrier:current_runtime,Y,N,N,N,N,current_runtime,existing_runtime,CosIng 기능은 후보 선별 신호일 뿐 논문 근거나 점수 승인 아님,,
helianthus_annuus_sunflower_seed_oil,해바라기씨오일,Helianthus Annuus (Sunflower) Seed Oil,7100,7098,,,official_name_variant,HELIANTHUS ANNUUS SEED OIL,SKIN CONDITIONING - EMOLLIENT|SKIN CONDITIONING - MISCELLANEOUS|SKIN CONDITIONING - OCCLUSIVE|SOLVENT,,0,effect_moisture_barrier,effect_moisture_barrier:medium:SKIN CONDITIONING - EMOLLIENT+SKIN CONDITIONING - OCCLUSIVE,Y,Y,N,N,N,P2_initial_evidence,candidate_unverified,CosIng 기능은 후보 선별 신호일 뿐 논문 근거나 점수 승인 아님,https://single-market-economy.ec.europa.eu/sectors/cosmetics/cosmetic-ingredient-database_en,2026-07-12
butyrospermum_parkii_shea_butter,시어버터,Butyrospermum Parkii (Shea) Butter,7034,7024,,,official_name_variant,BUTYROSPERMUM PARKII BUTTER,SKIN CONDITIONING|VISCOSITY CONTROLLING,,0,,,N,Y,N,N,N,not_selected,candidate_unverified,CosIng 기능은 후보 선별 신호일 뿐 논문 근거나 점수 승인 아님,https://single-market-economy.ec.europa.eu/sectors/cosmetics/cosmetic-ingredient-database_en,2026-07-12
triethoxycaprylylsilane,트라이에톡시카프릴릴실레인,Triethoxycaprylylsilane,6975,6969,,,exact_name,TRIETHOXYCAPRYLYLSILANE,BINDING,,0,,,N,Y,N,N,N,not_selected,candidate_unverified,CosIng 기능은 후보 선별 신호일 뿐 논문 근거나 점수 승인 아님,https://single-market-economy.ec.europa.eu/sectors/cosmetics/cosmetic-ingredient-database_en,2026-07-12
dipropylene_glycol,다이프로필렌글라이콜,Dipropylene Glycol,6751,6706,,,exact_name,DIPROPYLENE GLYCOL,FRAGRANCE|PERFUMING|SOLVENT|VISCOSITY CONTROLLING,,0,,,N,Y,N,N,N,not_selected,candidate_unverified,CosIng 기능은 후보 선별 신호일 뿐 논문 근거나 점수 승인 아님,https://single-market-economy.ec.europa.eu/sectors/cosmetics/cosmetic-ingredient-database_en,2026-07-12
glyceryl_stearate,글리세릴스테아레이트,Glyceryl Stearate,6654,6651,,,exact_name,GLYCERYL STEARATE,SKIN CONDITIONING - EMOLLIENT|SURFACTANT - EMULSIFYING,,0,effect_moisture_barrier,effect_moisture_barrier:medium:SKIN CONDITIONING - EMOLLIENT,Y,Y,N,N,N,P2_initial_evidence,candidate_unverified,CosIng 기능은 후보 선별 신호일 뿐 논문 근거나 점수 승인 아님,https://single-market-economy.ec.europa.eu/sectors/cosmetics/cosmetic-ingredient-database_en,2026-07-12
fragrance_perfume_parfum,향료,Fragrance|Perfume|Parfum,6642,6642,,,official_name_variant,PARFUM,FRAGRANCE|PERFUMING,,0,,,N,Y,N,N,N,not_selected,candidate_unverified,CosIng 기능은 후보 선별 신호일 뿐 논문 근거나 점수 승인 아님,https://single-market-economy.ec.europa.eu/sectors/cosmetics/cosmetic-ingredient-database_en,2026-07-12
hydrogenated_lecithin,하이드로제네이티드레시틴,Hydrogenated Lecithin,6577,6561,,,exact_name,HYDROGENATED LECITHIN,SKIN CONDITIONING|SURFACTANT - EMULSIFYING,,0,,,N,Y,N,N,N,not_selected,candidate_unverified,CosIng 기능은 후보 선별 신호일 뿐 논문 근거나 점수 승인 아님,https://single-market-economy.ec.europa.eu/sectors/cosmetics/cosmetic-ingredient-database_en,2026-07-12
hexyl_cinnamal,헥실신남알,Hexyl Cinnamal,6364,6364,,,exact_name,HEXYL CINNAMAL,PERFUMING,III/87,0,,,N,Y,Y,N,N,not_selected,candidate_unverified,CosIng 기능은 후보 선별 신호일 뿐 논문 근거나 점수 승인 아님,https://single-market-economy.ec.europa.eu/sectors/cosmetics/cosmetic-ingredient-database_en,2026-07-12
propylene_glycol,프로필렌글라이콜,Propylene Glycol,6174,6174,,,exact_name,PROPYLENE GLYCOL,FRAGRANCE|HUMECTANT|SKIN CONDITIONING - HUMECTANT|SKIN CONDITIONING - MISCELLANEOUS|SOLVENT|VISCOSITY CONTROLLING,,0,effect_moisture_barrier,effect_moisture_barrier:high:HUMECTANT+SKIN CONDITIONING - HUMECTANT,Y,Y,N,N,N,P1_initial_evidence,candidate_unverified,CosIng 기능은 후보 선별 신호일 뿐 논문 근거나 점수 승인 아님,https://single-market-economy.ec.europa.eu/sectors/cosmetics/cosmetic-ingredient-database_en,2026-07-12
benzyl_alcohol,벤질알코올,Benzyl Alcohol,6169,6169,,,exact_name,BENZYL ALCOHOL,PERFUMING|PRESERVATIVE|SOLVENT|VISCOSITY CONTROLLING,"III/45 and
V/34",0,,,N,Y,Y,N,N,not_selected,candidate_unverified,CosIng 기능은 후보 선별 신호일 뿐 논문 근거나 점수 승인 아님,https://single-market-economy.ec.europa.eu/sectors/cosmetics/cosmetic-ingredient-database_en,2026-07-12
pentaerythrityl_tetra_di_t_butyl_hydroxyhydrocinnamate,펜타에리스리틸테트라-다이-t-부틸하이드록시하이드로신나 메이트,Pentaerythrityl Tetra-di-t-butyl Hydroxyhydrocinnamate,6155,6151,,,exact_name,PENTAERYTHRITYL TETRA-DI-T-BUTYL HYDROXYHYDROCINNAMATE,ANTIOXIDANT,,0,,,N,N,N,Y,N,not_selected,candidate_unverified,CosIng 기능은 후보 선별 신호일 뿐 논문 근거나 점수 승인 아님,https://single-market-economy.ec.europa.eu/sectors/cosmetics/cosmetic-ingredient-database_en,2026-07-12
hydroxyacetophenone,하이드록시아세토페논,Hydroxyacetophenone,6052,6028,,,exact_name,HYDROXYACETOPHENONE,ANTIOXIDANT,,0,,,N,N,N,Y,N,not_selected,candidate_unverified,CosIng 기능은 후보 선별 신호일 뿐 논문 근거나 점수 승인 아님,https://single-market-economy.ec.europa.eu/sectors/cosmetics/cosmetic-ingredient-database_en,2026-07-12
sodium_citrate,소듐시트레이트,Sodium Citrate,6021,6013,,,exact_name,SODIUM CITRATE,BUFFERING|CHELATING|FRAGRANCE,,0,,,N,Y,N,N,N,not_selected,candidate_unverified,CosIng 기능은 후보 선별 신호일 뿐 논문 근거나 점수 승인 아님,https://single-market-economy.ec.europa.eu/sectors/cosmetics/cosmetic-ingredient-database_en,2026-07-12
lecithin,레시틴,Lecithin,5973,5969,,,exact_name,LECITHIN,ANTISTATIC|SKIN CONDITIONING|SKIN CONDITIONING - EMOLLIENT|SURFACTANT - EMULSIFYING,,0,effect_moisture_barrier,effect_moisture_barrier:medium:SKIN CONDITIONING - EMOLLIENT,Y,Y,N,N,N,P2_initial_evidence,candidate_unverified,CosIng 기능은 후보 선별 신호일 뿐 논문 근거나 점수 승인 아님,https://single-market-economy.ec.europa.eu/sectors/cosmetics/cosmetic-ingredient-database_en,2026-07-12
allantoin,알란토인,Allantoin,5914,5914,effect_calming|effect_moisture_barrier,,exact_name,ALLANTOIN,SKIN CONDITIONING|SKIN PROTECTING|SOOTHING,,0,effect_calming|effect_moisture_barrier,effect_calming:high:SOOTHING|effect_moisture_barrier:medium:SKIN PROTECTING|effect_calming:current_runtime|effect_moisture_barrier:current_runtime,Y,N,N,N,N,current_runtime,existing_runtime,CosIng 기능은 후보 선별 신호일 뿐 논문 근거나 점수 승인 아님,https://single-market-economy.ec.europa.eu/sectors/cosmetics/cosmetic-ingredient-database_en,2026-07-12
adenosine,아데노신,Adenosine,5774,5774,effect_wrinkle,,exact_name,ADENOSINE,SKIN CONDITIONING,,0,effect_wrinkle,effect_wrinkle:current_runtime,Y,N,N,N,N,current_runtime,existing_runtime,CosIng 기능은 후보 선별 신호일 뿐 논문 근거나 점수 승인 아님,https://single-market-economy.ec.europa.eu/sectors/cosmetics/cosmetic-ingredient-database_en,2026-07-12
arginine,알지닌,Arginine,5526,5512,,,exact_name,ARGININE,ANTISTATIC|FRAGRANCE|HAIR CONDITIONING|SKIN CONDITIONING,,0,,,N,Y,N,N,N,not_selected,candidate_unverified,CosIng 기능은 후보 선별 신호일 뿐 논문 근거나 점수 승인 아님,https://single-market-economy.ec.europa.eu/sectors/cosmetics/cosmetic-ingredient-database_en,2026-07-12
citral,시트랄,Citral,5445,5445,,,exact_name,CITRAL,FLAVOURING|FRAGRANCE|PERFUMING,III/70,0,,,N,Y,Y,N,N,not_selected,candidate_unverified,CosIng 기능은 후보 선별 신호일 뿐 논문 근거나 점수 승인 아님,https://single-market-economy.ec.europa.eu/sectors/cosmetics/cosmetic-ingredient-database_en,2026-07-12
aha,AHA,Alpha Hydroxy Acids,5290,5290,effect_exfoliation|effect_moisture_barrier|effect_wrinkle,exfoliant_caution,not_matched,,,,0,effect_exfoliation|effect_moisture_barrier|effect_wrinkle,effect_exfoliation:current_runtime|effect_moisture_barrier:current_runtime|effect_wrinkle:current_runtime,Y,N,Y,N,N,current_runtime,existing_runtime,CosIng 기능은 후보 선별 신호일 뿐 논문 근거나 점수 승인 아님,,
sorbitan_isostearate,솔비탄아이소스테아레이트,Sorbitan Isostearate,5251,5244,,,exact_name,SORBITAN ISOSTEARATE,SURFACTANT - EMULSIFYING,,0,,,N,Y,N,N,N,not_selected,candidate_unverified,CosIng 기능은 후보 선별 신호일 뿐 논문 근거나 점수 승인 아님,https://single-market-economy.ec.europa.eu/sectors/cosmetics/cosmetic-ingredient-database_en,2026-07-12
simmondsia_chinensis_jojoba_seed_oil,호호바씨오일,Simmondsia Chinensis (Jojoba) Seed Oil,5242,5237,,,official_name_variant,SIMMONDSIA CHINENSIS SEED OIL,HAIR CONDITIONING|SKIN CONDITIONING|SKIN CONDITIONING - EMOLLIENT,,0,effect_moisture_barrier,effect_moisture_barrier:medium:SKIN CONDITIONING - EMOLLIENT,Y,Y,N,N,N,P2_initial_evidence,candidate_unverified,CosIng 기능은 후보 선별 신호일 뿐 논문 근거나 점수 승인 아님,https://single-market-economy.ec.europa.eu/sectors/cosmetics/cosmetic-ingredient-database_en,2026-07-12
chlorphenesin,클로페네신,Chlorphenesin,5149,5149,,,exact_name,CHLORPHENESIN,ANTIMICROBIAL|PRESERVATIVE,V/50,0,,,N,Y,Y,N,N,not_selected,candidate_unverified,CosIng 기능은 후보 선별 신호일 뿐 논문 근거나 점수 승인 아님,https://single-market-economy.ec.europa.eu/sectors/cosmetics/cosmetic-ingredient-database_en,2026-07-12
trimethylsiloxysilicate,트라이메틸실록시실리케이트,Trimethylsiloxysilicate,5078,5074,,,exact_name,TRIMETHYLSILOXYSILICATE,ANTIFOAMING|SKIN CONDITIONING|SKIN CONDITIONING - EMOLLIENT,,0,effect_moisture_barrier,effect_moisture_barrier:medium:SKIN CONDITIONING - EMOLLIENT,Y,Y,N,N,N,P2_initial_evidence,candidate_unverified,CosIng 기능은 후보 선별 신호일 뿐 논문 근거나 점수 승인 아님,https://single-market-economy.ec.europa.eu/sectors/cosmetics/cosmetic-ingredient-database_en,2026-07-12
cetyl_alcohol,세틸알코올,Cetyl Alcohol,5044,5043,,,exact_name,CETYL ALCOHOL,EMULSION STABILISING|FRAGRANCE|OPACIFYING|SKIN CONDITIONING - EMOLLIENT|SURFACTANT - CLEANSING|SURFACTANT - EMULSIFYING|SURFACTANT - FOAM BOOSTING|VISCOSITY CONTROLLING,,0,effect_moisture_barrier,effect_moisture_barrier:medium:SKIN CONDITIONING - EMOLLIENT,Y,Y,N,N,N,P2_initial_evidence,candidate_unverified,CosIng 기능은 후보 선별 신호일 뿐 논문 근거나 점수 승인 아님,https://single-market-economy.ec.europa.eu/sectors/cosmetics/cosmetic-ingredient-database_en,2026-07-12
benzyl_salicylate,벤질살리실레이트,Benzyl Salicylate,5017,5017,,,exact_name,BENZYL SALICYLATE,LIGHT STABILIZER|PERFUMING,III/75,0,,,N,Y,Y,N,N,not_selected,candidate_unverified,CosIng 기능은 후보 선별 신호일 뿐 논문 근거나 점수 승인 아님,https://single-market-economy.ec.europa.eu/sectors/cosmetics/cosmetic-ingredient-database_en,2026-07-12
isododecane,아이소도데케인,Isododecane,5009,5008,,,exact_name,ISODODECANE,PERFUMING|SKIN CONDITIONING - EMOLLIENT|SOLVENT,,0,effect_moisture_barrier,effect_moisture_barrier:medium:SKIN CONDITIONING - EMOLLIENT,Y,Y,N,N,N,P2_initial_evidence,candidate_unverified,CosIng 기능은 후보 선별 신호일 뿐 논문 근거나 점수 승인 아님,https://single-market-economy.ec.europa.eu/sectors/cosmetics/cosmetic-ingredient-database_en,2026-07-12
sodium_hyaluronate,소듐하이알루로네이트,Sodium Hyaluronate,4731,4731,,,exact_name,SODIUM HYALURONATE,HUMECTANT|SKIN CONDITIONING,,0,effect_moisture_barrier,effect_moisture_barrier:high:HUMECTANT,Y,N,N,N,N,P1_initial_evidence,candidate_unverified,CosIng 기능은 후보 선별 신호일 뿐 논문 근거나 점수 승인 아님,https://single-market-economy.ec.europa.eu/sectors/cosmetics/cosmetic-ingredient-database_en,2026-07-12
acrylates_c10_30_alkyl_acrylate_crosspolymer,아크릴레이트/C10-30알킬아크릴레이트크로스폴리머,Acrylates/C10-30 Alkyl Acrylate Crosspolymer,4625,4609,,,exact_name,ACRYLATES/C10-30 ALKYL ACRYLATE CROSSPOLYMER,EMULSION STABILISING|FILM FORMING|VISCOSITY CONTROLLING,,0,,,N,Y,N,N,N,not_selected,candidate_unverified,CosIng 기능은 후보 선별 신호일 뿐 논문 근거나 점수 승인 아님,https://single-market-economy.ec.europa.eu/sectors/cosmetics/cosmetic-ingredient-database_en,2026-07-12
synthetic_fluorphlogopite,합성플루오르플로고파이트,Synthetic Fluorphlogopite,4603,4598,,,exact_name,SYNTHETIC FLUORPHLOGOPITE,BULKING|VISCOSITY CONTROLLING,,0,,,N,Y,N,N,N,not_selected,candidate_unverified,CosIng 기능은 후보 선별 신호일 뿐 논문 근거나 점수 승인 아님,https://single-market-economy.ec.europa.eu/sectors/cosmetics/cosmetic-ingredient-database_en,2026-07-12
propylene_carbonate,프로필렌카보네이트,Propylene Carbonate,4483,4481,,,exact_name,PROPYLENE CARBONATE,SOLVENT|VISCOSITY CONTROLLING,,0,,,N,Y,N,N,N,not_selected,candidate_unverified,CosIng 기능은 후보 선별 신호일 뿐 논문 근거나 점수 승인 아님,https://single-market-economy.ec.europa.eu/sectors/cosmetics/cosmetic-ingredient-database_en,2026-07-12
polysorbate_20,폴리솔베이트20,Polysorbate 20,4423,4423,,,exact_name,POLYSORBATE 20,SURFACTANT - CLEANSING|SURFACTANT - EMULSIFYING,,0,,,N,Y,N,N,N,not_selected,candidate_unverified,CosIng 기능은 후보 선별 신호일 뿐 논문 근거나 점수 승인 아님,https://single-market-economy.ec.europa.eu/sectors/cosmetics/cosmetic-ingredient-database_en,2026-07-12
tin_oxide,틴옥사이드,Tin Oxide,4313,4311,,,exact_name,TIN OXIDE,ABRASIVE|BULKING|OPACIFYING|VISCOSITY CONTROLLING,,0,,,N,Y,N,N,N,not_selected,candidate_unverified,CosIng 기능은 후보 선별 신호일 뿐 논문 근거나 점수 승인 아님,https://single-market-economy.ec.europa.eu/sectors/cosmetics/cosmetic-ingredient-database_en,2026-07-12
cetyl_peg_ppg_10_1_dimethicone,세틸피이지/피피지-10/1다이메티콘,Cetyl PEG/PPG-10/1 Dimethicone,4229,4225,,,exact_name,CETYL PEG/PPG-10/1 DIMETHICONE,SKIN CONDITIONING|SURFACTANT - CLEANSING|SURFACTANT - EMULSIFYING,,0,,,N,Y,N,N,N,not_selected,candidate_unverified,CosIng 기능은 후보 선별 신호일 뿐 논문 근거나 점수 승인 아님,https://single-market-economy.ec.europa.eu/sectors/cosmetics/cosmetic-ingredient-database_en,2026-07-12
betaine,베타인,Betaine,4141,4117,,,exact_name,BETAINE,HAIR CONDITIONING|HUMECTANT|SKIN CONDITIONING - HUMECTANT,,0,effect_moisture_barrier,effect_moisture_barrier:high:HUMECTANT+SKIN CONDITIONING - HUMECTANT,Y,Y,N,N,N,P1_initial_evidence,candidate_unverified,CosIng 기능은 후보 선별 신호일 뿐 논문 근거나 점수 승인 아님,https://single-market-economy.ec.europa.eu/sectors/cosmetics/cosmetic-ingredient-database_en,2026-07-12
maltodextrin,말토덱스트린,Maltodextrin,4121,4117,,,exact_name,MALTODEXTRIN,ABSORBENT|BINDING|EMULSION STABILISING|FILM FORMING|HAIR CONDITIONING|SKIN CONDITIONING,,0,,,N,Y,N,N,N,not_selected,candidate_unverified,CosIng 기능은 후보 선별 신호일 뿐 논문 근거나 점수 승인 아님,https://single-market-economy.ec.europa.eu/sectors/cosmetics/cosmetic-ingredient-database_en,2026-07-12
bht,비에이치티,BHT,4071,4071,,,exact_name,BHT,ANTIOXIDANT|FRAGRANCE,III / 325,0,,,N,Y,Y,N,N,not_selected,candidate_unverified,CosIng 기능은 후보 선별 신호일 뿐 논문 근거나 점수 승인 아님,https://single-market-economy.ec.europa.eu/sectors/cosmetics/cosmetic-ingredient-database_en,2026-07-12
tromethamine,트로메타민,Tromethamine,4072,4055,,,exact_name,TROMETHAMINE,BUFFERING|FRAGRANCE,III/61,0,,,N,Y,Y,N,N,not_selected,candidate_unverified,CosIng 기능은 후보 선별 신호일 뿐 논문 근거나 점수 승인 아님,https://single-market-economy.ec.europa.eu/sectors/cosmetics/cosmetic-ingredient-database_en,2026-07-12
dimethicone_vinyl_dimethicone_crosspolymer,다이메티콘/비닐다이메티콘크로스폴리머,Dimethicone/Vinyl Dimethicone Crosspolymer,4001,3998,,,exact_name,DIMETHICONE/VINYL DIMETHICONE CROSSPOLYMER,SKIN CONDITIONING|VISCOSITY CONTROLLING,,0,,,N,Y,N,N,N,not_selected,candidate_unverified,CosIng 기능은 후보 선별 신호일 뿐 논문 근거나 점수 승인 아님,https://single-market-economy.ec.europa.eu/sectors/cosmetics/cosmetic-ingredient-database_en,2026-07-12
trisodium_ethylenediamine_disuccinate,트라이소듐에틸렌다이아민다이석시네이트,Trisodium Ethylenediamine Disuccinate,3980,3978,,,exact_name,TRISODIUM ETHYLENEDIAMINE DISUCCINATE,CHELATING,,0,,,N,Y,N,N,N,not_selected,candidate_unverified,CosIng 기능은 후보 선별 신호일 뿐 논문 근거나 점수 승인 아님,https://single-market-economy.ec.europa.eu/sectors/cosmetics/cosmetic-ingredient-database_en,2026-07-12
salicylic_acid_bha,살리실산/BHA,Salicylic Acid / BHA,3956,3956,effect_acne_sebum|effect_exfoliation,exfoliant_caution,not_matched,,,,0,effect_acne_sebum|effect_exfoliation,effect_acne_sebum:current_runtime|effect_exfoliation:current_runtime,Y,N,Y,N,N,current_runtime,existing_runtime,CosIng 기능은 후보 선별 신호일 뿐 논문 근거나 점수 승인 아님,,
ethylhexyl_palmitate,에틸헥실팔미테이트,Ethylhexyl Palmitate,3956,3952,,,exact_name,ETHYLHEXYL PALMITATE,PERFUMING|SKIN CONDITIONING - EMOLLIENT,,0,effect_moisture_barrier,effect_moisture_barrier:medium:SKIN CONDITIONING - EMOLLIENT,Y,Y,N,N,N,P2_initial_evidence,candidate_unverified,CosIng 기능은 후보 선별 신호일 뿐 논문 근거나 점수 승인 아님,https://single-market-economy.ec.europa.eu/sectors/cosmetics/cosmetic-ingredient-database_en,2026-07-12
hydroxycitronellal,하이드록시시트로넬알,Hydroxycitronellal,3950,3950,,,exact_name,HYDROXYCITRONELLAL,PERFUMING,III/72,0,,,N,Y,Y,N,N,not_selected,candidate_unverified,CosIng 기능은 후보 선별 신호일 뿐 논문 근거나 점수 승인 아님,https://single-market-economy.ec.europa.eu/sectors/cosmetics/cosmetic-ingredient-database_en,2026-07-12
glyceryl_caprylate,글리세릴카프릴레이트,Glyceryl Caprylate,3837,3834,,,exact_name,GLYCERYL CAPRYLATE,DEODORANT|SKIN CONDITIONING - EMOLLIENT|SURFACTANT - EMULSIFYING,,0,effect_moisture_barrier,effect_moisture_barrier:medium:SKIN CONDITIONING - EMOLLIENT,Y,Y,N,N,N,P2_initial_evidence,candidate_unverified,CosIng 기능은 후보 선별 신호일 뿐 논문 근거나 점수 승인 아님,https://single-market-economy.ec.europa.eu/sectors/cosmetics/cosmetic-ingredient-database_en,2026-07-12
magnesium_sulfate,마그네슘설페이트,Magnesium Sulfate,3775,3775,,,exact_name,MAGNESIUM SULFATE,BULKING,,0,,,N,Y,N,N,N,not_selected,candidate_unverified,CosIng 기능은 후보 선별 신호일 뿐 논문 근거나 점수 승인 아님,https://single-market-economy.ec.europa.eu/sectors/cosmetics/cosmetic-ingredient-database_en,2026-07-12
hexylene_glycol,헥실렌글라이콜,Hexylene Glycol,3711,3707,,,exact_name,HEXYLENE GLYCOL,PERFUMING|SKIN CONDITIONING|SOLVENT|SURFACTANT - CLEANSING|SURFACTANT - EMULSIFYING,,0,,,N,Y,N,N,N,not_selected,candidate_unverified,CosIng 기능은 후보 선별 신호일 뿐 논문 근거나 점수 승인 아님,https://single-market-economy.ec.europa.eu/sectors/cosmetics/cosmetic-ingredient-database_en,2026-07-12
coumarin,쿠마린,Coumarin,3629,3628,,,exact_name,COUMARIN,PERFUMING,III/77,0,,,N,Y,Y,N,N,not_selected,candidate_unverified,CosIng 기능은 후보 선별 신호일 뿐 논문 근거나 점수 승인 아님,https://single-market-economy.ec.europa.eu/sectors/cosmetics/cosmetic-ingredient-database_en,2026-07-12
polysorbate_60,폴리솔베이트60,Polysorbate 60,3608,3605,,,exact_name,POLYSORBATE 60,SURFACTANT - CLEANSING|SURFACTANT - EMULSIFYING,,0,,,N,Y,N,N,N,not_selected,candidate_unverified,CosIng 기능은 후보 선별 신호일 뿐 논문 근거나 점수 승인 아님,https://single-market-economy.ec.europa.eu/sectors/cosmetics/cosmetic-ingredient-database_en,2026-07-12
alpha_isomethyl_ionone,알파-아이소메틸아이오논,Alpha-Isomethyl Ionone,3531,3531,,,exact_name,ALPHA-ISOMETHYL IONONE,PERFUMING|SKIN CONDITIONING,III/90,0,,,N,Y,Y,N,N,not_selected,candidate_unverified,CosIng 기능은 후보 선별 신호일 뿐 논문 근거나 점수 승인 아님,https://single-market-economy.ec.europa.eu/sectors/cosmetics/cosmetic-ingredient-database_en,2026-07-12
titanium_dioxide,티타늄디옥사이드,Titanium Dioxide,3535,3526,,,exact_name,TITANIUM DIOXIDE,COLORANT|OPACIFYING|UV ABSORBER|UV FILTER,"IV/143
VI/27
VI/27a (nano)",4,,,N,Y,Y,N,N,not_selected,candidate_unverified,CosIng 기능은 후보 선별 신호일 뿐 논문 근거나 점수 승인 아님,https://single-market-economy.ec.europa.eu/sectors/cosmetics/cosmetic-ingredient-database_en,2026-07-12
octyldodecanol,옥틸도데칸올,Octyldodecanol,3525,3524,,,exact_name,OCTYLDODECANOL,FRAGRANCE|PERFUMING|SKIN CONDITIONING - EMOLLIENT|SOLVENT,,0,effect_moisture_barrier,effect_moisture_barrier:medium:SKIN CONDITIONING - EMOLLIENT,Y,Y,N,N,N,P2_initial_evidence,candidate_unverified,CosIng 기능은 후보 선별 신호일 뿐 논문 근거나 점수 승인 아님,https://single-market-economy.ec.europa.eu/sectors/cosmetics/cosmetic-ingredient-database_en,2026-07-12
caffeine,카페인,Caffeine,3520,3520,,,exact_name,CAFFEINE,FRAGRANCE|PERFUMING|SKIN CONDITIONING,,0,,,N,Y,N,N,N,not_selected,candidate_unverified,CosIng 기능은 후보 선별 신호일 뿐 논문 근거나 점수 승인 아님,https://single-market-economy.ec.europa.eu/sectors/cosmetics/cosmetic-ingredient-database_en,2026-07-12
sodium_phytate,소듐파이테이트,Sodium Phytate,3497,3487,,,exact_name,SODIUM PHYTATE,CHELATING|ORAL CARE,,0,,,N,Y,N,N,N,not_selected,candidate_unverified,CosIng 기능은 후보 선별 신호일 뿐 논문 근거나 점수 승인 아님,https://single-market-economy.ec.europa.eu/sectors/cosmetics/cosmetic-ingredient-database_en,2026-07-12
benzyl_benzoate,벤질벤조에이트,Benzyl Benzoate,3475,3475,,,exact_name,BENZYL BENZOATE,ANTIMICROBIAL|PERFUMING|SOLVENT,III/85,0,,,N,Y,Y,N,N,not_selected,candidate_unverified,CosIng 기능은 후보 선별 신호일 뿐 논문 근거나 점수 승인 아님,https://single-market-economy.ec.europa.eu/sectors/cosmetics/cosmetic-ingredient-database_en,2026-07-12
hydroxyethylcellulose,하이드록시에틸셀룰로오스,Hydroxyethylcellulose,3446,3444,,,exact_name,HYDROXYETHYLCELLULOSE,BINDING|EMULSION STABILISING|FILM FORMING|LIGHT STABILIZER|VISCOSITY CONTROLLING,,0,,,N,Y,N,N,N,not_selected,candidate_unverified,CosIng 기능은 후보 선별 신호일 뿐 논문 근거나 점수 승인 아님,https://single-market-economy.ec.europa.eu/sectors/cosmetics/cosmetic-ingredient-database_en,2026-07-12
peptides,펩타이드,Peptides,3429,3429,effect_wrinkle,,not_matched,,,,0,effect_wrinkle,effect_wrinkle:current_runtime,Y,N,N,N,N,current_runtime,existing_runtime,CosIng 기능은 후보 선별 신호일 뿐 논문 근거나 점수 승인 아님,,
green_tea,녹차,Green Tea,3316,3316,effect_acne_sebum|effect_calming|effect_wrinkle,,not_matched,,,,0,effect_acne_sebum|effect_calming|effect_wrinkle,effect_acne_sebum:current_runtime|effect_calming:current_runtime|effect_wrinkle:current_runtime,Y,N,N,N,N,current_runtime,existing_runtime,CosIng 기능은 후보 선별 신호일 뿐 논문 근거나 점수 승인 아님,,
ceramides,세라마이드,Ceramides,3273,3273,effect_calming|effect_moisture_barrier,,not_matched,,,,0,effect_calming|effect_moisture_barrier,effect_calming:current_runtime|effect_moisture_barrier:current_runtime,Y,N,N,N,N,current_runtime,existing_runtime,CosIng 기능은 후보 선별 신호일 뿐 논문 근거나 점수 승인 아님,,
phenyl_trimethicone,페닐트라이메티콘,Phenyl Trimethicone,3272,3264,,,exact_name,PHENYL TRIMETHICONE,ANTIFOAMING|HAIR CONDITIONING|SKIN CONDITIONING - OCCLUSIVE,,0,effect_moisture_barrier,effect_moisture_barrier:medium:SKIN CONDITIONING - OCCLUSIVE,Y,Y,N,N,N,P2_initial_evidence,candidate_unverified,CosIng 기능은 후보 선별 신호일 뿐 논문 근거나 점수 승인 아님,https://single-market-economy.ec.europa.eu/sectors/cosmetics/cosmetic-ingredient-database_en,2026-07-12
polyhydroxystearic_acid,폴리하이드록시스테아릭애씨드,Polyhydroxystearic Acid,3251,3251,,,exact_name,POLYHYDROXYSTEARIC ACID,SURFACTANT - EMULSIFYING,,0,,,N,Y,N,N,N,not_selected,candidate_unverified,CosIng 기능은 후보 선별 신호일 뿐 논문 근거나 점수 승인 아님,https://single-market-economy.ec.europa.eu/sectors/cosmetics/cosmetic-ingredient-database_en,2026-07-12
hydroxyethyl_acrylate_sodium_acryloyldimethyl_taurate_copolymer,하이드록시에틸아크릴레이트/소듐아크릴로일다이메틸타우 레이트코폴리머,Hydroxyethyl Acrylate/Sodium Acryloyldimethyl Taurate Copolymer,3130,3125,,,exact_name,HYDROXYETHYL ACRYLATE/SODIUM ACRYLOYLDIMETHYL TAURATE COPOLYMER,EMULSION STABILISING|VISCOSITY CONTROLLING,,0,,,N,Y,N,N,N,not_selected,candidate_unverified,CosIng 기능은 후보 선별 신호일 뿐 논문 근거나 점수 승인 아님,https://single-market-economy.ec.europa.eu/sectors/cosmetics/cosmetic-ingredient-database_en,2026-07-12
cyclopentasiloxane,사이클로펜타실록세인,Cyclopentasiloxane,3126,3118,,,exact_name,CYCLOPENTASILOXANE,HAIR CONDITIONING|SKIN CONDITIONING|SKIN CONDITIONING - EMOLLIENT|SOLVENT,"Restricted under COMMISSION REGULATION (EU) 2024/1328.
1. Shall not be placed on the market
(a) as a substance on its own;
(b) as a constituent of other substances; or
(c) in mixtures;
in a concentration equal to or greater than 0,1 % by weight of the respective substance after 6 June 2026.
[...]
3. By way of derogation:
(a) for D4 and D5 in wash-off cosmetic products, paragraph 1, point (c), shall apply after 31 January 2020.
For the purposes of this point, “wash-off cosmetic products” means cosmetic products as defined in Article 2(1), point (a), of Regulation (EC) No 1223/2009 of the European Parliament and of the Council (*1) that, under normal conditions of use, are washed off with water after application;
(b) for all cosmetic products other than the ones mentioned in paragraph 3(a), paragraph 1 shall apply after 6 June 2027.",2,effect_moisture_barrier,effect_moisture_barrier:medium:SKIN CONDITIONING - EMOLLIENT,Y,Y,Y,N,N,P2_initial_evidence,candidate_unverified,CosIng 기능은 후보 선별 신호일 뿐 논문 근거나 점수 승인 아님,https://single-market-economy.ec.europa.eu/sectors/cosmetics/cosmetic-ingredient-database_en,2026-07-12
trehalose,트레할로오스,Trehalose,3077,3069,,,exact_name,TREHALOSE,HUMECTANT|MOISTURISING,,0,effect_moisture_barrier,effect_moisture_barrier:high:HUMECTANT+MOISTURISING,Y,N,N,N,N,P1_initial_evidence,candidate_unverified,CosIng 기능은 후보 선별 신호일 뿐 논문 근거나 점수 승인 아님,https://single-market-economy.ec.europa.eu/sectors/cosmetics/cosmetic-ingredient-database_en,2026-07-12
diisostearyl_malate,다이아이소스테아릴말레이트,Diisostearyl Malate,3052,3046,,,exact_name,DIISOSTEARYL MALATE,SKIN CONDITIONING|SKIN CONDITIONING - EMOLLIENT|SURFACTANT - CLEANSING,,0,effect_moisture_barrier,effect_moisture_barrier:medium:SKIN CONDITIONING - EMOLLIENT,Y,Y,N,N,N,P2_initial_evidence,candidate_unverified,CosIng 기능은 후보 선별 신호일 뿐 논문 근거나 점수 승인 아님,https://single-market-economy.ec.europa.eu/sectors/cosmetics/cosmetic-ingredient-database_en,2026-07-12
sodium_dehydroacetate,소듐데하이드로아세테이트,Sodium Dehydroacetate,3006,3006,,,exact_name,SODIUM DEHYDROACETATE,PRESERVATIVE,V/13,0,,,N,Y,Y,N,N,not_selected,candidate_unverified,CosIng 기능은 후보 선별 신호일 뿐 논문 근거나 점수 승인 아님,https://single-market-economy.ec.europa.eu/sectors/cosmetics/cosmetic-ingredient-database_en,2026-07-12
polymethylsilsesquioxane,폴리메틸실세스퀴옥세인,Polymethylsilsesquioxane,2948,2948,,,exact_name,POLYMETHYLSILSESQUIOXANE,OPACIFYING,,0,,,N,Y,N,N,N,not_selected,candidate_unverified,CosIng 기능은 후보 선별 신호일 뿐 논문 근거나 점수 승인 아님,https://single-market-economy.ec.europa.eu/sectors/cosmetics/cosmetic-ingredient-database_en,2026-07-12
cocos_nucifera_coconut_oil,코코넛야자오일,Cocos Nucifera (Coconut) Oil,2936,2936,,,official_name_variant,COCOS NUCIFERA OIL,FRAGRANCE|HAIR CONDITIONING|PERFUMING|SKIN CONDITIONING,,0,,,N,Y,N,N,N,not_selected,candidate_unverified,CosIng 기능은 후보 선별 신호일 뿐 논문 근거나 점수 승인 아님,https://single-market-economy.ec.europa.eu/sectors/cosmetics/cosmetic-ingredient-database_en,2026-07-12
sodium_pca,소듐피씨에이,Sodium PCA,2922,2922,,,exact_name,SODIUM PCA,ANTISTATIC|HAIR CONDITIONING|HUMECTANT|SKIN CONDITIONING,,0,effect_moisture_barrier,effect_moisture_barrier:high:HUMECTANT,Y,Y,N,N,N,P1_initial_evidence,candidate_unverified,CosIng 기능은 후보 선별 신호일 뿐 논문 근거나 점수 승인 아님,https://single-market-economy.ec.europa.eu/sectors/cosmetics/cosmetic-ingredient-database_en,2026-07-12
rosmarinus_officinalis_rosemary_leaf_extract,로즈마리잎추출물,Rosmarinus Officinalis (Rosemary) Leaf Extract,2889,2889,,,official_name_variant,ROSMARINUS OFFICINALIS LEAF EXTRACT,ANTIMICROBIAL|FRAGRANCE|SKIN CONDITIONING,,0,,,N,Y,N,N,N,not_selected,candidate_unverified,CosIng 기능은 후보 선별 신호일 뿐 논문 근거나 점수 승인 아님,https://single-market-economy.ec.europa.eu/sectors/cosmetics/cosmetic-ingredient-database_en,2026-07-12
peg_10_dimethicone,피이지-10다이메티콘,PEG-10 Dimethicone,2880,2880,,,exact_name,PEG-10 DIMETHICONE,HAIR CONDITIONING|SKIN CONDITIONING,,0,,,N,Y,N,N,N,not_selected,candidate_unverified,CosIng 기능은 후보 선별 신호일 뿐 논문 근거나 점수 승인 아님,https://single-market-economy.ec.europa.eu/sectors/cosmetics/cosmetic-ingredient-database_en,2026-07-12
benzoic_acid,벤조익애씨드,Benzoic Acid,2879,2879,,,exact_name,BENZOIC ACID,FRAGRANCE|PRESERVATIVE|pH ADJUSTERS,V/1,0,,,N,Y,Y,N,N,not_selected,candidate_unverified,CosIng 기능은 후보 선별 신호일 뿐 논문 근거나 점수 승인 아님,https://single-market-economy.ec.europa.eu/sectors/cosmetics/cosmetic-ingredient-database_en,2026-07-12
ceramide_np,세라마이드엔피,Ceramide NP,2859,2859,,,exact_name,CERAMIDE NP,HAIR CONDITIONING|SKIN CONDITIONING - MISCELLANEOUS,,0,,,N,Y,N,N,N,not_selected,candidate_unverified,CosIng 기능은 후보 선별 신호일 뿐 논문 근거나 점수 승인 아님,https://single-market-economy.ec.europa.eu/sectors/cosmetics/cosmetic-ingredient-database_en,2026-07-12
alumina,알루미나,Alumina,2857,2856,,,exact_name,ALUMINA,ABRASIVE|ABSORBENT|ANTICAKING|BULKING|OPACIFYING|VISCOSITY CONTROLLING,,0,,,N,Y,N,N,N,not_selected,candidate_unverified,CosIng 기능은 후보 선별 신호일 뿐 논문 근거나 점수 승인 아님,https://single-market-economy.ec.europa.eu/sectors/cosmetics/cosmetic-ingredient-database_en,2026-07-12
cetrimonium_chloride,세트리모늄클로라이드,Cetrimonium Chloride,2810,2810,,,exact_name,CETRIMONIUM CHLORIDE,ANTIMICROBIAL|ANTISTATIC|PRESERVATIVE|SURFACTANT - EMULSIFYING,V/44,1,,,N,Y,Y,N,N,not_selected,candidate_unverified,CosIng 기능은 후보 선별 신호일 뿐 논문 근거나 점수 승인 아님,https://single-market-economy.ec.europa.eu/sectors/cosmetics/cosmetic-ingredient-database_en,2026-07-12
behentrimonium_chloride,베헨트라이모늄클로라이드,Behentrimonium Chloride,2785,2785,,,exact_name,BEHENTRIMONIUM CHLORIDE,ANTISTATIC|HAIR CONDITIONING|PRESERVATIVE,V/44,1,,,N,Y,Y,N,N,not_selected,candidate_unverified,CosIng 기능은 후보 선별 신호일 뿐 논문 근거나 점수 승인 아님,https://single-market-economy.ec.europa.eu/sectors/cosmetics/cosmetic-ingredient-database_en,2026-07-12
olea_europaea_olive_fruit_oil,올리브오일,Olea Europaea (Olive) Fruit Oil,2740,2737,,,official_name_variant,OLEA EUROPAEA FRUIT OIL,FRAGRANCE|PERFUMING|SKIN CONDITIONING,,0,,,N,Y,N,N,N,not_selected,candidate_unverified,CosIng 기능은 후보 선별 신호일 뿐 논문 근거나 점수 승인 아님,https://single-market-economy.ec.europa.eu/sectors/cosmetics/cosmetic-ingredient-database_en,2026-07-12
guar_hydroxypropyltrimonium_chloride,구아하이드록시프로필트라이모늄클로라이드,Guar Hydroxypropyltrimonium Chloride,2705,2705,,,exact_name,GUAR HYDROXYPROPYLTRIMONIUM CHLORIDE,ANTISTATIC|FILM FORMING|SKIN CONDITIONING|VISCOSITY CONTROLLING,,0,,,N,Y,N,N,N,not_selected,candidate_unverified,CosIng 기능은 후보 선별 신호일 뿐 논문 근거나 점수 승인 아님,https://single-market-economy.ec.europa.eu/sectors/cosmetics/cosmetic-ingredient-database_en,2026-07-12
peg_100_stearate,피이지-100스테아레이트,PEG-100 Stearate,2702,2700,,,exact_name,PEG-100 STEARATE,SURFACTANT - CLEANSING,,0,,,N,Y,N,N,N,not_selected,candidate_unverified,CosIng 기능은 후보 선별 신호일 뿐 논문 근거나 점수 승인 아님,https://single-market-economy.ec.europa.eu/sectors/cosmetics/cosmetic-ingredient-database_en,2026-07-12
coco_caprylate_caprate,코코-카프릴레이트/카프레이트,Coco-Caprylate/Caprate,2673,2673,,,exact_name,COCO-CAPRYLATE/CAPRATE,SKIN CONDITIONING|SKIN CONDITIONING - EMOLLIENT,,0,effect_moisture_barrier,effect_moisture_barrier:medium:SKIN CONDITIONING - EMOLLIENT,Y,N,N,N,N,P2_initial_evidence,candidate_unverified,CosIng 기능은 후보 선별 신호일 뿐 논문 근거나 점수 승인 아님,https://single-market-economy.ec.europa.eu/sectors/cosmetics/cosmetic-ingredient-database_en,2026-07-12
dipotassium_glycyrrhizate,다이포타슘글리시리제이트,Dipotassium Glycyrrhizate,2637,2637,effect_calming,,exact_name,DIPOTASSIUM GLYCYRRHIZATE,HUMECTANT|SKIN CONDITIONING,,0,effect_calming|effect_moisture_barrier,effect_moisture_barrier:high:HUMECTANT|effect_calming:current_runtime,Y,N,N,N,N,current_runtime,existing_runtime,CosIng 기능은 후보 선별 신호일 뿐 논문 근거나 점수 승인 아님,https://single-market-economy.ec.europa.eu/sectors/cosmetics/cosmetic-ingredient-database_en,2026-07-12
cocamidopropyl_betaine,코카미도프로필베타인,Cocamidopropyl Betaine,2631,2631,,,exact_name,COCAMIDOPROPYL BETAINE,ANTISTATIC|CLEANSING|HAIR CONDITIONING|SKIN CONDITIONING - MISCELLANEOUS|SURFACTANT - CLEANSING|SURFACTANT - FOAM BOOSTING|VISCOSITY CONTROLLING,,0,,,N,Y,N,N,N,not_selected,candidate_unverified,CosIng 기능은 후보 선별 신호일 뿐 논문 근거나 점수 승인 아님,https://single-market-economy.ec.europa.eu/sectors/cosmetics/cosmetic-ingredient-database_en,2026-07-12
ascorbic_acid,비타민C,Ascorbic Acid,2627,2627,effect_brightening|effect_wrinkle,irritation,exact_name,ASCORBIC ACID,ANTIOXIDANT|BUFFERING|FRAGRANCE|SKIN CONDITIONING,,0,effect_brightening|effect_wrinkle,effect_brightening:current_runtime|effect_wrinkle:current_runtime,Y,Y,Y,N,N,current_runtime,existing_runtime,CosIng 기능은 후보 선별 신호일 뿐 논문 근거나 점수 승인 아님,https://single-market-economy.ec.europa.eu/sectors/cosmetics/cosmetic-ingredient-database_en,2026-07-12
sorbitan_olivate,솔비탄올리베이트,Sorbitan Olivate,2625,2612,,,exact_name,SORBITAN OLIVATE,SURFACTANT - EMULSIFYING,,0,,,N,Y,N,N,N,not_selected,candidate_unverified,CosIng 기능은 후보 선별 신호일 뿐 논문 근거나 점수 승인 아님,https://single-market-economy.ec.europa.eu/sectors/cosmetics/cosmetic-ingredient-database_en,2026-07-12
stearyl_alcohol,스테아릴알코올,Stearyl Alcohol,2611,2607,,,exact_name,STEARYL ALCOHOL,EMULSION STABILISING|FRAGRANCE|OPACIFYING|REFATTING|SKIN CONDITIONING - EMOLLIENT|SURFACTANT - CLEANSING|SURFACTANT - EMULSIFYING|SURFACTANT - FOAM BOOSTING|VISCOSITY CONTROLLING,,0,effect_moisture_barrier,effect_moisture_barrier:medium:SKIN CONDITIONING - EMOLLIENT,Y,Y,N,N,N,P2_initial_evidence,candidate_unverified,CosIng 기능은 후보 선별 신호일 뿐 논문 근거나 점수 승인 아님,https://single-market-economy.ec.europa.eu/sectors/cosmetics/cosmetic-ingredient-database_en,2026-07-12
hydrogenated_polyisobutene,하이드로제네이티드폴리아이소부텐,Hydrogenated Polyisobutene,2545,2544,,,exact_name,HYDROGENATED POLYISOBUTENE,SKIN CONDITIONING|SKIN CONDITIONING - EMOLLIENT|VISCOSITY CONTROLLING,,0,effect_moisture_barrier,effect_moisture_barrier:medium:SKIN CONDITIONING - EMOLLIENT,Y,Y,N,N,N,P2_initial_evidence,candidate_unverified,CosIng 기능은 후보 선별 신호일 뿐 논문 근거나 점수 승인 아님,https://single-market-economy.ec.europa.eu/sectors/cosmetics/cosmetic-ingredient-database_en,2026-07-12
isopropyl_alcohol,아이소프로필알코올,Isopropyl Alcohol,2536,2536,,,exact_name,ISOPROPYL ALCOHOL,ANTIFOAMING|PERFUMING|SOLVENT|VISCOSITY CONTROLLING,,0,,,N,Y,N,N,N,not_selected,candidate_unverified,CosIng 기능은 후보 선별 신호일 뿐 논문 근거나 점수 승인 아님,https://single-market-economy.ec.europa.eu/sectors/cosmetics/cosmetic-ingredient-database_en,2026-07-12
synthetic_wax,합성왁스,Synthetic Wax,2520,2516,,,exact_name,SYNTHETIC WAX,ABRASIVE|BINDING|EMULSION STABILISING|FRAGRANCE|VISCOSITY CONTROLLING,,0,,,N,Y,N,N,N,not_selected,candidate_unverified,CosIng 기능은 후보 선별 신호일 뿐 논문 근거나 점수 승인 아님,https://single-market-economy.ec.europa.eu/sectors/cosmetics/cosmetic-ingredient-database_en,2026-07-12
persea_gratissima_avocado_oil,아보카도오일,Persea Gratissima (Avocado) Oil,2502,2502,,,official_name_variant,PERSEA GRATISSIMA OIL,SKIN CONDITIONING,,0,,,N,N,N,Y,N,not_selected,candidate_unverified,CosIng 기능은 후보 선별 신호일 뿐 논문 근거나 점수 승인 아님,https://single-market-economy.ec.europa.eu/sectors/cosmetics/cosmetic-ingredient-database_en,2026-07-12
leuconostoc_radish_root_ferment_filtrate,류코노스톡/무발효여과물,Leuconostoc/Radish Root Ferment Filtrate,2501,2501,,,exact_name,LEUCONOSTOC/RADISH ROOT FERMENT FILTRATE,ANTI-SEBORRHEIC|ANTIMICROBIAL,,0,effect_acne_sebum,effect_acne_sebum:high:ANTI-SEBORRHEIC,Y,N,N,N,N,P1_initial_evidence,candidate_unverified,CosIng 기능은 후보 선별 신호일 뿐 논문 근거나 점수 승인 아님,https://single-market-economy.ec.europa.eu/sectors/cosmetics/cosmetic-ingredient-database_en,2026-07-12
tetrasodium_glutamate_diacetate,테트라소듐글루타메이트다이아세테이트,Tetrasodium Glutamate Diacetate,2499,2499,,,exact_name,TETRASODIUM GLUTAMATE DIACETATE,CHELATING,,0,,,N,Y,N,N,N,not_selected,candidate_unverified,CosIng 기능은 후보 선별 신호일 뿐 논문 근거나 점수 승인 아님,https://single-market-economy.ec.europa.eu/sectors/cosmetics/cosmetic-ingredient-database_en,2026-07-12
glycine,글라이신,Glycine,2491,2491,,,exact_name,GLYCINE,ANTISTATIC|BUFFERING|HAIR CONDITIONING|SKIN CONDITIONING,,0,,,N,Y,N,N,N,not_selected,candidate_unverified,CosIng 기능은 후보 선별 신호일 뿐 논문 근거나 점수 승인 아님,https://single-market-economy.ec.europa.eu/sectors/cosmetics/cosmetic-ingredient-database_en,2026-07-12
serine,세린,Serine,2486,2484,,,exact_name,SERINE,ANTISTATIC|FRAGRANCE|HAIR CONDITIONING|SKIN CONDITIONING,,0,,,N,Y,N,N,N,not_selected,candidate_unverified,CosIng 기능은 후보 선별 신호일 뿐 논문 근거나 점수 승인 아님,https://single-market-economy.ec.europa.eu/sectors/cosmetics/cosmetic-ingredient-database_en,2026-07-12
aloe_barbadensis_leaf_juice,알로에베라잎즙,Aloe Barbadensis Leaf Juice,2434,2434,,,exact_name,ALOE BARBADENSIS LEAF JUICE,SKIN CONDITIONING,,0,,,N,N,N,Y,N,not_selected,candidate_unverified,CosIng 기능은 후보 선별 신호일 뿐 논문 근거나 점수 승인 아님,https://single-market-economy.ec.europa.eu/sectors/cosmetics/cosmetic-ingredient-database_en,2026-07-12
behenyl_alcohol,베헤닐알코올,Behenyl Alcohol,2338,2336,,,exact_name,BEHENYL ALCOHOL,BINDING|EMULSION STABILISING|SKIN CONDITIONING - EMOLLIENT|VISCOSITY CONTROLLING,,0,effect_moisture_barrier,effect_moisture_barrier:medium:SKIN CONDITIONING - EMOLLIENT,Y,Y,N,N,N,P2_initial_evidence,candidate_unverified,CosIng 기능은 후보 선별 신호일 뿐 논문 근거나 점수 승인 아님,https://single-market-economy.ec.europa.eu/sectors/cosmetics/cosmetic-ingredient-database_en,2026-07-12
centella_asiatica_extract,병풀추출물,Centella Asiatica Extract,2328,2328,,,exact_name,CENTELLA ASIATICA EXTRACT,CLEANSING|SKIN CONDITIONING|SMOOTHING|SOOTHING|TONIC,,0,effect_calming,effect_calming:high:SOOTHING,Y,Y,N,N,N,P1_initial_evidence,candidate_unverified,CosIng 기능은 후보 선별 신호일 뿐 논문 근거나 점수 승인 아님,https://single-market-economy.ec.europa.eu/sectors/cosmetics/cosmetic-ingredient-database_en,2026-07-12
ammonium_acryloyldimethyltaurate_vp_copolymer,암모늄아크릴로일다이메틸타우레이트/브이피코폴리머,Ammonium Acryloyldimethyltaurate/VP Copolymer,2315,2314,,,exact_name,AMMONIUM ACRYLOYLDIMETHYLTAURATE/VP COPOLYMER,VISCOSITY CONTROLLING,,0,,,N,Y,N,N,N,not_selected,candidate_unverified,CosIng 기능은 후보 선별 신호일 뿐 논문 근거나 점수 승인 아님,https://single-market-economy.ec.europa.eu/sectors/cosmetics/cosmetic-ingredient-database_en,2026-07-12
decyl_glucoside,데실글루코사이드,Decyl Glucoside,2311,2311,,,exact_name,DECYL GLUCOSIDE,CLEANSING|EMULSION STABILISING|SURFACTANT - CLEANSING,,0,,,N,Y,N,N,N,not_selected,candidate_unverified,CosIng 기능은 후보 선별 신호일 뿐 논문 근거나 점수 승인 아님,https://single-market-economy.ec.europa.eu/sectors/cosmetics/cosmetic-ingredient-database_en,2026-07-12
argania_spinosa_kernel_oil,아르간커넬오일,Argania Spinosa Kernel Oil,2310,2310,,,exact_name,ARGANIA SPINOSA KERNEL OIL,SKIN CONDITIONING|SKIN CONDITIONING - EMOLLIENT,,0,effect_moisture_barrier,effect_moisture_barrier:medium:SKIN CONDITIONING - EMOLLIENT,Y,N,N,N,N,P2_initial_evidence,candidate_unverified,CosIng 기능은 후보 선별 신호일 뿐 논문 근거나 점수 승인 아님,https://single-market-economy.ec.europa.eu/sectors/cosmetics/cosmetic-ingredient-database_en,2026-07-12
kaolin,카올린,Kaolin,2309,2306,,,exact_name,KAOLIN,ABRASIVE|ABSORBENT|ANTICAKING|BULKING|COLORANT|OPACIFYING,IV/119,0,,,N,Y,Y,N,N,not_selected,candidate_unverified,CosIng 기능은 후보 선별 신호일 뿐 논문 근거나 점수 승인 아님,https://single-market-economy.ec.europa.eu/sectors/cosmetics/cosmetic-ingredient-database_en,2026-07-12
sodium_lactate,소듐락테이트,Sodium Lactate,2301,2301,,,exact_name,SODIUM LACTATE,BUFFERING|HUMECTANT|KERATOLYTIC,,0,effect_exfoliation|effect_moisture_barrier,effect_exfoliation:high:KERATOLYTIC|effect_moisture_barrier:high:HUMECTANT,Y,Y,N,N,N,P1_initial_evidence,candidate_unverified,CosIng 기능은 후보 선별 신호일 뿐 논문 근거나 점수 승인 아님,https://single-market-economy.ec.europa.eu/sectors/cosmetics/cosmetic-ingredient-database_en,2026-07-12
methylpropanediol,메틸프로판다이올,Methylpropanediol,2217,2216,,,exact_name,METHYLPROPANEDIOL,SOLVENT,,0,,,N,Y,N,N,N,not_selected,candidate_unverified,CosIng 기능은 후보 선별 신호일 뿐 논문 근거나 점수 승인 아님,https://single-market-economy.ec.europa.eu/sectors/cosmetics/cosmetic-ingredient-database_en,2026-07-12
ascorbyl_palmitate,아스코빌팔미테이트,Ascorbyl Palmitate,2206,2206,,,exact_name,ASCORBYL PALMITATE,ANTIOXIDANT|FRAGRANCE,,0,,,N,Y,N,N,N,not_selected,candidate_unverified,CosIng 기능은 후보 선별 신호일 뿐 논문 근거나 점수 승인 아님,https://single-market-economy.ec.europa.eu/sectors/cosmetics/cosmetic-ingredient-database_en,2026-07-12
hydrolyzed_hyaluronic_acid,하이드롤라이즈드하이알루로닉애씨드,Hydrolyzed Hyaluronic Acid,2185,2185,,,exact_name,HYDROLYZED HYALURONIC ACID,HAIR CONDITIONING|HUMECTANT|SKIN CONDITIONING,,0,effect_moisture_barrier,effect_moisture_barrier:high:HUMECTANT,Y,Y,N,N,N,P1_initial_evidence,candidate_unverified,CosIng 기능은 후보 선별 신호일 뿐 논문 근거나 점수 승인 아님,https://single-market-economy.ec.europa.eu/sectors/cosmetics/cosmetic-ingredient-database_en,2026-07-12
dehydroacetic_acid,데하이드로아세틱애씨드,Dehydroacetic Acid,2181,2181,,,exact_name,DEHYDROACETIC ACID,PRESERVATIVE,V/13,0,,,N,Y,Y,N,N,not_selected,candidate_unverified,CosIng 기능은 후보 선별 신호일 뿐 논문 근거나 점수 승인 아님,https://single-market-economy.ec.europa.eu/sectors/cosmetics/cosmetic-ingredient-database_en,2026-07-12
sorbic_acid,소르빅애씨드,Sorbic Acid,2181,2181,,,exact_name,SORBIC ACID,FRAGRANCE|PRESERVATIVE,V/4,0,,,N,Y,Y,N,N,not_selected,candidate_unverified,CosIng 기능은 후보 선별 신호일 뿐 논문 근거나 점수 승인 아님,https://single-market-economy.ec.europa.eu/sectors/cosmetics/cosmetic-ingredient-database_en,2026-07-12
sorbitol,솔비톨,Sorbitol,2182,2180,,,exact_name,SORBITOL,FRAGRANCE|HUMECTANT|PERFUMING|SKIN CONDITIONING,,0,effect_moisture_barrier,effect_moisture_barrier:high:HUMECTANT,Y,Y,N,N,N,P1_initial_evidence,candidate_unverified,CosIng 기능은 후보 선별 신호일 뿐 논문 근거나 점수 승인 아님,https://single-market-economy.ec.europa.eu/sectors/cosmetics/cosmetic-ingredient-database_en,2026-07-12
polyglyceryl_10_laurate,폴리글리세릴-10라우레이트,Polyglyceryl-10 Laurate,2198,2178,,,exact_name,POLYGLYCERYL-10 LAURATE,SKIN CONDITIONING - MISCELLANEOUS|SURFACTANT - EMULSIFYING,,0,,,N,Y,N,N,N,not_selected,candidate_unverified,CosIng 기능은 후보 선별 신호일 뿐 논문 근거나 점수 승인 아님,https://single-market-economy.ec.europa.eu/sectors/cosmetics/cosmetic-ingredient-database_en,2026-07-12
lactobacillus_ferment,락토바실러스발효물,Lactobacillus Ferment,2124,2124,,,exact_name,LACTOBACILLUS FERMENT,SKIN CONDITIONING,,0,,,N,N,N,Y,N,not_selected,candidate_unverified,CosIng 기능은 후보 선별 신호일 뿐 논문 근거나 점수 승인 아님,https://single-market-economy.ec.europa.eu/sectors/cosmetics/cosmetic-ingredient-database_en,2026-07-12
bisabolol,비사보롤,Bisabolol,2118,2118,effect_brightening,botanical_allergy,exact_name,BISABOLOL,FRAGRANCE|SKIN CONDITIONING|SOOTHING,,0,effect_brightening|effect_calming,effect_calming:high:SOOTHING|effect_brightening:current_runtime,Y,Y,Y,N,N,current_runtime,existing_runtime,CosIng 기능은 후보 선별 신호일 뿐 논문 근거나 점수 승인 아님,https://single-market-economy.ec.europa.eu/sectors/cosmetics/cosmetic-ingredient-database_en,2026-07-12
caprylyl_methicone,카프릴릴메티콘,Caprylyl Methicone,2116,2109,,,exact_name,CAPRYLYL METHICONE,SKIN CONDITIONING,,0,,,N,N,N,Y,N,not_selected,candidate_unverified,CosIng 기능은 후보 선별 신호일 뿐 논문 근거나 점수 승인 아님,https://single-market-economy.ec.europa.eu/sectors/cosmetics/cosmetic-ingredient-database_en,2026-07-12
sodium_stearoyl_glutamate,소듐스테아로일글루타메이트,Sodium Stearoyl Glutamate,2094,2093,,,exact_name,SODIUM STEAROYL GLUTAMATE,CLEANSING|HAIR CONDITIONING|SKIN CONDITIONING|SURFACTANT - EMULSIFYING,,0,,,N,Y,N,N,N,not_selected,candidate_unverified,CosIng 기능은 후보 선별 신호일 뿐 논문 근거나 점수 승인 아님,https://single-market-economy.ec.europa.eu/sectors/cosmetics/cosmetic-ingredient-database_en,2026-07-12
lauroyl_lysine,라우로일라이신,Lauroyl Lysine,2092,2092,,,exact_name,LAUROYL LYSINE,HAIR CONDITIONING|SKIN CONDITIONING|VISCOSITY CONTROLLING,,0,,,N,Y,N,N,N,not_selected,candidate_unverified,CosIng 기능은 후보 선별 신호일 뿐 논문 근거나 점수 승인 아님,https://single-market-economy.ec.europa.eu/sectors/cosmetics/cosmetic-ingredient-database_en,2026-07-12
glucose,글루코오스,Glucose,2093,2086,,,exact_name,GLUCOSE,HUMECTANT,,0,effect_moisture_barrier,effect_moisture_barrier:high:HUMECTANT,Y,N,N,N,N,P1_initial_evidence,candidate_unverified,CosIng 기능은 후보 선별 신호일 뿐 논문 근거나 점수 승인 아님,https://single-market-economy.ec.europa.eu/sectors/cosmetics/cosmetic-ingredient-database_en,2026-07-12
c12_15_alkyl_benzoate,C12-15알킬벤조에이트,C12-15 Alkyl Benzoate,2065,2065,,,exact_name,C12-15 ALKYL BENZOATE,ANTIMICROBIAL|SKIN CONDITIONING|SKIN CONDITIONING - EMOLLIENT,,0,effect_moisture_barrier,effect_moisture_barrier:medium:SKIN CONDITIONING - EMOLLIENT,Y,N,N,N,N,P2_initial_evidence,candidate_unverified,CosIng 기능은 후보 선별 신호일 뿐 논문 근거나 점수 승인 아님,https://single-market-economy.ec.europa.eu/sectors/cosmetics/cosmetic-ingredient-database_en,2026-07-12
triethyl_citrate,트라이에틸시트레이트,Triethyl Citrate,2065,2065,,,exact_name,TRIETHYL CITRATE,DEODORANT|FRAGRANCE|PERFUMING|PLASTICISER|SOLVENT|VISCOSITY CONTROLLING,,0,,,N,Y,N,N,N,not_selected,candidate_unverified,CosIng 기능은 후보 선별 신호일 뿐 논문 근거나 점수 승인 아님,https://single-market-economy.ec.europa.eu/sectors/cosmetics/cosmetic-ingredient-database_en,2026-07-12
isopropyl_myristate,아이소프로필미리스테이트,Isopropyl Myristate,2062,2061,,,exact_name,ISOPROPYL MYRISTATE,BINDING|FRAGRANCE|PERFUMING|SKIN CONDITIONING - EMOLLIENT,,0,effect_moisture_barrier,effect_moisture_barrier:medium:SKIN CONDITIONING - EMOLLIENT,Y,Y,N,N,N,P2_initial_evidence,candidate_unverified,CosIng 기능은 후보 선별 신호일 뿐 논문 근거나 점수 승인 아님,https://single-market-economy.ec.europa.eu/sectors/cosmetics/cosmetic-ingredient-database_en,2026-07-12
stearic_acid,스테아릭애씨드,Stearic Acid,2046,2046,,,exact_name,STEARIC ACID,CLEANSING|EMULSION STABILISING|FRAGRANCE|REFATTING|SURFACTANT - CLEANSING|SURFACTANT - EMULSIFYING,,0,,,N,Y,N,N,N,not_selected,candidate_unverified,CosIng 기능은 후보 선별 신호일 뿐 논문 근거나 점수 승인 아님,https://single-market-economy.ec.europa.eu/sectors/cosmetics/cosmetic-ingredient-database_en,2026-07-12
cetearyl_olivate,세테아릴올리베이트,Cetearyl Olivate,2045,2040,,,exact_name,CETEARYL OLIVATE,EMULSION STABILISING|HAIR CONDITIONING|SKIN CONDITIONING - EMOLLIENT|SLIP MODIFIER|SURFACTANT - EMULSIFYING,,0,effect_moisture_barrier,effect_moisture_barrier:medium:SKIN CONDITIONING - EMOLLIENT,Y,Y,N,N,N,P2_initial_evidence,candidate_unverified,CosIng 기능은 후보 선별 신호일 뿐 논문 근거나 점수 승인 아님,https://single-market-economy.ec.europa.eu/sectors/cosmetics/cosmetic-ingredient-database_en,2026-07-12
biotin,바이오틴,Biotin,1999,1999,,,exact_name,BIOTIN,HAIR CONDITIONING|SKIN CONDITIONING - MISCELLANEOUS,,0,,,N,Y,N,N,N,not_selected,candidate_unverified,CosIng 기능은 후보 선별 신호일 뿐 논문 근거나 점수 승인 아님,https://single-market-economy.ec.europa.eu/sectors/cosmetics/cosmetic-ingredient-database_en,2026-07-12
acrylates_copolymer,아크릴레이트코폴리머,Acrylates Copolymer,1983,1981,,,exact_name,ACRYLATES COPOLYMER,ANTISTATIC|BINDING|FILM FORMING,,0,,,N,Y,N,N,N,not_selected,candidate_unverified,CosIng 기능은 후보 선별 신호일 뿐 논문 근거나 점수 승인 아님,https://single-market-economy.ec.europa.eu/sectors/cosmetics/cosmetic-ingredient-database_en,2026-07-12
proline,프롤린,Proline,1961,1959,,,exact_name,PROLINE,HAIR CONDITIONING|SKIN CONDITIONING,,0,,,N,Y,N,N,N,not_selected,candidate_unverified,CosIng 기능은 후보 선별 신호일 뿐 논문 근거나 점수 승인 아님,https://single-market-economy.ec.europa.eu/sectors/cosmetics/cosmetic-ingredient-database_en,2026-07-12
polyquaternium_10,폴리쿼터늄-10,Polyquaternium-10,1948,1948,,,exact_name,POLYQUATERNIUM-10,ANTISTATIC|FILM FORMING,,0,,,N,Y,N,N,N,not_selected,candidate_unverified,CosIng 기능은 후보 선별 신호일 뿐 논문 근거나 점수 승인 아님,https://single-market-economy.ec.europa.eu/sectors/cosmetics/cosmetic-ingredient-database_en,2026-07-12
potassium_hydroxide,포타슘하이드록사이드,Potassium Hydroxide,1933,1932,,,exact_name,POTASSIUM HYDROXIDE,BUFFERING,"III/15a, 15d",1,,,N,Y,Y,N,N,not_selected,candidate_unverified,CosIng 기능은 후보 선별 신호일 뿐 논문 근거나 점수 승인 아님,https://single-market-economy.ec.europa.eu/sectors/cosmetics/cosmetic-ingredient-database_en,2026-07-12
isononyl_isononanoate,아이소노닐아이소노나노에이트,Isononyl Isononanoate,1930,1929,,,exact_name,ISONONYL ISONONANOATE,ANTISTATIC|SKIN CONDITIONING|SKIN CONDITIONING - EMOLLIENT,,0,effect_moisture_barrier,effect_moisture_barrier:medium:SKIN CONDITIONING - EMOLLIENT,Y,Y,N,N,N,P2_initial_evidence,candidate_unverified,CosIng 기능은 후보 선별 신호일 뿐 논문 근거나 점수 승인 아님,https://single-market-economy.ec.europa.eu/sectors/cosmetics/cosmetic-ingredient-database_en,2026-07-12
xylitol,자일리톨,Xylitol,1921,1921,,,exact_name,XYLITOL,ANTI-SEBORRHEIC|DEODORANT|FLAVOURING|HUMECTANT|SKIN CONDITIONING - HUMECTANT,,0,effect_acne_sebum|effect_moisture_barrier,effect_acne_sebum:high:ANTI-SEBORRHEIC|effect_moisture_barrier:high:HUMECTANT+SKIN CONDITIONING - HUMECTANT,Y,Y,N,N,N,P1_initial_evidence,candidate_unverified,CosIng 기능은 후보 선별 신호일 뿐 논문 근거나 점수 승인 아님,https://single-market-economy.ec.europa.eu/sectors/cosmetics/cosmetic-ingredient-database_en,2026-07-12
beta_glucan,베타-글루칸,Beta-Glucan,1920,1920,effect_moisture_barrier,,exact_name,BETA-GLUCAN,BULKING|SKIN CONDITIONING - MISCELLANEOUS,,0,effect_moisture_barrier,effect_moisture_barrier:current_runtime,Y,Y,N,N,N,current_runtime,existing_runtime,CosIng 기능은 후보 선별 신호일 뿐 논문 근거나 점수 승인 아님,https://single-market-economy.ec.europa.eu/sectors/cosmetics/cosmetic-ingredient-database_en,2026-07-12
dimethiconol,다이메티콘올,Dimethiconol,1908,1907,,,exact_name,DIMETHICONOL,ANTIFOAMING|MOISTURISING|SKIN CONDITIONING - EMOLLIENT,,0,effect_moisture_barrier,effect_moisture_barrier:high:MOISTURISING,Y,Y,N,N,N,P1_initial_evidence,candidate_unverified,CosIng 기능은 후보 선별 신호일 뿐 논문 근거나 점수 승인 아님,https://single-market-economy.ec.europa.eu/sectors/cosmetics/cosmetic-ingredient-database_en,2026-07-12
sodium_polyacrylate,소듐폴리아크릴레이트,Sodium Polyacrylate,1885,1875,,,exact_name,SODIUM POLYACRYLATE,ABSORBENT|BINDING|EMULSION STABILISING|FILM FORMING|HAIR FIXING|SKIN CONDITIONING|SKIN CONDITIONING - EMOLLIENT|VISCOSITY CONTROLLING,,0,effect_moisture_barrier,effect_moisture_barrier:medium:SKIN CONDITIONING - EMOLLIENT,Y,Y,N,N,N,P2_initial_evidence,candidate_unverified,CosIng 기능은 후보 선별 신호일 뿐 논문 근거나 점수 승인 아님,https://single-market-economy.ec.europa.eu/sectors/cosmetics/cosmetic-ingredient-database_en,2026-07-12
dextrin,덱스트린,Dextrin,1874,1868,,,exact_name,DEXTRIN,ABSORBENT|BINDING|BULKING|VISCOSITY CONTROLLING,,0,,,N,Y,N,N,N,not_selected,candidate_unverified,CosIng 기능은 후보 선별 신호일 뿐 논문 근거나 점수 승인 아님,https://single-market-economy.ec.europa.eu/sectors/cosmetics/cosmetic-ingredient-database_en,2026-07-12
phytosphingosine,피토스핑고신,Phytosphingosine,1863,1863,effect_acne_sebum|effect_moisture_barrier,,exact_name,PHYTOSPHINGOSINE,HAIR CONDITIONING|SKIN CONDITIONING,,0,effect_acne_sebum|effect_moisture_barrier,effect_acne_sebum:current_runtime|effect_moisture_barrier:current_runtime,Y,Y,N,N,N,current_runtime,existing_runtime,CosIng 기능은 후보 선별 신호일 뿐 논문 근거나 점수 승인 아님,https://single-market-economy.ec.europa.eu/sectors/cosmetics/cosmetic-ingredient-database_en,2026-07-12
madecassoside,마데카소사이드,Madecassoside,1855,1855,effect_calming|effect_moisture_barrier|effect_wrinkle,,exact_name,MADECASSOSIDE,ANTIOXIDANT|SKIN CONDITIONING,,0,effect_calming|effect_moisture_barrier|effect_wrinkle,effect_calming:current_runtime|effect_moisture_barrier:current_runtime|effect_wrinkle:current_runtime,Y,N,N,N,N,current_runtime,existing_runtime,CosIng 기능은 후보 선별 신호일 뿐 논문 근거나 점수 승인 아님,https://single-market-economy.ec.europa.eu/sectors/cosmetics/cosmetic-ingredient-database_en,2026-07-12
dimethicone_crosspolymer,다이메티콘크로스폴리머,Dimethicone Crosspolymer,1847,1847,,,exact_name,DIMETHICONE CROSSPOLYMER,EMULSION STABILISING|HAIR FIXING|VISCOSITY CONTROLLING,,0,,,N,Y,N,N,N,not_selected,candidate_unverified,CosIng 기능은 후보 선별 신호일 뿐 논문 근거나 점수 승인 아님,https://single-market-economy.ec.europa.eu/sectors/cosmetics/cosmetic-ingredient-database_en,2026-07-12
coco_glucoside,코코-글루코사이드,Coco-Glucoside,1843,1841,,,exact_name,COCO-GLUCOSIDE,CLEANSING|FOAMING|SURFACTANT - CLEANSING,,0,,,N,Y,N,N,N,not_selected,candidate_unverified,CosIng 기능은 후보 선별 신호일 뿐 논문 근거나 점수 승인 아님,https://single-market-economy.ec.europa.eu/sectors/cosmetics/cosmetic-ingredient-database_en,2026-07-12
tetrasodium_edta,테트라소듐이디티에이,Tetrasodium EDTA,1836,1836,,,exact_name,TETRASODIUM EDTA,CHELATING,,0,,,N,Y,N,N,N,not_selected,candidate_unverified,CosIng 기능은 후보 선별 신호일 뿐 논문 근거나 점수 승인 아님,https://single-market-economy.ec.europa.eu/sectors/cosmetics/cosmetic-ingredient-database_en,2026-07-12
threonine,트레오닌,Threonine,1832,1832,,,exact_name,THREONINE,ANTISTATIC|HAIR CONDITIONING|HAIR WAVING OR STRAIGHTENING,,0,,,N,Y,N,N,N,not_selected,candidate_unverified,CosIng 기능은 후보 선별 신호일 뿐 논문 근거나 점수 승인 아님,https://single-market-economy.ec.europa.eu/sectors/cosmetics/cosmetic-ingredient-database_en,2026-07-12
peg_40_hydrogenated_castor_oil,피이지-40하이드로제네이티드캐스터오일,PEG-40 Hydrogenated Castor Oil,1831,1831,,,exact_name,PEG-40 HYDROGENATED CASTOR OIL,SURFACTANT - CLEANSING|SURFACTANT - EMULSIFYING,,0,,,N,Y,N,N,N,not_selected,candidate_unverified,CosIng 기능은 후보 선별 신호일 뿐 논문 근거나 점수 승인 아님,https://single-market-economy.ec.europa.eu/sectors/cosmetics/cosmetic-ingredient-database_en,2026-07-12
eugenol,유제놀,Eugenol,1823,1823,,,exact_name,EUGENOL,DENATURANT|PERFUMING|TONIC,III/71,0,,,N,Y,Y,N,N,not_selected,candidate_unverified,CosIng 기능은 후보 선별 신호일 뿐 논문 근거나 점수 승인 아님,https://single-market-economy.ec.europa.eu/sectors/cosmetics/cosmetic-ingredient-database_en,2026-07-12
aloe_barbadensis_leaf_extract,알로에베라잎추출물,Aloe Barbadensis Leaf Extract,1804,1804,,,exact_name,ALOE BARBADENSIS LEAF EXTRACT,HUMECTANT|ORAL CARE|SKIN CONDITIONING|SKIN CONDITIONING - EMOLLIENT,,0,effect_moisture_barrier,effect_moisture_barrier:high:HUMECTANT,Y,Y,N,N,N,P1_initial_evidence,candidate_unverified,CosIng 기능은 후보 선별 신호일 뿐 논문 근거나 점수 승인 아님,https://single-market-economy.ec.europa.eu/sectors/cosmetics/cosmetic-ingredient-database_en,2026-07-12
pha,PHA,Polyhydroxy Acids,1801,1801,effect_calming|effect_exfoliation|effect_moisture_barrier|effect_wrinkle,,not_matched,,,,0,effect_calming|effect_exfoliation|effect_moisture_barrier|effect_wrinkle,effect_calming:current_runtime|effect_exfoliation:current_runtime|effect_moisture_barrier:current_runtime|effect_wrinkle:current_runtime,Y,N,N,N,N,current_runtime,existing_runtime,CosIng 기능은 후보 선별 신호일 뿐 논문 근거나 점수 승인 아님,,
prunus_amygdalus_dulcis_sweet_almond_oil,스위트아몬드오일,Prunus Amygdalus Dulcis (Sweet Almond) Oil,1788,1788,,,official_name_variant,PRUNUS AMYGDALUS DULCIS OIL,SKIN CONDITIONING,,0,,,N,N,N,Y,N,not_selected,candidate_unverified,CosIng 기능은 후보 선별 신호일 뿐 논문 근거나 점수 승인 아님,https://single-market-economy.ec.europa.eu/sectors/cosmetics/cosmetic-ingredient-database_en,2026-07-12
alanine,알라닌,Alanine,1784,1784,,,exact_name,ALANINE,ANTISTATIC|FRAGRANCE|HAIR CONDITIONING|SKIN CONDITIONING,,0,,,N,Y,N,N,N,not_selected,candidate_unverified,CosIng 기능은 후보 선별 신호일 뿐 논문 근거나 점수 승인 아님,https://single-market-economy.ec.europa.eu/sectors/cosmetics/cosmetic-ingredient-database_en,2026-07-12
cellulose_gum,셀룰로오스검,Cellulose Gum,1762,1753,,,exact_name,CELLULOSE GUM,BINDING|EMULSION STABILISING|FILM FORMING|FRAGRANCE|VISCOSITY CONTROLLING,,0,,,N,Y,N,N,N,not_selected,candidate_unverified,CosIng 기능은 후보 선별 신호일 뿐 논문 근거나 점수 승인 아님,https://single-market-economy.ec.europa.eu/sectors/cosmetics/cosmetic-ingredient-database_en,2026-07-12
jojoba_esters,호호바에스터,Jojoba Esters,1743,1743,,,exact_name,JOJOBA ESTERS,MOISTURISING|SKIN CONDITIONING|SKIN CONDITIONING - EMOLLIENT|SOOTHING,,0,effect_calming|effect_moisture_barrier,effect_calming:high:SOOTHING|effect_moisture_barrier:high:MOISTURISING,Y,N,N,N,N,P1_initial_evidence,candidate_unverified,CosIng 기능은 후보 선별 신호일 뿐 논문 근거나 점수 승인 아님,https://single-market-economy.ec.europa.eu/sectors/cosmetics/cosmetic-ingredient-database_en,2026-07-12
polysilicone_11,폴리실리콘-11,Polysilicone-11,1732,1732,,,exact_name,POLYSILICONE-11,FILM FORMING,,0,,,N,Y,N,N,N,not_selected,candidate_unverified,CosIng 기능은 후보 선별 신호일 뿐 논문 근거나 점수 승인 아님,https://single-market-economy.ec.europa.eu/sectors/cosmetics/cosmetic-ingredient-database_en,2026-07-12
isohexadecane,아이소헥사데칸,Isohexadecane,1711,1711,,,exact_name,ISOHEXADECANE,SKIN CONDITIONING - EMOLLIENT|SOLVENT,,0,effect_moisture_barrier,effect_moisture_barrier:medium:SKIN CONDITIONING - EMOLLIENT,Y,Y,N,N,N,P2_initial_evidence,candidate_unverified,CosIng 기능은 후보 선별 신호일 뿐 논문 근거나 점수 승인 아님,https://single-market-economy.ec.europa.eu/sectors/cosmetics/cosmetic-ingredient-database_en,2026-07-12
lavandula_angustifolia_lavender_oil,라벤더오일,Lavandula Angustifolia (Lavender) Oil,1710,1710,,,official_name_variant,LAVANDULA ANGUSTIFOLIA OIL,FRAGRANCE|TONIC,III/360,0,,,N,Y,Y,N,N,not_selected,candidate_unverified,CosIng 기능은 후보 선별 신호일 뿐 논문 근거나 점수 승인 아님,https://single-market-economy.ec.europa.eu/sectors/cosmetics/cosmetic-ingredient-database_en,2026-07-12
amodimethicone,아모다이메티콘,Amodimethicone,1682,1682,,,exact_name,AMODIMETHICONE,ANTISTATIC|HAIR CONDITIONING,,0,,,N,Y,N,N,N,not_selected,candidate_unverified,CosIng 기능은 후보 선별 신호일 뿐 논문 근거나 점수 승인 아님,https://single-market-economy.ec.europa.eu/sectors/cosmetics/cosmetic-ingredient-database_en,2026-07-12
centella_asiatica,센텔라/병풀,Centella Asiatica Extracts,1681,1681,effect_calming|effect_moisture_barrier|effect_wrinkle,,not_matched,,,,0,effect_calming|effect_moisture_barrier|effect_wrinkle,effect_calming:current_runtime|effect_moisture_barrier:current_runtime|effect_wrinkle:current_runtime,Y,N,N,N,N,current_runtime,existing_runtime,CosIng 기능은 후보 선별 신호일 뿐 논문 근거나 점수 승인 아님,,
dicaprylyl_carbonate,다이카프릴릴카보네이트,Dicaprylyl Carbonate,1678,1678,,,exact_name,DICAPRYLYL CARBONATE,SKIN CONDITIONING|SKIN CONDITIONING - EMOLLIENT,,0,effect_moisture_barrier,effect_moisture_barrier:medium:SKIN CONDITIONING - EMOLLIENT,Y,N,N,N,N,P2_initial_evidence,candidate_unverified,CosIng 기능은 후보 선별 신호일 뿐 논문 근거나 점수 승인 아님,https://single-market-economy.ec.europa.eu/sectors/cosmetics/cosmetic-ingredient-database_en,2026-07-12
aspartic_acid,아스파틱애씨드,Aspartic Acid,1670,1670,,,exact_name,ASPARTIC ACID,ANTISTATIC|FRAGRANCE|HAIR CONDITIONING|SKIN CONDITIONING,,0,,,N,Y,N,N,N,not_selected,candidate_unverified,CosIng 기능은 후보 선별 신호일 뿐 논문 근거나 점수 승인 아님,https://single-market-economy.ec.europa.eu/sectors/cosmetics/cosmetic-ingredient-database_en,2026-07-12
cetyl_ethylhexanoate,세틸에틸헥사노에이트,Cetyl Ethylhexanoate,1663,1651,,,exact_name,CETYL ETHYLHEXANOATE,SKIN CONDITIONING - EMOLLIENT,,0,effect_moisture_barrier,effect_moisture_barrier:medium:SKIN CONDITIONING - EMOLLIENT,Y,N,N,N,N,P2_initial_evidence,candidate_unverified,CosIng 기능은 후보 선별 신호일 뿐 논문 근거나 점수 승인 아님,https://single-market-economy.ec.europa.eu/sectors/cosmetics/cosmetic-ingredient-database_en,2026-07-12
polyglyceryl_2_triisostearate,폴리글리세릴-2트라이아이소스테아레이트,Polyglyceryl-2 Triisostearate,1653,1650,,,exact_name,POLYGLYCERYL-2 TRIISOSTEARATE,SURFACTANT - EMULSIFYING,,0,,,N,Y,N,N,N,not_selected,candidate_unverified,CosIng 기능은 후보 선별 신호일 뿐 논문 근거나 점수 승인 아님,https://single-market-economy.ec.europa.eu/sectors/cosmetics/cosmetic-ingredient-database_en,2026-07-12
phenylalanine,페닐알라닌,Phenylalanine,1634,1634,,,exact_name,PHENYLALANINE,FRAGRANCE|HAIR CONDITIONING|SKIN CONDITIONING,,0,,,N,Y,N,N,N,not_selected,candidate_unverified,CosIng 기능은 후보 선별 신호일 뿐 논문 근거나 점수 승인 아님,https://single-market-economy.ec.europa.eu/sectors/cosmetics/cosmetic-ingredient-database_en,2026-07-12
iron_oxide_red,적색산화철,Iron Oxide Red,1633,1633,,,not_matched,,,,0,,,N,N,N,Y,Y,not_selected,candidate_unverified,CosIng 기능은 후보 선별 신호일 뿐 논문 근거나 점수 승인 아님,,
sorbitan_sesquioleate,솔비탄세스퀴올리에이트,Sorbitan Sesquioleate,1626,1624,,,exact_name,SORBITAN SESQUIOLEATE,SURFACTANT - EMULSIFYING,,0,,,N,Y,N,N,N,not_selected,candidate_unverified,CosIng 기능은 후보 선별 신호일 뿐 논문 근거나 점수 승인 아님,https://single-market-economy.ec.europa.eu/sectors/cosmetics/cosmetic-ingredient-database_en,2026-07-12
ricinus_communis_castor_seed_oil,피마자씨오일,Ricinus Communis (Castor) Seed Oil,1619,1619,,,official_name_variant,RICINUS COMMUNIS SEED OIL,FRAGRANCE|PERFUMING|SKIN CONDITIONING,,0,,,N,Y,N,N,N,not_selected,candidate_unverified,CosIng 기능은 후보 선별 신호일 뿐 논문 근거나 점수 승인 아님,https://single-market-economy.ec.europa.eu/sectors/cosmetics/cosmetic-ingredient-database_en,2026-07-12
asiaticoside,아시아티코사이드,Asiaticoside,1602,1602,,,exact_name,ASIATICOSIDE,ANTIOXIDANT|PERFUMING|SKIN CONDITIONING,,0,,,N,Y,N,N,N,not_selected,candidate_unverified,CosIng 기능은 후보 선별 신호일 뿐 논문 근거나 점수 승인 아님,https://single-market-economy.ec.europa.eu/sectors/cosmetics/cosmetic-ingredient-database_en,2026-07-12
disodium_stearoyl_glutamate,다이소듐스테아로일글루타메이트,Disodium Stearoyl Glutamate,1601,1601,,,exact_name,DISODIUM STEAROYL GLUTAMATE,CLEANSING|HAIR CONDITIONING|SKIN CONDITIONING|SURFACTANT - CLEANSING,,0,,,N,Y,N,N,N,not_selected,candidate_unverified,CosIng 기능은 후보 선별 신호일 뿐 논문 근거나 점수 승인 아님,https://single-market-economy.ec.europa.eu/sectors/cosmetics/cosmetic-ingredient-database_en,2026-07-12
menthol,멘톨,Menthol,1596,1596,,,exact_name,MENTHOL,DENATURANT|FRAGRANCE|REFRESHING|SOOTHING,III/338,0,effect_calming,effect_calming:high:SOOTHING,Y,Y,Y,N,N,P1_initial_evidence,candidate_unverified,CosIng 기능은 후보 선별 신호일 뿐 논문 근거나 점수 승인 아님,https://single-market-economy.ec.europa.eu/sectors/cosmetics/cosmetic-ingredient-database_en,2026-07-12
polyquaternium_7,폴리쿼터늄-7,Polyquaternium-7,1589,1589,,,exact_name,POLYQUATERNIUM-7,ANTISTATIC|FILM FORMING,III/66,0,,,N,Y,Y,N,N,not_selected,candidate_unverified,CosIng 기능은 후보 선별 신호일 뿐 논문 근거나 점수 승인 아님,https://single-market-economy.ec.europa.eu/sectors/cosmetics/cosmetic-ingredient-database_en,2026-07-12
histidine,히스티딘,Histidine,1585,1585,,,exact_name,HISTIDINE,ANTISTATIC|HUMECTANT|SKIN CONDITIONING,,0,effect_moisture_barrier,effect_moisture_barrier:high:HUMECTANT,Y,Y,N,N,N,P1_initial_evidence,candidate_unverified,CosIng 기능은 후보 선별 신호일 뿐 논문 근거나 점수 승인 아님,https://single-market-economy.ec.europa.eu/sectors/cosmetics/cosmetic-ingredient-database_en,2026-07-12
polyacrylate_crosspolymer_6,폴리아크릴레이트크로스폴리머-6,Polyacrylate Crosspolymer-6,1583,1582,,,exact_name,POLYACRYLATE CROSSPOLYMER-6,EMULSION STABILISING|VISCOSITY CONTROLLING,,0,,,N,Y,N,N,N,not_selected,candidate_unverified,CosIng 기능은 후보 선별 신호일 뿐 논문 근거나 점수 승인 아님,https://single-market-economy.ec.europa.eu/sectors/cosmetics/cosmetic-ingredient-database_en,2026-07-12
polyglyceryl_4_isostearate,폴리글리세릴-4아이소스테아레이트,Polyglyceryl-4 Isostearate,1582,1582,,,exact_name,POLYGLYCERYL-4 ISOSTEARATE,SURFACTANT - EMULSIFYING,,0,,,N,Y,N,N,N,not_selected,candidate_unverified,CosIng 기능은 후보 선별 신호일 뿐 논문 근거나 점수 승인 아님,https://single-market-economy.ec.europa.eu/sectors/cosmetics/cosmetic-ingredient-database_en,2026-07-12
valine,발린,Valine,1579,1579,,,exact_name,VALINE,ANTISTATIC|FRAGRANCE|HAIR CONDITIONING|SKIN CONDITIONING,,0,,,N,Y,N,N,N,not_selected,candidate_unverified,CosIng 기능은 후보 선별 신호일 뿐 논문 근거나 점수 승인 아님,https://single-market-economy.ec.europa.eu/sectors/cosmetics/cosmetic-ingredient-database_en,2026-07-12
linalyl_acetate,리날릴아세테이트,Linalyl Acetate,1556,1556,,,exact_name,LINALYL ACETATE,FRAGRANCE,III/337,0,,,N,Y,Y,N,N,not_selected,candidate_unverified,CosIng 기능은 후보 선별 신호일 뿐 논문 근거나 점수 승인 아님,https://single-market-economy.ec.europa.eu/sectors/cosmetics/cosmetic-ingredient-database_en,2026-07-12
glycine_soja_soybean_oil,돌콩오일,Glycine Soja (Soybean) Oil,1553,1553,,,official_name_variant,GLYCINE SOJA OIL,PERFUMING|SKIN CONDITIONING|SKIN CONDITIONING - EMOLLIENT,,0,effect_moisture_barrier,effect_moisture_barrier:medium:SKIN CONDITIONING - EMOLLIENT,Y,Y,N,N,N,P2_initial_evidence,candidate_unverified,CosIng 기능은 후보 선별 신호일 뿐 논문 근거나 점수 승인 아님,https://single-market-economy.ec.europa.eu/sectors/cosmetics/cosmetic-ingredient-database_en,2026-07-12
cyclohexasiloxane,사이클로헥사실록세인,Cyclohexasiloxane,1549,1546,,,exact_name,CYCLOHEXASILOXANE,HAIR CONDITIONING|SKIN CONDITIONING - EMOLLIENT|SOLVENT,"Restricted under COMMISSION REGULATION (EU) 2024/1328.
1. Shall not be placed on the market
(a) as a substance on its own;
(b) as a constituent of other substances; or
(c) in mixtures; in a concentration equal to or greater than 0,1 % by weight of the respective substance after 6 June 2026. 
[...] 
3. By way of derogation: 
(a) for D4 and D5 in wash-off cosmetic products, paragraph 1, point (c), shall apply after 31 January 2020. For the purposes of this point, “wash-off cosmetic products” means cosmetic products as defined in Article 2(1), point (a), of Regulation (EC) No 1223/2009 of the European Parliament and of the Council (*1) that, under normal conditions of use, are washed off with water after application;
(b) for all cosmetic products other than the ones mentioned in paragraph 3(a), paragraph 1 shall apply after 6 June 2027.",0,effect_moisture_barrier,effect_moisture_barrier:medium:SKIN CONDITIONING - EMOLLIENT,Y,Y,Y,N,N,P2_initial_evidence,candidate_unverified,CosIng 기능은 후보 선별 신호일 뿐 논문 근거나 점수 승인 아님,https://single-market-economy.ec.europa.eu/sectors/cosmetics/cosmetic-ingredient-database_en,2026-07-12
hydrolyzed_collagen,하이드롤라이즈드콜라겐,Hydrolyzed Collagen,1544,1544,,,exact_name,HYDROLYZED COLLAGEN,ANTISTATIC|FILM FORMING|HAIR CONDITIONING|HUMECTANT|SKIN CONDITIONING|SKIN CONDITIONING - EMOLLIENT,,0,effect_moisture_barrier,effect_moisture_barrier:high:HUMECTANT,Y,Y,N,N,N,P1_initial_evidence,candidate_unverified,CosIng 기능은 후보 선별 신호일 뿐 논문 근거나 점수 승인 아님,https://single-market-economy.ec.europa.eu/sectors/cosmetics/cosmetic-ingredient-database_en,2026-07-12
vinyl_dimethicone_methicone_silsesquioxane_crosspolymer,비닐다이메티콘/메티콘실세스퀴옥세인크로스폴리머,Vinyl Dimethicone/Methicone Silsesquioxane Crosspolymer,1532,1529,,,exact_name,VINYL DIMETHICONE/METHICONE SILSESQUIOXANE CROSSPOLYMER,VISCOSITY CONTROLLING,,0,,,N,Y,N,N,N,not_selected,candidate_unverified,CosIng 기능은 후보 선별 신호일 뿐 논문 근거나 점수 승인 아님,https://single-market-economy.ec.europa.eu/sectors/cosmetics/cosmetic-ingredient-database_en,2026-07-12
sucrose,수크로오스,Sucrose,1524,1520,,,exact_name,SUCROSE,HUMECTANT|SKIN CONDITIONING|SOOTHING,,0,effect_calming|effect_moisture_barrier,effect_calming:high:SOOTHING|effect_moisture_barrier:high:HUMECTANT,Y,N,N,N,N,P1_initial_evidence,candidate_unverified,CosIng 기능은 후보 선별 신호일 뿐 논문 근거나 점수 승인 아님,https://single-market-economy.ec.europa.eu/sectors/cosmetics/cosmetic-ingredient-database_en,2026-07-12
ethylhexyl_methoxycinnamate,에칠헥실메톡시신나메이트,Ethylhexyl Methoxycinnamate,1521,1519,,,exact_name,ETHYLHEXYL METHOXYCINNAMATE,LIGHT STABILIZER|UV ABSORBER|UV FILTER,VI/12,0,,,N,Y,Y,N,N,not_selected,candidate_unverified,CosIng 기능은 후보 선별 신호일 뿐 논문 근거나 점수 승인 아님,https://single-market-economy.ec.europa.eu/sectors/cosmetics/cosmetic-ingredient-database_en,2026-07-12
potassium_cetyl_phosphate,포타슘세틸포스페이트,Potassium Cetyl Phosphate,1517,1517,,,exact_name,POTASSIUM CETYL PHOSPHATE,SURFACTANT - CLEANSING|SURFACTANT - EMULSIFYING,,0,,,N,Y,N,N,N,not_selected,candidate_unverified,CosIng 기능은 후보 선별 신호일 뿐 논문 근거나 점수 승인 아님,https://single-market-economy.ec.europa.eu/sectors/cosmetics/cosmetic-ingredient-database_en,2026-07-12
sorbitan_oleate,솔비탄올리에이트,Sorbitan Oleate,1507,1507,,,exact_name,SORBITAN OLEATE,SURFACTANT - EMULSIFYING,,0,,,N,Y,N,N,N,not_selected,candidate_unverified,CosIng 기능은 후보 선별 신호일 뿐 논문 근거나 점수 승인 아님,https://single-market-economy.ec.europa.eu/sectors/cosmetics/cosmetic-ingredient-database_en,2026-07-12
glyceryl_stearate_se,글리세릴스테아레이트에스이,Glyceryl Stearate SE,1500,1500,,,exact_name,GLYCERYL STEARATE SE,SURFACTANT - EMULSIFYING,,0,,,N,Y,N,N,N,not_selected,candidate_unverified,CosIng 기능은 후보 선별 신호일 뿐 논문 근거나 점수 승인 아님,https://single-market-economy.ec.europa.eu/sectors/cosmetics/cosmetic-ingredient-database_en,2026-07-12
methyl_methacrylate_crosspolymer,메틸메타크릴레이트크로스폴리머,Methyl Methacrylate Crosspolymer,1486,1479,,,exact_name,METHYL METHACRYLATE CROSSPOLYMER,FILM FORMING,,0,,,N,Y,N,N,N,not_selected,candidate_unverified,CosIng 기능은 후보 선별 신호일 뿐 논문 근거나 점수 승인 아님,https://single-market-economy.ec.europa.eu/sectors/cosmetics/cosmetic-ingredient-database_en,2026-07-12
methyl_trimethicone,메틸트라이메티콘,Methyl Trimethicone,1482,1473,,,exact_name,METHYL TRIMETHICONE,HAIR CONDITIONING|SKIN CONDITIONING - MISCELLANEOUS|SOLVENT,,0,,,N,Y,N,N,N,not_selected,candidate_unverified,CosIng 기능은 후보 선별 신호일 뿐 논문 근거나 점수 승인 아님,https://single-market-economy.ec.europa.eu/sectors/cosmetics/cosmetic-ingredient-database_en,2026-07-12
butyloctyl_salicylate,부틸옥틸살리실레이트,Butyloctyl Salicylate,1477,1471,,,exact_name,BUTYLOCTYL SALICYLATE,HAIR CONDITIONING|SKIN CONDITIONING|SOLVENT,,0,,,N,Y,N,N,N,not_selected,candidate_unverified,CosIng 기능은 후보 선별 신호일 뿐 논문 근거나 점수 승인 아님,https://single-market-economy.ec.europa.eu/sectors/cosmetics/cosmetic-ingredient-database_en,2026-07-12
iron_oxide_yellow,황색산화철,Iron Oxide Yellow,1463,1463,,,not_matched,,,,0,,,N,N,N,Y,Y,not_selected,candidate_unverified,CosIng 기능은 후보 선별 신호일 뿐 논문 근거나 점수 승인 아님,,
citrus_aurantium_dulcis_orange_peel_oil,오렌지껍질오일,Citrus Aurantium Dulcis (Orange) Peel Oil,1461,1458,,,official_name_variant,CITRUS AURANTIUM DULCIS PEEL OIL,FRAGRANCE|SKIN CONDITIONING,III/351,0,,,N,Y,Y,N,N,not_selected,candidate_unverified,CosIng 기능은 후보 선별 신호일 뿐 논문 근거나 점수 승인 아님,https://single-market-economy.ec.europa.eu/sectors/cosmetics/cosmetic-ingredient-database_en,2026-07-12
bis_diglyceryl_polyacyladipate_2,비스-다이글리세릴폴리아실아디페이트-2,Bis-Diglyceryl Polyacyladipate-2,1452,1449,,,exact_name,BIS-DIGLYCERYL POLYACYLADIPATE-2,SKIN CONDITIONING|SKIN CONDITIONING - EMOLLIENT,,0,effect_moisture_barrier,effect_moisture_barrier:medium:SKIN CONDITIONING - EMOLLIENT,Y,N,N,N,N,P2_initial_evidence,candidate_unverified,CosIng 기능은 후보 선별 신호일 뿐 논문 근거나 점수 승인 아님,https://single-market-economy.ec.europa.eu/sectors/cosmetics/cosmetic-ingredient-database_en,2026-07-12
alcohol_denat,변성알코올,Alcohol Denat.,1444,1444,,,exact_name,ALCOHOL DENAT.,ANTIFOAMING|ANTIMICROBIAL|ASTRINGENT|FRAGRANCE|SOLVENT|VISCOSITY CONTROLLING,,0,,,N,Y,N,N,N,not_selected,candidate_unverified,CosIng 기능은 후보 선별 신호일 뿐 논문 근거나 점수 승인 아님,https://single-market-economy.ec.europa.eu/sectors/cosmetics/cosmetic-ingredient-database_en,2026-07-12
aminomethyl_propanol,아미노메틸프로판올,Aminomethyl Propanol,1439,1439,,,exact_name,AMINOMETHYL PROPANOL,BUFFERING,III/61,0,,,N,Y,Y,N,N,not_selected,candidate_unverified,CosIng 기능은 후보 선별 신호일 뿐 논문 근거나 점수 승인 아님,https://single-market-economy.ec.europa.eu/sectors/cosmetics/cosmetic-ingredient-database_en,2026-07-12
sodium_hyaluronate_crosspolymer,소듐하이알루로네이트크로스폴리머,Sodium Hyaluronate Crosspolymer,1437,1437,,,exact_name,SODIUM HYALURONATE CROSSPOLYMER,HUMECTANT|SKIN CONDITIONING,,0,effect_moisture_barrier,effect_moisture_barrier:high:HUMECTANT,Y,N,N,N,N,P1_initial_evidence,candidate_unverified,CosIng 기능은 후보 선별 신호일 뿐 논문 근거나 점수 승인 아님,https://single-market-economy.ec.europa.eu/sectors/cosmetics/cosmetic-ingredient-database_en,2026-07-12
isoleucine,아이소류신,Isoleucine,1424,1424,,,exact_name,ISOLEUCINE,ANTISTATIC|HAIR CONDITIONING|SKIN CONDITIONING,,0,,,N,Y,N,N,N,not_selected,candidate_unverified,CosIng 기능은 후보 선별 신호일 뿐 논문 근거나 점수 승인 아님,https://single-market-economy.ec.europa.eu/sectors/cosmetics/cosmetic-ingredient-database_en,2026-07-12
iron_oxide_black,흑색산화철,Iron Oxide Black,1413,1413,,,not_matched,,,,0,,,N,N,N,Y,Y,not_selected,candidate_unverified,CosIng 기능은 후보 선별 신호일 뿐 논문 근거나 점수 승인 아님,,
boron_nitride,보론나이트라이드,Boron Nitride,1410,1410,,,exact_name,BORON NITRIDE,BULKING|SLIP MODIFIER,,0,,,N,Y,N,N,N,not_selected,candidate_unverified,CosIng 기능은 후보 선별 신호일 뿐 논문 근거나 점수 승인 아님,https://single-market-economy.ec.europa.eu/sectors/cosmetics/cosmetic-ingredient-database_en,2026-07-12
disodium_phosphate,다이소듐포스페이트,Disodium Phosphate,1391,1391,,,exact_name,DISODIUM PHOSPHATE,ANTICORROSIVE|BUFFERING|FRAGRANCE,,0,,,N,Y,N,N,N,not_selected,candidate_unverified,CosIng 기능은 후보 선별 신호일 뿐 논문 근거나 점수 승인 아님,https://single-market-economy.ec.europa.eu/sectors/cosmetics/cosmetic-ingredient-database_en,2026-07-12
ethylhexyl_salicylate,에칠헥실살리실레이트,Ethylhexyl Salicylate,1389,1385,,,exact_name,ETHYLHEXYL SALICYLATE,LIGHT STABILIZER|UV ABSORBER|UV FILTER,VI/20,0,,,N,Y,Y,N,N,not_selected,candidate_unverified,CosIng 기능은 후보 선별 신호일 뿐 논문 근거나 점수 승인 아님,https://single-market-economy.ec.europa.eu/sectors/cosmetics/cosmetic-ingredient-database_en,2026-07-12
hydrogenated_polydecene,하이드로제네이티드폴리데센,Hydrogenated Polydecene,1385,1378,,,exact_name,HYDROGENATED POLYDECENE,FRAGRANCE|HAIR CONDITIONING|PERFUMING|SKIN CONDITIONING|SKIN CONDITIONING - EMOLLIENT|SOLVENT,,0,effect_moisture_barrier,effect_moisture_barrier:medium:SKIN CONDITIONING - EMOLLIENT,Y,Y,N,N,N,P2_initial_evidence,candidate_unverified,CosIng 기능은 후보 선별 신호일 뿐 논문 근거나 점수 승인 아님,https://single-market-economy.ec.europa.eu/sectors/cosmetics/cosmetic-ingredient-database_en,2026-07-12
sodium_cocoyl_isethionate,소듐코코일이세티오네이트,Sodium Cocoyl Isethionate,1381,1375,,,exact_name,SODIUM COCOYL ISETHIONATE,CLEANSING|HAIR CONDITIONING|SURFACTANT - CLEANSING,,0,,,N,Y,N,N,N,not_selected,candidate_unverified,CosIng 기능은 후보 선별 신호일 뿐 논문 근거나 점수 승인 아님,https://single-market-economy.ec.europa.eu/sectors/cosmetics/cosmetic-ingredient-database_en,2026-07-12
sodium_acetylated_hyaluronate,소듐아세틸레이티드하이알루로네이트,Sodium Acetylated Hyaluronate,1371,1371,,,exact_name,SODIUM ACETYLATED HYALURONATE,HUMECTANT,,0,effect_moisture_barrier,effect_moisture_barrier:high:HUMECTANT,Y,N,N,N,N,P1_initial_evidence,candidate_unverified,CosIng 기능은 후보 선별 신호일 뿐 논문 근거나 점수 승인 아님,https://single-market-economy.ec.europa.eu/sectors/cosmetics/cosmetic-ingredient-database_en,2026-07-12
melia_azadirachta_leaf_extract,인도멀구슬나무잎추출물,Melia Azadirachta Leaf Extract,1372,1369,,,exact_name,MELIA AZADIRACHTA LEAF EXTRACT,SKIN CONDITIONING,,0,,,N,N,N,Y,N,not_selected,candidate_unverified,CosIng 기능은 후보 선별 신호일 뿐 논문 근거나 점수 승인 아님,https://single-market-economy.ec.europa.eu/sectors/cosmetics/cosmetic-ingredient-database_en,2026-07-12
silica_dimethyl_silylate,실리카다이메틸실릴레이트,Silica Dimethyl Silylate,1363,1363,,,exact_name,SILICA DIMETHYL SILYLATE,ANTICAKING|ANTIFOAMING|EMULSION STABILISING|SKIN CONDITIONING - EMOLLIENT|VISCOSITY CONTROLLING,,2,effect_moisture_barrier,effect_moisture_barrier:medium:SKIN CONDITIONING - EMOLLIENT,Y,Y,Y,N,N,P2_initial_evidence,candidate_unverified,CosIng 기능은 후보 선별 신호일 뿐 논문 근거나 점수 승인 아님,https://single-market-economy.ec.europa.eu/sectors/cosmetics/cosmetic-ingredient-database_en,2026-07-12
polyisobutene,폴리아이소부텐,Polyisobutene,1355,1354,,,exact_name,POLYISOBUTENE,BINDING|FILM FORMING|VISCOSITY CONTROLLING,,0,,,N,Y,N,N,N,not_selected,candidate_unverified,CosIng 기능은 후보 선별 신호일 뿐 논문 근거나 점수 승인 아님,https://single-market-economy.ec.europa.eu/sectors/cosmetics/cosmetic-ingredient-database_en,2026-07-12
glutamic_acid,글루타믹애씨드,Glutamic Acid,1350,1350,,,exact_name,GLUTAMIC ACID,ANTISTATIC|HAIR CONDITIONING|HUMECTANT,,0,effect_moisture_barrier,effect_moisture_barrier:high:HUMECTANT,Y,Y,N,N,N,P1_initial_evidence,candidate_unverified,CosIng 기능은 후보 선별 신호일 뿐 논문 근거나 점수 승인 아님,https://single-market-economy.ec.europa.eu/sectors/cosmetics/cosmetic-ingredient-database_en,2026-07-12
sodium_gluconate,소듐글루코네이트,Sodium Gluconate,1347,1347,,,exact_name,SODIUM GLUCONATE,CHELATING|SKIN CONDITIONING,,0,,,N,Y,N,N,N,not_selected,candidate_unverified,CosIng 기능은 후보 선별 신호일 뿐 논문 근거나 점수 승인 아님,https://single-market-economy.ec.europa.eu/sectors/cosmetics/cosmetic-ingredient-database_en,2026-07-12
glycol_distearate,글라이콜다이스테아레이트,Glycol Distearate,1344,1344,,,exact_name,GLYCOL DISTEARATE,OPACIFYING|SKIN CONDITIONING|SKIN CONDITIONING - EMOLLIENT|SURFACTANT - EMULSIFYING|VISCOSITY CONTROLLING,,0,effect_moisture_barrier,effect_moisture_barrier:medium:SKIN CONDITIONING - EMOLLIENT,Y,Y,N,N,N,P2_initial_evidence,candidate_unverified,CosIng 기능은 후보 선별 신호일 뿐 논문 근거나 점수 승인 아님,https://single-market-economy.ec.europa.eu/sectors/cosmetics/cosmetic-ingredient-database_en,2026-07-12
curcuma_longa_turmeric_root_extract,울금뿌리추출물,Curcuma Longa (Turmeric) Root Extract,1341,1341,,,official_name_variant,CURCUMA LONGA ROOT EXTRACT,FRAGRANCE|PERFUMING,,0,,,N,Y,N,N,N,not_selected,candidate_unverified,CosIng 기능은 후보 선별 신호일 뿐 논문 근거나 점수 승인 아님,https://single-market-economy.ec.europa.eu/sectors/cosmetics/cosmetic-ingredient-database_en,2026-07-12
tetramethyl_acetyloctahydronaphthalenes,테트라메틸아세틸옥타하이드로나프탈렌,Tetramethyl Acetyloctahydronaphthalenes,1336,1336,,,exact_name,TETRAMETHYL ACETYLOCTAHYDRONAPHTHALENES,FRAGRANCE|PERFUMING|SKIN CONDITIONING - MISCELLANEOUS,III/344,0,,,N,Y,Y,N,N,not_selected,candidate_unverified,CosIng 기능은 후보 선별 신호일 뿐 논문 근거나 점수 승인 아님,https://single-market-economy.ec.europa.eu/sectors/cosmetics/cosmetic-ingredient-database_en,2026-07-12
citrus_aurantium_bergamia_bergamot_fruit_oil,베르가모트오일,Citrus Aurantium Bergamia (Bergamot) Fruit Oil,1328,1327,,,official_name_variant,CITRUS AURANTIUM BERGAMIA FRUIT OIL,FRAGRANCE|PERFUMING,,0,,,N,Y,N,N,N,not_selected,candidate_unverified,CosIng 기능은 후보 선별 신호일 뿐 논문 근거나 점수 승인 아님,https://single-market-economy.ec.europa.eu/sectors/cosmetics/cosmetic-ingredient-database_en,2026-07-12
isostearic_acid,아이소스테아릭애씨드,Isostearic Acid,1327,1327,,,exact_name,ISOSTEARIC ACID,BINDING|CLEANSING|SURFACTANT - CLEANSING|SURFACTANT - EMULSIFYING,,0,,,N,Y,N,N,N,not_selected,candidate_unverified,CosIng 기능은 후보 선별 신호일 뿐 논문 근거나 점수 승인 아님,https://single-market-economy.ec.europa.eu/sectors/cosmetics/cosmetic-ingredient-database_en,2026-07-12
polyglyceryl_3_diisostearate,폴리글리세릴-3다이아이소스테아레이트,Polyglyceryl-3 Diisostearate,1322,1322,,,exact_name,POLYGLYCERYL-3 DIISOSTEARATE,SURFACTANT - EMULSIFYING,,0,,,N,Y,N,N,N,not_selected,candidate_unverified,CosIng 기능은 후보 선별 신호일 뿐 논문 근거나 점수 승인 아님,https://single-market-economy.ec.europa.eu/sectors/cosmetics/cosmetic-ingredient-database_en,2026-07-12
pvp,피브이피,PVP,1279,1279,,,exact_name,PVP,ANTISTATIC|BINDING|EMULSION STABILISING|FILM FORMING|HAIR FIXING|VISCOSITY CONTROLLING,,0,,,N,Y,N,N,N,not_selected,candidate_unverified,CosIng 기능은 후보 선별 신호일 뿐 논문 근거나 점수 승인 아님,https://single-market-economy.ec.europa.eu/sectors/cosmetics/cosmetic-ingredient-database_en,2026-07-12
vitis_vinifera_grape_seed_oil,포도씨오일,Vitis Vinifera (Grape) Seed Oil,1277,1277,,,official_name_variant,VITIS VINIFERA SEED OIL,SKIN CONDITIONING|SKIN CONDITIONING - EMOLLIENT,,0,effect_moisture_barrier,effect_moisture_barrier:medium:SKIN CONDITIONING - EMOLLIENT,Y,N,N,N,N,P2_initial_evidence,candidate_unverified,CosIng 기능은 후보 선별 신호일 뿐 논문 근거나 점수 승인 아님,https://single-market-economy.ec.europa.eu/sectors/cosmetics/cosmetic-ingredient-database_en,2026-07-12
lysine,라이신,Lysine,1275,1273,,,exact_name,LYSINE,ANTISTATIC|HAIR CONDITIONING|SKIN CONDITIONING,,0,,,N,Y,N,N,N,not_selected,candidate_unverified,CosIng 기능은 후보 선별 신호일 뿐 논문 근거나 점수 승인 아님,https://single-market-economy.ec.europa.eu/sectors/cosmetics/cosmetic-ingredient-database_en,2026-07-12
polyethylene,폴리에틸렌,Polyethylene,1270,1270,,,exact_name,POLYETHYLENE,ABRASIVE|FILM FORMING|VISCOSITY CONTROLLING,,0,,,N,Y,N,N,N,not_selected,candidate_unverified,CosIng 기능은 후보 선별 신호일 뿐 논문 근거나 점수 승인 아님,https://single-market-economy.ec.europa.eu/sectors/cosmetics/cosmetic-ingredient-database_en,2026-07-12
tribehenin,트라이베헤닌,Tribehenin,1255,1255,,,exact_name,TRIBEHENIN,SKIN CONDITIONING|SKIN CONDITIONING - EMOLLIENT,,0,effect_moisture_barrier,effect_moisture_barrier:medium:SKIN CONDITIONING - EMOLLIENT,Y,N,N,N,N,P2_initial_evidence,candidate_unverified,CosIng 기능은 후보 선별 신호일 뿐 논문 근거나 점수 승인 아님,https://single-market-economy.ec.europa.eu/sectors/cosmetics/cosmetic-ingredient-database_en,2026-07-12
triethylhexanoin,트라이에틸헥사노인,Triethylhexanoin,1250,1247,,,exact_name,TRIETHYLHEXANOIN,FRAGRANCE|HAIR CONDITIONING|PERFUMING|SKIN CONDITIONING,,0,,,N,Y,N,N,N,not_selected,candidate_unverified,CosIng 기능은 후보 선별 신호일 뿐 논문 근거나 점수 승인 아님,https://single-market-economy.ec.europa.eu/sectors/cosmetics/cosmetic-ingredient-database_en,2026-07-12
rosmarinus_officinalis_rosemary_leaf_oil,로즈마리잎오일,Rosmarinus Officinalis (Rosemary) Leaf Oil,1244,1244,,,official_name_variant,ROSMARINUS OFFICINALIS LEAF OIL,FRAGRANCE|SKIN CONDITIONING,,0,,,N,Y,N,N,N,not_selected,candidate_unverified,CosIng 기능은 후보 선별 신호일 뿐 논문 근거나 점수 승인 아님,https://single-market-economy.ec.europa.eu/sectors/cosmetics/cosmetic-ingredient-database_en,2026-07-12
laureth_7,라우레스-7,Laureth-7,1237,1237,,,exact_name,LAURETH-7,SURFACTANT - CLEANSING|SURFACTANT - EMULSIFYING,,0,,,N,Y,N,N,N,not_selected,candidate_unverified,CosIng 기능은 후보 선별 신호일 뿐 논문 근거나 점수 승인 아님,https://single-market-economy.ec.europa.eu/sectors/cosmetics/cosmetic-ingredient-database_en,2026-07-12
polysorbate_80,폴리솔베이트80,Polysorbate 80,1234,1234,,,exact_name,POLYSORBATE 80,DENATURANT|SURFACTANT - CLEANSING|SURFACTANT - EMULSIFYING,,0,,,N,Y,N,N,N,not_selected,candidate_unverified,CosIng 기능은 후보 선별 신호일 뿐 논문 근거나 점수 승인 아님,https://single-market-economy.ec.europa.eu/sectors/cosmetics/cosmetic-ingredient-database_en,2026-07-12
trihydroxystearin,트라이하이드록시스테아린,Trihydroxystearin,1226,1226,,,exact_name,TRIHYDROXYSTEARIN,SKIN CONDITIONING|VISCOSITY CONTROLLING,,0,,,N,Y,N,N,N,not_selected,candidate_unverified,CosIng 기능은 후보 선별 신호일 뿐 논문 근거나 점수 승인 아님,https://single-market-economy.ec.europa.eu/sectors/cosmetics/cosmetic-ingredient-database_en,2026-07-12
trideceth_12,트라이데세스-12,Trideceth-12,1223,1223,,,exact_name,TRIDECETH-12,SURFACTANT - CLEANSING|SURFACTANT - EMULSIFYING,,0,,,N,Y,N,N,N,not_selected,candidate_unverified,CosIng 기능은 후보 선별 신호일 뿐 논문 근거나 점수 승인 아님,https://single-market-economy.ec.europa.eu/sectors/cosmetics/cosmetic-ingredient-database_en,2026-07-12
zinc_stearate,징크스테아레이트,Zinc Stearate,1223,1223,,,exact_name,ZINC STEARATE,ANTICAKING|COLORANT|SLIP MODIFIER|VISCOSITY CONTROLLING,IV/150,0,,,N,Y,Y,N,N,not_selected,candidate_unverified,CosIng 기능은 후보 선별 신호일 뿐 논문 근거나 점수 승인 아님,https://single-market-economy.ec.europa.eu/sectors/cosmetics/cosmetic-ingredient-database_en,2026-07-12
saccharide_isomerate,사카라이드아이소머레이트,Saccharide Isomerate,1212,1212,,,exact_name,SACCHARIDE ISOMERATE,HUMECTANT,,0,effect_moisture_barrier,effect_moisture_barrier:high:HUMECTANT,Y,N,N,N,N,P1_initial_evidence,candidate_unverified,CosIng 기능은 후보 선별 신호일 뿐 논문 근거나 점수 승인 아님,https://single-market-economy.ec.europa.eu/sectors/cosmetics/cosmetic-ingredient-database_en,2026-07-12
methicone,메티콘,Methicone,1210,1210,,,exact_name,METHICONE,ANTISTATIC|SKIN CONDITIONING|SKIN CONDITIONING - EMOLLIENT,,0,effect_moisture_barrier,effect_moisture_barrier:medium:SKIN CONDITIONING - EMOLLIENT,Y,Y,N,N,N,P2_initial_evidence,candidate_unverified,CosIng 기능은 후보 선별 신호일 뿐 논문 근거나 점수 승인 아님,https://single-market-economy.ec.europa.eu/sectors/cosmetics/cosmetic-ingredient-database_en,2026-07-12
tetrahexyldecyl_ascorbate,테트라헥실데실아스코베이트,Tetrahexyldecyl Ascorbate,1210,1210,,,exact_name,TETRAHEXYLDECYL ASCORBATE,ANTIOXIDANT|SKIN CONDITIONING,,0,,,N,N,N,Y,N,not_selected,candidate_unverified,CosIng 기능은 후보 선별 신호일 뿐 논문 근거나 점수 승인 아님,https://single-market-economy.ec.europa.eu/sectors/cosmetics/cosmetic-ingredient-database_en,2026-07-12
polyglyceryl_3_polyricinoleate,폴리글리세릴-3폴리리시놀리에이트,Polyglyceryl-3 Polyricinoleate,1205,1205,,,exact_name,POLYGLYCERYL-3 POLYRICINOLEATE,SURFACTANT - EMULSIFYING|VISCOSITY CONTROLLING,,0,,,N,Y,N,N,N,not_selected,candidate_unverified,CosIng 기능은 후보 선별 신호일 뿐 논문 근거나 점수 승인 아님,https://single-market-economy.ec.europa.eu/sectors/cosmetics/cosmetic-ingredient-database_en,2026-07-12
coco_betaine,코코-베타인,Coco-Betaine,1201,1199,,,exact_name,COCO-BETAINE,ANTISTATIC|CLEANSING|HAIR CONDITIONING|SKIN CONDITIONING|SURFACTANT - CLEANSING|SURFACTANT - FOAM BOOSTING|VISCOSITY CONTROLLING,,0,,,N,Y,N,N,N,not_selected,candidate_unverified,CosIng 기능은 후보 선별 신호일 뿐 논문 근거나 점수 승인 아님,https://single-market-economy.ec.europa.eu/sectors/cosmetics/cosmetic-ingredient-database_en,2026-07-12
melia_azadirachta_flower_extract,인도멀구슬나무꽃추출물,Melia Azadirachta Flower Extract,1190,1188,,,exact_name,MELIA AZADIRACHTA FLOWER EXTRACT,SKIN CONDITIONING,,0,,,N,N,N,Y,N,not_selected,candidate_unverified,CosIng 기능은 후보 선별 신호일 뿐 논문 근거나 점수 승인 아님,https://single-market-economy.ec.europa.eu/sectors/cosmetics/cosmetic-ingredient-database_en,2026-07-12
cellulose,셀룰로오스,Cellulose,1175,1175,,,exact_name,CELLULOSE,ABSORBENT|BULKING|OPACIFYING|VISCOSITY CONTROLLING,,0,,,N,Y,N,N,N,not_selected,candidate_unverified,CosIng 기능은 후보 선별 신호일 뿐 논문 근거나 점수 승인 아님,https://single-market-economy.ec.europa.eu/sectors/cosmetics/cosmetic-ingredient-database_en,2026-07-12
sodium_metabisulfite,소듐메타바이설파이트,Sodium Metabisulfite,1162,1162,,,exact_name,SODIUM METABISULFITE,ANTIOXIDANT|PRESERVATIVE|REDUCING,"III/99
V/9",0,,,N,Y,Y,N,N,not_selected,candidate_unverified,CosIng 기능은 후보 선별 신호일 뿐 논문 근거나 점수 승인 아님,https://single-market-economy.ec.europa.eu/sectors/cosmetics/cosmetic-ingredient-database_en,2026-07-12
camellia_sinensis_leaf_extract,녹차추출물,Camellia Sinensis Leaf Extract,1161,1161,,,exact_name,CAMELLIA SINENSIS LEAF EXTRACT,ANTIMICROBIAL|ANTIOXIDANT|ASTRINGENT|FRAGRANCE|HUMECTANT|ORAL CARE|SKIN CONDITIONING|SKIN CONDITIONING - EMOLLIENT|SKIN PROTECTING|TONIC|UV ABSORBER,,0,effect_moisture_barrier,effect_moisture_barrier:high:HUMECTANT,Y,Y,N,N,N,P1_initial_evidence,candidate_unverified,CosIng 기능은 후보 선별 신호일 뿐 논문 근거나 점수 승인 아님,https://single-market-economy.ec.europa.eu/sectors/cosmetics/cosmetic-ingredient-database_en,2026-07-12
methylparaben,메틸파라벤,Methylparaben,1153,1153,,,exact_name,METHYLPARABEN,FRAGRANCE|PRESERVATIVE,V/12,5,,,N,Y,Y,N,N,not_selected,candidate_unverified,CosIng 기능은 후보 선별 신호일 뿐 논문 근거나 점수 승인 아님,https://single-market-economy.ec.europa.eu/sectors/cosmetics/cosmetic-ingredient-database_en,2026-07-12
silica_silylate,실리카실릴레이트,Silica Silylate,1144,1144,,,exact_name,SILICA SILYLATE,ANTICAKING|ANTIFOAMING|BULKING|EMULSION STABILISING|SKIN CONDITIONING|SKIN CONDITIONING - EMOLLIENT|VISCOSITY CONTROLLING,,0,effect_moisture_barrier,effect_moisture_barrier:medium:SKIN CONDITIONING - EMOLLIENT,Y,Y,N,N,N,P2_initial_evidence,candidate_unverified,CosIng 기능은 후보 선별 신호일 뿐 논문 근거나 점수 승인 아님,https://single-market-economy.ec.europa.eu/sectors/cosmetics/cosmetic-ingredient-database_en,2026-07-12
scutellaria_baicalensis_root_extract,황금추출물,Scutellaria Baicalensis Root Extract,1143,1143,,,exact_name,SCUTELLARIA BAICALENSIS ROOT EXTRACT,ASTRINGENT|HUMECTANT|SOOTHING,,0,effect_calming|effect_moisture_barrier,effect_calming:high:SOOTHING|effect_moisture_barrier:high:HUMECTANT,Y,N,N,N,N,P1_initial_evidence,candidate_unverified,CosIng 기능은 후보 선별 신호일 뿐 논문 근거나 점수 승인 아님,https://single-market-economy.ec.europa.eu/sectors/cosmetics/cosmetic-ingredient-database_en,2026-07-12
cetyl_esters,세틸에스터,Cetyl Esters,1141,1141,,,exact_name,CETYL ESTERS,SKIN CONDITIONING|SKIN CONDITIONING - EMOLLIENT,,0,effect_moisture_barrier,effect_moisture_barrier:medium:SKIN CONDITIONING - EMOLLIENT,Y,N,N,N,N,P2_initial_evidence,candidate_unverified,CosIng 기능은 후보 선별 신호일 뿐 논문 근거나 점수 승인 아님,https://single-market-economy.ec.europa.eu/sectors/cosmetics/cosmetic-ingredient-database_en,2026-07-12
glycereth_26,글리세레스-26,Glycereth-26,1160,1140,,,exact_name,GLYCERETH-26,HUMECTANT|VISCOSITY CONTROLLING,,0,effect_moisture_barrier,effect_moisture_barrier:high:HUMECTANT,Y,Y,N,N,N,P1_initial_evidence,candidate_unverified,CosIng 기능은 후보 선별 신호일 뿐 논문 근거나 점수 승인 아님,https://single-market-economy.ec.europa.eu/sectors/cosmetics/cosmetic-ingredient-database_en,2026-07-12
nylon_12,나일론-12,Nylon-12,1139,1139,,,exact_name,NYLON-12,BULKING|OPACIFYING|VISCOSITY CONTROLLING,,0,,,N,Y,N,N,N,not_selected,candidate_unverified,CosIng 기능은 후보 선별 신호일 뿐 논문 근거나 점수 승인 아님,https://single-market-economy.ec.europa.eu/sectors/cosmetics/cosmetic-ingredient-database_en,2026-07-12
vanillin,바닐린,Vanillin,1139,1139,,,exact_name,VANILLIN,FRAGRANCE,III/346,0,,,N,Y,Y,N,N,not_selected,candidate_unverified,CosIng 기능은 후보 선별 신호일 뿐 논문 근거나 점수 승인 아님,https://single-market-economy.ec.europa.eu/sectors/cosmetics/cosmetic-ingredient-database_en,2026-07-12
sodium_phosphate,소듐포스페이트,Sodium Phosphate,1137,1137,,,exact_name,SODIUM PHOSPHATE,ANTI-SEBORRHEIC|BUFFERING|DEODORANT,,0,effect_acne_sebum,effect_acne_sebum:high:ANTI-SEBORRHEIC,Y,Y,N,N,N,P1_initial_evidence,candidate_unverified,CosIng 기능은 후보 선별 신호일 뿐 논문 근거나 점수 승인 아님,https://single-market-economy.ec.europa.eu/sectors/cosmetics/cosmetic-ingredient-database_en,2026-07-12
hydroxypropyltrimonium_hyaluronate,하이드록시프로필트라이모늄하이알루로네이트,Hydroxypropyltrimonium Hyaluronate,1127,1127,,,exact_name,HYDROXYPROPYLTRIMONIUM HYALURONATE,FILM FORMING,,0,,,N,Y,N,N,N,not_selected,candidate_unverified,CosIng 기능은 후보 선별 신호일 뿐 논문 근거나 점수 승인 아님,https://single-market-economy.ec.europa.eu/sectors/cosmetics/cosmetic-ingredient-database_en,2026-07-12
amyl_cinnamal,아밀신남알,Amyl Cinnamal,1111,1111,,,exact_name,AMYL CINNAMAL,PERFUMING,III/67,0,,,N,Y,Y,N,N,not_selected,candidate_unverified,CosIng 기능은 후보 선별 신호일 뿐 논문 근거나 점수 승인 아님,https://single-market-economy.ec.europa.eu/sectors/cosmetics/cosmetic-ingredient-database_en,2026-07-12
dimethicone_peg_10_15_crosspolymer,다이메티콘/피이지-10/15크로스폴리머,Dimethicone/PEG-10/15 Crosspolymer,1102,1102,,,exact_name,DIMETHICONE/PEG-10/15 CROSSPOLYMER,FILM FORMING|OPACIFYING,,0,,,N,Y,N,N,N,not_selected,candidate_unverified,CosIng 기능은 후보 선별 신호일 뿐 논문 근거나 점수 승인 아님,https://single-market-economy.ec.europa.eu/sectors/cosmetics/cosmetic-ingredient-database_en,2026-07-12
tartrazine,황색4호,Tartrazine,1101,1101,,,not_matched,,,,0,,,N,N,N,Y,Y,not_selected,candidate_unverified,CosIng 기능은 후보 선별 신호일 뿐 논문 근거나 점수 승인 아님,,
lauryl_peg_9_polydimethylsiloxyethyl_dimethicone,라우릴피이지-9폴리다이메틸실록시에틸다이메티콘,Lauryl PEG-9 Polydimethylsiloxyethyl Dimethicone,1096,1096,,,exact_name,LAURYL PEG-9 POLYDIMETHYLSILOXYETHYL DIMETHICONE,HAIR CONDITIONING|SKIN CONDITIONING|SURFACTANT - CLEANSING,,0,,,N,Y,N,N,N,not_selected,candidate_unverified,CosIng 기능은 후보 선별 신호일 뿐 논문 근거나 점수 승인 아님,https://single-market-economy.ec.europa.eu/sectors/cosmetics/cosmetic-ingredient-database_en,2026-07-12
cucumis_sativus_cucumber_fruit_extract,오이열매추출물,Cucumis Sativus (Cucumber) Fruit Extract,1091,1091,,,official_name_variant,CUCUMIS SATIVUS FRUIT EXTRACT,SKIN CONDITIONING|SKIN CONDITIONING - EMOLLIENT,,0,effect_moisture_barrier,effect_moisture_barrier:medium:SKIN CONDITIONING - EMOLLIENT,Y,N,N,N,N,P2_initial_evidence,candidate_unverified,CosIng 기능은 후보 선별 신호일 뿐 논문 근거나 점수 승인 아님,https://single-market-economy.ec.europa.eu/sectors/cosmetics/cosmetic-ingredient-database_en,2026-07-12
pelargonium_graveolens_flower_oil,센티드제라늄꽃오일,Pelargonium Graveolens Flower Oil,1090,1090,,,exact_name,PELARGONIUM GRAVEOLENS FLOWER OIL,FRAGRANCE,III/364,0,,,N,Y,Y,N,N,not_selected,candidate_unverified,CosIng 기능은 후보 선별 신호일 뿐 논문 근거나 점수 승인 아님,https://single-market-economy.ec.europa.eu/sectors/cosmetics/cosmetic-ingredient-database_en,2026-07-12
calcium_aluminum_borosilicate,칼슘알루미늄보로실리케이트,Calcium Aluminum Borosilicate,1082,1082,,,exact_name,CALCIUM ALUMINUM BOROSILICATE,BULKING,,0,,,N,Y,N,N,N,not_selected,candidate_unverified,CosIng 기능은 후보 선별 신호일 뿐 논문 근거나 점수 승인 아님,https://single-market-economy.ec.europa.eu/sectors/cosmetics/cosmetic-ingredient-database_en,2026-07-12
glutathione,글루타티온,Glutathione,1081,1081,effect_brightening,,exact_name,GLUTATHIONE,REDUCING,,0,effect_brightening,effect_brightening:current_runtime,Y,Y,N,N,N,current_runtime,existing_runtime,CosIng 기능은 후보 선별 신호일 뿐 논문 근거나 점수 승인 아님,https://single-market-economy.ec.europa.eu/sectors/cosmetics/cosmetic-ingredient-database_en,2026-07-12
behentrimonium_methosulfate,베헨트라이모늄메토설페이트,Behentrimonium Methosulfate,1073,1073,,,exact_name,BEHENTRIMONIUM METHOSULFATE,ANTISTATIC|HAIR CONDITIONING|SURFACTANT - CLEANSING,,0,,,N,Y,N,N,N,not_selected,candidate_unverified,CosIng 기능은 후보 선별 신호일 뿐 논문 근거나 점수 승인 아님,https://single-market-economy.ec.europa.eu/sectors/cosmetics/cosmetic-ingredient-database_en,2026-07-12
urea,유레아,Urea,1061,1061,effect_calming|effect_exfoliation|effect_moisture_barrier,,exact_name,UREA,ANTISTATIC|BUFFERING|HUMECTANT|SKIN CONDITIONING,,0,effect_calming|effect_exfoliation|effect_moisture_barrier,effect_moisture_barrier:high:HUMECTANT|effect_calming:current_runtime|effect_exfoliation:current_runtime|effect_moisture_barrier:current_runtime,Y,Y,N,N,N,current_runtime,existing_runtime,CosIng 기능은 후보 선별 신호일 뿐 논문 근거나 점수 승인 아님,https://single-market-economy.ec.europa.eu/sectors/cosmetics/cosmetic-ingredient-database_en,2026-07-12
calcium_gluconate,칼슘글루코네이트,Calcium Gluconate,1060,1060,,,exact_name,CALCIUM GLUCONATE,CHELATING|SKIN CONDITIONING - MISCELLANEOUS,,0,,,N,Y,N,N,N,not_selected,candidate_unverified,CosIng 기능은 후보 선별 신호일 뿐 논문 근거나 점수 승인 아님,https://single-market-economy.ec.europa.eu/sectors/cosmetics/cosmetic-ingredient-database_en,2026-07-12
pinene,피넨,Pinene,1060,1060,,,exact_name,PINENE,ANTIFOAMING|FRAGRANCE,III/371,0,,,N,Y,Y,N,N,not_selected,candidate_unverified,CosIng 기능은 후보 선별 신호일 뿐 논문 근거나 점수 승인 아님,https://single-market-economy.ec.europa.eu/sectors/cosmetics/cosmetic-ingredient-database_en,2026-07-12
talc,탤크,Talc,1057,1057,,,exact_name,TALC,ABRASIVE|ABSORBENT|ANTICAKING|BULKING|OPACIFYING|SKIN PROTECTING|SLIP MODIFIER,III/59,0,effect_moisture_barrier,effect_moisture_barrier:medium:SKIN PROTECTING,Y,Y,Y,N,N,P2_initial_evidence,candidate_unverified,CosIng 기능은 후보 선별 신호일 뿐 논문 근거나 점수 승인 아님,https://single-market-economy.ec.europa.eu/sectors/cosmetics/cosmetic-ingredient-database_en,2026-07-12
stearamidopropyl_dimethylamine,스테아라미도프로필다이메틸아민,Stearamidopropyl Dimethylamine,1053,1053,,,exact_name,STEARAMIDOPROPYL DIMETHYLAMINE,ANTISTATIC|HAIR CONDITIONING|SURFACTANT - CLEANSING|SURFACTANT - EMULSIFYING,,0,,,N,Y,N,N,N,not_selected,candidate_unverified,CosIng 기능은 후보 선별 신호일 뿐 논문 근거나 점수 승인 아님,https://single-market-economy.ec.europa.eu/sectors/cosmetics/cosmetic-ingredient-database_en,2026-07-12
caprylhydroxamic_acid,카프릴하이드록사믹애씨드,Caprylhydroxamic Acid,1049,1049,,,exact_name,CAPRYLHYDROXAMIC ACID,CHELATING,,0,,,N,Y,N,N,N,not_selected,candidate_unverified,CosIng 기능은 후보 선별 신호일 뿐 논문 근거나 점수 승인 아님,https://single-market-economy.ec.europa.eu/sectors/cosmetics/cosmetic-ingredient-database_en,2026-07-12
hydrolyzed_rice_protein,하이드롤라이즈드쌀단백질,Hydrolyzed Rice Protein,1046,1046,,,exact_name,HYDROLYZED RICE PROTEIN,ANTISTATIC|HAIR CONDITIONING|SKIN CONDITIONING,,0,,,N,Y,N,N,N,not_selected,candidate_unverified,CosIng 기능은 후보 선별 신호일 뿐 논문 근거나 점수 승인 아님,https://single-market-economy.ec.europa.eu/sectors/cosmetics/cosmetic-ingredient-database_en,2026-07-12
hydrolyzed_sodium_hyaluronate,하이드롤라이즈드소듐하이알루로네이트,Hydrolyzed Sodium Hyaluronate,1046,1046,,,exact_name,HYDROLYZED SODIUM HYALURONATE,SKIN CONDITIONING,,0,,,N,N,N,Y,N,not_selected,candidate_unverified,CosIng 기능은 후보 선별 신호일 뿐 논문 근거나 점수 승인 아님,https://single-market-economy.ec.europa.eu/sectors/cosmetics/cosmetic-ingredient-database_en,2026-07-12
corallina_officinalis_extract,참산호말추출물,Corallina Officinalis Extract,1036,1036,,,exact_name,CORALLINA OFFICINALIS EXTRACT,SKIN CONDITIONING,,0,,,N,N,N,Y,N,not_selected,candidate_unverified,CosIng 기능은 후보 선별 신호일 뿐 논문 근거나 점수 승인 아님,https://single-market-economy.ec.europa.eu/sectors/cosmetics/cosmetic-ingredient-database_en,2026-07-12
bis_ethylhexyloxyphenol_methoxyphenyl_triazine,비스-에칠헥실옥시페놀메톡시페닐트리아진,Bis-Ethylhexyloxyphenol Methoxyphenyl Triazine,1030,1030,,,exact_name,BIS-ETHYLHEXYLOXYPHENOL METHOXYPHENYL TRIAZINE,HAIR CONDITIONING|LIGHT STABILIZER|UV ABSORBER|UV FILTER,VI/25,0,,,N,Y,Y,N,N,not_selected,candidate_unverified,CosIng 기능은 후보 선별 신호일 뿐 논문 근거나 점수 승인 아님,https://single-market-economy.ec.europa.eu/sectors/cosmetics/cosmetic-ingredient-database_en,2026-07-12
palmitic_acid,팔미틱애씨드,Palmitic Acid,1027,1027,,,exact_name,PALMITIC ACID,SKIN CONDITIONING - EMOLLIENT|SURFACTANT - EMULSIFYING,,0,effect_moisture_barrier,effect_moisture_barrier:medium:SKIN CONDITIONING - EMOLLIENT,Y,Y,N,N,N,P2_initial_evidence,candidate_unverified,CosIng 기능은 후보 선별 신호일 뿐 논문 근거나 점수 승인 아님,https://single-market-economy.ec.europa.eu/sectors/cosmetics/cosmetic-ingredient-database_en,2026-07-12
retinol,레티놀,Retinol,1027,1027,effect_acne_sebum|effect_brightening|effect_exfoliation|effect_wrinkle,retinoid_caution,exact_name,RETINOL,SKIN CONDITIONING - MISCELLANEOUS,III/376,1,effect_acne_sebum|effect_brightening|effect_exfoliation|effect_wrinkle,effect_acne_sebum:current_runtime|effect_brightening:current_runtime|effect_exfoliation:current_runtime|effect_wrinkle:current_runtime,Y,N,Y,N,N,current_runtime,existing_runtime,CosIng 기능은 후보 선별 신호일 뿐 논문 근거나 점수 승인 아님,https://single-market-economy.ec.europa.eu/sectors/cosmetics/cosmetic-ingredient-database_en,2026-07-12
polybutene,폴리부텐,Polybutene,1012,1012,,,exact_name,POLYBUTENE,BINDING|VISCOSITY CONTROLLING,,0,,,N,Y,N,N,N,not_selected,candidate_unverified,CosIng 기능은 후보 선별 신호일 뿐 논문 근거나 점수 승인 아님,https://single-market-economy.ec.europa.eu/sectors/cosmetics/cosmetic-ingredient-database_en,2026-07-12
phospholipids,포스포리피드,Phospholipids,1010,1010,,,exact_name,PHOSPHOLIPIDS,SKIN CONDITIONING,,0,,,N,N,N,Y,N,not_selected,candidate_unverified,CosIng 기능은 후보 선별 신호일 뿐 논문 근거나 점수 승인 아님,https://single-market-economy.ec.europa.eu/sectors/cosmetics/cosmetic-ingredient-database_en,2026-07-12
cetearyl_glucoside,세테아릴글루코사이드,Cetearyl Glucoside,1005,1005,,,exact_name,CETEARYL GLUCOSIDE,SURFACTANT - CLEANSING|SURFACTANT - EMULSIFYING,,0,,,N,Y,N,N,N,not_selected,candidate_unverified,CosIng 기능은 후보 선별 신호일 뿐 논문 근거나 점수 승인 아님,https://single-market-economy.ec.europa.eu/sectors/cosmetics/cosmetic-ingredient-database_en,2026-07-12
hydrolyzed_keratin,하이드롤라이즈드케라틴,Hydrolyzed Keratin,1003,1003,,,exact_name,HYDROLYZED KERATIN,ANTISTATIC|FILM FORMING|HAIR CONDITIONING|HUMECTANT|SKIN CONDITIONING,,0,effect_moisture_barrier,effect_moisture_barrier:high:HUMECTANT,Y,Y,N,N,N,P1_initial_evidence,candidate_unverified,CosIng 기능은 후보 선별 신호일 뿐 논문 근거나 점수 승인 아님,https://single-market-economy.ec.europa.eu/sectors/cosmetics/cosmetic-ingredient-database_en,2026-07-12
hdi_trimethylol_hexyllactone_crosspolymer,에이치디아이/트라이메틸올헥실락톤크로스폴리머,HDI/Trimethylol Hexyllactone Crosspolymer,1002,1002,,,exact_name,HDI/TRIMETHYLOL HEXYLLACTONE CROSSPOLYMER,ANTICAKING,,0,,,N,Y,N,N,N,not_selected,candidate_unverified,CosIng 기능은 후보 선별 신호일 뿐 논문 근거나 점수 승인 아님,https://single-market-economy.ec.europa.eu/sectors/cosmetics/cosmetic-ingredient-database_en,2026-07-12
diphenylsiloxy_phenyl_trimethicone,다이페닐실록시페닐트라이메티콘,Diphenylsiloxy Phenyl Trimethicone,985,983,,,exact_name,DIPHENYLSILOXY PHENYL TRIMETHICONE,ANTIFOAMING|HAIR CONDITIONING|SKIN CONDITIONING,,0,,,N,Y,N,N,N,not_selected,candidate_unverified,CosIng 기능은 후보 선별 신호일 뿐 논문 근거나 점수 승인 아님,https://single-market-economy.ec.europa.eu/sectors/cosmetics/cosmetic-ingredient-database_en,2026-07-12
polyquaternium_37,폴리쿼터늄-37,Polyquaternium-37,983,983,,,exact_name,POLYQUATERNIUM-37,ANTISTATIC|FILM FORMING,,0,,,N,Y,N,N,N,not_selected,candidate_unverified,CosIng 기능은 후보 선별 신호일 뿐 논문 근거나 점수 승인 아님,https://single-market-economy.ec.europa.eu/sectors/cosmetics/cosmetic-ingredient-database_en,2026-07-12
cholesterol,콜레스테롤,Cholesterol,981,981,,,exact_name,CHOLESTEROL,LIGHT STABILIZER|SKIN CONDITIONING|SKIN CONDITIONING - EMOLLIENT|SURFACTANT - EMULSIFYING|VISCOSITY CONTROLLING,,0,effect_moisture_barrier,effect_moisture_barrier:medium:SKIN CONDITIONING - EMOLLIENT,Y,Y,N,N,N,P2_initial_evidence,candidate_unverified,CosIng 기능은 후보 선별 신호일 뿐 논문 근거나 점수 승인 아님,https://single-market-economy.ec.europa.eu/sectors/cosmetics/cosmetic-ingredient-database_en,2026-07-12
mangifera_indica_mango_seed_butter,망고씨버터,Mangifera Indica (Mango) Seed Butter,979,979,,,official_name_variant,MANGIFERA INDICA SEED BUTTER,SKIN CONDITIONING,,0,,,N,N,N,Y,N,not_selected,candidate_unverified,CosIng 기능은 후보 선별 신호일 뿐 논문 근거나 점수 승인 아님,https://single-market-economy.ec.europa.eu/sectors/cosmetics/cosmetic-ingredient-database_en,2026-07-12
octyldodecyl_stearoyl_stearate,옥틸도데실스테아로일스테아레이트,Octyldodecyl Stearoyl Stearate,975,975,,,exact_name,OCTYLDODECYL STEAROYL STEARATE,SKIN CONDITIONING - EMOLLIENT|VISCOSITY CONTROLLING,,0,effect_moisture_barrier,effect_moisture_barrier:medium:SKIN CONDITIONING - EMOLLIENT,Y,Y,N,N,N,P2_initial_evidence,candidate_unverified,CosIng 기능은 후보 선별 신호일 뿐 논문 근거나 점수 승인 아님,https://single-market-economy.ec.europa.eu/sectors/cosmetics/cosmetic-ingredient-database_en,2026-07-12
pca,피씨에이,PCA,973,973,,,exact_name,PCA,HUMECTANT|MOISTURISING,,0,effect_moisture_barrier,effect_moisture_barrier:high:HUMECTANT+MOISTURISING,Y,N,N,N,N,P1_initial_evidence,candidate_unverified,CosIng 기능은 후보 선별 신호일 뿐 논문 근거나 점수 승인 아님,https://single-market-economy.ec.europa.eu/sectors/cosmetics/cosmetic-ingredient-database_en,2026-07-12
calcium_sodium_borosilicate,칼슘소듐보로실리케이트,Calcium Sodium Borosilicate,970,970,,,exact_name,CALCIUM SODIUM BOROSILICATE,BULKING,,0,,,N,Y,N,N,N,not_selected,candidate_unverified,CosIng 기능은 후보 선별 신호일 뿐 논문 근거나 점수 승인 아님,https://single-market-economy.ec.europa.eu/sectors/cosmetics/cosmetic-ingredient-database_en,2026-07-12
hydrogenated_castor_oil,하이드로제네이티드캐스터오일,Hydrogenated Castor Oil,969,969,,,exact_name,HYDROGENATED CASTOR OIL,SKIN CONDITIONING|SKIN CONDITIONING - EMOLLIENT|SURFACTANT - CLEANSING|SURFACTANT - EMULSIFYING|VISCOSITY CONTROLLING,,0,effect_moisture_barrier,effect_moisture_barrier:medium:SKIN CONDITIONING - EMOLLIENT,Y,Y,N,N,N,P2_initial_evidence,candidate_unverified,CosIng 기능은 후보 선별 신호일 뿐 논문 근거나 점수 승인 아님,https://single-market-economy.ec.europa.eu/sectors/cosmetics/cosmetic-ingredient-database_en,2026-07-12
citrus_limon_lemon_peel_oil,레몬껍질오일,Citrus Limon (Lemon) Peel Oil,968,968,,,official_name_variant,CITRUS LIMON PEEL OIL,FRAGRANCE|PERFUMING|SKIN CONDITIONING,III/353,0,,,N,Y,Y,N,N,not_selected,candidate_unverified,CosIng 기능은 후보 선별 신호일 뿐 논문 근거나 점수 승인 아님,https://single-market-economy.ec.europa.eu/sectors/cosmetics/cosmetic-ingredient-database_en,2026-07-12
limnanthes_alba_meadowfoam_seed_oil,메도우폼씨오일,Limnanthes Alba (Meadowfoam) Seed Oil,967,967,,,official_name_variant,LIMNANTHES ALBA SEED OIL,SKIN CONDITIONING,,0,,,N,N,N,Y,N,not_selected,candidate_unverified,CosIng 기능은 후보 선별 신호일 뿐 논문 근거나 점수 승인 아님,https://single-market-economy.ec.europa.eu/sectors/cosmetics/cosmetic-ingredient-database_en,2026-07-12
carthamus_tinctorius_safflower_seed_oil,잇꽃씨오일,Carthamus Tinctorius (Safflower) Seed Oil,956,956,,,official_name_variant,CARTHAMUS TINCTORIUS SEED OIL,FRAGRANCE|SKIN CONDITIONING,,0,,,N,Y,N,N,N,not_selected,candidate_unverified,CosIng 기능은 후보 선별 신호일 뿐 논문 근거나 점수 승인 아님,https://single-market-economy.ec.europa.eu/sectors/cosmetics/cosmetic-ingredient-database_en,2026-07-12
magnesium_chloride,마그네슘클로라이드,Magnesium Chloride,954,954,,,exact_name,MAGNESIUM CHLORIDE,FLAVOURING|VISCOSITY CONTROLLING,,0,,,N,Y,N,N,N,not_selected,candidate_unverified,CosIng 기능은 후보 선별 신호일 뿐 논문 근거나 점수 승인 아님,https://single-market-economy.ec.europa.eu/sectors/cosmetics/cosmetic-ingredient-database_en,2026-07-12
sclerotium_gum,스클레로튬검,Sclerotium Gum,946,946,,,exact_name,SCLEROTIUM GUM,EMULSION STABILISING|SKIN CONDITIONING|VISCOSITY CONTROLLING,,0,,,N,Y,N,N,N,not_selected,candidate_unverified,CosIng 기능은 후보 선별 신호일 뿐 논문 근거나 점수 승인 아님,https://single-market-economy.ec.europa.eu/sectors/cosmetics/cosmetic-ingredient-database_en,2026-07-12
ocimum_sanctum_leaf_extract,홀리바질잎추출물,Ocimum Sanctum Leaf Extract,931,930,,,exact_name,OCIMUM SANCTUM LEAF EXTRACT,SKIN CONDITIONING,,0,,,N,N,N,Y,N,not_selected,candidate_unverified,CosIng 기능은 후보 선별 신호일 뿐 논문 근거나 점수 승인 아님,https://single-market-economy.ec.europa.eu/sectors/cosmetics/cosmetic-ingredient-database_en,2026-07-12
glyceryl_oleate,글리세릴올리에이트,Glyceryl Oleate,917,917,,,exact_name,GLYCERYL OLEATE,PERFUMING|SKIN CONDITIONING - EMOLLIENT|SURFACTANT - EMULSIFYING,,0,effect_moisture_barrier,effect_moisture_barrier:medium:SKIN CONDITIONING - EMOLLIENT,Y,Y,N,N,N,P2_initial_evidence,candidate_unverified,CosIng 기능은 후보 선별 신호일 뿐 논문 근거나 점수 승인 아님,https://single-market-economy.ec.europa.eu/sectors/cosmetics/cosmetic-ingredient-database_en,2026-07-12
triethanolamine,트라이에탄올아민,Triethanolamine,917,917,,,exact_name,TRIETHANOLAMINE,BUFFERING|FRAGRANCE|SURFACTANT - CLEANSING|SURFACTANT - EMULSIFYING,III/62,0,,,N,Y,Y,N,N,not_selected,candidate_unverified,CosIng 기능은 후보 선별 신호일 뿐 논문 근거나 점수 승인 아님,https://single-market-economy.ec.europa.eu/sectors/cosmetics/cosmetic-ingredient-database_en,2026-07-12
sodium_ascorbyl_phosphate,소듐아스코빌포스페이트,Sodium Ascorbyl Phosphate,913,910,,irritation,exact_name,SODIUM ASCORBYL PHOSPHATE,ANTIOXIDANT,,0,,,N,N,Y,N,N,not_selected,candidate_unverified,CosIng 기능은 후보 선별 신호일 뿐 논문 근거나 점수 승인 아님,https://single-market-economy.ec.europa.eu/sectors/cosmetics/cosmetic-ingredient-database_en,2026-07-12
phytic_acid,파이틱애씨드,Phytic Acid,909,909,,,exact_name,PHYTIC ACID,CHELATING,,0,,,N,Y,N,N,N,not_selected,candidate_unverified,CosIng 기능은 후보 선별 신호일 뿐 논문 근거나 점수 승인 아님,https://single-market-economy.ec.europa.eu/sectors/cosmetics/cosmetic-ingredient-database_en,2026-07-12
phytosterols,피토스테롤,Phytosterols,886,886,,,exact_name,PHYTOSTEROLS,SKIN CONDITIONING,,0,,,N,N,N,Y,N,not_selected,candidate_unverified,CosIng 기능은 후보 선별 신호일 뿐 논문 근거나 점수 승인 아님,https://single-market-economy.ec.europa.eu/sectors/cosmetics/cosmetic-ingredient-database_en,2026-07-12
stearalkonium_hectorite,스테아랄코늄헥토라이트,Stearalkonium Hectorite,884,884,,,exact_name,STEARALKONIUM HECTORITE,GEL FORMING|VISCOSITY CONTROLLING,,0,,,N,Y,N,N,N,not_selected,candidate_unverified,CosIng 기능은 후보 선별 신호일 뿐 논문 근거나 점수 승인 아님,https://single-market-economy.ec.europa.eu/sectors/cosmetics/cosmetic-ingredient-database_en,2026-07-12
trideceth_6,트라이데세스-6,Trideceth-6,880,880,,,exact_name,TRIDECETH-6,SURFACTANT - CLEANSING|SURFACTANT - EMULSIFYING,,0,,,N,Y,N,N,N,not_selected,candidate_unverified,CosIng 기능은 후보 선별 신호일 뿐 논문 근거나 점수 승인 아님,https://single-market-economy.ec.europa.eu/sectors/cosmetics/cosmetic-ingredient-database_en,2026-07-12
sodium_c14_16_olefin_sulfonate,소듐C14-16올레핀설포네이트,Sodium C14-16 Olefin Sulfonate,879,877,,,exact_name,SODIUM C14-16 OLEFIN SULFONATE,CLEANSING|FOAMING|SURFACTANT - CLEANSING,,0,,,N,Y,N,N,N,not_selected,candidate_unverified,CosIng 기능은 후보 선별 신호일 뿐 논문 근거나 점수 승인 아님,https://single-market-economy.ec.europa.eu/sectors/cosmetics/cosmetic-ingredient-database_en,2026-07-12
ascorbyl_glucoside,아스코빌글루코사이드,Ascorbyl Glucoside,861,861,,,exact_name,ASCORBYL GLUCOSIDE,ANTIOXIDANT,,0,,,N,N,N,Y,N,not_selected,candidate_unverified,CosIng 기능은 후보 선별 신호일 뿐 논문 근거나 점수 승인 아님,https://single-market-economy.ec.europa.eu/sectors/cosmetics/cosmetic-ingredient-database_en,2026-07-12
c13_15_alkane,C13-15알케인,C13-15 Alkane,857,857,,,exact_name,C13-15 ALKANE,SOLVENT,"II/875
Distillates (petroleum), hydrotreated middle, except if the full refining history is known and it can be shown that the substance from which it is produced is not a carcinogen.",0,,,N,Y,Y,N,N,not_selected,candidate_unverified,CosIng 기능은 후보 선별 신호일 뿐 논문 근거나 점수 승인 아님,https://single-market-economy.ec.europa.eu/sectors/cosmetics/cosmetic-ingredient-database_en,2026-07-12
sodium_polyacryloyldimethyl_taurate,소듐폴리아크릴로일다이메틸타우레이트,Sodium Polyacryloyldimethyl Taurate,853,853,,,exact_name,SODIUM POLYACRYLOYLDIMETHYL TAURATE,EMULSION STABILISING|VISCOSITY CONTROLLING,,0,,,N,Y,N,N,N,not_selected,candidate_unverified,CosIng 기능은 후보 선별 신호일 뿐 논문 근거나 점수 승인 아님,https://single-market-economy.ec.europa.eu/sectors/cosmetics/cosmetic-ingredient-database_en,2026-07-12
hydrolyzed_soy_protein,하이드롤라이즈드콩단백질,Hydrolyzed Soy Protein,851,851,,,exact_name,HYDROLYZED SOY PROTEIN,ANTISTATIC|HAIR CONDITIONING|HUMECTANT|SKIN CONDITIONING,,0,effect_moisture_barrier,effect_moisture_barrier:high:HUMECTANT,Y,Y,N,N,N,P1_initial_evidence,candidate_unverified,CosIng 기능은 후보 선별 신호일 뿐 논문 근거나 점수 승인 아님,https://single-market-economy.ec.europa.eu/sectors/cosmetics/cosmetic-ingredient-database_en,2026-07-12
butyl_methoxydibenzoylmethane,부틸메톡시디벤조일메탄,Butyl Methoxydibenzoylmethane,841,841,,,exact_name,BUTYL METHOXYDIBENZOYLMETHANE,LIGHT STABILIZER|UV ABSORBER|UV FILTER,VI/8,0,,,N,Y,Y,N,N,not_selected,candidate_unverified,CosIng 기능은 후보 선별 신호일 뿐 논문 근거나 점수 승인 아님,https://single-market-economy.ec.europa.eu/sectors/cosmetics/cosmetic-ingredient-database_en,2026-07-12
rosa_canina_fruit_oil,로즈힙열매오일,Rosa Canina Fruit Oil,827,827,,,exact_name,ROSA CANINA FRUIT OIL,SKIN CONDITIONING|SKIN CONDITIONING - EMOLLIENT,,0,effect_moisture_barrier,effect_moisture_barrier:medium:SKIN CONDITIONING - EMOLLIENT,Y,N,N,N,N,P2_initial_evidence,candidate_unverified,CosIng 기능은 후보 선별 신호일 뿐 논문 근거나 점수 승인 아님,https://single-market-economy.ec.europa.eu/sectors/cosmetics/cosmetic-ingredient-database_en,2026-07-12
coconut_acid,코코넛애씨드,Coconut Acid,820,820,,,exact_name,COCONUT ACID,CLEANSING|SKIN CONDITIONING - EMOLLIENT|SURFACTANT - CLEANSING|SURFACTANT - EMULSIFYING,,0,effect_moisture_barrier,effect_moisture_barrier:medium:SKIN CONDITIONING - EMOLLIENT,Y,Y,N,N,N,P2_initial_evidence,candidate_unverified,CosIng 기능은 후보 선별 신호일 뿐 논문 근거나 점수 승인 아님,https://single-market-economy.ec.europa.eu/sectors/cosmetics/cosmetic-ingredient-database_en,2026-07-12
gluconolactone,글루코노락톤,Gluconolactone,818,818,,,exact_name,GLUCONOLACTONE,CHELATING|SKIN CONDITIONING,,0,,,N,Y,N,N,N,not_selected,candidate_unverified,CosIng 기능은 후보 선별 신호일 뿐 논문 근거나 점수 승인 아님,https://single-market-economy.ec.europa.eu/sectors/cosmetics/cosmetic-ingredient-database_en,2026-07-12
retinyl_palmitate,레티닐팔미테이트,Retinyl Palmitate,815,815,,,exact_name,RETINYL PALMITATE,SKIN CONDITIONING - MISCELLANEOUS,III/376,1,,,N,N,Y,N,N,not_selected,candidate_unverified,CosIng 기능은 후보 선별 신호일 뿐 논문 근거나 점수 승인 아님,https://single-market-economy.ec.europa.eu/sectors/cosmetics/cosmetic-ingredient-database_en,2026-07-12
hydrolyzed_vegetable_protein_pg_propyl_silanetriol,하이드롤라이즈드식물성단백질피지-프로필실란트라이올,Hydrolyzed Vegetable Protein PG-Propyl Silanetriol,814,814,,,exact_name,HYDROLYZED VEGETABLE PROTEIN PG-PROPYL SILANETRIOL,HAIR CONDITIONING|SKIN CONDITIONING,,0,,,N,Y,N,N,N,not_selected,candidate_unverified,CosIng 기능은 후보 선별 신호일 뿐 논문 근거나 점수 승인 아님,https://single-market-economy.ec.europa.eu/sectors/cosmetics/cosmetic-ingredient-database_en,2026-07-12
sodium_methyl_cocoyl_taurate,소듐메틸코코일타우레이트,Sodium Methyl Cocoyl Taurate,804,804,,,exact_name,SODIUM METHYL COCOYL TAURATE,SURFACTANT - CLEANSING,,0,,,N,Y,N,N,N,not_selected,candidate_unverified,CosIng 기능은 후보 선별 신호일 뿐 논문 근거나 점수 승인 아님,https://single-market-economy.ec.europa.eu/sectors/cosmetics/cosmetic-ingredient-database_en,2026-07-12
moringa_oleifera_seed_oil,드럼스틱씨오일,Moringa Oleifera Seed Oil,800,800,,,exact_name,MORINGA OLEIFERA SEED OIL,SKIN CONDITIONING|SKIN CONDITIONING - EMOLLIENT,,0,effect_moisture_barrier,effect_moisture_barrier:medium:SKIN CONDITIONING - EMOLLIENT,Y,N,N,N,N,P2_initial_evidence,candidate_unverified,CosIng 기능은 후보 선별 신호일 뿐 논문 근거나 점수 승인 아님,https://single-market-economy.ec.europa.eu/sectors/cosmetics/cosmetic-ingredient-database_en,2026-07-12
acetyl_hexapeptide_8,아세틸헥사펩타이드-8,Acetyl Hexapeptide-8,798,798,,,exact_name,ACETYL HEXAPEPTIDE-8,HUMECTANT|SKIN CONDITIONING,,0,effect_moisture_barrier,effect_moisture_barrier:high:HUMECTANT,Y,N,N,N,N,P1_initial_evidence,candidate_unverified,CosIng 기능은 후보 선별 신호일 뿐 논문 근거나 점수 승인 아님,https://single-market-economy.ec.europa.eu/sectors/cosmetics/cosmetic-ingredient-database_en,2026-07-12
potassium_hyaluronate,포타슘하이알루로네이트,Potassium Hyaluronate,795,795,,,exact_name,POTASSIUM HYALURONATE,SKIN CONDITIONING,,0,,,N,N,N,Y,N,not_selected,candidate_unverified,CosIng 기능은 후보 선별 신호일 뿐 논문 근거나 점수 승인 아님,https://single-market-economy.ec.europa.eu/sectors/cosmetics/cosmetic-ingredient-database_en,2026-07-12
magnesium_aluminum_silicate,마그네슘알루미늄실리케이트,Magnesium Aluminum Silicate,794,794,,,exact_name,MAGNESIUM ALUMINUM SILICATE,ABSORBENT|ANTICAKING|OPACIFYING|VISCOSITY CONTROLLING,,0,,,N,Y,N,N,N,not_selected,candidate_unverified,CosIng 기능은 후보 선별 신호일 뿐 논문 근거나 점수 승인 아님,https://single-market-economy.ec.europa.eu/sectors/cosmetics/cosmetic-ingredient-database_en,2026-07-12
caprylyl_capryl_glucoside,카프릴릴/카프릴글루코사이드,Caprylyl/Capryl Glucoside,793,793,,,exact_name,CAPRYLYL/CAPRYL GLUCOSIDE,CLEANSING|FOAMING|SURFACTANT - CLEANSING,,0,,,N,Y,N,N,N,not_selected,candidate_unverified,CosIng 기능은 후보 선별 신호일 뿐 논문 근거나 점수 승인 아님,https://single-market-economy.ec.europa.eu/sectors/cosmetics/cosmetic-ingredient-database_en,2026-07-12
peg_9_polydimethylsiloxyethyl_dimethicone,피이지-9폴리다이메틸실록시에틸다이메티콘,PEG-9 Polydimethylsiloxyethyl Dimethicone,792,792,,,exact_name,PEG-9 POLYDIMETHYLSILOXYETHYL DIMETHICONE,SKIN CONDITIONING|SURFACTANT - EMULSIFYING,,0,,,N,Y,N,N,N,not_selected,candidate_unverified,CosIng 기능은 후보 선별 신호일 뿐 논문 근거나 점수 승인 아님,https://single-market-economy.ec.europa.eu/sectors/cosmetics/cosmetic-ingredient-database_en,2026-07-12
hydrogen_dimethicone,하이드로젠다이메티콘,Hydrogen Dimethicone,790,790,,,exact_name,HYDROGEN DIMETHICONE,FILM FORMING,,0,,,N,Y,N,N,N,not_selected,candidate_unverified,CosIng 기능은 후보 선별 신호일 뿐 논문 근거나 점수 승인 아님,https://single-market-economy.ec.europa.eu/sectors/cosmetics/cosmetic-ingredient-database_en,2026-07-12
magnesium_stearate,마그네슘스테아레이트,Magnesium Stearate,790,790,,,exact_name,MAGNESIUM STEARATE,ANTICAKING|BULKING|COLORANT|MOISTURISING,IV/150,0,effect_moisture_barrier,effect_moisture_barrier:high:MOISTURISING,Y,Y,Y,N,N,P1_initial_evidence,candidate_unverified,CosIng 기능은 후보 선별 신호일 뿐 논문 근거나 점수 승인 아님,https://single-market-economy.ec.europa.eu/sectors/cosmetics/cosmetic-ingredient-database_en,2026-07-12
asiatic_acid,아시아틱애씨드,Asiatic Acid,780,780,,,exact_name,ASIATIC ACID,LIGHT STABILIZER|SKIN CONDITIONING,,0,,,N,Y,N,N,N,not_selected,candidate_unverified,CosIng 기능은 후보 선별 신호일 뿐 논문 근거나 점수 승인 아님,https://single-market-economy.ec.europa.eu/sectors/cosmetics/cosmetic-ingredient-database_en,2026-07-12
sodium_lauroyl_lactylate,소듐라우로일락틸레이트,Sodium Lauroyl Lactylate,777,777,,,exact_name,SODIUM LAUROYL LACTYLATE,SURFACTANT - EMULSIFYING,,0,,,N,Y,N,N,N,not_selected,candidate_unverified,CosIng 기능은 후보 선별 신호일 뿐 논문 근거나 점수 승인 아님,https://single-market-economy.ec.europa.eu/sectors/cosmetics/cosmetic-ingredient-database_en,2026-07-12
polyglycerin_3,폴리글리세린-3,Polyglycerin-3,773,773,,,exact_name,POLYGLYCERIN-3,HUMECTANT,,0,effect_moisture_barrier,effect_moisture_barrier:high:HUMECTANT,Y,N,N,N,N,P1_initial_evidence,candidate_unverified,CosIng 기능은 후보 선별 신호일 뿐 논문 근거나 점수 승인 아님,https://single-market-economy.ec.europa.eu/sectors/cosmetics/cosmetic-ingredient-database_en,2026-07-12
brilliant_blue_fcf,청색1호,Brilliant Blue FCF,770,770,,,not_matched,,,,0,,,N,N,N,Y,Y,not_selected,candidate_unverified,CosIng 기능은 후보 선별 신호일 뿐 논문 근거나 점수 승인 아님,,
madecassic_acid,마데카식애씨드,Madecassic Acid,770,770,,,exact_name,MADECASSIC ACID,SKIN CONDITIONING,,0,,,N,N,N,Y,N,not_selected,candidate_unverified,CosIng 기능은 후보 선별 신호일 뿐 논문 근거나 점수 승인 아님,https://single-market-economy.ec.europa.eu/sectors/cosmetics/cosmetic-ingredient-database_en,2026-07-12
hydrolyzed_vegetable_protein,하이드롤라이즈드식물성단백질,Hydrolyzed Vegetable Protein,766,766,,,exact_name,HYDROLYZED VEGETABLE PROTEIN,ANTISTATIC|HAIR CONDITIONING|SKIN CONDITIONING,,0,,,N,Y,N,N,N,not_selected,candidate_unverified,CosIng 기능은 후보 선별 신호일 뿐 논문 근거나 점수 승인 아님,https://single-market-economy.ec.europa.eu/sectors/cosmetics/cosmetic-ingredient-database_en,2026-07-12
microcrystalline_wax,마이크로크리스탈린왁스,Microcrystalline Wax,759,759,,,exact_name,MICROCRYSTALLINE WAX,BINDING|BULKING|EMULSION STABILISING|VISCOSITY CONTROLLING,,0,,,N,Y,N,N,N,not_selected,candidate_unverified,CosIng 기능은 후보 선별 신호일 뿐 논문 근거나 점수 승인 아님,https://single-market-economy.ec.europa.eu/sectors/cosmetics/cosmetic-ingredient-database_en,2026-07-12
sodium_laureth_sulfate,소듐라우레스설페이트,Sodium Laureth Sulfate,755,755,,,exact_name,SODIUM LAURETH SULFATE,CLEANSING|FOAMING|SURFACTANT - CLEANSING|SURFACTANT - EMULSIFYING,,0,,,N,Y,N,N,N,not_selected,candidate_unverified,CosIng 기능은 후보 선별 신호일 뿐 논문 근거나 점수 승인 아님,https://single-market-economy.ec.europa.eu/sectors/cosmetics/cosmetic-ingredient-database_en,2026-07-12
pentaerythrityl_tetraisostearate,펜타에리스리틸테트라아이소스테아레이트,Pentaerythrityl Tetraisostearate,754,754,,,exact_name,PENTAERYTHRITYL TETRAISOSTEARATE,SKIN CONDITIONING - EMOLLIENT|SURFACTANT - CLEANSING|SURFACTANT - EMULSIFYING,,0,effect_moisture_barrier,effect_moisture_barrier:medium:SKIN CONDITIONING - EMOLLIENT,Y,Y,N,N,N,P2_initial_evidence,candidate_unverified,CosIng 기능은 후보 선별 신호일 뿐 논문 근거나 점수 승인 아님,https://single-market-economy.ec.europa.eu/sectors/cosmetics/cosmetic-ingredient-database_en,2026-07-12
polyglyceryl_6_polyricinoleate,폴리글리세릴-6폴리리시놀리에이트,Polyglyceryl-6 Polyricinoleate,754,754,,,exact_name,POLYGLYCERYL-6 POLYRICINOLEATE,SURFACTANT - EMULSIFYING,,0,,,N,Y,N,N,N,not_selected,candidate_unverified,CosIng 기능은 후보 선별 신호일 뿐 논문 근거나 점수 승인 아님,https://single-market-economy.ec.europa.eu/sectors/cosmetics/cosmetic-ingredient-database_en,2026-07-12
phenethyl_alcohol,페네틸알코올,Phenethyl Alcohol,750,750,,,exact_name,PHENETHYL ALCOHOL,FRAGRANCE,,0,,,N,Y,N,N,N,not_selected,candidate_unverified,CosIng 기능은 후보 선별 신호일 뿐 논문 근거나 점수 승인 아님,https://single-market-economy.ec.europa.eu/sectors/cosmetics/cosmetic-ingredient-database_en,2026-07-12
caramel,카라멜,Caramel,747,747,,,exact_name,CARAMEL,COLORANT|FRAGRANCE,IV/146,0,,,N,Y,Y,N,N,not_selected,candidate_unverified,CosIng 기능은 후보 선별 신호일 뿐 논문 근거나 점수 승인 아님,https://single-market-economy.ec.europa.eu/sectors/cosmetics/cosmetic-ingredient-database_en,2026-07-12
hydrogenated_vegetable_oil,하이드로제네이티드식물성오일,Hydrogenated Vegetable Oil,745,745,,,exact_name,HYDROGENATED VEGETABLE OIL,SKIN CONDITIONING|SKIN CONDITIONING - EMOLLIENT,,0,effect_moisture_barrier,effect_moisture_barrier:medium:SKIN CONDITIONING - EMOLLIENT,Y,N,N,N,N,P2_initial_evidence,candidate_unverified,CosIng 기능은 후보 선별 신호일 뿐 논문 근거나 점수 승인 아님,https://single-market-economy.ec.europa.eu/sectors/cosmetics/cosmetic-ingredient-database_en,2026-07-12
theobroma_cacao_cocoa_seed_butter,카카오씨버터,Theobroma Cacao (Cocoa) Seed Butter,740,740,,,official_name_variant,THEOBROMA CACAO SEED BUTTER,FRAGRANCE|SKIN CONDITIONING|SKIN CONDITIONING - EMOLLIENT|SKIN PROTECTING,,0,effect_moisture_barrier,effect_moisture_barrier:medium:SKIN CONDITIONING - EMOLLIENT+SKIN PROTECTING,Y,Y,N,N,N,P2_initial_evidence,candidate_unverified,CosIng 기능은 후보 선별 신호일 뿐 논문 근거나 점수 승인 아님,https://single-market-economy.ec.europa.eu/sectors/cosmetics/cosmetic-ingredient-database_en,2026-07-12
propylparaben,프로필파라벤,Propylparaben,732,732,,,exact_name,PROPYLPARABEN,PERFUMING|PRESERVATIVE,V/12,5,,,N,Y,Y,N,N,not_selected,candidate_unverified,CosIng 기능은 후보 선별 신호일 뿐 논문 근거나 점수 승인 아님,https://single-market-economy.ec.europa.eu/sectors/cosmetics/cosmetic-ingredient-database_en,2026-07-12
acacia_senegal_gum,아라비아고무나무검,Acacia Senegal Gum,726,726,,,exact_name,ACACIA SENEGAL GUM,FILM FORMING|FRAGRANCE,,0,,,N,Y,N,N,N,not_selected,candidate_unverified,CosIng 기능은 후보 선별 신호일 뿐 논문 근거나 점수 승인 아님,https://single-market-economy.ec.europa.eu/sectors/cosmetics/cosmetic-ingredient-database_en,2026-07-12
lauryl_glucoside,라우릴글루코사이드,Lauryl Glucoside,718,718,,,exact_name,LAURYL GLUCOSIDE,CLEANSING|SURFACTANT - CLEANSING,,0,,,N,Y,N,N,N,not_selected,candidate_unverified,CosIng 기능은 후보 선별 신호일 뿐 논문 근거나 점수 승인 아님,https://single-market-economy.ec.europa.eu/sectors/cosmetics/cosmetic-ingredient-database_en,2026-07-12
hydrolyzed_wheat_protein,하이드롤라이즈드밀단백질,Hydrolyzed Wheat Protein,714,714,,,exact_name,HYDROLYZED WHEAT PROTEIN,ANTISTATIC|HAIR CONDITIONING|SKIN CONDITIONING,III/307,0,,,N,Y,Y,N,N,not_selected,candidate_unverified,CosIng 기능은 후보 선별 신호일 뿐 논문 근거나 점수 승인 아님,https://single-market-economy.ec.europa.eu/sectors/cosmetics/cosmetic-ingredient-database_en,2026-07-12
diethylamino_hydroxybenzoyl_hexyl_benzoate,디에칠아미노하이드록시벤조일헥실벤조에이트,Diethylamino Hydroxybenzoyl Hexyl Benzoate,712,712,,,exact_name,DIETHYLAMINO HYDROXYBENZOYL HEXYL BENZOATE,LIGHT STABILIZER|UV ABSORBER|UV FILTER,VI/28,0,,,N,Y,Y,N,N,not_selected,candidate_unverified,CosIng 기능은 후보 선별 신호일 뿐 논문 근거나 점수 승인 아님,https://single-market-economy.ec.europa.eu/sectors/cosmetics/cosmetic-ingredient-database_en,2026-07-12
sodium_lauroyl_sarcosinate,소듐라우로일사코시네이트,Sodium Lauroyl Sarcosinate,711,711,,,exact_name,SODIUM LAUROYL SARCOSINATE,ANTISTATIC|CLEANSING|FOAMING|HAIR CONDITIONING|SKIN CONDITIONING|SURFACTANT - CLEANSING|SURFACTANT - EMULSIFYING|VISCOSITY CONTROLLING,,0,,,N,Y,N,N,N,not_selected,candidate_unverified,CosIng 기능은 후보 선별 신호일 뿐 논문 근거나 점수 승인 아님,https://single-market-economy.ec.europa.eu/sectors/cosmetics/cosmetic-ingredient-database_en,2026-07-12
hydroxypropyl_guar_hydroxypropyltrimonium_chloride,하이드록시프로필구아하이드록시프로필트라이모늄클로라 이드,Hydroxypropyl Guar Hydroxypropyltrimonium Chloride,710,710,,,exact_name,HYDROXYPROPYL GUAR HYDROXYPROPYLTRIMONIUM CHLORIDE,ANTISTATIC|HAIR CONDITIONING,,0,,,N,Y,N,N,N,not_selected,candidate_unverified,CosIng 기능은 후보 선별 신호일 뿐 논문 근거나 점수 승인 아님,https://single-market-economy.ec.europa.eu/sectors/cosmetics/cosmetic-ingredient-database_en,2026-07-12
acetic_acid,아세틱애씨드,Acetic Acid,708,708,,,exact_name,ACETIC ACID,BUFFERING|FRAGRANCE,,0,,,N,Y,N,N,N,not_selected,candidate_unverified,CosIng 기능은 후보 선별 신호일 뿐 논문 근거나 점수 승인 아님,https://single-market-economy.ec.europa.eu/sectors/cosmetics/cosmetic-ingredient-database_en,2026-07-12
isopropyl_titanium_triisostearate,아이소프로필티타늄트라이아이소스테아레이트,Isopropyl Titanium Triisostearate,708,708,,,exact_name,ISOPROPYL TITANIUM TRIISOSTEARATE,SKIN CONDITIONING - EMOLLIENT|SURFACTANT - EMULSIFYING,,0,effect_moisture_barrier,effect_moisture_barrier:medium:SKIN CONDITIONING - EMOLLIENT,Y,Y,N,N,N,P2_initial_evidence,candidate_unverified,CosIng 기능은 후보 선별 신호일 뿐 논문 근거나 점수 승인 아님,https://single-market-economy.ec.europa.eu/sectors/cosmetics/cosmetic-ingredient-database_en,2026-07-12
polyglyceryl_3_methylglucose_distearate,폴리글리세릴-3메틸글루코오스다이스테아레이트,Polyglyceryl-3 Methylglucose Distearate,708,708,,,exact_name,POLYGLYCERYL-3 METHYLGLUCOSE DISTEARATE,SURFACTANT - EMULSIFYING,,0,,,N,Y,N,N,N,not_selected,candidate_unverified,CosIng 기능은 후보 선별 신호일 뿐 논문 근거나 점수 승인 아님,https://single-market-economy.ec.europa.eu/sectors/cosmetics/cosmetic-ingredient-database_en,2026-07-12
paraffin,파라핀,Paraffin,707,707,,,exact_name,PARAFFIN,PERFUMING|SKIN CONDITIONING|VISCOSITY CONTROLLING,,0,,,N,Y,N,N,N,not_selected,candidate_unverified,CosIng 기능은 후보 선별 신호일 뿐 논문 근거나 점수 승인 아님,https://single-market-economy.ec.europa.eu/sectors/cosmetics/cosmetic-ingredient-database_en,2026-07-12
calendula_officinalis_flower_extract,포트마리골드꽃추출물,Calendula Officinalis Flower Extract,704,704,,,exact_name,CALENDULA OFFICINALIS FLOWER EXTRACT,FRAGRANCE|PERFUMING|SKIN CONDITIONING,,0,,,N,Y,N,N,N,not_selected,candidate_unverified,CosIng 기능은 후보 선별 신호일 뿐 논문 근거나 점수 승인 아님,https://single-market-economy.ec.europa.eu/sectors/cosmetics/cosmetic-ingredient-database_en,2026-07-12
hydrogenated_olive_oil_unsaponifiables,하이드로제네이티드올리브오일불검화물,Hydrogenated Olive Oil Unsaponifiables,702,702,,,exact_name,HYDROGENATED OLIVE OIL UNSAPONIFIABLES,HAIR CONDITIONING|SKIN CONDITIONING|SKIN CONDITIONING - EMOLLIENT,,0,effect_moisture_barrier,effect_moisture_barrier:medium:SKIN CONDITIONING - EMOLLIENT,Y,Y,N,N,N,P2_initial_evidence,candidate_unverified,CosIng 기능은 후보 선별 신호일 뿐 논문 근거나 점수 승인 아님,https://single-market-economy.ec.europa.eu/sectors/cosmetics/cosmetic-ingredient-database_en,2026-07-12
helianthus_annuus_sunflower_seed_extract,해바라기씨추출물,Helianthus Annuus (Sunflower) Seed Extract,695,695,,,official_name_variant,HELIANTHUS ANNUUS SEED EXTRACT,HAIR CONDITIONING|SKIN CONDITIONING - MISCELLANEOUS|UV ABSORBER,,0,,,N,Y,N,N,N,not_selected,candidate_unverified,CosIng 기능은 후보 선별 신호일 뿐 논문 근거나 점수 승인 아님,https://single-market-economy.ec.europa.eu/sectors/cosmetics/cosmetic-ingredient-database_en,2026-07-12
isopropyl_palmitate,아이소프로필팔미테이트,Isopropyl Palmitate,694,694,,,exact_name,ISOPROPYL PALMITATE,BINDING|FRAGRANCE|PERFUMING|SKIN CONDITIONING - EMOLLIENT,,0,effect_moisture_barrier,effect_moisture_barrier:medium:SKIN CONDITIONING - EMOLLIENT,Y,Y,N,N,N,P2_initial_evidence,candidate_unverified,CosIng 기능은 후보 선별 신호일 뿐 논문 근거나 점수 승인 아님,https://single-market-economy.ec.europa.eu/sectors/cosmetics/cosmetic-ingredient-database_en,2026-07-12
algae_extract,조류추출물,Algae Extract,693,693,,,exact_name,ALGAE EXTRACT,FRAGRANCE|HUMECTANT|ORAL CARE|SKIN CONDITIONING - EMOLLIENT|SKIN CONDITIONING - MISCELLANEOUS,,0,effect_moisture_barrier,effect_moisture_barrier:high:HUMECTANT,Y,Y,N,N,N,P1_initial_evidence,candidate_unverified,CosIng 기능은 후보 선별 신호일 뿐 논문 근거나 점수 승인 아님,https://single-market-economy.ec.europa.eu/sectors/cosmetics/cosmetic-ingredient-database_en,2026-07-12
anhydroxylitol,안하이드로자일리톨,Anhydroxylitol,693,693,,,exact_name,ANHYDROXYLITOL,HUMECTANT|SKIN CONDITIONING,,0,effect_moisture_barrier,effect_moisture_barrier:high:HUMECTANT,Y,N,N,N,N,P1_initial_evidence,candidate_unverified,CosIng 기능은 후보 선별 신호일 뿐 논문 근거나 점수 승인 아님,https://single-market-economy.ec.europa.eu/sectors/cosmetics/cosmetic-ingredient-database_en,2026-07-12
hexyl_laurate,헥실라우레이트,Hexyl Laurate,693,693,,,exact_name,HEXYL LAURATE,SKIN CONDITIONING|SKIN CONDITIONING - EMOLLIENT,,0,effect_moisture_barrier,effect_moisture_barrier:medium:SKIN CONDITIONING - EMOLLIENT,Y,N,N,N,N,P2_initial_evidence,candidate_unverified,CosIng 기능은 후보 선별 신호일 뿐 논문 근거나 점수 승인 아님,https://single-market-economy.ec.europa.eu/sectors/cosmetics/cosmetic-ingredient-database_en,2026-07-12
butylene_ethylene_styrene_copolymer,부틸렌/에틸렌/스타이렌코폴리머,Butylene/Ethylene/Styrene Copolymer,690,690,,,exact_name,BUTYLENE/ETHYLENE/STYRENE COPOLYMER,VISCOSITY CONTROLLING,,0,,,N,Y,N,N,N,not_selected,candidate_unverified,CosIng 기능은 후보 선별 신호일 뿐 논문 근거나 점수 승인 아님,https://single-market-economy.ec.europa.eu/sectors/cosmetics/cosmetic-ingredient-database_en,2026-07-12
laminaria_saccharina_extract,슈가켈프추출물,Laminaria Saccharina Extract,677,677,,,exact_name,LAMINARIA SACCHARINA EXTRACT,SKIN PROTECTING,,0,effect_moisture_barrier,effect_moisture_barrier:medium:SKIN PROTECTING,Y,N,N,N,N,P2_initial_evidence,candidate_unverified,CosIng 기능은 후보 선별 신호일 뿐 논문 근거나 점수 승인 아님,https://single-market-economy.ec.europa.eu/sectors/cosmetics/cosmetic-ingredient-database_en,2026-07-12
mentha_piperita_peppermint_oil,페퍼민트오일,Mentha Piperita (Peppermint) Oil,672,672,,,official_name_variant,MENTHA PIPERITA OIL,FRAGRANCE|PERFUMING|REFRESHING|TONIC,III/361,0,,,N,Y,Y,N,N,not_selected,candidate_unverified,CosIng 기능은 후보 선별 신호일 뿐 논문 근거나 점수 승인 아님,https://single-market-economy.ec.europa.eu/sectors/cosmetics/cosmetic-ingredient-database_en,2026-07-12
helianthus_annuus_sunflower_extract,해바라기추출물,Helianthus Annuus (Sunflower) Extract,671,671,,,official_name_variant,HELIANTHUS ANNUUS EXTRACT,HAIR CONDITIONING|SKIN CONDITIONING|SKIN CONDITIONING - EMOLLIENT,,0,effect_moisture_barrier,effect_moisture_barrier:medium:SKIN CONDITIONING - EMOLLIENT,Y,Y,N,N,N,P2_initial_evidence,candidate_unverified,CosIng 기능은 후보 선별 신호일 뿐 논문 근거나 점수 승인 아님,https://single-market-economy.ec.europa.eu/sectors/cosmetics/cosmetic-ingredient-database_en,2026-07-12
citrullus_lanatus_watermelon_fruit_extract,수박추출물,Citrullus Lanatus (Watermelon) Fruit Extract,670,670,,,official_name_variant,CITRULLUS LANATUS FRUIT EXTRACT,SKIN CONDITIONING,,0,,,N,N,N,Y,N,not_selected,candidate_unverified,CosIng 기능은 후보 선별 신호일 뿐 논문 근거나 점수 승인 아님,https://single-market-economy.ec.europa.eu/sectors/cosmetics/cosmetic-ingredient-database_en,2026-07-12
citrus_limon_lemon_fruit_extract,레몬추출물,Citrus Limon (Lemon) Fruit Extract,666,666,,,official_name_variant,CITRUS LIMON FRUIT EXTRACT,FRAGRANCE|SKIN CONDITIONING - MISCELLANEOUS|SKIN CONDITIONING - OCCLUSIVE,II/358,0,effect_moisture_barrier,effect_moisture_barrier:medium:SKIN CONDITIONING - OCCLUSIVE,Y,Y,Y,N,N,P2_initial_evidence,candidate_unverified,CosIng 기능은 후보 선별 신호일 뿐 논문 근거나 점수 승인 아님,https://single-market-economy.ec.europa.eu/sectors/cosmetics/cosmetic-ingredient-database_en,2026-07-12
xylitylglucoside,자일리틸글루코사이드,Xylitylglucoside,665,665,,,exact_name,XYLITYLGLUCOSIDE,HUMECTANT|SKIN CONDITIONING,,0,effect_moisture_barrier,effect_moisture_barrier:high:HUMECTANT,Y,N,N,N,N,P1_initial_evidence,candidate_unverified,CosIng 기능은 후보 선별 신호일 뿐 논문 근거나 점수 승인 아님,https://single-market-economy.ec.europa.eu/sectors/cosmetics/cosmetic-ingredient-database_en,2026-07-12
hydroxyethyl_urea,하이드록시에틸우레아,Hydroxyethyl Urea,657,657,,,exact_name,HYDROXYETHYL UREA,HAIR CONDITIONING|HUMECTANT|SKIN CONDITIONING,,0,effect_moisture_barrier,effect_moisture_barrier:high:HUMECTANT,Y,Y,N,N,N,P1_initial_evidence,candidate_unverified,CosIng 기능은 후보 선별 신호일 뿐 논문 근거나 점수 승인 아님,https://single-market-economy.ec.europa.eu/sectors/cosmetics/cosmetic-ingredient-database_en,2026-07-12
ppg_26_buteth_26,피피지-26-부테스-26,PPG-26-Buteth-26,657,657,,,exact_name,PPG-26-BUTETH-26,HAIR CONDITIONING|SKIN CONDITIONING,,0,,,N,Y,N,N,N,not_selected,candidate_unverified,CosIng 기능은 후보 선별 신호일 뿐 논문 근거나 점수 승인 아님,https://single-market-economy.ec.europa.eu/sectors/cosmetics/cosmetic-ingredient-database_en,2026-07-12
pullulan,풀루란,Pullulan,657,657,,,exact_name,PULLULAN,BINDING|FILM FORMING,,0,,,N,Y,N,N,N,not_selected,candidate_unverified,CosIng 기능은 후보 선별 신호일 뿐 논문 근거나 점수 승인 아님,https://single-market-economy.ec.europa.eu/sectors/cosmetics/cosmetic-ingredient-database_en,2026-07-12
copper_tripeptide_1,카퍼트라이펩타이드-1,Copper Tripeptide-1,656,656,,,exact_name,COPPER TRIPEPTIDE-1,SKIN CONDITIONING,,0,,,N,N,N,Y,N,not_selected,candidate_unverified,CosIng 기능은 후보 선별 신호일 뿐 논문 근거나 점수 승인 아님,https://single-market-economy.ec.europa.eu/sectors/cosmetics/cosmetic-ingredient-database_en,2026-07-12
geranyl_acetate,제라닐아세테이트,Geranyl Acetate,653,653,,,exact_name,GERANYL ACETATE,PERFUMING|TONIC,III/369,0,,,N,Y,Y,N,N,not_selected,candidate_unverified,CosIng 기능은 후보 선별 신호일 뿐 논문 근거나 점수 승인 아님,https://single-market-economy.ec.europa.eu/sectors/cosmetics/cosmetic-ingredient-database_en,2026-07-12
vp_eicosene_copolymer,브이피/에이코신코폴리머,VP/Eicosene Copolymer,653,653,,,exact_name,VP/EICOSENE COPOLYMER,BINDING|FILM FORMING|VISCOSITY CONTROLLING,,0,,,N,Y,N,N,N,not_selected,candidate_unverified,CosIng 기능은 후보 선별 신호일 뿐 논문 근거나 점수 승인 아님,https://single-market-economy.ec.europa.eu/sectors/cosmetics/cosmetic-ingredient-database_en,2026-07-12
polymethyl_methacrylate,폴리메틸메타크릴레이트,Polymethyl Methacrylate,651,651,,,exact_name,POLYMETHYL METHACRYLATE,FILM FORMING,,0,,,N,Y,N,N,N,not_selected,candidate_unverified,CosIng 기능은 후보 선별 신호일 뿐 논문 근거나 점수 승인 아님,https://single-market-economy.ec.europa.eu/sectors/cosmetics/cosmetic-ingredient-database_en,2026-07-12
glyceryl_stearate_citrate,글리세릴스테아레이트시트레이트,Glyceryl Stearate Citrate,650,650,,,exact_name,GLYCERYL STEARATE CITRATE,SKIN CONDITIONING|SKIN CONDITIONING - EMOLLIENT|SURFACTANT - EMULSIFYING,,0,effect_moisture_barrier,effect_moisture_barrier:medium:SKIN CONDITIONING - EMOLLIENT,Y,Y,N,N,N,P2_initial_evidence,candidate_unverified,CosIng 기능은 후보 선별 신호일 뿐 논문 근거나 점수 승인 아님,https://single-market-economy.ec.europa.eu/sectors/cosmetics/cosmetic-ingredient-database_en,2026-07-12
farnesol,파네솔,Farnesol,648,648,,,exact_name,FARNESOL,DEODORANT|PERFUMING,III/82,0,,,N,Y,Y,N,N,not_selected,candidate_unverified,CosIng 기능은 후보 선별 신호일 뿐 논문 근거나 점수 승인 아님,https://single-market-economy.ec.europa.eu/sectors/cosmetics/cosmetic-ingredient-database_en,2026-07-12
tridecane,트라이데케인,Tridecane,645,645,,,exact_name,TRIDECANE,SKIN CONDITIONING - EMOLLIENT,,0,effect_moisture_barrier,effect_moisture_barrier:medium:SKIN CONDITIONING - EMOLLIENT,Y,N,N,N,N,P2_initial_evidence,candidate_unverified,CosIng 기능은 후보 선별 신호일 뿐 논문 근거나 점수 승인 아님,https://single-market-economy.ec.europa.eu/sectors/cosmetics/cosmetic-ingredient-database_en,2026-07-12
dicaprylyl_ether,다이카프릴릴에터,Dicaprylyl Ether,632,632,,,exact_name,DICAPRYLYL ETHER,SKIN CONDITIONING|SKIN CONDITIONING - EMOLLIENT|SOLVENT,,0,effect_moisture_barrier,effect_moisture_barrier:medium:SKIN CONDITIONING - EMOLLIENT,Y,Y,N,N,N,P2_initial_evidence,candidate_unverified,CosIng 기능은 후보 선별 신호일 뿐 논문 근거나 점수 승인 아님,https://single-market-economy.ec.europa.eu/sectors/cosmetics/cosmetic-ingredient-database_en,2026-07-12
acetyl_glucosamine,아세틸글루코사민,Acetyl Glucosamine,631,631,,,exact_name,ACETYL GLUCOSAMINE,SKIN CONDITIONING,,0,,,N,N,N,Y,N,not_selected,candidate_unverified,CosIng 기능은 후보 선별 신호일 뿐 논문 근거나 점수 승인 아님,https://single-market-economy.ec.europa.eu/sectors/cosmetics/cosmetic-ingredient-database_en,2026-07-12
sorbitan_stearate,솔비탄스테아레이트,Sorbitan Stearate,631,631,,,exact_name,SORBITAN STEARATE,SURFACTANT - EMULSIFYING,,0,,,N,Y,N,N,N,not_selected,candidate_unverified,CosIng 기능은 후보 선별 신호일 뿐 논문 근거나 점수 승인 아님,https://single-market-economy.ec.europa.eu/sectors/cosmetics/cosmetic-ingredient-database_en,2026-07-12
algin,알진,Algin,628,628,,,exact_name,ALGIN,BINDING|FRAGRANCE|VISCOSITY CONTROLLING,,0,,,N,Y,N,N,N,not_selected,candidate_unverified,CosIng 기능은 후보 선별 신호일 뿐 논문 근거나 점수 승인 아님,https://single-market-economy.ec.europa.eu/sectors/cosmetics/cosmetic-ingredient-database_en,2026-07-12
propylene_glycol_dicaprylate_dicaprate,프로필렌글라이콜다이카프릴레이트/다이카프레이트,Propylene Glycol Dicaprylate/Dicaprate,626,626,,,exact_name,PROPYLENE GLYCOL DICAPRYLATE/DICAPRATE,SKIN CONDITIONING - EMOLLIENT,,0,effect_moisture_barrier,effect_moisture_barrier:medium:SKIN CONDITIONING - EMOLLIENT,Y,N,N,N,N,P2_initial_evidence,candidate_unverified,CosIng 기능은 후보 선별 신호일 뿐 논문 근거나 점수 승인 아님,https://single-market-economy.ec.europa.eu/sectors/cosmetics/cosmetic-ingredient-database_en,2026-07-12
synthetic_beeswax,합성비즈왁스,Synthetic Beeswax,624,624,,,exact_name,SYNTHETIC BEESWAX,BINDING|EMULSION STABILISING|VISCOSITY CONTROLLING,,0,,,N,Y,N,N,N,not_selected,candidate_unverified,CosIng 기능은 후보 선별 신호일 뿐 논문 근거나 점수 승인 아님,https://single-market-economy.ec.europa.eu/sectors/cosmetics/cosmetic-ingredient-database_en,2026-07-12
steareth_20,스테아레스-20,Steareth-20,623,623,,,exact_name,STEARETH-20,CLEANSING|SURFACTANT - CLEANSING|SURFACTANT - EMULSIFYING,,0,,,N,Y,N,N,N,not_selected,candidate_unverified,CosIng 기능은 후보 선별 신호일 뿐 논문 근거나 점수 승인 아님,https://single-market-economy.ec.europa.eu/sectors/cosmetics/cosmetic-ingredient-database_en,2026-07-12
peg_ppg_18_18_dimethicone,피이지/피피지-18/18다이메티콘,PEG/PPG-18/18 Dimethicone,614,614,,,exact_name,PEG/PPG-18/18 DIMETHICONE,SURFACTANT - EMULSIFYING,,0,,,N,Y,N,N,N,not_selected,candidate_unverified,CosIng 기능은 후보 선별 신호일 뿐 논문 근거나 점수 승인 아님,https://single-market-economy.ec.europa.eu/sectors/cosmetics/cosmetic-ingredient-database_en,2026-07-12
methionine,메티오닌,Methionine,611,611,,,exact_name,METHIONINE,ANTISTATIC|HAIR CONDITIONING|SKIN CONDITIONING,,0,,,N,Y,N,N,N,not_selected,candidate_unverified,CosIng 기능은 후보 선별 신호일 뿐 논문 근거나 점수 승인 아님,https://single-market-economy.ec.europa.eu/sectors/cosmetics/cosmetic-ingredient-database_en,2026-07-12
mannitol,만니톨,Mannitol,609,609,,,exact_name,MANNITOL,BINDING|FRAGRANCE|HUMECTANT|MOISTURISING|SKIN CONDITIONING,,0,effect_moisture_barrier,effect_moisture_barrier:high:HUMECTANT+MOISTURISING,Y,Y,N,N,N,P1_initial_evidence,candidate_unverified,CosIng 기능은 후보 선별 신호일 뿐 논문 근거나 점수 승인 아님,https://single-market-economy.ec.europa.eu/sectors/cosmetics/cosmetic-ingredient-database_en,2026-07-12
petrolatum_mineral_oil,페트롤라툼/미네랄오일,Petrolatum / Mineral Oil,608,608,effect_calming|effect_moisture_barrier,purity_grade,not_matched,,,,0,effect_calming|effect_moisture_barrier,effect_calming:current_runtime|effect_moisture_barrier:current_runtime,Y,N,Y,N,N,current_runtime,existing_runtime,CosIng 기능은 후보 선별 신호일 뿐 논문 근거나 점수 승인 아님,,
methylisothiazolinone,메칠이소치아졸리논,Methylisothiazolinone,606,606,,,exact_name,METHYLISOTHIAZOLINONE,PRESERVATIVE,"V/57
V/39",1,,,N,Y,Y,N,N,not_selected,candidate_unverified,CosIng 기능은 후보 선별 신호일 뿐 논문 근거나 점수 승인 아님,https://single-market-economy.ec.europa.eu/sectors/cosmetics/cosmetic-ingredient-database_en,2026-07-12
leucine,류신,Leucine,604,604,,,exact_name,LEUCINE,ANTISTATIC|HAIR CONDITIONING|SKIN CONDITIONING,,0,,,N,Y,N,N,N,not_selected,candidate_unverified,CosIng 기능은 후보 선별 신호일 뿐 논문 근거나 점수 승인 아님,https://single-market-economy.ec.europa.eu/sectors/cosmetics/cosmetic-ingredient-database_en,2026-07-12
zingiber_officinale_ginger_root_extract,생강추출물,Zingiber Officinale (Ginger) Root Extract,600,600,,,official_name_variant,ZINGIBER OFFICINALE ROOT EXTRACT,FRAGRANCE|PERFUMING|SKIN CONDITIONING|TONIC,,0,,,N,Y,N,N,N,not_selected,candidate_unverified,CosIng 기능은 후보 선별 신호일 뿐 논문 근거나 점수 승인 아님,https://single-market-economy.ec.europa.eu/sectors/cosmetics/cosmetic-ingredient-database_en,2026-07-12
camellia_japonica_seed_oil,동백나무씨오일,Camellia Japonica Seed Oil,598,598,,,exact_name,CAMELLIA JAPONICA SEED OIL,SKIN CONDITIONING|SKIN CONDITIONING - EMOLLIENT,,0,effect_moisture_barrier,effect_moisture_barrier:medium:SKIN CONDITIONING - EMOLLIENT,Y,N,N,N,N,P2_initial_evidence,candidate_unverified,CosIng 기능은 후보 선별 신호일 뿐 논문 근거나 점수 승인 아님,https://single-market-economy.ec.europa.eu/sectors/cosmetics/cosmetic-ingredient-database_en,2026-07-12
houttuynia_cordata_extract,약모밀추출물,Houttuynia Cordata Extract,598,598,,,exact_name,HOUTTUYNIA CORDATA EXTRACT,SKIN CONDITIONING,,0,,,N,N,N,Y,N,not_selected,candidate_unverified,CosIng 기능은 후보 선별 신호일 뿐 논문 근거나 점수 승인 아님,https://single-market-economy.ec.europa.eu/sectors/cosmetics/cosmetic-ingredient-database_en,2026-07-12
butylphenyl_methylpropional,부틸페닐메틸프로피오날,Butylphenyl Methylpropional,597,597,,,exact_name,BUTYLPHENYL METHYLPROPIONAL,FRAGRANCE|PERFUMING,II/1666,2,,,N,Y,Y,N,N,not_selected,candidate_unverified,CosIng 기능은 후보 선별 신호일 뿐 논문 근거나 점수 승인 아님,https://single-market-economy.ec.europa.eu/sectors/cosmetics/cosmetic-ingredient-database_en,2026-07-12
neopentyl_glycol_diheptanoate,네오펜틸글라이콜다이헵타노에이트,Neopentyl Glycol Diheptanoate,597,597,,,exact_name,NEOPENTYL GLYCOL DIHEPTANOATE,SKIN CONDITIONING|SKIN CONDITIONING - EMOLLIENT,,0,effect_moisture_barrier,effect_moisture_barrier:medium:SKIN CONDITIONING - EMOLLIENT,Y,N,N,N,N,P2_initial_evidence,candidate_unverified,CosIng 기능은 후보 선별 신호일 뿐 논문 근거나 점수 승인 아님,https://single-market-economy.ec.europa.eu/sectors/cosmetics/cosmetic-ingredient-database_en,2026-07-12
ppg_1_trideceth_6,피피지-1트라이데세스-6,PPG-1 Trideceth-6,596,596,,,exact_name,PPG-1 TRIDECETH-6,SKIN CONDITIONING|SURFACTANT - CLEANSING,,0,,,N,Y,N,N,N,not_selected,candidate_unverified,CosIng 기능은 후보 선별 신호일 뿐 논문 근거나 점수 승인 아님,https://single-market-economy.ec.europa.eu/sectors/cosmetics/cosmetic-ingredient-database_en,2026-07-12
cetyl_palmitate,세틸팔미테이트,Cetyl Palmitate,592,592,,,exact_name,CETYL PALMITATE,FRAGRANCE|SKIN CONDITIONING|SKIN CONDITIONING - EMOLLIENT,,0,effect_moisture_barrier,effect_moisture_barrier:medium:SKIN CONDITIONING - EMOLLIENT,Y,Y,N,N,N,P2_initial_evidence,candidate_unverified,CosIng 기능은 후보 선별 신호일 뿐 논문 근거나 점수 승인 아님,https://single-market-economy.ec.europa.eu/sectors/cosmetics/cosmetic-ingredient-database_en,2026-07-12
dimethyl_isosorbide,다이메틸아이소소바이드,Dimethyl Isosorbide,592,592,,,exact_name,DIMETHYL ISOSORBIDE,SOLVENT|VISCOSITY CONTROLLING,,0,,,N,Y,N,N,N,not_selected,candidate_unverified,CosIng 기능은 후보 선별 신호일 뿐 논문 근거나 점수 승인 아님,https://single-market-economy.ec.europa.eu/sectors/cosmetics/cosmetic-ingredient-database_en,2026-07-12
sunset_yellow_fcf,황색5호,Sunset Yellow FCF,590,590,,,not_matched,,,,0,,,N,N,N,Y,Y,not_selected,candidate_unverified,CosIng 기능은 후보 선별 신호일 뿐 논문 근거나 점수 승인 아님,,
hydrolyzed_quinoa,하이드롤라이즈드퀴노아,Hydrolyzed Quinoa,589,589,,,exact_name,HYDROLYZED QUINOA,SKIN CONDITIONING,,0,,,N,N,N,Y,N,not_selected,candidate_unverified,CosIng 기능은 후보 선별 신호일 뿐 논문 근거나 점수 승인 아님,https://single-market-economy.ec.europa.eu/sectors/cosmetics/cosmetic-ingredient-database_en,2026-07-12
polyacrylamide,폴리아크릴아마이드,Polyacrylamide,589,589,,,exact_name,POLYACRYLAMIDE,ANTISTATIC|BINDING|FILM FORMING,III/66,0,,,N,Y,Y,N,N,not_selected,candidate_unverified,CosIng 기능은 후보 선별 신호일 뿐 논문 근거나 점수 승인 아님,https://single-market-economy.ec.europa.eu/sectors/cosmetics/cosmetic-ingredient-database_en,2026-07-12
terpineol,터피네올,Terpineol,587,587,,,exact_name,TERPINEOL,FRAGRANCE|PERFUMING,III/343,0,,,N,Y,Y,N,N,not_selected,candidate_unverified,CosIng 기능은 후보 선별 신호일 뿐 논문 근거나 점수 승인 아님,https://single-market-economy.ec.europa.eu/sectors/cosmetics/cosmetic-ingredient-database_en,2026-07-12
cocamidopropyl_hydroxysultaine,코카미도프로필하이드록시설테인,Cocamidopropyl Hydroxysultaine,586,586,,,exact_name,COCAMIDOPROPYL HYDROXYSULTAINE,ANTISTATIC|CLEANSING|HAIR CONDITIONING|SKIN CONDITIONING|SURFACTANT - CLEANSING|SURFACTANT - FOAM BOOSTING|VISCOSITY CONTROLLING,,0,,,N,Y,N,N,N,not_selected,candidate_unverified,CosIng 기능은 후보 선별 신호일 뿐 논문 근거나 점수 승인 아님,https://single-market-economy.ec.europa.eu/sectors/cosmetics/cosmetic-ingredient-database_en,2026-07-12
dicalcium_phosphate,다이칼슘포스페이트,Dicalcium Phosphate,585,585,,,exact_name,DICALCIUM PHOSPHATE,ABRASIVE|BULKING|OPACIFYING|ORAL CARE,,0,,,N,Y,N,N,N,not_selected,candidate_unverified,CosIng 기능은 후보 선별 신호일 뿐 논문 근거나 점수 승인 아님,https://single-market-economy.ec.europa.eu/sectors/cosmetics/cosmetic-ingredient-database_en,2026-07-12
lactic_acid,락틱애씨드,Lactic Acid,585,585,,,exact_name,LACTIC ACID,BUFFERING|HUMECTANT|SKIN CONDITIONING,,2,effect_moisture_barrier,effect_moisture_barrier:high:HUMECTANT,Y,Y,Y,N,N,P1_initial_evidence,candidate_unverified,CosIng 기능은 후보 선별 신호일 뿐 논문 근거나 점수 승인 아님,https://single-market-economy.ec.europa.eu/sectors/cosmetics/cosmetic-ingredient-database_en,2026-07-12
aluminum_starch_octenylsuccinate,알루미늄전분옥테닐석시네이트,Aluminum Starch Octenylsuccinate,581,581,,,exact_name,ALUMINUM STARCH OCTENYLSUCCINATE,ABSORBENT|ANTICAKING|VISCOSITY CONTROLLING,,0,,,N,Y,N,N,N,not_selected,candidate_unverified,CosIng 기능은 후보 선별 신호일 뿐 논문 근거나 점수 승인 아님,https://single-market-economy.ec.europa.eu/sectors/cosmetics/cosmetic-ingredient-database_en,2026-07-12
peg_8,피이지-8,PEG-8,581,581,,,exact_name,PEG-8,HUMECTANT|SOLVENT,,0,effect_moisture_barrier,effect_moisture_barrier:high:HUMECTANT,Y,Y,N,N,N,P1_initial_evidence,candidate_unverified,CosIng 기능은 후보 선별 신호일 뿐 논문 근거나 점수 승인 아님,https://single-market-economy.ec.europa.eu/sectors/cosmetics/cosmetic-ingredient-database_en,2026-07-12
chamomilla_recutita_matricaria_flower_extract,마트리카리아꽃추출물,Chamomilla Recutita (Matricaria) Flower Extract,578,578,,,official_name_variant,CHAMOMILLA RECUTITA FLOWER EXTRACT,FRAGRANCE|SKIN CONDITIONING,,0,,,N,Y,N,N,N,not_selected,candidate_unverified,CosIng 기능은 후보 선별 신호일 뿐 논문 근거나 점수 승인 아님,https://single-market-economy.ec.europa.eu/sectors/cosmetics/cosmetic-ingredient-database_en,2026-07-12
dibutyl_adipate,다이부틸아디페이트,Dibutyl Adipate,578,578,,,exact_name,DIBUTYL ADIPATE,FILM FORMING|PLASTICISER|SKIN CONDITIONING|SKIN CONDITIONING - EMOLLIENT|SOLVENT,,0,effect_moisture_barrier,effect_moisture_barrier:medium:SKIN CONDITIONING - EMOLLIENT,Y,Y,N,N,N,P2_initial_evidence,candidate_unverified,CosIng 기능은 후보 선별 신호일 뿐 논문 근거나 점수 승인 아님,https://single-market-economy.ec.europa.eu/sectors/cosmetics/cosmetic-ingredient-database_en,2026-07-12
ethylhexyl_triazone,에칠헥실트리아존,Ethylhexyl Triazone,577,577,,,exact_name,ETHYLHEXYL TRIAZONE,LIGHT STABILIZER|UV ABSORBER|UV FILTER,VI/15,0,,,N,Y,Y,N,N,not_selected,candidate_unverified,CosIng 기능은 후보 선별 신호일 뿐 논문 근거나 점수 승인 아님,https://single-market-economy.ec.europa.eu/sectors/cosmetics/cosmetic-ingredient-database_en,2026-07-12
ethylene_propylene_styrene_copolymer,에틸렌/프로필렌/스타이렌코폴리머,Ethylene/Propylene/Styrene Copolymer,576,576,,,exact_name,ETHYLENE/PROPYLENE/STYRENE COPOLYMER,VISCOSITY CONTROLLING,,0,,,N,Y,N,N,N,not_selected,candidate_unverified,CosIng 기능은 후보 선별 신호일 뿐 논문 근거나 점수 승인 아님,https://single-market-economy.ec.europa.eu/sectors/cosmetics/cosmetic-ingredient-database_en,2026-07-12
polyglyceryl_4_diisostearate_polyhydroxystearate_sebacate,폴리글리세릴-4다이아이소스테아레이트/폴리하이드록시스 테아레이트/세바케이트,Polyglyceryl-4 Diisostearate/Polyhydroxystearate/Sebacate,576,576,,,exact_name,POLYGLYCERYL-4 DIISOSTEARATE/POLYHYDROXYSTEARATE/SEBACATE,EMULSION STABILISING|SURFACTANT - CLEANSING|SURFACTANT - EMULSIFYING,,0,,,N,Y,N,N,N,not_selected,candidate_unverified,CosIng 기능은 후보 선별 신호일 뿐 논문 근거나 점수 승인 아님,https://single-market-economy.ec.europa.eu/sectors/cosmetics/cosmetic-ingredient-database_en,2026-07-12
zea_mays_corn_starch,옥수수전분,Zea Mays (Corn) Starch,572,572,,,official_name_variant,ZEA MAYS STARCH,ABRASIVE|ABSORBENT|ANTICAKING|SKIN PROTECTING|VISCOSITY CONTROLLING,,0,effect_moisture_barrier,effect_moisture_barrier:medium:SKIN PROTECTING,Y,Y,N,N,N,P2_initial_evidence,candidate_unverified,CosIng 기능은 후보 선별 신호일 뿐 논문 근거나 점수 승인 아님,https://single-market-economy.ec.europa.eu/sectors/cosmetics/cosmetic-ingredient-database_en,2026-07-12
zinc_pca,징크PCA,Zinc PCA,572,572,effect_acne_sebum|effect_moisture_barrier,,exact_name,ZINC PCA,HUMECTANT|SKIN CONDITIONING,III/24,0,effect_acne_sebum|effect_moisture_barrier,effect_moisture_barrier:high:HUMECTANT|effect_acne_sebum:current_runtime|effect_moisture_barrier:current_runtime,Y,N,Y,N,N,current_runtime,existing_runtime,CosIng 기능은 후보 선별 신호일 뿐 논문 근거나 점수 승인 아님,https://single-market-economy.ec.europa.eu/sectors/cosmetics/cosmetic-ingredient-database_en,2026-07-12
lithol_rubine_bca,적색202호,Lithol Rubine BCA,569,569,,,not_matched,,,,0,,,N,N,N,Y,Y,not_selected,candidate_unverified,CosIng 기능은 후보 선별 신호일 뿐 논문 근거나 점수 승인 아님,,
polyglyceryl_4_caprate,폴리글리세릴-4카프레이트,Polyglyceryl-4 Caprate,568,568,,,exact_name,POLYGLYCERYL-4 CAPRATE,SURFACTANT - EMULSIFYING,,0,,,N,Y,N,N,N,not_selected,candidate_unverified,CosIng 기능은 후보 선별 신호일 뿐 논문 근거나 점수 승인 아님,https://single-market-economy.ec.europa.eu/sectors/cosmetics/cosmetic-ingredient-database_en,2026-07-12
diamond_powder,다이아몬드가루,Diamond Powder,567,567,,,exact_name,DIAMOND POWDER,ABRASIVE,,0,,,N,Y,N,N,N,not_selected,candidate_unverified,CosIng 기능은 후보 선별 신호일 뿐 논문 근거나 점수 승인 아님,https://single-market-economy.ec.europa.eu/sectors/cosmetics/cosmetic-ingredient-database_en,2026-07-12
eucalyptus_globulus_leaf_oil,유칼립투스잎오일,Eucalyptus Globulus Leaf Oil,565,565,,,exact_name,EUCALYPTUS GLOBULUS LEAF OIL,PERFUMING|SKIN CONDITIONING,III/355,0,,,N,Y,Y,N,N,not_selected,candidate_unverified,CosIng 기능은 후보 선별 신호일 뿐 논문 근거나 점수 승인 아님,https://single-market-economy.ec.europa.eu/sectors/cosmetics/cosmetic-ingredient-database_en,2026-07-12
myristic_acid,미리스틱애씨드,Myristic Acid,562,562,,,exact_name,MYRISTIC ACID,FRAGRANCE|OPACIFYING|PERFUMING|SURFACTANT - CLEANSING,,0,,,N,Y,N,N,N,not_selected,candidate_unverified,CosIng 기능은 후보 선별 신호일 뿐 논문 근거나 점수 승인 아님,https://single-market-economy.ec.europa.eu/sectors/cosmetics/cosmetic-ingredient-database_en,2026-07-12
aloe_barbadensis_leaf_juice_powder,알로에베라잎즙가루,Aloe Barbadensis Leaf Juice Powder,558,558,,,exact_name,ALOE BARBADENSIS LEAF JUICE POWDER,SKIN CONDITIONING,,0,,,N,N,N,Y,N,not_selected,candidate_unverified,CosIng 기능은 후보 선별 신호일 뿐 논문 근거나 점수 승인 아님,https://single-market-economy.ec.europa.eu/sectors/cosmetics/cosmetic-ingredient-database_en,2026-07-12
daucus_carota_sativa_carrot_root_extract,당근추출물,Daucus Carota Sativa (Carrot) Root Extract,552,552,,,official_name_variant,DAUCUS CAROTA SATIVA ROOT EXTRACT,SKIN CONDITIONING,,0,,,N,N,N,Y,N,not_selected,candidate_unverified,CosIng 기능은 후보 선별 신호일 뿐 논문 근거나 점수 승인 아님,https://single-market-economy.ec.europa.eu/sectors/cosmetics/cosmetic-ingredient-database_en,2026-07-12
gardenia_florida_fruit_extract,치자추출물,Gardenia Florida Fruit Extract,551,551,,,exact_name,GARDENIA FLORIDA FRUIT EXTRACT,SKIN CONDITIONING,,0,,,N,N,N,Y,N,not_selected,candidate_unverified,CosIng 기능은 후보 선별 신호일 뿐 논문 근거나 점수 승인 아님,https://single-market-economy.ec.europa.eu/sectors/cosmetics/cosmetic-ingredient-database_en,2026-07-12
tyrosine,타이로신,Tyrosine,551,551,,,exact_name,TYROSINE,ANTISTATIC|FRAGRANCE|HAIR CONDITIONING|SKIN CONDITIONING,,0,,,N,Y,N,N,N,not_selected,candidate_unverified,CosIng 기능은 후보 선별 신호일 뿐 논문 근거나 점수 승인 아님,https://single-market-economy.ec.europa.eu/sectors/cosmetics/cosmetic-ingredient-database_en,2026-07-12
fructose,프룩토오스,Fructose,549,549,,,exact_name,FRUCTOSE,HUMECTANT,,0,effect_moisture_barrier,effect_moisture_barrier:high:HUMECTANT,Y,N,N,N,N,P1_initial_evidence,candidate_unverified,CosIng 기능은 후보 선별 신호일 뿐 논문 근거나 점수 승인 아님,https://single-market-economy.ec.europa.eu/sectors/cosmetics/cosmetic-ingredient-database_en,2026-07-12
tridecyl_trimellitate,트라이데실트라이멜리테이트,Tridecyl Trimellitate,549,549,,,exact_name,TRIDECYL TRIMELLITATE,SKIN CONDITIONING|SKIN CONDITIONING - EMOLLIENT,,0,effect_moisture_barrier,effect_moisture_barrier:medium:SKIN CONDITIONING - EMOLLIENT,Y,N,N,N,N,P2_initial_evidence,candidate_unverified,CosIng 기능은 후보 선별 신호일 뿐 논문 근거나 점수 승인 아님,https://single-market-economy.ec.europa.eu/sectors/cosmetics/cosmetic-ingredient-database_en,2026-07-12
portulaca_oleracea_extract,쇠비름추출물,Portulaca Oleracea Extract,548,548,,,exact_name,PORTULACA OLERACEA EXTRACT,SKIN CONDITIONING,,0,,,N,N,N,Y,N,not_selected,candidate_unverified,CosIng 기능은 후보 선별 신호일 뿐 논문 근거나 점수 승인 아님,https://single-market-economy.ec.europa.eu/sectors/cosmetics/cosmetic-ingredient-database_en,2026-07-12
magnesium_myristate,마그네슘미리스테이트,Magnesium Myristate,546,546,,,exact_name,MAGNESIUM MYRISTATE,ANTICAKING|OPACIFYING|VISCOSITY CONTROLLING,,0,,,N,Y,N,N,N,not_selected,candidate_unverified,CosIng 기능은 후보 선별 신호일 뿐 논문 근거나 점수 승인 아님,https://single-market-economy.ec.europa.eu/sectors/cosmetics/cosmetic-ingredient-database_en,2026-07-12
quaternium_90_bentonite,쿼터늄-90벤토나이트,Quaternium-90 Bentonite,546,546,,,exact_name,QUATERNIUM-90 BENTONITE,VISCOSITY CONTROLLING,,0,,,N,Y,N,N,N,not_selected,candidate_unverified,CosIng 기능은 후보 선별 신호일 뿐 논문 근거나 점수 승인 아님,https://single-market-economy.ec.europa.eu/sectors/cosmetics/cosmetic-ingredient-database_en,2026-07-12
ulmus_davidiana_root_extract,당느릅나무뿌리추출물,Ulmus Davidiana Root Extract,546,546,,,exact_name,ULMUS DAVIDIANA ROOT EXTRACT,SKIN CONDITIONING,,0,,,N,N,N,Y,N,not_selected,candidate_unverified,CosIng 기능은 후보 선별 신호일 뿐 논문 근거나 점수 승인 아님,https://single-market-economy.ec.europa.eu/sectors/cosmetics/cosmetic-ingredient-database_en,2026-07-12
c9_12_alkane,C9-12알케인,C9-12 Alkane,545,545,,,exact_name,C9-12 ALKANE,HAIR CONDITIONING|SKIN CONDITIONING - EMOLLIENT|SKIN CONDITIONING - MISCELLANEOUS|SKIN CONDITIONING - OCCLUSIVE|SOLVENT,"Please consider whether entry 875 of Annex II to the Cosmetics Regulation 1223/2009 is applicable. According to entry 875, Distillates (petroleum), hydrotreated middle, except if the full refining history is known and it can be shown that the substance from which it is produced is not a carcinogen.",0,effect_moisture_barrier,effect_moisture_barrier:medium:SKIN CONDITIONING - EMOLLIENT+SKIN CONDITIONING - OCCLUSIVE,Y,Y,Y,N,N,P2_initial_evidence,candidate_unverified,CosIng 기능은 후보 선별 신호일 뿐 논문 근거나 점수 승인 아님,https://single-market-economy.ec.europa.eu/sectors/cosmetics/cosmetic-ingredient-database_en,2026-07-12
phenylpropanol,페닐프로판올,Phenylpropanol,544,544,,,exact_name,PHENYLPROPANOL,FRAGRANCE|PERFUMING|SOLVENT,,0,,,N,Y,N,N,N,not_selected,candidate_unverified,CosIng 기능은 후보 선별 신호일 뿐 논문 근거나 점수 승인 아님,https://single-market-economy.ec.europa.eu/sectors/cosmetics/cosmetic-ingredient-database_en,2026-07-12
magnesium_ascorbyl_phosphate,마그네슘아스코빌포스페이트,Magnesium Ascorbyl Phosphate,542,542,,,exact_name,MAGNESIUM ASCORBYL PHOSPHATE,ANTIOXIDANT|SKIN CONDITIONING,,0,,,N,N,N,Y,N,not_selected,candidate_unverified,CosIng 기능은 후보 선별 신호일 뿐 논문 근거나 점수 승인 아님,https://single-market-economy.ec.europa.eu/sectors/cosmetics/cosmetic-ingredient-database_en,2026-07-12
ammonium_polyacryloyldimethyl_taurate,암모늄폴리아크릴로일다이메틸타우레이트,Ammonium Polyacryloyldimethyl Taurate,540,540,,,exact_name,AMMONIUM POLYACRYLOYLDIMETHYL TAURATE,EMULSION STABILISING|VISCOSITY CONTROLLING,,0,,,N,Y,N,N,N,not_selected,candidate_unverified,CosIng 기능은 후보 선별 신호일 뿐 논문 근거나 점수 승인 아님,https://single-market-economy.ec.europa.eu/sectors/cosmetics/cosmetic-ingredient-database_en,2026-07-12
microcrystalline_cellulose,마이크로크리스탈린셀룰로오스,Microcrystalline Cellulose,539,539,,,exact_name,MICROCRYSTALLINE CELLULOSE,ABRASIVE|ABSORBENT|ANTICAKING|BULKING|EMULSION STABILISING|LIGHT STABILIZER|OPACIFYING|VISCOSITY CONTROLLING,,0,,,N,Y,N,N,N,not_selected,candidate_unverified,CosIng 기능은 후보 선별 신호일 뿐 논문 근거나 점수 승인 아님,https://single-market-economy.ec.europa.eu/sectors/cosmetics/cosmetic-ingredient-database_en,2026-07-12
butylene_glycol_dicaprylate_dicaprate,부틸렌글라이콜다이카프릴레이트/다이카프레이트,Butylene Glycol Dicaprylate/Dicaprate,538,538,,,exact_name,BUTYLENE GLYCOL DICAPRYLATE/DICAPRATE,SKIN CONDITIONING|SKIN CONDITIONING - EMOLLIENT,,0,effect_moisture_barrier,effect_moisture_barrier:medium:SKIN CONDITIONING - EMOLLIENT,Y,N,N,N,N,P2_initial_evidence,candidate_unverified,CosIng 기능은 후보 선별 신호일 뿐 논문 근거나 점수 승인 아님,https://single-market-economy.ec.europa.eu/sectors/cosmetics/cosmetic-ingredient-database_en,2026-07-12
cysteine,시스테인,Cysteine,536,536,,,exact_name,CYSTEINE,ANTIOXIDANT|ANTISTATIC|FRAGRANCE|HAIR CONDITIONING|HAIR WAVING OR STRAIGHTENING|REDUCING,,0,,,N,Y,N,N,N,not_selected,candidate_unverified,CosIng 기능은 후보 선별 신호일 뿐 논문 근거나 점수 승인 아님,https://single-market-economy.ec.europa.eu/sectors/cosmetics/cosmetic-ingredient-database_en,2026-07-12
sodium_lauroyl_glutamate,소듐라우로일글루타메이트,Sodium Lauroyl Glutamate,536,536,,,exact_name,SODIUM LAUROYL GLUTAMATE,ANTISTATIC|HAIR CONDITIONING|SURFACTANT - CLEANSING,,0,,,N,Y,N,N,N,not_selected,candidate_unverified,CosIng 기능은 후보 선별 신호일 뿐 논문 근거나 점수 승인 아님,https://single-market-economy.ec.europa.eu/sectors/cosmetics/cosmetic-ingredient-database_en,2026-07-12
biosaccharide_gum_1,바이오사카라이드검-1,Biosaccharide Gum-1,534,534,,,exact_name,BIOSACCHARIDE GUM-1,SKIN CONDITIONING,,0,,,N,N,N,Y,N,not_selected,candidate_unverified,CosIng 기능은 후보 선별 신호일 뿐 논문 근거나 점수 승인 아님,https://single-market-economy.ec.europa.eu/sectors/cosmetics/cosmetic-ingredient-database_en,2026-07-12
auricula_vitis_labrusca_fruit_helianthus_tuberosus_tub_kcia_6682,아이소아밀라우레이트,Auricula/Vitis Labrusca Fruit/Helianthus Tuberosus Tuber Ferment Extract Isoamyl Laurate,532,532,,,not_matched,,,,0,,,N,N,N,Y,Y,not_selected,candidate_unverified,CosIng 기능은 후보 선별 신호일 뿐 논문 근거나 점수 승인 아님,,
hydrogenated_ethylhexyl_olivate,하이드로제네이티드에틸헥실올리베이트,Hydrogenated Ethylhexyl Olivate,532,532,,,exact_name,HYDROGENATED ETHYLHEXYL OLIVATE,SKIN CONDITIONING|SKIN CONDITIONING - EMOLLIENT,,0,effect_moisture_barrier,effect_moisture_barrier:medium:SKIN CONDITIONING - EMOLLIENT,Y,N,N,N,N,P2_initial_evidence,candidate_unverified,CosIng 기능은 후보 선별 신호일 뿐 논문 근거나 점수 승인 아님,https://single-market-economy.ec.europa.eu/sectors/cosmetics/cosmetic-ingredient-database_en,2026-07-12
sorbitan_sesquiisostearate,솔비탄세스퀴아이소스테아레이트,Sorbitan Sesquiisostearate,531,531,,,exact_name,SORBITAN SESQUIISOSTEARATE,SURFACTANT - EMULSIFYING,,0,,,N,Y,N,N,N,not_selected,candidate_unverified,CosIng 기능은 후보 선별 신호일 뿐 논문 근거나 점수 승인 아님,https://single-market-economy.ec.europa.eu/sectors/cosmetics/cosmetic-ingredient-database_en,2026-07-12
barium_sulfate,바륨설페이트,Barium Sulfate,530,530,,,exact_name,BARIUM SULFATE,COLORANT|OPACIFYING,IV/122,0,,,N,Y,Y,N,N,not_selected,candidate_unverified,CosIng 기능은 후보 선별 신호일 뿐 논문 근거나 점수 승인 아님,https://single-market-economy.ec.europa.eu/sectors/cosmetics/cosmetic-ingredient-database_en,2026-07-12
sodium_cocoyl_glutamate,소듐코코일글루타메이트,Sodium Cocoyl Glutamate,529,529,,,exact_name,SODIUM COCOYL GLUTAMATE,CLEANSING|SURFACTANT - CLEANSING,,0,,,N,Y,N,N,N,not_selected,candidate_unverified,CosIng 기능은 후보 선별 신호일 뿐 논문 근거나 점수 승인 아님,https://single-market-economy.ec.europa.eu/sectors/cosmetics/cosmetic-ingredient-database_en,2026-07-12
3_o_ethyl_ascorbic_acid,3-O-에틸아스코빅애씨드,3-O-Ethyl Ascorbic Acid,526,526,,,exact_name,3-O-ETHYL ASCORBIC ACID,SKIN CONDITIONING,,0,,,N,N,N,Y,N,not_selected,candidate_unverified,CosIng 기능은 후보 선별 신호일 뿐 논문 근거나 점수 승인 아님,https://single-market-economy.ec.europa.eu/sectors/cosmetics/cosmetic-ingredient-database_en,2026-07-12
prunus_armeniaca_apricot_kernel_oil,살구씨오일,Prunus Armeniaca (Apricot) Kernel Oil,525,525,,,official_name_variant,PRUNUS ARMENIACA KERNEL OIL,FRAGRANCE|SKIN CONDITIONING,,0,,,N,Y,N,N,N,not_selected,candidate_unverified,CosIng 기능은 후보 선별 신호일 뿐 논문 근거나 점수 승인 아님,https://single-market-economy.ec.europa.eu/sectors/cosmetics/cosmetic-ingredient-database_en,2026-07-12
sodium_levulinate,소듐레불리네이트,Sodium Levulinate,521,521,,,exact_name,SODIUM LEVULINATE,SKIN CONDITIONING - MISCELLANEOUS,,0,,,N,N,N,Y,N,not_selected,candidate_unverified,CosIng 기능은 후보 선별 신호일 뿐 논문 근거나 점수 승인 아님,https://single-market-economy.ec.europa.eu/sectors/cosmetics/cosmetic-ingredient-database_en,2026-07-12
centella_asiatica_leaf_extract,병풀잎추출물,Centella Asiatica Leaf Extract,520,520,,,exact_name,CENTELLA ASIATICA LEAF EXTRACT,SKIN CONDITIONING,,0,,,N,N,N,Y,N,not_selected,candidate_unverified,CosIng 기능은 후보 선별 신호일 뿐 논문 근거나 점수 승인 아님,https://single-market-economy.ec.europa.eu/sectors/cosmetics/cosmetic-ingredient-database_en,2026-07-12
hibiscus_sabdariffa_flower_extract,히비스커스꽃추출물,Hibiscus Sabdariffa Flower Extract,520,520,,,exact_name,HIBISCUS SABDARIFFA FLOWER EXTRACT,SKIN CONDITIONING,,0,,,N,N,N,Y,N,not_selected,candidate_unverified,CosIng 기능은 후보 선별 신호일 뿐 논문 근거나 점수 승인 아님,https://single-market-economy.ec.europa.eu/sectors/cosmetics/cosmetic-ingredient-database_en,2026-07-12
benzophenone_4,벤조페논-4,Benzophenone-4,519,519,,,exact_name,BENZOPHENONE-4,LIGHT STABILIZER|UV ABSORBER|UV FILTER,VI/22,0,,,N,Y,Y,N,N,not_selected,candidate_unverified,CosIng 기능은 후보 선별 신호일 뿐 논문 근거나 점수 승인 아님,https://single-market-economy.ec.europa.eu/sectors/cosmetics/cosmetic-ingredient-database_en,2026-07-12
methylchloroisothiazolinone,메칠클로로이소치아졸리논,Methylchloroisothiazolinone,516,516,,,exact_name,METHYLCHLOROISOTHIAZOLINONE,PRESERVATIVE,V/39,0,,,N,Y,Y,N,N,not_selected,candidate_unverified,CosIng 기능은 후보 선별 신호일 뿐 논문 근거나 점수 승인 아님,https://single-market-economy.ec.europa.eu/sectors/cosmetics/cosmetic-ingredient-database_en,2026-07-12
polyglutamic_acid,폴리글루타믹애씨드,Polyglutamic Acid,516,516,,,exact_name,POLYGLUTAMIC ACID,SKIN CONDITIONING,,0,,,N,N,N,Y,N,not_selected,candidate_unverified,CosIng 기능은 후보 선별 신호일 뿐 논문 근거나 점수 승인 아님,https://single-market-economy.ec.europa.eu/sectors/cosmetics/cosmetic-ingredient-database_en,2026-07-12
zinc_gluconate,징크글루코네이트,Zinc Gluconate,515,515,,,exact_name,ZINC GLUCONATE,ANTIMICROBIAL|DEODORANT|ORAL CARE|SKIN CONDITIONING,III/24,0,,,N,Y,Y,N,N,not_selected,candidate_unverified,CosIng 기능은 후보 선별 신호일 뿐 논문 근거나 점수 승인 아님,https://single-market-economy.ec.europa.eu/sectors/cosmetics/cosmetic-ingredient-database_en,2026-07-12
diisopropyl_sebacate,다이아이소프로필세바케이트,Diisopropyl Sebacate,514,514,,,exact_name,DIISOPROPYL SEBACATE,PLASTICISER|SKIN CONDITIONING|SKIN CONDITIONING - EMOLLIENT|SOLVENT,,0,effect_moisture_barrier,effect_moisture_barrier:medium:SKIN CONDITIONING - EMOLLIENT,Y,Y,N,N,N,P2_initial_evidence,candidate_unverified,CosIng 기능은 후보 선별 신호일 뿐 논문 근거나 점수 승인 아님,https://single-market-economy.ec.europa.eu/sectors/cosmetics/cosmetic-ingredient-database_en,2026-07-12
palmitoyl_pentapeptide_4,팔미토일펜타펩타이드-4,Palmitoyl Pentapeptide-4,513,513,,,exact_name,PALMITOYL PENTAPEPTIDE-4,SKIN CONDITIONING,,0,,,N,N,N,Y,N,not_selected,candidate_unverified,CosIng 기능은 후보 선별 신호일 뿐 논문 근거나 점수 승인 아님,https://single-market-economy.ec.europa.eu/sectors/cosmetics/cosmetic-ingredient-database_en,2026-07-12
sodium_acetate,소듐아세테이트,Sodium Acetate,513,513,,,exact_name,SODIUM ACETATE,BUFFERING|FRAGRANCE,,0,,,N,Y,N,N,N,not_selected,candidate_unverified,CosIng 기능은 후보 선별 신호일 뿐 논문 근거나 점수 승인 아님,https://single-market-economy.ec.europa.eu/sectors/cosmetics/cosmetic-ingredient-database_en,2026-07-12
vp_va_copolymer,브이피/브이에이코폴리머,VP/VA Copolymer,512,512,,,exact_name,VP/VA COPOLYMER,BINDING|FILM FORMING|HAIR FIXING,,0,,,N,Y,N,N,N,not_selected,candidate_unverified,CosIng 기능은 후보 선별 신호일 뿐 논문 근거나 점수 승인 아님,https://single-market-economy.ec.europa.eu/sectors/cosmetics/cosmetic-ingredient-database_en,2026-07-12
capryloyl_salicylic_acid,카프릴로일살리실릭애씨드,Capryloyl Salicylic Acid,506,506,,exfoliant_caution,exact_name,CAPRYLOYL SALICYLIC ACID,SKIN CONDITIONING,,0,,,N,N,Y,N,N,not_selected,candidate_unverified,CosIng 기능은 후보 선별 신호일 뿐 논문 근거나 점수 승인 아님,https://single-market-economy.ec.europa.eu/sectors/cosmetics/cosmetic-ingredient-database_en,2026-07-12
chondrus_crispus_extract,아이리쉬모스추출물,Chondrus Crispus Extract,504,504,,,exact_name,CHONDRUS CRISPUS EXTRACT,SKIN CONDITIONING|VISCOSITY CONTROLLING,,0,,,N,Y,N,N,N,not_selected,candidate_unverified,CosIng 기능은 후보 선별 신호일 뿐 논문 근거나 점수 승인 아님,https://single-market-economy.ec.europa.eu/sectors/cosmetics/cosmetic-ingredient-database_en,2026-07-12
cocamide_mipa,코카마이드미파,Cocamide MIPA,502,502,,,exact_name,COCAMIDE MIPA,EMULSION STABILISING|SURFACTANT - CLEANSING|SURFACTANT - EMULSIFYING|SURFACTANT - FOAM BOOSTING|VISCOSITY CONTROLLING,,0,,,N,Y,N,N,N,not_selected,candidate_unverified,CosIng 기능은 후보 선별 신호일 뿐 논문 근거나 점수 승인 아님,https://single-market-economy.ec.europa.eu/sectors/cosmetics/cosmetic-ingredient-database_en,2026-07-12
fructooligosaccharides,프룩토올리고사카라이드,Fructooligosaccharides,502,502,,,exact_name,FRUCTOOLIGOSACCHARIDES,HUMECTANT|SKIN CONDITIONING,,0,effect_moisture_barrier,effect_moisture_barrier:high:HUMECTANT,Y,N,N,N,N,P1_initial_evidence,candidate_unverified,CosIng 기능은 후보 선별 신호일 뿐 논문 근거나 점수 승인 아님,https://single-market-economy.ec.europa.eu/sectors/cosmetics/cosmetic-ingredient-database_en,2026-07-12
citrus_aurantium_dulcis_orange_fruit_extract,오렌지추출물,Citrus Aurantium Dulcis (Orange) Fruit Extract,501,501,,,official_name_variant,CITRUS AURANTIUM DULCIS FRUIT EXTRACT,FRAGRANCE|SKIN CONDITIONING,,0,,,N,Y,N,N,N,not_selected,candidate_unverified,CosIng 기능은 후보 선별 신호일 뿐 논문 근거나 점수 승인 아님,https://single-market-economy.ec.europa.eu/sectors/cosmetics/cosmetic-ingredient-database_en,2026-07-12
vp_hexadecene_copolymer,브이피/헥사데센코폴리머,VP/Hexadecene Copolymer,500,500,,,exact_name,VP/HEXADECENE COPOLYMER,BINDING|DISPERSING NON-SURFACTANT|FILM FORMING|HAIR FIXING|VISCOSITY CONTROLLING,,0,,,N,Y,N,N,N,not_selected,candidate_unverified,CosIng 기능은 후보 선별 신호일 뿐 논문 근거나 점수 승인 아님,https://single-market-economy.ec.europa.eu/sectors/cosmetics/cosmetic-ingredient-database_en,2026-07-12
laureth_4,라우레스-4,Laureth-4,495,495,,,exact_name,LAURETH-4,ANTISTATIC|FRAGRANCE|SURFACTANT - CLEANSING|SURFACTANT - EMULSIFYING,,0,,,N,Y,N,N,N,not_selected,candidate_unverified,CosIng 기능은 후보 선별 신호일 뿐 논문 근거나 점수 승인 아님,https://single-market-economy.ec.europa.eu/sectors/cosmetics/cosmetic-ingredient-database_en,2026-07-12
potassium_chloride,포타슘클로라이드,Potassium Chloride,495,495,,,exact_name,POTASSIUM CHLORIDE,VISCOSITY CONTROLLING,,0,,,N,Y,N,N,N,not_selected,candidate_unverified,CosIng 기능은 후보 선별 신호일 뿐 논문 근거나 점수 승인 아님,https://single-market-economy.ec.europa.eu/sectors/cosmetics/cosmetic-ingredient-database_en,2026-07-12
c11_15_alketh_7,C11-15알케스-7,C11-15 Alketh-7,492,492,,,exact_name,C11-15 ALKETH-7,SURFACTANT - EMULSIFYING,,0,,,N,Y,N,N,N,not_selected,candidate_unverified,CosIng 기능은 후보 선별 신호일 뿐 논문 근거나 점수 승인 아님,https://single-market-economy.ec.europa.eu/sectors/cosmetics/cosmetic-ingredient-database_en,2026-07-12
c13_14_isoalkane,C13-14아이소알케인,C13-14 Isoalkane,491,491,,,exact_name,C13-14 ISOALKANE,SKIN CONDITIONING - MISCELLANEOUS|SOLVENT,,0,,,N,Y,N,N,N,not_selected,candidate_unverified,CosIng 기능은 후보 선별 신호일 뿐 논문 근거나 점수 승인 아님,https://single-market-economy.ec.europa.eu/sectors/cosmetics/cosmetic-ingredient-database_en,2026-07-12
sodium_dna,소듐디엔에이,Sodium DNA,489,489,,,exact_name,SODIUM DNA,SKIN CONDITIONING,,0,,,N,N,N,Y,N,not_selected,candidate_unverified,CosIng 기능은 후보 선별 신호일 뿐 논문 근거나 점수 승인 아님,https://single-market-economy.ec.europa.eu/sectors/cosmetics/cosmetic-ingredient-database_en,2026-07-12
bakuchiol,바쿠치올,Bakuchiol,487,487,,,exact_name,BAKUCHIOL,ANTIMICROBIAL|ANTIOXIDANT|SKIN CONDITIONING|SKIN CONDITIONING - EMOLLIENT,,0,effect_moisture_barrier,effect_moisture_barrier:medium:SKIN CONDITIONING - EMOLLIENT,Y,N,N,N,N,P2_initial_evidence,candidate_unverified,CosIng 기능은 후보 선별 신호일 뿐 논문 근거나 점수 승인 아님,https://single-market-economy.ec.europa.eu/sectors/cosmetics/cosmetic-ingredient-database_en,2026-07-12
melaleuca_alternifolia_tea_tree_leaf_oil,티트리잎오일,Melaleuca Alternifolia (Tea Tree) Leaf Oil,487,487,,,not_matched,,,,0,,,N,N,N,Y,Y,not_selected,candidate_unverified,CosIng 기능은 후보 선별 신호일 뿐 논문 근거나 점수 승인 아님,,
avena_sativa_oat_kernel_extract,귀리커넬추출물,Avena Sativa (Oat) Kernel Extract,486,486,,,official_name_variant,AVENA SATIVA KERNEL EXTRACT,ABRASIVE|ANTIOXIDANT|SKIN CONDITIONING|SKIN CONDITIONING - EMOLLIENT,,0,effect_moisture_barrier,effect_moisture_barrier:medium:SKIN CONDITIONING - EMOLLIENT,Y,Y,N,N,N,P2_initial_evidence,candidate_unverified,CosIng 기능은 후보 선별 신호일 뿐 논문 근거나 점수 승인 아님,https://single-market-economy.ec.europa.eu/sectors/cosmetics/cosmetic-ingredient-database_en,2026-07-12
dextran,덱스트란,Dextran,481,481,,,exact_name,DEXTRAN,BINDING|VISCOSITY CONTROLLING,,0,,,N,Y,N,N,N,not_selected,candidate_unverified,CosIng 기능은 후보 선별 신호일 뿐 논문 근거나 점수 승인 아님,https://single-market-economy.ec.europa.eu/sectors/cosmetics/cosmetic-ingredient-database_en,2026-07-12
oenothera_biennis_evening_primrose_oil,달맞이꽃오일,Oenothera Biennis (Evening Primrose) Oil,481,481,,,official_name_variant,OENOTHERA BIENNIS OIL,SKIN CONDITIONING - EMOLLIENT,,0,effect_moisture_barrier,effect_moisture_barrier:medium:SKIN CONDITIONING - EMOLLIENT,Y,N,N,N,N,P2_initial_evidence,candidate_unverified,CosIng 기능은 후보 선별 신호일 뿐 논문 근거나 점수 승인 아님,https://single-market-economy.ec.europa.eu/sectors/cosmetics/cosmetic-ingredient-database_en,2026-07-12
diethylhexyl_syringylidenemalonate,다이에틸헥실시링질리덴말로네이트,Diethylhexyl Syringylidenemalonate,480,480,,,exact_name,DIETHYLHEXYL SYRINGYLIDENEMALONATE,SKIN PROTECTING,,0,effect_moisture_barrier,effect_moisture_barrier:medium:SKIN PROTECTING,Y,N,N,N,N,P2_initial_evidence,candidate_unverified,CosIng 기능은 후보 선별 신호일 뿐 논문 근거나 점수 승인 아님,https://single-market-economy.ec.europa.eu/sectors/cosmetics/cosmetic-ingredient-database_en,2026-07-12
hydroxypropyl_starch_phosphate,하이드록시프로필스타치포스페이트,Hydroxypropyl Starch Phosphate,478,478,,,exact_name,HYDROXYPROPYL STARCH PHOSPHATE,BULKING|VISCOSITY CONTROLLING,,0,,,N,Y,N,N,N,not_selected,candidate_unverified,CosIng 기능은 후보 선별 신호일 뿐 논문 근거나 점수 승인 아님,https://single-market-economy.ec.europa.eu/sectors/cosmetics/cosmetic-ingredient-database_en,2026-07-12
rosa_damascena_flower_oil,다마스크장미꽃오일,Rosa Damascena Flower Oil,478,478,,,exact_name,ROSA DAMASCENA FLOWER OIL,FRAGRANCE|SKIN CONDITIONING,III/366,0,,,N,Y,Y,N,N,not_selected,candidate_unverified,CosIng 기능은 후보 선별 신호일 뿐 논문 근거나 점수 승인 아님,https://single-market-economy.ec.europa.eu/sectors/cosmetics/cosmetic-ingredient-database_en,2026-07-12
ectoin,엑토인,Ectoin,477,477,,,exact_name,ECTOIN,SKIN CONDITIONING,,0,,,N,N,N,Y,N,not_selected,candidate_unverified,CosIng 기능은 후보 선별 신호일 뿐 논문 근거나 점수 승인 아님,https://single-market-economy.ec.europa.eu/sectors/cosmetics/cosmetic-ingredient-database_en,2026-07-12
coconut_alkanes,코코넛알칸,Coconut Alkanes,476,476,,,exact_name,COCONUT ALKANES,SKIN CONDITIONING - EMOLLIENT|SOLVENT,,0,effect_moisture_barrier,effect_moisture_barrier:medium:SKIN CONDITIONING - EMOLLIENT,Y,Y,N,N,N,P2_initial_evidence,candidate_unverified,CosIng 기능은 후보 선별 신호일 뿐 논문 근거나 점수 승인 아님,https://single-market-economy.ec.europa.eu/sectors/cosmetics/cosmetic-ingredient-database_en,2026-07-12
sodium_acrylate_sodium_acryloyldimethyl_taurate_copolymer,소듐아크릴레이트/소듐아크릴로일다이메틸타우레이트코폴 리머,Sodium Acrylate/Sodium Acryloyldimethyl Taurate Copolymer,474,474,,,exact_name,SODIUM ACRYLATE/SODIUM ACRYLOYLDIMETHYL TAURATE COPOLYMER,ANTICAKING|EMULSION STABILISING|FILM FORMING|OPACIFYING|VISCOSITY CONTROLLING,,0,,,N,Y,N,N,N,not_selected,candidate_unverified,CosIng 기능은 후보 선별 신호일 뿐 논문 근거나 점수 승인 아님,https://single-market-economy.ec.europa.eu/sectors/cosmetics/cosmetic-ingredient-database_en,2026-07-12
fast_acid_magenta,적색227호,Fast Acid Magenta,473,473,,,not_matched,,,,0,,,N,N,N,Y,Y,not_selected,candidate_unverified,CosIng 기능은 후보 선별 신호일 뿐 논문 근거나 점수 승인 아님,,
laminaria_japonica_extract,다시마추출물,Laminaria Japonica Extract,470,470,,,exact_name,LAMINARIA JAPONICA EXTRACT,SKIN PROTECTING,,0,effect_moisture_barrier,effect_moisture_barrier:medium:SKIN PROTECTING,Y,N,N,N,N,P2_initial_evidence,candidate_unverified,CosIng 기능은 후보 선별 신호일 뿐 논문 근거나 점수 승인 아님,https://single-market-economy.ec.europa.eu/sectors/cosmetics/cosmetic-ingredient-database_en,2026-07-12
laminaria_digitata_extract,호스테일켈프추출물,Laminaria Digitata Extract,468,468,,,exact_name,LAMINARIA DIGITATA EXTRACT,SKIN PROTECTING,,0,effect_moisture_barrier,effect_moisture_barrier:medium:SKIN PROTECTING,Y,N,N,N,N,P2_initial_evidence,candidate_unverified,CosIng 기능은 후보 선별 신호일 뿐 논문 근거나 점수 승인 아님,https://single-market-economy.ec.europa.eu/sectors/cosmetics/cosmetic-ingredient-database_en,2026-07-12
passiflora_edulis_seed_oil,패션프룻씨오일,Passiflora Edulis Seed Oil,465,465,,,exact_name,PASSIFLORA EDULIS SEED OIL,SKIN CONDITIONING - EMOLLIENT,,0,effect_moisture_barrier,effect_moisture_barrier:medium:SKIN CONDITIONING - EMOLLIENT,Y,N,N,N,N,P2_initial_evidence,candidate_unverified,CosIng 기능은 후보 선별 신호일 뿐 논문 근거나 점수 승인 아님,https://single-market-economy.ec.europa.eu/sectors/cosmetics/cosmetic-ingredient-database_en,2026-07-12
trisiloxane,트라이실록세인,Trisiloxane,463,463,,,exact_name,TRISILOXANE,ANTIFOAMING|SKIN CONDITIONING - MISCELLANEOUS,,0,,,N,Y,N,N,N,not_selected,candidate_unverified,CosIng 기능은 후보 선별 신호일 뿐 논문 근거나 점수 승인 아님,https://single-market-economy.ec.europa.eu/sectors/cosmetics/cosmetic-ingredient-database_en,2026-07-12
sclerocarya_birrea_seed_oil,마룰라씨오일,Sclerocarya Birrea Seed Oil,459,459,,,exact_name,SCLEROCARYA BIRREA SEED OIL,HAIR CONDITIONING|HUMECTANT,,0,effect_moisture_barrier,effect_moisture_barrier:high:HUMECTANT,Y,Y,N,N,N,P1_initial_evidence,candidate_unverified,CosIng 기능은 후보 선별 신호일 뿐 논문 근거나 점수 승인 아님,https://single-market-economy.ec.europa.eu/sectors/cosmetics/cosmetic-ingredient-database_en,2026-07-12
tranexamic_acid,트라넥사믹애씨드,Tranexamic Acid,436,436,effect_brightening,,exact_name,TRANEXAMIC ACID,ASTRINGENT|SKIN CONDITIONING,,0,effect_brightening,effect_brightening:current_runtime,Y,N,N,N,N,current_runtime,existing_runtime,CosIng 기능은 후보 선별 신호일 뿐 논문 근거나 점수 승인 아님,https://single-market-economy.ec.europa.eu/sectors/cosmetics/cosmetic-ingredient-database_en,2026-07-12
colloidal_oatmeal,콜로이달오트밀,Colloidal Oatmeal,270,270,effect_calming|effect_moisture_barrier,,exact_name,COLLOIDAL OATMEAL,ABRASIVE|ABSORBENT|BULKING|SKIN PROTECTING,,0,effect_calming|effect_moisture_barrier,effect_moisture_barrier:medium:SKIN PROTECTING|effect_calming:current_runtime|effect_moisture_barrier:current_runtime,Y,Y,N,N,N,current_runtime,existing_runtime,CosIng 기능은 후보 선별 신호일 뿐 논문 근거나 점수 승인 아님,https://single-market-economy.ec.europa.eu/sectors/cosmetics/cosmetic-ingredient-database_en,2026-07-12
licorice_extract,감초추출물,Licorice Extract,269,269,effect_brightening|effect_calming,,not_matched,,,,0,effect_brightening|effect_calming,effect_brightening:current_runtime|effect_calming:current_runtime,Y,N,N,N,N,current_runtime,existing_runtime,CosIng 기능은 후보 선별 신호일 뿐 논문 근거나 점수 승인 아님,,
arbutin,알부틴,Arbutin,251,251,effect_brightening,,exact_name,ARBUTIN,ANTIOXIDANT|BLEACHING|SKIN CONDITIONING - MISCELLANEOUS,III/378,1,effect_brightening,effect_brightening:high:BLEACHING|effect_brightening:current_runtime,Y,N,Y,N,N,current_runtime,existing_runtime,CosIng 기능은 후보 선별 신호일 뿐 논문 근거나 점수 승인 아님,https://single-market-economy.ec.europa.eu/sectors/cosmetics/cosmetic-ingredient-database_en,2026-07-12
retinal,레티날,Retinal,192,192,effect_brightening|effect_exfoliation|effect_wrinkle,retinoid_caution,exact_name,RETINAL,SKIN CONDITIONING,,0,effect_brightening|effect_exfoliation|effect_wrinkle,effect_brightening:current_runtime|effect_exfoliation:current_runtime|effect_wrinkle:current_runtime,Y,N,Y,N,N,current_runtime,existing_runtime,CosIng 기능은 후보 선별 신호일 뿐 논문 근거나 점수 승인 아님,https://single-market-economy.ec.europa.eu/sectors/cosmetics/cosmetic-ingredient-database_en,2026-07-12
zinc_sulfate,징크설페이트,Zinc Sulfate,154,154,,,exact_name,ZINC SULFATE,ANTIMICROBIAL|ANTIPLAQUE|ASTRINGENT|ORAL CARE,III/24,0,,,N,Y,Y,N,N,not_selected,candidate_unverified,CosIng 기능은 후보 선별 신호일 뿐 논문 근거나 점수 승인 아님,https://single-market-economy.ec.europa.eu/sectors/cosmetics/cosmetic-ingredient-database_en,2026-07-12
kojic_acid,코직애씨드,Kojic Acid,87,87,effect_brightening,irritation,exact_name,KOJIC ACID,ANTIOXIDANT|BLEACHING,III / 375,2,effect_brightening,effect_brightening:high:BLEACHING|effect_brightening:current_runtime,Y,N,Y,N,N,current_runtime,existing_runtime,CosIng 기능은 후보 선별 신호일 뿐 논문 근거나 점수 승인 아님,https://single-market-economy.ec.europa.eu/sectors/cosmetics/cosmetic-ingredient-database_en,2026-07-12
lactobionic_acid,락토바이오닉애씨드,Lactobionic Acid,78,78,,,exact_name,LACTOBIONIC ACID,BUFFERING,,0,,,N,Y,N,N,N,not_selected,candidate_unverified,CosIng 기능은 후보 선별 신호일 뿐 논문 근거나 점수 승인 아님,https://single-market-economy.ec.europa.eu/sectors/cosmetics/cosmetic-ingredient-database_en,2026-07-12
tea_tree,티트리,Tea Tree,72,72,effect_acne_sebum,fragrance_allergen,not_matched,,,,0,effect_acne_sebum,effect_acne_sebum:current_runtime,Y,N,Y,N,N,current_runtime,existing_runtime,CosIng 기능은 후보 선별 신호일 뿐 논문 근거나 점수 승인 아님,,
glabridin,글라브리딘,Glabridin,10,10,,,exact_name,GLABRIDIN,BLEACHING,,0,effect_brightening,effect_brightening:high:BLEACHING,Y,N,N,N,N,P1_initial_evidence,candidate_unverified,CosIng 기능은 후보 선별 신호일 뿐 논문 근거나 점수 승인 아님,https://single-market-economy.ec.europa.eu/sectors/cosmetics/cosmetic-ingredient-database_en,2026-07-12
