fetched_on,source_url,inci_name,functions_json,restrictions_json,sccs_opinions_json,substance_ids_json
2026-07-12,https://single-market-economy.ec.europa.eu/sectors/cosmetics/cosmetic-ingredient-database_en,"1,2-HEXANEDIOL","[""SKIN CONDITIONING"", ""SOLVENT""]",[],[],"[""54170""]"
2026-07-12,https://single-market-economy.ec.europa.eu/sectors/cosmetics/cosmetic-ingredient-database_en,3-O-ETHYL ASCORBIC ACID,"[""SKIN CONDITIONING""]",[],[],"[""89718""]"
2026-07-12,https://single-market-economy.ec.europa.eu/sectors/cosmetics/cosmetic-ingredient-database_en,ACACIA SENEGAL GUM,"[""FILM FORMING"", ""FRAGRANCE""]",[],[],"[""54244""]"
2026-07-12,https://single-market-economy.ec.europa.eu/sectors/cosmetics/cosmetic-ingredient-database_en,ACETIC ACID,"[""BUFFERING"", ""FRAGRANCE""]",[],[],"[""31572""]"
2026-07-12,https://single-market-economy.ec.europa.eu/sectors/cosmetics/cosmetic-ingredient-database_en,ACETYL GLUCOSAMINE,"[""SKIN CONDITIONING""]",[],[],"[""31576""]"
2026-07-12,https://single-market-economy.ec.europa.eu/sectors/cosmetics/cosmetic-ingredient-database_en,ACETYL HEXAPEPTIDE-8,"[""HUMECTANT"", ""SKIN CONDITIONING""]",[],[],"[""54135""]"
2026-07-12,https://single-market-economy.ec.europa.eu/sectors/cosmetics/cosmetic-ingredient-database_en,ACRYLATES COPOLYMER,"[""ANTISTATIC"", ""BINDING"", ""FILM FORMING""]",[],[],"[""31648""]"
2026-07-12,https://single-market-economy.ec.europa.eu/sectors/cosmetics/cosmetic-ingredient-database_en,ACRYLATES/C10-30 ALKYL ACRYLATE CROSSPOLYMER,"[""EMULSION STABILISING"", ""FILM FORMING"", ""VISCOSITY CONTROLLING""]",[],[],"[""74162""]"
2026-07-12,https://single-market-economy.ec.europa.eu/sectors/cosmetics/cosmetic-ingredient-database_en,ADENOSINE,"[""SKIN CONDITIONING""]",[],[],"[""31367""]"
2026-07-12,https://single-market-economy.ec.europa.eu/sectors/cosmetics/cosmetic-ingredient-database_en,ALANINE,"[""ANTISTATIC"", ""FRAGRANCE"", ""HAIR CONDITIONING"", ""SKIN CONDITIONING""]",[],[],"[""31395""]"
2026-07-12,https://single-market-economy.ec.europa.eu/sectors/cosmetics/cosmetic-ingredient-database_en,ALCOHOL,"[""ANTIFOAMING"", ""ANTIMICROBIAL"", ""ASTRINGENT"", ""FRAGRANCE"", ""SOLVENT"", ""VISCOSITY CONTROLLING""]",[],[],"[""31401""]"
2026-07-12,https://single-market-economy.ec.europa.eu/sectors/cosmetics/cosmetic-ingredient-database_en,ALCOHOL DENAT.,"[""ANTIFOAMING"", ""ANTIMICROBIAL"", ""ASTRINGENT"", ""FRAGRANCE"", ""SOLVENT"", ""VISCOSITY CONTROLLING""]",[],[],"[""74174""]"
2026-07-12,https://single-market-economy.ec.europa.eu/sectors/cosmetics/cosmetic-ingredient-database_en,ALGAE EXTRACT,"[""FRAGRANCE"", ""HUMECTANT"", ""ORAL CARE"", ""SKIN CONDITIONING - EMOLLIENT"", ""SKIN CONDITIONING - MISCELLANEOUS""]",[],[],"[""54290""]"
2026-07-12,https://single-market-economy.ec.europa.eu/sectors/cosmetics/cosmetic-ingredient-database_en,ALGIN,"[""BINDING"", ""FRAGRANCE"", ""VISCOSITY CONTROLLING""]",[],[],"[""74179""]"
2026-07-12,https://single-market-economy.ec.europa.eu/sectors/cosmetics/cosmetic-ingredient-database_en,ALLANTOIN,"[""SKIN CONDITIONING"", ""SKIN PROTECTING"", ""SOOTHING""]",[],[],"[""31411""]"
2026-07-12,https://single-market-economy.ec.europa.eu/sectors/cosmetics/cosmetic-ingredient-database_en,ALOE BARBADENSIS LEAF EXTRACT,"[""HUMECTANT"", ""ORAL CARE"", ""SKIN CONDITIONING"", ""SKIN CONDITIONING - EMOLLIENT""]",[],[],"[""54346""]"
2026-07-12,https://single-market-economy.ec.europa.eu/sectors/cosmetics/cosmetic-ingredient-database_en,ALOE BARBADENSIS LEAF JUICE,"[""SKIN CONDITIONING""]",[],[],"[""54347""]"
2026-07-12,https://single-market-economy.ec.europa.eu/sectors/cosmetics/cosmetic-ingredient-database_en,ALOE BARBADENSIS LEAF JUICE POWDER,"[""SKIN CONDITIONING""]",[],[],"[""54348""]"
2026-07-12,https://single-market-economy.ec.europa.eu/sectors/cosmetics/cosmetic-ingredient-database_en,ALPHA-ISOMETHYL IONONE,"[""PERFUMING"", ""SKIN CONDITIONING""]","[""III/90""]",[],"[""39665""]"
2026-07-12,https://single-market-economy.ec.europa.eu/sectors/cosmetics/cosmetic-ingredient-database_en,ALUMINA,"[""ABRASIVE"", ""ABSORBENT"", ""ANTICAKING"", ""BULKING"", ""OPACIFYING"", ""VISCOSITY CONTROLLING""]",[],[],"[""74191""]"
2026-07-12,https://single-market-economy.ec.europa.eu/sectors/cosmetics/cosmetic-ingredient-database_en,ALUMINUM HYDROXIDE,"[""HUMECTANT"", ""OPACIFYING"", ""SKIN CONDITIONING - EMOLLIENT"", ""SKIN PROTECTING"", ""VISCOSITY CONTROLLING""]",[],[],"[""74215""]"
2026-07-12,https://single-market-economy.ec.europa.eu/sectors/cosmetics/cosmetic-ingredient-database_en,ALUMINUM STARCH OCTENYLSUCCINATE,"[""ABSORBENT"", ""ANTICAKING"", ""VISCOSITY CONTROLLING""]",[],[],"[""31809""]"
2026-07-12,https://single-market-economy.ec.europa.eu/sectors/cosmetics/cosmetic-ingredient-database_en,AMINOMETHYL PROPANOL,"[""BUFFERING""]","[""III/61""]",[],"[""74367""]"
2026-07-12,https://single-market-economy.ec.europa.eu/sectors/cosmetics/cosmetic-ingredient-database_en,AMMONIUM ACRYLOYLDIMETHYLTAURATE/VP COPOLYMER,"[""VISCOSITY CONTROLLING""]",[],[],"[""54593""]"
2026-07-12,https://single-market-economy.ec.europa.eu/sectors/cosmetics/cosmetic-ingredient-database_en,AMMONIUM POLYACRYLOYLDIMETHYL TAURATE,"[""EMULSION STABILISING"", ""VISCOSITY CONTROLLING""]",[],[],"[""54601""]"
2026-07-12,https://single-market-economy.ec.europa.eu/sectors/cosmetics/cosmetic-ingredient-database_en,AMODIMETHICONE,"[""ANTISTATIC"", ""HAIR CONDITIONING""]",[],[],"[""31907""]"
2026-07-12,https://single-market-economy.ec.europa.eu/sectors/cosmetics/cosmetic-ingredient-database_en,AMYL CINNAMAL,"[""PERFUMING""]","[""III/67""]",[],"[""31923""]"
2026-07-12,https://single-market-economy.ec.europa.eu/sectors/cosmetics/cosmetic-ingredient-database_en,ANHYDROXYLITOL,"[""HUMECTANT"", ""SKIN CONDITIONING""]",[],[],"[""54477""]"
2026-07-12,https://single-market-economy.ec.europa.eu/sectors/cosmetics/cosmetic-ingredient-database_en,ARBUTIN,"[""ANTIOXIDANT"", ""BLEACHING"", ""SKIN CONDITIONING - MISCELLANEOUS""]","[""III/378""]","[""Opinion on beta-Arbutin""]","[""74362""]"
2026-07-12,https://single-market-economy.ec.europa.eu/sectors/cosmetics/cosmetic-ingredient-database_en,ARGANIA SPINOSA KERNEL OIL,"[""SKIN CONDITIONING"", ""SKIN CONDITIONING - EMOLLIENT""]",[],[],"[""54495""]"
2026-07-12,https://single-market-economy.ec.europa.eu/sectors/cosmetics/cosmetic-ingredient-database_en,ARGININE,"[""ANTISTATIC"", ""FRAGRANCE"", ""HAIR CONDITIONING"", ""SKIN CONDITIONING""]",[],[],"[""74314""]"
2026-07-12,https://single-market-economy.ec.europa.eu/sectors/cosmetics/cosmetic-ingredient-database_en,ASCORBIC ACID,"[""ANTIOXIDANT"", ""BUFFERING"", ""FRAGRANCE"", ""SKIN CONDITIONING""]",[],[],"[""74328""]"
2026-07-12,https://single-market-economy.ec.europa.eu/sectors/cosmetics/cosmetic-ingredient-database_en,ASCORBYL GLUCOSIDE,"[""ANTIOXIDANT""]",[],[],"[""54531""]"
2026-07-12,https://single-market-economy.ec.europa.eu/sectors/cosmetics/cosmetic-ingredient-database_en,ASCORBYL PALMITATE,"[""ANTIOXIDANT"", ""FRAGRANCE""]",[],[],"[""32007""]"
2026-07-12,https://single-market-economy.ec.europa.eu/sectors/cosmetics/cosmetic-ingredient-database_en,ASIATIC ACID,"[""LIGHT STABILIZER"", ""SKIN CONDITIONING""]",[],[],"[""32009""]"
2026-07-12,https://single-market-economy.ec.europa.eu/sectors/cosmetics/cosmetic-ingredient-database_en,ASIATICOSIDE,"[""ANTIOXIDANT"", ""PERFUMING"", ""SKIN CONDITIONING""]",[],[],"[""54535""]"
2026-07-12,https://single-market-economy.ec.europa.eu/sectors/cosmetics/cosmetic-ingredient-database_en,ASPARTIC ACID,"[""ANTISTATIC"", ""FRAGRANCE"", ""HAIR CONDITIONING"", ""SKIN CONDITIONING""]",[],[],"[""74340""]"
2026-07-12,https://single-market-economy.ec.europa.eu/sectors/cosmetics/cosmetic-ingredient-database_en,AVENA SATIVA KERNEL EXTRACT,"[""ABRASIVE"", ""ANTIOXIDANT"", ""SKIN CONDITIONING"", ""SKIN CONDITIONING - EMOLLIENT""]",[],[],"[""74463""]"
2026-07-12,https://single-market-economy.ec.europa.eu/sectors/cosmetics/cosmetic-ingredient-database_en,BAKUCHIOL,"[""ANTIMICROBIAL"", ""ANTIOXIDANT"", ""SKIN CONDITIONING"", ""SKIN CONDITIONING - EMOLLIENT""]",[],[],"[""32053""]"
2026-07-12,https://single-market-economy.ec.europa.eu/sectors/cosmetics/cosmetic-ingredient-database_en,BARIUM SULFATE,"[""COLORANT"", ""OPACIFYING""]","[""IV/122""]",[],"[""32059""]"
2026-07-12,https://single-market-economy.ec.europa.eu/sectors/cosmetics/cosmetic-ingredient-database_en,BEHENTRIMONIUM CHLORIDE,"[""ANTISTATIC"", ""HAIR CONDITIONING"", ""PRESERVATIVE""]","[""V/44""]","[""Opinion on Alkyl (C16, C18, C22) trimethylammonium chloride - For other uses than as a preservative""]","[""32112""]"
2026-07-12,https://single-market-economy.ec.europa.eu/sectors/cosmetics/cosmetic-ingredient-database_en,BEHENTRIMONIUM METHOSULFATE,"[""ANTISTATIC"", ""HAIR CONDITIONING"", ""SURFACTANT - CLEANSING""]",[],[],"[""74588""]"
2026-07-12,https://single-market-economy.ec.europa.eu/sectors/cosmetics/cosmetic-ingredient-database_en,BEHENYL ALCOHOL,"[""BINDING"", ""EMULSION STABILISING"", ""SKIN CONDITIONING - EMOLLIENT"", ""VISCOSITY CONTROLLING""]",[],[],"[""74589""]"
2026-07-12,https://single-market-economy.ec.europa.eu/sectors/cosmetics/cosmetic-ingredient-database_en,BENZOIC ACID,"[""FRAGRANCE"", ""PRESERVATIVE"", ""pH ADJUSTERS""]","[""V/1""]",[],"[""32134""]"
2026-07-12,https://single-market-economy.ec.europa.eu/sectors/cosmetics/cosmetic-ingredient-database_en,BENZOPHENONE-4,"[""LIGHT STABILIZER"", ""UV ABSORBER"", ""UV FILTER""]","[""VI/22""]",[],"[""32143""]"
2026-07-12,https://single-market-economy.ec.europa.eu/sectors/cosmetics/cosmetic-ingredient-database_en,BENZYL ALCOHOL,"[""PERFUMING"", ""PRESERVATIVE"", ""SOLVENT"", ""VISCOSITY CONTROLLING""]","[""III/45 and\r\nV/34""]",[],"[""32153""]"
2026-07-12,https://single-market-economy.ec.europa.eu/sectors/cosmetics/cosmetic-ingredient-database_en,BENZYL BENZOATE,"[""ANTIMICROBIAL"", ""PERFUMING"", ""SOLVENT""]","[""III/85""]",[],"[""32154""]"
2026-07-12,https://single-market-economy.ec.europa.eu/sectors/cosmetics/cosmetic-ingredient-database_en,BENZYL SALICYLATE,"[""LIGHT STABILIZER"", ""PERFUMING""]","[""III/75""]",[],"[""32159""]"
2026-07-12,https://single-market-economy.ec.europa.eu/sectors/cosmetics/cosmetic-ingredient-database_en,BETA-GLUCAN,"[""BULKING"", ""SKIN CONDITIONING - MISCELLANEOUS""]",[],[],"[""54744""]"
2026-07-12,https://single-market-economy.ec.europa.eu/sectors/cosmetics/cosmetic-ingredient-database_en,BETAINE,"[""HAIR CONDITIONING"", ""HUMECTANT"", ""SKIN CONDITIONING - HUMECTANT""]",[],[],"[""74520""]"
2026-07-12,https://single-market-economy.ec.europa.eu/sectors/cosmetics/cosmetic-ingredient-database_en,BHT,"[""ANTIOXIDANT"", ""FRAGRANCE""]","[""III / 325""]",[],"[""32185""]"
2026-07-12,https://single-market-economy.ec.europa.eu/sectors/cosmetics/cosmetic-ingredient-database_en,BIOSACCHARIDE GUM-1,"[""SKIN CONDITIONING""]",[],[],"[""32187""]"
2026-07-12,https://single-market-economy.ec.europa.eu/sectors/cosmetics/cosmetic-ingredient-database_en,BIOTIN,"[""HAIR CONDITIONING"", ""SKIN CONDITIONING - MISCELLANEOUS""]",[],[],"[""32188""]"
2026-07-12,https://single-market-economy.ec.europa.eu/sectors/cosmetics/cosmetic-ingredient-database_en,BIS-DIGLYCERYL POLYACYLADIPATE-2,"[""SKIN CONDITIONING"", ""SKIN CONDITIONING - EMOLLIENT""]",[],[],"[""74501""]"
2026-07-12,https://single-market-economy.ec.europa.eu/sectors/cosmetics/cosmetic-ingredient-database_en,BIS-ETHYLHEXYLOXYPHENOL METHOXYPHENYL TRIAZINE,"[""HAIR CONDITIONING"", ""LIGHT STABILIZER"", ""UV ABSORBER"", ""UV FILTER""]","[""VI/25""]",[],"[""74502""]"
2026-07-12,https://single-market-economy.ec.europa.eu/sectors/cosmetics/cosmetic-ingredient-database_en,BISABOLOL,"[""FRAGRANCE"", ""SKIN CONDITIONING"", ""SOOTHING""]",[],[],"[""74499""]"
2026-07-12,https://single-market-economy.ec.europa.eu/sectors/cosmetics/cosmetic-ingredient-database_en,BORON NITRIDE,"[""BULKING"", ""SLIP MODIFIER""]",[],[],"[""32211""]"
2026-07-12,https://single-market-economy.ec.europa.eu/sectors/cosmetics/cosmetic-ingredient-database_en,BUTYL METHOXYDIBENZOYLMETHANE,"[""LIGHT STABILIZER"", ""UV ABSORBER"", ""UV FILTER""]","[""VI/8""]",[],"[""31713""]"
2026-07-12,https://single-market-economy.ec.europa.eu/sectors/cosmetics/cosmetic-ingredient-database_en,BUTYLENE GLYCOL,"[""FRAGRANCE"", ""HUMECTANT"", ""SKIN CONDITIONING"", ""SOLVENT"", ""VISCOSITY CONTROLLING""]",[],[],"[""74756""]"
2026-07-12,https://single-market-economy.ec.europa.eu/sectors/cosmetics/cosmetic-ingredient-database_en,BUTYLENE GLYCOL DICAPRYLATE/DICAPRATE,"[""SKIN CONDITIONING"", ""SKIN CONDITIONING - EMOLLIENT""]",[],[],"[""74757""]"
2026-07-12,https://single-market-economy.ec.europa.eu/sectors/cosmetics/cosmetic-ingredient-database_en,BUTYLENE/ETHYLENE/STYRENE COPOLYMER,"[""VISCOSITY CONTROLLING""]",[],[],"[""55019""]"
2026-07-12,https://single-market-economy.ec.europa.eu/sectors/cosmetics/cosmetic-ingredient-database_en,BUTYLOCTYL SALICYLATE,"[""HAIR CONDITIONING"", ""SKIN CONDITIONING"", ""SOLVENT""]",[],[],"[""31733""]"
2026-07-12,https://single-market-economy.ec.europa.eu/sectors/cosmetics/cosmetic-ingredient-database_en,BUTYLPHENYL METHYLPROPIONAL,"[""FRAGRANCE"", ""PERFUMING""]","[""II/1666""]","[""OPINION ON Butylphenyl methylpropional (BMHCA)"", ""OPINION ON the safety of Butylphenyl methylpropional (p-BMHCA) in cosmetic products - Submission II -""]","[""31735""]"
2026-07-12,https://single-market-economy.ec.europa.eu/sectors/cosmetics/cosmetic-ingredient-database_en,BUTYROSPERMUM PARKII BUTTER,"[""SKIN CONDITIONING"", ""VISCOSITY CONTROLLING""]",[],[],"[""84401""]"
2026-07-12,https://single-market-economy.ec.europa.eu/sectors/cosmetics/cosmetic-ingredient-database_en,C11-15 ALKETH-7,"[""SURFACTANT - EMULSIFYING""]",[],[],"[""99314""]"
2026-07-12,https://single-market-economy.ec.europa.eu/sectors/cosmetics/cosmetic-ingredient-database_en,C12-15 ALKYL BENZOATE,"[""ANTIMICROBIAL"", ""SKIN CONDITIONING"", ""SKIN CONDITIONING - EMOLLIENT""]",[],[],"[""74635""]"
2026-07-12,https://single-market-economy.ec.europa.eu/sectors/cosmetics/cosmetic-ingredient-database_en,C13-14 ISOALKANE,"[""SKIN CONDITIONING - MISCELLANEOUS"", ""SOLVENT""]",[],[],"[""99306""]"
2026-07-12,https://single-market-economy.ec.europa.eu/sectors/cosmetics/cosmetic-ingredient-database_en,C13-15 ALKANE,"[""SOLVENT""]","[""II/875\r\nDistillates (petroleum), hydrotreated middle, except if the full refining history is known and it can be shown that the substance from which it is produced is not a carcinogen.""]",[],"[""54884""]"
2026-07-12,https://single-market-economy.ec.europa.eu/sectors/cosmetics/cosmetic-ingredient-database_en,C9-12 ALKANE,"[""HAIR CONDITIONING"", ""SKIN CONDITIONING - EMOLLIENT"", ""SKIN CONDITIONING - MISCELLANEOUS"", ""SKIN CONDITIONING - OCCLUSIVE"", ""SOLVENT""]","[""Please consider whether entry 875 of Annex II to the Cosmetics Regulation 1223/2009 is applicable. According to entry 875, Distillates (petroleum), hydrotreated middle, except if the full refining history is known and it can be shown that the substance from which it is produced is not a carcinogen.""]",[],"[""55157""]"
2026-07-12,https://single-market-economy.ec.europa.eu/sectors/cosmetics/cosmetic-ingredient-database_en,CAFFEINE,"[""FRAGRANCE"", ""PERFUMING"", ""SKIN CONDITIONING""]",[],[],"[""32304""]"
2026-07-12,https://single-market-economy.ec.europa.eu/sectors/cosmetics/cosmetic-ingredient-database_en,CALCIUM ALUMINUM BOROSILICATE,"[""BULKING""]",[],[],"[""55174""]"
2026-07-12,https://single-market-economy.ec.europa.eu/sectors/cosmetics/cosmetic-ingredient-database_en,CALCIUM GLUCONATE,"[""CHELATING"", ""SKIN CONDITIONING - MISCELLANEOUS""]",[],[],"[""32326""]"
2026-07-12,https://single-market-economy.ec.europa.eu/sectors/cosmetics/cosmetic-ingredient-database_en,CALCIUM SODIUM BOROSILICATE,"[""BULKING""]",[],[],"[""55187""]"
2026-07-12,https://single-market-economy.ec.europa.eu/sectors/cosmetics/cosmetic-ingredient-database_en,CALENDULA OFFICINALIS FLOWER EXTRACT,"[""FRAGRANCE"", ""PERFUMING"", ""SKIN CONDITIONING""]",[],[],"[""74929""]"
2026-07-12,https://single-market-economy.ec.europa.eu/sectors/cosmetics/cosmetic-ingredient-database_en,CAMELLIA JAPONICA SEED OIL,"[""SKIN CONDITIONING"", ""SKIN CONDITIONING - EMOLLIENT""]",[],[],"[""55212""]"
2026-07-12,https://single-market-economy.ec.europa.eu/sectors/cosmetics/cosmetic-ingredient-database_en,CAMELLIA SINENSIS LEAF EXTRACT,"[""ANTIMICROBIAL"", ""ANTIOXIDANT"", ""ASTRINGENT"", ""FRAGRANCE"", ""HUMECTANT"", ""ORAL CARE"", ""SKIN CONDITIONING"", ""SKIN CONDITIONING - EMOLLIENT"", ""SKIN PROTECTING"", ""TONIC"", ""UV ABSORBER""]",[],[],"[""55220""]"
2026-07-12,https://single-market-economy.ec.europa.eu/sectors/cosmetics/cosmetic-ingredient-database_en,CAPRYLHYDROXAMIC ACID,"[""CHELATING""]",[],[],"[""86262""]"
2026-07-12,https://single-market-economy.ec.europa.eu/sectors/cosmetics/cosmetic-ingredient-database_en,CAPRYLIC/CAPRIC TRIGLYCERIDE,"[""FRAGRANCE"", ""PERFUMING"", ""SKIN CONDITIONING - OCCLUSIVE"", ""SOLVENT""]",[],[],"[""74816""]"
2026-07-12,https://single-market-economy.ec.europa.eu/sectors/cosmetics/cosmetic-ingredient-database_en,CAPRYLOYL SALICYLIC ACID,"[""SKIN CONDITIONING""]",[],[],"[""32421""]"
2026-07-12,https://single-market-economy.ec.europa.eu/sectors/cosmetics/cosmetic-ingredient-database_en,CAPRYLYL GLYCOL,"[""DEODORANT"", ""HAIR CONDITIONING"", ""SKIN CONDITIONING"", ""SKIN CONDITIONING - EMOLLIENT""]",[],[],"[""74860""]"
2026-07-12,https://single-market-economy.ec.europa.eu/sectors/cosmetics/cosmetic-ingredient-database_en,CAPRYLYL METHICONE,"[""SKIN CONDITIONING""]",[],[],"[""55141""]"
2026-07-12,https://single-market-economy.ec.europa.eu/sectors/cosmetics/cosmetic-ingredient-database_en,CAPRYLYL/CAPRYL GLUCOSIDE,"[""CLEANSING"", ""FOAMING"", ""SURFACTANT - CLEANSING""]",[],[],"[""32427""]"
2026-07-12,https://single-market-economy.ec.europa.eu/sectors/cosmetics/cosmetic-ingredient-database_en,CARAMEL,"[""COLORANT"", ""FRAGRANCE""]","[""IV/146""]",[],"[""32434""]"
2026-07-12,https://single-market-economy.ec.europa.eu/sectors/cosmetics/cosmetic-ingredient-database_en,CARBOMER,"[""EMULSION STABILISING"", ""GEL FORMING"", ""VISCOSITY CONTROLLING""]",[],[],"[""74820""]"
2026-07-12,https://single-market-economy.ec.europa.eu/sectors/cosmetics/cosmetic-ingredient-database_en,CARTHAMUS TINCTORIUS SEED OIL,"[""FRAGRANCE"", ""SKIN CONDITIONING""]",[],[],"[""55096""]"
2026-07-12,https://single-market-economy.ec.europa.eu/sectors/cosmetics/cosmetic-ingredient-database_en,CELLULOSE,"[""ABSORBENT"", ""BULKING"", ""OPACIFYING"", ""VISCOSITY CONTROLLING""]",[],[],"[""32480""]"
2026-07-12,https://single-market-economy.ec.europa.eu/sectors/cosmetics/cosmetic-ingredient-database_en,CELLULOSE GUM,"[""BINDING"", ""EMULSION STABILISING"", ""FILM FORMING"", ""FRAGRANCE"", ""VISCOSITY CONTROLLING""]",[],[],"[""32485""]"
2026-07-12,https://single-market-economy.ec.europa.eu/sectors/cosmetics/cosmetic-ingredient-database_en,CENTELLA ASIATICA EXTRACT,"[""CLEANSING"", ""SKIN CONDITIONING"", ""SMOOTHING"", ""SOOTHING"", ""TONIC""]",[],[],"[""75075""]"
2026-07-12,https://single-market-economy.ec.europa.eu/sectors/cosmetics/cosmetic-ingredient-database_en,CENTELLA ASIATICA LEAF EXTRACT,"[""SKIN CONDITIONING""]",[],[],"[""55319""]"
2026-07-12,https://single-market-economy.ec.europa.eu/sectors/cosmetics/cosmetic-ingredient-database_en,CERAMIDE NP,"[""HAIR CONDITIONING"", ""SKIN CONDITIONING - MISCELLANEOUS""]",[],[],"[""92555""]"
2026-07-12,https://single-market-economy.ec.europa.eu/sectors/cosmetics/cosmetic-ingredient-database_en,CETEARYL ALCOHOL,"[""EMULSION STABILISING"", ""OPACIFYING"", ""SKIN CONDITIONING - EMOLLIENT"", ""SURFACTANT - CLEANSING"", ""SURFACTANT - EMULSIFYING"", ""SURFACTANT - FOAM BOOSTING"", ""VISCOSITY CONTROLLING""]",[],[],"[""75132""]"
2026-07-12,https://single-market-economy.ec.europa.eu/sectors/cosmetics/cosmetic-ingredient-database_en,CETEARYL GLUCOSIDE,"[""SURFACTANT - CLEANSING"", ""SURFACTANT - EMULSIFYING""]",[],[],"[""75137""]"
2026-07-12,https://single-market-economy.ec.europa.eu/sectors/cosmetics/cosmetic-ingredient-database_en,CETEARYL OLIVATE,"[""EMULSION STABILISING"", ""HAIR CONDITIONING"", ""SKIN CONDITIONING - EMOLLIENT"", ""SLIP MODIFIER"", ""SURFACTANT - EMULSIFYING""]",[],[],"[""55337""]"
2026-07-12,https://single-market-economy.ec.europa.eu/sectors/cosmetics/cosmetic-ingredient-database_en,CETRIMONIUM CHLORIDE,"[""ANTIMICROBIAL"", ""ANTISTATIC"", ""PRESERVATIVE"", ""SURFACTANT - EMULSIFYING""]","[""V/44""]","[""Opinion on Alkyl (C16, C18, C22) trimethylammonium chloride - For other uses than as a preservative""]","[""32590""]"
2026-07-12,https://single-market-economy.ec.europa.eu/sectors/cosmetics/cosmetic-ingredient-database_en,CETYL ALCOHOL,"[""EMULSION STABILISING"", ""FRAGRANCE"", ""OPACIFYING"", ""SKIN CONDITIONING - EMOLLIENT"", ""SURFACTANT - CLEANSING"", ""SURFACTANT - EMULSIFYING"", ""SURFACTANT - FOAM BOOSTING"", ""VISCOSITY CONTROLLING""]",[],[],"[""32596""]"
2026-07-12,https://single-market-economy.ec.europa.eu/sectors/cosmetics/cosmetic-ingredient-database_en,CETYL ESTERS,"[""SKIN CONDITIONING"", ""SKIN CONDITIONING - EMOLLIENT""]",[],[],"[""74954""]"
2026-07-12,https://single-market-economy.ec.europa.eu/sectors/cosmetics/cosmetic-ingredient-database_en,CETYL ETHYLHEXANOATE,"[""SKIN CONDITIONING - EMOLLIENT""]",[],[],"[""32603""]"
2026-07-12,https://single-market-economy.ec.europa.eu/sectors/cosmetics/cosmetic-ingredient-database_en,CETYL PALMITATE,"[""FRAGRANCE"", ""SKIN CONDITIONING"", ""SKIN CONDITIONING - EMOLLIENT""]",[],[],"[""74965""]"
2026-07-12,https://single-market-economy.ec.europa.eu/sectors/cosmetics/cosmetic-ingredient-database_en,CETYL PEG/PPG-10/1 DIMETHICONE,"[""SKIN CONDITIONING"", ""SURFACTANT - CLEANSING"", ""SURFACTANT - EMULSIFYING""]",[],[],"[""55251""]"
2026-07-12,https://single-market-economy.ec.europa.eu/sectors/cosmetics/cosmetic-ingredient-database_en,CHAMOMILLA RECUTITA FLOWER EXTRACT,"[""FRAGRANCE"", ""SKIN CONDITIONING""]",[],[],"[""55292""]"
2026-07-12,https://single-market-economy.ec.europa.eu/sectors/cosmetics/cosmetic-ingredient-database_en,CHLORPHENESIN,"[""ANTIMICROBIAL"", ""PRESERVATIVE""]","[""V/50""]",[],"[""32667""]"
2026-07-12,https://single-market-economy.ec.europa.eu/sectors/cosmetics/cosmetic-ingredient-database_en,CHOLESTEROL,"[""LIGHT STABILIZER"", ""SKIN CONDITIONING"", ""SKIN CONDITIONING - EMOLLIENT"", ""SURFACTANT - EMULSIFYING"", ""VISCOSITY CONTROLLING""]",[],[],"[""74991""]"
2026-07-12,https://single-market-economy.ec.europa.eu/sectors/cosmetics/cosmetic-ingredient-database_en,CHONDRUS CRISPUS EXTRACT,"[""SKIN CONDITIONING"", ""VISCOSITY CONTROLLING""]",[],[],"[""75010""]"
2026-07-12,https://single-market-economy.ec.europa.eu/sectors/cosmetics/cosmetic-ingredient-database_en,CITRAL,"[""FLAVOURING"", ""FRAGRANCE"", ""PERFUMING""]","[""III/70""]",[],"[""32857""]"
2026-07-12,https://single-market-economy.ec.europa.eu/sectors/cosmetics/cosmetic-ingredient-database_en,CITRIC ACID,"[""BUFFERING"", ""CHELATING"", ""FRAGRANCE""]",[],"[""Opinion on Citric acid (and) Silver Citrate"", ""Position paper on the Safety of alpha-Hydroxy Acids"", ""Updated position paper concerning consumer Safety of alpha-hydroxy acids""]","[""32858""]"
2026-07-12,https://single-market-economy.ec.europa.eu/sectors/cosmetics/cosmetic-ingredient-database_en,CITRONELLOL,"[""PERFUMING""]","[""III/86""]",[],"[""32861""]"
2026-07-12,https://single-market-economy.ec.europa.eu/sectors/cosmetics/cosmetic-ingredient-database_en,CITRULLUS LANATUS FRUIT EXTRACT,"[""SKIN CONDITIONING""]",[],[],"[""87443""]"
2026-07-12,https://single-market-economy.ec.europa.eu/sectors/cosmetics/cosmetic-ingredient-database_en,CITRUS AURANTIUM BERGAMIA FRUIT OIL,"[""FRAGRANCE"", ""PERFUMING""]",[],[],"[""55490""]"
2026-07-12,https://single-market-economy.ec.europa.eu/sectors/cosmetics/cosmetic-ingredient-database_en,CITRUS AURANTIUM DULCIS FRUIT EXTRACT,"[""FRAGRANCE"", ""SKIN CONDITIONING""]",[],[],"[""55360""]"
2026-07-12,https://single-market-economy.ec.europa.eu/sectors/cosmetics/cosmetic-ingredient-database_en,CITRUS AURANTIUM DULCIS PEEL OIL,"[""FRAGRANCE"", ""SKIN CONDITIONING""]","[""III/351""]",[],"[""92537""]"
2026-07-12,https://single-market-economy.ec.europa.eu/sectors/cosmetics/cosmetic-ingredient-database_en,CITRUS LIMON FRUIT EXTRACT,"[""FRAGRANCE"", ""SKIN CONDITIONING - MISCELLANEOUS"", ""SKIN CONDITIONING - OCCLUSIVE""]","[""II/358""]",[],"[""85114""]"
2026-07-12,https://single-market-economy.ec.europa.eu/sectors/cosmetics/cosmetic-ingredient-database_en,CITRUS LIMON PEEL OIL,"[""FRAGRANCE"", ""PERFUMING"", ""SKIN CONDITIONING""]","[""III/353""]",[],"[""85124""]"
2026-07-12,https://single-market-economy.ec.europa.eu/sectors/cosmetics/cosmetic-ingredient-database_en,COCAMIDE MIPA,"[""EMULSION STABILISING"", ""SURFACTANT - CLEANSING"", ""SURFACTANT - EMULSIFYING"", ""SURFACTANT - FOAM BOOSTING"", ""VISCOSITY CONTROLLING""]",[],[],"[""32920""]"
2026-07-12,https://single-market-economy.ec.europa.eu/sectors/cosmetics/cosmetic-ingredient-database_en,COCAMIDOPROPYL BETAINE,"[""ANTISTATIC"", ""CLEANSING"", ""HAIR CONDITIONING"", ""SKIN CONDITIONING - MISCELLANEOUS"", ""SURFACTANT - CLEANSING"", ""SURFACTANT - FOAM BOOSTING"", ""VISCOSITY CONTROLLING""]",[],[],"[""75231""]"
2026-07-12,https://single-market-economy.ec.europa.eu/sectors/cosmetics/cosmetic-ingredient-database_en,COCAMIDOPROPYL HYDROXYSULTAINE,"[""ANTISTATIC"", ""CLEANSING"", ""HAIR CONDITIONING"", ""SKIN CONDITIONING"", ""SURFACTANT - CLEANSING"", ""SURFACTANT - FOAM BOOSTING"", ""VISCOSITY CONTROLLING""]",[],[],"[""75240""]"
2026-07-12,https://single-market-economy.ec.europa.eu/sectors/cosmetics/cosmetic-ingredient-database_en,COCO-BETAINE,"[""ANTISTATIC"", ""CLEANSING"", ""HAIR CONDITIONING"", ""SKIN CONDITIONING"", ""SURFACTANT - CLEANSING"", ""SURFACTANT - FOAM BOOSTING"", ""VISCOSITY CONTROLLING""]",[],[],"[""75265""]"
2026-07-12,https://single-market-economy.ec.europa.eu/sectors/cosmetics/cosmetic-ingredient-database_en,COCO-CAPRYLATE/CAPRATE,"[""SKIN CONDITIONING"", ""SKIN CONDITIONING - EMOLLIENT""]",[],[],"[""75266""]"
2026-07-12,https://single-market-economy.ec.europa.eu/sectors/cosmetics/cosmetic-ingredient-database_en,COCO-GLUCOSIDE,"[""CLEANSING"", ""FOAMING"", ""SURFACTANT - CLEANSING""]",[],[],"[""75276""]"
2026-07-12,https://single-market-economy.ec.europa.eu/sectors/cosmetics/cosmetic-ingredient-database_en,COCONUT ACID,"[""CLEANSING"", ""SKIN CONDITIONING - EMOLLIENT"", ""SURFACTANT - CLEANSING"", ""SURFACTANT - EMULSIFYING""]",[],[],"[""75280""]"
2026-07-12,https://single-market-economy.ec.europa.eu/sectors/cosmetics/cosmetic-ingredient-database_en,COCONUT ALKANES,"[""SKIN CONDITIONING - EMOLLIENT"", ""SOLVENT""]",[],[],"[""86954""]"
2026-07-12,https://single-market-economy.ec.europa.eu/sectors/cosmetics/cosmetic-ingredient-database_en,COCOS NUCIFERA OIL,"[""FRAGRANCE"", ""HAIR CONDITIONING"", ""PERFUMING"", ""SKIN CONDITIONING""]",[],[],"[""75444""]"
2026-07-12,https://single-market-economy.ec.europa.eu/sectors/cosmetics/cosmetic-ingredient-database_en,COLLOIDAL OATMEAL,"[""ABRASIVE"", ""ABSORBENT"", ""BULKING"", ""SKIN PROTECTING""]",[],[],"[""33009""]"
2026-07-12,https://single-market-economy.ec.europa.eu/sectors/cosmetics/cosmetic-ingredient-database_en,COPPER TRIPEPTIDE-1,"[""SKIN CONDITIONING""]",[],[],"[""55687""]"
2026-07-12,https://single-market-economy.ec.europa.eu/sectors/cosmetics/cosmetic-ingredient-database_en,CORALLINA OFFICINALIS EXTRACT,"[""SKIN CONDITIONING""]",[],[],"[""33034""]"
2026-07-12,https://single-market-economy.ec.europa.eu/sectors/cosmetics/cosmetic-ingredient-database_en,COUMARIN,"[""PERFUMING""]","[""III/77""]",[],"[""33057""]"
2026-07-12,https://single-market-economy.ec.europa.eu/sectors/cosmetics/cosmetic-ingredient-database_en,CUCUMIS SATIVUS FRUIT EXTRACT,"[""SKIN CONDITIONING"", ""SKIN CONDITIONING - EMOLLIENT""]",[],[],"[""55603""]"
2026-07-12,https://single-market-economy.ec.europa.eu/sectors/cosmetics/cosmetic-ingredient-database_en,CURCUMA LONGA ROOT EXTRACT,"[""FRAGRANCE"", ""PERFUMING""]",[],[],"[""75441""]"
2026-07-12,https://single-market-economy.ec.europa.eu/sectors/cosmetics/cosmetic-ingredient-database_en,CYCLOHEXASILOXANE,"[""HAIR CONDITIONING"", ""SKIN CONDITIONING - EMOLLIENT"", ""SOLVENT""]","[""Restricted under COMMISSION REGULATION (EU) 2024/1328.\n1. Shall not be placed on the market\n(a) as a substance on its own;\n(b) as a constituent of other substances; or\n(c) in mixtures; in a concentration equal to or greater than 0,1 % by weight of the respective substance after 6 June 2026. \n[...] \n3. By way of derogation: \n(a) for D4 and D5 in wash-off cosmetic products, paragraph 1, point (c), shall apply after 31 January 2020. For the purposes of this point, “wash-off cosmetic products” means cosmetic products as defined in Article 2(1), point (a), of Regulation (EC) No 1223/2009 of the European Parliament and of the Council (*1) that, under normal conditions of use, are washed off with water after application;\n(b) for all cosmetic products other than the ones mentioned in paragraph 3(a), paragraph 1 shall apply after 6 June 2027.""]",[],"[""75406""]"
2026-07-12,https://single-market-economy.ec.europa.eu/sectors/cosmetics/cosmetic-ingredient-database_en,CYCLOPENTASILOXANE,"[""HAIR CONDITIONING"", ""SKIN CONDITIONING"", ""SKIN CONDITIONING - EMOLLIENT"", ""SOLVENT""]","[""Restricted under COMMISSION REGULATION (EU) 2024/1328.\n1. Shall not be placed on the market\n(a) as a substance on its own;\n(b) as a constituent of other substances; or\n(c) in mixtures;\nin a concentration equal to or greater than 0,1 % by weight of the respective substance after 6 June 2026.\n[...]\n3. By way of derogation:\n(a) for D4 and D5 in wash-off cosmetic products, paragraph 1, point (c), shall apply after 31 January 2020.\nFor the purposes of this point, “wash-off cosmetic products” means cosmetic products as defined in Article 2(1), point (a), of Regulation (EC) No 1223/2009 of the European Parliament and of the Council (*1) that, under normal conditions of use, are washed off with water after application;\n(b) for all cosmetic products other than the ones mentioned in paragraph 3(a), paragraph 1 shall apply after 6 June 2027.""]","[""OPINION ON decamethylcyclopentasiloxane (cyclopentasiloxane, D5) in cosmetic products"", ""Opinion on Cyclomethicone: D4 and D5""]","[""75413""]"
2026-07-12,https://single-market-economy.ec.europa.eu/sectors/cosmetics/cosmetic-ingredient-database_en,CYSTEINE,"[""ANTIOXIDANT"", ""ANTISTATIC"", ""FRAGRANCE"", ""HAIR CONDITIONING"", ""HAIR WAVING OR STRAIGHTENING"", ""REDUCING""]",[],[],"[""75422""]"
2026-07-12,https://single-market-economy.ec.europa.eu/sectors/cosmetics/cosmetic-ingredient-database_en,DAUCUS CAROTA SATIVA ROOT EXTRACT,"[""SKIN CONDITIONING""]",[],[],"[""55585""]"
2026-07-12,https://single-market-economy.ec.europa.eu/sectors/cosmetics/cosmetic-ingredient-database_en,DECYL GLUCOSIDE,"[""CLEANSING"", ""EMULSION STABILISING"", ""SURFACTANT - CLEANSING""]",[],[],"[""75502""]"
2026-07-12,https://single-market-economy.ec.europa.eu/sectors/cosmetics/cosmetic-ingredient-database_en,DEHYDROACETIC ACID,"[""PRESERVATIVE""]","[""V/13""]",[],"[""33185""]"
2026-07-12,https://single-market-economy.ec.europa.eu/sectors/cosmetics/cosmetic-ingredient-database_en,DEXTRAN,"[""BINDING"", ""VISCOSITY CONTROLLING""]",[],[],"[""33196""]"
2026-07-12,https://single-market-economy.ec.europa.eu/sectors/cosmetics/cosmetic-ingredient-database_en,DEXTRIN,"[""ABSORBENT"", ""BINDING"", ""BULKING"", ""VISCOSITY CONTROLLING""]",[],[],"[""75529""]"
2026-07-12,https://single-market-economy.ec.europa.eu/sectors/cosmetics/cosmetic-ingredient-database_en,DIAMOND POWDER,"[""ABRASIVE""]",[],[],"[""55816""]"
2026-07-12,https://single-market-economy.ec.europa.eu/sectors/cosmetics/cosmetic-ingredient-database_en,DIBUTYL ADIPATE,"[""FILM FORMING"", ""PLASTICISER"", ""SKIN CONDITIONING"", ""SKIN CONDITIONING - EMOLLIENT"", ""SOLVENT""]",[],[],"[""75650""]"
2026-07-12,https://single-market-economy.ec.europa.eu/sectors/cosmetics/cosmetic-ingredient-database_en,DICALCIUM PHOSPHATE,"[""ABRASIVE"", ""BULKING"", ""OPACIFYING"", ""ORAL CARE""]",[],[],"[""75666""]"
2026-07-12,https://single-market-economy.ec.europa.eu/sectors/cosmetics/cosmetic-ingredient-database_en,DICAPRYLYL CARBONATE,"[""SKIN CONDITIONING"", ""SKIN CONDITIONING - EMOLLIENT""]",[],[],"[""55832""]"
2026-07-12,https://single-market-economy.ec.europa.eu/sectors/cosmetics/cosmetic-ingredient-database_en,DICAPRYLYL ETHER,"[""SKIN CONDITIONING"", ""SKIN CONDITIONING - EMOLLIENT"", ""SOLVENT""]",[],[],"[""75672""]"
2026-07-12,https://single-market-economy.ec.europa.eu/sectors/cosmetics/cosmetic-ingredient-database_en,DIETHYLAMINO HYDROXYBENZOYL HEXYL BENZOATE,"[""LIGHT STABILIZER"", ""UV ABSORBER"", ""UV FILTER""]","[""VI/28""]",[],"[""38990""]"
2026-07-12,https://single-market-economy.ec.europa.eu/sectors/cosmetics/cosmetic-ingredient-database_en,DIETHYLHEXYL SYRINGYLIDENEMALONATE,"[""SKIN PROTECTING""]",[],[],"[""55849""]"
2026-07-12,https://single-market-economy.ec.europa.eu/sectors/cosmetics/cosmetic-ingredient-database_en,DIISOPROPYL SEBACATE,"[""PLASTICISER"", ""SKIN CONDITIONING"", ""SKIN CONDITIONING - EMOLLIENT"", ""SOLVENT""]",[],[],"[""75613""]"
2026-07-12,https://single-market-economy.ec.europa.eu/sectors/cosmetics/cosmetic-ingredient-database_en,DIISOSTEARYL MALATE,"[""SKIN CONDITIONING"", ""SKIN CONDITIONING - EMOLLIENT"", ""SURFACTANT - CLEANSING""]",[],[],"[""75620""]"
2026-07-12,https://single-market-economy.ec.europa.eu/sectors/cosmetics/cosmetic-ingredient-database_en,DIMETHICONE,"[""ANTIFOAMING"", ""SKIN CONDITIONING"", ""SKIN CONDITIONING - EMOLLIENT"", ""SKIN PROTECTING""]",[],[],"[""33401""]"
2026-07-12,https://single-market-economy.ec.europa.eu/sectors/cosmetics/cosmetic-ingredient-database_en,DIMETHICONE CROSSPOLYMER,"[""EMULSION STABILISING"", ""HAIR FIXING"", ""VISCOSITY CONTROLLING""]",[],[],"[""55749""]"
2026-07-12,https://single-market-economy.ec.europa.eu/sectors/cosmetics/cosmetic-ingredient-database_en,DIMETHICONE/PEG-10/15 CROSSPOLYMER,"[""FILM FORMING"", ""OPACIFYING""]",[],[],"[""55785""]"
2026-07-12,https://single-market-economy.ec.europa.eu/sectors/cosmetics/cosmetic-ingredient-database_en,DIMETHICONE/VINYL DIMETHICONE CROSSPOLYMER,"[""SKIN CONDITIONING"", ""VISCOSITY CONTROLLING""]",[],[],"[""33439""]"
2026-07-12,https://single-market-economy.ec.europa.eu/sectors/cosmetics/cosmetic-ingredient-database_en,DIMETHICONOL,"[""ANTIFOAMING"", ""MOISTURISING"", ""SKIN CONDITIONING - EMOLLIENT""]",[],[],"[""75588""]"
2026-07-12,https://single-market-economy.ec.europa.eu/sectors/cosmetics/cosmetic-ingredient-database_en,DIMETHYL ISOSORBIDE,"[""SOLVENT"", ""VISCOSITY CONTROLLING""]",[],[],"[""75870""]"
2026-07-12,https://single-market-economy.ec.europa.eu/sectors/cosmetics/cosmetic-ingredient-database_en,DIPHENYLSILOXY PHENYL TRIMETHICONE,"[""ANTIFOAMING"", ""HAIR CONDITIONING"", ""SKIN CONDITIONING""]",[],[],"[""55863""]"
2026-07-12,https://single-market-economy.ec.europa.eu/sectors/cosmetics/cosmetic-ingredient-database_en,DIPOTASSIUM GLYCYRRHIZATE,"[""HUMECTANT"", ""SKIN CONDITIONING""]",[],[],"[""33554""]"
2026-07-12,https://single-market-economy.ec.europa.eu/sectors/cosmetics/cosmetic-ingredient-database_en,DIPROPYLENE GLYCOL,"[""FRAGRANCE"", ""PERFUMING"", ""SOLVENT"", ""VISCOSITY CONTROLLING""]",[],[],"[""75742""]"
2026-07-12,https://single-market-economy.ec.europa.eu/sectors/cosmetics/cosmetic-ingredient-database_en,DISODIUM EDTA,"[""CHELATING"", ""VISCOSITY CONTROLLING""]",[],[],"[""33604""]"
2026-07-12,https://single-market-economy.ec.europa.eu/sectors/cosmetics/cosmetic-ingredient-database_en,DISODIUM PHOSPHATE,"[""ANTICORROSIVE"", ""BUFFERING"", ""FRAGRANCE""]",[],[],"[""33650""]"
2026-07-12,https://single-market-economy.ec.europa.eu/sectors/cosmetics/cosmetic-ingredient-database_en,DISODIUM STEAROYL GLUTAMATE,"[""CLEANSING"", ""HAIR CONDITIONING"", ""SKIN CONDITIONING"", ""SURFACTANT - CLEANSING""]",[],[],"[""33659""]"
2026-07-12,https://single-market-economy.ec.europa.eu/sectors/cosmetics/cosmetic-ingredient-database_en,DISTEARDIMONIUM HECTORITE,"[""LIGHT STABILIZER"", ""VISCOSITY CONTROLLING""]",[],[],"[""33691""]"
2026-07-12,https://single-market-economy.ec.europa.eu/sectors/cosmetics/cosmetic-ingredient-database_en,ECTOIN,"[""SKIN CONDITIONING""]",[],[],"[""56122""]"
2026-07-12,https://single-market-economy.ec.europa.eu/sectors/cosmetics/cosmetic-ingredient-database_en,ETHYLENE/PROPYLENE/STYRENE COPOLYMER,"[""VISCOSITY CONTROLLING""]",[],[],"[""56078""]"
2026-07-12,https://single-market-economy.ec.europa.eu/sectors/cosmetics/cosmetic-ingredient-database_en,ETHYLHEXYL METHOXYCINNAMATE,"[""LIGHT STABILIZER"", ""UV ABSORBER"", ""UV FILTER""]","[""VI/12""]",[],"[""33886""]"
2026-07-12,https://single-market-economy.ec.europa.eu/sectors/cosmetics/cosmetic-ingredient-database_en,ETHYLHEXYL PALMITATE,"[""PERFUMING"", ""SKIN CONDITIONING - EMOLLIENT""]",[],[],"[""33890""]"
2026-07-12,https://single-market-economy.ec.europa.eu/sectors/cosmetics/cosmetic-ingredient-database_en,ETHYLHEXYL SALICYLATE,"[""LIGHT STABILIZER"", ""UV ABSORBER"", ""UV FILTER""]","[""VI/20""]",[],"[""33893""]"
2026-07-12,https://single-market-economy.ec.europa.eu/sectors/cosmetics/cosmetic-ingredient-database_en,ETHYLHEXYL TRIAZONE,"[""LIGHT STABILIZER"", ""UV ABSORBER"", ""UV FILTER""]","[""VI/15""]",[],"[""33895""]"
2026-07-12,https://single-market-economy.ec.europa.eu/sectors/cosmetics/cosmetic-ingredient-database_en,ETHYLHEXYLGLYCERIN,"[""DEODORANT"", ""SKIN CONDITIONING""]",[],[],"[""33896""]"
2026-07-12,https://single-market-economy.ec.europa.eu/sectors/cosmetics/cosmetic-ingredient-database_en,EUCALYPTUS GLOBULUS LEAF OIL,"[""PERFUMING"", ""SKIN CONDITIONING""]","[""III/355""]",[],"[""76052""]"
2026-07-12,https://single-market-economy.ec.europa.eu/sectors/cosmetics/cosmetic-ingredient-database_en,EUGENOL,"[""DENATURANT"", ""PERFUMING"", ""TONIC""]","[""III/71""]",[],"[""33910""]"
2026-07-12,https://single-market-economy.ec.europa.eu/sectors/cosmetics/cosmetic-ingredient-database_en,FARNESOL,"[""DEODORANT"", ""PERFUMING""]","[""III/82""]",[],"[""33921""]"
2026-07-12,https://single-market-economy.ec.europa.eu/sectors/cosmetics/cosmetic-ingredient-database_en,FRUCTOOLIGOSACCHARIDES,"[""HUMECTANT"", ""SKIN CONDITIONING""]",[],[],"[""85219""]"
2026-07-12,https://single-market-economy.ec.europa.eu/sectors/cosmetics/cosmetic-ingredient-database_en,FRUCTOSE,"[""HUMECTANT""]",[],[],"[""33960""]"
2026-07-12,https://single-market-economy.ec.europa.eu/sectors/cosmetics/cosmetic-ingredient-database_en,GARDENIA FLORIDA FRUIT EXTRACT,"[""SKIN CONDITIONING""]",[],[],"[""56322""]"
2026-07-12,https://single-market-economy.ec.europa.eu/sectors/cosmetics/cosmetic-ingredient-database_en,GERANIOL,"[""PERFUMING"", ""TONIC""]","[""III/78""]",[],"[""33991""]"
2026-07-12,https://single-market-economy.ec.europa.eu/sectors/cosmetics/cosmetic-ingredient-database_en,GERANYL ACETATE,"[""PERFUMING"", ""TONIC""]","[""III/369""]",[],"[""33995""]"
2026-07-12,https://single-market-economy.ec.europa.eu/sectors/cosmetics/cosmetic-ingredient-database_en,GLABRIDIN,"[""BLEACHING""]",[],[],"[""84479""]"
2026-07-12,https://single-market-economy.ec.europa.eu/sectors/cosmetics/cosmetic-ingredient-database_en,GLUCONOLACTONE,"[""CHELATING"", ""SKIN CONDITIONING""]",[],[],"[""34009""]"
2026-07-12,https://single-market-economy.ec.europa.eu/sectors/cosmetics/cosmetic-ingredient-database_en,GLUCOSE,"[""HUMECTANT""]",[],[],"[""34012""]"
2026-07-12,https://single-market-economy.ec.europa.eu/sectors/cosmetics/cosmetic-ingredient-database_en,GLUTAMIC ACID,"[""ANTISTATIC"", ""HAIR CONDITIONING"", ""HUMECTANT""]",[],[],"[""34017""]"
2026-07-12,https://single-market-economy.ec.europa.eu/sectors/cosmetics/cosmetic-ingredient-database_en,GLUTATHIONE,"[""REDUCING""]",[],[],"[""34021""]"
2026-07-12,https://single-market-economy.ec.europa.eu/sectors/cosmetics/cosmetic-ingredient-database_en,GLYCERETH-26,"[""HUMECTANT"", ""VISCOSITY CONTROLLING""]",[],[],"[""76277""]"
2026-07-12,https://single-market-economy.ec.europa.eu/sectors/cosmetics/cosmetic-ingredient-database_en,GLYCERIN,"[""DENATURANT"", ""FRAGRANCE"", ""HAIR CONDITIONING"", ""HUMECTANT"", ""ORAL CARE"", ""PERFUMING"", ""SKIN CONDITIONING - HUMECTANT"", ""SKIN PROTECTING"", ""SOLVENT"", ""VISCOSITY CONTROLLING""]",[],[],"[""34040""]"
2026-07-12,https://single-market-economy.ec.europa.eu/sectors/cosmetics/cosmetic-ingredient-database_en,GLYCERYL CAPRYLATE,"[""DEODORANT"", ""SKIN CONDITIONING - EMOLLIENT"", ""SURFACTANT - EMULSIFYING""]",[],[],"[""34049""]"
2026-07-12,https://single-market-economy.ec.europa.eu/sectors/cosmetics/cosmetic-ingredient-database_en,GLYCERYL OLEATE,"[""PERFUMING"", ""SKIN CONDITIONING - EMOLLIENT"", ""SURFACTANT - EMULSIFYING""]",[],[],"[""76237""]"
2026-07-12,https://single-market-economy.ec.europa.eu/sectors/cosmetics/cosmetic-ingredient-database_en,GLYCERYL STEARATE,"[""SKIN CONDITIONING - EMOLLIENT"", ""SURFACTANT - EMULSIFYING""]",[],[],"[""34103""]"
2026-07-12,https://single-market-economy.ec.europa.eu/sectors/cosmetics/cosmetic-ingredient-database_en,GLYCERYL STEARATE CITRATE,"[""SKIN CONDITIONING"", ""SKIN CONDITIONING - EMOLLIENT"", ""SURFACTANT - EMULSIFYING""]",[],[],"[""76253""]"
2026-07-12,https://single-market-economy.ec.europa.eu/sectors/cosmetics/cosmetic-ingredient-database_en,GLYCERYL STEARATE SE,"[""SURFACTANT - EMULSIFYING""]",[],[],"[""76256""]"
2026-07-12,https://single-market-economy.ec.europa.eu/sectors/cosmetics/cosmetic-ingredient-database_en,GLYCINE,"[""ANTISTATIC"", ""BUFFERING"", ""HAIR CONDITIONING"", ""SKIN CONDITIONING""]",[],[],"[""34117""]"
2026-07-12,https://single-market-economy.ec.europa.eu/sectors/cosmetics/cosmetic-ingredient-database_en,GLYCINE SOJA OIL,"[""PERFUMING"", ""SKIN CONDITIONING"", ""SKIN CONDITIONING - EMOLLIENT""]",[],[],"[""34121""]"
2026-07-12,https://single-market-economy.ec.europa.eu/sectors/cosmetics/cosmetic-ingredient-database_en,GLYCOL DISTEARATE,"[""OPACIFYING"", ""SKIN CONDITIONING"", ""SKIN CONDITIONING - EMOLLIENT"", ""SURFACTANT - EMULSIFYING"", ""VISCOSITY CONTROLLING""]",[],[],"[""34134""]"
2026-07-12,https://single-market-economy.ec.europa.eu/sectors/cosmetics/cosmetic-ingredient-database_en,GUAR HYDROXYPROPYLTRIMONIUM CHLORIDE,"[""ANTISTATIC"", ""FILM FORMING"", ""SKIN CONDITIONING"", ""VISCOSITY CONTROLLING""]",[],[],"[""34177""]"
2026-07-12,https://single-market-economy.ec.europa.eu/sectors/cosmetics/cosmetic-ingredient-database_en,HDI/TRIMETHYLOL HEXYLLACTONE CROSSPOLYMER,"[""ANTICAKING""]",[],[],"[""34225""]"
2026-07-12,https://single-market-economy.ec.europa.eu/sectors/cosmetics/cosmetic-ingredient-database_en,HELIANTHUS ANNUUS EXTRACT,"[""HAIR CONDITIONING"", ""SKIN CONDITIONING"", ""SKIN CONDITIONING - EMOLLIENT""]",[],[],"[""34234""]"
2026-07-12,https://single-market-economy.ec.europa.eu/sectors/cosmetics/cosmetic-ingredient-database_en,HELIANTHUS ANNUUS SEED EXTRACT,"[""HAIR CONDITIONING"", ""SKIN CONDITIONING - MISCELLANEOUS"", ""UV ABSORBER""]",[],[],"[""34237""]"
2026-07-12,https://single-market-economy.ec.europa.eu/sectors/cosmetics/cosmetic-ingredient-database_en,HELIANTHUS ANNUUS SEED OIL,"[""SKIN CONDITIONING - EMOLLIENT"", ""SKIN CONDITIONING - MISCELLANEOUS"", ""SKIN CONDITIONING - OCCLUSIVE"", ""SOLVENT""]",[],[],"[""34238""]"
2026-07-12,https://single-market-economy.ec.europa.eu/sectors/cosmetics/cosmetic-ingredient-database_en,HEXYL CINNAMAL,"[""PERFUMING""]","[""III/87""]",[],"[""40233""]"
2026-07-12,https://single-market-economy.ec.europa.eu/sectors/cosmetics/cosmetic-ingredient-database_en,HEXYL LAURATE,"[""SKIN CONDITIONING"", ""SKIN CONDITIONING - EMOLLIENT""]",[],[],"[""34269""]"
2026-07-12,https://single-market-economy.ec.europa.eu/sectors/cosmetics/cosmetic-ingredient-database_en,HEXYLENE GLYCOL,"[""PERFUMING"", ""SKIN CONDITIONING"", ""SOLVENT"", ""SURFACTANT - CLEANSING"", ""SURFACTANT - EMULSIFYING""]",[],[],"[""34283""]"
2026-07-12,https://single-market-economy.ec.europa.eu/sectors/cosmetics/cosmetic-ingredient-database_en,HIBISCUS SABDARIFFA FLOWER EXTRACT,"[""SKIN CONDITIONING""]",[],[],"[""56451""]"
2026-07-12,https://single-market-economy.ec.europa.eu/sectors/cosmetics/cosmetic-ingredient-database_en,HISTIDINE,"[""ANTISTATIC"", ""HUMECTANT"", ""SKIN CONDITIONING""]",[],[],"[""34297""]"
2026-07-12,https://single-market-economy.ec.europa.eu/sectors/cosmetics/cosmetic-ingredient-database_en,HOUTTUYNIA CORDATA EXTRACT,"[""SKIN CONDITIONING""]",[],[],"[""34310""]"
2026-07-12,https://single-market-economy.ec.europa.eu/sectors/cosmetics/cosmetic-ingredient-database_en,HYALURONIC ACID,"[""ANTISTATIC"", ""HUMECTANT"", ""MOISTURISING"", ""SKIN CONDITIONING""]",[],[],"[""34315""]"
2026-07-12,https://single-market-economy.ec.europa.eu/sectors/cosmetics/cosmetic-ingredient-database_en,HYDROGEN DIMETHICONE,"[""FILM FORMING""]",[],[],"[""82242""]"
2026-07-12,https://single-market-economy.ec.europa.eu/sectors/cosmetics/cosmetic-ingredient-database_en,HYDROGENATED CASTOR OIL,"[""SKIN CONDITIONING"", ""SKIN CONDITIONING - EMOLLIENT"", ""SURFACTANT - CLEANSING"", ""SURFACTANT - EMULSIFYING"", ""VISCOSITY CONTROLLING""]",[],[],"[""34330""]"
2026-07-12,https://single-market-economy.ec.europa.eu/sectors/cosmetics/cosmetic-ingredient-database_en,HYDROGENATED ETHYLHEXYL OLIVATE,"[""SKIN CONDITIONING"", ""SKIN CONDITIONING - EMOLLIENT""]",[],[],"[""56639""]"
2026-07-12,https://single-market-economy.ec.europa.eu/sectors/cosmetics/cosmetic-ingredient-database_en,HYDROGENATED LECITHIN,"[""SKIN CONDITIONING"", ""SURFACTANT - EMULSIFYING""]",[],[],"[""34357""]"
2026-07-12,https://single-market-economy.ec.europa.eu/sectors/cosmetics/cosmetic-ingredient-database_en,HYDROGENATED OLIVE OIL UNSAPONIFIABLES,"[""HAIR CONDITIONING"", ""SKIN CONDITIONING"", ""SKIN CONDITIONING - EMOLLIENT""]",[],[],"[""34366""]"
2026-07-12,https://single-market-economy.ec.europa.eu/sectors/cosmetics/cosmetic-ingredient-database_en,HYDROGENATED POLYDECENE,"[""FRAGRANCE"", ""HAIR CONDITIONING"", ""PERFUMING"", ""SKIN CONDITIONING"", ""SKIN CONDITIONING - EMOLLIENT"", ""SOLVENT""]",[],[],"[""76642""]"
2026-07-12,https://single-market-economy.ec.europa.eu/sectors/cosmetics/cosmetic-ingredient-database_en,HYDROGENATED POLYISOBUTENE,"[""SKIN CONDITIONING"", ""SKIN CONDITIONING - EMOLLIENT"", ""VISCOSITY CONTROLLING""]",[],[],"[""76643""]"
2026-07-12,https://single-market-economy.ec.europa.eu/sectors/cosmetics/cosmetic-ingredient-database_en,HYDROGENATED VEGETABLE OIL,"[""SKIN CONDITIONING"", ""SKIN CONDITIONING - EMOLLIENT""]",[],[],"[""34414""]"
2026-07-12,https://single-market-economy.ec.europa.eu/sectors/cosmetics/cosmetic-ingredient-database_en,HYDROLYZED COLLAGEN,"[""ANTISTATIC"", ""FILM FORMING"", ""HAIR CONDITIONING"", ""HUMECTANT"", ""SKIN CONDITIONING"", ""SKIN CONDITIONING - EMOLLIENT""]",[],[],"[""76560""]"
2026-07-12,https://single-market-economy.ec.europa.eu/sectors/cosmetics/cosmetic-ingredient-database_en,HYDROLYZED HYALURONIC ACID,"[""HAIR CONDITIONING"", ""HUMECTANT"", ""SKIN CONDITIONING""]",[],[],"[""82209""]"
2026-07-12,https://single-market-economy.ec.europa.eu/sectors/cosmetics/cosmetic-ingredient-database_en,HYDROLYZED KERATIN,"[""ANTISTATIC"", ""FILM FORMING"", ""HAIR CONDITIONING"", ""HUMECTANT"", ""SKIN CONDITIONING""]",[],[],"[""34437""]"
2026-07-12,https://single-market-economy.ec.europa.eu/sectors/cosmetics/cosmetic-ingredient-database_en,HYDROLYZED QUINOA,"[""SKIN CONDITIONING""]",[],[],"[""34451""]"
2026-07-12,https://single-market-economy.ec.europa.eu/sectors/cosmetics/cosmetic-ingredient-database_en,HYDROLYZED RICE PROTEIN,"[""ANTISTATIC"", ""HAIR CONDITIONING"", ""SKIN CONDITIONING""]",[],[],"[""76578""]"
2026-07-12,https://single-market-economy.ec.europa.eu/sectors/cosmetics/cosmetic-ingredient-database_en,HYDROLYZED SODIUM HYALURONATE,"[""SKIN CONDITIONING""]",[],[],"[""87175""]"
2026-07-12,https://single-market-economy.ec.europa.eu/sectors/cosmetics/cosmetic-ingredient-database_en,HYDROLYZED SOY PROTEIN,"[""ANTISTATIC"", ""HAIR CONDITIONING"", ""HUMECTANT"", ""SKIN CONDITIONING""]",[],[],"[""76584""]"
2026-07-12,https://single-market-economy.ec.europa.eu/sectors/cosmetics/cosmetic-ingredient-database_en,HYDROLYZED VEGETABLE PROTEIN,"[""ANTISTATIC"", ""HAIR CONDITIONING"", ""SKIN CONDITIONING""]",[],[],"[""76679""]"
2026-07-12,https://single-market-economy.ec.europa.eu/sectors/cosmetics/cosmetic-ingredient-database_en,HYDROLYZED VEGETABLE PROTEIN PG-PROPYL SILANETRIOL,"[""HAIR CONDITIONING"", ""SKIN CONDITIONING""]",[],[],"[""56688""]"
2026-07-12,https://single-market-economy.ec.europa.eu/sectors/cosmetics/cosmetic-ingredient-database_en,HYDROLYZED WHEAT PROTEIN,"[""ANTISTATIC"", ""HAIR CONDITIONING"", ""SKIN CONDITIONING""]","[""III/307""]",[],"[""76681""]"
2026-07-12,https://single-market-economy.ec.europa.eu/sectors/cosmetics/cosmetic-ingredient-database_en,HYDROXYACETOPHENONE,"[""ANTIOXIDANT""]",[],[],"[""90948""]"
2026-07-12,https://single-market-economy.ec.europa.eu/sectors/cosmetics/cosmetic-ingredient-database_en,HYDROXYCITRONELLAL,"[""PERFUMING""]","[""III/72""]",[],"[""34491""]"
2026-07-12,https://single-market-economy.ec.europa.eu/sectors/cosmetics/cosmetic-ingredient-database_en,HYDROXYETHYL ACRYLATE/SODIUM ACRYLOYLDIMETHYL TAURATE COPOLYMER,"[""EMULSION STABILISING"", ""VISCOSITY CONTROLLING""]",[],[],"[""56798""]"
2026-07-12,https://single-market-economy.ec.europa.eu/sectors/cosmetics/cosmetic-ingredient-database_en,HYDROXYETHYL UREA,"[""HAIR CONDITIONING"", ""HUMECTANT"", ""SKIN CONDITIONING""]",[],[],"[""56805""]"
2026-07-12,https://single-market-economy.ec.europa.eu/sectors/cosmetics/cosmetic-ingredient-database_en,HYDROXYETHYLCELLULOSE,"[""BINDING"", ""EMULSION STABILISING"", ""FILM FORMING"", ""LIGHT STABILIZER"", ""VISCOSITY CONTROLLING""]",[],[],"[""76845""]"
2026-07-12,https://single-market-economy.ec.europa.eu/sectors/cosmetics/cosmetic-ingredient-database_en,HYDROXYPROPYL GUAR HYDROXYPROPYLTRIMONIUM CHLORIDE,"[""ANTISTATIC"", ""HAIR CONDITIONING""]",[],[],"[""76869""]"
2026-07-12,https://single-market-economy.ec.europa.eu/sectors/cosmetics/cosmetic-ingredient-database_en,HYDROXYPROPYL STARCH PHOSPHATE,"[""BULKING"", ""VISCOSITY CONTROLLING""]",[],[],"[""76871""]"
2026-07-12,https://single-market-economy.ec.europa.eu/sectors/cosmetics/cosmetic-ingredient-database_en,HYDROXYPROPYLTRIMONIUM HYALURONATE,"[""FILM FORMING""]",[],[],"[""56838""]"
2026-07-12,https://single-market-economy.ec.europa.eu/sectors/cosmetics/cosmetic-ingredient-database_en,ISODODECANE,"[""PERFUMING"", ""SKIN CONDITIONING - EMOLLIENT"", ""SOLVENT""]",[],[],"[""34648""]"
2026-07-12,https://single-market-economy.ec.europa.eu/sectors/cosmetics/cosmetic-ingredient-database_en,ISOHEXADECANE,"[""SKIN CONDITIONING - EMOLLIENT"", ""SOLVENT""]",[],[],"[""34654""]"
2026-07-12,https://single-market-economy.ec.europa.eu/sectors/cosmetics/cosmetic-ingredient-database_en,ISOLEUCINE,"[""ANTISTATIC"", ""HAIR CONDITIONING"", ""SKIN CONDITIONING""]",[],[],"[""34662""]"
2026-07-12,https://single-market-economy.ec.europa.eu/sectors/cosmetics/cosmetic-ingredient-database_en,ISONONYL ISONONANOATE,"[""ANTISTATIC"", ""SKIN CONDITIONING"", ""SKIN CONDITIONING - EMOLLIENT""]",[],[],"[""76782""]"
2026-07-12,https://single-market-economy.ec.europa.eu/sectors/cosmetics/cosmetic-ingredient-database_en,ISOPROPYL ALCOHOL,"[""ANTIFOAMING"", ""PERFUMING"", ""SOLVENT"", ""VISCOSITY CONTROLLING""]",[],[],"[""34680""]"
2026-07-12,https://single-market-economy.ec.europa.eu/sectors/cosmetics/cosmetic-ingredient-database_en,ISOPROPYL MYRISTATE,"[""BINDING"", ""FRAGRANCE"", ""PERFUMING"", ""SKIN CONDITIONING - EMOLLIENT""]",[],[],"[""34699""]"
2026-07-12,https://single-market-economy.ec.europa.eu/sectors/cosmetics/cosmetic-ingredient-database_en,ISOPROPYL PALMITATE,"[""BINDING"", ""FRAGRANCE"", ""PERFUMING"", ""SKIN CONDITIONING - EMOLLIENT""]",[],[],"[""77732""]"
2026-07-12,https://single-market-economy.ec.europa.eu/sectors/cosmetics/cosmetic-ingredient-database_en,ISOPROPYL TITANIUM TRIISOSTEARATE,"[""SKIN CONDITIONING - EMOLLIENT"", ""SURFACTANT - EMULSIFYING""]",[],[],"[""34708""]"
2026-07-12,https://single-market-economy.ec.europa.eu/sectors/cosmetics/cosmetic-ingredient-database_en,ISOSTEARIC ACID,"[""BINDING"", ""CLEANSING"", ""SURFACTANT - CLEANSING"", ""SURFACTANT - EMULSIFYING""]",[],[],"[""77840""]"
2026-07-12,https://single-market-economy.ec.europa.eu/sectors/cosmetics/cosmetic-ingredient-database_en,JOJOBA ESTERS,"[""MOISTURISING"", ""SKIN CONDITIONING"", ""SKIN CONDITIONING - EMOLLIENT"", ""SOOTHING""]",[],[],"[""34778""]"
2026-07-12,https://single-market-economy.ec.europa.eu/sectors/cosmetics/cosmetic-ingredient-database_en,KAOLIN,"[""ABRASIVE"", ""ABSORBENT"", ""ANTICAKING"", ""BULKING"", ""COLORANT"", ""OPACIFYING""]","[""IV/119""]",[],"[""34795""]"
2026-07-12,https://single-market-economy.ec.europa.eu/sectors/cosmetics/cosmetic-ingredient-database_en,KOJIC ACID,"[""ANTIOXIDANT"", ""BLEACHING""]","[""III / 375""]","[""Opinion on Kojic Acid"", ""Opinion on Kojic acid""]","[""34801""]"
2026-07-12,https://single-market-economy.ec.europa.eu/sectors/cosmetics/cosmetic-ingredient-database_en,LACTIC ACID,"[""BUFFERING"", ""HUMECTANT"", ""SKIN CONDITIONING""]",[],"[""Position paper on the Safety of alpha-Hydroxy Acids"", ""Updated position paper concerning consumer Safety of alpha-hydroxy acids""]","[""34809""]"
2026-07-12,https://single-market-economy.ec.europa.eu/sectors/cosmetics/cosmetic-ingredient-database_en,LACTOBACILLUS FERMENT,"[""SKIN CONDITIONING""]",[],[],"[""34816""]"
2026-07-12,https://single-market-economy.ec.europa.eu/sectors/cosmetics/cosmetic-ingredient-database_en,LACTOBIONIC ACID,"[""BUFFERING""]",[],[],"[""58024""]"
2026-07-12,https://single-market-economy.ec.europa.eu/sectors/cosmetics/cosmetic-ingredient-database_en,LAMINARIA DIGITATA EXTRACT,"[""SKIN PROTECTING""]",[],[],"[""34839""]"
2026-07-12,https://single-market-economy.ec.europa.eu/sectors/cosmetics/cosmetic-ingredient-database_en,LAMINARIA JAPONICA EXTRACT,"[""SKIN PROTECTING""]",[],[],"[""78339""]"
2026-07-12,https://single-market-economy.ec.europa.eu/sectors/cosmetics/cosmetic-ingredient-database_en,LAMINARIA SACCHARINA EXTRACT,"[""SKIN PROTECTING""]",[],[],"[""34842""]"
2026-07-12,https://single-market-economy.ec.europa.eu/sectors/cosmetics/cosmetic-ingredient-database_en,LAURETH-4,"[""ANTISTATIC"", ""FRAGRANCE"", ""SURFACTANT - CLEANSING"", ""SURFACTANT - EMULSIFYING""]",[],[],"[""34915""]"
2026-07-12,https://single-market-economy.ec.europa.eu/sectors/cosmetics/cosmetic-ingredient-database_en,LAURETH-7,"[""SURFACTANT - CLEANSING"", ""SURFACTANT - EMULSIFYING""]",[],[],"[""34924""]"
2026-07-12,https://single-market-economy.ec.europa.eu/sectors/cosmetics/cosmetic-ingredient-database_en,LAUROYL LYSINE,"[""HAIR CONDITIONING"", ""SKIN CONDITIONING"", ""VISCOSITY CONTROLLING""]",[],[],"[""34940""]"
2026-07-12,https://single-market-economy.ec.europa.eu/sectors/cosmetics/cosmetic-ingredient-database_en,LAURYL GLUCOSIDE,"[""CLEANSING"", ""SURFACTANT - CLEANSING""]",[],[],"[""56967""]"
2026-07-12,https://single-market-economy.ec.europa.eu/sectors/cosmetics/cosmetic-ingredient-database_en,LAURYL PEG-9 POLYDIMETHYLSILOXYETHYL DIMETHICONE,"[""HAIR CONDITIONING"", ""SKIN CONDITIONING"", ""SURFACTANT - CLEANSING""]",[],[],"[""57051""]"
2026-07-12,https://single-market-economy.ec.europa.eu/sectors/cosmetics/cosmetic-ingredient-database_en,LAVANDULA ANGUSTIFOLIA OIL,"[""FRAGRANCE"", ""TONIC""]","[""III/360""]",[],"[""34989""]"
2026-07-12,https://single-market-economy.ec.europa.eu/sectors/cosmetics/cosmetic-ingredient-database_en,LECITHIN,"[""ANTISTATIC"", ""SKIN CONDITIONING"", ""SKIN CONDITIONING - EMOLLIENT"", ""SURFACTANT - EMULSIFYING""]",[],[],"[""34995""]"
2026-07-12,https://single-market-economy.ec.europa.eu/sectors/cosmetics/cosmetic-ingredient-database_en,LEUCINE,"[""ANTISTATIC"", ""HAIR CONDITIONING"", ""SKIN CONDITIONING""]",[],[],"[""35003""]"
2026-07-12,https://single-market-economy.ec.europa.eu/sectors/cosmetics/cosmetic-ingredient-database_en,LEUCONOSTOC/RADISH ROOT FERMENT FILTRATE,"[""ANTI-SEBORRHEIC"", ""ANTIMICROBIAL""]",[],[],"[""57171""]"
2026-07-12,https://single-market-economy.ec.europa.eu/sectors/cosmetics/cosmetic-ingredient-database_en,LIMNANTHES ALBA SEED OIL,"[""SKIN CONDITIONING""]",[],[],"[""35012""]"
2026-07-12,https://single-market-economy.ec.europa.eu/sectors/cosmetics/cosmetic-ingredient-database_en,LIMONENE,"[""DEODORANT"", ""PERFUMING"", ""SOLVENT""]","[""III/88\r\nIII/167\r\nIII/168""]",[],"[""57187""]"
2026-07-12,https://single-market-economy.ec.europa.eu/sectors/cosmetics/cosmetic-ingredient-database_en,LINALOOL,"[""DEODORANT"", ""PERFUMING""]","[""III/84""]",[],"[""35016""]"
2026-07-12,https://single-market-economy.ec.europa.eu/sectors/cosmetics/cosmetic-ingredient-database_en,LINALYL ACETATE,"[""FRAGRANCE""]","[""III/337""]",[],"[""77311""]"
2026-07-12,https://single-market-economy.ec.europa.eu/sectors/cosmetics/cosmetic-ingredient-database_en,LYSINE,"[""ANTISTATIC"", ""HAIR CONDITIONING"", ""SKIN CONDITIONING""]",[],[],"[""35064""]"
2026-07-12,https://single-market-economy.ec.europa.eu/sectors/cosmetics/cosmetic-ingredient-database_en,MADECASSIC ACID,"[""SKIN CONDITIONING""]",[],[],"[""57486""]"
2026-07-12,https://single-market-economy.ec.europa.eu/sectors/cosmetics/cosmetic-ingredient-database_en,MADECASSOSIDE,"[""ANTIOXIDANT"", ""SKIN CONDITIONING""]",[],[],"[""57487""]"
2026-07-12,https://single-market-economy.ec.europa.eu/sectors/cosmetics/cosmetic-ingredient-database_en,MAGNESIUM ALUMINUM SILICATE,"[""ABSORBENT"", ""ANTICAKING"", ""OPACIFYING"", ""VISCOSITY CONTROLLING""]",[],[],"[""35080""]"
2026-07-12,https://single-market-economy.ec.europa.eu/sectors/cosmetics/cosmetic-ingredient-database_en,MAGNESIUM ASCORBYL PHOSPHATE,"[""ANTIOXIDANT"", ""SKIN CONDITIONING""]",[],[],"[""35082""]"
2026-07-12,https://single-market-economy.ec.europa.eu/sectors/cosmetics/cosmetic-ingredient-database_en,MAGNESIUM CHLORIDE,"[""FLAVOURING"", ""VISCOSITY CONTROLLING""]",[],[],"[""35088""]"
2026-07-12,https://single-market-economy.ec.europa.eu/sectors/cosmetics/cosmetic-ingredient-database_en,MAGNESIUM MYRISTATE,"[""ANTICAKING"", ""OPACIFYING"", ""VISCOSITY CONTROLLING""]",[],[],"[""35107""]"
2026-07-12,https://single-market-economy.ec.europa.eu/sectors/cosmetics/cosmetic-ingredient-database_en,MAGNESIUM STEARATE,"[""ANTICAKING"", ""BULKING"", ""COLORANT"", ""MOISTURISING""]","[""IV/150""]",[],"[""35120""]"
2026-07-12,https://single-market-economy.ec.europa.eu/sectors/cosmetics/cosmetic-ingredient-database_en,MAGNESIUM SULFATE,"[""BULKING""]",[],[],"[""35121""]"
2026-07-12,https://single-market-economy.ec.europa.eu/sectors/cosmetics/cosmetic-ingredient-database_en,MALTODEXTRIN,"[""ABSORBENT"", ""BINDING"", ""EMULSION STABILISING"", ""FILM FORMING"", ""HAIR CONDITIONING"", ""SKIN CONDITIONING""]",[],[],"[""35142""]"
2026-07-12,https://single-market-economy.ec.europa.eu/sectors/cosmetics/cosmetic-ingredient-database_en,MANGIFERA INDICA SEED BUTTER,"[""SKIN CONDITIONING""]",[],[],"[""57696""]"
2026-07-12,https://single-market-economy.ec.europa.eu/sectors/cosmetics/cosmetic-ingredient-database_en,MANNITOL,"[""BINDING"", ""FRAGRANCE"", ""HUMECTANT"", ""MOISTURISING"", ""SKIN CONDITIONING""]",[],[],"[""35167""]"
2026-07-12,https://single-market-economy.ec.europa.eu/sectors/cosmetics/cosmetic-ingredient-database_en,MELIA AZADIRACHTA FLOWER EXTRACT,"[""SKIN CONDITIONING""]",[],[],"[""57847""]"
2026-07-12,https://single-market-economy.ec.europa.eu/sectors/cosmetics/cosmetic-ingredient-database_en,MELIA AZADIRACHTA LEAF EXTRACT,"[""SKIN CONDITIONING""]",[],[],"[""78090""]"
2026-07-12,https://single-market-economy.ec.europa.eu/sectors/cosmetics/cosmetic-ingredient-database_en,MENTHA PIPERITA OIL,"[""FRAGRANCE"", ""PERFUMING"", ""REFRESHING"", ""TONIC""]","[""III/361""]",[],"[""84257""]"
2026-07-12,https://single-market-economy.ec.europa.eu/sectors/cosmetics/cosmetic-ingredient-database_en,MENTHOL,"[""DENATURANT"", ""FRAGRANCE"", ""REFRESHING"", ""SOOTHING""]","[""III/338""]",[],"[""35228""]"
2026-07-12,https://single-market-economy.ec.europa.eu/sectors/cosmetics/cosmetic-ingredient-database_en,METHICONE,"[""ANTISTATIC"", ""SKIN CONDITIONING"", ""SKIN CONDITIONING - EMOLLIENT""]",[],[],"[""35258""]"
2026-07-12,https://single-market-economy.ec.europa.eu/sectors/cosmetics/cosmetic-ingredient-database_en,METHIONINE,"[""ANTISTATIC"", ""HAIR CONDITIONING"", ""SKIN CONDITIONING""]",[],[],"[""35259""]"
2026-07-12,https://single-market-economy.ec.europa.eu/sectors/cosmetics/cosmetic-ingredient-database_en,METHYL METHACRYLATE CROSSPOLYMER,"[""FILM FORMING""]",[],[],"[""78369""]"
2026-07-12,https://single-market-economy.ec.europa.eu/sectors/cosmetics/cosmetic-ingredient-database_en,METHYL TRIMETHICONE,"[""HAIR CONDITIONING"", ""SKIN CONDITIONING - MISCELLANEOUS"", ""SOLVENT""]",[],[],"[""58116""]"
2026-07-12,https://single-market-economy.ec.europa.eu/sectors/cosmetics/cosmetic-ingredient-database_en,METHYLCHLOROISOTHIAZOLINONE,"[""PRESERVATIVE""]","[""V/39""]",[],"[""35333""]"
2026-07-12,https://single-market-economy.ec.europa.eu/sectors/cosmetics/cosmetic-ingredient-database_en,METHYLISOTHIAZOLINONE,"[""PRESERVATIVE""]","[""V/57\r\nV/39""]","[""Opinion on Methylisothiazolinone (P94) (Sensitisation only)\r\nSubmission II""]","[""35341""]"
2026-07-12,https://single-market-economy.ec.europa.eu/sectors/cosmetics/cosmetic-ingredient-database_en,METHYLPARABEN,"[""FRAGRANCE"", ""PRESERVATIVE""]","[""V/12""]","[""Extended Opinion on the Safety Evaluation of Parabens"", ""Opinion concerning Restrictions on Materials listed in annex VI of Directive 76/768/EEC on Cosmetic Products"", ""Opinion on Parabens"", ""Opinion on Parabens updated request for a scientific opinion on 'propyl-and butylparaben'"", ""Opinion on Parabens, underarm cosmetics and breast cancer""]","[""35342""]"
2026-07-12,https://single-market-economy.ec.europa.eu/sectors/cosmetics/cosmetic-ingredient-database_en,METHYLPROPANEDIOL,"[""SOLVENT""]",[],[],"[""78489""]"
2026-07-12,https://single-market-economy.ec.europa.eu/sectors/cosmetics/cosmetic-ingredient-database_en,MICA,"[""ANTICAKING"", ""BULKING"", ""COLORANT"", ""OPACIFYING""]",[],[],"[""35360""]"
2026-07-12,https://single-market-economy.ec.europa.eu/sectors/cosmetics/cosmetic-ingredient-database_en,MICROCRYSTALLINE CELLULOSE,"[""ABRASIVE"", ""ABSORBENT"", ""ANTICAKING"", ""BULKING"", ""EMULSION STABILISING"", ""LIGHT STABILIZER"", ""OPACIFYING"", ""VISCOSITY CONTROLLING""]",[],[],"[""78508""]"
2026-07-12,https://single-market-economy.ec.europa.eu/sectors/cosmetics/cosmetic-ingredient-database_en,MICROCRYSTALLINE WAX,"[""BINDING"", ""BULKING"", ""EMULSION STABILISING"", ""VISCOSITY CONTROLLING""]",[],[],"[""92425""]"
2026-07-12,https://single-market-economy.ec.europa.eu/sectors/cosmetics/cosmetic-ingredient-database_en,MORINGA OLEIFERA SEED OIL,"[""SKIN CONDITIONING"", ""SKIN CONDITIONING - EMOLLIENT""]",[],[],"[""85909""]"
2026-07-12,https://single-market-economy.ec.europa.eu/sectors/cosmetics/cosmetic-ingredient-database_en,MYRISTIC ACID,"[""FRAGRANCE"", ""OPACIFYING"", ""PERFUMING"", ""SURFACTANT - CLEANSING""]",[],[],"[""35442""]"
2026-07-12,https://single-market-economy.ec.europa.eu/sectors/cosmetics/cosmetic-ingredient-database_en,NEOPENTYL GLYCOL DIHEPTANOATE,"[""SKIN CONDITIONING"", ""SKIN CONDITIONING - EMOLLIENT""]",[],[],"[""57338""]"
2026-07-12,https://single-market-economy.ec.europa.eu/sectors/cosmetics/cosmetic-ingredient-database_en,NIACINAMIDE,"[""SMOOTHING""]",[],[],"[""35499""]"
2026-07-12,https://single-market-economy.ec.europa.eu/sectors/cosmetics/cosmetic-ingredient-database_en,NYLON-12,"[""BULKING"", ""OPACIFYING"", ""VISCOSITY CONTROLLING""]",[],[],"[""35565""]"
2026-07-12,https://single-market-economy.ec.europa.eu/sectors/cosmetics/cosmetic-ingredient-database_en,OCIMUM SANCTUM LEAF EXTRACT,"[""SKIN CONDITIONING""]",[],[],"[""57511""]"
2026-07-12,https://single-market-economy.ec.europa.eu/sectors/cosmetics/cosmetic-ingredient-database_en,OCTYLDODECANOL,"[""FRAGRANCE"", ""PERFUMING"", ""SKIN CONDITIONING - EMOLLIENT"", ""SOLVENT""]",[],[],"[""35610""]"
2026-07-12,https://single-market-economy.ec.europa.eu/sectors/cosmetics/cosmetic-ingredient-database_en,OCTYLDODECYL STEAROYL STEARATE,"[""SKIN CONDITIONING - EMOLLIENT"", ""VISCOSITY CONTROLLING""]",[],[],"[""35635""]"
2026-07-12,https://single-market-economy.ec.europa.eu/sectors/cosmetics/cosmetic-ingredient-database_en,OENOTHERA BIENNIS OIL,"[""SKIN CONDITIONING - EMOLLIENT""]",[],[],"[""35639""]"
2026-07-12,https://single-market-economy.ec.europa.eu/sectors/cosmetics/cosmetic-ingredient-database_en,OLEA EUROPAEA FRUIT OIL,"[""FRAGRANCE"", ""PERFUMING"", ""SKIN CONDITIONING""]",[],[],"[""77800""]"
2026-07-12,https://single-market-economy.ec.europa.eu/sectors/cosmetics/cosmetic-ingredient-database_en,PALMITIC ACID,"[""SKIN CONDITIONING - EMOLLIENT"", ""SURFACTANT - EMULSIFYING""]",[],[],"[""78421""]"
2026-07-12,https://single-market-economy.ec.europa.eu/sectors/cosmetics/cosmetic-ingredient-database_en,PALMITOYL PENTAPEPTIDE-4,"[""SKIN CONDITIONING""]",[],[],"[""56913""]"
2026-07-12,https://single-market-economy.ec.europa.eu/sectors/cosmetics/cosmetic-ingredient-database_en,PANTHENOL,"[""ANTISTATIC"", ""HAIR CONDITIONING"", ""SKIN CONDITIONING""]",[],[],"[""35839""]"
2026-07-12,https://single-market-economy.ec.europa.eu/sectors/cosmetics/cosmetic-ingredient-database_en,PARAFFIN,"[""PERFUMING"", ""SKIN CONDITIONING"", ""VISCOSITY CONTROLLING""]",[],[],"[""91023""]"
2026-07-12,https://single-market-economy.ec.europa.eu/sectors/cosmetics/cosmetic-ingredient-database_en,PARFUM,"[""FRAGRANCE"", ""PERFUMING""]",[],[],"[""35851""]"
2026-07-12,https://single-market-economy.ec.europa.eu/sectors/cosmetics/cosmetic-ingredient-database_en,PASSIFLORA EDULIS SEED OIL,"[""SKIN CONDITIONING - EMOLLIENT""]",[],[],"[""57017""]"
2026-07-12,https://single-market-economy.ec.europa.eu/sectors/cosmetics/cosmetic-ingredient-database_en,PCA,"[""HUMECTANT"", ""MOISTURISING""]",[],[],"[""77186""]"
2026-07-12,https://single-market-economy.ec.europa.eu/sectors/cosmetics/cosmetic-ingredient-database_en,PEG-10 DIMETHICONE,"[""HAIR CONDITIONING"", ""SKIN CONDITIONING""]",[],[],"[""57344""]"
2026-07-12,https://single-market-economy.ec.europa.eu/sectors/cosmetics/cosmetic-ingredient-database_en,PEG-100 STEARATE,"[""SURFACTANT - CLEANSING""]",[],[],"[""77453""]"
2026-07-12,https://single-market-economy.ec.europa.eu/sectors/cosmetics/cosmetic-ingredient-database_en,PEG-40 HYDROGENATED CASTOR OIL,"[""SURFACTANT - CLEANSING"", ""SURFACTANT - EMULSIFYING""]",[],[],"[""78452""]"
2026-07-12,https://single-market-economy.ec.europa.eu/sectors/cosmetics/cosmetic-ingredient-database_en,PEG-8,"[""HUMECTANT"", ""SOLVENT""]",[],[],"[""77303""]"
2026-07-12,https://single-market-economy.ec.europa.eu/sectors/cosmetics/cosmetic-ingredient-database_en,PEG-9 POLYDIMETHYLSILOXYETHYL DIMETHICONE,"[""SKIN CONDITIONING"", ""SURFACTANT - EMULSIFYING""]",[],[],"[""57454""]"
2026-07-12,https://single-market-economy.ec.europa.eu/sectors/cosmetics/cosmetic-ingredient-database_en,PEG/PPG-18/18 DIMETHICONE,"[""SURFACTANT - EMULSIFYING""]",[],[],"[""57121""]"
2026-07-12,https://single-market-economy.ec.europa.eu/sectors/cosmetics/cosmetic-ingredient-database_en,PELARGONIUM GRAVEOLENS FLOWER OIL,"[""FRAGRANCE""]","[""III/364""]",[],"[""57527""]"
2026-07-12,https://single-market-economy.ec.europa.eu/sectors/cosmetics/cosmetic-ingredient-database_en,PENTAERYTHRITYL TETRA-DI-T-BUTYL HYDROXYHYDROCINNAMATE,"[""ANTIOXIDANT""]",[],[],"[""58972""]"
2026-07-12,https://single-market-economy.ec.europa.eu/sectors/cosmetics/cosmetic-ingredient-database_en,PENTAERYTHRITYL TETRAISOSTEARATE,"[""SKIN CONDITIONING - EMOLLIENT"", ""SURFACTANT - CLEANSING"", ""SURFACTANT - EMULSIFYING""]",[],[],"[""36473""]"
2026-07-12,https://single-market-economy.ec.europa.eu/sectors/cosmetics/cosmetic-ingredient-database_en,PENTYLENE GLYCOL,"[""SKIN CONDITIONING"", ""SOLVENT""]",[],[],"[""58983""]"
2026-07-12,https://single-market-economy.ec.europa.eu/sectors/cosmetics/cosmetic-ingredient-database_en,PERSEA GRATISSIMA OIL,"[""SKIN CONDITIONING""]",[],[],"[""79502""]"
2026-07-12,https://single-market-economy.ec.europa.eu/sectors/cosmetics/cosmetic-ingredient-database_en,PHENETHYL ALCOHOL,"[""FRAGRANCE""]",[],[],"[""36519""]"
2026-07-12,https://single-market-economy.ec.europa.eu/sectors/cosmetics/cosmetic-ingredient-database_en,PHENOXYETHANOL,"[""ANTIMICROBIAL"", ""PRESERVATIVE""]","[""V/29""]","[""OPINION ON Phenoxyethanol"", ""Opinion concerning Restrictions on Materials listed in annex VI of Directive 76/768/EEC on Cosmetic Products""]","[""36522""]"
2026-07-12,https://single-market-economy.ec.europa.eu/sectors/cosmetics/cosmetic-ingredient-database_en,PHENYL TRIMETHICONE,"[""ANTIFOAMING"", ""HAIR CONDITIONING"", ""SKIN CONDITIONING - OCCLUSIVE""]",[],[],"[""79701""]"
2026-07-12,https://single-market-economy.ec.europa.eu/sectors/cosmetics/cosmetic-ingredient-database_en,PHENYLALANINE,"[""FRAGRANCE"", ""HAIR CONDITIONING"", ""SKIN CONDITIONING""]",[],[],"[""79702""]"
2026-07-12,https://single-market-economy.ec.europa.eu/sectors/cosmetics/cosmetic-ingredient-database_en,PHENYLPROPANOL,"[""FRAGRANCE"", ""PERFUMING"", ""SOLVENT""]",[],[],"[""79707""]"
2026-07-12,https://single-market-economy.ec.europa.eu/sectors/cosmetics/cosmetic-ingredient-database_en,PHOSPHOLIPIDS,"[""SKIN CONDITIONING""]",[],[],"[""79711""]"
2026-07-12,https://single-market-economy.ec.europa.eu/sectors/cosmetics/cosmetic-ingredient-database_en,PHYTIC ACID,"[""CHELATING""]",[],[],"[""36555""]"
2026-07-12,https://single-market-economy.ec.europa.eu/sectors/cosmetics/cosmetic-ingredient-database_en,PHYTOSPHINGOSINE,"[""HAIR CONDITIONING"", ""SKIN CONDITIONING""]",[],[],"[""36557""]"
2026-07-12,https://single-market-economy.ec.europa.eu/sectors/cosmetics/cosmetic-ingredient-database_en,PHYTOSTEROLS,"[""SKIN CONDITIONING""]",[],[],"[""59386""]"
2026-07-12,https://single-market-economy.ec.europa.eu/sectors/cosmetics/cosmetic-ingredient-database_en,PINENE,"[""ANTIFOAMING"", ""FRAGRANCE""]","[""III/371""]",[],"[""90064""]"
2026-07-12,https://single-market-economy.ec.europa.eu/sectors/cosmetics/cosmetic-ingredient-database_en,POLYACRYLAMIDE,"[""ANTISTATIC"", ""BINDING"", ""FILM FORMING""]","[""III/66""]",[],"[""36687""]"
2026-07-12,https://single-market-economy.ec.europa.eu/sectors/cosmetics/cosmetic-ingredient-database_en,POLYACRYLATE CROSSPOLYMER-6,"[""EMULSION STABILISING"", ""VISCOSITY CONTROLLING""]",[],[],"[""87557""]"
2026-07-12,https://single-market-economy.ec.europa.eu/sectors/cosmetics/cosmetic-ingredient-database_en,POLYBUTENE,"[""BINDING"", ""VISCOSITY CONTROLLING""]",[],[],"[""78566""]"
2026-07-12,https://single-market-economy.ec.europa.eu/sectors/cosmetics/cosmetic-ingredient-database_en,POLYETHYLENE,"[""ABRASIVE"", ""FILM FORMING"", ""VISCOSITY CONTROLLING""]",[],[],"[""78649""]"
2026-07-12,https://single-market-economy.ec.europa.eu/sectors/cosmetics/cosmetic-ingredient-database_en,POLYGLUTAMIC ACID,"[""SKIN CONDITIONING""]",[],[],"[""58365""]"
2026-07-12,https://single-market-economy.ec.europa.eu/sectors/cosmetics/cosmetic-ingredient-database_en,POLYGLYCERIN-3,"[""HUMECTANT""]",[],[],"[""36714""]"
2026-07-12,https://single-market-economy.ec.europa.eu/sectors/cosmetics/cosmetic-ingredient-database_en,POLYGLYCERYL-10 LAURATE,"[""SKIN CONDITIONING - MISCELLANEOUS"", ""SURFACTANT - EMULSIFYING""]",[],[],"[""78761""]"
2026-07-12,https://single-market-economy.ec.europa.eu/sectors/cosmetics/cosmetic-ingredient-database_en,POLYGLYCERYL-2 TRIISOSTEARATE,"[""SURFACTANT - EMULSIFYING""]",[],[],"[""78790""]"
2026-07-12,https://single-market-economy.ec.europa.eu/sectors/cosmetics/cosmetic-ingredient-database_en,POLYGLYCERYL-3 DIISOSTEARATE,"[""SURFACTANT - EMULSIFYING""]",[],[],"[""78891""]"
2026-07-12,https://single-market-economy.ec.europa.eu/sectors/cosmetics/cosmetic-ingredient-database_en,POLYGLYCERYL-3 METHYLGLUCOSE DISTEARATE,"[""SURFACTANT - EMULSIFYING""]",[],[],"[""78897""]"
2026-07-12,https://single-market-economy.ec.europa.eu/sectors/cosmetics/cosmetic-ingredient-database_en,POLYGLYCERYL-3 POLYRICINOLEATE,"[""SURFACTANT - EMULSIFYING"", ""VISCOSITY CONTROLLING""]",[],[],"[""78902""]"
2026-07-12,https://single-market-economy.ec.europa.eu/sectors/cosmetics/cosmetic-ingredient-database_en,POLYGLYCERYL-4 CAPRATE,"[""SURFACTANT - EMULSIFYING""]",[],[],"[""78907""]"
2026-07-12,https://single-market-economy.ec.europa.eu/sectors/cosmetics/cosmetic-ingredient-database_en,POLYGLYCERYL-4 DIISOSTEARATE/POLYHYDROXYSTEARATE/SEBACATE,"[""EMULSION STABILISING"", ""SURFACTANT - CLEANSING"", ""SURFACTANT - EMULSIFYING""]",[],[],"[""82532""]"
2026-07-12,https://single-market-economy.ec.europa.eu/sectors/cosmetics/cosmetic-ingredient-database_en,POLYGLYCERYL-4 ISOSTEARATE,"[""SURFACTANT - EMULSIFYING""]",[],[],"[""78910""]"
2026-07-12,https://single-market-economy.ec.europa.eu/sectors/cosmetics/cosmetic-ingredient-database_en,POLYGLYCERYL-6 POLYRICINOLEATE,"[""SURFACTANT - EMULSIFYING""]",[],[],"[""58637""]"
2026-07-12,https://single-market-economy.ec.europa.eu/sectors/cosmetics/cosmetic-ingredient-database_en,POLYHYDROXYSTEARIC ACID,"[""SURFACTANT - EMULSIFYING""]",[],[],"[""79007""]"
2026-07-12,https://single-market-economy.ec.europa.eu/sectors/cosmetics/cosmetic-ingredient-database_en,POLYISOBUTENE,"[""BINDING"", ""FILM FORMING"", ""VISCOSITY CONTROLLING""]",[],[],"[""79008""]"
2026-07-12,https://single-market-economy.ec.europa.eu/sectors/cosmetics/cosmetic-ingredient-database_en,POLYMETHYL METHACRYLATE,"[""FILM FORMING""]",[],[],"[""79016""]"
2026-07-12,https://single-market-economy.ec.europa.eu/sectors/cosmetics/cosmetic-ingredient-database_en,POLYMETHYLSILSESQUIOXANE,"[""OPACIFYING""]",[],[],"[""79017""]"
2026-07-12,https://single-market-economy.ec.europa.eu/sectors/cosmetics/cosmetic-ingredient-database_en,POLYQUATERNIUM-10,"[""ANTISTATIC"", ""FILM FORMING""]",[],[],"[""79107""]"
2026-07-12,https://single-market-economy.ec.europa.eu/sectors/cosmetics/cosmetic-ingredient-database_en,POLYQUATERNIUM-37,"[""ANTISTATIC"", ""FILM FORMING""]",[],[],"[""79206""]"
2026-07-12,https://single-market-economy.ec.europa.eu/sectors/cosmetics/cosmetic-ingredient-database_en,POLYQUATERNIUM-7,"[""ANTISTATIC"", ""FILM FORMING""]","[""III/66""]",[],"[""36882""]"
2026-07-12,https://single-market-economy.ec.europa.eu/sectors/cosmetics/cosmetic-ingredient-database_en,POLYSILICONE-11,"[""FILM FORMING""]",[],[],"[""79220""]"
2026-07-12,https://single-market-economy.ec.europa.eu/sectors/cosmetics/cosmetic-ingredient-database_en,POLYSORBATE 20,"[""SURFACTANT - CLEANSING"", ""SURFACTANT - EMULSIFYING""]",[],[],"[""79318""]"
2026-07-12,https://single-market-economy.ec.europa.eu/sectors/cosmetics/cosmetic-ingredient-database_en,POLYSORBATE 60,"[""SURFACTANT - CLEANSING"", ""SURFACTANT - EMULSIFYING""]",[],[],"[""79321""]"
2026-07-12,https://single-market-economy.ec.europa.eu/sectors/cosmetics/cosmetic-ingredient-database_en,POLYSORBATE 80,"[""DENATURANT"", ""SURFACTANT - CLEANSING"", ""SURFACTANT - EMULSIFYING""]",[],[],"[""36902""]"
2026-07-12,https://single-market-economy.ec.europa.eu/sectors/cosmetics/cosmetic-ingredient-database_en,PORTULACA OLERACEA EXTRACT,"[""SKIN CONDITIONING""]",[],[],"[""59023""]"
2026-07-12,https://single-market-economy.ec.europa.eu/sectors/cosmetics/cosmetic-ingredient-database_en,POTASSIUM CETYL PHOSPHATE,"[""SURFACTANT - CLEANSING"", ""SURFACTANT - EMULSIFYING""]",[],[],"[""79512""]"
2026-07-12,https://single-market-economy.ec.europa.eu/sectors/cosmetics/cosmetic-ingredient-database_en,POTASSIUM CHLORIDE,"[""VISCOSITY CONTROLLING""]",[],[],"[""36948""]"
2026-07-12,https://single-market-economy.ec.europa.eu/sectors/cosmetics/cosmetic-ingredient-database_en,POTASSIUM HYALURONATE,"[""SKIN CONDITIONING""]",[],[],"[""79543""]"
2026-07-12,https://single-market-economy.ec.europa.eu/sectors/cosmetics/cosmetic-ingredient-database_en,POTASSIUM HYDROXIDE,"[""BUFFERING""]","[""III/15a, 15d""]","[""Opinion on Potassium hydroxide (KOH) as callosity softener/remover""]","[""36981""]"
2026-07-12,https://single-market-economy.ec.europa.eu/sectors/cosmetics/cosmetic-ingredient-database_en,POTASSIUM SORBATE,"[""FRAGRANCE"", ""PRESERVATIVE""]","[""V/4""]",[],"[""37025""]"
2026-07-12,https://single-market-economy.ec.europa.eu/sectors/cosmetics/cosmetic-ingredient-database_en,PPG-1 TRIDECETH-6,"[""SKIN CONDITIONING"", ""SURFACTANT - CLEANSING""]",[],[],"[""79829""]"
2026-07-12,https://single-market-economy.ec.europa.eu/sectors/cosmetics/cosmetic-ingredient-database_en,PPG-26-BUTETH-26,"[""HAIR CONDITIONING"", ""SKIN CONDITIONING""]",[],[],"[""80039""]"
2026-07-12,https://single-market-economy.ec.europa.eu/sectors/cosmetics/cosmetic-ingredient-database_en,PROLINE,"[""HAIR CONDITIONING"", ""SKIN CONDITIONING""]",[],[],"[""78685""]"
2026-07-12,https://single-market-economy.ec.europa.eu/sectors/cosmetics/cosmetic-ingredient-database_en,PROPANEDIOL,"[""SOLVENT"", ""VISCOSITY CONTROLLING""]",[],[],"[""58392""]"
2026-07-12,https://single-market-economy.ec.europa.eu/sectors/cosmetics/cosmetic-ingredient-database_en,PROPYLENE CARBONATE,"[""SOLVENT"", ""VISCOSITY CONTROLLING""]",[],[],"[""37268""]"
2026-07-12,https://single-market-economy.ec.europa.eu/sectors/cosmetics/cosmetic-ingredient-database_en,PROPYLENE GLYCOL,"[""FRAGRANCE"", ""HUMECTANT"", ""SKIN CONDITIONING - HUMECTANT"", ""SKIN CONDITIONING - MISCELLANEOUS"", ""SOLVENT"", ""VISCOSITY CONTROLLING""]",[],[],"[""37269""]"
2026-07-12,https://single-market-economy.ec.europa.eu/sectors/cosmetics/cosmetic-ingredient-database_en,PROPYLENE GLYCOL DICAPRYLATE/DICAPRATE,"[""SKIN CONDITIONING - EMOLLIENT""]",[],[],"[""78795""]"
2026-07-12,https://single-market-economy.ec.europa.eu/sectors/cosmetics/cosmetic-ingredient-database_en,PROPYLPARABEN,"[""PERFUMING"", ""PRESERVATIVE""]","[""V/12""]","[""Extended Opinion on the Safety Evaluation of Parabens"", ""OPINION ON Propylparaben (PP)"", ""Opinion on Parabens"", ""Opinion on Parabens updated request for a scientific opinion on 'propyl-and butylparaben'"", ""Opinion on Parabens, underarm cosmetics and breast cancer""]","[""37312""]"
2026-07-12,https://single-market-economy.ec.europa.eu/sectors/cosmetics/cosmetic-ingredient-database_en,PRUNUS AMYGDALUS DULCIS OIL,"[""SKIN CONDITIONING""]",[],[],"[""78927""]"
2026-07-12,https://single-market-economy.ec.europa.eu/sectors/cosmetics/cosmetic-ingredient-database_en,PRUNUS ARMENIACA KERNEL OIL,"[""FRAGRANCE"", ""SKIN CONDITIONING""]",[],[],"[""78931""]"
2026-07-12,https://single-market-economy.ec.europa.eu/sectors/cosmetics/cosmetic-ingredient-database_en,PULLULAN,"[""BINDING"", ""FILM FORMING""]",[],[],"[""58766""]"
2026-07-12,https://single-market-economy.ec.europa.eu/sectors/cosmetics/cosmetic-ingredient-database_en,PVP,"[""ANTISTATIC"", ""BINDING"", ""EMULSION STABILISING"", ""FILM FORMING"", ""HAIR FIXING"", ""VISCOSITY CONTROLLING""]",[],[],"[""37364""]"
2026-07-12,https://single-market-economy.ec.europa.eu/sectors/cosmetics/cosmetic-ingredient-database_en,QUATERNIUM-90 BENTONITE,"[""VISCOSITY CONTROLLING""]",[],[],"[""58941""]"
2026-07-12,https://single-market-economy.ec.europa.eu/sectors/cosmetics/cosmetic-ingredient-database_en,RETINAL,"[""SKIN CONDITIONING""]",[],[],"[""59127""]"
2026-07-12,https://single-market-economy.ec.europa.eu/sectors/cosmetics/cosmetic-ingredient-database_en,RETINOL,"[""SKIN CONDITIONING - MISCELLANEOUS""]","[""III/376""]","[""OPINION ON Vitamin A (Retinol, Retinyl Acetate, Retinyl Palmitate)""]","[""37479""]"
2026-07-12,https://single-market-economy.ec.europa.eu/sectors/cosmetics/cosmetic-ingredient-database_en,RETINYL PALMITATE,"[""SKIN CONDITIONING - MISCELLANEOUS""]","[""III/376""]","[""OPINION ON Vitamin A (Retinol, Retinyl Acetate, Retinyl Palmitate)""]","[""37482""]"
2026-07-12,https://single-market-economy.ec.europa.eu/sectors/cosmetics/cosmetic-ingredient-database_en,RICINUS COMMUNIS SEED OIL,"[""FRAGRANCE"", ""PERFUMING"", ""SKIN CONDITIONING""]",[],[],"[""37514""]"
2026-07-12,https://single-market-economy.ec.europa.eu/sectors/cosmetics/cosmetic-ingredient-database_en,ROSA CANINA FRUIT OIL,"[""SKIN CONDITIONING"", ""SKIN CONDITIONING - EMOLLIENT""]",[],[],"[""79666""]"
2026-07-12,https://single-market-economy.ec.europa.eu/sectors/cosmetics/cosmetic-ingredient-database_en,ROSA DAMASCENA FLOWER OIL,"[""FRAGRANCE"", ""SKIN CONDITIONING""]","[""III/366""]",[],"[""79760""]"
2026-07-12,https://single-market-economy.ec.europa.eu/sectors/cosmetics/cosmetic-ingredient-database_en,ROSMARINUS OFFICINALIS LEAF EXTRACT,"[""ANTIMICROBIAL"", ""FRAGRANCE"", ""SKIN CONDITIONING""]",[],[],"[""79767""]"
2026-07-12,https://single-market-economy.ec.europa.eu/sectors/cosmetics/cosmetic-ingredient-database_en,ROSMARINUS OFFICINALIS LEAF OIL,"[""FRAGRANCE"", ""SKIN CONDITIONING""]",[],[],"[""79866""]"
2026-07-12,https://single-market-economy.ec.europa.eu/sectors/cosmetics/cosmetic-ingredient-database_en,SACCHARIDE ISOMERATE,"[""HUMECTANT""]",[],[],"[""79971""]"
2026-07-12,https://single-market-economy.ec.europa.eu/sectors/cosmetics/cosmetic-ingredient-database_en,SCLEROCARYA BIRREA SEED OIL,"[""HAIR CONDITIONING"", ""HUMECTANT""]",[],[],"[""58399""]"
2026-07-12,https://single-market-economy.ec.europa.eu/sectors/cosmetics/cosmetic-ingredient-database_en,SCLEROTIUM GUM,"[""EMULSION STABILISING"", ""SKIN CONDITIONING"", ""VISCOSITY CONTROLLING""]",[],[],"[""78705""]"
2026-07-12,https://single-market-economy.ec.europa.eu/sectors/cosmetics/cosmetic-ingredient-database_en,SCUTELLARIA BAICALENSIS ROOT EXTRACT,"[""ASTRINGENT"", ""HUMECTANT"", ""SOOTHING""]",[],[],"[""58402""]"
2026-07-12,https://single-market-economy.ec.europa.eu/sectors/cosmetics/cosmetic-ingredient-database_en,SERINE,"[""ANTISTATIC"", ""FRAGRANCE"", ""HAIR CONDITIONING"", ""SKIN CONDITIONING""]",[],[],"[""37660""]"
2026-07-12,https://single-market-economy.ec.europa.eu/sectors/cosmetics/cosmetic-ingredient-database_en,SILICA,"[""ABRASIVE"", ""ABSORBENT"", ""ANTICAKING"", ""BULKING"", ""OPACIFYING"", ""VISCOSITY CONTROLLING""]",[],"[""OPINION ON Silica, Hydrated Silica, and Silica Surface Modified with Alkyl Silylates (nano form)"", ""OPINION ON solubility of Synthetic Amorphous Silica (SAS)""]","[""78845""]"
2026-07-12,https://single-market-economy.ec.europa.eu/sectors/cosmetics/cosmetic-ingredient-database_en,SILICA DIMETHYL SILYLATE,"[""ANTICAKING"", ""ANTIFOAMING"", ""EMULSION STABILISING"", ""SKIN CONDITIONING - EMOLLIENT"", ""VISCOSITY CONTROLLING""]",[],"[""OPINION ON Silica, Hydrated Silica, and Silica Surface Modified with Alkyl Silylates (nano form)"", ""OPINION ON solubility of Synthetic Amorphous Silica (SAS)""]","[""37684""]"
2026-07-12,https://single-market-economy.ec.europa.eu/sectors/cosmetics/cosmetic-ingredient-database_en,SILICA SILYLATE,"[""ANTICAKING"", ""ANTIFOAMING"", ""BULKING"", ""EMULSION STABILISING"", ""SKIN CONDITIONING"", ""SKIN CONDITIONING - EMOLLIENT"", ""VISCOSITY CONTROLLING""]",[],[],"[""78847""]"
2026-07-12,https://single-market-economy.ec.europa.eu/sectors/cosmetics/cosmetic-ingredient-database_en,SIMMONDSIA CHINENSIS SEED OIL,"[""HAIR CONDITIONING"", ""SKIN CONDITIONING"", ""SKIN CONDITIONING - EMOLLIENT""]",[],[],"[""58617""]"
2026-07-12,https://single-market-economy.ec.europa.eu/sectors/cosmetics/cosmetic-ingredient-database_en,SODIUM ACETATE,"[""BUFFERING"", ""FRAGRANCE""]",[],[],"[""37720""]"
2026-07-12,https://single-market-economy.ec.europa.eu/sectors/cosmetics/cosmetic-ingredient-database_en,SODIUM ACETYLATED HYALURONATE,"[""HUMECTANT""]",[],[],"[""58706""]"
2026-07-12,https://single-market-economy.ec.europa.eu/sectors/cosmetics/cosmetic-ingredient-database_en,SODIUM ACRYLATE/SODIUM ACRYLOYLDIMETHYL TAURATE COPOLYMER,"[""ANTICAKING"", ""EMULSION STABILISING"", ""FILM FORMING"", ""OPACIFYING"", ""VISCOSITY CONTROLLING""]",[],[],"[""85127""]"
2026-07-12,https://single-market-economy.ec.europa.eu/sectors/cosmetics/cosmetic-ingredient-database_en,SODIUM ASCORBYL PHOSPHATE,"[""ANTIOXIDANT""]",[],[],"[""58719""]"
2026-07-12,https://single-market-economy.ec.europa.eu/sectors/cosmetics/cosmetic-ingredient-database_en,SODIUM BENZOATE,"[""ANTICORROSIVE"", ""FRAGRANCE"", ""PRESERVATIVE""]","[""V/1""]",[],"[""37735""]"
2026-07-12,https://single-market-economy.ec.europa.eu/sectors/cosmetics/cosmetic-ingredient-database_en,SODIUM C14-16 OLEFIN SULFONATE,"[""CLEANSING"", ""FOAMING"", ""SURFACTANT - CLEANSING""]",[],[],"[""37771""]"
2026-07-12,https://single-market-economy.ec.europa.eu/sectors/cosmetics/cosmetic-ingredient-database_en,SODIUM CHLORIDE,"[""BULKING"", ""FRAGRANCE"", ""ORAL CARE"", ""VISCOSITY CONTROLLING""]",[],[],"[""37813""]"
2026-07-12,https://single-market-economy.ec.europa.eu/sectors/cosmetics/cosmetic-ingredient-database_en,SODIUM CITRATE,"[""BUFFERING"", ""CHELATING"", ""FRAGRANCE""]",[],[],"[""37816""]"
2026-07-12,https://single-market-economy.ec.europa.eu/sectors/cosmetics/cosmetic-ingredient-database_en,SODIUM COCOYL GLUTAMATE,"[""CLEANSING"", ""SURFACTANT - CLEANSING""]",[],[],"[""37832""]"
2026-07-12,https://single-market-economy.ec.europa.eu/sectors/cosmetics/cosmetic-ingredient-database_en,SODIUM COCOYL ISETHIONATE,"[""CLEANSING"", ""HAIR CONDITIONING"", ""SURFACTANT - CLEANSING""]",[],[],"[""79383""]"
2026-07-12,https://single-market-economy.ec.europa.eu/sectors/cosmetics/cosmetic-ingredient-database_en,SODIUM DEHYDROACETATE,"[""PRESERVATIVE""]","[""V/13""]",[],"[""37851""]"
2026-07-12,https://single-market-economy.ec.europa.eu/sectors/cosmetics/cosmetic-ingredient-database_en,SODIUM DNA,"[""SKIN CONDITIONING""]",[],[],"[""79472""]"
2026-07-12,https://single-market-economy.ec.europa.eu/sectors/cosmetics/cosmetic-ingredient-database_en,SODIUM GLUCONATE,"[""CHELATING"", ""SKIN CONDITIONING""]",[],[],"[""79485""]"
2026-07-12,https://single-market-economy.ec.europa.eu/sectors/cosmetics/cosmetic-ingredient-database_en,SODIUM HYALURONATE,"[""HUMECTANT"", ""SKIN CONDITIONING""]",[],[],"[""79556""]"
2026-07-12,https://single-market-economy.ec.europa.eu/sectors/cosmetics/cosmetic-ingredient-database_en,SODIUM HYALURONATE CROSSPOLYMER,"[""HUMECTANT"", ""SKIN CONDITIONING""]",[],[],"[""79557""]"
2026-07-12,https://single-market-economy.ec.europa.eu/sectors/cosmetics/cosmetic-ingredient-database_en,SODIUM HYDROXIDE,"[""BUFFERING"", ""DENATURANT""]","[""III/15a""]",[],"[""37890""]"
2026-07-12,https://single-market-economy.ec.europa.eu/sectors/cosmetics/cosmetic-ingredient-database_en,SODIUM LACTATE,"[""BUFFERING"", ""HUMECTANT"", ""KERATOLYTIC""]",[],[],"[""79577""]"
2026-07-12,https://single-market-economy.ec.europa.eu/sectors/cosmetics/cosmetic-ingredient-database_en,SODIUM LAURETH SULFATE,"[""CLEANSING"", ""FOAMING"", ""SURFACTANT - CLEANSING"", ""SURFACTANT - EMULSIFYING""]",[],[],"[""79583""]"
2026-07-12,https://single-market-economy.ec.europa.eu/sectors/cosmetics/cosmetic-ingredient-database_en,SODIUM LAUROYL GLUTAMATE,"[""ANTISTATIC"", ""HAIR CONDITIONING"", ""SURFACTANT - CLEANSING""]",[],[],"[""79683""]"
2026-07-12,https://single-market-economy.ec.europa.eu/sectors/cosmetics/cosmetic-ingredient-database_en,SODIUM LAUROYL LACTYLATE,"[""SURFACTANT - EMULSIFYING""]",[],[],"[""37938""]"
2026-07-12,https://single-market-economy.ec.europa.eu/sectors/cosmetics/cosmetic-ingredient-database_en,SODIUM LAUROYL SARCOSINATE,"[""ANTISTATIC"", ""CLEANSING"", ""FOAMING"", ""HAIR CONDITIONING"", ""SKIN CONDITIONING"", ""SURFACTANT - CLEANSING"", ""SURFACTANT - EMULSIFYING"", ""VISCOSITY CONTROLLING""]",[],[],"[""37941""]"
2026-07-12,https://single-market-economy.ec.europa.eu/sectors/cosmetics/cosmetic-ingredient-database_en,SODIUM LEVULINATE,"[""SKIN CONDITIONING - MISCELLANEOUS""]",[],[],"[""37948""]"
2026-07-12,https://single-market-economy.ec.europa.eu/sectors/cosmetics/cosmetic-ingredient-database_en,SODIUM METABISULFITE,"[""ANTIOXIDANT"", ""PRESERVATIVE"", ""REDUCING""]","[""III/99\r\nV/9""]",[],"[""37956""]"
2026-07-12,https://single-market-economy.ec.europa.eu/sectors/cosmetics/cosmetic-ingredient-database_en,SODIUM METHYL COCOYL TAURATE,"[""SURFACTANT - CLEANSING""]",[],[],"[""79777""]"
2026-07-12,https://single-market-economy.ec.europa.eu/sectors/cosmetics/cosmetic-ingredient-database_en,SODIUM PCA,"[""ANTISTATIC"", ""HAIR CONDITIONING"", ""HUMECTANT"", ""SKIN CONDITIONING""]",[],[],"[""79910""]"
2026-07-12,https://single-market-economy.ec.europa.eu/sectors/cosmetics/cosmetic-ingredient-database_en,SODIUM PHOSPHATE,"[""ANTI-SEBORRHEIC"", ""BUFFERING"", ""DEODORANT""]",[],[],"[""38030""]"
2026-07-12,https://single-market-economy.ec.europa.eu/sectors/cosmetics/cosmetic-ingredient-database_en,SODIUM PHYTATE,"[""CHELATING"", ""ORAL CARE""]",[],[],"[""79995""]"
2026-07-12,https://single-market-economy.ec.europa.eu/sectors/cosmetics/cosmetic-ingredient-database_en,SODIUM POLYACRYLATE,"[""ABSORBENT"", ""BINDING"", ""EMULSION STABILISING"", ""FILM FORMING"", ""HAIR FIXING"", ""SKIN CONDITIONING"", ""SKIN CONDITIONING - EMOLLIENT"", ""VISCOSITY CONTROLLING""]",[],[],"[""79997""]"
2026-07-12,https://single-market-economy.ec.europa.eu/sectors/cosmetics/cosmetic-ingredient-database_en,SODIUM POLYACRYLOYLDIMETHYL TAURATE,"[""EMULSION STABILISING"", ""VISCOSITY CONTROLLING""]",[],[],"[""59549""]"
2026-07-12,https://single-market-economy.ec.europa.eu/sectors/cosmetics/cosmetic-ingredient-database_en,SODIUM STEAROYL GLUTAMATE,"[""CLEANSING"", ""HAIR CONDITIONING"", ""SKIN CONDITIONING"", ""SURFACTANT - EMULSIFYING""]",[],[],"[""80093""]"
2026-07-12,https://single-market-economy.ec.europa.eu/sectors/cosmetics/cosmetic-ingredient-database_en,SORBIC ACID,"[""FRAGRANCE"", ""PRESERVATIVE""]","[""V/4""]",[],"[""38173""]"
2026-07-12,https://single-market-economy.ec.europa.eu/sectors/cosmetics/cosmetic-ingredient-database_en,SORBITAN ISOSTEARATE,"[""SURFACTANT - EMULSIFYING""]",[],[],"[""38179""]"
2026-07-12,https://single-market-economy.ec.europa.eu/sectors/cosmetics/cosmetic-ingredient-database_en,SORBITAN OLEATE,"[""SURFACTANT - EMULSIFYING""]",[],[],"[""38181""]"
2026-07-12,https://single-market-economy.ec.europa.eu/sectors/cosmetics/cosmetic-ingredient-database_en,SORBITAN OLIVATE,"[""SURFACTANT - EMULSIFYING""]",[],[],"[""38182""]"
2026-07-12,https://single-market-economy.ec.europa.eu/sectors/cosmetics/cosmetic-ingredient-database_en,SORBITAN SESQUIISOSTEARATE,"[""SURFACTANT - EMULSIFYING""]",[],[],"[""38184""]"
2026-07-12,https://single-market-economy.ec.europa.eu/sectors/cosmetics/cosmetic-ingredient-database_en,SORBITAN SESQUIOLEATE,"[""SURFACTANT - EMULSIFYING""]",[],[],"[""38185""]"
2026-07-12,https://single-market-economy.ec.europa.eu/sectors/cosmetics/cosmetic-ingredient-database_en,SORBITAN STEARATE,"[""SURFACTANT - EMULSIFYING""]",[],[],"[""38187""]"
2026-07-12,https://single-market-economy.ec.europa.eu/sectors/cosmetics/cosmetic-ingredient-database_en,SORBITOL,"[""FRAGRANCE"", ""HUMECTANT"", ""PERFUMING"", ""SKIN CONDITIONING""]",[],[],"[""38191""]"
2026-07-12,https://single-market-economy.ec.europa.eu/sectors/cosmetics/cosmetic-ingredient-database_en,SQUALANE,"[""HAIR CONDITIONING"", ""REFATTING"", ""SKIN CONDITIONING"", ""SKIN CONDITIONING - EMOLLIENT""]",[],[],"[""38226""]"
2026-07-12,https://single-market-economy.ec.europa.eu/sectors/cosmetics/cosmetic-ingredient-database_en,STEARALKONIUM HECTORITE,"[""GEL FORMING"", ""VISCOSITY CONTROLLING""]",[],[],"[""38239""]"
2026-07-12,https://single-market-economy.ec.europa.eu/sectors/cosmetics/cosmetic-ingredient-database_en,STEARAMIDOPROPYL DIMETHYLAMINE,"[""ANTISTATIC"", ""HAIR CONDITIONING"", ""SURFACTANT - CLEANSING"", ""SURFACTANT - EMULSIFYING""]",[],[],"[""38257""]"
2026-07-12,https://single-market-economy.ec.europa.eu/sectors/cosmetics/cosmetic-ingredient-database_en,STEARETH-20,"[""CLEANSING"", ""SURFACTANT - CLEANSING"", ""SURFACTANT - EMULSIFYING""]",[],[],"[""78992""]"
2026-07-12,https://single-market-economy.ec.europa.eu/sectors/cosmetics/cosmetic-ingredient-database_en,STEARIC ACID,"[""CLEANSING"", ""EMULSION STABILISING"", ""FRAGRANCE"", ""REFATTING"", ""SURFACTANT - CLEANSING"", ""SURFACTANT - EMULSIFYING""]",[],[],"[""79070""]"
2026-07-12,https://single-market-economy.ec.europa.eu/sectors/cosmetics/cosmetic-ingredient-database_en,STEARYL ALCOHOL,"[""EMULSION STABILISING"", ""FRAGRANCE"", ""OPACIFYING"", ""REFATTING"", ""SKIN CONDITIONING - EMOLLIENT"", ""SURFACTANT - CLEANSING"", ""SURFACTANT - EMULSIFYING"", ""SURFACTANT - FOAM BOOSTING"", ""VISCOSITY CONTROLLING""]",[],[],"[""38319""]"
2026-07-12,https://single-market-economy.ec.europa.eu/sectors/cosmetics/cosmetic-ingredient-database_en,SUCROSE,"[""HUMECTANT"", ""SKIN CONDITIONING"", ""SOOTHING""]",[],[],"[""38376""]"
2026-07-12,https://single-market-economy.ec.europa.eu/sectors/cosmetics/cosmetic-ingredient-database_en,SYNTHETIC BEESWAX,"[""BINDING"", ""EMULSION STABILISING"", ""VISCOSITY CONTROLLING""]",[],[],"[""38425""]"
2026-07-12,https://single-market-economy.ec.europa.eu/sectors/cosmetics/cosmetic-ingredient-database_en,SYNTHETIC FLUORPHLOGOPITE,"[""BULKING"", ""VISCOSITY CONTROLLING""]",[],[],"[""80520""]"
2026-07-12,https://single-market-economy.ec.europa.eu/sectors/cosmetics/cosmetic-ingredient-database_en,SYNTHETIC WAX,"[""ABRASIVE"", ""BINDING"", ""EMULSION STABILISING"", ""FRAGRANCE"", ""VISCOSITY CONTROLLING""]",[],[],"[""80523""]"
2026-07-12,https://single-market-economy.ec.europa.eu/sectors/cosmetics/cosmetic-ingredient-database_en,TALC,"[""ABRASIVE"", ""ABSORBENT"", ""ANTICAKING"", ""BULKING"", ""OPACIFYING"", ""SKIN PROTECTING"", ""SLIP MODIFIER""]","[""III/59""]",[],"[""38438""]"
2026-07-12,https://single-market-economy.ec.europa.eu/sectors/cosmetics/cosmetic-ingredient-database_en,TERPINEOL,"[""FRAGRANCE"", ""PERFUMING""]","[""III/343""]",[],"[""80711""]"
2026-07-12,https://single-market-economy.ec.europa.eu/sectors/cosmetics/cosmetic-ingredient-database_en,TETRAHEXYLDECYL ASCORBATE,"[""ANTIOXIDANT"", ""SKIN CONDITIONING""]",[],[],"[""80720""]"
2026-07-12,https://single-market-economy.ec.europa.eu/sectors/cosmetics/cosmetic-ingredient-database_en,TETRAMETHYL ACETYLOCTAHYDRONAPHTHALENES,"[""FRAGRANCE"", ""PERFUMING"", ""SKIN CONDITIONING - MISCELLANEOUS""]","[""III/344""]",[],"[""40504""]"
2026-07-12,https://single-market-economy.ec.europa.eu/sectors/cosmetics/cosmetic-ingredient-database_en,TETRASODIUM EDTA,"[""CHELATING""]",[],[],"[""38569""]"
2026-07-12,https://single-market-economy.ec.europa.eu/sectors/cosmetics/cosmetic-ingredient-database_en,TETRASODIUM GLUTAMATE DIACETATE,"[""CHELATING""]",[],[],"[""84400""]"
2026-07-12,https://single-market-economy.ec.europa.eu/sectors/cosmetics/cosmetic-ingredient-database_en,THEOBROMA CACAO SEED BUTTER,"[""FRAGRANCE"", ""SKIN CONDITIONING"", ""SKIN CONDITIONING - EMOLLIENT"", ""SKIN PROTECTING""]",[],[],"[""60291""]"
2026-07-12,https://single-market-economy.ec.europa.eu/sectors/cosmetics/cosmetic-ingredient-database_en,THREONINE,"[""ANTISTATIC"", ""HAIR CONDITIONING"", ""HAIR WAVING OR STRAIGHTENING""]",[],[],"[""38594""]"
2026-07-12,https://single-market-economy.ec.europa.eu/sectors/cosmetics/cosmetic-ingredient-database_en,TIN OXIDE,"[""ABRASIVE"", ""BULKING"", ""OPACIFYING"", ""VISCOSITY CONTROLLING""]",[],[],"[""80260""]"
2026-07-12,https://single-market-economy.ec.europa.eu/sectors/cosmetics/cosmetic-ingredient-database_en,TITANIUM DIOXIDE,"[""COLORANT"", ""OPACIFYING"", ""UV ABSORBER"", ""UV FILTER""]","[""IV/143\r\nVI/27\r\nVI/27a (nano)""]","[""OPINION ON Titanium Dioxide (nano form) as UV-Filter in sprays"", ""OPINION ON Titanium Dioxide (nano form) coated with Cetyl Phosphate, Manganese Dioxide or Triethoxycaprylylsilane as UV-filter in dermally applied cosmetic"", ""Opinion for clarification of the meaning of the term \""sprayable\r\napplications/products\"" for the nano forms of Carbon Black CI 77266, Titanium Oxide and Zinc Oxide"", ""Opinion on Titanium Dioxide""]","[""38617""]"
2026-07-12,https://single-market-economy.ec.europa.eu/sectors/cosmetics/cosmetic-ingredient-database_en,TOCOPHEROL,"[""ANTIOXIDANT"", ""FRAGRANCE"", ""SKIN CONDITIONING - MISCELLANEOUS"", ""SKIN CONDITIONING - OCCLUSIVE""]",[],[],"[""80273""]"
2026-07-12,https://single-market-economy.ec.europa.eu/sectors/cosmetics/cosmetic-ingredient-database_en,TOCOPHERYL ACETATE,"[""ANTIOXIDANT"", ""SKIN CONDITIONING""]",[],"[""Opinion concerning The Use of alpha-Tocopherol Acetate in Cosmetic Products""]","[""38627""]"
2026-07-12,https://single-market-economy.ec.europa.eu/sectors/cosmetics/cosmetic-ingredient-database_en,TRANEXAMIC ACID,"[""ASTRINGENT"", ""SKIN CONDITIONING""]",[],[],"[""80291""]"
2026-07-12,https://single-market-economy.ec.europa.eu/sectors/cosmetics/cosmetic-ingredient-database_en,TREHALOSE,"[""HUMECTANT"", ""MOISTURISING""]",[],[],"[""80292""]"
2026-07-12,https://single-market-economy.ec.europa.eu/sectors/cosmetics/cosmetic-ingredient-database_en,TRIBEHENIN,"[""SKIN CONDITIONING"", ""SKIN CONDITIONING - EMOLLIENT""]",[],[],"[""38647""]"
2026-07-12,https://single-market-economy.ec.europa.eu/sectors/cosmetics/cosmetic-ingredient-database_en,TRIDECANE,"[""SKIN CONDITIONING - EMOLLIENT""]",[],[],"[""41150""]"
2026-07-12,https://single-market-economy.ec.europa.eu/sectors/cosmetics/cosmetic-ingredient-database_en,TRIDECETH-12,"[""SURFACTANT - CLEANSING"", ""SURFACTANT - EMULSIFYING""]",[],[],"[""80316""]"
2026-07-12,https://single-market-economy.ec.europa.eu/sectors/cosmetics/cosmetic-ingredient-database_en,TRIDECETH-6,"[""SURFACTANT - CLEANSING"", ""SURFACTANT - EMULSIFYING""]",[],[],"[""80330""]"
2026-07-12,https://single-market-economy.ec.europa.eu/sectors/cosmetics/cosmetic-ingredient-database_en,TRIDECYL TRIMELLITATE,"[""SKIN CONDITIONING"", ""SKIN CONDITIONING - EMOLLIENT""]",[],[],"[""38699""]"
2026-07-12,https://single-market-economy.ec.europa.eu/sectors/cosmetics/cosmetic-ingredient-database_en,TRIETHANOLAMINE,"[""BUFFERING"", ""FRAGRANCE"", ""SURFACTANT - CLEANSING"", ""SURFACTANT - EMULSIFYING""]","[""III/62""]",[],"[""38702""]"
2026-07-12,https://single-market-economy.ec.europa.eu/sectors/cosmetics/cosmetic-ingredient-database_en,TRIETHOXYCAPRYLYLSILANE,"[""BINDING""]",[],[],"[""59822""]"
2026-07-12,https://single-market-economy.ec.europa.eu/sectors/cosmetics/cosmetic-ingredient-database_en,TRIETHYL CITRATE,"[""DEODORANT"", ""FRAGRANCE"", ""PERFUMING"", ""PLASTICISER"", ""SOLVENT"", ""VISCOSITY CONTROLLING""]",[],[],"[""80375""]"
2026-07-12,https://single-market-economy.ec.europa.eu/sectors/cosmetics/cosmetic-ingredient-database_en,TRIETHYLHEXANOIN,"[""FRAGRANCE"", ""HAIR CONDITIONING"", ""PERFUMING"", ""SKIN CONDITIONING""]",[],[],"[""80354""]"
2026-07-12,https://single-market-economy.ec.europa.eu/sectors/cosmetics/cosmetic-ingredient-database_en,TRIHYDROXYSTEARIN,"[""SKIN CONDITIONING"", ""VISCOSITY CONTROLLING""]",[],[],"[""38718""]"
2026-07-12,https://single-market-economy.ec.europa.eu/sectors/cosmetics/cosmetic-ingredient-database_en,TRIMETHYLSILOXYSILICATE,"[""ANTIFOAMING"", ""SKIN CONDITIONING"", ""SKIN CONDITIONING - EMOLLIENT""]",[],[],"[""80398""]"
2026-07-12,https://single-market-economy.ec.europa.eu/sectors/cosmetics/cosmetic-ingredient-database_en,TRISILOXANE,"[""ANTIFOAMING"", ""SKIN CONDITIONING - MISCELLANEOUS""]",[],[],"[""59885""]"
2026-07-12,https://single-market-economy.ec.europa.eu/sectors/cosmetics/cosmetic-ingredient-database_en,TRISODIUM ETHYLENEDIAMINE DISUCCINATE,"[""CHELATING""]",[],[],"[""59889""]"
2026-07-12,https://single-market-economy.ec.europa.eu/sectors/cosmetics/cosmetic-ingredient-database_en,TROMETHAMINE,"[""BUFFERING"", ""FRAGRANCE""]","[""III/61""]",[],"[""80438""]"
2026-07-12,https://single-market-economy.ec.europa.eu/sectors/cosmetics/cosmetic-ingredient-database_en,TYROSINE,"[""ANTISTATIC"", ""FRAGRANCE"", ""HAIR CONDITIONING"", ""SKIN CONDITIONING""]",[],[],"[""38806""]"
2026-07-12,https://single-market-economy.ec.europa.eu/sectors/cosmetics/cosmetic-ingredient-database_en,ULMUS DAVIDIANA ROOT EXTRACT,"[""SKIN CONDITIONING""]",[],[],"[""59937""]"
2026-07-12,https://single-market-economy.ec.europa.eu/sectors/cosmetics/cosmetic-ingredient-database_en,UREA,"[""ANTISTATIC"", ""BUFFERING"", ""HUMECTANT"", ""SKIN CONDITIONING""]",[],[],"[""38838""]"
2026-07-12,https://single-market-economy.ec.europa.eu/sectors/cosmetics/cosmetic-ingredient-database_en,VALINE,"[""ANTISTATIC"", ""FRAGRANCE"", ""HAIR CONDITIONING"", ""SKIN CONDITIONING""]",[],[],"[""38864""]"
2026-07-12,https://single-market-economy.ec.europa.eu/sectors/cosmetics/cosmetic-ingredient-database_en,VANILLIN,"[""FRAGRANCE""]","[""III/346""]",[],"[""38868""]"
2026-07-12,https://single-market-economy.ec.europa.eu/sectors/cosmetics/cosmetic-ingredient-database_en,VINYL DIMETHICONE/METHICONE SILSESQUIOXANE CROSSPOLYMER,"[""VISCOSITY CONTROLLING""]",[],[],"[""60095""]"
2026-07-12,https://single-market-economy.ec.europa.eu/sectors/cosmetics/cosmetic-ingredient-database_en,VITIS VINIFERA SEED OIL,"[""SKIN CONDITIONING"", ""SKIN CONDITIONING - EMOLLIENT""]",[],[],"[""80653""]"
2026-07-12,https://single-market-economy.ec.europa.eu/sectors/cosmetics/cosmetic-ingredient-database_en,VP/EICOSENE COPOLYMER,"[""BINDING"", ""FILM FORMING"", ""VISCOSITY CONTROLLING""]",[],[],"[""60156""]"
2026-07-12,https://single-market-economy.ec.europa.eu/sectors/cosmetics/cosmetic-ingredient-database_en,VP/HEXADECENE COPOLYMER,"[""BINDING"", ""DISPERSING NON-SURFACTANT"", ""FILM FORMING"", ""HAIR FIXING"", ""VISCOSITY CONTROLLING""]",[],[],"[""60157""]"
2026-07-12,https://single-market-economy.ec.europa.eu/sectors/cosmetics/cosmetic-ingredient-database_en,VP/VA COPOLYMER,"[""BINDING"", ""FILM FORMING"", ""HAIR FIXING""]",[],[],"[""60160""]"
2026-07-12,https://single-market-economy.ec.europa.eu/sectors/cosmetics/cosmetic-ingredient-database_en,WATER,"[""ANTIPLAQUE"", ""SKIN CONDITIONING"", ""SOLVENT""]",[],[],"[""92472""]"
2026-07-12,https://single-market-economy.ec.europa.eu/sectors/cosmetics/cosmetic-ingredient-database_en,XANTHAN GUM,"[""BINDING"", ""EMULSION STABILISING"", ""GEL FORMING"", ""SKIN CONDITIONING"", ""SURFACTANT - CLEANSING"", ""SURFACTANT - EMULSIFYING"", ""VISCOSITY CONTROLLING""]",[],[],"[""80699""]"
2026-07-12,https://single-market-economy.ec.europa.eu/sectors/cosmetics/cosmetic-ingredient-database_en,XYLITOL,"[""ANTI-SEBORRHEIC"", ""DEODORANT"", ""FLAVOURING"", ""HUMECTANT"", ""SKIN CONDITIONING - HUMECTANT""]",[],[],"[""38920""]"
2026-07-12,https://single-market-economy.ec.europa.eu/sectors/cosmetics/cosmetic-ingredient-database_en,XYLITYLGLUCOSIDE,"[""HUMECTANT"", ""SKIN CONDITIONING""]",[],[],"[""60201""]"
2026-07-12,https://single-market-economy.ec.europa.eu/sectors/cosmetics/cosmetic-ingredient-database_en,ZEA MAYS STARCH,"[""ABRASIVE"", ""ABSORBENT"", ""ANTICAKING"", ""SKIN PROTECTING"", ""VISCOSITY CONTROLLING""]",[],[],"[""38946""]"
2026-07-12,https://single-market-economy.ec.europa.eu/sectors/cosmetics/cosmetic-ingredient-database_en,ZINC GLUCONATE,"[""ANTIMICROBIAL"", ""DEODORANT"", ""ORAL CARE"", ""SKIN CONDITIONING""]","[""III/24""]",[],"[""38961""]"
2026-07-12,https://single-market-economy.ec.europa.eu/sectors/cosmetics/cosmetic-ingredient-database_en,ZINC PCA,"[""HUMECTANT"", ""SKIN CONDITIONING""]","[""III/24""]",[],"[""38970""]"
2026-07-12,https://single-market-economy.ec.europa.eu/sectors/cosmetics/cosmetic-ingredient-database_en,ZINC STEARATE,"[""ANTICAKING"", ""COLORANT"", ""SLIP MODIFIER"", ""VISCOSITY CONTROLLING""]","[""IV/150""]",[],"[""38977""]"
2026-07-12,https://single-market-economy.ec.europa.eu/sectors/cosmetics/cosmetic-ingredient-database_en,ZINC SULFATE,"[""ANTIMICROBIAL"", ""ANTIPLAQUE"", ""ASTRINGENT"", ""ORAL CARE""]","[""III/24""]",[],"[""38978""]"
2026-07-12,https://single-market-economy.ec.europa.eu/sectors/cosmetics/cosmetic-ingredient-database_en,ZINGIBER OFFICINALE ROOT EXTRACT,"[""FRAGRANCE"", ""PERFUMING"", ""SKIN CONDITIONING"", ""TONIC""]",[],[],"[""60316""]"
