rank,source_ingredient_id,dominant_name,row_count,product_count,kcia_ingredient_code,kcia_standard_name_ko,kcia_standard_name_en,kcia_old_names_ko,kcia_old_names_en,official_match_status,official_matched_row_count,official_match_ratio,official_conflict_codes,proposed_action,proposed_canonical_id,related_scoring_family_ids,selected_for_target,proposal_confidence,review_status,proposal_note,source_document_date,source_document_sha256
1,ing_pending_086e4edf3e9e,Phenoxyethanol,26124,26124,3579,페녹시에탄올,Phenoxyethanol,,,official_exact,26108,0.999388,,create_canonical,phenoxyethanol,,Y,high,accepted_auto_exact,dominant_name이 KCIA 표준명·영문명·구명칭 중 하나와 exact 일치,2026-06-30,4a523f990553a507c1236c0490bcbb953960861f5da5cddf7ee79b48f5403178
2,ing_pending_1061c5b75d0d,Tocopherol,20615,20615,3288,토코페롤,Tocopherol,,,official_exact,20609,0.999709,,create_canonical,tocopherol,,Y,high,accepted_auto_exact,dominant_name이 KCIA 표준명·영문명·구명칭 중 하나와 exact 일치,2026-06-30,4a523f990553a507c1236c0490bcbb953960861f5da5cddf7ee79b48f5403178
3,ing_pending_1a5bb7b82246,Citric Acid,18285,18285,1532,시트릭애씨드,Citric Acid,,,official_exact,18272,0.999289,,create_canonical,citric_acid,,Y,high,accepted_auto_exact,dominant_name이 KCIA 표준명·영문명·구명칭 중 하나와 exact 일치,2026-06-30,4a523f990553a507c1236c0490bcbb953960861f5da5cddf7ee79b48f5403178
4,ing_pending_f87cb3a7039b,Ethylhexylglycerin,17438,17438,2075,에틸헥실글리세린,Ethylhexylglycerin,에칠헥실글리세린,Ethylhexylglycerin,official_exact,17422,0.999082,,create_canonical,ethylhexylglycerin,,Y,high,accepted_auto_exact,dominant_name이 KCIA 표준명·영문명·구명칭 중 하나와 exact 일치,2026-06-30,4a523f990553a507c1236c0490bcbb953960861f5da5cddf7ee79b48f5403178
5,ing_pending_f95a5236bdfe,Butylene Glycol,17297,17297,586,부틸렌글라이콜,Butylene Glycol,,,official_exact,17294,0.999827,,create_canonical,butylene_glycol,,Y,high,accepted_auto_exact,dominant_name이 KCIA 표준명·영문명·구명칭 중 하나와 exact 일치,2026-06-30,4a523f990553a507c1236c0490bcbb953960861f5da5cddf7ee79b48f5403178
6,ing_pending_2b7f0f64981c,Caprylyl Glycol,16593,16593,2924,카프릴릴글라이콜,Caprylyl Glycol,,,official_exact,16589,0.999759,,create_canonical,caprylyl_glycol,,Y,high,accepted_auto_exact,dominant_name이 KCIA 표준명·영문명·구명칭 중 하나와 exact 일치,2026-06-30,4a523f990553a507c1236c0490bcbb953960861f5da5cddf7ee79b48f5403178
7,ing_pending_753814bb31b0,Potassium Sorbate,13464,13464,3679,포타슘솔베이트,Potassium Sorbate,포타슘소르베이트,Potassium Sorbate,official_exact,13451,0.999034,,create_canonical,potassium_sorbate,,Y,high,accepted_auto_exact,dominant_name이 KCIA 표준명·영문명·구명칭 중 하나와 exact 일치,2026-06-30,4a523f990553a507c1236c0490bcbb953960861f5da5cddf7ee79b48f5403178
8,ing_pending_87478d382fd9,Sodium Benzoate,13173,13173,1116,소듐벤조에이트,Sodium Benzoate,,,official_exact,13163,0.999241,,create_canonical,sodium_benzoate,,Y,high,accepted_auto_exact,dominant_name이 KCIA 표준명·영문명·구명칭 중 하나와 exact 일치,2026-06-30,4a523f990553a507c1236c0490bcbb953960861f5da5cddf7ee79b48f5403178
9,ing_pending_9a3ee9934aea,Limonene,12824,12824,20,리모넨,Limonene,,,official_exact,12786,0.997037,,create_canonical,limonene,,Y,high,accepted_auto_exact,dominant_name이 KCIA 표준명·영문명·구명칭 중 하나와 exact 일치,2026-06-30,4a523f990553a507c1236c0490bcbb953960861f5da5cddf7ee79b48f5403178
10,ing_pending_b6891f803fb7,Linalool,12522,12522,9,리날룰,Linalool,,,official_exact,12481,0.996726,,create_canonical,linalool,,Y,high,accepted_auto_exact,dominant_name이 KCIA 표준명·영문명·구명칭 중 하나와 exact 일치,2026-06-30,4a523f990553a507c1236c0490bcbb953960861f5da5cddf7ee79b48f5403178
11,ing_pending_6645dccd48c0,Tocopheryl Acetate,11709,11709,3293,토코페릴아세테이트,Tocopheryl Acetate,,,official_exact,11701,0.999317,,create_canonical,tocopheryl_acetate,,Y,high,accepted_auto_exact,dominant_name이 KCIA 표준명·영문명·구명칭 중 하나와 exact 일치,2026-06-30,4a523f990553a507c1236c0490bcbb953960861f5da5cddf7ee79b48f5403178
12,ing_pending_ec1b8d3ad836,Xanthan Gum,10584,10584,2639,잔탄검,Xanthan Gum,,,official_exact,10573,0.998961,,create_canonical,xanthan_gum,,Y,high,accepted_auto_exact,dominant_name이 KCIA 표준명·영문명·구명칭 중 하나와 exact 일치,2026-06-30,4a523f990553a507c1236c0490bcbb953960861f5da5cddf7ee79b48f5403178
13,ing_pending_e0192a791a3a,silica,10288,10288,1548,실리카,Silica,,,official_exact,10287,0.999903,,create_canonical,silica,,Y,high,accepted_auto_exact,dominant_name이 KCIA 표준명·영문명·구명칭 중 하나와 exact 일치,2026-06-30,4a523f990553a507c1236c0490bcbb953960861f5da5cddf7ee79b48f5403178
14,ing_pending_7a7fd7a17067,Sodium Hydroxide,10109,10109,1263,소듐하이드록사이드,Sodium Hydroxide,,,official_exact,10102,0.999308,,create_canonical,sodium_hydroxide,,Y,high,accepted_auto_exact,dominant_name이 KCIA 표준명·영문명·구명칭 중 하나와 exact 일치,2026-06-30,4a523f990553a507c1236c0490bcbb953960861f5da5cddf7ee79b48f5403178
15,ing_pending_f2af9086549b,Caprylic/Capric Triglyceride,9495,9495,2922,카프릴릭/카프릭트라이글리세라이드,Caprylic/Capric Triglyceride,카프릴릭/카프릭트리글리세라이드,Caprylic/Capric Triglyceride,official_exact,9467,0.997051,,create_canonical,caprylic_capric_triglyceride,,Y,high,accepted_auto_exact,dominant_name이 KCIA 표준명·영문명·구명칭 중 하나와 exact 일치,2026-06-30,4a523f990553a507c1236c0490bcbb953960861f5da5cddf7ee79b48f5403178
16,ing_pending_1bae26cfac86,Sodium Chloride,9405,9405,1223,소듐클로라이드,Sodium Chloride,,,official_exact,9404,0.999894,,create_canonical,sodium_chloride,,Y,high,accepted_auto_exact,dominant_name이 KCIA 표준명·영문명·구명칭 중 하나와 exact 일치,2026-06-30,4a523f990553a507c1236c0490bcbb953960861f5da5cddf7ee79b48f5403178
17,ing_pending_7afe49475353,Parfum (Fragrance),9258,9258,,,,,,no_official_exact_match,0,0.000000,,manual_review,,,N,low,candidate_unverified,표준명·영문명·구명칭 exact 일치 없음; 기존 alias도 identity 병합 근거로 사용하지 않음,2026-06-30,4a523f990553a507c1236c0490bcbb953960861f5da5cddf7ee79b48f5403178
18,ing_pending_c78a9a696fee,Disodium EDTA,9102,9102,5120,다이소듐이디티에이,Disodium EDTA,디소듐이디티에이,Disodium EDTA,official_exact,9097,0.999451,,create_canonical,disodium_edta,,Y,high,accepted_auto_exact,dominant_name이 KCIA 표준명·영문명·구명칭 중 하나와 exact 일치,2026-06-30,4a523f990553a507c1236c0490bcbb953960861f5da5cddf7ee79b48f5403178
19,ing_pending_de1d207b336e,CI 77492,8899,8899,,,,,,no_official_exact_match,0,0.000000,,manual_review,,,N,low,candidate_unverified,표준명·영문명·구명칭 exact 일치 없음; 기존 alias도 identity 병합 근거로 사용하지 않음,2026-06-30,4a523f990553a507c1236c0490bcbb953960861f5da5cddf7ee79b48f5403178
20,ing_pending_9c737e76bc63,정제수,8865,8865,2700,정제수,Water,,,official_exact,8865,1.000000,,create_canonical,water,,Y,high,accepted_auto_exact,dominant_name이 KCIA 표준명·영문명·구명칭 중 하나와 exact 일치,2026-06-30,4a523f990553a507c1236c0490bcbb953960861f5da5cddf7ee79b48f5403178
21,ing_pending_59490e417d3d,Propanediol,8737,8737,3986,프로판다이올,Propanediol,프로판디올,Propanediol,official_exact,8726,0.998741,,create_canonical,propanediol,,Y,high,accepted_auto_exact,dominant_name이 KCIA 표준명·영문명·구명칭 중 하나와 exact 일치,2026-06-30,4a523f990553a507c1236c0490bcbb953960861f5da5cddf7ee79b48f5403178
22,ing_pending_fa0d90bf1821,Iron Oxides (Ci 77491),8041,8041,,,,,,no_official_exact_match,0,0.000000,,manual_review,,,N,low,candidate_unverified,표준명·영문명·구명칭 exact 일치 없음; 기존 alias도 identity 병합 근거로 사용하지 않음,2026-06-30,4a523f990553a507c1236c0490bcbb953960861f5da5cddf7ee79b48f5403178
23,ing_pending_52efcb6c3e9a,Alcohol,7934,7934,2093,에탄올,Alcohol,,,official_exact,7929,0.999370,,create_canonical,alcohol,,Y,high,accepted_auto_exact,dominant_name이 KCIA 표준명·영문명·구명칭 중 하나와 exact 일치,2026-06-30,4a523f990553a507c1236c0490bcbb953960861f5da5cddf7ee79b48f5403178
24,ing_pending_91c576a970c4,Fragrance (Parfum),7681,7681,,,,,,no_official_exact_match,0,0.000000,,manual_review,,,N,low,candidate_unverified,표준명·영문명·구명칭 exact 일치 없음; 기존 alias도 identity 병합 근거로 사용하지 않음,2026-06-30,4a523f990553a507c1236c0490bcbb953960861f5da5cddf7ee79b48f5403178
25,ing_pending_5cad069f9b90,부틸렌글라이콜,7502,7502,586,부틸렌글라이콜,Butylene Glycol,,,official_exact,7502,1.000000,,create_canonical,butylene_glycol,,Y,high,accepted_auto_exact,dominant_name이 KCIA 표준명·영문명·구명칭 중 하나와 exact 일치,2026-06-30,4a523f990553a507c1236c0490bcbb953960861f5da5cddf7ee79b48f5403178
26,ing_pending_2caa3e79b7f0,Titanium Dioxide (CI 77891),7492,7492,,,,,,no_official_exact_match,0,0.000000,,manual_review,,,N,low,candidate_unverified,표준명·영문명·구명칭 exact 일치 없음; 기존 alias도 identity 병합 근거로 사용하지 않음,2026-06-30,4a523f990553a507c1236c0490bcbb953960861f5da5cddf7ee79b48f5403178
27,ing_pending_1f7807d4a25e,"1,2-헥산다이올",7479,7479,4877,"1,2-헥산다이올","1,2-Hexanediol","1,2-헥산디올","1,2-Hexanediol",official_exact,7479,1.000000,,create_canonical,1_2_hexanediol,,Y,high,accepted_auto_exact,dominant_name이 KCIA 표준명·영문명·구명칭 중 하나와 exact 일치,2026-06-30,4a523f990553a507c1236c0490bcbb953960861f5da5cddf7ee79b48f5403178
28,ing_pending_8f4063b410fc,Disteardimonium Hectorite,7401,7401,5139,다이스테아다이모늄헥토라이트,Disteardimonium Hectorite,디스테아디모늄헥토라이트,Disteardimonium Hectorite,official_exact,7401,1.000000,,create_canonical,disteardimonium_hectorite,,Y,high,accepted_auto_exact,dominant_name이 KCIA 표준명·영문명·구명칭 중 하나와 exact 일치,2026-06-30,4a523f990553a507c1236c0490bcbb953960861f5da5cddf7ee79b48f5403178
29,ing_pending_3a9755282369,Mica,7282,7282,83,마이카,Mica,,,official_exact,7243,0.994644,,create_canonical,mica,,Y,high,accepted_auto_exact,dominant_name이 KCIA 표준명·영문명·구명칭 중 하나와 exact 일치,2026-06-30,4a523f990553a507c1236c0490bcbb953960861f5da5cddf7ee79b48f5403178
30,ing_pending_89db7240090d,에틸헥실글리세린,7114,7114,2075,에틸헥실글리세린,Ethylhexylglycerin,에칠헥실글리세린,Ethylhexylglycerin,official_exact,7114,1.000000,,create_canonical,ethylhexylglycerin,,Y,high,accepted_auto_exact,dominant_name이 KCIA 표준명·영문명·구명칭 중 하나와 exact 일치,2026-06-30,4a523f990553a507c1236c0490bcbb953960861f5da5cddf7ee79b48f5403178
31,ing_pending_65acd8a76b43,Pentylene Glycol,7021,7021,3635,펜틸렌글라이콜,Pentylene Glycol,,,official_exact,7019,0.999715,,create_canonical,pentylene_glycol,,Y,high,accepted_auto_exact,dominant_name이 KCIA 표준명·영문명·구명칭 중 하나와 exact 일치,2026-06-30,4a523f990553a507c1236c0490bcbb953960861f5da5cddf7ee79b48f5403178
32,ing_pending_eabdd7d47631,향료,6642,6642,4852,향료,Fragrance|Perfume|Parfum,,,official_exact,6642,1.000000,,create_canonical,fragrance_perfume_parfum,,Y,high,accepted_auto_exact,dominant_name이 KCIA 표준명·영문명·구명칭 중 하나와 exact 일치,2026-06-30,4a523f990553a507c1236c0490bcbb953960861f5da5cddf7ee79b48f5403178
33,ing_pending_5ec2544f2822,Citronellol,6195,6195,1530,시트로넬올,Citronellol,,,official_exact,6179,0.997417,,create_canonical,citronellol,,Y,high,accepted_auto_exact,dominant_name이 KCIA 표준명·영문명·구명칭 중 하나와 exact 일치,2026-06-30,4a523f990553a507c1236c0490bcbb953960861f5da5cddf7ee79b48f5403178
34,ing_pending_9d3a797ebc33,CI 77499),6155,6155,,,,,,no_official_exact_match,0,0.000000,,manual_review,,,N,low,candidate_unverified,표준명·영문명·구명칭 exact 일치 없음; 기존 alias도 identity 병합 근거로 사용하지 않음,2026-06-30,4a523f990553a507c1236c0490bcbb953960861f5da5cddf7ee79b48f5403178
35,ing_pending_69cea4ec4d97,Aluminum Hydroxide,5921,5921,1872,알루미늄하이드록사이드,Aluminum Hydroxide,,,official_exact,5921,1.000000,,create_canonical,aluminum_hydroxide,,Y,high,accepted_auto_exact,dominant_name이 KCIA 표준명·영문명·구명칭 중 하나와 exact 일치,2026-06-30,4a523f990553a507c1236c0490bcbb953960861f5da5cddf7ee79b48f5403178
36,ing_pending_0d9fce1e8316,Geraniol,5830,5830,2704,제라니올,Geraniol,,,official_exact,5801,0.995026,,create_canonical,geraniol,,Y,high,accepted_auto_exact,dominant_name이 KCIA 표준명·영문명·구명칭 중 하나와 exact 일치,2026-06-30,4a523f990553a507c1236c0490bcbb953960861f5da5cddf7ee79b48f5403178
37,ing_pending_ba7522ab32bd,Cetearyl Alcohol,5686,5686,974,세테아릴알코올,Cetearyl Alcohol,,,official_exact,5677,0.998417,,create_canonical,cetearyl_alcohol,,Y,high,accepted_auto_exact,dominant_name이 KCIA 표준명·영문명·구명칭 중 하나와 exact 일치,2026-06-30,4a523f990553a507c1236c0490bcbb953960861f5da5cddf7ee79b48f5403178
38,ing_pending_a751ae63d70c,helianthus annuus (sunflower) seed oil,5593,5593,4840,해바라기씨오일,Helianthus Annuus (Sunflower) Seed Oil,,,official_exact,5581,0.997854,,create_canonical,helianthus_annuus_sunflower_seed_oil,,Y,high,accepted_auto_exact,dominant_name이 KCIA 표준명·영문명·구명칭 중 하나와 exact 일치,2026-06-30,4a523f990553a507c1236c0490bcbb953960861f5da5cddf7ee79b48f5403178
39,ing_pending_9687d947542e,Pentaerythrityl Tetra-Di-T-Butyl Hydroxyhydrocinnamate,5518,5518,3620,펜타에리스리틸테트라-다이-t-부틸하이드록시하이드로신나 메이트,Pentaerythrityl Tetra-di-t-butyl Hydroxyhydrocinnamate,펜타에리스리틸테트라-디-t-부틸하이드록시하이드로신나메 이트,Pentaerythrityl Tetra-di-t-butyl Hydroxyhydrocinnamate,official_exact,5452,0.988039,,create_canonical,pentaerythrityl_tetra_di_t_butyl_hydroxyhydrocinnamate,,Y,high,accepted_auto_exact,dominant_name이 KCIA 표준명·영문명·구명칭 중 하나와 exact 일치,2026-06-30,4a523f990553a507c1236c0490bcbb953960861f5da5cddf7ee79b48f5403178
40,ing_pending_e03866d26807,Triethoxycaprylylsilane,5509,5509,3389,트라이에톡시카프릴릴실레인,Triethoxycaprylylsilane,트리에톡시카프릴릴실란,Triethoxycaprylylsilane,official_exact,5508,0.999818,,create_canonical,triethoxycaprylylsilane,,Y,high,accepted_auto_exact,dominant_name이 KCIA 표준명·영문명·구명칭 중 하나와 exact 일치,2026-06-30,4a523f990553a507c1236c0490bcbb953960861f5da5cddf7ee79b48f5403178
41,ing_pending_c9676134a76c,Benzyl Alcohol,5483,5483,527,벤질알코올,Benzyl Alcohol,,,official_exact,5481,0.999635,,create_canonical,benzyl_alcohol,,Y,high,accepted_auto_exact,dominant_name이 KCIA 표준명·영문명·구명칭 중 하나와 exact 일치,2026-06-30,4a523f990553a507c1236c0490bcbb953960861f5da5cddf7ee79b48f5403178
42,ing_pending_a2af4486e197,Butyrospermum Parkii (Shea) Butter,5434,5434,1356,시어버터,Butyrospermum Parkii (Shea) Butter,쉐어버터,Butyrospermum Parkii (Shea) Butter,official_exact,5285,0.972580,,create_canonical,butyrospermum_parkii_shea_butter,,Y,high,accepted_auto_exact,dominant_name이 KCIA 표준명·영문명·구명칭 중 하나와 exact 일치,2026-06-30,4a523f990553a507c1236c0490bcbb953960861f5da5cddf7ee79b48f5403178
43,ing_pending_a7aceeaed0db,Carbomer,5376,5376,2884,카보머,Carbomer,,,official_exact,5372,0.999256,,create_canonical,carbomer,,Y,high,accepted_auto_exact,dominant_name이 KCIA 표준명·영문명·구명칭 중 하나와 exact 일치,2026-06-30,4a523f990553a507c1236c0490bcbb953960861f5da5cddf7ee79b48f5403178
44,ing_pending_c868df5fca6e,토코페롤,5287,5287,3288,토코페롤,Tocopherol,,,official_exact,5287,1.000000,,create_canonical,tocopherol,,Y,high,accepted_auto_exact,dominant_name이 KCIA 표준명·영문명·구명칭 중 하나와 exact 일치,2026-06-30,4a523f990553a507c1236c0490bcbb953960861f5da5cddf7ee79b48f5403178
45,ing_pending_8ec671694027,Lecithin,5167,5167,5485,레시틴,Lecithin,,,official_exact,5164,0.999419,,create_canonical,lecithin,,Y,high,accepted_auto_exact,dominant_name이 KCIA 표준명·영문명·구명칭 중 하나와 exact 일치,2026-06-30,4a523f990553a507c1236c0490bcbb953960861f5da5cddf7ee79b48f5403178
46,ing_pending_e70aa3a14121,Propylene Glycol,5125,5125,3992,프로필렌글라이콜,Propylene Glycol,,,official_exact,5125,1.000000,,create_canonical,propylene_glycol,,Y,high,accepted_auto_exact,dominant_name이 KCIA 표준명·영문명·구명칭 중 하나와 exact 일치,2026-06-30,4a523f990553a507c1236c0490bcbb953960861f5da5cddf7ee79b48f5403178
47,ing_pending_2eaa7c3b310f,Glyceryl Stearate,4978,4978,7644,글리세릴스테아레이트,Glyceryl Stearate,,,official_exact,4976,0.999598,,create_canonical,glyceryl_stearate,,Y,high,accepted_auto_exact,dominant_name이 KCIA 표준명·영문명·구명칭 중 하나와 exact 일치,2026-06-30,4a523f990553a507c1236c0490bcbb953960861f5da5cddf7ee79b48f5403178
48,ing_pending_fa46e35c4932,Hexyl Cinnamal,4975,4975,4893,헥실신남알,Hexyl Cinnamal,헥실신나몰,Hexyl Cinnamal,official_exact,4969,0.998794,,create_canonical,hexyl_cinnamal,,Y,high,accepted_auto_exact,dominant_name이 KCIA 표준명·영문명·구명칭 중 하나와 exact 일치,2026-06-30,4a523f990553a507c1236c0490bcbb953960861f5da5cddf7ee79b48f5403178
49,ing_pending_8125292eb159,"1,2-Hexanediol",4972,4972,4877,"1,2-헥산다이올","1,2-Hexanediol","1,2-헥산디올","1,2-Hexanediol",official_exact,4924,0.990346,,create_canonical,1_2_hexanediol,,Y,high,accepted_auto_exact,dominant_name이 KCIA 표준명·영문명·구명칭 중 하나와 exact 일치,2026-06-30,4a523f990553a507c1236c0490bcbb953960861f5da5cddf7ee79b48f5403178
50,ing_pending_abe35cbaba51,Chlorphenesin,4716,4716,3205,클로페네신,Chlorphenesin,,,official_exact,4716,1.000000,,create_canonical,chlorphenesin,,Y,high,accepted_auto_exact,dominant_name이 KCIA 표준명·영문명·구명칭 중 하나와 exact 일치,2026-06-30,4a523f990553a507c1236c0490bcbb953960861f5da5cddf7ee79b48f5403178
51,ing_pending_8fc8707e2bb5,Sodium Citrate,4668,4668,1145,소듐시트레이트,Sodium Citrate,,,official_exact,4663,0.998929,,create_canonical,sodium_citrate,,Y,high,accepted_auto_exact,dominant_name이 KCIA 표준명·영문명·구명칭 중 하나와 exact 일치,2026-06-30,4a523f990553a507c1236c0490bcbb953960861f5da5cddf7ee79b48f5403178
52,ing_pending_78cf093c5856,다이소듐이디티에이,4662,4662,5120,다이소듐이디티에이,Disodium EDTA,디소듐이디티에이,Disodium EDTA,official_exact,4662,1.000000,,create_canonical,disodium_edta,,Y,high,accepted_auto_exact,dominant_name이 KCIA 표준명·영문명·구명칭 중 하나와 exact 일치,2026-06-30,4a523f990553a507c1236c0490bcbb953960861f5da5cddf7ee79b48f5403178
53,ing_pending_d330823ed076,카프릴릴글라이콜,4562,4562,2924,카프릴릴글라이콜,Caprylyl Glycol,,,official_exact,4562,1.000000,,create_canonical,caprylyl_glycol,,Y,high,accepted_auto_exact,dominant_name이 KCIA 표준명·영문명·구명칭 중 하나와 exact 일치,2026-06-30,4a523f990553a507c1236c0490bcbb953960861f5da5cddf7ee79b48f5403178
54,ing_pending_fab30d898997,Trimethylsiloxysilicate,4386,4386,3340,트라이메틸실록시실리케이트,Trimethylsiloxysilicate,트리메칠실록시실리케이트,Trimethylsiloxysilicate,official_exact,4386,1.000000,,create_canonical,trimethylsiloxysilicate,,Y,high,accepted_auto_exact,dominant_name이 KCIA 표준명·영문명·구명칭 중 하나와 exact 일치,2026-06-30,4a523f990553a507c1236c0490bcbb953960861f5da5cddf7ee79b48f5403178
55,ing_pending_b9867ecde2b3,Cetyl Alcohol,4250,4250,996,세틸알코올,Cetyl Alcohol,,,official_exact,4246,0.999059,,create_canonical,cetyl_alcohol,,Y,high,accepted_auto_exact,dominant_name이 KCIA 표준명·영문명·구명칭 중 하나와 exact 일치,2026-06-30,4a523f990553a507c1236c0490bcbb953960861f5da5cddf7ee79b48f5403178
56,ing_pending_2b62d1926eb0,Isododecane,4239,4239,2445,아이소도데케인,Isododecane,이소도데칸,Isododecane,official_exact,4239,1.000000,,create_canonical,isododecane,,Y,high,accepted_auto_exact,dominant_name이 KCIA 표준명·영문명·구명칭 중 하나와 exact 일치,2026-06-30,4a523f990553a507c1236c0490bcbb953960861f5da5cddf7ee79b48f5403178
57,ing_pending_356a192b7913,1,4175,4175,,,,,,not_applicable,0,0.000000,,reject_noise_candidate,,,N,high,rejected_noise,숫자·기호 중심의 비성분 원문 후보,2026-06-30,4a523f990553a507c1236c0490bcbb953960861f5da5cddf7ee79b48f5403178
58,ing_pending_49901b5bdb79,Hydroxyacetophenone,4147,4147,8418,하이드록시아세토페논,Hydroxyacetophenone,,,official_exact,4141,0.998553,,create_canonical,hydroxyacetophenone,,Y,high,accepted_auto_exact,dominant_name이 KCIA 표준명·영문명·구명칭 중 하나와 exact 일치,2026-06-30,4a523f990553a507c1236c0490bcbb953960861f5da5cddf7ee79b48f5403178
59,ing_pending_226664e29d99,2-Hexanediol,4089,4089,,,,,,no_official_exact_match,0,0.000000,,manual_review,,,N,low,candidate_unverified,표준명·영문명·구명칭 exact 일치 없음; 기존 alias도 identity 병합 근거로 사용하지 않음,2026-06-30,4a523f990553a507c1236c0490bcbb953960861f5da5cddf7ee79b48f5403178
60,ing_pending_87ddc430550e,Propylene Carbonate,4026,4026,4015,프로필렌카보네이트,Propylene Carbonate,,,official_exact,4026,1.000000,,create_canonical,propylene_carbonate,,Y,high,accepted_auto_exact,dominant_name이 KCIA 표준명·영문명·구명칭 중 하나와 exact 일치,2026-06-30,4a523f990553a507c1236c0490bcbb953960861f5da5cddf7ee79b48f5403178
61,ing_pending_d7da1407613c,Benzyl Salicylate,4017,4017,523,벤질살리실레이트,Benzyl Salicylate,,,official_exact,4012,0.998755,,create_canonical,benzyl_salicylate,,Y,high,accepted_auto_exact,dominant_name이 KCIA 표준명·영문명·구명칭 중 하나와 exact 일치,2026-06-30,4a523f990553a507c1236c0490bcbb953960861f5da5cddf7ee79b48f5403178
62,ing_pending_c894b49fc1d6,Sorbitan Isostearate,3956,3956,1292,솔비탄아이소스테아레이트,Sorbitan Isostearate,소르비탄이소스테아레이트,Sorbitan Isostearate,official_exact,3955,0.999747,,create_canonical,sorbitan_isostearate,,Y,high,accepted_auto_exact,dominant_name이 KCIA 표준명·영문명·구명칭 중 하나와 exact 일치,2026-06-30,4a523f990553a507c1236c0490bcbb953960861f5da5cddf7ee79b48f5403178
63,ing_pending_c4165f6b3f9c,Ci 77499/Iron Oxides,3951,3951,,,,,,no_official_exact_match,0,0.000000,,manual_review,,,N,low,candidate_unverified,표준명·영문명·구명칭 exact 일치 없음; 기존 alias도 identity 병합 근거로 사용하지 않음,2026-06-30,4a523f990553a507c1236c0490bcbb953960861f5da5cddf7ee79b48f5403178
64,ing_pending_c388160832db,Simmondsia Chinensis (Jojoba) Seed Oil,3928,3928,4935,호호바씨오일,Simmondsia Chinensis (Jojoba) Seed Oil,,,official_exact,3884,0.988798,,create_canonical,simmondsia_chinensis_jojoba_seed_oil,,Y,high,accepted_auto_exact,dominant_name이 KCIA 표준명·영문명·구명칭 중 하나와 exact 일치,2026-06-30,4a523f990553a507c1236c0490bcbb953960861f5da5cddf7ee79b48f5403178
65,ing_pending_49b45600d02d,citral,3927,3927,1523,시트랄,Citral,,,official_exact,3903,0.993888,,create_canonical,citral,,Y,high,accepted_auto_exact,dominant_name이 KCIA 표준명·영문명·구명칭 중 하나와 exact 일치,2026-06-30,4a523f990553a507c1236c0490bcbb953960861f5da5cddf7ee79b48f5403178
66,ing_pending_dc0a05dd5dc3,Polysorbate 20,3879,3879,3855,폴리솔베이트20,Polysorbate 20,폴리소르베이트20|폴리솔베이트 20,Polysorbate 20,official_exact,3828,0.986852,,create_canonical,polysorbate_20,,Y,high,accepted_auto_exact,dominant_name이 KCIA 표준명·영문명·구명칭 중 하나와 exact 일치,2026-06-30,4a523f990553a507c1236c0490bcbb953960861f5da5cddf7ee79b48f5403178
67,ing_pending_dc86714c6b9b,소듐하이알루로네이트,3856,3856,1265,소듐하이알루로네이트,Sodium Hyaluronate,,,official_exact,3856,1.000000,,create_canonical,sodium_hyaluronate,hyaluronic_acid,Y,high,accepted_auto_exact,dominant_name이 KCIA 표준명·영문명·구명칭 중 하나와 exact 일치,2026-06-30,4a523f990553a507c1236c0490bcbb953960861f5da5cddf7ee79b48f5403178
68,ing_pending_2dfe643c426f,리모넨,3837,3837,20,리모넨,Limonene,,,official_exact,3837,1.000000,,create_canonical,limonene,,Y,high,accepted_auto_exact,dominant_name이 KCIA 표준명·영문명·구명칭 중 하나와 exact 일치,2026-06-30,4a523f990553a507c1236c0490bcbb953960861f5da5cddf7ee79b48f5403178
69,ing_pending_a9cb370334e9,리날룰,3787,3787,9,리날룰,Linalool,,,official_exact,3787,1.000000,,create_canonical,linalool,,Y,high,accepted_auto_exact,dominant_name이 KCIA 표준명·영문명·구명칭 중 하나와 exact 일치,2026-06-30,4a523f990553a507c1236c0490bcbb953960861f5da5cddf7ee79b48f5403178
70,ing_pending_7b5d6891c055,Tin Oxide,3757,3757,3472,틴옥사이드,Tin Oxide,,,official_exact,3756,0.999734,,create_canonical,tin_oxide,,Y,high,accepted_auto_exact,dominant_name이 KCIA 표준명·영문명·구명칭 중 하나와 exact 일치,2026-06-30,4a523f990553a507c1236c0490bcbb953960861f5da5cddf7ee79b48f5403178
71,ing_pending_c3dfcb43f97b,Synthetic Fluorphlogopite,3747,3747,4833,합성플루오르플로고파이트,Synthetic Fluorphlogopite,합성플루오르고파이트,Synthetic Fluorphlogopite,official_exact,3747,1.000000,,create_canonical,synthetic_fluorphlogopite,,Y,high,accepted_auto_exact,dominant_name이 KCIA 표준명·영문명·구명칭 중 하나와 exact 일치,2026-06-30,4a523f990553a507c1236c0490bcbb953960861f5da5cddf7ee79b48f5403178
72,ing_pending_e1d8df31deea,카프릴릭/카프릭트라이글리세라이드,3696,3696,2922,카프릴릭/카프릭트라이글리세라이드,Caprylic/Capric Triglyceride,카프릴릭/카프릭트리글리세라이드,Caprylic/Capric Triglyceride,official_exact,3696,1.000000,,create_canonical,caprylic_capric_triglyceride,,Y,high,accepted_auto_exact,dominant_name이 KCIA 표준명·영문명·구명칭 중 하나와 exact 일치,2026-06-30,4a523f990553a507c1236c0490bcbb953960861f5da5cddf7ee79b48f5403178
73,ing_pending_954b3bba2d58,Cetyl Peg/Ppg-10/1 Dimethicone,3640,3640,1008,세틸피이지/피피지-10/1다이메티콘,Cetyl PEG/PPG-10/1 Dimethicone,세틸피이지/피피지-10/1디메치콘,Cetyl PEG/PPG-10/1 Dimethicone,official_exact,3634,0.998352,,create_canonical,cetyl_peg_ppg_10_1_dimethicone,,Y,high,accepted_auto_exact,dominant_name이 KCIA 표준명·영문명·구명칭 중 하나와 exact 일치,2026-06-30,4a523f990553a507c1236c0490bcbb953960861f5da5cddf7ee79b48f5403178
74,ing_pending_e4d6ae0bb3c0,Trisodium Ethylenediamine Disuccinate,3404,3404,6229,트라이소듐에틸렌다이아민다이석시네이트,Trisodium Ethylenediamine Disuccinate,트리소듐에칠렌디아민디석시네이트,Trisodium Ethylenediamine Disuccinate,official_exact,3403,0.999706,,create_canonical,trisodium_ethylenediamine_disuccinate,,Y,high,accepted_auto_exact,dominant_name이 KCIA 표준명·영문명·구명칭 중 하나와 exact 일치,2026-06-30,4a523f990553a507c1236c0490bcbb953960861f5da5cddf7ee79b48f5403178
75,ing_pending_616589a7f2da,Maltodextrin,3403,3403,125,말토덱스트린,Maltodextrin,,,official_exact,3394,0.997355,,create_canonical,maltodextrin,,Y,high,accepted_auto_exact,dominant_name이 KCIA 표준명·영문명·구명칭 중 하나와 exact 일치,2026-06-30,4a523f990553a507c1236c0490bcbb953960861f5da5cddf7ee79b48f5403178
76,ing_pending_f8d7625a37bb,다이프로필렌글라이콜,3395,3395,5259,다이프로필렌글라이콜,Dipropylene Glycol,디프로필렌글라이콜,Dipropylene Glycol,official_exact,3395,1.000000,,create_canonical,dipropylene_glycol,,Y,high,accepted_auto_exact,dominant_name이 KCIA 표준명·영문명·구명칭 중 하나와 exact 일치,2026-06-30,4a523f990553a507c1236c0490bcbb953960861f5da5cddf7ee79b48f5403178
77,ing_pending_74ffc51ebab7,Dipropylene Glycol,3356,3356,5259,다이프로필렌글라이콜,Dipropylene Glycol,디프로필렌글라이콜,Dipropylene Glycol,official_exact,3355,0.999702,,create_canonical,dipropylene_glycol,,Y,high,accepted_auto_exact,dominant_name이 KCIA 표준명·영문명·구명칭 중 하나와 exact 일치,2026-06-30,4a523f990553a507c1236c0490bcbb953960861f5da5cddf7ee79b48f5403178
78,ing_pending_266dd6450e72,BHT,3327,3327,719,비에이치티,BHT,,,official_exact,3327,1.000000,,create_canonical,bht,,Y,high,accepted_auto_exact,dominant_name이 KCIA 표준명·영문명·구명칭 중 하나와 exact 일치,2026-06-30,4a523f990553a507c1236c0490bcbb953960861f5da5cddf7ee79b48f5403178
79,ing_pending_80e77b1b8324,CI 77891 (Titanium Dioxide),3310,3310,,,,,,no_official_exact_match,0,0.000000,,manual_review,,,N,low,candidate_unverified,표준명·영문명·구명칭 exact 일치 없음; 기존 alias도 identity 병합 근거로 사용하지 않음,2026-06-30,4a523f990553a507c1236c0490bcbb953960861f5da5cddf7ee79b48f5403178
80,ing_pending_c5f460dae16f,프로판다이올,3284,3284,3986,프로판다이올,Propanediol,프로판디올,Propanediol,official_exact,3284,1.000000,,create_canonical,propanediol,,Y,high,accepted_auto_exact,dominant_name이 KCIA 표준명·영문명·구명칭 중 하나와 exact 일치,2026-06-30,4a523f990553a507c1236c0490bcbb953960861f5da5cddf7ee79b48f5403178
81,ing_pending_781b68c20362,Hexylene Glycol,3244,3244,4891,헥실렌글라이콜,Hexylene Glycol,,,official_exact,3243,0.999692,,create_canonical,hexylene_glycol,,Y,high,accepted_auto_exact,dominant_name이 KCIA 표준명·영문명·구명칭 중 하나와 exact 일치,2026-06-30,4a523f990553a507c1236c0490bcbb953960861f5da5cddf7ee79b48f5403178
82,ing_pending_0e19a946707f,Magnesium Sulfate,3235,3235,46,마그네슘설페이트,Magnesium Sulfate,,,official_exact,3235,1.000000,,create_canonical,magnesium_sulfate,,Y,high,accepted_auto_exact,dominant_name이 KCIA 표준명·영문명·구명칭 중 하나와 exact 일치,2026-06-30,4a523f990553a507c1236c0490bcbb953960861f5da5cddf7ee79b48f5403178
83,ing_pending_a696f9f9fd04,Dimethicone/Vinyl Dimethicone Crosspolymer,3216,3216,4545,다이메티콘/비닐다이메티콘크로스폴리머,Dimethicone/Vinyl Dimethicone Crosspolymer,디메치콘/비닐디메치콘크로스폴리머,Dimethicone/Vinyl Dimethicone Crosspolymer,official_exact,3213,0.999067,,create_canonical,dimethicone_vinyl_dimethicone_crosspolymer,,Y,high,accepted_auto_exact,dominant_name이 KCIA 표준명·영문명·구명칭 중 하나와 exact 일치,2026-06-30,4a523f990553a507c1236c0490bcbb953960861f5da5cddf7ee79b48f5403178
84,ing_pending_eb7a8dce2e7b,잔탄검,3210,3210,2639,잔탄검,Xanthan Gum,,,official_exact,3210,1.000000,,create_canonical,xanthan_gum,,Y,high,accepted_auto_exact,dominant_name이 KCIA 표준명·영문명·구명칭 중 하나와 exact 일치,2026-06-30,4a523f990553a507c1236c0490bcbb953960861f5da5cddf7ee79b48f5403178
85,ing_pending_14953e041d15,시트릭애씨드,3171,3171,1532,시트릭애씨드,Citric Acid,,,official_exact,3171,1.000000,,create_canonical,citric_acid,,Y,high,accepted_auto_exact,dominant_name이 KCIA 표준명·영문명·구명칭 중 하나와 exact 일치,2026-06-30,4a523f990553a507c1236c0490bcbb953960861f5da5cddf7ee79b48f5403178
86,ing_pending_07681f645a9c,Iron Oxides (CI 77492),3145,3145,,,,,,no_official_exact_match,0,0.000000,,manual_review,,,N,low,candidate_unverified,표준명·영문명·구명칭 exact 일치 없음; 기존 alias도 identity 병합 근거로 사용하지 않음,2026-06-30,4a523f990553a507c1236c0490bcbb953960861f5da5cddf7ee79b48f5403178
87,ing_pending_de9c1819cddd,Arginine,3111,3111,1883,알지닌,Arginine,,,official_exact,3108,0.999036,,create_canonical,arginine,,Y,high,accepted_auto_exact,dominant_name이 KCIA 표준명·영문명·구명칭 중 하나와 exact 일치,2026-06-30,4a523f990553a507c1236c0490bcbb953960861f5da5cddf7ee79b48f5403178
88,ing_pending_ed235c916c3d,Hydrogenated Lecithin,3082,3082,4546,하이드로제네이티드레시틴,Hydrogenated Lecithin,,,official_exact,3080,0.999351,,create_canonical,hydrogenated_lecithin,,Y,high,accepted_auto_exact,dominant_name이 KCIA 표준명·영문명·구명칭 중 하나와 exact 일치,2026-06-30,4a523f990553a507c1236c0490bcbb953960861f5da5cddf7ee79b48f5403178
89,ing_pending_6e8e124170c9,Ethylhexyl Palmitate,3042,3042,2088,에틸헥실팔미테이트,Ethylhexyl Palmitate,에칠헥실팔미테이트,Ethylhexyl Palmitate,official_exact,3042,1.000000,,create_canonical,ethylhexyl_palmitate,,Y,high,accepted_auto_exact,dominant_name이 KCIA 표준명·영문명·구명칭 중 하나와 exact 일치,2026-06-30,4a523f990553a507c1236c0490bcbb953960861f5da5cddf7ee79b48f5403178
90,ing_pending_ed53cd8c2cbb,CI 77491,3041,3041,,,,,,no_official_exact_match,0,0.000000,,manual_review,,,N,low,candidate_unverified,표준명·영문명·구명칭 exact 일치 없음; 기존 alias도 identity 병합 근거로 사용하지 않음,2026-06-30,4a523f990553a507c1236c0490bcbb953960861f5da5cddf7ee79b48f5403178
91,ing_pending_b1dc4b11248c,Sodium Dehydroacetate,3006,3006,1042,소듐데하이드로아세테이트,Sodium Dehydroacetate,,,official_exact,3004,0.999335,,create_canonical,sodium_dehydroacetate,,Y,high,accepted_auto_exact,dominant_name이 KCIA 표준명·영문명·구명칭 중 하나와 exact 일치,2026-06-30,4a523f990553a507c1236c0490bcbb953960861f5da5cddf7ee79b48f5403178
92,ing_pending_a5ff456bf42e,Iron Oxides (CI 77499),2965,2965,,,,,,no_official_exact_match,0,0.000000,,manual_review,,,N,low,candidate_unverified,표준명·영문명·구명칭 exact 일치 없음; 기존 alias도 identity 병합 근거로 사용하지 않음,2026-06-30,4a523f990553a507c1236c0490bcbb953960861f5da5cddf7ee79b48f5403178
93,ing_pending_4f582819d2e9,Caffeine,2950,2950,2912,카페인,Caffeine,,,official_exact,2950,1.000000,,create_canonical,caffeine,,Y,high,accepted_auto_exact,dominant_name이 KCIA 표준명·영문명·구명칭 중 하나와 exact 일치,2026-06-30,4a523f990553a507c1236c0490bcbb953960861f5da5cddf7ee79b48f5403178
94,ing_pending_326ac472ccc1,Hydroxycitronellal,2943,2943,4639,하이드록시시트로넬알,Hydroxycitronellal,,,official_exact,2940,0.998981,,create_canonical,hydroxycitronellal,,Y,high,accepted_auto_exact,dominant_name이 KCIA 표준명·영문명·구명칭 중 하나와 exact 일치,2026-06-30,4a523f990553a507c1236c0490bcbb953960861f5da5cddf7ee79b48f5403178
95,ing_pending_97a719cd37a1,Water/Eau,2930,2930,,,,,,no_official_exact_match,0,0.000000,,manual_review,,,N,low,candidate_unverified,표준명·영문명·구명칭 exact 일치 없음; 기존 alias도 identity 병합 근거로 사용하지 않음,2026-06-30,4a523f990553a507c1236c0490bcbb953960861f5da5cddf7ee79b48f5403178
96,ing_pending_fc98a502dd31,Sodium PCA,2922,2922,1258,소듐피씨에이,Sodium PCA,,,official_exact,2917,0.998289,,create_canonical,sodium_pca,,Y,high,accepted_auto_exact,dominant_name이 KCIA 표준명·영문명·구명칭 중 하나와 exact 일치,2026-06-30,4a523f990553a507c1236c0490bcbb953960861f5da5cddf7ee79b48f5403178
97,ing_pending_00c6b60b41f3,Polysorbate 60,2900,2900,3858,폴리솔베이트60,Polysorbate 60,폴리소르베이트60,Polysorbate 60,official_exact,2889,0.996207,,create_canonical,polysorbate_60,,Y,high,accepted_auto_exact,dominant_name이 KCIA 표준명·영문명·구명칭 중 하나와 exact 일치,2026-06-30,4a523f990553a507c1236c0490bcbb953960861f5da5cddf7ee79b48f5403178
98,ing_pending_d4f0a9ec0575,Peg-10 Dimethicone,2880,2880,4163,피이지-10다이메티콘,PEG-10 Dimethicone,피이지-10디메치콘,PEG-10 Dimethicone,official_exact,2877,0.998958,,create_canonical,peg_10_dimethicone,,Y,high,accepted_auto_exact,dominant_name이 KCIA 표준명·영문명·구명칭 중 하나와 exact 일치,2026-06-30,4a523f990553a507c1236c0490bcbb953960861f5da5cddf7ee79b48f5403178
99,ing_pending_4e179acd7c92,Benzoic Acid,2879,2879,506,벤조익애씨드,Benzoic Acid,,,official_exact,2878,0.999653,,create_canonical,benzoic_acid,,Y,high,accepted_auto_exact,dominant_name이 KCIA 표준명·영문명·구명칭 중 하나와 exact 일치,2026-06-30,4a523f990553a507c1236c0490bcbb953960861f5da5cddf7ee79b48f5403178
100,ing_pending_cd3f20ed441f,Alcohol Denat,2818,2818,,,,,,official_variant_conflict,5,0.001774,532,manual_review,,,N,low,candidate_unverified,한 source ingredient ID 안에서 서로 다른 KCIA 성분코드가 발견됨,2026-06-30,4a523f990553a507c1236c0490bcbb953960861f5da5cddf7ee79b48f5403178
101,ing_pending_487d32065eb3,Cetrimonium Chloride,2810,2810,985,세트리모늄클로라이드,Cetrimonium Chloride,,,official_exact,2809,0.999644,,create_canonical,cetrimonium_chloride,,Y,high,accepted_auto_exact,dominant_name이 KCIA 표준명·영문명·구명칭 중 하나와 exact 일치,2026-06-30,4a523f990553a507c1236c0490bcbb953960861f5da5cddf7ee79b48f5403178
102,ing_pending_aeb065fead91,Hydroxyethylcellulose,2800,2800,4653,하이드록시에틸셀룰로오스,Hydroxyethylcellulose,하이드록시에칠셀룰로오스,Hydroxyethylcellulose,official_exact,2796,0.998571,,create_canonical,hydroxyethylcellulose,,Y,high,accepted_auto_exact,dominant_name이 KCIA 표준명·영문명·구명칭 중 하나와 exact 일치,2026-06-30,4a523f990553a507c1236c0490bcbb953960861f5da5cddf7ee79b48f5403178
103,ing_pending_448038c81d9d,Coumarin,2798,2798,3132,쿠마린,Coumarin,,,official_exact,2793,0.998213,,create_canonical,coumarin,,Y,high,accepted_auto_exact,dominant_name이 KCIA 표준명·영문명·구명칭 중 하나와 exact 일치,2026-06-30,4a523f990553a507c1236c0490bcbb953960861f5da5cddf7ee79b48f5403178
104,ing_pending_ac8cfa63b4f9,Acrylates/C10-30 Alkyl Acrylate Crosspolymer,2787,2787,1778,아크릴레이트/C10-30알킬아크릴레이트크로스폴리머,Acrylates/C10-30 Alkyl Acrylate Crosspolymer,,,official_exact,2738,0.982418,,create_canonical,acrylates_c10_30_alkyl_acrylate_crosspolymer,,Y,high,accepted_auto_exact,dominant_name이 KCIA 표준명·영문명·구명칭 중 하나와 exact 일치,2026-06-30,4a523f990553a507c1236c0490bcbb953960861f5da5cddf7ee79b48f5403178
105,ing_pending_3ff34da65895,Behentrimonium Chloride,2785,2785,501,베헨트라이모늄클로라이드,Behentrimonium Chloride,베헨트리모늄클로라이드,Behentrimonium Chloride,official_exact,2783,0.999282,,create_canonical,behentrimonium_chloride,,Y,high,accepted_auto_exact,dominant_name이 KCIA 표준명·영문명·구명칭 중 하나와 exact 일치,2026-06-30,4a523f990553a507c1236c0490bcbb953960861f5da5cddf7ee79b48f5403178
106,ing_pending_bbc493f653a6,하이드로제네이티드레시틴,2751,2751,4546,하이드로제네이티드레시틴,Hydrogenated Lecithin,,,official_exact,2751,1.000000,,create_canonical,hydrogenated_lecithin,,Y,high,accepted_auto_exact,dominant_name이 KCIA 표준명·영문명·구명칭 중 하나와 exact 일치,2026-06-30,4a523f990553a507c1236c0490bcbb953960861f5da5cddf7ee79b48f5403178
107,ing_pending_c89e6f18b744,Guar Hydroxypropyltrimonium Chloride,2705,2705,111,구아하이드록시프로필트라이모늄클로라이드,Guar Hydroxypropyltrimonium Chloride,구아하이드록시프로필트리모늄클로라이드,Guar Hydroxypropyltrimonium Chloride,official_exact,2705,1.000000,,create_canonical,guar_hydroxypropyltrimonium_chloride,,Y,high,accepted_auto_exact,dominant_name이 KCIA 표준명·영문명·구명칭 중 하나와 exact 일치,2026-06-30,4a523f990553a507c1236c0490bcbb953960861f5da5cddf7ee79b48f5403178
108,ing_pending_86f7d1d50409,Sodium Phytate,2638,2638,1234,소듐파이테이트,Sodium Phytate,,,official_exact,2637,0.999621,,create_canonical,sodium_phytate,,Y,high,accepted_auto_exact,dominant_name이 KCIA 표준명·영문명·구명칭 중 하나와 exact 일치,2026-06-30,4a523f990553a507c1236c0490bcbb953960861f5da5cddf7ee79b48f5403178
109,ing_pending_f5fb150730c0,카보머,2621,2621,2884,카보머,Carbomer,,,official_exact,2621,1.000000,,create_canonical,carbomer,,Y,high,accepted_auto_exact,dominant_name이 KCIA 표준명·영문명·구명칭 중 하나와 exact 일치,2026-06-30,4a523f990553a507c1236c0490bcbb953960861f5da5cddf7ee79b48f5403178
110,ing_pending_0cd99cd0f99d,Polyhydroxystearic Acid,2606,2606,3963,폴리하이드록시스테아릭애씨드,Polyhydroxystearic Acid,,,official_exact,2606,1.000000,,create_canonical,polyhydroxystearic_acid,,Y,high,accepted_auto_exact,dominant_name이 KCIA 표준명·영문명·구명칭 중 하나와 exact 일치,2026-06-30,4a523f990553a507c1236c0490bcbb953960861f5da5cddf7ee79b48f5403178
111,ing_pending_5ddd1aad8e09,Octyldodecanol,2559,2559,2247,옥틸도데칸올,Octyldodecanol,,,official_exact,2557,0.999218,,create_canonical,octyldodecanol,,Y,high,accepted_auto_exact,dominant_name이 KCIA 표준명·영문명·구명칭 중 하나와 exact 일치,2026-06-30,4a523f990553a507c1236c0490bcbb953960861f5da5cddf7ee79b48f5403178
112,ing_pending_867c2524d556,Benzyl Benzoate,2546,2546,522,벤질벤조에이트,Benzyl Benzoate,,,official_exact,2537,0.996465,,create_canonical,benzyl_benzoate,,Y,high,accepted_auto_exact,dominant_name이 KCIA 표준명·영문명·구명칭 중 하나와 exact 일치,2026-06-30,4a523f990553a507c1236c0490bcbb953960861f5da5cddf7ee79b48f5403178
113,ing_pending_e81831a259b4,Isopropyl Alcohol,2536,2536,2537,아이소프로필알코올,Isopropyl Alcohol,이소프로필알코올,Isopropyl Alcohol,official_exact,2536,1.000000,,create_canonical,isopropyl_alcohol,,Y,high,accepted_auto_exact,dominant_name이 KCIA 표준명·영문명·구명칭 중 하나와 exact 일치,2026-06-30,4a523f990553a507c1236c0490bcbb953960861f5da5cddf7ee79b48f5403178
114,ing_pending_21bb768b1c75,Alpha-Isomethyl Ionone,2510,2510,1932,알파-아이소메틸아이오논,Alpha-Isomethyl Ionone,알파-이소메칠이오논,Alpha-Isomethyl Ionone,official_exact,2469,0.983665,,create_canonical,alpha_isomethyl_ionone,,Y,high,accepted_auto_exact,dominant_name이 KCIA 표준명·영문명·구명칭 중 하나와 exact 일치,2026-06-30,4a523f990553a507c1236c0490bcbb953960861f5da5cddf7ee79b48f5403178
115,ing_pending_6d5a45920a15,Water,2505,2505,,,,,,official_exact_ambiguous,0,0.000000,2700|6210|6393|7628,manual_review,,,N,low,candidate_unverified,같은 표기가 둘 이상의 KCIA 성분코드와 일치,2026-06-30,4a523f990553a507c1236c0490bcbb953960861f5da5cddf7ee79b48f5403178
116,ing_pending_28718f9ba88b,펜틸렌글라이콜,2502,2502,3635,펜틸렌글라이콜,Pentylene Glycol,,,official_exact,2502,1.000000,,create_canonical,pentylene_glycol,,Y,high,accepted_auto_exact,dominant_name이 KCIA 표준명·영문명·구명칭 중 하나와 exact 일치,2026-06-30,4a523f990553a507c1236c0490bcbb953960861f5da5cddf7ee79b48f5403178
117,ing_pending_bcf7783e7fe4,Leuconostoc/Radish Root Ferment Filtrate,2501,2501,6,류코노스톡/무발효여과물,Leuconostoc/Radish Root Ferment Filtrate,,,official_exact,2486,0.994002,,create_canonical,leuconostoc_radish_root_ferment_filtrate,,Y,high,accepted_auto_exact,dominant_name이 KCIA 표준명·영문명·구명칭 중 하나와 exact 일치,2026-06-30,4a523f990553a507c1236c0490bcbb953960861f5da5cddf7ee79b48f5403178
118,ing_pending_db2d11603500,Tetrasodium Glutamate Diacetate,2499,2499,5562,테트라소듐글루타메이트다이아세테이트,Tetrasodium Glutamate Diacetate,테트라소듐글루타메이트디아세테이트,Tetrasodium Glutamate Diacetate,official_exact,2493,0.997599,,create_canonical,tetrasodium_glutamate_diacetate,,Y,high,accepted_auto_exact,dominant_name이 KCIA 표준명·영문명·구명칭 중 하나와 exact 일치,2026-06-30,4a523f990553a507c1236c0490bcbb953960861f5da5cddf7ee79b48f5403178
119,ing_pending_0198b489fd8d,Phenyl Trimethicone,2496,2496,3586,페닐트라이메티콘,Phenyl Trimethicone,페닐트리메치콘,Phenyl Trimethicone,official_exact,2496,1.000000,,create_canonical,phenyl_trimethicone,,Y,high,accepted_auto_exact,dominant_name이 KCIA 표준명·영문명·구명칭 중 하나와 exact 일치,2026-06-30,4a523f990553a507c1236c0490bcbb953960861f5da5cddf7ee79b48f5403178
120,ing_pending_ada5ef54ceb8,Cocos Nucifera (Coconut) Oil,2479,2479,3048,코코넛야자오일,Cocos Nucifera (Coconut) Oil,코코넛오일,Cocos Nucifera (Coconut) Oil,official_exact,2463,0.993546,,create_canonical,cocos_nucifera_coconut_oil,,Y,high,accepted_auto_exact,dominant_name이 KCIA 표준명·영문명·구명칭 중 하나와 exact 일치,2026-06-30,4a523f990553a507c1236c0490bcbb953960861f5da5cddf7ee79b48f5403178
121,ing_pending_5a84219bc8f7,Aqua/Eau,2473,2473,,,,,,no_official_exact_match,0,0.000000,,manual_review,,,N,low,candidate_unverified,표준명·영문명·구명칭 exact 일치 없음; 기존 alias도 identity 병합 근거로 사용하지 않음,2026-06-30,4a523f990553a507c1236c0490bcbb953960861f5da5cddf7ee79b48f5403178
122,ing_pending_d12be740a9fc,Aloe Barbadensis Leaf Juice,2434,2434,1837,알로에베라잎즙,Aloe Barbadensis Leaf Juice,,,official_exact,2411,0.990551,,create_canonical,aloe_barbadensis_leaf_juice,,Y,high,accepted_auto_exact,dominant_name이 KCIA 표준명·영문명·구명칭 중 하나와 exact 일치,2026-06-30,4a523f990553a507c1236c0490bcbb953960861f5da5cddf7ee79b48f5403178
123,ing_pending_983a5e44d99f,Alumina,2418,2418,1843,알루미나,Alumina,,,official_exact,2418,1.000000,,create_canonical,alumina,,Y,high,accepted_auto_exact,dominant_name이 KCIA 표준명·영문명·구명칭 중 하나와 exact 일치,2026-06-30,4a523f990553a507c1236c0490bcbb953960861f5da5cddf7ee79b48f5403178
124,ing_pending_6d9f0bff0fd0,다이메티콘,2404,2404,4512,다이메티콘,Dimethicone,디메치콘,Dimethicone,official_exact,2404,1.000000,,merge_existing,dimethicone,,Y,high,accepted_auto_exact,KCIA 성분코드가 기존 canonical 자체 명칭과 일치,2026-06-30,4a523f990553a507c1236c0490bcbb953960861f5da5cddf7ee79b48f5403178
125,ing_pending_b96bd9a1a920,Rosmarinus Officinalis (Rosemary) Leaf Extract,2358,2358,5513,로즈마리잎추출물,Rosmarinus Officinalis (Rosemary) Leaf Extract,,,official_exact,2348,0.995759,,create_canonical,rosmarinus_officinalis_rosemary_leaf_extract,,Y,high,accepted_auto_exact,dominant_name이 KCIA 표준명·영문명·구명칭 중 하나와 exact 일치,2026-06-30,4a523f990553a507c1236c0490bcbb953960861f5da5cddf7ee79b48f5403178
126,ing_pending_c7210c2570cb,세테아릴알코올,2326,2326,974,세테아릴알코올,Cetearyl Alcohol,,,official_exact,2326,1.000000,,create_canonical,cetearyl_alcohol,,Y,high,accepted_auto_exact,dominant_name이 KCIA 표준명·영문명·구명칭 중 하나와 exact 일치,2026-06-30,4a523f990553a507c1236c0490bcbb953960861f5da5cddf7ee79b48f5403178
127,ing_pending_23a87fca7e75,Sodium Lactate,2301,2301,1083,소듐락테이트,Sodium Lactate,,,official_exact,2301,1.000000,,create_canonical,sodium_lactate,,Y,high,accepted_auto_exact,dominant_name이 KCIA 표준명·영문명·구명칭 중 하나와 exact 일치,2026-06-30,4a523f990553a507c1236c0490bcbb953960861f5da5cddf7ee79b48f5403178
128,ing_pending_e0526257c8b2,페녹시에탄올,2279,2279,3579,페녹시에탄올,Phenoxyethanol,,,official_exact,2279,1.000000,,create_canonical,phenoxyethanol,,Y,high,accepted_auto_exact,dominant_name이 KCIA 표준명·영문명·구명칭 중 하나와 exact 일치,2026-06-30,4a523f990553a507c1236c0490bcbb953960861f5da5cddf7ee79b48f5403178
129,ing_pending_95691fa7eb4b,Cyclopentasiloxane,2265,2265,769,사이클로펜타실록세인,Cyclopentasiloxane,사이클로펜타실록산,Cyclopentasiloxane,official_exact,2264,0.999558,,create_canonical,cyclopentasiloxane,,Y,high,accepted_auto_exact,dominant_name이 KCIA 표준명·영문명·구명칭 중 하나와 exact 일치,2026-06-30,4a523f990553a507c1236c0490bcbb953960861f5da5cddf7ee79b48f5403178
130,ing_pending_80e080dcb8e9,Glyceryl Caprylate,2255,2255,1366,글리세릴카프릴레이트,Glyceryl Caprylate,,,official_exact,2253,0.999113,,create_canonical,glyceryl_caprylate,,Y,high,accepted_auto_exact,dominant_name이 KCIA 표준명·영문명·구명칭 중 하나와 exact 일치,2026-06-30,4a523f990553a507c1236c0490bcbb953960861f5da5cddf7ee79b48f5403178
131,ing_pending_3db8a4dedc4c,세라마이드엔피,2254,2254,7186,세라마이드엔피,Ceramide NP,세라마이드3,Ceramide 3,official_exact,2254,1.000000,,create_canonical,ceramide_np,ceramides,Y,high,accepted_auto_exact,dominant_name이 KCIA 표준명·영문명·구명칭 중 하나와 exact 일치,2026-06-30,4a523f990553a507c1236c0490bcbb953960861f5da5cddf7ee79b48f5403178
132,ing_pending_575af12d52b9,ascorbyl palmitate,2206,2206,1729,아스코빌팔미테이트,Ascorbyl Palmitate,,,official_exact,2205,0.999547,,create_canonical,ascorbyl_palmitate,,Y,high,accepted_auto_exact,dominant_name이 KCIA 표준명·영문명·구명칭 중 하나와 exact 일치,2026-06-30,4a523f990553a507c1236c0490bcbb953960861f5da5cddf7ee79b48f5403178
133,ing_pending_3d895bfdba86,Fragrance,2182,2182,,,,,,no_official_exact_match,0,0.000000,,manual_review,,,N,low,candidate_unverified,표준명·영문명·구명칭 exact 일치 없음; 기존 alias도 identity 병합 근거로 사용하지 않음,2026-06-30,4a523f990553a507c1236c0490bcbb953960861f5da5cddf7ee79b48f5403178
134,ing_pending_a593bb51701f,Hydroxyethyl Acrylate/Sodium Acryloyldimethyl Taurate Copolymer,2182,2182,4655,하이드록시에틸아크릴레이트/소듐아크릴로일다이메틸타우 레이트코폴리머,Hydroxyethyl Acrylate/Sodium Acryloyldimethyl Taurate Copolymer,하이드록시에칠아크릴레이트/소듐아크릴로일디메칠타우레 이트코폴리머,Hydroxyethyl Acrylate/Sodium Acryloyldimethyl Taurate Copolymer,official_exact,2171,0.994959,,create_canonical,hydroxyethyl_acrylate_sodium_acryloyldimethyl_taurate_copolymer,,Y,high,accepted_auto_exact,dominant_name이 KCIA 표준명·영문명·구명칭 중 하나와 exact 일치,2026-06-30,4a523f990553a507c1236c0490bcbb953960861f5da5cddf7ee79b48f5403178
135,ing_pending_33186dc437a5,Sorbic Acid,2181,2181,1299,소르빅애씨드,Sorbic Acid,,,official_exact,2181,1.000000,,create_canonical,sorbic_acid,,Y,high,accepted_auto_exact,dominant_name이 KCIA 표준명·영문명·구명칭 중 하나와 exact 일치,2026-06-30,4a523f990553a507c1236c0490bcbb953960861f5da5cddf7ee79b48f5403178
136,ing_pending_b30b3b042ef1,Dehydroacetic Acid,2181,2181,3721,데하이드로아세틱애씨드,Dehydroacetic Acid,,,official_exact,2180,0.999541,,create_canonical,dehydroacetic_acid,,Y,high,accepted_auto_exact,dominant_name이 KCIA 표준명·영문명·구명칭 중 하나와 exact 일치,2026-06-30,4a523f990553a507c1236c0490bcbb953960861f5da5cddf7ee79b48f5403178
137,ing_pending_d7ca89904e50,Coco-Caprylate/Caprate,2176,2176,3069,코코-카프릴레이트/카프레이트,Coco-Caprylate/Caprate,,,official_exact,2124,0.976103,,create_canonical,coco_caprylate_caprate,,Y,high,accepted_auto_exact,dominant_name이 KCIA 표준명·영문명·구명칭 중 하나와 exact 일치,2026-06-30,4a523f990553a507c1236c0490bcbb953960861f5da5cddf7ee79b48f5403178
138,ing_pending_ad12495ab61c,소듐클로라이드,2171,2171,1223,소듐클로라이드,Sodium Chloride,,,official_exact,2171,1.000000,,create_canonical,sodium_chloride,,Y,high,accepted_auto_exact,dominant_name이 KCIA 표준명·영문명·구명칭 중 하나와 exact 일치,2026-06-30,4a523f990553a507c1236c0490bcbb953960861f5da5cddf7ee79b48f5403178
139,ing_pending_950b94ea15fb,PEG-100 Stearate,2157,2157,4282,피이지-100스테아레이트,PEG-100 Stearate,,,official_exact,2136,0.990264,,create_canonical,peg_100_stearate,,Y,high,accepted_auto_exact,dominant_name이 KCIA 표준명·영문명·구명칭 중 하나와 exact 일치,2026-06-30,4a523f990553a507c1236c0490bcbb953960861f5da5cddf7ee79b48f5403178
140,ing_pending_37e7b270e165,Trehalose,2135,2135,3315,트레할로오스,Trehalose,트레할로스,Trehalose,official_exact,2134,0.999532,,create_canonical,trehalose,,Y,high,accepted_auto_exact,dominant_name이 KCIA 표준명·영문명·구명칭 중 하나와 exact 일치,2026-06-30,4a523f990553a507c1236c0490bcbb953960861f5da5cddf7ee79b48f5403178
141,ing_pending_c6e51226ad1b,Betaine,2134,2134,475,베타인,Betaine,,,official_exact,2134,1.000000,,create_canonical,betaine,,Y,high,accepted_auto_exact,dominant_name이 KCIA 표준명·영문명·구명칭 중 하나와 exact 일치,2026-06-30,4a523f990553a507c1236c0490bcbb953960861f5da5cddf7ee79b48f5403178
142,ing_pending_d5a75e7d8737,하이드롤라이즈드하이알루로닉애씨드,2101,2101,5655,하이드롤라이즈드하이알루로닉애씨드,Hydrolyzed Hyaluronic Acid,,,official_exact,2101,1.000000,,create_canonical,hydrolyzed_hyaluronic_acid,hyaluronic_acid,Y,high,accepted_auto_exact,dominant_name이 KCIA 표준명·영문명·구명칭 중 하나와 exact 일치,2026-06-30,4a523f990553a507c1236c0490bcbb953960861f5da5cddf7ee79b48f5403178
143,ing_pending_0710526574d1,Lauroyl Lysine,2092,2092,5363,라우로일라이신,Lauroyl Lysine,,,official_exact,2092,1.000000,,create_canonical,lauroyl_lysine,,Y,high,accepted_auto_exact,dominant_name이 KCIA 표준명·영문명·구명칭 중 하나와 exact 일치,2026-06-30,4a523f990553a507c1236c0490bcbb953960861f5da5cddf7ee79b48f5403178
144,ing_pending_6674deb32ac3,시트로넬올,2076,2076,1530,시트로넬올,Citronellol,,,official_exact,2076,1.000000,,create_canonical,citronellol,,Y,high,accepted_auto_exact,dominant_name이 KCIA 표준명·영문명·구명칭 중 하나와 exact 일치,2026-06-30,4a523f990553a507c1236c0490bcbb953960861f5da5cddf7ee79b48f5403178
145,ing_pending_a6e60bb7f15b,Triethyl Citrate,2065,2065,3381,트라이에틸시트레이트,Triethyl Citrate,트리에칠시트레이트,Triethyl Citrate,official_exact,2062,0.998547,,create_canonical,triethyl_citrate,,Y,high,accepted_auto_exact,dominant_name이 KCIA 표준명·영문명·구명칭 중 하나와 exact 일치,2026-06-30,4a523f990553a507c1236c0490bcbb953960861f5da5cddf7ee79b48f5403178
146,ing_pending_80ac44b6af90,Polymethylsilsesquioxane,2058,2058,3840,폴리메틸실세스퀴옥세인,Polymethylsilsesquioxane,폴리메칠실세스퀴옥산|폴리메틸실세스퀴옥산,Polymethylsilsesquioxane,official_exact,2057,0.999514,,create_canonical,polymethylsilsesquioxane,,Y,high,accepted_auto_exact,dominant_name이 KCIA 표준명·영문명·구명칭 중 하나와 exact 일치,2026-06-30,4a523f990553a507c1236c0490bcbb953960861f5da5cddf7ee79b48f5403178
147,ing_pending_0e9fee75821c,Persea Gratissima (Avocado) Oil,2041,2041,1675,아보카도오일,Persea Gratissima (Avocado) Oil,,,official_exact,2038,0.998530,,create_canonical,persea_gratissima_avocado_oil,,Y,high,accepted_auto_exact,dominant_name이 KCIA 표준명·영문명·구명칭 중 하나와 exact 일치,2026-06-30,4a523f990553a507c1236c0490bcbb953960861f5da5cddf7ee79b48f5403178
148,ing_pending_8f8a4ca7521f,트로메타민,2038,2038,3317,트로메타민,Tromethamine,,,official_exact,2038,1.000000,,create_canonical,tromethamine,,Y,high,accepted_auto_exact,dominant_name이 KCIA 표준명·영문명·구명칭 중 하나와 exact 일치,2026-06-30,4a523f990553a507c1236c0490bcbb953960861f5da5cddf7ee79b48f5403178
149,ing_pending_69bf114a2384,실리카,2031,2031,1548,실리카,Silica,,,official_exact,2031,1.000000,,create_canonical,silica,,Y,high,accepted_auto_exact,dominant_name이 KCIA 표준명·영문명·구명칭 중 하나와 exact 일치,2026-06-30,4a523f990553a507c1236c0490bcbb953960861f5da5cddf7ee79b48f5403178
150,ing_pending_cd088650d1c4,티타늄디옥사이드,2027,2027,3463,티타늄디옥사이드,Titanium Dioxide,,,official_exact,2027,1.000000,,create_canonical,titanium_dioxide,,Y,high,accepted_auto_exact,dominant_name이 KCIA 표준명·영문명·구명칭 중 하나와 exact 일치,2026-06-30,4a523f990553a507c1236c0490bcbb953960861f5da5cddf7ee79b48f5403178
151,ing_pending_e691ae540d09,베타인,2007,2007,475,베타인,Betaine,,,official_exact,2007,1.000000,,create_canonical,betaine,,Y,high,accepted_auto_exact,dominant_name이 KCIA 표준명·영문명·구명칭 중 하나와 exact 일치,2026-06-30,4a523f990553a507c1236c0490bcbb953960861f5da5cddf7ee79b48f5403178
152,ing_pending_9f9d4c1d7b0e,Stearyl Alcohol,2006,2006,1474,스테아릴알코올,Stearyl Alcohol,,,official_exact,2005,0.999501,,create_canonical,stearyl_alcohol,,Y,high,accepted_auto_exact,dominant_name이 KCIA 표준명·영문명·구명칭 중 하나와 exact 일치,2026-06-30,4a523f990553a507c1236c0490bcbb953960861f5da5cddf7ee79b48f5403178
153,ing_pending_52123d306d3f,제라니올,2002,2002,2704,제라니올,Geraniol,,,official_exact,2002,1.000000,,create_canonical,geraniol,,Y,high,accepted_auto_exact,dominant_name이 KCIA 표준명·영문명·구명칭 중 하나와 exact 일치,2026-06-30,4a523f990553a507c1236c0490bcbb953960861f5da5cddf7ee79b48f5403178
154,ing_pending_911fa512be10,Cocamidopropyl Betaine,2001,2001,3035,코카미도프로필베타인,Cocamidopropyl Betaine,,,official_exact,2000,0.999500,,create_canonical,cocamidopropyl_betaine,,Y,high,accepted_auto_exact,dominant_name이 KCIA 표준명·영문명·구명칭 중 하나와 exact 일치,2026-06-30,4a523f990553a507c1236c0490bcbb953960861f5da5cddf7ee79b48f5403178
155,ing_pending_13dde91a4fb0,Diisostearyl Malate,1952,1952,5205,다이아이소스테아릴말레이트,Diisostearyl Malate,디이소스테아릴말레이트,Diisostearyl Malate,official_exact,1952,1.000000,,create_canonical,diisostearyl_malate,,Y,high,accepted_auto_exact,dominant_name이 KCIA 표준명·영문명·구명칭 중 하나와 exact 일치,2026-06-30,4a523f990553a507c1236c0490bcbb953960861f5da5cddf7ee79b48f5403178
156,ing_pending_5095905a7c45,알지닌,1946,1946,1883,알지닌,Arginine,,,official_exact,1946,1.000000,,create_canonical,arginine,,Y,high,accepted_auto_exact,dominant_name이 KCIA 표준명·영문명·구명칭 중 하나와 exact 일치,2026-06-30,4a523f990553a507c1236c0490bcbb953960861f5da5cddf7ee79b48f5403178
157,ing_pending_a834343f6dac,하이드록시아세토페논,1905,1905,8418,하이드록시아세토페논,Hydroxyacetophenone,,,official_exact,1905,1.000000,,create_canonical,hydroxyacetophenone,,Y,high,accepted_auto_exact,dominant_name이 KCIA 표준명·영문명·구명칭 중 하나와 exact 일치,2026-06-30,4a523f990553a507c1236c0490bcbb953960861f5da5cddf7ee79b48f5403178
158,ing_pending_ae9fa1bd4d57,병풀추출물,1853,1853,540,병풀추출물,Centella Asiatica Extract,,,official_exact,1853,1.000000,,create_canonical,centella_asiatica_extract,centella_asiatica,Y,high,accepted_auto_exact,dominant_name이 KCIA 표준명·영문명·구명칭 중 하나와 exact 일치,2026-06-30,4a523f990553a507c1236c0490bcbb953960861f5da5cddf7ee79b48f5403178
159,ing_pending_c6d0f7cd5633,Dimethicone Crosspolymer,1847,1847,4687,다이메티콘크로스폴리머,Dimethicone Crosspolymer,디메치콘크로스폴리머,Dimethicone Crosspolymer,official_exact,1847,1.000000,,create_canonical,dimethicone_crosspolymer,,Y,high,accepted_auto_exact,dominant_name이 KCIA 표준명·영문명·구명칭 중 하나와 exact 일치,2026-06-30,4a523f990553a507c1236c0490bcbb953960861f5da5cddf7ee79b48f5403178
160,ing_pending_8e5e6501448c,스테아릭애씨드,1846,1846,1465,스테아릭애씨드,Stearic Acid,,,official_exact,1846,1.000000,,create_canonical,stearic_acid,cholesterol_fatty_acids,Y,high,accepted_auto_exact,dominant_name이 KCIA 표준명·영문명·구명칭 중 하나와 exact 일치,2026-06-30,4a523f990553a507c1236c0490bcbb953960861f5da5cddf7ee79b48f5403178
161,ing_pending_298045b9e95a,아크릴레이트/C10-30알킬아크릴레이트크로스폴리머,1838,1838,1778,아크릴레이트/C10-30알킬아크릴레이트크로스폴리머,Acrylates/C10-30 Alkyl Acrylate Crosspolymer,,,official_exact,1834,0.997824,,create_canonical,acrylates_c10_30_alkyl_acrylate_crosspolymer,,Y,high,accepted_auto_exact,dominant_name이 KCIA 표준명·영문명·구명칭 중 하나와 exact 일치,2026-06-30,4a523f990553a507c1236c0490bcbb953960861f5da5cddf7ee79b48f5403178
162,ing_pending_29cda6eae5eb,Tetrasodium EDTA,1836,1836,3269,테트라소듐이디티에이,Tetrasodium EDTA,,,official_exact,1836,1.000000,,create_canonical,tetrasodium_edta,,Y,high,accepted_auto_exact,dominant_name이 KCIA 표준명·영문명·구명칭 중 하나와 exact 일치,2026-06-30,4a523f990553a507c1236c0490bcbb953960861f5da5cddf7ee79b48f5403178
163,ing_pending_b2640c4d2718,PEG-40 Hydrogenated Castor Oil,1831,1831,4406,피이지-40하이드로제네이티드캐스터오일,PEG-40 Hydrogenated Castor Oil,,,official_exact,1829,0.998908,,create_canonical,peg_40_hydrogenated_castor_oil,,Y,high,accepted_auto_exact,dominant_name이 KCIA 표준명·영문명·구명칭 중 하나와 exact 일치,2026-06-30,4a523f990553a507c1236c0490bcbb953960861f5da5cddf7ee79b48f5403178
164,ing_pending_bc33e8ef1269,Kaolin,1825,1825,2892,카올린,Kaolin,,,official_exact,1823,0.998904,,create_canonical,kaolin,,Y,high,accepted_auto_exact,dominant_name이 KCIA 표준명·영문명·구명칭 중 하나와 exact 일치,2026-06-30,4a523f990553a507c1236c0490bcbb953960861f5da5cddf7ee79b48f5403178
165,ing_pending_ad9b61ff1f3c,Yellow 5 Lake (Ci 19140)],1762,1762,,,,,,no_official_exact_match,0,0.000000,,manual_review,,,N,low,candidate_unverified,표준명·영문명·구명칭 exact 일치 없음; 기존 alias도 identity 병합 근거로 사용하지 않음,2026-06-30,4a523f990553a507c1236c0490bcbb953960861f5da5cddf7ee79b48f5403178
166,ing_pending_2a70c7167edc,하이알루로닉애씨드,1757,1757,4822,하이알루로닉애씨드,Hyaluronic Acid,,,official_exact,1757,1.000000,,merge_existing,hyaluronic_acid,,Y,high,accepted_auto_exact,KCIA 성분코드가 기존 canonical 자체 명칭과 일치,2026-06-30,4a523f990553a507c1236c0490bcbb953960861f5da5cddf7ee79b48f5403178
167,ing_pending_f57a094087d4,Jojoba Esters,1743,1743,4940,호호바에스터,Jojoba Esters,,,official_exact,1743,1.000000,,create_canonical,jojoba_esters,,Y,high,accepted_auto_exact,dominant_name이 KCIA 표준명·영문명·구명칭 중 하나와 exact 일치,2026-06-30,4a523f990553a507c1236c0490bcbb953960861f5da5cddf7ee79b48f5403178
168,ing_pending_7c735e014708,Polysilicone-11,1732,1732,3867,폴리실리콘-11,Polysilicone-11,,,official_exact,1729,0.998268,,create_canonical,polysilicone_11,,Y,high,accepted_auto_exact,dominant_name이 KCIA 표준명·영문명·구명칭 중 하나와 exact 일치,2026-06-30,4a523f990553a507c1236c0490bcbb953960861f5da5cddf7ee79b48f5403178
169,ing_pending_75ae2876c8ab,CI 77491 (Iron Oxides),1727,1727,,,,,,no_official_exact_match,0,0.000000,,manual_review,,,N,low,candidate_unverified,표준명·영문명·구명칭 exact 일치 없음; 기존 alias도 identity 병합 근거로 사용하지 않음,2026-06-30,4a523f990553a507c1236c0490bcbb953960861f5da5cddf7ee79b48f5403178
170,ing_pending_9b3dde2db021,Isohexadecane,1711,1711,2547,아이소헥사데칸,Isohexadecane,이소헥사데칸,Isohexadecane,official_exact,1710,0.999416,,create_canonical,isohexadecane,,Y,high,accepted_auto_exact,dominant_name이 KCIA 표준명·영문명·구명칭 중 하나와 exact 일치,2026-06-30,4a523f990553a507c1236c0490bcbb953960861f5da5cddf7ee79b48f5403178
171,ing_pending_37a112f48957,Glycine,1706,1706,483,글라이신,Glycine,,,official_exact,1703,0.998242,,create_canonical,glycine,,Y,high,accepted_auto_exact,dominant_name이 KCIA 표준명·영문명·구명칭 중 하나와 exact 일치,2026-06-30,4a523f990553a507c1236c0490bcbb953960861f5da5cddf7ee79b48f5403178
172,ing_pending_9756b620eb4d,Olea Europaea (Olive) Fruit Oil,1704,1704,2302,올리브오일,Olea Europaea (Olive) Fruit Oil,,,official_exact,1698,0.996479,,create_canonical,olea_europaea_olive_fruit_oil,,Y,high,accepted_auto_exact,dominant_name이 KCIA 표준명·영문명·구명칭 중 하나와 exact 일치,2026-06-30,4a523f990553a507c1236c0490bcbb953960861f5da5cddf7ee79b48f5403178
173,ing_pending_1763186b3e55,Synthetic Wax,1700,1700,4831,합성왁스,Synthetic Wax,,,official_exact,1700,1.000000,,create_canonical,synthetic_wax,,Y,high,accepted_auto_exact,dominant_name이 KCIA 표준명·영문명·구명칭 중 하나와 exact 일치,2026-06-30,4a523f990553a507c1236c0490bcbb953960861f5da5cddf7ee79b48f5403178
174,ing_pending_c1da3bf156d0,Amodimethicone,1682,1682,1649,아모다이메티콘,Amodimethicone,아모디메치콘,Amodimethicone,official_exact,1682,1.000000,,create_canonical,amodimethicone,,Y,high,accepted_auto_exact,dominant_name이 KCIA 표준명·영문명·구명칭 중 하나와 exact 일치,2026-06-30,4a523f990553a507c1236c0490bcbb953960861f5da5cddf7ee79b48f5403178
175,ing_pending_ba742831f8c7,글리세릴스테아레이트,1676,1676,7644,글리세릴스테아레이트,Glyceryl Stearate,,,official_exact,1676,1.000000,,create_canonical,glyceryl_stearate,,Y,high,accepted_auto_exact,dominant_name이 KCIA 표준명·영문명·구명칭 중 하나와 exact 일치,2026-06-30,4a523f990553a507c1236c0490bcbb953960861f5da5cddf7ee79b48f5403178
176,ing_pending_43271841a63c,Sorbitol,1650,1650,1297,솔비톨,Sorbitol,소르비톨,Sorbitol,official_exact,1648,0.998788,,create_canonical,sorbitol,,Y,high,accepted_auto_exact,dominant_name이 KCIA 표준명·영문명·구명칭 중 하나와 exact 일치,2026-06-30,4a523f990553a507c1236c0490bcbb953960861f5da5cddf7ee79b48f5403178
177,ing_pending_5b7e96fdaa6e,Hydrogenated Polyisobutene,1649,1649,4617,하이드로제네이티드폴리아이소부텐,Hydrogenated Polyisobutene,하이드로제네이티드폴리이소부텐,Hydrogenated Polyisobutene,official_exact,1649,1.000000,,create_canonical,hydrogenated_polyisobutene,,Y,high,accepted_auto_exact,dominant_name이 KCIA 표준명·영문명·구명칭 중 하나와 exact 일치,2026-06-30,4a523f990553a507c1236c0490bcbb953960861f5da5cddf7ee79b48f5403178
178,ing_pending_93677103aefd,적색산화철,1633,1633,2694,적색산화철,Iron Oxide Red,,,official_exact,1633,1.000000,,create_canonical,iron_oxide_red,,Y,high,accepted_auto_exact,dominant_name이 KCIA 표준명·영문명·구명칭 중 하나와 exact 일치,2026-06-30,4a523f990553a507c1236c0490bcbb953960861f5da5cddf7ee79b48f5403178
179,ing_pending_a0d9afc2caa9,C12-15 alkyl benzoate,1628,1628,1917,C12-15알킬벤조에이트,C12-15 Alkyl Benzoate,,,official_exact,1626,0.998771,,create_canonical,c12_15_alkyl_benzoate,,Y,high,accepted_auto_exact,dominant_name이 KCIA 표준명·영문명·구명칭 중 하나와 exact 일치,2026-06-30,4a523f990553a507c1236c0490bcbb953960861f5da5cddf7ee79b48f5403178
180,ing_pending_5956f31a1799,Ricinus Communis (Castor) Seed Oil,1619,1619,4058,피마자씨오일,Ricinus Communis (Castor) Seed Oil,피마자오일,Ricinus Communis (Castor) Seed Oil,official_exact,1610,0.994441,,create_canonical,ricinus_communis_castor_seed_oil,,Y,high,accepted_auto_exact,dominant_name이 KCIA 표준명·영문명·구명칭 중 하나와 exact 일치,2026-06-30,4a523f990553a507c1236c0490bcbb953960861f5da5cddf7ee79b48f5403178
181,ing_pending_dd6a009370a5,Red 7 Lake (Ci 15850),1611,1611,,,,,,no_official_exact_match,0,0.000000,,manual_review,,,N,low,candidate_unverified,표준명·영문명·구명칭 exact 일치 없음; 기존 alias도 identity 병합 근거로 사용하지 않음,2026-06-30,4a523f990553a507c1236c0490bcbb953960861f5da5cddf7ee79b48f5403178
182,ing_pending_12e8f530c8cb,Sorbitan Olivate,1610,1610,1290,솔비탄올리베이트,Sorbitan Olivate,소르비탄올리베이트,Sorbitan Olivate,official_exact,1606,0.997516,,create_canonical,sorbitan_olivate,,Y,high,accepted_auto_exact,dominant_name이 KCIA 표준명·영문명·구명칭 중 하나와 exact 일치,2026-06-30,4a523f990553a507c1236c0490bcbb953960861f5da5cddf7ee79b48f5403178
183,ing_pending_ead362c6626e,Tromethamine,1603,1603,3317,트로메타민,Tromethamine,,,official_exact,1603,1.000000,,create_canonical,tromethamine,,Y,high,accepted_auto_exact,dominant_name이 KCIA 표준명·영문명·구명칭 중 하나와 exact 일치,2026-06-30,4a523f990553a507c1236c0490bcbb953960861f5da5cddf7ee79b48f5403178
184,ing_pending_d97d3be62159,Disodium Stearoyl Glutamate,1601,1601,5112,다이소듐스테아로일글루타메이트,Disodium Stearoyl Glutamate,디소듐스테아로일글루타메이트,Disodium Stearoyl Glutamate,official_exact,1601,1.000000,,create_canonical,disodium_stearoyl_glutamate,,Y,high,accepted_auto_exact,dominant_name이 KCIA 표준명·영문명·구명칭 중 하나와 exact 일치,2026-06-30,4a523f990553a507c1236c0490bcbb953960861f5da5cddf7ee79b48f5403178
185,ing_pending_3acd90f4e492,시어버터,1600,1600,1356,시어버터,Butyrospermum Parkii (Shea) Butter,쉐어버터,Butyrospermum Parkii (Shea) Butter,official_exact,1600,1.000000,,create_canonical,butyrospermum_parkii_shea_butter,,Y,high,accepted_auto_exact,dominant_name이 KCIA 표준명·영문명·구명칭 중 하나와 exact 일치,2026-06-30,4a523f990553a507c1236c0490bcbb953960861f5da5cddf7ee79b48f5403178
186,ing_pending_a8db91c092c2,Decyl Glucoside,1600,1600,3589,데실글루코사이드,Decyl Glucoside,,,official_exact,1597,0.998125,,create_canonical,decyl_glucoside,,Y,high,accepted_auto_exact,dominant_name이 KCIA 표준명·영문명·구명칭 중 하나와 exact 일치,2026-06-30,4a523f990553a507c1236c0490bcbb953960861f5da5cddf7ee79b48f5403178
187,ing_pending_377b4dfa71b4,토코페릴아세테이트,1597,1597,3293,토코페릴아세테이트,Tocopheryl Acetate,,,official_exact,1597,1.000000,,create_canonical,tocopheryl_acetate,,Y,high,accepted_auto_exact,dominant_name이 KCIA 표준명·영문명·구명칭 중 하나와 exact 일치,2026-06-30,4a523f990553a507c1236c0490bcbb953960861f5da5cddf7ee79b48f5403178
188,ing_pending_7f8c9f572a0f,Polyquaternium-7,1589,1589,3919,폴리쿼터늄-7,Polyquaternium-7,,,official_exact,1587,0.998741,,create_canonical,polyquaternium_7,,Y,high,accepted_auto_exact,dominant_name이 KCIA 표준명·영문명·구명칭 중 하나와 exact 일치,2026-06-30,4a523f990553a507c1236c0490bcbb953960861f5da5cddf7ee79b48f5403178
189,ing_pending_4409f4404d82,Serine,1585,1585,917,세린,Serine,,,official_exact,1582,0.998107,,create_canonical,serine,,Y,high,accepted_auto_exact,dominant_name이 KCIA 표준명·영문명·구명칭 중 하나와 exact 일치,2026-06-30,4a523f990553a507c1236c0490bcbb953960861f5da5cddf7ee79b48f5403178
190,ing_pending_68feae9157df,글리세릴카프릴레이트,1582,1582,1366,글리세릴카프릴레이트,Glyceryl Caprylate,,,official_exact,1582,1.000000,,create_canonical,glyceryl_caprylate,,Y,high,accepted_auto_exact,dominant_name이 KCIA 표준명·영문명·구명칭 중 하나와 exact 일치,2026-06-30,4a523f990553a507c1236c0490bcbb953960861f5da5cddf7ee79b48f5403178
191,ing_pending_d205626de0ae,Polyglyceryl-4 Isostearate,1582,1582,3794,폴리글리세릴-4아이소스테아레이트,Polyglyceryl-4 Isostearate,폴리글리세릴-4이소스테아레이트,Polyglyceryl-4 Isostearate,official_exact,1581,0.999368,,create_canonical,polyglyceryl_4_isostearate,,Y,high,accepted_auto_exact,dominant_name이 KCIA 표준명·영문명·구명칭 중 하나와 exact 일치,2026-06-30,4a523f990553a507c1236c0490bcbb953960861f5da5cddf7ee79b48f5403178
192,ing_pending_2a4fd6e4c893,Water/Aqua/Eau,1576,1576,,,,,,no_official_exact_match,0,0.000000,,manual_review,,,N,low,candidate_unverified,표준명·영문명·구명칭 exact 일치 없음; 기존 alias도 identity 병합 근거로 사용하지 않음,2026-06-30,4a523f990553a507c1236c0490bcbb953960861f5da5cddf7ee79b48f5403178
193,ing_pending_33a4ca2fd739,Behenyl Alcohol,1556,1556,491,베헤닐알코올,Behenyl Alcohol,,,official_exact,1554,0.998715,,create_canonical,behenyl_alcohol,,Y,high,accepted_auto_exact,dominant_name이 KCIA 표준명·영문명·구명칭 중 하나와 exact 일치,2026-06-30,4a523f990553a507c1236c0490bcbb953960861f5da5cddf7ee79b48f5403178
194,ing_pending_3eb6b7ba80a5,Linalyl Acetate,1556,1556,10,리날릴아세테이트,Linalyl Acetate,,,official_exact,1556,1.000000,,create_canonical,linalyl_acetate,,Y,high,accepted_auto_exact,dominant_name이 KCIA 표준명·영문명·구명칭 중 하나와 exact 일치,2026-06-30,4a523f990553a507c1236c0490bcbb953960861f5da5cddf7ee79b48f5403178
195,ing_pending_bf84638c864b,Glycine Soja (Soybean) Oil,1553,1553,3126,돌콩오일,Glycine Soja (Soybean) Oil,콩오일,Glycine Soja (Soybean) Oil,official_exact,1544,0.994205,,create_canonical,glycine_soja_soybean_oil,,Y,high,accepted_auto_exact,dominant_name이 KCIA 표준명·영문명·구명칭 중 하나와 exact 일치,2026-06-30,4a523f990553a507c1236c0490bcbb953960861f5da5cddf7ee79b48f5403178
196,ing_pending_c796a4423979,알루미늄하이드록사이드,1549,1549,1872,알루미늄하이드록사이드,Aluminum Hydroxide,,,official_exact,1549,1.000000,,create_canonical,aluminum_hydroxide,,Y,high,accepted_auto_exact,dominant_name이 KCIA 표준명·영문명·구명칭 중 하나와 exact 일치,2026-06-30,4a523f990553a507c1236c0490bcbb953960861f5da5cddf7ee79b48f5403178
197,ing_pending_b409f0f52062,Lactobacillus Ferment,1533,1533,5433,락토바실러스발효물,Lactobacillus Ferment,,,official_exact,1527,0.996086,,create_canonical,lactobacillus_ferment,,Y,high,accepted_auto_exact,dominant_name이 KCIA 표준명·영문명·구명칭 중 하나와 exact 일치,2026-06-30,4a523f990553a507c1236c0490bcbb953960861f5da5cddf7ee79b48f5403178
198,ing_pending_1a8f4a641dbc,시트랄,1518,1518,1523,시트랄,Citral,,,official_exact,1518,1.000000,,create_canonical,citral,,Y,high,accepted_auto_exact,dominant_name이 KCIA 표준명·영문명·구명칭 중 하나와 exact 일치,2026-06-30,4a523f990553a507c1236c0490bcbb953960861f5da5cddf7ee79b48f5403178
199,ing_pending_430700274a39,Isopropyl Myristate,1517,1517,2533,아이소프로필미리스테이트,Isopropyl Myristate,이소프로필미리스테이트,Isopropyl Myristate,official_exact,1517,1.000000,,create_canonical,isopropyl_myristate,,Y,high,accepted_auto_exact,dominant_name이 KCIA 표준명·영문명·구명칭 중 하나와 exact 일치,2026-06-30,4a523f990553a507c1236c0490bcbb953960861f5da5cddf7ee79b48f5403178
200,ing_pending_e9a15eae3617,Titanium Dioxide,1508,1508,3463,티타늄디옥사이드,Titanium Dioxide,,,official_exact,1507,0.999337,,create_canonical,titanium_dioxide,,Y,high,accepted_auto_exact,dominant_name이 KCIA 표준명·영문명·구명칭 중 하나와 exact 일치,2026-06-30,4a523f990553a507c1236c0490bcbb953960861f5da5cddf7ee79b48f5403178
201,ing_pending_69dacf5b9865,Sorbitan Oleate,1507,1507,1291,솔비탄올리에이트,Sorbitan Oleate,소르비탄올리에이트,Sorbitan Oleate,official_exact,1507,1.000000,,create_canonical,sorbitan_oleate,,Y,high,accepted_auto_exact,dominant_name이 KCIA 표준명·영문명·구명칭 중 하나와 exact 일치,2026-06-30,4a523f990553a507c1236c0490bcbb953960861f5da5cddf7ee79b48f5403178
202,ing_pending_702c76cc939c,해바라기씨오일,1507,1507,4840,해바라기씨오일,Helianthus Annuus (Sunflower) Seed Oil,,,official_exact,1507,1.000000,,create_canonical,helianthus_annuus_sunflower_seed_oil,,Y,high,accepted_auto_exact,dominant_name이 KCIA 표준명·영문명·구명칭 중 하나와 exact 일치,2026-06-30,4a523f990553a507c1236c0490bcbb953960861f5da5cddf7ee79b48f5403178
203,ing_pending_96e7f7016a50,"1,2-헥산다이올",1500,1500,4877,"1,2-헥산다이올","1,2-Hexanediol","1,2-헥산디올","1,2-Hexanediol",official_exact,1500,1.000000,,create_canonical,1_2_hexanediol,,Y,high,accepted_auto_exact,dominant_name이 KCIA 표준명·영문명·구명칭 중 하나와 exact 일치,2026-06-30,4a523f990553a507c1236c0490bcbb953960861f5da5cddf7ee79b48f5403178
204,ing_pending_c9ff27ecf97e,Dimethiconol,1496,1496,4590,다이메티콘올,Dimethiconol,디메치콘올,Dimethiconol,official_exact,1496,1.000000,,create_canonical,dimethiconol,,Y,high,accepted_auto_exact,dominant_name이 KCIA 표준명·영문명·구명칭 중 하나와 exact 일치,2026-06-30,4a523f990553a507c1236c0490bcbb953960861f5da5cddf7ee79b48f5403178
205,ing_pending_9d9b91f2ae7b,Isononyl Isononanoate,1485,1485,2437,아이소노닐아이소노나노에이트,Isononyl Isononanoate,이소노닐이소노나노에이트,Isononyl Isononanoate,official_exact,1485,1.000000,,create_canonical,isononyl_isononanoate,,Y,high,accepted_auto_exact,dominant_name이 KCIA 표준명·영문명·구명칭 중 하나와 exact 일치,2026-06-30,4a523f990553a507c1236c0490bcbb953960861f5da5cddf7ee79b48f5403178
206,ing_pending_9e5c19428312,정제수,1481,1481,2700,정제수,Water,,,official_exact,1481,1.000000,,create_canonical,water,,Y,high,accepted_auto_exact,dominant_name이 KCIA 표준명·영문명·구명칭 중 하나와 exact 일치,2026-06-30,4a523f990553a507c1236c0490bcbb953960861f5da5cddf7ee79b48f5403178
207,ing_pending_bd18f05971a8,Argania Spinosa Kernel Oil,1468,1468,1641,아르간커넬오일,Argania Spinosa Kernel Oil,아르간트리커넬오일,Argania Spinosa Kernel Oil,official_exact,1465,0.997956,,create_canonical,argania_spinosa_kernel_oil,,Y,high,accepted_auto_exact,dominant_name이 KCIA 표준명·영문명·구명칭 중 하나와 exact 일치,2026-06-30,4a523f990553a507c1236c0490bcbb953960861f5da5cddf7ee79b48f5403178
208,ing_pending_00883b68c2d3,트라이에톡시카프릴릴실레인,1466,1466,3389,트라이에톡시카프릴릴실레인,Triethoxycaprylylsilane,트리에톡시카프릴릴실란,Triethoxycaprylylsilane,official_exact,1466,1.000000,,create_canonical,triethoxycaprylylsilane,,Y,high,accepted_auto_exact,dominant_name이 KCIA 표준명·영문명·구명칭 중 하나와 exact 일치,2026-06-30,4a523f990553a507c1236c0490bcbb953960861f5da5cddf7ee79b48f5403178
209,ing_pending_6a0fe7959508,황색산화철,1463,1463,4985,황색산화철,Iron Oxide Yellow,,,official_exact,1463,1.000000,,create_canonical,iron_oxide_yellow,,Y,high,accepted_auto_exact,dominant_name이 KCIA 표준명·영문명·구명칭 중 하나와 exact 일치,2026-06-30,4a523f990553a507c1236c0490bcbb953960861f5da5cddf7ee79b48f5403178
210,ing_pending_7636a01d73a8,Ci 77492/Iron Oxides,1451,1451,,,,,,no_official_exact_match,0,0.000000,,manual_review,,,N,low,candidate_unverified,표준명·영문명·구명칭 exact 일치 없음; 기존 alias도 identity 병합 근거로 사용하지 않음,2026-06-30,4a523f990553a507c1236c0490bcbb953960861f5da5cddf7ee79b48f5403178
211,ing_pending_395eba99526f,Blue 1 Lake (Ci 42090),1448,1448,,,,,,no_official_exact_match,0,0.000000,,manual_review,,,N,low,candidate_unverified,표준명·영문명·구명칭 exact 일치 없음; 기존 alias도 identity 병합 근거로 사용하지 않음,2026-06-30,4a523f990553a507c1236c0490bcbb953960861f5da5cddf7ee79b48f5403178
212,ing_pending_e81659c0fbf4,변성알코올,1444,1444,532,변성알코올,Alcohol Denat.,,,official_exact,1444,1.000000,,create_canonical,alcohol_denat,,Y,high,accepted_auto_exact,dominant_name이 KCIA 표준명·영문명·구명칭 중 하나와 exact 일치,2026-06-30,4a523f990553a507c1236c0490bcbb953960861f5da5cddf7ee79b48f5403178
213,ing_pending_74315e9689ef,Chamomilla Recutita (Matricaria) Flower Extract,1441,1441,,,,,,official_exact_ambiguous,0,0.000000,2985|18369,manual_review,,,N,low,candidate_unverified,같은 표기가 둘 이상의 KCIA 성분코드와 일치,2026-06-30,4a523f990553a507c1236c0490bcbb953960861f5da5cddf7ee79b48f5403178
214,ing_pending_ba8584f61257,Aminomethyl Propanol,1439,1439,1653,아미노메틸프로판올,Aminomethyl Propanol,아미노메칠프로판올,Aminomethyl Propanol,official_exact,1438,0.999305,,create_canonical,aminomethyl_propanol,,Y,high,accepted_auto_exact,dominant_name이 KCIA 표준명·영문명·구명칭 중 하나와 exact 일치,2026-06-30,4a523f990553a507c1236c0490bcbb953960861f5da5cddf7ee79b48f5403178
215,ing_pending_c0c614bcb431,Polyquaternium-10,1424,1424,3922,폴리쿼터늄-10,Polyquaternium-10,,,official_exact,1424,1.000000,,create_canonical,polyquaternium_10,,Y,high,accepted_auto_exact,dominant_name이 KCIA 표준명·영문명·구명칭 중 하나와 exact 일치,2026-06-30,4a523f990553a507c1236c0490bcbb953960861f5da5cddf7ee79b48f5403178
216,ing_pending_83576d52915b,소듐벤조에이트,1418,1418,1116,소듐벤조에이트,Sodium Benzoate,,,official_exact,1418,1.000000,,create_canonical,sodium_benzoate,,Y,high,accepted_auto_exact,dominant_name이 KCIA 표준명·영문명·구명칭 중 하나와 exact 일치,2026-06-30,4a523f990553a507c1236c0490bcbb953960861f5da5cddf7ee79b48f5403178
217,ing_pending_1e416583864f,소듐하이알루로네이트크로스폴리머,1413,1413,1268,소듐하이알루로네이트크로스폴리머,Sodium Hyaluronate Crosspolymer,,,official_exact,1413,1.000000,,create_canonical,sodium_hyaluronate_crosspolymer,hyaluronic_acid,Y,high,accepted_auto_exact,dominant_name이 KCIA 표준명·영문명·구명칭 중 하나와 exact 일치,2026-06-30,4a523f990553a507c1236c0490bcbb953960861f5da5cddf7ee79b48f5403178
218,ing_pending_847570a0c68d,흑색산화철,1413,1413,5040,흑색산화철,Iron Oxide Black,,,official_exact,1413,1.000000,,create_canonical,iron_oxide_black,,Y,high,accepted_auto_exact,dominant_name이 KCIA 표준명·영문명·구명칭 중 하나와 exact 일치,2026-06-30,4a523f990553a507c1236c0490bcbb953960861f5da5cddf7ee79b48f5403178
219,ing_pending_0ddb4f49c3d8,Boron Nitride,1410,1410,541,보론나이트라이드,Boron Nitride,,,official_exact,1410,1.000000,,create_canonical,boron_nitride,,Y,high,accepted_auto_exact,dominant_name이 KCIA 표준명·영문명·구명칭 중 하나와 exact 일치,2026-06-30,4a523f990553a507c1236c0490bcbb953960861f5da5cddf7ee79b48f5403178
220,ing_pending_2b75ee0ce419,Ammonium Acryloyldimethyltaurate/VP Copolymer,1406,1406,1947,암모늄아크릴로일다이메틸타우레이트/브이피코폴리머,Ammonium Acryloyldimethyltaurate/VP Copolymer,암모늄아크릴로일디메칠타우레이트/브이피코폴리머,Ammonium Acryloyldimethyltaurate/VP Copolymer,official_exact,1394,0.991465,,create_canonical,ammonium_acryloyldimethyltaurate_vp_copolymer,,Y,high,accepted_auto_exact,dominant_name이 KCIA 표준명·영문명·구명칭 중 하나와 exact 일치,2026-06-30,4a523f990553a507c1236c0490bcbb953960861f5da5cddf7ee79b48f5403178
221,ing_pending_3cc666e7f69a,Coco-Glucoside,1402,1402,3041,코코-글루코사이드,Coco-Glucoside,,,official_exact,1362,0.971469,,create_canonical,coco_glucoside,,Y,high,accepted_auto_exact,dominant_name이 KCIA 표준명·영문명·구명칭 중 하나와 exact 일치,2026-06-30,4a523f990553a507c1236c0490bcbb953960861f5da5cddf7ee79b48f5403178
222,ing_pending_75e9583c09c0,Disodium Phosphate,1391,1391,5133,다이소듐포스페이트,Disodium Phosphate,디소듐포스페이트,Disodium Phosphate,official_exact,1391,1.000000,,create_canonical,disodium_phosphate,,Y,high,accepted_auto_exact,dominant_name이 KCIA 표준명·영문명·구명칭 중 하나와 exact 일치,2026-06-30,4a523f990553a507c1236c0490bcbb953960861f5da5cddf7ee79b48f5403178
223,ing_pending_ebc5f3c976a0,Acrylates Copolymer,1390,1390,1787,아크릴레이트코폴리머,Acrylates Copolymer,,,official_exact,1388,0.998561,,create_canonical,acrylates_copolymer,,Y,high,accepted_auto_exact,dominant_name이 KCIA 표준명·영문명·구명칭 중 하나와 exact 일치,2026-06-30,4a523f990553a507c1236c0490bcbb953960861f5da5cddf7ee79b48f5403178
224,ing_pending_8bab75ec543d,헥실신남알,1389,1389,4893,헥실신남알,Hexyl Cinnamal,헥실신나몰,Hexyl Cinnamal,official_exact,1389,1.000000,,create_canonical,hexyl_cinnamal,,Y,high,accepted_auto_exact,dominant_name이 KCIA 표준명·영문명·구명칭 중 하나와 exact 일치,2026-06-30,4a523f990553a507c1236c0490bcbb953960861f5da5cddf7ee79b48f5403178
225,ing_pending_67a8e94a06e6,부틸렌글라이콜,1388,1388,586,부틸렌글라이콜,Butylene Glycol,,,official_exact,1388,1.000000,,create_canonical,butylene_glycol,,Y,high,accepted_auto_exact,dominant_name이 KCIA 표준명·영문명·구명칭 중 하나와 exact 일치,2026-06-30,4a523f990553a507c1236c0490bcbb953960861f5da5cddf7ee79b48f5403178
226,ing_pending_641fdabdc956,Biotin,1387,1387,407,바이오틴,Biotin,,,official_exact,1387,1.000000,,create_canonical,biotin,,Y,high,accepted_auto_exact,dominant_name이 KCIA 표준명·영문명·구명칭 중 하나와 exact 일치,2026-06-30,4a523f990553a507c1236c0490bcbb953960861f5da5cddf7ee79b48f5403178
227,ing_pending_bb08ccaeca30,Glycyrrhiza Glabra (Licorice) Root Extract,1377,1377,,,,,,official_exact_ambiguous,0,0.000000,2289|18359|18405,manual_review,,,N,low,candidate_unverified,같은 표기가 둘 이상의 KCIA 성분코드와 일치,2026-06-30,4a523f990553a507c1236c0490bcbb953960861f5da5cddf7ee79b48f5403178
228,ing_pending_9129859b9ac1,Sodium Stearoyl Glutamate,1376,1376,1139,소듐스테아로일글루타메이트,Sodium Stearoyl Glutamate,,,official_exact,1371,0.996366,,create_canonical,sodium_stearoyl_glutamate,,Y,high,accepted_auto_exact,dominant_name이 KCIA 표준명·영문명·구명칭 중 하나와 exact 일치,2026-06-30,4a523f990553a507c1236c0490bcbb953960861f5da5cddf7ee79b48f5403178
229,ing_pending_699a72e62403,소듐아세틸레이티드하이알루로네이트,1369,1369,1150,소듐아세틸레이티드하이알루로네이트,Sodium Acetylated Hyaluronate,,,official_exact,1369,1.000000,,create_canonical,sodium_acetylated_hyaluronate,hyaluronic_acid,Y,high,accepted_auto_exact,dominant_name이 KCIA 표준명·영문명·구명칭 중 하나와 exact 일치,2026-06-30,4a523f990553a507c1236c0490bcbb953960861f5da5cddf7ee79b48f5403178
230,ing_pending_1394d48610ea,Silica Dimethyl Silylate,1363,1363,1549,실리카다이메틸실릴레이트,Silica Dimethyl Silylate,실리카디메칠실릴레이트,Silica Dimethyl Silylate,official_exact,1363,1.000000,,create_canonical,silica_dimethyl_silylate,,Y,high,accepted_auto_exact,dominant_name이 KCIA 표준명·영문명·구명칭 중 하나와 exact 일치,2026-06-30,4a523f990553a507c1236c0490bcbb953960861f5da5cddf7ee79b48f5403178
231,ing_pending_1b2e491ec0a5,Potassium Hydroxide,1360,1360,3709,포타슘하이드록사이드,Potassium Hydroxide,,,official_exact,1360,1.000000,,create_canonical,potassium_hydroxide,,Y,high,accepted_auto_exact,dominant_name이 KCIA 표준명·영문명·구명칭 중 하나와 exact 일치,2026-06-30,4a523f990553a507c1236c0490bcbb953960861f5da5cddf7ee79b48f5403178
232,ing_pending_ee74f6e2b348,소듐시트레이트,1353,1353,1145,소듐시트레이트,Sodium Citrate,,,official_exact,1353,1.000000,,create_canonical,sodium_citrate,,Y,high,accepted_auto_exact,dominant_name이 KCIA 표준명·영문명·구명칭 중 하나와 exact 일치,2026-06-30,4a523f990553a507c1236c0490bcbb953960861f5da5cddf7ee79b48f5403178
233,ing_pending_98229d24532a,Caprylyl Methicone,1351,1351,2927,카프릴릴메티콘,Caprylyl Methicone,카프릴릴메치콘,Caprylyl Methicone,official_exact,1351,1.000000,,create_canonical,caprylyl_methicone,,Y,high,accepted_auto_exact,dominant_name이 KCIA 표준명·영문명·구명칭 중 하나와 exact 일치,2026-06-30,4a523f990553a507c1236c0490bcbb953960861f5da5cddf7ee79b48f5403178
234,ing_pending_af02f5ae00bb,Sodium Gluconate,1347,1347,1036,소듐글루코네이트,Sodium Gluconate,,,official_exact,1347,1.000000,,create_canonical,sodium_gluconate,,Y,high,accepted_auto_exact,dominant_name이 KCIA 표준명·영문명·구명칭 중 하나와 exact 일치,2026-06-30,4a523f990553a507c1236c0490bcbb953960861f5da5cddf7ee79b48f5403178
235,ing_pending_0bb5f93733cd,Glycol Distearate,1344,1344,614,글라이콜다이스테아레이트,Glycol Distearate,글라이콜디스테아레이트,Glycol Distearate,official_exact,1344,1.000000,,create_canonical,glycol_distearate,,Y,high,accepted_auto_exact,dominant_name이 KCIA 표준명·영문명·구명칭 중 하나와 exact 일치,2026-06-30,4a523f990553a507c1236c0490bcbb953960861f5da5cddf7ee79b48f5403178
236,ing_pending_7b2947466d4a,Prunus Amygdalus Dulcis (Sweet Almond) Oil,1342,1342,1399,스위트아몬드오일,Prunus Amygdalus Dulcis (Sweet Almond) Oil,,,official_exact,1335,0.994784,,create_canonical,prunus_amygdalus_dulcis_sweet_almond_oil,,Y,high,accepted_auto_exact,dominant_name이 KCIA 표준명·영문명·구명칭 중 하나와 exact 일치,2026-06-30,4a523f990553a507c1236c0490bcbb953960861f5da5cddf7ee79b48f5403178
237,ing_pending_1c297c2f646b,Tetramethyl Acetyloctahydronaphthalenes,1336,1336,8033,테트라메틸아세틸옥타하이드로나프탈렌,Tetramethyl Acetyloctahydronaphthalenes,테트라메칠아세틸옥타하이드로나프탈렌,Tetramethyl Acetyloctahydronaphthalenes,official_exact,1334,0.998503,,create_canonical,tetramethyl_acetyloctahydronaphthalenes,,Y,high,accepted_auto_exact,dominant_name이 KCIA 표준명·영문명·구명칭 중 하나와 exact 일치,2026-06-30,4a523f990553a507c1236c0490bcbb953960861f5da5cddf7ee79b48f5403178
238,ing_pending_18e1a9e721e9,Isostearic Acid,1327,1327,2485,아이소스테아릭애씨드,Isostearic Acid,이소스테아릭애씨드,Isostearic Acid,official_exact,1327,1.000000,,create_canonical,isostearic_acid,,Y,high,accepted_auto_exact,dominant_name이 KCIA 표준명·영문명·구명칭 중 하나와 exact 일치,2026-06-30,4a523f990553a507c1236c0490bcbb953960861f5da5cddf7ee79b48f5403178
239,ing_pending_838f3c820776,Polyglyceryl-3 Diisostearate,1322,1322,3753,폴리글리세릴-3다이아이소스테아레이트,Polyglyceryl-3 Diisostearate,폴리글리세릴-3디이소스테아레이트,Polyglyceryl-3 Diisostearate,official_exact,1313,0.993192,,create_canonical,polyglyceryl_3_diisostearate,,Y,high,accepted_auto_exact,dominant_name이 KCIA 표준명·영문명·구명칭 중 하나와 exact 일치,2026-06-30,4a523f990553a507c1236c0490bcbb953960861f5da5cddf7ee79b48f5403178
240,ing_pending_18f9c38aced7,Eugenol,1314,1314,2395,유제놀,Eugenol,,,official_exact,1299,0.988584,,create_canonical,eugenol,,Y,high,accepted_auto_exact,dominant_name이 KCIA 표준명·영문명·구명칭 중 하나와 exact 일치,2026-06-30,4a523f990553a507c1236c0490bcbb953960861f5da5cddf7ee79b48f5403178
241,ing_pending_b2ef0a4bbed1,Xylitol,1314,1314,2620,자일리톨,Xylitol,,,official_exact,1314,1.000000,,create_canonical,xylitol,,Y,high,accepted_auto_exact,dominant_name이 KCIA 표준명·영문명·구명칭 중 하나와 exact 일치,2026-06-30,4a523f990553a507c1236c0490bcbb953960861f5da5cddf7ee79b48f5403178
242,ing_pending_d235c942553a,호호바씨오일,1314,1314,4935,호호바씨오일,Simmondsia Chinensis (Jojoba) Seed Oil,,,official_exact,1314,1.000000,,create_canonical,simmondsia_chinensis_jojoba_seed_oil,,Y,high,accepted_auto_exact,dominant_name이 KCIA 표준명·영문명·구명칭 중 하나와 exact 일치,2026-06-30,4a523f990553a507c1236c0490bcbb953960861f5da5cddf7ee79b48f5403178
243,ing_pending_54593573a4a9,Aqua (Water),1309,1309,,,,,,no_official_exact_match,0,0.000000,,manual_review,,,N,low,candidate_unverified,표준명·영문명·구명칭 exact 일치 없음; 기존 alias도 identity 병합 근거로 사용하지 않음,2026-06-30,4a523f990553a507c1236c0490bcbb953960861f5da5cddf7ee79b48f5403178
244,ing_pending_87173dea619d,솔비탄아이소스테아레이트,1295,1295,1292,솔비탄아이소스테아레이트,Sorbitan Isostearate,소르비탄이소스테아레이트,Sorbitan Isostearate,official_exact,1295,1.000000,,create_canonical,sorbitan_isostearate,,Y,high,accepted_auto_exact,dominant_name이 KCIA 표준명·영문명·구명칭 중 하나와 exact 일치,2026-06-30,4a523f990553a507c1236c0490bcbb953960861f5da5cddf7ee79b48f5403178
245,ing_pending_be3496867040,PVP,1279,1279,4069,피브이피,PVP,,,official_exact,1279,1.000000,,create_canonical,pvp,,Y,high,accepted_auto_exact,dominant_name이 KCIA 표준명·영문명·구명칭 중 하나와 exact 일치,2026-06-30,4a523f990553a507c1236c0490bcbb953960861f5da5cddf7ee79b48f5403178
246,ing_pending_b0b98844fb71,Vitis Vinifera (Grape) Seed Oil,1277,1277,3651,포도씨오일,Vitis Vinifera (Grape) Seed Oil,,,official_exact,1262,0.988254,,create_canonical,vitis_vinifera_grape_seed_oil,,Y,high,accepted_auto_exact,dominant_name이 KCIA 표준명·영문명·구명칭 중 하나와 exact 일치,2026-06-30,4a523f990553a507c1236c0490bcbb953960861f5da5cddf7ee79b48f5403178
247,ing_pending_1ec9ba94f0a7,폴리글리세릴-10라우레이트,1275,1275,3763,폴리글리세릴-10라우레이트,Polyglyceryl-10 Laurate,,,official_exact,1273,0.998431,,create_canonical,polyglyceryl_10_laurate,,Y,high,accepted_auto_exact,dominant_name이 KCIA 표준명·영문명·구명칭 중 하나와 exact 일치,2026-06-30,4a523f990553a507c1236c0490bcbb953960861f5da5cddf7ee79b48f5403178
248,ing_pending_8ec0b47197c9,Polyethylene,1270,1270,3893,폴리에틸렌,Polyethylene,폴리에칠렌,Polyethylene,official_exact,1270,1.000000,,create_canonical,polyethylene,,Y,high,accepted_auto_exact,dominant_name이 KCIA 표준명·영문명·구명칭 중 하나와 exact 일치,2026-06-30,4a523f990553a507c1236c0490bcbb953960861f5da5cddf7ee79b48f5403178
249,ing_pending_eaf985294beb,Cetearyl Olivate,1260,1260,976,세테아릴올리베이트,Cetearyl Olivate,,,official_exact,1259,0.999206,,create_canonical,cetearyl_olivate,,Y,high,accepted_auto_exact,dominant_name이 KCIA 표준명·영문명·구명칭 중 하나와 exact 일치,2026-06-30,4a523f990553a507c1236c0490bcbb953960861f5da5cddf7ee79b48f5403178
250,ing_pending_3f3fbfb2d8c6,Ultramarines (Ci 77007),1257,1257,,,,,,no_official_exact_match,0,0.000000,,manual_review,,,N,low,candidate_unverified,표준명·영문명·구명칭 exact 일치 없음; 기존 alias도 identity 병합 근거로 사용하지 않음,2026-06-30,4a523f990553a507c1236c0490bcbb953960861f5da5cddf7ee79b48f5403178
251,ing_pending_af0b30241251,Proline,1257,1257,4019,프롤린,Proline,,,official_exact,1255,0.998409,,create_canonical,proline,,Y,high,accepted_auto_exact,dominant_name이 KCIA 표준명·영문명·구명칭 중 하나와 exact 일치,2026-06-30,4a523f990553a507c1236c0490bcbb953960861f5da5cddf7ee79b48f5403178
252,ing_pending_f241854ac6d0,Tribehenin,1255,1255,3361,트라이베헤닌,Tribehenin,트리베헤닌,Tribehenin,official_exact,1255,1.000000,,create_canonical,tribehenin,,Y,high,accepted_auto_exact,dominant_name이 KCIA 표준명·영문명·구명칭 중 하나와 exact 일치,2026-06-30,4a523f990553a507c1236c0490bcbb953960861f5da5cddf7ee79b48f5403178
253,ing_pending_c38680978fed,Aloe Barbadensis Leaf Extract,1247,1247,1839,알로에베라잎추출물,Aloe Barbadensis Leaf Extract,,,official_exact,1245,0.998396,,create_canonical,aloe_barbadensis_leaf_extract,,Y,high,accepted_auto_exact,dominant_name이 KCIA 표준명·영문명·구명칭 중 하나와 exact 일치,2026-06-30,4a523f990553a507c1236c0490bcbb953960861f5da5cddf7ee79b48f5403178
254,ing_pending_f68aaff757d5,Laureth-7,1237,1237,5335,라우레스-7,Laureth-7,,,official_exact,1237,1.000000,,create_canonical,laureth_7,,Y,high,accepted_auto_exact,dominant_name이 KCIA 표준명·영문명·구명칭 중 하나와 exact 일치,2026-06-30,4a523f990553a507c1236c0490bcbb953960861f5da5cddf7ee79b48f5403178
255,ing_pending_2392019ac6cb,Polysorbate 80,1234,1234,3861,폴리솔베이트80,Polysorbate 80,폴리소르베이트80,Polysorbate 80,official_exact,1230,0.996759,,create_canonical,polysorbate_80,,Y,high,accepted_auto_exact,dominant_name이 KCIA 표준명·영문명·구명칭 중 하나와 exact 일치,2026-06-30,4a523f990553a507c1236c0490bcbb953960861f5da5cddf7ee79b48f5403178
256,ing_pending_d83fe5347366,에탄올,1231,1231,2093,에탄올,Alcohol,,,official_exact,1231,1.000000,,create_canonical,alcohol,,Y,high,accepted_auto_exact,dominant_name이 KCIA 표준명·영문명·구명칭 중 하나와 exact 일치,2026-06-30,4a523f990553a507c1236c0490bcbb953960861f5da5cddf7ee79b48f5403178
257,ing_pending_ca4bc1314db1,Trihydroxystearin,1226,1226,3428,트라이하이드록시스테아린,Trihydroxystearin,트리하이드록시스테아린,Trihydroxystearin,official_exact,1226,1.000000,,create_canonical,trihydroxystearin,,Y,high,accepted_auto_exact,dominant_name이 KCIA 표준명·영문명·구명칭 중 하나와 exact 일치,2026-06-30,4a523f990553a507c1236c0490bcbb953960861f5da5cddf7ee79b48f5403178
258,ing_pending_3c802566649b,Trideceth-12,1223,1223,3325,트라이데세스-12,Trideceth-12,트리데세스-12,Trideceth-12,official_exact,1223,1.000000,,create_canonical,trideceth_12,,Y,high,accepted_auto_exact,dominant_name이 KCIA 표준명·영문명·구명칭 중 하나와 exact 일치,2026-06-30,4a523f990553a507c1236c0490bcbb953960861f5da5cddf7ee79b48f5403178
259,ing_pending_e95064d9e028,Zinc Stearate,1223,1223,2775,징크스테아레이트,Zinc Stearate,,,official_exact,1223,1.000000,,create_canonical,zinc_stearate,,Y,high,accepted_auto_exact,dominant_name이 KCIA 표준명·영문명·구명칭 중 하나와 exact 일치,2026-06-30,4a523f990553a507c1236c0490bcbb953960861f5da5cddf7ee79b48f5403178
260,ing_pending_6655307ba154,Saccharide Isomerate,1212,1212,774,사카라이드아이소머레이트,Saccharide Isomerate,,,official_exact,1211,0.999175,,create_canonical,saccharide_isomerate,,Y,high,accepted_auto_exact,dominant_name이 KCIA 표준명·영문명·구명칭 중 하나와 exact 일치,2026-06-30,4a523f990553a507c1236c0490bcbb953960861f5da5cddf7ee79b48f5403178
261,ing_pending_37a24b8906c0,Tetrahexyldecyl Ascorbate,1210,1210,3277,테트라헥실데실아스코베이트,Tetrahexyldecyl Ascorbate,,,official_exact,1208,0.998347,,create_canonical,tetrahexyldecyl_ascorbate,,Y,high,accepted_auto_exact,dominant_name이 KCIA 표준명·영문명·구명칭 중 하나와 exact 일치,2026-06-30,4a523f990553a507c1236c0490bcbb953960861f5da5cddf7ee79b48f5403178
262,ing_pending_659e8489d2a0,Methicone,1210,1210,166,메티콘,Methicone,메치콘,Methicone,official_exact,1210,1.000000,,create_canonical,methicone,,Y,high,accepted_auto_exact,dominant_name이 KCIA 표준명·영문명·구명칭 중 하나와 exact 일치,2026-06-30,4a523f990553a507c1236c0490bcbb953960861f5da5cddf7ee79b48f5403178
263,ing_pending_39cf4c1bc08a,메틸프로판다이올,1209,1209,221,메틸프로판다이올,Methylpropanediol,메칠프로판디올,Methylpropanediol,official_exact,1209,1.000000,,create_canonical,methylpropanediol,,Y,high,accepted_auto_exact,dominant_name이 KCIA 표준명·영문명·구명칭 중 하나와 exact 일치,2026-06-30,4a523f990553a507c1236c0490bcbb953960861f5da5cddf7ee79b48f5403178
264,ing_pending_a3e4d0bfaa00,Aqua/Water/Eau,1206,1206,,,,,,no_official_exact_match,0,0.000000,,manual_review,,,N,low,candidate_unverified,표준명·영문명·구명칭 exact 일치 없음; 기존 alias도 identity 병합 근거로 사용하지 않음,2026-06-30,4a523f990553a507c1236c0490bcbb953960861f5da5cddf7ee79b48f5403178
265,ing_pending_c1de5ae27f7d,Polyglyceryl-3 Polyricinoleate,1205,1205,3819,폴리글리세릴-3폴리리시놀리에이트,Polyglyceryl-3 Polyricinoleate,,,official_exact,1204,0.999170,,create_canonical,polyglyceryl_3_polyricinoleate,,Y,high,accepted_auto_exact,dominant_name이 KCIA 표준명·영문명·구명칭 중 하나와 exact 일치,2026-06-30,4a523f990553a507c1236c0490bcbb953960861f5da5cddf7ee79b48f5403178
266,ing_pending_e960ee19c478,Glucose,1205,1205,839,글루코오스,Glucose,,,official_exact,1204,0.999170,,create_canonical,glucose,,Y,high,accepted_auto_exact,dominant_name이 KCIA 표준명·영문명·구명칭 중 하나와 exact 일치,2026-06-30,4a523f990553a507c1236c0490bcbb953960861f5da5cddf7ee79b48f5403178
267,ing_pending_65cadd4e43fa,Alanine,1196,1196,1826,알라닌,Alanine,,,official_exact,1194,0.998328,,create_canonical,alanine,,Y,high,accepted_auto_exact,dominant_name이 KCIA 표준명·영문명·구명칭 중 하나와 exact 일치,2026-06-30,4a523f990553a507c1236c0490bcbb953960861f5da5cddf7ee79b48f5403178
268,ing_pending_09533b438af0,Dicaprylyl Carbonate,1191,1191,5218,다이카프릴릴카보네이트,Dicaprylyl Carbonate,디카프릴릴카보네이트,Dicaprylyl Carbonate,official_exact,1191,1.000000,,create_canonical,dicaprylyl_carbonate,,Y,high,accepted_auto_exact,dominant_name이 KCIA 표준명·영문명·구명칭 중 하나와 exact 일치,2026-06-30,4a523f990553a507c1236c0490bcbb953960861f5da5cddf7ee79b48f5403178
269,ing_pending_e46996c271b3,Pyrus Malus (Apple) Fruit Extract,1189,1189,,,,,,no_official_exact_match,0,0.000000,,manual_review,,,N,low,candidate_unverified,표준명·영문명·구명칭 exact 일치 없음; 기존 alias도 identity 병합 근거로 사용하지 않음,2026-06-30,4a523f990553a507c1236c0490bcbb953960861f5da5cddf7ee79b48f5403178
270,ing_pending_37031a339038,Cellulose,1175,1175,1022,셀룰로오스,Cellulose,,,official_exact,1175,1.000000,,create_canonical,cellulose,,Y,high,accepted_auto_exact,dominant_name이 KCIA 표준명·영문명·구명칭 중 하나와 exact 일치,2026-06-30,4a523f990553a507c1236c0490bcbb953960861f5da5cddf7ee79b48f5403178
271,ing_pending_2ab44ba5df66,Panax Ginseng Root Extract,1169,1169,,,,,,official_exact_ambiguous,0,0.000000,2579|4949|11846|21996,manual_review,,,N,low,candidate_unverified,같은 표기가 둘 이상의 KCIA 성분코드와 일치,2026-06-30,4a523f990553a507c1236c0490bcbb953960861f5da5cddf7ee79b48f5403178
272,ing_pending_6a9f3fbbb579,Sodium Metabisulfite,1162,1162,1099,소듐메타바이설파이트,Sodium Metabisulfite,,,official_exact,1162,1.000000,,create_canonical,sodium_metabisulfite,,Y,high,accepted_auto_exact,dominant_name이 KCIA 표준명·영문명·구명칭 중 하나와 exact 일치,2026-06-30,4a523f990553a507c1236c0490bcbb953960861f5da5cddf7ee79b48f5403178
273,ing_pending_975cc77b0093,Methylparaben,1153,1153,213,메틸파라벤,Methylparaben,메칠파라벤,Methylparaben,official_exact,1153,1.000000,,create_canonical,methylparaben,,Y,high,accepted_auto_exact,dominant_name이 KCIA 표준명·영문명·구명칭 중 하나와 exact 일치,2026-06-30,4a523f990553a507c1236c0490bcbb953960861f5da5cddf7ee79b48f5403178
274,ing_pending_d27cd294a6a3,Threonine,1151,1151,3313,트레오닌,Threonine,,,official_exact,1149,0.998262,,create_canonical,threonine,,Y,high,accepted_auto_exact,dominant_name이 KCIA 표준명·영문명·구명칭 중 하나와 exact 일치,2026-06-30,4a523f990553a507c1236c0490bcbb953960861f5da5cddf7ee79b48f5403178
275,ing_pending_5e28c462ab49,Ceteareth 20,1148,1148,,,,,,official_variant_conflict,453,0.394599,960,manual_review,,,N,low,candidate_unverified,한 source ingredient ID 안에서 서로 다른 KCIA 성분코드가 발견됨,2026-06-30,4a523f990553a507c1236c0490bcbb953960861f5da5cddf7ee79b48f5403178
276,ing_pending_37c67bee8c0a,Silica Silylate,1144,1144,1550,실리카실릴레이트,Silica Silylate,,,official_exact,1144,1.000000,,create_canonical,silica_silylate,,Y,high,accepted_auto_exact,dominant_name이 KCIA 표준명·영문명·구명칭 중 하나와 exact 일치,2026-06-30,4a523f990553a507c1236c0490bcbb953960861f5da5cddf7ee79b48f5403178
277,ing_pending_65e9304524ec,Cetyl Esters,1141,1141,997,세틸에스터,Cetyl Esters,,,official_exact,1141,1.000000,,create_canonical,cetyl_esters,,Y,high,accepted_auto_exact,dominant_name이 KCIA 표준명·영문명·구명칭 중 하나와 exact 일치,2026-06-30,4a523f990553a507c1236c0490bcbb953960861f5da5cddf7ee79b48f5403178
278,ing_pending_5637225270b6,Vanillin,1139,1139,383,바닐린,Vanillin,,,official_exact,1138,0.999122,,create_canonical,vanillin,,Y,high,accepted_auto_exact,dominant_name이 KCIA 표준명·영문명·구명칭 중 하나와 exact 일치,2026-06-30,4a523f990553a507c1236c0490bcbb953960861f5da5cddf7ee79b48f5403178
279,ing_pending_97b741443e8d,Nylon-12,1139,1139,2007,나일론-12,Nylon-12,,,official_exact,1137,0.998244,,create_canonical,nylon_12,,Y,high,accepted_auto_exact,dominant_name이 KCIA 표준명·영문명·구명칭 중 하나와 exact 일치,2026-06-30,4a523f990553a507c1236c0490bcbb953960861f5da5cddf7ee79b48f5403178
280,ing_pending_c4e6648d71fd,Sodium Phosphate,1137,1137,1247,소듐포스페이트,Sodium Phosphate,,,official_exact,1137,1.000000,,create_canonical,sodium_phosphate,,Y,high,accepted_auto_exact,dominant_name이 KCIA 표준명·영문명·구명칭 중 하나와 exact 일치,2026-06-30,4a523f990553a507c1236c0490bcbb953960861f5da5cddf7ee79b48f5403178
281,ing_pending_a52c041339ec,Sodium Polyacrylate,1124,1124,1253,소듐폴리아크릴레이트,Sodium Polyacrylate,,,official_exact,1119,0.995552,,create_canonical,sodium_polyacrylate,,Y,high,accepted_auto_exact,dominant_name이 KCIA 표준명·영문명·구명칭 중 하나와 exact 일치,2026-06-30,4a523f990553a507c1236c0490bcbb953960861f5da5cddf7ee79b48f5403178
282,ing_pending_91a214fb54fa,하이드록시프로필트라이모늄하이알루로네이트,1120,1120,4707,하이드록시프로필트라이모늄하이알루로네이트,Hydroxypropyltrimonium Hyaluronate,하이드록시프로필트리모늄하이알루로네이트,Hydroxypropyltrimonium Hyaluronate,official_exact,1120,1.000000,,create_canonical,hydroxypropyltrimonium_hyaluronate,hyaluronic_acid,Y,high,accepted_auto_exact,dominant_name이 KCIA 표준명·영문명·구명칭 중 하나와 exact 일치,2026-06-30,4a523f990553a507c1236c0490bcbb953960861f5da5cddf7ee79b48f5403178
283,ing_pending_bc5d49b1ba0e,덱스트린,1119,1119,3787,덱스트린,Dextrin,,,official_exact,1119,1.000000,,create_canonical,dextrin,,Y,high,accepted_auto_exact,dominant_name이 KCIA 표준명·영문명·구명칭 중 하나와 exact 일치,2026-06-30,4a523f990553a507c1236c0490bcbb953960861f5da5cddf7ee79b48f5403178
284,ing_pending_e22e8afc17ce,Potassium Cetyl Phosphate,1116,1116,3678,포타슘세틸포스페이트,Potassium Cetyl Phosphate,,,official_exact,1116,1.000000,,create_canonical,potassium_cetyl_phosphate,,Y,high,accepted_auto_exact,dominant_name이 KCIA 표준명·영문명·구명칭 중 하나와 exact 일치,2026-06-30,4a523f990553a507c1236c0490bcbb953960861f5da5cddf7ee79b48f5403178
285,ing_pending_a39c82830348,Amyl Cinnamal,1111,1111,1671,아밀신남알,Amyl Cinnamal,,,official_exact,1111,1.000000,,create_canonical,amyl_cinnamal,,Y,high,accepted_auto_exact,dominant_name이 KCIA 표준명·영문명·구명칭 중 하나와 exact 일치,2026-06-30,4a523f990553a507c1236c0490bcbb953960861f5da5cddf7ee79b48f5403178
286,ing_pending_b9d61652a921,Glyceryl Stearate SE,1107,1107,1224,글리세릴스테아레이트에스이,Glyceryl Stearate SE,,,official_exact,1107,1.000000,,create_canonical,glyceryl_stearate_se,,Y,high,accepted_auto_exact,dominant_name이 KCIA 표준명·영문명·구명칭 중 하나와 exact 일치,2026-06-30,4a523f990553a507c1236c0490bcbb953960861f5da5cddf7ee79b48f5403178
287,ing_pending_e0ea3adbb6f9,Dimethicone/PEG-10/15 Crosspolymer,1102,1102,4830,다이메티콘/피이지-10/15크로스폴리머,Dimethicone/PEG-10/15 Crosspolymer,디메치콘/피이지-10/15크로스폴리머,Dimethicone/PEG-10/15 Crosspolymer,official_exact,1100,0.998185,,create_canonical,dimethicone_peg_10_15_crosspolymer,,Y,high,accepted_auto_exact,dominant_name이 KCIA 표준명·영문명·구명칭 중 하나와 exact 일치,2026-06-30,4a523f990553a507c1236c0490bcbb953960861f5da5cddf7ee79b48f5403178
288,ing_pending_e8ff8c88b2de,황색4호,1101,1101,4970,황색4호,Tartrazine,,,official_exact,1101,1.000000,,create_canonical,tartrazine,,Y,high,accepted_auto_exact,dominant_name이 KCIA 표준명·영문명·구명칭 중 하나와 exact 일치,2026-06-30,4a523f990553a507c1236c0490bcbb953960861f5da5cddf7ee79b48f5403178
289,ing_pending_279cf7044217,다이아이소스테아릴말레이트,1100,1100,5205,다이아이소스테아릴말레이트,Diisostearyl Malate,디이소스테아릴말레이트,Diisostearyl Malate,official_exact,1100,1.000000,,create_canonical,diisostearyl_malate,,Y,high,accepted_auto_exact,dominant_name이 KCIA 표준명·영문명·구명칭 중 하나와 exact 일치,2026-06-30,4a523f990553a507c1236c0490bcbb953960861f5da5cddf7ee79b48f5403178
290,ing_pending_6e4a216c2e1f,Lauryl Peg-9 Polydimethylsiloxyethyl Dimethicone,1096,1096,5394,라우릴피이지-9폴리다이메틸실록시에틸다이메티콘,Lauryl PEG-9 Polydimethylsiloxyethyl Dimethicone,라우릴피이지-9폴리디메칠실록시에칠디메치콘|라우릴피이 지-9폴라다이메틸실록시에틸다이메티콘,Lauryl PEG-9 Polydimethylsiloxyethyl Dimethicone,official_exact,1096,1.000000,,create_canonical,lauryl_peg_9_polydimethylsiloxyethyl_dimethicone,,Y,high,accepted_auto_exact,dominant_name이 KCIA 표준명·영문명·구명칭 중 하나와 exact 일치,2026-06-30,4a523f990553a507c1236c0490bcbb953960861f5da5cddf7ee79b48f5403178
291,ing_pending_972c589b8ed6,Cellulose Gum,1093,1093,1023,셀룰로오스검,Cellulose Gum,,,official_exact,1092,0.999085,,create_canonical,cellulose_gum,,Y,high,accepted_auto_exact,dominant_name이 KCIA 표준명·영문명·구명칭 중 하나와 exact 일치,2026-06-30,4a523f990553a507c1236c0490bcbb953960861f5da5cddf7ee79b48f5403178
292,ing_pending_e4140dc44f63,Polyacrylate Crosspolymer-6,1092,1092,7403,폴리아크릴레이트크로스폴리머-6,Polyacrylate Crosspolymer-6,,,official_exact,1084,0.992674,,create_canonical,polyacrylate_crosspolymer_6,,Y,high,accepted_auto_exact,dominant_name이 KCIA 표준명·영문명·구명칭 중 하나와 exact 일치,2026-06-30,4a523f990553a507c1236c0490bcbb953960861f5da5cddf7ee79b48f5403178
293,ing_pending_f344848c8b00,Cucumis Sativus (Cucumber) Fruit Extract,1091,1091,2176,오이열매추출물,Cucumis Sativus (Cucumber) Fruit Extract,오이추출물,Cucumis Sativus (Cucumber) Fruit Extract,official_exact,1085,0.994500,,create_canonical,cucumis_sativus_cucumber_fruit_extract,,Y,high,accepted_auto_exact,dominant_name이 KCIA 표준명·영문명·구명칭 중 하나와 exact 일치,2026-06-30,4a523f990553a507c1236c0490bcbb953960861f5da5cddf7ee79b48f5403178
294,ing_pending_0639f70e4a7e,Sorbitan Sesquioleate,1086,1086,1286,솔비탄세스퀴올리에이트,Sorbitan Sesquioleate,소르비탄세스퀴올리에이트,Sorbitan Sesquioleate,official_exact,1086,1.000000,,create_canonical,sorbitan_sesquioleate,,Y,high,accepted_auto_exact,dominant_name이 KCIA 표준명·영문명·구명칭 중 하나와 exact 일치,2026-06-30,4a523f990553a507c1236c0490bcbb953960861f5da5cddf7ee79b48f5403178
295,ing_pending_ff760a7db7fa,Calcium Aluminum Borosilicate,1082,1082,2959,칼슘알루미늄보로실리케이트,Calcium Aluminum Borosilicate,,,official_exact,1082,1.000000,,create_canonical,calcium_aluminum_borosilicate,,Y,high,accepted_auto_exact,dominant_name이 KCIA 표준명·영문명·구명칭 중 하나와 exact 일치,2026-06-30,4a523f990553a507c1236c0490bcbb953960861f5da5cddf7ee79b48f5403178
296,ing_pending_d22ecd51168f,Lavandula Angustifolia (Lavender) Oil,1078,1078,5315,라벤더오일,Lavandula Angustifolia (Lavender) Oil,,,official_exact,1054,0.977737,,create_canonical,lavandula_angustifolia_lavender_oil,,Y,high,accepted_auto_exact,dominant_name이 KCIA 표준명·영문명·구명칭 중 하나와 exact 일치,2026-06-30,4a523f990553a507c1236c0490bcbb953960861f5da5cddf7ee79b48f5403178
297,ing_pending_1f7ae2c1d38d,세틸에틸헥사노에이트,1074,1074,998,세틸에틸헥사노에이트,Cetyl Ethylhexanoate,세틸에칠헥사노에이트,Cetyl Ethylhexanoate,official_exact,1074,1.000000,,create_canonical,cetyl_ethylhexanoate,,Y,high,accepted_auto_exact,dominant_name이 KCIA 표준명·영문명·구명칭 중 하나와 exact 일치,2026-06-30,4a523f990553a507c1236c0490bcbb953960861f5da5cddf7ee79b48f5403178
298,ing_pending_072f8c760024,Behentrimonium Methosulfate,1073,1073,500,베헨트라이모늄메토설페이트,Behentrimonium Methosulfate,베헨트리모늄메토설페이트,Behentrimonium Methosulfate,official_exact,1072,0.999068,,create_canonical,behentrimonium_methosulfate,,Y,high,accepted_auto_exact,dominant_name이 KCIA 표준명·영문명·구명칭 중 하나와 exact 일치,2026-06-30,4a523f990553a507c1236c0490bcbb953960861f5da5cddf7ee79b48f5403178
299,ing_pending_19a8a652109d,Calcium Gluconate,1060,1060,2945,칼슘글루코네이트,Calcium Gluconate,,,official_exact,1058,0.998113,,create_canonical,calcium_gluconate,,Y,high,accepted_auto_exact,dominant_name이 KCIA 표준명·영문명·구명칭 중 하나와 exact 일치,2026-06-30,4a523f990553a507c1236c0490bcbb953960861f5da5cddf7ee79b48f5403178
300,ing_pending_8120072e6f70,Pinene,1060,1060,10535,피넨,Pinene,,,official_exact,1060,1.000000,,create_canonical,pinene,,Y,high,accepted_auto_exact,dominant_name이 KCIA 표준명·영문명·구명칭 중 하나와 exact 일치,2026-06-30,4a523f990553a507c1236c0490bcbb953960861f5da5cddf7ee79b48f5403178
301,ing_pending_579c24e12b5e,Talc,1057,1057,3249,탤크,Talc,,,official_exact,1057,1.000000,,create_canonical,talc,,Y,high,accepted_auto_exact,dominant_name이 KCIA 표준명·영문명·구명칭 중 하나와 exact 일치,2026-06-30,4a523f990553a507c1236c0490bcbb953960861f5da5cddf7ee79b48f5403178
302,ing_pending_d1f15784ee10,Stearamidopropyl Dimethylamine,1053,1053,1428,스테아라미도프로필다이메틸아민,Stearamidopropyl Dimethylamine,스테아라미도프로필디메칠아민,Stearamidopropyl Dimethylamine,official_exact,1053,1.000000,,create_canonical,stearamidopropyl_dimethylamine,,Y,high,accepted_auto_exact,dominant_name이 KCIA 표준명·영문명·구명칭 중 하나와 exact 일치,2026-06-30,4a523f990553a507c1236c0490bcbb953960861f5da5cddf7ee79b48f5403178
303,ing_pending_baf85dbd87d0,프로필렌글라이콜,1049,1049,3992,프로필렌글라이콜,Propylene Glycol,,,official_exact,1049,1.000000,,create_canonical,propylene_glycol,,Y,high,accepted_auto_exact,dominant_name이 KCIA 표준명·영문명·구명칭 중 하나와 exact 일치,2026-06-30,4a523f990553a507c1236c0490bcbb953960861f5da5cddf7ee79b48f5403178
304,ing_pending_c8f02adcb887,Caprylhydroxamic Acid,1049,1049,6629,카프릴하이드록사믹애씨드,Caprylhydroxamic Acid,,,official_exact,1042,0.993327,,create_canonical,caprylhydroxamic_acid,,Y,high,accepted_auto_exact,dominant_name이 KCIA 표준명·영문명·구명칭 중 하나와 exact 일치,2026-06-30,4a523f990553a507c1236c0490bcbb953960861f5da5cddf7ee79b48f5403178
305,ing_pending_685e6ba9b1f1,Hydrolyzed Rice Protein,1046,1046,4770,하이드롤라이즈드쌀단백질,Hydrolyzed Rice Protein,,,official_exact,1046,1.000000,,create_canonical,hydrolyzed_rice_protein,,Y,high,accepted_auto_exact,dominant_name이 KCIA 표준명·영문명·구명칭 중 하나와 exact 일치,2026-06-30,4a523f990553a507c1236c0490bcbb953960861f5da5cddf7ee79b48f5403178
306,ing_pending_70ec247d9767,Sucrose,1045,1045,1367,수크로오스,Sucrose,슈크로오스,Sucrose,official_exact,1037,0.992344,,create_canonical,sucrose,,Y,high,accepted_auto_exact,dominant_name이 KCIA 표준명·영문명·구명칭 중 하나와 exact 일치,2026-06-30,4a523f990553a507c1236c0490bcbb953960861f5da5cddf7ee79b48f5403178
307,ing_pending_e29435ae92f4,올리브오일,1036,1036,2302,올리브오일,Olea Europaea (Olive) Fruit Oil,,,official_exact,1036,1.000000,,create_canonical,olea_europaea_olive_fruit_oil,,Y,high,accepted_auto_exact,dominant_name이 KCIA 표준명·영문명·구명칭 중 하나와 exact 일치,2026-06-30,4a523f990553a507c1236c0490bcbb953960861f5da5cddf7ee79b48f5403178
308,ing_pending_8f0d392ed71e,Oryza Sativa (Rice) Bran Extract,1029,1029,,,,,,official_exact_ambiguous,0,0.000000,1577|10513,manual_review,,,N,low,candidate_unverified,같은 표기가 둘 이상의 KCIA 성분코드와 일치,2026-06-30,4a523f990553a507c1236c0490bcbb953960861f5da5cddf7ee79b48f5403178
309,ing_pending_a42a5d4372e5,Citrus Aurantium Dulcis (Orange) Peel Oil,1029,1029,2145,오렌지껍질오일,Citrus Aurantium Dulcis (Orange) Peel Oil,,,official_exact,995,0.966958,,create_canonical,citrus_aurantium_dulcis_orange_peel_oil,,Y,high,accepted_auto_exact,dominant_name이 KCIA 표준명·영문명·구명칭 중 하나와 exact 일치,2026-06-30,4a523f990553a507c1236c0490bcbb953960861f5da5cddf7ee79b48f5403178
310,ing_pending_ad6097442ee7,다이스테아다이모늄헥토라이트,1027,1027,5139,다이스테아다이모늄헥토라이트,Disteardimonium Hectorite,디스테아디모늄헥토라이트,Disteardimonium Hectorite,official_exact,1027,1.000000,,create_canonical,disteardimonium_hectorite,,Y,high,accepted_auto_exact,dominant_name이 KCIA 표준명·영문명·구명칭 중 하나와 exact 일치,2026-06-30,4a523f990553a507c1236c0490bcbb953960861f5da5cddf7ee79b48f5403178
311,ing_pending_64793e97b3e4,Histidine,1024,1024,5061,히스티딘,Histidine,,,official_exact,1022,0.998047,,create_canonical,histidine,,Y,high,accepted_auto_exact,dominant_name이 KCIA 표준명·영문명·구명칭 중 하나와 exact 일치,2026-06-30,4a523f990553a507c1236c0490bcbb953960861f5da5cddf7ee79b48f5403178
312,ing_pending_ebe20aa739f4,하이드롤라이즈드소듐하이알루로네이트,1024,1024,7511,하이드롤라이즈드소듐하이알루로네이트,Hydrolyzed Sodium Hyaluronate,,,official_exact,1024,1.000000,,create_canonical,hydrolyzed_sodium_hyaluronate,hyaluronic_acid,Y,high,accepted_auto_exact,dominant_name이 KCIA 표준명·영문명·구명칭 중 하나와 exact 일치,2026-06-30,4a523f990553a507c1236c0490bcbb953960861f5da5cddf7ee79b48f5403178
313,ing_pending_f2bd7a65f776,알파-아이소메틸아이오논,1021,1021,1932,알파-아이소메틸아이오논,Alpha-Isomethyl Ionone,알파-이소메칠이오논,Alpha-Isomethyl Ionone,official_exact,1021,1.000000,,create_canonical,alpha_isomethyl_ionone,,Y,high,accepted_auto_exact,dominant_name이 KCIA 표준명·영문명·구명칭 중 하나와 exact 일치,2026-06-30,4a523f990553a507c1236c0490bcbb953960861f5da5cddf7ee79b48f5403178
314,ing_pending_80a485b0dacc,살리실릭애씨드,1019,1019,812,살리실릭애씨드,Salicylic Acid,,,official_exact,1019,1.000000,,merge_existing,salicylic_acid_bha,,Y,high,accepted_auto_exact,KCIA 성분코드가 기존 canonical 자체 명칭과 일치,2026-06-30,4a523f990553a507c1236c0490bcbb953960861f5da5cddf7ee79b48f5403178
315,ing_pending_64343adafd6c,솔비탄올리베이트,1015,1015,1290,솔비탄올리베이트,Sorbitan Olivate,소르비탄올리베이트,Sorbitan Olivate,official_exact,1015,1.000000,,create_canonical,sorbitan_olivate,,Y,high,accepted_auto_exact,dominant_name이 KCIA 표준명·영문명·구명칭 중 하나와 exact 일치,2026-06-30,4a523f990553a507c1236c0490bcbb953960861f5da5cddf7ee79b48f5403178
316,ing_pending_48b5ee06cc33,티타늄디옥사이드CI77891,1014,1014,,,,,,no_official_exact_match,0,0.000000,,manual_review,,,N,low,candidate_unverified,표준명·영문명·구명칭 exact 일치 없음; 기존 alias도 identity 병합 근거로 사용하지 않음,2026-06-30,4a523f990553a507c1236c0490bcbb953960861f5da5cddf7ee79b48f5403178
317,ing_pending_f69f5ab6f824,Aspartic Acid,1014,1014,1736,아스파틱애씨드,Aspartic Acid,,,official_exact,1012,0.998028,,create_canonical,aspartic_acid,,Y,high,accepted_auto_exact,dominant_name이 KCIA 표준명·영문명·구명칭 중 하나와 exact 일치,2026-06-30,4a523f990553a507c1236c0490bcbb953960861f5da5cddf7ee79b48f5403178
318,ing_pending_2a746755b3aa,Polybutene,1012,1012,3845,폴리부텐,Polybutene,,,official_exact,1012,1.000000,,create_canonical,polybutene,,Y,high,accepted_auto_exact,dominant_name이 KCIA 표준명·영문명·구명칭 중 하나와 exact 일치,2026-06-30,4a523f990553a507c1236c0490bcbb953960861f5da5cddf7ee79b48f5403178
319,ing_pending_426f77d2b60f,vinyl dimethicone/methicone silsesquioxane crosspolymer,1012,1012,674,비닐다이메티콘/메티콘실세스퀴옥세인크로스폴리머,Vinyl Dimethicone/Methicone Silsesquioxane Crosspolymer,비닐디메치콘/메치콘실세스퀴옥산크로스폴리머,Vinyl Dimethicone/Methicone Silsesquioxane Crosspolymer,official_exact,1012,1.000000,,create_canonical,vinyl_dimethicone_methicone_silsesquioxane_crosspolymer,,Y,high,accepted_auto_exact,dominant_name이 KCIA 표준명·영문명·구명칭 중 하나와 exact 일치,2026-06-30,4a523f990553a507c1236c0490bcbb953960861f5da5cddf7ee79b48f5403178
320,ing_pending_ebaa53af330f,Phospholipids,1010,1010,3662,포스포리피드,Phospholipids,,,official_exact,1007,0.997030,,create_canonical,phospholipids,,Y,high,accepted_auto_exact,dominant_name이 KCIA 표준명·영문명·구명칭 중 하나와 exact 일치,2026-06-30,4a523f990553a507c1236c0490bcbb953960861f5da5cddf7ee79b48f5403178
321,ing_pending_cf9c98e7fb9c,Methylpropanediol,1008,1008,221,메틸프로판다이올,Methylpropanediol,메칠프로판디올,Methylpropanediol,official_exact,1005,0.997024,,create_canonical,methylpropanediol,,Y,high,accepted_auto_exact,dominant_name이 KCIA 표준명·영문명·구명칭 중 하나와 exact 일치,2026-06-30,4a523f990553a507c1236c0490bcbb953960861f5da5cddf7ee79b48f5403178
322,ing_pending_115557b4f13e,하이드록시시트로넬알,1007,1007,4639,하이드록시시트로넬알,Hydroxycitronellal,,,official_exact,1007,1.000000,,create_canonical,hydroxycitronellal,,Y,high,accepted_auto_exact,dominant_name이 KCIA 표준명·영문명·구명칭 중 하나와 exact 일치,2026-06-30,4a523f990553a507c1236c0490bcbb953960861f5da5cddf7ee79b48f5403178
323,ing_pending_b5c56cd0820d,Cetearyl Glucoside,1005,1005,969,세테아릴글루코사이드,Cetearyl Glucoside,,,official_exact,1000,0.995025,,create_canonical,cetearyl_glucoside,,Y,high,accepted_auto_exact,dominant_name이 KCIA 표준명·영문명·구명칭 중 하나와 exact 일치,2026-06-30,4a523f990553a507c1236c0490bcbb953960861f5da5cddf7ee79b48f5403178
324,ing_pending_2bcac8dc8166,Water (Aqua),1002,1002,,,,,,no_official_exact_match,0,0.000000,,manual_review,,,N,low,candidate_unverified,표준명·영문명·구명칭 exact 일치 없음; 기존 alias도 identity 병합 근거로 사용하지 않음,2026-06-30,4a523f990553a507c1236c0490bcbb953960861f5da5cddf7ee79b48f5403178
325,ing_pending_69a0a2cc5bf0,HDI/Trimethylol Hexyllactone Crosspolymer,1002,1002,2036,에이치디아이/트라이메틸올헥실락톤크로스폴리머,HDI/Trimethylol Hexyllactone Crosspolymer,에이치디아이/트리메칠올헥실락톤크로스폴리머,HDI/Trimethylol Hexyllactone Crosspolymer,official_exact,1000,0.998004,,create_canonical,hdi_trimethylol_hexyllactone_crosspolymer,,Y,high,accepted_auto_exact,dominant_name이 KCIA 표준명·영문명·구명칭 중 하나와 exact 일치,2026-06-30,4a523f990553a507c1236c0490bcbb953960861f5da5cddf7ee79b48f5403178
326,ing_pending_ac4bf60ce792,녹차추출물,1002,1002,2756,녹차추출물,Camellia Sinensis Leaf Extract,,,official_exact,1002,1.000000,,create_canonical,camellia_sinensis_leaf_extract,green_tea,Y,high,accepted_auto_exact,dominant_name이 KCIA 표준명·영문명·구명칭 중 하나와 exact 일치,2026-06-30,4a523f990553a507c1236c0490bcbb953960861f5da5cddf7ee79b48f5403178
327,ing_pending_873e728b86c2,벤질살리실레이트,1000,1000,523,벤질살리실레이트,Benzyl Salicylate,,,official_exact,1000,1.000000,,create_canonical,benzyl_salicylate,,Y,high,accepted_auto_exact,dominant_name이 KCIA 표준명·영문명·구명칭 중 하나와 exact 일치,2026-06-30,4a523f990553a507c1236c0490bcbb953960861f5da5cddf7ee79b48f5403178
328,ing_pending_1fc266248fc6,Cyclohexasiloxane,995,995,770,사이클로헥사실록세인,Cyclohexasiloxane,사이클로헥사실록산,Cyclohexasiloxane,official_exact,994,0.998995,,create_canonical,cyclohexasiloxane,,Y,high,accepted_auto_exact,dominant_name이 KCIA 표준명·영문명·구명칭 중 하나와 exact 일치,2026-06-30,4a523f990553a507c1236c0490bcbb953960861f5da5cddf7ee79b48f5403178
329,ing_pending_0976729c1e76,Bis-Diglyceryl Polyacyladipate-2,994,994,684,비스-다이글리세릴폴리아실아디페이트-2,Bis-Diglyceryl Polyacyladipate-2,비스-디글리세릴폴리아실아디페이트-2,Bis-Diglyceryl Polyacyladipate-2,official_exact,982,0.987928,,create_canonical,bis_diglyceryl_polyacyladipate_2,,Y,high,accepted_auto_exact,dominant_name이 KCIA 표준명·영문명·구명칭 중 하나와 exact 일치,2026-06-30,4a523f990553a507c1236c0490bcbb953960861f5da5cddf7ee79b48f5403178
330,ing_pending_660aad841b91,Phenylalanine,985,985,3585,페닐알라닌,Phenylalanine,,,official_exact,982,0.996954,,create_canonical,phenylalanine,,Y,high,accepted_auto_exact,dominant_name이 KCIA 표준명·영문명·구명칭 중 하나와 exact 일치,2026-06-30,4a523f990553a507c1236c0490bcbb953960861f5da5cddf7ee79b48f5403178
331,ing_pending_1df1e087ba1d,Polyquaternium-37,983,983,3931,폴리쿼터늄-37,Polyquaternium-37,,,official_exact,982,0.998983,,create_canonical,polyquaternium_37,,Y,high,accepted_auto_exact,dominant_name이 KCIA 표준명·영문명·구명칭 중 하나와 exact 일치,2026-06-30,4a523f990553a507c1236c0490bcbb953960861f5da5cddf7ee79b48f5403178
332,ing_pending_495784ccab26,Mangifera Indica (Mango) Seed Butter,979,979,138,망고씨버터,Mangifera Indica (Mango) Seed Butter,망고씨드버터,Mangifera Indica (Mango) Seed Butter,official_exact,977,0.997957,,create_canonical,mangifera_indica_mango_seed_butter,,Y,high,accepted_auto_exact,dominant_name이 KCIA 표준명·영문명·구명칭 중 하나와 exact 일치,2026-06-30,4a523f990553a507c1236c0490bcbb953960861f5da5cddf7ee79b48f5403178
333,ing_pending_081ad56fb2f5,Octyldodecyl Stearoyl Stearate,975,975,2239,옥틸도데실스테아로일스테아레이트,Octyldodecyl Stearoyl Stearate,,,official_exact,975,1.000000,,create_canonical,octyldodecyl_stearoyl_stearate,,Y,high,accepted_auto_exact,dominant_name이 KCIA 표준명·영문명·구명칭 중 하나와 exact 일치,2026-06-30,4a523f990553a507c1236c0490bcbb953960861f5da5cddf7ee79b48f5403178
334,ing_pending_cdec57e31387,PCA,973,973,4073,피씨에이,PCA,,,official_exact,973,1.000000,,create_canonical,pca,,Y,high,accepted_auto_exact,dominant_name이 KCIA 표준명·영문명·구명칭 중 하나와 exact 일치,2026-06-30,4a523f990553a507c1236c0490bcbb953960861f5da5cddf7ee79b48f5403178
335,ing_pending_4491735cdb41,Calcium Sodium Borosilicate,970,970,2954,칼슘소듐보로실리케이트,Calcium Sodium Borosilicate,,,official_exact,970,1.000000,,create_canonical,calcium_sodium_borosilicate,,Y,high,accepted_auto_exact,dominant_name이 KCIA 표준명·영문명·구명칭 중 하나와 exact 일치,2026-06-30,4a523f990553a507c1236c0490bcbb953960861f5da5cddf7ee79b48f5403178
336,ing_pending_09f162691060,Hydrogenated Castor Oil,969,969,4586,하이드로제네이티드캐스터오일,Hydrogenated Castor Oil,,,official_exact,969,1.000000,,create_canonical,hydrogenated_castor_oil,,Y,high,accepted_auto_exact,dominant_name이 KCIA 표준명·영문명·구명칭 중 하나와 exact 일치,2026-06-30,4a523f990553a507c1236c0490bcbb953960861f5da5cddf7ee79b48f5403178
337,ing_pending_db5b3b39b592,Citrus Limon (Lemon) Peel Oil,968,968,5468,레몬껍질오일,Citrus Limon (Lemon) Peel Oil,레몬껍질오일,Citrus Medica Limonum (Lemon) Peel Oil,official_exact,941,0.972107,,create_canonical,citrus_limon_lemon_peel_oil,,Y,high,accepted_auto_exact,dominant_name이 KCIA 표준명·영문명·구명칭 중 하나와 exact 일치,2026-06-30,4a523f990553a507c1236c0490bcbb953960861f5da5cddf7ee79b48f5403178
338,ing_pending_791ef9bd60f0,Limnanthes Alba (Meadowfoam) Seed Oil,967,967,161,메도우폼씨오일,Limnanthes Alba (Meadowfoam) Seed Oil,,,official_exact,966,0.998966,,create_canonical,limnanthes_alba_meadowfoam_seed_oil,,Y,high,accepted_auto_exact,dominant_name이 KCIA 표준명·영문명·구명칭 중 하나와 exact 일치,2026-06-30,4a523f990553a507c1236c0490bcbb953960861f5da5cddf7ee79b48f5403178
339,ing_pending_322dce44a58f,옥틸도데칸올,966,966,2247,옥틸도데칸올,Octyldodecanol,,,official_exact,966,1.000000,,create_canonical,octyldodecanol,,Y,high,accepted_auto_exact,dominant_name이 KCIA 표준명·영문명·구명칭 중 하나와 exact 일치,2026-06-30,4a523f990553a507c1236c0490bcbb953960861f5da5cddf7ee79b48f5403178
340,ing_pending_9b33b9ebef0b,Carthamus Tinctorius (Safflower) Seed Oil,956,956,2589,잇꽃씨오일,Carthamus Tinctorius (Safflower) Seed Oil,,,official_exact,948,0.991632,,create_canonical,carthamus_tinctorius_safflower_seed_oil,,Y,high,accepted_auto_exact,dominant_name이 KCIA 표준명·영문명·구명칭 중 하나와 exact 일치,2026-06-30,4a523f990553a507c1236c0490bcbb953960861f5da5cddf7ee79b48f5403178
341,ing_pending_0476c159ad7e,Magnesium Chloride,954,954,59,마그네슘클로라이드,Magnesium Chloride,,,official_exact,954,1.000000,,create_canonical,magnesium_chloride,,Y,high,accepted_auto_exact,dominant_name이 KCIA 표준명·영문명·구명칭 중 하나와 exact 일치,2026-06-30,4a523f990553a507c1236c0490bcbb953960861f5da5cddf7ee79b48f5403178
342,ing_pending_83903a23e3df,하이드록시에틸아크릴레이트/소듐아크릴로일다이메틸타우레이트코폴리머,948,948,4655,하이드록시에틸아크릴레이트/소듐아크릴로일다이메틸타우 레이트코폴리머,Hydroxyethyl Acrylate/Sodium Acryloyldimethyl Taurate Copolymer,하이드록시에칠아크릴레이트/소듐아크릴로일디메칠타우레 이트코폴리머,Hydroxyethyl Acrylate/Sodium Acryloyldimethyl Taurate Copolymer,official_exact,948,1.000000,,create_canonical,hydroxyethyl_acrylate_sodium_acryloyldimethyl_taurate_copolymer,,Y,high,accepted_auto_exact,dominant_name이 KCIA 표준명·영문명·구명칭 중 하나와 exact 일치,2026-06-30,4a523f990553a507c1236c0490bcbb953960861f5da5cddf7ee79b48f5403178
343,ing_pending_f6fd037fc6bd,Sclerotium Gum,946,946,1406,스클레로튬검,Sclerotium Gum,,,official_exact,946,1.000000,,create_canonical,sclerotium_gum,,Y,high,accepted_auto_exact,dominant_name이 KCIA 표준명·영문명·구명칭 중 하나와 exact 일치,2026-06-30,4a523f990553a507c1236c0490bcbb953960861f5da5cddf7ee79b48f5403178
344,ing_pending_d398216de190,트레할로오스,942,942,3315,트레할로오스,Trehalose,트레할로스,Trehalose,official_exact,942,1.000000,,create_canonical,trehalose,,Y,high,accepted_auto_exact,dominant_name이 KCIA 표준명·영문명·구명칭 중 하나와 exact 일치,2026-06-30,4a523f990553a507c1236c0490bcbb953960861f5da5cddf7ee79b48f5403178
345,ing_pending_eef58792a781,팔미틱애씨드,941,941,3559,팔미틱애씨드,Palmitic Acid,,,official_exact,941,1.000000,,create_canonical,palmitic_acid,cholesterol_fatty_acids,Y,high,accepted_auto_exact,dominant_name이 KCIA 표준명·영문명·구명칭 중 하나와 exact 일치,2026-06-30,4a523f990553a507c1236c0490bcbb953960861f5da5cddf7ee79b48f5403178
346,ing_pending_66a6d5d94fb4,Aqua,940,940,,,,,,no_official_exact_match,0,0.000000,,manual_review,,,N,low,candidate_unverified,표준명·영문명·구명칭 exact 일치 없음; 기존 alias도 identity 병합 근거로 사용하지 않음,2026-06-30,4a523f990553a507c1236c0490bcbb953960861f5da5cddf7ee79b48f5403178
347,ing_pending_686366ffced9,Yellow 5 (CI 19140),935,935,,,,,,no_official_exact_match,0,0.000000,,manual_review,,,N,low,candidate_unverified,표준명·영문명·구명칭 exact 일치 없음; 기존 alias도 identity 병합 근거로 사용하지 않음,2026-06-30,4a523f990553a507c1236c0490bcbb953960861f5da5cddf7ee79b48f5403178
348,ing_pending_fdeac4de8dc5,Red 28 Lake (Ci 45410),932,932,,,,,,no_official_exact_match,0,0.000000,,manual_review,,,N,low,candidate_unverified,표준명·영문명·구명칭 exact 일치 없음; 기존 alias도 identity 병합 근거로 사용하지 않음,2026-06-30,4a523f990553a507c1236c0490bcbb953960861f5da5cddf7ee79b48f5403178
349,ing_pending_ed40e281ca3a,Valine,930,930,416,발린,Valine,,,official_exact,928,0.997849,,create_canonical,valine,,Y,high,accepted_auto_exact,dominant_name이 KCIA 표준명·영문명·구명칭 중 하나와 exact 일치,2026-06-30,4a523f990553a507c1236c0490bcbb953960861f5da5cddf7ee79b48f5403178
350,ing_pending_61ea76a7837a,Parfum,929,929,,,,,,no_official_exact_match,0,0.000000,,manual_review,,,N,low,candidate_unverified,표준명·영문명·구명칭 exact 일치 없음; 기존 alias도 identity 병합 근거로 사용하지 않음,2026-06-30,4a523f990553a507c1236c0490bcbb953960861f5da5cddf7ee79b48f5403178
351,ing_pending_bd651ac68aab,벤질벤조에이트,929,929,522,벤질벤조에이트,Benzyl Benzoate,,,official_exact,929,1.000000,,create_canonical,benzyl_benzoate,,Y,high,accepted_auto_exact,dominant_name이 KCIA 표준명·영문명·구명칭 중 하나와 exact 일치,2026-06-30,4a523f990553a507c1236c0490bcbb953960861f5da5cddf7ee79b48f5403178
352,ing_pending_ad53abbe6e02,Polyglyceryl-10 Laurate,923,923,3763,폴리글리세릴-10라우레이트,Polyglyceryl-10 Laurate,,,official_exact,920,0.996750,,create_canonical,polyglyceryl_10_laurate,,Y,high,accepted_auto_exact,dominant_name이 KCIA 표준명·영문명·구명칭 중 하나와 exact 일치,2026-06-30,4a523f990553a507c1236c0490bcbb953960861f5da5cddf7ee79b48f5403178
353,ing_pending_94b6f855ea87,Butyloctyl Salicylate,922,922,606,부틸옥틸살리실레이트,Butyloctyl Salicylate,,,official_exact,922,1.000000,,create_canonical,butyloctyl_salicylate,,Y,high,accepted_auto_exact,dominant_name이 KCIA 표준명·영문명·구명칭 중 하나와 exact 일치,2026-06-30,4a523f990553a507c1236c0490bcbb953960861f5da5cddf7ee79b48f5403178
354,ing_pending_0ebc79111751,menthol,918,918,244,멘톨,Menthol,,,official_exact,915,0.996732,,create_canonical,menthol,,Y,high,accepted_auto_exact,dominant_name이 KCIA 표준명·영문명·구명칭 중 하나와 exact 일치,2026-06-30,4a523f990553a507c1236c0490bcbb953960861f5da5cddf7ee79b48f5403178
355,ing_pending_c17e0e992cca,Glyceryl Oleate,917,917,1289,글리세릴올리에이트,Glyceryl Oleate,,,official_exact,917,1.000000,,create_canonical,glyceryl_oleate,,Y,high,accepted_auto_exact,dominant_name이 KCIA 표준명·영문명·구명칭 중 하나와 exact 일치,2026-06-30,4a523f990553a507c1236c0490bcbb953960861f5da5cddf7ee79b48f5403178
356,ing_pending_c194ee90554a,Triethanolamine,917,917,3386,트라이에탄올아민,Triethanolamine,트리에탄올아민,Triethanolamine,official_exact,917,1.000000,,create_canonical,triethanolamine,,Y,high,accepted_auto_exact,dominant_name이 KCIA 표준명·영문명·구명칭 중 하나와 exact 일치,2026-06-30,4a523f990553a507c1236c0490bcbb953960861f5da5cddf7ee79b48f5403178
357,ing_pending_5812d0209c78,Ci 19140 / Yellow 5 Lake,916,916,,,,,,no_official_exact_match,0,0.000000,,manual_review,,,N,low,candidate_unverified,표준명·영문명·구명칭 exact 일치 없음; 기존 alias도 identity 병합 근거로 사용하지 않음,2026-06-30,4a523f990553a507c1236c0490bcbb953960861f5da5cddf7ee79b48f5403178
358,ing_pending_f457d4284755,에틸헥실팔미테이트,914,914,2088,에틸헥실팔미테이트,Ethylhexyl Palmitate,에칠헥실팔미테이트,Ethylhexyl Palmitate,official_exact,914,1.000000,,create_canonical,ethylhexyl_palmitate,,Y,high,accepted_auto_exact,dominant_name이 KCIA 표준명·영문명·구명칭 중 하나와 exact 일치,2026-06-30,4a523f990553a507c1236c0490bcbb953960861f5da5cddf7ee79b48f5403178
359,ing_pending_487092be6237,Isoleucine,911,911,2448,아이소류신,Isoleucine,이소류신,Isoleucine,official_exact,909,0.997805,,create_canonical,isoleucine,,Y,high,accepted_auto_exact,dominant_name이 KCIA 표준명·영문명·구명칭 중 하나와 exact 일치,2026-06-30,4a523f990553a507c1236c0490bcbb953960861f5da5cddf7ee79b48f5403178
360,ing_pending_7c97d3104ade,Sodium Cocoyl Isethionate,911,911,1211,소듐코코일이세티오네이트,Sodium Cocoyl Isethionate,소듐코코일이세치오네이트,Sodium Cocoyl Isethionate,official_exact,910,0.998902,,create_canonical,sodium_cocoyl_isethionate,,Y,high,accepted_auto_exact,dominant_name이 KCIA 표준명·영문명·구명칭 중 하나와 exact 일치,2026-06-30,4a523f990553a507c1236c0490bcbb953960861f5da5cddf7ee79b48f5403178
361,ing_pending_56ef5fb21d7e,암모늄아크릴로일다이메틸타우레이트/브이피코폴리머,909,909,1947,암모늄아크릴로일다이메틸타우레이트/브이피코폴리머,Ammonium Acryloyldimethyltaurate/VP Copolymer,암모늄아크릴로일디메칠타우레이트/브이피코폴리머,Ammonium Acryloyldimethyltaurate/VP Copolymer,official_exact,909,1.000000,,create_canonical,ammonium_acryloyldimethyltaurate_vp_copolymer,,Y,high,accepted_auto_exact,dominant_name이 KCIA 표준명·영문명·구명칭 중 하나와 exact 일치,2026-06-30,4a523f990553a507c1236c0490bcbb953960861f5da5cddf7ee79b48f5403178
362,ing_pending_63596c1039d7,Phytic Acid,909,909,3513,파이틱애씨드,Phytic Acid,,,official_exact,909,1.000000,,create_canonical,phytic_acid,,Y,high,accepted_auto_exact,dominant_name이 KCIA 표준명·영문명·구명칭 중 하나와 exact 일치,2026-06-30,4a523f990553a507c1236c0490bcbb953960861f5da5cddf7ee79b48f5403178
363,ing_pending_b1639df8d022,Ci 42090 (Blue 1 Lake),905,905,,,,,,no_official_exact_match,0,0.000000,,manual_review,,,N,low,candidate_unverified,표준명·영문명·구명칭 exact 일치 없음; 기존 alias도 identity 병합 근거로 사용하지 않음,2026-06-30,4a523f990553a507c1236c0490bcbb953960861f5da5cddf7ee79b48f5403178
364,ing_pending_0de6c6e18a4a,Polyglyceryl-2 Triisostearate,904,904,3811,폴리글리세릴-2트라이아이소스테아레이트,Polyglyceryl-2 Triisostearate,폴리글리세릴-2트리이소스테아레이트,Polyglyceryl-2 Triisostearate,official_exact,904,1.000000,,create_canonical,polyglyceryl_2_triisostearate,,Y,high,accepted_auto_exact,dominant_name이 KCIA 표준명·영문명·구명칭 중 하나와 exact 일치,2026-06-30,4a523f990553a507c1236c0490bcbb953960861f5da5cddf7ee79b48f5403178
365,ing_pending_67722902c29b,마이카,904,904,83,마이카,Mica,,,official_exact,904,1.000000,,create_canonical,mica,,Y,high,accepted_auto_exact,dominant_name이 KCIA 표준명·영문명·구명칭 중 하나와 exact 일치,2026-06-30,4a523f990553a507c1236c0490bcbb953960861f5da5cddf7ee79b48f5403178
366,ing_pending_d468e809f67c,Methyl Methacrylate Crosspolymer,904,904,183,메틸메타크릴레이트크로스폴리머,Methyl Methacrylate Crosspolymer,메칠메타크릴레이트크로스폴리머,Methyl Methacrylate Crosspolymer,official_exact,903,0.998894,,create_canonical,methyl_methacrylate_crosspolymer,,Y,high,accepted_auto_exact,dominant_name이 KCIA 표준명·영문명·구명칭 중 하나와 exact 일치,2026-06-30,4a523f990553a507c1236c0490bcbb953960861f5da5cddf7ee79b48f5403178
367,ing_pending_aa3dacac5b71,Polyisobutene,903,903,3913,폴리아이소부텐,Polyisobutene,폴리이소부텐,Polyisobutene,official_exact,903,1.000000,,create_canonical,polyisobutene,,Y,high,accepted_auto_exact,dominant_name이 KCIA 표준명·영문명·구명칭 중 하나와 exact 일치,2026-06-30,4a523f990553a507c1236c0490bcbb953960861f5da5cddf7ee79b48f5403178
368,ing_pending_16e297df4426,세린,901,901,917,세린,Serine,,,official_exact,901,1.000000,,create_canonical,serine,,Y,high,accepted_auto_exact,dominant_name이 KCIA 표준명·영문명·구명칭 중 하나와 exact 일치,2026-06-30,4a523f990553a507c1236c0490bcbb953960861f5da5cddf7ee79b48f5403178
369,ing_pending_a779dd5c839a,하이드로제네이티드폴리아이소부텐,896,896,4617,하이드로제네이티드폴리아이소부텐,Hydrogenated Polyisobutene,하이드로제네이티드폴리이소부텐,Hydrogenated Polyisobutene,official_exact,896,1.000000,,create_canonical,hydrogenated_polyisobutene,,Y,high,accepted_auto_exact,dominant_name이 KCIA 표준명·영문명·구명칭 중 하나와 exact 일치,2026-06-30,4a523f990553a507c1236c0490bcbb953960861f5da5cddf7ee79b48f5403178
370,ing_pending_678c34bb7ab4,폴리메틸실세스퀴옥세인,890,890,3840,폴리메틸실세스퀴옥세인,Polymethylsilsesquioxane,폴리메칠실세스퀴옥산|폴리메틸실세스퀴옥산,Polymethylsilsesquioxane,official_exact,890,1.000000,,create_canonical,polymethylsilsesquioxane,,Y,high,accepted_auto_exact,dominant_name이 KCIA 표준명·영문명·구명칭 중 하나와 exact 일치,2026-06-30,4a523f990553a507c1236c0490bcbb953960861f5da5cddf7ee79b48f5403178
371,ing_pending_be34f4c1b403,글루코오스,888,888,839,글루코오스,Glucose,,,official_exact,888,1.000000,,create_canonical,glucose,,Y,high,accepted_auto_exact,dominant_name이 KCIA 표준명·영문명·구명칭 중 하나와 exact 일치,2026-06-30,4a523f990553a507c1236c0490bcbb953960861f5da5cddf7ee79b48f5403178
372,ing_pending_115c49e1466e,Stearalkonium Hectorite,884,884,1435,스테아랄코늄헥토라이트,Stearalkonium Hectorite,,,official_exact,884,1.000000,,create_canonical,stearalkonium_hectorite,,Y,high,accepted_auto_exact,dominant_name이 KCIA 표준명·영문명·구명칭 중 하나와 exact 일치,2026-06-30,4a523f990553a507c1236c0490bcbb953960861f5da5cddf7ee79b48f5403178
373,ing_pending_ff72be6cdce5,CI 77007 / ULTRAMARINES,883,883,,,,,,no_official_exact_match,0,0.000000,,manual_review,,,N,low,candidate_unverified,표준명·영문명·구명칭 exact 일치 없음; 기존 alias도 identity 병합 근거로 사용하지 않음,2026-06-30,4a523f990553a507c1236c0490bcbb953960861f5da5cddf7ee79b48f5403178
374,ing_pending_371c19c1479c,Trideceth-6,880,880,3320,트라이데세스-6,Trideceth-6,트리데세스-6,Trideceth-6,official_exact,880,1.000000,,create_canonical,trideceth_6,,Y,high,accepted_auto_exact,dominant_name이 KCIA 표준명·영문명·구명칭 중 하나와 exact 일치,2026-06-30,4a523f990553a507c1236c0490bcbb953960861f5da5cddf7ee79b48f5403178
375,ing_pending_57c093a0c0a5,Curcuma Longa (Turmeric) Root Extract,867,867,3151,울금뿌리추출물,Curcuma Longa (Turmeric) Root Extract,심황뿌리추출물|강황추출물,Curcuma Longa (Turmeric) Root Extract,official_exact,862,0.994233,,create_canonical,curcuma_longa_turmeric_root_extract,,Y,high,accepted_auto_exact,dominant_name이 KCIA 표준명·영문명·구명칭 중 하나와 exact 일치,2026-06-30,4a523f990553a507c1236c0490bcbb953960861f5da5cddf7ee79b48f5403178
376,ing_pending_02bab09fbe28,Ascorbyl Glucoside,861,861,1722,아스코빌글루코사이드,Ascorbyl Glucoside,,,official_exact,855,0.993031,,create_canonical,ascorbyl_glucoside,,Y,high,accepted_auto_exact,dominant_name이 KCIA 표준명·영문명·구명칭 중 하나와 exact 일치,2026-06-30,4a523f990553a507c1236c0490bcbb953960861f5da5cddf7ee79b48f5403178
377,ing_pending_24ba6fe9a356,사이클로펜타실록세인,861,861,769,사이클로펜타실록세인,Cyclopentasiloxane,사이클로펜타실록산,Cyclopentasiloxane,official_exact,861,1.000000,,create_canonical,cyclopentasiloxane,,Y,high,accepted_auto_exact,dominant_name이 KCIA 표준명·영문명·구명칭 중 하나와 exact 일치,2026-06-30,4a523f990553a507c1236c0490bcbb953960861f5da5cddf7ee79b48f5403178
378,ing_pending_5db358dff181,please consult the packaging of the product purchased,861,861,,,,,,no_official_exact_match,0,0.000000,,manual_review,,,N,low,candidate_unverified,표준명·영문명·구명칭 exact 일치 없음; 기존 alias도 identity 병합 근거로 사용하지 않음,2026-06-30,4a523f990553a507c1236c0490bcbb953960861f5da5cddf7ee79b48f5403178
379,ing_pending_a44160225d64,소듐파이테이트,859,859,1234,소듐파이테이트,Sodium Phytate,,,official_exact,859,1.000000,,create_canonical,sodium_phytate,,Y,high,accepted_auto_exact,dominant_name이 KCIA 표준명·영문명·구명칭 중 하나와 exact 일치,2026-06-30,4a523f990553a507c1236c0490bcbb953960861f5da5cddf7ee79b48f5403178
380,ing_pending_5f970d7e5649,C13-15 Alkane,857,857,7831,C13-15알케인,C13-15 Alkane,C13-15알칸,C13-15 Alkane,official_exact,852,0.994166,,create_canonical,c13_15_alkane,,Y,high,accepted_auto_exact,dominant_name이 KCIA 표준명·영문명·구명칭 중 하나와 exact 일치,2026-06-30,4a523f990553a507c1236c0490bcbb953960861f5da5cddf7ee79b48f5403178
381,ing_pending_5101aad13287,합성플루오르플로고파이트,856,856,4833,합성플루오르플로고파이트,Synthetic Fluorphlogopite,합성플루오르고파이트,Synthetic Fluorphlogopite,official_exact,856,1.000000,,create_canonical,synthetic_fluorphlogopite,,Y,high,accepted_auto_exact,dominant_name이 KCIA 표준명·영문명·구명칭 중 하나와 exact 일치,2026-06-30,4a523f990553a507c1236c0490bcbb953960861f5da5cddf7ee79b48f5403178
382,ing_pending_044cfeb5edad,Red 6 (Ci 15850),854,854,,,,,,no_official_exact_match,0,0.000000,,manual_review,,,N,low,candidate_unverified,표준명·영문명·구명칭 exact 일치 없음; 기존 alias도 identity 병합 근거로 사용하지 않음,2026-06-30,4a523f990553a507c1236c0490bcbb953960861f5da5cddf7ee79b48f5403178
383,ing_pending_11e567a5ff52,하이드롤라이즈드콜라겐,854,854,4796,하이드롤라이즈드콜라겐,Hydrolyzed Collagen,,,official_exact,854,1.000000,,create_canonical,hydrolyzed_collagen,,Y,high,accepted_auto_exact,dominant_name이 KCIA 표준명·영문명·구명칭 중 하나와 exact 일치,2026-06-30,4a523f990553a507c1236c0490bcbb953960861f5da5cddf7ee79b48f5403178
384,ing_pending_7cbf9246de41,Hydrolyzed Soy Protein,851,851,4802,하이드롤라이즈드콩단백질,Hydrolyzed Soy Protein,,,official_exact,848,0.996475,,create_canonical,hydrolyzed_soy_protein,,Y,high,accepted_auto_exact,dominant_name이 KCIA 표준명·영문명·구명칭 중 하나와 exact 일치,2026-06-30,4a523f990553a507c1236c0490bcbb953960861f5da5cddf7ee79b48f5403178
385,ing_pending_2634010a1f62,Manganese Violet (Ci 77742),843,843,,,,,,no_official_exact_match,0,0.000000,,manual_review,,,N,low,candidate_unverified,표준명·영문명·구명칭 exact 일치 없음; 기존 alias도 identity 병합 근거로 사용하지 않음,2026-06-30,4a523f990553a507c1236c0490bcbb953960861f5da5cddf7ee79b48f5403178
386,ing_pending_387c974b498e,아르간커넬오일,842,842,1641,아르간커넬오일,Argania Spinosa Kernel Oil,아르간트리커넬오일,Argania Spinosa Kernel Oil,official_exact,842,1.000000,,create_canonical,argania_spinosa_kernel_oil,,Y,high,accepted_auto_exact,dominant_name이 KCIA 표준명·영문명·구명칭 중 하나와 exact 일치,2026-06-30,4a523f990553a507c1236c0490bcbb953960861f5da5cddf7ee79b48f5403178
387,ing_pending_7a9770cffedd,Butyl Methoxydibenzoylmethane,841,841,594,부틸메톡시디벤조일메탄,Butyl Methoxydibenzoylmethane,,,official_exact,841,1.000000,,create_canonical,butyl_methoxydibenzoylmethane,,Y,high,accepted_auto_exact,dominant_name이 KCIA 표준명·영문명·구명칭 중 하나와 exact 일치,2026-06-30,4a523f990553a507c1236c0490bcbb953960861f5da5cddf7ee79b48f5403178
388,ing_pending_bf86770f3c63,콜레스테롤,832,832,3087,콜레스테롤,Cholesterol,,,official_exact,832,1.000000,,create_canonical,cholesterol,cholesterol_fatty_acids,Y,high,accepted_auto_exact,dominant_name이 KCIA 표준명·영문명·구명칭 중 하나와 exact 일치,2026-06-30,4a523f990553a507c1236c0490bcbb953960861f5da5cddf7ee79b48f5403178
389,ing_pending_623adaae178d,쿠마린,831,831,3132,쿠마린,Coumarin,,,official_exact,831,1.000000,,create_canonical,coumarin,,Y,high,accepted_auto_exact,dominant_name이 KCIA 표준명·영문명·구명칭 중 하나와 exact 일치,2026-06-30,4a523f990553a507c1236c0490bcbb953960861f5da5cddf7ee79b48f5403178
390,ing_pending_06166ecf5463,Rosa Canina Fruit Oil,827,827,5521,로즈힙열매오일,Rosa Canina Fruit Oil,,,official_exact,827,1.000000,,create_canonical,rosa_canina_fruit_oil,,Y,high,accepted_auto_exact,dominant_name이 KCIA 표준명·영문명·구명칭 중 하나와 exact 일치,2026-06-30,4a523f990553a507c1236c0490bcbb953960861f5da5cddf7ee79b48f5403178
391,ing_pending_0005105118b0,Helianthus Annuus (Sunflower) Seed Wax,825,825,,,,,,no_official_exact_match,0,0.000000,,manual_review,,,N,low,candidate_unverified,표준명·영문명·구명칭 exact 일치 없음; 기존 alias도 identity 병합 근거로 사용하지 않음,2026-06-30,4a523f990553a507c1236c0490bcbb953960861f5da5cddf7ee79b48f5403178
392,ing_pending_2a200c24013c,합성왁스,820,820,4831,합성왁스,Synthetic Wax,,,official_exact,820,1.000000,,create_canonical,synthetic_wax,,Y,high,accepted_auto_exact,dominant_name이 KCIA 표준명·영문명·구명칭 중 하나와 exact 일치,2026-06-30,4a523f990553a507c1236c0490bcbb953960861f5da5cddf7ee79b48f5403178
393,ing_pending_73f2902debe5,Coconut Acid,820,820,3047,코코넛애씨드,Coconut Acid,코코넛지방산,,official_exact,820,1.000000,,create_canonical,coconut_acid,,Y,high,accepted_auto_exact,dominant_name이 KCIA 표준명·영문명·구명칭 중 하나와 exact 일치,2026-06-30,4a523f990553a507c1236c0490bcbb953960861f5da5cddf7ee79b48f5403178
394,ing_pending_4d14b82c83ae,CI 19140 (Yellow 5),817,817,,,,,,no_official_exact_match,0,0.000000,,manual_review,,,N,low,candidate_unverified,표준명·영문명·구명칭 exact 일치 없음; 기존 alias도 identity 병합 근거로 사용하지 않음,2026-06-30,4a523f990553a507c1236c0490bcbb953960861f5da5cddf7ee79b48f5403178
395,ing_pending_e7299ee2bbfb,프로판다이올,816,816,3986,프로판다이올,Propanediol,프로판디올,Propanediol,official_exact,816,1.000000,,create_canonical,propanediol,,Y,high,accepted_auto_exact,dominant_name이 KCIA 표준명·영문명·구명칭 중 하나와 exact 일치,2026-06-30,4a523f990553a507c1236c0490bcbb953960861f5da5cddf7ee79b48f5403178
396,ing_pending_9970bf60c27a,Retinyl Palmitate,815,815,5493,레티닐팔미테이트,Retinyl Palmitate,,,official_exact,814,0.998773,,create_canonical,retinyl_palmitate,,Y,high,accepted_auto_exact,dominant_name이 KCIA 표준명·영문명·구명칭 중 하나와 exact 일치,2026-06-30,4a523f990553a507c1236c0490bcbb953960861f5da5cddf7ee79b48f5403178
397,ing_pending_be11234b865a,Hydrolyzed Vegetable Protein PG-Propyl Silanetriol,814,814,4762,하이드롤라이즈드식물성단백질피지-프로필실란트라이올,Hydrolyzed Vegetable Protein PG-Propyl Silanetriol,하이드롤라이즈드식물성단백질피지-프로필실란트리올,Hydrolyzed Vegetable Protein PG-Propyl Silanetriol,official_exact,814,1.000000,,create_canonical,hydrolyzed_vegetable_protein_pg_propyl_silanetriol,,Y,high,accepted_auto_exact,dominant_name이 KCIA 표준명·영문명·구명칭 중 하나와 exact 일치,2026-06-30,4a523f990553a507c1236c0490bcbb953960861f5da5cddf7ee79b48f5403178
398,ing_pending_0ab0c7ac69b3,Citrus Aurantium Peel Oil,806,806,,,,,,no_official_exact_match,0,0.000000,,manual_review,,,N,low,candidate_unverified,표준명·영문명·구명칭 exact 일치 없음; 기존 alias도 identity 병합 근거로 사용하지 않음,2026-06-30,4a523f990553a507c1236c0490bcbb953960861f5da5cddf7ee79b48f5403178
399,ing_pending_9468053f5262,레시틴,806,806,5485,레시틴,Lecithin,,,official_exact,806,1.000000,,create_canonical,lecithin,,Y,high,accepted_auto_exact,dominant_name이 KCIA 표준명·영문명·구명칭 중 하나와 exact 일치,2026-06-30,4a523f990553a507c1236c0490bcbb953960861f5da5cddf7ee79b48f5403178
400,ing_pending_61c77924e828,Methyl Trimethicone,804,804,212,메틸트라이메티콘,Methyl Trimethicone,메칠트리메치콘,Methyl Trimethicone,official_exact,803,0.998756,,create_canonical,methyl_trimethicone,,Y,high,accepted_auto_exact,dominant_name이 KCIA 표준명·영문명·구명칭 중 하나와 exact 일치,2026-06-30,4a523f990553a507c1236c0490bcbb953960861f5da5cddf7ee79b48f5403178
401,ing_pending_9009aaf4c1ab,Sodium Methyl Cocoyl Taurate,804,804,1096,소듐메틸코코일타우레이트,Sodium Methyl Cocoyl Taurate,소듐메칠코코일타우레이트,Sodium Methyl Cocoyl Taurate,official_exact,804,1.000000,,create_canonical,sodium_methyl_cocoyl_taurate,,Y,high,accepted_auto_exact,dominant_name이 KCIA 표준명·영문명·구명칭 중 하나와 exact 일치,2026-06-30,4a523f990553a507c1236c0490bcbb953960861f5da5cddf7ee79b48f5403178
402,ing_pending_6280ee222dec,Ethylhexyl Methoxycinnamate,803,803,2078,에칠헥실메톡시신나메이트,Ethylhexyl Methoxycinnamate,,,official_exact,803,1.000000,,create_canonical,ethylhexyl_methoxycinnamate,,Y,high,accepted_auto_exact,dominant_name이 KCIA 표준명·영문명·구명칭 중 하나와 exact 일치,2026-06-30,4a523f990553a507c1236c0490bcbb953960861f5da5cddf7ee79b48f5403178
403,ing_pending_37588fc776b2,Moringa Oleifera Seed Oil,800,800,7622,드럼스틱씨오일,Moringa Oleifera Seed Oil,드럼스틱나무씨오일,Moringa Pterygosperma Seed Oil,official_exact,799,0.998750,,create_canonical,moringa_oleifera_seed_oil,,Y,high,accepted_auto_exact,dominant_name이 KCIA 표준명·영문명·구명칭 중 하나와 exact 일치,2026-06-30,4a523f990553a507c1236c0490bcbb953960861f5da5cddf7ee79b48f5403178
404,ing_pending_f49f463b8a90,Citrus Aurantium Bergamia (Bergamot) Fruit Oil,798,798,459,베르가모트오일,Citrus Aurantium Bergamia (Bergamot) Fruit Oil,베르가모트열매오일,Citrus Aurantium Bergamia (Bergamot) Fruit Oil,official_exact,779,0.976190,,create_canonical,citrus_aurantium_bergamia_bergamot_fruit_oil,,Y,high,accepted_auto_exact,dominant_name이 KCIA 표준명·영문명·구명칭 중 하나와 exact 일치,2026-06-30,4a523f990553a507c1236c0490bcbb953960861f5da5cddf7ee79b48f5403178
405,ing_pending_5830c0d1d488,포타슘하이알루로네이트,795,795,3711,포타슘하이알루로네이트,Potassium Hyaluronate,,,official_exact,795,1.000000,,create_canonical,potassium_hyaluronate,hyaluronic_acid,Y,high,accepted_auto_exact,dominant_name이 KCIA 표준명·영문명·구명칭 중 하나와 exact 일치,2026-06-30,4a523f990553a507c1236c0490bcbb953960861f5da5cddf7ee79b48f5403178
406,ing_pending_0b6d67d93f88,magnesium aluminum silicate,794,794,53,마그네슘알루미늄실리케이트,Magnesium Aluminum Silicate,,,official_exact,793,0.998741,,create_canonical,magnesium_aluminum_silicate,,Y,high,accepted_auto_exact,dominant_name이 KCIA 표준명·영문명·구명칭 중 하나와 exact 일치,2026-06-30,4a523f990553a507c1236c0490bcbb953960861f5da5cddf7ee79b48f5403178
407,ing_pending_2a63e04f4fe4,세틸알코올,794,794,996,세틸알코올,Cetyl Alcohol,,,official_exact,794,1.000000,,create_canonical,cetyl_alcohol,,Y,high,accepted_auto_exact,dominant_name이 KCIA 표준명·영문명·구명칭 중 하나와 exact 일치,2026-06-30,4a523f990553a507c1236c0490bcbb953960861f5da5cddf7ee79b48f5403178
408,ing_pending_003dc3a6e5c4,Caprylyl/Capryl Glucoside,793,793,2929,카프릴릴/카프릴글루코사이드,Caprylyl/Capryl Glucoside,,,official_exact,791,0.997478,,create_canonical,caprylyl_capryl_glucoside,,Y,high,accepted_auto_exact,dominant_name이 KCIA 표준명·영문명·구명칭 중 하나와 exact 일치,2026-06-30,4a523f990553a507c1236c0490bcbb953960861f5da5cddf7ee79b48f5403178
409,ing_pending_6e538f64de8d,PEG-9 Polydimethylsiloxyethyl Dimethicone,792,792,4360,피이지-9폴리다이메틸실록시에틸다이메티콘,PEG-9 Polydimethylsiloxyethyl Dimethicone,피이지-9폴리디메칠실록시에칠디메치콘,PEG-9 Polydimethylsiloxyethyl Dimethicone,official_exact,792,1.000000,,create_canonical,peg_9_polydimethylsiloxyethyl_dimethicone,,Y,high,accepted_auto_exact,dominant_name이 KCIA 표준명·영문명·구명칭 중 하나와 exact 일치,2026-06-30,4a523f990553a507c1236c0490bcbb953960861f5da5cddf7ee79b48f5403178
410,ing_pending_0ed8842c8b35,Hydrogen Dimethicone,790,790,4534,하이드로젠다이메티콘,Hydrogen Dimethicone,디메치콘/메치콘코폴리머|하이드로젠디메치콘,Dimethicone/Methicone Copolymer,official_exact,790,1.000000,,create_canonical,hydrogen_dimethicone,,Y,high,accepted_auto_exact,dominant_name이 KCIA 표준명·영문명·구명칭 중 하나와 exact 일치,2026-06-30,4a523f990553a507c1236c0490bcbb953960861f5da5cddf7ee79b48f5403178
411,ing_pending_c164d7dbf8b7,Magnesium Stearate,790,790,47,마그네슘스테아레이트,Magnesium Stearate,,,official_exact,790,1.000000,,create_canonical,magnesium_stearate,,Y,high,accepted_auto_exact,dominant_name이 KCIA 표준명·영문명·구명칭 중 하나와 exact 일치,2026-06-30,4a523f990553a507c1236c0490bcbb953960861f5da5cddf7ee79b48f5403178
412,ing_pending_3881b3619dd5,다이메티콘/비닐다이메티콘크로스폴리머,785,785,4545,다이메티콘/비닐다이메티콘크로스폴리머,Dimethicone/Vinyl Dimethicone Crosspolymer,디메치콘/비닐디메치콘크로스폴리머,Dimethicone/Vinyl Dimethicone Crosspolymer,official_exact,785,1.000000,,create_canonical,dimethicone_vinyl_dimethicone_crosspolymer,,Y,high,accepted_auto_exact,dominant_name이 KCIA 표준명·영문명·구명칭 중 하나와 exact 일치,2026-06-30,4a523f990553a507c1236c0490bcbb953960861f5da5cddf7ee79b48f5403178
413,ing_pending_7d7ccc8dc3ba,글라이신,785,785,483,글라이신,Glycine,,,official_exact,785,1.000000,,create_canonical,glycine,,Y,high,accepted_auto_exact,dominant_name이 KCIA 표준명·영문명·구명칭 중 하나와 exact 일치,2026-06-30,4a523f990553a507c1236c0490bcbb953960861f5da5cddf7ee79b48f5403178
414,ing_pending_c1d5ceebedc3,세테아릴올리베이트,785,785,976,세테아릴올리베이트,Cetearyl Olivate,,,official_exact,785,1.000000,,create_canonical,cetearyl_olivate,,Y,high,accepted_auto_exact,dominant_name이 KCIA 표준명·영문명·구명칭 중 하나와 exact 일치,2026-06-30,4a523f990553a507c1236c0490bcbb953960861f5da5cddf7ee79b48f5403178
415,ing_pending_bdf216436392,베헤닐알코올,782,782,491,베헤닐알코올,Behenyl Alcohol,,,official_exact,782,1.000000,,create_canonical,behenyl_alcohol,,Y,high,accepted_auto_exact,dominant_name이 KCIA 표준명·영문명·구명칭 중 하나와 exact 일치,2026-06-30,4a523f990553a507c1236c0490bcbb953960861f5da5cddf7ee79b48f5403178
416,ing_pending_0e1ae9322504,아시아틱애씨드,780,780,1740,아시아틱애씨드,Asiatic Acid,,,official_exact,780,1.000000,,create_canonical,asiatic_acid,,Y,high,accepted_auto_exact,dominant_name이 KCIA 표준명·영문명·구명칭 중 하나와 exact 일치,2026-06-30,4a523f990553a507c1236c0490bcbb953960861f5da5cddf7ee79b48f5403178
417,ing_pending_054be79988d4,Sodium Lauroyl Lactylate,777,777,1070,소듐라우로일락틸레이트,Sodium Lauroyl Lactylate,,,official_exact,776,0.998713,,create_canonical,sodium_lauroyl_lactylate,,Y,high,accepted_auto_exact,dominant_name이 KCIA 표준명·영문명·구명칭 중 하나와 exact 일치,2026-06-30,4a523f990553a507c1236c0490bcbb953960861f5da5cddf7ee79b48f5403178
418,ing_pending_2a5e70255220,Hydrogenated Polydecene,777,777,4614,하이드로제네이티드폴리데센,Hydrogenated Polydecene,,,official_exact,777,1.000000,,create_canonical,hydrogenated_polydecene,,Y,high,accepted_auto_exact,dominant_name이 KCIA 표준명·영문명·구명칭 중 하나와 exact 일치,2026-06-30,4a523f990553a507c1236c0490bcbb953960861f5da5cddf7ee79b48f5403178
419,ing_pending_b48936105b7e,페닐트라이메티콘,776,776,3586,페닐트라이메티콘,Phenyl Trimethicone,페닐트리메치콘,Phenyl Trimethicone,official_exact,776,1.000000,,create_canonical,phenyl_trimethicone,,Y,high,accepted_auto_exact,dominant_name이 KCIA 표준명·영문명·구명칭 중 하나와 exact 일치,2026-06-30,4a523f990553a507c1236c0490bcbb953960861f5da5cddf7ee79b48f5403178
420,ing_pending_1ef0dd9a6abf,Polyglycerin-3,773,773,3730,폴리글리세린-3,Polyglycerin-3,,,official_exact,770,0.996119,,create_canonical,polyglycerin_3,,Y,high,accepted_auto_exact,dominant_name이 KCIA 표준명·영문명·구명칭 중 하나와 exact 일치,2026-06-30,4a523f990553a507c1236c0490bcbb953960861f5da5cddf7ee79b48f5403178
421,ing_pending_5af2ced9b7f5,소듐하이드록사이드,771,771,1263,소듐하이드록사이드,Sodium Hydroxide,,,official_exact,771,1.000000,,create_canonical,sodium_hydroxide,,Y,high,accepted_auto_exact,dominant_name이 KCIA 표준명·영문명·구명칭 중 하나와 exact 일치,2026-06-30,4a523f990553a507c1236c0490bcbb953960861f5da5cddf7ee79b48f5403178
422,ing_pending_10d6c77df0e3,마데카식애씨드,770,770,71,마데카식애씨드,Madecassic Acid,,,official_exact,770,1.000000,,create_canonical,madecassic_acid,,Y,high,accepted_auto_exact,dominant_name이 KCIA 표준명·영문명·구명칭 중 하나와 exact 일치,2026-06-30,4a523f990553a507c1236c0490bcbb953960861f5da5cddf7ee79b48f5403178
423,ing_pending_7f47b1fe40b3,아이소도데케인,770,770,2445,아이소도데케인,Isododecane,이소도데칸,Isododecane,official_exact,770,1.000000,,create_canonical,isododecane,,Y,high,accepted_auto_exact,dominant_name이 KCIA 표준명·영문명·구명칭 중 하나와 exact 일치,2026-06-30,4a523f990553a507c1236c0490bcbb953960861f5da5cddf7ee79b48f5403178
424,ing_pending_a66a0dee6242,청색1호,770,770,2821,청색1호,Brilliant Blue FCF,,,official_exact,770,1.000000,,create_canonical,brilliant_blue_fcf,,Y,high,accepted_auto_exact,dominant_name이 KCIA 표준명·영문명·구명칭 중 하나와 exact 일치,2026-06-30,4a523f990553a507c1236c0490bcbb953960861f5da5cddf7ee79b48f5403178
425,ing_pending_68b245fe99b1,Ethylhexyl Salicylate,768,768,2079,에칠헥실살리실레이트,Ethylhexyl Salicylate,,,official_exact,768,1.000000,,create_canonical,ethylhexyl_salicylate,,Y,high,accepted_auto_exact,dominant_name이 KCIA 표준명·영문명·구명칭 중 하나와 exact 일치,2026-06-30,4a523f990553a507c1236c0490bcbb953960861f5da5cddf7ee79b48f5403178
426,ing_pending_b53586d23b18,Hydrolyzed Vegetable Protein,766,766,4761,하이드롤라이즈드식물성단백질,Hydrolyzed Vegetable Protein,,,official_exact,765,0.998695,,create_canonical,hydrolyzed_vegetable_protein,,Y,high,accepted_auto_exact,dominant_name이 KCIA 표준명·영문명·구명칭 중 하나와 exact 일치,2026-06-30,4a523f990553a507c1236c0490bcbb953960861f5da5cddf7ee79b48f5403178
427,ing_pending_e5487fde37f6,카프릴릴메티콘,765,765,2927,카프릴릴메티콘,Caprylyl Methicone,카프릴릴메치콘,Caprylyl Methicone,official_exact,765,1.000000,,create_canonical,caprylyl_methicone,,Y,high,accepted_auto_exact,dominant_name이 KCIA 표준명·영문명·구명칭 중 하나와 exact 일치,2026-06-30,4a523f990553a507c1236c0490bcbb953960861f5da5cddf7ee79b48f5403178
428,ing_pending_2091bb2b9d31,소듐폴리아크릴레이트,761,761,1253,소듐폴리아크릴레이트,Sodium Polyacrylate,,,official_exact,761,1.000000,,create_canonical,sodium_polyacrylate,,Y,high,accepted_auto_exact,dominant_name이 KCIA 표준명·영문명·구명칭 중 하나와 exact 일치,2026-06-30,4a523f990553a507c1236c0490bcbb953960861f5da5cddf7ee79b48f5403178
429,ing_pending_80acb6afafae,마이크로크리스탈린왁스,759,759,86,마이크로크리스탈린왁스,Microcrystalline Wax,세라마이크로크리스탈리나,Cera Microcristallina,official_exact,759,1.000000,,create_canonical,microcrystalline_wax,,Y,high,accepted_auto_exact,dominant_name이 KCIA 표준명·영문명·구명칭 중 하나와 exact 일치,2026-06-30,4a523f990553a507c1236c0490bcbb953960861f5da5cddf7ee79b48f5403178
430,ing_pending_d818248ce2b3,Dextrin,755,755,3787,덱스트린,Dextrin,,,official_exact,755,1.000000,,create_canonical,dextrin,,Y,high,accepted_auto_exact,dominant_name이 KCIA 표준명·영문명·구명칭 중 하나와 exact 일치,2026-06-30,4a523f990553a507c1236c0490bcbb953960861f5da5cddf7ee79b48f5403178
431,ing_pending_dcd3976d87af,Sodium Laureth Sulfate,755,755,1051,소듐라우레스설페이트,Sodium Laureth Sulfate,,,official_exact,755,1.000000,,create_canonical,sodium_laureth_sulfate,,Y,high,accepted_auto_exact,dominant_name이 KCIA 표준명·영문명·구명칭 중 하나와 exact 일치,2026-06-30,4a523f990553a507c1236c0490bcbb953960861f5da5cddf7ee79b48f5403178
432,ing_pending_0ccd5c264dbe,Polyglyceryl-6 Polyricinoleate,754,754,3822,폴리글리세릴-6폴리리시놀리에이트,Polyglyceryl-6 Polyricinoleate,,,official_exact,753,0.998674,,create_canonical,polyglyceryl_6_polyricinoleate,,Y,high,accepted_auto_exact,dominant_name이 KCIA 표준명·영문명·구명칭 중 하나와 exact 일치,2026-06-30,4a523f990553a507c1236c0490bcbb953960861f5da5cddf7ee79b48f5403178
433,ing_pending_b5f923a0e487,Pentaerythrityl Tetraisostearate,754,754,3628,펜타에리스리틸테트라아이소스테아레이트,Pentaerythrityl Tetraisostearate,펜타에리스리틸테트라이소스테아레이트,Pentaerythrityl Tetraisostearate,official_exact,754,1.000000,,create_canonical,pentaerythrityl_tetraisostearate,,Y,high,accepted_auto_exact,dominant_name이 KCIA 표준명·영문명·구명칭 중 하나와 exact 일치,2026-06-30,4a523f990553a507c1236c0490bcbb953960861f5da5cddf7ee79b48f5403178
434,ing_pending_78e6111764f5,Phenethyl Alcohol,750,750,3578,페네틸알코올,Phenethyl Alcohol,페네칠알코올,Phenethyl Alcohol,official_exact,750,1.000000,,create_canonical,phenethyl_alcohol,,Y,high,accepted_auto_exact,dominant_name이 KCIA 표준명·영문명·구명칭 중 하나와 exact 일치,2026-06-30,4a523f990553a507c1236c0490bcbb953960861f5da5cddf7ee79b48f5403178
435,ing_pending_36a0be553c3c,폴리글리세릴-2트라이아이소스테아레이트,749,749,3811,폴리글리세릴-2트라이아이소스테아레이트,Polyglyceryl-2 Triisostearate,폴리글리세릴-2트리이소스테아레이트,Polyglyceryl-2 Triisostearate,official_exact,749,1.000000,,create_canonical,polyglyceryl_2_triisostearate,,Y,high,accepted_auto_exact,dominant_name이 KCIA 표준명·영문명·구명칭 중 하나와 exact 일치,2026-06-30,4a523f990553a507c1236c0490bcbb953960861f5da5cddf7ee79b48f5403178
436,ing_pending_94baa352b2b9,Bismuth Oxychloride (CI 77163),748,748,,,,,,no_official_exact_match,0,0.000000,,manual_review,,,N,low,candidate_unverified,표준명·영문명·구명칭 exact 일치 없음; 기존 alias도 identity 병합 근거로 사용하지 않음,2026-06-30,4a523f990553a507c1236c0490bcbb953960861f5da5cddf7ee79b48f5403178
437,ing_pending_cee8251326f0,Caramel,747,747,2864,카라멜,Caramel,,,official_exact,746,0.998661,,create_canonical,caramel,,Y,high,accepted_auto_exact,dominant_name이 KCIA 표준명·영문명·구명칭 중 하나와 exact 일치,2026-06-30,4a523f990553a507c1236c0490bcbb953960861f5da5cddf7ee79b48f5403178
438,ing_pending_d963f22a3fcf,Hydrogenated Vegetable Oil,745,745,4566,하이드로제네이티드식물성오일,Hydrogenated Vegetable Oil,,,official_exact,744,0.998658,,create_canonical,hydrogenated_vegetable_oil,,Y,high,accepted_auto_exact,dominant_name이 KCIA 표준명·영문명·구명칭 중 하나와 exact 일치,2026-06-30,4a523f990553a507c1236c0490bcbb953960861f5da5cddf7ee79b48f5403178
439,ing_pending_bf3bd12f5f23,비에이치티,744,744,719,비에이치티,BHT,,,official_exact,744,1.000000,,create_canonical,bht,,Y,high,accepted_auto_exact,dominant_name이 KCIA 표준명·영문명·구명칭 중 하나와 exact 일치,2026-06-30,4a523f990553a507c1236c0490bcbb953960861f5da5cddf7ee79b48f5403178
440,ing_pending_d8f861ff8059,하이드로제네이티드레시틴,744,744,4546,하이드로제네이티드레시틴,Hydrogenated Lecithin,,,official_exact,744,1.000000,,create_canonical,hydrogenated_lecithin,,Y,high,accepted_auto_exact,dominant_name이 KCIA 표준명·영문명·구명칭 중 하나와 exact 일치,2026-06-30,4a523f990553a507c1236c0490bcbb953960861f5da5cddf7ee79b48f5403178
441,ing_pending_c65dbe74c263,Theobroma Cacao (Cocoa) Seed Butter,740,740,2898,카카오씨버터,Theobroma Cacao (Cocoa) Seed Butter,카카오씨드버터|코코아버터,Theobroma Cacao (Cocoa) Seed Butter|Cocoa butter,official_exact,739,0.998649,,create_canonical,theobroma_cacao_cocoa_seed_butter,,Y,high,accepted_auto_exact,dominant_name이 KCIA 표준명·영문명·구명칭 중 하나와 exact 일치,2026-06-30,4a523f990553a507c1236c0490bcbb953960861f5da5cddf7ee79b48f5403178
442,ing_pending_8e0230078276,Triethylhexanoin,738,738,3383,트라이에틸헥사노인,Triethylhexanoin,트리에칠헥사노인,Triethylhexanoin,official_exact,738,1.000000,,create_canonical,triethylhexanoin,,Y,high,accepted_auto_exact,dominant_name이 KCIA 표준명·영문명·구명칭 중 하나와 exact 일치,2026-06-30,4a523f990553a507c1236c0490bcbb953960861f5da5cddf7ee79b48f5403178
443,ing_pending_068d31809229,Rosmarinus Officinalis (Rosemary) Leaf Oil,736,736,5512,로즈마리잎오일,Rosmarinus Officinalis (Rosemary) Leaf Oil,,,official_exact,728,0.989130,,create_canonical,rosmarinus_officinalis_rosemary_leaf_oil,,Y,high,accepted_auto_exact,dominant_name이 KCIA 표준명·영문명·구명칭 중 하나와 exact 일치,2026-06-30,4a523f990553a507c1236c0490bcbb953960861f5da5cddf7ee79b48f5403178
444,ing_pending_c740c4f27234,Coco-Betaine,734,734,3058,코코-베타인,Coco-Betaine,,,official_exact,730,0.994550,,create_canonical,coco_betaine,,Y,high,accepted_auto_exact,dominant_name이 KCIA 표준명·영문명·구명칭 중 하나와 exact 일치,2026-06-30,4a523f990553a507c1236c0490bcbb953960861f5da5cddf7ee79b48f5403178
445,ing_pending_fdbf1d1bc518,Propylparaben,732,732,4018,프로필파라벤,Propylparaben,,,official_exact,732,1.000000,,create_canonical,propylparaben,,Y,high,accepted_auto_exact,dominant_name이 KCIA 표준명·영문명·구명칭 중 하나와 exact 일치,2026-06-30,4a523f990553a507c1236c0490bcbb953960861f5da5cddf7ee79b48f5403178
446,ing_pending_ab11dd3fc7e7,Acacia Senegal Gum,726,726,1629,아라비아고무나무검,Acacia Senegal Gum,아라비아고무,Acacia Senegal Gum,official_exact,726,1.000000,,create_canonical,acacia_senegal_gum,,Y,high,accepted_auto_exact,dominant_name이 KCIA 표준명·영문명·구명칭 중 하나와 exact 일치,2026-06-30,4a523f990553a507c1236c0490bcbb953960861f5da5cddf7ee79b48f5403178
447,ing_pending_daca7e809289,Carmine (CI 75470),724,724,,,,,,no_official_exact_match,0,0.000000,,manual_review,,,N,low,candidate_unverified,표준명·영문명·구명칭 exact 일치 없음; 기존 alias도 identity 병합 근거로 사용하지 않음,2026-06-30,4a523f990553a507c1236c0490bcbb953960861f5da5cddf7ee79b48f5403178
448,ing_pending_ba54e106f57a,인도멀구슬나무잎추출물,723,723,2556,인도멀구슬나무잎추출물,Melia Azadirachta Leaf Extract,,,official_exact,723,1.000000,,create_canonical,melia_azadirachta_leaf_extract,,Y,high,accepted_auto_exact,dominant_name이 KCIA 표준명·영문명·구명칭 중 하나와 exact 일치,2026-06-30,4a523f990553a507c1236c0490bcbb953960861f5da5cddf7ee79b48f5403178
449,ing_pending_322da070ab60,말토덱스트린,718,718,125,말토덱스트린,Maltodextrin,,,official_exact,718,1.000000,,create_canonical,maltodextrin,,Y,high,accepted_auto_exact,dominant_name이 KCIA 표준명·영문명·구명칭 중 하나와 exact 일치,2026-06-30,4a523f990553a507c1236c0490bcbb953960861f5da5cddf7ee79b48f5403178
450,ing_pending_392d3db872d9,에칠헥실메톡시신나메이트,718,718,2078,에칠헥실메톡시신나메이트,Ethylhexyl Methoxycinnamate,,,official_exact,718,1.000000,,create_canonical,ethylhexyl_methoxycinnamate,,Y,high,accepted_auto_exact,dominant_name이 KCIA 표준명·영문명·구명칭 중 하나와 exact 일치,2026-06-30,4a523f990553a507c1236c0490bcbb953960861f5da5cddf7ee79b48f5403178
451,ing_pending_6025e04f6bfc,Lauryl Glucoside,718,718,5374,라우릴글루코사이드,Lauryl Glucoside,,,official_exact,716,0.997214,,create_canonical,lauryl_glucoside,,Y,high,accepted_auto_exact,dominant_name이 KCIA 표준명·영문명·구명칭 중 하나와 exact 일치,2026-06-30,4a523f990553a507c1236c0490bcbb953960861f5da5cddf7ee79b48f5403178
452,ing_pending_91a12d45d067,소듐스테아로일글루타메이트,718,718,1139,소듐스테아로일글루타메이트,Sodium Stearoyl Glutamate,,,official_exact,718,1.000000,,create_canonical,sodium_stearoyl_glutamate,,Y,high,accepted_auto_exact,dominant_name이 KCIA 표준명·영문명·구명칭 중 하나와 exact 일치,2026-06-30,4a523f990553a507c1236c0490bcbb953960861f5da5cddf7ee79b48f5403178
453,ing_pending_97eb421dbbc7,Hydrolyzed Wheat Protein,714,714,4744,하이드롤라이즈드밀단백질,Hydrolyzed Wheat Protein,,,official_exact,712,0.997199,,create_canonical,hydrolyzed_wheat_protein,,Y,high,accepted_auto_exact,dominant_name이 KCIA 표준명·영문명·구명칭 중 하나와 exact 일치,2026-06-30,4a523f990553a507c1236c0490bcbb953960861f5da5cddf7ee79b48f5403178
454,ing_pending_0b6f643e6261,Oryza Sativa (Rice) Extract,712,712,,,,,,official_exact_ambiguous,0,0.000000,1587|8831|23985,manual_review,,,N,low,candidate_unverified,같은 표기가 둘 이상의 KCIA 성분코드와 일치,2026-06-30,4a523f990553a507c1236c0490bcbb953960861f5da5cddf7ee79b48f5403178
455,ing_pending_99ca380d9858,디에칠아미노하이드록시벤조일헥실벤조에이트,712,712,5170,디에칠아미노하이드록시벤조일헥실벤조에이트,Diethylamino Hydroxybenzoyl Hexyl Benzoate,,,official_exact,712,1.000000,,create_canonical,diethylamino_hydroxybenzoyl_hexyl_benzoate,,Y,high,accepted_auto_exact,dominant_name이 KCIA 표준명·영문명·구명칭 중 하나와 exact 일치,2026-06-30,4a523f990553a507c1236c0490bcbb953960861f5da5cddf7ee79b48f5403178
456,ing_pending_3984b90e35ab,데실글루코사이드,711,711,3589,데실글루코사이드,Decyl Glucoside,,,official_exact,711,1.000000,,create_canonical,decyl_glucoside,,Y,high,accepted_auto_exact,dominant_name이 KCIA 표준명·영문명·구명칭 중 하나와 exact 일치,2026-06-30,4a523f990553a507c1236c0490bcbb953960861f5da5cddf7ee79b48f5403178
457,ing_pending_837e8070ff73,Sodium Lauroyl Sarcosinate,711,711,1072,소듐라우로일사코시네이트,Sodium Lauroyl Sarcosinate,,,official_exact,711,1.000000,,create_canonical,sodium_lauroyl_sarcosinate,,Y,high,accepted_auto_exact,dominant_name이 KCIA 표준명·영문명·구명칭 중 하나와 exact 일치,2026-06-30,4a523f990553a507c1236c0490bcbb953960861f5da5cddf7ee79b48f5403178
458,ing_pending_3208a2303d45,Hydroxypropyl Guar Hydroxypropyltrimonium Chloride,710,710,4672,하이드록시프로필구아하이드록시프로필트라이모늄클로라 이드,Hydroxypropyl Guar Hydroxypropyltrimonium Chloride,하이드록시프로필구아하이드록시프로필트리모늄클로라이 드,Hydroxypropyl Guar Hydroxypropyltrimonium Chloride,official_exact,710,1.000000,,create_canonical,hydroxypropyl_guar_hydroxypropyltrimonium_chloride,,Y,high,accepted_auto_exact,dominant_name이 KCIA 표준명·영문명·구명칭 중 하나와 exact 일치,2026-06-30,4a523f990553a507c1236c0490bcbb953960861f5da5cddf7ee79b48f5403178
459,ing_pending_1e10594d6a17,폴리솔베이트60,708,708,3858,폴리솔베이트60,Polysorbate 60,폴리소르베이트60,Polysorbate 60,official_exact,708,1.000000,,create_canonical,polysorbate_60,,Y,high,accepted_auto_exact,dominant_name이 KCIA 표준명·영문명·구명칭 중 하나와 exact 일치,2026-06-30,4a523f990553a507c1236c0490bcbb953960861f5da5cddf7ee79b48f5403178
460,ing_pending_2195092ab956,Isopropyl Titanium Triisostearate,708,708,2540,아이소프로필티타늄트라이아이소스테아레이트,Isopropyl Titanium Triisostearate,이소프로필티타늄트리이소스테아레이트,Isopropyl Titanium Triisostearate,official_exact,708,1.000000,,create_canonical,isopropyl_titanium_triisostearate,,Y,high,accepted_auto_exact,dominant_name이 KCIA 표준명·영문명·구명칭 중 하나와 exact 일치,2026-06-30,4a523f990553a507c1236c0490bcbb953960861f5da5cddf7ee79b48f5403178
461,ing_pending_3c3a588e9a13,Acetic Acid,708,708,1688,아세틱애씨드,Acetic Acid,,,official_exact,708,1.000000,,create_canonical,acetic_acid,,Y,high,accepted_auto_exact,dominant_name이 KCIA 표준명·영문명·구명칭 중 하나와 exact 일치,2026-06-30,4a523f990553a507c1236c0490bcbb953960861f5da5cddf7ee79b48f5403178
462,ing_pending_de47dc611f0f,폴리글리세릴-3메틸글루코오스다이스테아레이트,708,708,3768,폴리글리세릴-3메틸글루코오스다이스테아레이트,Polyglyceryl-3 Methylglucose Distearate,폴리글리세릴-3메칠글루코오스디스테아레이트,Polyglyceryl-3 Methylglucose Distearate,official_exact,708,1.000000,,create_canonical,polyglyceryl_3_methylglucose_distearate,,Y,high,accepted_auto_exact,dominant_name이 KCIA 표준명·영문명·구명칭 중 하나와 exact 일치,2026-06-30,4a523f990553a507c1236c0490bcbb953960861f5da5cddf7ee79b48f5403178
463,ing_pending_520e6ea7ca8c,Paraffin,707,707,3477,파라핀,Paraffin,,,official_exact,707,1.000000,,create_canonical,paraffin,,Y,high,accepted_auto_exact,dominant_name이 KCIA 표준명·영문명·구명칭 중 하나와 exact 일치,2026-06-30,4a523f990553a507c1236c0490bcbb953960861f5da5cddf7ee79b48f5403178
464,ing_pending_b4591f3c6870,프롤린,704,704,4019,프롤린,Proline,,,official_exact,704,1.000000,,create_canonical,proline,,Y,high,accepted_auto_exact,dominant_name이 KCIA 표준명·영문명·구명칭 중 하나와 exact 일치,2026-06-30,4a523f990553a507c1236c0490bcbb953960861f5da5cddf7ee79b48f5403178
465,ing_pending_ec0d286ebdd1,Calendula Officinalis Flower Extract,704,704,2870,포트마리골드꽃추출물,Calendula Officinalis Flower Extract,카렌둘라꽃추출물,Calendula Officinalis Flower Extract,official_exact,693,0.984375,,create_canonical,calendula_officinalis_flower_extract,,Y,high,accepted_auto_exact,dominant_name이 KCIA 표준명·영문명·구명칭 중 하나와 exact 일치,2026-06-30,4a523f990553a507c1236c0490bcbb953960861f5da5cddf7ee79b48f5403178
466,ing_pending_fd82d32117ee,Hydrogenated Olive Oil Unsaponifiables,702,702,4580,하이드로제네이티드올리브오일불검화물,Hydrogenated Olive Oil Unsaponifiables,,,official_exact,702,1.000000,,create_canonical,hydrogenated_olive_oil_unsaponifiables,,Y,high,accepted_auto_exact,dominant_name이 KCIA 표준명·영문명·구명칭 중 하나와 exact 일치,2026-06-30,4a523f990553a507c1236c0490bcbb953960861f5da5cddf7ee79b48f5403178
467,ing_pending_f77a337222f1,Helianthus Annuus (Sunflower) Seed Extract,695,695,4843,해바라기씨추출물,Helianthus Annuus (Sunflower) Seed Extract,,,official_exact,694,0.998561,,create_canonical,helianthus_annuus_sunflower_seed_extract,,Y,high,accepted_auto_exact,dominant_name이 KCIA 표준명·영문명·구명칭 중 하나와 exact 일치,2026-06-30,4a523f990553a507c1236c0490bcbb953960861f5da5cddf7ee79b48f5403178
468,ing_pending_948148157055,Isopropyl Palmitate,694,694,2544,아이소프로필팔미테이트,Isopropyl Palmitate,이소프로필팔미테이트,Isopropyl Palmitate,official_exact,694,1.000000,,create_canonical,isopropyl_palmitate,,Y,high,accepted_auto_exact,dominant_name이 KCIA 표준명·영문명·구명칭 중 하나와 exact 일치,2026-06-30,4a523f990553a507c1236c0490bcbb953960861f5da5cddf7ee79b48f5403178
469,ing_pending_0f04addbfe45,Hexyl Laurate,693,693,4890,헥실라우레이트,Hexyl Laurate,,,official_exact,693,1.000000,,create_canonical,hexyl_laurate,,Y,high,accepted_auto_exact,dominant_name이 KCIA 표준명·영문명·구명칭 중 하나와 exact 일치,2026-06-30,4a523f990553a507c1236c0490bcbb953960861f5da5cddf7ee79b48f5403178
470,ing_pending_e6c8c320ff4a,Algae Extract,693,693,979,조류추출물,Algae Extract,,,official_exact,690,0.995671,,create_canonical,algae_extract,,Y,high,accepted_auto_exact,dominant_name이 KCIA 표준명·영문명·구명칭 중 하나와 exact 일치,2026-06-30,4a523f990553a507c1236c0490bcbb953960861f5da5cddf7ee79b48f5403178
471,ing_pending_fdc8d933024b,Anhydroxylitol,693,693,297,안하이드로자일리톨,Anhydroxylitol,무수자일리톨,Anhydroxylitol,official_exact,692,0.998557,,create_canonical,anhydroxylitol,,Y,high,accepted_auto_exact,dominant_name이 KCIA 표준명·영문명·구명칭 중 하나와 exact 일치,2026-06-30,4a523f990553a507c1236c0490bcbb953960861f5da5cddf7ee79b48f5403178
472,ing_pending_108b5d533f70,트라이메틸실록시실리케이트,692,692,3340,트라이메틸실록시실리케이트,Trimethylsiloxysilicate,트리메칠실록시실리케이트,Trimethylsiloxysilicate,official_exact,692,1.000000,,create_canonical,trimethylsiloxysilicate,,Y,high,accepted_auto_exact,dominant_name이 KCIA 표준명·영문명·구명칭 중 하나와 exact 일치,2026-06-30,4a523f990553a507c1236c0490bcbb953960861f5da5cddf7ee79b48f5403178
473,ing_pending_4ea89c67a808,글루타믹애씨드,692,692,906,글루타믹애씨드,Glutamic Acid,,,official_exact,692,1.000000,,create_canonical,glutamic_acid,,Y,high,accepted_auto_exact,dominant_name이 KCIA 표준명·영문명·구명칭 중 하나와 exact 일치,2026-06-30,4a523f990553a507c1236c0490bcbb953960861f5da5cddf7ee79b48f5403178
474,ing_pending_16b9a660f8cf,Butylene/Ethylene/Styrene Copolymer,690,690,590,부틸렌/에틸렌/스타이렌코폴리머,Butylene/Ethylene/Styrene Copolymer,부틸렌/에칠렌/스타이렌코폴리머,Butylene/Ethylene/Styrene Copolymer,official_exact,688,0.997101,,create_canonical,butylene_ethylene_styrene_copolymer,,Y,high,accepted_auto_exact,dominant_name이 KCIA 표준명·영문명·구명칭 중 하나와 exact 일치,2026-06-30,4a523f990553a507c1236c0490bcbb953960861f5da5cddf7ee79b48f5403178
475,ing_pending_73eec77844a8,Hydrolyzed Collagen,690,690,4796,하이드롤라이즈드콜라겐,Hydrolyzed Collagen,,,official_exact,685,0.992754,,create_canonical,hydrolyzed_collagen,,Y,high,accepted_auto_exact,dominant_name이 KCIA 표준명·영문명·구명칭 중 하나와 exact 일치,2026-06-30,4a523f990553a507c1236c0490bcbb953960861f5da5cddf7ee79b48f5403178
476,ing_pending_2a603f6dd443,벤질알코올,686,686,527,벤질알코올,Benzyl Alcohol,,,official_exact,686,1.000000,,create_canonical,benzyl_alcohol,,Y,high,accepted_auto_exact,dominant_name이 KCIA 표준명·영문명·구명칭 중 하나와 exact 일치,2026-06-30,4a523f990553a507c1236c0490bcbb953960861f5da5cddf7ee79b48f5403178
477,ing_pending_a10fc647fc60,트레오닌,681,681,3313,트레오닌,Threonine,,,official_exact,681,1.000000,,create_canonical,threonine,,Y,high,accepted_auto_exact,dominant_name이 KCIA 표준명·영문명·구명칭 중 하나와 exact 일치,2026-06-30,4a523f990553a507c1236c0490bcbb953960861f5da5cddf7ee79b48f5403178
478,ing_pending_15fdfd4c8eca,멘톨,678,678,244,멘톨,Menthol,,,official_exact,678,1.000000,,create_canonical,menthol,,Y,high,accepted_auto_exact,dominant_name이 KCIA 표준명·영문명·구명칭 중 하나와 exact 일치,2026-06-30,4a523f990553a507c1236c0490bcbb953960861f5da5cddf7ee79b48f5403178
479,ing_pending_a5791aa7e73b,메틸트라이메티콘,678,678,212,메틸트라이메티콘,Methyl Trimethicone,메칠트리메치콘,Methyl Trimethicone,official_exact,678,1.000000,,create_canonical,methyl_trimethicone,,Y,high,accepted_auto_exact,dominant_name이 KCIA 표준명·영문명·구명칭 중 하나와 exact 일치,2026-06-30,4a523f990553a507c1236c0490bcbb953960861f5da5cddf7ee79b48f5403178
480,ing_pending_c4c798030d6d,Laminaria Saccharina Extract,677,677,1363,슈가켈프추출물,Laminaria Saccharina Extract,,,official_exact,677,1.000000,,create_canonical,laminaria_saccharina_extract,,Y,high,accepted_auto_exact,dominant_name이 KCIA 표준명·영문명·구명칭 중 하나와 exact 일치,2026-06-30,4a523f990553a507c1236c0490bcbb953960861f5da5cddf7ee79b48f5403178
481,ing_pending_bff582d28345,Mentha Piperita (Peppermint) Oil,672,672,3604,페퍼민트오일,Mentha Piperita (Peppermint) Oil,,,official_exact,671,0.998512,,create_canonical,mentha_piperita_peppermint_oil,,Y,high,accepted_auto_exact,dominant_name이 KCIA 표준명·영문명·구명칭 중 하나와 exact 일치,2026-06-30,4a523f990553a507c1236c0490bcbb953960861f5da5cddf7ee79b48f5403178
482,ing_pending_67f5b0f2c438,아스코빅애씨드,671,671,1720,아스코빅애씨드,Ascorbic Acid,,,official_exact,671,1.000000,,merge_existing,ascorbic_acid,,Y,high,accepted_auto_exact,KCIA 성분코드가 기존 canonical 자체 명칭과 일치,2026-06-30,4a523f990553a507c1236c0490bcbb953960861f5da5cddf7ee79b48f5403178
483,ing_pending_c6b2fb5030ba,Helianthus Annuus (Sunflower) Extract,671,671,4844,해바라기추출물,Helianthus Annuus (Sunflower) Extract,,,official_exact,669,0.997019,,create_canonical,helianthus_annuus_sunflower_extract,,Y,high,accepted_auto_exact,dominant_name이 KCIA 표준명·영문명·구명칭 중 하나와 exact 일치,2026-06-30,4a523f990553a507c1236c0490bcbb953960861f5da5cddf7ee79b48f5403178
484,ing_pending_12295e6b98e7,Citrullus Lanatus (Watermelon) Fruit Extract,670,670,1341,수박추출물,Citrullus Lanatus (Watermelon) Fruit Extract,,,official_exact,670,1.000000,,create_canonical,citrullus_lanatus_watermelon_fruit_extract,,Y,high,accepted_auto_exact,dominant_name이 KCIA 표준명·영문명·구명칭 중 하나와 exact 일치,2026-06-30,4a523f990553a507c1236c0490bcbb953960861f5da5cddf7ee79b48f5403178
485,ing_pending_e0982b958566,셀룰로오스검,669,669,1023,셀룰로오스검,Cellulose Gum,,,official_exact,669,1.000000,,create_canonical,cellulose_gum,,Y,high,accepted_auto_exact,dominant_name이 KCIA 표준명·영문명·구명칭 중 하나와 exact 일치,2026-06-30,4a523f990553a507c1236c0490bcbb953960861f5da5cddf7ee79b48f5403178
486,ing_pending_5482eb05311f,Citrus Limon (Lemon) Fruit Extract,666,666,5479,레몬추출물,Citrus Limon (Lemon) Fruit Extract,레몬추출물,Citrus Medica Limonum (Lemon) Fruit Extract,official_exact,666,1.000000,,create_canonical,citrus_limon_lemon_fruit_extract,,Y,high,accepted_auto_exact,dominant_name이 KCIA 표준명·영문명·구명칭 중 하나와 exact 일치,2026-06-30,4a523f990553a507c1236c0490bcbb953960861f5da5cddf7ee79b48f5403178
487,ing_pending_241cbfacb97c,Xylitylglucoside,665,665,2621,자일리틸글루코사이드,Xylitylglucoside,,,official_exact,665,1.000000,,create_canonical,xylitylglucoside,,Y,high,accepted_auto_exact,dominant_name이 KCIA 표준명·영문명·구명칭 중 하나와 exact 일치,2026-06-30,4a523f990553a507c1236c0490bcbb953960861f5da5cddf7ee79b48f5403178
488,ing_pending_90221d5d6d0c,Chlorella Vulgaris Extract,662,662,,,,,,official_exact_ambiguous,0,0.000000,3191|18399|18400,manual_review,,,N,low,candidate_unverified,같은 표기가 둘 이상의 KCIA 성분코드와 일치,2026-06-30,4a523f990553a507c1236c0490bcbb953960861f5da5cddf7ee79b48f5403178
489,ing_pending_3cf5617df878,iron oxides,661,661,,,,,,no_official_exact_match,0,0.000000,,manual_review,,,N,low,candidate_unverified,표준명·영문명·구명칭 exact 일치 없음; 기존 alias도 identity 병합 근거로 사용하지 않음,2026-06-30,4a523f990553a507c1236c0490bcbb953960861f5da5cddf7ee79b48f5403178
490,ing_pending_0e9d34b34c98,인도멀구슬나무꽃추출물,658,658,7787,인도멀구슬나무꽃추출물,Melia Azadirachta Flower Extract,,,official_exact,658,1.000000,,create_canonical,melia_azadirachta_flower_extract,,Y,high,accepted_auto_exact,dominant_name이 KCIA 표준명·영문명·구명칭 중 하나와 exact 일치,2026-06-30,4a523f990553a507c1236c0490bcbb953960861f5da5cddf7ee79b48f5403178
491,ing_pending_f8e77ae3fb03,Glutamic Acid,658,658,906,글루타믹애씨드,Glutamic Acid,,,official_exact,656,0.996960,,create_canonical,glutamic_acid,,Y,high,accepted_auto_exact,dominant_name이 KCIA 표준명·영문명·구명칭 중 하나와 exact 일치,2026-06-30,4a523f990553a507c1236c0490bcbb953960861f5da5cddf7ee79b48f5403178
492,ing_pending_62d36121e1ef,Hydroxyethyl Urea,657,657,4658,하이드록시에틸우레아,Hydroxyethyl Urea,하이드록시에칠우레아,Hydroxyethyl Urea,official_exact,656,0.998478,,create_canonical,hydroxyethyl_urea,,Y,high,accepted_auto_exact,dominant_name이 KCIA 표준명·영문명·구명칭 중 하나와 exact 일치,2026-06-30,4a523f990553a507c1236c0490bcbb953960861f5da5cddf7ee79b48f5403178
493,ing_pending_a88d00cc0714,Pullulan,657,657,3977,풀루란,Pullulan,,,official_exact,654,0.995434,,create_canonical,pullulan,,Y,high,accepted_auto_exact,dominant_name이 KCIA 표준명·영문명·구명칭 중 하나와 exact 일치,2026-06-30,4a523f990553a507c1236c0490bcbb953960861f5da5cddf7ee79b48f5403178
494,ing_pending_c3cff171f78e,Ppg-26-Buteth-26,657,657,4481,피피지-26-부테스-26,PPG-26-Buteth-26,,,official_exact,655,0.996956,,create_canonical,ppg_26_buteth_26,,Y,high,accepted_auto_exact,dominant_name이 KCIA 표준명·영문명·구명칭 중 하나와 exact 일치,2026-06-30,4a523f990553a507c1236c0490bcbb953960861f5da5cddf7ee79b48f5403178
495,ing_pending_b11dbef6c330,아스파틱애씨드,656,656,1736,아스파틱애씨드,Aspartic Acid,,,official_exact,656,1.000000,,create_canonical,aspartic_acid,,Y,high,accepted_auto_exact,dominant_name이 KCIA 표준명·영문명·구명칭 중 하나와 exact 일치,2026-06-30,4a523f990553a507c1236c0490bcbb953960861f5da5cddf7ee79b48f5403178
496,ing_pending_a94fd2f425ab,Pelargonium Graveolens Flower Oil,655,655,1016,센티드제라늄꽃오일,Pelargonium Graveolens Flower Oil,,,official_exact,630,0.961832,,create_canonical,pelargonium_graveolens_flower_oil,,Y,high,accepted_auto_exact,dominant_name이 KCIA 표준명·영문명·구명칭 중 하나와 exact 일치,2026-06-30,4a523f990553a507c1236c0490bcbb953960861f5da5cddf7ee79b48f5403178
497,ing_pending_d54b67a8ad1c,VP/Eicosene Copolymer,653,653,648,브이피/에이코신코폴리머,VP/Eicosene Copolymer,브이피/에이코센코폴리머,VP/Eicosene Copolymer,official_exact,653,1.000000,,create_canonical,vp_eicosene_copolymer,,Y,high,accepted_auto_exact,dominant_name이 KCIA 표준명·영문명·구명칭 중 하나와 exact 일치,2026-06-30,4a523f990553a507c1236c0490bcbb953960861f5da5cddf7ee79b48f5403178
498,ing_pending_fe711f9efafb,Geranyl Acetate,653,653,2705,제라닐아세테이트,Geranyl Acetate,,,official_exact,653,1.000000,,create_canonical,geranyl_acetate,,Y,high,accepted_auto_exact,dominant_name이 KCIA 표준명·영문명·구명칭 중 하나와 exact 일치,2026-06-30,4a523f990553a507c1236c0490bcbb953960861f5da5cddf7ee79b48f5403178
499,ing_pending_53284cfb89a6,Polymethyl Methacrylate,651,651,3839,폴리메틸메타크릴레이트,Polymethyl Methacrylate,폴리메칠메타크릴레이트,Polymethyl Methacrylate,official_exact,651,1.000000,,create_canonical,polymethyl_methacrylate,,Y,high,accepted_auto_exact,dominant_name이 KCIA 표준명·영문명·구명칭 중 하나와 exact 일치,2026-06-30,4a523f990553a507c1236c0490bcbb953960861f5da5cddf7ee79b48f5403178
500,ing_pending_2326ae2ec645,아세틸헥사펩타이드-8,650,650,1718,아세틸헥사펩타이드-8,Acetyl Hexapeptide-8,,,official_exact,650,1.000000,,create_canonical,acetyl_hexapeptide_8,peptides,Y,high,accepted_auto_exact,dominant_name이 KCIA 표준명·영문명·구명칭 중 하나와 exact 일치,2026-06-30,4a523f990553a507c1236c0490bcbb953960861f5da5cddf7ee79b48f5403178
501,ing_pending_a880a1a151b9,Glyceryl Stearate Citrate,650,650,1213,글리세릴스테아레이트시트레이트,Glyceryl Stearate Citrate,,,official_exact,648,0.996923,,create_canonical,glyceryl_stearate_citrate,,Y,high,accepted_auto_exact,dominant_name이 KCIA 표준명·영문명·구명칭 중 하나와 exact 일치,2026-06-30,4a523f990553a507c1236c0490bcbb953960861f5da5cddf7ee79b48f5403178
502,ing_pending_1c177587abe7,Melia Azadirachta Leaf Extract,649,649,2556,인도멀구슬나무잎추출물,Melia Azadirachta Leaf Extract,,,official_exact,649,1.000000,,create_canonical,melia_azadirachta_leaf_extract,,Y,high,accepted_auto_exact,dominant_name이 KCIA 표준명·영문명·구명칭 중 하나와 exact 일치,2026-06-30,4a523f990553a507c1236c0490bcbb953960861f5da5cddf7ee79b48f5403178
503,ing_pending_c353ca0f2760,페닐알라닌,649,649,3585,페닐알라닌,Phenylalanine,,,official_exact,649,1.000000,,create_canonical,phenylalanine,,Y,high,accepted_auto_exact,dominant_name이 KCIA 표준명·영문명·구명칭 중 하나와 exact 일치,2026-06-30,4a523f990553a507c1236c0490bcbb953960861f5da5cddf7ee79b48f5403178
504,ing_pending_fccd5f3b3b43,발린,649,649,416,발린,Valine,,,official_exact,649,1.000000,,create_canonical,valine,,Y,high,accepted_auto_exact,dominant_name이 KCIA 표준명·영문명·구명칭 중 하나와 exact 일치,2026-06-30,4a523f990553a507c1236c0490bcbb953960861f5da5cddf7ee79b48f5403178
505,ing_pending_04e3141c58bb,황금추출물,648,648,4965,황금추출물,Scutellaria Baicalensis Root Extract,,,official_exact,648,1.000000,,create_canonical,scutellaria_baicalensis_root_extract,,Y,high,accepted_auto_exact,dominant_name이 KCIA 표준명·영문명·구명칭 중 하나와 exact 일치,2026-06-30,4a523f990553a507c1236c0490bcbb953960861f5da5cddf7ee79b48f5403178
506,ing_pending_27bcf29e991e,글리세레스-26,648,648,957,글리세레스-26,Glycereth-26,,,official_exact,648,1.000000,,create_canonical,glycereth_26,,Y,high,accepted_auto_exact,dominant_name이 KCIA 표준명·영문명·구명칭 중 하나와 exact 일치,2026-06-30,4a523f990553a507c1236c0490bcbb953960861f5da5cddf7ee79b48f5403178
507,ing_pending_7e615bd880db,Farnesol,648,648,3473,파네솔,Farnesol,,,official_exact,644,0.993827,,create_canonical,farnesol,,Y,high,accepted_auto_exact,dominant_name이 KCIA 표준명·영문명·구명칭 중 하나와 exact 일치,2026-06-30,4a523f990553a507c1236c0490bcbb953960861f5da5cddf7ee79b48f5403178
508,ing_pending_d26a87f4117b,마카다미아씨오일,648,648,,,,,,official_exact_ambiguous,0,0.000000,90|18408,manual_review,,,N,low,candidate_unverified,같은 표기가 둘 이상의 KCIA 성분코드와 일치,2026-06-30,4a523f990553a507c1236c0490bcbb953960861f5da5cddf7ee79b48f5403178
509,ing_pending_5bb5375c0c51,라이신,647,647,5401,라이신,Lysine,,,official_exact,647,1.000000,,create_canonical,lysine,,Y,high,accepted_auto_exact,dominant_name이 KCIA 표준명·영문명·구명칭 중 하나와 exact 일치,2026-06-30,4a523f990553a507c1236c0490bcbb953960861f5da5cddf7ee79b48f5403178
510,ing_pending_9043c6692855,하이드록시에틸셀룰로오스,646,646,4653,하이드록시에틸셀룰로오스,Hydroxyethylcellulose,하이드록시에칠셀룰로오스,Hydroxyethylcellulose,official_exact,646,1.000000,,create_canonical,hydroxyethylcellulose,,Y,high,accepted_auto_exact,dominant_name이 KCIA 표준명·영문명·구명칭 중 하나와 exact 일치,2026-06-30,4a523f990553a507c1236c0490bcbb953960861f5da5cddf7ee79b48f5403178
511,ing_pending_bd223f79a5a8,Ci 15850 (Red 7 Lake),646,646,,,,,,no_official_exact_match,0,0.000000,,manual_review,,,N,low,candidate_unverified,표준명·영문명·구명칭 exact 일치 없음; 기존 alias도 identity 병합 근거로 사용하지 않음,2026-06-30,4a523f990553a507c1236c0490bcbb953960861f5da5cddf7ee79b48f5403178
512,ing_pending_531c27e8fcbe,폴리하이드록시스테아릭애씨드,645,645,3963,폴리하이드록시스테아릭애씨드,Polyhydroxystearic Acid,,,official_exact,645,1.000000,,create_canonical,polyhydroxystearic_acid,,Y,high,accepted_auto_exact,dominant_name이 KCIA 표준명·영문명·구명칭 중 하나와 exact 일치,2026-06-30,4a523f990553a507c1236c0490bcbb953960861f5da5cddf7ee79b48f5403178
513,ing_pending_82b246020eda,Tridecane,645,645,6628,트라이데케인,Tridecane,트리데칸,Tridecane,official_exact,645,1.000000,,create_canonical,tridecane,,Y,high,accepted_auto_exact,dominant_name이 KCIA 표준명·영문명·구명칭 중 하나와 exact 일치,2026-06-30,4a523f990553a507c1236c0490bcbb953960861f5da5cddf7ee79b48f5403178
514,ing_pending_39ad2a0b8bd1,Blue 1 (CI 42090),638,638,,,,,,no_official_exact_match,0,0.000000,,manual_review,,,N,low,candidate_unverified,표준명·영문명·구명칭 exact 일치 없음; 기존 alias도 identity 병합 근거로 사용하지 않음,2026-06-30,4a523f990553a507c1236c0490bcbb953960861f5da5cddf7ee79b48f5403178
515,ing_pending_fa3ac52f5fcd,펜타에리스리틸테트라-다이-t-부틸하이드록시하이드로신나메이트,637,637,3620,펜타에리스리틸테트라-다이-t-부틸하이드록시하이드로신나 메이트,Pentaerythrityl Tetra-di-t-butyl Hydroxyhydrocinnamate,펜타에리스리틸테트라-디-t-부틸하이드록시하이드로신나메 이트,Pentaerythrityl Tetra-di-t-butyl Hydroxyhydrocinnamate,official_exact,632,0.992151,,create_canonical,pentaerythrityl_tetra_di_t_butyl_hydroxyhydrocinnamate,,Y,high,accepted_auto_exact,dominant_name이 KCIA 표준명·영문명·구명칭 중 하나와 exact 일치,2026-06-30,4a523f990553a507c1236c0490bcbb953960861f5da5cddf7ee79b48f5403178
516,ing_pending_ca4c803f27ff,Dicaprylyl Ether,632,632,5217,다이카프릴릴에터,Dicaprylyl Ether,디카프릴릴에텔,Dicaprylyl Ether,official_exact,630,0.996835,,create_canonical,dicaprylyl_ether,,Y,high,accepted_auto_exact,dominant_name이 KCIA 표준명·영문명·구명칭 중 하나와 exact 일치,2026-06-30,4a523f990553a507c1236c0490bcbb953960861f5da5cddf7ee79b48f5403178
517,ing_pending_d828f64cbb0f,라벤더오일,632,632,5315,라벤더오일,Lavandula Angustifolia (Lavender) Oil,,,official_exact,632,1.000000,,create_canonical,lavandula_angustifolia_lavender_oil,,Y,high,accepted_auto_exact,dominant_name이 KCIA 표준명·영문명·구명칭 중 하나와 exact 일치,2026-06-30,4a523f990553a507c1236c0490bcbb953960861f5da5cddf7ee79b48f5403178
518,ing_pending_5c9f17e9873e,Acetyl Glucosamine,631,631,1689,아세틸글루코사민,Acetyl Glucosamine,,,official_exact,630,0.998415,,create_canonical,acetyl_glucosamine,,Y,high,accepted_auto_exact,dominant_name이 KCIA 표준명·영문명·구명칭 중 하나와 exact 일치,2026-06-30,4a523f990553a507c1236c0490bcbb953960861f5da5cddf7ee79b48f5403178
519,ing_pending_a6f9bea9b041,Sorbitan Stearate,631,631,1288,솔비탄스테아레이트,Sorbitan Stearate,소르비탄스테아레이트,Sorbitan Stearate,official_exact,631,1.000000,,create_canonical,sorbitan_stearate,,Y,high,accepted_auto_exact,dominant_name이 KCIA 표준명·영문명·구명칭 중 하나와 exact 일치,2026-06-30,4a523f990553a507c1236c0490bcbb953960861f5da5cddf7ee79b48f5403178
520,ing_pending_ef86203fda36,코카미도프로필베타인,630,630,3035,코카미도프로필베타인,Cocamidopropyl Betaine,,,official_exact,630,1.000000,,create_canonical,cocamidopropyl_betaine,,Y,high,accepted_auto_exact,dominant_name이 KCIA 표준명·영문명·구명칭 중 하나와 exact 일치,2026-06-30,4a523f990553a507c1236c0490bcbb953960861f5da5cddf7ee79b48f5403178
521,ing_pending_01a3c8959642,Algin,628,628,1890,알진,Algin,,,official_exact,628,1.000000,,create_canonical,algin,,Y,high,accepted_auto_exact,dominant_name이 KCIA 표준명·영문명·구명칭 중 하나와 exact 일치,2026-06-30,4a523f990553a507c1236c0490bcbb953960861f5da5cddf7ee79b48f5403178
522,ing_pending_78d32e7db097,Argania Spinosa (Argan) Kernel Oil,628,628,,,,,,no_official_exact_match,0,0.000000,,manual_review,,,N,low,candidate_unverified,표준명·영문명·구명칭 exact 일치 없음; 기존 alias도 identity 병합 근거로 사용하지 않음,2026-06-30,4a523f990553a507c1236c0490bcbb953960861f5da5cddf7ee79b48f5403178
523,ing_pending_88c3aa63dedf,Lysine,628,628,5401,라이신,Lysine,,,official_exact,626,0.996815,,create_canonical,lysine,,Y,high,accepted_auto_exact,dominant_name이 KCIA 표준명·영문명·구명칭 중 하나와 exact 일치,2026-06-30,4a523f990553a507c1236c0490bcbb953960861f5da5cddf7ee79b48f5403178
524,ing_pending_30d3a25a658e,Propylene Glycol Dicaprylate/Dicaprate,626,626,4001,프로필렌글라이콜다이카프릴레이트/다이카프레이트,Propylene Glycol Dicaprylate/Dicaprate,프로필렌글라이콜디카프릴레이트/디카프레이트,Propylene Glycol Dicaprylate/Dicaprate,official_exact,625,0.998403,,create_canonical,propylene_glycol_dicaprylate_dicaprate,,Y,high,accepted_auto_exact,dominant_name이 KCIA 표준명·영문명·구명칭 중 하나와 exact 일치,2026-06-30,4a523f990553a507c1236c0490bcbb953960861f5da5cddf7ee79b48f5403178
525,ing_pending_42fb6a5c1566,Synthetic Beeswax,624,624,4829,합성비즈왁스,Synthetic Beeswax,,,official_exact,624,1.000000,,create_canonical,synthetic_beeswax,,Y,high,accepted_auto_exact,dominant_name이 KCIA 표준명·영문명·구명칭 중 하나와 exact 일치,2026-06-30,4a523f990553a507c1236c0490bcbb953960861f5da5cddf7ee79b48f5403178
526,ing_pending_781a00a8f122,Steareth-20,623,623,1448,스테아레스-20,Steareth-20,,,official_exact,622,0.998395,,create_canonical,steareth_20,,Y,high,accepted_auto_exact,dominant_name이 KCIA 표준명·영문명·구명칭 중 하나와 exact 일치,2026-06-30,4a523f990553a507c1236c0490bcbb953960861f5da5cddf7ee79b48f5403178
527,ing_pending_4b86ed477392,에칠헥실살리실레이트,621,621,2079,에칠헥실살리실레이트,Ethylhexyl Salicylate,,,official_exact,621,1.000000,,create_canonical,ethylhexyl_salicylate,,Y,high,accepted_auto_exact,dominant_name이 KCIA 표준명·영문명·구명칭 중 하나와 exact 일치,2026-06-30,4a523f990553a507c1236c0490bcbb953960861f5da5cddf7ee79b48f5403178
528,ing_pending_8e136afa15f5,Peg/Ppg-18/18 Dimethicone,614,614,4372,피이지/피피지-18/18다이메티콘,PEG/PPG-18/18 Dimethicone,피이지/피피지-18/18디메치콘,PEG/PPG-18/18 Dimethicone,official_exact,604,0.983713,,create_canonical,peg_ppg_18_18_dimethicone,,Y,high,accepted_auto_exact,dominant_name이 KCIA 표준명·영문명·구명칭 중 하나와 exact 일치,2026-06-30,4a523f990553a507c1236c0490bcbb953960861f5da5cddf7ee79b48f5403178
529,ing_pending_4b59931944a5,포타슘솔베이트,613,613,3679,포타슘솔베이트,Potassium Sorbate,포타슘소르베이트,Potassium Sorbate,official_exact,613,1.000000,,create_canonical,potassium_sorbate,,Y,high,accepted_auto_exact,dominant_name이 KCIA 표준명·영문명·구명칭 중 하나와 exact 일치,2026-06-30,4a523f990553a507c1236c0490bcbb953960861f5da5cddf7ee79b48f5403178
530,ing_pending_316a058cf157,바이오틴,612,612,407,바이오틴,Biotin,,,official_exact,612,1.000000,,create_canonical,biotin,,Y,high,accepted_auto_exact,dominant_name이 KCIA 표준명·영문명·구명칭 중 하나와 exact 일치,2026-06-30,4a523f990553a507c1236c0490bcbb953960861f5da5cddf7ee79b48f5403178
531,ing_pending_f5d3c7df6cb3,메티오닌,611,611,165,메티오닌,Methionine,메치오닌,Methionine,official_exact,611,1.000000,,create_canonical,methionine,,Y,high,accepted_auto_exact,dominant_name이 KCIA 표준명·영문명·구명칭 중 하나와 exact 일치,2026-06-30,4a523f990553a507c1236c0490bcbb953960861f5da5cddf7ee79b48f5403178
532,ing_pending_54e05909de72,Mannitol,609,609,100,만니톨,Mannitol,,,official_exact,608,0.998358,,create_canonical,mannitol,,Y,high,accepted_auto_exact,dominant_name이 KCIA 표준명·영문명·구명칭 중 하나와 exact 일치,2026-06-30,4a523f990553a507c1236c0490bcbb953960861f5da5cddf7ee79b48f5403178
533,ing_pending_6b7c1cd59dce,하이드로제네이티드폴리데센,608,608,4614,하이드로제네이티드폴리데센,Hydrogenated Polydecene,,,official_exact,608,1.000000,,create_canonical,hydrogenated_polydecene,,Y,high,accepted_auto_exact,dominant_name이 KCIA 표준명·영문명·구명칭 중 하나와 exact 일치,2026-06-30,4a523f990553a507c1236c0490bcbb953960861f5da5cddf7ee79b48f5403178
534,ing_pending_982b937677e4,자일리톨,607,607,2620,자일리톨,Xylitol,,,official_exact,607,1.000000,,create_canonical,xylitol,,Y,high,accepted_auto_exact,dominant_name이 KCIA 표준명·영문명·구명칭 중 하나와 exact 일치,2026-06-30,4a523f990553a507c1236c0490bcbb953960861f5da5cddf7ee79b48f5403178
535,ing_pending_50448b36de90,Methylisothiazolinone,606,606,206,메칠이소치아졸리논,Methylisothiazolinone,,,official_exact,606,1.000000,,create_canonical,methylisothiazolinone,,Y,high,accepted_auto_exact,dominant_name이 KCIA 표준명·영문명·구명칭 중 하나와 exact 일치,2026-06-30,4a523f990553a507c1236c0490bcbb953960861f5da5cddf7ee79b48f5403178
536,ing_pending_33e2f941ce5a,스테아릴알코올,605,605,1474,스테아릴알코올,Stearyl Alcohol,,,official_exact,605,1.000000,,create_canonical,stearyl_alcohol,,Y,high,accepted_auto_exact,dominant_name이 KCIA 표준명·영문명·구명칭 중 하나와 exact 일치,2026-06-30,4a523f990553a507c1236c0490bcbb953960861f5da5cddf7ee79b48f5403178
537,ing_pending_df670204bf40,류신,604,604,5,류신,Leucine,,,official_exact,604,1.000000,,create_canonical,leucine,,Y,high,accepted_auto_exact,dominant_name이 KCIA 표준명·영문명·구명칭 중 하나와 exact 일치,2026-06-30,4a523f990553a507c1236c0490bcbb953960861f5da5cddf7ee79b48f5403178
538,ing_pending_b7dbc25f8fb4,비스-에칠헥실옥시페놀메톡시페닐트리아진,603,603,695,비스-에칠헥실옥시페놀메톡시페닐트리아진,Bis-Ethylhexyloxyphenol Methoxyphenyl Triazine,,,official_exact,603,1.000000,,create_canonical,bis_ethylhexyloxyphenol_methoxyphenyl_triazine,,Y,high,accepted_auto_exact,dominant_name이 KCIA 표준명·영문명·구명칭 중 하나와 exact 일치,2026-06-30,4a523f990553a507c1236c0490bcbb953960861f5da5cddf7ee79b48f5403178
539,ing_pending_59017bea57df,Zingiber Officinale (Ginger) Root Extract,600,600,834,생강추출물,Zingiber Officinale (Ginger) Root Extract,,,official_exact,599,0.998333,,create_canonical,zingiber_officinale_ginger_root_extract,,Y,high,accepted_auto_exact,dominant_name이 KCIA 표준명·영문명·구명칭 중 하나와 exact 일치,2026-06-30,4a523f990553a507c1236c0490bcbb953960861f5da5cddf7ee79b48f5403178
540,ing_pending_7e1542d1e080,약모밀추출물,598,598,2004,약모밀추출물,Houttuynia Cordata Extract,어성초추출물,Houttuynia Cordata Extract,official_exact,598,1.000000,,create_canonical,houttuynia_cordata_extract,,Y,high,accepted_auto_exact,dominant_name이 KCIA 표준명·영문명·구명칭 중 하나와 exact 일치,2026-06-30,4a523f990553a507c1236c0490bcbb953960861f5da5cddf7ee79b48f5403178
541,ing_pending_7f86916aa2cd,동백나무씨오일,598,598,4040,동백나무씨오일,Camellia Japonica Seed Oil,동백오일,Camellia Japonica Seed Oil,official_exact,598,1.000000,,create_canonical,camellia_japonica_seed_oil,,Y,high,accepted_auto_exact,dominant_name이 KCIA 표준명·영문명·구명칭 중 하나와 exact 일치,2026-06-30,4a523f990553a507c1236c0490bcbb953960861f5da5cddf7ee79b48f5403178
542,ing_pending_07ab7b73ea2e,Neopentyl Glycol Diheptanoate,597,597,2248,네오펜틸글라이콜다이헵타노에이트,Neopentyl Glycol Diheptanoate,네오펜틸글라이콜디헵타노에이트,Neopentyl Glycol Diheptanoate,official_exact,597,1.000000,,create_canonical,neopentyl_glycol_diheptanoate,,Y,high,accepted_auto_exact,dominant_name이 KCIA 표준명·영문명·구명칭 중 하나와 exact 일치,2026-06-30,4a523f990553a507c1236c0490bcbb953960861f5da5cddf7ee79b48f5403178
543,ing_pending_6cdb58c2d1c1,Butylphenyl Methylpropional,597,597,608,부틸페닐메틸프로피오날,Butylphenyl Methylpropional,부틸페닐메칠프로피오날,Butylphenyl Methylpropional,official_exact,590,0.988275,,create_canonical,butylphenyl_methylpropional,,Y,high,accepted_auto_exact,dominant_name이 KCIA 표준명·영문명·구명칭 중 하나와 exact 일치,2026-06-30,4a523f990553a507c1236c0490bcbb953960861f5da5cddf7ee79b48f5403178
544,ing_pending_6994b24ed1f3,Ppg-1 Trideceth-6,596,596,4517,피피지-1트라이데세스-6,PPG-1 Trideceth-6,피피지-1트리데세스-6,PPG-1 Trideceth-6,official_exact,595,0.998322,,create_canonical,ppg_1_trideceth_6,,Y,high,accepted_auto_exact,dominant_name이 KCIA 표준명·영문명·구명칭 중 하나와 exact 일치,2026-06-30,4a523f990553a507c1236c0490bcbb953960861f5da5cddf7ee79b48f5403178
545,ing_pending_849ddd456f56,Eau),596,596,,,,,,no_official_exact_match,0,0.000000,,manual_review,,,N,low,candidate_unverified,표준명·영문명·구명칭 exact 일치 없음; 기존 alias도 identity 병합 근거로 사용하지 않음,2026-06-30,4a523f990553a507c1236c0490bcbb953960861f5da5cddf7ee79b48f5403178
546,ing_pending_83b12da7add0,아크릴레이트코폴리머,593,593,1787,아크릴레이트코폴리머,Acrylates Copolymer,,,official_exact,593,1.000000,,create_canonical,acrylates_copolymer,,Y,high,accepted_auto_exact,dominant_name이 KCIA 표준명·영문명·구명칭 중 하나와 exact 일치,2026-06-30,4a523f990553a507c1236c0490bcbb953960861f5da5cddf7ee79b48f5403178
547,ing_pending_1119d88e8aad,Dimethyl Isosorbide,592,592,5043,다이메틸아이소소바이드,Dimethyl Isosorbide,디메칠이소소바이드,Dimethyl Isosorbide,official_exact,587,0.991554,,create_canonical,dimethyl_isosorbide,,Y,high,accepted_auto_exact,dominant_name이 KCIA 표준명·영문명·구명칭 중 하나와 exact 일치,2026-06-30,4a523f990553a507c1236c0490bcbb953960861f5da5cddf7ee79b48f5403178
548,ing_pending_13666b5f15fc,Cetyl Palmitate,592,592,1004,세틸팔미테이트,Cetyl Palmitate,,,official_exact,592,1.000000,,create_canonical,cetyl_palmitate,,Y,high,accepted_auto_exact,dominant_name이 KCIA 표준명·영문명·구명칭 중 하나와 exact 일치,2026-06-30,4a523f990553a507c1236c0490bcbb953960861f5da5cddf7ee79b48f5403178
549,ing_pending_3a6dd3b190d0,락토바실러스발효물,591,591,5433,락토바실러스발효물,Lactobacillus Ferment,,,official_exact,591,1.000000,,create_canonical,lactobacillus_ferment,,Y,high,accepted_auto_exact,dominant_name이 KCIA 표준명·영문명·구명칭 중 하나와 exact 일치,2026-06-30,4a523f990553a507c1236c0490bcbb953960861f5da5cddf7ee79b48f5403178
550,ing_pending_9df093bfc663,황색5호,590,590,4971,황색5호,Sunset Yellow FCF,,,official_exact,590,1.000000,,create_canonical,sunset_yellow_fcf,,Y,high,accepted_auto_exact,dominant_name이 KCIA 표준명·영문명·구명칭 중 하나와 exact 일치,2026-06-30,4a523f990553a507c1236c0490bcbb953960861f5da5cddf7ee79b48f5403178
551,ing_pending_7ae309074fbe,Cetyl Ethylhexanoate,589,589,998,세틸에틸헥사노에이트,Cetyl Ethylhexanoate,세틸에칠헥사노에이트,Cetyl Ethylhexanoate,official_exact,589,1.000000,,create_canonical,cetyl_ethylhexanoate,,Y,high,accepted_auto_exact,dominant_name이 KCIA 표준명·영문명·구명칭 중 하나와 exact 일치,2026-06-30,4a523f990553a507c1236c0490bcbb953960861f5da5cddf7ee79b48f5403178
552,ing_pending_9331cfbb84c5,세틸피이지/피피지-10/1다이메티콘,589,589,1008,세틸피이지/피피지-10/1다이메티콘,Cetyl PEG/PPG-10/1 Dimethicone,세틸피이지/피피지-10/1디메치콘,Cetyl PEG/PPG-10/1 Dimethicone,official_exact,589,1.000000,,create_canonical,cetyl_peg_ppg_10_1_dimethicone,,Y,high,accepted_auto_exact,dominant_name이 KCIA 표준명·영문명·구명칭 중 하나와 exact 일치,2026-06-30,4a523f990553a507c1236c0490bcbb953960861f5da5cddf7ee79b48f5403178
553,ing_pending_944e2f04b22a,Hydrolyzed Quinoa,589,589,5881,하이드롤라이즈드퀴노아,Hydrolyzed Quinoa,,,official_exact,588,0.998302,,create_canonical,hydrolyzed_quinoa,,Y,high,accepted_auto_exact,dominant_name이 KCIA 표준명·영문명·구명칭 중 하나와 exact 일치,2026-06-30,4a523f990553a507c1236c0490bcbb953960861f5da5cddf7ee79b48f5403178
554,ing_pending_bb2b8e6a68ce,Polyacrylamide,589,589,3884,폴리아크릴아마이드,Polyacrylamide,,,official_exact,588,0.998302,,create_canonical,polyacrylamide,,Y,high,accepted_auto_exact,dominant_name이 KCIA 표준명·영문명·구명칭 중 하나와 exact 일치,2026-06-30,4a523f990553a507c1236c0490bcbb953960861f5da5cddf7ee79b48f5403178
555,ing_pending_3086a4443c37,알라닌,588,588,1826,알라닌,Alanine,,,official_exact,588,1.000000,,create_canonical,alanine,,Y,high,accepted_auto_exact,dominant_name이 KCIA 표준명·영문명·구명칭 중 하나와 exact 일치,2026-06-30,4a523f990553a507c1236c0490bcbb953960861f5da5cddf7ee79b48f5403178
556,ing_pending_84158fc41a50,Terpineol,587,587,3255,터피네올,Terpineol,,,official_exact,587,1.000000,,create_canonical,terpineol,,Y,high,accepted_auto_exact,dominant_name이 KCIA 표준명·영문명·구명칭 중 하나와 exact 일치,2026-06-30,4a523f990553a507c1236c0490bcbb953960861f5da5cddf7ee79b48f5403178
557,ing_pending_6bcc3765683c,Cocamidopropyl Hydroxysultaine,586,586,3039,코카미도프로필하이드록시설테인,Cocamidopropyl Hydroxysultaine,,,official_exact,582,0.993174,,create_canonical,cocamidopropyl_hydroxysultaine,,Y,high,accepted_auto_exact,dominant_name이 KCIA 표준명·영문명·구명칭 중 하나와 exact 일치,2026-06-30,4a523f990553a507c1236c0490bcbb953960861f5da5cddf7ee79b48f5403178
558,ing_pending_aa85f7f62ee0,Dicalcium Phosphate,585,585,5221,다이칼슘포스페이트,Dicalcium Phosphate,디칼슘포스페이트,Dicalcium Phosphate,official_exact,584,0.998291,,create_canonical,dicalcium_phosphate,,Y,high,accepted_auto_exact,dominant_name이 KCIA 표준명·영문명·구명칭 중 하나와 exact 일치,2026-06-30,4a523f990553a507c1236c0490bcbb953960861f5da5cddf7ee79b48f5403178
559,ing_pending_2bc920db9a61,메틸메타크릴레이트크로스폴리머,582,582,183,메틸메타크릴레이트크로스폴리머,Methyl Methacrylate Crosspolymer,메칠메타크릴레이트크로스폴리머,Methyl Methacrylate Crosspolymer,official_exact,582,1.000000,,create_canonical,methyl_methacrylate_crosspolymer,,Y,high,accepted_auto_exact,dominant_name이 KCIA 표준명·영문명·구명칭 중 하나와 exact 일치,2026-06-30,4a523f990553a507c1236c0490bcbb953960861f5da5cddf7ee79b48f5403178
560,ing_pending_4ecc5dc0b101,Aluminum Starch Octenylsuccinate,581,581,1859,알루미늄전분옥테닐석시네이트,Aluminum Starch Octenylsuccinate,알루미늄스타치옥테닐석시네이트,Aluminum Starch Octenylsuccinate,official_exact,581,1.000000,,create_canonical,aluminum_starch_octenylsuccinate,,Y,high,accepted_auto_exact,dominant_name이 KCIA 표준명·영문명·구명칭 중 하나와 exact 일치,2026-06-30,4a523f990553a507c1236c0490bcbb953960861f5da5cddf7ee79b48f5403178
561,ing_pending_846ca17fd574,PEG-8,581,581,4079,피이지-8,PEG-8,,,official_exact,580,0.998279,,create_canonical,peg_8,,Y,high,accepted_auto_exact,dominant_name이 KCIA 표준명·영문명·구명칭 중 하나와 exact 일치,2026-06-30,4a523f990553a507c1236c0490bcbb953960861f5da5cddf7ee79b48f5403178
562,ing_pending_bb28e0c8eaf9,다이부틸아디페이트,578,578,5080,다이부틸아디페이트,Dibutyl Adipate,디부틸아디페이트,Dibutyl Adipate,official_exact,578,1.000000,,create_canonical,dibutyl_adipate,,Y,high,accepted_auto_exact,dominant_name이 KCIA 표준명·영문명·구명칭 중 하나와 exact 일치,2026-06-30,4a523f990553a507c1236c0490bcbb953960861f5da5cddf7ee79b48f5403178
563,ing_pending_da4410e299f8,마트리카리아꽃추출물,578,578,18369,마트리카리아꽃추출물,Chamomilla Recutita (Matricaria) Flower Extract,캐모마일꽃추출물,Anthemis Nobilis Flower Extract|Chamomilla Recutita (Matricaria) Flower Extract,official_exact,578,1.000000,,create_canonical,chamomilla_recutita_matricaria_flower_extract,,Y,high,accepted_auto_exact,dominant_name이 KCIA 표준명·영문명·구명칭 중 하나와 exact 일치,2026-06-30,4a523f990553a507c1236c0490bcbb953960861f5da5cddf7ee79b48f5403178
564,ing_pending_17af3135e542,에칠헥실트리아존,577,577,2087,에칠헥실트리아존,Ethylhexyl Triazone,,,official_exact,577,1.000000,,create_canonical,ethylhexyl_triazone,,Y,high,accepted_auto_exact,dominant_name이 KCIA 표준명·영문명·구명칭 중 하나와 exact 일치,2026-06-30,4a523f990553a507c1236c0490bcbb953960861f5da5cddf7ee79b48f5403178
565,ing_pending_2923850fc2fa,카퍼트라이펩타이드-1,576,576,2908,카퍼트라이펩타이드-1,Copper Tripeptide-1,카퍼트리펩타이드-1,Copper Tripeptide-1,official_exact,576,1.000000,,create_canonical,copper_tripeptide_1,peptides,Y,high,accepted_auto_exact,dominant_name이 KCIA 표준명·영문명·구명칭 중 하나와 exact 일치,2026-06-30,4a523f990553a507c1236c0490bcbb953960861f5da5cddf7ee79b48f5403178
566,ing_pending_3be4fee83e1a,Ethylene/Propylene/Styrene Copolymer,576,576,2050,에틸렌/프로필렌/스타이렌코폴리머,Ethylene/Propylene/Styrene Copolymer,에칠렌/프로필렌/스타이렌코폴리머,Ethylene/Propylene/Styrene Copolymer,official_exact,576,1.000000,,create_canonical,ethylene_propylene_styrene_copolymer,,Y,high,accepted_auto_exact,dominant_name이 KCIA 표준명·영문명·구명칭 중 하나와 exact 일치,2026-06-30,4a523f990553a507c1236c0490bcbb953960861f5da5cddf7ee79b48f5403178
567,ing_pending_55e1e8de8aee,트라이소듐에틸렌다이아민다이석시네이트,576,576,6229,트라이소듐에틸렌다이아민다이석시네이트,Trisodium Ethylenediamine Disuccinate,트리소듐에칠렌디아민디석시네이트,Trisodium Ethylenediamine Disuccinate,official_exact,576,1.000000,,create_canonical,trisodium_ethylenediamine_disuccinate,,Y,high,accepted_auto_exact,dominant_name이 KCIA 표준명·영문명·구명칭 중 하나와 exact 일치,2026-06-30,4a523f990553a507c1236c0490bcbb953960861f5da5cddf7ee79b48f5403178
568,ing_pending_71b28ec75e2d,Polyglyceryl-4 Diisostearate/Polyhydroxystearate/Sebacate,576,576,3757,폴리글리세릴-4다이아이소스테아레이트/폴리하이드록시스 테아레이트/세바케이트,Polyglyceryl-4 Diisostearate/Polyhydroxystearate/Sebacate,폴리글리세릴-4디이소스테아레이트/폴리하이드록시스테아 레이트/세바케이트,Polyglyceryl-4 Diisostearate/Polyhydroxystearate/Sebacate,official_exact,571,0.991319,,create_canonical,polyglyceryl_4_diisostearate_polyhydroxystearate_sebacate,,Y,high,accepted_auto_exact,dominant_name이 KCIA 표준명·영문명·구명칭 중 하나와 exact 일치,2026-06-30,4a523f990553a507c1236c0490bcbb953960861f5da5cddf7ee79b48f5403178
569,ing_pending_00a50002a1cb,포타슘하이드록사이드,573,573,3709,포타슘하이드록사이드,Potassium Hydroxide,,,official_exact,573,1.000000,,create_canonical,potassium_hydroxide,,Y,high,accepted_auto_exact,dominant_name이 KCIA 표준명·영문명·구명칭 중 하나와 exact 일치,2026-06-30,4a523f990553a507c1236c0490bcbb953960861f5da5cddf7ee79b48f5403178
570,ing_pending_d04598848280,Zea Mays (Corn) Starch,572,572,2203,옥수수전분,Zea Mays (Corn) Starch,,,official_exact,572,1.000000,,create_canonical,zea_mays_corn_starch,,Y,high,accepted_auto_exact,dominant_name이 KCIA 표준명·영문명·구명칭 중 하나와 exact 일치,2026-06-30,4a523f990553a507c1236c0490bcbb953960861f5da5cddf7ee79b48f5403178
571,ing_pending_13aca48e3dea,카페인,570,570,2912,카페인,Caffeine,,,official_exact,570,1.000000,,create_canonical,caffeine,,Y,high,accepted_auto_exact,dominant_name이 KCIA 표준명·영문명·구명칭 중 하나와 exact 일치,2026-06-30,4a523f990553a507c1236c0490bcbb953960861f5da5cddf7ee79b48f5403178
572,ing_pending_073257bb381c,적색202호,569,569,2664,적색202호,Lithol Rubine BCA,,,official_exact,569,1.000000,,create_canonical,lithol_rubine_bca,,Y,high,accepted_auto_exact,dominant_name이 KCIA 표준명·영문명·구명칭 중 하나와 exact 일치,2026-06-30,4a523f990553a507c1236c0490bcbb953960861f5da5cddf7ee79b48f5403178
573,ing_pending_e333b7b5d309,Polyglyceryl-4 Caprate,568,568,5981,폴리글리세릴-4카프레이트,Polyglyceryl-4 Caprate,,,official_exact,567,0.998239,,create_canonical,polyglyceryl_4_caprate,,Y,high,accepted_auto_exact,dominant_name이 KCIA 표준명·영문명·구명칭 중 하나와 exact 일치,2026-06-30,4a523f990553a507c1236c0490bcbb953960861f5da5cddf7ee79b48f5403178
574,ing_pending_b75fea71e1c2,Diamond Powder,567,567,2988,다이아몬드가루,Diamond Powder,,,official_exact,567,1.000000,,create_canonical,diamond_powder,,Y,high,accepted_auto_exact,dominant_name이 KCIA 표준명·영문명·구명칭 중 하나와 exact 일치,2026-06-30,4a523f990553a507c1236c0490bcbb953960861f5da5cddf7ee79b48f5403178
575,ing_pending_c4b9cbcb1479,Eucalyptus Globulus Leaf Oil,565,565,2410,유칼립투스잎오일,Eucalyptus Globulus Leaf Oil,,,official_exact,563,0.996460,,create_canonical,eucalyptus_globulus_leaf_oil,,Y,high,accepted_auto_exact,dominant_name이 KCIA 표준명·영문명·구명칭 중 하나와 exact 일치,2026-06-30,4a523f990553a507c1236c0490bcbb953960861f5da5cddf7ee79b48f5403178
576,ing_pending_39b6c559452f,히스티딘,561,561,5061,히스티딘,Histidine,,,official_exact,561,1.000000,,create_canonical,histidine,,Y,high,accepted_auto_exact,dominant_name이 KCIA 표준명·영문명·구명칭 중 하나와 exact 일치,2026-06-30,4a523f990553a507c1236c0490bcbb953960861f5da5cddf7ee79b48f5403178
577,ing_pending_057dc9557b8d,Polyglyceryl-3 Methylglucose Distearate,559,559,3768,폴리글리세릴-3메틸글루코오스다이스테아레이트,Polyglyceryl-3 Methylglucose Distearate,폴리글리세릴-3메칠글루코오스디스테아레이트,Polyglyceryl-3 Methylglucose Distearate,official_exact_low_variant_coverage,365,0.652952,,manual_review,,,N,medium,candidate_unverified,대표명은 KCIA와 일치하지만 전체 원문 표기의 exact 일치율이 65.30%로 자동 적용 기준 미달,2026-06-30,4a523f990553a507c1236c0490bcbb953960861f5da5cddf7ee79b48f5403178
578,ing_pending_938baee7853e,Aloe Barbadensis Leaf Juice Powder,558,558,1838,알로에베라잎즙가루,Aloe Barbadensis Leaf Juice Powder,,,official_exact,556,0.996416,,create_canonical,aloe_barbadensis_leaf_juice_powder,,Y,high,accepted_auto_exact,dominant_name이 KCIA 표준명·영문명·구명칭 중 하나와 exact 일치,2026-06-30,4a523f990553a507c1236c0490bcbb953960861f5da5cddf7ee79b48f5403178
579,ing_pending_1e28d17d94ea,알로에베라잎추출물,557,557,1839,알로에베라잎추출물,Aloe Barbadensis Leaf Extract,,,official_exact,557,1.000000,,create_canonical,aloe_barbadensis_leaf_extract,,Y,high,accepted_auto_exact,dominant_name이 KCIA 표준명·영문명·구명칭 중 하나와 exact 일치,2026-06-30,4a523f990553a507c1236c0490bcbb953960861f5da5cddf7ee79b48f5403178
580,ing_pending_7003e7584b80,틴옥사이드,556,556,3472,틴옥사이드,Tin Oxide,,,official_exact,556,1.000000,,create_canonical,tin_oxide,,Y,high,accepted_auto_exact,dominant_name이 KCIA 표준명·영문명·구명칭 중 하나와 exact 일치,2026-06-30,4a523f990553a507c1236c0490bcbb953960861f5da5cddf7ee79b48f5403178
581,ing_pending_a6067e6c70f3,부틸옥틸살리실레이트,555,555,606,부틸옥틸살리실레이트,Butyloctyl Salicylate,,,official_exact,555,1.000000,,create_canonical,butyloctyl_salicylate,,Y,high,accepted_auto_exact,dominant_name이 KCIA 표준명·영문명·구명칭 중 하나와 exact 일치,2026-06-30,4a523f990553a507c1236c0490bcbb953960861f5da5cddf7ee79b48f5403178
582,ing_pending_1c229c3006c1,사이클로헥사실록세인,554,554,770,사이클로헥사실록세인,Cyclohexasiloxane,사이클로헥사실록산,Cyclohexasiloxane,official_exact,554,1.000000,,create_canonical,cyclohexasiloxane,,Y,high,accepted_auto_exact,dominant_name이 KCIA 표준명·영문명·구명칭 중 하나와 exact 일치,2026-06-30,4a523f990553a507c1236c0490bcbb953960861f5da5cddf7ee79b48f5403178
583,ing_pending_e554ce30b528,Macadamia Ternifolia Seed Oil,553,553,,,,,,official_exact_ambiguous,0,0.000000,90|18408,manual_review,,,N,low,candidate_unverified,같은 표기가 둘 이상의 KCIA 성분코드와 일치,2026-06-30,4a523f990553a507c1236c0490bcbb953960861f5da5cddf7ee79b48f5403178
584,ing_pending_4d225ce77e10,Daucus Carota Sativa (Carrot) Root Extract,552,552,3218,당근추출물,Daucus Carota Sativa (Carrot) Root Extract,,,official_exact,550,0.996377,,create_canonical,daucus_carota_sativa_carrot_root_extract,,Y,high,accepted_auto_exact,dominant_name이 KCIA 표준명·영문명·구명칭 중 하나와 exact 일치,2026-06-30,4a523f990553a507c1236c0490bcbb953960861f5da5cddf7ee79b48f5403178
585,ing_pending_75660679271f,Red 33 (CI 17200),552,552,,,,,,no_official_exact_match,0,0.000000,,manual_review,,,N,low,candidate_unverified,표준명·영문명·구명칭 exact 일치 없음; 기존 alias도 identity 병합 근거로 사용하지 않음,2026-06-30,4a523f990553a507c1236c0490bcbb953960861f5da5cddf7ee79b48f5403178
586,ing_pending_b0c943b0a5ef,타이로신,551,551,3231,타이로신,Tyrosine,,,official_exact,551,1.000000,,create_canonical,tyrosine,,Y,high,accepted_auto_exact,dominant_name이 KCIA 표준명·영문명·구명칭 중 하나와 exact 일치,2026-06-30,4a523f990553a507c1236c0490bcbb953960861f5da5cddf7ee79b48f5403178
587,ing_pending_e600eea1cfc4,치자추출물,551,551,2852,치자추출물,Gardenia Florida Fruit Extract,,,official_exact,551,1.000000,,create_canonical,gardenia_florida_fruit_extract,,Y,high,accepted_auto_exact,dominant_name이 KCIA 표준명·영문명·구명칭 중 하나와 exact 일치,2026-06-30,4a523f990553a507c1236c0490bcbb953960861f5da5cddf7ee79b48f5403178
588,ing_pending_7b5bd3517e82,락틱애씨드,550,550,5453,락틱애씨드,Lactic Acid,,,official_exact,550,1.000000,,create_canonical,lactic_acid,aha,Y,high,accepted_auto_exact,dominant_name이 KCIA 표준명·영문명·구명칭 중 하나와 exact 일치,2026-06-30,4a523f990553a507c1236c0490bcbb953960861f5da5cddf7ee79b48f5403178
589,ing_pending_1bfdf8d4575e,Tridecyl Trimellitate,549,549,3335,트라이데실트라이멜리테이트,Tridecyl Trimellitate,트리데실트리멜리테이트,Tridecyl Trimellitate,official_exact,549,1.000000,,create_canonical,tridecyl_trimellitate,,Y,high,accepted_auto_exact,dominant_name이 KCIA 표준명·영문명·구명칭 중 하나와 exact 일치,2026-06-30,4a523f990553a507c1236c0490bcbb953960861f5da5cddf7ee79b48f5403178
590,ing_pending_2cdb8961f7de,Fructose,549,549,4022,프룩토오스,Fructose,,,official_exact,549,1.000000,,create_canonical,fructose,,Y,high,accepted_auto_exact,dominant_name이 KCIA 표준명·영문명·구명칭 중 하나와 exact 일치,2026-06-30,4a523f990553a507c1236c0490bcbb953960861f5da5cddf7ee79b48f5403178
591,ing_pending_20d9d76cf567,Ci 77163 / Bismuth Oxychloride,548,548,,,,,,no_official_exact_match,0,0.000000,,manual_review,,,N,low,candidate_unverified,표준명·영문명·구명칭 exact 일치 없음; 기존 alias도 identity 병합 근거로 사용하지 않음,2026-06-30,4a523f990553a507c1236c0490bcbb953960861f5da5cddf7ee79b48f5403178
592,ing_pending_c6b6c6e75ede,쇠비름추출물,548,548,88,쇠비름추출물,Portulaca Oleracea Extract,마치현추출물,Portulaca Oleracea Extract,official_exact,548,1.000000,,create_canonical,portulaca_oleracea_extract,,Y,high,accepted_auto_exact,dominant_name이 KCIA 표준명·영문명·구명칭 중 하나와 exact 일치,2026-06-30,4a523f990553a507c1236c0490bcbb953960861f5da5cddf7ee79b48f5403178
593,ing_pending_701e09076b94,당느릅나무뿌리추출물,546,546,2811,당느릅나무뿌리추출물,Ulmus Davidiana Root Extract,느릅나무뿌리추출물,Ulmus Davidiana Root Extract,official_exact,546,1.000000,,create_canonical,ulmus_davidiana_root_extract,,Y,high,accepted_auto_exact,dominant_name이 KCIA 표준명·영문명·구명칭 중 하나와 exact 일치,2026-06-30,4a523f990553a507c1236c0490bcbb953960861f5da5cddf7ee79b48f5403178
594,ing_pending_a0000e947d4f,Quaternium-90 Bentonite,546,546,3160,쿼터늄-90벤토나이트,Quaternium-90 Bentonite,,,official_exact,546,1.000000,,create_canonical,quaternium_90_bentonite,,Y,high,accepted_auto_exact,dominant_name이 KCIA 표준명·영문명·구명칭 중 하나와 exact 일치,2026-06-30,4a523f990553a507c1236c0490bcbb953960861f5da5cddf7ee79b48f5403178
595,ing_pending_d5ade37a1a14,Magnesium Myristate,546,546,43,마그네슘미리스테이트,Magnesium Myristate,,,official_exact,546,1.000000,,create_canonical,magnesium_myristate,,Y,high,accepted_auto_exact,dominant_name이 KCIA 표준명·영문명·구명칭 중 하나와 exact 일치,2026-06-30,4a523f990553a507c1236c0490bcbb953960861f5da5cddf7ee79b48f5403178
596,ing_pending_2c29dbd8f375,아이소프로필미리스테이트,545,545,2533,아이소프로필미리스테이트,Isopropyl Myristate,이소프로필미리스테이트,Isopropyl Myristate,official_exact,545,1.000000,,create_canonical,isopropyl_myristate,,Y,high,accepted_auto_exact,dominant_name이 KCIA 표준명·영문명·구명칭 중 하나와 exact 일치,2026-06-30,4a523f990553a507c1236c0490bcbb953960861f5da5cddf7ee79b48f5403178
597,ing_pending_35566abaf354,피이지-100스테아레이트,545,545,4282,피이지-100스테아레이트,PEG-100 Stearate,,,official_exact,545,1.000000,,create_canonical,peg_100_stearate,,Y,high,accepted_auto_exact,dominant_name이 KCIA 표준명·영문명·구명칭 중 하나와 exact 일치,2026-06-30,4a523f990553a507c1236c0490bcbb953960861f5da5cddf7ee79b48f5403178
598,ing_pending_531206a6653c,C9-12 Alkane,545,545,17157,C9-12알케인,C9-12 Alkane,,,official_exact,542,0.994495,,create_canonical,c9_12_alkane,,Y,high,accepted_auto_exact,dominant_name이 KCIA 표준명·영문명·구명칭 중 하나와 exact 일치,2026-06-30,4a523f990553a507c1236c0490bcbb953960861f5da5cddf7ee79b48f5403178
599,ing_pending_7707d6cfc9d0,폴리솔베이트20,544,544,3855,폴리솔베이트20,Polysorbate 20,폴리소르베이트20|폴리솔베이트 20,Polysorbate 20,official_exact,544,1.000000,,create_canonical,polysorbate_20,,Y,high,accepted_auto_exact,dominant_name이 KCIA 표준명·영문명·구명칭 중 하나와 exact 일치,2026-06-30,4a523f990553a507c1236c0490bcbb953960861f5da5cddf7ee79b48f5403178
600,ing_pending_fe9c995ff6e9,Phenylpropanol,544,544,6226,페닐프로판올,Phenylpropanol,,,official_exact,544,1.000000,,create_canonical,phenylpropanol,,Y,high,accepted_auto_exact,dominant_name이 KCIA 표준명·영문명·구명칭 중 하나와 exact 일치,2026-06-30,4a523f990553a507c1236c0490bcbb953960861f5da5cddf7ee79b48f5403178
601,ing_pending_9f6a5eb9ac67,Magnesium Ascorbyl Phosphate,542,542,51,마그네슘아스코빌포스페이트,Magnesium Ascorbyl Phosphate,,,official_exact,542,1.000000,,create_canonical,magnesium_ascorbyl_phosphate,,Y,high,accepted_auto_exact,dominant_name이 KCIA 표준명·영문명·구명칭 중 하나와 exact 일치,2026-06-30,4a523f990553a507c1236c0490bcbb953960861f5da5cddf7ee79b48f5403178
602,ing_pending_590e9fcaca00,솔비탄세스퀴올리에이트,540,540,1286,솔비탄세스퀴올리에이트,Sorbitan Sesquioleate,소르비탄세스퀴올리에이트,Sorbitan Sesquioleate,official_exact,540,1.000000,,create_canonical,sorbitan_sesquioleate,,Y,high,accepted_auto_exact,dominant_name이 KCIA 표준명·영문명·구명칭 중 하나와 exact 일치,2026-06-30,4a523f990553a507c1236c0490bcbb953960861f5da5cddf7ee79b48f5403178
603,ing_pending_8d9a2e6f4f48,마그네슘설페이트,540,540,46,마그네슘설페이트,Magnesium Sulfate,,,official_exact,540,1.000000,,create_canonical,magnesium_sulfate,,Y,high,accepted_auto_exact,dominant_name이 KCIA 표준명·영문명·구명칭 중 하나와 exact 일치,2026-06-30,4a523f990553a507c1236c0490bcbb953960861f5da5cddf7ee79b48f5403178
604,ing_pending_ba0e9164f083,Ammonium Polyacryloyldimethyl Taurate,540,540,1961,암모늄폴리아크릴로일다이메틸타우레이트,Ammonium Polyacryloyldimethyl Taurate,암모늄폴리아크릴로일디메칠타우레이트,Ammonium Polyacryloyldimethyl Taurate,official_exact,539,0.998148,,create_canonical,ammonium_polyacryloyldimethyl_taurate,,Y,high,accepted_auto_exact,dominant_name이 KCIA 표준명·영문명·구명칭 중 하나와 exact 일치,2026-06-30,4a523f990553a507c1236c0490bcbb953960861f5da5cddf7ee79b48f5403178
605,ing_pending_90894e4aa133,Microcrystalline Cellulose,539,539,85,마이크로크리스탈린셀룰로오스,Microcrystalline Cellulose,,,official_exact,538,0.998145,,create_canonical,microcrystalline_cellulose,,Y,high,accepted_auto_exact,dominant_name이 KCIA 표준명·영문명·구명칭 중 하나와 exact 일치,2026-06-30,4a523f990553a507c1236c0490bcbb953960861f5da5cddf7ee79b48f5403178
606,ing_pending_33f52ecc6602,Ci 15850 (Red 7),538,538,,,,,,no_official_exact_match,0,0.000000,,manual_review,,,N,low,candidate_unverified,표준명·영문명·구명칭 exact 일치 없음; 기존 alias도 identity 병합 근거로 사용하지 않음,2026-06-30,4a523f990553a507c1236c0490bcbb953960861f5da5cddf7ee79b48f5403178
607,ing_pending_a4592bd3c142,Butylene Glycol Dicaprylate/Dicaprate,538,538,587,부틸렌글라이콜다이카프릴레이트/다이카프레이트,Butylene Glycol Dicaprylate/Dicaprate,부틸렌글라이콜디카프릴레이트/디카프레이트,Butylene Glycol Dicaprylate/Dicaprate,official_exact,522,0.970260,,create_canonical,butylene_glycol_dicaprylate_dicaprate,,Y,high,accepted_auto_exact,dominant_name이 KCIA 표준명·영문명·구명칭 중 하나와 exact 일치,2026-06-30,4a523f990553a507c1236c0490bcbb953960861f5da5cddf7ee79b48f5403178
608,ing_pending_43d23117eff2,Chromium Oxide Greens (CI 77288),537,537,,,,,,no_official_exact_match,0,0.000000,,manual_review,,,N,low,candidate_unverified,표준명·영문명·구명칭 exact 일치 없음; 기존 alias도 identity 병합 근거로 사용하지 않음,2026-06-30,4a523f990553a507c1236c0490bcbb953960861f5da5cddf7ee79b48f5403178
609,ing_pending_19ed17115ec3,Sodium Lauroyl Glutamate,536,536,1069,소듐라우로일글루타메이트,Sodium Lauroyl Glutamate,,,official_exact,536,1.000000,,create_canonical,sodium_lauroyl_glutamate,,Y,high,accepted_auto_exact,dominant_name이 KCIA 표준명·영문명·구명칭 중 하나와 exact 일치,2026-06-30,4a523f990553a507c1236c0490bcbb953960861f5da5cddf7ee79b48f5403178
610,ing_pending_73302a4121aa,시스테인,536,536,1513,시스테인,Cysteine,,,official_exact,536,1.000000,,create_canonical,cysteine,,Y,high,accepted_auto_exact,dominant_name이 KCIA 표준명·영문명·구명칭 중 하나와 exact 일치,2026-06-30,4a523f990553a507c1236c0490bcbb953960861f5da5cddf7ee79b48f5403178
611,ing_pending_9c86b3dfa63a,Hydrolyzed Keratin,534,534,4792,하이드롤라이즈드케라틴,Hydrolyzed Keratin,,,official_exact,534,1.000000,,create_canonical,hydrolyzed_keratin,,Y,high,accepted_auto_exact,dominant_name이 KCIA 표준명·영문명·구명칭 중 하나와 exact 일치,2026-06-30,4a523f990553a507c1236c0490bcbb953960861f5da5cddf7ee79b48f5403178
612,ing_pending_eea34eb1b89b,Biosaccharide Gum-1,534,534,402,바이오사카라이드검-1,Biosaccharide Gum-1,,,official_exact,528,0.988764,,create_canonical,biosaccharide_gum_1,,Y,high,accepted_auto_exact,dominant_name이 KCIA 표준명·영문명·구명칭 중 하나와 exact 일치,2026-06-30,4a523f990553a507c1236c0490bcbb953960861f5da5cddf7ee79b48f5403178
613,ing_pending_20370ef22f7b,솔비톨,532,532,1297,솔비톨,Sorbitol,소르비톨,Sorbitol,official_exact,532,1.000000,,create_canonical,sorbitol,,Y,high,accepted_auto_exact,dominant_name이 KCIA 표준명·영문명·구명칭 중 하나와 exact 일치,2026-06-30,4a523f990553a507c1236c0490bcbb953960861f5da5cddf7ee79b48f5403178
614,ing_pending_33493bf38293,CI 15850 (Red 6),532,532,,,,,,no_official_exact_match,0,0.000000,,manual_review,,,N,low,candidate_unverified,표준명·영문명·구명칭 exact 일치 없음; 기존 alias도 identity 병합 근거로 사용하지 않음,2026-06-30,4a523f990553a507c1236c0490bcbb953960861f5da5cddf7ee79b48f5403178
615,ing_pending_7d64a6897406,Melia Azadirachta Flower Extract,532,532,7787,인도멀구슬나무꽃추출물,Melia Azadirachta Flower Extract,,,official_exact,532,1.000000,,create_canonical,melia_azadirachta_flower_extract,,Y,high,accepted_auto_exact,dominant_name이 KCIA 표준명·영문명·구명칭 중 하나와 exact 일치,2026-06-30,4a523f990553a507c1236c0490bcbb953960861f5da5cddf7ee79b48f5403178
616,ing_pending_95cc31593d00,Isoamyl Laurate,532,532,6682,아이소아밀라우레이트,Auricula/Vitis Labrusca Fruit/Helianthus Tuberosus Tuber Ferment Extract Isoamyl Laurate,이소아밀라우레이트,Isoamyl Laurate,official_exact,532,1.000000,,create_canonical,auricula_vitis_labrusca_fruit_helianthus_tuberosus_tub_kcia_6682,,Y,high,accepted_auto_exact,dominant_name이 KCIA 표준명·영문명·구명칭 중 하나와 exact 일치,2026-06-30,4a523f990553a507c1236c0490bcbb953960861f5da5cddf7ee79b48f5403178
617,ing_pending_a78885d05fa4,Hydrogenated Ethylhexyl Olivate,532,532,4571,하이드로제네이티드에틸헥실올리베이트,Hydrogenated Ethylhexyl Olivate,하이드로제네이티드에칠헥실올리베이트,Hydrogenated Ethylhexyl Olivate,official_exact,532,1.000000,,create_canonical,hydrogenated_ethylhexyl_olivate,,Y,high,accepted_auto_exact,dominant_name이 KCIA 표준명·영문명·구명칭 중 하나와 exact 일치,2026-06-30,4a523f990553a507c1236c0490bcbb953960861f5da5cddf7ee79b48f5403178
618,ing_pending_08f4226fb913,로즈마리잎추출물,531,531,5513,로즈마리잎추출물,Rosmarinus Officinalis (Rosemary) Leaf Extract,,,official_exact,531,1.000000,,create_canonical,rosmarinus_officinalis_rosemary_leaf_extract,,Y,high,accepted_auto_exact,dominant_name이 KCIA 표준명·영문명·구명칭 중 하나와 exact 일치,2026-06-30,4a523f990553a507c1236c0490bcbb953960861f5da5cddf7ee79b48f5403178
619,ing_pending_4afcedd64b0e,Sorbitan Sesquiisostearate,531,531,1287,솔비탄세스퀴아이소스테아레이트,Sorbitan Sesquiisostearate,소르비탄세스퀴이소스테아레이트,Sorbitan Sesquiisostearate,official_exact,531,1.000000,,create_canonical,sorbitan_sesquiisostearate,,Y,high,accepted_auto_exact,dominant_name이 KCIA 표준명·영문명·구명칭 중 하나와 exact 일치,2026-06-30,4a523f990553a507c1236c0490bcbb953960861f5da5cddf7ee79b48f5403178
620,ing_pending_425994d315d6,Barium Sulfate,530,530,386,바륨설페이트,Barium Sulfate,,,official_exact,530,1.000000,,create_canonical,barium_sulfate,,Y,high,accepted_auto_exact,dominant_name이 KCIA 표준명·영문명·구명칭 중 하나와 exact 일치,2026-06-30,4a523f990553a507c1236c0490bcbb953960861f5da5cddf7ee79b48f5403178
621,ing_pending_a0a63998c7ad,Ci 45410 (Red 28 Lake),530,530,,,,,,no_official_exact_match,0,0.000000,,manual_review,,,N,low,candidate_unverified,표준명·영문명·구명칭 exact 일치 없음; 기존 alias도 identity 병합 근거로 사용하지 않음,2026-06-30,4a523f990553a507c1236c0490bcbb953960861f5da5cddf7ee79b48f5403178
622,ing_pending_aa669b7cd46c,베르가모트오일,530,530,459,베르가모트오일,Citrus Aurantium Bergamia (Bergamot) Fruit Oil,베르가모트열매오일,Citrus Aurantium Bergamia (Bergamot) Fruit Oil,official_exact,530,1.000000,,create_canonical,citrus_aurantium_bergamia_bergamot_fruit_oil,,Y,high,accepted_auto_exact,dominant_name이 KCIA 표준명·영문명·구명칭 중 하나와 exact 일치,2026-06-30,4a523f990553a507c1236c0490bcbb953960861f5da5cddf7ee79b48f5403178
623,ing_pending_c85181372074,Yellow 6 Lake (Ci 15985),530,530,,,,,,no_official_exact_match,0,0.000000,,manual_review,,,N,low,candidate_unverified,표준명·영문명·구명칭 exact 일치 없음; 기존 alias도 identity 병합 근거로 사용하지 않음,2026-06-30,4a523f990553a507c1236c0490bcbb953960861f5da5cddf7ee79b48f5403178
624,ing_pending_11389397e09e,Diphenylsiloxy Phenyl Trimethicone,529,529,5240,다이페닐실록시페닐트라이메티콘,Diphenylsiloxy Phenyl Trimethicone,디페닐실록시페닐트리메치콘,Diphenylsiloxy Phenyl Trimethicone,official_exact,529,1.000000,,create_canonical,diphenylsiloxy_phenyl_trimethicone,,Y,high,accepted_auto_exact,dominant_name이 KCIA 표준명·영문명·구명칭 중 하나와 exact 일치,2026-06-30,4a523f990553a507c1236c0490bcbb953960861f5da5cddf7ee79b48f5403178
625,ing_pending_cf5c1ecc4dd2,Sodium Cocoyl Glutamate,529,529,1206,소듐코코일글루타메이트,Sodium Cocoyl Glutamate,,,official_exact,528,0.998110,,create_canonical,sodium_cocoyl_glutamate,,Y,high,accepted_auto_exact,dominant_name이 KCIA 표준명·영문명·구명칭 중 하나와 exact 일치,2026-06-30,4a523f990553a507c1236c0490bcbb953960861f5da5cddf7ee79b48f5403178
626,ing_pending_54e4d8acdbbf,Red 7 (Ci 15850),528,528,,,,,,no_official_exact_match,0,0.000000,,manual_review,,,N,low,candidate_unverified,표준명·영문명·구명칭 exact 일치 없음; 기존 alias도 identity 병합 근거로 사용하지 않음,2026-06-30,4a523f990553a507c1236c0490bcbb953960861f5da5cddf7ee79b48f5403178
627,ing_pending_f99f2da6dec8,3-O-Ethyl Ascorbic Acid,526,526,18510,3-O-에틸아스코빅애씨드,3-O-Ethyl Ascorbic Acid,,,official_exact,517,0.982890,,create_canonical,3_o_ethyl_ascorbic_acid,,Y,high,accepted_auto_exact,dominant_name이 KCIA 표준명·영문명·구명칭 중 하나와 exact 일치,2026-06-30,4a523f990553a507c1236c0490bcbb953960861f5da5cddf7ee79b48f5403178
628,ing_pending_baa9ed51149e,prunus armeniaca (apricot) kernel oil,525,525,809,살구씨오일,Prunus Armeniaca (Apricot) Kernel Oil,행인오일,Prunus Armeniaca (Apricot) Kernel Oil,official_exact,523,0.996190,,create_canonical,prunus_armeniaca_apricot_kernel_oil,,Y,high,accepted_auto_exact,dominant_name이 KCIA 표준명·영문명·구명칭 중 하나와 exact 일치,2026-06-30,4a523f990553a507c1236c0490bcbb953960861f5da5cddf7ee79b48f5403178
629,ing_pending_6a5ba45831fe,폴리쿼터늄-10,524,524,3922,폴리쿼터늄-10,Polyquaternium-10,,,official_exact,524,1.000000,,create_canonical,polyquaternium_10,,Y,high,accepted_auto_exact,dominant_name이 KCIA 표준명·영문명·구명칭 중 하나와 exact 일치,2026-06-30,4a523f990553a507c1236c0490bcbb953960861f5da5cddf7ee79b48f5403178
630,ing_pending_7f51b13d2679,Corallina Officinalis Extract,524,524,2803,참산호말추출물,Corallina Officinalis Extract,,,official_exact,524,1.000000,,create_canonical,corallina_officinalis_extract,,Y,high,accepted_auto_exact,dominant_name이 KCIA 표준명·영문명·구명칭 중 하나와 exact 일치,2026-06-30,4a523f990553a507c1236c0490bcbb953960861f5da5cddf7ee79b48f5403178
631,ing_pending_4a5b656ba2ab,Sodium Levulinate,521,521,5679,소듐레불리네이트,Sodium Levulinate,,,official_exact,521,1.000000,,create_canonical,sodium_levulinate,,Y,high,accepted_auto_exact,dominant_name이 KCIA 표준명·영문명·구명칭 중 하나와 exact 일치,2026-06-30,4a523f990553a507c1236c0490bcbb953960861f5da5cddf7ee79b48f5403178
632,ing_pending_96a9b92df401,Sodium Ascorbyl Phosphate,521,521,1152,소듐아스코빌포스페이트,Sodium Ascorbyl Phosphate,,,official_exact,519,0.996161,,create_canonical,sodium_ascorbyl_phosphate,,Y,high,accepted_auto_exact,dominant_name이 KCIA 표준명·영문명·구명칭 중 하나와 exact 일치,2026-06-30,4a523f990553a507c1236c0490bcbb953960861f5da5cddf7ee79b48f5403178
633,ing_pending_560362ab361d,Hibiscus Sabdariffa Flower Extract,520,520,5057,히비스커스꽃추출물,Hibiscus Sabdariffa Flower Extract,,,official_exact,517,0.994231,,create_canonical,hibiscus_sabdariffa_flower_extract,,Y,high,accepted_auto_exact,dominant_name이 KCIA 표준명·영문명·구명칭 중 하나와 exact 일치,2026-06-30,4a523f990553a507c1236c0490bcbb953960861f5da5cddf7ee79b48f5403178
634,ing_pending_9c94d456c4c9,비닐다이메티콘/메티콘실세스퀴옥세인크로스폴리머,520,520,674,비닐다이메티콘/메티콘실세스퀴옥세인크로스폴리머,Vinyl Dimethicone/Methicone Silsesquioxane Crosspolymer,비닐디메치콘/메치콘실세스퀴옥산크로스폴리머,Vinyl Dimethicone/Methicone Silsesquioxane Crosspolymer,official_exact,520,1.000000,,create_canonical,vinyl_dimethicone_methicone_silsesquioxane_crosspolymer,,Y,high,accepted_auto_exact,dominant_name이 KCIA 표준명·영문명·구명칭 중 하나와 exact 일치,2026-06-30,4a523f990553a507c1236c0490bcbb953960861f5da5cddf7ee79b48f5403178
635,ing_pending_29a90b423ea9,Benzophenone-4,519,519,512,벤조페논-4,Benzophenone-4,,,official_exact,519,1.000000,,create_canonical,benzophenone_4,,Y,high,accepted_auto_exact,dominant_name이 KCIA 표준명·영문명·구명칭 중 하나와 exact 일치,2026-06-30,4a523f990553a507c1236c0490bcbb953960861f5da5cddf7ee79b48f5403178
636,ing_pending_416e2ff26d28,Polyglutamic Acid,516,516,3729,폴리글루타믹애씨드,Polyglutamic Acid,,,official_exact,516,1.000000,,create_canonical,polyglutamic_acid,,Y,high,accepted_auto_exact,dominant_name이 KCIA 표준명·영문명·구명칭 중 하나와 exact 일치,2026-06-30,4a523f990553a507c1236c0490bcbb953960861f5da5cddf7ee79b48f5403178
637,ing_pending_e76f552794c5,Methylchloroisothiazolinone,516,516,210,메칠클로로이소치아졸리논,Methylchloroisothiazolinone,,,official_exact,516,1.000000,,create_canonical,methylchloroisothiazolinone,,Y,high,accepted_auto_exact,dominant_name이 KCIA 표준명·영문명·구명칭 중 하나와 exact 일치,2026-06-30,4a523f990553a507c1236c0490bcbb953960861f5da5cddf7ee79b48f5403178
638,ing_pending_6513f609ac95,Zinc Gluconate,515,515,2766,징크글루코네이트,Zinc Gluconate,,,official_exact,514,0.998058,,create_canonical,zinc_gluconate,,Y,high,accepted_auto_exact,dominant_name이 KCIA 표준명·영문명·구명칭 중 하나와 exact 일치,2026-06-30,4a523f990553a507c1236c0490bcbb953960861f5da5cddf7ee79b48f5403178
639,ing_pending_dfa3164c870a,Diisopropyl Sebacate,514,514,5210,다이아이소프로필세바케이트,Diisopropyl Sebacate,디이소프로필세바케이트,Diisopropyl Sebacate,official_exact,514,1.000000,,create_canonical,diisopropyl_sebacate,,Y,high,accepted_auto_exact,dominant_name이 KCIA 표준명·영문명·구명칭 중 하나와 exact 일치,2026-06-30,4a523f990553a507c1236c0490bcbb953960861f5da5cddf7ee79b48f5403178
640,ing_pending_31868b33631e,미리스틱애씨드,513,513,336,미리스틱애씨드,Myristic Acid,,,official_exact,513,1.000000,,create_canonical,myristic_acid,cholesterol_fatty_acids,Y,high,accepted_auto_exact,dominant_name이 KCIA 표준명·영문명·구명칭 중 하나와 exact 일치,2026-06-30,4a523f990553a507c1236c0490bcbb953960861f5da5cddf7ee79b48f5403178
641,ing_pending_7e9834b36942,아이소류신,513,513,2448,아이소류신,Isoleucine,이소류신,Isoleucine,official_exact,513,1.000000,,create_canonical,isoleucine,,Y,high,accepted_auto_exact,dominant_name이 KCIA 표준명·영문명·구명칭 중 하나와 exact 일치,2026-06-30,4a523f990553a507c1236c0490bcbb953960861f5da5cddf7ee79b48f5403178
642,ing_pending_86f44c998f17,적색산화철CI77491,513,513,,,,,,no_official_exact_match,0,0.000000,,manual_review,,,N,low,candidate_unverified,표준명·영문명·구명칭 exact 일치 없음; 기존 alias도 identity 병합 근거로 사용하지 않음,2026-06-30,4a523f990553a507c1236c0490bcbb953960861f5da5cddf7ee79b48f5403178
643,ing_pending_99ad294e4531,Sodium Acetate,513,513,1149,소듐아세테이트,Sodium Acetate,,,official_exact,513,1.000000,,create_canonical,sodium_acetate,,Y,high,accepted_auto_exact,dominant_name이 KCIA 표준명·영문명·구명칭 중 하나와 exact 일치,2026-06-30,4a523f990553a507c1236c0490bcbb953960861f5da5cddf7ee79b48f5403178
644,ing_pending_430e19c1df1d,트라이에틸헥사노인,512,512,3383,트라이에틸헥사노인,Triethylhexanoin,트리에칠헥사노인,Triethylhexanoin,official_exact,512,1.000000,,create_canonical,triethylhexanoin,,Y,high,accepted_auto_exact,dominant_name이 KCIA 표준명·영문명·구명칭 중 하나와 exact 일치,2026-06-30,4a523f990553a507c1236c0490bcbb953960861f5da5cddf7ee79b48f5403178
645,ing_pending_6fff5023d805,참산호말추출물,512,512,2803,참산호말추출물,Corallina Officinalis Extract,,,official_exact,512,1.000000,,create_canonical,corallina_officinalis_extract,,Y,high,accepted_auto_exact,dominant_name이 KCIA 표준명·영문명·구명칭 중 하나와 exact 일치,2026-06-30,4a523f990553a507c1236c0490bcbb953960861f5da5cddf7ee79b48f5403178
646,ing_pending_76d8f8527b7d,Vp/Va Copolymer,512,512,644,브이피/브이에이코폴리머,VP/VA Copolymer,,,official_exact,512,1.000000,,create_canonical,vp_va_copolymer,,Y,high,accepted_auto_exact,dominant_name이 KCIA 표준명·영문명·구명칭 중 하나와 exact 일치,2026-06-30,4a523f990553a507c1236c0490bcbb953960861f5da5cddf7ee79b48f5403178
647,ing_pending_c53a307ef4db,Glycereth-26,512,512,957,글리세레스-26,Glycereth-26,,,official_exact,510,0.996094,,create_canonical,glycereth_26,,Y,high,accepted_auto_exact,dominant_name이 KCIA 표준명·영문명·구명칭 중 하나와 exact 일치,2026-06-30,4a523f990553a507c1236c0490bcbb953960861f5da5cddf7ee79b48f5403178
648,ing_pending_08353aa09044,유제놀,509,509,2395,유제놀,Eugenol,,,official_exact,509,1.000000,,create_canonical,eugenol,,Y,high,accepted_auto_exact,dominant_name이 KCIA 표준명·영문명·구명칭 중 하나와 exact 일치,2026-06-30,4a523f990553a507c1236c0490bcbb953960861f5da5cddf7ee79b48f5403178
649,ing_pending_11041c97e0be,로즈마리잎오일,508,508,5512,로즈마리잎오일,Rosmarinus Officinalis (Rosemary) Leaf Oil,,,official_exact,508,1.000000,,create_canonical,rosmarinus_officinalis_rosemary_leaf_oil,,Y,high,accepted_auto_exact,dominant_name이 KCIA 표준명·영문명·구명칭 중 하나와 exact 일치,2026-06-30,4a523f990553a507c1236c0490bcbb953960861f5da5cddf7ee79b48f5403178
650,ing_pending_0e2b041409e0,카프릴로일살리실릭애씨드,506,506,2915,카프릴로일살리실릭애씨드,Capryloyl Salicylic Acid,,,official_exact,506,1.000000,,create_canonical,capryloyl_salicylic_acid,,Y,high,accepted_auto_exact,dominant_name이 KCIA 표준명·영문명·구명칭 중 하나와 exact 일치,2026-06-30,4a523f990553a507c1236c0490bcbb953960861f5da5cddf7ee79b48f5403178
651,ing_pending_20c18f20acff,홀리바질잎추출물,505,505,4945,홀리바질잎추출물,Ocimum Sanctum Leaf Extract,홀리바실추출물|홀리바실잎추출물,Ocimum Sanctum Leaf Extract,official_exact,505,1.000000,,create_canonical,ocimum_sanctum_leaf_extract,,Y,high,accepted_auto_exact,dominant_name이 KCIA 표준명·영문명·구명칭 중 하나와 exact 일치,2026-06-30,4a523f990553a507c1236c0490bcbb953960861f5da5cddf7ee79b48f5403178
652,ing_pending_8b253127a549,Chondrus Crispus Extract,504,504,2863,아이리쉬모스추출물,Chondrus Crispus Extract,카라기난추출물,Chondrus Crispus Extract,official_exact,504,1.000000,,create_canonical,chondrus_crispus_extract,,Y,high,accepted_auto_exact,dominant_name이 KCIA 표준명·영문명·구명칭 중 하나와 exact 일치,2026-06-30,4a523f990553a507c1236c0490bcbb953960861f5da5cddf7ee79b48f5403178
653,ing_pending_54cf56111d6f,프룩토올리고사카라이드,502,502,5546,프룩토올리고사카라이드,Fructooligosaccharides,,,official_exact,502,1.000000,,create_canonical,fructooligosaccharides,,Y,high,accepted_auto_exact,dominant_name이 KCIA 표준명·영문명·구명칭 중 하나와 exact 일치,2026-06-30,4a523f990553a507c1236c0490bcbb953960861f5da5cddf7ee79b48f5403178
654,ing_pending_bda0af09aba5,Cocamide Mipa,502,502,3030,코카마이드미파,Cocamide MIPA,,,official_exact,502,1.000000,,create_canonical,cocamide_mipa,,Y,high,accepted_auto_exact,dominant_name이 KCIA 표준명·영문명·구명칭 중 하나와 exact 일치,2026-06-30,4a523f990553a507c1236c0490bcbb953960861f5da5cddf7ee79b48f5403178
655,ing_pending_40ccc0a56a61,Citrus Aurantium Dulcis (Orange) Fruit Extract,501,501,2156,오렌지추출물,Citrus Aurantium Dulcis (Orange) Fruit Extract,,,official_exact,501,1.000000,,create_canonical,citrus_aurantium_dulcis_orange_fruit_extract,,Y,high,accepted_auto_exact,dominant_name이 KCIA 표준명·영문명·구명칭 중 하나와 exact 일치,2026-06-30,4a523f990553a507c1236c0490bcbb953960861f5da5cddf7ee79b48f5403178
656,ing_pending_0def4da17ecf,Vp/Hexadecene Copolymer,500,500,650,브이피/헥사데센코폴리머,VP/Hexadecene Copolymer,,,official_exact,499,0.998000,,create_canonical,vp_hexadecene_copolymer,,Y,high,accepted_auto_exact,dominant_name이 KCIA 표준명·영문명·구명칭 중 하나와 exact 일치,2026-06-30,4a523f990553a507c1236c0490bcbb953960861f5da5cddf7ee79b48f5403178
657,ing_pending_a2bbf89354ee,Helianthus Annuus Seed Oil / Sunflower Seed Oil,499,499,,,,,,no_official_exact_match,0,0.000000,,manual_review,,,N,low,candidate_unverified,표준명·영문명·구명칭 exact 일치 없음; 기존 alias도 identity 병합 근거로 사용하지 않음,2026-06-30,4a523f990553a507c1236c0490bcbb953960861f5da5cddf7ee79b48f5403178
658,ing_pending_6fdc6675f312,Camellia Sinensis (Green Tea) Leaf Extract,498,498,,,,,,no_official_exact_match,0,0.000000,,manual_review,,,N,low,candidate_unverified,표준명·영문명·구명칭 exact 일치 없음; 기존 alias도 identity 병합 근거로 사용하지 않음,2026-06-30,4a523f990553a507c1236c0490bcbb953960861f5da5cddf7ee79b48f5403178
659,ing_pending_afddf508c9c1,코코-카프릴레이트/카프레이트,497,497,3069,코코-카프릴레이트/카프레이트,Coco-Caprylate/Caprate,,,official_exact,497,1.000000,,create_canonical,coco_caprylate_caprate,,Y,high,accepted_auto_exact,dominant_name이 KCIA 표준명·영문명·구명칭 중 하나와 exact 일치,2026-06-30,4a523f990553a507c1236c0490bcbb953960861f5da5cddf7ee79b48f5403178
660,ing_pending_6e1df0944cc4,Scutellaria Baicalensis Root Extract,495,495,4965,황금추출물,Scutellaria Baicalensis Root Extract,,,official_exact,495,1.000000,,create_canonical,scutellaria_baicalensis_root_extract,,Y,high,accepted_auto_exact,dominant_name이 KCIA 표준명·영문명·구명칭 중 하나와 exact 일치,2026-06-30,4a523f990553a507c1236c0490bcbb953960861f5da5cddf7ee79b48f5403178
661,ing_pending_c387d910334b,Laureth-4,495,495,5332,라우레스-4,Laureth-4,,,official_exact,493,0.995960,,create_canonical,laureth_4,,Y,high,accepted_auto_exact,dominant_name이 KCIA 표준명·영문명·구명칭 중 하나와 exact 일치,2026-06-30,4a523f990553a507c1236c0490bcbb953960861f5da5cddf7ee79b48f5403178
662,ing_pending_fb841dc14210,Potassium Chloride,495,495,3702,포타슘클로라이드,Potassium Chloride,,,official_exact,495,1.000000,,create_canonical,potassium_chloride,,Y,high,accepted_auto_exact,dominant_name이 KCIA 표준명·영문명·구명칭 중 하나와 exact 일치,2026-06-30,4a523f990553a507c1236c0490bcbb953960861f5da5cddf7ee79b48f5403178
663,ing_pending_f2c8e9c1767f,Phytosterols,493,493,4429,피토스테롤,Phytosterols,,,official_exact,492,0.997972,,create_canonical,phytosterols,,Y,high,accepted_auto_exact,dominant_name이 KCIA 표준명·영문명·구명칭 중 하나와 exact 일치,2026-06-30,4a523f990553a507c1236c0490bcbb953960861f5da5cddf7ee79b48f5403178
664,ing_pending_3a90793eb80a,C11-15 Pareth-7,492,492,3480,C11-15알케스-7,C11-15 Alketh-7,C11-15파레스-7,C11-15 Pareth-7,official_exact,492,1.000000,,create_canonical,c11_15_alketh_7,,Y,high,accepted_auto_exact,dominant_name이 KCIA 표준명·영문명·구명칭 중 하나와 exact 일치,2026-06-30,4a523f990553a507c1236c0490bcbb953960861f5da5cddf7ee79b48f5403178
665,ing_pending_526d9aaf7851,​ Glucomannan,492,492,,,,,,official_variant_conflict,124,0.252033,7207,manual_review,,,N,low,candidate_unverified,한 source ingredient ID 안에서 서로 다른 KCIA 성분코드가 발견됨,2026-06-30,4a523f990553a507c1236c0490bcbb953960861f5da5cddf7ee79b48f5403178
666,ing_pending_1c0d6315e81a,폴리아크릴레이트크로스폴리머-6,491,491,7403,폴리아크릴레이트크로스폴리머-6,Polyacrylate Crosspolymer-6,,,official_exact,491,1.000000,,create_canonical,polyacrylate_crosspolymer_6,,Y,high,accepted_auto_exact,dominant_name이 KCIA 표준명·영문명·구명칭 중 하나와 exact 일치,2026-06-30,4a523f990553a507c1236c0490bcbb953960861f5da5cddf7ee79b48f5403178
667,ing_pending_c3b9925bfa95,C13-14 Isoparaffin,491,491,2522,C13-14아이소알케인,C13-14 Isoalkane,C13-14이소파라핀|C13-14아이소파라핀,C13-14 Isoparaffin,official_exact,491,1.000000,,create_canonical,c13_14_isoalkane,,Y,high,accepted_auto_exact,dominant_name이 KCIA 표준명·영문명·구명칭 중 하나와 exact 일치,2026-06-30,4a523f990553a507c1236c0490bcbb953960861f5da5cddf7ee79b48f5403178
668,ing_pending_11f0730343a6,소듐디엔에이,489,489,1048,소듐디엔에이,Sodium DNA,,,official_exact,489,1.000000,,create_canonical,sodium_dna,,Y,high,accepted_auto_exact,dominant_name이 KCIA 표준명·영문명·구명칭 중 하나와 exact 일치,2026-06-30,4a523f990553a507c1236c0490bcbb953960861f5da5cddf7ee79b48f5403178
669,ing_pending_8f0f60d1f79d,Bakuchiol,487,487,7837,바쿠치올,Bakuchiol,,,official_exact,485,0.995893,,create_canonical,bakuchiol,,Y,high,accepted_auto_exact,dominant_name이 KCIA 표준명·영문명·구명칭 중 하나와 exact 일치,2026-06-30,4a523f990553a507c1236c0490bcbb953960861f5da5cddf7ee79b48f5403178
670,ing_pending_fa8f750c4336,다이카프릴릴카보네이트,487,487,5218,다이카프릴릴카보네이트,Dicaprylyl Carbonate,디카프릴릴카보네이트,Dicaprylyl Carbonate,official_exact,487,1.000000,,create_canonical,dicaprylyl_carbonate,,Y,high,accepted_auto_exact,dominant_name이 KCIA 표준명·영문명·구명칭 중 하나와 exact 일치,2026-06-30,4a523f990553a507c1236c0490bcbb953960861f5da5cddf7ee79b48f5403178
671,ing_pending_d6145adf9f38,Avena Sativa (Oat) Kernel Extract,486,486,406,귀리커넬추출물,Avena Sativa (Oat) Kernel Extract,,,official_exact,479,0.985597,,create_canonical,avena_sativa_oat_kernel_extract,,Y,high,accepted_auto_exact,dominant_name이 KCIA 표준명·영문명·구명칭 중 하나와 exact 일치,2026-06-30,4a523f990553a507c1236c0490bcbb953960861f5da5cddf7ee79b48f5403178
672,ing_pending_5f672a7285f6,카올린,484,484,2892,카올린,Kaolin,,,official_exact,484,1.000000,,create_canonical,kaolin,,Y,high,accepted_auto_exact,dominant_name이 KCIA 표준명·영문명·구명칭 중 하나와 exact 일치,2026-06-30,4a523f990553a507c1236c0490bcbb953960861f5da5cddf7ee79b48f5403178
673,ing_pending_1af9a895ed19,팔미토일펜타펩타이드-4,481,481,3551,팔미토일펜타펩타이드-4,Palmitoyl Pentapeptide-4,팔미토일펜타펩타이드-3,Palmitoyl Pentapeptide-3,official_exact,481,1.000000,,create_canonical,palmitoyl_pentapeptide_4,peptides,Y,high,accepted_auto_exact,dominant_name이 KCIA 표준명·영문명·구명칭 중 하나와 exact 일치,2026-06-30,4a523f990553a507c1236c0490bcbb953960861f5da5cddf7ee79b48f5403178
674,ing_pending_edbee243a9ce,Dextran,481,481,3754,덱스트란,Dextran,,,official_exact,481,1.000000,,create_canonical,dextran,,Y,high,accepted_auto_exact,dominant_name이 KCIA 표준명·영문명·구명칭 중 하나와 exact 일치,2026-06-30,4a523f990553a507c1236c0490bcbb953960861f5da5cddf7ee79b48f5403178
675,ing_pending_f2eab35fa144,Oenothera Biennis (Evening Primrose) Oil,481,481,3107,달맞이꽃오일,Oenothera Biennis (Evening Primrose) Oil,,,official_exact,479,0.995842,,create_canonical,oenothera_biennis_evening_primrose_oil,,Y,high,accepted_auto_exact,dominant_name이 KCIA 표준명·영문명·구명칭 중 하나와 exact 일치,2026-06-30,4a523f990553a507c1236c0490bcbb953960861f5da5cddf7ee79b48f5403178
676,ing_pending_993750c39552,diethylhexyl syringylidenemalonate,480,480,5181,다이에틸헥실시링질리덴말로네이트,Diethylhexyl Syringylidenemalonate,디에칠헥실시린질리덴말로네이트,Diethylhexyl Syringylidenemalonate,official_exact,478,0.995833,,create_canonical,diethylhexyl_syringylidenemalonate,,Y,high,accepted_auto_exact,dominant_name이 KCIA 표준명·영문명·구명칭 중 하나와 exact 일치,2026-06-30,4a523f990553a507c1236c0490bcbb953960861f5da5cddf7ee79b48f5403178
677,ing_pending_04c695db8237,병풀잎추출물,479,479,539,병풀잎추출물,Centella Asiatica Leaf Extract,,,official_exact,479,1.000000,,create_canonical,centella_asiatica_leaf_extract,centella_asiatica,Y,high,accepted_auto_exact,dominant_name이 KCIA 표준명·영문명·구명칭 중 하나와 exact 일치,2026-06-30,4a523f990553a507c1236c0490bcbb953960861f5da5cddf7ee79b48f5403178
678,ing_pending_b7b541f0fe8c,수크로오스,479,479,1367,수크로오스,Sucrose,슈크로오스,Sucrose,official_exact,479,1.000000,,create_canonical,sucrose,,Y,high,accepted_auto_exact,dominant_name이 KCIA 표준명·영문명·구명칭 중 하나와 exact 일치,2026-06-30,4a523f990553a507c1236c0490bcbb953960861f5da5cddf7ee79b48f5403178
679,ing_pending_1aae247f5d06,Butyrospermum Parkii Butter / Shea Butter,478,478,,,,,,no_official_exact_match,0,0.000000,,manual_review,,,N,low,candidate_unverified,표준명·영문명·구명칭 exact 일치 없음; 기존 alias도 identity 병합 근거로 사용하지 않음,2026-06-30,4a523f990553a507c1236c0490bcbb953960861f5da5cddf7ee79b48f5403178
680,ing_pending_474733b2ebf8,Rosa Damascena Flower Oil,478,478,2921,다마스크장미꽃오일,Rosa Damascena Flower Oil,,,official_exact,471,0.985356,,create_canonical,rosa_damascena_flower_oil,,Y,high,accepted_auto_exact,dominant_name이 KCIA 표준명·영문명·구명칭 중 하나와 exact 일치,2026-06-30,4a523f990553a507c1236c0490bcbb953960861f5da5cddf7ee79b48f5403178
681,ing_pending_ec0d02c30cc7,Hydroxypropyl Starch Phosphate,478,478,4688,하이드록시프로필스타치포스페이트,Hydroxypropyl Starch Phosphate,,,official_exact,476,0.995816,,create_canonical,hydroxypropyl_starch_phosphate,,Y,high,accepted_auto_exact,dominant_name이 KCIA 표준명·영문명·구명칭 중 하나와 exact 일치,2026-06-30,4a523f990553a507c1236c0490bcbb953960861f5da5cddf7ee79b48f5403178
682,ing_pending_3fd9cb7cc01e,Ectoin,477,477,2105,엑토인,Ectoin,,,official_exact,475,0.995807,,create_canonical,ectoin,,Y,high,accepted_auto_exact,dominant_name이 KCIA 표준명·영문명·구명칭 중 하나와 exact 일치,2026-06-30,4a523f990553a507c1236c0490bcbb953960861f5da5cddf7ee79b48f5403178
683,ing_pending_0e43f81906dd,Coconut Alkanes,476,476,6979,코코넛알칸,Coconut Alkanes,,,official_exact,475,0.997899,,create_canonical,coconut_alkanes,,Y,high,accepted_auto_exact,dominant_name이 KCIA 표준명·영문명·구명칭 중 하나와 exact 일치,2026-06-30,4a523f990553a507c1236c0490bcbb953960861f5da5cddf7ee79b48f5403178
684,ing_pending_b52be96319c3,Melaleuca Alternifolia (Tea Tree) Leaf Oil,476,476,3468,티트리잎오일,Melaleuca Alternifolia (Tea Tree) Leaf Oil,,,official_exact,469,0.985294,,create_canonical,melaleuca_alternifolia_tea_tree_leaf_oil,tea_tree,Y,high,accepted_auto_exact,dominant_name이 KCIA 표준명·영문명·구명칭 중 하나와 exact 일치,2026-06-30,4a523f990553a507c1236c0490bcbb953960861f5da5cddf7ee79b48f5403178
685,ing_pending_cafb7048599f,Tocopherol* (Vitamin E),476,476,,,,,,no_official_exact_match,0,0.000000,,manual_review,,,N,low,candidate_unverified,표준명·영문명·구명칭 exact 일치 없음; 기존 alias도 identity 병합 근거로 사용하지 않음,2026-06-30,4a523f990553a507c1236c0490bcbb953960861f5da5cddf7ee79b48f5403178
686,ing_pending_2c5a99ab8618,울금뿌리추출물,474,474,3151,울금뿌리추출물,Curcuma Longa (Turmeric) Root Extract,심황뿌리추출물|강황추출물,Curcuma Longa (Turmeric) Root Extract,official_exact,474,1.000000,,create_canonical,curcuma_longa_turmeric_root_extract,,Y,high,accepted_auto_exact,dominant_name이 KCIA 표준명·영문명·구명칭 중 하나와 exact 일치,2026-06-30,4a523f990553a507c1236c0490bcbb953960861f5da5cddf7ee79b48f5403178
687,ing_pending_a951034c40a4,Sodium Acrylate/Sodium Acryloyldimethyl Taurate Copolymer,474,474,1155,소듐아크릴레이트/소듐아크릴로일다이메틸타우레이트코폴 리머,Sodium Acrylate/Sodium Acryloyldimethyl Taurate Copolymer,소듐아크릴레이트/소듐아크릴로일디메칠타우레이트코폴리 머,Sodium Acrylate/Sodium Acryloyldimethyl Taurate Copolymer,official_exact,470,0.991561,,create_canonical,sodium_acrylate_sodium_acryloyldimethyl_taurate_copolymer,,Y,high,accepted_auto_exact,dominant_name이 KCIA 표준명·영문명·구명칭 중 하나와 exact 일치,2026-06-30,4a523f990553a507c1236c0490bcbb953960861f5da5cddf7ee79b48f5403178
688,ing_pending_8193f7f69298,적색227호,473,473,2683,적색227호,Fast Acid Magenta,,,official_exact,473,1.000000,,create_canonical,fast_acid_magenta,,Y,high,accepted_auto_exact,dominant_name이 KCIA 표준명·영문명·구명칭 중 하나와 exact 일치,2026-06-30,4a523f990553a507c1236c0490bcbb953960861f5da5cddf7ee79b48f5403178
689,ing_pending_9ccd2374b15d,CI 77742 (Manganese Violet),473,473,,,,,,no_official_exact_match,0,0.000000,,manual_review,,,N,low,candidate_unverified,표준명·영문명·구명칭 exact 일치 없음; 기존 alias도 identity 병합 근거로 사용하지 않음,2026-06-30,4a523f990553a507c1236c0490bcbb953960861f5da5cddf7ee79b48f5403178
690,ing_pending_1b2c7ac22e99,다시마추출물,470,470,5317,다시마추출물,Laminaria Japonica Extract,곤포추출물,Laminaria Japonica Extract,official_exact,470,1.000000,,create_canonical,laminaria_japonica_extract,,Y,high,accepted_auto_exact,dominant_name이 KCIA 표준명·영문명·구명칭 중 하나와 exact 일치,2026-06-30,4a523f990553a507c1236c0490bcbb953960861f5da5cddf7ee79b48f5403178
691,ing_pending_6a4adc3508c0,소듐코코일이세티오네이트,470,470,1211,소듐코코일이세티오네이트,Sodium Cocoyl Isethionate,소듐코코일이세치오네이트,Sodium Cocoyl Isethionate,official_exact,470,1.000000,,create_canonical,sodium_cocoyl_isethionate,,Y,high,accepted_auto_exact,dominant_name이 KCIA 표준명·영문명·구명칭 중 하나와 exact 일치,2026-06-30,4a523f990553a507c1236c0490bcbb953960861f5da5cddf7ee79b48f5403178
692,ing_pending_8472a8ca3f4c,황색산화철CI77492,470,470,,,,,,no_official_exact_match,0,0.000000,,manual_review,,,N,low,candidate_unverified,표준명·영문명·구명칭 exact 일치 없음; 기존 alias도 identity 병합 근거로 사용하지 않음,2026-06-30,4a523f990553a507c1236c0490bcbb953960861f5da5cddf7ee79b48f5403178
693,ing_pending_982f377384f2,Ci 15985 (Yellow 6 Lake),470,470,,,,,,no_official_exact_match,0,0.000000,,manual_review,,,N,low,candidate_unverified,표준명·영문명·구명칭 exact 일치 없음; 기존 alias도 identity 병합 근거로 사용하지 않음,2026-06-30,4a523f990553a507c1236c0490bcbb953960861f5da5cddf7ee79b48f5403178
694,ing_pending_8b35927fa895,하이드롤라이즈드케라틴,469,469,4792,하이드롤라이즈드케라틴,Hydrolyzed Keratin,,,official_exact,469,1.000000,,create_canonical,hydrolyzed_keratin,,Y,high,accepted_auto_exact,dominant_name이 KCIA 표준명·영문명·구명칭 중 하나와 exact 일치,2026-06-30,4a523f990553a507c1236c0490bcbb953960861f5da5cddf7ee79b48f5403178
695,ing_pending_be257f707ec9,알지닌,469,469,1883,알지닌,Arginine,,,official_exact,469,1.000000,,create_canonical,arginine,,Y,high,accepted_auto_exact,dominant_name이 KCIA 표준명·영문명·구명칭 중 하나와 exact 일치,2026-06-30,4a523f990553a507c1236c0490bcbb953960861f5da5cddf7ee79b48f5403178
696,ing_pending_9a08ee37e4d4,Laminaria Digitata Extract,468,468,4927,호스테일켈프추출물,Laminaria Digitata Extract,,,official_exact,468,1.000000,,create_canonical,laminaria_digitata_extract,,Y,high,accepted_auto_exact,dominant_name이 KCIA 표준명·영문명·구명칭 중 하나와 exact 일치,2026-06-30,4a523f990553a507c1236c0490bcbb953960861f5da5cddf7ee79b48f5403178
697,ing_pending_7969011a9ff8,헥실렌글라이콜,467,467,4891,헥실렌글라이콜,Hexylene Glycol,,,official_exact,467,1.000000,,create_canonical,hexylene_glycol,,Y,high,accepted_auto_exact,dominant_name이 KCIA 표준명·영문명·구명칭 중 하나와 exact 일치,2026-06-30,4a523f990553a507c1236c0490bcbb953960861f5da5cddf7ee79b48f5403178
698,ing_pending_d8815019dd09,코코-베타인,467,467,3058,코코-베타인,Coco-Betaine,,,official_exact,467,1.000000,,create_canonical,coco_betaine,,Y,high,accepted_auto_exact,dominant_name이 KCIA 표준명·영문명·구명칭 중 하나와 exact 일치,2026-06-30,4a523f990553a507c1236c0490bcbb953960861f5da5cddf7ee79b48f5403178
699,ing_pending_d8f7b858ba1d,Sodium C14-16 Olefin Sulfonate,466,466,1174,소듐C14-16올레핀설포네이트,Sodium C14-16 Olefin Sulfonate,,,official_exact,465,0.997854,,create_canonical,sodium_c14_16_olefin_sulfonate,,Y,high,accepted_auto_exact,dominant_name이 KCIA 표준명·영문명·구명칭 중 하나와 exact 일치,2026-06-30,4a523f990553a507c1236c0490bcbb953960861f5da5cddf7ee79b48f5403178
700,ing_pending_88d2bf71fe74,Passiflora Edulis Seed Oil,465,465,5403,패션프룻씨오일,Passiflora Edulis Seed Oil,과물시계꽃씨오일,Passiflora Edulis Seed Oil,official_exact,465,1.000000,,create_canonical,passiflora_edulis_seed_oil,,Y,high,accepted_auto_exact,dominant_name이 KCIA 표준명·영문명·구명칭 중 하나와 exact 일치,2026-06-30,4a523f990553a507c1236c0490bcbb953960861f5da5cddf7ee79b48f5403178
701,ing_pending_c4ddfc4e6796,Trisiloxane,463,463,3377,트라이실록세인,Trisiloxane,트리실록산,Trisiloxane,official_exact,463,1.000000,,create_canonical,trisiloxane,,Y,high,accepted_auto_exact,dominant_name이 KCIA 표준명·영문명·구명칭 중 하나와 exact 일치,2026-06-30,4a523f990553a507c1236c0490bcbb953960861f5da5cddf7ee79b48f5403178
702,ing_pending_4552cbc76f29,소듐폴리아크릴로일다이메틸타우레이트,462,462,5969,소듐폴리아크릴로일다이메틸타우레이트,Sodium Polyacryloyldimethyl Taurate,소듐폴리아크릴로일디메칠타우레이트,Sodium Polyacryloyldimethyl Taurate,official_exact,462,1.000000,,create_canonical,sodium_polyacryloyldimethyl_taurate,,Y,high,accepted_auto_exact,dominant_name이 KCIA 표준명·영문명·구명칭 중 하나와 exact 일치,2026-06-30,4a523f990553a507c1236c0490bcbb953960861f5da5cddf7ee79b48f5403178
703,ing_pending_53225cd3f823,아보카도오일,461,461,1675,아보카도오일,Persea Gratissima (Avocado) Oil,,,official_exact,461,1.000000,,create_canonical,persea_gratissima_avocado_oil,,Y,high,accepted_auto_exact,dominant_name이 KCIA 표준명·영문명·구명칭 중 하나와 exact 일치,2026-06-30,4a523f990553a507c1236c0490bcbb953960861f5da5cddf7ee79b48f5403178
704,ing_pending_4604206b2502,Sclerocarya Birrea Seed Oil,459,459,677,마룰라씨오일,Sclerocarya Birrea Seed Oil,비르씨오일,Sclerocarya Birrea Seed Oil,official_exact,456,0.993464,,create_canonical,sclerocarya_birrea_seed_oil,,Y,high,accepted_auto_exact,dominant_name이 KCIA 표준명·영문명·구명칭 중 하나와 exact 일치,2026-06-30,4a523f990553a507c1236c0490bcbb953960861f5da5cddf7ee79b48f5403178
705,ing_pending_afb30d01ff7b,글리세릴아크릴레이트/아크릴릭애씨드코폴리머,459,459,1257,글리세릴아크릴레이트/아크릴릭애씨드코폴리머,Glyceryl Acrylate/Acrylic Acid Copolymer,,,official_exact,458,0.997821,,create_canonical,glyceryl_acrylate_acrylic_acid_copolymer,,N,high,candidate_unverified,dominant_name이 KCIA 표준명·영문명·구명칭 중 하나와 exact 일치,2026-06-30,4a523f990553a507c1236c0490bcbb953960861f5da5cddf7ee79b48f5403178
706,ing_pending_2931995f6a1c,비스-다이글리세릴폴리아실아디페이트-2,458,458,684,비스-다이글리세릴폴리아실아디페이트-2,Bis-Diglyceryl Polyacyladipate-2,비스-디글리세릴폴리아실아디페이트-2,Bis-Diglyceryl Polyacyladipate-2,official_exact,458,1.000000,,create_canonical,bis_diglyceryl_polyacyladipate_2,,Y,high,accepted_auto_exact,dominant_name이 KCIA 표준명·영문명·구명칭 중 하나와 exact 일치,2026-06-30,4a523f990553a507c1236c0490bcbb953960861f5da5cddf7ee79b48f5403178
707,ing_pending_52a2f0ecc1ff,프로필렌카보네이트,457,457,4015,프로필렌카보네이트,Propylene Carbonate,,,official_exact,457,1.000000,,create_canonical,propylene_carbonate,,Y,high,accepted_auto_exact,dominant_name이 KCIA 표준명·영문명·구명칭 중 하나와 exact 일치,2026-06-30,4a523f990553a507c1236c0490bcbb953960861f5da5cddf7ee79b48f5403178
708,ing_pending_b7adf7351084,코코넛야자오일,457,457,3048,코코넛야자오일,Cocos Nucifera (Coconut) Oil,코코넛오일,Cocos Nucifera (Coconut) Oil,official_exact,457,1.000000,,create_canonical,cocos_nucifera_coconut_oil,,Y,high,accepted_auto_exact,dominant_name이 KCIA 표준명·영문명·구명칭 중 하나와 exact 일치,2026-06-30,4a523f990553a507c1236c0490bcbb953960861f5da5cddf7ee79b48f5403178
709,ing_pending_5623912a16b6,Leontopodium Alpinum Flower/Leaf Extract,456,456,2009,에델바이스꽃/잎추출물,Leontopodium Alpinum Flower/Leaf Extract,,,official_exact,456,1.000000,,create_canonical,leontopodium_alpinum_flower_leaf_extract,,N,high,candidate_unverified,dominant_name이 KCIA 표준명·영문명·구명칭 중 하나와 exact 일치,2026-06-30,4a523f990553a507c1236c0490bcbb953960861f5da5cddf7ee79b48f5403178
710,ing_pending_77cd38a13f0b,Resveratrol,456,456,5483,레스베라트롤,Resveratrol,,,official_exact,456,1.000000,,create_canonical,resveratrol,,N,high,candidate_unverified,dominant_name이 KCIA 표준명·영문명·구명칭 중 하나와 exact 일치,2026-06-30,4a523f990553a507c1236c0490bcbb953960861f5da5cddf7ee79b48f5403178
711,ing_pending_8840b8fc1e9e,Yellow 6 (Ci 15985),456,456,,,,,,no_official_exact_match,0,0.000000,,manual_review,,,N,low,candidate_unverified,표준명·영문명·구명칭 exact 일치 없음; 기존 alias도 identity 병합 근거로 사용하지 않음,2026-06-30,4a523f990553a507c1236c0490bcbb953960861f5da5cddf7ee79b48f5403178
712,ing_pending_d0a652b76c7e,다이페닐실록시페닐트라이메티콘,456,456,5240,다이페닐실록시페닐트라이메티콘,Diphenylsiloxy Phenyl Trimethicone,디페닐실록시페닐트리메치콘,Diphenylsiloxy Phenyl Trimethicone,official_exact,456,1.000000,,create_canonical,diphenylsiloxy_phenyl_trimethicone,,Y,high,accepted_auto_exact,dominant_name이 KCIA 표준명·영문명·구명칭 중 하나와 exact 일치,2026-06-30,4a523f990553a507c1236c0490bcbb953960861f5da5cddf7ee79b48f5403178
713,ing_pending_d531f158739e,Sodium Isethionate,455,455,1177,소듐이세티오네이트,Sodium Isethionate,소듐이세치오네이트,Sodium Isethionate,official_exact,455,1.000000,,create_canonical,sodium_isethionate,,N,high,candidate_unverified,dominant_name이 KCIA 표준명·영문명·구명칭 중 하나와 exact 일치,2026-06-30,4a523f990553a507c1236c0490bcbb953960861f5da5cddf7ee79b48f5403178
714,ing_pending_ebf5e7c6e591,Glyceryl Behenate,455,455,1168,글리세릴베헤네이트,Glyceryl Behenate,,,official_exact,455,1.000000,,create_canonical,glyceryl_behenate,,N,high,candidate_unverified,dominant_name이 KCIA 표준명·영문명·구명칭 중 하나와 exact 일치,2026-06-30,4a523f990553a507c1236c0490bcbb953960861f5da5cddf7ee79b48f5403178
715,ing_pending_3e89219ff193,Hydrated Silica,454,454,4536,하이드레이티드실리카,Hydrated Silica,,,official_exact,454,1.000000,,create_canonical,hydrated_silica,,N,high,candidate_unverified,dominant_name이 KCIA 표준명·영문명·구명칭 중 하나와 exact 일치,2026-06-30,4a523f990553a507c1236c0490bcbb953960861f5da5cddf7ee79b48f5403178
716,ing_pending_29f2c4fdbde8,울트라마린,452,452,2358,울트라마린,Ultramarines,,,official_exact,452,1.000000,,create_canonical,ultramarines,,N,high,candidate_unverified,dominant_name이 KCIA 표준명·영문명·구명칭 중 하나와 exact 일치,2026-06-30,4a523f990553a507c1236c0490bcbb953960861f5da5cddf7ee79b48f5403178
717,ing_pending_70a17ebda3d0,Hexamethylindanopyran,452,452,4869,헥사메틸인다노피란,Hexamethylindanopyran,헥사메칠인다노피란,Hexamethylindanopyran,official_exact,452,1.000000,,create_canonical,hexamethylindanopyran,,N,high,candidate_unverified,dominant_name이 KCIA 표준명·영문명·구명칭 중 하나와 exact 일치,2026-06-30,4a523f990553a507c1236c0490bcbb953960861f5da5cddf7ee79b48f5403178
718,ing_pending_db48b4e39d52,폴리아이소부텐,452,452,3913,폴리아이소부텐,Polyisobutene,폴리이소부텐,Polyisobutene,official_exact,452,1.000000,,create_canonical,polyisobutene,,Y,high,accepted_auto_exact,dominant_name이 KCIA 표준명·영문명·구명칭 중 하나와 exact 일치,2026-06-30,4a523f990553a507c1236c0490bcbb953960861f5da5cddf7ee79b48f5403178
719,ing_pending_858e00d378ba,PEG-12 Dimethicone,450,450,4164,피이지-12다이메티콘,PEG-12 Dimethicone,피이지-12디메치콘,PEG-12 Dimethicone,official_exact,449,0.997778,,create_canonical,peg_12_dimethicone,,N,high,candidate_unverified,dominant_name이 KCIA 표준명·영문명·구명칭 중 하나와 exact 일치,2026-06-30,4a523f990553a507c1236c0490bcbb953960861f5da5cddf7ee79b48f5403178
720,ing_pending_71979730f850,Myristyl Myristate,449,449,342,미리스틸미리스테이트,Myristyl Myristate,,,official_exact,449,1.000000,,create_canonical,myristyl_myristate,,N,high,candidate_unverified,dominant_name이 KCIA 표준명·영문명·구명칭 중 하나와 exact 일치,2026-06-30,4a523f990553a507c1236c0490bcbb953960861f5da5cddf7ee79b48f5403178
721,ing_pending_019bf6479eeb,Chlorhexidine Digluconate,448,448,3206,클로헥시딘다이글루코네이트,Chlorhexidine Digluconate,클로헥시딘디글루코네이트,Chlorhexidine Digluconate,official_exact,448,1.000000,,create_canonical,chlorhexidine_digluconate,,N,high,candidate_unverified,dominant_name이 KCIA 표준명·영문명·구명칭 중 하나와 exact 일치,2026-06-30,4a523f990553a507c1236c0490bcbb953960861f5da5cddf7ee79b48f5403178
722,ing_pending_73810b23b043,Potassium Phosphate,448,448,3707,포타슘포스페이트,Potassium Phosphate,,,official_exact,448,1.000000,,create_canonical,potassium_phosphate,,N,high,candidate_unverified,dominant_name이 KCIA 표준명·영문명·구명칭 중 하나와 exact 일치,2026-06-30,4a523f990553a507c1236c0490bcbb953960861f5da5cddf7ee79b48f5403178
723,ing_pending_d586886caa23,PEG-60 Hydrogenated Castor Oil,448,448,4408,피이지-60하이드로제네이티드캐스터오일,PEG-60 Hydrogenated Castor Oil,,,official_exact,446,0.995536,,create_canonical,peg_60_hydrogenated_castor_oil,,N,high,candidate_unverified,dominant_name이 KCIA 표준명·영문명·구명칭 중 하나와 exact 일치,2026-06-30,4a523f990553a507c1236c0490bcbb953960861f5da5cddf7ee79b48f5403178
724,ing_pending_e6a9d19af1bb,비닐다이메티콘,448,448,672,비닐다이메티콘,Vinyl Dimethicone,비닐디메치콘,Vinyl Dimethicone,official_exact,448,1.000000,,create_canonical,vinyl_dimethicone,,N,high,candidate_unverified,dominant_name이 KCIA 표준명·영문명·구명칭 중 하나와 exact 일치,2026-06-30,4a523f990553a507c1236c0490bcbb953960861f5da5cddf7ee79b48f5403178
725,ing_pending_d2e006b8fdd6,스위트아몬드오일,446,446,1399,스위트아몬드오일,Prunus Amygdalus Dulcis (Sweet Almond) Oil,,,official_exact,446,1.000000,,create_canonical,prunus_amygdalus_dulcis_sweet_almond_oil,,Y,high,accepted_auto_exact,dominant_name이 KCIA 표준명·영문명·구명칭 중 하나와 exact 일치,2026-06-30,4a523f990553a507c1236c0490bcbb953960861f5da5cddf7ee79b48f5403178
726,ing_pending_a6f4b532cad6,Oryza Sativa (Rice) Bran Oil,445,445,1575,쌀겨오일,Oryza Sativa (Rice) Bran Oil,,,official_exact,443,0.995506,,create_canonical,oryza_sativa_rice_bran_oil,,N,high,candidate_unverified,dominant_name이 KCIA 표준명·영문명·구명칭 중 하나와 exact 일치,2026-06-30,4a523f990553a507c1236c0490bcbb953960861f5da5cddf7ee79b48f5403178
727,ing_pending_bd76dfd9f575,팔미토일트라이펩타이드-1,445,445,3549,팔미토일트라이펩타이드-1,Palmitoyl Tripeptide-1,팔미토일트리펩타이드-1,Palmitoyl Tripeptide-1,official_exact,445,1.000000,,create_canonical,palmitoyl_tripeptide_1,peptides,N,high,candidate_unverified,dominant_name이 KCIA 표준명·영문명·구명칭 중 하나와 exact 일치,2026-06-30,4a523f990553a507c1236c0490bcbb953960861f5da5cddf7ee79b48f5403178
728,ing_pending_d5e497bf12bf,아이소노닐아이소노나노에이트,445,445,2437,아이소노닐아이소노나노에이트,Isononyl Isononanoate,이소노닐이소노나노에이트,Isononyl Isononanoate,official_exact,445,1.000000,,create_canonical,isononyl_isononanoate,,Y,high,accepted_auto_exact,dominant_name이 KCIA 표준명·영문명·구명칭 중 하나와 exact 일치,2026-06-30,4a523f990553a507c1236c0490bcbb953960861f5da5cddf7ee79b48f5403178
729,ing_pending_bd084feff58b,T-Butyl Alcohol,444,444,600,t-부틸알코올,t-Butyl Alcohol,,,official_exact,444,1.000000,,create_canonical,t_butyl_alcohol,,N,high,candidate_unverified,dominant_name이 KCIA 표준명·영문명·구명칭 중 하나와 exact 일치,2026-06-30,4a523f990553a507c1236c0490bcbb953960861f5da5cddf7ee79b48f5403178
730,ing_pending_40b642c11879,Tapioca Starch,443,443,3235,타피오카전분,Tapioca Starch,,,official_exact,443,1.000000,,create_canonical,tapioca_starch,,N,high,candidate_unverified,dominant_name이 KCIA 표준명·영문명·구명칭 중 하나와 exact 일치,2026-06-30,4a523f990553a507c1236c0490bcbb953960861f5da5cddf7ee79b48f5403178
731,ing_pending_48cec52b17a0,Cetearyl Ethylhexanoate,441,441,975,세테아릴에틸헥사노에이트,Cetearyl Ethylhexanoate,세테아릴에칠헥사노에이트,Cetearyl Ethylhexanoate,official_exact,441,1.000000,,create_canonical,cetearyl_ethylhexanoate,,N,high,candidate_unverified,dominant_name이 KCIA 표준명·영문명·구명칭 중 하나와 exact 일치,2026-06-30,4a523f990553a507c1236c0490bcbb953960861f5da5cddf7ee79b48f5403178
732,ing_pending_4b97201c09aa,Peg-7 Glyceryl Cocoate,441,441,4135,피이지-7글리세릴코코에이트,PEG-7 Glyceryl Cocoate,,,official_exact,441,1.000000,,create_canonical,peg_7_glyceryl_cocoate,,N,high,candidate_unverified,dominant_name이 KCIA 표준명·영문명·구명칭 중 하나와 exact 일치,2026-06-30,4a523f990553a507c1236c0490bcbb953960861f5da5cddf7ee79b48f5403178
733,ing_pending_6bf0de74070a,Ozokerite,441,441,2178,오조케라이트,Ozokerite,,,official_exact,441,1.000000,,create_canonical,ozokerite,,N,high,candidate_unverified,dominant_name이 KCIA 표준명·영문명·구명칭 중 하나와 exact 일치,2026-06-30,4a523f990553a507c1236c0490bcbb953960861f5da5cddf7ee79b48f5403178
734,ing_pending_add70c008235,코코-글루코사이드,441,441,3041,코코-글루코사이드,Coco-Glucoside,,,official_exact,441,1.000000,,create_canonical,coco_glucoside,,Y,high,accepted_auto_exact,dominant_name이 KCIA 표준명·영문명·구명칭 중 하나와 exact 일치,2026-06-30,4a523f990553a507c1236c0490bcbb953960861f5da5cddf7ee79b48f5403178
735,ing_pending_36162d06ea15,PPG-5-Ceteth-20,440,440,4498,피피지-5-세테스-20,PPG-5-Ceteth-20,,,official_exact,440,1.000000,,create_canonical,ppg_5_ceteth_20,,N,high,candidate_unverified,dominant_name이 KCIA 표준명·영문명·구명칭 중 하나와 exact 일치,2026-06-30,4a523f990553a507c1236c0490bcbb953960861f5da5cddf7ee79b48f5403178
736,ing_pending_0f20cf8c9d75,알루미나,439,439,1843,알루미나,Alumina,,,official_exact,439,1.000000,,create_canonical,alumina,,Y,high,accepted_auto_exact,dominant_name이 KCIA 표준명·영문명·구명칭 중 하나와 exact 일치,2026-06-30,4a523f990553a507c1236c0490bcbb953960861f5da5cddf7ee79b48f5403178
737,ing_pending_ffce56984f28,Vaccinium Angustifolium (Blueberry) Fruit Extract,438,438,665,로우스위트블루베리추출물,Vaccinium Angustifolium (Blueberry) Fruit Extract,블루베리추출물,Vaccinium Angustifolium (Blueberry) Fruit Extract,official_exact,437,0.997717,,create_canonical,vaccinium_angustifolium_blueberry_fruit_extract,,N,high,candidate_unverified,dominant_name이 KCIA 표준명·영문명·구명칭 중 하나와 exact 일치,2026-06-30,4a523f990553a507c1236c0490bcbb953960861f5da5cddf7ee79b48f5403178
738,ing_pending_b8dd10ad4987,C12-15알킬벤조에이트,437,437,1917,C12-15알킬벤조에이트,C12-15 Alkyl Benzoate,,,official_exact,437,1.000000,,create_canonical,c12_15_alkyl_benzoate,,Y,high,accepted_auto_exact,dominant_name이 KCIA 표준명·영문명·구명칭 중 하나와 exact 일치,2026-06-30,4a523f990553a507c1236c0490bcbb953960861f5da5cddf7ee79b48f5403178
739,ing_pending_3d31a9739630,Alpha-Glucan Oligosaccharide,436,436,1930,알파-글루칸올리고사카라이드,Alpha-Glucan Oligosaccharide,,,official_exact,435,0.997706,,create_canonical,alpha_glucan_oligosaccharide,,N,high,candidate_unverified,dominant_name이 KCIA 표준명·영문명·구명칭 중 하나와 exact 일치,2026-06-30,4a523f990553a507c1236c0490bcbb953960861f5da5cddf7ee79b48f5403178
740,ing_pending_2c96572b7ab5,Olea Europaea (Olive) Leaf Extract,435,435,2308,올리브나무잎추출물,Olea Europaea (Olive) Leaf Extract,올리브잎추출물,Olea Europaea (Olive) Leaf Extract,official_exact,416,0.956322,,create_canonical,olea_europaea_olive_leaf_extract,,N,high,candidate_unverified,dominant_name이 KCIA 표준명·영문명·구명칭 중 하나와 exact 일치,2026-06-30,4a523f990553a507c1236c0490bcbb953960861f5da5cddf7ee79b48f5403178
741,ing_pending_f70eb32018f3,센티드제라늄꽃오일,435,435,1016,센티드제라늄꽃오일,Pelargonium Graveolens Flower Oil,,,official_exact,435,1.000000,,create_canonical,pelargonium_graveolens_flower_oil,,Y,high,accepted_auto_exact,dominant_name이 KCIA 표준명·영문명·구명칭 중 하나와 exact 일치,2026-06-30,4a523f990553a507c1236c0490bcbb953960861f5da5cddf7ee79b48f5403178
742,ing_pending_80902efc0db3,사이아노코발아민,434,434,761,사이아노코발아민,Cyanocobalamin,사이아노코발라민,Cyanocobalamin,official_exact,434,1.000000,,create_canonical,cyanocobalamin,,N,high,candidate_unverified,dominant_name이 KCIA 표준명·영문명·구명칭 중 하나와 exact 일치,2026-06-30,4a523f990553a507c1236c0490bcbb953960861f5da5cddf7ee79b48f5403178
743,ing_pending_3f66a578bd84,클로페네신,433,433,3205,클로페네신,Chlorphenesin,,,official_exact,433,1.000000,,create_canonical,chlorphenesin,,Y,high,accepted_auto_exact,dominant_name이 KCIA 표준명·영문명·구명칭 중 하나와 exact 일치,2026-06-30,4a523f990553a507c1236c0490bcbb953960861f5da5cddf7ee79b48f5403178
744,ing_pending_b00f8aadd44f,Ci 42090 / Blue 1,433,433,,,,,,no_official_exact_match,0,0.000000,,manual_review,,,N,low,candidate_unverified,표준명·영문명·구명칭 exact 일치 없음; 기존 alias도 identity 병합 근거로 사용하지 않음,2026-06-30,4a523f990553a507c1236c0490bcbb953960861f5da5cddf7ee79b48f5403178
745,ing_pending_caecabeb54e9,오렌지껍질오일,432,432,2145,오렌지껍질오일,Citrus Aurantium Dulcis (Orange) Peel Oil,,,official_exact,432,1.000000,,create_canonical,citrus_aurantium_dulcis_orange_peel_oil,,Y,high,accepted_auto_exact,dominant_name이 KCIA 표준명·영문명·구명칭 중 하나와 exact 일치,2026-06-30,4a523f990553a507c1236c0490bcbb953960861f5da5cddf7ee79b48f5403178
746,ing_pending_fd2d59ca99ca,Sodium Lauroyl Methyl Isethionate,432,432,7103,소듐라우로일메틸이세티오네이트,Sodium Lauroyl Methyl Isethionate,소듐라우로일메칠이세치오네이트,Sodium Lauroyl Methyl Isethionate,official_exact,432,1.000000,,create_canonical,sodium_lauroyl_methyl_isethionate,,N,high,candidate_unverified,dominant_name이 KCIA 표준명·영문명·구명칭 중 하나와 exact 일치,2026-06-30,4a523f990553a507c1236c0490bcbb953960861f5da5cddf7ee79b48f5403178
747,ing_pending_3cc78759d5cc,Peg-120 Methyl Glucose Dioleate,431,431,4217,피이지-120메틸글루코스디올리에이트,PEG-120 Methyl Glucose Dioleate,피이지-120메칠글루코오스디올리에이트,PEG-120 Methyl Glucose Dioleate,official_exact,425,0.986079,,create_canonical,peg_120_methyl_glucose_dioleate,,N,high,candidate_unverified,dominant_name이 KCIA 표준명·영문명·구명칭 중 하나와 exact 일치,2026-06-30,4a523f990553a507c1236c0490bcbb953960861f5da5cddf7ee79b48f5403178
748,ing_pending_c8e23d5757b8,트로메타민,431,431,3317,트로메타민,Tromethamine,,,official_exact,431,1.000000,,create_canonical,tromethamine,,Y,high,accepted_auto_exact,dominant_name이 KCIA 표준명·영문명·구명칭 중 하나와 exact 일치,2026-06-30,4a523f990553a507c1236c0490bcbb953960861f5da5cddf7ee79b48f5403178
749,ing_pending_f69dcfe475c4,Trisodium EDTA,431,431,3370,트라이소듐이디티에이,Trisodium EDTA,트리소듐이디티에이,Trisodium EDTA,official_exact,431,1.000000,,create_canonical,trisodium_edta,,N,high,candidate_unverified,dominant_name이 KCIA 표준명·영문명·구명칭 중 하나와 exact 일치,2026-06-30,4a523f990553a507c1236c0490bcbb953960861f5da5cddf7ee79b48f5403178
750,ing_pending_fbef76bb9567,Macadamia Integrifolia Seed Oil,431,431,,,,,,official_exact_ambiguous,0,0.000000,90|18408,manual_review,,,N,low,candidate_unverified,같은 표기가 둘 이상의 KCIA 성분코드와 일치,2026-06-30,4a523f990553a507c1236c0490bcbb953960861f5da5cddf7ee79b48f5403178
751,ing_pending_6be87382ec81,Salix Alba (Willow) Bark Extract,430,430,4957,흰버드나무껍질추출물,Salix Alba (Willow) Bark Extract,화이트윌로우껍질추출물,Salix Alba (Willow) Bark Extract,official_exact,426,0.990698,,create_canonical,salix_alba_willow_bark_extract,,N,high,candidate_unverified,dominant_name이 KCIA 표준명·영문명·구명칭 중 하나와 exact 일치,2026-06-30,4a523f990553a507c1236c0490bcbb953960861f5da5cddf7ee79b48f5403178
752,ing_pending_8ef4b2dafe4d,Isopentyldiol,430,430,2525,아이소펜틸다이올,Isopentyldiol,이소펜틸디올,Isopentyldiol,official_exact,425,0.988372,,create_canonical,isopentyldiol,,N,high,candidate_unverified,dominant_name이 KCIA 표준명·영문명·구명칭 중 하나와 exact 일치,2026-06-30,4a523f990553a507c1236c0490bcbb953960861f5da5cddf7ee79b48f5403178
753,ing_pending_aefce68fa7a5,Glyceryl Acrylate/Acrylic Acid Copolymer,430,430,1257,글리세릴아크릴레이트/아크릴릭애씨드코폴리머,Glyceryl Acrylate/Acrylic Acid Copolymer,,,official_exact,427,0.993023,,create_canonical,glyceryl_acrylate_acrylic_acid_copolymer,,N,high,candidate_unverified,dominant_name이 KCIA 표준명·영문명·구명칭 중 하나와 exact 일치,2026-06-30,4a523f990553a507c1236c0490bcbb953960861f5da5cddf7ee79b48f5403178
754,ing_pending_146da1301fd5,폴리글리세릴-10스테아레이트,428,428,3782,폴리글리세릴-10스테아레이트,Polyglyceryl-10 Stearate,,,official_exact,428,1.000000,,create_canonical,polyglyceryl_10_stearate,,N,high,candidate_unverified,dominant_name이 KCIA 표준명·영문명·구명칭 중 하나와 exact 일치,2026-06-30,4a523f990553a507c1236c0490bcbb953960861f5da5cddf7ee79b48f5403178
755,ing_pending_bd907e6ed54b,Bis-Ethylhexyloxyphenol Methoxyphenyl Triazine,427,427,695,비스-에칠헥실옥시페놀메톡시페닐트리아진,Bis-Ethylhexyloxyphenol Methoxyphenyl Triazine,,,official_exact,425,0.995316,,create_canonical,bis_ethylhexyloxyphenol_methoxyphenyl_triazine,,Y,high,accepted_auto_exact,dominant_name이 KCIA 표준명·영문명·구명칭 중 하나와 exact 일치,2026-06-30,4a523f990553a507c1236c0490bcbb953960861f5da5cddf7ee79b48f5403178
756,ing_pending_7d0bd569a92f,Ocimum Sanctum Leaf Extract,426,426,4945,홀리바질잎추출물,Ocimum Sanctum Leaf Extract,홀리바실추출물|홀리바실잎추출물,Ocimum Sanctum Leaf Extract,official_exact,426,1.000000,,create_canonical,ocimum_sanctum_leaf_extract,,Y,high,accepted_auto_exact,dominant_name이 KCIA 표준명·영문명·구명칭 중 하나와 exact 일치,2026-06-30,4a523f990553a507c1236c0490bcbb953960861f5da5cddf7ee79b48f5403178
757,ing_pending_59c271154e7a,Galactoarabinan,425,425,439,갈락토아라비난,Galactoarabinan,갈락토아란비난,Galactoarabinan,official_exact,424,0.997647,,create_canonical,galactoarabinan,,N,high,candidate_unverified,dominant_name이 KCIA 표준명·영문명·구명칭 중 하나와 exact 일치,2026-06-30,4a523f990553a507c1236c0490bcbb953960861f5da5cddf7ee79b48f5403178
758,ing_pending_5a1c274d3525,Inulin,425,425,2430,이눌린,Inulin,,,official_exact,425,1.000000,,create_canonical,inulin,,N,high,candidate_unverified,dominant_name이 KCIA 표준명·영문명·구명칭 중 하나와 exact 일치,2026-06-30,4a523f990553a507c1236c0490bcbb953960861f5da5cddf7ee79b48f5403178
759,ing_pending_1f3e18b06524,Sodium Acrylates Copolymer,424,424,1160,소듐아크릴레이트코폴리머,Sodium Acrylates Copolymer,,,official_exact,424,1.000000,,create_canonical,sodium_acrylates_copolymer,,N,high,candidate_unverified,dominant_name이 KCIA 표준명·영문명·구명칭 중 하나와 exact 일치,2026-06-30,4a523f990553a507c1236c0490bcbb953960861f5da5cddf7ee79b48f5403178
760,ing_pending_4d440cae0719,Theobroma Cacao (Cocoa) Seed Extract,424,424,2900,카카오씨추출물,Theobroma Cacao (Cocoa) Seed Extract,,,official_exact,423,0.997642,,create_canonical,theobroma_cacao_cocoa_seed_extract,,N,high,candidate_unverified,dominant_name이 KCIA 표준명·영문명·구명칭 중 하나와 exact 일치,2026-06-30,4a523f990553a507c1236c0490bcbb953960861f5da5cddf7ee79b48f5403178
761,ing_pending_f62b5ac6dc4b,C15-19 Alkane,424,424,8696,C15-19알케인,C15-19 Alkane,,,official_exact,424,1.000000,,create_canonical,c15_19_alkane,,N,high,candidate_unverified,dominant_name이 KCIA 표준명·영문명·구명칭 중 하나와 exact 일치,2026-06-30,4a523f990553a507c1236c0490bcbb953960861f5da5cddf7ee79b48f5403178
762,ing_pending_7cadbf9d7ab9,Astrocaryum Murumuru Seed Butter,420,420,1988,야자씨버터,Astrocaryum Murumuru Seed Butter,야자버터|야자씨드버터,Astrocaryum Murumuru Seed Butter,official_exact,420,1.000000,,create_canonical,astrocaryum_murumuru_seed_butter,,N,high,candidate_unverified,dominant_name이 KCIA 표준명·영문명·구명칭 중 하나와 exact 일치,2026-06-30,4a523f990553a507c1236c0490bcbb953960861f5da5cddf7ee79b48f5403178
763,ing_pending_3f6d70c87f1e,Cocos Nucifera (Coconut) Fruit Extract,419,419,3049,코코넛야자열매추출물,Cocos Nucifera (Coconut) Fruit Extract,코코넛추출물|코코스야자열매추출물,Cocos Nucifera (Coconut) Fruit Extract,official_exact,417,0.995227,,create_canonical,cocos_nucifera_coconut_fruit_extract,,N,high,candidate_unverified,dominant_name이 KCIA 표준명·영문명·구명칭 중 하나와 exact 일치,2026-06-30,4a523f990553a507c1236c0490bcbb953960861f5da5cddf7ee79b48f5403178
764,ing_pending_e5d68f7ca8b3,Hydrogenated Styrene/Isoprene Copolymer,419,419,4562,하이드로제네이티드스타이렌/아이소프렌코폴리머,Hydrogenated Styrene/Isoprene Copolymer,하이드로제네이티드스타이렌/이소프렌코폴리머,Hydrogenated Styrene/Isoprene Copolymer,official_exact,419,1.000000,,create_canonical,hydrogenated_styrene_isoprene_copolymer,,N,high,candidate_unverified,dominant_name이 KCIA 표준명·영문명·구명칭 중 하나와 exact 일치,2026-06-30,4a523f990553a507c1236c0490bcbb953960861f5da5cddf7ee79b48f5403178
765,ing_pending_3c92ddef0077,Adansonia Digitata Seed Oil,418,418,6275,바오밥나무씨오일,Adansonia Digitata Seed Oil,,,official_exact,417,0.997608,,create_canonical,adansonia_digitata_seed_oil,,N,high,candidate_unverified,dominant_name이 KCIA 표준명·영문명·구명칭 중 하나와 exact 일치,2026-06-30,4a523f990553a507c1236c0490bcbb953960861f5da5cddf7ee79b48f5403178
766,ing_pending_8daa5e7da0b8,Beta-Carotene,418,418,477,베타-카로틴,Beta-Carotene,,,official_exact_low_variant_coverage,256,0.612440,,manual_review,,,N,medium,candidate_unverified,대표명은 KCIA와 일치하지만 전체 원문 표기의 exact 일치율이 61.24%로 자동 적용 기준 미달,2026-06-30,4a523f990553a507c1236c0490bcbb953960861f5da5cddf7ee79b48f5403178
767,ing_pending_dc92b7ab9052,Sesamum Indicum (Sesame) Seed Oil,417,417,2793,참깨오일,Sesamum Indicum (Sesame) Seed Oil,,,official_exact,411,0.985612,,create_canonical,sesamum_indicum_sesame_seed_oil,,N,high,candidate_unverified,dominant_name이 KCIA 표준명·영문명·구명칭 중 하나와 exact 일치,2026-06-30,4a523f990553a507c1236c0490bcbb953960861f5da5cddf7ee79b48f5403178
768,ing_pending_9e43b9dda4fa,CI 17200 (Red 33),416,416,,,,,,no_official_exact_match,0,0.000000,,manual_review,,,N,low,candidate_unverified,표준명·영문명·구명칭 exact 일치 없음; 기존 alias도 identity 병합 근거로 사용하지 않음,2026-06-30,4a523f990553a507c1236c0490bcbb953960861f5da5cddf7ee79b48f5403178
769,ing_pending_e35de8aaa0f7,Ascorbyl Tetraisopalmitate,416,416,1727,아스코빌테트라이소팔미테이트,Ascorbyl Tetraisopalmitate,,,official_exact,415,0.997596,,create_canonical,ascorbyl_tetraisopalmitate,,N,high,candidate_unverified,dominant_name이 KCIA 표준명·영문명·구명칭 중 하나와 exact 일치,2026-06-30,4a523f990553a507c1236c0490bcbb953960861f5da5cddf7ee79b48f5403178
770,ing_pending_5fd69ea083c0,Copper Gluconate,415,415,2904,카퍼글루코네이트,Copper Gluconate,,,official_exact,412,0.992771,,create_canonical,copper_gluconate,,N,high,candidate_unverified,dominant_name이 KCIA 표준명·영문명·구명칭 중 하나와 exact 일치,2026-06-30,4a523f990553a507c1236c0490bcbb953960861f5da5cddf7ee79b48f5403178
771,ing_pending_83e153746bcc,Ferric Ferrocyanide (Ci 77510),414,414,,,,,,no_official_exact_match,0,0.000000,,manual_review,,,N,low,candidate_unverified,표준명·영문명·구명칭 exact 일치 없음; 기존 alias도 identity 병합 근거로 사용하지 않음,2026-06-30,4a523f990553a507c1236c0490bcbb953960861f5da5cddf7ee79b48f5403178
772,ing_pending_e4a959dbe3d7,소듐C14-16올레핀설포네이트,413,413,1174,소듐C14-16올레핀설포네이트,Sodium C14-16 Olefin Sulfonate,,,official_exact,413,1.000000,,create_canonical,sodium_c14_16_olefin_sulfonate,,Y,high,accepted_auto_exact,dominant_name이 KCIA 표준명·영문명·구명칭 중 하나와 exact 일치,2026-06-30,4a523f990553a507c1236c0490bcbb953960861f5da5cddf7ee79b48f5403178
773,ing_pending_d3eda56bd42b,다이메티콘올,412,412,4590,다이메티콘올,Dimethiconol,디메치콘올,Dimethiconol,official_exact,412,1.000000,,create_canonical,dimethiconol,,Y,high,accepted_auto_exact,dominant_name이 KCIA 표준명·영문명·구명칭 중 하나와 exact 일치,2026-06-30,4a523f990553a507c1236c0490bcbb953960861f5da5cddf7ee79b48f5403178
774,ing_pending_41a1bf340233,Copernicia Cerifera (Carnauba) Wax,411,411,2860,카나우바왁스,Copernicia Cerifera (Carnauba) Wax,,,official_exact,410,0.997567,,create_canonical,copernicia_cerifera_carnauba_wax,,N,high,candidate_unverified,dominant_name이 KCIA 표준명·영문명·구명칭 중 하나와 exact 일치,2026-06-30,4a523f990553a507c1236c0490bcbb953960861f5da5cddf7ee79b48f5403178
775,ing_pending_0614d02014cf,Pantolactone,409,409,6005,판토락톤,Pantolactone,,,official_exact,409,1.000000,,create_canonical,pantolactone,,N,high,candidate_unverified,dominant_name이 KCIA 표준명·영문명·구명칭 중 하나와 exact 일치,2026-06-30,4a523f990553a507c1236c0490bcbb953960861f5da5cddf7ee79b48f5403178
776,ing_pending_bcc325709f2d,Ubiquinone,409,409,2391,유비퀴논,Ubiquinone,,,official_exact,409,1.000000,,create_canonical,ubiquinone,,N,high,candidate_unverified,dominant_name이 KCIA 표준명·영문명·구명칭 중 하나와 exact 일치,2026-06-30,4a523f990553a507c1236c0490bcbb953960861f5da5cddf7ee79b48f5403178
777,ing_pending_ed95da656a4b,PEG-150 Distearate,408,408,4175,피이지-150다이스테아레이트,PEG-150 Distearate,피이지-150디스테아레이트|피이지-150다이라우레이트,PEG-150 Distearate,official_exact,407,0.997549,,create_canonical,peg_150_distearate,,N,high,candidate_unverified,dominant_name이 KCIA 표준명·영문명·구명칭 중 하나와 exact 일치,2026-06-30,4a523f990553a507c1236c0490bcbb953960861f5da5cddf7ee79b48f5403178
778,ing_pending_187381da709a,Palmitoyl Tripeptide-5,407,407,3550,팔미토일트라이펩타이드-5,Palmitoyl Tripeptide-5,팔미토일트리펩타이드-5,Palmitoyl Tripeptide-5,official_exact,403,0.990172,,create_canonical,palmitoyl_tripeptide_5,,N,high,candidate_unverified,dominant_name이 KCIA 표준명·영문명·구명칭 중 하나와 exact 일치,2026-06-30,4a523f990553a507c1236c0490bcbb953960861f5da5cddf7ee79b48f5403178
779,ing_pending_e40bdf747ae4,Salvia Hispanica Seed Extract,407,407,6212,멕시칸치아씨추출물,Salvia Hispanica Seed Extract,치아씨추출물,Salvia Hispanica Seed Extract,official_exact,407,1.000000,,create_canonical,salvia_hispanica_seed_extract,,N,high,candidate_unverified,dominant_name이 KCIA 표준명·영문명·구명칭 중 하나와 exact 일치,2026-06-30,4a523f990553a507c1236c0490bcbb953960861f5da5cddf7ee79b48f5403178
780,ing_pending_e6a1af94e881,피이지-60하이드로제네이티드캐스터오일,407,407,4408,피이지-60하이드로제네이티드캐스터오일,PEG-60 Hydrogenated Castor Oil,,,official_exact,407,1.000000,,create_canonical,peg_60_hydrogenated_castor_oil,,N,high,candidate_unverified,dominant_name이 KCIA 표준명·영문명·구명칭 중 하나와 exact 일치,2026-06-30,4a523f990553a507c1236c0490bcbb953960861f5da5cddf7ee79b48f5403178
781,ing_pending_6d40f21a367b,Iodopropynyl Butylcarbamate,405,405,1749,아이오도프로피닐부틸카바메이트,Iodopropynyl Butylcarbamate,,,official_exact,404,0.997531,,create_canonical,iodopropynyl_butylcarbamate,,N,high,candidate_unverified,dominant_name이 KCIA 표준명·영문명·구명칭 중 하나와 exact 일치,2026-06-30,4a523f990553a507c1236c0490bcbb953960861f5da5cddf7ee79b48f5403178
782,ing_pending_3cb874353c36,칡뿌리추출물,404,404,328,칡뿌리추출물,Pueraria Lobata Root Extract,갈근추출물,Pueraria Lobata Root Extract,official_exact,404,1.000000,,create_canonical,pueraria_lobata_root_extract,,N,high,candidate_unverified,dominant_name이 KCIA 표준명·영문명·구명칭 중 하나와 exact 일치,2026-06-30,4a523f990553a507c1236c0490bcbb953960861f5da5cddf7ee79b48f5403178
783,ing_pending_430eb7de720d,Inositol,404,404,2429,이노시톨,Inositol,,,official_exact,404,1.000000,,create_canonical,inositol,,N,high,candidate_unverified,dominant_name이 KCIA 표준명·영문명·구명칭 중 하나와 exact 일치,2026-06-30,4a523f990553a507c1236c0490bcbb953960861f5da5cddf7ee79b48f5403178
784,ing_pending_2f3e23847e7d,Red 30 Lake (Ci 73360),402,402,,,,,,no_official_exact_match,0,0.000000,,manual_review,,,N,low,candidate_unverified,표준명·영문명·구명칭 exact 일치 없음; 기존 alias도 identity 병합 근거로 사용하지 않음,2026-06-30,4a523f990553a507c1236c0490bcbb953960861f5da5cddf7ee79b48f5403178
785,ing_pending_48dc7ed72ce9,포타슘세틸포스페이트,401,401,3678,포타슘세틸포스페이트,Potassium Cetyl Phosphate,,,official_exact,401,1.000000,,create_canonical,potassium_cetyl_phosphate,,Y,high,accepted_auto_exact,dominant_name이 KCIA 표준명·영문명·구명칭 중 하나와 exact 일치,2026-06-30,4a523f990553a507c1236c0490bcbb953960861f5da5cddf7ee79b48f5403178
786,ing_pending_d651ecc84dbc,시트릭애씨드,401,401,1532,시트릭애씨드,Citric Acid,,,official_exact,401,1.000000,,create_canonical,citric_acid,,Y,high,accepted_auto_exact,dominant_name이 KCIA 표준명·영문명·구명칭 중 하나와 exact 일치,2026-06-30,4a523f990553a507c1236c0490bcbb953960861f5da5cddf7ee79b48f5403178
787,ing_pending_37a5368e2fee,Sodium Dilauramidoglutamide Lysine,398,398,1045,소듐다이라우미도글루타미드라이신,Sodium Dilauramidoglutamide Lysine,소듐디라우라미도글루타마이드라이신,Sodium Dilauramidoglutamide Lysine,official_exact,398,1.000000,,create_canonical,sodium_dilauramidoglutamide_lysine,,N,high,candidate_unverified,dominant_name이 KCIA 표준명·영문명·구명칭 중 하나와 exact 일치,2026-06-30,4a523f990553a507c1236c0490bcbb953960861f5da5cddf7ee79b48f5403178
788,ing_pending_4daa30beec43,Hydrogenated Palm Glycerides Citrate,398,398,4605,하이드로제네이티드팜글리세라이즈시트레이트,Hydrogenated Palm Glycerides Citrate,하이드로제네이티드팜글리세라이드시트레이트|하이드로제 네이티드팜글라이세라이드시트레이트,Hydrogenated Palm Glycerides Citrate,official_exact,398,1.000000,,create_canonical,hydrogenated_palm_glycerides_citrate,,N,high,candidate_unverified,dominant_name이 KCIA 표준명·영문명·구명칭 중 하나와 exact 일치,2026-06-30,4a523f990553a507c1236c0490bcbb953960861f5da5cddf7ee79b48f5403178
789,ing_pending_510e23043d32,하이드롤라이즈드글라이코사미노글리칸,398,398,4723,하이드롤라이즈드글라이코사미노글리칸,Hydrolyzed Glycosaminoglycans,,,official_exact,398,1.000000,,create_canonical,hydrolyzed_glycosaminoglycans,,N,high,candidate_unverified,dominant_name이 KCIA 표준명·영문명·구명칭 중 하나와 exact 일치,2026-06-30,4a523f990553a507c1236c0490bcbb953960861f5da5cddf7ee79b48f5403178
790,ing_pending_210dfa873e62,Euphorbia Cerifera (Candelilla) Wax,395,395,2934,칸데릴라왁스,Euphorbia Cerifera (Candelilla) Wax,,,official_exact,393,0.994937,,create_canonical,euphorbia_cerifera_candelilla_wax,,N,high,candidate_unverified,dominant_name이 KCIA 표준명·영문명·구명칭 중 하나와 exact 일치,2026-06-30,4a523f990553a507c1236c0490bcbb953960861f5da5cddf7ee79b48f5403178
791,ing_pending_100f52edd32a,Coffea Arabica (Coffee) Seed Extract,394,394,3011,커피콩추출물,Coffea Arabica (Coffee) Seed Extract,커피추출물,Coffea Arabica (Coffee) Seed Extract,official_exact,394,1.000000,,create_canonical,coffea_arabica_coffee_seed_extract,,N,high,candidate_unverified,dominant_name이 KCIA 표준명·영문명·구명칭 중 하나와 exact 일치,2026-06-30,4a523f990553a507c1236c0490bcbb953960861f5da5cddf7ee79b48f5403178
792,ing_pending_fef3b870cfa9,글리세릴글루코사이드,394,394,6960,글리세릴글루코사이드,Glyceryl Glucoside,,,official_exact,394,1.000000,,create_canonical,glyceryl_glucoside,,N,high,candidate_unverified,dominant_name이 KCIA 표준명·영문명·구명칭 중 하나와 exact 일치,2026-06-30,4a523f990553a507c1236c0490bcbb953960861f5da5cddf7ee79b48f5403178
793,ing_pending_34457ed09666,칸데릴라왁스,393,393,2934,칸데릴라왁스,Euphorbia Cerifera (Candelilla) Wax,,,official_exact,393,1.000000,,create_canonical,euphorbia_cerifera_candelilla_wax,,N,high,candidate_unverified,dominant_name이 KCIA 표준명·영문명·구명칭 중 하나와 exact 일치,2026-06-30,4a523f990553a507c1236c0490bcbb953960861f5da5cddf7ee79b48f5403178
794,ing_pending_4e86939c7a87,무화과추출물,393,393,305,무화과추출물,Ficus Carica (Fig) Fruit Extract,,,official_exact,393,1.000000,,create_canonical,ficus_carica_fig_fruit_extract,,N,high,candidate_unverified,dominant_name이 KCIA 표준명·영문명·구명칭 중 하나와 exact 일치,2026-06-30,4a523f990553a507c1236c0490bcbb953960861f5da5cddf7ee79b48f5403178
795,ing_pending_b1069ae5249d,피토스테롤,393,393,4429,피토스테롤,Phytosterols,,,official_exact,393,1.000000,,create_canonical,phytosterols,,Y,high,accepted_auto_exact,dominant_name이 KCIA 표준명·영문명·구명칭 중 하나와 exact 일치,2026-06-30,4a523f990553a507c1236c0490bcbb953960861f5da5cddf7ee79b48f5403178
796,ing_pending_ca3799ed80ae,글리세릴스테아레이트에스이,393,393,1224,글리세릴스테아레이트에스이,Glyceryl Stearate SE,,,official_exact,393,1.000000,,create_canonical,glyceryl_stearate_se,,Y,high,accepted_auto_exact,dominant_name이 KCIA 표준명·영문명·구명칭 중 하나와 exact 일치,2026-06-30,4a523f990553a507c1236c0490bcbb953960861f5da5cddf7ee79b48f5403178
797,ing_pending_4d4a8f2dc71d,흑색산화철CI77499,392,392,,,,,,no_official_exact_match,0,0.000000,,manual_review,,,N,low,candidate_unverified,표준명·영문명·구명칭 exact 일치 없음; 기존 alias도 identity 병합 근거로 사용하지 않음,2026-06-30,4a523f990553a507c1236c0490bcbb953960861f5da5cddf7ee79b48f5403178
798,ing_pending_e9d90a189f14,C10-18 Triglycerides,392,392,3319,C10-18트라이글리세라이즈,C10-18 Triglycerides,C10-18트리글리세라이드,C10-18 Triglycerides,official_exact,389,0.992347,,create_canonical,c10_18_triglycerides,,N,high,candidate_unverified,dominant_name이 KCIA 표준명·영문명·구명칭 중 하나와 exact 일치,2026-06-30,4a523f990553a507c1236c0490bcbb953960861f5da5cddf7ee79b48f5403178
799,ing_pending_ec6da355243d,소듐아스코빌포스페이트,392,392,1152,소듐아스코빌포스페이트,Sodium Ascorbyl Phosphate,,,official_exact,392,1.000000,,create_canonical,sodium_ascorbyl_phosphate,,Y,high,accepted_auto_exact,dominant_name이 KCIA 표준명·영문명·구명칭 중 하나와 exact 일치,2026-06-30,4a523f990553a507c1236c0490bcbb953960861f5da5cddf7ee79b48f5403178
800,ing_pending_67186761313d,Sodium Polyacryloyldimethyl Taurate,391,391,5969,소듐폴리아크릴로일다이메틸타우레이트,Sodium Polyacryloyldimethyl Taurate,소듐폴리아크릴로일디메칠타우레이트,Sodium Polyacryloyldimethyl Taurate,official_exact,390,0.997442,,create_canonical,sodium_polyacryloyldimethyl_taurate,,Y,high,accepted_auto_exact,dominant_name이 KCIA 표준명·영문명·구명칭 중 하나와 exact 일치,2026-06-30,4a523f990553a507c1236c0490bcbb953960861f5da5cddf7ee79b48f5403178
