ingredient_id,name_ko,name_en,effect_id,effect_name,search_query,raw_pubmed_pmids,raw_hit_count,matched_pmids,matched_paper_count,best_evidence_tier,best_evidence_kind,best_relation_scope,best_effect_match_scope,best_applicability,best_pmid,best_title,best_signal_score,candidate_papers_json,second_pass_status,review_status,score_change,searched_on,search_version
2_3_butanediol,"2,3-부탄다이올","2,3-Butanediol",effect_moisture_barrier,보습·장벽,"(""2,3-Butanediol""[Title/Abstract] OR ""2 3 butanediol""[Title/Abstract]) AND (""barrier function""[Title/Abstract] OR ""corneocyte""[Title/Abstract] OR ""cosmetic""[Title/Abstract] OR ""cutaneous""[Title/Abstract] OR ""dermal""[Title/Abstract] OR ""dermatitis""[Title/Abstract] OR ""dermatology""[Title/Abstract] OR ""dry skin""[Title/Abstract] OR ""epidermal""[Title/Abstract] OR ""epidermis""[Title/Abstract] OR ""humectant""[Title/Abstract] OR ""hydration""[Title/Abstract] OR ""keratinocyte""[Title/Abstract] OR ""moisture""[Title/Abstract] OR ""moisturising""[Title/Abstract] OR ""moisturizing""[Title/Abstract] OR ""occlusive""[Title/Abstract] OR ""skin""[Title/Abstract] OR ""skin barrier""[Title/Abstract] OR ""skin water content""[Title/Abstract] OR ""stratum corneum""[Title/Abstract] OR ""topical""[Title/Abstract] OR ""transepidermal water loss""[Title/Abstract] OR ""water loss""[Title/Abstract] OR ""xerosis""[Title/Abstract])",42226445|41762609|42376112|40879209|40617206|40922211|41171461|40356128|38174390|38356544|38338586|37990365|36766134|36193455|35954084|35484968|34287875|32866836|32083310|32180827|32082290|31706326|30121751|27990176|27279026|24176113|25049913|21650020|16833264|16320623|9540987,31,,0,,,,,,,,0,[],no_expanded_pubmed_candidate,not_found,none,2026-07-12,mwbl-missing-effect-search-v1
acacia_seyal_gum_extract,시팀우드검추출물,Acacia Seyal Gum Extract,effect_moisture_barrier,보습·장벽,"(""Acacia Seyal Gum Extract""[Title/Abstract]) AND (""barrier function""[Title/Abstract] OR ""corneocyte""[Title/Abstract] OR ""cosmetic""[Title/Abstract] OR ""cutaneous""[Title/Abstract] OR ""dermal""[Title/Abstract] OR ""dermatitis""[Title/Abstract] OR ""dermatology""[Title/Abstract] OR ""dry skin""[Title/Abstract] OR ""epidermal""[Title/Abstract] OR ""epidermis""[Title/Abstract] OR ""humectant""[Title/Abstract] OR ""hydration""[Title/Abstract] OR ""keratinocyte""[Title/Abstract] OR ""moisture""[Title/Abstract] OR ""moisturising""[Title/Abstract] OR ""moisturizing""[Title/Abstract] OR ""occlusive""[Title/Abstract] OR ""skin""[Title/Abstract] OR ""skin barrier""[Title/Abstract] OR ""skin water content""[Title/Abstract] OR ""stratum corneum""[Title/Abstract] OR ""topical""[Title/Abstract] OR ""transepidermal water loss""[Title/Abstract] OR ""water loss""[Title/Abstract] OR ""xerosis""[Title/Abstract])",,0,,0,,,,,,,,0,[],no_expanded_pubmed_candidate,not_found,none,2026-07-12,mwbl-missing-effect-search-v1
acanthopanax_senticosus_eleuthero_root_extract,가시오갈피뿌리추출물,Acanthopanax Senticosus (Eleuthero) Root Extract,effect_calming,진정,"(""Acanthopanax Senticosus (Eleuthero) Root Extract""[Title/Abstract] OR ""acanthopanax senticosus eleuthero root extract""[Title/Abstract]) AND (""anti-inflammatory""[Title/Abstract] OR ""corneocyte""[Title/Abstract] OR ""cosmetic""[Title/Abstract] OR ""cutaneous""[Title/Abstract] OR ""dermal""[Title/Abstract] OR ""dermatitis""[Title/Abstract] OR ""dermatology""[Title/Abstract] OR ""epidermal""[Title/Abstract] OR ""epidermis""[Title/Abstract] OR ""erythema""[Title/Abstract] OR ""inflammation""[Title/Abstract] OR ""irritation""[Title/Abstract] OR ""keratinocyte""[Title/Abstract] OR ""pruritus""[Title/Abstract] OR ""redness""[Title/Abstract] OR ""sensitive skin""[Title/Abstract] OR ""skin""[Title/Abstract] OR ""stratum corneum""[Title/Abstract] OR ""topical""[Title/Abstract] OR ""wound healing""[Title/Abstract])",,0,,0,,,,,,,,0,[],no_expanded_pubmed_candidate,not_found,none,2026-07-12,mwbl-missing-effect-search-v1
acetamide_mea,아세타마이드엠이에이,Acetamide MEA,effect_moisture_barrier,보습·장벽,"(""Acetamide MEA""[Title/Abstract]) AND (""barrier function""[Title/Abstract] OR ""corneocyte""[Title/Abstract] OR ""cosmetic""[Title/Abstract] OR ""cutaneous""[Title/Abstract] OR ""dermal""[Title/Abstract] OR ""dermatitis""[Title/Abstract] OR ""dermatology""[Title/Abstract] OR ""dry skin""[Title/Abstract] OR ""epidermal""[Title/Abstract] OR ""epidermis""[Title/Abstract] OR ""humectant""[Title/Abstract] OR ""hydration""[Title/Abstract] OR ""keratinocyte""[Title/Abstract] OR ""moisture""[Title/Abstract] OR ""moisturising""[Title/Abstract] OR ""moisturizing""[Title/Abstract] OR ""occlusive""[Title/Abstract] OR ""skin""[Title/Abstract] OR ""skin barrier""[Title/Abstract] OR ""skin water content""[Title/Abstract] OR ""stratum corneum""[Title/Abstract] OR ""topical""[Title/Abstract] OR ""transepidermal water loss""[Title/Abstract] OR ""water loss""[Title/Abstract] OR ""xerosis""[Title/Abstract])",,0,,0,,,,,,,,0,[],no_expanded_pubmed_candidate,not_found,none,2026-07-12,mwbl-missing-effect-search-v1
acetamidoethoxyethanol,아세타미도에톡시에탄올,Acetamidoethoxyethanol,effect_moisture_barrier,보습·장벽,"(""Acetamidoethoxyethanol""[Title/Abstract]) AND (""barrier function""[Title/Abstract] OR ""corneocyte""[Title/Abstract] OR ""cosmetic""[Title/Abstract] OR ""cutaneous""[Title/Abstract] OR ""dermal""[Title/Abstract] OR ""dermatitis""[Title/Abstract] OR ""dermatology""[Title/Abstract] OR ""dry skin""[Title/Abstract] OR ""epidermal""[Title/Abstract] OR ""epidermis""[Title/Abstract] OR ""humectant""[Title/Abstract] OR ""hydration""[Title/Abstract] OR ""keratinocyte""[Title/Abstract] OR ""moisture""[Title/Abstract] OR ""moisturising""[Title/Abstract] OR ""moisturizing""[Title/Abstract] OR ""occlusive""[Title/Abstract] OR ""skin""[Title/Abstract] OR ""skin barrier""[Title/Abstract] OR ""skin water content""[Title/Abstract] OR ""stratum corneum""[Title/Abstract] OR ""topical""[Title/Abstract] OR ""transepidermal water loss""[Title/Abstract] OR ""water loss""[Title/Abstract] OR ""xerosis""[Title/Abstract])",,0,,0,,,,,,,,0,[],no_expanded_pubmed_candidate,not_found,none,2026-07-12,mwbl-missing-effect-search-v1
acetyl_heptapeptide_4,아세틸헵타펩타이드-4,Acetyl Heptapeptide-4,effect_moisture_barrier,보습·장벽,"(""Acetyl Heptapeptide-4""[Title/Abstract] OR ""acetyl heptapeptide 4""[Title/Abstract]) AND (""barrier function""[Title/Abstract] OR ""corneocyte""[Title/Abstract] OR ""cosmetic""[Title/Abstract] OR ""cutaneous""[Title/Abstract] OR ""dermal""[Title/Abstract] OR ""dermatitis""[Title/Abstract] OR ""dermatology""[Title/Abstract] OR ""dry skin""[Title/Abstract] OR ""epidermal""[Title/Abstract] OR ""epidermis""[Title/Abstract] OR ""humectant""[Title/Abstract] OR ""hydration""[Title/Abstract] OR ""keratinocyte""[Title/Abstract] OR ""moisture""[Title/Abstract] OR ""moisturising""[Title/Abstract] OR ""moisturizing""[Title/Abstract] OR ""occlusive""[Title/Abstract] OR ""skin""[Title/Abstract] OR ""skin barrier""[Title/Abstract] OR ""skin water content""[Title/Abstract] OR ""stratum corneum""[Title/Abstract] OR ""topical""[Title/Abstract] OR ""transepidermal water loss""[Title/Abstract] OR ""water loss""[Title/Abstract] OR ""xerosis""[Title/Abstract])",,0,,0,,,,,,,,0,[],no_expanded_pubmed_candidate,not_found,none,2026-07-12,mwbl-missing-effect-search-v1
acetyl_octapeptide_3,아세틸옥타펩타이드-3,Acetyl Octapeptide-3,effect_moisture_barrier,보습·장벽,"(""Acetyl Octapeptide-3""[Title/Abstract] OR ""acetyl octapeptide 3""[Title/Abstract]) AND (""barrier function""[Title/Abstract] OR ""corneocyte""[Title/Abstract] OR ""cosmetic""[Title/Abstract] OR ""cutaneous""[Title/Abstract] OR ""dermal""[Title/Abstract] OR ""dermatitis""[Title/Abstract] OR ""dermatology""[Title/Abstract] OR ""dry skin""[Title/Abstract] OR ""epidermal""[Title/Abstract] OR ""epidermis""[Title/Abstract] OR ""humectant""[Title/Abstract] OR ""hydration""[Title/Abstract] OR ""keratinocyte""[Title/Abstract] OR ""moisture""[Title/Abstract] OR ""moisturising""[Title/Abstract] OR ""moisturizing""[Title/Abstract] OR ""occlusive""[Title/Abstract] OR ""skin""[Title/Abstract] OR ""skin barrier""[Title/Abstract] OR ""skin water content""[Title/Abstract] OR ""stratum corneum""[Title/Abstract] OR ""topical""[Title/Abstract] OR ""transepidermal water loss""[Title/Abstract] OR ""water loss""[Title/Abstract] OR ""xerosis""[Title/Abstract])",,0,,0,,,,,,,,0,[],no_expanded_pubmed_candidate,not_found,none,2026-07-12,mwbl-missing-effect-search-v1
acetyl_tetrapeptide_5,아세틸테트라펩타이드-5,Acetyl Tetrapeptide-5,effect_moisture_barrier,보습·장벽,"(""Acetyl Tetrapeptide-5""[Title/Abstract] OR ""acetyl tetrapeptide 5""[Title/Abstract]) AND (""barrier function""[Title/Abstract] OR ""corneocyte""[Title/Abstract] OR ""cosmetic""[Title/Abstract] OR ""cutaneous""[Title/Abstract] OR ""dermal""[Title/Abstract] OR ""dermatitis""[Title/Abstract] OR ""dermatology""[Title/Abstract] OR ""dry skin""[Title/Abstract] OR ""epidermal""[Title/Abstract] OR ""epidermis""[Title/Abstract] OR ""humectant""[Title/Abstract] OR ""hydration""[Title/Abstract] OR ""keratinocyte""[Title/Abstract] OR ""moisture""[Title/Abstract] OR ""moisturising""[Title/Abstract] OR ""moisturizing""[Title/Abstract] OR ""occlusive""[Title/Abstract] OR ""skin""[Title/Abstract] OR ""skin barrier""[Title/Abstract] OR ""skin water content""[Title/Abstract] OR ""stratum corneum""[Title/Abstract] OR ""topical""[Title/Abstract] OR ""transepidermal water loss""[Title/Abstract] OR ""water loss""[Title/Abstract] OR ""xerosis""[Title/Abstract])",,0,,0,,,,,,,,0,[],no_expanded_pubmed_candidate,not_found,none,2026-07-12,mwbl-missing-effect-search-v1
achillea_millefolium_extract,서양톱풀추출물,Achillea Millefolium Extract,effect_acne_sebum,여드름·피지,"(""Achillea Millefolium Extract""[Title/Abstract]) AND (""acne""[Title/Abstract] OR ""anti-inflammatory""[Title/Abstract] OR ""comedogenic""[Title/Abstract] OR ""comedone""[Title/Abstract] OR ""corneocyte""[Title/Abstract] OR ""cosmetic""[Title/Abstract] OR ""cutaneous""[Title/Abstract] OR ""cutibacterium acnes""[Title/Abstract] OR ""dermal""[Title/Abstract] OR ""dermatitis""[Title/Abstract] OR ""dermatology""[Title/Abstract] OR ""epidermal""[Title/Abstract] OR ""epidermis""[Title/Abstract] OR ""erythema""[Title/Abstract] OR ""inflammation""[Title/Abstract] OR ""irritation""[Title/Abstract] OR ""keratinocyte""[Title/Abstract] OR ""propionibacterium acnes""[Title/Abstract] OR ""pruritus""[Title/Abstract] OR ""redness""[Title/Abstract] OR ""sebaceous""[Title/Abstract] OR ""sebum""[Title/Abstract] OR ""sensitive skin""[Title/Abstract] OR ""skin""[Title/Abstract] OR ""stratum corneum""[Title/Abstract] OR ""topical""[Title/Abstract] OR ""wound healing""[Title/Abstract])",38670768|36290572|33650701|32951733|29731432|27913788|21711463|21684130|11558643,9,,0,,,,,,,,0,[],no_expanded_pubmed_candidate,not_found,none,2026-07-12,mwbl-missing-effect-search-v1
achillea_millefolium_extract,서양톱풀추출물,Achillea Millefolium Extract,effect_calming,진정,"(""Achillea Millefolium Extract""[Title/Abstract]) AND (""acne""[Title/Abstract] OR ""anti-inflammatory""[Title/Abstract] OR ""comedogenic""[Title/Abstract] OR ""comedone""[Title/Abstract] OR ""corneocyte""[Title/Abstract] OR ""cosmetic""[Title/Abstract] OR ""cutaneous""[Title/Abstract] OR ""cutibacterium acnes""[Title/Abstract] OR ""dermal""[Title/Abstract] OR ""dermatitis""[Title/Abstract] OR ""dermatology""[Title/Abstract] OR ""epidermal""[Title/Abstract] OR ""epidermis""[Title/Abstract] OR ""erythema""[Title/Abstract] OR ""inflammation""[Title/Abstract] OR ""irritation""[Title/Abstract] OR ""keratinocyte""[Title/Abstract] OR ""propionibacterium acnes""[Title/Abstract] OR ""pruritus""[Title/Abstract] OR ""redness""[Title/Abstract] OR ""sebaceous""[Title/Abstract] OR ""sebum""[Title/Abstract] OR ""sensitive skin""[Title/Abstract] OR ""skin""[Title/Abstract] OR ""stratum corneum""[Title/Abstract] OR ""topical""[Title/Abstract] OR ""wound healing""[Title/Abstract])",38670768|36290572|33650701|32951733|29731432|27913788|21711463|21684130|11558643,9,29731432,1,6,animal,title_exact,abstract_effect,mechanistic,29731432,Investigation of the effects of Achillea millefolium extract in diabetic rats with second-degree burns.,30,"[{""pmid"":""29731432"",""title"":""Investigation of the effects of Achillea millefolium extract in diabetic rats with second-degree burns."",""tier"":6,""relation_scope"":""title_exact"",""effect_match_scope"":""abstract_effect"",""applicability"":""mechanistic"",""signal_score"":30}]",expanded_candidate_found,candidate_unverified,none,2026-07-12,mwbl-missing-effect-search-v1
achillea_millefolium_flower_extract,서양톱풀꽃추출물,Achillea Millefolium Flower Extract,effect_moisture_barrier,보습·장벽,"(""Achillea Millefolium Flower Extract""[Title/Abstract]) AND (""barrier function""[Title/Abstract] OR ""corneocyte""[Title/Abstract] OR ""cosmetic""[Title/Abstract] OR ""cutaneous""[Title/Abstract] OR ""dermal""[Title/Abstract] OR ""dermatitis""[Title/Abstract] OR ""dermatology""[Title/Abstract] OR ""dry skin""[Title/Abstract] OR ""epidermal""[Title/Abstract] OR ""epidermis""[Title/Abstract] OR ""humectant""[Title/Abstract] OR ""hydration""[Title/Abstract] OR ""keratinocyte""[Title/Abstract] OR ""moisture""[Title/Abstract] OR ""moisturising""[Title/Abstract] OR ""moisturizing""[Title/Abstract] OR ""occlusive""[Title/Abstract] OR ""skin""[Title/Abstract] OR ""skin barrier""[Title/Abstract] OR ""skin water content""[Title/Abstract] OR ""stratum corneum""[Title/Abstract] OR ""topical""[Title/Abstract] OR ""transepidermal water loss""[Title/Abstract] OR ""water loss""[Title/Abstract] OR ""xerosis""[Title/Abstract])",,0,,0,,,,,,,,0,[],no_expanded_pubmed_candidate,not_found,none,2026-07-12,mwbl-missing-effect-search-v1
acorus_gramineus_extract,석창포추출물,Acorus Gramineus Extract,effect_moisture_barrier,보습·장벽,"(""Acorus Gramineus Extract""[Title/Abstract]) AND (""barrier function""[Title/Abstract] OR ""corneocyte""[Title/Abstract] OR ""cosmetic""[Title/Abstract] OR ""cutaneous""[Title/Abstract] OR ""dermal""[Title/Abstract] OR ""dermatitis""[Title/Abstract] OR ""dermatology""[Title/Abstract] OR ""dry skin""[Title/Abstract] OR ""epidermal""[Title/Abstract] OR ""epidermis""[Title/Abstract] OR ""humectant""[Title/Abstract] OR ""hydration""[Title/Abstract] OR ""keratinocyte""[Title/Abstract] OR ""moisture""[Title/Abstract] OR ""moisturising""[Title/Abstract] OR ""moisturizing""[Title/Abstract] OR ""occlusive""[Title/Abstract] OR ""skin""[Title/Abstract] OR ""skin barrier""[Title/Abstract] OR ""skin water content""[Title/Abstract] OR ""stratum corneum""[Title/Abstract] OR ""topical""[Title/Abstract] OR ""transepidermal water loss""[Title/Abstract] OR ""water loss""[Title/Abstract] OR ""xerosis""[Title/Abstract])",,0,,0,,,,,,,,0,[],no_expanded_pubmed_candidate,not_found,none,2026-07-12,mwbl-missing-effect-search-v1
adansonia_digitata_pulp_extract,바오밥나무펄프추출물,Adansonia Digitata Pulp Extract,effect_moisture_barrier,보습·장벽,"(""Adansonia Digitata Pulp Extract""[Title/Abstract]) AND (""barrier function""[Title/Abstract] OR ""corneocyte""[Title/Abstract] OR ""cosmetic""[Title/Abstract] OR ""cutaneous""[Title/Abstract] OR ""dermal""[Title/Abstract] OR ""dermatitis""[Title/Abstract] OR ""dermatology""[Title/Abstract] OR ""dry skin""[Title/Abstract] OR ""epidermal""[Title/Abstract] OR ""epidermis""[Title/Abstract] OR ""humectant""[Title/Abstract] OR ""hydration""[Title/Abstract] OR ""keratinocyte""[Title/Abstract] OR ""moisture""[Title/Abstract] OR ""moisturising""[Title/Abstract] OR ""moisturizing""[Title/Abstract] OR ""occlusive""[Title/Abstract] OR ""skin""[Title/Abstract] OR ""skin barrier""[Title/Abstract] OR ""skin water content""[Title/Abstract] OR ""stratum corneum""[Title/Abstract] OR ""topical""[Title/Abstract] OR ""transepidermal water loss""[Title/Abstract] OR ""water loss""[Title/Abstract] OR ""xerosis""[Title/Abstract])",,0,,0,,,,,,,,0,[],no_expanded_pubmed_candidate,not_found,none,2026-07-12,mwbl-missing-effect-search-v1
adansonia_digitata_seed_oil,바오밥나무씨오일,Adansonia Digitata Seed Oil,effect_moisture_barrier,보습·장벽,"(""Adansonia Digitata Seed Oil""[Title/Abstract]) AND (""barrier function""[Title/Abstract] OR ""corneocyte""[Title/Abstract] OR ""cosmetic""[Title/Abstract] OR ""cutaneous""[Title/Abstract] OR ""dermal""[Title/Abstract] OR ""dermatitis""[Title/Abstract] OR ""dermatology""[Title/Abstract] OR ""dry skin""[Title/Abstract] OR ""epidermal""[Title/Abstract] OR ""epidermis""[Title/Abstract] OR ""humectant""[Title/Abstract] OR ""hydration""[Title/Abstract] OR ""keratinocyte""[Title/Abstract] OR ""moisture""[Title/Abstract] OR ""moisturising""[Title/Abstract] OR ""moisturizing""[Title/Abstract] OR ""occlusive""[Title/Abstract] OR ""skin""[Title/Abstract] OR ""skin barrier""[Title/Abstract] OR ""skin water content""[Title/Abstract] OR ""stratum corneum""[Title/Abstract] OR ""topical""[Title/Abstract] OR ""transepidermal water loss""[Title/Abstract] OR ""water loss""[Title/Abstract] OR ""xerosis""[Title/Abstract])",,0,,0,,,,,,,,0,[],no_expanded_pubmed_candidate,not_found,none,2026-07-12,mwbl-missing-effect-search-v1
alanyl_glutamine,알라닐글루타민,Alanyl Glutamine,effect_moisture_barrier,보습·장벽,"(""Alanyl Glutamine""[Title/Abstract]) AND (""barrier function""[Title/Abstract] OR ""corneocyte""[Title/Abstract] OR ""cosmetic""[Title/Abstract] OR ""cutaneous""[Title/Abstract] OR ""dermal""[Title/Abstract] OR ""dermatitis""[Title/Abstract] OR ""dermatology""[Title/Abstract] OR ""dry skin""[Title/Abstract] OR ""epidermal""[Title/Abstract] OR ""epidermis""[Title/Abstract] OR ""humectant""[Title/Abstract] OR ""hydration""[Title/Abstract] OR ""keratinocyte""[Title/Abstract] OR ""moisture""[Title/Abstract] OR ""moisturising""[Title/Abstract] OR ""moisturizing""[Title/Abstract] OR ""occlusive""[Title/Abstract] OR ""skin""[Title/Abstract] OR ""skin barrier""[Title/Abstract] OR ""skin water content""[Title/Abstract] OR ""stratum corneum""[Title/Abstract] OR ""topical""[Title/Abstract] OR ""transepidermal water loss""[Title/Abstract] OR ""water loss""[Title/Abstract] OR ""xerosis""[Title/Abstract])",36250482|34282686|34578811|34360944|33932823|32321150|32292346|30773024|30789107|30186572|27383799|23721689|21799183|21570752|18258342|17325559|16890361|16844573|8974106|9594182|9387711|8758443|8582226|8039619|8054133,25,,0,,,,,,,,0,[],no_expanded_pubmed_candidate,not_found,none,2026-07-12,mwbl-missing-effect-search-v1
albatrellus_confluens_mushroom_extract,다발방패버섯추출물,Albatrellus Confluens (Mushroom) Extract,effect_moisture_barrier,보습·장벽,"(""Albatrellus Confluens (Mushroom) Extract""[Title/Abstract] OR ""albatrellus confluens mushroom extract""[Title/Abstract]) AND (""barrier function""[Title/Abstract] OR ""corneocyte""[Title/Abstract] OR ""cosmetic""[Title/Abstract] OR ""cutaneous""[Title/Abstract] OR ""dermal""[Title/Abstract] OR ""dermatitis""[Title/Abstract] OR ""dermatology""[Title/Abstract] OR ""dry skin""[Title/Abstract] OR ""epidermal""[Title/Abstract] OR ""epidermis""[Title/Abstract] OR ""humectant""[Title/Abstract] OR ""hydration""[Title/Abstract] OR ""keratinocyte""[Title/Abstract] OR ""moisture""[Title/Abstract] OR ""moisturising""[Title/Abstract] OR ""moisturizing""[Title/Abstract] OR ""occlusive""[Title/Abstract] OR ""skin""[Title/Abstract] OR ""skin barrier""[Title/Abstract] OR ""skin water content""[Title/Abstract] OR ""stratum corneum""[Title/Abstract] OR ""topical""[Title/Abstract] OR ""transepidermal water loss""[Title/Abstract] OR ""water loss""[Title/Abstract] OR ""xerosis""[Title/Abstract])",,0,,0,,,,,,,,0,[],no_expanded_pubmed_candidate,not_found,none,2026-07-12,mwbl-missing-effect-search-v1
alcaligenes_polysaccharides,알칼리게네스폴리사카라이드,Alcaligenes Polysaccharides,effect_moisture_barrier,보습·장벽,"(""Alcaligenes Polysaccharides""[Title/Abstract]) AND (""barrier function""[Title/Abstract] OR ""corneocyte""[Title/Abstract] OR ""cosmetic""[Title/Abstract] OR ""cutaneous""[Title/Abstract] OR ""dermal""[Title/Abstract] OR ""dermatitis""[Title/Abstract] OR ""dermatology""[Title/Abstract] OR ""dry skin""[Title/Abstract] OR ""epidermal""[Title/Abstract] OR ""epidermis""[Title/Abstract] OR ""humectant""[Title/Abstract] OR ""hydration""[Title/Abstract] OR ""keratinocyte""[Title/Abstract] OR ""moisture""[Title/Abstract] OR ""moisturising""[Title/Abstract] OR ""moisturizing""[Title/Abstract] OR ""occlusive""[Title/Abstract] OR ""skin""[Title/Abstract] OR ""skin barrier""[Title/Abstract] OR ""skin water content""[Title/Abstract] OR ""stratum corneum""[Title/Abstract] OR ""topical""[Title/Abstract] OR ""transepidermal water loss""[Title/Abstract] OR ""water loss""[Title/Abstract] OR ""xerosis""[Title/Abstract])",,0,,0,,,,,,,,0,[],no_expanded_pubmed_candidate,not_found,none,2026-07-12,mwbl-missing-effect-search-v1
algae_oligosaccharides,조류올리고사카라이드,Algae Oligosaccharides,effect_moisture_barrier,보습·장벽,"(""Algae Oligosaccharides""[Title/Abstract]) AND (""barrier function""[Title/Abstract] OR ""corneocyte""[Title/Abstract] OR ""cosmetic""[Title/Abstract] OR ""cutaneous""[Title/Abstract] OR ""dermal""[Title/Abstract] OR ""dermatitis""[Title/Abstract] OR ""dermatology""[Title/Abstract] OR ""dry skin""[Title/Abstract] OR ""epidermal""[Title/Abstract] OR ""epidermis""[Title/Abstract] OR ""humectant""[Title/Abstract] OR ""hydration""[Title/Abstract] OR ""keratinocyte""[Title/Abstract] OR ""moisture""[Title/Abstract] OR ""moisturising""[Title/Abstract] OR ""moisturizing""[Title/Abstract] OR ""occlusive""[Title/Abstract] OR ""skin""[Title/Abstract] OR ""skin barrier""[Title/Abstract] OR ""skin water content""[Title/Abstract] OR ""stratum corneum""[Title/Abstract] OR ""topical""[Title/Abstract] OR ""transepidermal water loss""[Title/Abstract] OR ""water loss""[Title/Abstract] OR ""xerosis""[Title/Abstract])",,0,,0,,,,,,,,0,[],no_expanded_pubmed_candidate,not_found,none,2026-07-12,mwbl-missing-effect-search-v1
aloe_barbadensis_leaf_polysaccharides,알로에베라잎폴리사카라이드,Aloe Barbadensis Leaf Polysaccharides,effect_moisture_barrier,보습·장벽,"(""Aloe Barbadensis Leaf Polysaccharides""[Title/Abstract]) AND (""barrier function""[Title/Abstract] OR ""corneocyte""[Title/Abstract] OR ""cosmetic""[Title/Abstract] OR ""cutaneous""[Title/Abstract] OR ""dermal""[Title/Abstract] OR ""dermatitis""[Title/Abstract] OR ""dermatology""[Title/Abstract] OR ""dry skin""[Title/Abstract] OR ""epidermal""[Title/Abstract] OR ""epidermis""[Title/Abstract] OR ""humectant""[Title/Abstract] OR ""hydration""[Title/Abstract] OR ""keratinocyte""[Title/Abstract] OR ""moisture""[Title/Abstract] OR ""moisturising""[Title/Abstract] OR ""moisturizing""[Title/Abstract] OR ""occlusive""[Title/Abstract] OR ""skin""[Title/Abstract] OR ""skin barrier""[Title/Abstract] OR ""skin water content""[Title/Abstract] OR ""stratum corneum""[Title/Abstract] OR ""topical""[Title/Abstract] OR ""transepidermal water loss""[Title/Abstract] OR ""water loss""[Title/Abstract] OR ""xerosis""[Title/Abstract])",,0,,0,,,,,,,,0,[],no_expanded_pubmed_candidate,not_found,none,2026-07-12,mwbl-missing-effect-search-v1
aluminum_hydroxide,알루미늄하이드록사이드,Aluminum Hydroxide,effect_moisture_barrier,보습·장벽,"(""Aluminum Hydroxide""[Title/Abstract]) AND (""barrier function""[Title/Abstract] OR ""corneocyte""[Title/Abstract] OR ""cosmetic""[Title/Abstract] OR ""cutaneous""[Title/Abstract] OR ""dermal""[Title/Abstract] OR ""dermatitis""[Title/Abstract] OR ""dermatology""[Title/Abstract] OR ""dry skin""[Title/Abstract] OR ""epidermal""[Title/Abstract] OR ""epidermis""[Title/Abstract] OR ""humectant""[Title/Abstract] OR ""hydration""[Title/Abstract] OR ""keratinocyte""[Title/Abstract] OR ""moisture""[Title/Abstract] OR ""moisturising""[Title/Abstract] OR ""moisturizing""[Title/Abstract] OR ""occlusive""[Title/Abstract] OR ""skin""[Title/Abstract] OR ""skin barrier""[Title/Abstract] OR ""skin water content""[Title/Abstract] OR ""stratum corneum""[Title/Abstract] OR ""topical""[Title/Abstract] OR ""transepidermal water loss""[Title/Abstract] OR ""water loss""[Title/Abstract] OR ""xerosis""[Title/Abstract])",42235719|42375367|42227077|41668982|31536275|41302520|41110319|40318596|40612492|40428982|40362678|40271748|39632727|39199350|38135009|38452050|37423516|38125351|37914841|37315848|36980282|36347302|36000926|36272211|36471962|36471961|35954723|36160489|35454485|34934427|34329076|33999404|33998398|34088322|33496022|34272019|34078816|32967304|32764608|32516944|32051090|32122940|32156809|32309291|31850442|32447871|31938919|31569369|31466705|31181086|29167234|28697661|28438825|28585001|28578324|27824918|27913785|27650868|27032498|27002295|26886894|26394755|25843670|26622290|25867449|25733483|25889286|25709494|25789270|26024412|25898693|25276062|24334688|23752042|23192912|23598029|23099329|22907986|22741263|22009001|22876123|22454683|21889842|21889260|21935270|20930464|20303250|18634826|18924005|18378229|18342721|18227167|18339239|17286982|17536265|16899204|16894389|16319999|16595065|16287547,100,,0,,,,,,,,0,[],no_expanded_pubmed_candidate,not_found,none,2026-07-12,mwbl-missing-effect-search-v1
anhydroxylitol,안하이드로자일리톨,Anhydroxylitol,effect_moisture_barrier,보습·장벽,"(""Anhydroxylitol""[Title/Abstract]) AND (""barrier function""[Title/Abstract] OR ""corneocyte""[Title/Abstract] OR ""cosmetic""[Title/Abstract] OR ""cutaneous""[Title/Abstract] OR ""dermal""[Title/Abstract] OR ""dermatitis""[Title/Abstract] OR ""dermatology""[Title/Abstract] OR ""dry skin""[Title/Abstract] OR ""epidermal""[Title/Abstract] OR ""epidermis""[Title/Abstract] OR ""humectant""[Title/Abstract] OR ""hydration""[Title/Abstract] OR ""keratinocyte""[Title/Abstract] OR ""moisture""[Title/Abstract] OR ""moisturising""[Title/Abstract] OR ""moisturizing""[Title/Abstract] OR ""occlusive""[Title/Abstract] OR ""skin""[Title/Abstract] OR ""skin barrier""[Title/Abstract] OR ""skin water content""[Title/Abstract] OR ""stratum corneum""[Title/Abstract] OR ""topical""[Title/Abstract] OR ""transepidermal water loss""[Title/Abstract] OR ""water loss""[Title/Abstract] OR ""xerosis""[Title/Abstract])",41243164|36541033|19250164,3,41243164,1,8,review_or_reference,title_exact,abstract_effect,reference_only,41243164,"Safety Assessment of Anhydrogalactose, Anhydroglucitol, Anhydroxylitol, Arabinose, Psicose, Saccharide Hydrolysate, and Saccharide Isomerate as Used in Cosmetics.",15,"[{""pmid"":""41243164"",""title"":""Safety Assessment of Anhydrogalactose, Anhydroglucitol, Anhydroxylitol, Arabinose, Psicose, Saccharide Hydrolysate, and Saccharide Isomerate as Used in Cosmetics."",""tier"":8,""relation_scope"":""title_exact"",""effect_match_scope"":""abstract_effect"",""applicability"":""reference_only"",""signal_score"":15}]",expanded_candidate_found,candidate_unverified,none,2026-07-12,mwbl-missing-effect-search-v1
arachidyl_alcohol,아라키딜알코올,Arachidyl Alcohol,effect_moisture_barrier,보습·장벽,"(""Arachidyl Alcohol""[Title/Abstract]) AND (""barrier function""[Title/Abstract] OR ""corneocyte""[Title/Abstract] OR ""cosmetic""[Title/Abstract] OR ""cutaneous""[Title/Abstract] OR ""dermal""[Title/Abstract] OR ""dermatitis""[Title/Abstract] OR ""dermatology""[Title/Abstract] OR ""dry skin""[Title/Abstract] OR ""epidermal""[Title/Abstract] OR ""epidermis""[Title/Abstract] OR ""humectant""[Title/Abstract] OR ""hydration""[Title/Abstract] OR ""keratinocyte""[Title/Abstract] OR ""moisture""[Title/Abstract] OR ""moisturising""[Title/Abstract] OR ""moisturizing""[Title/Abstract] OR ""occlusive""[Title/Abstract] OR ""skin""[Title/Abstract] OR ""skin barrier""[Title/Abstract] OR ""skin water content""[Title/Abstract] OR ""stratum corneum""[Title/Abstract] OR ""topical""[Title/Abstract] OR ""transepidermal water loss""[Title/Abstract] OR ""water loss""[Title/Abstract] OR ""xerosis""[Title/Abstract])",42049212,1,,0,,,,,,,,0,[],no_expanded_pubmed_candidate,not_found,none,2026-07-12,mwbl-missing-effect-search-v1
arginine_pca,알지닌피씨에이,Arginine PCA,effect_moisture_barrier,보습·장벽,"(""Arginine PCA""[Title/Abstract]) AND (""barrier function""[Title/Abstract] OR ""corneocyte""[Title/Abstract] OR ""cosmetic""[Title/Abstract] OR ""cutaneous""[Title/Abstract] OR ""dermal""[Title/Abstract] OR ""dermatitis""[Title/Abstract] OR ""dermatology""[Title/Abstract] OR ""dry skin""[Title/Abstract] OR ""epidermal""[Title/Abstract] OR ""epidermis""[Title/Abstract] OR ""humectant""[Title/Abstract] OR ""hydration""[Title/Abstract] OR ""keratinocyte""[Title/Abstract] OR ""moisture""[Title/Abstract] OR ""moisturising""[Title/Abstract] OR ""moisturizing""[Title/Abstract] OR ""occlusive""[Title/Abstract] OR ""skin""[Title/Abstract] OR ""skin barrier""[Title/Abstract] OR ""skin water content""[Title/Abstract] OR ""stratum corneum""[Title/Abstract] OR ""topical""[Title/Abstract] OR ""transepidermal water loss""[Title/Abstract] OR ""water loss""[Title/Abstract] OR ""xerosis""[Title/Abstract])",,0,,0,,,,,,,,0,[],no_expanded_pubmed_candidate,not_found,none,2026-07-12,mwbl-missing-effect-search-v1
avena_sativa_oat_kernel_extract,귀리커넬추출물,Avena Sativa (Oat) Kernel Extract,effect_moisture_barrier,보습·장벽,"(""Avena Sativa (Oat) Kernel Extract""[Title/Abstract] OR ""avena sativa oat kernel extract""[Title/Abstract]) AND (""barrier function""[Title/Abstract] OR ""corneocyte""[Title/Abstract] OR ""cosmetic""[Title/Abstract] OR ""cutaneous""[Title/Abstract] OR ""dermal""[Title/Abstract] OR ""dermatitis""[Title/Abstract] OR ""dermatology""[Title/Abstract] OR ""dry skin""[Title/Abstract] OR ""epidermal""[Title/Abstract] OR ""epidermis""[Title/Abstract] OR ""humectant""[Title/Abstract] OR ""hydration""[Title/Abstract] OR ""keratinocyte""[Title/Abstract] OR ""moisture""[Title/Abstract] OR ""moisturising""[Title/Abstract] OR ""moisturizing""[Title/Abstract] OR ""occlusive""[Title/Abstract] OR ""skin""[Title/Abstract] OR ""skin barrier""[Title/Abstract] OR ""skin water content""[Title/Abstract] OR ""stratum corneum""[Title/Abstract] OR ""topical""[Title/Abstract] OR ""transepidermal water loss""[Title/Abstract] OR ""water loss""[Title/Abstract] OR ""xerosis""[Title/Abstract])",,0,,0,,,,,,,,0,[],no_expanded_pubmed_candidate,not_found,none,2026-07-12,mwbl-missing-effect-search-v1
avena_sativa_oat_meal_extract,귀리가루추출물,Avena Sativa (Oat) Meal Extract,effect_calming,진정,"(""Avena Sativa (Oat) Meal Extract""[Title/Abstract] OR ""avena sativa oat meal extract""[Title/Abstract]) AND (""anti-inflammatory""[Title/Abstract] OR ""corneocyte""[Title/Abstract] OR ""cosmetic""[Title/Abstract] OR ""cutaneous""[Title/Abstract] OR ""dermal""[Title/Abstract] OR ""dermatitis""[Title/Abstract] OR ""dermatology""[Title/Abstract] OR ""epidermal""[Title/Abstract] OR ""epidermis""[Title/Abstract] OR ""erythema""[Title/Abstract] OR ""inflammation""[Title/Abstract] OR ""irritation""[Title/Abstract] OR ""keratinocyte""[Title/Abstract] OR ""pruritus""[Title/Abstract] OR ""redness""[Title/Abstract] OR ""sensitive skin""[Title/Abstract] OR ""skin""[Title/Abstract] OR ""stratum corneum""[Title/Abstract] OR ""topical""[Title/Abstract] OR ""wound healing""[Title/Abstract])",,0,,0,,,,,,,,0,[],no_expanded_pubmed_candidate,not_found,none,2026-07-12,mwbl-missing-effect-search-v1
averrhoa_carambola_leaf_extract,스타후르츠잎추출물,Averrhoa Carambola Leaf Extract,effect_moisture_barrier,보습·장벽,"(""Averrhoa Carambola Leaf Extract""[Title/Abstract]) AND (""barrier function""[Title/Abstract] OR ""corneocyte""[Title/Abstract] OR ""cosmetic""[Title/Abstract] OR ""cutaneous""[Title/Abstract] OR ""dermal""[Title/Abstract] OR ""dermatitis""[Title/Abstract] OR ""dermatology""[Title/Abstract] OR ""dry skin""[Title/Abstract] OR ""epidermal""[Title/Abstract] OR ""epidermis""[Title/Abstract] OR ""humectant""[Title/Abstract] OR ""hydration""[Title/Abstract] OR ""keratinocyte""[Title/Abstract] OR ""moisture""[Title/Abstract] OR ""moisturising""[Title/Abstract] OR ""moisturizing""[Title/Abstract] OR ""occlusive""[Title/Abstract] OR ""skin""[Title/Abstract] OR ""skin barrier""[Title/Abstract] OR ""skin water content""[Title/Abstract] OR ""stratum corneum""[Title/Abstract] OR ""topical""[Title/Abstract] OR ""transepidermal water loss""[Title/Abstract] OR ""water loss""[Title/Abstract] OR ""xerosis""[Title/Abstract])",,0,,0,,,,,,,,0,[],no_expanded_pubmed_candidate,not_found,none,2026-07-12,mwbl-missing-effect-search-v1
bacillus_folic_acid_ferment_filtrate_extract,바실러스/폴릭애씨드발효여과추출물,Bacillus/Folic Acid Ferment Filtrate Extract,effect_moisture_barrier,보습·장벽,"(""Bacillus/Folic Acid Ferment Filtrate Extract""[Title/Abstract] OR ""bacillus folic acid ferment filtrate extract""[Title/Abstract]) AND (""barrier function""[Title/Abstract] OR ""corneocyte""[Title/Abstract] OR ""cosmetic""[Title/Abstract] OR ""cutaneous""[Title/Abstract] OR ""dermal""[Title/Abstract] OR ""dermatitis""[Title/Abstract] OR ""dermatology""[Title/Abstract] OR ""dry skin""[Title/Abstract] OR ""epidermal""[Title/Abstract] OR ""epidermis""[Title/Abstract] OR ""humectant""[Title/Abstract] OR ""hydration""[Title/Abstract] OR ""keratinocyte""[Title/Abstract] OR ""moisture""[Title/Abstract] OR ""moisturising""[Title/Abstract] OR ""moisturizing""[Title/Abstract] OR ""occlusive""[Title/Abstract] OR ""skin""[Title/Abstract] OR ""skin barrier""[Title/Abstract] OR ""skin water content""[Title/Abstract] OR ""stratum corneum""[Title/Abstract] OR ""topical""[Title/Abstract] OR ""transepidermal water loss""[Title/Abstract] OR ""water loss""[Title/Abstract] OR ""xerosis""[Title/Abstract])",,0,,0,,,,,,,,0,[],no_expanded_pubmed_candidate,not_found,none,2026-07-12,mwbl-missing-effect-search-v1
bambusa_vulgaris_leaf_stem_extract,밤부사 불가리스잎/줄기추출물,Bambusa Vulgaris Leaf/Stem Extract,effect_moisture_barrier,보습·장벽,"(""Bambusa Vulgaris Leaf/Stem Extract""[Title/Abstract] OR ""bambusa vulgaris leaf stem extract""[Title/Abstract]) AND (""barrier function""[Title/Abstract] OR ""corneocyte""[Title/Abstract] OR ""cosmetic""[Title/Abstract] OR ""cutaneous""[Title/Abstract] OR ""dermal""[Title/Abstract] OR ""dermatitis""[Title/Abstract] OR ""dermatology""[Title/Abstract] OR ""dry skin""[Title/Abstract] OR ""epidermal""[Title/Abstract] OR ""epidermis""[Title/Abstract] OR ""humectant""[Title/Abstract] OR ""hydration""[Title/Abstract] OR ""keratinocyte""[Title/Abstract] OR ""moisture""[Title/Abstract] OR ""moisturising""[Title/Abstract] OR ""moisturizing""[Title/Abstract] OR ""occlusive""[Title/Abstract] OR ""skin""[Title/Abstract] OR ""skin barrier""[Title/Abstract] OR ""skin water content""[Title/Abstract] OR ""stratum corneum""[Title/Abstract] OR ""topical""[Title/Abstract] OR ""transepidermal water loss""[Title/Abstract] OR ""water loss""[Title/Abstract] OR ""xerosis""[Title/Abstract])",,0,,0,,,,,,,,0,[],no_expanded_pubmed_candidate,not_found,none,2026-07-12,mwbl-missing-effect-search-v1
bambusa_vulgaris_shoot_extract,밤부사 불가리스싹추출물,Bambusa Vulgaris Shoot Extract,effect_moisture_barrier,보습·장벽,"(""Bambusa Vulgaris Shoot Extract""[Title/Abstract]) AND (""barrier function""[Title/Abstract] OR ""corneocyte""[Title/Abstract] OR ""cosmetic""[Title/Abstract] OR ""cutaneous""[Title/Abstract] OR ""dermal""[Title/Abstract] OR ""dermatitis""[Title/Abstract] OR ""dermatology""[Title/Abstract] OR ""dry skin""[Title/Abstract] OR ""epidermal""[Title/Abstract] OR ""epidermis""[Title/Abstract] OR ""humectant""[Title/Abstract] OR ""hydration""[Title/Abstract] OR ""keratinocyte""[Title/Abstract] OR ""moisture""[Title/Abstract] OR ""moisturising""[Title/Abstract] OR ""moisturizing""[Title/Abstract] OR ""occlusive""[Title/Abstract] OR ""skin""[Title/Abstract] OR ""skin barrier""[Title/Abstract] OR ""skin water content""[Title/Abstract] OR ""stratum corneum""[Title/Abstract] OR ""topical""[Title/Abstract] OR ""transepidermal water loss""[Title/Abstract] OR ""water loss""[Title/Abstract] OR ""xerosis""[Title/Abstract])",,0,,0,,,,,,,,0,[],no_expanded_pubmed_candidate,not_found,none,2026-07-12,mwbl-missing-effect-search-v1
betaine_salicylate,베타인살리실레이트,Betaine Salicylate,effect_exfoliation,각질,"(""Betaine Salicylate""[Title/Abstract]) AND (""cell turnover""[Title/Abstract] OR ""corneocyte""[Title/Abstract] OR ""cosmetic""[Title/Abstract] OR ""cutaneous""[Title/Abstract] OR ""dermal""[Title/Abstract] OR ""dermatitis""[Title/Abstract] OR ""dermatology""[Title/Abstract] OR ""desquamation""[Title/Abstract] OR ""epidermal""[Title/Abstract] OR ""epidermis""[Title/Abstract] OR ""exfoliation""[Title/Abstract] OR ""keratinization""[Title/Abstract] OR ""keratinocyte""[Title/Abstract] OR ""peeling""[Title/Abstract] OR ""skin""[Title/Abstract] OR ""skin roughness""[Title/Abstract] OR ""stratum corneum""[Title/Abstract] OR ""topical""[Title/Abstract])",,0,,0,,,,,,,,0,[],no_expanded_pubmed_candidate,not_found,none,2026-07-12,mwbl-missing-effect-search-v1
betaphycus_gelatinum_extract,베타피쿠스 겔라티눔추출물,Betaphycus Gelatinum Extract,effect_brightening,미백·톤,"(""Betaphycus Gelatinum Extract""[Title/Abstract]) AND (""corneocyte""[Title/Abstract] OR ""cosmetic""[Title/Abstract] OR ""cutaneous""[Title/Abstract] OR ""dark spot""[Title/Abstract] OR ""dermal""[Title/Abstract] OR ""dermatitis""[Title/Abstract] OR ""dermatology""[Title/Abstract] OR ""epidermal""[Title/Abstract] OR ""epidermis""[Title/Abstract] OR ""hyperpigmentation""[Title/Abstract] OR ""keratinocyte""[Title/Abstract] OR ""melanin""[Title/Abstract] OR ""melanogenesis""[Title/Abstract] OR ""melasma""[Title/Abstract] OR ""pigmentation""[Title/Abstract] OR ""skin""[Title/Abstract] OR ""skin lightening""[Title/Abstract] OR ""skin whitening""[Title/Abstract] OR ""stratum corneum""[Title/Abstract] OR ""topical""[Title/Abstract] OR ""tyrosinase""[Title/Abstract])",,0,,0,,,,,,,,0,[],no_expanded_pubmed_candidate,not_found,none,2026-07-12,mwbl-missing-effect-search-v1
betula_alba_leaf_extract,만주자작나무잎추출물,Betula Alba Leaf Extract,effect_calming,진정,"(""Betula Alba Leaf Extract""[Title/Abstract]) AND (""anti-inflammatory""[Title/Abstract] OR ""corneocyte""[Title/Abstract] OR ""cosmetic""[Title/Abstract] OR ""cutaneous""[Title/Abstract] OR ""dermal""[Title/Abstract] OR ""dermatitis""[Title/Abstract] OR ""dermatology""[Title/Abstract] OR ""epidermal""[Title/Abstract] OR ""epidermis""[Title/Abstract] OR ""erythema""[Title/Abstract] OR ""inflammation""[Title/Abstract] OR ""irritation""[Title/Abstract] OR ""keratinocyte""[Title/Abstract] OR ""pruritus""[Title/Abstract] OR ""redness""[Title/Abstract] OR ""sensitive skin""[Title/Abstract] OR ""skin""[Title/Abstract] OR ""stratum corneum""[Title/Abstract] OR ""topical""[Title/Abstract] OR ""wound healing""[Title/Abstract])",,0,,0,,,,,,,,0,[],no_expanded_pubmed_candidate,not_found,none,2026-07-12,mwbl-missing-effect-search-v1
bidens_pilosa_extract,울산도깨비바늘추출물,Bidens Pilosa Extract,effect_moisture_barrier,보습·장벽,"(""Bidens Pilosa Extract""[Title/Abstract]) AND (""barrier function""[Title/Abstract] OR ""corneocyte""[Title/Abstract] OR ""cosmetic""[Title/Abstract] OR ""cutaneous""[Title/Abstract] OR ""dermal""[Title/Abstract] OR ""dermatitis""[Title/Abstract] OR ""dermatology""[Title/Abstract] OR ""dry skin""[Title/Abstract] OR ""epidermal""[Title/Abstract] OR ""epidermis""[Title/Abstract] OR ""humectant""[Title/Abstract] OR ""hydration""[Title/Abstract] OR ""keratinocyte""[Title/Abstract] OR ""moisture""[Title/Abstract] OR ""moisturising""[Title/Abstract] OR ""moisturizing""[Title/Abstract] OR ""occlusive""[Title/Abstract] OR ""skin""[Title/Abstract] OR ""skin barrier""[Title/Abstract] OR ""skin water content""[Title/Abstract] OR ""stratum corneum""[Title/Abstract] OR ""topical""[Title/Abstract] OR ""transepidermal water loss""[Title/Abstract] OR ""water loss""[Title/Abstract] OR ""xerosis""[Title/Abstract])",40001599|23819986|22474501,3,,0,,,,,,,,0,[],no_expanded_pubmed_candidate,not_found,none,2026-07-12,mwbl-missing-effect-search-v1
biota_orientalis_leaf_extract,측백나무잎추출물,Biota Orientalis Leaf Extract,effect_moisture_barrier,보습·장벽,"(""Biota Orientalis Leaf Extract""[Title/Abstract]) AND (""barrier function""[Title/Abstract] OR ""corneocyte""[Title/Abstract] OR ""cosmetic""[Title/Abstract] OR ""cutaneous""[Title/Abstract] OR ""dermal""[Title/Abstract] OR ""dermatitis""[Title/Abstract] OR ""dermatology""[Title/Abstract] OR ""dry skin""[Title/Abstract] OR ""epidermal""[Title/Abstract] OR ""epidermis""[Title/Abstract] OR ""humectant""[Title/Abstract] OR ""hydration""[Title/Abstract] OR ""keratinocyte""[Title/Abstract] OR ""moisture""[Title/Abstract] OR ""moisturising""[Title/Abstract] OR ""moisturizing""[Title/Abstract] OR ""occlusive""[Title/Abstract] OR ""skin""[Title/Abstract] OR ""skin barrier""[Title/Abstract] OR ""skin water content""[Title/Abstract] OR ""stratum corneum""[Title/Abstract] OR ""topical""[Title/Abstract] OR ""transepidermal water loss""[Title/Abstract] OR ""water loss""[Title/Abstract] OR ""xerosis""[Title/Abstract])",,0,,0,,,,,,,,0,[],no_expanded_pubmed_candidate,not_found,none,2026-07-12,mwbl-missing-effect-search-v1
bis_behenyl_isostearyl_phytosteryl_dimer_dilinoleyl_dim_kcia_686,비스-베헤닐/아이소스테아릴/피토스테릴다이머다이리놀레 일다이머다이리놀리에이트,Bis-Behenyl/Isostearyl/Phytosteryl Dimer Dilinoleyl Dimer Dilinoleate,effect_moisture_barrier,보습·장벽,"(""Bis-Behenyl/Isostearyl/Phytosteryl Dimer Dilinoleyl Dimer Dilinoleate""[Title/Abstract] OR ""bis behenyl isostearyl phytosteryl dimer dilinoleyl dim kcia 686""[Title/Abstract]) AND (""barrier function""[Title/Abstract] OR ""corneocyte""[Title/Abstract] OR ""cosmetic""[Title/Abstract] OR ""cutaneous""[Title/Abstract] OR ""dermal""[Title/Abstract] OR ""dermatitis""[Title/Abstract] OR ""dermatology""[Title/Abstract] OR ""dry skin""[Title/Abstract] OR ""epidermal""[Title/Abstract] OR ""epidermis""[Title/Abstract] OR ""humectant""[Title/Abstract] OR ""hydration""[Title/Abstract] OR ""keratinocyte""[Title/Abstract] OR ""moisture""[Title/Abstract] OR ""moisturising""[Title/Abstract] OR ""moisturizing""[Title/Abstract] OR ""occlusive""[Title/Abstract] OR ""skin""[Title/Abstract] OR ""skin barrier""[Title/Abstract] OR ""skin water content""[Title/Abstract] OR ""stratum corneum""[Title/Abstract] OR ""topical""[Title/Abstract] OR ""transepidermal water loss""[Title/Abstract] OR ""water loss""[Title/Abstract] OR ""xerosis""[Title/Abstract])",,0,,0,,,,,,,,0,[],no_expanded_pubmed_candidate,not_found,none,2026-07-12,mwbl-missing-effect-search-v1
bis_diglyceryl_polyacyladipate_2,비스-다이글리세릴폴리아실아디페이트-2,Bis-Diglyceryl Polyacyladipate-2,effect_moisture_barrier,보습·장벽,"(""Bis-Diglyceryl Polyacyladipate-2""[Title/Abstract] OR ""bis diglyceryl polyacyladipate 2""[Title/Abstract]) AND (""barrier function""[Title/Abstract] OR ""corneocyte""[Title/Abstract] OR ""cosmetic""[Title/Abstract] OR ""cutaneous""[Title/Abstract] OR ""dermal""[Title/Abstract] OR ""dermatitis""[Title/Abstract] OR ""dermatology""[Title/Abstract] OR ""dry skin""[Title/Abstract] OR ""epidermal""[Title/Abstract] OR ""epidermis""[Title/Abstract] OR ""humectant""[Title/Abstract] OR ""hydration""[Title/Abstract] OR ""keratinocyte""[Title/Abstract] OR ""moisture""[Title/Abstract] OR ""moisturising""[Title/Abstract] OR ""moisturizing""[Title/Abstract] OR ""occlusive""[Title/Abstract] OR ""skin""[Title/Abstract] OR ""skin barrier""[Title/Abstract] OR ""skin water content""[Title/Abstract] OR ""stratum corneum""[Title/Abstract] OR ""topical""[Title/Abstract] OR ""transepidermal water loss""[Title/Abstract] OR ""water loss""[Title/Abstract] OR ""xerosis""[Title/Abstract])",33576070,1,,0,,,,,,,,0,[],no_expanded_pubmed_candidate,not_found,none,2026-07-12,mwbl-missing-effect-search-v1
bis_ethoxydiglycol_cyclohexane_1_4_dicarboxylate,"비스-에톡시다이글라이콜사이클로헥산1,4-다이카복실레이 트","Bis-Ethoxydiglycol Cyclohexane 1,4-Dicarboxylate",effect_moisture_barrier,보습·장벽,"(""Bis-Ethoxydiglycol Cyclohexane 1,4-Dicarboxylate""[Title/Abstract] OR ""bis ethoxydiglycol cyclohexane 1 4 dicarboxylate""[Title/Abstract]) AND (""barrier function""[Title/Abstract] OR ""corneocyte""[Title/Abstract] OR ""cosmetic""[Title/Abstract] OR ""cutaneous""[Title/Abstract] OR ""dermal""[Title/Abstract] OR ""dermatitis""[Title/Abstract] OR ""dermatology""[Title/Abstract] OR ""dry skin""[Title/Abstract] OR ""epidermal""[Title/Abstract] OR ""epidermis""[Title/Abstract] OR ""humectant""[Title/Abstract] OR ""hydration""[Title/Abstract] OR ""keratinocyte""[Title/Abstract] OR ""moisture""[Title/Abstract] OR ""moisturising""[Title/Abstract] OR ""moisturizing""[Title/Abstract] OR ""occlusive""[Title/Abstract] OR ""skin""[Title/Abstract] OR ""skin barrier""[Title/Abstract] OR ""skin water content""[Title/Abstract] OR ""stratum corneum""[Title/Abstract] OR ""topical""[Title/Abstract] OR ""transepidermal water loss""[Title/Abstract] OR ""water loss""[Title/Abstract] OR ""xerosis""[Title/Abstract])",,0,,0,,,,,,,,0,[],no_expanded_pubmed_candidate,not_found,none,2026-07-12,mwbl-missing-effect-search-v1
bis_peg_18_methyl_ether_dimethyl_silane,비스-피이지-18메틸에터다이메틸실레인,Bis-PEG-18 Methyl Ether Dimethyl Silane,effect_moisture_barrier,보습·장벽,"(""Bis-PEG-18 Methyl Ether Dimethyl Silane""[Title/Abstract] OR ""bis peg 18 methyl ether dimethyl silane""[Title/Abstract]) AND (""barrier function""[Title/Abstract] OR ""corneocyte""[Title/Abstract] OR ""cosmetic""[Title/Abstract] OR ""cutaneous""[Title/Abstract] OR ""dermal""[Title/Abstract] OR ""dermatitis""[Title/Abstract] OR ""dermatology""[Title/Abstract] OR ""dry skin""[Title/Abstract] OR ""epidermal""[Title/Abstract] OR ""epidermis""[Title/Abstract] OR ""humectant""[Title/Abstract] OR ""hydration""[Title/Abstract] OR ""keratinocyte""[Title/Abstract] OR ""moisture""[Title/Abstract] OR ""moisturising""[Title/Abstract] OR ""moisturizing""[Title/Abstract] OR ""occlusive""[Title/Abstract] OR ""skin""[Title/Abstract] OR ""skin barrier""[Title/Abstract] OR ""skin water content""[Title/Abstract] OR ""stratum corneum""[Title/Abstract] OR ""topical""[Title/Abstract] OR ""transepidermal water loss""[Title/Abstract] OR ""water loss""[Title/Abstract] OR ""xerosis""[Title/Abstract])",,0,,0,,,,,,,,0,[],no_expanded_pubmed_candidate,not_found,none,2026-07-12,mwbl-missing-effect-search-v1
bixa_orellana_seed_oil,아나토씨오일,Bixa Orellana Seed Oil,effect_moisture_barrier,보습·장벽,"(""Bixa Orellana Seed Oil""[Title/Abstract]) AND (""barrier function""[Title/Abstract] OR ""corneocyte""[Title/Abstract] OR ""cosmetic""[Title/Abstract] OR ""cutaneous""[Title/Abstract] OR ""dermal""[Title/Abstract] OR ""dermatitis""[Title/Abstract] OR ""dermatology""[Title/Abstract] OR ""dry skin""[Title/Abstract] OR ""epidermal""[Title/Abstract] OR ""epidermis""[Title/Abstract] OR ""humectant""[Title/Abstract] OR ""hydration""[Title/Abstract] OR ""keratinocyte""[Title/Abstract] OR ""moisture""[Title/Abstract] OR ""moisturising""[Title/Abstract] OR ""moisturizing""[Title/Abstract] OR ""occlusive""[Title/Abstract] OR ""skin""[Title/Abstract] OR ""skin barrier""[Title/Abstract] OR ""skin water content""[Title/Abstract] OR ""stratum corneum""[Title/Abstract] OR ""topical""[Title/Abstract] OR ""transepidermal water loss""[Title/Abstract] OR ""water loss""[Title/Abstract] OR ""xerosis""[Title/Abstract])",,0,,0,,,,,,,,0,[],no_expanded_pubmed_candidate,not_found,none,2026-07-12,mwbl-missing-effect-search-v1
brassica_oleracea_acephala_leaf_extract,케일잎추출물,Brassica Oleracea Acephala Leaf Extract,effect_moisture_barrier,보습·장벽,"(""Brassica Oleracea Acephala Leaf Extract""[Title/Abstract]) AND (""barrier function""[Title/Abstract] OR ""corneocyte""[Title/Abstract] OR ""cosmetic""[Title/Abstract] OR ""cutaneous""[Title/Abstract] OR ""dermal""[Title/Abstract] OR ""dermatitis""[Title/Abstract] OR ""dermatology""[Title/Abstract] OR ""dry skin""[Title/Abstract] OR ""epidermal""[Title/Abstract] OR ""epidermis""[Title/Abstract] OR ""humectant""[Title/Abstract] OR ""hydration""[Title/Abstract] OR ""keratinocyte""[Title/Abstract] OR ""moisture""[Title/Abstract] OR ""moisturising""[Title/Abstract] OR ""moisturizing""[Title/Abstract] OR ""occlusive""[Title/Abstract] OR ""skin""[Title/Abstract] OR ""skin barrier""[Title/Abstract] OR ""skin water content""[Title/Abstract] OR ""stratum corneum""[Title/Abstract] OR ""topical""[Title/Abstract] OR ""transepidermal water loss""[Title/Abstract] OR ""water loss""[Title/Abstract] OR ""xerosis""[Title/Abstract])",,0,,0,,,,,,,,0,[],no_expanded_pubmed_candidate,not_found,none,2026-07-12,mwbl-missing-effect-search-v1
butylene_glycol_dicaprylate_dicaprate,부틸렌글라이콜다이카프릴레이트/다이카프레이트,Butylene Glycol Dicaprylate/Dicaprate,effect_moisture_barrier,보습·장벽,"(""Butylene Glycol Dicaprylate/Dicaprate""[Title/Abstract] OR ""butylene glycol dicaprylate dicaprate""[Title/Abstract]) AND (""barrier function""[Title/Abstract] OR ""corneocyte""[Title/Abstract] OR ""cosmetic""[Title/Abstract] OR ""cutaneous""[Title/Abstract] OR ""dermal""[Title/Abstract] OR ""dermatitis""[Title/Abstract] OR ""dermatology""[Title/Abstract] OR ""dry skin""[Title/Abstract] OR ""epidermal""[Title/Abstract] OR ""epidermis""[Title/Abstract] OR ""humectant""[Title/Abstract] OR ""hydration""[Title/Abstract] OR ""keratinocyte""[Title/Abstract] OR ""moisture""[Title/Abstract] OR ""moisturising""[Title/Abstract] OR ""moisturizing""[Title/Abstract] OR ""occlusive""[Title/Abstract] OR ""skin""[Title/Abstract] OR ""skin barrier""[Title/Abstract] OR ""skin water content""[Title/Abstract] OR ""stratum corneum""[Title/Abstract] OR ""topical""[Title/Abstract] OR ""transepidermal water loss""[Title/Abstract] OR ""water loss""[Title/Abstract] OR ""xerosis""[Title/Abstract])",,0,,0,,,,,,,,0,[],no_expanded_pubmed_candidate,not_found,none,2026-07-12,mwbl-missing-effect-search-v1
butyloctanol,부틸옥탄올,Butyloctanol,effect_moisture_barrier,보습·장벽,"(""Butyloctanol""[Title/Abstract]) AND (""barrier function""[Title/Abstract] OR ""corneocyte""[Title/Abstract] OR ""cosmetic""[Title/Abstract] OR ""cutaneous""[Title/Abstract] OR ""dermal""[Title/Abstract] OR ""dermatitis""[Title/Abstract] OR ""dermatology""[Title/Abstract] OR ""dry skin""[Title/Abstract] OR ""epidermal""[Title/Abstract] OR ""epidermis""[Title/Abstract] OR ""humectant""[Title/Abstract] OR ""hydration""[Title/Abstract] OR ""keratinocyte""[Title/Abstract] OR ""moisture""[Title/Abstract] OR ""moisturising""[Title/Abstract] OR ""moisturizing""[Title/Abstract] OR ""occlusive""[Title/Abstract] OR ""skin""[Title/Abstract] OR ""skin barrier""[Title/Abstract] OR ""skin water content""[Title/Abstract] OR ""stratum corneum""[Title/Abstract] OR ""topical""[Title/Abstract] OR ""transepidermal water loss""[Title/Abstract] OR ""water loss""[Title/Abstract] OR ""xerosis""[Title/Abstract])",34448215,1,,0,,,,,,,,0,[],no_expanded_pubmed_candidate,not_found,none,2026-07-12,mwbl-missing-effect-search-v1
c10_18_triglycerides,C10-18트라이글리세라이즈,C10-18 Triglycerides,effect_moisture_barrier,보습·장벽,"(""C10-18 Triglycerides""[Title/Abstract] OR ""c10 18 triglycerides""[Title/Abstract]) AND (""barrier function""[Title/Abstract] OR ""corneocyte""[Title/Abstract] OR ""cosmetic""[Title/Abstract] OR ""cutaneous""[Title/Abstract] OR ""dermal""[Title/Abstract] OR ""dermatitis""[Title/Abstract] OR ""dermatology""[Title/Abstract] OR ""dry skin""[Title/Abstract] OR ""epidermal""[Title/Abstract] OR ""epidermis""[Title/Abstract] OR ""humectant""[Title/Abstract] OR ""hydration""[Title/Abstract] OR ""keratinocyte""[Title/Abstract] OR ""moisture""[Title/Abstract] OR ""moisturising""[Title/Abstract] OR ""moisturizing""[Title/Abstract] OR ""occlusive""[Title/Abstract] OR ""skin""[Title/Abstract] OR ""skin barrier""[Title/Abstract] OR ""skin water content""[Title/Abstract] OR ""stratum corneum""[Title/Abstract] OR ""topical""[Title/Abstract] OR ""transepidermal water loss""[Title/Abstract] OR ""water loss""[Title/Abstract] OR ""xerosis""[Title/Abstract])",,0,,0,,,,,,,,0,[],no_expanded_pubmed_candidate,not_found,none,2026-07-12,mwbl-missing-effect-search-v1
c12_15_alkyl_benzoate,C12-15알킬벤조에이트,C12-15 Alkyl Benzoate,effect_moisture_barrier,보습·장벽,"(""C12-15 Alkyl Benzoate""[Title/Abstract] OR ""c12 15 alkyl benzoate""[Title/Abstract]) AND (""barrier function""[Title/Abstract] OR ""corneocyte""[Title/Abstract] OR ""cosmetic""[Title/Abstract] OR ""cutaneous""[Title/Abstract] OR ""dermal""[Title/Abstract] OR ""dermatitis""[Title/Abstract] OR ""dermatology""[Title/Abstract] OR ""dry skin""[Title/Abstract] OR ""epidermal""[Title/Abstract] OR ""epidermis""[Title/Abstract] OR ""humectant""[Title/Abstract] OR ""hydration""[Title/Abstract] OR ""keratinocyte""[Title/Abstract] OR ""moisture""[Title/Abstract] OR ""moisturising""[Title/Abstract] OR ""moisturizing""[Title/Abstract] OR ""occlusive""[Title/Abstract] OR ""skin""[Title/Abstract] OR ""skin barrier""[Title/Abstract] OR ""skin water content""[Title/Abstract] OR ""stratum corneum""[Title/Abstract] OR ""topical""[Title/Abstract] OR ""transepidermal water loss""[Title/Abstract] OR ""water loss""[Title/Abstract] OR ""xerosis""[Title/Abstract])",40504031|32065958|25943945|18161634,4,,0,,,,,,,,0,[],no_expanded_pubmed_candidate,not_found,none,2026-07-12,mwbl-missing-effect-search-v1
c9_12_alkane,C9-12알케인,C9-12 Alkane,effect_moisture_barrier,보습·장벽,"(""C9-12 Alkane""[Title/Abstract] OR ""c9 12 alkane""[Title/Abstract]) AND (""barrier function""[Title/Abstract] OR ""corneocyte""[Title/Abstract] OR ""cosmetic""[Title/Abstract] OR ""cutaneous""[Title/Abstract] OR ""dermal""[Title/Abstract] OR ""dermatitis""[Title/Abstract] OR ""dermatology""[Title/Abstract] OR ""dry skin""[Title/Abstract] OR ""epidermal""[Title/Abstract] OR ""epidermis""[Title/Abstract] OR ""humectant""[Title/Abstract] OR ""hydration""[Title/Abstract] OR ""keratinocyte""[Title/Abstract] OR ""moisture""[Title/Abstract] OR ""moisturising""[Title/Abstract] OR ""moisturizing""[Title/Abstract] OR ""occlusive""[Title/Abstract] OR ""skin""[Title/Abstract] OR ""skin barrier""[Title/Abstract] OR ""skin water content""[Title/Abstract] OR ""stratum corneum""[Title/Abstract] OR ""topical""[Title/Abstract] OR ""transepidermal water loss""[Title/Abstract] OR ""water loss""[Title/Abstract] OR ""xerosis""[Title/Abstract])",,0,,0,,,,,,,,0,[],no_expanded_pubmed_candidate,not_found,none,2026-07-12,mwbl-missing-effect-search-v1
calcium_lactate,칼슘락테이트,Calcium Lactate,effect_exfoliation,각질,"(""Calcium Lactate""[Title/Abstract]) AND (""cell turnover""[Title/Abstract] OR ""corneocyte""[Title/Abstract] OR ""cosmetic""[Title/Abstract] OR ""cutaneous""[Title/Abstract] OR ""dermal""[Title/Abstract] OR ""dermatitis""[Title/Abstract] OR ""dermatology""[Title/Abstract] OR ""desquamation""[Title/Abstract] OR ""epidermal""[Title/Abstract] OR ""epidermis""[Title/Abstract] OR ""exfoliation""[Title/Abstract] OR ""keratinization""[Title/Abstract] OR ""keratinocyte""[Title/Abstract] OR ""peeling""[Title/Abstract] OR ""skin""[Title/Abstract] OR ""skin roughness""[Title/Abstract] OR ""stratum corneum""[Title/Abstract] OR ""topical""[Title/Abstract])",40201379|37367683|35808671|35740404|36972583|35233584|35029240|33728143|32567734|26762493|26553493|24377182|18344808|18781069|8402801|3790948|3930918|114498,18,,0,,,,,,,,0,[],no_expanded_pubmed_candidate,not_found,none,2026-07-12,mwbl-missing-effect-search-v1
calcium_pca,칼슘피씨에이,Calcium PCA,effect_moisture_barrier,보습·장벽,"(""Calcium PCA""[Title/Abstract]) AND (""barrier function""[Title/Abstract] OR ""corneocyte""[Title/Abstract] OR ""cosmetic""[Title/Abstract] OR ""cutaneous""[Title/Abstract] OR ""dermal""[Title/Abstract] OR ""dermatitis""[Title/Abstract] OR ""dermatology""[Title/Abstract] OR ""dry skin""[Title/Abstract] OR ""epidermal""[Title/Abstract] OR ""epidermis""[Title/Abstract] OR ""humectant""[Title/Abstract] OR ""hydration""[Title/Abstract] OR ""keratinocyte""[Title/Abstract] OR ""moisture""[Title/Abstract] OR ""moisturising""[Title/Abstract] OR ""moisturizing""[Title/Abstract] OR ""occlusive""[Title/Abstract] OR ""skin""[Title/Abstract] OR ""skin barrier""[Title/Abstract] OR ""skin water content""[Title/Abstract] OR ""stratum corneum""[Title/Abstract] OR ""topical""[Title/Abstract] OR ""transepidermal water loss""[Title/Abstract] OR ""water loss""[Title/Abstract] OR ""xerosis""[Title/Abstract])",,0,,0,,,,,,,,0,[],no_expanded_pubmed_candidate,not_found,none,2026-07-12,mwbl-missing-effect-search-v1
camellia_japonica_seed_oil,동백나무씨오일,Camellia Japonica Seed Oil,effect_moisture_barrier,보습·장벽,"(""Camellia Japonica Seed Oil""[Title/Abstract]) AND (""barrier function""[Title/Abstract] OR ""corneocyte""[Title/Abstract] OR ""cosmetic""[Title/Abstract] OR ""cutaneous""[Title/Abstract] OR ""dermal""[Title/Abstract] OR ""dermatitis""[Title/Abstract] OR ""dermatology""[Title/Abstract] OR ""dry skin""[Title/Abstract] OR ""epidermal""[Title/Abstract] OR ""epidermis""[Title/Abstract] OR ""humectant""[Title/Abstract] OR ""hydration""[Title/Abstract] OR ""keratinocyte""[Title/Abstract] OR ""moisture""[Title/Abstract] OR ""moisturising""[Title/Abstract] OR ""moisturizing""[Title/Abstract] OR ""occlusive""[Title/Abstract] OR ""skin""[Title/Abstract] OR ""skin barrier""[Title/Abstract] OR ""skin water content""[Title/Abstract] OR ""stratum corneum""[Title/Abstract] OR ""topical""[Title/Abstract] OR ""transepidermal water loss""[Title/Abstract] OR ""water loss""[Title/Abstract] OR ""xerosis""[Title/Abstract])",,0,,0,,,,,,,,0,[],no_expanded_pubmed_candidate,not_found,none,2026-07-12,mwbl-missing-effect-search-v1
camellia_sinensis_extract,차나무추출물,Camellia Sinensis Extract,effect_brightening,미백·톤,"(""Camellia Sinensis Extract""[Title/Abstract]) AND (""corneocyte""[Title/Abstract] OR ""cosmetic""[Title/Abstract] OR ""cutaneous""[Title/Abstract] OR ""dark spot""[Title/Abstract] OR ""dermal""[Title/Abstract] OR ""dermatitis""[Title/Abstract] OR ""dermatology""[Title/Abstract] OR ""epidermal""[Title/Abstract] OR ""epidermis""[Title/Abstract] OR ""hyperpigmentation""[Title/Abstract] OR ""keratinocyte""[Title/Abstract] OR ""melanin""[Title/Abstract] OR ""melanogenesis""[Title/Abstract] OR ""melasma""[Title/Abstract] OR ""pigmentation""[Title/Abstract] OR ""skin""[Title/Abstract] OR ""skin lightening""[Title/Abstract] OR ""skin whitening""[Title/Abstract] OR ""stratum corneum""[Title/Abstract] OR ""topical""[Title/Abstract] OR ""tyrosinase""[Title/Abstract])",42182534|42196203|41009870|41011143|40003585|33833959|33134581|31362090|23864889,9,,0,,,,,,,,0,[],no_expanded_pubmed_candidate,not_found,none,2026-07-12,mwbl-missing-effect-search-v1
camellia_sinensis_seed_extract,녹차씨추출물,Camellia Sinensis Seed Extract,effect_moisture_barrier,보습·장벽,"(""Camellia Sinensis Seed Extract""[Title/Abstract]) AND (""barrier function""[Title/Abstract] OR ""corneocyte""[Title/Abstract] OR ""cosmetic""[Title/Abstract] OR ""cutaneous""[Title/Abstract] OR ""dermal""[Title/Abstract] OR ""dermatitis""[Title/Abstract] OR ""dermatology""[Title/Abstract] OR ""dry skin""[Title/Abstract] OR ""epidermal""[Title/Abstract] OR ""epidermis""[Title/Abstract] OR ""humectant""[Title/Abstract] OR ""hydration""[Title/Abstract] OR ""keratinocyte""[Title/Abstract] OR ""moisture""[Title/Abstract] OR ""moisturising""[Title/Abstract] OR ""moisturizing""[Title/Abstract] OR ""occlusive""[Title/Abstract] OR ""skin""[Title/Abstract] OR ""skin barrier""[Title/Abstract] OR ""skin water content""[Title/Abstract] OR ""stratum corneum""[Title/Abstract] OR ""topical""[Title/Abstract] OR ""transepidermal water loss""[Title/Abstract] OR ""water loss""[Title/Abstract] OR ""xerosis""[Title/Abstract])",,0,,0,,,,,,,,0,[],no_expanded_pubmed_candidate,not_found,none,2026-07-12,mwbl-missing-effect-search-v1
camellia_sinensis_seed_oil,녹차씨오일,Camellia Sinensis Seed Oil,effect_moisture_barrier,보습·장벽,"(""Camellia Sinensis Seed Oil""[Title/Abstract]) AND (""barrier function""[Title/Abstract] OR ""corneocyte""[Title/Abstract] OR ""cosmetic""[Title/Abstract] OR ""cutaneous""[Title/Abstract] OR ""dermal""[Title/Abstract] OR ""dermatitis""[Title/Abstract] OR ""dermatology""[Title/Abstract] OR ""dry skin""[Title/Abstract] OR ""epidermal""[Title/Abstract] OR ""epidermis""[Title/Abstract] OR ""humectant""[Title/Abstract] OR ""hydration""[Title/Abstract] OR ""keratinocyte""[Title/Abstract] OR ""moisture""[Title/Abstract] OR ""moisturising""[Title/Abstract] OR ""moisturizing""[Title/Abstract] OR ""occlusive""[Title/Abstract] OR ""skin""[Title/Abstract] OR ""skin barrier""[Title/Abstract] OR ""skin water content""[Title/Abstract] OR ""stratum corneum""[Title/Abstract] OR ""topical""[Title/Abstract] OR ""transepidermal water loss""[Title/Abstract] OR ""water loss""[Title/Abstract] OR ""xerosis""[Title/Abstract])",,0,,0,,,,,,,,0,[],no_expanded_pubmed_candidate,not_found,none,2026-07-12,mwbl-missing-effect-search-v1
capryloyl_glycine,카프릴로일글라이신,Capryloyl Glycine,effect_acne_sebum,여드름·피지,"(""Capryloyl Glycine""[Title/Abstract]) AND (""acne""[Title/Abstract] OR ""comedogenic""[Title/Abstract] OR ""comedone""[Title/Abstract] OR ""corneocyte""[Title/Abstract] OR ""cosmetic""[Title/Abstract] OR ""cutaneous""[Title/Abstract] OR ""cutibacterium acnes""[Title/Abstract] OR ""dermal""[Title/Abstract] OR ""dermatitis""[Title/Abstract] OR ""dermatology""[Title/Abstract] OR ""epidermal""[Title/Abstract] OR ""epidermis""[Title/Abstract] OR ""keratinocyte""[Title/Abstract] OR ""propionibacterium acnes""[Title/Abstract] OR ""sebaceous""[Title/Abstract] OR ""sebum""[Title/Abstract] OR ""skin""[Title/Abstract] OR ""stratum corneum""[Title/Abstract] OR ""topical""[Title/Abstract])",35808936|35460572|33347705|33934471|30652324|19537379,6,,0,,,,,,,,0,[],no_expanded_pubmed_candidate,not_found,none,2026-07-12,mwbl-missing-effect-search-v1
caprylyl_glycol,카프릴릴글라이콜,Caprylyl Glycol,effect_moisture_barrier,보습·장벽,"(""Caprylyl Glycol""[Title/Abstract]) AND (""barrier function""[Title/Abstract] OR ""corneocyte""[Title/Abstract] OR ""cosmetic""[Title/Abstract] OR ""cutaneous""[Title/Abstract] OR ""dermal""[Title/Abstract] OR ""dermatitis""[Title/Abstract] OR ""dermatology""[Title/Abstract] OR ""dry skin""[Title/Abstract] OR ""epidermal""[Title/Abstract] OR ""epidermis""[Title/Abstract] OR ""humectant""[Title/Abstract] OR ""hydration""[Title/Abstract] OR ""keratinocyte""[Title/Abstract] OR ""moisture""[Title/Abstract] OR ""moisturising""[Title/Abstract] OR ""moisturizing""[Title/Abstract] OR ""occlusive""[Title/Abstract] OR ""skin""[Title/Abstract] OR ""skin barrier""[Title/Abstract] OR ""skin water content""[Title/Abstract] OR ""stratum corneum""[Title/Abstract] OR ""topical""[Title/Abstract] OR ""transepidermal water loss""[Title/Abstract] OR ""water loss""[Title/Abstract] OR ""xerosis""[Title/Abstract])",42380076|40855841|39153997|38680319|38330048|34586708|33624850|32468581|31026059|26940643|27154641|24716405|23064773|22312699|20225649|19514921,16,,0,,,,,,,,0,[],no_expanded_pubmed_candidate,not_found,none,2026-07-12,mwbl-missing-effect-search-v1
capsicum_annuum_fruit_extract,파프리카추출물,Capsicum Annuum Fruit Extract,effect_acne_sebum,여드름·피지,"(""Capsicum Annuum Fruit Extract""[Title/Abstract]) AND (""acne""[Title/Abstract] OR ""barrier function""[Title/Abstract] OR ""comedogenic""[Title/Abstract] OR ""comedone""[Title/Abstract] OR ""corneocyte""[Title/Abstract] OR ""cosmetic""[Title/Abstract] OR ""cutaneous""[Title/Abstract] OR ""cutibacterium acnes""[Title/Abstract] OR ""dermal""[Title/Abstract] OR ""dermatitis""[Title/Abstract] OR ""dermatology""[Title/Abstract] OR ""dry skin""[Title/Abstract] OR ""epidermal""[Title/Abstract] OR ""epidermis""[Title/Abstract] OR ""humectant""[Title/Abstract] OR ""hydration""[Title/Abstract] OR ""keratinocyte""[Title/Abstract] OR ""moisture""[Title/Abstract] OR ""moisturising""[Title/Abstract] OR ""moisturizing""[Title/Abstract] OR ""occlusive""[Title/Abstract] OR ""propionibacterium acnes""[Title/Abstract] OR ""sebaceous""[Title/Abstract] OR ""sebum""[Title/Abstract] OR ""skin""[Title/Abstract] OR ""skin barrier""[Title/Abstract] OR ""skin water content""[Title/Abstract] OR ""stratum corneum""[Title/Abstract] OR ""topical""[Title/Abstract] OR ""transepidermal water loss""[Title/Abstract] OR ""water loss""[Title/Abstract] OR ""xerosis""[Title/Abstract])",30002324|17365137,2,,0,,,,,,,,0,[],no_expanded_pubmed_candidate,not_found,none,2026-07-12,mwbl-missing-effect-search-v1
capsicum_annuum_fruit_extract,파프리카추출물,Capsicum Annuum Fruit Extract,effect_moisture_barrier,보습·장벽,"(""Capsicum Annuum Fruit Extract""[Title/Abstract]) AND (""acne""[Title/Abstract] OR ""barrier function""[Title/Abstract] OR ""comedogenic""[Title/Abstract] OR ""comedone""[Title/Abstract] OR ""corneocyte""[Title/Abstract] OR ""cosmetic""[Title/Abstract] OR ""cutaneous""[Title/Abstract] OR ""cutibacterium acnes""[Title/Abstract] OR ""dermal""[Title/Abstract] OR ""dermatitis""[Title/Abstract] OR ""dermatology""[Title/Abstract] OR ""dry skin""[Title/Abstract] OR ""epidermal""[Title/Abstract] OR ""epidermis""[Title/Abstract] OR ""humectant""[Title/Abstract] OR ""hydration""[Title/Abstract] OR ""keratinocyte""[Title/Abstract] OR ""moisture""[Title/Abstract] OR ""moisturising""[Title/Abstract] OR ""moisturizing""[Title/Abstract] OR ""occlusive""[Title/Abstract] OR ""propionibacterium acnes""[Title/Abstract] OR ""sebaceous""[Title/Abstract] OR ""sebum""[Title/Abstract] OR ""skin""[Title/Abstract] OR ""skin barrier""[Title/Abstract] OR ""skin water content""[Title/Abstract] OR ""stratum corneum""[Title/Abstract] OR ""topical""[Title/Abstract] OR ""transepidermal water loss""[Title/Abstract] OR ""water loss""[Title/Abstract] OR ""xerosis""[Title/Abstract])",30002324|17365137,2,,0,,,,,,,,0,[],no_expanded_pubmed_candidate,not_found,none,2026-07-12,mwbl-missing-effect-search-v1
capsicum_annuum_fruit_extract_capsicum_frutescens_fruit_extract,고추열매추출물,Capsicum Annuum Fruit Extract|Capsicum Frutescens Fruit Extract,effect_acne_sebum,여드름·피지,"(""Capsicum Annuum Fruit Extract""[Title/Abstract] OR ""Capsicum Frutescens Fruit Extract""[Title/Abstract] OR ""Capsicum Annuum Fruit Extract|Capsicum Frutescens Fruit Extract""[Title/Abstract] OR ""capsicum annuum fruit extract capsicum frutescens fruit extract""[Title/Abstract]) AND (""acne""[Title/Abstract] OR ""barrier function""[Title/Abstract] OR ""comedogenic""[Title/Abstract] OR ""comedone""[Title/Abstract] OR ""corneocyte""[Title/Abstract] OR ""cosmetic""[Title/Abstract] OR ""cutaneous""[Title/Abstract] OR ""cutibacterium acnes""[Title/Abstract] OR ""dermal""[Title/Abstract] OR ""dermatitis""[Title/Abstract] OR ""dermatology""[Title/Abstract] OR ""dry skin""[Title/Abstract] OR ""epidermal""[Title/Abstract] OR ""epidermis""[Title/Abstract] OR ""humectant""[Title/Abstract] OR ""hydration""[Title/Abstract] OR ""keratinocyte""[Title/Abstract] OR ""moisture""[Title/Abstract] OR ""moisturising""[Title/Abstract] OR ""moisturizing""[Title/Abstract] OR ""occlusive""[Title/Abstract] OR ""propionibacterium acnes""[Title/Abstract] OR ""sebaceous""[Title/Abstract] OR ""sebum""[Title/Abstract] OR ""skin""[Title/Abstract] OR ""skin barrier""[Title/Abstract] OR ""skin water content""[Title/Abstract] OR ""stratum corneum""[Title/Abstract] OR ""topical""[Title/Abstract] OR ""transepidermal water loss""[Title/Abstract] OR ""water loss""[Title/Abstract] OR ""xerosis""[Title/Abstract])",30002324|17365137,2,,0,,,,,,,,0,[],no_expanded_pubmed_candidate,not_found,none,2026-07-12,mwbl-missing-effect-search-v1
capsicum_annuum_fruit_extract_capsicum_frutescens_fruit_extract,고추열매추출물,Capsicum Annuum Fruit Extract|Capsicum Frutescens Fruit Extract,effect_moisture_barrier,보습·장벽,"(""Capsicum Annuum Fruit Extract""[Title/Abstract] OR ""Capsicum Frutescens Fruit Extract""[Title/Abstract] OR ""Capsicum Annuum Fruit Extract|Capsicum Frutescens Fruit Extract""[Title/Abstract] OR ""capsicum annuum fruit extract capsicum frutescens fruit extract""[Title/Abstract]) AND (""acne""[Title/Abstract] OR ""barrier function""[Title/Abstract] OR ""comedogenic""[Title/Abstract] OR ""comedone""[Title/Abstract] OR ""corneocyte""[Title/Abstract] OR ""cosmetic""[Title/Abstract] OR ""cutaneous""[Title/Abstract] OR ""cutibacterium acnes""[Title/Abstract] OR ""dermal""[Title/Abstract] OR ""dermatitis""[Title/Abstract] OR ""dermatology""[Title/Abstract] OR ""dry skin""[Title/Abstract] OR ""epidermal""[Title/Abstract] OR ""epidermis""[Title/Abstract] OR ""humectant""[Title/Abstract] OR ""hydration""[Title/Abstract] OR ""keratinocyte""[Title/Abstract] OR ""moisture""[Title/Abstract] OR ""moisturising""[Title/Abstract] OR ""moisturizing""[Title/Abstract] OR ""occlusive""[Title/Abstract] OR ""propionibacterium acnes""[Title/Abstract] OR ""sebaceous""[Title/Abstract] OR ""sebum""[Title/Abstract] OR ""skin""[Title/Abstract] OR ""skin barrier""[Title/Abstract] OR ""skin water content""[Title/Abstract] OR ""stratum corneum""[Title/Abstract] OR ""topical""[Title/Abstract] OR ""transepidermal water loss""[Title/Abstract] OR ""water loss""[Title/Abstract] OR ""xerosis""[Title/Abstract])",30002324|17365137,2,,0,,,,,,,,0,[],no_expanded_pubmed_candidate,not_found,none,2026-07-12,mwbl-missing-effect-search-v1
carica_papaya_papaya_seed_oil,파파야씨오일,Carica Papaya (Papaya) Seed Oil,effect_moisture_barrier,보습·장벽,"(""Carica Papaya (Papaya) Seed Oil""[Title/Abstract] OR ""Carica Papaya Seed Oil""[Title/Abstract] OR ""carica papaya papaya seed oil""[Title/Abstract]) AND (""barrier function""[Title/Abstract] OR ""corneocyte""[Title/Abstract] OR ""cosmetic""[Title/Abstract] OR ""cutaneous""[Title/Abstract] OR ""dermal""[Title/Abstract] OR ""dermatitis""[Title/Abstract] OR ""dermatology""[Title/Abstract] OR ""dry skin""[Title/Abstract] OR ""epidermal""[Title/Abstract] OR ""epidermis""[Title/Abstract] OR ""humectant""[Title/Abstract] OR ""hydration""[Title/Abstract] OR ""keratinocyte""[Title/Abstract] OR ""moisture""[Title/Abstract] OR ""moisturising""[Title/Abstract] OR ""moisturizing""[Title/Abstract] OR ""occlusive""[Title/Abstract] OR ""skin""[Title/Abstract] OR ""skin barrier""[Title/Abstract] OR ""skin water content""[Title/Abstract] OR ""stratum corneum""[Title/Abstract] OR ""topical""[Title/Abstract] OR ""transepidermal water loss""[Title/Abstract] OR ""water loss""[Title/Abstract] OR ""xerosis""[Title/Abstract])",,0,,0,,,,,,,,0,[],no_expanded_pubmed_candidate,not_found,none,2026-07-12,mwbl-missing-effect-search-v1
carnitine_hcl,카르니틴에이치씨엘,Carnitine HCl,effect_moisture_barrier,보습·장벽,"(""Carnitine HCl""[Title/Abstract]) AND (""barrier function""[Title/Abstract] OR ""corneocyte""[Title/Abstract] OR ""cosmetic""[Title/Abstract] OR ""cutaneous""[Title/Abstract] OR ""dermal""[Title/Abstract] OR ""dermatitis""[Title/Abstract] OR ""dermatology""[Title/Abstract] OR ""dry skin""[Title/Abstract] OR ""epidermal""[Title/Abstract] OR ""epidermis""[Title/Abstract] OR ""humectant""[Title/Abstract] OR ""hydration""[Title/Abstract] OR ""keratinocyte""[Title/Abstract] OR ""moisture""[Title/Abstract] OR ""moisturising""[Title/Abstract] OR ""moisturizing""[Title/Abstract] OR ""occlusive""[Title/Abstract] OR ""skin""[Title/Abstract] OR ""skin barrier""[Title/Abstract] OR ""skin water content""[Title/Abstract] OR ""stratum corneum""[Title/Abstract] OR ""topical""[Title/Abstract] OR ""transepidermal water loss""[Title/Abstract] OR ""water loss""[Title/Abstract] OR ""xerosis""[Title/Abstract])",3951704,1,,0,,,,,,,,0,[],no_expanded_pubmed_candidate,not_found,none,2026-07-12,mwbl-missing-effect-search-v1
ceramide_ag,세라마이드에이지,Ceramide AG,effect_moisture_barrier,보습·장벽,"(""Ceramide AG""[Title/Abstract]) AND (""barrier function""[Title/Abstract] OR ""corneocyte""[Title/Abstract] OR ""cosmetic""[Title/Abstract] OR ""cutaneous""[Title/Abstract] OR ""dermal""[Title/Abstract] OR ""dermatitis""[Title/Abstract] OR ""dermatology""[Title/Abstract] OR ""dry skin""[Title/Abstract] OR ""epidermal""[Title/Abstract] OR ""epidermis""[Title/Abstract] OR ""humectant""[Title/Abstract] OR ""hydration""[Title/Abstract] OR ""keratinocyte""[Title/Abstract] OR ""moisture""[Title/Abstract] OR ""moisturising""[Title/Abstract] OR ""moisturizing""[Title/Abstract] OR ""occlusive""[Title/Abstract] OR ""skin""[Title/Abstract] OR ""skin barrier""[Title/Abstract] OR ""skin water content""[Title/Abstract] OR ""stratum corneum""[Title/Abstract] OR ""topical""[Title/Abstract] OR ""transepidermal water loss""[Title/Abstract] OR ""water loss""[Title/Abstract] OR ""xerosis""[Title/Abstract])",,0,,0,,,,,,,,0,[],no_expanded_pubmed_candidate,not_found,none,2026-07-12,mwbl-missing-effect-search-v1
ceratonia_siliqua_carob_gum,캐롭검,Ceratonia Siliqua (Carob) Gum,effect_moisture_barrier,보습·장벽,"(""Ceratonia Siliqua (Carob) Gum""[Title/Abstract] OR ""Ceratonia Siliqua Gum""[Title/Abstract] OR ""ceratonia siliqua carob gum""[Title/Abstract]) AND (""barrier function""[Title/Abstract] OR ""corneocyte""[Title/Abstract] OR ""cosmetic""[Title/Abstract] OR ""cutaneous""[Title/Abstract] OR ""dermal""[Title/Abstract] OR ""dermatitis""[Title/Abstract] OR ""dermatology""[Title/Abstract] OR ""dry skin""[Title/Abstract] OR ""epidermal""[Title/Abstract] OR ""epidermis""[Title/Abstract] OR ""humectant""[Title/Abstract] OR ""hydration""[Title/Abstract] OR ""keratinocyte""[Title/Abstract] OR ""moisture""[Title/Abstract] OR ""moisturising""[Title/Abstract] OR ""moisturizing""[Title/Abstract] OR ""occlusive""[Title/Abstract] OR ""skin""[Title/Abstract] OR ""skin barrier""[Title/Abstract] OR ""skin water content""[Title/Abstract] OR ""stratum corneum""[Title/Abstract] OR ""topical""[Title/Abstract] OR ""transepidermal water loss""[Title/Abstract] OR ""water loss""[Title/Abstract] OR ""xerosis""[Title/Abstract])",,0,,0,,,,,,,,0,[],no_expanded_pubmed_candidate,not_found,none,2026-07-12,mwbl-missing-effect-search-v1
cetearyl_ethylhexanoate,세테아릴에틸헥사노에이트,Cetearyl Ethylhexanoate,effect_moisture_barrier,보습·장벽,"(""Cetearyl Ethylhexanoate""[Title/Abstract]) AND (""barrier function""[Title/Abstract] OR ""corneocyte""[Title/Abstract] OR ""cosmetic""[Title/Abstract] OR ""cutaneous""[Title/Abstract] OR ""dermal""[Title/Abstract] OR ""dermatitis""[Title/Abstract] OR ""dermatology""[Title/Abstract] OR ""dry skin""[Title/Abstract] OR ""epidermal""[Title/Abstract] OR ""epidermis""[Title/Abstract] OR ""humectant""[Title/Abstract] OR ""hydration""[Title/Abstract] OR ""keratinocyte""[Title/Abstract] OR ""moisture""[Title/Abstract] OR ""moisturising""[Title/Abstract] OR ""moisturizing""[Title/Abstract] OR ""occlusive""[Title/Abstract] OR ""skin""[Title/Abstract] OR ""skin barrier""[Title/Abstract] OR ""skin water content""[Title/Abstract] OR ""stratum corneum""[Title/Abstract] OR ""topical""[Title/Abstract] OR ""transepidermal water loss""[Title/Abstract] OR ""water loss""[Title/Abstract] OR ""xerosis""[Title/Abstract])",,0,,0,,,,,,,,0,[],no_expanded_pubmed_candidate,not_found,none,2026-07-12,mwbl-missing-effect-search-v1
cetearyl_olivate,세테아릴올리베이트,Cetearyl Olivate,effect_moisture_barrier,보습·장벽,"(""Cetearyl Olivate""[Title/Abstract]) AND (""barrier function""[Title/Abstract] OR ""corneocyte""[Title/Abstract] OR ""cosmetic""[Title/Abstract] OR ""cutaneous""[Title/Abstract] OR ""dermal""[Title/Abstract] OR ""dermatitis""[Title/Abstract] OR ""dermatology""[Title/Abstract] OR ""dry skin""[Title/Abstract] OR ""epidermal""[Title/Abstract] OR ""epidermis""[Title/Abstract] OR ""humectant""[Title/Abstract] OR ""hydration""[Title/Abstract] OR ""keratinocyte""[Title/Abstract] OR ""moisture""[Title/Abstract] OR ""moisturising""[Title/Abstract] OR ""moisturizing""[Title/Abstract] OR ""occlusive""[Title/Abstract] OR ""skin""[Title/Abstract] OR ""skin barrier""[Title/Abstract] OR ""skin water content""[Title/Abstract] OR ""stratum corneum""[Title/Abstract] OR ""topical""[Title/Abstract] OR ""transepidermal water loss""[Title/Abstract] OR ""water loss""[Title/Abstract] OR ""xerosis""[Title/Abstract])",,0,,0,,,,,,,,0,[],no_expanded_pubmed_candidate,not_found,none,2026-07-12,mwbl-missing-effect-search-v1
cetraria_islandica_extract,아이슬란드이끼추출물,Cetraria Islandica Extract,effect_calming,진정,"(""Cetraria Islandica Extract""[Title/Abstract]) AND (""anti-inflammatory""[Title/Abstract] OR ""barrier function""[Title/Abstract] OR ""corneocyte""[Title/Abstract] OR ""cosmetic""[Title/Abstract] OR ""cutaneous""[Title/Abstract] OR ""dermal""[Title/Abstract] OR ""dermatitis""[Title/Abstract] OR ""dermatology""[Title/Abstract] OR ""dry skin""[Title/Abstract] OR ""epidermal""[Title/Abstract] OR ""epidermis""[Title/Abstract] OR ""erythema""[Title/Abstract] OR ""humectant""[Title/Abstract] OR ""hydration""[Title/Abstract] OR ""inflammation""[Title/Abstract] OR ""irritation""[Title/Abstract] OR ""keratinocyte""[Title/Abstract] OR ""moisture""[Title/Abstract] OR ""moisturising""[Title/Abstract] OR ""moisturizing""[Title/Abstract] OR ""occlusive""[Title/Abstract] OR ""pruritus""[Title/Abstract] OR ""redness""[Title/Abstract] OR ""sensitive skin""[Title/Abstract] OR ""skin""[Title/Abstract] OR ""skin barrier""[Title/Abstract] OR ""skin water content""[Title/Abstract] OR ""stratum corneum""[Title/Abstract] OR ""topical""[Title/Abstract] OR ""transepidermal water loss""[Title/Abstract] OR ""water loss""[Title/Abstract] OR ""wound healing""[Title/Abstract] OR ""xerosis""[Title/Abstract])",,0,,0,,,,,,,,0,[],no_expanded_pubmed_candidate,not_found,none,2026-07-12,mwbl-missing-effect-search-v1
cetraria_islandica_extract,아이슬란드이끼추출물,Cetraria Islandica Extract,effect_moisture_barrier,보습·장벽,"(""Cetraria Islandica Extract""[Title/Abstract]) AND (""anti-inflammatory""[Title/Abstract] OR ""barrier function""[Title/Abstract] OR ""corneocyte""[Title/Abstract] OR ""cosmetic""[Title/Abstract] OR ""cutaneous""[Title/Abstract] OR ""dermal""[Title/Abstract] OR ""dermatitis""[Title/Abstract] OR ""dermatology""[Title/Abstract] OR ""dry skin""[Title/Abstract] OR ""epidermal""[Title/Abstract] OR ""epidermis""[Title/Abstract] OR ""erythema""[Title/Abstract] OR ""humectant""[Title/Abstract] OR ""hydration""[Title/Abstract] OR ""inflammation""[Title/Abstract] OR ""irritation""[Title/Abstract] OR ""keratinocyte""[Title/Abstract] OR ""moisture""[Title/Abstract] OR ""moisturising""[Title/Abstract] OR ""moisturizing""[Title/Abstract] OR ""occlusive""[Title/Abstract] OR ""pruritus""[Title/Abstract] OR ""redness""[Title/Abstract] OR ""sensitive skin""[Title/Abstract] OR ""skin""[Title/Abstract] OR ""skin barrier""[Title/Abstract] OR ""skin water content""[Title/Abstract] OR ""stratum corneum""[Title/Abstract] OR ""topical""[Title/Abstract] OR ""transepidermal water loss""[Title/Abstract] OR ""water loss""[Title/Abstract] OR ""wound healing""[Title/Abstract] OR ""xerosis""[Title/Abstract])",,0,,0,,,,,,,,0,[],no_expanded_pubmed_candidate,not_found,none,2026-07-12,mwbl-missing-effect-search-v1
cetyl_esters,세틸에스터,Cetyl Esters,effect_moisture_barrier,보습·장벽,"(""Cetyl Esters""[Title/Abstract]) AND (""barrier function""[Title/Abstract] OR ""corneocyte""[Title/Abstract] OR ""cosmetic""[Title/Abstract] OR ""cutaneous""[Title/Abstract] OR ""dermal""[Title/Abstract] OR ""dermatitis""[Title/Abstract] OR ""dermatology""[Title/Abstract] OR ""dry skin""[Title/Abstract] OR ""epidermal""[Title/Abstract] OR ""epidermis""[Title/Abstract] OR ""humectant""[Title/Abstract] OR ""hydration""[Title/Abstract] OR ""keratinocyte""[Title/Abstract] OR ""moisture""[Title/Abstract] OR ""moisturising""[Title/Abstract] OR ""moisturizing""[Title/Abstract] OR ""occlusive""[Title/Abstract] OR ""skin""[Title/Abstract] OR ""skin barrier""[Title/Abstract] OR ""skin water content""[Title/Abstract] OR ""stratum corneum""[Title/Abstract] OR ""topical""[Title/Abstract] OR ""transepidermal water loss""[Title/Abstract] OR ""water loss""[Title/Abstract] OR ""xerosis""[Title/Abstract])",26801670,1,,0,,,,,,,,0,[],no_expanded_pubmed_candidate,not_found,none,2026-07-12,mwbl-missing-effect-search-v1
cetyl_ethylhexanoate,세틸에틸헥사노에이트,Cetyl Ethylhexanoate,effect_moisture_barrier,보습·장벽,"(""Cetyl Ethylhexanoate""[Title/Abstract]) AND (""barrier function""[Title/Abstract] OR ""corneocyte""[Title/Abstract] OR ""cosmetic""[Title/Abstract] OR ""cutaneous""[Title/Abstract] OR ""dermal""[Title/Abstract] OR ""dermatitis""[Title/Abstract] OR ""dermatology""[Title/Abstract] OR ""dry skin""[Title/Abstract] OR ""epidermal""[Title/Abstract] OR ""epidermis""[Title/Abstract] OR ""humectant""[Title/Abstract] OR ""hydration""[Title/Abstract] OR ""keratinocyte""[Title/Abstract] OR ""moisture""[Title/Abstract] OR ""moisturising""[Title/Abstract] OR ""moisturizing""[Title/Abstract] OR ""occlusive""[Title/Abstract] OR ""skin""[Title/Abstract] OR ""skin barrier""[Title/Abstract] OR ""skin water content""[Title/Abstract] OR ""stratum corneum""[Title/Abstract] OR ""topical""[Title/Abstract] OR ""transepidermal water loss""[Title/Abstract] OR ""water loss""[Title/Abstract] OR ""xerosis""[Title/Abstract])",26684798,1,,0,,,,,,,,0,[],no_expanded_pubmed_candidate,not_found,none,2026-07-12,mwbl-missing-effect-search-v1
chaenomeles_sinensis_fruit_extract,모과추출물,Chaenomeles Sinensis Fruit Extract,effect_moisture_barrier,보습·장벽,"(""Chaenomeles Sinensis Fruit Extract""[Title/Abstract]) AND (""barrier function""[Title/Abstract] OR ""corneocyte""[Title/Abstract] OR ""cosmetic""[Title/Abstract] OR ""cutaneous""[Title/Abstract] OR ""dermal""[Title/Abstract] OR ""dermatitis""[Title/Abstract] OR ""dermatology""[Title/Abstract] OR ""dry skin""[Title/Abstract] OR ""epidermal""[Title/Abstract] OR ""epidermis""[Title/Abstract] OR ""humectant""[Title/Abstract] OR ""hydration""[Title/Abstract] OR ""keratinocyte""[Title/Abstract] OR ""moisture""[Title/Abstract] OR ""moisturising""[Title/Abstract] OR ""moisturizing""[Title/Abstract] OR ""occlusive""[Title/Abstract] OR ""skin""[Title/Abstract] OR ""skin barrier""[Title/Abstract] OR ""skin water content""[Title/Abstract] OR ""stratum corneum""[Title/Abstract] OR ""topical""[Title/Abstract] OR ""transepidermal water loss""[Title/Abstract] OR ""water loss""[Title/Abstract] OR ""xerosis""[Title/Abstract])",,0,,0,,,,,,,,0,[],no_expanded_pubmed_candidate,not_found,none,2026-07-12,mwbl-missing-effect-search-v1
chlamydomonas_reinhardtii_extract,클라미도모나스 레인하르드티이추출물,Chlamydomonas Reinhardtii Extract,effect_moisture_barrier,보습·장벽,"(""Chlamydomonas Reinhardtii Extract""[Title/Abstract]) AND (""barrier function""[Title/Abstract] OR ""corneocyte""[Title/Abstract] OR ""cosmetic""[Title/Abstract] OR ""cutaneous""[Title/Abstract] OR ""dermal""[Title/Abstract] OR ""dermatitis""[Title/Abstract] OR ""dermatology""[Title/Abstract] OR ""dry skin""[Title/Abstract] OR ""epidermal""[Title/Abstract] OR ""epidermis""[Title/Abstract] OR ""humectant""[Title/Abstract] OR ""hydration""[Title/Abstract] OR ""keratinocyte""[Title/Abstract] OR ""moisture""[Title/Abstract] OR ""moisturising""[Title/Abstract] OR ""moisturizing""[Title/Abstract] OR ""occlusive""[Title/Abstract] OR ""skin""[Title/Abstract] OR ""skin barrier""[Title/Abstract] OR ""skin water content""[Title/Abstract] OR ""stratum corneum""[Title/Abstract] OR ""topical""[Title/Abstract] OR ""transepidermal water loss""[Title/Abstract] OR ""water loss""[Title/Abstract] OR ""xerosis""[Title/Abstract])",,0,,0,,,,,,,,0,[],no_expanded_pubmed_candidate,not_found,none,2026-07-12,mwbl-missing-effect-search-v1
cimicifuga_racemosa_root_extract,라케모사승마뿌리추출물,Cimicifuga Racemosa Root Extract,effect_moisture_barrier,보습·장벽,"(""Cimicifuga Racemosa Root Extract""[Title/Abstract] OR ""Actaea Heracleifolia Root Extract""[Title/Abstract] OR ""Cimicifuga Dahurica Root Extract""[Title/Abstract] OR ""Cimicifuga Simplex Root Extract""[Title/Abstract]) AND (""barrier function""[Title/Abstract] OR ""corneocyte""[Title/Abstract] OR ""cosmetic""[Title/Abstract] OR ""cutaneous""[Title/Abstract] OR ""dermal""[Title/Abstract] OR ""dermatitis""[Title/Abstract] OR ""dermatology""[Title/Abstract] OR ""dry skin""[Title/Abstract] OR ""epidermal""[Title/Abstract] OR ""epidermis""[Title/Abstract] OR ""humectant""[Title/Abstract] OR ""hydration""[Title/Abstract] OR ""keratinocyte""[Title/Abstract] OR ""moisture""[Title/Abstract] OR ""moisturising""[Title/Abstract] OR ""moisturizing""[Title/Abstract] OR ""occlusive""[Title/Abstract] OR ""skin""[Title/Abstract] OR ""skin barrier""[Title/Abstract] OR ""skin water content""[Title/Abstract] OR ""stratum corneum""[Title/Abstract] OR ""topical""[Title/Abstract] OR ""transepidermal water loss""[Title/Abstract] OR ""water loss""[Title/Abstract] OR ""xerosis""[Title/Abstract])",,0,,0,,,,,,,,0,[],no_expanded_pubmed_candidate,not_found,none,2026-07-12,mwbl-missing-effect-search-v1
cinnamomum_zeylanicum_bark_extract,실론시나몬나무껍질추출물,Cinnamomum Zeylanicum Bark Extract,effect_moisture_barrier,보습·장벽,"(""Cinnamomum Zeylanicum Bark Extract""[Title/Abstract] OR ""Cinnamomum Cassia Bark Extract""[Title/Abstract]) AND (""barrier function""[Title/Abstract] OR ""corneocyte""[Title/Abstract] OR ""cosmetic""[Title/Abstract] OR ""cutaneous""[Title/Abstract] OR ""dermal""[Title/Abstract] OR ""dermatitis""[Title/Abstract] OR ""dermatology""[Title/Abstract] OR ""dry skin""[Title/Abstract] OR ""epidermal""[Title/Abstract] OR ""epidermis""[Title/Abstract] OR ""humectant""[Title/Abstract] OR ""hydration""[Title/Abstract] OR ""keratinocyte""[Title/Abstract] OR ""moisture""[Title/Abstract] OR ""moisturising""[Title/Abstract] OR ""moisturizing""[Title/Abstract] OR ""occlusive""[Title/Abstract] OR ""skin""[Title/Abstract] OR ""skin barrier""[Title/Abstract] OR ""skin water content""[Title/Abstract] OR ""stratum corneum""[Title/Abstract] OR ""topical""[Title/Abstract] OR ""transepidermal water loss""[Title/Abstract] OR ""water loss""[Title/Abstract] OR ""xerosis""[Title/Abstract])",,0,,0,,,,,,,,0,[],no_expanded_pubmed_candidate,not_found,none,2026-07-12,mwbl-missing-effect-search-v1
citrus_glauca_fruit_extract,데저트라임열매추출물,Citrus Glauca Fruit Extract,effect_moisture_barrier,보습·장벽,"(""Citrus Glauca Fruit Extract""[Title/Abstract]) AND (""barrier function""[Title/Abstract] OR ""corneocyte""[Title/Abstract] OR ""cosmetic""[Title/Abstract] OR ""cutaneous""[Title/Abstract] OR ""dermal""[Title/Abstract] OR ""dermatitis""[Title/Abstract] OR ""dermatology""[Title/Abstract] OR ""dry skin""[Title/Abstract] OR ""epidermal""[Title/Abstract] OR ""epidermis""[Title/Abstract] OR ""humectant""[Title/Abstract] OR ""hydration""[Title/Abstract] OR ""keratinocyte""[Title/Abstract] OR ""moisture""[Title/Abstract] OR ""moisturising""[Title/Abstract] OR ""moisturizing""[Title/Abstract] OR ""occlusive""[Title/Abstract] OR ""skin""[Title/Abstract] OR ""skin barrier""[Title/Abstract] OR ""skin water content""[Title/Abstract] OR ""stratum corneum""[Title/Abstract] OR ""topical""[Title/Abstract] OR ""transepidermal water loss""[Title/Abstract] OR ""water loss""[Title/Abstract] OR ""xerosis""[Title/Abstract])",,0,,0,,,,,,,,0,[],no_expanded_pubmed_candidate,not_found,none,2026-07-12,mwbl-missing-effect-search-v1
citrus_limon_lemon_fruit_extract,레몬추출물,Citrus Limon (Lemon) Fruit Extract,effect_moisture_barrier,보습·장벽,"(""Citrus Limon (Lemon) Fruit Extract""[Title/Abstract] OR ""Citrus Medica Limonum (Lemon) Fruit Extract""[Title/Abstract] OR ""citrus limon lemon fruit extract""[Title/Abstract]) AND (""barrier function""[Title/Abstract] OR ""corneocyte""[Title/Abstract] OR ""cosmetic""[Title/Abstract] OR ""cutaneous""[Title/Abstract] OR ""dermal""[Title/Abstract] OR ""dermatitis""[Title/Abstract] OR ""dermatology""[Title/Abstract] OR ""dry skin""[Title/Abstract] OR ""epidermal""[Title/Abstract] OR ""epidermis""[Title/Abstract] OR ""humectant""[Title/Abstract] OR ""hydration""[Title/Abstract] OR ""keratinocyte""[Title/Abstract] OR ""moisture""[Title/Abstract] OR ""moisturising""[Title/Abstract] OR ""moisturizing""[Title/Abstract] OR ""occlusive""[Title/Abstract] OR ""skin""[Title/Abstract] OR ""skin barrier""[Title/Abstract] OR ""skin water content""[Title/Abstract] OR ""stratum corneum""[Title/Abstract] OR ""topical""[Title/Abstract] OR ""transepidermal water loss""[Title/Abstract] OR ""water loss""[Title/Abstract] OR ""xerosis""[Title/Abstract])",,0,,0,,,,,,,,0,[],no_expanded_pubmed_candidate,not_found,none,2026-07-12,mwbl-missing-effect-search-v1
coconut_acid,코코넛애씨드,Coconut Acid,effect_moisture_barrier,보습·장벽,"(""Coconut Acid""[Title/Abstract]) AND (""barrier function""[Title/Abstract] OR ""corneocyte""[Title/Abstract] OR ""cosmetic""[Title/Abstract] OR ""cutaneous""[Title/Abstract] OR ""dermal""[Title/Abstract] OR ""dermatitis""[Title/Abstract] OR ""dermatology""[Title/Abstract] OR ""dry skin""[Title/Abstract] OR ""epidermal""[Title/Abstract] OR ""epidermis""[Title/Abstract] OR ""humectant""[Title/Abstract] OR ""hydration""[Title/Abstract] OR ""keratinocyte""[Title/Abstract] OR ""moisture""[Title/Abstract] OR ""moisturising""[Title/Abstract] OR ""moisturizing""[Title/Abstract] OR ""occlusive""[Title/Abstract] OR ""skin""[Title/Abstract] OR ""skin barrier""[Title/Abstract] OR ""skin water content""[Title/Abstract] OR ""stratum corneum""[Title/Abstract] OR ""topical""[Title/Abstract] OR ""transepidermal water loss""[Title/Abstract] OR ""water loss""[Title/Abstract] OR ""xerosis""[Title/Abstract])",,0,,0,,,,,,,,0,[],no_expanded_pubmed_candidate,not_found,none,2026-07-12,mwbl-missing-effect-search-v1
coconut_alkanes,코코넛알칸,Coconut Alkanes,effect_moisture_barrier,보습·장벽,"(""Coconut Alkanes""[Title/Abstract]) AND (""barrier function""[Title/Abstract] OR ""corneocyte""[Title/Abstract] OR ""cosmetic""[Title/Abstract] OR ""cutaneous""[Title/Abstract] OR ""dermal""[Title/Abstract] OR ""dermatitis""[Title/Abstract] OR ""dermatology""[Title/Abstract] OR ""dry skin""[Title/Abstract] OR ""epidermal""[Title/Abstract] OR ""epidermis""[Title/Abstract] OR ""humectant""[Title/Abstract] OR ""hydration""[Title/Abstract] OR ""keratinocyte""[Title/Abstract] OR ""moisture""[Title/Abstract] OR ""moisturising""[Title/Abstract] OR ""moisturizing""[Title/Abstract] OR ""occlusive""[Title/Abstract] OR ""skin""[Title/Abstract] OR ""skin barrier""[Title/Abstract] OR ""skin water content""[Title/Abstract] OR ""stratum corneum""[Title/Abstract] OR ""topical""[Title/Abstract] OR ""transepidermal water loss""[Title/Abstract] OR ""water loss""[Title/Abstract] OR ""xerosis""[Title/Abstract])",,0,,0,,,,,,,,0,[],no_expanded_pubmed_candidate,not_found,none,2026-07-12,mwbl-missing-effect-search-v1
cocos_nucifera_coconut_fruit_juice,코코넛야자열매즙,Cocos Nucifera (Coconut) Fruit Juice,effect_moisture_barrier,보습·장벽,"(""Cocos Nucifera (Coconut) Fruit Juice""[Title/Abstract] OR ""cocos nucifera coconut fruit juice""[Title/Abstract]) AND (""barrier function""[Title/Abstract] OR ""corneocyte""[Title/Abstract] OR ""cosmetic""[Title/Abstract] OR ""cutaneous""[Title/Abstract] OR ""dermal""[Title/Abstract] OR ""dermatitis""[Title/Abstract] OR ""dermatology""[Title/Abstract] OR ""dry skin""[Title/Abstract] OR ""epidermal""[Title/Abstract] OR ""epidermis""[Title/Abstract] OR ""humectant""[Title/Abstract] OR ""hydration""[Title/Abstract] OR ""keratinocyte""[Title/Abstract] OR ""moisture""[Title/Abstract] OR ""moisturising""[Title/Abstract] OR ""moisturizing""[Title/Abstract] OR ""occlusive""[Title/Abstract] OR ""skin""[Title/Abstract] OR ""skin barrier""[Title/Abstract] OR ""skin water content""[Title/Abstract] OR ""stratum corneum""[Title/Abstract] OR ""topical""[Title/Abstract] OR ""transepidermal water loss""[Title/Abstract] OR ""water loss""[Title/Abstract] OR ""xerosis""[Title/Abstract])",,0,,0,,,,,,,,0,[],no_expanded_pubmed_candidate,not_found,none,2026-07-12,mwbl-missing-effect-search-v1
coix_lacryma_jobi_ma_yuen_seed_powder,율무씨가루,Coix Lacryma-Jobi Ma-yuen Seed Powder,effect_moisture_barrier,보습·장벽,"(""Coix Lacryma-Jobi Ma-yuen Seed Powder""[Title/Abstract] OR ""coix lacryma jobi ma yuen seed powder""[Title/Abstract]) AND (""barrier function""[Title/Abstract] OR ""corneocyte""[Title/Abstract] OR ""cosmetic""[Title/Abstract] OR ""cutaneous""[Title/Abstract] OR ""dermal""[Title/Abstract] OR ""dermatitis""[Title/Abstract] OR ""dermatology""[Title/Abstract] OR ""dry skin""[Title/Abstract] OR ""epidermal""[Title/Abstract] OR ""epidermis""[Title/Abstract] OR ""humectant""[Title/Abstract] OR ""hydration""[Title/Abstract] OR ""keratinocyte""[Title/Abstract] OR ""moisture""[Title/Abstract] OR ""moisturising""[Title/Abstract] OR ""moisturizing""[Title/Abstract] OR ""occlusive""[Title/Abstract] OR ""skin""[Title/Abstract] OR ""skin barrier""[Title/Abstract] OR ""skin water content""[Title/Abstract] OR ""stratum corneum""[Title/Abstract] OR ""topical""[Title/Abstract] OR ""transepidermal water loss""[Title/Abstract] OR ""water loss""[Title/Abstract] OR ""xerosis""[Title/Abstract])",,0,,0,,,,,,,,0,[],no_expanded_pubmed_candidate,not_found,none,2026-07-12,mwbl-missing-effect-search-v1
coleus_forskohlii_root_extract,포스콜리뿌리추출물,Coleus Forskohlii Root Extract,effect_moisture_barrier,보습·장벽,"(""Coleus Forskohlii Root Extract""[Title/Abstract]) AND (""barrier function""[Title/Abstract] OR ""corneocyte""[Title/Abstract] OR ""cosmetic""[Title/Abstract] OR ""cutaneous""[Title/Abstract] OR ""dermal""[Title/Abstract] OR ""dermatitis""[Title/Abstract] OR ""dermatology""[Title/Abstract] OR ""dry skin""[Title/Abstract] OR ""epidermal""[Title/Abstract] OR ""epidermis""[Title/Abstract] OR ""humectant""[Title/Abstract] OR ""hydration""[Title/Abstract] OR ""keratinocyte""[Title/Abstract] OR ""moisture""[Title/Abstract] OR ""moisturising""[Title/Abstract] OR ""moisturizing""[Title/Abstract] OR ""occlusive""[Title/Abstract] OR ""skin""[Title/Abstract] OR ""skin barrier""[Title/Abstract] OR ""skin water content""[Title/Abstract] OR ""stratum corneum""[Title/Abstract] OR ""topical""[Title/Abstract] OR ""transepidermal water loss""[Title/Abstract] OR ""water loss""[Title/Abstract] OR ""xerosis""[Title/Abstract])",26952426|26771282,2,,0,,,,,,,,0,[],no_expanded_pubmed_candidate,not_found,none,2026-07-12,mwbl-missing-effect-search-v1
collagen_water,콜라겐수,Collagen Water,effect_moisture_barrier,보습·장벽,"(""Collagen Water""[Title/Abstract]) AND (""barrier function""[Title/Abstract] OR ""corneocyte""[Title/Abstract] OR ""cosmetic""[Title/Abstract] OR ""cutaneous""[Title/Abstract] OR ""dermal""[Title/Abstract] OR ""dermatitis""[Title/Abstract] OR ""dermatology""[Title/Abstract] OR ""dry skin""[Title/Abstract] OR ""epidermal""[Title/Abstract] OR ""epidermis""[Title/Abstract] OR ""humectant""[Title/Abstract] OR ""hydration""[Title/Abstract] OR ""keratinocyte""[Title/Abstract] OR ""moisture""[Title/Abstract] OR ""moisturising""[Title/Abstract] OR ""moisturizing""[Title/Abstract] OR ""occlusive""[Title/Abstract] OR ""skin""[Title/Abstract] OR ""skin barrier""[Title/Abstract] OR ""skin water content""[Title/Abstract] OR ""stratum corneum""[Title/Abstract] OR ""topical""[Title/Abstract] OR ""transepidermal water loss""[Title/Abstract] OR ""water loss""[Title/Abstract] OR ""xerosis""[Title/Abstract])",39258363|38451946|33987867|31747092|31141275|29756651|28461747|26211992|26120602|25502597|24878965|18281970|1520719|2635757|647033,15,,0,,,,,,,,0,[],no_expanded_pubmed_candidate,not_found,none,2026-07-12,mwbl-missing-effect-search-v1
copernicia_cerifera_carnauba_wax,카나우바왁스,Copernicia Cerifera (Carnauba) Wax,effect_moisture_barrier,보습·장벽,"(""Copernicia Cerifera (Carnauba) Wax""[Title/Abstract] OR ""copernicia cerifera carnauba wax""[Title/Abstract]) AND (""barrier function""[Title/Abstract] OR ""corneocyte""[Title/Abstract] OR ""cosmetic""[Title/Abstract] OR ""cutaneous""[Title/Abstract] OR ""dermal""[Title/Abstract] OR ""dermatitis""[Title/Abstract] OR ""dermatology""[Title/Abstract] OR ""dry skin""[Title/Abstract] OR ""epidermal""[Title/Abstract] OR ""epidermis""[Title/Abstract] OR ""humectant""[Title/Abstract] OR ""hydration""[Title/Abstract] OR ""keratinocyte""[Title/Abstract] OR ""moisture""[Title/Abstract] OR ""moisturising""[Title/Abstract] OR ""moisturizing""[Title/Abstract] OR ""occlusive""[Title/Abstract] OR ""skin""[Title/Abstract] OR ""skin barrier""[Title/Abstract] OR ""skin water content""[Title/Abstract] OR ""stratum corneum""[Title/Abstract] OR ""topical""[Title/Abstract] OR ""transepidermal water loss""[Title/Abstract] OR ""water loss""[Title/Abstract] OR ""xerosis""[Title/Abstract])",,0,,0,,,,,,,,0,[],no_expanded_pubmed_candidate,not_found,none,2026-07-12,mwbl-missing-effect-search-v1
copper_pca,카퍼피씨에이,Copper PCA,effect_moisture_barrier,보습·장벽,"(""Copper PCA""[Title/Abstract]) AND (""barrier function""[Title/Abstract] OR ""corneocyte""[Title/Abstract] OR ""cosmetic""[Title/Abstract] OR ""cutaneous""[Title/Abstract] OR ""dermal""[Title/Abstract] OR ""dermatitis""[Title/Abstract] OR ""dermatology""[Title/Abstract] OR ""dry skin""[Title/Abstract] OR ""epidermal""[Title/Abstract] OR ""epidermis""[Title/Abstract] OR ""humectant""[Title/Abstract] OR ""hydration""[Title/Abstract] OR ""keratinocyte""[Title/Abstract] OR ""moisture""[Title/Abstract] OR ""moisturising""[Title/Abstract] OR ""moisturizing""[Title/Abstract] OR ""occlusive""[Title/Abstract] OR ""skin""[Title/Abstract] OR ""skin barrier""[Title/Abstract] OR ""skin water content""[Title/Abstract] OR ""stratum corneum""[Title/Abstract] OR ""topical""[Title/Abstract] OR ""transepidermal water loss""[Title/Abstract] OR ""water loss""[Title/Abstract] OR ""xerosis""[Title/Abstract])",,0,,0,,,,,,,,0,[],no_expanded_pubmed_candidate,not_found,none,2026-07-12,mwbl-missing-effect-search-v1
coptis_japonica_extract,황련추출물,Coptis Japonica Extract,effect_acne_sebum,여드름·피지,"(""Coptis Japonica Extract""[Title/Abstract] OR ""Coptis Chinensis Root Extract""[Title/Abstract] OR ""Coptis Japonica Rhizome Extract""[Title/Abstract] OR ""Coptis Japonica Root Extract""[Title/Abstract]) AND (""acne""[Title/Abstract] OR ""comedogenic""[Title/Abstract] OR ""comedone""[Title/Abstract] OR ""corneocyte""[Title/Abstract] OR ""cosmetic""[Title/Abstract] OR ""cutaneous""[Title/Abstract] OR ""cutibacterium acnes""[Title/Abstract] OR ""dermal""[Title/Abstract] OR ""dermatitis""[Title/Abstract] OR ""dermatology""[Title/Abstract] OR ""epidermal""[Title/Abstract] OR ""epidermis""[Title/Abstract] OR ""keratinocyte""[Title/Abstract] OR ""propionibacterium acnes""[Title/Abstract] OR ""sebaceous""[Title/Abstract] OR ""sebum""[Title/Abstract] OR ""skin""[Title/Abstract] OR ""stratum corneum""[Title/Abstract] OR ""topical""[Title/Abstract])",,0,,0,,,,,,,,0,[],no_expanded_pubmed_candidate,not_found,none,2026-07-12,mwbl-missing-effect-search-v1
cordyceps_sinensis_extract,동충하초추출물,Cordyceps Sinensis Extract,effect_moisture_barrier,보습·장벽,"(""Cordyceps Sinensis Extract""[Title/Abstract]) AND (""barrier function""[Title/Abstract] OR ""corneocyte""[Title/Abstract] OR ""cosmetic""[Title/Abstract] OR ""cutaneous""[Title/Abstract] OR ""dermal""[Title/Abstract] OR ""dermatitis""[Title/Abstract] OR ""dermatology""[Title/Abstract] OR ""dry skin""[Title/Abstract] OR ""epidermal""[Title/Abstract] OR ""epidermis""[Title/Abstract] OR ""humectant""[Title/Abstract] OR ""hydration""[Title/Abstract] OR ""keratinocyte""[Title/Abstract] OR ""moisture""[Title/Abstract] OR ""moisturising""[Title/Abstract] OR ""moisturizing""[Title/Abstract] OR ""occlusive""[Title/Abstract] OR ""skin""[Title/Abstract] OR ""skin barrier""[Title/Abstract] OR ""skin water content""[Title/Abstract] OR ""stratum corneum""[Title/Abstract] OR ""topical""[Title/Abstract] OR ""transepidermal water loss""[Title/Abstract] OR ""water loss""[Title/Abstract] OR ""xerosis""[Title/Abstract])",38673866,1,,0,,,,,,,,0,[],no_expanded_pubmed_candidate,not_found,none,2026-07-12,mwbl-missing-effect-search-v1
cryptomeria_japonica_leaf_extract,삼나무잎추출물,Cryptomeria Japonica Leaf Extract,effect_moisture_barrier,보습·장벽,"(""Cryptomeria Japonica Leaf Extract""[Title/Abstract]) AND (""barrier function""[Title/Abstract] OR ""corneocyte""[Title/Abstract] OR ""cosmetic""[Title/Abstract] OR ""cutaneous""[Title/Abstract] OR ""dermal""[Title/Abstract] OR ""dermatitis""[Title/Abstract] OR ""dermatology""[Title/Abstract] OR ""dry skin""[Title/Abstract] OR ""epidermal""[Title/Abstract] OR ""epidermis""[Title/Abstract] OR ""humectant""[Title/Abstract] OR ""hydration""[Title/Abstract] OR ""keratinocyte""[Title/Abstract] OR ""moisture""[Title/Abstract] OR ""moisturising""[Title/Abstract] OR ""moisturizing""[Title/Abstract] OR ""occlusive""[Title/Abstract] OR ""skin""[Title/Abstract] OR ""skin barrier""[Title/Abstract] OR ""skin water content""[Title/Abstract] OR ""stratum corneum""[Title/Abstract] OR ""topical""[Title/Abstract] OR ""transepidermal water loss""[Title/Abstract] OR ""water loss""[Title/Abstract] OR ""xerosis""[Title/Abstract])",,0,,0,,,,,,,,0,[],no_expanded_pubmed_candidate,not_found,none,2026-07-12,mwbl-missing-effect-search-v1
cucumis_sativus_cucumber_fruit_extract,오이열매추출물,Cucumis Sativus (Cucumber) Fruit Extract,effect_moisture_barrier,보습·장벽,"(""Cucumis Sativus (Cucumber) Fruit Extract""[Title/Abstract] OR ""cucumis sativus cucumber fruit extract""[Title/Abstract]) AND (""barrier function""[Title/Abstract] OR ""corneocyte""[Title/Abstract] OR ""cosmetic""[Title/Abstract] OR ""cutaneous""[Title/Abstract] OR ""dermal""[Title/Abstract] OR ""dermatitis""[Title/Abstract] OR ""dermatology""[Title/Abstract] OR ""dry skin""[Title/Abstract] OR ""epidermal""[Title/Abstract] OR ""epidermis""[Title/Abstract] OR ""humectant""[Title/Abstract] OR ""hydration""[Title/Abstract] OR ""keratinocyte""[Title/Abstract] OR ""moisture""[Title/Abstract] OR ""moisturising""[Title/Abstract] OR ""moisturizing""[Title/Abstract] OR ""occlusive""[Title/Abstract] OR ""skin""[Title/Abstract] OR ""skin barrier""[Title/Abstract] OR ""skin water content""[Title/Abstract] OR ""stratum corneum""[Title/Abstract] OR ""topical""[Title/Abstract] OR ""transepidermal water loss""[Title/Abstract] OR ""water loss""[Title/Abstract] OR ""xerosis""[Title/Abstract])",,0,,0,,,,,,,,0,[],no_expanded_pubmed_candidate,not_found,none,2026-07-12,mwbl-missing-effect-search-v1
cyclohexasiloxane,사이클로헥사실록세인,Cyclohexasiloxane,effect_moisture_barrier,보습·장벽,"(""Cyclohexasiloxane""[Title/Abstract]) AND (""barrier function""[Title/Abstract] OR ""corneocyte""[Title/Abstract] OR ""cosmetic""[Title/Abstract] OR ""cutaneous""[Title/Abstract] OR ""dermal""[Title/Abstract] OR ""dermatitis""[Title/Abstract] OR ""dermatology""[Title/Abstract] OR ""dry skin""[Title/Abstract] OR ""epidermal""[Title/Abstract] OR ""epidermis""[Title/Abstract] OR ""humectant""[Title/Abstract] OR ""hydration""[Title/Abstract] OR ""keratinocyte""[Title/Abstract] OR ""moisture""[Title/Abstract] OR ""moisturising""[Title/Abstract] OR ""moisturizing""[Title/Abstract] OR ""occlusive""[Title/Abstract] OR ""skin""[Title/Abstract] OR ""skin barrier""[Title/Abstract] OR ""skin water content""[Title/Abstract] OR ""stratum corneum""[Title/Abstract] OR ""topical""[Title/Abstract] OR ""transepidermal water loss""[Title/Abstract] OR ""water loss""[Title/Abstract] OR ""xerosis""[Title/Abstract])",38911536|32739564|22247236,3,,0,,,,,,,,0,[],no_expanded_pubmed_candidate,not_found,none,2026-07-12,mwbl-missing-effect-search-v1
cymbopogon_schoenanthus_extract,카멜그라스추출물,Cymbopogon Schoenanthus Extract,effect_calming,진정,"(""Cymbopogon Schoenanthus Extract""[Title/Abstract]) AND (""anti-inflammatory""[Title/Abstract] OR ""corneocyte""[Title/Abstract] OR ""cosmetic""[Title/Abstract] OR ""cutaneous""[Title/Abstract] OR ""dermal""[Title/Abstract] OR ""dermatitis""[Title/Abstract] OR ""dermatology""[Title/Abstract] OR ""epidermal""[Title/Abstract] OR ""epidermis""[Title/Abstract] OR ""erythema""[Title/Abstract] OR ""inflammation""[Title/Abstract] OR ""irritation""[Title/Abstract] OR ""keratinocyte""[Title/Abstract] OR ""pruritus""[Title/Abstract] OR ""redness""[Title/Abstract] OR ""sensitive skin""[Title/Abstract] OR ""skin""[Title/Abstract] OR ""stratum corneum""[Title/Abstract] OR ""topical""[Title/Abstract] OR ""wound healing""[Title/Abstract])",,0,,0,,,,,,,,0,[],no_expanded_pubmed_candidate,not_found,none,2026-07-12,mwbl-missing-effect-search-v1
davidsonia_jerseyana_fruit_extract,다비드소니아 예르세야나열매추출물,Davidsonia Jerseyana Fruit Extract,effect_moisture_barrier,보습·장벽,"(""Davidsonia Jerseyana Fruit Extract""[Title/Abstract]) AND (""barrier function""[Title/Abstract] OR ""corneocyte""[Title/Abstract] OR ""cosmetic""[Title/Abstract] OR ""cutaneous""[Title/Abstract] OR ""dermal""[Title/Abstract] OR ""dermatitis""[Title/Abstract] OR ""dermatology""[Title/Abstract] OR ""dry skin""[Title/Abstract] OR ""epidermal""[Title/Abstract] OR ""epidermis""[Title/Abstract] OR ""humectant""[Title/Abstract] OR ""hydration""[Title/Abstract] OR ""keratinocyte""[Title/Abstract] OR ""moisture""[Title/Abstract] OR ""moisturising""[Title/Abstract] OR ""moisturizing""[Title/Abstract] OR ""occlusive""[Title/Abstract] OR ""skin""[Title/Abstract] OR ""skin barrier""[Title/Abstract] OR ""skin water content""[Title/Abstract] OR ""stratum corneum""[Title/Abstract] OR ""topical""[Title/Abstract] OR ""transepidermal water loss""[Title/Abstract] OR ""water loss""[Title/Abstract] OR ""xerosis""[Title/Abstract])",,0,,0,,,,,,,,0,[],no_expanded_pubmed_candidate,not_found,none,2026-07-12,mwbl-missing-effect-search-v1
dibutyl_adipate,다이부틸아디페이트,Dibutyl Adipate,effect_moisture_barrier,보습·장벽,"(""Dibutyl Adipate""[Title/Abstract]) AND (""barrier function""[Title/Abstract] OR ""corneocyte""[Title/Abstract] OR ""cosmetic""[Title/Abstract] OR ""cutaneous""[Title/Abstract] OR ""dermal""[Title/Abstract] OR ""dermatitis""[Title/Abstract] OR ""dermatology""[Title/Abstract] OR ""dry skin""[Title/Abstract] OR ""epidermal""[Title/Abstract] OR ""epidermis""[Title/Abstract] OR ""humectant""[Title/Abstract] OR ""hydration""[Title/Abstract] OR ""keratinocyte""[Title/Abstract] OR ""moisture""[Title/Abstract] OR ""moisturising""[Title/Abstract] OR ""moisturizing""[Title/Abstract] OR ""occlusive""[Title/Abstract] OR ""skin""[Title/Abstract] OR ""skin barrier""[Title/Abstract] OR ""skin water content""[Title/Abstract] OR ""stratum corneum""[Title/Abstract] OR ""topical""[Title/Abstract] OR ""transepidermal water loss""[Title/Abstract] OR ""water loss""[Title/Abstract] OR ""xerosis""[Title/Abstract])",32065958|16835133|11766136|7791023|7738800|3377973,6,,0,,,,,,,,0,[],no_expanded_pubmed_candidate,not_found,none,2026-07-12,mwbl-missing-effect-search-v1
dicaprylyl_carbonate,다이카프릴릴카보네이트,Dicaprylyl Carbonate,effect_moisture_barrier,보습·장벽,"(""Dicaprylyl Carbonate""[Title/Abstract]) AND (""barrier function""[Title/Abstract] OR ""corneocyte""[Title/Abstract] OR ""cosmetic""[Title/Abstract] OR ""cutaneous""[Title/Abstract] OR ""dermal""[Title/Abstract] OR ""dermatitis""[Title/Abstract] OR ""dermatology""[Title/Abstract] OR ""dry skin""[Title/Abstract] OR ""epidermal""[Title/Abstract] OR ""epidermis""[Title/Abstract] OR ""humectant""[Title/Abstract] OR ""hydration""[Title/Abstract] OR ""keratinocyte""[Title/Abstract] OR ""moisture""[Title/Abstract] OR ""moisturising""[Title/Abstract] OR ""moisturizing""[Title/Abstract] OR ""occlusive""[Title/Abstract] OR ""skin""[Title/Abstract] OR ""skin barrier""[Title/Abstract] OR ""skin water content""[Title/Abstract] OR ""stratum corneum""[Title/Abstract] OR ""topical""[Title/Abstract] OR ""transepidermal water loss""[Title/Abstract] OR ""water loss""[Title/Abstract] OR ""xerosis""[Title/Abstract])",,0,,0,,,,,,,,0,[],no_expanded_pubmed_candidate,not_found,none,2026-07-12,mwbl-missing-effect-search-v1
dicaprylyl_ether,다이카프릴릴에터,Dicaprylyl Ether,effect_moisture_barrier,보습·장벽,"(""Dicaprylyl Ether""[Title/Abstract]) AND (""barrier function""[Title/Abstract] OR ""corneocyte""[Title/Abstract] OR ""cosmetic""[Title/Abstract] OR ""cutaneous""[Title/Abstract] OR ""dermal""[Title/Abstract] OR ""dermatitis""[Title/Abstract] OR ""dermatology""[Title/Abstract] OR ""dry skin""[Title/Abstract] OR ""epidermal""[Title/Abstract] OR ""epidermis""[Title/Abstract] OR ""humectant""[Title/Abstract] OR ""hydration""[Title/Abstract] OR ""keratinocyte""[Title/Abstract] OR ""moisture""[Title/Abstract] OR ""moisturising""[Title/Abstract] OR ""moisturizing""[Title/Abstract] OR ""occlusive""[Title/Abstract] OR ""skin""[Title/Abstract] OR ""skin barrier""[Title/Abstract] OR ""skin water content""[Title/Abstract] OR ""stratum corneum""[Title/Abstract] OR ""topical""[Title/Abstract] OR ""transepidermal water loss""[Title/Abstract] OR ""water loss""[Title/Abstract] OR ""xerosis""[Title/Abstract])",41693072,1,,0,,,,,,,,0,[],no_expanded_pubmed_candidate,not_found,none,2026-07-12,mwbl-missing-effect-search-v1
diethylhexyl_syringylidenemalonate,다이에틸헥실시링질리덴말로네이트,Diethylhexyl Syringylidenemalonate,effect_moisture_barrier,보습·장벽,"(""Diethylhexyl Syringylidenemalonate""[Title/Abstract]) AND (""barrier function""[Title/Abstract] OR ""corneocyte""[Title/Abstract] OR ""cosmetic""[Title/Abstract] OR ""cutaneous""[Title/Abstract] OR ""dermal""[Title/Abstract] OR ""dermatitis""[Title/Abstract] OR ""dermatology""[Title/Abstract] OR ""dry skin""[Title/Abstract] OR ""epidermal""[Title/Abstract] OR ""epidermis""[Title/Abstract] OR ""humectant""[Title/Abstract] OR ""hydration""[Title/Abstract] OR ""keratinocyte""[Title/Abstract] OR ""moisture""[Title/Abstract] OR ""moisturising""[Title/Abstract] OR ""moisturizing""[Title/Abstract] OR ""occlusive""[Title/Abstract] OR ""skin""[Title/Abstract] OR ""skin barrier""[Title/Abstract] OR ""skin water content""[Title/Abstract] OR ""stratum corneum""[Title/Abstract] OR ""topical""[Title/Abstract] OR ""transepidermal water loss""[Title/Abstract] OR ""water loss""[Title/Abstract] OR ""xerosis""[Title/Abstract])",,0,,0,,,,,,,,0,[],no_expanded_pubmed_candidate,not_found,none,2026-07-12,mwbl-missing-effect-search-v1
diglycerin,다이글리세린,Diglycerin,effect_moisture_barrier,보습·장벽,"(""Diglycerin""[Title/Abstract]) AND (""barrier function""[Title/Abstract] OR ""corneocyte""[Title/Abstract] OR ""cosmetic""[Title/Abstract] OR ""cutaneous""[Title/Abstract] OR ""dermal""[Title/Abstract] OR ""dermatitis""[Title/Abstract] OR ""dermatology""[Title/Abstract] OR ""dry skin""[Title/Abstract] OR ""epidermal""[Title/Abstract] OR ""epidermis""[Title/Abstract] OR ""humectant""[Title/Abstract] OR ""hydration""[Title/Abstract] OR ""keratinocyte""[Title/Abstract] OR ""moisture""[Title/Abstract] OR ""moisturising""[Title/Abstract] OR ""moisturizing""[Title/Abstract] OR ""occlusive""[Title/Abstract] OR ""skin""[Title/Abstract] OR ""skin barrier""[Title/Abstract] OR ""skin water content""[Title/Abstract] OR ""stratum corneum""[Title/Abstract] OR ""topical""[Title/Abstract] OR ""transepidermal water loss""[Title/Abstract] OR ""water loss""[Title/Abstract] OR ""xerosis""[Title/Abstract])",,0,,0,,,,,,,,0,[],no_expanded_pubmed_candidate,not_found,none,2026-07-12,mwbl-missing-effect-search-v1
dihydroxyisopropyl_palmoylpalmamide,다이하이드록시아이소프로필팔모일팜아마이드,Dihydroxyisopropyl Palmoylpalmamide,effect_moisture_barrier,보습·장벽,"(""Dihydroxyisopropyl Palmoylpalmamide""[Title/Abstract]) AND (""barrier function""[Title/Abstract] OR ""corneocyte""[Title/Abstract] OR ""cosmetic""[Title/Abstract] OR ""cutaneous""[Title/Abstract] OR ""dermal""[Title/Abstract] OR ""dermatitis""[Title/Abstract] OR ""dermatology""[Title/Abstract] OR ""dry skin""[Title/Abstract] OR ""epidermal""[Title/Abstract] OR ""epidermis""[Title/Abstract] OR ""humectant""[Title/Abstract] OR ""hydration""[Title/Abstract] OR ""keratinocyte""[Title/Abstract] OR ""moisture""[Title/Abstract] OR ""moisturising""[Title/Abstract] OR ""moisturizing""[Title/Abstract] OR ""occlusive""[Title/Abstract] OR ""skin""[Title/Abstract] OR ""skin barrier""[Title/Abstract] OR ""skin water content""[Title/Abstract] OR ""stratum corneum""[Title/Abstract] OR ""topical""[Title/Abstract] OR ""transepidermal water loss""[Title/Abstract] OR ""water loss""[Title/Abstract] OR ""xerosis""[Title/Abstract])",,0,,0,,,,,,,,0,[],no_expanded_pubmed_candidate,not_found,none,2026-07-12,mwbl-missing-effect-search-v1
dihydroxypropyl_arginine_hcl,다이하이드록시프로필알지닌에이치씨엘,Dihydroxypropyl Arginine HCl,effect_moisture_barrier,보습·장벽,"(""Dihydroxypropyl Arginine HCl""[Title/Abstract]) AND (""barrier function""[Title/Abstract] OR ""corneocyte""[Title/Abstract] OR ""cosmetic""[Title/Abstract] OR ""cutaneous""[Title/Abstract] OR ""dermal""[Title/Abstract] OR ""dermatitis""[Title/Abstract] OR ""dermatology""[Title/Abstract] OR ""dry skin""[Title/Abstract] OR ""epidermal""[Title/Abstract] OR ""epidermis""[Title/Abstract] OR ""humectant""[Title/Abstract] OR ""hydration""[Title/Abstract] OR ""keratinocyte""[Title/Abstract] OR ""moisture""[Title/Abstract] OR ""moisturising""[Title/Abstract] OR ""moisturizing""[Title/Abstract] OR ""occlusive""[Title/Abstract] OR ""skin""[Title/Abstract] OR ""skin barrier""[Title/Abstract] OR ""skin water content""[Title/Abstract] OR ""stratum corneum""[Title/Abstract] OR ""topical""[Title/Abstract] OR ""transepidermal water loss""[Title/Abstract] OR ""water loss""[Title/Abstract] OR ""xerosis""[Title/Abstract])",,0,,0,,,,,,,,0,[],no_expanded_pubmed_candidate,not_found,none,2026-07-12,mwbl-missing-effect-search-v1
diisopropyl_sebacate,다이아이소프로필세바케이트,Diisopropyl Sebacate,effect_moisture_barrier,보습·장벽,"(""Diisopropyl Sebacate""[Title/Abstract]) AND (""barrier function""[Title/Abstract] OR ""corneocyte""[Title/Abstract] OR ""cosmetic""[Title/Abstract] OR ""cutaneous""[Title/Abstract] OR ""dermal""[Title/Abstract] OR ""dermatitis""[Title/Abstract] OR ""dermatology""[Title/Abstract] OR ""dry skin""[Title/Abstract] OR ""epidermal""[Title/Abstract] OR ""epidermis""[Title/Abstract] OR ""humectant""[Title/Abstract] OR ""hydration""[Title/Abstract] OR ""keratinocyte""[Title/Abstract] OR ""moisture""[Title/Abstract] OR ""moisturising""[Title/Abstract] OR ""moisturizing""[Title/Abstract] OR ""occlusive""[Title/Abstract] OR ""skin""[Title/Abstract] OR ""skin barrier""[Title/Abstract] OR ""skin water content""[Title/Abstract] OR ""stratum corneum""[Title/Abstract] OR ""topical""[Title/Abstract] OR ""transepidermal water loss""[Title/Abstract] OR ""water loss""[Title/Abstract] OR ""xerosis""[Title/Abstract])",29081457|2946543,2,,0,,,,,,,,0,[],no_expanded_pubmed_candidate,not_found,none,2026-07-12,mwbl-missing-effect-search-v1
diisostearyl_malate,다이아이소스테아릴말레이트,Diisostearyl Malate,effect_moisture_barrier,보습·장벽,"(""Diisostearyl Malate""[Title/Abstract]) AND (""barrier function""[Title/Abstract] OR ""corneocyte""[Title/Abstract] OR ""cosmetic""[Title/Abstract] OR ""cutaneous""[Title/Abstract] OR ""dermal""[Title/Abstract] OR ""dermatitis""[Title/Abstract] OR ""dermatology""[Title/Abstract] OR ""dry skin""[Title/Abstract] OR ""epidermal""[Title/Abstract] OR ""epidermis""[Title/Abstract] OR ""humectant""[Title/Abstract] OR ""hydration""[Title/Abstract] OR ""keratinocyte""[Title/Abstract] OR ""moisture""[Title/Abstract] OR ""moisturising""[Title/Abstract] OR ""moisturizing""[Title/Abstract] OR ""occlusive""[Title/Abstract] OR ""skin""[Title/Abstract] OR ""skin barrier""[Title/Abstract] OR ""skin water content""[Title/Abstract] OR ""stratum corneum""[Title/Abstract] OR ""topical""[Title/Abstract] OR ""transepidermal water loss""[Title/Abstract] OR ""water loss""[Title/Abstract] OR ""xerosis""[Title/Abstract])",42091564|3595121,2,,0,,,,,,,,0,[],no_expanded_pubmed_candidate,not_found,none,2026-07-12,mwbl-missing-effect-search-v1
dimethicone_divinyldimethicone_silsesquioxane_crosspolymer,다이메티콘/다이비닐다이메티콘/실세스퀴옥세인크로스폴 리머,Dimethicone/Divinyldimethicone/Silsesquioxane Crosspolymer,effect_moisture_barrier,보습·장벽,"(""Dimethicone/Divinyldimethicone/Silsesquioxane Crosspolymer""[Title/Abstract] OR ""dimethicone divinyldimethicone silsesquioxane crosspolymer""[Title/Abstract]) AND (""barrier function""[Title/Abstract] OR ""corneocyte""[Title/Abstract] OR ""cosmetic""[Title/Abstract] OR ""cutaneous""[Title/Abstract] OR ""dermal""[Title/Abstract] OR ""dermatitis""[Title/Abstract] OR ""dermatology""[Title/Abstract] OR ""dry skin""[Title/Abstract] OR ""epidermal""[Title/Abstract] OR ""epidermis""[Title/Abstract] OR ""humectant""[Title/Abstract] OR ""hydration""[Title/Abstract] OR ""keratinocyte""[Title/Abstract] OR ""moisture""[Title/Abstract] OR ""moisturising""[Title/Abstract] OR ""moisturizing""[Title/Abstract] OR ""occlusive""[Title/Abstract] OR ""skin""[Title/Abstract] OR ""skin barrier""[Title/Abstract] OR ""skin water content""[Title/Abstract] OR ""stratum corneum""[Title/Abstract] OR ""topical""[Title/Abstract] OR ""transepidermal water loss""[Title/Abstract] OR ""water loss""[Title/Abstract] OR ""xerosis""[Title/Abstract])",,0,,0,,,,,,,,0,[],no_expanded_pubmed_candidate,not_found,none,2026-07-12,mwbl-missing-effect-search-v1
dimethiconol,다이메티콘올,Dimethiconol,effect_moisture_barrier,보습·장벽,"(""Dimethiconol""[Title/Abstract]) AND (""barrier function""[Title/Abstract] OR ""corneocyte""[Title/Abstract] OR ""cosmetic""[Title/Abstract] OR ""cutaneous""[Title/Abstract] OR ""dermal""[Title/Abstract] OR ""dermatitis""[Title/Abstract] OR ""dermatology""[Title/Abstract] OR ""dry skin""[Title/Abstract] OR ""epidermal""[Title/Abstract] OR ""epidermis""[Title/Abstract] OR ""humectant""[Title/Abstract] OR ""hydration""[Title/Abstract] OR ""keratinocyte""[Title/Abstract] OR ""moisture""[Title/Abstract] OR ""moisturising""[Title/Abstract] OR ""moisturizing""[Title/Abstract] OR ""occlusive""[Title/Abstract] OR ""skin""[Title/Abstract] OR ""skin barrier""[Title/Abstract] OR ""skin water content""[Title/Abstract] OR ""stratum corneum""[Title/Abstract] OR ""topical""[Title/Abstract] OR ""transepidermal water loss""[Title/Abstract] OR ""water loss""[Title/Abstract] OR ""xerosis""[Title/Abstract])",29243542,1,,0,,,,,,,,0,[],no_expanded_pubmed_candidate,not_found,none,2026-07-12,mwbl-missing-effect-search-v1
dimethylsilanol_hyaluronate,다이메틸실란올하이알루로네이트,Dimethylsilanol Hyaluronate,effect_moisture_barrier,보습·장벽,"(""Dimethylsilanol Hyaluronate""[Title/Abstract]) AND (""barrier function""[Title/Abstract] OR ""corneocyte""[Title/Abstract] OR ""cosmetic""[Title/Abstract] OR ""cutaneous""[Title/Abstract] OR ""dermal""[Title/Abstract] OR ""dermatitis""[Title/Abstract] OR ""dermatology""[Title/Abstract] OR ""dry skin""[Title/Abstract] OR ""epidermal""[Title/Abstract] OR ""epidermis""[Title/Abstract] OR ""humectant""[Title/Abstract] OR ""hydration""[Title/Abstract] OR ""keratinocyte""[Title/Abstract] OR ""moisture""[Title/Abstract] OR ""moisturising""[Title/Abstract] OR ""moisturizing""[Title/Abstract] OR ""occlusive""[Title/Abstract] OR ""skin""[Title/Abstract] OR ""skin barrier""[Title/Abstract] OR ""skin water content""[Title/Abstract] OR ""stratum corneum""[Title/Abstract] OR ""topical""[Title/Abstract] OR ""transepidermal water loss""[Title/Abstract] OR ""water loss""[Title/Abstract] OR ""xerosis""[Title/Abstract])",,0,,0,,,,,,,,0,[],no_expanded_pubmed_candidate,not_found,none,2026-07-12,mwbl-missing-effect-search-v1
echinacea_angustifolia_extract,에키네시아추출물,Echinacea Angustifolia Extract,effect_calming,진정,"(""Echinacea Angustifolia Extract""[Title/Abstract]) AND (""anti-inflammatory""[Title/Abstract] OR ""barrier function""[Title/Abstract] OR ""corneocyte""[Title/Abstract] OR ""cosmetic""[Title/Abstract] OR ""cutaneous""[Title/Abstract] OR ""dermal""[Title/Abstract] OR ""dermatitis""[Title/Abstract] OR ""dermatology""[Title/Abstract] OR ""dry skin""[Title/Abstract] OR ""epidermal""[Title/Abstract] OR ""epidermis""[Title/Abstract] OR ""erythema""[Title/Abstract] OR ""humectant""[Title/Abstract] OR ""hydration""[Title/Abstract] OR ""inflammation""[Title/Abstract] OR ""irritation""[Title/Abstract] OR ""keratinocyte""[Title/Abstract] OR ""moisture""[Title/Abstract] OR ""moisturising""[Title/Abstract] OR ""moisturizing""[Title/Abstract] OR ""occlusive""[Title/Abstract] OR ""pruritus""[Title/Abstract] OR ""redness""[Title/Abstract] OR ""sensitive skin""[Title/Abstract] OR ""skin""[Title/Abstract] OR ""skin barrier""[Title/Abstract] OR ""skin water content""[Title/Abstract] OR ""stratum corneum""[Title/Abstract] OR ""topical""[Title/Abstract] OR ""transepidermal water loss""[Title/Abstract] OR ""water loss""[Title/Abstract] OR ""wound healing""[Title/Abstract] OR ""xerosis""[Title/Abstract])",27737573|18424103,2,,0,,,,,,,,0,[],no_expanded_pubmed_candidate,not_found,none,2026-07-12,mwbl-missing-effect-search-v1
echinacea_angustifolia_extract,에키네시아추출물,Echinacea Angustifolia Extract,effect_moisture_barrier,보습·장벽,"(""Echinacea Angustifolia Extract""[Title/Abstract]) AND (""anti-inflammatory""[Title/Abstract] OR ""barrier function""[Title/Abstract] OR ""corneocyte""[Title/Abstract] OR ""cosmetic""[Title/Abstract] OR ""cutaneous""[Title/Abstract] OR ""dermal""[Title/Abstract] OR ""dermatitis""[Title/Abstract] OR ""dermatology""[Title/Abstract] OR ""dry skin""[Title/Abstract] OR ""epidermal""[Title/Abstract] OR ""epidermis""[Title/Abstract] OR ""erythema""[Title/Abstract] OR ""humectant""[Title/Abstract] OR ""hydration""[Title/Abstract] OR ""inflammation""[Title/Abstract] OR ""irritation""[Title/Abstract] OR ""keratinocyte""[Title/Abstract] OR ""moisture""[Title/Abstract] OR ""moisturising""[Title/Abstract] OR ""moisturizing""[Title/Abstract] OR ""occlusive""[Title/Abstract] OR ""pruritus""[Title/Abstract] OR ""redness""[Title/Abstract] OR ""sensitive skin""[Title/Abstract] OR ""skin""[Title/Abstract] OR ""skin barrier""[Title/Abstract] OR ""skin water content""[Title/Abstract] OR ""stratum corneum""[Title/Abstract] OR ""topical""[Title/Abstract] OR ""transepidermal water loss""[Title/Abstract] OR ""water loss""[Title/Abstract] OR ""wound healing""[Title/Abstract] OR ""xerosis""[Title/Abstract])",27737573|18424103,2,,0,,,,,,,,0,[],no_expanded_pubmed_candidate,not_found,none,2026-07-12,mwbl-missing-effect-search-v1
equisetum_arvense_extract,쇠뜨기추출물,Equisetum Arvense Extract,effect_calming,진정,"(""Equisetum Arvense Extract""[Title/Abstract]) AND (""anti-inflammatory""[Title/Abstract] OR ""barrier function""[Title/Abstract] OR ""corneocyte""[Title/Abstract] OR ""cosmetic""[Title/Abstract] OR ""cutaneous""[Title/Abstract] OR ""dermal""[Title/Abstract] OR ""dermatitis""[Title/Abstract] OR ""dermatology""[Title/Abstract] OR ""dry skin""[Title/Abstract] OR ""epidermal""[Title/Abstract] OR ""epidermis""[Title/Abstract] OR ""erythema""[Title/Abstract] OR ""humectant""[Title/Abstract] OR ""hydration""[Title/Abstract] OR ""inflammation""[Title/Abstract] OR ""irritation""[Title/Abstract] OR ""keratinocyte""[Title/Abstract] OR ""moisture""[Title/Abstract] OR ""moisturising""[Title/Abstract] OR ""moisturizing""[Title/Abstract] OR ""occlusive""[Title/Abstract] OR ""pruritus""[Title/Abstract] OR ""redness""[Title/Abstract] OR ""sensitive skin""[Title/Abstract] OR ""skin""[Title/Abstract] OR ""skin barrier""[Title/Abstract] OR ""skin water content""[Title/Abstract] OR ""stratum corneum""[Title/Abstract] OR ""topical""[Title/Abstract] OR ""transepidermal water loss""[Title/Abstract] OR ""water loss""[Title/Abstract] OR ""wound healing""[Title/Abstract] OR ""xerosis""[Title/Abstract])",40573109|39570913|36794024|33141307,4,,0,,,,,,,,0,[],no_expanded_pubmed_candidate,not_found,none,2026-07-12,mwbl-missing-effect-search-v1
equisetum_arvense_extract,쇠뜨기추출물,Equisetum Arvense Extract,effect_moisture_barrier,보습·장벽,"(""Equisetum Arvense Extract""[Title/Abstract]) AND (""anti-inflammatory""[Title/Abstract] OR ""barrier function""[Title/Abstract] OR ""corneocyte""[Title/Abstract] OR ""cosmetic""[Title/Abstract] OR ""cutaneous""[Title/Abstract] OR ""dermal""[Title/Abstract] OR ""dermatitis""[Title/Abstract] OR ""dermatology""[Title/Abstract] OR ""dry skin""[Title/Abstract] OR ""epidermal""[Title/Abstract] OR ""epidermis""[Title/Abstract] OR ""erythema""[Title/Abstract] OR ""humectant""[Title/Abstract] OR ""hydration""[Title/Abstract] OR ""inflammation""[Title/Abstract] OR ""irritation""[Title/Abstract] OR ""keratinocyte""[Title/Abstract] OR ""moisture""[Title/Abstract] OR ""moisturising""[Title/Abstract] OR ""moisturizing""[Title/Abstract] OR ""occlusive""[Title/Abstract] OR ""pruritus""[Title/Abstract] OR ""redness""[Title/Abstract] OR ""sensitive skin""[Title/Abstract] OR ""skin""[Title/Abstract] OR ""skin barrier""[Title/Abstract] OR ""skin water content""[Title/Abstract] OR ""stratum corneum""[Title/Abstract] OR ""topical""[Title/Abstract] OR ""transepidermal water loss""[Title/Abstract] OR ""water loss""[Title/Abstract] OR ""wound healing""[Title/Abstract] OR ""xerosis""[Title/Abstract])",40573109|39570913|36794024|33141307,4,,0,,,,,,,,0,[],no_expanded_pubmed_candidate,not_found,none,2026-07-12,mwbl-missing-effect-search-v1
equisetum_arvense_leaf_extract,쇠뜨기잎추출물,Equisetum Arvense Leaf Extract,effect_calming,진정,"(""Equisetum Arvense Leaf Extract""[Title/Abstract]) AND (""anti-inflammatory""[Title/Abstract] OR ""barrier function""[Title/Abstract] OR ""corneocyte""[Title/Abstract] OR ""cosmetic""[Title/Abstract] OR ""cutaneous""[Title/Abstract] OR ""dermal""[Title/Abstract] OR ""dermatitis""[Title/Abstract] OR ""dermatology""[Title/Abstract] OR ""dry skin""[Title/Abstract] OR ""epidermal""[Title/Abstract] OR ""epidermis""[Title/Abstract] OR ""erythema""[Title/Abstract] OR ""humectant""[Title/Abstract] OR ""hydration""[Title/Abstract] OR ""inflammation""[Title/Abstract] OR ""irritation""[Title/Abstract] OR ""keratinocyte""[Title/Abstract] OR ""moisture""[Title/Abstract] OR ""moisturising""[Title/Abstract] OR ""moisturizing""[Title/Abstract] OR ""occlusive""[Title/Abstract] OR ""pruritus""[Title/Abstract] OR ""redness""[Title/Abstract] OR ""sensitive skin""[Title/Abstract] OR ""skin""[Title/Abstract] OR ""skin barrier""[Title/Abstract] OR ""skin water content""[Title/Abstract] OR ""stratum corneum""[Title/Abstract] OR ""topical""[Title/Abstract] OR ""transepidermal water loss""[Title/Abstract] OR ""water loss""[Title/Abstract] OR ""wound healing""[Title/Abstract] OR ""xerosis""[Title/Abstract])",,0,,0,,,,,,,,0,[],no_expanded_pubmed_candidate,not_found,none,2026-07-12,mwbl-missing-effect-search-v1
equisetum_arvense_leaf_extract,쇠뜨기잎추출물,Equisetum Arvense Leaf Extract,effect_moisture_barrier,보습·장벽,"(""Equisetum Arvense Leaf Extract""[Title/Abstract]) AND (""anti-inflammatory""[Title/Abstract] OR ""barrier function""[Title/Abstract] OR ""corneocyte""[Title/Abstract] OR ""cosmetic""[Title/Abstract] OR ""cutaneous""[Title/Abstract] OR ""dermal""[Title/Abstract] OR ""dermatitis""[Title/Abstract] OR ""dermatology""[Title/Abstract] OR ""dry skin""[Title/Abstract] OR ""epidermal""[Title/Abstract] OR ""epidermis""[Title/Abstract] OR ""erythema""[Title/Abstract] OR ""humectant""[Title/Abstract] OR ""hydration""[Title/Abstract] OR ""inflammation""[Title/Abstract] OR ""irritation""[Title/Abstract] OR ""keratinocyte""[Title/Abstract] OR ""moisture""[Title/Abstract] OR ""moisturising""[Title/Abstract] OR ""moisturizing""[Title/Abstract] OR ""occlusive""[Title/Abstract] OR ""pruritus""[Title/Abstract] OR ""redness""[Title/Abstract] OR ""sensitive skin""[Title/Abstract] OR ""skin""[Title/Abstract] OR ""skin barrier""[Title/Abstract] OR ""skin water content""[Title/Abstract] OR ""stratum corneum""[Title/Abstract] OR ""topical""[Title/Abstract] OR ""transepidermal water loss""[Title/Abstract] OR ""water loss""[Title/Abstract] OR ""wound healing""[Title/Abstract] OR ""xerosis""[Title/Abstract])",,0,,0,,,,,,,,0,[],no_expanded_pubmed_candidate,not_found,none,2026-07-12,mwbl-missing-effect-search-v1
ethyl_lauroyl_arginate_hcl,에칠라우로일알지네이트하이드로클로라이드,Ethyl Lauroyl Arginate HCl,effect_acne_sebum,여드름·피지,"(""Ethyl Lauroyl Arginate HCl""[Title/Abstract]) AND (""acne""[Title/Abstract] OR ""comedogenic""[Title/Abstract] OR ""comedone""[Title/Abstract] OR ""corneocyte""[Title/Abstract] OR ""cosmetic""[Title/Abstract] OR ""cutaneous""[Title/Abstract] OR ""cutibacterium acnes""[Title/Abstract] OR ""dermal""[Title/Abstract] OR ""dermatitis""[Title/Abstract] OR ""dermatology""[Title/Abstract] OR ""epidermal""[Title/Abstract] OR ""epidermis""[Title/Abstract] OR ""keratinocyte""[Title/Abstract] OR ""propionibacterium acnes""[Title/Abstract] OR ""sebaceous""[Title/Abstract] OR ""sebum""[Title/Abstract] OR ""skin""[Title/Abstract] OR ""stratum corneum""[Title/Abstract] OR ""topical""[Title/Abstract])",,0,,0,,,,,,,,0,[],no_expanded_pubmed_candidate,not_found,none,2026-07-12,mwbl-missing-effect-search-v1
ethyl_vanillin,에틸바닐린,Ethyl Vanillin,effect_calming,진정,"(""Ethyl Vanillin""[Title/Abstract]) AND (""anti-inflammatory""[Title/Abstract] OR ""corneocyte""[Title/Abstract] OR ""cosmetic""[Title/Abstract] OR ""cutaneous""[Title/Abstract] OR ""dermal""[Title/Abstract] OR ""dermatitis""[Title/Abstract] OR ""dermatology""[Title/Abstract] OR ""epidermal""[Title/Abstract] OR ""epidermis""[Title/Abstract] OR ""erythema""[Title/Abstract] OR ""inflammation""[Title/Abstract] OR ""irritation""[Title/Abstract] OR ""keratinocyte""[Title/Abstract] OR ""pruritus""[Title/Abstract] OR ""redness""[Title/Abstract] OR ""sensitive skin""[Title/Abstract] OR ""skin""[Title/Abstract] OR ""stratum corneum""[Title/Abstract] OR ""topical""[Title/Abstract] OR ""wound healing""[Title/Abstract])",34416289|33746051|33235237|31693394|31353658|29548792|25446604|25344384|24586538|20195833|11553118,11,,0,,,,,,,,0,[],no_expanded_pubmed_candidate,not_found,none,2026-07-12,mwbl-missing-effect-search-v1
ethylhexyl_palmitate,에틸헥실팔미테이트,Ethylhexyl Palmitate,effect_moisture_barrier,보습·장벽,"(""Ethylhexyl Palmitate""[Title/Abstract]) AND (""barrier function""[Title/Abstract] OR ""corneocyte""[Title/Abstract] OR ""cosmetic""[Title/Abstract] OR ""cutaneous""[Title/Abstract] OR ""dermal""[Title/Abstract] OR ""dermatitis""[Title/Abstract] OR ""dermatology""[Title/Abstract] OR ""dry skin""[Title/Abstract] OR ""epidermal""[Title/Abstract] OR ""epidermis""[Title/Abstract] OR ""humectant""[Title/Abstract] OR ""hydration""[Title/Abstract] OR ""keratinocyte""[Title/Abstract] OR ""moisture""[Title/Abstract] OR ""moisturising""[Title/Abstract] OR ""moisturizing""[Title/Abstract] OR ""occlusive""[Title/Abstract] OR ""skin""[Title/Abstract] OR ""skin barrier""[Title/Abstract] OR ""skin water content""[Title/Abstract] OR ""stratum corneum""[Title/Abstract] OR ""topical""[Title/Abstract] OR ""transepidermal water loss""[Title/Abstract] OR ""water loss""[Title/Abstract] OR ""xerosis""[Title/Abstract])",32788510|24256135,2,,0,,,,,,,,0,[],no_expanded_pubmed_candidate,not_found,none,2026-07-12,mwbl-missing-effect-search-v1
euphorbia_cerifera_candelilla_wax,칸데릴라왁스,Euphorbia Cerifera (Candelilla) Wax,effect_moisture_barrier,보습·장벽,"(""Euphorbia Cerifera (Candelilla) Wax""[Title/Abstract] OR ""euphorbia cerifera candelilla wax""[Title/Abstract]) AND (""barrier function""[Title/Abstract] OR ""corneocyte""[Title/Abstract] OR ""cosmetic""[Title/Abstract] OR ""cutaneous""[Title/Abstract] OR ""dermal""[Title/Abstract] OR ""dermatitis""[Title/Abstract] OR ""dermatology""[Title/Abstract] OR ""dry skin""[Title/Abstract] OR ""epidermal""[Title/Abstract] OR ""epidermis""[Title/Abstract] OR ""humectant""[Title/Abstract] OR ""hydration""[Title/Abstract] OR ""keratinocyte""[Title/Abstract] OR ""moisture""[Title/Abstract] OR ""moisturising""[Title/Abstract] OR ""moisturizing""[Title/Abstract] OR ""occlusive""[Title/Abstract] OR ""skin""[Title/Abstract] OR ""skin barrier""[Title/Abstract] OR ""skin water content""[Title/Abstract] OR ""stratum corneum""[Title/Abstract] OR ""topical""[Title/Abstract] OR ""transepidermal water loss""[Title/Abstract] OR ""water loss""[Title/Abstract] OR ""xerosis""[Title/Abstract])",,0,,0,,,,,,,,0,[],no_expanded_pubmed_candidate,not_found,none,2026-07-12,mwbl-missing-effect-search-v1
euphrasia_officinalis_extract,아이브라이트추출물,Euphrasia Officinalis Extract,effect_calming,진정,"(""Euphrasia Officinalis Extract""[Title/Abstract]) AND (""anti-inflammatory""[Title/Abstract] OR ""corneocyte""[Title/Abstract] OR ""cosmetic""[Title/Abstract] OR ""cutaneous""[Title/Abstract] OR ""dermal""[Title/Abstract] OR ""dermatitis""[Title/Abstract] OR ""dermatology""[Title/Abstract] OR ""epidermal""[Title/Abstract] OR ""epidermis""[Title/Abstract] OR ""erythema""[Title/Abstract] OR ""inflammation""[Title/Abstract] OR ""irritation""[Title/Abstract] OR ""keratinocyte""[Title/Abstract] OR ""pruritus""[Title/Abstract] OR ""redness""[Title/Abstract] OR ""sensitive skin""[Title/Abstract] OR ""skin""[Title/Abstract] OR ""stratum corneum""[Title/Abstract] OR ""topical""[Title/Abstract] OR ""wound healing""[Title/Abstract])",,0,,0,,,,,,,,0,[],no_expanded_pubmed_candidate,not_found,none,2026-07-12,mwbl-missing-effect-search-v1
ficus_carica_fig_fruit_extract,무화과추출물,Ficus Carica (Fig) Fruit Extract,effect_moisture_barrier,보습·장벽,"(""Ficus Carica (Fig) Fruit Extract""[Title/Abstract] OR ""ficus carica fig fruit extract""[Title/Abstract]) AND (""barrier function""[Title/Abstract] OR ""corneocyte""[Title/Abstract] OR ""cosmetic""[Title/Abstract] OR ""cutaneous""[Title/Abstract] OR ""dermal""[Title/Abstract] OR ""dermatitis""[Title/Abstract] OR ""dermatology""[Title/Abstract] OR ""dry skin""[Title/Abstract] OR ""epidermal""[Title/Abstract] OR ""epidermis""[Title/Abstract] OR ""humectant""[Title/Abstract] OR ""hydration""[Title/Abstract] OR ""keratinocyte""[Title/Abstract] OR ""moisture""[Title/Abstract] OR ""moisturising""[Title/Abstract] OR ""moisturizing""[Title/Abstract] OR ""occlusive""[Title/Abstract] OR ""skin""[Title/Abstract] OR ""skin barrier""[Title/Abstract] OR ""skin water content""[Title/Abstract] OR ""stratum corneum""[Title/Abstract] OR ""topical""[Title/Abstract] OR ""transepidermal water loss""[Title/Abstract] OR ""water loss""[Title/Abstract] OR ""xerosis""[Title/Abstract])",,0,,0,,,,,,,,0,[],no_expanded_pubmed_candidate,not_found,none,2026-07-12,mwbl-missing-effect-search-v1
foeniculum_vulgare_fennel_fruit_extract,회향열매추출물,Foeniculum Vulgare (Fennel) Fruit Extract,effect_calming,진정,"(""Foeniculum Vulgare (Fennel) Fruit Extract""[Title/Abstract] OR ""foeniculum vulgare fennel fruit extract""[Title/Abstract]) AND (""anti-inflammatory""[Title/Abstract] OR ""barrier function""[Title/Abstract] OR ""corneocyte""[Title/Abstract] OR ""cosmetic""[Title/Abstract] OR ""cutaneous""[Title/Abstract] OR ""dermal""[Title/Abstract] OR ""dermatitis""[Title/Abstract] OR ""dermatology""[Title/Abstract] OR ""dry skin""[Title/Abstract] OR ""epidermal""[Title/Abstract] OR ""epidermis""[Title/Abstract] OR ""erythema""[Title/Abstract] OR ""humectant""[Title/Abstract] OR ""hydration""[Title/Abstract] OR ""inflammation""[Title/Abstract] OR ""irritation""[Title/Abstract] OR ""keratinocyte""[Title/Abstract] OR ""moisture""[Title/Abstract] OR ""moisturising""[Title/Abstract] OR ""moisturizing""[Title/Abstract] OR ""occlusive""[Title/Abstract] OR ""pruritus""[Title/Abstract] OR ""redness""[Title/Abstract] OR ""sensitive skin""[Title/Abstract] OR ""skin""[Title/Abstract] OR ""skin barrier""[Title/Abstract] OR ""skin water content""[Title/Abstract] OR ""stratum corneum""[Title/Abstract] OR ""topical""[Title/Abstract] OR ""transepidermal water loss""[Title/Abstract] OR ""water loss""[Title/Abstract] OR ""wound healing""[Title/Abstract] OR ""xerosis""[Title/Abstract])",,0,,0,,,,,,,,0,[],no_expanded_pubmed_candidate,not_found,none,2026-07-12,mwbl-missing-effect-search-v1
foeniculum_vulgare_fennel_fruit_extract,회향열매추출물,Foeniculum Vulgare (Fennel) Fruit Extract,effect_moisture_barrier,보습·장벽,"(""Foeniculum Vulgare (Fennel) Fruit Extract""[Title/Abstract] OR ""foeniculum vulgare fennel fruit extract""[Title/Abstract]) AND (""anti-inflammatory""[Title/Abstract] OR ""barrier function""[Title/Abstract] OR ""corneocyte""[Title/Abstract] OR ""cosmetic""[Title/Abstract] OR ""cutaneous""[Title/Abstract] OR ""dermal""[Title/Abstract] OR ""dermatitis""[Title/Abstract] OR ""dermatology""[Title/Abstract] OR ""dry skin""[Title/Abstract] OR ""epidermal""[Title/Abstract] OR ""epidermis""[Title/Abstract] OR ""erythema""[Title/Abstract] OR ""humectant""[Title/Abstract] OR ""hydration""[Title/Abstract] OR ""inflammation""[Title/Abstract] OR ""irritation""[Title/Abstract] OR ""keratinocyte""[Title/Abstract] OR ""moisture""[Title/Abstract] OR ""moisturising""[Title/Abstract] OR ""moisturizing""[Title/Abstract] OR ""occlusive""[Title/Abstract] OR ""pruritus""[Title/Abstract] OR ""redness""[Title/Abstract] OR ""sensitive skin""[Title/Abstract] OR ""skin""[Title/Abstract] OR ""skin barrier""[Title/Abstract] OR ""skin water content""[Title/Abstract] OR ""stratum corneum""[Title/Abstract] OR ""topical""[Title/Abstract] OR ""transepidermal water loss""[Title/Abstract] OR ""water loss""[Title/Abstract] OR ""wound healing""[Title/Abstract] OR ""xerosis""[Title/Abstract])",,0,,0,,,,,,,,0,[],no_expanded_pubmed_candidate,not_found,none,2026-07-12,mwbl-missing-effect-search-v1
fucus_vesiculosus_extract,블래더랙추출물,Fucus Vesiculosus Extract,effect_calming,진정,"(""Fucus Vesiculosus Extract""[Title/Abstract]) AND (""anti-inflammatory""[Title/Abstract] OR ""barrier function""[Title/Abstract] OR ""corneocyte""[Title/Abstract] OR ""cosmetic""[Title/Abstract] OR ""cutaneous""[Title/Abstract] OR ""dermal""[Title/Abstract] OR ""dermatitis""[Title/Abstract] OR ""dermatology""[Title/Abstract] OR ""dry skin""[Title/Abstract] OR ""epidermal""[Title/Abstract] OR ""epidermis""[Title/Abstract] OR ""erythema""[Title/Abstract] OR ""humectant""[Title/Abstract] OR ""hydration""[Title/Abstract] OR ""inflammation""[Title/Abstract] OR ""irritation""[Title/Abstract] OR ""keratinocyte""[Title/Abstract] OR ""moisture""[Title/Abstract] OR ""moisturising""[Title/Abstract] OR ""moisturizing""[Title/Abstract] OR ""occlusive""[Title/Abstract] OR ""pruritus""[Title/Abstract] OR ""redness""[Title/Abstract] OR ""sensitive skin""[Title/Abstract] OR ""skin""[Title/Abstract] OR ""skin barrier""[Title/Abstract] OR ""skin water content""[Title/Abstract] OR ""stratum corneum""[Title/Abstract] OR ""topical""[Title/Abstract] OR ""transepidermal water loss""[Title/Abstract] OR ""water loss""[Title/Abstract] OR ""wound healing""[Title/Abstract] OR ""xerosis""[Title/Abstract])",40563259|34015499|30552248|11917251,4,,0,,,,,,,,0,[],no_expanded_pubmed_candidate,not_found,none,2026-07-12,mwbl-missing-effect-search-v1
fucus_vesiculosus_extract,블래더랙추출물,Fucus Vesiculosus Extract,effect_moisture_barrier,보습·장벽,"(""Fucus Vesiculosus Extract""[Title/Abstract]) AND (""anti-inflammatory""[Title/Abstract] OR ""barrier function""[Title/Abstract] OR ""corneocyte""[Title/Abstract] OR ""cosmetic""[Title/Abstract] OR ""cutaneous""[Title/Abstract] OR ""dermal""[Title/Abstract] OR ""dermatitis""[Title/Abstract] OR ""dermatology""[Title/Abstract] OR ""dry skin""[Title/Abstract] OR ""epidermal""[Title/Abstract] OR ""epidermis""[Title/Abstract] OR ""erythema""[Title/Abstract] OR ""humectant""[Title/Abstract] OR ""hydration""[Title/Abstract] OR ""inflammation""[Title/Abstract] OR ""irritation""[Title/Abstract] OR ""keratinocyte""[Title/Abstract] OR ""moisture""[Title/Abstract] OR ""moisturising""[Title/Abstract] OR ""moisturizing""[Title/Abstract] OR ""occlusive""[Title/Abstract] OR ""pruritus""[Title/Abstract] OR ""redness""[Title/Abstract] OR ""sensitive skin""[Title/Abstract] OR ""skin""[Title/Abstract] OR ""skin barrier""[Title/Abstract] OR ""skin water content""[Title/Abstract] OR ""stratum corneum""[Title/Abstract] OR ""topical""[Title/Abstract] OR ""transepidermal water loss""[Title/Abstract] OR ""water loss""[Title/Abstract] OR ""wound healing""[Title/Abstract] OR ""xerosis""[Title/Abstract])",40563259|34015499|30552248|11917251,4,,0,,,,,,,,0,[],no_expanded_pubmed_candidate,not_found,none,2026-07-12,mwbl-missing-effect-search-v1
glycereth_18,글리세레스-18,Glycereth-18,effect_moisture_barrier,보습·장벽,"(""Glycereth-18""[Title/Abstract] OR ""glycereth 18""[Title/Abstract]) AND (""barrier function""[Title/Abstract] OR ""corneocyte""[Title/Abstract] OR ""cosmetic""[Title/Abstract] OR ""cutaneous""[Title/Abstract] OR ""dermal""[Title/Abstract] OR ""dermatitis""[Title/Abstract] OR ""dermatology""[Title/Abstract] OR ""dry skin""[Title/Abstract] OR ""epidermal""[Title/Abstract] OR ""epidermis""[Title/Abstract] OR ""humectant""[Title/Abstract] OR ""hydration""[Title/Abstract] OR ""keratinocyte""[Title/Abstract] OR ""moisture""[Title/Abstract] OR ""moisturising""[Title/Abstract] OR ""moisturizing""[Title/Abstract] OR ""occlusive""[Title/Abstract] OR ""skin""[Title/Abstract] OR ""skin barrier""[Title/Abstract] OR ""skin water content""[Title/Abstract] OR ""stratum corneum""[Title/Abstract] OR ""topical""[Title/Abstract] OR ""transepidermal water loss""[Title/Abstract] OR ""water loss""[Title/Abstract] OR ""xerosis""[Title/Abstract])",40673534,1,,0,,,,,,,,0,[],no_expanded_pubmed_candidate,not_found,none,2026-07-12,mwbl-missing-effect-search-v1
glycereth_20,글리세레스-20,Glycereth-20,effect_moisture_barrier,보습·장벽,"(""Glycereth-20""[Title/Abstract] OR ""glycereth 20""[Title/Abstract]) AND (""barrier function""[Title/Abstract] OR ""corneocyte""[Title/Abstract] OR ""cosmetic""[Title/Abstract] OR ""cutaneous""[Title/Abstract] OR ""dermal""[Title/Abstract] OR ""dermatitis""[Title/Abstract] OR ""dermatology""[Title/Abstract] OR ""dry skin""[Title/Abstract] OR ""epidermal""[Title/Abstract] OR ""epidermis""[Title/Abstract] OR ""humectant""[Title/Abstract] OR ""hydration""[Title/Abstract] OR ""keratinocyte""[Title/Abstract] OR ""moisture""[Title/Abstract] OR ""moisturising""[Title/Abstract] OR ""moisturizing""[Title/Abstract] OR ""occlusive""[Title/Abstract] OR ""skin""[Title/Abstract] OR ""skin barrier""[Title/Abstract] OR ""skin water content""[Title/Abstract] OR ""stratum corneum""[Title/Abstract] OR ""topical""[Title/Abstract] OR ""transepidermal water loss""[Title/Abstract] OR ""water loss""[Title/Abstract] OR ""xerosis""[Title/Abstract])",40673534,1,,0,,,,,,,,0,[],no_expanded_pubmed_candidate,not_found,none,2026-07-12,mwbl-missing-effect-search-v1
glycereth_26,글리세레스-26,Glycereth-26,effect_moisture_barrier,보습·장벽,"(""Glycereth-26""[Title/Abstract] OR ""glycereth 26""[Title/Abstract]) AND (""barrier function""[Title/Abstract] OR ""corneocyte""[Title/Abstract] OR ""cosmetic""[Title/Abstract] OR ""cutaneous""[Title/Abstract] OR ""dermal""[Title/Abstract] OR ""dermatitis""[Title/Abstract] OR ""dermatology""[Title/Abstract] OR ""dry skin""[Title/Abstract] OR ""epidermal""[Title/Abstract] OR ""epidermis""[Title/Abstract] OR ""humectant""[Title/Abstract] OR ""hydration""[Title/Abstract] OR ""keratinocyte""[Title/Abstract] OR ""moisture""[Title/Abstract] OR ""moisturising""[Title/Abstract] OR ""moisturizing""[Title/Abstract] OR ""occlusive""[Title/Abstract] OR ""skin""[Title/Abstract] OR ""skin barrier""[Title/Abstract] OR ""skin water content""[Title/Abstract] OR ""stratum corneum""[Title/Abstract] OR ""topical""[Title/Abstract] OR ""transepidermal water loss""[Title/Abstract] OR ""water loss""[Title/Abstract] OR ""xerosis""[Title/Abstract])",40673534,1,,0,,,,,,,,0,[],no_expanded_pubmed_candidate,not_found,none,2026-07-12,mwbl-missing-effect-search-v1
glyceryl_acrylate_acrylic_acid_copolymer,글리세릴아크릴레이트/아크릴릭애씨드코폴리머,Glyceryl Acrylate/Acrylic Acid Copolymer,effect_moisture_barrier,보습·장벽,"(""Glyceryl Acrylate/Acrylic Acid Copolymer""[Title/Abstract] OR ""glyceryl acrylate acrylic acid copolymer""[Title/Abstract]) AND (""barrier function""[Title/Abstract] OR ""corneocyte""[Title/Abstract] OR ""cosmetic""[Title/Abstract] OR ""cutaneous""[Title/Abstract] OR ""dermal""[Title/Abstract] OR ""dermatitis""[Title/Abstract] OR ""dermatology""[Title/Abstract] OR ""dry skin""[Title/Abstract] OR ""epidermal""[Title/Abstract] OR ""epidermis""[Title/Abstract] OR ""humectant""[Title/Abstract] OR ""hydration""[Title/Abstract] OR ""keratinocyte""[Title/Abstract] OR ""moisture""[Title/Abstract] OR ""moisturising""[Title/Abstract] OR ""moisturizing""[Title/Abstract] OR ""occlusive""[Title/Abstract] OR ""skin""[Title/Abstract] OR ""skin barrier""[Title/Abstract] OR ""skin water content""[Title/Abstract] OR ""stratum corneum""[Title/Abstract] OR ""topical""[Title/Abstract] OR ""transepidermal water loss""[Title/Abstract] OR ""water loss""[Title/Abstract] OR ""xerosis""[Title/Abstract])",,0,,0,,,,,,,,0,[],no_expanded_pubmed_candidate,not_found,none,2026-07-12,mwbl-missing-effect-search-v1
glyceryl_caprylate,글리세릴카프릴레이트,Glyceryl Caprylate,effect_moisture_barrier,보습·장벽,"(""Glyceryl Caprylate""[Title/Abstract]) AND (""barrier function""[Title/Abstract] OR ""corneocyte""[Title/Abstract] OR ""cosmetic""[Title/Abstract] OR ""cutaneous""[Title/Abstract] OR ""dermal""[Title/Abstract] OR ""dermatitis""[Title/Abstract] OR ""dermatology""[Title/Abstract] OR ""dry skin""[Title/Abstract] OR ""epidermal""[Title/Abstract] OR ""epidermis""[Title/Abstract] OR ""humectant""[Title/Abstract] OR ""hydration""[Title/Abstract] OR ""keratinocyte""[Title/Abstract] OR ""moisture""[Title/Abstract] OR ""moisturising""[Title/Abstract] OR ""moisturizing""[Title/Abstract] OR ""occlusive""[Title/Abstract] OR ""skin""[Title/Abstract] OR ""skin barrier""[Title/Abstract] OR ""skin water content""[Title/Abstract] OR ""stratum corneum""[Title/Abstract] OR ""topical""[Title/Abstract] OR ""transepidermal water loss""[Title/Abstract] OR ""water loss""[Title/Abstract] OR ""xerosis""[Title/Abstract])",33740733|30165235|26940643|26553956|20447363|15285339|15513825|10329107,8,,0,,,,,,,,0,[],no_expanded_pubmed_candidate,not_found,none,2026-07-12,mwbl-missing-effect-search-v1
glyceryl_oleate,글리세릴올리에이트,Glyceryl Oleate,effect_moisture_barrier,보습·장벽,"(""Glyceryl Oleate""[Title/Abstract]) AND (""barrier function""[Title/Abstract] OR ""corneocyte""[Title/Abstract] OR ""cosmetic""[Title/Abstract] OR ""cutaneous""[Title/Abstract] OR ""dermal""[Title/Abstract] OR ""dermatitis""[Title/Abstract] OR ""dermatology""[Title/Abstract] OR ""dry skin""[Title/Abstract] OR ""epidermal""[Title/Abstract] OR ""epidermis""[Title/Abstract] OR ""humectant""[Title/Abstract] OR ""hydration""[Title/Abstract] OR ""keratinocyte""[Title/Abstract] OR ""moisture""[Title/Abstract] OR ""moisturising""[Title/Abstract] OR ""moisturizing""[Title/Abstract] OR ""occlusive""[Title/Abstract] OR ""skin""[Title/Abstract] OR ""skin barrier""[Title/Abstract] OR ""skin water content""[Title/Abstract] OR ""stratum corneum""[Title/Abstract] OR ""topical""[Title/Abstract] OR ""transepidermal water loss""[Title/Abstract] OR ""water loss""[Title/Abstract] OR ""xerosis""[Title/Abstract])",35415322|27649350|21129459|16720409|14980766|15513825|12906748,7,,0,,,,,,,,0,[],no_expanded_pubmed_candidate,not_found,none,2026-07-12,mwbl-missing-effect-search-v1
glycine_soja_soybean_oil,돌콩오일,Glycine Soja (Soybean) Oil,effect_moisture_barrier,보습·장벽,"(""Glycine Soja (Soybean) Oil""[Title/Abstract] OR ""glycine soja soybean oil""[Title/Abstract]) AND (""barrier function""[Title/Abstract] OR ""corneocyte""[Title/Abstract] OR ""cosmetic""[Title/Abstract] OR ""cutaneous""[Title/Abstract] OR ""dermal""[Title/Abstract] OR ""dermatitis""[Title/Abstract] OR ""dermatology""[Title/Abstract] OR ""dry skin""[Title/Abstract] OR ""epidermal""[Title/Abstract] OR ""epidermis""[Title/Abstract] OR ""humectant""[Title/Abstract] OR ""hydration""[Title/Abstract] OR ""keratinocyte""[Title/Abstract] OR ""moisture""[Title/Abstract] OR ""moisturising""[Title/Abstract] OR ""moisturizing""[Title/Abstract] OR ""occlusive""[Title/Abstract] OR ""skin""[Title/Abstract] OR ""skin barrier""[Title/Abstract] OR ""skin water content""[Title/Abstract] OR ""stratum corneum""[Title/Abstract] OR ""topical""[Title/Abstract] OR ""transepidermal water loss""[Title/Abstract] OR ""water loss""[Title/Abstract] OR ""xerosis""[Title/Abstract])",,0,,0,,,,,,,,0,[],no_expanded_pubmed_candidate,not_found,none,2026-07-12,mwbl-missing-effect-search-v1
glycol_distearate,글라이콜다이스테아레이트,Glycol Distearate,effect_moisture_barrier,보습·장벽,"(""Glycol Distearate""[Title/Abstract]) AND (""barrier function""[Title/Abstract] OR ""corneocyte""[Title/Abstract] OR ""cosmetic""[Title/Abstract] OR ""cutaneous""[Title/Abstract] OR ""dermal""[Title/Abstract] OR ""dermatitis""[Title/Abstract] OR ""dermatology""[Title/Abstract] OR ""dry skin""[Title/Abstract] OR ""epidermal""[Title/Abstract] OR ""epidermis""[Title/Abstract] OR ""humectant""[Title/Abstract] OR ""hydration""[Title/Abstract] OR ""keratinocyte""[Title/Abstract] OR ""moisture""[Title/Abstract] OR ""moisturising""[Title/Abstract] OR ""moisturizing""[Title/Abstract] OR ""occlusive""[Title/Abstract] OR ""skin""[Title/Abstract] OR ""skin barrier""[Title/Abstract] OR ""skin water content""[Title/Abstract] OR ""stratum corneum""[Title/Abstract] OR ""topical""[Title/Abstract] OR ""transepidermal water loss""[Title/Abstract] OR ""water loss""[Title/Abstract] OR ""xerosis""[Title/Abstract])",35367890|2055950,2,,0,,,,,,,,0,[],no_expanded_pubmed_candidate,not_found,none,2026-07-12,mwbl-missing-effect-search-v1
hamamelis_virginiana_witch_hazel_flower_water,버지니아풍년화꽃수,Hamamelis Virginiana (Witch Hazel) Flower Water,effect_calming,진정,"(""Hamamelis Virginiana (Witch Hazel) Flower Water""[Title/Abstract] OR ""Hamamelis Virginiana Flower Water""[Title/Abstract] OR ""hamamelis virginiana witch hazel flower water""[Title/Abstract]) AND (""anti-inflammatory""[Title/Abstract] OR ""corneocyte""[Title/Abstract] OR ""cosmetic""[Title/Abstract] OR ""cutaneous""[Title/Abstract] OR ""dermal""[Title/Abstract] OR ""dermatitis""[Title/Abstract] OR ""dermatology""[Title/Abstract] OR ""epidermal""[Title/Abstract] OR ""epidermis""[Title/Abstract] OR ""erythema""[Title/Abstract] OR ""inflammation""[Title/Abstract] OR ""irritation""[Title/Abstract] OR ""keratinocyte""[Title/Abstract] OR ""pruritus""[Title/Abstract] OR ""redness""[Title/Abstract] OR ""sensitive skin""[Title/Abstract] OR ""skin""[Title/Abstract] OR ""stratum corneum""[Title/Abstract] OR ""topical""[Title/Abstract] OR ""wound healing""[Title/Abstract])",,0,,0,,,,,,,,0,[],no_expanded_pubmed_candidate,not_found,none,2026-07-12,mwbl-missing-effect-search-v1
hamamelis_virginiana_witch_hazel_water,버지니아풍년화수,Hamamelis Virginiana (Witch Hazel) Water,effect_calming,진정,"(""Hamamelis Virginiana (Witch Hazel) Water""[Title/Abstract] OR ""hamamelis virginiana witch hazel water""[Title/Abstract]) AND (""anti-inflammatory""[Title/Abstract] OR ""corneocyte""[Title/Abstract] OR ""cosmetic""[Title/Abstract] OR ""cutaneous""[Title/Abstract] OR ""dermal""[Title/Abstract] OR ""dermatitis""[Title/Abstract] OR ""dermatology""[Title/Abstract] OR ""epidermal""[Title/Abstract] OR ""epidermis""[Title/Abstract] OR ""erythema""[Title/Abstract] OR ""inflammation""[Title/Abstract] OR ""irritation""[Title/Abstract] OR ""keratinocyte""[Title/Abstract] OR ""pruritus""[Title/Abstract] OR ""redness""[Title/Abstract] OR ""sensitive skin""[Title/Abstract] OR ""skin""[Title/Abstract] OR ""stratum corneum""[Title/Abstract] OR ""topical""[Title/Abstract] OR ""wound healing""[Title/Abstract])",,0,,0,,,,,,,,0,[],no_expanded_pubmed_candidate,not_found,none,2026-07-12,mwbl-missing-effect-search-v1
hedera_helix_ivy_extract,서양송악추출물,Hedera Helix (Ivy) Extract,effect_calming,진정,"(""Hedera Helix (Ivy) Extract""[Title/Abstract] OR ""hedera helix ivy extract""[Title/Abstract]) AND (""anti-inflammatory""[Title/Abstract] OR ""corneocyte""[Title/Abstract] OR ""cosmetic""[Title/Abstract] OR ""cutaneous""[Title/Abstract] OR ""dermal""[Title/Abstract] OR ""dermatitis""[Title/Abstract] OR ""dermatology""[Title/Abstract] OR ""epidermal""[Title/Abstract] OR ""epidermis""[Title/Abstract] OR ""erythema""[Title/Abstract] OR ""inflammation""[Title/Abstract] OR ""irritation""[Title/Abstract] OR ""keratinocyte""[Title/Abstract] OR ""pruritus""[Title/Abstract] OR ""redness""[Title/Abstract] OR ""sensitive skin""[Title/Abstract] OR ""skin""[Title/Abstract] OR ""stratum corneum""[Title/Abstract] OR ""topical""[Title/Abstract] OR ""wound healing""[Title/Abstract])",,0,,0,,,,,,,,0,[],no_expanded_pubmed_candidate,not_found,none,2026-07-12,mwbl-missing-effect-search-v1
hedera_helix_ivy_leaf_stem_extract,서양송악잎/줄기추출물,Hedera Helix (Ivy) Leaf/Stem Extract,effect_calming,진정,"(""Hedera Helix (Ivy) Leaf/Stem Extract""[Title/Abstract] OR ""hedera helix ivy leaf stem extract""[Title/Abstract]) AND (""anti-inflammatory""[Title/Abstract] OR ""corneocyte""[Title/Abstract] OR ""cosmetic""[Title/Abstract] OR ""cutaneous""[Title/Abstract] OR ""dermal""[Title/Abstract] OR ""dermatitis""[Title/Abstract] OR ""dermatology""[Title/Abstract] OR ""epidermal""[Title/Abstract] OR ""epidermis""[Title/Abstract] OR ""erythema""[Title/Abstract] OR ""inflammation""[Title/Abstract] OR ""irritation""[Title/Abstract] OR ""keratinocyte""[Title/Abstract] OR ""pruritus""[Title/Abstract] OR ""redness""[Title/Abstract] OR ""sensitive skin""[Title/Abstract] OR ""skin""[Title/Abstract] OR ""stratum corneum""[Title/Abstract] OR ""topical""[Title/Abstract] OR ""wound healing""[Title/Abstract])",,0,,0,,,,,,,,0,[],no_expanded_pubmed_candidate,not_found,none,2026-07-12,mwbl-missing-effect-search-v1
helianthus_annuus_sunflower_extract,해바라기추출물,Helianthus Annuus (Sunflower) Extract,effect_moisture_barrier,보습·장벽,"(""Helianthus Annuus (Sunflower) Extract""[Title/Abstract] OR ""helianthus annuus sunflower extract""[Title/Abstract]) AND (""barrier function""[Title/Abstract] OR ""corneocyte""[Title/Abstract] OR ""cosmetic""[Title/Abstract] OR ""cutaneous""[Title/Abstract] OR ""dermal""[Title/Abstract] OR ""dermatitis""[Title/Abstract] OR ""dermatology""[Title/Abstract] OR ""dry skin""[Title/Abstract] OR ""epidermal""[Title/Abstract] OR ""epidermis""[Title/Abstract] OR ""humectant""[Title/Abstract] OR ""hydration""[Title/Abstract] OR ""keratinocyte""[Title/Abstract] OR ""moisture""[Title/Abstract] OR ""moisturising""[Title/Abstract] OR ""moisturizing""[Title/Abstract] OR ""occlusive""[Title/Abstract] OR ""skin""[Title/Abstract] OR ""skin barrier""[Title/Abstract] OR ""skin water content""[Title/Abstract] OR ""stratum corneum""[Title/Abstract] OR ""topical""[Title/Abstract] OR ""transepidermal water loss""[Title/Abstract] OR ""water loss""[Title/Abstract] OR ""xerosis""[Title/Abstract])",,0,,0,,,,,,,,0,[],no_expanded_pubmed_candidate,not_found,none,2026-07-12,mwbl-missing-effect-search-v1
helianthus_annuus_sunflower_seed_oil,해바라기씨오일,Helianthus Annuus (Sunflower) Seed Oil,effect_moisture_barrier,보습·장벽,"(""Helianthus Annuus (Sunflower) Seed Oil""[Title/Abstract] OR ""helianthus annuus sunflower seed oil""[Title/Abstract]) AND (""barrier function""[Title/Abstract] OR ""corneocyte""[Title/Abstract] OR ""cosmetic""[Title/Abstract] OR ""cutaneous""[Title/Abstract] OR ""dermal""[Title/Abstract] OR ""dermatitis""[Title/Abstract] OR ""dermatology""[Title/Abstract] OR ""dry skin""[Title/Abstract] OR ""epidermal""[Title/Abstract] OR ""epidermis""[Title/Abstract] OR ""humectant""[Title/Abstract] OR ""hydration""[Title/Abstract] OR ""keratinocyte""[Title/Abstract] OR ""moisture""[Title/Abstract] OR ""moisturising""[Title/Abstract] OR ""moisturizing""[Title/Abstract] OR ""occlusive""[Title/Abstract] OR ""skin""[Title/Abstract] OR ""skin barrier""[Title/Abstract] OR ""skin water content""[Title/Abstract] OR ""stratum corneum""[Title/Abstract] OR ""topical""[Title/Abstract] OR ""transepidermal water loss""[Title/Abstract] OR ""water loss""[Title/Abstract] OR ""xerosis""[Title/Abstract])",40555473,1,,0,,,,,,,,0,[],no_expanded_pubmed_candidate,not_found,none,2026-07-12,mwbl-missing-effect-search-v1
hexapeptide_2,헥사펩타이드-2,Hexapeptide-2,effect_brightening,미백·톤,"(""Hexapeptide-2""[Title/Abstract] OR ""hexapeptide 2""[Title/Abstract]) AND (""corneocyte""[Title/Abstract] OR ""cosmetic""[Title/Abstract] OR ""cutaneous""[Title/Abstract] OR ""dark spot""[Title/Abstract] OR ""dermal""[Title/Abstract] OR ""dermatitis""[Title/Abstract] OR ""dermatology""[Title/Abstract] OR ""epidermal""[Title/Abstract] OR ""epidermis""[Title/Abstract] OR ""hyperpigmentation""[Title/Abstract] OR ""keratinocyte""[Title/Abstract] OR ""melanin""[Title/Abstract] OR ""melanogenesis""[Title/Abstract] OR ""melasma""[Title/Abstract] OR ""pigmentation""[Title/Abstract] OR ""skin""[Title/Abstract] OR ""skin lightening""[Title/Abstract] OR ""skin whitening""[Title/Abstract] OR ""stratum corneum""[Title/Abstract] OR ""topical""[Title/Abstract] OR ""tyrosinase""[Title/Abstract])",,0,,0,,,,,,,,0,[],no_expanded_pubmed_candidate,not_found,none,2026-07-12,mwbl-missing-effect-search-v1
hexyl_laurate,헥실라우레이트,Hexyl Laurate,effect_moisture_barrier,보습·장벽,"(""Hexyl Laurate""[Title/Abstract]) AND (""barrier function""[Title/Abstract] OR ""corneocyte""[Title/Abstract] OR ""cosmetic""[Title/Abstract] OR ""cutaneous""[Title/Abstract] OR ""dermal""[Title/Abstract] OR ""dermatitis""[Title/Abstract] OR ""dermatology""[Title/Abstract] OR ""dry skin""[Title/Abstract] OR ""epidermal""[Title/Abstract] OR ""epidermis""[Title/Abstract] OR ""humectant""[Title/Abstract] OR ""hydration""[Title/Abstract] OR ""keratinocyte""[Title/Abstract] OR ""moisture""[Title/Abstract] OR ""moisturising""[Title/Abstract] OR ""moisturizing""[Title/Abstract] OR ""occlusive""[Title/Abstract] OR ""skin""[Title/Abstract] OR ""skin barrier""[Title/Abstract] OR ""skin water content""[Title/Abstract] OR ""stratum corneum""[Title/Abstract] OR ""topical""[Title/Abstract] OR ""transepidermal water loss""[Title/Abstract] OR ""water loss""[Title/Abstract] OR ""xerosis""[Title/Abstract])",16968072|1403694,2,,0,,,,,,,,0,[],no_expanded_pubmed_candidate,not_found,none,2026-07-12,mwbl-missing-effect-search-v1
hibiscus_rosa_sinensis_flower_extract,하와이무궁화꽃추출물,Hibiscus Rosa-Sinensis Flower Extract,effect_moisture_barrier,보습·장벽,"(""Hibiscus Rosa-Sinensis Flower Extract""[Title/Abstract] OR ""hibiscus rosa sinensis flower extract""[Title/Abstract]) AND (""barrier function""[Title/Abstract] OR ""corneocyte""[Title/Abstract] OR ""cosmetic""[Title/Abstract] OR ""cutaneous""[Title/Abstract] OR ""dermal""[Title/Abstract] OR ""dermatitis""[Title/Abstract] OR ""dermatology""[Title/Abstract] OR ""dry skin""[Title/Abstract] OR ""epidermal""[Title/Abstract] OR ""epidermis""[Title/Abstract] OR ""humectant""[Title/Abstract] OR ""hydration""[Title/Abstract] OR ""keratinocyte""[Title/Abstract] OR ""moisture""[Title/Abstract] OR ""moisturising""[Title/Abstract] OR ""moisturizing""[Title/Abstract] OR ""occlusive""[Title/Abstract] OR ""skin""[Title/Abstract] OR ""skin barrier""[Title/Abstract] OR ""skin water content""[Title/Abstract] OR ""stratum corneum""[Title/Abstract] OR ""topical""[Title/Abstract] OR ""transepidermal water loss""[Title/Abstract] OR ""water loss""[Title/Abstract] OR ""xerosis""[Title/Abstract])",28053887,1,,0,,,,,,,,0,[],no_expanded_pubmed_candidate,not_found,none,2026-07-12,mwbl-missing-effect-search-v1
honokiol,호노키올,Honokiol,effect_brightening,미백·톤,"(""Honokiol""[Title/Abstract]) AND (""corneocyte""[Title/Abstract] OR ""cosmetic""[Title/Abstract] OR ""cutaneous""[Title/Abstract] OR ""dark spot""[Title/Abstract] OR ""dermal""[Title/Abstract] OR ""dermatitis""[Title/Abstract] OR ""dermatology""[Title/Abstract] OR ""epidermal""[Title/Abstract] OR ""epidermis""[Title/Abstract] OR ""hyperpigmentation""[Title/Abstract] OR ""keratinocyte""[Title/Abstract] OR ""melanin""[Title/Abstract] OR ""melanogenesis""[Title/Abstract] OR ""melasma""[Title/Abstract] OR ""pigmentation""[Title/Abstract] OR ""skin""[Title/Abstract] OR ""skin lightening""[Title/Abstract] OR ""skin whitening""[Title/Abstract] OR ""stratum corneum""[Title/Abstract] OR ""topical""[Title/Abstract] OR ""tyrosinase""[Title/Abstract])",42380055|42309201|42184221|41078331|41384783|41376510|41328565|40943669|40587219|40461551|39992207|39912347|39270450|39310106|38484337|38043155|36657865|36601474|35726011|35277988|35074454|34885972|34098216|34465990|33098104|33806040|32978046|33330500|32862190|32664494|32003107|31002949|30925455|30909495|30587839|30270607|30259402|30114639|29241737|29402745|29342107|28299950|28229451|28490739|28194418|27886147|27732568|27458163|27276215|27671820|26020804|25450590|25442261|25147793|23917859|23380623|23337821|22834827|22890204|23049247|21999396|21908486|20823108|20877235|20388852|19557789|20392996|19539808|19135778|18588872|17692444|17978501|16966432|15288590|9331981|1659613,76,,0,,,,,,,,0,[],no_expanded_pubmed_candidate,not_found,none,2026-07-12,mwbl-missing-effect-search-v1
hyaluronic_acid_polyisopropylacrylamide_copolymer,하이알루로닉애씨드/폴리아이소프로필아크릴아마이드코폴 리머,Hyaluronic Acid/Polyisopropylacrylamide Copolymer,effect_moisture_barrier,보습·장벽,"(""Hyaluronic Acid/Polyisopropylacrylamide Copolymer""[Title/Abstract] OR ""hyaluronic acid polyisopropylacrylamide copolymer""[Title/Abstract]) AND (""barrier function""[Title/Abstract] OR ""corneocyte""[Title/Abstract] OR ""cosmetic""[Title/Abstract] OR ""cutaneous""[Title/Abstract] OR ""dermal""[Title/Abstract] OR ""dermatitis""[Title/Abstract] OR ""dermatology""[Title/Abstract] OR ""dry skin""[Title/Abstract] OR ""epidermal""[Title/Abstract] OR ""epidermis""[Title/Abstract] OR ""humectant""[Title/Abstract] OR ""hydration""[Title/Abstract] OR ""keratinocyte""[Title/Abstract] OR ""moisture""[Title/Abstract] OR ""moisturising""[Title/Abstract] OR ""moisturizing""[Title/Abstract] OR ""occlusive""[Title/Abstract] OR ""skin""[Title/Abstract] OR ""skin barrier""[Title/Abstract] OR ""skin water content""[Title/Abstract] OR ""stratum corneum""[Title/Abstract] OR ""topical""[Title/Abstract] OR ""transepidermal water loss""[Title/Abstract] OR ""water loss""[Title/Abstract] OR ""xerosis""[Title/Abstract])",,0,,0,,,,,,,,0,[],no_expanded_pubmed_candidate,not_found,none,2026-07-12,mwbl-missing-effect-search-v1
hydrogenated_coco_glycerides,하이드로제네이티드코코-글리세라이즈,Hydrogenated Coco-Glycerides,effect_moisture_barrier,보습·장벽,"(""Hydrogenated Coco-Glycerides""[Title/Abstract] OR ""hydrogenated coco glycerides""[Title/Abstract]) AND (""barrier function""[Title/Abstract] OR ""corneocyte""[Title/Abstract] OR ""cosmetic""[Title/Abstract] OR ""cutaneous""[Title/Abstract] OR ""dermal""[Title/Abstract] OR ""dermatitis""[Title/Abstract] OR ""dermatology""[Title/Abstract] OR ""dry skin""[Title/Abstract] OR ""epidermal""[Title/Abstract] OR ""epidermis""[Title/Abstract] OR ""humectant""[Title/Abstract] OR ""hydration""[Title/Abstract] OR ""keratinocyte""[Title/Abstract] OR ""moisture""[Title/Abstract] OR ""moisturising""[Title/Abstract] OR ""moisturizing""[Title/Abstract] OR ""occlusive""[Title/Abstract] OR ""skin""[Title/Abstract] OR ""skin barrier""[Title/Abstract] OR ""skin water content""[Title/Abstract] OR ""stratum corneum""[Title/Abstract] OR ""topical""[Title/Abstract] OR ""transepidermal water loss""[Title/Abstract] OR ""water loss""[Title/Abstract] OR ""xerosis""[Title/Abstract])",,0,,0,,,,,,,,0,[],no_expanded_pubmed_candidate,not_found,none,2026-07-12,mwbl-missing-effect-search-v1
hydrogenated_ethylhexyl_olivate,하이드로제네이티드에틸헥실올리베이트,Hydrogenated Ethylhexyl Olivate,effect_moisture_barrier,보습·장벽,"(""Hydrogenated Ethylhexyl Olivate""[Title/Abstract]) AND (""barrier function""[Title/Abstract] OR ""corneocyte""[Title/Abstract] OR ""cosmetic""[Title/Abstract] OR ""cutaneous""[Title/Abstract] OR ""dermal""[Title/Abstract] OR ""dermatitis""[Title/Abstract] OR ""dermatology""[Title/Abstract] OR ""dry skin""[Title/Abstract] OR ""epidermal""[Title/Abstract] OR ""epidermis""[Title/Abstract] OR ""humectant""[Title/Abstract] OR ""hydration""[Title/Abstract] OR ""keratinocyte""[Title/Abstract] OR ""moisture""[Title/Abstract] OR ""moisturising""[Title/Abstract] OR ""moisturizing""[Title/Abstract] OR ""occlusive""[Title/Abstract] OR ""skin""[Title/Abstract] OR ""skin barrier""[Title/Abstract] OR ""skin water content""[Title/Abstract] OR ""stratum corneum""[Title/Abstract] OR ""topical""[Title/Abstract] OR ""transepidermal water loss""[Title/Abstract] OR ""water loss""[Title/Abstract] OR ""xerosis""[Title/Abstract])",,0,,0,,,,,,,,0,[],no_expanded_pubmed_candidate,not_found,none,2026-07-12,mwbl-missing-effect-search-v1
hydrogenated_olive_oil_unsaponifiables,하이드로제네이티드올리브오일불검화물,Hydrogenated Olive Oil Unsaponifiables,effect_moisture_barrier,보습·장벽,"(""Hydrogenated Olive Oil Unsaponifiables""[Title/Abstract]) AND (""barrier function""[Title/Abstract] OR ""corneocyte""[Title/Abstract] OR ""cosmetic""[Title/Abstract] OR ""cutaneous""[Title/Abstract] OR ""dermal""[Title/Abstract] OR ""dermatitis""[Title/Abstract] OR ""dermatology""[Title/Abstract] OR ""dry skin""[Title/Abstract] OR ""epidermal""[Title/Abstract] OR ""epidermis""[Title/Abstract] OR ""humectant""[Title/Abstract] OR ""hydration""[Title/Abstract] OR ""keratinocyte""[Title/Abstract] OR ""moisture""[Title/Abstract] OR ""moisturising""[Title/Abstract] OR ""moisturizing""[Title/Abstract] OR ""occlusive""[Title/Abstract] OR ""skin""[Title/Abstract] OR ""skin barrier""[Title/Abstract] OR ""skin water content""[Title/Abstract] OR ""stratum corneum""[Title/Abstract] OR ""topical""[Title/Abstract] OR ""transepidermal water loss""[Title/Abstract] OR ""water loss""[Title/Abstract] OR ""xerosis""[Title/Abstract])",,0,,0,,,,,,,,0,[],no_expanded_pubmed_candidate,not_found,none,2026-07-12,mwbl-missing-effect-search-v1
hydrogenated_polydecene,하이드로제네이티드폴리데센,Hydrogenated Polydecene,effect_moisture_barrier,보습·장벽,"(""Hydrogenated Polydecene""[Title/Abstract]) AND (""barrier function""[Title/Abstract] OR ""corneocyte""[Title/Abstract] OR ""cosmetic""[Title/Abstract] OR ""cutaneous""[Title/Abstract] OR ""dermal""[Title/Abstract] OR ""dermatitis""[Title/Abstract] OR ""dermatology""[Title/Abstract] OR ""dry skin""[Title/Abstract] OR ""epidermal""[Title/Abstract] OR ""epidermis""[Title/Abstract] OR ""humectant""[Title/Abstract] OR ""hydration""[Title/Abstract] OR ""keratinocyte""[Title/Abstract] OR ""moisture""[Title/Abstract] OR ""moisturising""[Title/Abstract] OR ""moisturizing""[Title/Abstract] OR ""occlusive""[Title/Abstract] OR ""skin""[Title/Abstract] OR ""skin barrier""[Title/Abstract] OR ""skin water content""[Title/Abstract] OR ""stratum corneum""[Title/Abstract] OR ""topical""[Title/Abstract] OR ""transepidermal water loss""[Title/Abstract] OR ""water loss""[Title/Abstract] OR ""xerosis""[Title/Abstract])",,0,,0,,,,,,,,0,[],no_expanded_pubmed_candidate,not_found,none,2026-07-12,mwbl-missing-effect-search-v1
hydrogenated_soybean_oil,하이드로제네이티드돌콩오일,Hydrogenated Soybean Oil,effect_moisture_barrier,보습·장벽,"(""Hydrogenated Soybean Oil""[Title/Abstract]) AND (""barrier function""[Title/Abstract] OR ""corneocyte""[Title/Abstract] OR ""cosmetic""[Title/Abstract] OR ""cutaneous""[Title/Abstract] OR ""dermal""[Title/Abstract] OR ""dermatitis""[Title/Abstract] OR ""dermatology""[Title/Abstract] OR ""dry skin""[Title/Abstract] OR ""epidermal""[Title/Abstract] OR ""epidermis""[Title/Abstract] OR ""humectant""[Title/Abstract] OR ""hydration""[Title/Abstract] OR ""keratinocyte""[Title/Abstract] OR ""moisture""[Title/Abstract] OR ""moisturising""[Title/Abstract] OR ""moisturizing""[Title/Abstract] OR ""occlusive""[Title/Abstract] OR ""skin""[Title/Abstract] OR ""skin barrier""[Title/Abstract] OR ""skin water content""[Title/Abstract] OR ""stratum corneum""[Title/Abstract] OR ""topical""[Title/Abstract] OR ""transepidermal water loss""[Title/Abstract] OR ""water loss""[Title/Abstract] OR ""xerosis""[Title/Abstract])",36358510|30861359|18979617|18460141|3669926,5,,0,,,,,,,,0,[],no_expanded_pubmed_candidate,not_found,none,2026-07-12,mwbl-missing-effect-search-v1
hydrogenated_starch_hydrolysate,하이드로제네이티드스타치하이드롤리세이트,Hydrogenated Starch Hydrolysate,effect_moisture_barrier,보습·장벽,"(""Hydrogenated Starch Hydrolysate""[Title/Abstract]) AND (""barrier function""[Title/Abstract] OR ""corneocyte""[Title/Abstract] OR ""cosmetic""[Title/Abstract] OR ""cutaneous""[Title/Abstract] OR ""dermal""[Title/Abstract] OR ""dermatitis""[Title/Abstract] OR ""dermatology""[Title/Abstract] OR ""dry skin""[Title/Abstract] OR ""epidermal""[Title/Abstract] OR ""epidermis""[Title/Abstract] OR ""humectant""[Title/Abstract] OR ""hydration""[Title/Abstract] OR ""keratinocyte""[Title/Abstract] OR ""moisture""[Title/Abstract] OR ""moisturising""[Title/Abstract] OR ""moisturizing""[Title/Abstract] OR ""occlusive""[Title/Abstract] OR ""skin""[Title/Abstract] OR ""skin barrier""[Title/Abstract] OR ""skin water content""[Title/Abstract] OR ""stratum corneum""[Title/Abstract] OR ""topical""[Title/Abstract] OR ""transepidermal water loss""[Title/Abstract] OR ""water loss""[Title/Abstract] OR ""xerosis""[Title/Abstract])",,0,,0,,,,,,,,0,[],no_expanded_pubmed_candidate,not_found,none,2026-07-12,mwbl-missing-effect-search-v1
hydrogenated_vegetable_oil,하이드로제네이티드식물성오일,Hydrogenated Vegetable Oil,effect_moisture_barrier,보습·장벽,"(""Hydrogenated Vegetable Oil""[Title/Abstract]) AND (""barrier function""[Title/Abstract] OR ""corneocyte""[Title/Abstract] OR ""cosmetic""[Title/Abstract] OR ""cutaneous""[Title/Abstract] OR ""dermal""[Title/Abstract] OR ""dermatitis""[Title/Abstract] OR ""dermatology""[Title/Abstract] OR ""dry skin""[Title/Abstract] OR ""epidermal""[Title/Abstract] OR ""epidermis""[Title/Abstract] OR ""humectant""[Title/Abstract] OR ""hydration""[Title/Abstract] OR ""keratinocyte""[Title/Abstract] OR ""moisture""[Title/Abstract] OR ""moisturising""[Title/Abstract] OR ""moisturizing""[Title/Abstract] OR ""occlusive""[Title/Abstract] OR ""skin""[Title/Abstract] OR ""skin barrier""[Title/Abstract] OR ""skin water content""[Title/Abstract] OR ""stratum corneum""[Title/Abstract] OR ""topical""[Title/Abstract] OR ""transepidermal water loss""[Title/Abstract] OR ""water loss""[Title/Abstract] OR ""xerosis""[Title/Abstract])",42403915|36295495|32626346|32626295|9738811|3154298,6,,0,,,,,,,,0,[],no_expanded_pubmed_candidate,not_found,none,2026-07-12,mwbl-missing-effect-search-v1
hydrolyzed_corn_starch,하이드롤라이즈드옥수수전분,Hydrolyzed Corn Starch,effect_moisture_barrier,보습·장벽,"(""Hydrolyzed Corn Starch""[Title/Abstract]) AND (""barrier function""[Title/Abstract] OR ""corneocyte""[Title/Abstract] OR ""cosmetic""[Title/Abstract] OR ""cutaneous""[Title/Abstract] OR ""dermal""[Title/Abstract] OR ""dermatitis""[Title/Abstract] OR ""dermatology""[Title/Abstract] OR ""dry skin""[Title/Abstract] OR ""epidermal""[Title/Abstract] OR ""epidermis""[Title/Abstract] OR ""humectant""[Title/Abstract] OR ""hydration""[Title/Abstract] OR ""keratinocyte""[Title/Abstract] OR ""moisture""[Title/Abstract] OR ""moisturising""[Title/Abstract] OR ""moisturizing""[Title/Abstract] OR ""occlusive""[Title/Abstract] OR ""skin""[Title/Abstract] OR ""skin barrier""[Title/Abstract] OR ""skin water content""[Title/Abstract] OR ""stratum corneum""[Title/Abstract] OR ""topical""[Title/Abstract] OR ""transepidermal water loss""[Title/Abstract] OR ""water loss""[Title/Abstract] OR ""xerosis""[Title/Abstract])",42361126|36850173,2,,0,,,,,,,,0,[],no_expanded_pubmed_candidate,not_found,none,2026-07-12,mwbl-missing-effect-search-v1
hydrolyzed_glycosaminoglycans,하이드롤라이즈드글라이코사미노글리칸,Hydrolyzed Glycosaminoglycans,effect_moisture_barrier,보습·장벽,"(""Hydrolyzed Glycosaminoglycans""[Title/Abstract]) AND (""barrier function""[Title/Abstract] OR ""corneocyte""[Title/Abstract] OR ""cosmetic""[Title/Abstract] OR ""cutaneous""[Title/Abstract] OR ""dermal""[Title/Abstract] OR ""dermatitis""[Title/Abstract] OR ""dermatology""[Title/Abstract] OR ""dry skin""[Title/Abstract] OR ""epidermal""[Title/Abstract] OR ""epidermis""[Title/Abstract] OR ""humectant""[Title/Abstract] OR ""hydration""[Title/Abstract] OR ""keratinocyte""[Title/Abstract] OR ""moisture""[Title/Abstract] OR ""moisturising""[Title/Abstract] OR ""moisturizing""[Title/Abstract] OR ""occlusive""[Title/Abstract] OR ""skin""[Title/Abstract] OR ""skin barrier""[Title/Abstract] OR ""skin water content""[Title/Abstract] OR ""stratum corneum""[Title/Abstract] OR ""topical""[Title/Abstract] OR ""transepidermal water loss""[Title/Abstract] OR ""water loss""[Title/Abstract] OR ""xerosis""[Title/Abstract])",,0,,0,,,,,,,,0,[],no_expanded_pubmed_candidate,not_found,none,2026-07-12,mwbl-missing-effect-search-v1
hydrolyzed_hyaluronic_acid,하이드롤라이즈드하이알루로닉애씨드,Hydrolyzed Hyaluronic Acid,effect_moisture_barrier,보습·장벽,"(""Hydrolyzed Hyaluronic Acid""[Title/Abstract]) AND (""barrier function""[Title/Abstract] OR ""corneocyte""[Title/Abstract] OR ""cosmetic""[Title/Abstract] OR ""cutaneous""[Title/Abstract] OR ""dermal""[Title/Abstract] OR ""dermatitis""[Title/Abstract] OR ""dermatology""[Title/Abstract] OR ""dry skin""[Title/Abstract] OR ""epidermal""[Title/Abstract] OR ""epidermis""[Title/Abstract] OR ""humectant""[Title/Abstract] OR ""hydration""[Title/Abstract] OR ""keratinocyte""[Title/Abstract] OR ""moisture""[Title/Abstract] OR ""moisturising""[Title/Abstract] OR ""moisturizing""[Title/Abstract] OR ""occlusive""[Title/Abstract] OR ""skin""[Title/Abstract] OR ""skin barrier""[Title/Abstract] OR ""skin water content""[Title/Abstract] OR ""stratum corneum""[Title/Abstract] OR ""topical""[Title/Abstract] OR ""transepidermal water loss""[Title/Abstract] OR ""water loss""[Title/Abstract] OR ""xerosis""[Title/Abstract])",36547309,1,,0,,,,,,,,0,[],no_expanded_pubmed_candidate,not_found,none,2026-07-12,mwbl-missing-effect-search-v1
hydrolyzed_keratin,하이드롤라이즈드케라틴,Hydrolyzed Keratin,effect_moisture_barrier,보습·장벽,"(""Hydrolyzed Keratin""[Title/Abstract]) AND (""barrier function""[Title/Abstract] OR ""corneocyte""[Title/Abstract] OR ""cosmetic""[Title/Abstract] OR ""cutaneous""[Title/Abstract] OR ""dermal""[Title/Abstract] OR ""dermatitis""[Title/Abstract] OR ""dermatology""[Title/Abstract] OR ""dry skin""[Title/Abstract] OR ""epidermal""[Title/Abstract] OR ""epidermis""[Title/Abstract] OR ""humectant""[Title/Abstract] OR ""hydration""[Title/Abstract] OR ""keratinocyte""[Title/Abstract] OR ""moisture""[Title/Abstract] OR ""moisturising""[Title/Abstract] OR ""moisturizing""[Title/Abstract] OR ""occlusive""[Title/Abstract] OR ""skin""[Title/Abstract] OR ""skin barrier""[Title/Abstract] OR ""skin water content""[Title/Abstract] OR ""stratum corneum""[Title/Abstract] OR ""topical""[Title/Abstract] OR ""transepidermal water loss""[Title/Abstract] OR ""water loss""[Title/Abstract] OR ""xerosis""[Title/Abstract])",42187264|41500290|41476862|40191379|37806374|37546605|33711372|31380365|29107632|20236820,10,,0,,,,,,,,0,[],no_expanded_pubmed_candidate,not_found,none,2026-07-12,mwbl-missing-effect-search-v1
hydrolyzed_linseed_seed,하이드롤라이즈드아마씨,Hydrolyzed Linseed Seed,effect_moisture_barrier,보습·장벽,"(""Hydrolyzed Linseed Seed""[Title/Abstract]) AND (""barrier function""[Title/Abstract] OR ""corneocyte""[Title/Abstract] OR ""cosmetic""[Title/Abstract] OR ""cutaneous""[Title/Abstract] OR ""dermal""[Title/Abstract] OR ""dermatitis""[Title/Abstract] OR ""dermatology""[Title/Abstract] OR ""dry skin""[Title/Abstract] OR ""epidermal""[Title/Abstract] OR ""epidermis""[Title/Abstract] OR ""humectant""[Title/Abstract] OR ""hydration""[Title/Abstract] OR ""keratinocyte""[Title/Abstract] OR ""moisture""[Title/Abstract] OR ""moisturising""[Title/Abstract] OR ""moisturizing""[Title/Abstract] OR ""occlusive""[Title/Abstract] OR ""skin""[Title/Abstract] OR ""skin barrier""[Title/Abstract] OR ""skin water content""[Title/Abstract] OR ""stratum corneum""[Title/Abstract] OR ""topical""[Title/Abstract] OR ""transepidermal water loss""[Title/Abstract] OR ""water loss""[Title/Abstract] OR ""xerosis""[Title/Abstract])",,0,,0,,,,,,,,0,[],no_expanded_pubmed_candidate,not_found,none,2026-07-12,mwbl-missing-effect-search-v1
hydrolyzed_sclerotium_gum,하이드롤라이즈드스클레로튬검,Hydrolyzed Sclerotium Gum,effect_moisture_barrier,보습·장벽,"(""Hydrolyzed Sclerotium Gum""[Title/Abstract]) AND (""barrier function""[Title/Abstract] OR ""corneocyte""[Title/Abstract] OR ""cosmetic""[Title/Abstract] OR ""cutaneous""[Title/Abstract] OR ""dermal""[Title/Abstract] OR ""dermatitis""[Title/Abstract] OR ""dermatology""[Title/Abstract] OR ""dry skin""[Title/Abstract] OR ""epidermal""[Title/Abstract] OR ""epidermis""[Title/Abstract] OR ""humectant""[Title/Abstract] OR ""hydration""[Title/Abstract] OR ""keratinocyte""[Title/Abstract] OR ""moisture""[Title/Abstract] OR ""moisturising""[Title/Abstract] OR ""moisturizing""[Title/Abstract] OR ""occlusive""[Title/Abstract] OR ""skin""[Title/Abstract] OR ""skin barrier""[Title/Abstract] OR ""skin water content""[Title/Abstract] OR ""stratum corneum""[Title/Abstract] OR ""topical""[Title/Abstract] OR ""transepidermal water loss""[Title/Abstract] OR ""water loss""[Title/Abstract] OR ""xerosis""[Title/Abstract])",,0,,0,,,,,,,,0,[],no_expanded_pubmed_candidate,not_found,none,2026-07-12,mwbl-missing-effect-search-v1
hydrolyzed_silk,하이드롤라이즈드실크,Hydrolyzed Silk,effect_moisture_barrier,보습·장벽,"(""Hydrolyzed Silk""[Title/Abstract]) AND (""barrier function""[Title/Abstract] OR ""corneocyte""[Title/Abstract] OR ""cosmetic""[Title/Abstract] OR ""cutaneous""[Title/Abstract] OR ""dermal""[Title/Abstract] OR ""dermatitis""[Title/Abstract] OR ""dermatology""[Title/Abstract] OR ""dry skin""[Title/Abstract] OR ""epidermal""[Title/Abstract] OR ""epidermis""[Title/Abstract] OR ""humectant""[Title/Abstract] OR ""hydration""[Title/Abstract] OR ""keratinocyte""[Title/Abstract] OR ""moisture""[Title/Abstract] OR ""moisturising""[Title/Abstract] OR ""moisturizing""[Title/Abstract] OR ""occlusive""[Title/Abstract] OR ""skin""[Title/Abstract] OR ""skin barrier""[Title/Abstract] OR ""skin water content""[Title/Abstract] OR ""stratum corneum""[Title/Abstract] OR ""topical""[Title/Abstract] OR ""transepidermal water loss""[Title/Abstract] OR ""water loss""[Title/Abstract] OR ""xerosis""[Title/Abstract])",35616246|33203267,2,,0,,,,,,,,0,[],no_expanded_pubmed_candidate,not_found,none,2026-07-12,mwbl-missing-effect-search-v1
hydrolyzed_soy_protein,하이드롤라이즈드콩단백질,Hydrolyzed Soy Protein,effect_moisture_barrier,보습·장벽,"(""Hydrolyzed Soy Protein""[Title/Abstract]) AND (""barrier function""[Title/Abstract] OR ""corneocyte""[Title/Abstract] OR ""cosmetic""[Title/Abstract] OR ""cutaneous""[Title/Abstract] OR ""dermal""[Title/Abstract] OR ""dermatitis""[Title/Abstract] OR ""dermatology""[Title/Abstract] OR ""dry skin""[Title/Abstract] OR ""epidermal""[Title/Abstract] OR ""epidermis""[Title/Abstract] OR ""humectant""[Title/Abstract] OR ""hydration""[Title/Abstract] OR ""keratinocyte""[Title/Abstract] OR ""moisture""[Title/Abstract] OR ""moisturising""[Title/Abstract] OR ""moisturizing""[Title/Abstract] OR ""occlusive""[Title/Abstract] OR ""skin""[Title/Abstract] OR ""skin barrier""[Title/Abstract] OR ""skin water content""[Title/Abstract] OR ""stratum corneum""[Title/Abstract] OR ""topical""[Title/Abstract] OR ""transepidermal water loss""[Title/Abstract] OR ""water loss""[Title/Abstract] OR ""xerosis""[Title/Abstract])",38002262|36900429|17078752|16506912,4,,0,,,,,,,,0,[],no_expanded_pubmed_candidate,not_found,none,2026-07-12,mwbl-missing-effect-search-v1
hydroxypropyl_bis_hydroxyethyldimonium_chloride,하이드록시프로필비스-하이드록시에틸다이모늄클로라이드,Hydroxypropyl Bis-Hydroxyethyldimonium Chloride,effect_moisture_barrier,보습·장벽,"(""Hydroxypropyl Bis-Hydroxyethyldimonium Chloride""[Title/Abstract] OR ""hydroxypropyl bis hydroxyethyldimonium chloride""[Title/Abstract]) AND (""barrier function""[Title/Abstract] OR ""corneocyte""[Title/Abstract] OR ""cosmetic""[Title/Abstract] OR ""cutaneous""[Title/Abstract] OR ""dermal""[Title/Abstract] OR ""dermatitis""[Title/Abstract] OR ""dermatology""[Title/Abstract] OR ""dry skin""[Title/Abstract] OR ""epidermal""[Title/Abstract] OR ""epidermis""[Title/Abstract] OR ""humectant""[Title/Abstract] OR ""hydration""[Title/Abstract] OR ""keratinocyte""[Title/Abstract] OR ""moisture""[Title/Abstract] OR ""moisturising""[Title/Abstract] OR ""moisturizing""[Title/Abstract] OR ""occlusive""[Title/Abstract] OR ""skin""[Title/Abstract] OR ""skin barrier""[Title/Abstract] OR ""skin water content""[Title/Abstract] OR ""stratum corneum""[Title/Abstract] OR ""topical""[Title/Abstract] OR ""transepidermal water loss""[Title/Abstract] OR ""water loss""[Title/Abstract] OR ""xerosis""[Title/Abstract])",,0,,0,,,,,,,,0,[],no_expanded_pubmed_candidate,not_found,none,2026-07-12,mwbl-missing-effect-search-v1
hydroxypropylammonium_gluconate,하이드록시프로필암모늄글루코네이트,Hydroxypropylammonium Gluconate,effect_moisture_barrier,보습·장벽,"(""Hydroxypropylammonium Gluconate""[Title/Abstract]) AND (""barrier function""[Title/Abstract] OR ""corneocyte""[Title/Abstract] OR ""cosmetic""[Title/Abstract] OR ""cutaneous""[Title/Abstract] OR ""dermal""[Title/Abstract] OR ""dermatitis""[Title/Abstract] OR ""dermatology""[Title/Abstract] OR ""dry skin""[Title/Abstract] OR ""epidermal""[Title/Abstract] OR ""epidermis""[Title/Abstract] OR ""humectant""[Title/Abstract] OR ""hydration""[Title/Abstract] OR ""keratinocyte""[Title/Abstract] OR ""moisture""[Title/Abstract] OR ""moisturising""[Title/Abstract] OR ""moisturizing""[Title/Abstract] OR ""occlusive""[Title/Abstract] OR ""skin""[Title/Abstract] OR ""skin barrier""[Title/Abstract] OR ""skin water content""[Title/Abstract] OR ""stratum corneum""[Title/Abstract] OR ""topical""[Title/Abstract] OR ""transepidermal water loss""[Title/Abstract] OR ""water loss""[Title/Abstract] OR ""xerosis""[Title/Abstract])",,0,,0,,,,,,,,0,[],no_expanded_pubmed_candidate,not_found,none,2026-07-12,mwbl-missing-effect-search-v1
hydroxypropylgluconamide,하이드록시프로필글루콘아마이드,Hydroxypropylgluconamide,effect_moisture_barrier,보습·장벽,"(""Hydroxypropylgluconamide""[Title/Abstract]) AND (""barrier function""[Title/Abstract] OR ""corneocyte""[Title/Abstract] OR ""cosmetic""[Title/Abstract] OR ""cutaneous""[Title/Abstract] OR ""dermal""[Title/Abstract] OR ""dermatitis""[Title/Abstract] OR ""dermatology""[Title/Abstract] OR ""dry skin""[Title/Abstract] OR ""epidermal""[Title/Abstract] OR ""epidermis""[Title/Abstract] OR ""humectant""[Title/Abstract] OR ""hydration""[Title/Abstract] OR ""keratinocyte""[Title/Abstract] OR ""moisture""[Title/Abstract] OR ""moisturising""[Title/Abstract] OR ""moisturizing""[Title/Abstract] OR ""occlusive""[Title/Abstract] OR ""skin""[Title/Abstract] OR ""skin barrier""[Title/Abstract] OR ""skin water content""[Title/Abstract] OR ""stratum corneum""[Title/Abstract] OR ""topical""[Title/Abstract] OR ""transepidermal water loss""[Title/Abstract] OR ""water loss""[Title/Abstract] OR ""xerosis""[Title/Abstract])",,0,,0,,,,,,,,0,[],no_expanded_pubmed_candidate,not_found,none,2026-07-12,mwbl-missing-effect-search-v1
hydroxypropyltrimonium_lemon_protein,하이드록시프로필트라이모늄레몬단백질,Hydroxypropyltrimonium Lemon Protein,effect_moisture_barrier,보습·장벽,"(""Hydroxypropyltrimonium Lemon Protein""[Title/Abstract]) AND (""barrier function""[Title/Abstract] OR ""corneocyte""[Title/Abstract] OR ""cosmetic""[Title/Abstract] OR ""cutaneous""[Title/Abstract] OR ""dermal""[Title/Abstract] OR ""dermatitis""[Title/Abstract] OR ""dermatology""[Title/Abstract] OR ""dry skin""[Title/Abstract] OR ""epidermal""[Title/Abstract] OR ""epidermis""[Title/Abstract] OR ""humectant""[Title/Abstract] OR ""hydration""[Title/Abstract] OR ""keratinocyte""[Title/Abstract] OR ""moisture""[Title/Abstract] OR ""moisturising""[Title/Abstract] OR ""moisturizing""[Title/Abstract] OR ""occlusive""[Title/Abstract] OR ""skin""[Title/Abstract] OR ""skin barrier""[Title/Abstract] OR ""skin water content""[Title/Abstract] OR ""stratum corneum""[Title/Abstract] OR ""topical""[Title/Abstract] OR ""transepidermal water loss""[Title/Abstract] OR ""water loss""[Title/Abstract] OR ""xerosis""[Title/Abstract])",,0,,0,,,,,,,,0,[],no_expanded_pubmed_candidate,not_found,none,2026-07-12,mwbl-missing-effect-search-v1
isohexadecane,아이소헥사데칸,Isohexadecane,effect_moisture_barrier,보습·장벽,"(""Isohexadecane""[Title/Abstract]) AND (""barrier function""[Title/Abstract] OR ""corneocyte""[Title/Abstract] OR ""cosmetic""[Title/Abstract] OR ""cutaneous""[Title/Abstract] OR ""dermal""[Title/Abstract] OR ""dermatitis""[Title/Abstract] OR ""dermatology""[Title/Abstract] OR ""dry skin""[Title/Abstract] OR ""epidermal""[Title/Abstract] OR ""epidermis""[Title/Abstract] OR ""humectant""[Title/Abstract] OR ""hydration""[Title/Abstract] OR ""keratinocyte""[Title/Abstract] OR ""moisture""[Title/Abstract] OR ""moisturising""[Title/Abstract] OR ""moisturizing""[Title/Abstract] OR ""occlusive""[Title/Abstract] OR ""skin""[Title/Abstract] OR ""skin barrier""[Title/Abstract] OR ""skin water content""[Title/Abstract] OR ""stratum corneum""[Title/Abstract] OR ""topical""[Title/Abstract] OR ""transepidermal water loss""[Title/Abstract] OR ""water loss""[Title/Abstract] OR ""xerosis""[Title/Abstract])",39842567|33466758|32446159|30303546|27012979|25620442|19340587|15072948|15186389|12711176,10,,0,,,,,,,,0,[],no_expanded_pubmed_candidate,not_found,none,2026-07-12,mwbl-missing-effect-search-v1
isomalt,아이소말트,Isomalt,effect_moisture_barrier,보습·장벽,"(""Isomalt""[Title/Abstract]) AND (""barrier function""[Title/Abstract] OR ""corneocyte""[Title/Abstract] OR ""cosmetic""[Title/Abstract] OR ""cutaneous""[Title/Abstract] OR ""dermal""[Title/Abstract] OR ""dermatitis""[Title/Abstract] OR ""dermatology""[Title/Abstract] OR ""dry skin""[Title/Abstract] OR ""epidermal""[Title/Abstract] OR ""epidermis""[Title/Abstract] OR ""humectant""[Title/Abstract] OR ""hydration""[Title/Abstract] OR ""keratinocyte""[Title/Abstract] OR ""moisture""[Title/Abstract] OR ""moisturising""[Title/Abstract] OR ""moisturizing""[Title/Abstract] OR ""occlusive""[Title/Abstract] OR ""skin""[Title/Abstract] OR ""skin barrier""[Title/Abstract] OR ""skin water content""[Title/Abstract] OR ""stratum corneum""[Title/Abstract] OR ""topical""[Title/Abstract] OR ""transepidermal water loss""[Title/Abstract] OR ""water loss""[Title/Abstract] OR ""xerosis""[Title/Abstract])",41471081|40992677|39288859|35417884|34681513|35531543|27321131|11879750,8,,0,,,,,,,,0,[],no_expanded_pubmed_candidate,not_found,none,2026-07-12,mwbl-missing-effect-search-v1
isononyl_isononanoate,아이소노닐아이소노나노에이트,Isononyl Isononanoate,effect_moisture_barrier,보습·장벽,"(""Isononyl Isononanoate""[Title/Abstract]) AND (""barrier function""[Title/Abstract] OR ""corneocyte""[Title/Abstract] OR ""cosmetic""[Title/Abstract] OR ""cutaneous""[Title/Abstract] OR ""dermal""[Title/Abstract] OR ""dermatitis""[Title/Abstract] OR ""dermatology""[Title/Abstract] OR ""dry skin""[Title/Abstract] OR ""epidermal""[Title/Abstract] OR ""epidermis""[Title/Abstract] OR ""humectant""[Title/Abstract] OR ""hydration""[Title/Abstract] OR ""keratinocyte""[Title/Abstract] OR ""moisture""[Title/Abstract] OR ""moisturising""[Title/Abstract] OR ""moisturizing""[Title/Abstract] OR ""occlusive""[Title/Abstract] OR ""skin""[Title/Abstract] OR ""skin barrier""[Title/Abstract] OR ""skin water content""[Title/Abstract] OR ""stratum corneum""[Title/Abstract] OR ""topical""[Title/Abstract] OR ""transepidermal water loss""[Title/Abstract] OR ""water loss""[Title/Abstract] OR ""xerosis""[Title/Abstract])",41272059|40745200|40160372|35977723|31024767|21437791|18976389,7,,0,,,,,,,,0,[],no_expanded_pubmed_candidate,not_found,none,2026-07-12,mwbl-missing-effect-search-v1
isopropyl_titanium_triisostearate,아이소프로필티타늄트라이아이소스테아레이트,Isopropyl Titanium Triisostearate,effect_moisture_barrier,보습·장벽,"(""Isopropyl Titanium Triisostearate""[Title/Abstract]) AND (""barrier function""[Title/Abstract] OR ""corneocyte""[Title/Abstract] OR ""cosmetic""[Title/Abstract] OR ""cutaneous""[Title/Abstract] OR ""dermal""[Title/Abstract] OR ""dermatitis""[Title/Abstract] OR ""dermatology""[Title/Abstract] OR ""dry skin""[Title/Abstract] OR ""epidermal""[Title/Abstract] OR ""epidermis""[Title/Abstract] OR ""humectant""[Title/Abstract] OR ""hydration""[Title/Abstract] OR ""keratinocyte""[Title/Abstract] OR ""moisture""[Title/Abstract] OR ""moisturising""[Title/Abstract] OR ""moisturizing""[Title/Abstract] OR ""occlusive""[Title/Abstract] OR ""skin""[Title/Abstract] OR ""skin barrier""[Title/Abstract] OR ""skin water content""[Title/Abstract] OR ""stratum corneum""[Title/Abstract] OR ""topical""[Title/Abstract] OR ""transepidermal water loss""[Title/Abstract] OR ""water loss""[Title/Abstract] OR ""xerosis""[Title/Abstract])",40673536|24291079,2,40673536,1,8,review_or_reference,abstract_exact,abstract_effect,reference_only,40673536,Titanium Complexes as Used in Cosmetics.,10,"[{""pmid"":""40673536"",""title"":""Titanium Complexes as Used in Cosmetics."",""tier"":8,""relation_scope"":""abstract_exact"",""effect_match_scope"":""abstract_effect"",""applicability"":""reference_only"",""signal_score"":10}]",expanded_candidate_found,candidate_unverified,none,2026-07-12,mwbl-missing-effect-search-v1
jasminum_officinale_jasmine_extract,커먼자스민추출물,Jasminum Officinale (Jasmine) Extract,effect_calming,진정,"(""Jasminum Officinale (Jasmine) Extract""[Title/Abstract] OR ""jasminum officinale jasmine extract""[Title/Abstract]) AND (""anti-inflammatory""[Title/Abstract] OR ""barrier function""[Title/Abstract] OR ""corneocyte""[Title/Abstract] OR ""cosmetic""[Title/Abstract] OR ""cutaneous""[Title/Abstract] OR ""dermal""[Title/Abstract] OR ""dermatitis""[Title/Abstract] OR ""dermatology""[Title/Abstract] OR ""dry skin""[Title/Abstract] OR ""epidermal""[Title/Abstract] OR ""epidermis""[Title/Abstract] OR ""erythema""[Title/Abstract] OR ""humectant""[Title/Abstract] OR ""hydration""[Title/Abstract] OR ""inflammation""[Title/Abstract] OR ""irritation""[Title/Abstract] OR ""keratinocyte""[Title/Abstract] OR ""moisture""[Title/Abstract] OR ""moisturising""[Title/Abstract] OR ""moisturizing""[Title/Abstract] OR ""occlusive""[Title/Abstract] OR ""pruritus""[Title/Abstract] OR ""redness""[Title/Abstract] OR ""sensitive skin""[Title/Abstract] OR ""skin""[Title/Abstract] OR ""skin barrier""[Title/Abstract] OR ""skin water content""[Title/Abstract] OR ""stratum corneum""[Title/Abstract] OR ""topical""[Title/Abstract] OR ""transepidermal water loss""[Title/Abstract] OR ""water loss""[Title/Abstract] OR ""wound healing""[Title/Abstract] OR ""xerosis""[Title/Abstract])",,0,,0,,,,,,,,0,[],no_expanded_pubmed_candidate,not_found,none,2026-07-12,mwbl-missing-effect-search-v1
jasminum_officinale_jasmine_extract,커먼자스민추출물,Jasminum Officinale (Jasmine) Extract,effect_moisture_barrier,보습·장벽,"(""Jasminum Officinale (Jasmine) Extract""[Title/Abstract] OR ""jasminum officinale jasmine extract""[Title/Abstract]) AND (""anti-inflammatory""[Title/Abstract] OR ""barrier function""[Title/Abstract] OR ""corneocyte""[Title/Abstract] OR ""cosmetic""[Title/Abstract] OR ""cutaneous""[Title/Abstract] OR ""dermal""[Title/Abstract] OR ""dermatitis""[Title/Abstract] OR ""dermatology""[Title/Abstract] OR ""dry skin""[Title/Abstract] OR ""epidermal""[Title/Abstract] OR ""epidermis""[Title/Abstract] OR ""erythema""[Title/Abstract] OR ""humectant""[Title/Abstract] OR ""hydration""[Title/Abstract] OR ""inflammation""[Title/Abstract] OR ""irritation""[Title/Abstract] OR ""keratinocyte""[Title/Abstract] OR ""moisture""[Title/Abstract] OR ""moisturising""[Title/Abstract] OR ""moisturizing""[Title/Abstract] OR ""occlusive""[Title/Abstract] OR ""pruritus""[Title/Abstract] OR ""redness""[Title/Abstract] OR ""sensitive skin""[Title/Abstract] OR ""skin""[Title/Abstract] OR ""skin barrier""[Title/Abstract] OR ""skin water content""[Title/Abstract] OR ""stratum corneum""[Title/Abstract] OR ""topical""[Title/Abstract] OR ""transepidermal water loss""[Title/Abstract] OR ""water loss""[Title/Abstract] OR ""wound healing""[Title/Abstract] OR ""xerosis""[Title/Abstract])",,0,,0,,,,,,,,0,[],no_expanded_pubmed_candidate,not_found,none,2026-07-12,mwbl-missing-effect-search-v1
jasminum_officinale_jasmine_flower_leaf_extract,커먼자스민꽃/잎추출물,Jasminum Officinale (Jasmine) Flower/Leaf Extract,effect_calming,진정,"(""Jasminum Officinale (Jasmine) Flower/Leaf Extract""[Title/Abstract] OR ""jasminum officinale jasmine flower leaf extract""[Title/Abstract]) AND (""anti-inflammatory""[Title/Abstract] OR ""barrier function""[Title/Abstract] OR ""corneocyte""[Title/Abstract] OR ""cosmetic""[Title/Abstract] OR ""cutaneous""[Title/Abstract] OR ""dermal""[Title/Abstract] OR ""dermatitis""[Title/Abstract] OR ""dermatology""[Title/Abstract] OR ""dry skin""[Title/Abstract] OR ""epidermal""[Title/Abstract] OR ""epidermis""[Title/Abstract] OR ""erythema""[Title/Abstract] OR ""humectant""[Title/Abstract] OR ""hydration""[Title/Abstract] OR ""inflammation""[Title/Abstract] OR ""irritation""[Title/Abstract] OR ""keratinocyte""[Title/Abstract] OR ""moisture""[Title/Abstract] OR ""moisturising""[Title/Abstract] OR ""moisturizing""[Title/Abstract] OR ""occlusive""[Title/Abstract] OR ""pruritus""[Title/Abstract] OR ""redness""[Title/Abstract] OR ""sensitive skin""[Title/Abstract] OR ""skin""[Title/Abstract] OR ""skin barrier""[Title/Abstract] OR ""skin water content""[Title/Abstract] OR ""stratum corneum""[Title/Abstract] OR ""topical""[Title/Abstract] OR ""transepidermal water loss""[Title/Abstract] OR ""water loss""[Title/Abstract] OR ""wound healing""[Title/Abstract] OR ""xerosis""[Title/Abstract])",,0,,0,,,,,,,,0,[],no_expanded_pubmed_candidate,not_found,none,2026-07-12,mwbl-missing-effect-search-v1
jasminum_officinale_jasmine_flower_leaf_extract,커먼자스민꽃/잎추출물,Jasminum Officinale (Jasmine) Flower/Leaf Extract,effect_moisture_barrier,보습·장벽,"(""Jasminum Officinale (Jasmine) Flower/Leaf Extract""[Title/Abstract] OR ""jasminum officinale jasmine flower leaf extract""[Title/Abstract]) AND (""anti-inflammatory""[Title/Abstract] OR ""barrier function""[Title/Abstract] OR ""corneocyte""[Title/Abstract] OR ""cosmetic""[Title/Abstract] OR ""cutaneous""[Title/Abstract] OR ""dermal""[Title/Abstract] OR ""dermatitis""[Title/Abstract] OR ""dermatology""[Title/Abstract] OR ""dry skin""[Title/Abstract] OR ""epidermal""[Title/Abstract] OR ""epidermis""[Title/Abstract] OR ""erythema""[Title/Abstract] OR ""humectant""[Title/Abstract] OR ""hydration""[Title/Abstract] OR ""inflammation""[Title/Abstract] OR ""irritation""[Title/Abstract] OR ""keratinocyte""[Title/Abstract] OR ""moisture""[Title/Abstract] OR ""moisturising""[Title/Abstract] OR ""moisturizing""[Title/Abstract] OR ""occlusive""[Title/Abstract] OR ""pruritus""[Title/Abstract] OR ""redness""[Title/Abstract] OR ""sensitive skin""[Title/Abstract] OR ""skin""[Title/Abstract] OR ""skin barrier""[Title/Abstract] OR ""skin water content""[Title/Abstract] OR ""stratum corneum""[Title/Abstract] OR ""topical""[Title/Abstract] OR ""transepidermal water loss""[Title/Abstract] OR ""water loss""[Title/Abstract] OR ""wound healing""[Title/Abstract] OR ""xerosis""[Title/Abstract])",,0,,0,,,,,,,,0,[],no_expanded_pubmed_candidate,not_found,none,2026-07-12,mwbl-missing-effect-search-v1
jasminum_officinale_jasmine_oil,커먼자스민오일,Jasminum Officinale (Jasmine) Oil,effect_calming,진정,"(""Jasminum Officinale (Jasmine) Oil""[Title/Abstract] OR ""jasminum officinale jasmine oil""[Title/Abstract]) AND (""anti-inflammatory""[Title/Abstract] OR ""barrier function""[Title/Abstract] OR ""corneocyte""[Title/Abstract] OR ""cosmetic""[Title/Abstract] OR ""cutaneous""[Title/Abstract] OR ""dermal""[Title/Abstract] OR ""dermatitis""[Title/Abstract] OR ""dermatology""[Title/Abstract] OR ""dry skin""[Title/Abstract] OR ""epidermal""[Title/Abstract] OR ""epidermis""[Title/Abstract] OR ""erythema""[Title/Abstract] OR ""humectant""[Title/Abstract] OR ""hydration""[Title/Abstract] OR ""inflammation""[Title/Abstract] OR ""irritation""[Title/Abstract] OR ""keratinocyte""[Title/Abstract] OR ""moisture""[Title/Abstract] OR ""moisturising""[Title/Abstract] OR ""moisturizing""[Title/Abstract] OR ""occlusive""[Title/Abstract] OR ""pruritus""[Title/Abstract] OR ""redness""[Title/Abstract] OR ""sensitive skin""[Title/Abstract] OR ""skin""[Title/Abstract] OR ""skin barrier""[Title/Abstract] OR ""skin water content""[Title/Abstract] OR ""stratum corneum""[Title/Abstract] OR ""topical""[Title/Abstract] OR ""transepidermal water loss""[Title/Abstract] OR ""water loss""[Title/Abstract] OR ""wound healing""[Title/Abstract] OR ""xerosis""[Title/Abstract])",,0,,0,,,,,,,,0,[],no_expanded_pubmed_candidate,not_found,none,2026-07-12,mwbl-missing-effect-search-v1
jasminum_officinale_jasmine_oil,커먼자스민오일,Jasminum Officinale (Jasmine) Oil,effect_moisture_barrier,보습·장벽,"(""Jasminum Officinale (Jasmine) Oil""[Title/Abstract] OR ""jasminum officinale jasmine oil""[Title/Abstract]) AND (""anti-inflammatory""[Title/Abstract] OR ""barrier function""[Title/Abstract] OR ""corneocyte""[Title/Abstract] OR ""cosmetic""[Title/Abstract] OR ""cutaneous""[Title/Abstract] OR ""dermal""[Title/Abstract] OR ""dermatitis""[Title/Abstract] OR ""dermatology""[Title/Abstract] OR ""dry skin""[Title/Abstract] OR ""epidermal""[Title/Abstract] OR ""epidermis""[Title/Abstract] OR ""erythema""[Title/Abstract] OR ""humectant""[Title/Abstract] OR ""hydration""[Title/Abstract] OR ""inflammation""[Title/Abstract] OR ""irritation""[Title/Abstract] OR ""keratinocyte""[Title/Abstract] OR ""moisture""[Title/Abstract] OR ""moisturising""[Title/Abstract] OR ""moisturizing""[Title/Abstract] OR ""occlusive""[Title/Abstract] OR ""pruritus""[Title/Abstract] OR ""redness""[Title/Abstract] OR ""sensitive skin""[Title/Abstract] OR ""skin""[Title/Abstract] OR ""skin barrier""[Title/Abstract] OR ""skin water content""[Title/Abstract] OR ""stratum corneum""[Title/Abstract] OR ""topical""[Title/Abstract] OR ""transepidermal water loss""[Title/Abstract] OR ""water loss""[Title/Abstract] OR ""wound healing""[Title/Abstract] OR ""xerosis""[Title/Abstract])",,0,,0,,,,,,,,0,[],no_expanded_pubmed_candidate,not_found,none,2026-07-12,mwbl-missing-effect-search-v1
jojoba_esters,호호바에스터,Jojoba Esters,effect_calming,진정,"(""Jojoba Esters""[Title/Abstract]) AND (""anti-inflammatory""[Title/Abstract] OR ""corneocyte""[Title/Abstract] OR ""cosmetic""[Title/Abstract] OR ""cutaneous""[Title/Abstract] OR ""dermal""[Title/Abstract] OR ""dermatitis""[Title/Abstract] OR ""dermatology""[Title/Abstract] OR ""epidermal""[Title/Abstract] OR ""epidermis""[Title/Abstract] OR ""erythema""[Title/Abstract] OR ""inflammation""[Title/Abstract] OR ""irritation""[Title/Abstract] OR ""keratinocyte""[Title/Abstract] OR ""pruritus""[Title/Abstract] OR ""redness""[Title/Abstract] OR ""sensitive skin""[Title/Abstract] OR ""skin""[Title/Abstract] OR ""stratum corneum""[Title/Abstract] OR ""topical""[Title/Abstract] OR ""wound healing""[Title/Abstract])",19146603,1,,0,,,,,,,,0,[],no_expanded_pubmed_candidate,not_found,none,2026-07-12,mwbl-missing-effect-search-v1
lactamide_mea,락타마이드엠이에이,Lactamide MEA,effect_moisture_barrier,보습·장벽,"(""Lactamide MEA""[Title/Abstract]) AND (""barrier function""[Title/Abstract] OR ""corneocyte""[Title/Abstract] OR ""cosmetic""[Title/Abstract] OR ""cutaneous""[Title/Abstract] OR ""dermal""[Title/Abstract] OR ""dermatitis""[Title/Abstract] OR ""dermatology""[Title/Abstract] OR ""dry skin""[Title/Abstract] OR ""epidermal""[Title/Abstract] OR ""epidermis""[Title/Abstract] OR ""humectant""[Title/Abstract] OR ""hydration""[Title/Abstract] OR ""keratinocyte""[Title/Abstract] OR ""moisture""[Title/Abstract] OR ""moisturising""[Title/Abstract] OR ""moisturizing""[Title/Abstract] OR ""occlusive""[Title/Abstract] OR ""skin""[Title/Abstract] OR ""skin barrier""[Title/Abstract] OR ""skin water content""[Title/Abstract] OR ""stratum corneum""[Title/Abstract] OR ""topical""[Title/Abstract] OR ""transepidermal water loss""[Title/Abstract] OR ""water loss""[Title/Abstract] OR ""xerosis""[Title/Abstract])",,0,,0,,,,,,,,0,[],no_expanded_pubmed_candidate,not_found,none,2026-07-12,mwbl-missing-effect-search-v1
lactitol,락티톨,Lactitol,effect_moisture_barrier,보습·장벽,"(""Lactitol""[Title/Abstract]) AND (""barrier function""[Title/Abstract] OR ""corneocyte""[Title/Abstract] OR ""cosmetic""[Title/Abstract] OR ""cutaneous""[Title/Abstract] OR ""dermal""[Title/Abstract] OR ""dermatitis""[Title/Abstract] OR ""dermatology""[Title/Abstract] OR ""dry skin""[Title/Abstract] OR ""epidermal""[Title/Abstract] OR ""epidermis""[Title/Abstract] OR ""humectant""[Title/Abstract] OR ""hydration""[Title/Abstract] OR ""keratinocyte""[Title/Abstract] OR ""moisture""[Title/Abstract] OR ""moisturising""[Title/Abstract] OR ""moisturizing""[Title/Abstract] OR ""occlusive""[Title/Abstract] OR ""skin""[Title/Abstract] OR ""skin barrier""[Title/Abstract] OR ""skin water content""[Title/Abstract] OR ""stratum corneum""[Title/Abstract] OR ""topical""[Title/Abstract] OR ""transepidermal water loss""[Title/Abstract] OR ""water loss""[Title/Abstract] OR ""xerosis""[Title/Abstract])",39680036|38998634|37545638|35097231|32989517|32064250|31117218|29984492|23087088|10472394|9145445|7837302|3676230,13,,0,,,,,,,,0,[],no_expanded_pubmed_candidate,not_found,none,2026-07-12,mwbl-missing-effect-search-v1
laminaria_japonica_extract,다시마추출물,Laminaria Japonica Extract,effect_moisture_barrier,보습·장벽,"(""Laminaria Japonica Extract""[Title/Abstract]) AND (""barrier function""[Title/Abstract] OR ""corneocyte""[Title/Abstract] OR ""cosmetic""[Title/Abstract] OR ""cutaneous""[Title/Abstract] OR ""dermal""[Title/Abstract] OR ""dermatitis""[Title/Abstract] OR ""dermatology""[Title/Abstract] OR ""dry skin""[Title/Abstract] OR ""epidermal""[Title/Abstract] OR ""epidermis""[Title/Abstract] OR ""humectant""[Title/Abstract] OR ""hydration""[Title/Abstract] OR ""keratinocyte""[Title/Abstract] OR ""moisture""[Title/Abstract] OR ""moisturising""[Title/Abstract] OR ""moisturizing""[Title/Abstract] OR ""occlusive""[Title/Abstract] OR ""skin""[Title/Abstract] OR ""skin barrier""[Title/Abstract] OR ""skin water content""[Title/Abstract] OR ""stratum corneum""[Title/Abstract] OR ""topical""[Title/Abstract] OR ""transepidermal water loss""[Title/Abstract] OR ""water loss""[Title/Abstract] OR ""xerosis""[Title/Abstract])",41351978|40169052|32630038|31052468|25806080,5,,0,,,,,,,,0,[],no_expanded_pubmed_candidate,not_found,none,2026-07-12,mwbl-missing-effect-search-v1
laminaria_saccharina_extract,슈가켈프추출물,Laminaria Saccharina Extract,effect_moisture_barrier,보습·장벽,"(""Laminaria Saccharina Extract""[Title/Abstract]) AND (""barrier function""[Title/Abstract] OR ""corneocyte""[Title/Abstract] OR ""cosmetic""[Title/Abstract] OR ""cutaneous""[Title/Abstract] OR ""dermal""[Title/Abstract] OR ""dermatitis""[Title/Abstract] OR ""dermatology""[Title/Abstract] OR ""dry skin""[Title/Abstract] OR ""epidermal""[Title/Abstract] OR ""epidermis""[Title/Abstract] OR ""humectant""[Title/Abstract] OR ""hydration""[Title/Abstract] OR ""keratinocyte""[Title/Abstract] OR ""moisture""[Title/Abstract] OR ""moisturising""[Title/Abstract] OR ""moisturizing""[Title/Abstract] OR ""occlusive""[Title/Abstract] OR ""skin""[Title/Abstract] OR ""skin barrier""[Title/Abstract] OR ""skin water content""[Title/Abstract] OR ""stratum corneum""[Title/Abstract] OR ""topical""[Title/Abstract] OR ""transepidermal water loss""[Title/Abstract] OR ""water loss""[Title/Abstract] OR ""xerosis""[Title/Abstract])",,0,,0,,,,,,,,0,[],no_expanded_pubmed_candidate,not_found,none,2026-07-12,mwbl-missing-effect-search-v1
larix_europaea_wood_extract,유럽잎갈나무목부추출물,Larix Europaea Wood Extract,effect_moisture_barrier,보습·장벽,"(""Larix Europaea Wood Extract""[Title/Abstract]) AND (""barrier function""[Title/Abstract] OR ""corneocyte""[Title/Abstract] OR ""cosmetic""[Title/Abstract] OR ""cutaneous""[Title/Abstract] OR ""dermal""[Title/Abstract] OR ""dermatitis""[Title/Abstract] OR ""dermatology""[Title/Abstract] OR ""dry skin""[Title/Abstract] OR ""epidermal""[Title/Abstract] OR ""epidermis""[Title/Abstract] OR ""humectant""[Title/Abstract] OR ""hydration""[Title/Abstract] OR ""keratinocyte""[Title/Abstract] OR ""moisture""[Title/Abstract] OR ""moisturising""[Title/Abstract] OR ""moisturizing""[Title/Abstract] OR ""occlusive""[Title/Abstract] OR ""skin""[Title/Abstract] OR ""skin barrier""[Title/Abstract] OR ""skin water content""[Title/Abstract] OR ""stratum corneum""[Title/Abstract] OR ""topical""[Title/Abstract] OR ""transepidermal water loss""[Title/Abstract] OR ""water loss""[Title/Abstract] OR ""xerosis""[Title/Abstract])",,0,,0,,,,,,,,0,[],no_expanded_pubmed_candidate,not_found,none,2026-07-12,mwbl-missing-effect-search-v1
lavandula_hybrida_oil,라반딘오일,Lavandula Hybrida Oil,effect_moisture_barrier,보습·장벽,"(""Lavandula Hybrida Oil""[Title/Abstract]) AND (""barrier function""[Title/Abstract] OR ""corneocyte""[Title/Abstract] OR ""cosmetic""[Title/Abstract] OR ""cutaneous""[Title/Abstract] OR ""dermal""[Title/Abstract] OR ""dermatitis""[Title/Abstract] OR ""dermatology""[Title/Abstract] OR ""dry skin""[Title/Abstract] OR ""epidermal""[Title/Abstract] OR ""epidermis""[Title/Abstract] OR ""humectant""[Title/Abstract] OR ""hydration""[Title/Abstract] OR ""keratinocyte""[Title/Abstract] OR ""moisture""[Title/Abstract] OR ""moisturising""[Title/Abstract] OR ""moisturizing""[Title/Abstract] OR ""occlusive""[Title/Abstract] OR ""skin""[Title/Abstract] OR ""skin barrier""[Title/Abstract] OR ""skin water content""[Title/Abstract] OR ""stratum corneum""[Title/Abstract] OR ""topical""[Title/Abstract] OR ""transepidermal water loss""[Title/Abstract] OR ""water loss""[Title/Abstract] OR ""xerosis""[Title/Abstract])",,0,,0,,,,,,,,0,[],no_expanded_pubmed_candidate,not_found,none,2026-07-12,mwbl-missing-effect-search-v1
leontopodium_alpinum_callus_culture_extract,에델바이스캘러스배양추출물,Leontopodium Alpinum Callus Culture Extract,effect_moisture_barrier,보습·장벽,"(""Leontopodium Alpinum Callus Culture Extract""[Title/Abstract]) AND (""barrier function""[Title/Abstract] OR ""corneocyte""[Title/Abstract] OR ""cosmetic""[Title/Abstract] OR ""cutaneous""[Title/Abstract] OR ""dermal""[Title/Abstract] OR ""dermatitis""[Title/Abstract] OR ""dermatology""[Title/Abstract] OR ""dry skin""[Title/Abstract] OR ""epidermal""[Title/Abstract] OR ""epidermis""[Title/Abstract] OR ""humectant""[Title/Abstract] OR ""hydration""[Title/Abstract] OR ""keratinocyte""[Title/Abstract] OR ""moisture""[Title/Abstract] OR ""moisturising""[Title/Abstract] OR ""moisturizing""[Title/Abstract] OR ""occlusive""[Title/Abstract] OR ""skin""[Title/Abstract] OR ""skin barrier""[Title/Abstract] OR ""skin water content""[Title/Abstract] OR ""stratum corneum""[Title/Abstract] OR ""topical""[Title/Abstract] OR ""transepidermal water loss""[Title/Abstract] OR ""water loss""[Title/Abstract] OR ""xerosis""[Title/Abstract])",37959738|36903418|32098197,3,,0,,,,,,,,0,[],no_expanded_pubmed_candidate,not_found,none,2026-07-12,mwbl-missing-effect-search-v1
leonurus_sibiricus_flower_leaf_stem_extract,익모초꽃/잎/줄기추출물,Leonurus Sibiricus Flower/Leaf/Stem Extract,effect_calming,진정,"(""Leonurus Sibiricus Flower/Leaf/Stem Extract""[Title/Abstract] OR ""leonurus sibiricus flower leaf stem extract""[Title/Abstract]) AND (""anti-inflammatory""[Title/Abstract] OR ""corneocyte""[Title/Abstract] OR ""cosmetic""[Title/Abstract] OR ""cutaneous""[Title/Abstract] OR ""dermal""[Title/Abstract] OR ""dermatitis""[Title/Abstract] OR ""dermatology""[Title/Abstract] OR ""epidermal""[Title/Abstract] OR ""epidermis""[Title/Abstract] OR ""erythema""[Title/Abstract] OR ""inflammation""[Title/Abstract] OR ""irritation""[Title/Abstract] OR ""keratinocyte""[Title/Abstract] OR ""pruritus""[Title/Abstract] OR ""redness""[Title/Abstract] OR ""sensitive skin""[Title/Abstract] OR ""skin""[Title/Abstract] OR ""stratum corneum""[Title/Abstract] OR ""topical""[Title/Abstract] OR ""wound healing""[Title/Abstract])",,0,,0,,,,,,,,0,[],no_expanded_pubmed_candidate,not_found,none,2026-07-12,mwbl-missing-effect-search-v1
leuconostoc_ferment_filtrate,류코노스톡발효여과물,Leuconostoc Ferment Filtrate,effect_acne_sebum,여드름·피지,"(""Leuconostoc Ferment Filtrate""[Title/Abstract]) AND (""acne""[Title/Abstract] OR ""comedogenic""[Title/Abstract] OR ""comedone""[Title/Abstract] OR ""corneocyte""[Title/Abstract] OR ""cosmetic""[Title/Abstract] OR ""cutaneous""[Title/Abstract] OR ""cutibacterium acnes""[Title/Abstract] OR ""dermal""[Title/Abstract] OR ""dermatitis""[Title/Abstract] OR ""dermatology""[Title/Abstract] OR ""epidermal""[Title/Abstract] OR ""epidermis""[Title/Abstract] OR ""keratinocyte""[Title/Abstract] OR ""propionibacterium acnes""[Title/Abstract] OR ""sebaceous""[Title/Abstract] OR ""sebum""[Title/Abstract] OR ""skin""[Title/Abstract] OR ""stratum corneum""[Title/Abstract] OR ""topical""[Title/Abstract])",,0,,0,,,,,,,,0,[],no_expanded_pubmed_candidate,not_found,none,2026-07-12,mwbl-missing-effect-search-v1
leuconostoc_radish_root_ferment_filtrate,류코노스톡/무발효여과물,Leuconostoc/Radish Root Ferment Filtrate,effect_acne_sebum,여드름·피지,"(""Leuconostoc/Radish Root Ferment Filtrate""[Title/Abstract] OR ""leuconostoc radish root ferment filtrate""[Title/Abstract]) AND (""acne""[Title/Abstract] OR ""comedogenic""[Title/Abstract] OR ""comedone""[Title/Abstract] OR ""corneocyte""[Title/Abstract] OR ""cosmetic""[Title/Abstract] OR ""cutaneous""[Title/Abstract] OR ""cutibacterium acnes""[Title/Abstract] OR ""dermal""[Title/Abstract] OR ""dermatitis""[Title/Abstract] OR ""dermatology""[Title/Abstract] OR ""epidermal""[Title/Abstract] OR ""epidermis""[Title/Abstract] OR ""keratinocyte""[Title/Abstract] OR ""propionibacterium acnes""[Title/Abstract] OR ""sebaceous""[Title/Abstract] OR ""sebum""[Title/Abstract] OR ""skin""[Title/Abstract] OR ""stratum corneum""[Title/Abstract] OR ""topical""[Title/Abstract])",42381443,1,,0,,,,,,,,0,[],no_expanded_pubmed_candidate,not_found,none,2026-07-12,mwbl-missing-effect-search-v1
magnesium_pca,마그네슘피씨에이,Magnesium PCA,effect_moisture_barrier,보습·장벽,"(""Magnesium PCA""[Title/Abstract]) AND (""barrier function""[Title/Abstract] OR ""corneocyte""[Title/Abstract] OR ""cosmetic""[Title/Abstract] OR ""cutaneous""[Title/Abstract] OR ""dermal""[Title/Abstract] OR ""dermatitis""[Title/Abstract] OR ""dermatology""[Title/Abstract] OR ""dry skin""[Title/Abstract] OR ""epidermal""[Title/Abstract] OR ""epidermis""[Title/Abstract] OR ""humectant""[Title/Abstract] OR ""hydration""[Title/Abstract] OR ""keratinocyte""[Title/Abstract] OR ""moisture""[Title/Abstract] OR ""moisturising""[Title/Abstract] OR ""moisturizing""[Title/Abstract] OR ""occlusive""[Title/Abstract] OR ""skin""[Title/Abstract] OR ""skin barrier""[Title/Abstract] OR ""skin water content""[Title/Abstract] OR ""stratum corneum""[Title/Abstract] OR ""topical""[Title/Abstract] OR ""transepidermal water loss""[Title/Abstract] OR ""water loss""[Title/Abstract] OR ""xerosis""[Title/Abstract])",,0,,0,,,,,,,,0,[],no_expanded_pubmed_candidate,not_found,none,2026-07-12,mwbl-missing-effect-search-v1
magnesium_stearate,마그네슘스테아레이트,Magnesium Stearate,effect_moisture_barrier,보습·장벽,"(""Magnesium Stearate""[Title/Abstract]) AND (""barrier function""[Title/Abstract] OR ""corneocyte""[Title/Abstract] OR ""cosmetic""[Title/Abstract] OR ""cutaneous""[Title/Abstract] OR ""dermal""[Title/Abstract] OR ""dermatitis""[Title/Abstract] OR ""dermatology""[Title/Abstract] OR ""dry skin""[Title/Abstract] OR ""epidermal""[Title/Abstract] OR ""epidermis""[Title/Abstract] OR ""humectant""[Title/Abstract] OR ""hydration""[Title/Abstract] OR ""keratinocyte""[Title/Abstract] OR ""moisture""[Title/Abstract] OR ""moisturising""[Title/Abstract] OR ""moisturizing""[Title/Abstract] OR ""occlusive""[Title/Abstract] OR ""skin""[Title/Abstract] OR ""skin barrier""[Title/Abstract] OR ""skin water content""[Title/Abstract] OR ""stratum corneum""[Title/Abstract] OR ""topical""[Title/Abstract] OR ""transepidermal water loss""[Title/Abstract] OR ""water loss""[Title/Abstract] OR ""xerosis""[Title/Abstract])",42331117|41807885|41471081|41550663|41184547|40574026|40120993|40101203|40127746|38906498|37938090|37830038|37364785|36297531|34786218|33148521|32713055|31981702|31378098|30965041|31202900|30458386|29938542|29376430|28926716|28779986|26616157|28631809|28122460|28194635|28053581|27108117|26748887|26143369|25981619|24694186|26407109|25528462|25445756|25037732|24596131|23506303|23178204|22304483|22091970|21800216|21496949|21457766|20582205|19339235|18778759|18351597|18621491|17689898|18058323|17376616|17289312|17622112|12661061|12550799|14727865|11210674|10697761|9741906|1491339|1640370|2907013|3171951|3432037,69,,0,,,,,,,,0,[],no_expanded_pubmed_candidate,not_found,none,2026-07-12,mwbl-missing-effect-search-v1
magnolol,마그놀올,Magnolol,effect_brightening,미백·톤,"(""Magnolol""[Title/Abstract]) AND (""corneocyte""[Title/Abstract] OR ""cosmetic""[Title/Abstract] OR ""cutaneous""[Title/Abstract] OR ""dark spot""[Title/Abstract] OR ""dermal""[Title/Abstract] OR ""dermatitis""[Title/Abstract] OR ""dermatology""[Title/Abstract] OR ""epidermal""[Title/Abstract] OR ""epidermis""[Title/Abstract] OR ""hyperpigmentation""[Title/Abstract] OR ""keratinocyte""[Title/Abstract] OR ""melanin""[Title/Abstract] OR ""melanogenesis""[Title/Abstract] OR ""melasma""[Title/Abstract] OR ""pigmentation""[Title/Abstract] OR ""skin""[Title/Abstract] OR ""skin lightening""[Title/Abstract] OR ""skin whitening""[Title/Abstract] OR ""stratum corneum""[Title/Abstract] OR ""topical""[Title/Abstract] OR ""tyrosinase""[Title/Abstract])",42345583|42319879|41456456|41611070|41376510|41521719|41089468|40335865|40280771|40135845|39912347|39693920|38908488|38827157|38541664|38290149|38043155|38132422|37522492|37242703|37103080|36122436|35725156|35277988|35067057|34885972|33747183|33098104|32978046|32248517|32664494|32987287|30270607|30103472|30355952|28299950|28919715|28252643|27233503|25562310|25147793|23917859|23380623|21999396|22115797|21757288|22014088|20877235|20540695|20218615|19539808|19229860|19203652|17692444|17978501|17346696|16966432|15288590|9784921|9331981|8133909|1659613,62,,0,,,,,,,,0,[],no_expanded_pubmed_candidate,not_found,none,2026-07-12,mwbl-missing-effect-search-v1
maltitol,말티톨,Maltitol,effect_moisture_barrier,보습·장벽,"(""Maltitol""[Title/Abstract]) AND (""barrier function""[Title/Abstract] OR ""corneocyte""[Title/Abstract] OR ""cosmetic""[Title/Abstract] OR ""cutaneous""[Title/Abstract] OR ""dermal""[Title/Abstract] OR ""dermatitis""[Title/Abstract] OR ""dermatology""[Title/Abstract] OR ""dry skin""[Title/Abstract] OR ""epidermal""[Title/Abstract] OR ""epidermis""[Title/Abstract] OR ""humectant""[Title/Abstract] OR ""hydration""[Title/Abstract] OR ""keratinocyte""[Title/Abstract] OR ""moisture""[Title/Abstract] OR ""moisturising""[Title/Abstract] OR ""moisturizing""[Title/Abstract] OR ""occlusive""[Title/Abstract] OR ""skin""[Title/Abstract] OR ""skin barrier""[Title/Abstract] OR ""skin water content""[Title/Abstract] OR ""stratum corneum""[Title/Abstract] OR ""topical""[Title/Abstract] OR ""transepidermal water loss""[Title/Abstract] OR ""water loss""[Title/Abstract] OR ""xerosis""[Title/Abstract])",41850107|41172396|39823900|38138657|36766136|34681513|33175398|31546606|35531543|31128184|30642483|30634517|29786667|29462977|28606842|25745238|23947616|19231894|14606661|12217059|10563984,21,,0,,,,,,,,0,[],no_expanded_pubmed_candidate,not_found,none,2026-07-12,mwbl-missing-effect-search-v1
malva_sylvestris_mallow_extract,당아욱추출물,Malva Sylvestris (Mallow) Extract,effect_calming,진정,"(""Malva Sylvestris (Mallow) Extract""[Title/Abstract] OR ""malva sylvestris mallow extract""[Title/Abstract]) AND (""anti-inflammatory""[Title/Abstract] OR ""barrier function""[Title/Abstract] OR ""corneocyte""[Title/Abstract] OR ""cosmetic""[Title/Abstract] OR ""cutaneous""[Title/Abstract] OR ""dermal""[Title/Abstract] OR ""dermatitis""[Title/Abstract] OR ""dermatology""[Title/Abstract] OR ""dry skin""[Title/Abstract] OR ""epidermal""[Title/Abstract] OR ""epidermis""[Title/Abstract] OR ""erythema""[Title/Abstract] OR ""humectant""[Title/Abstract] OR ""hydration""[Title/Abstract] OR ""inflammation""[Title/Abstract] OR ""irritation""[Title/Abstract] OR ""keratinocyte""[Title/Abstract] OR ""moisture""[Title/Abstract] OR ""moisturising""[Title/Abstract] OR ""moisturizing""[Title/Abstract] OR ""occlusive""[Title/Abstract] OR ""pruritus""[Title/Abstract] OR ""redness""[Title/Abstract] OR ""sensitive skin""[Title/Abstract] OR ""skin""[Title/Abstract] OR ""skin barrier""[Title/Abstract] OR ""skin water content""[Title/Abstract] OR ""stratum corneum""[Title/Abstract] OR ""topical""[Title/Abstract] OR ""transepidermal water loss""[Title/Abstract] OR ""water loss""[Title/Abstract] OR ""wound healing""[Title/Abstract] OR ""xerosis""[Title/Abstract])",,0,,0,,,,,,,,0,[],no_expanded_pubmed_candidate,not_found,none,2026-07-12,mwbl-missing-effect-search-v1
malva_sylvestris_mallow_extract,당아욱추출물,Malva Sylvestris (Mallow) Extract,effect_moisture_barrier,보습·장벽,"(""Malva Sylvestris (Mallow) Extract""[Title/Abstract] OR ""malva sylvestris mallow extract""[Title/Abstract]) AND (""anti-inflammatory""[Title/Abstract] OR ""barrier function""[Title/Abstract] OR ""corneocyte""[Title/Abstract] OR ""cosmetic""[Title/Abstract] OR ""cutaneous""[Title/Abstract] OR ""dermal""[Title/Abstract] OR ""dermatitis""[Title/Abstract] OR ""dermatology""[Title/Abstract] OR ""dry skin""[Title/Abstract] OR ""epidermal""[Title/Abstract] OR ""epidermis""[Title/Abstract] OR ""erythema""[Title/Abstract] OR ""humectant""[Title/Abstract] OR ""hydration""[Title/Abstract] OR ""inflammation""[Title/Abstract] OR ""irritation""[Title/Abstract] OR ""keratinocyte""[Title/Abstract] OR ""moisture""[Title/Abstract] OR ""moisturising""[Title/Abstract] OR ""moisturizing""[Title/Abstract] OR ""occlusive""[Title/Abstract] OR ""pruritus""[Title/Abstract] OR ""redness""[Title/Abstract] OR ""sensitive skin""[Title/Abstract] OR ""skin""[Title/Abstract] OR ""skin barrier""[Title/Abstract] OR ""skin water content""[Title/Abstract] OR ""stratum corneum""[Title/Abstract] OR ""topical""[Title/Abstract] OR ""transepidermal water loss""[Title/Abstract] OR ""water loss""[Title/Abstract] OR ""wound healing""[Title/Abstract] OR ""xerosis""[Title/Abstract])",,0,,0,,,,,,,,0,[],no_expanded_pubmed_candidate,not_found,none,2026-07-12,mwbl-missing-effect-search-v1
manganese_pca,망가니즈피씨에이,Manganese PCA,effect_moisture_barrier,보습·장벽,"(""Manganese PCA""[Title/Abstract]) AND (""barrier function""[Title/Abstract] OR ""corneocyte""[Title/Abstract] OR ""cosmetic""[Title/Abstract] OR ""cutaneous""[Title/Abstract] OR ""dermal""[Title/Abstract] OR ""dermatitis""[Title/Abstract] OR ""dermatology""[Title/Abstract] OR ""dry skin""[Title/Abstract] OR ""epidermal""[Title/Abstract] OR ""epidermis""[Title/Abstract] OR ""humectant""[Title/Abstract] OR ""hydration""[Title/Abstract] OR ""keratinocyte""[Title/Abstract] OR ""moisture""[Title/Abstract] OR ""moisturising""[Title/Abstract] OR ""moisturizing""[Title/Abstract] OR ""occlusive""[Title/Abstract] OR ""skin""[Title/Abstract] OR ""skin barrier""[Title/Abstract] OR ""skin water content""[Title/Abstract] OR ""stratum corneum""[Title/Abstract] OR ""topical""[Title/Abstract] OR ""transepidermal water loss""[Title/Abstract] OR ""water loss""[Title/Abstract] OR ""xerosis""[Title/Abstract])",,0,,0,,,,,,,,0,[],no_expanded_pubmed_candidate,not_found,none,2026-07-12,mwbl-missing-effect-search-v1
melilotus_officinalis_extract,옐로우스위트클로버추출물,Melilotus Officinalis Extract,effect_calming,진정,"(""Melilotus Officinalis Extract""[Title/Abstract]) AND (""anti-inflammatory""[Title/Abstract] OR ""corneocyte""[Title/Abstract] OR ""cosmetic""[Title/Abstract] OR ""cutaneous""[Title/Abstract] OR ""dermal""[Title/Abstract] OR ""dermatitis""[Title/Abstract] OR ""dermatology""[Title/Abstract] OR ""epidermal""[Title/Abstract] OR ""epidermis""[Title/Abstract] OR ""erythema""[Title/Abstract] OR ""inflammation""[Title/Abstract] OR ""irritation""[Title/Abstract] OR ""keratinocyte""[Title/Abstract] OR ""pruritus""[Title/Abstract] OR ""redness""[Title/Abstract] OR ""sensitive skin""[Title/Abstract] OR ""skin""[Title/Abstract] OR ""stratum corneum""[Title/Abstract] OR ""topical""[Title/Abstract] OR ""wound healing""[Title/Abstract])",39204348|35673445|28706608,3,,0,,,,,,,,0,[],no_expanded_pubmed_candidate,not_found,none,2026-07-12,mwbl-missing-effect-search-v1
menthyl_pca,멘틸피씨에이,Menthyl PCA,effect_moisture_barrier,보습·장벽,"(""Menthyl PCA""[Title/Abstract]) AND (""barrier function""[Title/Abstract] OR ""corneocyte""[Title/Abstract] OR ""cosmetic""[Title/Abstract] OR ""cutaneous""[Title/Abstract] OR ""dermal""[Title/Abstract] OR ""dermatitis""[Title/Abstract] OR ""dermatology""[Title/Abstract] OR ""dry skin""[Title/Abstract] OR ""epidermal""[Title/Abstract] OR ""epidermis""[Title/Abstract] OR ""humectant""[Title/Abstract] OR ""hydration""[Title/Abstract] OR ""keratinocyte""[Title/Abstract] OR ""moisture""[Title/Abstract] OR ""moisturising""[Title/Abstract] OR ""moisturizing""[Title/Abstract] OR ""occlusive""[Title/Abstract] OR ""skin""[Title/Abstract] OR ""skin barrier""[Title/Abstract] OR ""skin water content""[Title/Abstract] OR ""stratum corneum""[Title/Abstract] OR ""topical""[Title/Abstract] OR ""transepidermal water loss""[Title/Abstract] OR ""water loss""[Title/Abstract] OR ""xerosis""[Title/Abstract])",,0,,0,,,,,,,,0,[],no_expanded_pubmed_candidate,not_found,none,2026-07-12,mwbl-missing-effect-search-v1
methicone,메티콘,Methicone,effect_moisture_barrier,보습·장벽,"(""Methicone""[Title/Abstract]) AND (""barrier function""[Title/Abstract] OR ""corneocyte""[Title/Abstract] OR ""cosmetic""[Title/Abstract] OR ""cutaneous""[Title/Abstract] OR ""dermal""[Title/Abstract] OR ""dermatitis""[Title/Abstract] OR ""dermatology""[Title/Abstract] OR ""dry skin""[Title/Abstract] OR ""epidermal""[Title/Abstract] OR ""epidermis""[Title/Abstract] OR ""humectant""[Title/Abstract] OR ""hydration""[Title/Abstract] OR ""keratinocyte""[Title/Abstract] OR ""moisture""[Title/Abstract] OR ""moisturising""[Title/Abstract] OR ""moisturizing""[Title/Abstract] OR ""occlusive""[Title/Abstract] OR ""skin""[Title/Abstract] OR ""skin barrier""[Title/Abstract] OR ""skin water content""[Title/Abstract] OR ""stratum corneum""[Title/Abstract] OR ""topical""[Title/Abstract] OR ""transepidermal water loss""[Title/Abstract] OR ""water loss""[Title/Abstract] OR ""xerosis""[Title/Abstract])",31879957|27649350|20156837|14605687|14555417,5,,0,,,,,,,,0,[],no_expanded_pubmed_candidate,not_found,none,2026-07-12,mwbl-missing-effect-search-v1
methyl_gluceth_10,메틸글루세스-10,Methyl Gluceth-10,effect_moisture_barrier,보습·장벽,"(""Methyl Gluceth-10""[Title/Abstract] OR ""methyl gluceth 10""[Title/Abstract]) AND (""barrier function""[Title/Abstract] OR ""corneocyte""[Title/Abstract] OR ""cosmetic""[Title/Abstract] OR ""cutaneous""[Title/Abstract] OR ""dermal""[Title/Abstract] OR ""dermatitis""[Title/Abstract] OR ""dermatology""[Title/Abstract] OR ""dry skin""[Title/Abstract] OR ""epidermal""[Title/Abstract] OR ""epidermis""[Title/Abstract] OR ""humectant""[Title/Abstract] OR ""hydration""[Title/Abstract] OR ""keratinocyte""[Title/Abstract] OR ""moisture""[Title/Abstract] OR ""moisturising""[Title/Abstract] OR ""moisturizing""[Title/Abstract] OR ""occlusive""[Title/Abstract] OR ""skin""[Title/Abstract] OR ""skin barrier""[Title/Abstract] OR ""skin water content""[Title/Abstract] OR ""stratum corneum""[Title/Abstract] OR ""topical""[Title/Abstract] OR ""transepidermal water loss""[Title/Abstract] OR ""water loss""[Title/Abstract] OR ""xerosis""[Title/Abstract])",,0,,0,,,,,,,,0,[],no_expanded_pubmed_candidate,not_found,none,2026-07-12,mwbl-missing-effect-search-v1
methyl_gluceth_20,메틸글루세스-20,Methyl Gluceth-20,effect_moisture_barrier,보습·장벽,"(""Methyl Gluceth-20""[Title/Abstract] OR ""methyl gluceth 20""[Title/Abstract]) AND (""barrier function""[Title/Abstract] OR ""corneocyte""[Title/Abstract] OR ""cosmetic""[Title/Abstract] OR ""cutaneous""[Title/Abstract] OR ""dermal""[Title/Abstract] OR ""dermatitis""[Title/Abstract] OR ""dermatology""[Title/Abstract] OR ""dry skin""[Title/Abstract] OR ""epidermal""[Title/Abstract] OR ""epidermis""[Title/Abstract] OR ""humectant""[Title/Abstract] OR ""hydration""[Title/Abstract] OR ""keratinocyte""[Title/Abstract] OR ""moisture""[Title/Abstract] OR ""moisturising""[Title/Abstract] OR ""moisturizing""[Title/Abstract] OR ""occlusive""[Title/Abstract] OR ""skin""[Title/Abstract] OR ""skin barrier""[Title/Abstract] OR ""skin water content""[Title/Abstract] OR ""stratum corneum""[Title/Abstract] OR ""topical""[Title/Abstract] OR ""transepidermal water loss""[Title/Abstract] OR ""water loss""[Title/Abstract] OR ""xerosis""[Title/Abstract])",,0,,0,,,,,,,,0,[],no_expanded_pubmed_candidate,not_found,none,2026-07-12,mwbl-missing-effect-search-v1
methyl_glucose_dioleate,메틸글루코오스다이올리에이트,Methyl Glucose Dioleate,effect_moisture_barrier,보습·장벽,"(""Methyl Glucose Dioleate""[Title/Abstract]) AND (""barrier function""[Title/Abstract] OR ""corneocyte""[Title/Abstract] OR ""cosmetic""[Title/Abstract] OR ""cutaneous""[Title/Abstract] OR ""dermal""[Title/Abstract] OR ""dermatitis""[Title/Abstract] OR ""dermatology""[Title/Abstract] OR ""dry skin""[Title/Abstract] OR ""epidermal""[Title/Abstract] OR ""epidermis""[Title/Abstract] OR ""humectant""[Title/Abstract] OR ""hydration""[Title/Abstract] OR ""keratinocyte""[Title/Abstract] OR ""moisture""[Title/Abstract] OR ""moisturising""[Title/Abstract] OR ""moisturizing""[Title/Abstract] OR ""occlusive""[Title/Abstract] OR ""skin""[Title/Abstract] OR ""skin barrier""[Title/Abstract] OR ""skin water content""[Title/Abstract] OR ""stratum corneum""[Title/Abstract] OR ""topical""[Title/Abstract] OR ""transepidermal water loss""[Title/Abstract] OR ""water loss""[Title/Abstract] OR ""xerosis""[Title/Abstract])",29598994|23601067|16040419|15209824|11722500|8957657,6,,0,,,,,,,,0,[],no_expanded_pubmed_candidate,not_found,none,2026-07-12,mwbl-missing-effect-search-v1
methylheptylglycerin,메틸헵틸글리세린,Methylheptylglycerin,effect_moisture_barrier,보습·장벽,"(""Methylheptylglycerin""[Title/Abstract]) AND (""barrier function""[Title/Abstract] OR ""corneocyte""[Title/Abstract] OR ""cosmetic""[Title/Abstract] OR ""cutaneous""[Title/Abstract] OR ""dermal""[Title/Abstract] OR ""dermatitis""[Title/Abstract] OR ""dermatology""[Title/Abstract] OR ""dry skin""[Title/Abstract] OR ""epidermal""[Title/Abstract] OR ""epidermis""[Title/Abstract] OR ""humectant""[Title/Abstract] OR ""hydration""[Title/Abstract] OR ""keratinocyte""[Title/Abstract] OR ""moisture""[Title/Abstract] OR ""moisturising""[Title/Abstract] OR ""moisturizing""[Title/Abstract] OR ""occlusive""[Title/Abstract] OR ""skin""[Title/Abstract] OR ""skin barrier""[Title/Abstract] OR ""skin water content""[Title/Abstract] OR ""stratum corneum""[Title/Abstract] OR ""topical""[Title/Abstract] OR ""transepidermal water loss""[Title/Abstract] OR ""water loss""[Title/Abstract] OR ""xerosis""[Title/Abstract])",,0,,0,,,,,,,,0,[],no_expanded_pubmed_candidate,not_found,none,2026-07-12,mwbl-missing-effect-search-v1
mimosa_tenuiflora_bark_extract,미모사 테누이플로라나무껍질추출물,Mimosa Tenuiflora Bark Extract,effect_calming,진정,"(""Mimosa Tenuiflora Bark Extract""[Title/Abstract]) AND (""anti-inflammatory""[Title/Abstract] OR ""barrier function""[Title/Abstract] OR ""corneocyte""[Title/Abstract] OR ""cosmetic""[Title/Abstract] OR ""cutaneous""[Title/Abstract] OR ""dermal""[Title/Abstract] OR ""dermatitis""[Title/Abstract] OR ""dermatology""[Title/Abstract] OR ""dry skin""[Title/Abstract] OR ""epidermal""[Title/Abstract] OR ""epidermis""[Title/Abstract] OR ""erythema""[Title/Abstract] OR ""humectant""[Title/Abstract] OR ""hydration""[Title/Abstract] OR ""inflammation""[Title/Abstract] OR ""irritation""[Title/Abstract] OR ""keratinocyte""[Title/Abstract] OR ""moisture""[Title/Abstract] OR ""moisturising""[Title/Abstract] OR ""moisturizing""[Title/Abstract] OR ""occlusive""[Title/Abstract] OR ""pruritus""[Title/Abstract] OR ""redness""[Title/Abstract] OR ""sensitive skin""[Title/Abstract] OR ""skin""[Title/Abstract] OR ""skin barrier""[Title/Abstract] OR ""skin water content""[Title/Abstract] OR ""stratum corneum""[Title/Abstract] OR ""topical""[Title/Abstract] OR ""transepidermal water loss""[Title/Abstract] OR ""water loss""[Title/Abstract] OR ""wound healing""[Title/Abstract] OR ""xerosis""[Title/Abstract])",,0,,0,,,,,,,,0,[],no_expanded_pubmed_candidate,not_found,none,2026-07-12,mwbl-missing-effect-search-v1
mimosa_tenuiflora_bark_extract,미모사 테누이플로라나무껍질추출물,Mimosa Tenuiflora Bark Extract,effect_moisture_barrier,보습·장벽,"(""Mimosa Tenuiflora Bark Extract""[Title/Abstract]) AND (""anti-inflammatory""[Title/Abstract] OR ""barrier function""[Title/Abstract] OR ""corneocyte""[Title/Abstract] OR ""cosmetic""[Title/Abstract] OR ""cutaneous""[Title/Abstract] OR ""dermal""[Title/Abstract] OR ""dermatitis""[Title/Abstract] OR ""dermatology""[Title/Abstract] OR ""dry skin""[Title/Abstract] OR ""epidermal""[Title/Abstract] OR ""epidermis""[Title/Abstract] OR ""erythema""[Title/Abstract] OR ""humectant""[Title/Abstract] OR ""hydration""[Title/Abstract] OR ""inflammation""[Title/Abstract] OR ""irritation""[Title/Abstract] OR ""keratinocyte""[Title/Abstract] OR ""moisture""[Title/Abstract] OR ""moisturising""[Title/Abstract] OR ""moisturizing""[Title/Abstract] OR ""occlusive""[Title/Abstract] OR ""pruritus""[Title/Abstract] OR ""redness""[Title/Abstract] OR ""sensitive skin""[Title/Abstract] OR ""skin""[Title/Abstract] OR ""skin barrier""[Title/Abstract] OR ""skin water content""[Title/Abstract] OR ""stratum corneum""[Title/Abstract] OR ""topical""[Title/Abstract] OR ""transepidermal water loss""[Title/Abstract] OR ""water loss""[Title/Abstract] OR ""wound healing""[Title/Abstract] OR ""xerosis""[Title/Abstract])",,0,,0,,,,,,,,0,[],no_expanded_pubmed_candidate,not_found,none,2026-07-12,mwbl-missing-effect-search-v1
mimosa_tenuiflora_leaf_extract,미모사 테누이플로라잎추출물,Mimosa Tenuiflora Leaf Extract,effect_calming,진정,"(""Mimosa Tenuiflora Leaf Extract""[Title/Abstract]) AND (""anti-inflammatory""[Title/Abstract] OR ""barrier function""[Title/Abstract] OR ""corneocyte""[Title/Abstract] OR ""cosmetic""[Title/Abstract] OR ""cutaneous""[Title/Abstract] OR ""dermal""[Title/Abstract] OR ""dermatitis""[Title/Abstract] OR ""dermatology""[Title/Abstract] OR ""dry skin""[Title/Abstract] OR ""epidermal""[Title/Abstract] OR ""epidermis""[Title/Abstract] OR ""erythema""[Title/Abstract] OR ""humectant""[Title/Abstract] OR ""hydration""[Title/Abstract] OR ""inflammation""[Title/Abstract] OR ""irritation""[Title/Abstract] OR ""keratinocyte""[Title/Abstract] OR ""moisture""[Title/Abstract] OR ""moisturising""[Title/Abstract] OR ""moisturizing""[Title/Abstract] OR ""occlusive""[Title/Abstract] OR ""pruritus""[Title/Abstract] OR ""redness""[Title/Abstract] OR ""sensitive skin""[Title/Abstract] OR ""skin""[Title/Abstract] OR ""skin barrier""[Title/Abstract] OR ""skin water content""[Title/Abstract] OR ""stratum corneum""[Title/Abstract] OR ""topical""[Title/Abstract] OR ""transepidermal water loss""[Title/Abstract] OR ""water loss""[Title/Abstract] OR ""wound healing""[Title/Abstract] OR ""xerosis""[Title/Abstract])",,0,,0,,,,,,,,0,[],no_expanded_pubmed_candidate,not_found,none,2026-07-12,mwbl-missing-effect-search-v1
mimosa_tenuiflora_leaf_extract,미모사 테누이플로라잎추출물,Mimosa Tenuiflora Leaf Extract,effect_moisture_barrier,보습·장벽,"(""Mimosa Tenuiflora Leaf Extract""[Title/Abstract]) AND (""anti-inflammatory""[Title/Abstract] OR ""barrier function""[Title/Abstract] OR ""corneocyte""[Title/Abstract] OR ""cosmetic""[Title/Abstract] OR ""cutaneous""[Title/Abstract] OR ""dermal""[Title/Abstract] OR ""dermatitis""[Title/Abstract] OR ""dermatology""[Title/Abstract] OR ""dry skin""[Title/Abstract] OR ""epidermal""[Title/Abstract] OR ""epidermis""[Title/Abstract] OR ""erythema""[Title/Abstract] OR ""humectant""[Title/Abstract] OR ""hydration""[Title/Abstract] OR ""inflammation""[Title/Abstract] OR ""irritation""[Title/Abstract] OR ""keratinocyte""[Title/Abstract] OR ""moisture""[Title/Abstract] OR ""moisturising""[Title/Abstract] OR ""moisturizing""[Title/Abstract] OR ""occlusive""[Title/Abstract] OR ""pruritus""[Title/Abstract] OR ""redness""[Title/Abstract] OR ""sensitive skin""[Title/Abstract] OR ""skin""[Title/Abstract] OR ""skin barrier""[Title/Abstract] OR ""skin water content""[Title/Abstract] OR ""stratum corneum""[Title/Abstract] OR ""topical""[Title/Abstract] OR ""transepidermal water loss""[Title/Abstract] OR ""water loss""[Title/Abstract] OR ""wound healing""[Title/Abstract] OR ""xerosis""[Title/Abstract])",,0,,0,,,,,,,,0,[],no_expanded_pubmed_candidate,not_found,none,2026-07-12,mwbl-missing-effect-search-v1
moringa_oleifera_seed_oil,드럼스틱씨오일,Moringa Oleifera Seed Oil,effect_moisture_barrier,보습·장벽,"(""Moringa Oleifera Seed Oil""[Title/Abstract] OR ""Moringa Pterygosperma Seed Oil""[Title/Abstract]) AND (""barrier function""[Title/Abstract] OR ""corneocyte""[Title/Abstract] OR ""cosmetic""[Title/Abstract] OR ""cutaneous""[Title/Abstract] OR ""dermal""[Title/Abstract] OR ""dermatitis""[Title/Abstract] OR ""dermatology""[Title/Abstract] OR ""dry skin""[Title/Abstract] OR ""epidermal""[Title/Abstract] OR ""epidermis""[Title/Abstract] OR ""humectant""[Title/Abstract] OR ""hydration""[Title/Abstract] OR ""keratinocyte""[Title/Abstract] OR ""moisture""[Title/Abstract] OR ""moisturising""[Title/Abstract] OR ""moisturizing""[Title/Abstract] OR ""occlusive""[Title/Abstract] OR ""skin""[Title/Abstract] OR ""skin barrier""[Title/Abstract] OR ""skin water content""[Title/Abstract] OR ""stratum corneum""[Title/Abstract] OR ""topical""[Title/Abstract] OR ""transepidermal water loss""[Title/Abstract] OR ""water loss""[Title/Abstract] OR ""xerosis""[Title/Abstract])",38867525|38201797|37373478|35745923|36047239|32099925,6,,0,,,,,,,,0,[],no_expanded_pubmed_candidate,not_found,none,2026-07-12,mwbl-missing-effect-search-v1
morus_alba_root_extract,뽕나무뿌리추출물,Morus Alba Root Extract,effect_brightening,미백·톤,"(""Morus Alba Root Extract""[Title/Abstract]) AND (""corneocyte""[Title/Abstract] OR ""cosmetic""[Title/Abstract] OR ""cutaneous""[Title/Abstract] OR ""dark spot""[Title/Abstract] OR ""dermal""[Title/Abstract] OR ""dermatitis""[Title/Abstract] OR ""dermatology""[Title/Abstract] OR ""epidermal""[Title/Abstract] OR ""epidermis""[Title/Abstract] OR ""hyperpigmentation""[Title/Abstract] OR ""keratinocyte""[Title/Abstract] OR ""melanin""[Title/Abstract] OR ""melanogenesis""[Title/Abstract] OR ""melasma""[Title/Abstract] OR ""pigmentation""[Title/Abstract] OR ""skin""[Title/Abstract] OR ""skin lightening""[Title/Abstract] OR ""skin whitening""[Title/Abstract] OR ""stratum corneum""[Title/Abstract] OR ""topical""[Title/Abstract] OR ""tyrosinase""[Title/Abstract])",,0,,0,,,,,,,,0,[],no_expanded_pubmed_candidate,not_found,none,2026-07-12,mwbl-missing-effect-search-v1
myrothamnus_flabellifolia_leaf_stem_extract,미로탐누스 플라벨리폴리아잎/줄기추출물,Myrothamnus Flabellifolia Leaf/Stem Extract,effect_moisture_barrier,보습·장벽,"(""Myrothamnus Flabellifolia Leaf/Stem Extract""[Title/Abstract] OR ""myrothamnus flabellifolia leaf stem extract""[Title/Abstract]) AND (""barrier function""[Title/Abstract] OR ""corneocyte""[Title/Abstract] OR ""cosmetic""[Title/Abstract] OR ""cutaneous""[Title/Abstract] OR ""dermal""[Title/Abstract] OR ""dermatitis""[Title/Abstract] OR ""dermatology""[Title/Abstract] OR ""dry skin""[Title/Abstract] OR ""epidermal""[Title/Abstract] OR ""epidermis""[Title/Abstract] OR ""humectant""[Title/Abstract] OR ""hydration""[Title/Abstract] OR ""keratinocyte""[Title/Abstract] OR ""moisture""[Title/Abstract] OR ""moisturising""[Title/Abstract] OR ""moisturizing""[Title/Abstract] OR ""occlusive""[Title/Abstract] OR ""skin""[Title/Abstract] OR ""skin barrier""[Title/Abstract] OR ""skin water content""[Title/Abstract] OR ""stratum corneum""[Title/Abstract] OR ""topical""[Title/Abstract] OR ""transepidermal water loss""[Title/Abstract] OR ""water loss""[Title/Abstract] OR ""xerosis""[Title/Abstract])",,0,,0,,,,,,,,0,[],no_expanded_pubmed_candidate,not_found,none,2026-07-12,mwbl-missing-effect-search-v1
nannochloropsis_oculata_extract,난노클로롭시스 오쿨라타추출물,Nannochloropsis Oculata Extract,effect_moisture_barrier,보습·장벽,"(""Nannochloropsis Oculata Extract""[Title/Abstract]) AND (""barrier function""[Title/Abstract] OR ""corneocyte""[Title/Abstract] OR ""cosmetic""[Title/Abstract] OR ""cutaneous""[Title/Abstract] OR ""dermal""[Title/Abstract] OR ""dermatitis""[Title/Abstract] OR ""dermatology""[Title/Abstract] OR ""dry skin""[Title/Abstract] OR ""epidermal""[Title/Abstract] OR ""epidermis""[Title/Abstract] OR ""humectant""[Title/Abstract] OR ""hydration""[Title/Abstract] OR ""keratinocyte""[Title/Abstract] OR ""moisture""[Title/Abstract] OR ""moisturising""[Title/Abstract] OR ""moisturizing""[Title/Abstract] OR ""occlusive""[Title/Abstract] OR ""skin""[Title/Abstract] OR ""skin barrier""[Title/Abstract] OR ""skin water content""[Title/Abstract] OR ""stratum corneum""[Title/Abstract] OR ""topical""[Title/Abstract] OR ""transepidermal water loss""[Title/Abstract] OR ""water loss""[Title/Abstract] OR ""xerosis""[Title/Abstract])",,0,,0,,,,,,,,0,[],no_expanded_pubmed_candidate,not_found,none,2026-07-12,mwbl-missing-effect-search-v1
neopentyl_glycol_diheptanoate,네오펜틸글라이콜다이헵타노에이트,Neopentyl Glycol Diheptanoate,effect_moisture_barrier,보습·장벽,"(""Neopentyl Glycol Diheptanoate""[Title/Abstract]) AND (""barrier function""[Title/Abstract] OR ""corneocyte""[Title/Abstract] OR ""cosmetic""[Title/Abstract] OR ""cutaneous""[Title/Abstract] OR ""dermal""[Title/Abstract] OR ""dermatitis""[Title/Abstract] OR ""dermatology""[Title/Abstract] OR ""dry skin""[Title/Abstract] OR ""epidermal""[Title/Abstract] OR ""epidermis""[Title/Abstract] OR ""humectant""[Title/Abstract] OR ""hydration""[Title/Abstract] OR ""keratinocyte""[Title/Abstract] OR ""moisture""[Title/Abstract] OR ""moisturising""[Title/Abstract] OR ""moisturizing""[Title/Abstract] OR ""occlusive""[Title/Abstract] OR ""skin""[Title/Abstract] OR ""skin barrier""[Title/Abstract] OR ""skin water content""[Title/Abstract] OR ""stratum corneum""[Title/Abstract] OR ""topical""[Title/Abstract] OR ""transepidermal water loss""[Title/Abstract] OR ""water loss""[Title/Abstract] OR ""xerosis""[Title/Abstract])",,0,,0,,,,,,,,0,[],no_expanded_pubmed_candidate,not_found,none,2026-07-12,mwbl-missing-effect-search-v1
octyldodecyl_citrate_crosspolymer,옥틸도데실시트레이트크로스폴리머,Octyldodecyl Citrate Crosspolymer,effect_moisture_barrier,보습·장벽,"(""Octyldodecyl Citrate Crosspolymer""[Title/Abstract]) AND (""barrier function""[Title/Abstract] OR ""corneocyte""[Title/Abstract] OR ""cosmetic""[Title/Abstract] OR ""cutaneous""[Title/Abstract] OR ""dermal""[Title/Abstract] OR ""dermatitis""[Title/Abstract] OR ""dermatology""[Title/Abstract] OR ""dry skin""[Title/Abstract] OR ""epidermal""[Title/Abstract] OR ""epidermis""[Title/Abstract] OR ""humectant""[Title/Abstract] OR ""hydration""[Title/Abstract] OR ""keratinocyte""[Title/Abstract] OR ""moisture""[Title/Abstract] OR ""moisturising""[Title/Abstract] OR ""moisturizing""[Title/Abstract] OR ""occlusive""[Title/Abstract] OR ""skin""[Title/Abstract] OR ""skin barrier""[Title/Abstract] OR ""skin water content""[Title/Abstract] OR ""stratum corneum""[Title/Abstract] OR ""topical""[Title/Abstract] OR ""transepidermal water loss""[Title/Abstract] OR ""water loss""[Title/Abstract] OR ""xerosis""[Title/Abstract])",,0,,0,,,,,,,,0,[],no_expanded_pubmed_candidate,not_found,none,2026-07-12,mwbl-missing-effect-search-v1
octyldodecyl_stearoyl_stearate,옥틸도데실스테아로일스테아레이트,Octyldodecyl Stearoyl Stearate,effect_moisture_barrier,보습·장벽,"(""Octyldodecyl Stearoyl Stearate""[Title/Abstract]) AND (""barrier function""[Title/Abstract] OR ""corneocyte""[Title/Abstract] OR ""cosmetic""[Title/Abstract] OR ""cutaneous""[Title/Abstract] OR ""dermal""[Title/Abstract] OR ""dermatitis""[Title/Abstract] OR ""dermatology""[Title/Abstract] OR ""dry skin""[Title/Abstract] OR ""epidermal""[Title/Abstract] OR ""epidermis""[Title/Abstract] OR ""humectant""[Title/Abstract] OR ""hydration""[Title/Abstract] OR ""keratinocyte""[Title/Abstract] OR ""moisture""[Title/Abstract] OR ""moisturising""[Title/Abstract] OR ""moisturizing""[Title/Abstract] OR ""occlusive""[Title/Abstract] OR ""skin""[Title/Abstract] OR ""skin barrier""[Title/Abstract] OR ""skin water content""[Title/Abstract] OR ""stratum corneum""[Title/Abstract] OR ""topical""[Title/Abstract] OR ""transepidermal water loss""[Title/Abstract] OR ""water loss""[Title/Abstract] OR ""xerosis""[Title/Abstract])",16422265|11766132,2,11766132,1,8,review_or_reference,abstract_exact,abstract_effect,reference_only,11766132,Final report on the safety assessment of Octyidodecyl Stearoyl Stearate.,10,"[{""pmid"":""11766132"",""title"":""Final report on the safety assessment of Octyidodecyl Stearoyl Stearate."",""tier"":8,""relation_scope"":""abstract_exact"",""effect_match_scope"":""abstract_effect"",""applicability"":""reference_only"",""signal_score"":10}]",expanded_candidate_found,candidate_unverified,none,2026-07-12,mwbl-missing-effect-search-v1
oenocarpus_bataua_fruit_oil,바투아야자열매오일,Oenocarpus Bataua Fruit Oil,effect_moisture_barrier,보습·장벽,"(""Oenocarpus Bataua Fruit Oil""[Title/Abstract]) AND (""barrier function""[Title/Abstract] OR ""corneocyte""[Title/Abstract] OR ""cosmetic""[Title/Abstract] OR ""cutaneous""[Title/Abstract] OR ""dermal""[Title/Abstract] OR ""dermatitis""[Title/Abstract] OR ""dermatology""[Title/Abstract] OR ""dry skin""[Title/Abstract] OR ""epidermal""[Title/Abstract] OR ""epidermis""[Title/Abstract] OR ""humectant""[Title/Abstract] OR ""hydration""[Title/Abstract] OR ""keratinocyte""[Title/Abstract] OR ""moisture""[Title/Abstract] OR ""moisturising""[Title/Abstract] OR ""moisturizing""[Title/Abstract] OR ""occlusive""[Title/Abstract] OR ""skin""[Title/Abstract] OR ""skin barrier""[Title/Abstract] OR ""skin water content""[Title/Abstract] OR ""stratum corneum""[Title/Abstract] OR ""topical""[Title/Abstract] OR ""transepidermal water loss""[Title/Abstract] OR ""water loss""[Title/Abstract] OR ""xerosis""[Title/Abstract])",,0,,0,,,,,,,,0,[],no_expanded_pubmed_candidate,not_found,none,2026-07-12,mwbl-missing-effect-search-v1
oenothera_biennis_evening_primrose_oil,달맞이꽃오일,Oenothera Biennis (Evening Primrose) Oil,effect_moisture_barrier,보습·장벽,"(""Oenothera Biennis (Evening Primrose) Oil""[Title/Abstract] OR ""oenothera biennis evening primrose oil""[Title/Abstract]) AND (""barrier function""[Title/Abstract] OR ""corneocyte""[Title/Abstract] OR ""cosmetic""[Title/Abstract] OR ""cutaneous""[Title/Abstract] OR ""dermal""[Title/Abstract] OR ""dermatitis""[Title/Abstract] OR ""dermatology""[Title/Abstract] OR ""dry skin""[Title/Abstract] OR ""epidermal""[Title/Abstract] OR ""epidermis""[Title/Abstract] OR ""humectant""[Title/Abstract] OR ""hydration""[Title/Abstract] OR ""keratinocyte""[Title/Abstract] OR ""moisture""[Title/Abstract] OR ""moisturising""[Title/Abstract] OR ""moisturizing""[Title/Abstract] OR ""occlusive""[Title/Abstract] OR ""skin""[Title/Abstract] OR ""skin barrier""[Title/Abstract] OR ""skin water content""[Title/Abstract] OR ""stratum corneum""[Title/Abstract] OR ""topical""[Title/Abstract] OR ""transepidermal water loss""[Title/Abstract] OR ""water loss""[Title/Abstract] OR ""xerosis""[Title/Abstract])",38360611|23981095,2,38360611,1,8,review_or_reference,title_exact,abstract_effect,reference_only,38360611,The effect of Oenothera biennis (Evening primrose) oil on inflammatory diseases: a systematic review of clinical trials.,15,"[{""pmid"":""38360611"",""title"":""The effect of Oenothera biennis (Evening primrose) oil on inflammatory diseases: a systematic review of clinical trials."",""tier"":8,""relation_scope"":""title_exact"",""effect_match_scope"":""abstract_effect"",""applicability"":""reference_only"",""signal_score"":15}]",expanded_candidate_found,candidate_unverified,none,2026-07-12,mwbl-missing-effect-search-v1
olea_europaea_olive_fruit_extract,올리브추출물,Olea Europaea (Olive) Fruit Extract,effect_brightening,미백·톤,"(""Olea Europaea (Olive) Fruit Extract""[Title/Abstract] OR ""olea europaea olive fruit extract""[Title/Abstract]) AND (""corneocyte""[Title/Abstract] OR ""cosmetic""[Title/Abstract] OR ""cutaneous""[Title/Abstract] OR ""dark spot""[Title/Abstract] OR ""dermal""[Title/Abstract] OR ""dermatitis""[Title/Abstract] OR ""dermatology""[Title/Abstract] OR ""epidermal""[Title/Abstract] OR ""epidermis""[Title/Abstract] OR ""hyperpigmentation""[Title/Abstract] OR ""keratinocyte""[Title/Abstract] OR ""melanin""[Title/Abstract] OR ""melanogenesis""[Title/Abstract] OR ""melasma""[Title/Abstract] OR ""pigmentation""[Title/Abstract] OR ""skin""[Title/Abstract] OR ""skin lightening""[Title/Abstract] OR ""skin whitening""[Title/Abstract] OR ""stratum corneum""[Title/Abstract] OR ""topical""[Title/Abstract] OR ""tyrosinase""[Title/Abstract])",,0,,0,,,,,,,,0,[],no_expanded_pubmed_candidate,not_found,none,2026-07-12,mwbl-missing-effect-search-v1
olive_glycerides,올리브글리세라이즈,Olive Glycerides,effect_moisture_barrier,보습·장벽,"(""Olive Glycerides""[Title/Abstract]) AND (""barrier function""[Title/Abstract] OR ""corneocyte""[Title/Abstract] OR ""cosmetic""[Title/Abstract] OR ""cutaneous""[Title/Abstract] OR ""dermal""[Title/Abstract] OR ""dermatitis""[Title/Abstract] OR ""dermatology""[Title/Abstract] OR ""dry skin""[Title/Abstract] OR ""epidermal""[Title/Abstract] OR ""epidermis""[Title/Abstract] OR ""humectant""[Title/Abstract] OR ""hydration""[Title/Abstract] OR ""keratinocyte""[Title/Abstract] OR ""moisture""[Title/Abstract] OR ""moisturising""[Title/Abstract] OR ""moisturizing""[Title/Abstract] OR ""occlusive""[Title/Abstract] OR ""skin""[Title/Abstract] OR ""skin barrier""[Title/Abstract] OR ""skin water content""[Title/Abstract] OR ""stratum corneum""[Title/Abstract] OR ""topical""[Title/Abstract] OR ""transepidermal water loss""[Title/Abstract] OR ""water loss""[Title/Abstract] OR ""xerosis""[Title/Abstract])",,0,,0,,,,,,,,0,[],no_expanded_pubmed_candidate,not_found,none,2026-07-12,mwbl-missing-effect-search-v1
ononis_spinosa_root_extract,레스트해로우뿌리추출물,Ononis Spinosa Root Extract,effect_calming,진정,"(""Ononis Spinosa Root Extract""[Title/Abstract]) AND (""anti-inflammatory""[Title/Abstract] OR ""corneocyte""[Title/Abstract] OR ""cosmetic""[Title/Abstract] OR ""cutaneous""[Title/Abstract] OR ""dermal""[Title/Abstract] OR ""dermatitis""[Title/Abstract] OR ""dermatology""[Title/Abstract] OR ""epidermal""[Title/Abstract] OR ""epidermis""[Title/Abstract] OR ""erythema""[Title/Abstract] OR ""inflammation""[Title/Abstract] OR ""irritation""[Title/Abstract] OR ""keratinocyte""[Title/Abstract] OR ""pruritus""[Title/Abstract] OR ""redness""[Title/Abstract] OR ""sensitive skin""[Title/Abstract] OR ""skin""[Title/Abstract] OR ""stratum corneum""[Title/Abstract] OR ""topical""[Title/Abstract] OR ""wound healing""[Title/Abstract])",,0,,0,,,,,,,,0,[],no_expanded_pubmed_candidate,not_found,none,2026-07-12,mwbl-missing-effect-search-v1
orchis_mascula_flower_extract,샐렙꽃추출물,Orchis Mascula Flower Extract,effect_calming,진정,"(""Orchis Mascula Flower Extract""[Title/Abstract]) AND (""anti-inflammatory""[Title/Abstract] OR ""corneocyte""[Title/Abstract] OR ""cosmetic""[Title/Abstract] OR ""cutaneous""[Title/Abstract] OR ""dermal""[Title/Abstract] OR ""dermatitis""[Title/Abstract] OR ""dermatology""[Title/Abstract] OR ""epidermal""[Title/Abstract] OR ""epidermis""[Title/Abstract] OR ""erythema""[Title/Abstract] OR ""inflammation""[Title/Abstract] OR ""irritation""[Title/Abstract] OR ""keratinocyte""[Title/Abstract] OR ""pruritus""[Title/Abstract] OR ""redness""[Title/Abstract] OR ""sensitive skin""[Title/Abstract] OR ""skin""[Title/Abstract] OR ""stratum corneum""[Title/Abstract] OR ""topical""[Title/Abstract] OR ""wound healing""[Title/Abstract])",,0,,0,,,,,,,,0,[],no_expanded_pubmed_candidate,not_found,none,2026-07-12,mwbl-missing-effect-search-v1
oryza_sativa_rice_bran_oil,쌀겨오일,Oryza Sativa (Rice) Bran Oil,effect_moisture_barrier,보습·장벽,"(""Oryza Sativa (Rice) Bran Oil""[Title/Abstract] OR ""oryza sativa rice bran oil""[Title/Abstract]) AND (""barrier function""[Title/Abstract] OR ""corneocyte""[Title/Abstract] OR ""cosmetic""[Title/Abstract] OR ""cutaneous""[Title/Abstract] OR ""dermal""[Title/Abstract] OR ""dermatitis""[Title/Abstract] OR ""dermatology""[Title/Abstract] OR ""dry skin""[Title/Abstract] OR ""epidermal""[Title/Abstract] OR ""epidermis""[Title/Abstract] OR ""humectant""[Title/Abstract] OR ""hydration""[Title/Abstract] OR ""keratinocyte""[Title/Abstract] OR ""moisture""[Title/Abstract] OR ""moisturising""[Title/Abstract] OR ""moisturizing""[Title/Abstract] OR ""occlusive""[Title/Abstract] OR ""skin""[Title/Abstract] OR ""skin barrier""[Title/Abstract] OR ""skin water content""[Title/Abstract] OR ""stratum corneum""[Title/Abstract] OR ""topical""[Title/Abstract] OR ""transepidermal water loss""[Title/Abstract] OR ""water loss""[Title/Abstract] OR ""xerosis""[Title/Abstract])",,0,,0,,,,,,,,0,[],no_expanded_pubmed_candidate,not_found,none,2026-07-12,mwbl-missing-effect-search-v1
palmitoyl_palmitamide_mea,팔미토일팔미타마이드엠이에이,Palmitoyl Palmitamide MEA,effect_moisture_barrier,보습·장벽,"(""Palmitoyl Palmitamide MEA""[Title/Abstract]) AND (""barrier function""[Title/Abstract] OR ""corneocyte""[Title/Abstract] OR ""cosmetic""[Title/Abstract] OR ""cutaneous""[Title/Abstract] OR ""dermal""[Title/Abstract] OR ""dermatitis""[Title/Abstract] OR ""dermatology""[Title/Abstract] OR ""dry skin""[Title/Abstract] OR ""epidermal""[Title/Abstract] OR ""epidermis""[Title/Abstract] OR ""humectant""[Title/Abstract] OR ""hydration""[Title/Abstract] OR ""keratinocyte""[Title/Abstract] OR ""moisture""[Title/Abstract] OR ""moisturising""[Title/Abstract] OR ""moisturizing""[Title/Abstract] OR ""occlusive""[Title/Abstract] OR ""skin""[Title/Abstract] OR ""skin barrier""[Title/Abstract] OR ""skin water content""[Title/Abstract] OR ""stratum corneum""[Title/Abstract] OR ""topical""[Title/Abstract] OR ""transepidermal water loss""[Title/Abstract] OR ""water loss""[Title/Abstract] OR ""xerosis""[Title/Abstract])",,0,,0,,,,,,,,0,[],no_expanded_pubmed_candidate,not_found,none,2026-07-12,mwbl-missing-effect-search-v1
pancratium_maritimum_extract,씨대퍼딜추출물,Pancratium Maritimum Extract,effect_moisture_barrier,보습·장벽,"(""Pancratium Maritimum Extract""[Title/Abstract]) AND (""barrier function""[Title/Abstract] OR ""corneocyte""[Title/Abstract] OR ""cosmetic""[Title/Abstract] OR ""cutaneous""[Title/Abstract] OR ""dermal""[Title/Abstract] OR ""dermatitis""[Title/Abstract] OR ""dermatology""[Title/Abstract] OR ""dry skin""[Title/Abstract] OR ""epidermal""[Title/Abstract] OR ""epidermis""[Title/Abstract] OR ""humectant""[Title/Abstract] OR ""hydration""[Title/Abstract] OR ""keratinocyte""[Title/Abstract] OR ""moisture""[Title/Abstract] OR ""moisturising""[Title/Abstract] OR ""moisturizing""[Title/Abstract] OR ""occlusive""[Title/Abstract] OR ""skin""[Title/Abstract] OR ""skin barrier""[Title/Abstract] OR ""skin water content""[Title/Abstract] OR ""stratum corneum""[Title/Abstract] OR ""topical""[Title/Abstract] OR ""transepidermal water loss""[Title/Abstract] OR ""water loss""[Title/Abstract] OR ""xerosis""[Title/Abstract])",,0,,0,,,,,,,,0,[],no_expanded_pubmed_candidate,not_found,none,2026-07-12,mwbl-missing-effect-search-v1
pantolactone,판토락톤,Pantolactone,effect_moisture_barrier,보습·장벽,"(""Pantolactone""[Title/Abstract]) AND (""barrier function""[Title/Abstract] OR ""corneocyte""[Title/Abstract] OR ""cosmetic""[Title/Abstract] OR ""cutaneous""[Title/Abstract] OR ""dermal""[Title/Abstract] OR ""dermatitis""[Title/Abstract] OR ""dermatology""[Title/Abstract] OR ""dry skin""[Title/Abstract] OR ""epidermal""[Title/Abstract] OR ""epidermis""[Title/Abstract] OR ""humectant""[Title/Abstract] OR ""hydration""[Title/Abstract] OR ""keratinocyte""[Title/Abstract] OR ""moisture""[Title/Abstract] OR ""moisturising""[Title/Abstract] OR ""moisturizing""[Title/Abstract] OR ""occlusive""[Title/Abstract] OR ""skin""[Title/Abstract] OR ""skin barrier""[Title/Abstract] OR ""skin water content""[Title/Abstract] OR ""stratum corneum""[Title/Abstract] OR ""topical""[Title/Abstract] OR ""transepidermal water loss""[Title/Abstract] OR ""water loss""[Title/Abstract] OR ""xerosis""[Title/Abstract])",35946606|26434270,2,,0,,,,,,,,0,[],no_expanded_pubmed_candidate,not_found,none,2026-07-12,mwbl-missing-effect-search-v1
parietaria_officinalis_extract,펠리토리추출물,Parietaria Officinalis Extract,effect_calming,진정,"(""Parietaria Officinalis Extract""[Title/Abstract]) AND (""anti-inflammatory""[Title/Abstract] OR ""barrier function""[Title/Abstract] OR ""corneocyte""[Title/Abstract] OR ""cosmetic""[Title/Abstract] OR ""cutaneous""[Title/Abstract] OR ""dermal""[Title/Abstract] OR ""dermatitis""[Title/Abstract] OR ""dermatology""[Title/Abstract] OR ""dry skin""[Title/Abstract] OR ""epidermal""[Title/Abstract] OR ""epidermis""[Title/Abstract] OR ""erythema""[Title/Abstract] OR ""humectant""[Title/Abstract] OR ""hydration""[Title/Abstract] OR ""inflammation""[Title/Abstract] OR ""irritation""[Title/Abstract] OR ""keratinocyte""[Title/Abstract] OR ""moisture""[Title/Abstract] OR ""moisturising""[Title/Abstract] OR ""moisturizing""[Title/Abstract] OR ""occlusive""[Title/Abstract] OR ""pruritus""[Title/Abstract] OR ""redness""[Title/Abstract] OR ""sensitive skin""[Title/Abstract] OR ""skin""[Title/Abstract] OR ""skin barrier""[Title/Abstract] OR ""skin water content""[Title/Abstract] OR ""stratum corneum""[Title/Abstract] OR ""topical""[Title/Abstract] OR ""transepidermal water loss""[Title/Abstract] OR ""water loss""[Title/Abstract] OR ""wound healing""[Title/Abstract] OR ""xerosis""[Title/Abstract])",,0,,0,,,,,,,,0,[],no_expanded_pubmed_candidate,not_found,none,2026-07-12,mwbl-missing-effect-search-v1
parietaria_officinalis_extract,펠리토리추출물,Parietaria Officinalis Extract,effect_moisture_barrier,보습·장벽,"(""Parietaria Officinalis Extract""[Title/Abstract]) AND (""anti-inflammatory""[Title/Abstract] OR ""barrier function""[Title/Abstract] OR ""corneocyte""[Title/Abstract] OR ""cosmetic""[Title/Abstract] OR ""cutaneous""[Title/Abstract] OR ""dermal""[Title/Abstract] OR ""dermatitis""[Title/Abstract] OR ""dermatology""[Title/Abstract] OR ""dry skin""[Title/Abstract] OR ""epidermal""[Title/Abstract] OR ""epidermis""[Title/Abstract] OR ""erythema""[Title/Abstract] OR ""humectant""[Title/Abstract] OR ""hydration""[Title/Abstract] OR ""inflammation""[Title/Abstract] OR ""irritation""[Title/Abstract] OR ""keratinocyte""[Title/Abstract] OR ""moisture""[Title/Abstract] OR ""moisturising""[Title/Abstract] OR ""moisturizing""[Title/Abstract] OR ""occlusive""[Title/Abstract] OR ""pruritus""[Title/Abstract] OR ""redness""[Title/Abstract] OR ""sensitive skin""[Title/Abstract] OR ""skin""[Title/Abstract] OR ""skin barrier""[Title/Abstract] OR ""skin water content""[Title/Abstract] OR ""stratum corneum""[Title/Abstract] OR ""topical""[Title/Abstract] OR ""transepidermal water loss""[Title/Abstract] OR ""water loss""[Title/Abstract] OR ""wound healing""[Title/Abstract] OR ""xerosis""[Title/Abstract])",,0,,0,,,,,,,,0,[],no_expanded_pubmed_candidate,not_found,none,2026-07-12,mwbl-missing-effect-search-v1
paulownia_tomentosa_leaf_extract,참오동나무잎추출물,Paulownia Tomentosa Leaf Extract,effect_calming,진정,"(""Paulownia Tomentosa Leaf Extract""[Title/Abstract]) AND (""anti-inflammatory""[Title/Abstract] OR ""corneocyte""[Title/Abstract] OR ""cosmetic""[Title/Abstract] OR ""cutaneous""[Title/Abstract] OR ""dermal""[Title/Abstract] OR ""dermatitis""[Title/Abstract] OR ""dermatology""[Title/Abstract] OR ""epidermal""[Title/Abstract] OR ""epidermis""[Title/Abstract] OR ""erythema""[Title/Abstract] OR ""inflammation""[Title/Abstract] OR ""irritation""[Title/Abstract] OR ""keratinocyte""[Title/Abstract] OR ""pruritus""[Title/Abstract] OR ""redness""[Title/Abstract] OR ""sensitive skin""[Title/Abstract] OR ""skin""[Title/Abstract] OR ""stratum corneum""[Title/Abstract] OR ""topical""[Title/Abstract] OR ""wound healing""[Title/Abstract])",,0,,0,,,,,,,,0,[],no_expanded_pubmed_candidate,not_found,none,2026-07-12,mwbl-missing-effect-search-v1
pca,피씨에이,PCA,effect_moisture_barrier,보습·장벽,,,0,,0,,,,,,,,0,[],no_expanded_pubmed_candidate,not_found,none,2026-07-12,mwbl-missing-effect-search-v1
pca_ethyl_cocoyl_arginate,피씨에이에틸코코일알지네이트,PCA Ethyl Cocoyl Arginate,effect_moisture_barrier,보습·장벽,"(""PCA Ethyl Cocoyl Arginate""[Title/Abstract]) AND (""barrier function""[Title/Abstract] OR ""corneocyte""[Title/Abstract] OR ""cosmetic""[Title/Abstract] OR ""cutaneous""[Title/Abstract] OR ""dermal""[Title/Abstract] OR ""dermatitis""[Title/Abstract] OR ""dermatology""[Title/Abstract] OR ""dry skin""[Title/Abstract] OR ""epidermal""[Title/Abstract] OR ""epidermis""[Title/Abstract] OR ""humectant""[Title/Abstract] OR ""hydration""[Title/Abstract] OR ""keratinocyte""[Title/Abstract] OR ""moisture""[Title/Abstract] OR ""moisturising""[Title/Abstract] OR ""moisturizing""[Title/Abstract] OR ""occlusive""[Title/Abstract] OR ""skin""[Title/Abstract] OR ""skin barrier""[Title/Abstract] OR ""skin water content""[Title/Abstract] OR ""stratum corneum""[Title/Abstract] OR ""topical""[Title/Abstract] OR ""transepidermal water loss""[Title/Abstract] OR ""water loss""[Title/Abstract] OR ""xerosis""[Title/Abstract])",,0,,0,,,,,,,,0,[],no_expanded_pubmed_candidate,not_found,none,2026-07-12,mwbl-missing-effect-search-v1
peg_10,피이지-10,PEG-10,effect_moisture_barrier,보습·장벽,"(""PEG-10""[Title/Abstract] OR ""peg 10""[Title/Abstract]) AND (""barrier function""[Title/Abstract] OR ""corneocyte""[Title/Abstract] OR ""cosmetic""[Title/Abstract] OR ""cutaneous""[Title/Abstract] OR ""dermal""[Title/Abstract] OR ""dermatitis""[Title/Abstract] OR ""dermatology""[Title/Abstract] OR ""dry skin""[Title/Abstract] OR ""epidermal""[Title/Abstract] OR ""epidermis""[Title/Abstract] OR ""humectant""[Title/Abstract] OR ""hydration""[Title/Abstract] OR ""keratinocyte""[Title/Abstract] OR ""moisture""[Title/Abstract] OR ""moisturising""[Title/Abstract] OR ""moisturizing""[Title/Abstract] OR ""occlusive""[Title/Abstract] OR ""skin""[Title/Abstract] OR ""skin barrier""[Title/Abstract] OR ""skin water content""[Title/Abstract] OR ""stratum corneum""[Title/Abstract] OR ""topical""[Title/Abstract] OR ""transepidermal water loss""[Title/Abstract] OR ""water loss""[Title/Abstract] OR ""xerosis""[Title/Abstract])",42012824|40450126|40116652|37978581|37230371|36384194|35182702|35054686|34454026|30441879|28116855|25360806|23011001|22840223|22677563|22514805|18586470|12121128|11800049|9542411,20,11800049,1,8,review_or_reference,title_exact,abstract_effect,combination_or_formulation,11800049,"Final report on the safety assessment of PEG-25 propylene glycol stearate, PEG-75 propylene glycol stearate, PEG-120 propylene glycol stearate, PEG-10 propylene glycol, PEG-8 propylene glycol cocoate, and PEG-55 propylene glycol oleate.",10,"[{""pmid"":""11800049"",""title"":""Final report on the safety assessment of PEG-25 propylene glycol stearate, PEG-75 propylene glycol stearate, PEG-120 propylene glycol stearate, PEG-10 propylene glycol, PEG-8 propylene glycol cocoate, and PEG-55 propylene glycol oleate."",""tier"":8,""relation_scope"":""title_exact"",""effect_match_scope"":""abstract_effect"",""applicability"":""combination_or_formulation"",""signal_score"":10}]",expanded_candidate_found,candidate_unverified,none,2026-07-12,mwbl-missing-effect-search-v1
peg_12,피이지-12,PEG-12,effect_moisture_barrier,보습·장벽,"(""PEG-12""[Title/Abstract] OR ""peg 12""[Title/Abstract]) AND (""barrier function""[Title/Abstract] OR ""corneocyte""[Title/Abstract] OR ""cosmetic""[Title/Abstract] OR ""cutaneous""[Title/Abstract] OR ""dermal""[Title/Abstract] OR ""dermatitis""[Title/Abstract] OR ""dermatology""[Title/Abstract] OR ""dry skin""[Title/Abstract] OR ""epidermal""[Title/Abstract] OR ""epidermis""[Title/Abstract] OR ""humectant""[Title/Abstract] OR ""hydration""[Title/Abstract] OR ""keratinocyte""[Title/Abstract] OR ""moisture""[Title/Abstract] OR ""moisturising""[Title/Abstract] OR ""moisturizing""[Title/Abstract] OR ""occlusive""[Title/Abstract] OR ""skin""[Title/Abstract] OR ""skin barrier""[Title/Abstract] OR ""skin water content""[Title/Abstract] OR ""stratum corneum""[Title/Abstract] OR ""topical""[Title/Abstract] OR ""transepidermal water loss""[Title/Abstract] OR ""water loss""[Title/Abstract] OR ""xerosis""[Title/Abstract])",38507685|38185193|32660241|31919922|28142078|26328446|22232021|19805567,8,,0,,,,,,,,0,[],no_expanded_pubmed_candidate,not_found,none,2026-07-12,mwbl-missing-effect-search-v1
peg_14,피이지-14,PEG-14,effect_moisture_barrier,보습·장벽,"(""PEG-14""[Title/Abstract] OR ""peg 14""[Title/Abstract]) AND (""barrier function""[Title/Abstract] OR ""corneocyte""[Title/Abstract] OR ""cosmetic""[Title/Abstract] OR ""cutaneous""[Title/Abstract] OR ""dermal""[Title/Abstract] OR ""dermatitis""[Title/Abstract] OR ""dermatology""[Title/Abstract] OR ""dry skin""[Title/Abstract] OR ""epidermal""[Title/Abstract] OR ""epidermis""[Title/Abstract] OR ""humectant""[Title/Abstract] OR ""hydration""[Title/Abstract] OR ""keratinocyte""[Title/Abstract] OR ""moisture""[Title/Abstract] OR ""moisturising""[Title/Abstract] OR ""moisturizing""[Title/Abstract] OR ""occlusive""[Title/Abstract] OR ""skin""[Title/Abstract] OR ""skin barrier""[Title/Abstract] OR ""skin water content""[Title/Abstract] OR ""stratum corneum""[Title/Abstract] OR ""topical""[Title/Abstract] OR ""transepidermal water loss""[Title/Abstract] OR ""water loss""[Title/Abstract] OR ""xerosis""[Title/Abstract])",,0,,0,,,,,,,,0,[],no_expanded_pubmed_candidate,not_found,none,2026-07-12,mwbl-missing-effect-search-v1
peg_150,피이지-150,PEG-150,effect_moisture_barrier,보습·장벽,"(""PEG-150""[Title/Abstract] OR ""peg 150""[Title/Abstract]) AND (""barrier function""[Title/Abstract] OR ""corneocyte""[Title/Abstract] OR ""cosmetic""[Title/Abstract] OR ""cutaneous""[Title/Abstract] OR ""dermal""[Title/Abstract] OR ""dermatitis""[Title/Abstract] OR ""dermatology""[Title/Abstract] OR ""dry skin""[Title/Abstract] OR ""epidermal""[Title/Abstract] OR ""epidermis""[Title/Abstract] OR ""humectant""[Title/Abstract] OR ""hydration""[Title/Abstract] OR ""keratinocyte""[Title/Abstract] OR ""moisture""[Title/Abstract] OR ""moisturising""[Title/Abstract] OR ""moisturizing""[Title/Abstract] OR ""occlusive""[Title/Abstract] OR ""skin""[Title/Abstract] OR ""skin barrier""[Title/Abstract] OR ""skin water content""[Title/Abstract] OR ""stratum corneum""[Title/Abstract] OR ""topical""[Title/Abstract] OR ""transepidermal water loss""[Title/Abstract] OR ""water loss""[Title/Abstract] OR ""xerosis""[Title/Abstract])",30235960,1,,0,,,,,,,,0,[],no_expanded_pubmed_candidate,not_found,none,2026-07-12,mwbl-missing-effect-search-v1
peg_180,피이지-180,PEG-180,effect_moisture_barrier,보습·장벽,"(""PEG-180""[Title/Abstract] OR ""peg 180""[Title/Abstract]) AND (""barrier function""[Title/Abstract] OR ""corneocyte""[Title/Abstract] OR ""cosmetic""[Title/Abstract] OR ""cutaneous""[Title/Abstract] OR ""dermal""[Title/Abstract] OR ""dermatitis""[Title/Abstract] OR ""dermatology""[Title/Abstract] OR ""dry skin""[Title/Abstract] OR ""epidermal""[Title/Abstract] OR ""epidermis""[Title/Abstract] OR ""humectant""[Title/Abstract] OR ""hydration""[Title/Abstract] OR ""keratinocyte""[Title/Abstract] OR ""moisture""[Title/Abstract] OR ""moisturising""[Title/Abstract] OR ""moisturizing""[Title/Abstract] OR ""occlusive""[Title/Abstract] OR ""skin""[Title/Abstract] OR ""skin barrier""[Title/Abstract] OR ""skin water content""[Title/Abstract] OR ""stratum corneum""[Title/Abstract] OR ""topical""[Title/Abstract] OR ""transepidermal water loss""[Title/Abstract] OR ""water loss""[Title/Abstract] OR ""xerosis""[Title/Abstract])",,0,,0,,,,,,,,0,[],no_expanded_pubmed_candidate,not_found,none,2026-07-12,mwbl-missing-effect-search-v1
peg_20_stearate,피이지-20스테아레이트,PEG-20 Stearate,effect_moisture_barrier,보습·장벽,"(""PEG-20 Stearate""[Title/Abstract] OR ""peg 20 stearate""[Title/Abstract]) AND (""barrier function""[Title/Abstract] OR ""corneocyte""[Title/Abstract] OR ""cosmetic""[Title/Abstract] OR ""cutaneous""[Title/Abstract] OR ""dermal""[Title/Abstract] OR ""dermatitis""[Title/Abstract] OR ""dermatology""[Title/Abstract] OR ""dry skin""[Title/Abstract] OR ""epidermal""[Title/Abstract] OR ""epidermis""[Title/Abstract] OR ""humectant""[Title/Abstract] OR ""hydration""[Title/Abstract] OR ""keratinocyte""[Title/Abstract] OR ""moisture""[Title/Abstract] OR ""moisturising""[Title/Abstract] OR ""moisturizing""[Title/Abstract] OR ""occlusive""[Title/Abstract] OR ""skin""[Title/Abstract] OR ""skin barrier""[Title/Abstract] OR ""skin water content""[Title/Abstract] OR ""stratum corneum""[Title/Abstract] OR ""topical""[Title/Abstract] OR ""transepidermal water loss""[Title/Abstract] OR ""water loss""[Title/Abstract] OR ""xerosis""[Title/Abstract])",,0,,0,,,,,,,,0,[],no_expanded_pubmed_candidate,not_found,none,2026-07-12,mwbl-missing-effect-search-v1
peg_32,피이지-32,PEG-32,effect_moisture_barrier,보습·장벽,"(""PEG-32""[Title/Abstract] OR ""peg 32""[Title/Abstract]) AND (""barrier function""[Title/Abstract] OR ""corneocyte""[Title/Abstract] OR ""cosmetic""[Title/Abstract] OR ""cutaneous""[Title/Abstract] OR ""dermal""[Title/Abstract] OR ""dermatitis""[Title/Abstract] OR ""dermatology""[Title/Abstract] OR ""dry skin""[Title/Abstract] OR ""epidermal""[Title/Abstract] OR ""epidermis""[Title/Abstract] OR ""humectant""[Title/Abstract] OR ""hydration""[Title/Abstract] OR ""keratinocyte""[Title/Abstract] OR ""moisture""[Title/Abstract] OR ""moisturising""[Title/Abstract] OR ""moisturizing""[Title/Abstract] OR ""occlusive""[Title/Abstract] OR ""skin""[Title/Abstract] OR ""skin barrier""[Title/Abstract] OR ""skin water content""[Title/Abstract] OR ""stratum corneum""[Title/Abstract] OR ""topical""[Title/Abstract] OR ""transepidermal water loss""[Title/Abstract] OR ""water loss""[Title/Abstract] OR ""xerosis""[Title/Abstract])",,0,,0,,,,,,,,0,[],no_expanded_pubmed_candidate,not_found,none,2026-07-12,mwbl-missing-effect-search-v1
peg_33,피이지-33,PEG-33,effect_moisture_barrier,보습·장벽,"(""PEG-33""[Title/Abstract] OR ""peg 33""[Title/Abstract]) AND (""barrier function""[Title/Abstract] OR ""corneocyte""[Title/Abstract] OR ""cosmetic""[Title/Abstract] OR ""cutaneous""[Title/Abstract] OR ""dermal""[Title/Abstract] OR ""dermatitis""[Title/Abstract] OR ""dermatology""[Title/Abstract] OR ""dry skin""[Title/Abstract] OR ""epidermal""[Title/Abstract] OR ""epidermis""[Title/Abstract] OR ""humectant""[Title/Abstract] OR ""hydration""[Title/Abstract] OR ""keratinocyte""[Title/Abstract] OR ""moisture""[Title/Abstract] OR ""moisturising""[Title/Abstract] OR ""moisturizing""[Title/Abstract] OR ""occlusive""[Title/Abstract] OR ""skin""[Title/Abstract] OR ""skin barrier""[Title/Abstract] OR ""skin water content""[Title/Abstract] OR ""stratum corneum""[Title/Abstract] OR ""topical""[Title/Abstract] OR ""transepidermal water loss""[Title/Abstract] OR ""water loss""[Title/Abstract] OR ""xerosis""[Title/Abstract])",,0,,0,,,,,,,,0,[],no_expanded_pubmed_candidate,not_found,none,2026-07-12,mwbl-missing-effect-search-v1
peg_4,피이지-4,PEG-4,effect_moisture_barrier,보습·장벽,"(""PEG-4""[Title/Abstract] OR ""peg 4""[Title/Abstract]) AND (""barrier function""[Title/Abstract] OR ""corneocyte""[Title/Abstract] OR ""cosmetic""[Title/Abstract] OR ""cutaneous""[Title/Abstract] OR ""dermal""[Title/Abstract] OR ""dermatitis""[Title/Abstract] OR ""dermatology""[Title/Abstract] OR ""dry skin""[Title/Abstract] OR ""epidermal""[Title/Abstract] OR ""epidermis""[Title/Abstract] OR ""humectant""[Title/Abstract] OR ""hydration""[Title/Abstract] OR ""keratinocyte""[Title/Abstract] OR ""moisture""[Title/Abstract] OR ""moisturising""[Title/Abstract] OR ""moisturizing""[Title/Abstract] OR ""occlusive""[Title/Abstract] OR ""skin""[Title/Abstract] OR ""skin barrier""[Title/Abstract] OR ""skin water content""[Title/Abstract] OR ""stratum corneum""[Title/Abstract] OR ""topical""[Title/Abstract] OR ""transepidermal water loss""[Title/Abstract] OR ""water loss""[Title/Abstract] OR ""xerosis""[Title/Abstract])",42012824|39579150|37794531|36015303|34761524|33637584|34832857|32660241|32285658|30384599|24414308|22402408|22227373|20572053|17111052|17090481|16596769|12492561,18,17090481,1,8,review_or_reference,title_exact,abstract_effect,combination_or_formulation,17090481,Final report on the safety assessment of Triethylene Glycol and PEG-4.,10,"[{""pmid"":""17090481"",""title"":""Final report on the safety assessment of Triethylene Glycol and PEG-4."",""tier"":8,""relation_scope"":""title_exact"",""effect_match_scope"":""abstract_effect"",""applicability"":""combination_or_formulation"",""signal_score"":10}]",expanded_candidate_found,candidate_unverified,none,2026-07-12,mwbl-missing-effect-search-v1
peg_45m,피이지-45M,PEG-45M,effect_moisture_barrier,보습·장벽,"(""PEG-45M""[Title/Abstract] OR ""peg 45m""[Title/Abstract]) AND (""barrier function""[Title/Abstract] OR ""corneocyte""[Title/Abstract] OR ""cosmetic""[Title/Abstract] OR ""cutaneous""[Title/Abstract] OR ""dermal""[Title/Abstract] OR ""dermatitis""[Title/Abstract] OR ""dermatology""[Title/Abstract] OR ""dry skin""[Title/Abstract] OR ""epidermal""[Title/Abstract] OR ""epidermis""[Title/Abstract] OR ""humectant""[Title/Abstract] OR ""hydration""[Title/Abstract] OR ""keratinocyte""[Title/Abstract] OR ""moisture""[Title/Abstract] OR ""moisturising""[Title/Abstract] OR ""moisturizing""[Title/Abstract] OR ""occlusive""[Title/Abstract] OR ""skin""[Title/Abstract] OR ""skin barrier""[Title/Abstract] OR ""skin water content""[Title/Abstract] OR ""stratum corneum""[Title/Abstract] OR ""topical""[Title/Abstract] OR ""transepidermal water loss""[Title/Abstract] OR ""water loss""[Title/Abstract] OR ""xerosis""[Title/Abstract])",,0,,0,,,,,,,,0,[],no_expanded_pubmed_candidate,not_found,none,2026-07-12,mwbl-missing-effect-search-v1
peg_6,피이지-6,PEG-6,effect_moisture_barrier,보습·장벽,"(""PEG-6""[Title/Abstract] OR ""peg 6""[Title/Abstract]) AND (""barrier function""[Title/Abstract] OR ""corneocyte""[Title/Abstract] OR ""cosmetic""[Title/Abstract] OR ""cutaneous""[Title/Abstract] OR ""dermal""[Title/Abstract] OR ""dermatitis""[Title/Abstract] OR ""dermatology""[Title/Abstract] OR ""dry skin""[Title/Abstract] OR ""epidermal""[Title/Abstract] OR ""epidermis""[Title/Abstract] OR ""humectant""[Title/Abstract] OR ""hydration""[Title/Abstract] OR ""keratinocyte""[Title/Abstract] OR ""moisture""[Title/Abstract] OR ""moisturising""[Title/Abstract] OR ""moisturizing""[Title/Abstract] OR ""occlusive""[Title/Abstract] OR ""skin""[Title/Abstract] OR ""skin barrier""[Title/Abstract] OR ""skin water content""[Title/Abstract] OR ""stratum corneum""[Title/Abstract] OR ""topical""[Title/Abstract] OR ""transepidermal water loss""[Title/Abstract] OR ""water loss""[Title/Abstract] OR ""xerosis""[Title/Abstract])",41946831|36152732|36145664|33291576|32706279|32438237|32024256|30655327|30800216|22227373|20859697|21571803|17090481|15311785|14708318|11800050,16,,0,,,,,,,,0,[],no_expanded_pubmed_candidate,not_found,none,2026-07-12,mwbl-missing-effect-search-v1
peg_7_amodimethicone,피이지-7아모다이메티콘,PEG-7 Amodimethicone,effect_moisture_barrier,보습·장벽,"(""PEG-7 Amodimethicone""[Title/Abstract] OR ""peg 7 amodimethicone""[Title/Abstract]) AND (""barrier function""[Title/Abstract] OR ""corneocyte""[Title/Abstract] OR ""cosmetic""[Title/Abstract] OR ""cutaneous""[Title/Abstract] OR ""dermal""[Title/Abstract] OR ""dermatitis""[Title/Abstract] OR ""dermatology""[Title/Abstract] OR ""dry skin""[Title/Abstract] OR ""epidermal""[Title/Abstract] OR ""epidermis""[Title/Abstract] OR ""humectant""[Title/Abstract] OR ""hydration""[Title/Abstract] OR ""keratinocyte""[Title/Abstract] OR ""moisture""[Title/Abstract] OR ""moisturising""[Title/Abstract] OR ""moisturizing""[Title/Abstract] OR ""occlusive""[Title/Abstract] OR ""skin""[Title/Abstract] OR ""skin barrier""[Title/Abstract] OR ""skin water content""[Title/Abstract] OR ""stratum corneum""[Title/Abstract] OR ""topical""[Title/Abstract] OR ""transepidermal water loss""[Title/Abstract] OR ""water loss""[Title/Abstract] OR ""xerosis""[Title/Abstract])",,0,,0,,,,,,,,0,[],no_expanded_pubmed_candidate,not_found,none,2026-07-12,mwbl-missing-effect-search-v1
peg_8,피이지-8,PEG-8,effect_moisture_barrier,보습·장벽,"(""PEG-8""[Title/Abstract] OR ""peg 8""[Title/Abstract]) AND (""barrier function""[Title/Abstract] OR ""corneocyte""[Title/Abstract] OR ""cosmetic""[Title/Abstract] OR ""cutaneous""[Title/Abstract] OR ""dermal""[Title/Abstract] OR ""dermatitis""[Title/Abstract] OR ""dermatology""[Title/Abstract] OR ""dry skin""[Title/Abstract] OR ""epidermal""[Title/Abstract] OR ""epidermis""[Title/Abstract] OR ""humectant""[Title/Abstract] OR ""hydration""[Title/Abstract] OR ""keratinocyte""[Title/Abstract] OR ""moisture""[Title/Abstract] OR ""moisturising""[Title/Abstract] OR ""moisturizing""[Title/Abstract] OR ""occlusive""[Title/Abstract] OR ""skin""[Title/Abstract] OR ""skin barrier""[Title/Abstract] OR ""skin water content""[Title/Abstract] OR ""stratum corneum""[Title/Abstract] OR ""topical""[Title/Abstract] OR ""transepidermal water loss""[Title/Abstract] OR ""water loss""[Title/Abstract] OR ""xerosis""[Title/Abstract])",42012824|40208007|34099817|33683232|32707723|32001707|29617381|29416334|27885330|26417375|23363304|22579578|22232021|22124165|21087496|20083197|22495634|18980360|18377631|17090481|15285339|15129969|14620517|12490380|12180552|11169171|11800049|10528074|10556497|10329107,30,10528074|10556497|11800049,3,6,animal,abstract_exact,abstract_effect,combination_or_formulation,10528074,Elasticity of vesicles affects hairless mouse skin structure and permeability.,16,"[{""pmid"":""10528074"",""title"":""Elasticity of vesicles affects hairless mouse skin structure and permeability."",""tier"":6,""relation_scope"":""abstract_exact"",""effect_match_scope"":""abstract_effect"",""applicability"":""combination_or_formulation"",""signal_score"":16},{""pmid"":""10556497"",""title"":""Interactions of elastic and rigid vesicles with human skin in vitro: electron microscopy and two-photon excitation microscopy."",""tier"":7,""relation_scope"":""abstract_exact"",""effect_match_scope"":""abstract_effect"",""applicability"":""combination_or_formulation"",""signal_score"":13},{""pmid"":""11800049"",""title"":""Final report on the safety assessment of PEG-25 propylene glycol stearate, PEG-75 propylene glycol stearate, PEG-120 propylene glycol stearate, PEG-10 propylene glycol, PEG-8 propylene glycol cocoate, and PEG-55 propylene glycol oleate."",""tier"":8,""relation_scope"":""title_exact"",""effect_match_scope"":""abstract_effect"",""applicability"":""combination_or_formulation"",""signal_score"":10}]",expanded_candidate_found,candidate_unverified,none,2026-07-12,mwbl-missing-effect-search-v1
peg_8_stearate,피이지-8스테아레이트,PEG-8 Stearate,effect_moisture_barrier,보습·장벽,"(""PEG-8 Stearate""[Title/Abstract] OR ""peg 8 stearate""[Title/Abstract]) AND (""barrier function""[Title/Abstract] OR ""corneocyte""[Title/Abstract] OR ""cosmetic""[Title/Abstract] OR ""cutaneous""[Title/Abstract] OR ""dermal""[Title/Abstract] OR ""dermatitis""[Title/Abstract] OR ""dermatology""[Title/Abstract] OR ""dry skin""[Title/Abstract] OR ""epidermal""[Title/Abstract] OR ""epidermis""[Title/Abstract] OR ""humectant""[Title/Abstract] OR ""hydration""[Title/Abstract] OR ""keratinocyte""[Title/Abstract] OR ""moisture""[Title/Abstract] OR ""moisturising""[Title/Abstract] OR ""moisturizing""[Title/Abstract] OR ""occlusive""[Title/Abstract] OR ""skin""[Title/Abstract] OR ""skin barrier""[Title/Abstract] OR ""skin water content""[Title/Abstract] OR ""stratum corneum""[Title/Abstract] OR ""topical""[Title/Abstract] OR ""transepidermal water loss""[Title/Abstract] OR ""water loss""[Title/Abstract] OR ""xerosis""[Title/Abstract])",,0,,0,,,,,,,,0,[],no_expanded_pubmed_candidate,not_found,none,2026-07-12,mwbl-missing-effect-search-v1
peg_9,피이지-9,PEG-9,effect_moisture_barrier,보습·장벽,"(""PEG-9""[Title/Abstract] OR ""peg 9""[Title/Abstract]) AND (""barrier function""[Title/Abstract] OR ""corneocyte""[Title/Abstract] OR ""cosmetic""[Title/Abstract] OR ""cutaneous""[Title/Abstract] OR ""dermal""[Title/Abstract] OR ""dermatitis""[Title/Abstract] OR ""dermatology""[Title/Abstract] OR ""dry skin""[Title/Abstract] OR ""epidermal""[Title/Abstract] OR ""epidermis""[Title/Abstract] OR ""humectant""[Title/Abstract] OR ""hydration""[Title/Abstract] OR ""keratinocyte""[Title/Abstract] OR ""moisture""[Title/Abstract] OR ""moisturising""[Title/Abstract] OR ""moisturizing""[Title/Abstract] OR ""occlusive""[Title/Abstract] OR ""skin""[Title/Abstract] OR ""skin barrier""[Title/Abstract] OR ""skin water content""[Title/Abstract] OR ""stratum corneum""[Title/Abstract] OR ""topical""[Title/Abstract] OR ""transepidermal water loss""[Title/Abstract] OR ""water loss""[Title/Abstract] OR ""xerosis""[Title/Abstract])",,0,,0,,,,,,,,0,[],no_expanded_pubmed_candidate,not_found,none,2026-07-12,mwbl-missing-effect-search-v1
peg_ppg_polybutylene_glycol_8_5_3_glycerin,피이지/피피지/폴리부틸렌글라이콜-8/5/3글리세린,PEG/PPG/Polybutylene Glycol-8/5/3 Glycerin,effect_moisture_barrier,보습·장벽,"(""PEG/PPG/Polybutylene Glycol-8/5/3 Glycerin""[Title/Abstract] OR ""peg ppg polybutylene glycol 8 5 3 glycerin""[Title/Abstract]) AND (""barrier function""[Title/Abstract] OR ""corneocyte""[Title/Abstract] OR ""cosmetic""[Title/Abstract] OR ""cutaneous""[Title/Abstract] OR ""dermal""[Title/Abstract] OR ""dermatitis""[Title/Abstract] OR ""dermatology""[Title/Abstract] OR ""dry skin""[Title/Abstract] OR ""epidermal""[Title/Abstract] OR ""epidermis""[Title/Abstract] OR ""humectant""[Title/Abstract] OR ""hydration""[Title/Abstract] OR ""keratinocyte""[Title/Abstract] OR ""moisture""[Title/Abstract] OR ""moisturising""[Title/Abstract] OR ""moisturizing""[Title/Abstract] OR ""occlusive""[Title/Abstract] OR ""skin""[Title/Abstract] OR ""skin barrier""[Title/Abstract] OR ""skin water content""[Title/Abstract] OR ""stratum corneum""[Title/Abstract] OR ""topical""[Title/Abstract] OR ""transepidermal water loss""[Title/Abstract] OR ""water loss""[Title/Abstract] OR ""xerosis""[Title/Abstract])",,0,,0,,,,,,,,0,[],no_expanded_pubmed_candidate,not_found,none,2026-07-12,mwbl-missing-effect-search-v1
pentaerythrityl_tetraethylhexanoate,펜타에리스리틸테트라에틸헥사노에이트,Pentaerythrityl Tetraethylhexanoate,effect_moisture_barrier,보습·장벽,"(""Pentaerythrityl Tetraethylhexanoate""[Title/Abstract]) AND (""barrier function""[Title/Abstract] OR ""corneocyte""[Title/Abstract] OR ""cosmetic""[Title/Abstract] OR ""cutaneous""[Title/Abstract] OR ""dermal""[Title/Abstract] OR ""dermatitis""[Title/Abstract] OR ""dermatology""[Title/Abstract] OR ""dry skin""[Title/Abstract] OR ""epidermal""[Title/Abstract] OR ""epidermis""[Title/Abstract] OR ""humectant""[Title/Abstract] OR ""hydration""[Title/Abstract] OR ""keratinocyte""[Title/Abstract] OR ""moisture""[Title/Abstract] OR ""moisturising""[Title/Abstract] OR ""moisturizing""[Title/Abstract] OR ""occlusive""[Title/Abstract] OR ""skin""[Title/Abstract] OR ""skin barrier""[Title/Abstract] OR ""skin water content""[Title/Abstract] OR ""stratum corneum""[Title/Abstract] OR ""topical""[Title/Abstract] OR ""transepidermal water loss""[Title/Abstract] OR ""water loss""[Title/Abstract] OR ""xerosis""[Title/Abstract])",,0,,0,,,,,,,,0,[],no_expanded_pubmed_candidate,not_found,none,2026-07-12,mwbl-missing-effect-search-v1
pentaerythrityl_tetraisostearate,펜타에리스리틸테트라아이소스테아레이트,Pentaerythrityl Tetraisostearate,effect_moisture_barrier,보습·장벽,"(""Pentaerythrityl Tetraisostearate""[Title/Abstract]) AND (""barrier function""[Title/Abstract] OR ""corneocyte""[Title/Abstract] OR ""cosmetic""[Title/Abstract] OR ""cutaneous""[Title/Abstract] OR ""dermal""[Title/Abstract] OR ""dermatitis""[Title/Abstract] OR ""dermatology""[Title/Abstract] OR ""dry skin""[Title/Abstract] OR ""epidermal""[Title/Abstract] OR ""epidermis""[Title/Abstract] OR ""humectant""[Title/Abstract] OR ""hydration""[Title/Abstract] OR ""keratinocyte""[Title/Abstract] OR ""moisture""[Title/Abstract] OR ""moisturising""[Title/Abstract] OR ""moisturizing""[Title/Abstract] OR ""occlusive""[Title/Abstract] OR ""skin""[Title/Abstract] OR ""skin barrier""[Title/Abstract] OR ""skin water content""[Title/Abstract] OR ""stratum corneum""[Title/Abstract] OR ""topical""[Title/Abstract] OR ""transepidermal water loss""[Title/Abstract] OR ""water loss""[Title/Abstract] OR ""xerosis""[Title/Abstract])",,0,,0,,,,,,,,0,[],no_expanded_pubmed_candidate,not_found,none,2026-07-12,mwbl-missing-effect-search-v1
persea_gratissima_avocado_fruit_extract,아보카도열매추출물,Persea Gratissima (Avocado) Fruit Extract,effect_calming,진정,"(""Persea Gratissima (Avocado) Fruit Extract""[Title/Abstract] OR ""persea gratissima avocado fruit extract""[Title/Abstract]) AND (""anti-inflammatory""[Title/Abstract] OR ""barrier function""[Title/Abstract] OR ""corneocyte""[Title/Abstract] OR ""cosmetic""[Title/Abstract] OR ""cutaneous""[Title/Abstract] OR ""dermal""[Title/Abstract] OR ""dermatitis""[Title/Abstract] OR ""dermatology""[Title/Abstract] OR ""dry skin""[Title/Abstract] OR ""epidermal""[Title/Abstract] OR ""epidermis""[Title/Abstract] OR ""erythema""[Title/Abstract] OR ""humectant""[Title/Abstract] OR ""hydration""[Title/Abstract] OR ""inflammation""[Title/Abstract] OR ""irritation""[Title/Abstract] OR ""keratinocyte""[Title/Abstract] OR ""moisture""[Title/Abstract] OR ""moisturising""[Title/Abstract] OR ""moisturizing""[Title/Abstract] OR ""occlusive""[Title/Abstract] OR ""pruritus""[Title/Abstract] OR ""redness""[Title/Abstract] OR ""sensitive skin""[Title/Abstract] OR ""skin""[Title/Abstract] OR ""skin barrier""[Title/Abstract] OR ""skin water content""[Title/Abstract] OR ""stratum corneum""[Title/Abstract] OR ""topical""[Title/Abstract] OR ""transepidermal water loss""[Title/Abstract] OR ""water loss""[Title/Abstract] OR ""wound healing""[Title/Abstract] OR ""xerosis""[Title/Abstract])",,0,,0,,,,,,,,0,[],no_expanded_pubmed_candidate,not_found,none,2026-07-12,mwbl-missing-effect-search-v1
persea_gratissima_avocado_fruit_extract,아보카도열매추출물,Persea Gratissima (Avocado) Fruit Extract,effect_moisture_barrier,보습·장벽,"(""Persea Gratissima (Avocado) Fruit Extract""[Title/Abstract] OR ""persea gratissima avocado fruit extract""[Title/Abstract]) AND (""anti-inflammatory""[Title/Abstract] OR ""barrier function""[Title/Abstract] OR ""corneocyte""[Title/Abstract] OR ""cosmetic""[Title/Abstract] OR ""cutaneous""[Title/Abstract] OR ""dermal""[Title/Abstract] OR ""dermatitis""[Title/Abstract] OR ""dermatology""[Title/Abstract] OR ""dry skin""[Title/Abstract] OR ""epidermal""[Title/Abstract] OR ""epidermis""[Title/Abstract] OR ""erythema""[Title/Abstract] OR ""humectant""[Title/Abstract] OR ""hydration""[Title/Abstract] OR ""inflammation""[Title/Abstract] OR ""irritation""[Title/Abstract] OR ""keratinocyte""[Title/Abstract] OR ""moisture""[Title/Abstract] OR ""moisturising""[Title/Abstract] OR ""moisturizing""[Title/Abstract] OR ""occlusive""[Title/Abstract] OR ""pruritus""[Title/Abstract] OR ""redness""[Title/Abstract] OR ""sensitive skin""[Title/Abstract] OR ""skin""[Title/Abstract] OR ""skin barrier""[Title/Abstract] OR ""skin water content""[Title/Abstract] OR ""stratum corneum""[Title/Abstract] OR ""topical""[Title/Abstract] OR ""transepidermal water loss""[Title/Abstract] OR ""water loss""[Title/Abstract] OR ""wound healing""[Title/Abstract] OR ""xerosis""[Title/Abstract])",,0,,0,,,,,,,,0,[],no_expanded_pubmed_candidate,not_found,none,2026-07-12,mwbl-missing-effect-search-v1
phaeodactylum_tricornutum_extract,파에오닥틸룸 트리코르누툼추출물,Phaeodactylum Tricornutum Extract,effect_calming,진정,"(""Phaeodactylum Tricornutum Extract""[Title/Abstract]) AND (""anti-inflammatory""[Title/Abstract] OR ""barrier function""[Title/Abstract] OR ""corneocyte""[Title/Abstract] OR ""cosmetic""[Title/Abstract] OR ""cutaneous""[Title/Abstract] OR ""dermal""[Title/Abstract] OR ""dermatitis""[Title/Abstract] OR ""dermatology""[Title/Abstract] OR ""dry skin""[Title/Abstract] OR ""epidermal""[Title/Abstract] OR ""epidermis""[Title/Abstract] OR ""erythema""[Title/Abstract] OR ""humectant""[Title/Abstract] OR ""hydration""[Title/Abstract] OR ""inflammation""[Title/Abstract] OR ""irritation""[Title/Abstract] OR ""keratinocyte""[Title/Abstract] OR ""moisture""[Title/Abstract] OR ""moisturising""[Title/Abstract] OR ""moisturizing""[Title/Abstract] OR ""occlusive""[Title/Abstract] OR ""pruritus""[Title/Abstract] OR ""redness""[Title/Abstract] OR ""sensitive skin""[Title/Abstract] OR ""skin""[Title/Abstract] OR ""skin barrier""[Title/Abstract] OR ""skin water content""[Title/Abstract] OR ""stratum corneum""[Title/Abstract] OR ""topical""[Title/Abstract] OR ""transepidermal water loss""[Title/Abstract] OR ""water loss""[Title/Abstract] OR ""wound healing""[Title/Abstract] OR ""xerosis""[Title/Abstract])",15247018,1,,0,,,,,,,,0,[],no_expanded_pubmed_candidate,not_found,none,2026-07-12,mwbl-missing-effect-search-v1
phaeodactylum_tricornutum_extract,파에오닥틸룸 트리코르누툼추출물,Phaeodactylum Tricornutum Extract,effect_moisture_barrier,보습·장벽,"(""Phaeodactylum Tricornutum Extract""[Title/Abstract]) AND (""anti-inflammatory""[Title/Abstract] OR ""barrier function""[Title/Abstract] OR ""corneocyte""[Title/Abstract] OR ""cosmetic""[Title/Abstract] OR ""cutaneous""[Title/Abstract] OR ""dermal""[Title/Abstract] OR ""dermatitis""[Title/Abstract] OR ""dermatology""[Title/Abstract] OR ""dry skin""[Title/Abstract] OR ""epidermal""[Title/Abstract] OR ""epidermis""[Title/Abstract] OR ""erythema""[Title/Abstract] OR ""humectant""[Title/Abstract] OR ""hydration""[Title/Abstract] OR ""inflammation""[Title/Abstract] OR ""irritation""[Title/Abstract] OR ""keratinocyte""[Title/Abstract] OR ""moisture""[Title/Abstract] OR ""moisturising""[Title/Abstract] OR ""moisturizing""[Title/Abstract] OR ""occlusive""[Title/Abstract] OR ""pruritus""[Title/Abstract] OR ""redness""[Title/Abstract] OR ""sensitive skin""[Title/Abstract] OR ""skin""[Title/Abstract] OR ""skin barrier""[Title/Abstract] OR ""skin water content""[Title/Abstract] OR ""stratum corneum""[Title/Abstract] OR ""topical""[Title/Abstract] OR ""transepidermal water loss""[Title/Abstract] OR ""water loss""[Title/Abstract] OR ""wound healing""[Title/Abstract] OR ""xerosis""[Title/Abstract])",15247018,1,,0,,,,,,,,0,[],no_expanded_pubmed_candidate,not_found,none,2026-07-12,mwbl-missing-effect-search-v1
phalaenopsis_amabilis_extract,팔라애놉시스 아마빌리스추출물,Phalaenopsis Amabilis Extract,effect_moisture_barrier,보습·장벽,"(""Phalaenopsis Amabilis Extract""[Title/Abstract]) AND (""barrier function""[Title/Abstract] OR ""corneocyte""[Title/Abstract] OR ""cosmetic""[Title/Abstract] OR ""cutaneous""[Title/Abstract] OR ""dermal""[Title/Abstract] OR ""dermatitis""[Title/Abstract] OR ""dermatology""[Title/Abstract] OR ""dry skin""[Title/Abstract] OR ""epidermal""[Title/Abstract] OR ""epidermis""[Title/Abstract] OR ""humectant""[Title/Abstract] OR ""hydration""[Title/Abstract] OR ""keratinocyte""[Title/Abstract] OR ""moisture""[Title/Abstract] OR ""moisturising""[Title/Abstract] OR ""moisturizing""[Title/Abstract] OR ""occlusive""[Title/Abstract] OR ""skin""[Title/Abstract] OR ""skin barrier""[Title/Abstract] OR ""skin water content""[Title/Abstract] OR ""stratum corneum""[Title/Abstract] OR ""topical""[Title/Abstract] OR ""transepidermal water loss""[Title/Abstract] OR ""water loss""[Title/Abstract] OR ""xerosis""[Title/Abstract])",,0,,0,,,,,,,,0,[],no_expanded_pubmed_candidate,not_found,none,2026-07-12,mwbl-missing-effect-search-v1
phaseolus_radiatus_sprout_extract,녹두싹추출물,Phaseolus Radiatus Sprout Extract,effect_moisture_barrier,보습·장벽,"(""Phaseolus Radiatus Sprout Extract""[Title/Abstract]) AND (""barrier function""[Title/Abstract] OR ""corneocyte""[Title/Abstract] OR ""cosmetic""[Title/Abstract] OR ""cutaneous""[Title/Abstract] OR ""dermal""[Title/Abstract] OR ""dermatitis""[Title/Abstract] OR ""dermatology""[Title/Abstract] OR ""dry skin""[Title/Abstract] OR ""epidermal""[Title/Abstract] OR ""epidermis""[Title/Abstract] OR ""humectant""[Title/Abstract] OR ""hydration""[Title/Abstract] OR ""keratinocyte""[Title/Abstract] OR ""moisture""[Title/Abstract] OR ""moisturising""[Title/Abstract] OR ""moisturizing""[Title/Abstract] OR ""occlusive""[Title/Abstract] OR ""skin""[Title/Abstract] OR ""skin barrier""[Title/Abstract] OR ""skin water content""[Title/Abstract] OR ""stratum corneum""[Title/Abstract] OR ""topical""[Title/Abstract] OR ""transepidermal water loss""[Title/Abstract] OR ""water loss""[Title/Abstract] OR ""xerosis""[Title/Abstract])",,0,,0,,,,,,,,0,[],no_expanded_pubmed_candidate,not_found,none,2026-07-12,mwbl-missing-effect-search-v1
phenyl_trimethicone,페닐트라이메티콘,Phenyl Trimethicone,effect_moisture_barrier,보습·장벽,"(""Phenyl Trimethicone""[Title/Abstract]) AND (""barrier function""[Title/Abstract] OR ""corneocyte""[Title/Abstract] OR ""cosmetic""[Title/Abstract] OR ""cutaneous""[Title/Abstract] OR ""dermal""[Title/Abstract] OR ""dermatitis""[Title/Abstract] OR ""dermatology""[Title/Abstract] OR ""dry skin""[Title/Abstract] OR ""epidermal""[Title/Abstract] OR ""epidermis""[Title/Abstract] OR ""humectant""[Title/Abstract] OR ""hydration""[Title/Abstract] OR ""keratinocyte""[Title/Abstract] OR ""moisture""[Title/Abstract] OR ""moisturising""[Title/Abstract] OR ""moisturizing""[Title/Abstract] OR ""occlusive""[Title/Abstract] OR ""skin""[Title/Abstract] OR ""skin barrier""[Title/Abstract] OR ""skin water content""[Title/Abstract] OR ""stratum corneum""[Title/Abstract] OR ""topical""[Title/Abstract] OR ""transepidermal water loss""[Title/Abstract] OR ""water loss""[Title/Abstract] OR ""xerosis""[Title/Abstract])",38404060|28333667|14528387|15462532,4,,0,,,,,,,,0,[],no_expanded_pubmed_candidate,not_found,none,2026-07-12,mwbl-missing-effect-search-v1
phyllanthus_emblica_fruit_extract,인디안구스베리열매추출물,Phyllanthus Emblica Fruit Extract,effect_moisture_barrier,보습·장벽,"(""Phyllanthus Emblica Fruit Extract""[Title/Abstract]) AND (""barrier function""[Title/Abstract] OR ""corneocyte""[Title/Abstract] OR ""cosmetic""[Title/Abstract] OR ""cutaneous""[Title/Abstract] OR ""dermal""[Title/Abstract] OR ""dermatitis""[Title/Abstract] OR ""dermatology""[Title/Abstract] OR ""dry skin""[Title/Abstract] OR ""epidermal""[Title/Abstract] OR ""epidermis""[Title/Abstract] OR ""humectant""[Title/Abstract] OR ""hydration""[Title/Abstract] OR ""keratinocyte""[Title/Abstract] OR ""moisture""[Title/Abstract] OR ""moisturising""[Title/Abstract] OR ""moisturizing""[Title/Abstract] OR ""occlusive""[Title/Abstract] OR ""skin""[Title/Abstract] OR ""skin barrier""[Title/Abstract] OR ""skin water content""[Title/Abstract] OR ""stratum corneum""[Title/Abstract] OR ""topical""[Title/Abstract] OR ""transepidermal water loss""[Title/Abstract] OR ""water loss""[Title/Abstract] OR ""xerosis""[Title/Abstract])",41211354|21443845,2,,0,,,,,,,,0,[],no_expanded_pubmed_candidate,not_found,none,2026-07-12,mwbl-missing-effect-search-v1
phytantriol,피탄트라이올,Phytantriol,effect_moisture_barrier,보습·장벽,"(""Phytantriol""[Title/Abstract]) AND (""barrier function""[Title/Abstract] OR ""corneocyte""[Title/Abstract] OR ""cosmetic""[Title/Abstract] OR ""cutaneous""[Title/Abstract] OR ""dermal""[Title/Abstract] OR ""dermatitis""[Title/Abstract] OR ""dermatology""[Title/Abstract] OR ""dry skin""[Title/Abstract] OR ""epidermal""[Title/Abstract] OR ""epidermis""[Title/Abstract] OR ""humectant""[Title/Abstract] OR ""hydration""[Title/Abstract] OR ""keratinocyte""[Title/Abstract] OR ""moisture""[Title/Abstract] OR ""moisturising""[Title/Abstract] OR ""moisturizing""[Title/Abstract] OR ""occlusive""[Title/Abstract] OR ""skin""[Title/Abstract] OR ""skin barrier""[Title/Abstract] OR ""skin water content""[Title/Abstract] OR ""stratum corneum""[Title/Abstract] OR ""topical""[Title/Abstract] OR ""transepidermal water loss""[Title/Abstract] OR ""water loss""[Title/Abstract] OR ""xerosis""[Title/Abstract])",41815597|41089060|41304818|38390343|37751605|36681654|36047012|35019794|36365130|35880620|35081522|34951001|33515137|32956751|33039495|32749554|32220812|31672067|30878587|30603986|31250753|30268893|30198435|28063969|26319637|26345516|25516406|24954725|19939403|18844705|18538886|17365138|17073473|15967535,34,,0,,,,,,,,0,[],no_expanded_pubmed_candidate,not_found,none,2026-07-12,mwbl-missing-effect-search-v1
platonia_insignis_seed_butter,바쿠리씨버터,Platonia Insignis Seed Butter,effect_moisture_barrier,보습·장벽,"(""Platonia Insignis Seed Butter""[Title/Abstract]) AND (""barrier function""[Title/Abstract] OR ""corneocyte""[Title/Abstract] OR ""cosmetic""[Title/Abstract] OR ""cutaneous""[Title/Abstract] OR ""dermal""[Title/Abstract] OR ""dermatitis""[Title/Abstract] OR ""dermatology""[Title/Abstract] OR ""dry skin""[Title/Abstract] OR ""epidermal""[Title/Abstract] OR ""epidermis""[Title/Abstract] OR ""humectant""[Title/Abstract] OR ""hydration""[Title/Abstract] OR ""keratinocyte""[Title/Abstract] OR ""moisture""[Title/Abstract] OR ""moisturising""[Title/Abstract] OR ""moisturizing""[Title/Abstract] OR ""occlusive""[Title/Abstract] OR ""skin""[Title/Abstract] OR ""skin barrier""[Title/Abstract] OR ""skin water content""[Title/Abstract] OR ""stratum corneum""[Title/Abstract] OR ""topical""[Title/Abstract] OR ""transepidermal water loss""[Title/Abstract] OR ""water loss""[Title/Abstract] OR ""xerosis""[Title/Abstract])",,0,,0,,,,,,,,0,[],no_expanded_pubmed_candidate,not_found,none,2026-07-12,mwbl-missing-effect-search-v1
plukenetia_volubilis_seed_oil,잉카피넛씨오일,Plukenetia Volubilis Seed Oil,effect_moisture_barrier,보습·장벽,"(""Plukenetia Volubilis Seed Oil""[Title/Abstract]) AND (""barrier function""[Title/Abstract] OR ""corneocyte""[Title/Abstract] OR ""cosmetic""[Title/Abstract] OR ""cutaneous""[Title/Abstract] OR ""dermal""[Title/Abstract] OR ""dermatitis""[Title/Abstract] OR ""dermatology""[Title/Abstract] OR ""dry skin""[Title/Abstract] OR ""epidermal""[Title/Abstract] OR ""epidermis""[Title/Abstract] OR ""humectant""[Title/Abstract] OR ""hydration""[Title/Abstract] OR ""keratinocyte""[Title/Abstract] OR ""moisture""[Title/Abstract] OR ""moisturising""[Title/Abstract] OR ""moisturizing""[Title/Abstract] OR ""occlusive""[Title/Abstract] OR ""skin""[Title/Abstract] OR ""skin barrier""[Title/Abstract] OR ""skin water content""[Title/Abstract] OR ""stratum corneum""[Title/Abstract] OR ""topical""[Title/Abstract] OR ""transepidermal water loss""[Title/Abstract] OR ""water loss""[Title/Abstract] OR ""xerosis""[Title/Abstract])",,0,,0,,,,,,,,0,[],no_expanded_pubmed_candidate,not_found,none,2026-07-12,mwbl-missing-effect-search-v1
polycitronellol,폴리시트로넬올,Polycitronellol,effect_moisture_barrier,보습·장벽,"(""Polycitronellol""[Title/Abstract]) AND (""barrier function""[Title/Abstract] OR ""corneocyte""[Title/Abstract] OR ""cosmetic""[Title/Abstract] OR ""cutaneous""[Title/Abstract] OR ""dermal""[Title/Abstract] OR ""dermatitis""[Title/Abstract] OR ""dermatology""[Title/Abstract] OR ""dry skin""[Title/Abstract] OR ""epidermal""[Title/Abstract] OR ""epidermis""[Title/Abstract] OR ""humectant""[Title/Abstract] OR ""hydration""[Title/Abstract] OR ""keratinocyte""[Title/Abstract] OR ""moisture""[Title/Abstract] OR ""moisturising""[Title/Abstract] OR ""moisturizing""[Title/Abstract] OR ""occlusive""[Title/Abstract] OR ""skin""[Title/Abstract] OR ""skin barrier""[Title/Abstract] OR ""skin water content""[Title/Abstract] OR ""stratum corneum""[Title/Abstract] OR ""topical""[Title/Abstract] OR ""transepidermal water loss""[Title/Abstract] OR ""water loss""[Title/Abstract] OR ""xerosis""[Title/Abstract])",,0,,0,,,,,,,,0,[],no_expanded_pubmed_candidate,not_found,none,2026-07-12,mwbl-missing-effect-search-v1
polycitronellol_acetate,폴리시트로넬올아세테이트,Polycitronellol Acetate,effect_moisture_barrier,보습·장벽,"(""Polycitronellol Acetate""[Title/Abstract]) AND (""barrier function""[Title/Abstract] OR ""corneocyte""[Title/Abstract] OR ""cosmetic""[Title/Abstract] OR ""cutaneous""[Title/Abstract] OR ""dermal""[Title/Abstract] OR ""dermatitis""[Title/Abstract] OR ""dermatology""[Title/Abstract] OR ""dry skin""[Title/Abstract] OR ""epidermal""[Title/Abstract] OR ""epidermis""[Title/Abstract] OR ""humectant""[Title/Abstract] OR ""hydration""[Title/Abstract] OR ""keratinocyte""[Title/Abstract] OR ""moisture""[Title/Abstract] OR ""moisturising""[Title/Abstract] OR ""moisturizing""[Title/Abstract] OR ""occlusive""[Title/Abstract] OR ""skin""[Title/Abstract] OR ""skin barrier""[Title/Abstract] OR ""skin water content""[Title/Abstract] OR ""stratum corneum""[Title/Abstract] OR ""topical""[Title/Abstract] OR ""transepidermal water loss""[Title/Abstract] OR ""water loss""[Title/Abstract] OR ""xerosis""[Title/Abstract])",,0,,0,,,,,,,,0,[],no_expanded_pubmed_candidate,not_found,none,2026-07-12,mwbl-missing-effect-search-v1
polyglycerin_10,폴리글리세린-10,Polyglycerin-10,effect_moisture_barrier,보습·장벽,"(""Polyglycerin-10""[Title/Abstract] OR ""polyglycerin 10""[Title/Abstract]) AND (""barrier function""[Title/Abstract] OR ""corneocyte""[Title/Abstract] OR ""cosmetic""[Title/Abstract] OR ""cutaneous""[Title/Abstract] OR ""dermal""[Title/Abstract] OR ""dermatitis""[Title/Abstract] OR ""dermatology""[Title/Abstract] OR ""dry skin""[Title/Abstract] OR ""epidermal""[Title/Abstract] OR ""epidermis""[Title/Abstract] OR ""humectant""[Title/Abstract] OR ""hydration""[Title/Abstract] OR ""keratinocyte""[Title/Abstract] OR ""moisture""[Title/Abstract] OR ""moisturising""[Title/Abstract] OR ""moisturizing""[Title/Abstract] OR ""occlusive""[Title/Abstract] OR ""skin""[Title/Abstract] OR ""skin barrier""[Title/Abstract] OR ""skin water content""[Title/Abstract] OR ""stratum corneum""[Title/Abstract] OR ""topical""[Title/Abstract] OR ""transepidermal water loss""[Title/Abstract] OR ""water loss""[Title/Abstract] OR ""xerosis""[Title/Abstract])",32024256,1,,0,,,,,,,,0,[],no_expanded_pubmed_candidate,not_found,none,2026-07-12,mwbl-missing-effect-search-v1
polyglycerin_3,폴리글리세린-3,Polyglycerin-3,effect_moisture_barrier,보습·장벽,"(""Polyglycerin-3""[Title/Abstract] OR ""polyglycerin 3""[Title/Abstract]) AND (""barrier function""[Title/Abstract] OR ""corneocyte""[Title/Abstract] OR ""cosmetic""[Title/Abstract] OR ""cutaneous""[Title/Abstract] OR ""dermal""[Title/Abstract] OR ""dermatitis""[Title/Abstract] OR ""dermatology""[Title/Abstract] OR ""dry skin""[Title/Abstract] OR ""epidermal""[Title/Abstract] OR ""epidermis""[Title/Abstract] OR ""humectant""[Title/Abstract] OR ""hydration""[Title/Abstract] OR ""keratinocyte""[Title/Abstract] OR ""moisture""[Title/Abstract] OR ""moisturising""[Title/Abstract] OR ""moisturizing""[Title/Abstract] OR ""occlusive""[Title/Abstract] OR ""skin""[Title/Abstract] OR ""skin barrier""[Title/Abstract] OR ""skin water content""[Title/Abstract] OR ""stratum corneum""[Title/Abstract] OR ""topical""[Title/Abstract] OR ""transepidermal water loss""[Title/Abstract] OR ""water loss""[Title/Abstract] OR ""xerosis""[Title/Abstract])",,0,,0,,,,,,,,0,[],no_expanded_pubmed_candidate,not_found,none,2026-07-12,mwbl-missing-effect-search-v1
polyglycerin_4,폴리글리세린-4,Polyglycerin-4,effect_moisture_barrier,보습·장벽,"(""Polyglycerin-4""[Title/Abstract] OR ""polyglycerin 4""[Title/Abstract]) AND (""barrier function""[Title/Abstract] OR ""corneocyte""[Title/Abstract] OR ""cosmetic""[Title/Abstract] OR ""cutaneous""[Title/Abstract] OR ""dermal""[Title/Abstract] OR ""dermatitis""[Title/Abstract] OR ""dermatology""[Title/Abstract] OR ""dry skin""[Title/Abstract] OR ""epidermal""[Title/Abstract] OR ""epidermis""[Title/Abstract] OR ""humectant""[Title/Abstract] OR ""hydration""[Title/Abstract] OR ""keratinocyte""[Title/Abstract] OR ""moisture""[Title/Abstract] OR ""moisturising""[Title/Abstract] OR ""moisturizing""[Title/Abstract] OR ""occlusive""[Title/Abstract] OR ""skin""[Title/Abstract] OR ""skin barrier""[Title/Abstract] OR ""skin water content""[Title/Abstract] OR ""stratum corneum""[Title/Abstract] OR ""topical""[Title/Abstract] OR ""transepidermal water loss""[Title/Abstract] OR ""water loss""[Title/Abstract] OR ""xerosis""[Title/Abstract])",,0,,0,,,,,,,,0,[],no_expanded_pubmed_candidate,not_found,none,2026-07-12,mwbl-missing-effect-search-v1
polyglycerin_6,폴리글리세린-6,Polyglycerin-6,effect_moisture_barrier,보습·장벽,"(""Polyglycerin-6""[Title/Abstract] OR ""polyglycerin 6""[Title/Abstract]) AND (""barrier function""[Title/Abstract] OR ""corneocyte""[Title/Abstract] OR ""cosmetic""[Title/Abstract] OR ""cutaneous""[Title/Abstract] OR ""dermal""[Title/Abstract] OR ""dermatitis""[Title/Abstract] OR ""dermatology""[Title/Abstract] OR ""dry skin""[Title/Abstract] OR ""epidermal""[Title/Abstract] OR ""epidermis""[Title/Abstract] OR ""humectant""[Title/Abstract] OR ""hydration""[Title/Abstract] OR ""keratinocyte""[Title/Abstract] OR ""moisture""[Title/Abstract] OR ""moisturising""[Title/Abstract] OR ""moisturizing""[Title/Abstract] OR ""occlusive""[Title/Abstract] OR ""skin""[Title/Abstract] OR ""skin barrier""[Title/Abstract] OR ""skin water content""[Title/Abstract] OR ""stratum corneum""[Title/Abstract] OR ""topical""[Title/Abstract] OR ""transepidermal water loss""[Title/Abstract] OR ""water loss""[Title/Abstract] OR ""xerosis""[Title/Abstract])",,0,,0,,,,,,,,0,[],no_expanded_pubmed_candidate,not_found,none,2026-07-12,mwbl-missing-effect-search-v1
potassium_lactate,포타슘락테이트,Potassium Lactate,effect_moisture_barrier,보습·장벽,"(""Potassium Lactate""[Title/Abstract]) AND (""barrier function""[Title/Abstract] OR ""corneocyte""[Title/Abstract] OR ""cosmetic""[Title/Abstract] OR ""cutaneous""[Title/Abstract] OR ""dermal""[Title/Abstract] OR ""dermatitis""[Title/Abstract] OR ""dermatology""[Title/Abstract] OR ""dry skin""[Title/Abstract] OR ""epidermal""[Title/Abstract] OR ""epidermis""[Title/Abstract] OR ""humectant""[Title/Abstract] OR ""hydration""[Title/Abstract] OR ""keratinocyte""[Title/Abstract] OR ""moisture""[Title/Abstract] OR ""moisturising""[Title/Abstract] OR ""moisturizing""[Title/Abstract] OR ""occlusive""[Title/Abstract] OR ""skin""[Title/Abstract] OR ""skin barrier""[Title/Abstract] OR ""skin water content""[Title/Abstract] OR ""stratum corneum""[Title/Abstract] OR ""topical""[Title/Abstract] OR ""transepidermal water loss""[Title/Abstract] OR ""water loss""[Title/Abstract] OR ""xerosis""[Title/Abstract])",42187473|40336661|38254592|34273783|27770674|26954161|25589078|23992500|22464763|21771099|21824133|20546412|15508630|15086563|11952214|10372299|3431377,17,22464763|21771099,2,4,human_topical_observational_or_use_test,abstract_exact,abstract_effect,human_topical,22464763,Decreased lactate and potassium levels in natural moisturizing factor from the stratum corneum of mild atopic dermatitis patients are involved with the reduced hydration state.,60,"[{""pmid"":""22464763"",""title"":""Decreased lactate and potassium levels in natural moisturizing factor from the stratum corneum of mild atopic dermatitis patients are involved with the reduced hydration state."",""tier"":4,""relation_scope"":""abstract_exact"",""effect_match_scope"":""abstract_effect"",""applicability"":""human_topical"",""signal_score"":60},{""pmid"":""21771099"",""title"":""Hydrating effect of potassium lactate is caused by increasing the interaction between water molecules and the serine residue of the stratum corneum protein."",""tier"":8,""relation_scope"":""title_exact"",""effect_match_scope"":""abstract_effect"",""applicability"":""reference_only"",""signal_score"":15}]",expanded_candidate_found,candidate_unverified,none,2026-07-12,mwbl-missing-effect-search-v1
potassium_methoxysalicylate,포타슘메톡시살리실레이트,Potassium Methoxysalicylate,effect_brightening,미백·톤,"(""Potassium Methoxysalicylate""[Title/Abstract]) AND (""corneocyte""[Title/Abstract] OR ""cosmetic""[Title/Abstract] OR ""cutaneous""[Title/Abstract] OR ""dark spot""[Title/Abstract] OR ""dermal""[Title/Abstract] OR ""dermatitis""[Title/Abstract] OR ""dermatology""[Title/Abstract] OR ""epidermal""[Title/Abstract] OR ""epidermis""[Title/Abstract] OR ""hyperpigmentation""[Title/Abstract] OR ""keratinocyte""[Title/Abstract] OR ""melanin""[Title/Abstract] OR ""melanogenesis""[Title/Abstract] OR ""melasma""[Title/Abstract] OR ""pigmentation""[Title/Abstract] OR ""skin""[Title/Abstract] OR ""skin lightening""[Title/Abstract] OR ""skin whitening""[Title/Abstract] OR ""stratum corneum""[Title/Abstract] OR ""topical""[Title/Abstract] OR ""tyrosinase""[Title/Abstract])",,0,,0,,,,,,,,0,[],no_expanded_pubmed_candidate,not_found,none,2026-07-12,mwbl-missing-effect-search-v1
potassium_pca,포타슘피씨에이,Potassium PCA,effect_moisture_barrier,보습·장벽,"(""Potassium PCA""[Title/Abstract]) AND (""barrier function""[Title/Abstract] OR ""corneocyte""[Title/Abstract] OR ""cosmetic""[Title/Abstract] OR ""cutaneous""[Title/Abstract] OR ""dermal""[Title/Abstract] OR ""dermatitis""[Title/Abstract] OR ""dermatology""[Title/Abstract] OR ""dry skin""[Title/Abstract] OR ""epidermal""[Title/Abstract] OR ""epidermis""[Title/Abstract] OR ""humectant""[Title/Abstract] OR ""hydration""[Title/Abstract] OR ""keratinocyte""[Title/Abstract] OR ""moisture""[Title/Abstract] OR ""moisturising""[Title/Abstract] OR ""moisturizing""[Title/Abstract] OR ""occlusive""[Title/Abstract] OR ""skin""[Title/Abstract] OR ""skin barrier""[Title/Abstract] OR ""skin water content""[Title/Abstract] OR ""stratum corneum""[Title/Abstract] OR ""topical""[Title/Abstract] OR ""transepidermal water loss""[Title/Abstract] OR ""water loss""[Title/Abstract] OR ""xerosis""[Title/Abstract])",,0,,0,,,,,,,,0,[],no_expanded_pubmed_candidate,not_found,none,2026-07-12,mwbl-missing-effect-search-v1
propylene_glycol_dicaprylate_dicaprate,프로필렌글라이콜다이카프릴레이트/다이카프레이트,Propylene Glycol Dicaprylate/Dicaprate,effect_moisture_barrier,보습·장벽,"(""Propylene Glycol Dicaprylate/Dicaprate""[Title/Abstract] OR ""propylene glycol dicaprylate dicaprate""[Title/Abstract]) AND (""barrier function""[Title/Abstract] OR ""corneocyte""[Title/Abstract] OR ""cosmetic""[Title/Abstract] OR ""cutaneous""[Title/Abstract] OR ""dermal""[Title/Abstract] OR ""dermatitis""[Title/Abstract] OR ""dermatology""[Title/Abstract] OR ""dry skin""[Title/Abstract] OR ""epidermal""[Title/Abstract] OR ""epidermis""[Title/Abstract] OR ""humectant""[Title/Abstract] OR ""hydration""[Title/Abstract] OR ""keratinocyte""[Title/Abstract] OR ""moisture""[Title/Abstract] OR ""moisturising""[Title/Abstract] OR ""moisturizing""[Title/Abstract] OR ""occlusive""[Title/Abstract] OR ""skin""[Title/Abstract] OR ""skin barrier""[Title/Abstract] OR ""skin water content""[Title/Abstract] OR ""stratum corneum""[Title/Abstract] OR ""topical""[Title/Abstract] OR ""transepidermal water loss""[Title/Abstract] OR ""water loss""[Title/Abstract] OR ""xerosis""[Title/Abstract])",17969118|16397742|15846476|15747689,4,,0,,,,,,,,0,[],no_expanded_pubmed_candidate,not_found,none,2026-07-12,mwbl-missing-effect-search-v1
prunus_armeniaca_apricot_juice,살구즙,Prunus Armeniaca (Apricot) Juice,effect_moisture_barrier,보습·장벽,"(""Prunus Armeniaca (Apricot) Juice""[Title/Abstract] OR ""prunus armeniaca apricot juice""[Title/Abstract]) AND (""barrier function""[Title/Abstract] OR ""corneocyte""[Title/Abstract] OR ""cosmetic""[Title/Abstract] OR ""cutaneous""[Title/Abstract] OR ""dermal""[Title/Abstract] OR ""dermatitis""[Title/Abstract] OR ""dermatology""[Title/Abstract] OR ""dry skin""[Title/Abstract] OR ""epidermal""[Title/Abstract] OR ""epidermis""[Title/Abstract] OR ""humectant""[Title/Abstract] OR ""hydration""[Title/Abstract] OR ""keratinocyte""[Title/Abstract] OR ""moisture""[Title/Abstract] OR ""moisturising""[Title/Abstract] OR ""moisturizing""[Title/Abstract] OR ""occlusive""[Title/Abstract] OR ""skin""[Title/Abstract] OR ""skin barrier""[Title/Abstract] OR ""skin water content""[Title/Abstract] OR ""stratum corneum""[Title/Abstract] OR ""topical""[Title/Abstract] OR ""transepidermal water loss""[Title/Abstract] OR ""water loss""[Title/Abstract] OR ""xerosis""[Title/Abstract])",,0,,0,,,,,,,,0,[],no_expanded_pubmed_candidate,not_found,none,2026-07-12,mwbl-missing-effect-search-v1
prunus_domestica_fruit_extract,서양자두추출물,Prunus Domestica Fruit Extract,effect_moisture_barrier,보습·장벽,"(""Prunus Domestica Fruit Extract""[Title/Abstract]) AND (""barrier function""[Title/Abstract] OR ""corneocyte""[Title/Abstract] OR ""cosmetic""[Title/Abstract] OR ""cutaneous""[Title/Abstract] OR ""dermal""[Title/Abstract] OR ""dermatitis""[Title/Abstract] OR ""dermatology""[Title/Abstract] OR ""dry skin""[Title/Abstract] OR ""epidermal""[Title/Abstract] OR ""epidermis""[Title/Abstract] OR ""humectant""[Title/Abstract] OR ""hydration""[Title/Abstract] OR ""keratinocyte""[Title/Abstract] OR ""moisture""[Title/Abstract] OR ""moisturising""[Title/Abstract] OR ""moisturizing""[Title/Abstract] OR ""occlusive""[Title/Abstract] OR ""skin""[Title/Abstract] OR ""skin barrier""[Title/Abstract] OR ""skin water content""[Title/Abstract] OR ""stratum corneum""[Title/Abstract] OR ""topical""[Title/Abstract] OR ""transepidermal water loss""[Title/Abstract] OR ""water loss""[Title/Abstract] OR ""xerosis""[Title/Abstract])",,0,,0,,,,,,,,0,[],no_expanded_pubmed_candidate,not_found,none,2026-07-12,mwbl-missing-effect-search-v1
prunus_mume_fruit_extract,매실추출물,Prunus Mume Fruit Extract,effect_moisture_barrier,보습·장벽,"(""Prunus Mume Fruit Extract""[Title/Abstract]) AND (""barrier function""[Title/Abstract] OR ""corneocyte""[Title/Abstract] OR ""cosmetic""[Title/Abstract] OR ""cutaneous""[Title/Abstract] OR ""dermal""[Title/Abstract] OR ""dermatitis""[Title/Abstract] OR ""dermatology""[Title/Abstract] OR ""dry skin""[Title/Abstract] OR ""epidermal""[Title/Abstract] OR ""epidermis""[Title/Abstract] OR ""humectant""[Title/Abstract] OR ""hydration""[Title/Abstract] OR ""keratinocyte""[Title/Abstract] OR ""moisture""[Title/Abstract] OR ""moisturising""[Title/Abstract] OR ""moisturizing""[Title/Abstract] OR ""occlusive""[Title/Abstract] OR ""skin""[Title/Abstract] OR ""skin barrier""[Title/Abstract] OR ""skin water content""[Title/Abstract] OR ""stratum corneum""[Title/Abstract] OR ""topical""[Title/Abstract] OR ""transepidermal water loss""[Title/Abstract] OR ""water loss""[Title/Abstract] OR ""xerosis""[Title/Abstract])",,0,,0,,,,,,,,0,[],no_expanded_pubmed_candidate,not_found,none,2026-07-12,mwbl-missing-effect-search-v1
prunus_persica_peach_flower_extract,복사나무꽃추출물,Prunus Persica (Peach) Flower Extract,effect_moisture_barrier,보습·장벽,"(""Prunus Persica (Peach) Flower Extract""[Title/Abstract] OR ""prunus persica peach flower extract""[Title/Abstract]) AND (""barrier function""[Title/Abstract] OR ""corneocyte""[Title/Abstract] OR ""cosmetic""[Title/Abstract] OR ""cutaneous""[Title/Abstract] OR ""dermal""[Title/Abstract] OR ""dermatitis""[Title/Abstract] OR ""dermatology""[Title/Abstract] OR ""dry skin""[Title/Abstract] OR ""epidermal""[Title/Abstract] OR ""epidermis""[Title/Abstract] OR ""humectant""[Title/Abstract] OR ""hydration""[Title/Abstract] OR ""keratinocyte""[Title/Abstract] OR ""moisture""[Title/Abstract] OR ""moisturising""[Title/Abstract] OR ""moisturizing""[Title/Abstract] OR ""occlusive""[Title/Abstract] OR ""skin""[Title/Abstract] OR ""skin barrier""[Title/Abstract] OR ""skin water content""[Title/Abstract] OR ""stratum corneum""[Title/Abstract] OR ""topical""[Title/Abstract] OR ""transepidermal water loss""[Title/Abstract] OR ""water loss""[Title/Abstract] OR ""xerosis""[Title/Abstract])",,0,,0,,,,,,,,0,[],no_expanded_pubmed_candidate,not_found,none,2026-07-12,mwbl-missing-effect-search-v1
prunus_persica_peach_fruit_extract,복숭아추출물,Prunus Persica (Peach) Fruit Extract,effect_moisture_barrier,보습·장벽,"(""Prunus Persica (Peach) Fruit Extract""[Title/Abstract] OR ""prunus persica peach fruit extract""[Title/Abstract]) AND (""barrier function""[Title/Abstract] OR ""corneocyte""[Title/Abstract] OR ""cosmetic""[Title/Abstract] OR ""cutaneous""[Title/Abstract] OR ""dermal""[Title/Abstract] OR ""dermatitis""[Title/Abstract] OR ""dermatology""[Title/Abstract] OR ""dry skin""[Title/Abstract] OR ""epidermal""[Title/Abstract] OR ""epidermis""[Title/Abstract] OR ""humectant""[Title/Abstract] OR ""hydration""[Title/Abstract] OR ""keratinocyte""[Title/Abstract] OR ""moisture""[Title/Abstract] OR ""moisturising""[Title/Abstract] OR ""moisturizing""[Title/Abstract] OR ""occlusive""[Title/Abstract] OR ""skin""[Title/Abstract] OR ""skin barrier""[Title/Abstract] OR ""skin water content""[Title/Abstract] OR ""stratum corneum""[Title/Abstract] OR ""topical""[Title/Abstract] OR ""transepidermal water loss""[Title/Abstract] OR ""water loss""[Title/Abstract] OR ""xerosis""[Title/Abstract])",,0,,0,,,,,,,,0,[],no_expanded_pubmed_candidate,not_found,none,2026-07-12,mwbl-missing-effect-search-v1
prunus_persica_peach_juice,복숭아즙,Prunus Persica (Peach) Juice,effect_moisture_barrier,보습·장벽,"(""Prunus Persica (Peach) Juice""[Title/Abstract] OR ""prunus persica peach juice""[Title/Abstract]) AND (""barrier function""[Title/Abstract] OR ""corneocyte""[Title/Abstract] OR ""cosmetic""[Title/Abstract] OR ""cutaneous""[Title/Abstract] OR ""dermal""[Title/Abstract] OR ""dermatitis""[Title/Abstract] OR ""dermatology""[Title/Abstract] OR ""dry skin""[Title/Abstract] OR ""epidermal""[Title/Abstract] OR ""epidermis""[Title/Abstract] OR ""humectant""[Title/Abstract] OR ""hydration""[Title/Abstract] OR ""keratinocyte""[Title/Abstract] OR ""moisture""[Title/Abstract] OR ""moisturising""[Title/Abstract] OR ""moisturizing""[Title/Abstract] OR ""occlusive""[Title/Abstract] OR ""skin""[Title/Abstract] OR ""skin barrier""[Title/Abstract] OR ""skin water content""[Title/Abstract] OR ""stratum corneum""[Title/Abstract] OR ""topical""[Title/Abstract] OR ""transepidermal water loss""[Title/Abstract] OR ""water loss""[Title/Abstract] OR ""xerosis""[Title/Abstract])",,0,,0,,,,,,,,0,[],no_expanded_pubmed_candidate,not_found,none,2026-07-12,mwbl-missing-effect-search-v1
prunus_persica_peach_kernel_extract,복숭아씨추출물,Prunus Persica (Peach) Kernel Extract,effect_moisture_barrier,보습·장벽,"(""Prunus Persica (Peach) Kernel Extract""[Title/Abstract] OR ""prunus persica peach kernel extract""[Title/Abstract]) AND (""barrier function""[Title/Abstract] OR ""corneocyte""[Title/Abstract] OR ""cosmetic""[Title/Abstract] OR ""cutaneous""[Title/Abstract] OR ""dermal""[Title/Abstract] OR ""dermatitis""[Title/Abstract] OR ""dermatology""[Title/Abstract] OR ""dry skin""[Title/Abstract] OR ""epidermal""[Title/Abstract] OR ""epidermis""[Title/Abstract] OR ""humectant""[Title/Abstract] OR ""hydration""[Title/Abstract] OR ""keratinocyte""[Title/Abstract] OR ""moisture""[Title/Abstract] OR ""moisturising""[Title/Abstract] OR ""moisturizing""[Title/Abstract] OR ""occlusive""[Title/Abstract] OR ""skin""[Title/Abstract] OR ""skin barrier""[Title/Abstract] OR ""skin water content""[Title/Abstract] OR ""stratum corneum""[Title/Abstract] OR ""topical""[Title/Abstract] OR ""transepidermal water loss""[Title/Abstract] OR ""water loss""[Title/Abstract] OR ""xerosis""[Title/Abstract])",,0,,0,,,,,,,,0,[],no_expanded_pubmed_candidate,not_found,none,2026-07-12,mwbl-missing-effect-search-v1
prunus_persica_peach_leaf_extract,복사나무잎추출물,Prunus Persica (Peach) Leaf Extract,effect_moisture_barrier,보습·장벽,"(""Prunus Persica (Peach) Leaf Extract""[Title/Abstract] OR ""prunus persica peach leaf extract""[Title/Abstract]) AND (""barrier function""[Title/Abstract] OR ""corneocyte""[Title/Abstract] OR ""cosmetic""[Title/Abstract] OR ""cutaneous""[Title/Abstract] OR ""dermal""[Title/Abstract] OR ""dermatitis""[Title/Abstract] OR ""dermatology""[Title/Abstract] OR ""dry skin""[Title/Abstract] OR ""epidermal""[Title/Abstract] OR ""epidermis""[Title/Abstract] OR ""humectant""[Title/Abstract] OR ""hydration""[Title/Abstract] OR ""keratinocyte""[Title/Abstract] OR ""moisture""[Title/Abstract] OR ""moisturising""[Title/Abstract] OR ""moisturizing""[Title/Abstract] OR ""occlusive""[Title/Abstract] OR ""skin""[Title/Abstract] OR ""skin barrier""[Title/Abstract] OR ""skin water content""[Title/Abstract] OR ""stratum corneum""[Title/Abstract] OR ""topical""[Title/Abstract] OR ""transepidermal water loss""[Title/Abstract] OR ""water loss""[Title/Abstract] OR ""xerosis""[Title/Abstract])",,0,,0,,,,,,,,0,[],no_expanded_pubmed_candidate,not_found,none,2026-07-12,mwbl-missing-effect-search-v1
prunus_serotina_wild_cherry_bark_extract,블랙체리나무껍질추출물,Prunus Serotina (Wild Cherry) Bark Extract,effect_moisture_barrier,보습·장벽,"(""Prunus Serotina (Wild Cherry) Bark Extract""[Title/Abstract] OR ""prunus serotina wild cherry bark extract""[Title/Abstract]) AND (""barrier function""[Title/Abstract] OR ""corneocyte""[Title/Abstract] OR ""cosmetic""[Title/Abstract] OR ""cutaneous""[Title/Abstract] OR ""dermal""[Title/Abstract] OR ""dermatitis""[Title/Abstract] OR ""dermatology""[Title/Abstract] OR ""dry skin""[Title/Abstract] OR ""epidermal""[Title/Abstract] OR ""epidermis""[Title/Abstract] OR ""humectant""[Title/Abstract] OR ""hydration""[Title/Abstract] OR ""keratinocyte""[Title/Abstract] OR ""moisture""[Title/Abstract] OR ""moisturising""[Title/Abstract] OR ""moisturizing""[Title/Abstract] OR ""occlusive""[Title/Abstract] OR ""skin""[Title/Abstract] OR ""skin barrier""[Title/Abstract] OR ""skin water content""[Title/Abstract] OR ""stratum corneum""[Title/Abstract] OR ""topical""[Title/Abstract] OR ""transepidermal water loss""[Title/Abstract] OR ""water loss""[Title/Abstract] OR ""xerosis""[Title/Abstract])",,0,,0,,,,,,,,0,[],no_expanded_pubmed_candidate,not_found,none,2026-07-12,mwbl-missing-effect-search-v1
prunus_serotina_wild_cherry_fruit_extract,블랙체리열매추출물,Prunus Serotina (Wild Cherry) Fruit Extract,effect_moisture_barrier,보습·장벽,"(""Prunus Serotina (Wild Cherry) Fruit Extract""[Title/Abstract] OR ""prunus serotina wild cherry fruit extract""[Title/Abstract]) AND (""barrier function""[Title/Abstract] OR ""corneocyte""[Title/Abstract] OR ""cosmetic""[Title/Abstract] OR ""cutaneous""[Title/Abstract] OR ""dermal""[Title/Abstract] OR ""dermatitis""[Title/Abstract] OR ""dermatology""[Title/Abstract] OR ""dry skin""[Title/Abstract] OR ""epidermal""[Title/Abstract] OR ""epidermis""[Title/Abstract] OR ""humectant""[Title/Abstract] OR ""hydration""[Title/Abstract] OR ""keratinocyte""[Title/Abstract] OR ""moisture""[Title/Abstract] OR ""moisturising""[Title/Abstract] OR ""moisturizing""[Title/Abstract] OR ""occlusive""[Title/Abstract] OR ""skin""[Title/Abstract] OR ""skin barrier""[Title/Abstract] OR ""skin water content""[Title/Abstract] OR ""stratum corneum""[Title/Abstract] OR ""topical""[Title/Abstract] OR ""transepidermal water loss""[Title/Abstract] OR ""water loss""[Title/Abstract] OR ""xerosis""[Title/Abstract])",,0,,0,,,,,,,,0,[],no_expanded_pubmed_candidate,not_found,none,2026-07-12,mwbl-missing-effect-search-v1
prunus_speciosa_flower_extract,오시마체리꽃추출물,Prunus Speciosa Flower Extract,effect_moisture_barrier,보습·장벽,"(""Prunus Speciosa Flower Extract""[Title/Abstract]) AND (""barrier function""[Title/Abstract] OR ""corneocyte""[Title/Abstract] OR ""cosmetic""[Title/Abstract] OR ""cutaneous""[Title/Abstract] OR ""dermal""[Title/Abstract] OR ""dermatitis""[Title/Abstract] OR ""dermatology""[Title/Abstract] OR ""dry skin""[Title/Abstract] OR ""epidermal""[Title/Abstract] OR ""epidermis""[Title/Abstract] OR ""humectant""[Title/Abstract] OR ""hydration""[Title/Abstract] OR ""keratinocyte""[Title/Abstract] OR ""moisture""[Title/Abstract] OR ""moisturising""[Title/Abstract] OR ""moisturizing""[Title/Abstract] OR ""occlusive""[Title/Abstract] OR ""skin""[Title/Abstract] OR ""skin barrier""[Title/Abstract] OR ""skin water content""[Title/Abstract] OR ""stratum corneum""[Title/Abstract] OR ""topical""[Title/Abstract] OR ""transepidermal water loss""[Title/Abstract] OR ""water loss""[Title/Abstract] OR ""xerosis""[Title/Abstract])",,0,,0,,,,,,,,0,[],no_expanded_pubmed_candidate,not_found,none,2026-07-12,mwbl-missing-effect-search-v1
pseudoalteromonas_ferment_extract,슈도알테로모나스발효추출물,Pseudoalteromonas Ferment Extract,effect_moisture_barrier,보습·장벽,"(""Pseudoalteromonas Ferment Extract""[Title/Abstract]) AND (""barrier function""[Title/Abstract] OR ""corneocyte""[Title/Abstract] OR ""cosmetic""[Title/Abstract] OR ""cutaneous""[Title/Abstract] OR ""dermal""[Title/Abstract] OR ""dermatitis""[Title/Abstract] OR ""dermatology""[Title/Abstract] OR ""dry skin""[Title/Abstract] OR ""epidermal""[Title/Abstract] OR ""epidermis""[Title/Abstract] OR ""humectant""[Title/Abstract] OR ""hydration""[Title/Abstract] OR ""keratinocyte""[Title/Abstract] OR ""moisture""[Title/Abstract] OR ""moisturising""[Title/Abstract] OR ""moisturizing""[Title/Abstract] OR ""occlusive""[Title/Abstract] OR ""skin""[Title/Abstract] OR ""skin barrier""[Title/Abstract] OR ""skin water content""[Title/Abstract] OR ""stratum corneum""[Title/Abstract] OR ""topical""[Title/Abstract] OR ""transepidermal water loss""[Title/Abstract] OR ""water loss""[Title/Abstract] OR ""xerosis""[Title/Abstract])",,0,,0,,,,,,,,0,[],no_expanded_pubmed_candidate,not_found,none,2026-07-12,mwbl-missing-effect-search-v1
pseudozyma_epicola_camellia_sinensis_seed_oil_ferment_kcia_22536,슈도지마 에피콜라/녹차씨오일발효추출여과물,Pseudozyma Epicola/Camellia Sinensis Seed Oil Ferment Extract Filtrate,effect_moisture_barrier,보습·장벽,"(""Pseudozyma Epicola/Camellia Sinensis Seed Oil Ferment Extract Filtrate""[Title/Abstract] OR ""pseudozyma epicola camellia sinensis seed oil ferment kcia 22536""[Title/Abstract]) AND (""barrier function""[Title/Abstract] OR ""corneocyte""[Title/Abstract] OR ""cosmetic""[Title/Abstract] OR ""cutaneous""[Title/Abstract] OR ""dermal""[Title/Abstract] OR ""dermatitis""[Title/Abstract] OR ""dermatology""[Title/Abstract] OR ""dry skin""[Title/Abstract] OR ""epidermal""[Title/Abstract] OR ""epidermis""[Title/Abstract] OR ""humectant""[Title/Abstract] OR ""hydration""[Title/Abstract] OR ""keratinocyte""[Title/Abstract] OR ""moisture""[Title/Abstract] OR ""moisturising""[Title/Abstract] OR ""moisturizing""[Title/Abstract] OR ""occlusive""[Title/Abstract] OR ""skin""[Title/Abstract] OR ""skin barrier""[Title/Abstract] OR ""skin water content""[Title/Abstract] OR ""stratum corneum""[Title/Abstract] OR ""topical""[Title/Abstract] OR ""transepidermal water loss""[Title/Abstract] OR ""water loss""[Title/Abstract] OR ""xerosis""[Title/Abstract])",,0,,0,,,,,,,,0,[],no_expanded_pubmed_candidate,not_found,none,2026-07-12,mwbl-missing-effect-search-v1
pueraria_lobata_root_extract,칡뿌리추출물,Pueraria Lobata Root Extract,effect_moisture_barrier,보습·장벽,"(""Pueraria Lobata Root Extract""[Title/Abstract]) AND (""barrier function""[Title/Abstract] OR ""corneocyte""[Title/Abstract] OR ""cosmetic""[Title/Abstract] OR ""cutaneous""[Title/Abstract] OR ""dermal""[Title/Abstract] OR ""dermatitis""[Title/Abstract] OR ""dermatology""[Title/Abstract] OR ""dry skin""[Title/Abstract] OR ""epidermal""[Title/Abstract] OR ""epidermis""[Title/Abstract] OR ""humectant""[Title/Abstract] OR ""hydration""[Title/Abstract] OR ""keratinocyte""[Title/Abstract] OR ""moisture""[Title/Abstract] OR ""moisturising""[Title/Abstract] OR ""moisturizing""[Title/Abstract] OR ""occlusive""[Title/Abstract] OR ""skin""[Title/Abstract] OR ""skin barrier""[Title/Abstract] OR ""skin water content""[Title/Abstract] OR ""stratum corneum""[Title/Abstract] OR ""topical""[Title/Abstract] OR ""transepidermal water loss""[Title/Abstract] OR ""water loss""[Title/Abstract] OR ""xerosis""[Title/Abstract])",41520245,1,,0,,,,,,,,0,[],no_expanded_pubmed_candidate,not_found,none,2026-07-12,mwbl-missing-effect-search-v1
quillaja_saponaria_bark_extract,퀼라자껍질추출물,Quillaja Saponaria Bark Extract,effect_acne_sebum,여드름·피지,"(""Quillaja Saponaria Bark Extract""[Title/Abstract]) AND (""acne""[Title/Abstract] OR ""barrier function""[Title/Abstract] OR ""comedogenic""[Title/Abstract] OR ""comedone""[Title/Abstract] OR ""corneocyte""[Title/Abstract] OR ""cosmetic""[Title/Abstract] OR ""cutaneous""[Title/Abstract] OR ""cutibacterium acnes""[Title/Abstract] OR ""dermal""[Title/Abstract] OR ""dermatitis""[Title/Abstract] OR ""dermatology""[Title/Abstract] OR ""dry skin""[Title/Abstract] OR ""epidermal""[Title/Abstract] OR ""epidermis""[Title/Abstract] OR ""humectant""[Title/Abstract] OR ""hydration""[Title/Abstract] OR ""keratinocyte""[Title/Abstract] OR ""moisture""[Title/Abstract] OR ""moisturising""[Title/Abstract] OR ""moisturizing""[Title/Abstract] OR ""occlusive""[Title/Abstract] OR ""propionibacterium acnes""[Title/Abstract] OR ""sebaceous""[Title/Abstract] OR ""sebum""[Title/Abstract] OR ""skin""[Title/Abstract] OR ""skin barrier""[Title/Abstract] OR ""skin water content""[Title/Abstract] OR ""stratum corneum""[Title/Abstract] OR ""topical""[Title/Abstract] OR ""transepidermal water loss""[Title/Abstract] OR ""water loss""[Title/Abstract] OR ""xerosis""[Title/Abstract])",,0,,0,,,,,,,,0,[],no_expanded_pubmed_candidate,not_found,none,2026-07-12,mwbl-missing-effect-search-v1
quillaja_saponaria_bark_extract,퀼라자껍질추출물,Quillaja Saponaria Bark Extract,effect_moisture_barrier,보습·장벽,"(""Quillaja Saponaria Bark Extract""[Title/Abstract]) AND (""acne""[Title/Abstract] OR ""barrier function""[Title/Abstract] OR ""comedogenic""[Title/Abstract] OR ""comedone""[Title/Abstract] OR ""corneocyte""[Title/Abstract] OR ""cosmetic""[Title/Abstract] OR ""cutaneous""[Title/Abstract] OR ""cutibacterium acnes""[Title/Abstract] OR ""dermal""[Title/Abstract] OR ""dermatitis""[Title/Abstract] OR ""dermatology""[Title/Abstract] OR ""dry skin""[Title/Abstract] OR ""epidermal""[Title/Abstract] OR ""epidermis""[Title/Abstract] OR ""humectant""[Title/Abstract] OR ""hydration""[Title/Abstract] OR ""keratinocyte""[Title/Abstract] OR ""moisture""[Title/Abstract] OR ""moisturising""[Title/Abstract] OR ""moisturizing""[Title/Abstract] OR ""occlusive""[Title/Abstract] OR ""propionibacterium acnes""[Title/Abstract] OR ""sebaceous""[Title/Abstract] OR ""sebum""[Title/Abstract] OR ""skin""[Title/Abstract] OR ""skin barrier""[Title/Abstract] OR ""skin water content""[Title/Abstract] OR ""stratum corneum""[Title/Abstract] OR ""topical""[Title/Abstract] OR ""transepidermal water loss""[Title/Abstract] OR ""water loss""[Title/Abstract] OR ""xerosis""[Title/Abstract])",,0,,0,,,,,,,,0,[],no_expanded_pubmed_candidate,not_found,none,2026-07-12,mwbl-missing-effect-search-v1
rhododendron_chrysanthum_leaf_extract,노랑만병초잎추출물,Rhododendron Chrysanthum Leaf Extract,effect_calming,진정,"(""Rhododendron Chrysanthum Leaf Extract""[Title/Abstract]) AND (""anti-inflammatory""[Title/Abstract] OR ""barrier function""[Title/Abstract] OR ""corneocyte""[Title/Abstract] OR ""cosmetic""[Title/Abstract] OR ""cutaneous""[Title/Abstract] OR ""dermal""[Title/Abstract] OR ""dermatitis""[Title/Abstract] OR ""dermatology""[Title/Abstract] OR ""dry skin""[Title/Abstract] OR ""epidermal""[Title/Abstract] OR ""epidermis""[Title/Abstract] OR ""erythema""[Title/Abstract] OR ""humectant""[Title/Abstract] OR ""hydration""[Title/Abstract] OR ""inflammation""[Title/Abstract] OR ""irritation""[Title/Abstract] OR ""keratinocyte""[Title/Abstract] OR ""moisture""[Title/Abstract] OR ""moisturising""[Title/Abstract] OR ""moisturizing""[Title/Abstract] OR ""occlusive""[Title/Abstract] OR ""pruritus""[Title/Abstract] OR ""redness""[Title/Abstract] OR ""sensitive skin""[Title/Abstract] OR ""skin""[Title/Abstract] OR ""skin barrier""[Title/Abstract] OR ""skin water content""[Title/Abstract] OR ""stratum corneum""[Title/Abstract] OR ""topical""[Title/Abstract] OR ""transepidermal water loss""[Title/Abstract] OR ""water loss""[Title/Abstract] OR ""wound healing""[Title/Abstract] OR ""xerosis""[Title/Abstract])",,0,,0,,,,,,,,0,[],no_expanded_pubmed_candidate,not_found,none,2026-07-12,mwbl-missing-effect-search-v1
rhododendron_chrysanthum_leaf_extract,노랑만병초잎추출물,Rhododendron Chrysanthum Leaf Extract,effect_moisture_barrier,보습·장벽,"(""Rhododendron Chrysanthum Leaf Extract""[Title/Abstract]) AND (""anti-inflammatory""[Title/Abstract] OR ""barrier function""[Title/Abstract] OR ""corneocyte""[Title/Abstract] OR ""cosmetic""[Title/Abstract] OR ""cutaneous""[Title/Abstract] OR ""dermal""[Title/Abstract] OR ""dermatitis""[Title/Abstract] OR ""dermatology""[Title/Abstract] OR ""dry skin""[Title/Abstract] OR ""epidermal""[Title/Abstract] OR ""epidermis""[Title/Abstract] OR ""erythema""[Title/Abstract] OR ""humectant""[Title/Abstract] OR ""hydration""[Title/Abstract] OR ""inflammation""[Title/Abstract] OR ""irritation""[Title/Abstract] OR ""keratinocyte""[Title/Abstract] OR ""moisture""[Title/Abstract] OR ""moisturising""[Title/Abstract] OR ""moisturizing""[Title/Abstract] OR ""occlusive""[Title/Abstract] OR ""pruritus""[Title/Abstract] OR ""redness""[Title/Abstract] OR ""sensitive skin""[Title/Abstract] OR ""skin""[Title/Abstract] OR ""skin barrier""[Title/Abstract] OR ""skin water content""[Title/Abstract] OR ""stratum corneum""[Title/Abstract] OR ""topical""[Title/Abstract] OR ""transepidermal water loss""[Title/Abstract] OR ""water loss""[Title/Abstract] OR ""wound healing""[Title/Abstract] OR ""xerosis""[Title/Abstract])",,0,,0,,,,,,,,0,[],no_expanded_pubmed_candidate,not_found,none,2026-07-12,mwbl-missing-effect-search-v1
rhodomyrtus_tomentosa_fruit_extract,도금양열매추출물,Rhodomyrtus Tomentosa Fruit Extract,effect_moisture_barrier,보습·장벽,"(""Rhodomyrtus Tomentosa Fruit Extract""[Title/Abstract]) AND (""barrier function""[Title/Abstract] OR ""corneocyte""[Title/Abstract] OR ""cosmetic""[Title/Abstract] OR ""cutaneous""[Title/Abstract] OR ""dermal""[Title/Abstract] OR ""dermatitis""[Title/Abstract] OR ""dermatology""[Title/Abstract] OR ""dry skin""[Title/Abstract] OR ""epidermal""[Title/Abstract] OR ""epidermis""[Title/Abstract] OR ""humectant""[Title/Abstract] OR ""hydration""[Title/Abstract] OR ""keratinocyte""[Title/Abstract] OR ""moisture""[Title/Abstract] OR ""moisturising""[Title/Abstract] OR ""moisturizing""[Title/Abstract] OR ""occlusive""[Title/Abstract] OR ""skin""[Title/Abstract] OR ""skin barrier""[Title/Abstract] OR ""skin water content""[Title/Abstract] OR ""stratum corneum""[Title/Abstract] OR ""topical""[Title/Abstract] OR ""transepidermal water loss""[Title/Abstract] OR ""water loss""[Title/Abstract] OR ""xerosis""[Title/Abstract])",,0,,0,,,,,,,,0,[],no_expanded_pubmed_candidate,not_found,none,2026-07-12,mwbl-missing-effect-search-v1
rosa_canina_fruit_oil,로즈힙열매오일,Rosa Canina Fruit Oil,effect_moisture_barrier,보습·장벽,"(""Rosa Canina Fruit Oil""[Title/Abstract]) AND (""barrier function""[Title/Abstract] OR ""corneocyte""[Title/Abstract] OR ""cosmetic""[Title/Abstract] OR ""cutaneous""[Title/Abstract] OR ""dermal""[Title/Abstract] OR ""dermatitis""[Title/Abstract] OR ""dermatology""[Title/Abstract] OR ""dry skin""[Title/Abstract] OR ""epidermal""[Title/Abstract] OR ""epidermis""[Title/Abstract] OR ""humectant""[Title/Abstract] OR ""hydration""[Title/Abstract] OR ""keratinocyte""[Title/Abstract] OR ""moisture""[Title/Abstract] OR ""moisturising""[Title/Abstract] OR ""moisturizing""[Title/Abstract] OR ""occlusive""[Title/Abstract] OR ""skin""[Title/Abstract] OR ""skin barrier""[Title/Abstract] OR ""skin water content""[Title/Abstract] OR ""stratum corneum""[Title/Abstract] OR ""topical""[Title/Abstract] OR ""transepidermal water loss""[Title/Abstract] OR ""water loss""[Title/Abstract] OR ""xerosis""[Title/Abstract])",30022513,1,,0,,,,,,,,0,[],no_expanded_pubmed_candidate,not_found,none,2026-07-12,mwbl-missing-effect-search-v1
rosa_canina_seed_extract,로즈힙씨추출물,Rosa Canina Seed Extract,effect_moisture_barrier,보습·장벽,"(""Rosa Canina Seed Extract""[Title/Abstract]) AND (""barrier function""[Title/Abstract] OR ""corneocyte""[Title/Abstract] OR ""cosmetic""[Title/Abstract] OR ""cutaneous""[Title/Abstract] OR ""dermal""[Title/Abstract] OR ""dermatitis""[Title/Abstract] OR ""dermatology""[Title/Abstract] OR ""dry skin""[Title/Abstract] OR ""epidermal""[Title/Abstract] OR ""epidermis""[Title/Abstract] OR ""humectant""[Title/Abstract] OR ""hydration""[Title/Abstract] OR ""keratinocyte""[Title/Abstract] OR ""moisture""[Title/Abstract] OR ""moisturising""[Title/Abstract] OR ""moisturizing""[Title/Abstract] OR ""occlusive""[Title/Abstract] OR ""skin""[Title/Abstract] OR ""skin barrier""[Title/Abstract] OR ""skin water content""[Title/Abstract] OR ""stratum corneum""[Title/Abstract] OR ""topical""[Title/Abstract] OR ""transepidermal water loss""[Title/Abstract] OR ""water loss""[Title/Abstract] OR ""xerosis""[Title/Abstract])",,0,,0,,,,,,,,0,[],no_expanded_pubmed_candidate,not_found,none,2026-07-12,mwbl-missing-effect-search-v1
rosa_damascena_flower_water,다마스크장미꽃수,Rosa Damascena Flower Water,effect_moisture_barrier,보습·장벽,"(""Rosa Damascena Flower Water""[Title/Abstract]) AND (""barrier function""[Title/Abstract] OR ""corneocyte""[Title/Abstract] OR ""cosmetic""[Title/Abstract] OR ""cutaneous""[Title/Abstract] OR ""dermal""[Title/Abstract] OR ""dermatitis""[Title/Abstract] OR ""dermatology""[Title/Abstract] OR ""dry skin""[Title/Abstract] OR ""epidermal""[Title/Abstract] OR ""epidermis""[Title/Abstract] OR ""humectant""[Title/Abstract] OR ""hydration""[Title/Abstract] OR ""keratinocyte""[Title/Abstract] OR ""moisture""[Title/Abstract] OR ""moisturising""[Title/Abstract] OR ""moisturizing""[Title/Abstract] OR ""occlusive""[Title/Abstract] OR ""skin""[Title/Abstract] OR ""skin barrier""[Title/Abstract] OR ""skin water content""[Title/Abstract] OR ""stratum corneum""[Title/Abstract] OR ""topical""[Title/Abstract] OR ""transepidermal water loss""[Title/Abstract] OR ""water loss""[Title/Abstract] OR ""xerosis""[Title/Abstract])",,0,,0,,,,,,,,0,[],no_expanded_pubmed_candidate,not_found,none,2026-07-12,mwbl-missing-effect-search-v1
rubus_idaeus_raspberry_fruit_extract,라즈베리추출물,Rubus Idaeus (Raspberry) Fruit Extract,effect_exfoliation,각질,"(""Rubus Idaeus (Raspberry) Fruit Extract""[Title/Abstract] OR ""rubus idaeus raspberry fruit extract""[Title/Abstract]) AND (""cell turnover""[Title/Abstract] OR ""corneocyte""[Title/Abstract] OR ""cosmetic""[Title/Abstract] OR ""cutaneous""[Title/Abstract] OR ""dermal""[Title/Abstract] OR ""dermatitis""[Title/Abstract] OR ""dermatology""[Title/Abstract] OR ""desquamation""[Title/Abstract] OR ""epidermal""[Title/Abstract] OR ""epidermis""[Title/Abstract] OR ""exfoliation""[Title/Abstract] OR ""keratinization""[Title/Abstract] OR ""keratinocyte""[Title/Abstract] OR ""peeling""[Title/Abstract] OR ""skin""[Title/Abstract] OR ""skin roughness""[Title/Abstract] OR ""stratum corneum""[Title/Abstract] OR ""topical""[Title/Abstract])",,0,,0,,,,,,,,0,[],no_expanded_pubmed_candidate,not_found,none,2026-07-12,mwbl-missing-effect-search-v1
ruscus_aculeatus_root_extract,부처스브룸뿌리추출물,Ruscus Aculeatus Root Extract,effect_calming,진정,"(""Ruscus Aculeatus Root Extract""[Title/Abstract]) AND (""anti-inflammatory""[Title/Abstract] OR ""corneocyte""[Title/Abstract] OR ""cosmetic""[Title/Abstract] OR ""cutaneous""[Title/Abstract] OR ""dermal""[Title/Abstract] OR ""dermatitis""[Title/Abstract] OR ""dermatology""[Title/Abstract] OR ""epidermal""[Title/Abstract] OR ""epidermis""[Title/Abstract] OR ""erythema""[Title/Abstract] OR ""inflammation""[Title/Abstract] OR ""irritation""[Title/Abstract] OR ""keratinocyte""[Title/Abstract] OR ""pruritus""[Title/Abstract] OR ""redness""[Title/Abstract] OR ""sensitive skin""[Title/Abstract] OR ""skin""[Title/Abstract] OR ""stratum corneum""[Title/Abstract] OR ""topical""[Title/Abstract] OR ""wound healing""[Title/Abstract])",,0,,0,,,,,,,,0,[],no_expanded_pubmed_candidate,not_found,none,2026-07-12,mwbl-missing-effect-search-v1
saccharide_hydrolysate,사카라이드하이드롤리세이트,Saccharide Hydrolysate,effect_moisture_barrier,보습·장벽,"(""Saccharide Hydrolysate""[Title/Abstract]) AND (""barrier function""[Title/Abstract] OR ""corneocyte""[Title/Abstract] OR ""cosmetic""[Title/Abstract] OR ""cutaneous""[Title/Abstract] OR ""dermal""[Title/Abstract] OR ""dermatitis""[Title/Abstract] OR ""dermatology""[Title/Abstract] OR ""dry skin""[Title/Abstract] OR ""epidermal""[Title/Abstract] OR ""epidermis""[Title/Abstract] OR ""humectant""[Title/Abstract] OR ""hydration""[Title/Abstract] OR ""keratinocyte""[Title/Abstract] OR ""moisture""[Title/Abstract] OR ""moisturising""[Title/Abstract] OR ""moisturizing""[Title/Abstract] OR ""occlusive""[Title/Abstract] OR ""skin""[Title/Abstract] OR ""skin barrier""[Title/Abstract] OR ""skin water content""[Title/Abstract] OR ""stratum corneum""[Title/Abstract] OR ""topical""[Title/Abstract] OR ""transepidermal water loss""[Title/Abstract] OR ""water loss""[Title/Abstract] OR ""xerosis""[Title/Abstract])",41243164,1,41243164,1,8,review_or_reference,title_exact,abstract_effect,reference_only,41243164,"Safety Assessment of Anhydrogalactose, Anhydroglucitol, Anhydroxylitol, Arabinose, Psicose, Saccharide Hydrolysate, and Saccharide Isomerate as Used in Cosmetics.",15,"[{""pmid"":""41243164"",""title"":""Safety Assessment of Anhydrogalactose, Anhydroglucitol, Anhydroxylitol, Arabinose, Psicose, Saccharide Hydrolysate, and Saccharide Isomerate as Used in Cosmetics."",""tier"":8,""relation_scope"":""title_exact"",""effect_match_scope"":""abstract_effect"",""applicability"":""reference_only"",""signal_score"":15}]",expanded_candidate_found,candidate_unverified,none,2026-07-12,mwbl-missing-effect-search-v1
saccharomyces_barley_seed_ferment_filtrate,효모/보리씨발효여과물,Saccharomyces/Barley Seed Ferment Filtrate,effect_moisture_barrier,보습·장벽,"(""Saccharomyces/Barley Seed Ferment Filtrate""[Title/Abstract] OR ""saccharomyces barley seed ferment filtrate""[Title/Abstract]) AND (""barrier function""[Title/Abstract] OR ""corneocyte""[Title/Abstract] OR ""cosmetic""[Title/Abstract] OR ""cutaneous""[Title/Abstract] OR ""dermal""[Title/Abstract] OR ""dermatitis""[Title/Abstract] OR ""dermatology""[Title/Abstract] OR ""dry skin""[Title/Abstract] OR ""epidermal""[Title/Abstract] OR ""epidermis""[Title/Abstract] OR ""humectant""[Title/Abstract] OR ""hydration""[Title/Abstract] OR ""keratinocyte""[Title/Abstract] OR ""moisture""[Title/Abstract] OR ""moisturising""[Title/Abstract] OR ""moisturizing""[Title/Abstract] OR ""occlusive""[Title/Abstract] OR ""skin""[Title/Abstract] OR ""skin barrier""[Title/Abstract] OR ""skin water content""[Title/Abstract] OR ""stratum corneum""[Title/Abstract] OR ""topical""[Title/Abstract] OR ""transepidermal water loss""[Title/Abstract] OR ""water loss""[Title/Abstract] OR ""xerosis""[Title/Abstract])",,0,,0,,,,,,,,0,[],no_expanded_pubmed_candidate,not_found,none,2026-07-12,mwbl-missing-effect-search-v1
saccharomyces_lysate_extract,효모용해추출물,Saccharomyces Lysate Extract,effect_moisture_barrier,보습·장벽,"(""Saccharomyces Lysate Extract""[Title/Abstract]) AND (""barrier function""[Title/Abstract] OR ""corneocyte""[Title/Abstract] OR ""cosmetic""[Title/Abstract] OR ""cutaneous""[Title/Abstract] OR ""dermal""[Title/Abstract] OR ""dermatitis""[Title/Abstract] OR ""dermatology""[Title/Abstract] OR ""dry skin""[Title/Abstract] OR ""epidermal""[Title/Abstract] OR ""epidermis""[Title/Abstract] OR ""humectant""[Title/Abstract] OR ""hydration""[Title/Abstract] OR ""keratinocyte""[Title/Abstract] OR ""moisture""[Title/Abstract] OR ""moisturising""[Title/Abstract] OR ""moisturizing""[Title/Abstract] OR ""occlusive""[Title/Abstract] OR ""skin""[Title/Abstract] OR ""skin barrier""[Title/Abstract] OR ""skin water content""[Title/Abstract] OR ""stratum corneum""[Title/Abstract] OR ""topical""[Title/Abstract] OR ""transepidermal water loss""[Title/Abstract] OR ""water loss""[Title/Abstract] OR ""xerosis""[Title/Abstract])",,0,,0,,,,,,,,0,[],no_expanded_pubmed_candidate,not_found,none,2026-07-12,mwbl-missing-effect-search-v1
saccharomyces_potato_extract_ferment_filtrate,효모/감자추출물발효여과물,Saccharomyces/Potato Extract Ferment Filtrate,effect_moisture_barrier,보습·장벽,"(""Saccharomyces/Potato Extract Ferment Filtrate""[Title/Abstract] OR ""saccharomyces potato extract ferment filtrate""[Title/Abstract]) AND (""barrier function""[Title/Abstract] OR ""corneocyte""[Title/Abstract] OR ""cosmetic""[Title/Abstract] OR ""cutaneous""[Title/Abstract] OR ""dermal""[Title/Abstract] OR ""dermatitis""[Title/Abstract] OR ""dermatology""[Title/Abstract] OR ""dry skin""[Title/Abstract] OR ""epidermal""[Title/Abstract] OR ""epidermis""[Title/Abstract] OR ""humectant""[Title/Abstract] OR ""hydration""[Title/Abstract] OR ""keratinocyte""[Title/Abstract] OR ""moisture""[Title/Abstract] OR ""moisturising""[Title/Abstract] OR ""moisturizing""[Title/Abstract] OR ""occlusive""[Title/Abstract] OR ""skin""[Title/Abstract] OR ""skin barrier""[Title/Abstract] OR ""skin water content""[Title/Abstract] OR ""stratum corneum""[Title/Abstract] OR ""topical""[Title/Abstract] OR ""transepidermal water loss""[Title/Abstract] OR ""water loss""[Title/Abstract] OR ""xerosis""[Title/Abstract])",,0,,0,,,,,,,,0,[],no_expanded_pubmed_candidate,not_found,none,2026-07-12,mwbl-missing-effect-search-v1
saccharum_officinarum_sugarcane_extract,사탕수수추출물,Saccharum Officinarum (Sugarcane) Extract,effect_moisture_barrier,보습·장벽,"(""Saccharum Officinarum (Sugarcane) Extract""[Title/Abstract] OR ""saccharum officinarum sugarcane extract""[Title/Abstract]) AND (""barrier function""[Title/Abstract] OR ""corneocyte""[Title/Abstract] OR ""cosmetic""[Title/Abstract] OR ""cutaneous""[Title/Abstract] OR ""dermal""[Title/Abstract] OR ""dermatitis""[Title/Abstract] OR ""dermatology""[Title/Abstract] OR ""dry skin""[Title/Abstract] OR ""epidermal""[Title/Abstract] OR ""epidermis""[Title/Abstract] OR ""humectant""[Title/Abstract] OR ""hydration""[Title/Abstract] OR ""keratinocyte""[Title/Abstract] OR ""moisture""[Title/Abstract] OR ""moisturising""[Title/Abstract] OR ""moisturizing""[Title/Abstract] OR ""occlusive""[Title/Abstract] OR ""skin""[Title/Abstract] OR ""skin barrier""[Title/Abstract] OR ""skin water content""[Title/Abstract] OR ""stratum corneum""[Title/Abstract] OR ""topical""[Title/Abstract] OR ""transepidermal water loss""[Title/Abstract] OR ""water loss""[Title/Abstract] OR ""xerosis""[Title/Abstract])",41243165,1,,0,,,,,,,,0,[],no_expanded_pubmed_candidate,not_found,none,2026-07-12,mwbl-missing-effect-search-v1
salix_alba_willow_bark_extract,흰버드나무껍질추출물,Salix Alba (Willow) Bark Extract,effect_calming,진정,"(""Salix Alba (Willow) Bark Extract""[Title/Abstract] OR ""salix alba willow bark extract""[Title/Abstract]) AND (""anti-inflammatory""[Title/Abstract] OR ""corneocyte""[Title/Abstract] OR ""cosmetic""[Title/Abstract] OR ""cutaneous""[Title/Abstract] OR ""dermal""[Title/Abstract] OR ""dermatitis""[Title/Abstract] OR ""dermatology""[Title/Abstract] OR ""epidermal""[Title/Abstract] OR ""epidermis""[Title/Abstract] OR ""erythema""[Title/Abstract] OR ""inflammation""[Title/Abstract] OR ""irritation""[Title/Abstract] OR ""keratinocyte""[Title/Abstract] OR ""pruritus""[Title/Abstract] OR ""redness""[Title/Abstract] OR ""sensitive skin""[Title/Abstract] OR ""skin""[Title/Abstract] OR ""stratum corneum""[Title/Abstract] OR ""topical""[Title/Abstract] OR ""wound healing""[Title/Abstract])",,0,,0,,,,,,,,0,[],no_expanded_pubmed_candidate,not_found,none,2026-07-12,mwbl-missing-effect-search-v1
salix_alba_willow_bark_water,흰버드나무껍질수,Salix Alba (Willow) Bark Water,effect_calming,진정,"(""Salix Alba (Willow) Bark Water""[Title/Abstract] OR ""salix alba willow bark water""[Title/Abstract]) AND (""anti-inflammatory""[Title/Abstract] OR ""corneocyte""[Title/Abstract] OR ""cosmetic""[Title/Abstract] OR ""cutaneous""[Title/Abstract] OR ""dermal""[Title/Abstract] OR ""dermatitis""[Title/Abstract] OR ""dermatology""[Title/Abstract] OR ""epidermal""[Title/Abstract] OR ""epidermis""[Title/Abstract] OR ""erythema""[Title/Abstract] OR ""inflammation""[Title/Abstract] OR ""irritation""[Title/Abstract] OR ""keratinocyte""[Title/Abstract] OR ""pruritus""[Title/Abstract] OR ""redness""[Title/Abstract] OR ""sensitive skin""[Title/Abstract] OR ""skin""[Title/Abstract] OR ""stratum corneum""[Title/Abstract] OR ""topical""[Title/Abstract] OR ""wound healing""[Title/Abstract])",,0,,0,,,,,,,,0,[],no_expanded_pubmed_candidate,not_found,none,2026-07-12,mwbl-missing-effect-search-v1
salvia_hispanica_seed_extract,멕시칸치아씨추출물,Salvia Hispanica Seed Extract,effect_moisture_barrier,보습·장벽,"(""Salvia Hispanica Seed Extract""[Title/Abstract]) AND (""barrier function""[Title/Abstract] OR ""corneocyte""[Title/Abstract] OR ""cosmetic""[Title/Abstract] OR ""cutaneous""[Title/Abstract] OR ""dermal""[Title/Abstract] OR ""dermatitis""[Title/Abstract] OR ""dermatology""[Title/Abstract] OR ""dry skin""[Title/Abstract] OR ""epidermal""[Title/Abstract] OR ""epidermis""[Title/Abstract] OR ""humectant""[Title/Abstract] OR ""hydration""[Title/Abstract] OR ""keratinocyte""[Title/Abstract] OR ""moisture""[Title/Abstract] OR ""moisturising""[Title/Abstract] OR ""moisturizing""[Title/Abstract] OR ""occlusive""[Title/Abstract] OR ""skin""[Title/Abstract] OR ""skin barrier""[Title/Abstract] OR ""skin water content""[Title/Abstract] OR ""stratum corneum""[Title/Abstract] OR ""topical""[Title/Abstract] OR ""transepidermal water loss""[Title/Abstract] OR ""water loss""[Title/Abstract] OR ""xerosis""[Title/Abstract])",,0,,0,,,,,,,,0,[],no_expanded_pubmed_candidate,not_found,none,2026-07-12,mwbl-missing-effect-search-v1
salvia_hispanica_seed_oil,멕시칸치아씨오일,Salvia Hispanica Seed Oil,effect_moisture_barrier,보습·장벽,"(""Salvia Hispanica Seed Oil""[Title/Abstract]) AND (""barrier function""[Title/Abstract] OR ""corneocyte""[Title/Abstract] OR ""cosmetic""[Title/Abstract] OR ""cutaneous""[Title/Abstract] OR ""dermal""[Title/Abstract] OR ""dermatitis""[Title/Abstract] OR ""dermatology""[Title/Abstract] OR ""dry skin""[Title/Abstract] OR ""epidermal""[Title/Abstract] OR ""epidermis""[Title/Abstract] OR ""humectant""[Title/Abstract] OR ""hydration""[Title/Abstract] OR ""keratinocyte""[Title/Abstract] OR ""moisture""[Title/Abstract] OR ""moisturising""[Title/Abstract] OR ""moisturizing""[Title/Abstract] OR ""occlusive""[Title/Abstract] OR ""skin""[Title/Abstract] OR ""skin barrier""[Title/Abstract] OR ""skin water content""[Title/Abstract] OR ""stratum corneum""[Title/Abstract] OR ""topical""[Title/Abstract] OR ""transepidermal water loss""[Title/Abstract] OR ""water loss""[Title/Abstract] OR ""xerosis""[Title/Abstract])",,0,,0,,,,,,,,0,[],no_expanded_pubmed_candidate,not_found,none,2026-07-12,mwbl-missing-effect-search-v1
salvia_officinalis_sage_extract,살비아추출물,Salvia Officinalis (Sage) Extract,effect_acne_sebum,여드름·피지,"(""Salvia Officinalis (Sage) Extract""[Title/Abstract] OR ""salvia officinalis sage extract""[Title/Abstract]) AND (""acne""[Title/Abstract] OR ""anti-inflammatory""[Title/Abstract] OR ""barrier function""[Title/Abstract] OR ""comedogenic""[Title/Abstract] OR ""comedone""[Title/Abstract] OR ""corneocyte""[Title/Abstract] OR ""cosmetic""[Title/Abstract] OR ""cutaneous""[Title/Abstract] OR ""cutibacterium acnes""[Title/Abstract] OR ""dermal""[Title/Abstract] OR ""dermatitis""[Title/Abstract] OR ""dermatology""[Title/Abstract] OR ""dry skin""[Title/Abstract] OR ""epidermal""[Title/Abstract] OR ""epidermis""[Title/Abstract] OR ""erythema""[Title/Abstract] OR ""humectant""[Title/Abstract] OR ""hydration""[Title/Abstract] OR ""inflammation""[Title/Abstract] OR ""irritation""[Title/Abstract] OR ""keratinocyte""[Title/Abstract] OR ""moisture""[Title/Abstract] OR ""moisturising""[Title/Abstract] OR ""moisturizing""[Title/Abstract] OR ""occlusive""[Title/Abstract] OR ""propionibacterium acnes""[Title/Abstract] OR ""pruritus""[Title/Abstract] OR ""redness""[Title/Abstract] OR ""sebaceous""[Title/Abstract] OR ""sebum""[Title/Abstract] OR ""sensitive skin""[Title/Abstract] OR ""skin""[Title/Abstract] OR ""skin barrier""[Title/Abstract] OR ""skin water content""[Title/Abstract] OR ""stratum corneum""[Title/Abstract] OR ""topical""[Title/Abstract] OR ""transepidermal water loss""[Title/Abstract] OR ""water loss""[Title/Abstract] OR ""wound healing""[Title/Abstract] OR ""xerosis""[Title/Abstract])",41761900,1,,0,,,,,,,,0,[],no_expanded_pubmed_candidate,not_found,none,2026-07-12,mwbl-missing-effect-search-v1
salvia_officinalis_sage_extract,살비아추출물,Salvia Officinalis (Sage) Extract,effect_calming,진정,"(""Salvia Officinalis (Sage) Extract""[Title/Abstract] OR ""salvia officinalis sage extract""[Title/Abstract]) AND (""acne""[Title/Abstract] OR ""anti-inflammatory""[Title/Abstract] OR ""barrier function""[Title/Abstract] OR ""comedogenic""[Title/Abstract] OR ""comedone""[Title/Abstract] OR ""corneocyte""[Title/Abstract] OR ""cosmetic""[Title/Abstract] OR ""cutaneous""[Title/Abstract] OR ""cutibacterium acnes""[Title/Abstract] OR ""dermal""[Title/Abstract] OR ""dermatitis""[Title/Abstract] OR ""dermatology""[Title/Abstract] OR ""dry skin""[Title/Abstract] OR ""epidermal""[Title/Abstract] OR ""epidermis""[Title/Abstract] OR ""erythema""[Title/Abstract] OR ""humectant""[Title/Abstract] OR ""hydration""[Title/Abstract] OR ""inflammation""[Title/Abstract] OR ""irritation""[Title/Abstract] OR ""keratinocyte""[Title/Abstract] OR ""moisture""[Title/Abstract] OR ""moisturising""[Title/Abstract] OR ""moisturizing""[Title/Abstract] OR ""occlusive""[Title/Abstract] OR ""propionibacterium acnes""[Title/Abstract] OR ""pruritus""[Title/Abstract] OR ""redness""[Title/Abstract] OR ""sebaceous""[Title/Abstract] OR ""sebum""[Title/Abstract] OR ""sensitive skin""[Title/Abstract] OR ""skin""[Title/Abstract] OR ""skin barrier""[Title/Abstract] OR ""skin water content""[Title/Abstract] OR ""stratum corneum""[Title/Abstract] OR ""topical""[Title/Abstract] OR ""transepidermal water loss""[Title/Abstract] OR ""water loss""[Title/Abstract] OR ""wound healing""[Title/Abstract] OR ""xerosis""[Title/Abstract])",41761900,1,,0,,,,,,,,0,[],no_expanded_pubmed_candidate,not_found,none,2026-07-12,mwbl-missing-effect-search-v1
salvia_officinalis_sage_extract,살비아추출물,Salvia Officinalis (Sage) Extract,effect_moisture_barrier,보습·장벽,"(""Salvia Officinalis (Sage) Extract""[Title/Abstract] OR ""salvia officinalis sage extract""[Title/Abstract]) AND (""acne""[Title/Abstract] OR ""anti-inflammatory""[Title/Abstract] OR ""barrier function""[Title/Abstract] OR ""comedogenic""[Title/Abstract] OR ""comedone""[Title/Abstract] OR ""corneocyte""[Title/Abstract] OR ""cosmetic""[Title/Abstract] OR ""cutaneous""[Title/Abstract] OR ""cutibacterium acnes""[Title/Abstract] OR ""dermal""[Title/Abstract] OR ""dermatitis""[Title/Abstract] OR ""dermatology""[Title/Abstract] OR ""dry skin""[Title/Abstract] OR ""epidermal""[Title/Abstract] OR ""epidermis""[Title/Abstract] OR ""erythema""[Title/Abstract] OR ""humectant""[Title/Abstract] OR ""hydration""[Title/Abstract] OR ""inflammation""[Title/Abstract] OR ""irritation""[Title/Abstract] OR ""keratinocyte""[Title/Abstract] OR ""moisture""[Title/Abstract] OR ""moisturising""[Title/Abstract] OR ""moisturizing""[Title/Abstract] OR ""occlusive""[Title/Abstract] OR ""propionibacterium acnes""[Title/Abstract] OR ""pruritus""[Title/Abstract] OR ""redness""[Title/Abstract] OR ""sebaceous""[Title/Abstract] OR ""sebum""[Title/Abstract] OR ""sensitive skin""[Title/Abstract] OR ""skin""[Title/Abstract] OR ""skin barrier""[Title/Abstract] OR ""skin water content""[Title/Abstract] OR ""stratum corneum""[Title/Abstract] OR ""topical""[Title/Abstract] OR ""transepidermal water loss""[Title/Abstract] OR ""water loss""[Title/Abstract] OR ""wound healing""[Title/Abstract] OR ""xerosis""[Title/Abstract])",41761900,1,,0,,,,,,,,0,[],no_expanded_pubmed_candidate,not_found,none,2026-07-12,mwbl-missing-effect-search-v1
salvia_officinalis_sage_leaf_extract,살비아잎추출물,Salvia Officinalis (Sage) Leaf Extract,effect_acne_sebum,여드름·피지,"(""Salvia Officinalis (Sage) Leaf Extract""[Title/Abstract] OR ""salvia officinalis sage leaf extract""[Title/Abstract]) AND (""acne""[Title/Abstract] OR ""comedogenic""[Title/Abstract] OR ""comedone""[Title/Abstract] OR ""corneocyte""[Title/Abstract] OR ""cosmetic""[Title/Abstract] OR ""cutaneous""[Title/Abstract] OR ""cutibacterium acnes""[Title/Abstract] OR ""dermal""[Title/Abstract] OR ""dermatitis""[Title/Abstract] OR ""dermatology""[Title/Abstract] OR ""epidermal""[Title/Abstract] OR ""epidermis""[Title/Abstract] OR ""keratinocyte""[Title/Abstract] OR ""propionibacterium acnes""[Title/Abstract] OR ""sebaceous""[Title/Abstract] OR ""sebum""[Title/Abstract] OR ""skin""[Title/Abstract] OR ""stratum corneum""[Title/Abstract] OR ""topical""[Title/Abstract])",41761900,1,,0,,,,,,,,0,[],no_expanded_pubmed_candidate,not_found,none,2026-07-12,mwbl-missing-effect-search-v1
salvia_sclarea_clary_extract,클레리추출물,Salvia Sclarea (Clary) Extract,effect_calming,진정,"(""Salvia Sclarea (Clary) Extract""[Title/Abstract] OR ""salvia sclarea clary extract""[Title/Abstract]) AND (""anti-inflammatory""[Title/Abstract] OR ""corneocyte""[Title/Abstract] OR ""cosmetic""[Title/Abstract] OR ""cutaneous""[Title/Abstract] OR ""dermal""[Title/Abstract] OR ""dermatitis""[Title/Abstract] OR ""dermatology""[Title/Abstract] OR ""epidermal""[Title/Abstract] OR ""epidermis""[Title/Abstract] OR ""erythema""[Title/Abstract] OR ""inflammation""[Title/Abstract] OR ""irritation""[Title/Abstract] OR ""keratinocyte""[Title/Abstract] OR ""pruritus""[Title/Abstract] OR ""redness""[Title/Abstract] OR ""sensitive skin""[Title/Abstract] OR ""skin""[Title/Abstract] OR ""stratum corneum""[Title/Abstract] OR ""topical""[Title/Abstract] OR ""wound healing""[Title/Abstract])",,0,,0,,,,,,,,0,[],no_expanded_pubmed_candidate,not_found,none,2026-07-12,mwbl-missing-effect-search-v1
sambucus_nigra_flower_extract,엘더꽃추출물,Sambucus Nigra Flower Extract,effect_calming,진정,"(""Sambucus Nigra Flower Extract""[Title/Abstract]) AND (""anti-inflammatory""[Title/Abstract] OR ""corneocyte""[Title/Abstract] OR ""cosmetic""[Title/Abstract] OR ""cutaneous""[Title/Abstract] OR ""dermal""[Title/Abstract] OR ""dermatitis""[Title/Abstract] OR ""dermatology""[Title/Abstract] OR ""epidermal""[Title/Abstract] OR ""epidermis""[Title/Abstract] OR ""erythema""[Title/Abstract] OR ""inflammation""[Title/Abstract] OR ""irritation""[Title/Abstract] OR ""keratinocyte""[Title/Abstract] OR ""pruritus""[Title/Abstract] OR ""redness""[Title/Abstract] OR ""sensitive skin""[Title/Abstract] OR ""skin""[Title/Abstract] OR ""stratum corneum""[Title/Abstract] OR ""topical""[Title/Abstract] OR ""wound healing""[Title/Abstract])",,0,,0,,,,,,,,0,[],no_expanded_pubmed_candidate,not_found,none,2026-07-12,mwbl-missing-effect-search-v1
saussurea_involucrata_extract,스노우로투스추출물,Saussurea Involucrata Extract,effect_moisture_barrier,보습·장벽,"(""Saussurea Involucrata Extract""[Title/Abstract]) AND (""barrier function""[Title/Abstract] OR ""corneocyte""[Title/Abstract] OR ""cosmetic""[Title/Abstract] OR ""cutaneous""[Title/Abstract] OR ""dermal""[Title/Abstract] OR ""dermatitis""[Title/Abstract] OR ""dermatology""[Title/Abstract] OR ""dry skin""[Title/Abstract] OR ""epidermal""[Title/Abstract] OR ""epidermis""[Title/Abstract] OR ""humectant""[Title/Abstract] OR ""hydration""[Title/Abstract] OR ""keratinocyte""[Title/Abstract] OR ""moisture""[Title/Abstract] OR ""moisturising""[Title/Abstract] OR ""moisturizing""[Title/Abstract] OR ""occlusive""[Title/Abstract] OR ""skin""[Title/Abstract] OR ""skin barrier""[Title/Abstract] OR ""skin water content""[Title/Abstract] OR ""stratum corneum""[Title/Abstract] OR ""topical""[Title/Abstract] OR ""transepidermal water loss""[Title/Abstract] OR ""water loss""[Title/Abstract] OR ""xerosis""[Title/Abstract])",,0,,0,,,,,,,,0,[],no_expanded_pubmed_candidate,not_found,none,2026-07-12,mwbl-missing-effect-search-v1
schizosaccharomyces_ferment_filtrate,스키조사카로미세스발효여과물,Schizosaccharomyces Ferment Filtrate,effect_moisture_barrier,보습·장벽,"(""Schizosaccharomyces Ferment Filtrate""[Title/Abstract] OR ""Saccharomyces Ferment Filtrate""[Title/Abstract]) AND (""barrier function""[Title/Abstract] OR ""corneocyte""[Title/Abstract] OR ""cosmetic""[Title/Abstract] OR ""cutaneous""[Title/Abstract] OR ""dermal""[Title/Abstract] OR ""dermatitis""[Title/Abstract] OR ""dermatology""[Title/Abstract] OR ""dry skin""[Title/Abstract] OR ""epidermal""[Title/Abstract] OR ""epidermis""[Title/Abstract] OR ""humectant""[Title/Abstract] OR ""hydration""[Title/Abstract] OR ""keratinocyte""[Title/Abstract] OR ""moisture""[Title/Abstract] OR ""moisturising""[Title/Abstract] OR ""moisturizing""[Title/Abstract] OR ""occlusive""[Title/Abstract] OR ""skin""[Title/Abstract] OR ""skin barrier""[Title/Abstract] OR ""skin water content""[Title/Abstract] OR ""stratum corneum""[Title/Abstract] OR ""topical""[Title/Abstract] OR ""transepidermal water loss""[Title/Abstract] OR ""water loss""[Title/Abstract] OR ""xerosis""[Title/Abstract])",,0,,0,,,,,,,,0,[],no_expanded_pubmed_candidate,not_found,none,2026-07-12,mwbl-missing-effect-search-v1
sclerocarya_birrea_seed_butter,마룰라씨버터,Sclerocarya Birrea Seed Butter,effect_moisture_barrier,보습·장벽,"(""Sclerocarya Birrea Seed Butter""[Title/Abstract]) AND (""barrier function""[Title/Abstract] OR ""corneocyte""[Title/Abstract] OR ""cosmetic""[Title/Abstract] OR ""cutaneous""[Title/Abstract] OR ""dermal""[Title/Abstract] OR ""dermatitis""[Title/Abstract] OR ""dermatology""[Title/Abstract] OR ""dry skin""[Title/Abstract] OR ""epidermal""[Title/Abstract] OR ""epidermis""[Title/Abstract] OR ""humectant""[Title/Abstract] OR ""hydration""[Title/Abstract] OR ""keratinocyte""[Title/Abstract] OR ""moisture""[Title/Abstract] OR ""moisturising""[Title/Abstract] OR ""moisturizing""[Title/Abstract] OR ""occlusive""[Title/Abstract] OR ""skin""[Title/Abstract] OR ""skin barrier""[Title/Abstract] OR ""skin water content""[Title/Abstract] OR ""stratum corneum""[Title/Abstract] OR ""topical""[Title/Abstract] OR ""transepidermal water loss""[Title/Abstract] OR ""water loss""[Title/Abstract] OR ""xerosis""[Title/Abstract])",,0,,0,,,,,,,,0,[],no_expanded_pubmed_candidate,not_found,none,2026-07-12,mwbl-missing-effect-search-v1
sclerocarya_birrea_seed_oil,마룰라씨오일,Sclerocarya Birrea Seed Oil,effect_moisture_barrier,보습·장벽,"(""Sclerocarya Birrea Seed Oil""[Title/Abstract]) AND (""barrier function""[Title/Abstract] OR ""corneocyte""[Title/Abstract] OR ""cosmetic""[Title/Abstract] OR ""cutaneous""[Title/Abstract] OR ""dermal""[Title/Abstract] OR ""dermatitis""[Title/Abstract] OR ""dermatology""[Title/Abstract] OR ""dry skin""[Title/Abstract] OR ""epidermal""[Title/Abstract] OR ""epidermis""[Title/Abstract] OR ""humectant""[Title/Abstract] OR ""hydration""[Title/Abstract] OR ""keratinocyte""[Title/Abstract] OR ""moisture""[Title/Abstract] OR ""moisturising""[Title/Abstract] OR ""moisturizing""[Title/Abstract] OR ""occlusive""[Title/Abstract] OR ""skin""[Title/Abstract] OR ""skin barrier""[Title/Abstract] OR ""skin water content""[Title/Abstract] OR ""stratum corneum""[Title/Abstract] OR ""topical""[Title/Abstract] OR ""transepidermal water loss""[Title/Abstract] OR ""water loss""[Title/Abstract] OR ""xerosis""[Title/Abstract])",,0,,0,,,,,,,,0,[],no_expanded_pubmed_candidate,not_found,none,2026-07-12,mwbl-missing-effect-search-v1
scrophularia_nodosa_extract,스크로폴라리아 노도사추출물,Scrophularia Nodosa Extract,effect_calming,진정,"(""Scrophularia Nodosa Extract""[Title/Abstract]) AND (""anti-inflammatory""[Title/Abstract] OR ""corneocyte""[Title/Abstract] OR ""cosmetic""[Title/Abstract] OR ""cutaneous""[Title/Abstract] OR ""dermal""[Title/Abstract] OR ""dermatitis""[Title/Abstract] OR ""dermatology""[Title/Abstract] OR ""epidermal""[Title/Abstract] OR ""epidermis""[Title/Abstract] OR ""erythema""[Title/Abstract] OR ""inflammation""[Title/Abstract] OR ""irritation""[Title/Abstract] OR ""keratinocyte""[Title/Abstract] OR ""pruritus""[Title/Abstract] OR ""redness""[Title/Abstract] OR ""sensitive skin""[Title/Abstract] OR ""skin""[Title/Abstract] OR ""stratum corneum""[Title/Abstract] OR ""topical""[Title/Abstract] OR ""wound healing""[Title/Abstract])",,0,,0,,,,,,,,0,[],no_expanded_pubmed_candidate,not_found,none,2026-07-12,mwbl-missing-effect-search-v1
scutellaria_baicalensis_root_extract,황금추출물,Scutellaria Baicalensis Root Extract,effect_moisture_barrier,보습·장벽,"(""Scutellaria Baicalensis Root Extract""[Title/Abstract]) AND (""barrier function""[Title/Abstract] OR ""corneocyte""[Title/Abstract] OR ""cosmetic""[Title/Abstract] OR ""cutaneous""[Title/Abstract] OR ""dermal""[Title/Abstract] OR ""dermatitis""[Title/Abstract] OR ""dermatology""[Title/Abstract] OR ""dry skin""[Title/Abstract] OR ""epidermal""[Title/Abstract] OR ""epidermis""[Title/Abstract] OR ""humectant""[Title/Abstract] OR ""hydration""[Title/Abstract] OR ""keratinocyte""[Title/Abstract] OR ""moisture""[Title/Abstract] OR ""moisturising""[Title/Abstract] OR ""moisturizing""[Title/Abstract] OR ""occlusive""[Title/Abstract] OR ""skin""[Title/Abstract] OR ""skin barrier""[Title/Abstract] OR ""skin water content""[Title/Abstract] OR ""stratum corneum""[Title/Abstract] OR ""topical""[Title/Abstract] OR ""transepidermal water loss""[Title/Abstract] OR ""water loss""[Title/Abstract] OR ""xerosis""[Title/Abstract])",40673531|35462423|34184069,3,,0,,,,,,,,0,[],no_expanded_pubmed_candidate,not_found,none,2026-07-12,mwbl-missing-effect-search-v1
sedum_sarmentosum_extract,돌나물추출물,Sedum Sarmentosum Extract,effect_moisture_barrier,보습·장벽,"(""Sedum Sarmentosum Extract""[Title/Abstract]) AND (""barrier function""[Title/Abstract] OR ""corneocyte""[Title/Abstract] OR ""cosmetic""[Title/Abstract] OR ""cutaneous""[Title/Abstract] OR ""dermal""[Title/Abstract] OR ""dermatitis""[Title/Abstract] OR ""dermatology""[Title/Abstract] OR ""dry skin""[Title/Abstract] OR ""epidermal""[Title/Abstract] OR ""epidermis""[Title/Abstract] OR ""humectant""[Title/Abstract] OR ""hydration""[Title/Abstract] OR ""keratinocyte""[Title/Abstract] OR ""moisture""[Title/Abstract] OR ""moisturising""[Title/Abstract] OR ""moisturizing""[Title/Abstract] OR ""occlusive""[Title/Abstract] OR ""skin""[Title/Abstract] OR ""skin barrier""[Title/Abstract] OR ""skin water content""[Title/Abstract] OR ""stratum corneum""[Title/Abstract] OR ""topical""[Title/Abstract] OR ""transepidermal water loss""[Title/Abstract] OR ""water loss""[Title/Abstract] OR ""xerosis""[Title/Abstract])",,0,,0,,,,,,,,0,[],no_expanded_pubmed_candidate,not_found,none,2026-07-12,mwbl-missing-effect-search-v1
sesamum_indicum_sesame_seed_extract,검은깨추출물,Sesamum Indicum (Sesame) Seed Extract,effect_calming,진정,"(""Sesamum Indicum (Sesame) Seed Extract""[Title/Abstract] OR ""sesamum indicum sesame seed extract""[Title/Abstract]) AND (""anti-inflammatory""[Title/Abstract] OR ""corneocyte""[Title/Abstract] OR ""cosmetic""[Title/Abstract] OR ""cutaneous""[Title/Abstract] OR ""dermal""[Title/Abstract] OR ""dermatitis""[Title/Abstract] OR ""dermatology""[Title/Abstract] OR ""epidermal""[Title/Abstract] OR ""epidermis""[Title/Abstract] OR ""erythema""[Title/Abstract] OR ""inflammation""[Title/Abstract] OR ""irritation""[Title/Abstract] OR ""keratinocyte""[Title/Abstract] OR ""pruritus""[Title/Abstract] OR ""redness""[Title/Abstract] OR ""sensitive skin""[Title/Abstract] OR ""skin""[Title/Abstract] OR ""stratum corneum""[Title/Abstract] OR ""topical""[Title/Abstract] OR ""wound healing""[Title/Abstract])",,0,,0,,,,,,,,0,[],no_expanded_pubmed_candidate,not_found,none,2026-07-12,mwbl-missing-effect-search-v1
sesamum_indicum_sesame_seed_extract_kcia_2795,참깨추출물,Sesamum Indicum (Sesame) Seed Extract,effect_calming,진정,"(""Sesamum Indicum (Sesame) Seed Extract""[Title/Abstract] OR ""sesamum indicum sesame seed extract kcia 2795""[Title/Abstract]) AND (""anti-inflammatory""[Title/Abstract] OR ""corneocyte""[Title/Abstract] OR ""cosmetic""[Title/Abstract] OR ""cutaneous""[Title/Abstract] OR ""dermal""[Title/Abstract] OR ""dermatitis""[Title/Abstract] OR ""dermatology""[Title/Abstract] OR ""epidermal""[Title/Abstract] OR ""epidermis""[Title/Abstract] OR ""erythema""[Title/Abstract] OR ""inflammation""[Title/Abstract] OR ""irritation""[Title/Abstract] OR ""keratinocyte""[Title/Abstract] OR ""pruritus""[Title/Abstract] OR ""redness""[Title/Abstract] OR ""sensitive skin""[Title/Abstract] OR ""skin""[Title/Abstract] OR ""stratum corneum""[Title/Abstract] OR ""topical""[Title/Abstract] OR ""wound healing""[Title/Abstract])",,0,,0,,,,,,,,0,[],no_expanded_pubmed_candidate,not_found,none,2026-07-12,mwbl-missing-effect-search-v1
sh_octapeptide_4,에스에이치-옥타펩타이드-4,sh-Octapeptide-4,effect_acne_sebum,여드름·피지,"(""sh-Octapeptide-4""[Title/Abstract] OR ""Octapeptide-4""[Title/Abstract] OR ""sh octapeptide 4""[Title/Abstract]) AND (""acne""[Title/Abstract] OR ""barrier function""[Title/Abstract] OR ""comedogenic""[Title/Abstract] OR ""comedone""[Title/Abstract] OR ""corneocyte""[Title/Abstract] OR ""cosmetic""[Title/Abstract] OR ""cutaneous""[Title/Abstract] OR ""cutibacterium acnes""[Title/Abstract] OR ""dermal""[Title/Abstract] OR ""dermatitis""[Title/Abstract] OR ""dermatology""[Title/Abstract] OR ""dry skin""[Title/Abstract] OR ""epidermal""[Title/Abstract] OR ""epidermis""[Title/Abstract] OR ""humectant""[Title/Abstract] OR ""hydration""[Title/Abstract] OR ""keratinocyte""[Title/Abstract] OR ""moisture""[Title/Abstract] OR ""moisturising""[Title/Abstract] OR ""moisturizing""[Title/Abstract] OR ""occlusive""[Title/Abstract] OR ""propionibacterium acnes""[Title/Abstract] OR ""sebaceous""[Title/Abstract] OR ""sebum""[Title/Abstract] OR ""skin""[Title/Abstract] OR ""skin barrier""[Title/Abstract] OR ""skin water content""[Title/Abstract] OR ""stratum corneum""[Title/Abstract] OR ""topical""[Title/Abstract] OR ""transepidermal water loss""[Title/Abstract] OR ""water loss""[Title/Abstract] OR ""xerosis""[Title/Abstract])",,0,,0,,,,,,,,0,[],no_expanded_pubmed_candidate,not_found,none,2026-07-12,mwbl-missing-effect-search-v1
sh_octapeptide_4,에스에이치-옥타펩타이드-4,sh-Octapeptide-4,effect_moisture_barrier,보습·장벽,"(""sh-Octapeptide-4""[Title/Abstract] OR ""Octapeptide-4""[Title/Abstract] OR ""sh octapeptide 4""[Title/Abstract]) AND (""acne""[Title/Abstract] OR ""barrier function""[Title/Abstract] OR ""comedogenic""[Title/Abstract] OR ""comedone""[Title/Abstract] OR ""corneocyte""[Title/Abstract] OR ""cosmetic""[Title/Abstract] OR ""cutaneous""[Title/Abstract] OR ""cutibacterium acnes""[Title/Abstract] OR ""dermal""[Title/Abstract] OR ""dermatitis""[Title/Abstract] OR ""dermatology""[Title/Abstract] OR ""dry skin""[Title/Abstract] OR ""epidermal""[Title/Abstract] OR ""epidermis""[Title/Abstract] OR ""humectant""[Title/Abstract] OR ""hydration""[Title/Abstract] OR ""keratinocyte""[Title/Abstract] OR ""moisture""[Title/Abstract] OR ""moisturising""[Title/Abstract] OR ""moisturizing""[Title/Abstract] OR ""occlusive""[Title/Abstract] OR ""propionibacterium acnes""[Title/Abstract] OR ""sebaceous""[Title/Abstract] OR ""sebum""[Title/Abstract] OR ""skin""[Title/Abstract] OR ""skin barrier""[Title/Abstract] OR ""skin water content""[Title/Abstract] OR ""stratum corneum""[Title/Abstract] OR ""topical""[Title/Abstract] OR ""transepidermal water loss""[Title/Abstract] OR ""water loss""[Title/Abstract] OR ""xerosis""[Title/Abstract])",,0,,0,,,,,,,,0,[],no_expanded_pubmed_candidate,not_found,none,2026-07-12,mwbl-missing-effect-search-v1
sh_oligopeptide_9,에스에이치-올리고펩타이드-9,sh-Oligopeptide-9,effect_moisture_barrier,보습·장벽,"(""sh-Oligopeptide-9""[Title/Abstract] OR ""Oligopeptide-9""[Title/Abstract] OR ""sh oligopeptide 9""[Title/Abstract]) AND (""barrier function""[Title/Abstract] OR ""corneocyte""[Title/Abstract] OR ""cosmetic""[Title/Abstract] OR ""cutaneous""[Title/Abstract] OR ""dermal""[Title/Abstract] OR ""dermatitis""[Title/Abstract] OR ""dermatology""[Title/Abstract] OR ""dry skin""[Title/Abstract] OR ""epidermal""[Title/Abstract] OR ""epidermis""[Title/Abstract] OR ""humectant""[Title/Abstract] OR ""hydration""[Title/Abstract] OR ""keratinocyte""[Title/Abstract] OR ""moisture""[Title/Abstract] OR ""moisturising""[Title/Abstract] OR ""moisturizing""[Title/Abstract] OR ""occlusive""[Title/Abstract] OR ""skin""[Title/Abstract] OR ""skin barrier""[Title/Abstract] OR ""skin water content""[Title/Abstract] OR ""stratum corneum""[Title/Abstract] OR ""topical""[Title/Abstract] OR ""transepidermal water loss""[Title/Abstract] OR ""water loss""[Title/Abstract] OR ""xerosis""[Title/Abstract])",,0,,0,,,,,,,,0,[],no_expanded_pubmed_candidate,not_found,none,2026-07-12,mwbl-missing-effect-search-v1
silica_dimethyl_silylate,실리카다이메틸실릴레이트,Silica Dimethyl Silylate,effect_moisture_barrier,보습·장벽,"(""Silica Dimethyl Silylate""[Title/Abstract]) AND (""barrier function""[Title/Abstract] OR ""corneocyte""[Title/Abstract] OR ""cosmetic""[Title/Abstract] OR ""cutaneous""[Title/Abstract] OR ""dermal""[Title/Abstract] OR ""dermatitis""[Title/Abstract] OR ""dermatology""[Title/Abstract] OR ""dry skin""[Title/Abstract] OR ""epidermal""[Title/Abstract] OR ""epidermis""[Title/Abstract] OR ""humectant""[Title/Abstract] OR ""hydration""[Title/Abstract] OR ""keratinocyte""[Title/Abstract] OR ""moisture""[Title/Abstract] OR ""moisturising""[Title/Abstract] OR ""moisturizing""[Title/Abstract] OR ""occlusive""[Title/Abstract] OR ""skin""[Title/Abstract] OR ""skin barrier""[Title/Abstract] OR ""skin water content""[Title/Abstract] OR ""stratum corneum""[Title/Abstract] OR ""topical""[Title/Abstract] OR ""transepidermal water loss""[Title/Abstract] OR ""water loss""[Title/Abstract] OR ""xerosis""[Title/Abstract])",,0,,0,,,,,,,,0,[],no_expanded_pubmed_candidate,not_found,none,2026-07-12,mwbl-missing-effect-search-v1
silica_silylate,실리카실릴레이트,Silica Silylate,effect_moisture_barrier,보습·장벽,"(""Silica Silylate""[Title/Abstract]) AND (""barrier function""[Title/Abstract] OR ""corneocyte""[Title/Abstract] OR ""cosmetic""[Title/Abstract] OR ""cutaneous""[Title/Abstract] OR ""dermal""[Title/Abstract] OR ""dermatitis""[Title/Abstract] OR ""dermatology""[Title/Abstract] OR ""dry skin""[Title/Abstract] OR ""epidermal""[Title/Abstract] OR ""epidermis""[Title/Abstract] OR ""humectant""[Title/Abstract] OR ""hydration""[Title/Abstract] OR ""keratinocyte""[Title/Abstract] OR ""moisture""[Title/Abstract] OR ""moisturising""[Title/Abstract] OR ""moisturizing""[Title/Abstract] OR ""occlusive""[Title/Abstract] OR ""skin""[Title/Abstract] OR ""skin barrier""[Title/Abstract] OR ""skin water content""[Title/Abstract] OR ""stratum corneum""[Title/Abstract] OR ""topical""[Title/Abstract] OR ""transepidermal water loss""[Title/Abstract] OR ""water loss""[Title/Abstract] OR ""xerosis""[Title/Abstract])",,0,,0,,,,,,,,0,[],no_expanded_pubmed_candidate,not_found,none,2026-07-12,mwbl-missing-effect-search-v1
silk_amino_acids,실크아미노산,Silk Amino Acids,effect_moisture_barrier,보습·장벽,"(""Silk Amino Acids""[Title/Abstract]) AND (""barrier function""[Title/Abstract] OR ""corneocyte""[Title/Abstract] OR ""cosmetic""[Title/Abstract] OR ""cutaneous""[Title/Abstract] OR ""dermal""[Title/Abstract] OR ""dermatitis""[Title/Abstract] OR ""dermatology""[Title/Abstract] OR ""dry skin""[Title/Abstract] OR ""epidermal""[Title/Abstract] OR ""epidermis""[Title/Abstract] OR ""humectant""[Title/Abstract] OR ""hydration""[Title/Abstract] OR ""keratinocyte""[Title/Abstract] OR ""moisture""[Title/Abstract] OR ""moisturising""[Title/Abstract] OR ""moisturizing""[Title/Abstract] OR ""occlusive""[Title/Abstract] OR ""skin""[Title/Abstract] OR ""skin barrier""[Title/Abstract] OR ""skin water content""[Title/Abstract] OR ""stratum corneum""[Title/Abstract] OR ""topical""[Title/Abstract] OR ""transepidermal water loss""[Title/Abstract] OR ""water loss""[Title/Abstract] OR ""xerosis""[Title/Abstract])",,0,,0,,,,,,,,0,[],no_expanded_pubmed_candidate,not_found,none,2026-07-12,mwbl-missing-effect-search-v1
silkworm_cocoon_extract,누에고치추출물,Silkworm Cocoon Extract,effect_moisture_barrier,보습·장벽,"(""Silkworm Cocoon Extract""[Title/Abstract]) AND (""barrier function""[Title/Abstract] OR ""corneocyte""[Title/Abstract] OR ""cosmetic""[Title/Abstract] OR ""cutaneous""[Title/Abstract] OR ""dermal""[Title/Abstract] OR ""dermatitis""[Title/Abstract] OR ""dermatology""[Title/Abstract] OR ""dry skin""[Title/Abstract] OR ""epidermal""[Title/Abstract] OR ""epidermis""[Title/Abstract] OR ""humectant""[Title/Abstract] OR ""hydration""[Title/Abstract] OR ""keratinocyte""[Title/Abstract] OR ""moisture""[Title/Abstract] OR ""moisturising""[Title/Abstract] OR ""moisturizing""[Title/Abstract] OR ""occlusive""[Title/Abstract] OR ""skin""[Title/Abstract] OR ""skin barrier""[Title/Abstract] OR ""skin water content""[Title/Abstract] OR ""stratum corneum""[Title/Abstract] OR ""topical""[Title/Abstract] OR ""transepidermal water loss""[Title/Abstract] OR ""water loss""[Title/Abstract] OR ""xerosis""[Title/Abstract])",,0,,0,,,,,,,,0,[],no_expanded_pubmed_candidate,not_found,none,2026-07-12,mwbl-missing-effect-search-v1
simethicone,시메티콘,Simethicone,effect_moisture_barrier,보습·장벽,"(""Simethicone""[Title/Abstract]) AND (""barrier function""[Title/Abstract] OR ""corneocyte""[Title/Abstract] OR ""cosmetic""[Title/Abstract] OR ""cutaneous""[Title/Abstract] OR ""dermal""[Title/Abstract] OR ""dermatitis""[Title/Abstract] OR ""dermatology""[Title/Abstract] OR ""dry skin""[Title/Abstract] OR ""epidermal""[Title/Abstract] OR ""epidermis""[Title/Abstract] OR ""humectant""[Title/Abstract] OR ""hydration""[Title/Abstract] OR ""keratinocyte""[Title/Abstract] OR ""moisture""[Title/Abstract] OR ""moisturising""[Title/Abstract] OR ""moisturizing""[Title/Abstract] OR ""occlusive""[Title/Abstract] OR ""skin""[Title/Abstract] OR ""skin barrier""[Title/Abstract] OR ""skin water content""[Title/Abstract] OR ""stratum corneum""[Title/Abstract] OR ""topical""[Title/Abstract] OR ""transepidermal water loss""[Title/Abstract] OR ""water loss""[Title/Abstract] OR ""xerosis""[Title/Abstract])",37404100|35111489|32891226|31043103|30567673|29753038|28511864|28438825|27497824|26688043|22185006|16275967|12782534|2553606,14,,0,,,,,,,,0,[],no_expanded_pubmed_candidate,not_found,none,2026-07-12,mwbl-missing-effect-search-v1
simmondsia_chinensis_jojoba_seed_oil,호호바씨오일,Simmondsia Chinensis (Jojoba) Seed Oil,effect_moisture_barrier,보습·장벽,"(""Simmondsia Chinensis (Jojoba) Seed Oil""[Title/Abstract] OR ""simmondsia chinensis jojoba seed oil""[Title/Abstract]) AND (""barrier function""[Title/Abstract] OR ""corneocyte""[Title/Abstract] OR ""cosmetic""[Title/Abstract] OR ""cutaneous""[Title/Abstract] OR ""dermal""[Title/Abstract] OR ""dermatitis""[Title/Abstract] OR ""dermatology""[Title/Abstract] OR ""dry skin""[Title/Abstract] OR ""epidermal""[Title/Abstract] OR ""epidermis""[Title/Abstract] OR ""humectant""[Title/Abstract] OR ""hydration""[Title/Abstract] OR ""keratinocyte""[Title/Abstract] OR ""moisture""[Title/Abstract] OR ""moisturising""[Title/Abstract] OR ""moisturizing""[Title/Abstract] OR ""occlusive""[Title/Abstract] OR ""skin""[Title/Abstract] OR ""skin barrier""[Title/Abstract] OR ""skin water content""[Title/Abstract] OR ""stratum corneum""[Title/Abstract] OR ""topical""[Title/Abstract] OR ""transepidermal water loss""[Title/Abstract] OR ""water loss""[Title/Abstract] OR ""xerosis""[Title/Abstract])",,0,,0,,,,,,,,0,[],no_expanded_pubmed_candidate,not_found,none,2026-07-12,mwbl-missing-effect-search-v1
sodium_acetylated_hyaluronate,소듐아세틸레이티드하이알루로네이트,Sodium Acetylated Hyaluronate,effect_moisture_barrier,보습·장벽,"(""Sodium Acetylated Hyaluronate""[Title/Abstract]) AND (""barrier function""[Title/Abstract] OR ""corneocyte""[Title/Abstract] OR ""cosmetic""[Title/Abstract] OR ""cutaneous""[Title/Abstract] OR ""dermal""[Title/Abstract] OR ""dermatitis""[Title/Abstract] OR ""dermatology""[Title/Abstract] OR ""dry skin""[Title/Abstract] OR ""epidermal""[Title/Abstract] OR ""epidermis""[Title/Abstract] OR ""humectant""[Title/Abstract] OR ""hydration""[Title/Abstract] OR ""keratinocyte""[Title/Abstract] OR ""moisture""[Title/Abstract] OR ""moisturising""[Title/Abstract] OR ""moisturizing""[Title/Abstract] OR ""occlusive""[Title/Abstract] OR ""skin""[Title/Abstract] OR ""skin barrier""[Title/Abstract] OR ""skin water content""[Title/Abstract] OR ""stratum corneum""[Title/Abstract] OR ""topical""[Title/Abstract] OR ""transepidermal water loss""[Title/Abstract] OR ""water loss""[Title/Abstract] OR ""xerosis""[Title/Abstract])",34708918,1,,0,,,,,,,,0,[],no_expanded_pubmed_candidate,not_found,none,2026-07-12,mwbl-missing-effect-search-v1
sodium_caproyl_lauroyl_lactylate,소듐카프로일/라우로일락틸레이트,Sodium Caproyl/Lauroyl Lactylate,effect_acne_sebum,여드름·피지,"(""Sodium Caproyl/Lauroyl Lactylate""[Title/Abstract] OR ""sodium caproyl lauroyl lactylate""[Title/Abstract]) AND (""acne""[Title/Abstract] OR ""comedogenic""[Title/Abstract] OR ""comedone""[Title/Abstract] OR ""corneocyte""[Title/Abstract] OR ""cosmetic""[Title/Abstract] OR ""cutaneous""[Title/Abstract] OR ""cutibacterium acnes""[Title/Abstract] OR ""dermal""[Title/Abstract] OR ""dermatitis""[Title/Abstract] OR ""dermatology""[Title/Abstract] OR ""epidermal""[Title/Abstract] OR ""epidermis""[Title/Abstract] OR ""keratinocyte""[Title/Abstract] OR ""propionibacterium acnes""[Title/Abstract] OR ""sebaceous""[Title/Abstract] OR ""sebum""[Title/Abstract] OR ""skin""[Title/Abstract] OR ""stratum corneum""[Title/Abstract] OR ""topical""[Title/Abstract])",39039928,1,,0,,,,,,,,0,[],no_expanded_pubmed_candidate,not_found,none,2026-07-12,mwbl-missing-effect-search-v1
sodium_dilauramidoglutamide_lysine,소듐다이라우미도글루타미드라이신,Sodium Dilauramidoglutamide Lysine,effect_moisture_barrier,보습·장벽,"(""Sodium Dilauramidoglutamide Lysine""[Title/Abstract]) AND (""barrier function""[Title/Abstract] OR ""corneocyte""[Title/Abstract] OR ""cosmetic""[Title/Abstract] OR ""cutaneous""[Title/Abstract] OR ""dermal""[Title/Abstract] OR ""dermatitis""[Title/Abstract] OR ""dermatology""[Title/Abstract] OR ""dry skin""[Title/Abstract] OR ""epidermal""[Title/Abstract] OR ""epidermis""[Title/Abstract] OR ""humectant""[Title/Abstract] OR ""hydration""[Title/Abstract] OR ""keratinocyte""[Title/Abstract] OR ""moisture""[Title/Abstract] OR ""moisturising""[Title/Abstract] OR ""moisturizing""[Title/Abstract] OR ""occlusive""[Title/Abstract] OR ""skin""[Title/Abstract] OR ""skin barrier""[Title/Abstract] OR ""skin water content""[Title/Abstract] OR ""stratum corneum""[Title/Abstract] OR ""topical""[Title/Abstract] OR ""transepidermal water loss""[Title/Abstract] OR ""water loss""[Title/Abstract] OR ""xerosis""[Title/Abstract])",40187708|38802988|23291444,3,,0,,,,,,,,0,[],no_expanded_pubmed_candidate,not_found,none,2026-07-12,mwbl-missing-effect-search-v1
sodium_glucuronate,소듐글루쿠로네이트,Sodium Glucuronate,effect_moisture_barrier,보습·장벽,"(""Sodium Glucuronate""[Title/Abstract]) AND (""barrier function""[Title/Abstract] OR ""corneocyte""[Title/Abstract] OR ""cosmetic""[Title/Abstract] OR ""cutaneous""[Title/Abstract] OR ""dermal""[Title/Abstract] OR ""dermatitis""[Title/Abstract] OR ""dermatology""[Title/Abstract] OR ""dry skin""[Title/Abstract] OR ""epidermal""[Title/Abstract] OR ""epidermis""[Title/Abstract] OR ""humectant""[Title/Abstract] OR ""hydration""[Title/Abstract] OR ""keratinocyte""[Title/Abstract] OR ""moisture""[Title/Abstract] OR ""moisturising""[Title/Abstract] OR ""moisturizing""[Title/Abstract] OR ""occlusive""[Title/Abstract] OR ""skin""[Title/Abstract] OR ""skin barrier""[Title/Abstract] OR ""skin water content""[Title/Abstract] OR ""stratum corneum""[Title/Abstract] OR ""topical""[Title/Abstract] OR ""transepidermal water loss""[Title/Abstract] OR ""water loss""[Title/Abstract] OR ""xerosis""[Title/Abstract])",,0,,0,,,,,,,,0,[],no_expanded_pubmed_candidate,not_found,none,2026-07-12,mwbl-missing-effect-search-v1
sodium_hyaluronate_crosspolymer,소듐하이알루로네이트크로스폴리머,Sodium Hyaluronate Crosspolymer,effect_moisture_barrier,보습·장벽,"(""Sodium Hyaluronate Crosspolymer""[Title/Abstract]) AND (""barrier function""[Title/Abstract] OR ""corneocyte""[Title/Abstract] OR ""cosmetic""[Title/Abstract] OR ""cutaneous""[Title/Abstract] OR ""dermal""[Title/Abstract] OR ""dermatitis""[Title/Abstract] OR ""dermatology""[Title/Abstract] OR ""dry skin""[Title/Abstract] OR ""epidermal""[Title/Abstract] OR ""epidermis""[Title/Abstract] OR ""humectant""[Title/Abstract] OR ""hydration""[Title/Abstract] OR ""keratinocyte""[Title/Abstract] OR ""moisture""[Title/Abstract] OR ""moisturising""[Title/Abstract] OR ""moisturizing""[Title/Abstract] OR ""occlusive""[Title/Abstract] OR ""skin""[Title/Abstract] OR ""skin barrier""[Title/Abstract] OR ""skin water content""[Title/Abstract] OR ""stratum corneum""[Title/Abstract] OR ""topical""[Title/Abstract] OR ""transepidermal water loss""[Title/Abstract] OR ""water loss""[Title/Abstract] OR ""xerosis""[Title/Abstract])",,0,,0,,,,,,,,0,[],no_expanded_pubmed_candidate,not_found,none,2026-07-12,mwbl-missing-effect-search-v1
sodium_hyaluronate_dimethylsilanol,소듐하이알루로네이트다이메틸실란올,Sodium Hyaluronate Dimethylsilanol,effect_moisture_barrier,보습·장벽,"(""Sodium Hyaluronate Dimethylsilanol""[Title/Abstract]) AND (""barrier function""[Title/Abstract] OR ""corneocyte""[Title/Abstract] OR ""cosmetic""[Title/Abstract] OR ""cutaneous""[Title/Abstract] OR ""dermal""[Title/Abstract] OR ""dermatitis""[Title/Abstract] OR ""dermatology""[Title/Abstract] OR ""dry skin""[Title/Abstract] OR ""epidermal""[Title/Abstract] OR ""epidermis""[Title/Abstract] OR ""humectant""[Title/Abstract] OR ""hydration""[Title/Abstract] OR ""keratinocyte""[Title/Abstract] OR ""moisture""[Title/Abstract] OR ""moisturising""[Title/Abstract] OR ""moisturizing""[Title/Abstract] OR ""occlusive""[Title/Abstract] OR ""skin""[Title/Abstract] OR ""skin barrier""[Title/Abstract] OR ""skin water content""[Title/Abstract] OR ""stratum corneum""[Title/Abstract] OR ""topical""[Title/Abstract] OR ""transepidermal water loss""[Title/Abstract] OR ""water loss""[Title/Abstract] OR ""xerosis""[Title/Abstract])",,0,,0,,,,,,,,0,[],no_expanded_pubmed_candidate,not_found,none,2026-07-12,mwbl-missing-effect-search-v1
sodium_lactate,소듐락테이트,Sodium Lactate,effect_moisture_barrier,보습·장벽,"(""Sodium Lactate""[Title/Abstract]) AND (""barrier function""[Title/Abstract] OR ""corneocyte""[Title/Abstract] OR ""cosmetic""[Title/Abstract] OR ""cutaneous""[Title/Abstract] OR ""dermal""[Title/Abstract] OR ""dermatitis""[Title/Abstract] OR ""dermatology""[Title/Abstract] OR ""dry skin""[Title/Abstract] OR ""epidermal""[Title/Abstract] OR ""epidermis""[Title/Abstract] OR ""humectant""[Title/Abstract] OR ""hydration""[Title/Abstract] OR ""keratinocyte""[Title/Abstract] OR ""moisture""[Title/Abstract] OR ""moisturising""[Title/Abstract] OR ""moisturizing""[Title/Abstract] OR ""occlusive""[Title/Abstract] OR ""skin""[Title/Abstract] OR ""skin barrier""[Title/Abstract] OR ""skin water content""[Title/Abstract] OR ""stratum corneum""[Title/Abstract] OR ""topical""[Title/Abstract] OR ""transepidermal water loss""[Title/Abstract] OR ""water loss""[Title/Abstract] OR ""xerosis""[Title/Abstract])",42296657|42248364|42289724|42191694|42109031|41417686|41750955|40929818|41059623|39675633|38051949|37350860|33542142|36278667|36221362|30677618|30237745|25672811|25125153|24749906|23992500|23905792|22000639|21771099|20181879|18304049|17179430|15582208|15330535|22063246|11347993|10420020|22061305|31121747|31071889|1445762|1777385|1844999|2146903|3964608|6709798|6709797|7329340|7436371,44,22061305|42191694,2,8,review_or_reference,title_exact,abstract_effect,reference_only,22061305,Sodium lactate and protective culture effects on quality characteristics and shelf-life of low-fat frankfurters produced with olive oil.,15,"[{""pmid"":""22061305"",""title"":""Sodium lactate and protective culture effects on quality characteristics and shelf-life of low-fat frankfurters produced with olive oil."",""tier"":8,""relation_scope"":""title_exact"",""effect_match_scope"":""abstract_effect"",""applicability"":""reference_only"",""signal_score"":15},{""pmid"":""42191694"",""title"":""Skin-mimicking biogel-based iontronic sensor with hierarchical bionic coupling for dexterous tactile e-skin."",""tier"":8,""relation_scope"":""abstract_exact"",""effect_match_scope"":""abstract_effect"",""applicability"":""reference_only"",""signal_score"":10}]",expanded_candidate_found,candidate_unverified,none,2026-07-12,mwbl-missing-effect-search-v1
sodium_mannose_phosphate,소듐만노오스포스페이트,Sodium Mannose Phosphate,effect_moisture_barrier,보습·장벽,"(""Sodium Mannose Phosphate""[Title/Abstract]) AND (""barrier function""[Title/Abstract] OR ""corneocyte""[Title/Abstract] OR ""cosmetic""[Title/Abstract] OR ""cutaneous""[Title/Abstract] OR ""dermal""[Title/Abstract] OR ""dermatitis""[Title/Abstract] OR ""dermatology""[Title/Abstract] OR ""dry skin""[Title/Abstract] OR ""epidermal""[Title/Abstract] OR ""epidermis""[Title/Abstract] OR ""humectant""[Title/Abstract] OR ""hydration""[Title/Abstract] OR ""keratinocyte""[Title/Abstract] OR ""moisture""[Title/Abstract] OR ""moisturising""[Title/Abstract] OR ""moisturizing""[Title/Abstract] OR ""occlusive""[Title/Abstract] OR ""skin""[Title/Abstract] OR ""skin barrier""[Title/Abstract] OR ""skin water content""[Title/Abstract] OR ""stratum corneum""[Title/Abstract] OR ""topical""[Title/Abstract] OR ""transepidermal water loss""[Title/Abstract] OR ""water loss""[Title/Abstract] OR ""xerosis""[Title/Abstract])",39046084,1,,0,,,,,,,,0,[],no_expanded_pubmed_candidate,not_found,none,2026-07-12,mwbl-missing-effect-search-v1
sodium_nitrate,소듐나이트레이트,Sodium Nitrate,effect_calming,진정,"(""Sodium Nitrate""[Title/Abstract]) AND (""anti-inflammatory""[Title/Abstract] OR ""corneocyte""[Title/Abstract] OR ""cosmetic""[Title/Abstract] OR ""cutaneous""[Title/Abstract] OR ""dermal""[Title/Abstract] OR ""dermatitis""[Title/Abstract] OR ""dermatology""[Title/Abstract] OR ""epidermal""[Title/Abstract] OR ""epidermis""[Title/Abstract] OR ""erythema""[Title/Abstract] OR ""inflammation""[Title/Abstract] OR ""irritation""[Title/Abstract] OR ""keratinocyte""[Title/Abstract] OR ""pruritus""[Title/Abstract] OR ""redness""[Title/Abstract] OR ""sensitive skin""[Title/Abstract] OR ""skin""[Title/Abstract] OR ""stratum corneum""[Title/Abstract] OR ""topical""[Title/Abstract] OR ""wound healing""[Title/Abstract])",42292745|42253046|41579600|41034188|40023200|39631601|39256735|38975527|38474248|38568830|38110180|38647901|36812497|36313181|34696904|35019006|35316142|34581269|34312349|34198661|34070170|33360353|32449521|32646062|32043404|30980891|30219361|30245293|30118808|29807972|29432804|28952199|30524554|26724532|26437761|25261566|24607044|24506719|23760291|23650378|23462010|22422321|21737925|19126306|17469272|17275683|15201293|14702114|22061290|8406086|6697439|6049006,52,,0,,,,,,,,0,[],no_expanded_pubmed_candidate,not_found,none,2026-07-12,mwbl-missing-effect-search-v1
sodium_polyacrylate,소듐폴리아크릴레이트,Sodium Polyacrylate,effect_moisture_barrier,보습·장벽,"(""Sodium Polyacrylate""[Title/Abstract]) AND (""barrier function""[Title/Abstract] OR ""corneocyte""[Title/Abstract] OR ""cosmetic""[Title/Abstract] OR ""cutaneous""[Title/Abstract] OR ""dermal""[Title/Abstract] OR ""dermatitis""[Title/Abstract] OR ""dermatology""[Title/Abstract] OR ""dry skin""[Title/Abstract] OR ""epidermal""[Title/Abstract] OR ""epidermis""[Title/Abstract] OR ""humectant""[Title/Abstract] OR ""hydration""[Title/Abstract] OR ""keratinocyte""[Title/Abstract] OR ""moisture""[Title/Abstract] OR ""moisturising""[Title/Abstract] OR ""moisturizing""[Title/Abstract] OR ""occlusive""[Title/Abstract] OR ""skin""[Title/Abstract] OR ""skin barrier""[Title/Abstract] OR ""skin water content""[Title/Abstract] OR ""stratum corneum""[Title/Abstract] OR ""topical""[Title/Abstract] OR ""transepidermal water loss""[Title/Abstract] OR ""water loss""[Title/Abstract] OR ""xerosis""[Title/Abstract])",41976638|41318655|40870080|40732782|40210136|40346294|40219298|39992143|39180451|39898534|39780651|39476626|39824897|39264125|39426773|39187930|39377318|39374715|38876472|38673277|37872249|37233375|37242647|36745638|36575881|36454694|36497626|35808782|35683926|34473428|34143387|34667494|33255058|32991961|32597168|31955579|31856369|31513416|31317432|30080559|29680628|29448637|28813691|27710845|26000558|20423811|16716974|16633598|14602184|11897430|11162727|10425370,52,,0,,,,,,,,0,[],no_expanded_pubmed_candidate,not_found,none,2026-07-12,mwbl-missing-effect-search-v1
sodium_polyaspartate,소듐폴리아스파테이트,Sodium Polyaspartate,effect_moisture_barrier,보습·장벽,"(""Sodium Polyaspartate""[Title/Abstract]) AND (""barrier function""[Title/Abstract] OR ""corneocyte""[Title/Abstract] OR ""cosmetic""[Title/Abstract] OR ""cutaneous""[Title/Abstract] OR ""dermal""[Title/Abstract] OR ""dermatitis""[Title/Abstract] OR ""dermatology""[Title/Abstract] OR ""dry skin""[Title/Abstract] OR ""epidermal""[Title/Abstract] OR ""epidermis""[Title/Abstract] OR ""humectant""[Title/Abstract] OR ""hydration""[Title/Abstract] OR ""keratinocyte""[Title/Abstract] OR ""moisture""[Title/Abstract] OR ""moisturising""[Title/Abstract] OR ""moisturizing""[Title/Abstract] OR ""occlusive""[Title/Abstract] OR ""skin""[Title/Abstract] OR ""skin barrier""[Title/Abstract] OR ""skin water content""[Title/Abstract] OR ""stratum corneum""[Title/Abstract] OR ""topical""[Title/Abstract] OR ""transepidermal water loss""[Title/Abstract] OR ""water loss""[Title/Abstract] OR ""xerosis""[Title/Abstract])",,0,,0,,,,,,,,0,[],no_expanded_pubmed_candidate,not_found,none,2026-07-12,mwbl-missing-effect-search-v1
sodium_polyglutamate,소듐폴리글루타메이트,Sodium Polyglutamate,effect_moisture_barrier,보습·장벽,"(""Sodium Polyglutamate""[Title/Abstract]) AND (""barrier function""[Title/Abstract] OR ""corneocyte""[Title/Abstract] OR ""cosmetic""[Title/Abstract] OR ""cutaneous""[Title/Abstract] OR ""dermal""[Title/Abstract] OR ""dermatitis""[Title/Abstract] OR ""dermatology""[Title/Abstract] OR ""dry skin""[Title/Abstract] OR ""epidermal""[Title/Abstract] OR ""epidermis""[Title/Abstract] OR ""humectant""[Title/Abstract] OR ""hydration""[Title/Abstract] OR ""keratinocyte""[Title/Abstract] OR ""moisture""[Title/Abstract] OR ""moisturising""[Title/Abstract] OR ""moisturizing""[Title/Abstract] OR ""occlusive""[Title/Abstract] OR ""skin""[Title/Abstract] OR ""skin barrier""[Title/Abstract] OR ""skin water content""[Title/Abstract] OR ""stratum corneum""[Title/Abstract] OR ""topical""[Title/Abstract] OR ""transepidermal water loss""[Title/Abstract] OR ""water loss""[Title/Abstract] OR ""xerosis""[Title/Abstract])",,0,,0,,,,,,,,0,[],no_expanded_pubmed_candidate,not_found,none,2026-07-12,mwbl-missing-effect-search-v1
sparassis_crispa_extract,꽃송이버섯추출물,Sparassis Crispa Extract,effect_moisture_barrier,보습·장벽,"(""Sparassis Crispa Extract""[Title/Abstract]) AND (""barrier function""[Title/Abstract] OR ""corneocyte""[Title/Abstract] OR ""cosmetic""[Title/Abstract] OR ""cutaneous""[Title/Abstract] OR ""dermal""[Title/Abstract] OR ""dermatitis""[Title/Abstract] OR ""dermatology""[Title/Abstract] OR ""dry skin""[Title/Abstract] OR ""epidermal""[Title/Abstract] OR ""epidermis""[Title/Abstract] OR ""humectant""[Title/Abstract] OR ""hydration""[Title/Abstract] OR ""keratinocyte""[Title/Abstract] OR ""moisture""[Title/Abstract] OR ""moisturising""[Title/Abstract] OR ""moisturizing""[Title/Abstract] OR ""occlusive""[Title/Abstract] OR ""skin""[Title/Abstract] OR ""skin barrier""[Title/Abstract] OR ""skin water content""[Title/Abstract] OR ""stratum corneum""[Title/Abstract] OR ""topical""[Title/Abstract] OR ""transepidermal water loss""[Title/Abstract] OR ""water loss""[Title/Abstract] OR ""xerosis""[Title/Abstract])",,0,,0,,,,,,,,0,[],no_expanded_pubmed_candidate,not_found,none,2026-07-12,mwbl-missing-effect-search-v1
stearyl_alcohol,스테아릴알코올,Stearyl Alcohol,effect_moisture_barrier,보습·장벽,"(""Stearyl Alcohol""[Title/Abstract]) AND (""barrier function""[Title/Abstract] OR ""corneocyte""[Title/Abstract] OR ""cosmetic""[Title/Abstract] OR ""cutaneous""[Title/Abstract] OR ""dermal""[Title/Abstract] OR ""dermatitis""[Title/Abstract] OR ""dermatology""[Title/Abstract] OR ""dry skin""[Title/Abstract] OR ""epidermal""[Title/Abstract] OR ""epidermis""[Title/Abstract] OR ""humectant""[Title/Abstract] OR ""hydration""[Title/Abstract] OR ""keratinocyte""[Title/Abstract] OR ""moisture""[Title/Abstract] OR ""moisturising""[Title/Abstract] OR ""moisturizing""[Title/Abstract] OR ""occlusive""[Title/Abstract] OR ""skin""[Title/Abstract] OR ""skin barrier""[Title/Abstract] OR ""skin water content""[Title/Abstract] OR ""stratum corneum""[Title/Abstract] OR ""topical""[Title/Abstract] OR ""transepidermal water loss""[Title/Abstract] OR ""water loss""[Title/Abstract] OR ""xerosis""[Title/Abstract])",42242705|41444726|40739062|38379124|38435100|36855538|36705648|36136000|35174533|34761931|34214318|32091462|33759209|32835910|32362159|31711663|32063795|29785791|29775655|29464717|28703348|26349686|25040714|24127836|23064772|20055101|18058303|16222866|15608996|18494913|11722503|9713257|9034687|8864995|2145129|233882|4414163|4814942,38,,0,,,,,,,,0,[],no_expanded_pubmed_candidate,not_found,none,2026-07-12,mwbl-missing-effect-search-v1
stearyl_palmitate,스테아릴팔미테이트,Stearyl Palmitate,effect_moisture_barrier,보습·장벽,"(""Stearyl Palmitate""[Title/Abstract]) AND (""barrier function""[Title/Abstract] OR ""corneocyte""[Title/Abstract] OR ""cosmetic""[Title/Abstract] OR ""cutaneous""[Title/Abstract] OR ""dermal""[Title/Abstract] OR ""dermatitis""[Title/Abstract] OR ""dermatology""[Title/Abstract] OR ""dry skin""[Title/Abstract] OR ""epidermal""[Title/Abstract] OR ""epidermis""[Title/Abstract] OR ""humectant""[Title/Abstract] OR ""hydration""[Title/Abstract] OR ""keratinocyte""[Title/Abstract] OR ""moisture""[Title/Abstract] OR ""moisturising""[Title/Abstract] OR ""moisturizing""[Title/Abstract] OR ""occlusive""[Title/Abstract] OR ""skin""[Title/Abstract] OR ""skin barrier""[Title/Abstract] OR ""skin water content""[Title/Abstract] OR ""stratum corneum""[Title/Abstract] OR ""topical""[Title/Abstract] OR ""transepidermal water loss""[Title/Abstract] OR ""water loss""[Title/Abstract] OR ""xerosis""[Title/Abstract])",31152353|23064772,2,,0,,,,,,,,0,[],no_expanded_pubmed_candidate,not_found,none,2026-07-12,mwbl-missing-effect-search-v1
streptococcus_thermophilus_ferment,스트렙토코쿠스 테르모필루스발효물,Streptococcus Thermophilus Ferment,effect_moisture_barrier,보습·장벽,"(""Streptococcus Thermophilus Ferment""[Title/Abstract]) AND (""barrier function""[Title/Abstract] OR ""corneocyte""[Title/Abstract] OR ""cosmetic""[Title/Abstract] OR ""cutaneous""[Title/Abstract] OR ""dermal""[Title/Abstract] OR ""dermatitis""[Title/Abstract] OR ""dermatology""[Title/Abstract] OR ""dry skin""[Title/Abstract] OR ""epidermal""[Title/Abstract] OR ""epidermis""[Title/Abstract] OR ""humectant""[Title/Abstract] OR ""hydration""[Title/Abstract] OR ""keratinocyte""[Title/Abstract] OR ""moisture""[Title/Abstract] OR ""moisturising""[Title/Abstract] OR ""moisturizing""[Title/Abstract] OR ""occlusive""[Title/Abstract] OR ""skin""[Title/Abstract] OR ""skin barrier""[Title/Abstract] OR ""skin water content""[Title/Abstract] OR ""stratum corneum""[Title/Abstract] OR ""topical""[Title/Abstract] OR ""transepidermal water loss""[Title/Abstract] OR ""water loss""[Title/Abstract] OR ""xerosis""[Title/Abstract])",,0,,0,,,,,,,,0,[],no_expanded_pubmed_candidate,not_found,none,2026-07-12,mwbl-missing-effect-search-v1
sulfated_castor_oil,설페이티드캐스터오일,Sulfated Castor Oil,effect_moisture_barrier,보습·장벽,"(""Sulfated Castor Oil""[Title/Abstract]) AND (""barrier function""[Title/Abstract] OR ""corneocyte""[Title/Abstract] OR ""cosmetic""[Title/Abstract] OR ""cutaneous""[Title/Abstract] OR ""dermal""[Title/Abstract] OR ""dermatitis""[Title/Abstract] OR ""dermatology""[Title/Abstract] OR ""dry skin""[Title/Abstract] OR ""epidermal""[Title/Abstract] OR ""epidermis""[Title/Abstract] OR ""humectant""[Title/Abstract] OR ""hydration""[Title/Abstract] OR ""keratinocyte""[Title/Abstract] OR ""moisture""[Title/Abstract] OR ""moisturising""[Title/Abstract] OR ""moisturizing""[Title/Abstract] OR ""occlusive""[Title/Abstract] OR ""skin""[Title/Abstract] OR ""skin barrier""[Title/Abstract] OR ""skin water content""[Title/Abstract] OR ""stratum corneum""[Title/Abstract] OR ""topical""[Title/Abstract] OR ""transepidermal water loss""[Title/Abstract] OR ""water loss""[Title/Abstract] OR ""xerosis""[Title/Abstract])",,0,,0,,,,,,,,0,[],no_expanded_pubmed_candidate,not_found,none,2026-07-12,mwbl-missing-effect-search-v1
swertia_chirata_extract,키라야타추출물,Swertia Chirata Extract,effect_moisture_barrier,보습·장벽,"(""Swertia Chirata Extract""[Title/Abstract]) AND (""barrier function""[Title/Abstract] OR ""corneocyte""[Title/Abstract] OR ""cosmetic""[Title/Abstract] OR ""cutaneous""[Title/Abstract] OR ""dermal""[Title/Abstract] OR ""dermatitis""[Title/Abstract] OR ""dermatology""[Title/Abstract] OR ""dry skin""[Title/Abstract] OR ""epidermal""[Title/Abstract] OR ""epidermis""[Title/Abstract] OR ""humectant""[Title/Abstract] OR ""hydration""[Title/Abstract] OR ""keratinocyte""[Title/Abstract] OR ""moisture""[Title/Abstract] OR ""moisturising""[Title/Abstract] OR ""moisturizing""[Title/Abstract] OR ""occlusive""[Title/Abstract] OR ""skin""[Title/Abstract] OR ""skin barrier""[Title/Abstract] OR ""skin water content""[Title/Abstract] OR ""stratum corneum""[Title/Abstract] OR ""topical""[Title/Abstract] OR ""transepidermal water loss""[Title/Abstract] OR ""water loss""[Title/Abstract] OR ""xerosis""[Title/Abstract])",,0,,0,,,,,,,,0,[],no_expanded_pubmed_candidate,not_found,none,2026-07-12,mwbl-missing-effect-search-v1
symphytum_officinale_root_extract,컴프리뿌리추출물,Symphytum Officinale Root Extract,effect_acne_sebum,여드름·피지,"(""Symphytum Officinale Root Extract""[Title/Abstract]) AND (""acne""[Title/Abstract] OR ""anti-inflammatory""[Title/Abstract] OR ""comedogenic""[Title/Abstract] OR ""comedone""[Title/Abstract] OR ""corneocyte""[Title/Abstract] OR ""cosmetic""[Title/Abstract] OR ""cutaneous""[Title/Abstract] OR ""cutibacterium acnes""[Title/Abstract] OR ""dermal""[Title/Abstract] OR ""dermatitis""[Title/Abstract] OR ""dermatology""[Title/Abstract] OR ""epidermal""[Title/Abstract] OR ""epidermis""[Title/Abstract] OR ""erythema""[Title/Abstract] OR ""inflammation""[Title/Abstract] OR ""irritation""[Title/Abstract] OR ""keratinocyte""[Title/Abstract] OR ""propionibacterium acnes""[Title/Abstract] OR ""pruritus""[Title/Abstract] OR ""redness""[Title/Abstract] OR ""sebaceous""[Title/Abstract] OR ""sebum""[Title/Abstract] OR ""sensitive skin""[Title/Abstract] OR ""skin""[Title/Abstract] OR ""stratum corneum""[Title/Abstract] OR ""topical""[Title/Abstract] OR ""wound healing""[Title/Abstract])",,0,,0,,,,,,,,0,[],no_expanded_pubmed_candidate,not_found,none,2026-07-12,mwbl-missing-effect-search-v1
symphytum_officinale_root_extract,컴프리뿌리추출물,Symphytum Officinale Root Extract,effect_calming,진정,"(""Symphytum Officinale Root Extract""[Title/Abstract]) AND (""acne""[Title/Abstract] OR ""anti-inflammatory""[Title/Abstract] OR ""comedogenic""[Title/Abstract] OR ""comedone""[Title/Abstract] OR ""corneocyte""[Title/Abstract] OR ""cosmetic""[Title/Abstract] OR ""cutaneous""[Title/Abstract] OR ""cutibacterium acnes""[Title/Abstract] OR ""dermal""[Title/Abstract] OR ""dermatitis""[Title/Abstract] OR ""dermatology""[Title/Abstract] OR ""epidermal""[Title/Abstract] OR ""epidermis""[Title/Abstract] OR ""erythema""[Title/Abstract] OR ""inflammation""[Title/Abstract] OR ""irritation""[Title/Abstract] OR ""keratinocyte""[Title/Abstract] OR ""propionibacterium acnes""[Title/Abstract] OR ""pruritus""[Title/Abstract] OR ""redness""[Title/Abstract] OR ""sebaceous""[Title/Abstract] OR ""sebum""[Title/Abstract] OR ""sensitive skin""[Title/Abstract] OR ""skin""[Title/Abstract] OR ""stratum corneum""[Title/Abstract] OR ""topical""[Title/Abstract] OR ""wound healing""[Title/Abstract])",,0,,0,,,,,,,,0,[],no_expanded_pubmed_candidate,not_found,none,2026-07-12,mwbl-missing-effect-search-v1
talc,탤크,Talc,effect_moisture_barrier,보습·장벽,"(""Talc""[Title/Abstract]) AND (""barrier function""[Title/Abstract] OR ""corneocyte""[Title/Abstract] OR ""cosmetic""[Title/Abstract] OR ""cutaneous""[Title/Abstract] OR ""dermal""[Title/Abstract] OR ""dermatitis""[Title/Abstract] OR ""dermatology""[Title/Abstract] OR ""dry skin""[Title/Abstract] OR ""epidermal""[Title/Abstract] OR ""epidermis""[Title/Abstract] OR ""humectant""[Title/Abstract] OR ""hydration""[Title/Abstract] OR ""keratinocyte""[Title/Abstract] OR ""moisture""[Title/Abstract] OR ""moisturising""[Title/Abstract] OR ""moisturizing""[Title/Abstract] OR ""occlusive""[Title/Abstract] OR ""skin""[Title/Abstract] OR ""skin barrier""[Title/Abstract] OR ""skin water content""[Title/Abstract] OR ""stratum corneum""[Title/Abstract] OR ""topical""[Title/Abstract] OR ""transepidermal water loss""[Title/Abstract] OR ""water loss""[Title/Abstract] OR ""xerosis""[Title/Abstract])",42409139|42363609|42000348|41903566|41564430|41610408|41556290|41409111|41394341|40818725|40731136|41009160|40920366|40978977|39961998|40430918|40274964|40210316|39003755|42085541|38868996|38616707|38995139|38380684|38912010|38097815|38009737|37527434|37842500|37429725|37608907|37158686|37158685|37158684|36653798|36431780|36377135|36377134|35417884|36227690|35341441|34802642|34683893|34657027|34411305|33641519|34401315|34140992|33617892|32816595|33801536|33038019|33281454|33266418|32492522|32297681|32297667|32175619|32571118|31879957|32340125|31593652|31868762|31815813|31815812|31609780|31744195|31874570|31614435|30980426|31851545|31847624|31335429|31291926|31095409|31177715|31380702|30638645|31736386|29859223|30122133|31360845|29863322|32625839|28994154|28771845|29464998|28813206|28959693|28928841|29124998|29039209|29039232|32104338|27393372|28651470|27282915|28717073|28352826|27566382,100,33038019|38097815,2,7,in_vitro,abstract_exact,abstract_effect,mechanistic,33038019,Mesoporous magnesium carbonate for use in powder cosmetics.,20,"[{""pmid"":""33038019"",""title"":""Mesoporous magnesium carbonate for use in powder cosmetics."",""tier"":7,""relation_scope"":""abstract_exact"",""effect_match_scope"":""abstract_effect"",""applicability"":""mechanistic"",""signal_score"":20},{""pmid"":""38097815"",""title"":""Assessment of worst-case potential airborne asbestos exposure associated with the use of cosmetic talc: application of an exponential decay model."",""tier"":8,""relation_scope"":""title_exact"",""effect_match_scope"":""abstract_effect"",""applicability"":""combination_or_formulation"",""signal_score"":10}]",expanded_candidate_found,candidate_unverified,none,2026-07-12,mwbl-missing-effect-search-v1
tamarindus_indica_extract,타마린드추출물,Tamarindus Indica Extract,effect_exfoliation,각질,"(""Tamarindus Indica Extract""[Title/Abstract]) AND (""cell turnover""[Title/Abstract] OR ""corneocyte""[Title/Abstract] OR ""cosmetic""[Title/Abstract] OR ""cutaneous""[Title/Abstract] OR ""dermal""[Title/Abstract] OR ""dermatitis""[Title/Abstract] OR ""dermatology""[Title/Abstract] OR ""desquamation""[Title/Abstract] OR ""epidermal""[Title/Abstract] OR ""epidermis""[Title/Abstract] OR ""exfoliation""[Title/Abstract] OR ""keratinization""[Title/Abstract] OR ""keratinocyte""[Title/Abstract] OR ""peeling""[Title/Abstract] OR ""skin""[Title/Abstract] OR ""skin roughness""[Title/Abstract] OR ""stratum corneum""[Title/Abstract] OR ""topical""[Title/Abstract])",,0,,0,,,,,,,,0,[],no_expanded_pubmed_candidate,not_found,none,2026-07-12,mwbl-missing-effect-search-v1
taraxacum_officinale_dandelion_rhizome_root_extract,서양민들레뿌리줄기/뿌리추출물,Taraxacum Officinale (Dandelion) Rhizome/Root Extract,effect_calming,진정,"(""Taraxacum Officinale (Dandelion) Rhizome/Root Extract""[Title/Abstract] OR ""taraxacum officinale dandelion rhizome root extract""[Title/Abstract]) AND (""anti-inflammatory""[Title/Abstract] OR ""corneocyte""[Title/Abstract] OR ""cosmetic""[Title/Abstract] OR ""cutaneous""[Title/Abstract] OR ""dermal""[Title/Abstract] OR ""dermatitis""[Title/Abstract] OR ""dermatology""[Title/Abstract] OR ""epidermal""[Title/Abstract] OR ""epidermis""[Title/Abstract] OR ""erythema""[Title/Abstract] OR ""inflammation""[Title/Abstract] OR ""irritation""[Title/Abstract] OR ""keratinocyte""[Title/Abstract] OR ""pruritus""[Title/Abstract] OR ""redness""[Title/Abstract] OR ""sensitive skin""[Title/Abstract] OR ""skin""[Title/Abstract] OR ""stratum corneum""[Title/Abstract] OR ""topical""[Title/Abstract] OR ""wound healing""[Title/Abstract])",,0,,0,,,,,,,,0,[],no_expanded_pubmed_candidate,not_found,none,2026-07-12,mwbl-missing-effect-search-v1
terminalia_ferdinandiana_fruit_extract,카카두플럼추출물,Terminalia Ferdinandiana Fruit Extract,effect_brightening,미백·톤,"(""Terminalia Ferdinandiana Fruit Extract""[Title/Abstract]) AND (""corneocyte""[Title/Abstract] OR ""cosmetic""[Title/Abstract] OR ""cutaneous""[Title/Abstract] OR ""dark spot""[Title/Abstract] OR ""dermal""[Title/Abstract] OR ""dermatitis""[Title/Abstract] OR ""dermatology""[Title/Abstract] OR ""epidermal""[Title/Abstract] OR ""epidermis""[Title/Abstract] OR ""hyperpigmentation""[Title/Abstract] OR ""keratinocyte""[Title/Abstract] OR ""melanin""[Title/Abstract] OR ""melanogenesis""[Title/Abstract] OR ""melasma""[Title/Abstract] OR ""pigmentation""[Title/Abstract] OR ""skin""[Title/Abstract] OR ""skin lightening""[Title/Abstract] OR ""skin whitening""[Title/Abstract] OR ""stratum corneum""[Title/Abstract] OR ""topical""[Title/Abstract] OR ""tyrosinase""[Title/Abstract])",,0,,0,,,,,,,,0,[],no_expanded_pubmed_candidate,not_found,none,2026-07-12,mwbl-missing-effect-search-v1
thuja_occidentalis_leaf_extract,서양측백나무잎추출물,Thuja Occidentalis Leaf Extract,effect_brightening,미백·톤,"(""Thuja Occidentalis Leaf Extract""[Title/Abstract]) AND (""corneocyte""[Title/Abstract] OR ""cosmetic""[Title/Abstract] OR ""cutaneous""[Title/Abstract] OR ""dark spot""[Title/Abstract] OR ""dermal""[Title/Abstract] OR ""dermatitis""[Title/Abstract] OR ""dermatology""[Title/Abstract] OR ""epidermal""[Title/Abstract] OR ""epidermis""[Title/Abstract] OR ""hyperpigmentation""[Title/Abstract] OR ""keratinocyte""[Title/Abstract] OR ""melanin""[Title/Abstract] OR ""melanogenesis""[Title/Abstract] OR ""melasma""[Title/Abstract] OR ""pigmentation""[Title/Abstract] OR ""skin""[Title/Abstract] OR ""skin lightening""[Title/Abstract] OR ""skin whitening""[Title/Abstract] OR ""stratum corneum""[Title/Abstract] OR ""topical""[Title/Abstract] OR ""tyrosinase""[Title/Abstract])",,0,,0,,,,,,,,0,[],no_expanded_pubmed_candidate,not_found,none,2026-07-12,mwbl-missing-effect-search-v1
thuja_orientalis_extract,측백나무추출물,Thuja Orientalis Extract,effect_moisture_barrier,보습·장벽,"(""Thuja Orientalis Extract""[Title/Abstract]) AND (""barrier function""[Title/Abstract] OR ""corneocyte""[Title/Abstract] OR ""cosmetic""[Title/Abstract] OR ""cutaneous""[Title/Abstract] OR ""dermal""[Title/Abstract] OR ""dermatitis""[Title/Abstract] OR ""dermatology""[Title/Abstract] OR ""dry skin""[Title/Abstract] OR ""epidermal""[Title/Abstract] OR ""epidermis""[Title/Abstract] OR ""humectant""[Title/Abstract] OR ""hydration""[Title/Abstract] OR ""keratinocyte""[Title/Abstract] OR ""moisture""[Title/Abstract] OR ""moisturising""[Title/Abstract] OR ""moisturizing""[Title/Abstract] OR ""occlusive""[Title/Abstract] OR ""skin""[Title/Abstract] OR ""skin barrier""[Title/Abstract] OR ""skin water content""[Title/Abstract] OR ""stratum corneum""[Title/Abstract] OR ""topical""[Title/Abstract] OR ""transepidermal water loss""[Title/Abstract] OR ""water loss""[Title/Abstract] OR ""xerosis""[Title/Abstract])",,0,,0,,,,,,,,0,[],no_expanded_pubmed_candidate,not_found,none,2026-07-12,mwbl-missing-effect-search-v1
tremella_fuciformis_mushroom_extract,흰목이버섯추출물,Tremella Fuciformis (Mushroom) Extract,effect_moisture_barrier,보습·장벽,"(""Tremella Fuciformis (Mushroom) Extract""[Title/Abstract] OR ""tremella fuciformis mushroom extract""[Title/Abstract]) AND (""barrier function""[Title/Abstract] OR ""corneocyte""[Title/Abstract] OR ""cosmetic""[Title/Abstract] OR ""cutaneous""[Title/Abstract] OR ""dermal""[Title/Abstract] OR ""dermatitis""[Title/Abstract] OR ""dermatology""[Title/Abstract] OR ""dry skin""[Title/Abstract] OR ""epidermal""[Title/Abstract] OR ""epidermis""[Title/Abstract] OR ""humectant""[Title/Abstract] OR ""hydration""[Title/Abstract] OR ""keratinocyte""[Title/Abstract] OR ""moisture""[Title/Abstract] OR ""moisturising""[Title/Abstract] OR ""moisturizing""[Title/Abstract] OR ""occlusive""[Title/Abstract] OR ""skin""[Title/Abstract] OR ""skin barrier""[Title/Abstract] OR ""skin water content""[Title/Abstract] OR ""stratum corneum""[Title/Abstract] OR ""topical""[Title/Abstract] OR ""transepidermal water loss""[Title/Abstract] OR ""water loss""[Title/Abstract] OR ""xerosis""[Title/Abstract])",,0,,0,,,,,,,,0,[],no_expanded_pubmed_candidate,not_found,none,2026-07-12,mwbl-missing-effect-search-v1
tremella_fuciformis_sporocarp_extract,흰목이버섯포자낭과추출물,Tremella Fuciformis Sporocarp Extract,effect_moisture_barrier,보습·장벽,"(""Tremella Fuciformis Sporocarp Extract""[Title/Abstract]) AND (""barrier function""[Title/Abstract] OR ""corneocyte""[Title/Abstract] OR ""cosmetic""[Title/Abstract] OR ""cutaneous""[Title/Abstract] OR ""dermal""[Title/Abstract] OR ""dermatitis""[Title/Abstract] OR ""dermatology""[Title/Abstract] OR ""dry skin""[Title/Abstract] OR ""epidermal""[Title/Abstract] OR ""epidermis""[Title/Abstract] OR ""humectant""[Title/Abstract] OR ""hydration""[Title/Abstract] OR ""keratinocyte""[Title/Abstract] OR ""moisture""[Title/Abstract] OR ""moisturising""[Title/Abstract] OR ""moisturizing""[Title/Abstract] OR ""occlusive""[Title/Abstract] OR ""skin""[Title/Abstract] OR ""skin barrier""[Title/Abstract] OR ""skin water content""[Title/Abstract] OR ""stratum corneum""[Title/Abstract] OR ""topical""[Title/Abstract] OR ""transepidermal water loss""[Title/Abstract] OR ""water loss""[Title/Abstract] OR ""xerosis""[Title/Abstract])",,0,,0,,,,,,,,0,[],no_expanded_pubmed_candidate,not_found,none,2026-07-12,mwbl-missing-effect-search-v1
triacontanyl_pvp,트라이아콘타닐피브이피,Triacontanyl PVP,effect_moisture_barrier,보습·장벽,"(""Triacontanyl PVP""[Title/Abstract] OR ""Tricontanyl PVP""[Title/Abstract]) AND (""barrier function""[Title/Abstract] OR ""corneocyte""[Title/Abstract] OR ""cosmetic""[Title/Abstract] OR ""cutaneous""[Title/Abstract] OR ""dermal""[Title/Abstract] OR ""dermatitis""[Title/Abstract] OR ""dermatology""[Title/Abstract] OR ""dry skin""[Title/Abstract] OR ""epidermal""[Title/Abstract] OR ""epidermis""[Title/Abstract] OR ""humectant""[Title/Abstract] OR ""hydration""[Title/Abstract] OR ""keratinocyte""[Title/Abstract] OR ""moisture""[Title/Abstract] OR ""moisturising""[Title/Abstract] OR ""moisturizing""[Title/Abstract] OR ""occlusive""[Title/Abstract] OR ""skin""[Title/Abstract] OR ""skin barrier""[Title/Abstract] OR ""skin water content""[Title/Abstract] OR ""stratum corneum""[Title/Abstract] OR ""topical""[Title/Abstract] OR ""transepidermal water loss""[Title/Abstract] OR ""water loss""[Title/Abstract] OR ""xerosis""[Title/Abstract])",39045851,1,,0,,,,,,,,0,[],no_expanded_pubmed_candidate,not_found,none,2026-07-12,mwbl-missing-effect-search-v1
tribehenin,트라이베헤닌,Tribehenin,effect_moisture_barrier,보습·장벽,"(""Tribehenin""[Title/Abstract]) AND (""barrier function""[Title/Abstract] OR ""corneocyte""[Title/Abstract] OR ""cosmetic""[Title/Abstract] OR ""cutaneous""[Title/Abstract] OR ""dermal""[Title/Abstract] OR ""dermatitis""[Title/Abstract] OR ""dermatology""[Title/Abstract] OR ""dry skin""[Title/Abstract] OR ""epidermal""[Title/Abstract] OR ""epidermis""[Title/Abstract] OR ""humectant""[Title/Abstract] OR ""hydration""[Title/Abstract] OR ""keratinocyte""[Title/Abstract] OR ""moisture""[Title/Abstract] OR ""moisturising""[Title/Abstract] OR ""moisturizing""[Title/Abstract] OR ""occlusive""[Title/Abstract] OR ""skin""[Title/Abstract] OR ""skin barrier""[Title/Abstract] OR ""skin water content""[Title/Abstract] OR ""stratum corneum""[Title/Abstract] OR ""topical""[Title/Abstract] OR ""transepidermal water loss""[Title/Abstract] OR ""water loss""[Title/Abstract] OR ""xerosis""[Title/Abstract])",11800053,1,11800053,1,8,review_or_reference,title_exact,abstract_effect,reference_only,11800053,"Final report on the safety assessment of trilaurin, triarachidin, tribehenin, tricaprin, tricaprylin, trierucin, triheptanoin, triheptylundecanoin, triisononanoin, triisopalmitin, triisostearin, trilinolein, trimyristin, trioctanoin, triolein, tripalmitin, tripalmitolein, triricinolein, tristearin, triundecanoin, glyceryl triacetyl hydroxystearate, glyceryl triacetyl ricinoleate, and glyceryl stearate diacetate.",15,"[{""pmid"":""11800053"",""title"":""Final report on the safety assessment of trilaurin, triarachidin, tribehenin, tricaprin, tricaprylin, trierucin, triheptanoin, triheptylundecanoin, triisononanoin, triisopalmitin, triisostearin, trilinolein, trimyristin, trioctanoin, triolein, tripalmitin, tripalmitolein, triricinolein, tristearin, triundecanoin, glyceryl triacetyl hydroxystearate, glyceryl triacetyl ricinoleate, and glyceryl stearate diacetate."",""tier"":8,""relation_scope"":""title_exact"",""effect_match_scope"":""abstract_effect"",""applicability"":""reference_only"",""signal_score"":15}]",expanded_candidate_found,candidate_unverified,none,2026-07-12,mwbl-missing-effect-search-v1
tridecyl_trimellitate,트라이데실트라이멜리테이트,Tridecyl Trimellitate,effect_moisture_barrier,보습·장벽,"(""Tridecyl Trimellitate""[Title/Abstract]) AND (""barrier function""[Title/Abstract] OR ""corneocyte""[Title/Abstract] OR ""cosmetic""[Title/Abstract] OR ""cutaneous""[Title/Abstract] OR ""dermal""[Title/Abstract] OR ""dermatitis""[Title/Abstract] OR ""dermatology""[Title/Abstract] OR ""dry skin""[Title/Abstract] OR ""epidermal""[Title/Abstract] OR ""epidermis""[Title/Abstract] OR ""humectant""[Title/Abstract] OR ""hydration""[Title/Abstract] OR ""keratinocyte""[Title/Abstract] OR ""moisture""[Title/Abstract] OR ""moisturising""[Title/Abstract] OR ""moisturizing""[Title/Abstract] OR ""occlusive""[Title/Abstract] OR ""skin""[Title/Abstract] OR ""skin barrier""[Title/Abstract] OR ""skin water content""[Title/Abstract] OR ""stratum corneum""[Title/Abstract] OR ""topical""[Title/Abstract] OR ""transepidermal water loss""[Title/Abstract] OR ""water loss""[Title/Abstract] OR ""xerosis""[Title/Abstract])",38158838,1,,0,,,,,,,,0,[],no_expanded_pubmed_candidate,not_found,none,2026-07-12,mwbl-missing-effect-search-v1
trimethylsiloxysilicate,트라이메틸실록시실리케이트,Trimethylsiloxysilicate,effect_moisture_barrier,보습·장벽,"(""Trimethylsiloxysilicate""[Title/Abstract]) AND (""barrier function""[Title/Abstract] OR ""corneocyte""[Title/Abstract] OR ""cosmetic""[Title/Abstract] OR ""cutaneous""[Title/Abstract] OR ""dermal""[Title/Abstract] OR ""dermatitis""[Title/Abstract] OR ""dermatology""[Title/Abstract] OR ""dry skin""[Title/Abstract] OR ""epidermal""[Title/Abstract] OR ""epidermis""[Title/Abstract] OR ""humectant""[Title/Abstract] OR ""hydration""[Title/Abstract] OR ""keratinocyte""[Title/Abstract] OR ""moisture""[Title/Abstract] OR ""moisturising""[Title/Abstract] OR ""moisturizing""[Title/Abstract] OR ""occlusive""[Title/Abstract] OR ""skin""[Title/Abstract] OR ""skin barrier""[Title/Abstract] OR ""skin water content""[Title/Abstract] OR ""stratum corneum""[Title/Abstract] OR ""topical""[Title/Abstract] OR ""transepidermal water loss""[Title/Abstract] OR ""water loss""[Title/Abstract] OR ""xerosis""[Title/Abstract])",33493602|23696579|19456912,3,,0,,,,,,,,0,[],no_expanded_pubmed_candidate,not_found,none,2026-07-12,mwbl-missing-effect-search-v1
tripropylene_glycol,트라이프로필렌글라이콜,Tripropylene Glycol,effect_moisture_barrier,보습·장벽,"(""Tripropylene Glycol""[Title/Abstract]) AND (""barrier function""[Title/Abstract] OR ""corneocyte""[Title/Abstract] OR ""cosmetic""[Title/Abstract] OR ""cutaneous""[Title/Abstract] OR ""dermal""[Title/Abstract] OR ""dermatitis""[Title/Abstract] OR ""dermatology""[Title/Abstract] OR ""dry skin""[Title/Abstract] OR ""epidermal""[Title/Abstract] OR ""epidermis""[Title/Abstract] OR ""humectant""[Title/Abstract] OR ""hydration""[Title/Abstract] OR ""keratinocyte""[Title/Abstract] OR ""moisture""[Title/Abstract] OR ""moisturising""[Title/Abstract] OR ""moisturizing""[Title/Abstract] OR ""occlusive""[Title/Abstract] OR ""skin""[Title/Abstract] OR ""skin barrier""[Title/Abstract] OR ""skin water content""[Title/Abstract] OR ""stratum corneum""[Title/Abstract] OR ""topical""[Title/Abstract] OR ""transepidermal water loss""[Title/Abstract] OR ""water loss""[Title/Abstract] OR ""xerosis""[Title/Abstract])",38676369|34510410|33924434|31517290|29199009|23656560|23064775|21782927|20599028|16729819|11108786|11212146|11529185|9715506|9142166|8796752|8549151|1838242,18,,0,,,,,,,,0,[],no_expanded_pubmed_candidate,not_found,none,2026-07-12,mwbl-missing-effect-search-v1
triticum_vulgare_wheat_germ_oil,밀배아오일,Triticum Vulgare (Wheat) Germ Oil,effect_moisture_barrier,보습·장벽,"(""Triticum Vulgare (Wheat) Germ Oil""[Title/Abstract] OR ""triticum vulgare wheat germ oil""[Title/Abstract]) AND (""barrier function""[Title/Abstract] OR ""corneocyte""[Title/Abstract] OR ""cosmetic""[Title/Abstract] OR ""cutaneous""[Title/Abstract] OR ""dermal""[Title/Abstract] OR ""dermatitis""[Title/Abstract] OR ""dermatology""[Title/Abstract] OR ""dry skin""[Title/Abstract] OR ""epidermal""[Title/Abstract] OR ""epidermis""[Title/Abstract] OR ""humectant""[Title/Abstract] OR ""hydration""[Title/Abstract] OR ""keratinocyte""[Title/Abstract] OR ""moisture""[Title/Abstract] OR ""moisturising""[Title/Abstract] OR ""moisturizing""[Title/Abstract] OR ""occlusive""[Title/Abstract] OR ""skin""[Title/Abstract] OR ""skin barrier""[Title/Abstract] OR ""skin water content""[Title/Abstract] OR ""stratum corneum""[Title/Abstract] OR ""topical""[Title/Abstract] OR ""transepidermal water loss""[Title/Abstract] OR ""water loss""[Title/Abstract] OR ""xerosis""[Title/Abstract])",,0,,0,,,,,,,,0,[],no_expanded_pubmed_candidate,not_found,none,2026-07-12,mwbl-missing-effect-search-v1
tuber_melanosporum_extract,검은서양송로추출물,Tuber Melanosporum Extract,effect_moisture_barrier,보습·장벽,"(""Tuber Melanosporum Extract""[Title/Abstract]) AND (""barrier function""[Title/Abstract] OR ""corneocyte""[Title/Abstract] OR ""cosmetic""[Title/Abstract] OR ""cutaneous""[Title/Abstract] OR ""dermal""[Title/Abstract] OR ""dermatitis""[Title/Abstract] OR ""dermatology""[Title/Abstract] OR ""dry skin""[Title/Abstract] OR ""epidermal""[Title/Abstract] OR ""epidermis""[Title/Abstract] OR ""humectant""[Title/Abstract] OR ""hydration""[Title/Abstract] OR ""keratinocyte""[Title/Abstract] OR ""moisture""[Title/Abstract] OR ""moisturising""[Title/Abstract] OR ""moisturizing""[Title/Abstract] OR ""occlusive""[Title/Abstract] OR ""skin""[Title/Abstract] OR ""skin barrier""[Title/Abstract] OR ""skin water content""[Title/Abstract] OR ""stratum corneum""[Title/Abstract] OR ""topical""[Title/Abstract] OR ""transepidermal water loss""[Title/Abstract] OR ""water loss""[Title/Abstract] OR ""xerosis""[Title/Abstract])",,0,,0,,,,,,,,0,[],no_expanded_pubmed_candidate,not_found,none,2026-07-12,mwbl-missing-effect-search-v1
undecylenoyl_glycine,운데실레노일글라이신,Undecylenoyl Glycine,effect_acne_sebum,여드름·피지,"(""Undecylenoyl Glycine""[Title/Abstract]) AND (""acne""[Title/Abstract] OR ""comedogenic""[Title/Abstract] OR ""comedone""[Title/Abstract] OR ""corneocyte""[Title/Abstract] OR ""cosmetic""[Title/Abstract] OR ""cutaneous""[Title/Abstract] OR ""cutibacterium acnes""[Title/Abstract] OR ""dermal""[Title/Abstract] OR ""dermatitis""[Title/Abstract] OR ""dermatology""[Title/Abstract] OR ""epidermal""[Title/Abstract] OR ""epidermis""[Title/Abstract] OR ""keratinocyte""[Title/Abstract] OR ""propionibacterium acnes""[Title/Abstract] OR ""sebaceous""[Title/Abstract] OR ""sebum""[Title/Abstract] OR ""skin""[Title/Abstract] OR ""stratum corneum""[Title/Abstract] OR ""topical""[Title/Abstract])",,0,,0,,,,,,,,0,[],no_expanded_pubmed_candidate,not_found,none,2026-07-12,mwbl-missing-effect-search-v1
urtica_dioica_nettle_extract,쐐기풀추출물,Urtica Dioica (Nettle) Extract,effect_acne_sebum,여드름·피지,"(""Urtica Dioica (Nettle) Extract""[Title/Abstract] OR ""urtica dioica nettle extract""[Title/Abstract]) AND (""acne""[Title/Abstract] OR ""anti-inflammatory""[Title/Abstract] OR ""comedogenic""[Title/Abstract] OR ""comedone""[Title/Abstract] OR ""corneocyte""[Title/Abstract] OR ""cosmetic""[Title/Abstract] OR ""cutaneous""[Title/Abstract] OR ""cutibacterium acnes""[Title/Abstract] OR ""dermal""[Title/Abstract] OR ""dermatitis""[Title/Abstract] OR ""dermatology""[Title/Abstract] OR ""epidermal""[Title/Abstract] OR ""epidermis""[Title/Abstract] OR ""erythema""[Title/Abstract] OR ""inflammation""[Title/Abstract] OR ""irritation""[Title/Abstract] OR ""keratinocyte""[Title/Abstract] OR ""propionibacterium acnes""[Title/Abstract] OR ""pruritus""[Title/Abstract] OR ""redness""[Title/Abstract] OR ""sebaceous""[Title/Abstract] OR ""sebum""[Title/Abstract] OR ""sensitive skin""[Title/Abstract] OR ""skin""[Title/Abstract] OR ""stratum corneum""[Title/Abstract] OR ""topical""[Title/Abstract] OR ""wound healing""[Title/Abstract])",,0,,0,,,,,,,,0,[],no_expanded_pubmed_candidate,not_found,none,2026-07-12,mwbl-missing-effect-search-v1
urtica_dioica_nettle_extract,쐐기풀추출물,Urtica Dioica (Nettle) Extract,effect_calming,진정,"(""Urtica Dioica (Nettle) Extract""[Title/Abstract] OR ""urtica dioica nettle extract""[Title/Abstract]) AND (""acne""[Title/Abstract] OR ""anti-inflammatory""[Title/Abstract] OR ""comedogenic""[Title/Abstract] OR ""comedone""[Title/Abstract] OR ""corneocyte""[Title/Abstract] OR ""cosmetic""[Title/Abstract] OR ""cutaneous""[Title/Abstract] OR ""cutibacterium acnes""[Title/Abstract] OR ""dermal""[Title/Abstract] OR ""dermatitis""[Title/Abstract] OR ""dermatology""[Title/Abstract] OR ""epidermal""[Title/Abstract] OR ""epidermis""[Title/Abstract] OR ""erythema""[Title/Abstract] OR ""inflammation""[Title/Abstract] OR ""irritation""[Title/Abstract] OR ""keratinocyte""[Title/Abstract] OR ""propionibacterium acnes""[Title/Abstract] OR ""pruritus""[Title/Abstract] OR ""redness""[Title/Abstract] OR ""sebaceous""[Title/Abstract] OR ""sebum""[Title/Abstract] OR ""sensitive skin""[Title/Abstract] OR ""skin""[Title/Abstract] OR ""stratum corneum""[Title/Abstract] OR ""topical""[Title/Abstract] OR ""wound healing""[Title/Abstract])",,0,,0,,,,,,,,0,[],no_expanded_pubmed_candidate,not_found,none,2026-07-12,mwbl-missing-effect-search-v1
vaccinium_angustifolium_blueberry_fruit_extract,로우스위트블루베리추출물,Vaccinium Angustifolium (Blueberry) Fruit Extract,effect_calming,진정,"(""Vaccinium Angustifolium (Blueberry) Fruit Extract""[Title/Abstract] OR ""vaccinium angustifolium blueberry fruit extract""[Title/Abstract]) AND (""anti-inflammatory""[Title/Abstract] OR ""barrier function""[Title/Abstract] OR ""corneocyte""[Title/Abstract] OR ""cosmetic""[Title/Abstract] OR ""cutaneous""[Title/Abstract] OR ""dermal""[Title/Abstract] OR ""dermatitis""[Title/Abstract] OR ""dermatology""[Title/Abstract] OR ""dry skin""[Title/Abstract] OR ""epidermal""[Title/Abstract] OR ""epidermis""[Title/Abstract] OR ""erythema""[Title/Abstract] OR ""humectant""[Title/Abstract] OR ""hydration""[Title/Abstract] OR ""inflammation""[Title/Abstract] OR ""irritation""[Title/Abstract] OR ""keratinocyte""[Title/Abstract] OR ""moisture""[Title/Abstract] OR ""moisturising""[Title/Abstract] OR ""moisturizing""[Title/Abstract] OR ""occlusive""[Title/Abstract] OR ""pruritus""[Title/Abstract] OR ""redness""[Title/Abstract] OR ""sensitive skin""[Title/Abstract] OR ""skin""[Title/Abstract] OR ""skin barrier""[Title/Abstract] OR ""skin water content""[Title/Abstract] OR ""stratum corneum""[Title/Abstract] OR ""topical""[Title/Abstract] OR ""transepidermal water loss""[Title/Abstract] OR ""water loss""[Title/Abstract] OR ""wound healing""[Title/Abstract] OR ""xerosis""[Title/Abstract])",,0,,0,,,,,,,,0,[],no_expanded_pubmed_candidate,not_found,none,2026-07-12,mwbl-missing-effect-search-v1
vaccinium_angustifolium_blueberry_fruit_extract,로우스위트블루베리추출물,Vaccinium Angustifolium (Blueberry) Fruit Extract,effect_moisture_barrier,보습·장벽,"(""Vaccinium Angustifolium (Blueberry) Fruit Extract""[Title/Abstract] OR ""vaccinium angustifolium blueberry fruit extract""[Title/Abstract]) AND (""anti-inflammatory""[Title/Abstract] OR ""barrier function""[Title/Abstract] OR ""corneocyte""[Title/Abstract] OR ""cosmetic""[Title/Abstract] OR ""cutaneous""[Title/Abstract] OR ""dermal""[Title/Abstract] OR ""dermatitis""[Title/Abstract] OR ""dermatology""[Title/Abstract] OR ""dry skin""[Title/Abstract] OR ""epidermal""[Title/Abstract] OR ""epidermis""[Title/Abstract] OR ""erythema""[Title/Abstract] OR ""humectant""[Title/Abstract] OR ""hydration""[Title/Abstract] OR ""inflammation""[Title/Abstract] OR ""irritation""[Title/Abstract] OR ""keratinocyte""[Title/Abstract] OR ""moisture""[Title/Abstract] OR ""moisturising""[Title/Abstract] OR ""moisturizing""[Title/Abstract] OR ""occlusive""[Title/Abstract] OR ""pruritus""[Title/Abstract] OR ""redness""[Title/Abstract] OR ""sensitive skin""[Title/Abstract] OR ""skin""[Title/Abstract] OR ""skin barrier""[Title/Abstract] OR ""skin water content""[Title/Abstract] OR ""stratum corneum""[Title/Abstract] OR ""topical""[Title/Abstract] OR ""transepidermal water loss""[Title/Abstract] OR ""water loss""[Title/Abstract] OR ""wound healing""[Title/Abstract] OR ""xerosis""[Title/Abstract])",,0,,0,,,,,,,,0,[],no_expanded_pubmed_candidate,not_found,none,2026-07-12,mwbl-missing-effect-search-v1
viola_tricolor_extract,삼색제비꽃추출물,Viola Tricolor Extract,effect_calming,진정,"(""Viola Tricolor Extract""[Title/Abstract]) AND (""anti-inflammatory""[Title/Abstract] OR ""barrier function""[Title/Abstract] OR ""corneocyte""[Title/Abstract] OR ""cosmetic""[Title/Abstract] OR ""cutaneous""[Title/Abstract] OR ""dermal""[Title/Abstract] OR ""dermatitis""[Title/Abstract] OR ""dermatology""[Title/Abstract] OR ""dry skin""[Title/Abstract] OR ""epidermal""[Title/Abstract] OR ""epidermis""[Title/Abstract] OR ""erythema""[Title/Abstract] OR ""humectant""[Title/Abstract] OR ""hydration""[Title/Abstract] OR ""inflammation""[Title/Abstract] OR ""irritation""[Title/Abstract] OR ""keratinocyte""[Title/Abstract] OR ""moisture""[Title/Abstract] OR ""moisturising""[Title/Abstract] OR ""moisturizing""[Title/Abstract] OR ""occlusive""[Title/Abstract] OR ""pruritus""[Title/Abstract] OR ""redness""[Title/Abstract] OR ""sensitive skin""[Title/Abstract] OR ""skin""[Title/Abstract] OR ""skin barrier""[Title/Abstract] OR ""skin water content""[Title/Abstract] OR ""stratum corneum""[Title/Abstract] OR ""topical""[Title/Abstract] OR ""transepidermal water loss""[Title/Abstract] OR ""water loss""[Title/Abstract] OR ""wound healing""[Title/Abstract] OR ""xerosis""[Title/Abstract])",,0,,0,,,,,,,,0,[],no_expanded_pubmed_candidate,not_found,none,2026-07-12,mwbl-missing-effect-search-v1
viola_tricolor_extract,삼색제비꽃추출물,Viola Tricolor Extract,effect_moisture_barrier,보습·장벽,"(""Viola Tricolor Extract""[Title/Abstract]) AND (""anti-inflammatory""[Title/Abstract] OR ""barrier function""[Title/Abstract] OR ""corneocyte""[Title/Abstract] OR ""cosmetic""[Title/Abstract] OR ""cutaneous""[Title/Abstract] OR ""dermal""[Title/Abstract] OR ""dermatitis""[Title/Abstract] OR ""dermatology""[Title/Abstract] OR ""dry skin""[Title/Abstract] OR ""epidermal""[Title/Abstract] OR ""epidermis""[Title/Abstract] OR ""erythema""[Title/Abstract] OR ""humectant""[Title/Abstract] OR ""hydration""[Title/Abstract] OR ""inflammation""[Title/Abstract] OR ""irritation""[Title/Abstract] OR ""keratinocyte""[Title/Abstract] OR ""moisture""[Title/Abstract] OR ""moisturising""[Title/Abstract] OR ""moisturizing""[Title/Abstract] OR ""occlusive""[Title/Abstract] OR ""pruritus""[Title/Abstract] OR ""redness""[Title/Abstract] OR ""sensitive skin""[Title/Abstract] OR ""skin""[Title/Abstract] OR ""skin barrier""[Title/Abstract] OR ""skin water content""[Title/Abstract] OR ""stratum corneum""[Title/Abstract] OR ""topical""[Title/Abstract] OR ""transepidermal water loss""[Title/Abstract] OR ""water loss""[Title/Abstract] OR ""wound healing""[Title/Abstract] OR ""xerosis""[Title/Abstract])",,0,,0,,,,,,,,0,[],no_expanded_pubmed_candidate,not_found,none,2026-07-12,mwbl-missing-effect-search-v1
viscum_album_mistletoe_extract,겨우살이추출물,Viscum Album (Mistletoe) Extract,effect_calming,진정,"(""Viscum Album (Mistletoe) Extract""[Title/Abstract] OR ""viscum album mistletoe extract""[Title/Abstract]) AND (""anti-inflammatory""[Title/Abstract] OR ""corneocyte""[Title/Abstract] OR ""cosmetic""[Title/Abstract] OR ""cutaneous""[Title/Abstract] OR ""dermal""[Title/Abstract] OR ""dermatitis""[Title/Abstract] OR ""dermatology""[Title/Abstract] OR ""epidermal""[Title/Abstract] OR ""epidermis""[Title/Abstract] OR ""erythema""[Title/Abstract] OR ""inflammation""[Title/Abstract] OR ""irritation""[Title/Abstract] OR ""keratinocyte""[Title/Abstract] OR ""pruritus""[Title/Abstract] OR ""redness""[Title/Abstract] OR ""sensitive skin""[Title/Abstract] OR ""skin""[Title/Abstract] OR ""stratum corneum""[Title/Abstract] OR ""topical""[Title/Abstract] OR ""wound healing""[Title/Abstract])",,0,,0,,,,,,,,0,[],no_expanded_pubmed_candidate,not_found,none,2026-07-12,mwbl-missing-effect-search-v1
viscum_album_mistletoe_leaf_extract,겨우살이잎추출물,Viscum Album (Mistletoe) Leaf Extract,effect_calming,진정,"(""Viscum Album (Mistletoe) Leaf Extract""[Title/Abstract] OR ""viscum album mistletoe leaf extract""[Title/Abstract]) AND (""anti-inflammatory""[Title/Abstract] OR ""corneocyte""[Title/Abstract] OR ""cosmetic""[Title/Abstract] OR ""cutaneous""[Title/Abstract] OR ""dermal""[Title/Abstract] OR ""dermatitis""[Title/Abstract] OR ""dermatology""[Title/Abstract] OR ""epidermal""[Title/Abstract] OR ""epidermis""[Title/Abstract] OR ""erythema""[Title/Abstract] OR ""inflammation""[Title/Abstract] OR ""irritation""[Title/Abstract] OR ""keratinocyte""[Title/Abstract] OR ""pruritus""[Title/Abstract] OR ""redness""[Title/Abstract] OR ""sensitive skin""[Title/Abstract] OR ""skin""[Title/Abstract] OR ""stratum corneum""[Title/Abstract] OR ""topical""[Title/Abstract] OR ""wound healing""[Title/Abstract])",,0,,0,,,,,,,,0,[],no_expanded_pubmed_candidate,not_found,none,2026-07-12,mwbl-missing-effect-search-v1
vitis_vinifera_grape_seed_extract,포도씨추출물,Vitis Vinifera (Grape) Seed Extract,effect_acne_sebum,여드름·피지,"(""Vitis Vinifera (Grape) Seed Extract""[Title/Abstract] OR ""vitis vinifera grape seed extract""[Title/Abstract]) AND (""acne""[Title/Abstract] OR ""barrier function""[Title/Abstract] OR ""comedogenic""[Title/Abstract] OR ""comedone""[Title/Abstract] OR ""corneocyte""[Title/Abstract] OR ""cosmetic""[Title/Abstract] OR ""cutaneous""[Title/Abstract] OR ""cutibacterium acnes""[Title/Abstract] OR ""dermal""[Title/Abstract] OR ""dermatitis""[Title/Abstract] OR ""dermatology""[Title/Abstract] OR ""dry skin""[Title/Abstract] OR ""epidermal""[Title/Abstract] OR ""epidermis""[Title/Abstract] OR ""humectant""[Title/Abstract] OR ""hydration""[Title/Abstract] OR ""keratinocyte""[Title/Abstract] OR ""moisture""[Title/Abstract] OR ""moisturising""[Title/Abstract] OR ""moisturizing""[Title/Abstract] OR ""occlusive""[Title/Abstract] OR ""propionibacterium acnes""[Title/Abstract] OR ""sebaceous""[Title/Abstract] OR ""sebum""[Title/Abstract] OR ""skin""[Title/Abstract] OR ""skin barrier""[Title/Abstract] OR ""skin water content""[Title/Abstract] OR ""stratum corneum""[Title/Abstract] OR ""topical""[Title/Abstract] OR ""transepidermal water loss""[Title/Abstract] OR ""water loss""[Title/Abstract] OR ""xerosis""[Title/Abstract])",27208639|24009454|20883295,3,,0,,,,,,,,0,[],no_expanded_pubmed_candidate,not_found,none,2026-07-12,mwbl-missing-effect-search-v1
vitis_vinifera_grape_seed_extract,포도씨추출물,Vitis Vinifera (Grape) Seed Extract,effect_moisture_barrier,보습·장벽,"(""Vitis Vinifera (Grape) Seed Extract""[Title/Abstract] OR ""vitis vinifera grape seed extract""[Title/Abstract]) AND (""acne""[Title/Abstract] OR ""barrier function""[Title/Abstract] OR ""comedogenic""[Title/Abstract] OR ""comedone""[Title/Abstract] OR ""corneocyte""[Title/Abstract] OR ""cosmetic""[Title/Abstract] OR ""cutaneous""[Title/Abstract] OR ""cutibacterium acnes""[Title/Abstract] OR ""dermal""[Title/Abstract] OR ""dermatitis""[Title/Abstract] OR ""dermatology""[Title/Abstract] OR ""dry skin""[Title/Abstract] OR ""epidermal""[Title/Abstract] OR ""epidermis""[Title/Abstract] OR ""humectant""[Title/Abstract] OR ""hydration""[Title/Abstract] OR ""keratinocyte""[Title/Abstract] OR ""moisture""[Title/Abstract] OR ""moisturising""[Title/Abstract] OR ""moisturizing""[Title/Abstract] OR ""occlusive""[Title/Abstract] OR ""propionibacterium acnes""[Title/Abstract] OR ""sebaceous""[Title/Abstract] OR ""sebum""[Title/Abstract] OR ""skin""[Title/Abstract] OR ""skin barrier""[Title/Abstract] OR ""skin water content""[Title/Abstract] OR ""stratum corneum""[Title/Abstract] OR ""topical""[Title/Abstract] OR ""transepidermal water loss""[Title/Abstract] OR ""water loss""[Title/Abstract] OR ""xerosis""[Title/Abstract])",27208639|24009454|20883295,3,,0,,,,,,,,0,[],no_expanded_pubmed_candidate,not_found,none,2026-07-12,mwbl-missing-effect-search-v1
vitis_vinifera_grape_seed_oil,포도씨오일,Vitis Vinifera (Grape) Seed Oil,effect_moisture_barrier,보습·장벽,"(""Vitis Vinifera (Grape) Seed Oil""[Title/Abstract] OR ""vitis vinifera grape seed oil""[Title/Abstract]) AND (""barrier function""[Title/Abstract] OR ""corneocyte""[Title/Abstract] OR ""cosmetic""[Title/Abstract] OR ""cutaneous""[Title/Abstract] OR ""dermal""[Title/Abstract] OR ""dermatitis""[Title/Abstract] OR ""dermatology""[Title/Abstract] OR ""dry skin""[Title/Abstract] OR ""epidermal""[Title/Abstract] OR ""epidermis""[Title/Abstract] OR ""humectant""[Title/Abstract] OR ""hydration""[Title/Abstract] OR ""keratinocyte""[Title/Abstract] OR ""moisture""[Title/Abstract] OR ""moisturising""[Title/Abstract] OR ""moisturizing""[Title/Abstract] OR ""occlusive""[Title/Abstract] OR ""skin""[Title/Abstract] OR ""skin barrier""[Title/Abstract] OR ""skin water content""[Title/Abstract] OR ""stratum corneum""[Title/Abstract] OR ""topical""[Title/Abstract] OR ""transepidermal water loss""[Title/Abstract] OR ""water loss""[Title/Abstract] OR ""xerosis""[Title/Abstract])",,0,,0,,,,,,,,0,[],no_expanded_pubmed_candidate,not_found,none,2026-07-12,mwbl-missing-effect-search-v1
wheat_amino_acids,밀아미노산,Wheat Amino Acids,effect_calming,진정,"(""Wheat Amino Acids""[Title/Abstract]) AND (""anti-inflammatory""[Title/Abstract] OR ""barrier function""[Title/Abstract] OR ""corneocyte""[Title/Abstract] OR ""cosmetic""[Title/Abstract] OR ""cutaneous""[Title/Abstract] OR ""dermal""[Title/Abstract] OR ""dermatitis""[Title/Abstract] OR ""dermatology""[Title/Abstract] OR ""dry skin""[Title/Abstract] OR ""epidermal""[Title/Abstract] OR ""epidermis""[Title/Abstract] OR ""erythema""[Title/Abstract] OR ""humectant""[Title/Abstract] OR ""hydration""[Title/Abstract] OR ""inflammation""[Title/Abstract] OR ""irritation""[Title/Abstract] OR ""keratinocyte""[Title/Abstract] OR ""moisture""[Title/Abstract] OR ""moisturising""[Title/Abstract] OR ""moisturizing""[Title/Abstract] OR ""occlusive""[Title/Abstract] OR ""pruritus""[Title/Abstract] OR ""redness""[Title/Abstract] OR ""sensitive skin""[Title/Abstract] OR ""skin""[Title/Abstract] OR ""skin barrier""[Title/Abstract] OR ""skin water content""[Title/Abstract] OR ""stratum corneum""[Title/Abstract] OR ""topical""[Title/Abstract] OR ""transepidermal water loss""[Title/Abstract] OR ""water loss""[Title/Abstract] OR ""wound healing""[Title/Abstract] OR ""xerosis""[Title/Abstract])",,0,,0,,,,,,,,0,[],no_expanded_pubmed_candidate,not_found,none,2026-07-12,mwbl-missing-effect-search-v1
wheat_amino_acids,밀아미노산,Wheat Amino Acids,effect_moisture_barrier,보습·장벽,"(""Wheat Amino Acids""[Title/Abstract]) AND (""anti-inflammatory""[Title/Abstract] OR ""barrier function""[Title/Abstract] OR ""corneocyte""[Title/Abstract] OR ""cosmetic""[Title/Abstract] OR ""cutaneous""[Title/Abstract] OR ""dermal""[Title/Abstract] OR ""dermatitis""[Title/Abstract] OR ""dermatology""[Title/Abstract] OR ""dry skin""[Title/Abstract] OR ""epidermal""[Title/Abstract] OR ""epidermis""[Title/Abstract] OR ""erythema""[Title/Abstract] OR ""humectant""[Title/Abstract] OR ""hydration""[Title/Abstract] OR ""inflammation""[Title/Abstract] OR ""irritation""[Title/Abstract] OR ""keratinocyte""[Title/Abstract] OR ""moisture""[Title/Abstract] OR ""moisturising""[Title/Abstract] OR ""moisturizing""[Title/Abstract] OR ""occlusive""[Title/Abstract] OR ""pruritus""[Title/Abstract] OR ""redness""[Title/Abstract] OR ""sensitive skin""[Title/Abstract] OR ""skin""[Title/Abstract] OR ""skin barrier""[Title/Abstract] OR ""skin water content""[Title/Abstract] OR ""stratum corneum""[Title/Abstract] OR ""topical""[Title/Abstract] OR ""transepidermal water loss""[Title/Abstract] OR ""water loss""[Title/Abstract] OR ""wound healing""[Title/Abstract] OR ""xerosis""[Title/Abstract])",,0,,0,,,,,,,,0,[],no_expanded_pubmed_candidate,not_found,none,2026-07-12,mwbl-missing-effect-search-v1
xylityl_sesquicaprylate,자일리틸세스퀴카프릴레이트,Xylityl Sesquicaprylate,effect_moisture_barrier,보습·장벽,"(""Xylityl Sesquicaprylate""[Title/Abstract]) AND (""barrier function""[Title/Abstract] OR ""corneocyte""[Title/Abstract] OR ""cosmetic""[Title/Abstract] OR ""cutaneous""[Title/Abstract] OR ""dermal""[Title/Abstract] OR ""dermatitis""[Title/Abstract] OR ""dermatology""[Title/Abstract] OR ""dry skin""[Title/Abstract] OR ""epidermal""[Title/Abstract] OR ""epidermis""[Title/Abstract] OR ""humectant""[Title/Abstract] OR ""hydration""[Title/Abstract] OR ""keratinocyte""[Title/Abstract] OR ""moisture""[Title/Abstract] OR ""moisturising""[Title/Abstract] OR ""moisturizing""[Title/Abstract] OR ""occlusive""[Title/Abstract] OR ""skin""[Title/Abstract] OR ""skin barrier""[Title/Abstract] OR ""skin water content""[Title/Abstract] OR ""stratum corneum""[Title/Abstract] OR ""topical""[Title/Abstract] OR ""transepidermal water loss""[Title/Abstract] OR ""water loss""[Title/Abstract] OR ""xerosis""[Title/Abstract])",,0,,0,,,,,,,,0,[],no_expanded_pubmed_candidate,not_found,none,2026-07-12,mwbl-missing-effect-search-v1
xylitylglucoside,자일리틸글루코사이드,Xylitylglucoside,effect_moisture_barrier,보습·장벽,"(""Xylitylglucoside""[Title/Abstract]) AND (""barrier function""[Title/Abstract] OR ""corneocyte""[Title/Abstract] OR ""cosmetic""[Title/Abstract] OR ""cutaneous""[Title/Abstract] OR ""dermal""[Title/Abstract] OR ""dermatitis""[Title/Abstract] OR ""dermatology""[Title/Abstract] OR ""dry skin""[Title/Abstract] OR ""epidermal""[Title/Abstract] OR ""epidermis""[Title/Abstract] OR ""humectant""[Title/Abstract] OR ""hydration""[Title/Abstract] OR ""keratinocyte""[Title/Abstract] OR ""moisture""[Title/Abstract] OR ""moisturising""[Title/Abstract] OR ""moisturizing""[Title/Abstract] OR ""occlusive""[Title/Abstract] OR ""skin""[Title/Abstract] OR ""skin barrier""[Title/Abstract] OR ""skin water content""[Title/Abstract] OR ""stratum corneum""[Title/Abstract] OR ""topical""[Title/Abstract] OR ""transepidermal water loss""[Title/Abstract] OR ""water loss""[Title/Abstract] OR ""xerosis""[Title/Abstract])",36541033,1,,0,,,,,,,,0,[],no_expanded_pubmed_candidate,not_found,none,2026-07-12,mwbl-missing-effect-search-v1
yeast_amino_acids,효모아미노산,Yeast Amino Acids,effect_moisture_barrier,보습·장벽,"(""Yeast Amino Acids""[Title/Abstract]) AND (""barrier function""[Title/Abstract] OR ""corneocyte""[Title/Abstract] OR ""cosmetic""[Title/Abstract] OR ""cutaneous""[Title/Abstract] OR ""dermal""[Title/Abstract] OR ""dermatitis""[Title/Abstract] OR ""dermatology""[Title/Abstract] OR ""dry skin""[Title/Abstract] OR ""epidermal""[Title/Abstract] OR ""epidermis""[Title/Abstract] OR ""humectant""[Title/Abstract] OR ""hydration""[Title/Abstract] OR ""keratinocyte""[Title/Abstract] OR ""moisture""[Title/Abstract] OR ""moisturising""[Title/Abstract] OR ""moisturizing""[Title/Abstract] OR ""occlusive""[Title/Abstract] OR ""skin""[Title/Abstract] OR ""skin barrier""[Title/Abstract] OR ""skin water content""[Title/Abstract] OR ""stratum corneum""[Title/Abstract] OR ""topical""[Title/Abstract] OR ""transepidermal water loss""[Title/Abstract] OR ""water loss""[Title/Abstract] OR ""xerosis""[Title/Abstract])",,0,,0,,,,,,,,0,[],no_expanded_pubmed_candidate,not_found,none,2026-07-12,mwbl-missing-effect-search-v1
zea_mays_corn_starch,옥수수전분,Zea Mays (Corn) Starch,effect_moisture_barrier,보습·장벽,"(""Zea Mays (Corn) Starch""[Title/Abstract] OR ""zea mays corn starch""[Title/Abstract]) AND (""barrier function""[Title/Abstract] OR ""corneocyte""[Title/Abstract] OR ""cosmetic""[Title/Abstract] OR ""cutaneous""[Title/Abstract] OR ""dermal""[Title/Abstract] OR ""dermatitis""[Title/Abstract] OR ""dermatology""[Title/Abstract] OR ""dry skin""[Title/Abstract] OR ""epidermal""[Title/Abstract] OR ""epidermis""[Title/Abstract] OR ""humectant""[Title/Abstract] OR ""hydration""[Title/Abstract] OR ""keratinocyte""[Title/Abstract] OR ""moisture""[Title/Abstract] OR ""moisturising""[Title/Abstract] OR ""moisturizing""[Title/Abstract] OR ""occlusive""[Title/Abstract] OR ""skin""[Title/Abstract] OR ""skin barrier""[Title/Abstract] OR ""skin water content""[Title/Abstract] OR ""stratum corneum""[Title/Abstract] OR ""topical""[Title/Abstract] OR ""transepidermal water loss""[Title/Abstract] OR ""water loss""[Title/Abstract] OR ""xerosis""[Title/Abstract])",,0,,0,,,,,,,,0,[],no_expanded_pubmed_candidate,not_found,none,2026-07-12,mwbl-missing-effect-search-v1
zinc_hydrolyzed_hyaluronate,징크하이드롤라이즈드하이알루로네이트,Zinc Hydrolyzed Hyaluronate,effect_moisture_barrier,보습·장벽,"(""Zinc Hydrolyzed Hyaluronate""[Title/Abstract]) AND (""barrier function""[Title/Abstract] OR ""corneocyte""[Title/Abstract] OR ""cosmetic""[Title/Abstract] OR ""cutaneous""[Title/Abstract] OR ""dermal""[Title/Abstract] OR ""dermatitis""[Title/Abstract] OR ""dermatology""[Title/Abstract] OR ""dry skin""[Title/Abstract] OR ""epidermal""[Title/Abstract] OR ""epidermis""[Title/Abstract] OR ""humectant""[Title/Abstract] OR ""hydration""[Title/Abstract] OR ""keratinocyte""[Title/Abstract] OR ""moisture""[Title/Abstract] OR ""moisturising""[Title/Abstract] OR ""moisturizing""[Title/Abstract] OR ""occlusive""[Title/Abstract] OR ""skin""[Title/Abstract] OR ""skin barrier""[Title/Abstract] OR ""skin water content""[Title/Abstract] OR ""stratum corneum""[Title/Abstract] OR ""topical""[Title/Abstract] OR ""transepidermal water loss""[Title/Abstract] OR ""water loss""[Title/Abstract] OR ""xerosis""[Title/Abstract])",,0,,0,,,,,,,,0,[],no_expanded_pubmed_candidate,not_found,none,2026-07-12,mwbl-missing-effect-search-v1
zymomonas_ferment_extract,자이모모나스발효추출물,Zymomonas Ferment Extract,effect_moisture_barrier,보습·장벽,"(""Zymomonas Ferment Extract""[Title/Abstract]) AND (""barrier function""[Title/Abstract] OR ""corneocyte""[Title/Abstract] OR ""cosmetic""[Title/Abstract] OR ""cutaneous""[Title/Abstract] OR ""dermal""[Title/Abstract] OR ""dermatitis""[Title/Abstract] OR ""dermatology""[Title/Abstract] OR ""dry skin""[Title/Abstract] OR ""epidermal""[Title/Abstract] OR ""epidermis""[Title/Abstract] OR ""humectant""[Title/Abstract] OR ""hydration""[Title/Abstract] OR ""keratinocyte""[Title/Abstract] OR ""moisture""[Title/Abstract] OR ""moisturising""[Title/Abstract] OR ""moisturizing""[Title/Abstract] OR ""occlusive""[Title/Abstract] OR ""skin""[Title/Abstract] OR ""skin barrier""[Title/Abstract] OR ""skin water content""[Title/Abstract] OR ""stratum corneum""[Title/Abstract] OR ""topical""[Title/Abstract] OR ""transepidermal water loss""[Title/Abstract] OR ""water loss""[Title/Abstract] OR ""xerosis""[Title/Abstract])",,0,,0,,,,,,,,0,[],no_expanded_pubmed_candidate,not_found,none,2026-07-12,mwbl-missing-effect-search-v1
