source_ingredient_id,source_ingredient_name,canonical_id,mapping_type,confidence,source
aha,Glycolic Acid,glycolic_acid,exact_name_override,high,KCIA 표준화명칭목록 2026-06-30 code=647 alias_basis=standard_name sha256=4a523f990553
aha,Lactic Acid,lactic_acid,exact_name_override,high,KCIA 표준화명칭목록 2026-06-30 code=5453 alias_basis=standard_name sha256=4a523f990553
aha,Tartaric Acid,tartaric_acid,exact_name_override,high,KCIA 표준화명칭목록 2026-06-30 code=3234 alias_basis=standard_name sha256=4a523f990553
aha,글라이콜릭애씨드,glycolic_acid,exact_name_override,high,KCIA 표준화명칭목록 2026-06-30 code=647 alias_basis=standard_name sha256=4a523f990553
aha,락틱애씨드,lactic_acid,exact_name_override,high,KCIA 표준화명칭목록 2026-06-30 code=5453 alias_basis=standard_name sha256=4a523f990553
aha,타타릭애씨드,tartaric_acid,exact_name_override,high,KCIA 표준화명칭목록 2026-06-30 code=3234 alias_basis=standard_name sha256=4a523f990553
bisabolol,(-)-alpha-bisabolol,alpha_bisabolol,exact_name_override,high,KCIA 표준화명칭목록 2026-06-30 code=7022 alias_basis=standard_name sha256=4a523f990553
bisabolol,알파-비사보롤,alpha_bisabolol,exact_name_override,high,KCIA 표준화명칭목록 2026-06-30 code=7022 alias_basis=standard_name sha256=4a523f990553
centella_asiatica,Centella Asiatica Extract,centella_asiatica_extract,exact_name_override,high,KCIA 표준화명칭목록 2026-06-30 code=540 alias_basis=standard_name sha256=4a523f990553
centella_asiatica,Centella Asiatica Leaf Extract,centella_asiatica_leaf_extract,exact_name_override,high,KCIA 표준화명칭목록 2026-06-30 code=539 alias_basis=standard_name sha256=4a523f990553
centella_asiatica,Centella Asiatica Leaf Water,centella_asiatica_leaf_water,exact_name_override,high,KCIA 표준화명칭목록 2026-06-30 code=8337 alias_basis=standard_name sha256=4a523f990553
centella_asiatica,Centella Asiatica Root Extract,centella_asiatica_root_extract,exact_name_override,high,KCIA 표준화명칭목록 2026-06-30 code=17194 alias_basis=standard_name sha256=4a523f990553
centella_asiatica,병풀뿌리추출물,centella_asiatica_root_extract,exact_name_override,high,KCIA 표준화명칭목록 2026-06-30 code=17194 alias_basis=standard_name sha256=4a523f990553
centella_asiatica,병풀잎수,centella_asiatica_leaf_water,exact_name_override,high,KCIA 표준화명칭목록 2026-06-30 code=8337 alias_basis=standard_name sha256=4a523f990553
centella_asiatica,병풀잎추출물,centella_asiatica_leaf_extract,exact_name_override,high,KCIA 표준화명칭목록 2026-06-30 code=539 alias_basis=standard_name sha256=4a523f990553
centella_asiatica,병풀추출물,centella_asiatica_extract,exact_name_override,high,KCIA 표준화명칭목록 2026-06-30 code=540 alias_basis=standard_name sha256=4a523f990553
ceramides,Ceramide 1,ceramide_eop,exact_name_override,high,KCIA 표준화명칭목록 2026-06-30 code=8382 alias_basis=legacy_name sha256=4a523f990553
ceramides,Ceramide 3,ceramide_np,exact_name_override,high,KCIA 표준화명칭목록 2026-06-30 code=7186 alias_basis=legacy_name sha256=4a523f990553
ceramides,Ceramide 6 II,ceramide_ap,exact_name_override,high,KCIA 표준화명칭목록 2026-06-30 code=8381 alias_basis=legacy_name sha256=4a523f990553
ceramides,Ceramide AP,ceramide_ap,exact_name_override,high,KCIA 표준화명칭목록 2026-06-30 code=8381 alias_basis=standard_name sha256=4a523f990553
ceramides,Ceramide AS,ceramide_as,exact_name_override,high,KCIA 표준화명칭목록 2026-06-30 code=9763 alias_basis=standard_name sha256=4a523f990553
ceramides,Ceramide EOP,ceramide_eop,exact_name_override,high,KCIA 표준화명칭목록 2026-06-30 code=8382 alias_basis=standard_name sha256=4a523f990553
ceramides,Ceramide NG,ceramide_ng,exact_name_override,high,KCIA 표준화명칭목록 2026-06-30 code=9356 alias_basis=standard_name sha256=4a523f990553
ceramides,Ceramide NP,ceramide_np,exact_name_override,high,KCIA 표준화명칭목록 2026-06-30 code=7186 alias_basis=standard_name sha256=4a523f990553
ceramides,Ceramide NS,ceramide_ns,exact_name_override,high,KCIA 표준화명칭목록 2026-06-30 code=8380 alias_basis=standard_name sha256=4a523f990553
ceramides,세라마이드1,ceramide_eop,exact_name_override,high,KCIA 표준화명칭목록 2026-06-30 code=8382 alias_basis=legacy_name sha256=4a523f990553
ceramides,세라마이드3,ceramide_np,exact_name_override,high,KCIA 표준화명칭목록 2026-06-30 code=7186 alias_basis=legacy_name sha256=4a523f990553
ceramides,세라마이드6,ceramide_ap,exact_name_override,high,KCIA 표준화명칭목록 2026-06-30 code=8381 alias_basis=legacy_name sha256=4a523f990553
ceramides,세라마이드에이에스,ceramide_as,exact_name_override,high,KCIA 표준화명칭목록 2026-06-30 code=9763 alias_basis=standard_name sha256=4a523f990553
ceramides,세라마이드에이피,ceramide_ap,exact_name_override,high,KCIA 표준화명칭목록 2026-06-30 code=8381 alias_basis=standard_name sha256=4a523f990553
ceramides,세라마이드엔에스,ceramide_ns,exact_name_override,high,KCIA 표준화명칭목록 2026-06-30 code=8380 alias_basis=standard_name sha256=4a523f990553
ceramides,세라마이드엔지,ceramide_ng,exact_name_override,high,KCIA 표준화명칭목록 2026-06-30 code=9356 alias_basis=standard_name sha256=4a523f990553
ceramides,세라마이드엔피,ceramide_np,exact_name_override,high,KCIA 표준화명칭목록 2026-06-30 code=7186 alias_basis=standard_name sha256=4a523f990553
ceramides,세라마이드이오피,ceramide_eop,exact_name_override,high,KCIA 표준화명칭목록 2026-06-30 code=8382 alias_basis=standard_name sha256=4a523f990553
cholesterol_fatty_acids,Cholesterol,cholesterol,exact_name_override,high,KCIA 표준화명칭목록 2026-06-30 code=3087 alias_basis=standard_name sha256=4a523f990553
cholesterol_fatty_acids,Lauric Acid,lauric_acid,exact_name_override,high,KCIA 표준화명칭목록 2026-06-30 code=5372 alias_basis=standard_name sha256=4a523f990553
cholesterol_fatty_acids,Linoleic Acid,linoleic_acid,exact_name_override,high,KCIA 표준화명칭목록 2026-06-30 code=18 alias_basis=standard_name sha256=4a523f990553
cholesterol_fatty_acids,Linolenic Acid,linolenic_acid,exact_name_override,high,KCIA 표준화명칭목록 2026-06-30 code=11 alias_basis=standard_name sha256=4a523f990553
cholesterol_fatty_acids,Myristic Acid,myristic_acid,exact_name_override,high,KCIA 표준화명칭목록 2026-06-30 code=336 alias_basis=standard_name sha256=4a523f990553
cholesterol_fatty_acids,Oleic Acid,oleic_acid,exact_name_override,high,KCIA 표준화명칭목록 2026-06-30 code=2283 alias_basis=standard_name sha256=4a523f990553
cholesterol_fatty_acids,Palmitic Acid,palmitic_acid,exact_name_override,high,KCIA 표준화명칭목록 2026-06-30 code=3559 alias_basis=standard_name sha256=4a523f990553
cholesterol_fatty_acids,Stearic Acid,stearic_acid,exact_name_override,high,KCIA 표준화명칭목록 2026-06-30 code=1465 alias_basis=standard_name sha256=4a523f990553
cholesterol_fatty_acids,라우릭애씨드,lauric_acid,exact_name_override,high,KCIA 표준화명칭목록 2026-06-30 code=5372 alias_basis=standard_name sha256=4a523f990553
cholesterol_fatty_acids,리놀레닉애씨드,linolenic_acid,exact_name_override,high,KCIA 표준화명칭목록 2026-06-30 code=11 alias_basis=standard_name sha256=4a523f990553
cholesterol_fatty_acids,리놀레익애씨드,linoleic_acid,exact_name_override,high,KCIA 표준화명칭목록 2026-06-30 code=18 alias_basis=standard_name sha256=4a523f990553
cholesterol_fatty_acids,미리스틱애씨드,myristic_acid,exact_name_override,high,KCIA 표준화명칭목록 2026-06-30 code=336 alias_basis=standard_name sha256=4a523f990553
cholesterol_fatty_acids,스테아릭애씨드,stearic_acid,exact_name_override,high,KCIA 표준화명칭목록 2026-06-30 code=1465 alias_basis=standard_name sha256=4a523f990553
cholesterol_fatty_acids,올레익애씨드,oleic_acid,exact_name_override,high,KCIA 표준화명칭목록 2026-06-30 code=2283 alias_basis=standard_name sha256=4a523f990553
cholesterol_fatty_acids,콜레스테롤,cholesterol,exact_name_override,high,KCIA 표준화명칭목록 2026-06-30 code=3087 alias_basis=standard_name sha256=4a523f990553
cholesterol_fatty_acids,팔미틱애씨드,palmitic_acid,exact_name_override,high,KCIA 표준화명칭목록 2026-06-30 code=3559 alias_basis=standard_name sha256=4a523f990553
green_tea,Camellia Sinensis Leaf Extract,camellia_sinensis_leaf_extract,exact_name_override,high,KCIA 표준화명칭목록 2026-06-30 code=2756 alias_basis=standard_name sha256=4a523f990553
green_tea,Camellia Sinensis Leaf Water,camellia_sinensis_leaf_water,exact_name_override,high,KCIA 표준화명칭목록 2026-06-30 code=2714 alias_basis=standard_name sha256=4a523f990553
green_tea,녹차수,camellia_sinensis_leaf_water,exact_name_override,high,KCIA 표준화명칭목록 2026-06-30 code=2714 alias_basis=standard_name sha256=4a523f990553
green_tea,녹차추출물,camellia_sinensis_leaf_extract,exact_name_override,high,KCIA 표준화명칭목록 2026-06-30 code=2756 alias_basis=standard_name sha256=4a523f990553
hyaluronic_acid,Hydrolyzed Hyaluronic Acid,hydrolyzed_hyaluronic_acid,exact_name_override,high,KCIA 표준화명칭목록 2026-06-30 code=5655 alias_basis=standard_name sha256=4a523f990553
hyaluronic_acid,Hydrolyzed Sodium Hyaluronate,hydrolyzed_sodium_hyaluronate,exact_name_override,high,KCIA 표준화명칭목록 2026-06-30 code=7511 alias_basis=standard_name sha256=4a523f990553
hyaluronic_acid,Hydroxypropyltrimonium Hyaluronate,hydroxypropyltrimonium_hyaluronate,exact_name_override,high,KCIA 표준화명칭목록 2026-06-30 code=4707 alias_basis=legacy_name sha256=4a523f990553
hyaluronic_acid,Potassium Hyaluronate,potassium_hyaluronate,exact_name_override,high,KCIA 표준화명칭목록 2026-06-30 code=3711 alias_basis=standard_name sha256=4a523f990553
hyaluronic_acid,Sodium Acetylated Hyaluronate,sodium_acetylated_hyaluronate,exact_name_override,high,KCIA 표준화명칭목록 2026-06-30 code=1150 alias_basis=standard_name sha256=4a523f990553
hyaluronic_acid,Sodium Hyaluronate,sodium_hyaluronate,exact_name_override,high,KCIA 표준화명칭목록 2026-06-30 code=1265 alias_basis=standard_name sha256=4a523f990553
hyaluronic_acid,Sodium Hyaluronate Crosspolymer,sodium_hyaluronate_crosspolymer,exact_name_override,high,KCIA 표준화명칭목록 2026-06-30 code=1268 alias_basis=standard_name sha256=4a523f990553
hyaluronic_acid,소듐아세틸레이티드하이알루로네이트,sodium_acetylated_hyaluronate,exact_name_override,high,KCIA 표준화명칭목록 2026-06-30 code=1150 alias_basis=standard_name sha256=4a523f990553
hyaluronic_acid,소듐하이알루로네이트,sodium_hyaluronate,exact_name_override,high,KCIA 표준화명칭목록 2026-06-30 code=1265 alias_basis=standard_name sha256=4a523f990553
hyaluronic_acid,소듐하이알루로네이트크로스폴리머,sodium_hyaluronate_crosspolymer,exact_name_override,high,KCIA 표준화명칭목록 2026-06-30 code=1268 alias_basis=standard_name sha256=4a523f990553
hyaluronic_acid,포타슘하이알루로네이트,potassium_hyaluronate,exact_name_override,high,KCIA 표준화명칭목록 2026-06-30 code=3711 alias_basis=standard_name sha256=4a523f990553
hyaluronic_acid,하이드록시프로필트라이모늄하이알루로네이트,hydroxypropyltrimonium_hyaluronate,exact_name_override,high,KCIA 표준화명칭목록 2026-06-30 code=4707 alias_basis=standard_name sha256=4a523f990553
hyaluronic_acid,하이드록시프로필트리모늄하이알루로네이트,hydroxypropyltrimonium_hyaluronate,exact_name_override,high,KCIA 표준화명칭목록 2026-06-30 code=4707 alias_basis=legacy_name sha256=4a523f990553
hyaluronic_acid,하이드롤라이즈드소듐하이알루로네이트,hydrolyzed_sodium_hyaluronate,exact_name_override,high,KCIA 표준화명칭목록 2026-06-30 code=7511 alias_basis=standard_name sha256=4a523f990553
hyaluronic_acid,하이드롤라이즈드하이알루로닉애씨드,hydrolyzed_hyaluronic_acid,exact_name_override,high,KCIA 표준화명칭목록 2026-06-30 code=5655 alias_basis=standard_name sha256=4a523f990553
ing_pending_001dfc2333af,,viola_tricolor_extract,official_exact,high,KCIA 표준화명칭목록 2026-06-30 code=820 sha256=4a523f990553
ing_pending_00297a610078,,orbignya_oleifera_seed_oil,official_exact,high,KCIA 표준화명칭목록 2026-06-30 code=387 sha256=4a523f990553
ing_pending_0032725dc24d,,isostearyl_isostearate,official_exact,high,KCIA 표준화명칭목록 2026-06-30 code=2498 sha256=4a523f990553
ing_pending_0036a4c14fd7,,betaine_salicylate,official_exact,high,KCIA 표준화명칭목록 2026-06-30 code=476 sha256=4a523f990553
ing_pending_003dc3a6e5c4,,caprylyl_capryl_glucoside,official_exact,high,KCIA 표준화명칭목록 2026-06-30 code=2929 sha256=4a523f990553
ing_pending_004e6343da43,,hydrolyzed_corn_starch_hydroxyethyl_ether,official_exact,high,KCIA 표준화명칭목록 2026-06-30 code=21743 sha256=4a523f990553
ing_pending_007e32f1cbbd,,ruscus_aculeatus_root_extract,official_exact,high,KCIA 표준화명칭목록 2026-06-30 code=577 sha256=4a523f990553
ing_pending_00813d67944f,,zymomonas_ferment_extract,official_exact,high,KCIA 표준화명칭목록 2026-06-30 code=16530 sha256=4a523f990553
ing_pending_00883b68c2d3,,triethoxycaprylylsilane,official_exact,high,KCIA 표준화명칭목록 2026-06-30 code=3389 sha256=4a523f990553
ing_pending_009acbcd84aa,,isobutane,official_exact,high,KCIA 표준화명칭목록 2026-06-30 code=2454 sha256=4a523f990553
ing_pending_00a50002a1cb,,potassium_hydroxide,official_exact,high,KCIA 표준화명칭목록 2026-06-30 code=3709 sha256=4a523f990553
ing_pending_00c6b60b41f3,,polysorbate_60,official_exact,high,KCIA 표준화명칭목록 2026-06-30 code=3858 sha256=4a523f990553
ing_pending_00e673b5d168,,isodecyl_isononanoate,official_exact,high,KCIA 표준화명칭목록 2026-06-30 code=2444 sha256=4a523f990553
ing_pending_012557fe500d,,dimethicone_peg_10_15_crosspolymer,existing_identity,high,KCIA 표준화명칭목록 2026-06-30 code=4830 sha256=4a523f990553
ing_pending_0140f04763c0,,polyglyceryl_10_dioleate,official_exact,high,KCIA 표준화명칭목록 2026-06-30 code=3751 sha256=4a523f990553
ing_pending_0144c237d4f6,,c14_22_alcohols,official_exact,high,KCIA 표준화명칭목록 2026-06-30 code=1897 sha256=4a523f990553
ing_pending_014bcc038c4c,,peg_14m,official_exact,high,KCIA 표준화명칭목록 2026-06-30 code=4104 sha256=4a523f990553
ing_pending_015274cc9946,,haematococcus_pluvialis_extract,official_exact,high,KCIA 표준화명칭목록 2026-06-30 code=4858 sha256=4a523f990553
ing_pending_0152b2046d7c,,magnolia_liliflora_flower_extract,official_exact,high,KCIA 표준화명칭목록 2026-06-30 code=2599 sha256=4a523f990553
ing_pending_01812ac11b72,,gardenia_taitensis_flower_extract,official_exact,high,KCIA 표준화명칭목록 2026-06-30 code=5287 sha256=4a523f990553
ing_pending_0198b489fd8d,,phenyl_trimethicone,official_exact,high,KCIA 표준화명칭목록 2026-06-30 code=3586 sha256=4a523f990553
ing_pending_019bf6479eeb,,chlorhexidine_digluconate,official_exact,high,KCIA 표준화명칭목록 2026-06-30 code=3206 sha256=4a523f990553
ing_pending_01a3c8959642,,algin,official_exact,high,KCIA 표준화명칭목록 2026-06-30 code=1890 sha256=4a523f990553
ing_pending_01a8eb99f337,,peg_8_smdi_copolymer,official_exact,high,KCIA 표준화명칭목록 2026-06-30 code=4293 sha256=4a523f990553
ing_pending_01e0fe38d5e7,,erythrulose,official_exact,high,KCIA 표준화명칭목록 2026-06-30 code=2015 sha256=4a523f990553
ing_pending_01fb26b2c536,,sea_water,official_exact,high,KCIA 표준화명칭목록 2026-06-30 code=4847 sha256=4a523f990553
ing_pending_021ed224d758,,glyceryl_caprylate_caprate,official_exact,high,KCIA 표준화명칭목록 2026-06-30 code=9878 sha256=4a523f990553
ing_pending_022018f3ba50,,tribehenin,existing_identity,high,KCIA 표준화명칭목록 2026-06-30 code=3361 sha256=4a523f990553
ing_pending_0228b54dcb71,,ethoxydiglycol,official_exact,high,KCIA 표준화명칭목록 2026-06-30 code=2098 sha256=4a523f990553
ing_pending_023e736fc883,,salvia_hispanica_seed_extract,official_exact,high,KCIA 표준화명칭목록 2026-06-30 code=6212 sha256=4a523f990553
ing_pending_029721eff1b6,,chamomilla_recutita_matricaria_flower_oil,official_exact,high,KCIA 표준화명칭목록 2026-06-30 code=18368 sha256=4a523f990553
ing_pending_02bab09fbe28,,ascorbyl_glucoside,official_exact,high,KCIA 표준화명칭목록 2026-06-30 code=1722 sha256=4a523f990553
ing_pending_02c810ed0c7d,,aloe_barbadensis_leaf_juice,existing_identity,high,KCIA 표준화명칭목록 2026-06-30 code=1837 sha256=4a523f990553
ing_pending_030cc55961b3,,ginkgo_biloba_leaf_extract,official_exact,high,KCIA 표준화명칭목록 2026-06-30 code=2422 sha256=4a523f990553
ing_pending_032aea49d3a4,,silica_silylate,existing_identity,high,KCIA 표준화명칭목록 2026-06-30 code=1550 sha256=4a523f990553
ing_pending_03325c44f034,,sodium_dna,existing_identity,high,KCIA 표준화명칭목록 2026-06-30 code=1048 sha256=4a523f990553
ing_pending_033fbd92e25c,,perilla_ocymoides_leaf_extract,official_exact,high,KCIA 표준화명칭목록 2026-06-30 code=4291 sha256=4a523f990553
ing_pending_0348c4c6b3d1,,hydrolyzed_wheat_protein,existing_identity,high,KCIA 표준화명칭목록 2026-06-30 code=4744 sha256=4a523f990553
ing_pending_03b2d3fcc0cb,,laureth_7,existing_identity,high,KCIA 표준화명칭목록 2026-06-30 code=5335 sha256=4a523f990553
ing_pending_03cdb0921c51,,acrylates_stearyl_methacrylate_copolymer,official_exact,high,KCIA 표준화명칭목록 2026-06-30 code=1772 sha256=4a523f990553
ing_pending_03f2b2555707,,dibutyl_ethylhexanoyl_glutamide,official_exact,high,KCIA 표준화명칭목록 2026-06-30 code=5081 sha256=4a523f990553
ing_pending_040fc9a3564b,,lactitol,official_exact,high,KCIA 표준화명칭목록 2026-06-30 code=5452 sha256=4a523f990553
ing_pending_0447d0c3b0f2,,diheptyl_succinate,official_exact,high,KCIA 표준화명칭목록 2026-06-30 code=8062 sha256=4a523f990553
ing_pending_04526c968625,,coleus_forskohlii_root_extract,official_exact,high,KCIA 표준화명칭목록 2026-06-30 code=3659 sha256=4a523f990553
ing_pending_04583afb864b,,pentaerythrityl_tetraethylhexanoate,official_exact,high,KCIA 표준화명칭목록 2026-06-30 code=3625 sha256=4a523f990553
ing_pending_0476c159ad7e,,magnesium_chloride,official_exact,high,KCIA 표준화명칭목록 2026-06-30 code=59 sha256=4a523f990553
ing_pending_0481e9205b72,,sodium_polyglutamate,official_exact,high,KCIA 표준화명칭목록 2026-06-30 code=8664 sha256=4a523f990553
ing_pending_0499fd258922,,sodium_cetearyl_sulfate,official_exact,high,KCIA 표준화명칭목록 2026-06-30 code=1129 sha256=4a523f990553
ing_pending_04bb67e856da,,tocotrienols,official_exact,high,KCIA 표준화명칭목록 2026-06-30 code=5668 sha256=4a523f990553
ing_pending_04c695db8237,,centella_asiatica_leaf_extract,official_exact,high,KCIA 표준화명칭목록 2026-06-30 code=539 sha256=4a523f990553
ing_pending_04d5b452c1bb,,soluble_collagen,official_exact,high,KCIA 표준화명칭목록 2026-06-30 code=1350 sha256=4a523f990553
ing_pending_04e3141c58bb,,scutellaria_baicalensis_root_extract,official_exact,high,KCIA 표준화명칭목록 2026-06-30 code=4965 sha256=4a523f990553
ing_pending_04f964034cc2,,ethylene_va_copolymer,official_exact,high,KCIA 표준화명칭목록 2026-06-30 code=2048 sha256=4a523f990553
ing_pending_0512ec31e768,,brassica_campestris_aleurites_fordi_oil_copolymer,official_exact,high,KCIA 표준화명칭목록 2026-06-30 code=864 sha256=4a523f990553
ing_pending_051b1ea5e9c5,,coffea_arabica_coffee_seed_oil,official_exact,high,KCIA 표준화명칭목록 2026-06-30 code=3009 sha256=4a523f990553
ing_pending_05241d9378bf,,stearyl_dimethicone,official_exact,high,KCIA 표준화명칭목록 2026-06-30 code=1467 sha256=4a523f990553
ing_pending_05351d0e0a5d,,helianthus_annuus_sunflower_seed_oil_unsaponifiables,official_exact,high,KCIA 표준화명칭목록 2026-06-30 code=4842 sha256=4a523f990553
ing_pending_0537c6273765,,palmaria_palmata_extract,official_exact,high,KCIA 표준화명칭목록 2026-06-30 code=3493 sha256=4a523f990553
ing_pending_054be79988d4,,sodium_lauroyl_lactylate,official_exact,high,KCIA 표준화명칭목록 2026-06-30 code=1070 sha256=4a523f990553
ing_pending_054ddf43c067,,passiflora_incarnata_fruit_extract,official_exact,high,KCIA 표준화명칭목록 2026-06-30 code=1504 sha256=4a523f990553
ing_pending_055378f581b0,,propoxytetramethyl_piperidinyl_dimethicone,official_exact,high,KCIA 표준화명칭목록 2026-06-30 code=3987 sha256=4a523f990553
ing_pending_05550f926655,,phosphoric_acid,official_exact,high,KCIA 표준화명칭목록 2026-06-30 code=3663 sha256=4a523f990553
ing_pending_0558a1001496,,chitosan,official_exact,high,KCIA 표준화명칭목록 2026-06-30 code=3220 sha256=4a523f990553
ing_pending_05698691e560,,pinus_sylvestris_leaf_oil,official_exact,high,KCIA 표준화명칭목록 2026-06-30 code=185 sha256=4a523f990553
ing_pending_0573dd748c6d,,cocos_nucifera_coconut_liquid_endosperm,official_exact,high,KCIA 표준화명칭목록 2026-06-30 code=3045 sha256=4a523f990553
ing_pending_0577cec121ac,,isohexadecane,existing_identity,high,KCIA 표준화명칭목록 2026-06-30 code=2547 sha256=4a523f990553
ing_pending_05cc28a734c4,,terpineol,existing_identity,high,KCIA 표준화명칭목록 2026-06-30 code=3255 sha256=4a523f990553
ing_pending_05d1ab8b2e9e,,c14_22_alcohols,official_exact,high,KCIA 표준화명칭목록 2026-06-30 code=1897 sha256=4a523f990553
ing_pending_05e4bb55702a,,tuber_melanosporum_extract,official_exact,high,KCIA 표준화명칭목록 2026-06-30 code=856 sha256=4a523f990553
ing_pending_060d8f538070,,prunus_amygdalus_dulcis_sweet_almond_seed_extract,official_exact,high,KCIA 표준화명칭목록 2026-06-30 code=1396 sha256=4a523f990553
ing_pending_061060a3f8d2,,chlorella_vulgaris_extract,official_exact,high,KCIA 표준화명칭목록 2026-06-30 code=18399 sha256=4a523f990553
ing_pending_0614d02014cf,,pantolactone,official_exact,high,KCIA 표준화명칭목록 2026-06-30 code=6005 sha256=4a523f990553
ing_pending_06166ecf5463,,rosa_canina_fruit_oil,official_exact,high,KCIA 표준화명칭목록 2026-06-30 code=5521 sha256=4a523f990553
ing_pending_061f2d52713c,,citrus_reticulata_tangerine_peel_oil,official_exact,high,KCIA 표준화명칭목록 2026-06-30 code=7582 sha256=4a523f990553
ing_pending_0639f70e4a7e,,sorbitan_sesquioleate,official_exact,high,KCIA 표준화명칭목록 2026-06-30 code=1286 sha256=4a523f990553
ing_pending_063e1895875b,,sodium_lauroyl_glutamate,existing_identity,high,KCIA 표준화명칭목록 2026-06-30 code=1069 sha256=4a523f990553
ing_pending_068d31809229,,rosmarinus_officinalis_rosemary_leaf_oil,official_exact,high,KCIA 표준화명칭목록 2026-06-30 code=5512 sha256=4a523f990553
ing_pending_068f58578fd3,,benzotriazolyl_dodecyl_p_cresol,official_exact,high,KCIA 표준화명칭목록 2026-06-30 code=5578 sha256=4a523f990553
ing_pending_06b5b1ce64ce,,brassicamidopropyl_dimethylamine,official_exact,high,KCIA 표준화명칭목록 2026-06-30 code=7296 sha256=4a523f990553
ing_pending_06cd45dfe58f,,polygonum_multiflorum_root_extract,official_exact,high,KCIA 표준화명칭목록 2026-06-30 code=4531 sha256=4a523f990553
ing_pending_06f0d1276748,,carthamus_tinctorius_safflower_seed_oil,existing_identity,high,KCIA 표준화명칭목록 2026-06-30 code=2589 sha256=4a523f990553
ing_pending_06f4c1506fec,,dioscorea_japonica_root_extract,official_exact,high,KCIA 표준화명칭목록 2026-06-30 code=2801 sha256=4a523f990553
ing_pending_06fc16c9c007,,barium_sulfate,existing_identity,high,KCIA 표준화명칭목록 2026-06-30 code=386 sha256=4a523f990553
ing_pending_0709579bf0e0,,cetearamidoethyldiethonium_succinoyl_hydrolyzed_pea_protein,official_exact,high,KCIA 표준화명칭목록 2026-06-30 code=9967 sha256=4a523f990553
ing_pending_0710526574d1,,lauroyl_lysine,official_exact,high,KCIA 표준화명칭목록 2026-06-30 code=5363 sha256=4a523f990553
ing_pending_0722f5e30e67,,cocamide_methyl_mea,official_exact,high,KCIA 표준화명칭목록 2026-06-30 code=3029 sha256=4a523f990553
ing_pending_072f8c760024,,behentrimonium_methosulfate,official_exact,high,KCIA 표준화명칭목록 2026-06-30 code=500 sha256=4a523f990553
ing_pending_073257bb381c,,lithol_rubine_bca,official_exact,high,KCIA 표준화명칭목록 2026-06-30 code=2664 sha256=4a523f990553
ing_pending_07698c7349e0,,pelargonium_graveolens_oil,official_exact,high,KCIA 표준화명칭목록 2026-06-30 code=5815 sha256=4a523f990553
ing_pending_076a2579886a,,sorbitan_tristearate,official_exact,high,KCIA 표준화명칭목록 2026-06-30 code=1294 sha256=4a523f990553
ing_pending_079f92abcd34,,sorbitan_laurate,official_exact,high,KCIA 표준화명칭목록 2026-06-30 code=1284 sha256=4a523f990553
ing_pending_07ab7b73ea2e,,neopentyl_glycol_diheptanoate,official_exact,high,KCIA 표준화명칭목록 2026-06-30 code=2248 sha256=4a523f990553
ing_pending_07b1368183d5,,disodium_laureth_sulfosuccinate,official_exact,high,KCIA 표준화명칭목록 2026-06-30 code=5095 sha256=4a523f990553
ing_pending_07b368436636,,ficus_carica_fig_fruit_extract,official_exact,high,KCIA 표준화명칭목록 2026-06-30 code=305 sha256=4a523f990553
ing_pending_07ef9fbbf2fc,,pyridoxine_hcl,official_exact,high,KCIA 표준화명칭목록 2026-06-30 code=4057 sha256=4a523f990553
ing_pending_07f7d4cc8f57,,chamaecyparis_obtusa_leaf_extract,official_exact,high,KCIA 표준화명칭목록 2026-06-30 code=3638 sha256=4a523f990553
ing_pending_081ad56fb2f5,,octyldodecyl_stearoyl_stearate,official_exact,high,KCIA 표준화명칭목록 2026-06-30 code=2239 sha256=4a523f990553
ing_pending_082a13b5a721,,hamamelis_virginiana_witch_hazel_extract,official_exact,high,KCIA 표준화명칭목록 2026-06-30 code=2373 sha256=4a523f990553
ing_pending_08353aa09044,,eugenol,official_exact,high,KCIA 표준화명칭목록 2026-06-30 code=2395 sha256=4a523f990553
ing_pending_083feff66e0c,,artemisia_capillaris_extract,official_exact,high,KCIA 표준화명칭목록 2026-06-30 code=10048 sha256=4a523f990553
ing_pending_086062c53ffd,,nelumbo_nucifera_leaf_extract,official_exact,high,KCIA 표준화명칭목록 2026-06-30 code=2127 sha256=4a523f990553
ing_pending_086e4edf3e9e,,phenoxyethanol,official_exact,high,KCIA 표준화명칭목록 2026-06-30 code=3579 sha256=4a523f990553
ing_pending_087bb28ac2b6,,cannabis_sativa_seed_oil,official_exact,high,KCIA 표준화명칭목록 2026-06-30 code=87 sha256=4a523f990553
ing_pending_08c08a76fb2b,,vaccinium_myrtillus_fruit_extract,official_exact,high,KCIA 표준화명칭목록 2026-06-30 code=741 sha256=4a523f990553
ing_pending_08c901828e5f,,glyceryl_laurate,official_exact,high,KCIA 표준화명칭목록 2026-06-30 code=1103 sha256=4a523f990553
ing_pending_08d6ea1a82a4,,hydrolyzed_rhodophyceae_extract,official_exact,high,KCIA 표준화명칭목록 2026-06-30 code=4733 sha256=4a523f990553
ing_pending_08dcb9e7bfe5,,caprylic_capric_glycerides,official_exact,high,KCIA 표준화명칭목록 2026-06-30 code=2917 sha256=4a523f990553
ing_pending_08e0c7ff10c8,,terminalia_ferdinandiana_fruit_extract,official_exact,high,KCIA 표준화명칭목록 2026-06-30 code=2895 sha256=4a523f990553
ing_pending_08e1252878e8,,acanthopanax_senticosus_eleuthero_root_extract,official_exact,high,KCIA 표준화명칭목록 2026-06-30 code=5316 sha256=4a523f990553
ing_pending_08e448c4a6f7,,pearl_powder,official_exact,high,KCIA 표준화명칭목록 2026-06-30 code=2759 sha256=4a523f990553
ing_pending_08f4226fb913,,rosmarinus_officinalis_rosemary_leaf_extract,official_exact,high,KCIA 표준화명칭목록 2026-06-30 code=5513 sha256=4a523f990553
ing_pending_090e21ea7105,,xyloglucan,official_exact,high,KCIA 표준화명칭목록 2026-06-30 code=15893 sha256=4a523f990553
ing_pending_09174643d4c8,,sodium_hydrosulfite,official_exact,high,KCIA 표준화명칭목록 2026-06-30 code=1261 sha256=4a523f990553
ing_pending_092153281112,,hamamelis_virginiana_witch_hazel_extract,official_exact,high,KCIA 표준화명칭목록 2026-06-30 code=2373 sha256=4a523f990553
ing_pending_094e87e025c3,,daucus_carota_sativa_carrot_extract,official_exact,high,KCIA 표준화명칭목록 2026-06-30 code=9473 sha256=4a523f990553
ing_pending_094eed462fdf,,saccharomyces_rice_bran_ferment,official_exact,high,KCIA 표준화명칭목록 2026-06-30 code=5011 sha256=4a523f990553
ing_pending_09533b438af0,,dicaprylyl_carbonate,official_exact,high,KCIA 표준화명칭목록 2026-06-30 code=5218 sha256=4a523f990553
ing_pending_09584048cf4c,,peg_60,official_exact,high,KCIA 표준화명칭목록 2026-06-30 code=11000 sha256=4a523f990553
ing_pending_096d402aa753,,acetyl_glutamine,official_exact,high,KCIA 표준화명칭목록 2026-06-30 code=1692 sha256=4a523f990553
ing_pending_0976729c1e76,,bis_diglyceryl_polyacyladipate_2,official_exact,high,KCIA 표준화명칭목록 2026-06-30 code=684 sha256=4a523f990553
ing_pending_0983c3297ba4,,isostearyl_neopentanoate,official_exact,high,KCIA 표준화명칭목록 2026-06-30 code=2486 sha256=4a523f990553
ing_pending_0993f00c70bb,,citrus_aurantium_dulcis_orange_fruit_extract,existing_identity,high,KCIA 표준화명칭목록 2026-06-30 code=2156 sha256=4a523f990553
ing_pending_099c18fd7762,,salvia_officinalis_sage_extract,official_exact,high,KCIA 표준화명칭목록 2026-06-30 code=6233 sha256=4a523f990553
ing_pending_09a8f6cd2198,,paeonia_lactiflora_root_extract,official_exact,high,KCIA 표준화명칭목록 2026-06-30 code=10246 sha256=4a523f990553
ing_pending_09c8755f9e28,,melissa_officinalis_leaf_extract,official_exact,high,KCIA 표준화명칭목록 2026-06-30 code=5473 sha256=4a523f990553
ing_pending_09d39523278b,,polyglyceryl_6_caprylate,official_exact,high,KCIA 표준화명칭목록 2026-06-30 code=3802 sha256=4a523f990553
ing_pending_09de95beb5b0,,eucalyptus_globulus_leaf_extract,official_exact,high,KCIA 표준화명칭목록 2026-06-30 code=2411 sha256=4a523f990553
ing_pending_09f162691060,,hydrogenated_castor_oil,official_exact,high,KCIA 표준화명칭목록 2026-06-30 code=4586 sha256=4a523f990553
ing_pending_09f483d2da6e,,calophyllum_inophyllum_seed_oil,official_exact,high,KCIA 표준화명칭목록 2026-06-30 code=4910 sha256=4a523f990553
ing_pending_0a17f10aa94c,,mineral_oil,official_exact,high,KCIA 표준화명칭목록 2026-06-30 code=317 sha256=4a523f990553
ing_pending_0a21334c400a,,ziziphus_jujuba_fruit_extract,official_exact,high,KCIA 표준화명칭목록 2026-06-30 code=3459 sha256=4a523f990553
ing_pending_0a8d3743c909,,rosa_canina_fruit_extract,official_exact,high,KCIA 표준화명칭목록 2026-06-30 code=5522 sha256=4a523f990553
ing_pending_0a9533d54494,,rubus_fruticosus_blackberry_fruit_extract,official_exact,high,KCIA 표준화명칭목록 2026-06-30 code=655 sha256=4a523f990553
ing_pending_0a973aca5afd,,palmitoyl_tripeptide_5,official_exact,high,KCIA 표준화명칭목록 2026-06-30 code=3550 sha256=4a523f990553
ing_pending_0a9e8846ff69,,lactamide_mea,official_exact,high,KCIA 표준화명칭목록 2026-06-30 code=5427 sha256=4a523f990553
ing_pending_0a9fce0c8e2c,,polypodium_vulgare_rhizome_extract,official_exact,high,KCIA 표준화명칭목록 2026-06-30 code=9411 sha256=4a523f990553
ing_pending_0abac45e2dae,,sodium_nitrate,official_exact,high,KCIA 표준화명칭목록 2026-06-30 code=9132 sha256=4a523f990553
ing_pending_0aefda0e3ee3,,propanediol_caprylate,official_exact,high,KCIA 표준화명칭목록 2026-06-30 code=22908 sha256=4a523f990553
ing_pending_0b2dad28638e,,triticum_vulgare_wheat_germ_oil,official_exact,high,KCIA 표준화명칭목록 2026-06-30 code=365 sha256=4a523f990553
ing_pending_0b47941a1d9d,,sodium_polyaspartate,official_exact,high,KCIA 표준화명칭목록 2026-06-30 code=1252 sha256=4a523f990553
ing_pending_0b5889747f22,,copaifera_officinalis_balsam_copaiba_resin,official_exact,high,KCIA 표준화명칭목록 2026-06-30 code=3072 sha256=4a523f990553
ing_pending_0b6d67d93f88,,magnesium_aluminum_silicate,official_exact,high,KCIA 표준화명칭목록 2026-06-30 code=53 sha256=4a523f990553
ing_pending_0b7df740da36,,stearyl_palmitate,official_exact,high,KCIA 표준화명칭목록 2026-06-30 code=10362 sha256=4a523f990553
ing_pending_0ba6425d7b8b,,astragalus_membranaceus_root_extract,official_exact,high,KCIA 표준화명칭목록 2026-06-30 code=4966 sha256=4a523f990553
ing_pending_0bb5f93733cd,,glycol_distearate,official_exact,high,KCIA 표준화명칭목록 2026-06-30 code=614 sha256=4a523f990553
ing_pending_0bcb6d97a8e0,,fragaria_vesca_strawberry_fruit_extract,official_exact,high,KCIA 표준화명칭목록 2026-06-30 code=788 sha256=4a523f990553
ing_pending_0bdca290f3ac,,isoeugenol,official_exact,high,KCIA 표준화명칭목록 2026-06-30 code=2511 sha256=4a523f990553
ing_pending_0c163dc73ef1,,malva_sylvestris_mallow_flower_extract,official_exact,high,KCIA 표준화명칭목록 2026-06-30 code=6834 sha256=4a523f990553
ing_pending_0c29ef3d1d22,,levulinic_acid,official_exact,high,KCIA 표준화명칭목록 2026-06-30 code=5482 sha256=4a523f990553
ing_pending_0c2c5f096a50,,retinyl_palmitate,existing_identity,high,KCIA 표준화명칭목록 2026-06-30 code=5493 sha256=4a523f990553
ing_pending_0c4cc6ae5a52,,rhododendron_chrysanthum_leaf_extract,official_exact,high,KCIA 표준화명칭목록 2026-06-30 code=2483 sha256=4a523f990553
ing_pending_0c71bde1d41a,,linum_usitatissimum_linseed_seed_extract,official_exact,high,KCIA 표준화명칭목록 2026-06-30 code=1648 sha256=4a523f990553
ing_pending_0c83685a69bf,,hydrolyzed_barley_protein,official_exact,high,KCIA 표준화명칭목록 2026-06-30 code=6917 sha256=4a523f990553
ing_pending_0c9c3a307c11,,shikimic_acid,official_exact,high,KCIA 표준화명칭목록 2026-06-30 code=6893 sha256=4a523f990553
ing_pending_0cb295f9b9a7,,sh_polypeptide_22,official_exact,high,KCIA 표준화명칭목록 2026-06-30 code=6635 sha256=4a523f990553
ing_pending_0cb4b8d9722d,,hydrogenated_coconut_oil,official_exact,high,KCIA 표준화명칭목록 2026-06-30 code=4595 sha256=4a523f990553
ing_pending_0cc7440a7c86,,peg_180,official_exact,high,KCIA 표준화명칭목록 2026-06-30 code=4093 sha256=4a523f990553
ing_pending_0ccd4b2854b1,,hydroxypropyl_tetrahydropyrantriol,official_exact,high,KCIA 표준화명칭목록 2026-06-30 code=4693 sha256=4a523f990553
ing_pending_0ccd5c264dbe,,polyglyceryl_6_polyricinoleate,official_exact,high,KCIA 표준화명칭목록 2026-06-30 code=3822 sha256=4a523f990553
ing_pending_0cd99cd0f99d,,polyhydroxystearic_acid,official_exact,high,KCIA 표준화명칭목록 2026-06-30 code=3963 sha256=4a523f990553
ing_pending_0ce1d8aa1b3a,,ethylene_propylene_copolymer,official_exact,high,KCIA 표준화명칭목록 2026-06-30 code=2051 sha256=4a523f990553
ing_pending_0d0b4f2338c1,,stellaria_media_chickweed_extract,official_exact,high,KCIA 표준화명칭목록 2026-06-30 code=538 sha256=4a523f990553
ing_pending_0d17150e1991,,castor_oil_ipdi_copolymer,official_exact,high,KCIA 표준화명칭목록 2026-06-30 code=2991 sha256=4a523f990553
ing_pending_0d464194caa2,,behenyl_stearyl_aminopropanediol_esters,official_exact,high,KCIA 표준화명칭목록 2026-06-30 code=9017 sha256=4a523f990553
ing_pending_0d825c7eb398,,microcrystalline_wax,existing_identity,high,KCIA 표준화명칭목록 2026-06-30 code=86 sha256=4a523f990553
ing_pending_0d9fce1e8316,,geraniol,official_exact,high,KCIA 표준화명칭목록 2026-06-30 code=2704 sha256=4a523f990553
ing_pending_0dab677056ed,,pvm_ma_copolymer,official_exact,high,KCIA 표준화명칭목록 2026-06-30 code=4065 sha256=4a523f990553
ing_pending_0db7efc5e564,,lens_esculenta_lentil_seed_extract,official_exact,high,KCIA 표준화명칭목록 2026-06-30 code=7708 sha256=4a523f990553
ing_pending_0ddb4f49c3d8,,boron_nitride,official_exact,high,KCIA 표준화명칭목록 2026-06-30 code=541 sha256=4a523f990553
ing_pending_0de46c53d237,,nonapeptide_1,official_exact,high,KCIA 표준화명칭목록 2026-06-30 code=2259 sha256=4a523f990553
ing_pending_0de6c6e18a4a,,polyglyceryl_2_triisostearate,official_exact,high,KCIA 표준화명칭목록 2026-06-30 code=3811 sha256=4a523f990553
ing_pending_0dea90055c2e,,peg_150,official_exact,high,KCIA 표준화명칭목록 2026-06-30 code=4092 sha256=4a523f990553
ing_pending_0debbd88fa9d,,aesculus_hippocastanum_horse_chestnut_extract,official_exact,high,KCIA 표준화명칭목록 2026-06-30 code=5941 sha256=4a523f990553
ing_pending_0def4da17ecf,,vp_hexadecene_copolymer,official_exact,high,KCIA 표준화명칭목록 2026-06-30 code=650 sha256=4a523f990553
ing_pending_0e16e97db45e,,glyceryl_undecylenate,official_exact,high,KCIA 표준화명칭목록 2026-06-30 code=1311 sha256=4a523f990553
ing_pending_0e19a946707f,,magnesium_sulfate,official_exact,high,KCIA 표준화명칭목록 2026-06-30 code=46 sha256=4a523f990553
ing_pending_0e1ae9322504,,asiatic_acid,official_exact,high,KCIA 표준화명칭목록 2026-06-30 code=1740 sha256=4a523f990553
ing_pending_0e2b041409e0,,capryloyl_salicylic_acid,official_exact,high,KCIA 표준화명칭목록 2026-06-30 code=2915 sha256=4a523f990553
ing_pending_0e42b8b39530,,keratin_amino_acids,official_exact,high,KCIA 표준화명칭목록 2026-06-30 code=3015 sha256=4a523f990553
ing_pending_0e43f81906dd,,coconut_alkanes,official_exact,high,KCIA 표준화명칭목록 2026-06-30 code=6979 sha256=4a523f990553
ing_pending_0e7108f68b0a,,ceteth_10_phosphate,official_exact,high,KCIA 표준화명칭목록 2026-06-30 code=947 sha256=4a523f990553
ing_pending_0e9d34b34c98,,melia_azadirachta_flower_extract,official_exact,high,KCIA 표준화명칭목록 2026-06-30 code=7787 sha256=4a523f990553
ing_pending_0e9fee75821c,,persea_gratissima_avocado_oil,official_exact,high,KCIA 표준화명칭목록 2026-06-30 code=1675 sha256=4a523f990553
ing_pending_0ea0e46066c6,,peg_8_stearate,official_exact,high,KCIA 표준화명칭목록 2026-06-30 code=4265 sha256=4a523f990553
ing_pending_0ea3eb4c9b2c,,sodium_metabisulfite,existing_identity,high,KCIA 표준화명칭목록 2026-06-30 code=1099 sha256=4a523f990553
ing_pending_0ea7cdbf430c,,synthetic_japan_wax,official_exact,high,KCIA 표준화명칭목록 2026-06-30 code=4832 sha256=4a523f990553
ing_pending_0ebc79111751,,menthol,official_exact,high,KCIA 표준화명칭목록 2026-06-30 code=244 sha256=4a523f990553
ing_pending_0ed8842c8b35,,hydrogen_dimethicone,official_exact,high,KCIA 표준화명칭목록 2026-06-30 code=4534 sha256=4a523f990553
ing_pending_0eef9fe6a74b,,hydroxypropyl_methylcellulose,official_exact,high,KCIA 표준화명칭목록 2026-06-30 code=4674 sha256=4a523f990553
ing_pending_0ef64283f6e8,,stearoxymethicone_dimethicone_copolymer,official_exact,high,KCIA 표준화명칭목록 2026-06-30 code=1461 sha256=4a523f990553
ing_pending_0f04addbfe45,,hexyl_laurate,official_exact,high,KCIA 표준화명칭목록 2026-06-30 code=4890 sha256=4a523f990553
ing_pending_0f20cf8c9d75,,alumina,official_exact,high,KCIA 표준화명칭목록 2026-06-30 code=1843 sha256=4a523f990553
ing_pending_0f37df611e2b,,montmorillonite,official_exact,high,KCIA 표준화명칭목록 2026-06-30 code=290 sha256=4a523f990553
ing_pending_0f520fd63edd,,peg_55_propylene_glycol_oleate,official_exact,high,KCIA 표준화명칭목록 2026-06-30 code=4361 sha256=4a523f990553
ing_pending_0f52ac185da3,,jasminum_officinale_jasmine_extract,official_exact,high,KCIA 표준화명칭목록 2026-06-30 code=2651 sha256=4a523f990553
ing_pending_0f686b58336f,,honey,official_exact,high,KCIA 표준화명칭목록 2026-06-30 code=1856 sha256=4a523f990553
ing_pending_0fa5567a5f2b,,hydrogenated_coconut_oil,official_exact,high,KCIA 표준화명칭목록 2026-06-30 code=4595 sha256=4a523f990553
ing_pending_0fbbf16b8ec2,,vitreoscilla_ferment,official_exact,high,KCIA 표준화명칭목록 2026-06-30 code=728 sha256=4a523f990553
ing_pending_0fbf12e2645c,,rosa_canina_seed_extract,official_exact,high,KCIA 표준화명칭목록 2026-06-30 code=5520 sha256=4a523f990553
ing_pending_0fd2fd6f7288,,c18_21_alkane,official_exact,high,KCIA 표준화명칭목록 2026-06-30 code=1891 sha256=4a523f990553
ing_pending_0fe0d4bcb5d2,,hydrolyzed_rice_protein,existing_identity,high,KCIA 표준화명칭목록 2026-06-30 code=4770 sha256=4a523f990553
ing_pending_0ff3ff6ff3d0,,myristyl_alcohol,official_exact,high,KCIA 표준화명칭목록 2026-06-30 code=344 sha256=4a523f990553
ing_pending_0ffc0dc9a92a,,neopentyl_glycol_dicaprylate_dicaprate,official_exact,high,KCIA 표준화명칭목록 2026-06-30 code=2237 sha256=4a523f990553
ing_pending_100f52edd32a,,coffea_arabica_coffee_seed_extract,official_exact,high,KCIA 표준화명칭목록 2026-06-30 code=3011 sha256=4a523f990553
ing_pending_101f2a9cfc59,,chitosan,official_exact,high,KCIA 표준화명칭목록 2026-06-30 code=3220 sha256=4a523f990553
ing_pending_102b8bb01c6d,,ceteareth_25,official_exact,high,KCIA 표준화명칭목록 2026-06-30 code=961 sha256=4a523f990553
ing_pending_105caeab9786,,laureth_12,official_exact,high,KCIA 표준화명칭목록 2026-06-30 code=5341 sha256=4a523f990553
ing_pending_1061c5b75d0d,,tocopherol,official_exact,high,KCIA 표준화명칭목록 2026-06-30 code=3288 sha256=4a523f990553
ing_pending_108b5d533f70,,trimethylsiloxysilicate,official_exact,high,KCIA 표준화명칭목록 2026-06-30 code=3340 sha256=4a523f990553
ing_pending_10c5cb77360b,,polyglyceryl_3_distearate,official_exact,high,KCIA 표준화명칭목록 2026-06-30 code=3742 sha256=4a523f990553
ing_pending_10d6c77df0e3,,madecassic_acid,official_exact,high,KCIA 표준화명칭목록 2026-06-30 code=71 sha256=4a523f990553
ing_pending_10eac3a2c76a,,hydrogen_peroxide,official_exact,high,KCIA 표준화명칭목록 2026-06-30 code=4621 sha256=4a523f990553
ing_pending_10ebaec20eae,,bambusa_vulgaris_leaf_stem_extract,official_exact,high,KCIA 표준화명칭목록 2026-06-30 code=3327 sha256=4a523f990553
ing_pending_1100818124f0,,peg_20_glyceryl_triisostearate,official_exact,high,KCIA 표준화명칭목록 2026-06-30 code=4147 sha256=4a523f990553
ing_pending_11041c97e0be,,rosmarinus_officinalis_rosemary_leaf_oil,official_exact,high,KCIA 표준화명칭목록 2026-06-30 code=5512 sha256=4a523f990553
ing_pending_1119d88e8aad,,dimethyl_isosorbide,official_exact,high,KCIA 표준화명칭목록 2026-06-30 code=5043 sha256=4a523f990553
ing_pending_111bba405eca,,chaenomeles_sinensis_fruit_extract,official_exact,high,KCIA 표준화명칭목록 2026-06-30 code=261 sha256=4a523f990553
ing_pending_11389397e09e,,diphenylsiloxy_phenyl_trimethicone,official_exact,high,KCIA 표준화명칭목록 2026-06-30 code=5240 sha256=4a523f990553
ing_pending_115557b4f13e,,hydroxycitronellal,official_exact,high,KCIA 표준화명칭목록 2026-06-30 code=4639 sha256=4a523f990553
ing_pending_115c49e1466e,,stearalkonium_hectorite,official_exact,high,KCIA 표준화명칭목록 2026-06-30 code=1435 sha256=4a523f990553
ing_pending_117312f5f8f8,,saussurea_involucrata_extract,official_exact,high,KCIA 표준화명칭목록 2026-06-30 code=2789 sha256=4a523f990553
ing_pending_11789e9c2a8b,,benzyl_glycol,official_exact,high,KCIA 표준화명칭목록 2026-06-30 code=9117 sha256=4a523f990553
ing_pending_118a892d99cc,,amyl_salicylate,official_exact,high,KCIA 표준화명칭목록 2026-06-30 code=1668 sha256=4a523f990553
ing_pending_1194c3547594,,calcium_gluconate,existing_identity,high,KCIA 표준화명칭목록 2026-06-30 code=2945 sha256=4a523f990553
ing_pending_119fb525b300,,peg_20_methyl_glucose_sesquistearate,official_exact,high,KCIA 표준화명칭목록 2026-06-30 code=4218 sha256=4a523f990553
ing_pending_11cb9d114295,,citrus_reticulata_tangerine_peel_extract,official_exact,high,KCIA 표준화명칭목록 2026-06-30 code=3239 sha256=4a523f990553
ing_pending_11e0a841702f,,illicium_verum_anise_fruit_extract,official_exact,high,KCIA 표준화명칭목록 2026-06-30 code=3539 sha256=4a523f990553
ing_pending_11e567a5ff52,,hydrolyzed_collagen,official_exact,high,KCIA 표준화명칭목록 2026-06-30 code=4796 sha256=4a523f990553
ing_pending_11e913680a2c,,polyquaternium_39,official_exact,high,KCIA 표준화명칭목록 2026-06-30 code=3933 sha256=4a523f990553
ing_pending_11eee3981cbc,,sucrose_distearate,official_exact,high,KCIA 표준화명칭목록 2026-06-30 code=1369 sha256=4a523f990553
ing_pending_11f0730343a6,,sodium_dna,official_exact,high,KCIA 표준화명칭목록 2026-06-30 code=1048 sha256=4a523f990553
ing_pending_11f6e6e242f1,,lauryl_alcohol,official_exact,high,KCIA 표준화명칭목록 2026-06-30 code=5386 sha256=4a523f990553
ing_pending_120ede305940,,glycine_soja_soybean_sterols,official_exact,high,KCIA 표준화명칭목록 2026-06-30 code=3124 sha256=4a523f990553
ing_pending_1216154fe82f,,arginine_lysine_polypeptide,official_exact,high,KCIA 표준화명칭목록 2026-06-30 code=1884 sha256=4a523f990553
ing_pending_121ef474d313,,jojoba_esters,existing_identity,high,KCIA 표준화명칭목록 2026-06-30 code=4940 sha256=4a523f990553
ing_pending_1223a656f14b,,dextrin_palmitate,official_exact,high,KCIA 표준화명칭목록 2026-06-30 code=3810 sha256=4a523f990553
ing_pending_12295e6b98e7,,citrullus_lanatus_watermelon_fruit_extract,official_exact,high,KCIA 표준화명칭목록 2026-06-30 code=1341 sha256=4a523f990553
ing_pending_12322500b033,,brassica_campestris_rapeseed_seed_oil,official_exact,high,KCIA 표준화명칭목록 2026-06-30 code=863 sha256=4a523f990553
ing_pending_1275659b3edc,,acetamidoethoxyethanol,official_exact,high,KCIA 표준화명칭목록 2026-06-30 code=23798 sha256=4a523f990553
ing_pending_128026dc9d8d,,chenopodium_quinoa_seed_extract,official_exact,high,KCIA 표준화명칭목록 2026-06-30 code=3166 sha256=4a523f990553
ing_pending_1292b77456e5,,polyglyceryl_6_laurate,official_exact,high,KCIA 표준화명칭목록 2026-06-30 code=3762 sha256=4a523f990553
ing_pending_12c000d5d109,,c12_14_alketh_12,official_exact,high,KCIA 표준화명칭목록 2026-06-30 code=3496 sha256=4a523f990553
ing_pending_12d300e92090,,quillaja_saponaria_bark_extract,official_exact,high,KCIA 표준화명칭목록 2026-06-30 code=3167 sha256=4a523f990553
ing_pending_12e3289eaf4d,,c12_13_alketh_9,official_exact,high,KCIA 표준화명칭목록 2026-06-30 code=6001 sha256=4a523f990553
ing_pending_12e8f530c8cb,,sorbitan_olivate,official_exact,high,KCIA 표준화명칭목록 2026-06-30 code=1290 sha256=4a523f990553
ing_pending_13279c735a20,,euterpe_oleracea_fruit_extract,official_exact,high,KCIA 표준화명칭목록 2026-06-30 code=1681 sha256=4a523f990553
ing_pending_13288fd70133,,carbon_black,official_exact,high,KCIA 표준화명칭목록 2026-06-30 code=7096 sha256=4a523f990553
ing_pending_13413b66a0e9,,ethyl_linoleate,official_exact,high,KCIA 표준화명칭목록 2026-06-30 code=2052 sha256=4a523f990553
ing_pending_13666b5f15fc,,cetyl_palmitate,official_exact,high,KCIA 표준화명칭목록 2026-06-30 code=1004 sha256=4a523f990553
ing_pending_1394d48610ea,,silica_dimethyl_silylate,official_exact,high,KCIA 표준화명칭목록 2026-06-30 code=1549 sha256=4a523f990553
ing_pending_13954d99b35a,,parietaria_officinalis_extract,official_exact,high,KCIA 표준화명칭목록 2026-06-30 code=3636 sha256=4a523f990553
ing_pending_13a09ce17327,,ruscus_aculeatus_root_extract,official_exact,high,KCIA 표준화명칭목록 2026-06-30 code=577 sha256=4a523f990553
ing_pending_13aca48e3dea,,caffeine,official_exact,high,KCIA 표준화명칭목록 2026-06-30 code=2912 sha256=4a523f990553
ing_pending_13b77b57bfbf,,polyquaternium_22,official_exact,high,KCIA 표준화명칭목록 2026-06-30 code=3925 sha256=4a523f990553
ing_pending_13c29bb361ec,,rice_amino_acids,official_exact,high,KCIA 표준화명칭목록 2026-06-30 code=1583 sha256=4a523f990553
ing_pending_13cbfaee3147,,laureth_3,official_exact,high,KCIA 표준화명칭목록 2026-06-30 code=5331 sha256=4a523f990553
ing_pending_13dde91a4fb0,,diisostearyl_malate,official_exact,high,KCIA 표준화명칭목록 2026-06-30 code=5205 sha256=4a523f990553
ing_pending_13f3e37ac091,,sclareolide,official_exact,high,KCIA 표준화명칭목록 2026-06-30 code=1405 sha256=4a523f990553
ing_pending_1403d81e744b,,melaleuca_alternifolia_tea_tree_leaf_oil,existing_identity,high,KCIA 표준화명칭목록 2026-06-30 code=3468 sha256=4a523f990553
ing_pending_1411ca5ce483,,nannochloropsis_oculata_extract,official_exact,high,KCIA 표준화명칭목록 2026-06-30 code=9883 sha256=4a523f990553
ing_pending_1428dea02f56,,hydrogenated_castor_oil,existing_identity,high,KCIA 표준화명칭목록 2026-06-30 code=4586 sha256=4a523f990553
ing_pending_142e287eaa21,,1_2_hexanediol,existing_identity,high,KCIA 표준화명칭목록 2026-06-30 code=4877 sha256=4a523f990553
ing_pending_145fb20bf233,,cymbopogon_schoenanthus_extract,official_exact,high,KCIA 표준화명칭목록 2026-06-30 code=5465 sha256=4a523f990553
ing_pending_1467eed8d35a,,butylphenyl_methylpropional,existing_identity,high,KCIA 표준화명칭목록 2026-06-30 code=608 sha256=4a523f990553
ing_pending_146b3678ebe9,,trimethylpentanediol_adipic_acid_glycerin_crosspolymer,official_exact,high,KCIA 표준화명칭목록 2026-06-30 code=3353 sha256=4a523f990553
ing_pending_146da1301fd5,,polyglyceryl_10_stearate,official_exact,high,KCIA 표준화명칭목록 2026-06-30 code=3782 sha256=4a523f990553
ing_pending_14953e041d15,,citric_acid,official_exact,high,KCIA 표준화명칭목록 2026-06-30 code=1532 sha256=4a523f990553
ing_pending_14b6bd974dea,,trideceth_15,official_exact,high,KCIA 표준화명칭목록 2026-06-30 code=10165 sha256=4a523f990553
ing_pending_14bd7fe959f4,,ribes_nigrum_black_currant_fruit_extract,official_exact,high,KCIA 표준화명칭목록 2026-06-30 code=661 sha256=4a523f990553
ing_pending_14ffb52779f6,,laminaria_japonica_extract,existing_identity,high,KCIA 표준화명칭목록 2026-06-30 code=5317 sha256=4a523f990553
ing_pending_1513612edc12,,t_butyl_alcohol,official_exact,high,KCIA 표준화명칭목록 2026-06-30 code=600 sha256=4a523f990553
ing_pending_15209c99f875,,cocos_nucifera_coconut_fruit_juice,official_exact,high,KCIA 표준화명칭목록 2026-06-30 code=3059 sha256=4a523f990553
ing_pending_154404fb5665,,acetyl_cedrene,official_exact,high,KCIA 표준화명칭목록 2026-06-30 code=23746 sha256=4a523f990553
ing_pending_1567be5fa00a,,bis_cetearyl_amodimethicone,official_exact,high,KCIA 표준화명칭목록 2026-06-30 code=7701 sha256=4a523f990553
ing_pending_15738e5c8f23,,oleanolic_acid,official_exact,high,KCIA 표준화명칭목록 2026-06-30 code=2274 sha256=4a523f990553
ing_pending_15756d9b6912,,ipomoea_batatas_root_extract,official_exact,high,KCIA 표준화명칭목록 2026-06-30 code=5171 sha256=4a523f990553
ing_pending_1591e7a39869,,diglucosyl_gallic_acid,official_exact,high,KCIA 표준화명칭목록 2026-06-30 code=4434 sha256=4a523f990553
ing_pending_15a108f2c6fb,,hexadecene,official_exact,high,KCIA 표준화명칭목록 2026-06-30 code=4867 sha256=4a523f990553
ing_pending_15a190430cf6,,onsen_sui,official_exact,high,KCIA 표준화명칭목록 2026-06-30 code=2250 sha256=4a523f990553
ing_pending_15bf05065304,,vitis_vinifera_grape_fruit_extract,official_exact,high,KCIA 표준화명칭목록 2026-06-30 code=3657 sha256=4a523f990553
ing_pending_15d7f831fb29,,cornus_officinalis_fruit_extract,official_exact,high,KCIA 표준화명칭목록 2026-06-30 code=799 sha256=4a523f990553
ing_pending_15dd22343488,,ethylhexyl_polyhydroxystearate,official_exact,high,KCIA 표준화명칭목록 2026-06-30 code=13917 sha256=4a523f990553
ing_pending_15fdfd4c8eca,,menthol,official_exact,high,KCIA 표준화명칭목록 2026-06-30 code=244 sha256=4a523f990553
ing_pending_160a62bc3cb2,,astaxanthin,official_exact,high,KCIA 표준화명칭목록 2026-06-30 code=1730 sha256=4a523f990553
ing_pending_165b50343099,,moringa_oleifera_seed_oil,existing_identity,high,KCIA 표준화명칭목록 2026-06-30 code=7622 sha256=4a523f990553
ing_pending_16804bb3609f,,polydextrose,official_exact,high,KCIA 표준화명칭목록 2026-06-30 code=3831 sha256=4a523f990553
ing_pending_168dfab69189,,ethyl_macadamiate,official_exact,high,KCIA 표준화명칭목록 2026-06-30 code=2053 sha256=4a523f990553
ing_pending_16b9a660f8cf,,butylene_ethylene_styrene_copolymer,official_exact,high,KCIA 표준화명칭목록 2026-06-30 code=590 sha256=4a523f990553
ing_pending_16d31fc158b0,,salicornia_herbacea_extract,official_exact,high,KCIA 표준화명칭목록 2026-06-30 code=3307 sha256=4a523f990553
ing_pending_16d963cd81e5,,equisetum_arvense_extract,official_exact,high,KCIA 표준화명칭목록 2026-06-30 code=1331 sha256=4a523f990553
ing_pending_16e297df4426,,serine,official_exact,high,KCIA 표준화명칭목록 2026-06-30 code=917 sha256=4a523f990553
ing_pending_170485ee6403,,aluminum_starch_octenylsuccinate,existing_identity,high,KCIA 표준화명칭목록 2026-06-30 code=1859 sha256=4a523f990553
ing_pending_170d63795ba7,,etidronic_acid,official_exact,high,KCIA 표준화명칭목록 2026-06-30 code=2101 sha256=4a523f990553
ing_pending_1725fccd3659,,hypericum_perforatum_extract,official_exact,high,KCIA 표준화명칭목록 2026-06-30 code=843 sha256=4a523f990553
ing_pending_1741dc00ddf4,,punica_granatum_pericarp_extract,official_exact,high,KCIA 표준화명칭목록 2026-06-30 code=8887 sha256=4a523f990553
ing_pending_174dedb016b7,,trisodium_hedta,official_exact,high,KCIA 표준화명칭목록 2026-06-30 code=3368 sha256=4a523f990553
ing_pending_175be64b7b7c,,phyllanthus_emblica_fruit_extract,official_exact,high,KCIA 표준화명칭목록 2026-06-30 code=2574 sha256=4a523f990553
ing_pending_1763186b3e55,,synthetic_wax,official_exact,high,KCIA 표준화명칭목록 2026-06-30 code=4831 sha256=4a523f990553
ing_pending_17855c4844ba,,ceteareth_7,official_exact,high,KCIA 표준화명칭목록 2026-06-30 code=7651 sha256=4a523f990553
ing_pending_179b84f91da1,,potassium_benzoate,official_exact,high,KCIA 표준화명칭목록 2026-06-30 code=7441 sha256=4a523f990553
ing_pending_17af3135e542,,ethylhexyl_triazone,official_exact,high,KCIA 표준화명칭목록 2026-06-30 code=2087 sha256=4a523f990553
ing_pending_17b09d9c5b1d,,peg_10_phytosterol,official_exact,high,KCIA 표준화명칭목록 2026-06-30 code=6819 sha256=4a523f990553
ing_pending_17b5ab7e8c3c,,withania_somnifera_root_extract,official_exact,high,KCIA 표준화명칭목록 2026-06-30 code=2379 sha256=4a523f990553
ing_pending_17c97698e6ff,,vanilla_planifolia_fruit_extract,official_exact,high,KCIA 표준화명칭목록 2026-06-30 code=382 sha256=4a523f990553
ing_pending_17e775bad8ba,,maltooligosyl_glucoside,official_exact,high,KCIA 표준화명칭목록 2026-06-30 code=6525 sha256=4a523f990553
ing_pending_184a17c2321d,,bakuchiol,existing_identity,high,KCIA 표준화명칭목록 2026-06-30 code=7837 sha256=4a523f990553
ing_pending_186eb4411cdf,,lactose,official_exact,high,KCIA 표준화명칭목록 2026-06-30 code=5444 sha256=4a523f990553
ing_pending_187381da709a,,palmitoyl_tripeptide_5,official_exact,high,KCIA 표준화명칭목록 2026-06-30 code=3550 sha256=4a523f990553
ing_pending_18921d346fbf,,resorcinol,official_exact,high,KCIA 표준화명칭목록 2026-06-30 code=5487 sha256=4a523f990553
ing_pending_18a68de5c9a4,,steareth_6,official_exact,high,KCIA 표준화명칭목록 2026-06-30 code=1440 sha256=4a523f990553
ing_pending_18ddf2ef159b,,polyglyceryl_6_ricinoleate,official_exact,high,KCIA 표준화명칭목록 2026-06-30 code=3767 sha256=4a523f990553
ing_pending_18e1a9e721e9,,isostearic_acid,official_exact,high,KCIA 표준화명칭목록 2026-06-30 code=2485 sha256=4a523f990553
ing_pending_18f9c38aced7,,eugenol,official_exact,high,KCIA 표준화명칭목록 2026-06-30 code=2395 sha256=4a523f990553
ing_pending_190af99f2f25,,glycosphingolipids,official_exact,high,KCIA 표준화명칭목록 2026-06-30 code=537 sha256=4a523f990553
ing_pending_192fc15c79ef,,coptis_japonica_extract,official_exact,high,KCIA 표준화명칭목록 2026-06-30 code=5894 sha256=4a523f990553
ing_pending_1976f8b2c09d,,c12_13_alketh_3,official_exact,high,KCIA 표준화명칭목록 2026-06-30 code=3488 sha256=4a523f990553
ing_pending_198bf373ee43,,citrus_unshiu_peel_extract,official_exact,high,KCIA 표준화명칭목록 2026-06-30 code=440 sha256=4a523f990553
ing_pending_19a8a652109d,,calcium_gluconate,official_exact,high,KCIA 표준화명칭목록 2026-06-30 code=2945 sha256=4a523f990553
ing_pending_19c29bbd77d2,,hippophae_rhamnoides_fruit_oil,official_exact,high,KCIA 표준화명칭목록 2026-06-30 code=8797 sha256=4a523f990553
ing_pending_19d49a5f947d,,punica_granatum_flower_extract,official_exact,high,KCIA 표준화명칭목록 2026-06-30 code=6467 sha256=4a523f990553
ing_pending_19da73903b06,,santalum_acuminatum_fruit_extract,official_exact,high,KCIA 표준화명칭목록 2026-06-30 code=7454 sha256=4a523f990553
ing_pending_19dc7712604b,,ppg_24_glycereth_24,official_exact,high,KCIA 표준화명칭목록 2026-06-30 code=4449 sha256=4a523f990553
ing_pending_19ed17115ec3,,sodium_lauroyl_glutamate,official_exact,high,KCIA 표준화명칭목록 2026-06-30 code=1069 sha256=4a523f990553
ing_pending_19f43ec20209,,propylparaben,existing_identity,high,KCIA 표준화명칭목록 2026-06-30 code=4018 sha256=4a523f990553
ing_pending_1a0e3e5eef08,,ammonium_polyacrylate,official_exact,high,KCIA 표준화명칭목록 2026-06-30 code=1960 sha256=4a523f990553
ing_pending_1a5bb7b82246,,citric_acid,official_exact,high,KCIA 표준화명칭목록 2026-06-30 code=1532 sha256=4a523f990553
ing_pending_1a702a00cf42,,prunus_armeniaca_apricot_kernel_oil,existing_identity,high,KCIA 표준화명칭목록 2026-06-30 code=809 sha256=4a523f990553
ing_pending_1a87ab64ad1c,,polyglyceryl_3_betainate_acetate,official_exact,high,KCIA 표준화명칭목록 2026-06-30 code=24840 sha256=4a523f990553
ing_pending_1a8f4a641dbc,,citral,official_exact,high,KCIA 표준화명칭목록 2026-06-30 code=1523 sha256=4a523f990553
ing_pending_1ac075d4f76f,,prunus_persica_peach_flower_extract,official_exact,high,KCIA 표준화명칭목록 2026-06-30 code=559 sha256=4a523f990553
ing_pending_1ac852e5ff16,,cyclohexylglycerin,official_exact,high,KCIA 표준화명칭목록 2026-06-30 code=16741 sha256=4a523f990553
ing_pending_1acc43c2dbe9,,steareth_10,official_exact,high,KCIA 표준화명칭목록 2026-06-30 code=1443 sha256=4a523f990553
ing_pending_1aef3eda4bdc,,lauroyl_myristoyl_methyl_glucamide,official_exact,high,KCIA 표준화명칭목록 2026-06-30 code=18840 sha256=4a523f990553
ing_pending_1af892cbc350,,lactobacillus_tomato_fruit_ferment_extract,official_exact,high,KCIA 표준화명칭목록 2026-06-30 code=5638 sha256=4a523f990553
ing_pending_1af938fdf1d0,,malva_sylvestris_mallow_extract,official_exact,high,KCIA 표준화명칭목록 2026-06-30 code=117 sha256=4a523f990553
ing_pending_1af9a895ed19,,palmitoyl_pentapeptide_4,official_exact,high,KCIA 표준화명칭목록 2026-06-30 code=3551 sha256=4a523f990553
ing_pending_1afd934ed614,,lanolin,official_exact,high,KCIA 표준화명칭목록 2026-06-30 code=5298 sha256=4a523f990553
ing_pending_1b2c7ac22e99,,laminaria_japonica_extract,official_exact,high,KCIA 표준화명칭목록 2026-06-30 code=5317 sha256=4a523f990553
ing_pending_1b2e491ec0a5,,potassium_hydroxide,official_exact,high,KCIA 표준화명칭목록 2026-06-30 code=3709 sha256=4a523f990553
ing_pending_1b31070d5cc0,,hydroxyethylpiperazine_ethane_sulfonic_acid,official_exact,high,KCIA 표준화명칭목록 2026-06-30 code=4660 sha256=4a523f990553
ing_pending_1b787fd82d84,,cinnamyl_alcohol,official_exact,high,KCIA 표준화명칭목록 2026-06-30 code=1541 sha256=4a523f990553
ing_pending_1bae26cfac86,,sodium_chloride,official_exact,high,KCIA 표준화명칭목록 2026-06-30 code=1223 sha256=4a523f990553
ing_pending_1bb1331fe8df,,hibiscus_esculentus_fruit_extract,official_exact,high,KCIA 표준화명칭목록 2026-06-30 code=2187 sha256=4a523f990553
ing_pending_1bbd37eb20f9,,dimer_dilinoleyl_dimer_dilinoleate,official_exact,high,KCIA 표준화명칭목록 2026-06-30 code=2955 sha256=4a523f990553
ing_pending_1bfdf8d4575e,,tridecyl_trimellitate,official_exact,high,KCIA 표준화명칭목록 2026-06-30 code=3335 sha256=4a523f990553
ing_pending_1c0d6315e81a,,polyacrylate_crosspolymer_6,official_exact,high,KCIA 표준화명칭목록 2026-06-30 code=7403 sha256=4a523f990553
ing_pending_1c177587abe7,,melia_azadirachta_leaf_extract,official_exact,high,KCIA 표준화명칭목록 2026-06-30 code=2556 sha256=4a523f990553
ing_pending_1c1d334b97be,,glyceryl_behenate_eicosadioate,official_exact,high,KCIA 표준화명칭목록 2026-06-30 code=1179 sha256=4a523f990553
ing_pending_1c229c3006c1,,cyclohexasiloxane,official_exact,high,KCIA 표준화명칭목록 2026-06-30 code=770 sha256=4a523f990553
ing_pending_1c297c2f646b,,tetramethyl_acetyloctahydronaphthalenes,official_exact,high,KCIA 표준화명칭목록 2026-06-30 code=8033 sha256=4a523f990553
ing_pending_1c2b32ccdd77,,leucine,existing_identity,high,KCIA 표준화명칭목록 2026-06-30 code=5 sha256=4a523f990553
ing_pending_1c2f8cc9d7c0,,soy_isoflavones,official_exact,high,KCIA 표준화명칭목록 2026-06-30 code=1309 sha256=4a523f990553
ing_pending_1c33ecf15028,,bifida_ferment_lysate,official_exact,high,KCIA 표준화명칭목록 2026-06-30 code=734 sha256=4a523f990553
ing_pending_1c46cfb9b61a,,glycogen,official_exact,high,KCIA 표준화명칭목록 2026-06-30 code=560 sha256=4a523f990553
ing_pending_1c4bad937804,,hexapeptide_2,official_exact,high,KCIA 표준화명칭목록 2026-06-30 code=4871 sha256=4a523f990553
ing_pending_1cc25b3d99ae,,terpinolene,official_exact,high,KCIA 표준화명칭목록 2026-06-30 code=21172 sha256=4a523f990553
ing_pending_1cc717140b71,,sargassum_filipendula_extract,official_exact,high,KCIA 표준화명칭목록 2026-06-30 code=5891 sha256=4a523f990553
ing_pending_1cdaf0cdc468,,hoya_lacunosa_flower_extract,official_exact,high,KCIA 표준화명칭목록 2026-06-30 code=8391 sha256=4a523f990553
ing_pending_1cf39ccad756,,amylopectin,official_exact,high,KCIA 표준화명칭목록 2026-06-30 code=1667 sha256=4a523f990553
ing_pending_1d06eb3869d7,,xylose,official_exact,high,KCIA 표준화명칭목록 2026-06-30 code=2619 sha256=4a523f990553
ing_pending_1d074ec451ad,,rubus_idaeus_raspberry_fruit_extract,official_exact,high,KCIA 표준화명칭목록 2026-06-30 code=5422 sha256=4a523f990553
ing_pending_1d36f2cd5cd2,,caesalpinia_spinosa_fruit_extract,official_exact,high,KCIA 표준화명칭목록 2026-06-30 code=9973 sha256=4a523f990553
ing_pending_1d6a4b43f340,,menthyl_lactate,official_exact,high,KCIA 표준화명칭목록 2026-06-30 code=245 sha256=4a523f990553
ing_pending_1d7c3032bbd5,,calcium_lactate,official_exact,high,KCIA 표준화명칭목록 2026-06-30 code=2947 sha256=4a523f990553
ing_pending_1d88116dff6b,,stearamidopropyl_dimethylamine,existing_identity,high,KCIA 표준화명칭목록 2026-06-30 code=1428 sha256=4a523f990553
ing_pending_1dadf0ac4fda,,cinnamomum_camphora_camphor_bark_oil,official_exact,high,KCIA 표준화명칭목록 2026-06-30 code=2561 sha256=4a523f990553
ing_pending_1db49656fb51,,rosa_damascena_flower_water,official_exact,high,KCIA 표준화명칭목록 2026-06-30 code=2910 sha256=4a523f990553
ing_pending_1dd60bb4e9ee,,tropaeolum_majus_extract,official_exact,high,KCIA 표준화명칭목록 2026-06-30 code=4825 sha256=4a523f990553
ing_pending_1de49b8282aa,,albatrellus_confluens_mushroom_extract,official_exact,high,KCIA 표준화명칭목록 2026-06-30 code=16421 sha256=4a523f990553
ing_pending_1df1e087ba1d,,polyquaternium_37,official_exact,high,KCIA 표준화명칭목록 2026-06-30 code=3931 sha256=4a523f990553
ing_pending_1e0f8cee9d9c,,isopropyl_lauroyl_sarcosinate,official_exact,high,KCIA 표준화명칭목록 2026-06-30 code=2530 sha256=4a523f990553
ing_pending_1e10594d6a17,,polysorbate_60,official_exact,high,KCIA 표준화명칭목록 2026-06-30 code=3858 sha256=4a523f990553
ing_pending_1e1a4e9dc649,,peg_75_lanolin,official_exact,high,KCIA 표준화명칭목록 2026-06-30 code=4198 sha256=4a523f990553
ing_pending_1e28d17d94ea,,aloe_barbadensis_leaf_extract,official_exact,high,KCIA 표준화명칭목록 2026-06-30 code=1839 sha256=4a523f990553
ing_pending_1e2ae4b4cb83,,glucuronic_acid,official_exact,high,KCIA 표준화명칭목록 2026-06-30 code=895 sha256=4a523f990553
ing_pending_1e2ee509df85,,atelocollagen,official_exact,high,KCIA 표준화명칭목록 2026-06-30 code=1803 sha256=4a523f990553
ing_pending_1e2f7f95497d,,hedera_helix_ivy_leaf_stem_extract,official_exact,high,KCIA 표준화명칭목록 2026-06-30 code=857 sha256=4a523f990553
ing_pending_1e416583864f,,sodium_hyaluronate_crosspolymer,official_exact,high,KCIA 표준화명칭목록 2026-06-30 code=1268 sha256=4a523f990553
ing_pending_1e4e39ffee45,,citrus_limon_lemon_peel_oil,existing_identity,high,KCIA 표준화명칭목록 2026-06-30 code=5468 sha256=4a523f990553
ing_pending_1e88947bf68c,,schizosaccharomyces_ferment_filtrate,official_exact,high,KCIA 표준화명칭목록 2026-06-30 code=18379 sha256=4a523f990553
ing_pending_1e95a3761e9e,,enantia_chlorantha_bark_extract,official_exact,high,KCIA 표준화명칭목록 2026-06-30 code=2008 sha256=4a523f990553
ing_pending_1ea606f7436e,,camellia_japonica_leaf_extract,official_exact,high,KCIA 표준화명칭목록 2026-06-30 code=4029 sha256=4a523f990553
ing_pending_1eb19069dd26,,saccharomyces_lysate_extract,official_exact,high,KCIA 표준화명칭목록 2026-06-30 code=5013 sha256=4a523f990553
ing_pending_1eb6774ead23,,cyamopsis_tetragonoloba_guar_gum,official_exact,high,KCIA 표준화명칭목록 2026-06-30 code=34 sha256=4a523f990553
ing_pending_1ec9ba94f0a7,,polyglyceryl_10_laurate,official_exact,high,KCIA 표준화명칭목록 2026-06-30 code=3763 sha256=4a523f990553
ing_pending_1ee76f23d685,,ethanolamine,official_exact,high,KCIA 표준화명칭목록 2026-06-30 code=2095 sha256=4a523f990553
ing_pending_1ef0dd9a6abf,,polyglycerin_3,official_exact,high,KCIA 표준화명칭목록 2026-06-30 code=3730 sha256=4a523f990553
ing_pending_1efa3213f32a,,saccharomyces_magnesium_ferment,official_exact,high,KCIA 표준화명칭목록 2026-06-30 code=5003 sha256=4a523f990553
ing_pending_1f009b83cdfa,,sarcosine,official_exact,high,KCIA 표준화명칭목록 2026-06-30 code=777 sha256=4a523f990553
ing_pending_1f21d9b0502f,,amp_acrylates_allyl_methacrylate_copolymer,official_exact,high,KCIA 표준화명칭목록 2026-06-30 code=2027 sha256=4a523f990553
ing_pending_1f3e18b06524,,sodium_acrylates_copolymer,official_exact,high,KCIA 표준화명칭목록 2026-06-30 code=1160 sha256=4a523f990553
ing_pending_1f4596b77abb,,sclerocarya_birrea_seed_butter,official_exact,high,KCIA 표준화명칭목록 2026-06-30 code=22380 sha256=4a523f990553
ing_pending_1f5196bdb92d,,prunus_amygdalus_dulcis_sweet_almond_seed_meal,official_exact,high,KCIA 표준화명칭목록 2026-06-30 code=1395 sha256=4a523f990553
ing_pending_1f7096aa2e37,,dextrin_isostearate,official_exact,high,KCIA 표준화명칭목록 2026-06-30 code=7508 sha256=4a523f990553
ing_pending_1f73425fbbaa,,albizia_julibrissin_bark_extract,official_exact,high,KCIA 표준화명칭목록 2026-06-30 code=2596 sha256=4a523f990553
ing_pending_1f7807d4a25e,,1_2_hexanediol,official_exact,high,KCIA 표준화명칭목록 2026-06-30 code=4877 sha256=4a523f990553
ing_pending_1f7ae2c1d38d,,cetyl_ethylhexanoate,official_exact,high,KCIA 표준화명칭목록 2026-06-30 code=998 sha256=4a523f990553
ing_pending_1fc266248fc6,,cyclohexasiloxane,official_exact,high,KCIA 표준화명칭목록 2026-06-30 code=770 sha256=4a523f990553
ing_pending_1fc2f76a2ea9,,citrus_paradisi_grapefruit_fruit_extract,official_exact,high,KCIA 표준화명칭목록 2026-06-30 code=2602 sha256=4a523f990553
ing_pending_20019570eed3,,magnesium_pca,official_exact,high,KCIA 표준화명칭목록 2026-06-30 code=64 sha256=4a523f990553
ing_pending_201c3ca7d51b,,dimethylsilanol_hyaluronate,official_exact,high,KCIA 표준화명칭목록 2026-06-30 code=4961 sha256=4a523f990553
ing_pending_201ec3001ab8,,pinene,existing_identity,high,KCIA 표준화명칭목록 2026-06-30 code=10535 sha256=4a523f990553
ing_pending_20262d0d01a6,,glycereth_2_cocoate,official_exact,high,KCIA 표준화명칭목록 2026-06-30 code=5869 sha256=4a523f990553
ing_pending_20370ef22f7b,,sorbitol,official_exact,high,KCIA 표준화명칭목록 2026-06-30 code=1297 sha256=4a523f990553
ing_pending_204e2b478926,,hippophae_rhamnoides_seed_oil,official_exact,high,KCIA 표준화명칭목록 2026-06-30 code=7311 sha256=4a523f990553
ing_pending_2076f64d3ac2,,peg_45m,official_exact,high,KCIA 표준화명칭목록 2026-06-30 code=4107 sha256=4a523f990553
ing_pending_207bafec4d8e,,cocamidopropyl_dimethylamine,official_exact,high,KCIA 표준화명칭목록 2026-06-30 code=3034 sha256=4a523f990553
ing_pending_2091bb2b9d31,,sodium_polyacrylate,official_exact,high,KCIA 표준화명칭목록 2026-06-30 code=1253 sha256=4a523f990553
ing_pending_20adc215753a,,polyquaternium_73,official_exact,high,KCIA 표준화명칭목록 2026-06-30 code=6898 sha256=4a523f990553
ing_pending_20c18f20acff,,ocimum_sanctum_leaf_extract,official_exact,high,KCIA 표준화명칭목록 2026-06-30 code=4945 sha256=4a523f990553
ing_pending_20c5e424c4b6,,aleurites_moluccanus_seed_oil,official_exact,high,KCIA 표준화명칭목록 2026-06-30 code=3134 sha256=4a523f990553
ing_pending_21072f6559d9,,saccharomyces_iron_ferment,official_exact,high,KCIA 표준화명칭목록 2026-06-30 code=5018 sha256=4a523f990553
ing_pending_210dfa873e62,,euphorbia_cerifera_candelilla_wax,official_exact,high,KCIA 표준화명칭목록 2026-06-30 code=2934 sha256=4a523f990553
ing_pending_2115022ecb7b,,phosphatidylcholine,official_exact,high,KCIA 표준화명칭목록 2026-06-30 code=3661 sha256=4a523f990553
ing_pending_2115f22debf2,,isopropanolamine,official_exact,high,KCIA 표준화명칭목록 2026-06-30 code=6197 sha256=4a523f990553
ing_pending_21346f3851b9,,sodium_anisate,official_exact,high,KCIA 표준화명칭목록 2026-06-30 code=6236 sha256=4a523f990553
ing_pending_2147b1ea062d,,licorice_extract,existing_identity,high,KCIA 표준화명칭목록 2026-06-30 code=18359 sha256=4a523f990553
ing_pending_21816a04d109,,c12_20_alkyl_glucoside,official_exact,high,KCIA 표준화명칭목록 2026-06-30 code=1905 sha256=4a523f990553
ing_pending_2183da131316,,chamomilla_recutita_matricaria_extract,official_exact,high,KCIA 표준화명칭목록 2026-06-30 code=8531 sha256=4a523f990553
ing_pending_2195092ab956,,isopropyl_titanium_triisostearate,official_exact,high,KCIA 표준화명칭목록 2026-06-30 code=2540 sha256=4a523f990553
ing_pending_21b64bdabd9f,,saussurea_involucrata_extract,official_exact,high,KCIA 표준화명칭목록 2026-06-30 code=2789 sha256=4a523f990553
ing_pending_21bb768b1c75,,alpha_isomethyl_ionone,official_exact,high,KCIA 표준화명칭목록 2026-06-30 code=1932 sha256=4a523f990553
ing_pending_21cea699cbd6,,myristyl_glucoside,official_exact,high,KCIA 표준화명칭목록 2026-06-30 code=337 sha256=4a523f990553
ing_pending_21cee7cf8843,,polyglyceryl_2_dipolyhydroxystearate,official_exact,high,KCIA 표준화명칭목록 2026-06-30 code=3759 sha256=4a523f990553
ing_pending_21f3d05d674c,,alpha_isomethyl_ionone,existing_identity,high,KCIA 표준화명칭목록 2026-06-30 code=1932 sha256=4a523f990553
ing_pending_22021ff1af3d,,polyglyceryl_6_stearate,official_exact,high,KCIA 표준화명칭목록 2026-06-30 code=3780 sha256=4a523f990553
ing_pending_2266cbfeb46e,,capsicum_annuum_fruit_extract_capsicum_frutescens_fruit_extract,official_exact,high,KCIA 표준화명칭목록 2026-06-30 code=5305 sha256=4a523f990553
ing_pending_22871b25a64e,,aesculus_hippocastanum_horse_chestnut_seed_extract,official_exact,high,KCIA 표준화명칭목록 2026-06-30 code=76 sha256=4a523f990553
ing_pending_22bc0079fa2c,,rosa_damascena_extract,official_exact,high,KCIA 표준화명칭목록 2026-06-30 code=2933 sha256=4a523f990553
ing_pending_2326ae2ec645,,acetyl_hexapeptide_8,official_exact,high,KCIA 표준화명칭목록 2026-06-30 code=1718 sha256=4a523f990553
ing_pending_232d13b604c6,,ethyl_vanillin,official_exact,high,KCIA 표준화명칭목록 2026-06-30 code=2055 sha256=4a523f990553
ing_pending_234497daf2b8,,bis_behenyl_isostearyl_phytosteryl_dimer_dilinoleyl_dim_kcia_686,official_exact,high,KCIA 표준화명칭목록 2026-06-30 code=686 sha256=4a523f990553
ing_pending_2355f51e8ffd,,vaccinium_angustifolium_blueberry_fruit_extract,official_exact,high,KCIA 표준화명칭목록 2026-06-30 code=665 sha256=4a523f990553
ing_pending_235bf61f8da8,,propolis_extract,official_exact,high,KCIA 표준화명칭목록 2026-06-30 code=3989 sha256=4a523f990553
ing_pending_2392019ac6cb,,polysorbate_80,official_exact,high,KCIA 표준화명칭목록 2026-06-30 code=3861 sha256=4a523f990553
ing_pending_239913cd13e7,,steareth_2,official_exact,high,KCIA 표준화명칭목록 2026-06-30 code=1436 sha256=4a523f990553
ing_pending_239f6c577bb5,,acrylates_polytrimethylsiloxymethacrylate_copolymer,official_exact,high,KCIA 표준화명칭목록 2026-06-30 code=1792 sha256=4a523f990553
ing_pending_23a87fca7e75,,sodium_lactate,official_exact,high,KCIA 표준화명칭목록 2026-06-30 code=1083 sha256=4a523f990553
ing_pending_241cbfacb97c,,xylitylglucoside,official_exact,high,KCIA 표준화명칭목록 2026-06-30 code=2621 sha256=4a523f990553
ing_pending_241f5fac9e8a,,mimosa_tenuiflora_leaf_extract,official_exact,high,KCIA 표준화명칭목록 2026-06-30 code=348 sha256=4a523f990553
ing_pending_2434b28433b3,,hexyl_cinnamal,existing_identity,high,KCIA 표준화명칭목록 2026-06-30 code=4893 sha256=4a523f990553
ing_pending_243f2270337d,,pseudozyma_epicola_camellia_sinensis_seed_oil_ferment_kcia_22536,official_exact,high,KCIA 표준화명칭목록 2026-06-30 code=22536 sha256=4a523f990553
ing_pending_2457db86b82b,,hydrolyzed_sclerotium_gum,official_exact,high,KCIA 표준화명칭목록 2026-06-30 code=6004 sha256=4a523f990553
ing_pending_245cbe2f4486,,acacia_seyal_gum_extract,official_exact,high,KCIA 표준화명칭목록 2026-06-30 code=6389 sha256=4a523f990553
ing_pending_24a49b3b84aa,,hexadecene,official_exact,high,KCIA 표준화명칭목록 2026-06-30 code=4867 sha256=4a523f990553
ing_pending_24ae745b30e2,,citrus_aurantium_amara_bitter_orange_leaf_twig_oil,official_exact,high,KCIA 표준화명칭목록 2026-06-30 code=5870 sha256=4a523f990553
ing_pending_24ba6fe9a356,,cyclopentasiloxane,official_exact,high,KCIA 표준화명칭목록 2026-06-30 code=769 sha256=4a523f990553
ing_pending_24edf1b29d23,,phytantriol,official_exact,high,KCIA 표준화명칭목록 2026-06-30 code=4427 sha256=4a523f990553
ing_pending_24f1da7fb87b,,titanium_titanium_dioxide,official_exact,high,KCIA 표준화명칭목록 2026-06-30 code=3465 sha256=4a523f990553
ing_pending_25272162b08b,,cyclopentasiloxane,existing_identity,high,KCIA 표준화명칭목록 2026-06-30 code=769 sha256=4a523f990553
ing_pending_2555e5467256,,rosa_multiflora_fruit_extract,official_exact,high,KCIA 표준화명칭목록 2026-06-30 code=2131 sha256=4a523f990553
ing_pending_2569c2b09cd4,,cetearyl_dimethicone_vinyl_dimethicone_crosspolymer,official_exact,high,KCIA 표준화명칭목록 2026-06-30 code=970 sha256=4a523f990553
ing_pending_256d344794b8,,peg_400,official_exact,high,KCIA 표준화명칭목록 2026-06-30 code=4098 sha256=4a523f990553
ing_pending_256d8c8782af,,hydrolyzed_corn_starch,official_exact,high,KCIA 표준화명칭목록 2026-06-30 code=4781 sha256=4a523f990553
ing_pending_25a49d3aa037,,galactomyces_ferment_filtrate,official_exact,high,KCIA 표준화명칭목록 2026-06-30 code=6377 sha256=4a523f990553
ing_pending_25d93b721998,,methionine,existing_identity,high,KCIA 표준화명칭목록 2026-06-30 code=165 sha256=4a523f990553
ing_pending_2626f8f66afd,,polygonatum_odoratum_rhizome_extract,official_exact,high,KCIA 표준화명칭목록 2026-06-30 code=18540 sha256=4a523f990553
ing_pending_262b6fc542ab,,ammonium_acryloyldimethyltaurate_beheneth_25_methacryl_kcia_1946,official_exact,high,KCIA 표준화명칭목록 2026-06-30 code=1946 sha256=4a523f990553
ing_pending_2638d1f06814,,cnidium_monnieri_fruit_extract,official_exact,high,KCIA 표준화명칭목록 2026-06-30 code=758 sha256=4a523f990553
ing_pending_2644e2a8d6f3,,sodium_caproyl_lauroyl_lactylate,official_exact,high,KCIA 표준화명칭목록 2026-06-30 code=8152 sha256=4a523f990553
ing_pending_2653975c5350,,triethyl_citrate,existing_identity,high,KCIA 표준화명칭목록 2026-06-30 code=3381 sha256=4a523f990553
ing_pending_266dd6450e72,,bht,official_exact,high,KCIA 표준화명칭목록 2026-06-30 code=719 sha256=4a523f990553
ing_pending_26832ec07b6c,,honey_extract,official_exact,high,KCIA 표준화명칭목록 2026-06-30 code=1865 sha256=4a523f990553
ing_pending_2689eb0461b6,,zinc_gluconate,existing_identity,high,KCIA 표준화명칭목록 2026-06-30 code=2766 sha256=4a523f990553
ing_pending_2693387d825c,,hippophae_rhamnoides_fruit_oil,official_exact,high,KCIA 표준화명칭목록 2026-06-30 code=8797 sha256=4a523f990553
ing_pending_269ef169d86f,,adansonia_digitata_seed_extract,official_exact,high,KCIA 표준화명칭목록 2026-06-30 code=399 sha256=4a523f990553
ing_pending_26ad9fcfbf70,,limnanthes_alba_meadowfoam_seed_oil,existing_identity,high,KCIA 표준화명칭목록 2026-06-30 code=161 sha256=4a523f990553
ing_pending_26f5961b44b0,,hexapeptide_2,official_exact,high,KCIA 표준화명칭목록 2026-06-30 code=4871 sha256=4a523f990553
ing_pending_2720f22f4843,,polysilicone_11,existing_identity,high,KCIA 표준화명칭목록 2026-06-30 code=3867 sha256=4a523f990553
ing_pending_272844c65d03,,camellia_sinensis_leaf_water,official_exact,high,KCIA 표준화명칭목록 2026-06-30 code=2714 sha256=4a523f990553
ing_pending_272852ffe5df,,methylparaben,existing_identity,high,KCIA 표준화명칭목록 2026-06-30 code=213 sha256=4a523f990553
ing_pending_276043c15845,,maltodextrin_vp_copolymer,official_exact,high,KCIA 표준화명칭목록 2026-06-30 code=9745 sha256=4a523f990553
ing_pending_2765e3771bd5,,paulownia_tomentosa_leaf_extract,official_exact,high,KCIA 표준화명칭목록 2026-06-30 code=17418 sha256=4a523f990553
ing_pending_2783425f4950,,peg_75,official_exact,high,KCIA 표준화명칭목록 2026-06-30 code=4089 sha256=4a523f990553
ing_pending_279cf7044217,,diisostearyl_malate,official_exact,high,KCIA 표준화명칭목록 2026-06-30 code=5205 sha256=4a523f990553
ing_pending_279fd6a9bc8d,,trimethylolpropane_triisostearate,official_exact,high,KCIA 표준화명칭목록 2026-06-30 code=3348 sha256=4a523f990553
ing_pending_27a898741bd4,,humulus_lupulus_hops_extract,official_exact,high,KCIA 표준화명칭목록 2026-06-30 code=4933 sha256=4a523f990553
ing_pending_27b27b2935ce,,hydrolyzed_jojoba_protein,official_exact,high,KCIA 표준화명칭목록 2026-06-30 code=4814 sha256=4a523f990553
ing_pending_27bcf29e991e,,glycereth_26,official_exact,high,KCIA 표준화명칭목록 2026-06-30 code=957 sha256=4a523f990553
ing_pending_27e7a3cb1aba,,angelica_gigas_root_extract,official_exact,high,KCIA 표준화명칭목록 2026-06-30 code=3152 sha256=4a523f990553
ing_pending_282553bd0cd7,,stevioside,official_exact,high,KCIA 표준화명칭목록 2026-06-30 code=1423 sha256=4a523f990553
ing_pending_282d4b5551ca,,polyquaternium_4,official_exact,high,KCIA 표준화명칭목록 2026-06-30 code=3917 sha256=4a523f990553
ing_pending_282eafc22cd9,,thermus_thermophillus_ferment,official_exact,high,KCIA 표준화명칭목록 2026-06-30 code=3265 sha256=4a523f990553
ing_pending_285526f148fa,,myristoyl_pentapeptide_17,official_exact,high,KCIA 표준화명칭목록 2026-06-30 code=6921 sha256=4a523f990553
ing_pending_285e04a8df7f,,prunus_serotina_wild_cherry_fruit_extract,official_exact,high,KCIA 표준화명칭목록 2026-06-30 code=7521 sha256=4a523f990553
ing_pending_28668ac882d7,,medicago_sativa_alfalfa_seed_powder,official_exact,high,KCIA 표준화명칭목록 2026-06-30 code=2627 sha256=4a523f990553
ing_pending_28718f9ba88b,,pentylene_glycol,official_exact,high,KCIA 표준화명칭목록 2026-06-30 code=3635 sha256=4a523f990553
ing_pending_28751dbf01f9,,hydrolyzed_milk_protein,official_exact,high,KCIA 표준화명칭목록 2026-06-30 code=4750 sha256=4a523f990553
ing_pending_288422ab3c16,,coccinia_indica_fruit_extract,official_exact,high,KCIA 표준화명칭목록 2026-06-30 code=5693 sha256=4a523f990553
ing_pending_2893459a03a5,,hippophae_rhamnoides_oil,official_exact,high,KCIA 표준화명칭목록 2026-06-30 code=801 sha256=4a523f990553
ing_pending_28bb24027506,,edta,official_exact,high,KCIA 표준화명칭목록 2026-06-30 code=2432 sha256=4a523f990553
ing_pending_28d28609e9a5,,saccharomyces_cerevisiae_extract,official_exact,high,KCIA 표준화명칭목록 2026-06-30 code=744 sha256=4a523f990553
ing_pending_28d7884f138d,,hydrolyzed_elastin,official_exact,high,KCIA 표준화명칭목록 2026-06-30 code=4778 sha256=4a523f990553
ing_pending_28e7f4ce1a14,,sucrose_stearate,official_exact,high,KCIA 표준화명칭목록 2026-06-30 code=1373 sha256=4a523f990553
ing_pending_291f89015b68,,leontopodium_alpinum_extract,official_exact,high,KCIA 표준화명칭목록 2026-06-30 code=2011 sha256=4a523f990553
ing_pending_291ffef0d133,,ononis_spinosa_root_extract,official_exact,high,KCIA 표준화명칭목록 2026-06-30 code=5484 sha256=4a523f990553
ing_pending_2923850fc2fa,,copper_tripeptide_1,official_exact,high,KCIA 표준화명칭목록 2026-06-30 code=2908 sha256=4a523f990553
ing_pending_29276661e491,,diatomaceous_earth,official_exact,high,KCIA 표준화명칭목록 2026-06-30 code=417 sha256=4a523f990553
ing_pending_29305765b080,,cereus_grandiflorus_cactus_flower_extract,official_exact,high,KCIA 표준화명칭목록 2026-06-30 code=898 sha256=4a523f990553
ing_pending_2931995f6a1c,,bis_diglyceryl_polyacyladipate_2,official_exact,high,KCIA 표준화명칭목록 2026-06-30 code=684 sha256=4a523f990553
ing_pending_295492a8fd06,,tremella_fuciformis_sporocarp_extract,official_exact,high,KCIA 표준화명칭목록 2026-06-30 code=6608 sha256=4a523f990553
ing_pending_295772888762,,gamma_undecalactone,official_exact,high,KCIA 표준화명칭목록 2026-06-30 code=9344 sha256=4a523f990553
ing_pending_296748289cda,,terephthalylidene_dicamphor_sulfonic_acid,official_exact,high,KCIA 표준화명칭목록 2026-06-30 code=3261 sha256=4a523f990553
ing_pending_298045b9e95a,,acrylates_c10_30_alkyl_acrylate_crosspolymer,official_exact,high,KCIA 표준화명칭목록 2026-06-30 code=1778 sha256=4a523f990553
ing_pending_29860053537e,,litsea_cubeba_fruit_oil,official_exact,high,KCIA 표준화명칭목록 2026-06-30 code=24 sha256=4a523f990553
ing_pending_29939665c7fc,,vegetable_oil,official_exact,high,KCIA 표준화명칭목록 2026-06-30 code=1536 sha256=4a523f990553
ing_pending_29a90b423ea9,,benzophenone_4,official_exact,high,KCIA 표준화명칭목록 2026-06-30 code=512 sha256=4a523f990553
ing_pending_29cb11c38109,,gellan_gum,official_exact,high,KCIA 표준화명칭목록 2026-06-30 code=2711 sha256=4a523f990553
ing_pending_29cda6eae5eb,,tetrasodium_edta,official_exact,high,KCIA 표준화명칭목록 2026-06-30 code=3269 sha256=4a523f990553
ing_pending_29f2c4fdbde8,,ultramarines,official_exact,high,KCIA 표준화명칭목록 2026-06-30 code=2358 sha256=4a523f990553
ing_pending_2a03828b5df0,,phosphatidylcholine,official_exact,high,KCIA 표준화명칭목록 2026-06-30 code=3661 sha256=4a523f990553
ing_pending_2a200c24013c,,synthetic_wax,official_exact,high,KCIA 표준화명칭목록 2026-06-30 code=4831 sha256=4a523f990553
ing_pending_2a505edb276a,,trideceth_6,existing_identity,high,KCIA 표준화명칭목록 2026-06-30 code=3320 sha256=4a523f990553
ing_pending_2a5c52dbb50b,,prunus_persica_peach_juice,official_exact,high,KCIA 표준화명칭목록 2026-06-30 code=563 sha256=4a523f990553
ing_pending_2a5e70255220,,hydrogenated_polydecene,official_exact,high,KCIA 표준화명칭목록 2026-06-30 code=4614 sha256=4a523f990553
ing_pending_2a603f6dd443,,benzyl_alcohol,official_exact,high,KCIA 표준화명칭목록 2026-06-30 code=527 sha256=4a523f990553
ing_pending_2a63e04f4fe4,,cetyl_alcohol,official_exact,high,KCIA 표준화명칭목록 2026-06-30 code=996 sha256=4a523f990553
ing_pending_2a6573b1da05,,elaeis_guineensis_palm_oil,official_exact,high,KCIA 표준화명칭목록 2026-06-30 code=1679 sha256=4a523f990553
ing_pending_2a70c7167edc,,hyaluronic_acid,existing_identity,high,KCIA 표준화명칭목록 2026-06-30 code=4822 sha256=4a523f990553
ing_pending_2a746755b3aa,,polybutene,official_exact,high,KCIA 표준화명칭목록 2026-06-30 code=3845 sha256=4a523f990553
ing_pending_2a8c74f71fb9,,musa_sapientum_banana_fruit_extract,official_exact,high,KCIA 표준화명칭목록 2026-06-30 code=378 sha256=4a523f990553
ing_pending_2a9afd528a3e,,honey_extract,official_exact,high,KCIA 표준화명칭목록 2026-06-30 code=1865 sha256=4a523f990553
ing_pending_2aba536d844e,,polyglyceryl_2_isostearate,official_exact,high,KCIA 표준화명칭목록 2026-06-30 code=3792 sha256=4a523f990553
ing_pending_2abdb1210233,,polyaminopropyl_biguanide,official_exact,high,KCIA 표준화명칭목록 2026-06-30 code=3873 sha256=4a523f990553
ing_pending_2abde1989951,,polyquaternium_6,official_exact,high,KCIA 표준화명칭목록 2026-06-30 code=3918 sha256=4a523f990553
ing_pending_2abf71b3b4c3,,ascorbyl_palmitate,existing_identity,high,KCIA 표준화명칭목록 2026-06-30 code=1729 sha256=4a523f990553
ing_pending_2afb0a06ddde,,polysorbate_21,official_exact,high,KCIA 표준화명칭목록 2026-06-30 code=3856 sha256=4a523f990553
ing_pending_2b3d412361b5,,peg_ppg_polybutylene_glycol_8_5_3_glycerin,official_exact,high,KCIA 표준화명칭목록 2026-06-30 code=4393 sha256=4a523f990553
ing_pending_2b62d1926eb0,,isododecane,official_exact,high,KCIA 표준화명칭목록 2026-06-30 code=2445 sha256=4a523f990553
ing_pending_2b75ee0ce419,,ammonium_acryloyldimethyltaurate_vp_copolymer,official_exact,high,KCIA 표준화명칭목록 2026-06-30 code=1947 sha256=4a523f990553
ing_pending_2b7f0f64981c,,caprylyl_glycol,official_exact,high,KCIA 표준화명칭목록 2026-06-30 code=2924 sha256=4a523f990553
ing_pending_2b8a8884e519,,isotridecyl_isononanoate,official_exact,high,KCIA 표준화명칭목록 2026-06-30 code=2514 sha256=4a523f990553
ing_pending_2b9b5c91f7ef,,polyquaternium_11,official_exact,high,KCIA 표준화명칭목록 2026-06-30 code=3923 sha256=4a523f990553
ing_pending_2bc1dc0a709f,,dilauryl_thiodipropionate,official_exact,high,KCIA 표준화명칭목록 2026-06-30 code=4490 sha256=4a523f990553
ing_pending_2bc920db9a61,,methyl_methacrylate_crosspolymer,official_exact,high,KCIA 표준화명칭목록 2026-06-30 code=183 sha256=4a523f990553
ing_pending_2bcce35dd722,,cyamopsis_tetragonoloba_guar_gum,official_exact,high,KCIA 표준화명칭목록 2026-06-30 code=34 sha256=4a523f990553
ing_pending_2bce8fe27f97,,bidens_pilosa_extract,official_exact,high,KCIA 표준화명칭목록 2026-06-30 code=7972 sha256=4a523f990553
ing_pending_2c0f472c7bf8,,simethicone,official_exact,high,KCIA 표준화명칭목록 2026-06-30 code=1509 sha256=4a523f990553
ing_pending_2c23044b837e,,disodium_acetyl_glucosamine_phosphate,official_exact,high,KCIA 표준화명칭목록 2026-06-30 code=8402 sha256=4a523f990553
ing_pending_2c29dbd8f375,,isopropyl_myristate,official_exact,high,KCIA 표준화명칭목록 2026-06-30 code=2533 sha256=4a523f990553
ing_pending_2c513b439e44,,apium_graveolens_celery_seed_extract,official_exact,high,KCIA 표준화명칭목록 2026-06-30 code=14705 sha256=4a523f990553
ing_pending_2c5a99ab8618,,curcuma_longa_turmeric_root_extract,official_exact,high,KCIA 표준화명칭목록 2026-06-30 code=3151 sha256=4a523f990553
ing_pending_2c5c1c8da3ae,,echinacea_purpurea_extract,official_exact,high,KCIA 표준화명칭목록 2026-06-30 code=2634 sha256=4a523f990553
ing_pending_2c5ce3b58c55,,c12_20_alkyl_glucoside,official_exact,high,KCIA 표준화명칭목록 2026-06-30 code=1905 sha256=4a523f990553
ing_pending_2c6223991967,,citrus_nobilis_mandarin_orange_fruit_extract,official_exact,high,KCIA 표준화명칭목록 2026-06-30 code=104 sha256=4a523f990553
ing_pending_2c8abd5d5231,,galactomyces_ferment_filtrate,official_exact,high,KCIA 표준화명칭목록 2026-06-30 code=6377 sha256=4a523f990553
ing_pending_2c96572b7ab5,,olea_europaea_olive_leaf_extract,official_exact,high,KCIA 표준화명칭목록 2026-06-30 code=2308 sha256=4a523f990553
ing_pending_2c9775652e1b,,lauryl_betaine,official_exact,high,KCIA 표준화명칭목록 2026-06-30 code=5384 sha256=4a523f990553
ing_pending_2ca27f697f3a,,citrullus_lanatus_watermelon_fruit_juice,official_exact,high,KCIA 표준화명칭목록 2026-06-30 code=9921 sha256=4a523f990553
ing_pending_2ca7d6c693a2,,chlamydomonas_reinhardtii_extract,official_exact,high,KCIA 표준화명칭목록 2026-06-30 code=17861 sha256=4a523f990553
ing_pending_2cb44fb89c09,,peg_75,official_exact,high,KCIA 표준화명칭목록 2026-06-30 code=4089 sha256=4a523f990553
ing_pending_2cbecdc99b19,,polygonum_cuspidatum_root_extract,official_exact,high,KCIA 표준화명칭목록 2026-06-30 code=4930 sha256=4a523f990553
ing_pending_2cdb8961f7de,,fructose,official_exact,high,KCIA 표준화명칭목록 2026-06-30 code=4022 sha256=4a523f990553
ing_pending_2d673cce2c83,,wheat_amino_acids,official_exact,high,KCIA 표준화명칭목록 2026-06-30 code=369 sha256=4a523f990553
ing_pending_2d76b71e4c65,,dipentaerythrityl_hexacaprylate_hexacaprate,official_exact,high,KCIA 표준화명칭목록 2026-06-30 code=5249 sha256=4a523f990553
ing_pending_2d7bd68d3d16,,superoxide_dismutase,official_exact,high,KCIA 표준화명칭목록 2026-06-30 code=1351 sha256=4a523f990553
ing_pending_2d9b84ca63c9,,sophora_flavescens_root_extract,official_exact,high,KCIA 표준화명칭목록 2026-06-30 code=5213 sha256=4a523f990553
ing_pending_2df3401140cc,,disodium_laureth_sulfosuccinate,official_exact,high,KCIA 표준화명칭목록 2026-06-30 code=5095 sha256=4a523f990553
ing_pending_2df6220f7d42,,pantothenic_acid,official_exact,high,KCIA 표준화명칭목록 2026-06-30 code=3535 sha256=4a523f990553
ing_pending_2dfe643c426f,,limonene,official_exact,high,KCIA 표준화명칭목록 2026-06-30 code=20 sha256=4a523f990553
ing_pending_2e14b6b5d44e,,cymbopogon_nardus_citronella_oil,official_exact,high,KCIA 표준화명칭목록 2026-06-30 code=1524 sha256=4a523f990553
ing_pending_2e2ad29eef3b,,carthamus_tinctorius_safflower_flower_extract,official_exact,high,KCIA 표준화명칭목록 2026-06-30 code=4953 sha256=4a523f990553
ing_pending_2e4700c2a36b,,tri_polyglyceryl_3_lauryl_hydrogenated_trilinoleate,official_exact,high,KCIA 표준화명칭목록 2026-06-30 code=24313 sha256=4a523f990553
ing_pending_2eaa7c3b310f,,glyceryl_stearate,official_exact,high,KCIA 표준화명칭목록 2026-06-30 code=7644 sha256=4a523f990553
ing_pending_2eb8e6a33c58,,malachite_extract,official_exact,high,KCIA 표준화명칭목록 2026-06-30 code=112 sha256=4a523f990553
ing_pending_2ebde0ec5647,,arginine_lysine_polypeptide,official_exact,high,KCIA 표준화명칭목록 2026-06-30 code=1884 sha256=4a523f990553
ing_pending_2f2ca6f00cb3,,polyester_11,official_exact,high,KCIA 표준화명칭목록 2026-06-30 code=7709 sha256=4a523f990553
ing_pending_2f5bc024496b,,sodium_lauryl_glucose_carboxylate,official_exact,high,KCIA 표준화명칭목록 2026-06-30 code=1078 sha256=4a523f990553
ing_pending_2f76db97d651,,zinc_oxide,official_exact,high,KCIA 표준화명칭목록 2026-06-30 code=2776 sha256=4a523f990553
ing_pending_2f7b64131ec5,,sodium_methyl_oleoyl_taurate,official_exact,high,KCIA 표준화명칭목록 2026-06-30 code=8053 sha256=4a523f990553
ing_pending_2fcc269c1a52,,c12_16_alcohols,official_exact,high,KCIA 표준화명칭목록 2026-06-30 code=1896 sha256=4a523f990553
ing_pending_3004ce4a0766,,trideceth_6_phosphate,official_exact,high,KCIA 표준화명칭목록 2026-06-30 code=8765 sha256=4a523f990553
ing_pending_301cf2b6bc65,,sorbitan_caprylate,official_exact,high,KCIA 표준화명칭목록 2026-06-30 code=8729 sha256=4a523f990553
ing_pending_303d44268996,,simethicone,official_exact,high,KCIA 표준화명칭목록 2026-06-30 code=1509 sha256=4a523f990553
ing_pending_3054abf4cfc0,,tripropylene_glycol,official_exact,high,KCIA 표준화명칭목록 2026-06-30 code=8449 sha256=4a523f990553
ing_pending_305a33c461d9,,linolenic_acid,official_exact,high,KCIA 표준화명칭목록 2026-06-30 code=11 sha256=4a523f990553
ing_pending_305e23487c08,,eucalyptus_globulus_leaf_oil,existing_identity,high,KCIA 표준화명칭목록 2026-06-30 code=2410 sha256=4a523f990553
ing_pending_30757741d8c3,,hydrolyzed_jojoba_esters,official_exact,high,KCIA 표준화명칭목록 2026-06-30 code=4813 sha256=4a523f990553
ing_pending_3086a4443c37,,alanine,official_exact,high,KCIA 표준화명칭목록 2026-06-30 code=1826 sha256=4a523f990553
ing_pending_3089eed6c3d3,,dextran,existing_identity,high,KCIA 표준화명칭목록 2026-06-30 code=3754 sha256=4a523f990553
ing_pending_30af0ff78f61,,aspergillus_ferment,official_exact,high,KCIA 표준화명칭목록 2026-06-30 code=1737 sha256=4a523f990553
ing_pending_30b397102d01,,polymnia_sonchifolia_root_juice,official_exact,high,KCIA 표준화명칭목록 2026-06-30 code=6555 sha256=4a523f990553
ing_pending_30b817d0492e,,cynara_scolymus_artichoke_leaf_extract,official_exact,high,KCIA 표준화명칭목록 2026-06-30 code=5585 sha256=4a523f990553
ing_pending_30c83bcd9872,,dehydroxanthan_gum,official_exact,high,KCIA 표준화명칭목록 2026-06-30 code=3732 sha256=4a523f990553
ing_pending_30ca9bd5af57,,haematococcus_pluvialis_oil,official_exact,high,KCIA 표준화명칭목록 2026-06-30 code=4837 sha256=4a523f990553
ing_pending_30d3a25a658e,,propylene_glycol_dicaprylate_dicaprate,official_exact,high,KCIA 표준화명칭목록 2026-06-30 code=4001 sha256=4a523f990553
ing_pending_30dbc4806ecb,,riboflavin,official_exact,high,KCIA 표준화명칭목록 2026-06-30 code=22 sha256=4a523f990553
ing_pending_30de44829386,,ethylhexyl_olivate,official_exact,high,KCIA 표준화명칭목록 2026-06-30 code=6984 sha256=4a523f990553
ing_pending_30f3cc974225,,citrus_aurantium_dulcis_orange_oil,official_exact,high,KCIA 표준화명칭목록 2026-06-30 code=2154 sha256=4a523f990553
ing_pending_30fb32786c60,,bis_peg_ppg_14_14_dimethicone,official_exact,high,KCIA 표준화명칭목록 2026-06-30 code=706 sha256=4a523f990553
ing_pending_3104cf634076,,althaea_officinalis_root_extract,official_exact,high,KCIA 표준화명칭목록 2026-06-30 code=80 sha256=4a523f990553
ing_pending_31287efadab4,,cinnamomum_zeylanicum_bark_extract,existing_identity,high,KCIA 표준화명칭목록 2026-06-30 code=2416 sha256=4a523f990553
ing_pending_316a058cf157,,biotin,official_exact,high,KCIA 표준화명칭목록 2026-06-30 code=407 sha256=4a523f990553
ing_pending_31868b33631e,,myristic_acid,official_exact,high,KCIA 표준화명칭목록 2026-06-30 code=336 sha256=4a523f990553
ing_pending_31927090769a,,hydrolyzed_pea_protein_pg_propyl_silanetriol,official_exact,high,KCIA 표준화명칭목록 2026-06-30 code=9031 sha256=4a523f990553
ing_pending_319e714932a0,,calcium_carbonate,official_exact,high,KCIA 표준화명칭목록 2026-06-30 code=2963 sha256=4a523f990553
ing_pending_31ec6b16caf5,,cutaneous_lysate,official_exact,high,KCIA 표준화명칭목록 2026-06-30 code=16159 sha256=4a523f990553
ing_pending_31fb528b00fe,,polyacrylate_13,official_exact,high,KCIA 표준화명칭목록 2026-06-30 code=3878 sha256=4a523f990553
ing_pending_3208a2303d45,,hydroxypropyl_guar_hydroxypropyltrimonium_chloride,official_exact,high,KCIA 표준화명칭목록 2026-06-30 code=4672 sha256=4a523f990553
ing_pending_320981ad4002,,ophiopogon_japonicus_root_extract,official_exact,high,KCIA 표준화명칭목록 2026-06-30 code=154 sha256=4a523f990553
ing_pending_322da070ab60,,maltodextrin,official_exact,high,KCIA 표준화명칭목록 2026-06-30 code=125 sha256=4a523f990553
ing_pending_322dce44a58f,,octyldodecanol,official_exact,high,KCIA 표준화명칭목록 2026-06-30 code=2247 sha256=4a523f990553
ing_pending_3262b1329e83,,propane,official_exact,high,KCIA 표준화명칭목록 2026-06-30 code=3985 sha256=4a523f990553
ing_pending_3264f8e932c3,,garcinia_indica_seed_butter,official_exact,high,KCIA 표준화명칭목록 2026-06-30 code=3071 sha256=4a523f990553
ing_pending_326ac472ccc1,,hydroxycitronellal,official_exact,high,KCIA 표준화명칭목록 2026-06-30 code=4639 sha256=4a523f990553
ing_pending_327880b29b9c,,phyllanthus_emblica_fruit_extract,official_exact,high,KCIA 표준화명칭목록 2026-06-30 code=2574 sha256=4a523f990553
ing_pending_3279c0adb9b7,,diglycerin,official_exact,high,KCIA 표준화명칭목록 2026-06-30 code=4445 sha256=4a523f990553
ing_pending_329482072682,,hippophae_rhamnoides_oil,official_exact,high,KCIA 표준화명칭목록 2026-06-30 code=801 sha256=4a523f990553
ing_pending_32c38cd42ccd,,thuja_occidentalis_leaf_extract,official_exact,high,KCIA 표준화명칭목록 2026-06-30 code=876 sha256=4a523f990553
ing_pending_32d34877ddd7,,vanillyl_butyl_ether,official_exact,high,KCIA 표준화명칭목록 2026-06-30 code=385 sha256=4a523f990553
ing_pending_32e152a0bec2,,hydrogenated_castor_oil_sebacic_acid_copolymer,official_exact,high,KCIA 표준화명칭목록 2026-06-30 code=4588 sha256=4a523f990553
ing_pending_32ea9c187d66,,ascorbyl_tetraisopalmitate,official_exact,high,KCIA 표준화명칭목록 2026-06-30 code=1727 sha256=4a523f990553
ing_pending_33186dc437a5,,sorbic_acid,official_exact,high,KCIA 표준화명칭목록 2026-06-30 code=1299 sha256=4a523f990553
ing_pending_33343cafa334,,thymus_vulgaris_thyme_leaf_extract,official_exact,high,KCIA 표준화명칭목록 2026-06-30 code=896 sha256=4a523f990553
ing_pending_333ade93a7ed,,fructose,existing_identity,high,KCIA 표준화명칭목록 2026-06-30 code=4022 sha256=4a523f990553
ing_pending_33423aa06732,,camphor,official_exact,high,KCIA 표준화명칭목록 2026-06-30 code=3000 sha256=4a523f990553
ing_pending_335ddc03211d,,vetiveria_zizanioides_root_oil,official_exact,high,KCIA 표준화명칭목록 2026-06-30 code=479 sha256=4a523f990553
ing_pending_3365da54898a,,glyceryl_oleate,existing_identity,high,KCIA 표준화명칭목록 2026-06-30 code=1289 sha256=4a523f990553
ing_pending_33663edf8e8e,,dipentaerythrityl_hexahydroxystearate_hexastearate_hexarosinate,official_exact,high,KCIA 표준화명칭목록 2026-06-30 code=5252 sha256=4a523f990553
ing_pending_3373be43c775,,chaenomeles_sinensis_fruit_extract,official_exact,high,KCIA 표준화명칭목록 2026-06-30 code=261 sha256=4a523f990553
ing_pending_338c3597a96c,,water,existing_identity,high,KCIA 표준화명칭목록 2026-06-30 code=6393 sha256=4a523f990553
ing_pending_3391ce081697,,sodium_formate,official_exact,high,KCIA 표준화명칭목록 2026-06-30 code=1245 sha256=4a523f990553
ing_pending_339686da6d80,,lavandula_angustifolia_lavender_flower_oil,official_exact,high,KCIA 표준화명칭목록 2026-06-30 code=8818 sha256=4a523f990553
ing_pending_33a4ca2fd739,,behenyl_alcohol,official_exact,high,KCIA 표준화명칭목록 2026-06-30 code=491 sha256=4a523f990553
ing_pending_33aaf55e35a8,,lavandula_angustifolia_lavender_flower_leaf_stem_extract,official_exact,high,KCIA 표준화명칭목록 2026-06-30 code=5312 sha256=4a523f990553
ing_pending_33ae5464cd38,,malus_domestica_fruit_cell_culture_extract,official_exact,high,KCIA 표준화명칭목록 2026-06-30 code=6321 sha256=4a523f990553
ing_pending_33b4ed36c597,,acetyl_tetrapeptide_2,official_exact,high,KCIA 표준화명칭목록 2026-06-30 code=1706 sha256=4a523f990553
ing_pending_33b69b50d86a,,zinc_hydrolyzed_hyaluronate,official_exact,high,KCIA 표준화명칭목록 2026-06-30 code=10512 sha256=4a523f990553
ing_pending_33c5bf76f052,,kappaphycus_alvarezii_extract,official_exact,high,KCIA 표준화명칭목록 2026-06-30 code=3909 sha256=4a523f990553
ing_pending_33d4bcac1841,,dicaprylyl_ether,existing_identity,high,KCIA 표준화명칭목록 2026-06-30 code=5217 sha256=4a523f990553
ing_pending_33d8c2cff84d,,inulin_lauryl_carbamate,official_exact,high,KCIA 표준화명칭목록 2026-06-30 code=2431 sha256=4a523f990553
ing_pending_33dd2aa3d667,,zinc_pca,existing_identity,high,KCIA 표준화명칭목록 2026-06-30 code=2784 sha256=4a523f990553
ing_pending_33e2f941ce5a,,stearyl_alcohol,official_exact,high,KCIA 표준화명칭목록 2026-06-30 code=1474 sha256=4a523f990553
ing_pending_33f7e4ce1edb,,pichia_ferment_lysate_filtrate,official_exact,high,KCIA 표준화명칭목록 2026-06-30 code=10486 sha256=4a523f990553
ing_pending_3411878fcdb0,,polyglyceryl_3_beeswax,official_exact,high,KCIA 표준화명칭목록 2026-06-30 code=3771 sha256=4a523f990553
ing_pending_343893a46e10,,phytosteryl_isostearyl_cetyl_stearyl_behenyl_dimer_dilinoleate,official_exact,high,KCIA 표준화명칭목록 2026-06-30 code=4439 sha256=4a523f990553
ing_pending_343a6e68e4d3,,hydroxymethoxyphenyl_decanone,official_exact,high,KCIA 표준화명칭목록 2026-06-30 code=22771 sha256=4a523f990553
ing_pending_34457ed09666,,euphorbia_cerifera_candelilla_wax,official_exact,high,KCIA 표준화명칭목록 2026-06-30 code=2934 sha256=4a523f990553
ing_pending_344d56aa8b04,,polyglyceryl_3_stearate,official_exact,high,KCIA 표준화명칭목록 2026-06-30 code=3778 sha256=4a523f990553
ing_pending_345ab5abf5d7,,citrus_aurantifolia_lime_oil,official_exact,high,KCIA 표준화명칭목록 2026-06-30 code=5413 sha256=4a523f990553
ing_pending_346cb23d508a,,bis_ethoxydiglycol_cyclohexane_1_4_dicarboxylate,official_exact,high,KCIA 표준화명칭목록 2026-06-30 code=6516 sha256=4a523f990553
ing_pending_34b0287042fc,,licorice_extract,existing_identity,high,KCIA 표준화명칭목록 2026-06-30 code=2289 sha256=4a523f990553
ing_pending_34b76cbb78d2,,ethylhexyl_hydroxystearate,official_exact,high,KCIA 표준화명칭목록 2026-06-30 code=2090 sha256=4a523f990553
ing_pending_34cfb7687a6d,,sodium_lauroyl_oat_amino_acids,official_exact,high,KCIA 표준화명칭목록 2026-06-30 code=1067 sha256=4a523f990553
ing_pending_34d28109e1ac,,isoceteth_10,official_exact,high,KCIA 표준화명칭목록 2026-06-30 code=2465 sha256=4a523f990553
ing_pending_34ece2c25280,,plukenetia_volubilis_seed_oil,official_exact,high,KCIA 표준화명칭목록 2026-06-30 code=1808 sha256=4a523f990553
ing_pending_34ff17bb23b1,,echinacea_purpurea_extract,official_exact,high,KCIA 표준화명칭목록 2026-06-30 code=2634 sha256=4a523f990553
ing_pending_3502e7e9b090,,polyglycerin_10,official_exact,high,KCIA 표준화명칭목록 2026-06-30 code=3733 sha256=4a523f990553
ing_pending_35566abaf354,,peg_100_stearate,official_exact,high,KCIA 표준화명칭목록 2026-06-30 code=4282 sha256=4a523f990553
ing_pending_355ec7e79fb4,,hydrogenated_phosphatidylcholine,official_exact,high,KCIA 표준화명칭목록 2026-06-30 code=4613 sha256=4a523f990553
ing_pending_3572d4131e1b,,protease,official_exact,high,KCIA 표준화명칭목록 2026-06-30 code=3982 sha256=4a523f990553
ing_pending_3579e2c25fde,,ppg_3_benzyl_ether_myristate,official_exact,high,KCIA 표준화명칭목록 2026-06-30 code=4474 sha256=4a523f990553
ing_pending_35849a7c28ed,,ganoderma_lucidum_mushroom_extract,official_exact,high,KCIA 표준화명칭목록 2026-06-30 code=2133 sha256=4a523f990553
ing_pending_358b418b6dc3,,styrene_acrylates_copolymer,official_exact,high,KCIA 표준화명칭목록 2026-06-30 code=1413 sha256=4a523f990553
ing_pending_35a13b8b869d,,cinnamomum_zeylanicum_bark_extract,official_exact,high,KCIA 표준화명칭목록 2026-06-30 code=18384 sha256=4a523f990553
ing_pending_35a94926ad41,,bambusa_vulgaris_shoot_extract,official_exact,high,KCIA 표준화명칭목록 2026-06-30 code=7365 sha256=4a523f990553
ing_pending_35e460e9894b,,hydroxypropyl_cyclodextrin,official_exact,high,KCIA 표준화명칭목록 2026-06-30 code=4683 sha256=4a523f990553
ing_pending_35f98e3d159d,,tilia_vulgaris_flower_extract,official_exact,high,KCIA 표준화명칭목록 2026-06-30 code=2383 sha256=4a523f990553
ing_pending_36108db278d7,,glyceryl_oleate_citrate,official_exact,high,KCIA 표준화명칭목록 2026-06-30 code=6139 sha256=4a523f990553
ing_pending_36162d06ea15,,ppg_5_ceteth_20,official_exact,high,KCIA 표준화명칭목록 2026-06-30 code=4498 sha256=4a523f990553
ing_pending_36442946e2c0,,pinus_palustris_leaf_extract,official_exact,high,KCIA 표준화명칭목록 2026-06-30 code=3393 sha256=4a523f990553
ing_pending_366817644797,,lauryl_glucoside,existing_identity,high,KCIA 표준화명칭목록 2026-06-30 code=5374 sha256=4a523f990553
ing_pending_367478db6008,,laureth_23,official_exact,high,KCIA 표준화명칭목록 2026-06-30 code=5346 sha256=4a523f990553
ing_pending_368b0de38d75,,plumeria_rubra_flower_extract,official_exact,high,KCIA 표준화명칭목록 2026-06-30 code=6359 sha256=4a523f990553
ing_pending_36a0be553c3c,,polyglyceryl_2_triisostearate,official_exact,high,KCIA 표준화명칭목록 2026-06-30 code=3811 sha256=4a523f990553
ing_pending_36a3a885d64b,,solanum_lycopersicum_tomato_fruit_extract,official_exact,high,KCIA 표준화명칭목록 2026-06-30 code=3285 sha256=4a523f990553
ing_pending_36a7f61dea9f,,tetrasodium_edta,existing_identity,high,KCIA 표준화명칭목록 2026-06-30 code=3269 sha256=4a523f990553
ing_pending_36b379f582b0,,chlorella_sorokiniana_extract,official_exact,high,KCIA 표준화명칭목록 2026-06-30 code=15838 sha256=4a523f990553
ing_pending_37031a339038,,cellulose,official_exact,high,KCIA 표준화명칭목록 2026-06-30 code=1022 sha256=4a523f990553
ing_pending_371c19c1479c,,trideceth_6,official_exact,high,KCIA 표준화명칭목록 2026-06-30 code=3320 sha256=4a523f990553
ing_pending_372828cc3fcf,,glucuronic_acid,official_exact,high,KCIA 표준화명칭목록 2026-06-30 code=895 sha256=4a523f990553
ing_pending_374ae3a77d8c,,salvia_sclarea_clary_extract,official_exact,high,KCIA 표준화명칭목록 2026-06-30 code=3186 sha256=4a523f990553
ing_pending_37588fc776b2,,moringa_oleifera_seed_oil,official_exact,high,KCIA 표준화명칭목록 2026-06-30 code=7622 sha256=4a523f990553
ing_pending_3768086a8428,,mentha_viridis_spearmint_leaf_oil,official_exact,high,KCIA 표준화명칭목록 2026-06-30 code=1493 sha256=4a523f990553
ing_pending_377b4dfa71b4,,tocopheryl_acetate,official_exact,high,KCIA 표준화명칭목록 2026-06-30 code=3293 sha256=4a523f990553
ing_pending_377cf9c2325a,,abies_sibirica_oil,official_exact,high,KCIA 표준화명칭목록 2026-06-30 code=5844 sha256=4a523f990553
ing_pending_37869e7520f1,,equisetum_arvense_leaf_extract,official_exact,high,KCIA 표준화명칭목록 2026-06-30 code=1330 sha256=4a523f990553
ing_pending_37a112f48957,,glycine,official_exact,high,KCIA 표준화명칭목록 2026-06-30 code=483 sha256=4a523f990553
ing_pending_37a24b8906c0,,tetrahexyldecyl_ascorbate,official_exact,high,KCIA 표준화명칭목록 2026-06-30 code=3277 sha256=4a523f990553
ing_pending_37a3d4e019b0,,tuber_magnatum_extract,official_exact,high,KCIA 표준화명칭목록 2026-06-30 code=7501 sha256=4a523f990553
ing_pending_37a5368e2fee,,sodium_dilauramidoglutamide_lysine,official_exact,high,KCIA 표준화명칭목록 2026-06-30 code=1045 sha256=4a523f990553
ing_pending_37c67bee8c0a,,silica_silylate,official_exact,high,KCIA 표준화명칭목록 2026-06-30 code=1550 sha256=4a523f990553
ing_pending_37da5f607a87,,pyrus_communis_pear_fruit_extract,official_exact,high,KCIA 표준화명칭목록 2026-06-30 code=848 sha256=4a523f990553
ing_pending_37dde0739097,,arachidic_acid,official_exact,high,KCIA 표준화명칭목록 2026-06-30 code=5943 sha256=4a523f990553
ing_pending_37e7b270e165,,trehalose,official_exact,high,KCIA 표준화명칭목록 2026-06-30 code=3315 sha256=4a523f990553
ing_pending_37f89372d811,,ulmus_davidiana_root_extract,existing_identity,high,KCIA 표준화명칭목록 2026-06-30 code=2811 sha256=4a523f990553
ing_pending_38011e6cc329,,sorbitan_palmitate,official_exact,high,KCIA 표준화명칭목록 2026-06-30 code=1296 sha256=4a523f990553
ing_pending_380c27f10ec6,,collagen,official_exact,high,KCIA 표준화명칭목록 2026-06-30 code=3077 sha256=4a523f990553
ing_pending_3848bdd9cc63,,sucrose_distearate,official_exact,high,KCIA 표준화명칭목록 2026-06-30 code=1369 sha256=4a523f990553
ing_pending_38554e2b6043,,olea_europaea_olive_fruit_extract,official_exact,high,KCIA 표준화명칭목록 2026-06-30 code=2309 sha256=4a523f990553
ing_pending_385b5657431c,,caprylic_capric_glycerides,official_exact,high,KCIA 표준화명칭목록 2026-06-30 code=2917 sha256=4a523f990553
ing_pending_387c974b498e,,argania_spinosa_kernel_oil,official_exact,high,KCIA 표준화명칭목록 2026-06-30 code=1641 sha256=4a523f990553
ing_pending_3881b3619dd5,,dimethicone_vinyl_dimethicone_crosspolymer,official_exact,high,KCIA 표준화명칭목록 2026-06-30 code=4545 sha256=4a523f990553
ing_pending_388ac01155b1,,spinacia_oleracea_spinach_leaf_extract,official_exact,high,KCIA 표준화명칭목록 2026-06-30 code=1507 sha256=4a523f990553
ing_pending_389133ef9f31,,sh_oligopeptide_9,official_exact,high,KCIA 표준화명칭목록 2026-06-30 code=6749 sha256=4a523f990553
ing_pending_38c3076f8c8c,,ferulic_acid,official_exact,high,KCIA 표준화명칭목록 2026-06-30 code=3592 sha256=4a523f990553
ing_pending_38cf4813084a,,morinda_citrifolia_fruit_extract,official_exact,high,KCIA 표준화명칭목록 2026-06-30 code=2450 sha256=4a523f990553
ing_pending_38ea1233bdfb,,jasminum_officinale_jasmine_flower_leaf_extract,official_exact,high,KCIA 표준화명칭목록 2026-06-30 code=2648 sha256=4a523f990553
ing_pending_38f89b68abd7,,althaea_rosea_flower_extract,official_exact,high,KCIA 표준화명칭목록 2026-06-30 code=2698 sha256=4a523f990553
ing_pending_390ba9531981,,hydrolyzed_verbascum_thapsus_flower,official_exact,high,KCIA 표준화명칭목록 2026-06-30 code=8919 sha256=4a523f990553
ing_pending_392d3db872d9,,ethylhexyl_methoxycinnamate,official_exact,high,KCIA 표준화명칭목록 2026-06-30 code=2078 sha256=4a523f990553
ing_pending_3931952381ae,,methylheptylglycerin,official_exact,high,KCIA 표준화명칭목록 2026-06-30 code=24254 sha256=4a523f990553
ing_pending_3935cf79719e,,lauryl_laurate,official_exact,high,KCIA 표준화명칭목록 2026-06-30 code=5378 sha256=4a523f990553
ing_pending_396079381ac4,,polyglyceryl_3_laurate,official_exact,high,KCIA 표준화명칭목록 2026-06-30 code=3761 sha256=4a523f990553
ing_pending_3984b90e35ab,,decyl_glucoside,official_exact,high,KCIA 표준화명칭목록 2026-06-30 code=3589 sha256=4a523f990553
ing_pending_39b55c283fd0,,chlorella_emersonii_extract,official_exact,high,KCIA 표준화명칭목록 2026-06-30 code=15375 sha256=4a523f990553
ing_pending_39b6c559452f,,histidine,official_exact,high,KCIA 표준화명칭목록 2026-06-30 code=5061 sha256=4a523f990553
ing_pending_39bc6288cfda,,dextrin_palmitate_ethylhexanoate,official_exact,high,KCIA 표준화명칭목록 2026-06-30 code=3821 sha256=4a523f990553
ing_pending_39cf4c1bc08a,,methylpropanediol,official_exact,high,KCIA 표준화명칭목록 2026-06-30 code=221 sha256=4a523f990553
ing_pending_39dbe954fc87,,gamma_nonalactone,official_exact,high,KCIA 표준화명칭목록 2026-06-30 code=9867 sha256=4a523f990553
ing_pending_39ec5e1a6f63,,quartz,official_exact,high,KCIA 표준화명칭목록 2026-06-30 code=889 sha256=4a523f990553
ing_pending_3a003401a2e4,,trideceth_9,official_exact,high,KCIA 표준화명칭목록 2026-06-30 code=3323 sha256=4a523f990553
ing_pending_3a12eaedb543,,polyether_1,official_exact,high,KCIA 표준화명칭목록 2026-06-30 code=5883 sha256=4a523f990553
ing_pending_3a3fae69e157,,peg_4_dilaurate,official_exact,high,KCIA 표준화명칭목록 2026-06-30 code=4154 sha256=4a523f990553
ing_pending_3a42f7bbd58e,,calcium_pantothenate,official_exact,high,KCIA 표준화명칭목록 2026-06-30 code=2967 sha256=4a523f990553
ing_pending_3a532cbcd02a,,polyglyceryl_6_polyricinoleate,existing_identity,high,KCIA 표준화명칭목록 2026-06-30 code=3822 sha256=4a523f990553
ing_pending_3a6dd3b190d0,,lactobacillus_ferment,official_exact,high,KCIA 표준화명칭목록 2026-06-30 code=5433 sha256=4a523f990553
ing_pending_3a7d1e4d16ea,,hydrogenated_starch_hydrolysate,official_exact,high,KCIA 표준화명칭목록 2026-06-30 code=4563 sha256=4a523f990553
ing_pending_3a827cc01572,,didecyldimonium_chloride,official_exact,high,KCIA 표준화명칭목록 2026-06-30 code=10357 sha256=4a523f990553
ing_pending_3a90793eb80a,,c11_15_alketh_7,official_exact,high,KCIA 표준화명칭목록 2026-06-30 code=3480 sha256=4a523f990553
ing_pending_3a9755282369,,mica,official_exact,high,KCIA 표준화명칭목록 2026-06-30 code=83 sha256=4a523f990553
ing_pending_3a9e2ed615fb,,c18_36_acid_triglyceride,official_exact,high,KCIA 표준화명칭목록 2026-06-30 code=1976 sha256=4a523f990553
ing_pending_3ab72e955141,,dimethicone_peg_7_phosphate,official_exact,high,KCIA 표준화명칭목록 2026-06-30 code=4851 sha256=4a523f990553
ing_pending_3acd90f4e492,,butyrospermum_parkii_shea_butter,official_exact,high,KCIA 표준화명칭목록 2026-06-30 code=1356 sha256=4a523f990553
ing_pending_3b062f077359,,steareth_21,official_exact,high,KCIA 표준화명칭목록 2026-06-30 code=1449 sha256=4a523f990553
ing_pending_3b10352617b7,,methyl_dihydroabietate,official_exact,high,KCIA 표준화명칭목록 2026-06-30 code=12766 sha256=4a523f990553
ing_pending_3b1837f7fef5,,hydrogenated_cottonseed_oil,official_exact,high,KCIA 표준화명칭목록 2026-06-30 code=4553 sha256=4a523f990553
ing_pending_3b58ae6f7986,,palmitoyl_grape_seed_extract,official_exact,high,KCIA 표준화명칭목록 2026-06-30 code=6103 sha256=4a523f990553
ing_pending_3b63cb9de985,,acetyl_dipeptide_1_cetyl_ester,official_exact,high,KCIA 표준화명칭목록 2026-06-30 code=1694 sha256=4a523f990553
ing_pending_3b7e46e98479,,butyl_methoxydibenzoylmethane,existing_identity,high,KCIA 표준화명칭목록 2026-06-30 code=594 sha256=4a523f990553
ing_pending_3bc26e0f073b,,shorea_robusta_resin,official_exact,high,KCIA 표준화명칭목록 2026-06-30 code=11821 sha256=4a523f990553
ing_pending_3be4fee83e1a,,ethylene_propylene_styrene_copolymer,official_exact,high,KCIA 표준화명칭목록 2026-06-30 code=2050 sha256=4a523f990553
ing_pending_3beaa0b299a1,,polyglyceryl_2_diisostearate,official_exact,high,KCIA 표준화명칭목록 2026-06-30 code=3752 sha256=4a523f990553
ing_pending_3c18e804e865,,dimethyl_mea,official_exact,high,KCIA 표준화명칭목록 2026-06-30 code=5882 sha256=4a523f990553
ing_pending_3c24899de0d8,,diisostearoyl_polyglyceryl_3_dimer_dilinoleate,official_exact,high,KCIA 표준화명칭목록 2026-06-30 code=5202 sha256=4a523f990553
ing_pending_3c3a588e9a13,,acetic_acid,official_exact,high,KCIA 표준화명칭목록 2026-06-30 code=1688 sha256=4a523f990553
ing_pending_3c3e46e0562b,,sodium_methyl_isethionate,official_exact,high,KCIA 표준화명칭목록 2026-06-30 code=8037 sha256=4a523f990553
ing_pending_3c802566649b,,trideceth_12,official_exact,high,KCIA 표준화명칭목록 2026-06-30 code=3325 sha256=4a523f990553
ing_pending_3c92ddef0077,,adansonia_digitata_seed_oil,official_exact,high,KCIA 표준화명칭목록 2026-06-30 code=6275 sha256=4a523f990553
ing_pending_3c97aff7157c,,sh_oligopeptide_2,official_exact,high,KCIA 표준화명칭목록 2026-06-30 code=7691 sha256=4a523f990553
ing_pending_3caccd982468,,glycine_max_soybean_seed_extract,official_exact,high,KCIA 표준화명칭목록 2026-06-30 code=4905 sha256=4a523f990553
ing_pending_3cb874353c36,,pueraria_lobata_root_extract,official_exact,high,KCIA 표준화명칭목록 2026-06-30 code=328 sha256=4a523f990553
ing_pending_3cc666e7f69a,,coco_glucoside,official_exact,high,KCIA 표준화명칭목록 2026-06-30 code=3041 sha256=4a523f990553
ing_pending_3cc78759d5cc,,peg_120_methyl_glucose_dioleate,official_exact,high,KCIA 표준화명칭목록 2026-06-30 code=4217 sha256=4a523f990553
ing_pending_3d1471abf86d,,peg_12_dimethicone,official_exact,high,KCIA 표준화명칭목록 2026-06-30 code=4164 sha256=4a523f990553
ing_pending_3d161fc7e2e7,,polyglyceryl_10_myristate,official_exact,high,KCIA 표준화명칭목록 2026-06-30 code=3769 sha256=4a523f990553
ing_pending_3d2884c27d8e,,calamine,official_exact,high,KCIA 표준화명칭목록 2026-06-30 code=2942 sha256=4a523f990553
ing_pending_3d31a9739630,,alpha_glucan_oligosaccharide,official_exact,high,KCIA 표준화명칭목록 2026-06-30 code=1930 sha256=4a523f990553
ing_pending_3d38d72892aa,,nigella_sativa_seed_oil,official_exact,high,KCIA 표준화명칭목록 2026-06-30 code=663 sha256=4a523f990553
ing_pending_3d578ae46d95,,calcium_lactate,official_exact,high,KCIA 표준화명칭목록 2026-06-30 code=2947 sha256=4a523f990553
ing_pending_3d9262a55e61,,gellan_gum,official_exact,high,KCIA 표준화명칭목록 2026-06-30 code=2711 sha256=4a523f990553
ing_pending_3d9758c38960,,polysorbate_40,official_exact,high,KCIA 표준화명칭목록 2026-06-30 code=3857 sha256=4a523f990553
ing_pending_3db8a4dedc4c,,ceramide_np,official_exact,high,KCIA 표준화명칭목록 2026-06-30 code=7186 sha256=4a523f990553
ing_pending_3de96eeab77b,,peg_ppg_17_18_dimethicone,official_exact,high,KCIA 표준화명칭목록 2026-06-30 code=4371 sha256=4a523f990553
ing_pending_3e370c31c2c9,,menthyl_lactate,official_exact,high,KCIA 표준화명칭목록 2026-06-30 code=245 sha256=4a523f990553
ing_pending_3e38b056c3a3,,cetyl_ricinoleate,official_exact,high,KCIA 표준화명칭목록 2026-06-30 code=990 sha256=4a523f990553
ing_pending_3e3f3dc24546,,citrus_grandis_grapefruit_fruit_extract,official_exact,high,KCIA 표준화명칭목록 2026-06-30 code=2324 sha256=4a523f990553
ing_pending_3e66f283f173,,tremella_fuciformis_mushroom_extract,official_exact,high,KCIA 표준화명칭목록 2026-06-30 code=5047 sha256=4a523f990553
ing_pending_3e687fda99a5,,polybutene,existing_identity,high,KCIA 표준화명칭목록 2026-06-30 code=3845 sha256=4a523f990553
ing_pending_3e71a3bd8c24,,rubus_idaeus_raspberry_fruit_extract,official_exact,high,KCIA 표준화명칭목록 2026-06-30 code=5422 sha256=4a523f990553
ing_pending_3e89219ff193,,hydrated_silica,official_exact,high,KCIA 표준화명칭목록 2026-06-30 code=4536 sha256=4a523f990553
ing_pending_3eb6b7ba80a5,,linalyl_acetate,official_exact,high,KCIA 표준화명칭목록 2026-06-30 code=10 sha256=4a523f990553
ing_pending_3ebfdec700ae,,hedychium_coronarium_root_extract,official_exact,high,KCIA 표준화명칭목록 2026-06-30 code=6614 sha256=4a523f990553
ing_pending_3ecf314fec82,,sorbitan_stearate,existing_identity,high,KCIA 표준화명칭목록 2026-06-30 code=1288 sha256=4a523f990553
ing_pending_3ed3db95b3ff,,laureth_9,official_exact,high,KCIA 표준화명칭목록 2026-06-30 code=5338 sha256=4a523f990553
ing_pending_3ef4bd2bb191,,laureth_23,official_exact,high,KCIA 표준화명칭목록 2026-06-30 code=5346 sha256=4a523f990553
ing_pending_3f028c39016a,,polyglyceryl_4_laurate_succinate,official_exact,high,KCIA 표준화명칭목록 2026-06-30 code=7747 sha256=4a523f990553
ing_pending_3f1e17a3d03b,,sapindus_mukorossi_fruit_extract,official_exact,high,KCIA 표준화명칭목록 2026-06-30 code=308 sha256=4a523f990553
ing_pending_3f228e83b0e0,,c12_13_alketh_23,official_exact,high,KCIA 표준화명칭목록 2026-06-30 code=3490 sha256=4a523f990553
ing_pending_3f323996764a,,diospyros_kaki_fruit_extract,official_exact,high,KCIA 표준화명칭목록 2026-06-30 code=2494 sha256=4a523f990553
ing_pending_3f66a578bd84,,chlorphenesin,official_exact,high,KCIA 표준화명칭목록 2026-06-30 code=3205 sha256=4a523f990553
ing_pending_3f6d70c87f1e,,cocos_nucifera_coconut_fruit_extract,official_exact,high,KCIA 표준화명칭목록 2026-06-30 code=3049 sha256=4a523f990553
ing_pending_3f6f86ba3ad6,,pelvetia_canaliculata_extract,official_exact,high,KCIA 표준화명칭목록 2026-06-30 code=2809 sha256=4a523f990553
ing_pending_3f880c5b58cf,,cysteine,existing_identity,high,KCIA 표준화명칭목록 2026-06-30 code=1513 sha256=4a523f990553
ing_pending_3f8cd8939c74,,hectorite,official_exact,high,KCIA 표준화명칭목록 2026-06-30 code=4895 sha256=4a523f990553
ing_pending_3fbacc14e2b6,,lactobacillus_ferment_lysate,official_exact,high,KCIA 표준화명칭목록 2026-06-30 code=7788 sha256=4a523f990553
ing_pending_3fbf7dfe571a,,polyglyceryl_10_isostearate,official_exact,high,KCIA 표준화명칭목록 2026-06-30 code=3796 sha256=4a523f990553
ing_pending_3fd9cb7cc01e,,ectoin,official_exact,high,KCIA 표준화명칭목록 2026-06-30 code=2105 sha256=4a523f990553
ing_pending_3feccd866ae2,,anethole,official_exact,high,KCIA 표준화명칭목록 2026-06-30 code=6104 sha256=4a523f990553
ing_pending_3ff34da65895,,behentrimonium_chloride,official_exact,high,KCIA 표준화명칭목록 2026-06-30 code=501 sha256=4a523f990553
ing_pending_3ff6c3602a0f,,polyimide_1,official_exact,high,KCIA 표준화명칭목록 2026-06-30 code=3912 sha256=4a523f990553
ing_pending_40182e0f044f,,sparassis_crispa_extract,official_exact,high,KCIA 표준화명칭목록 2026-06-30 code=6367 sha256=4a523f990553
ing_pending_401c0c4f67c6,,pogostemon_cablin_oil,official_exact,high,KCIA 표준화명칭목록 2026-06-30 code=5470 sha256=4a523f990553
ing_pending_403ab2d72630,,cetyl_palmitate,existing_identity,high,KCIA 표준화명칭목록 2026-06-30 code=1004 sha256=4a523f990553
ing_pending_4046863c6b16,,cinnamal,official_exact,high,KCIA 표준화명칭목록 2026-06-30 code=1542 sha256=4a523f990553
ing_pending_407029d3f87f,,benzaldehyde,official_exact,high,KCIA 표준화명칭목록 2026-06-30 code=519 sha256=4a523f990553
ing_pending_40b642c11879,,tapioca_starch,official_exact,high,KCIA 표준화명칭목록 2026-06-30 code=3235 sha256=4a523f990553
ing_pending_40ccc0a56a61,,citrus_aurantium_dulcis_orange_fruit_extract,official_exact,high,KCIA 표준화명칭목록 2026-06-30 code=2156 sha256=4a523f990553
ing_pending_40e411ae6add,,linoleamidopropyl_dimethylamine_dimer_dilinoleate,official_exact,high,KCIA 표준화명칭목록 2026-06-30 code=14 sha256=4a523f990553
ing_pending_411f721d4a6b,,artemisia_princeps_leaf_extract,official_exact,high,KCIA 표준화명칭목록 2026-06-30 code=1981 sha256=4a523f990553
ing_pending_411f95a25d48,,agave_tequilana_leaf_extract,official_exact,high,KCIA 표준화명칭목록 2026-06-30 code=666 sha256=4a523f990553
ing_pending_4139394cb233,,salvia_officinalis_sage_leaf_extract,official_exact,high,KCIA 표준화명칭목록 2026-06-30 code=926 sha256=4a523f990553
ing_pending_416e2ff26d28,,polyglutamic_acid,official_exact,high,KCIA 표준화명칭목록 2026-06-30 code=3729 sha256=4a523f990553
ing_pending_417421dce965,,acetyl_tyrosine,official_exact,high,KCIA 표준화명칭목록 2026-06-30 code=1705 sha256=4a523f990553
ing_pending_419961151059,,c20_40_alcohols,official_exact,high,KCIA 표준화명칭목록 2026-06-30 code=1900 sha256=4a523f990553
ing_pending_41a0903d8eee,,melaleuca_alternifolia_tea_tree_leaf_extract,official_exact,high,KCIA 표준화명칭목록 2026-06-30 code=3469 sha256=4a523f990553
ing_pending_41a1bf340233,,copernicia_cerifera_carnauba_wax,official_exact,high,KCIA 표준화명칭목록 2026-06-30 code=2860 sha256=4a523f990553
ing_pending_41cbf2021968,,potassium_lactate,official_exact,high,KCIA 표준화명칭목록 2026-06-30 code=3671 sha256=4a523f990553
ing_pending_41cd06bcbe7a,,capsicum_annuum_fruit_extract_capsicum_frutescens_fruit_extract,official_exact,high,KCIA 표준화명칭목록 2026-06-30 code=5305 sha256=4a523f990553
ing_pending_41d4bbd36996,,glycolic_acid,official_exact,high,KCIA 표준화명칭목록 2026-06-30 code=647 sha256=4a523f990553
ing_pending_41e6fae68023,,melaleuca_alternifolia_tea_tree_extract,official_exact,high,KCIA 표준화명칭목록 2026-06-30 code=3471 sha256=4a523f990553
ing_pending_41f8b2578cbb,,pisum_sativum_pea_seed_extract,official_exact,high,KCIA 표준화명칭목록 2026-06-30 code=18225 sha256=4a523f990553
ing_pending_423ba2dcbc62,,vanillyl_butyl_ether,official_exact,high,KCIA 표준화명칭목록 2026-06-30 code=385 sha256=4a523f990553
ing_pending_4245bb086cc5,,dimethylsilanol_hyaluronate,official_exact,high,KCIA 표준화명칭목록 2026-06-30 code=4961 sha256=4a523f990553
ing_pending_425994d315d6,,barium_sulfate,official_exact,high,KCIA 표준화명칭목록 2026-06-30 code=386 sha256=4a523f990553
ing_pending_426f77d2b60f,,vinyl_dimethicone_methicone_silsesquioxane_crosspolymer,official_exact,high,KCIA 표준화명칭목록 2026-06-30 code=674 sha256=4a523f990553
ing_pending_4276fb7d454d,,swertia_chirata_extract,official_exact,high,KCIA 표준화명칭목록 2026-06-30 code=9679 sha256=4a523f990553
ing_pending_427ba63f71ec,,tropolone,official_exact,high,KCIA 표준화명칭목록 2026-06-30 code=6051 sha256=4a523f990553
ing_pending_42e14d99e185,,peg_9,official_exact,high,KCIA 표준화명칭목록 2026-06-30 code=4080 sha256=4a523f990553
ing_pending_42f4f5ab507e,,camellia_sinensis_seed_extract,official_exact,high,KCIA 표준화명칭목록 2026-06-30 code=2747 sha256=4a523f990553
ing_pending_42fb5c023d0e,,equisetum_arvense_leaf_extract,official_exact,high,KCIA 표준화명칭목록 2026-06-30 code=1330 sha256=4a523f990553
ing_pending_42fb6a5c1566,,synthetic_beeswax,official_exact,high,KCIA 표준화명칭목록 2026-06-30 code=4829 sha256=4a523f990553
ing_pending_430700274a39,,isopropyl_myristate,official_exact,high,KCIA 표준화명칭목록 2026-06-30 code=2533 sha256=4a523f990553
ing_pending_430c3635883d,,distearyldimonium_chloride,official_exact,high,KCIA 표준화명칭목록 2026-06-30 code=5143 sha256=4a523f990553
ing_pending_430e19c1df1d,,triethylhexanoin,official_exact,high,KCIA 표준화명칭목록 2026-06-30 code=3383 sha256=4a523f990553
ing_pending_430e5f7fe7d8,,piroctone_olamine,official_exact,high,KCIA 표준화명칭목록 2026-06-30 code=4049 sha256=4a523f990553
ing_pending_430eb7de720d,,inositol,official_exact,high,KCIA 표준화명칭목록 2026-06-30 code=2429 sha256=4a523f990553
ing_pending_431b23d8bd6d,,sodium_sarcosinate,official_exact,high,KCIA 표준화명칭목록 2026-06-30 code=11420 sha256=4a523f990553
ing_pending_43271841a63c,,sorbitol,official_exact,high,KCIA 표준화명칭목록 2026-06-30 code=1297 sha256=4a523f990553
ing_pending_4366ffb89af4,,amber_powder,official_exact,high,KCIA 표준화명칭목록 2026-06-30 code=4921 sha256=4a523f990553
ing_pending_438a3085ccc8,,anemarrhena_asphodeloides_root_extract,official_exact,high,KCIA 표준화명칭목록 2026-06-30 code=2751 sha256=4a523f990553
ing_pending_439855b4faba,,hdi_ppg_polycaprolactone_crosspolymer,official_exact,high,KCIA 표준화명칭목록 2026-06-30 code=2037 sha256=4a523f990553
ing_pending_4401fc3054f0,,glycereth_25_pca_isostearate,official_exact,high,KCIA 표준화명칭목록 2026-06-30 code=991 sha256=4a523f990553
ing_pending_4409f4404d82,,serine,official_exact,high,KCIA 표준화명칭목록 2026-06-30 code=917 sha256=4a523f990553
ing_pending_441ca4fb11e4,,sphingomonas_ferment_extract,official_exact,high,KCIA 표준화명칭목록 2026-06-30 code=1498 sha256=4a523f990553
ing_pending_44282aa6c36d,,collagen_extract,official_exact,high,KCIA 표준화명칭목록 2026-06-30 code=3079 sha256=4a523f990553
ing_pending_442b43123602,,triethylene_glycol,official_exact,high,KCIA 표준화명칭목록 2026-06-30 code=7227 sha256=4a523f990553
ing_pending_44308b81d94c,,codonopsis_lanceolata_root_extract,official_exact,high,KCIA 표준화명칭목록 2026-06-30 code=3482 sha256=4a523f990553
ing_pending_44337c35a67c,,maltose,official_exact,high,KCIA 표준화명칭목록 2026-06-30 code=127 sha256=4a523f990553
ing_pending_443c8bba2acd,,rhus_verniciflua_peel_wax,official_exact,high,KCIA 표준화명칭목록 2026-06-30 code=5609 sha256=4a523f990553
ing_pending_444dc134a9a5,,glycyrrhetinic_acid,official_exact,high,KCIA 표준화명칭목록 2026-06-30 code=1529 sha256=4a523f990553
ing_pending_445ffd410ff1,,taraxacum_officinale_dandelion_rhizome_root_extract,official_exact,high,KCIA 표준화명칭목록 2026-06-30 code=844 sha256=4a523f990553
ing_pending_4469d17f6225,,sodium_cocoyl_alaninate,official_exact,high,KCIA 표준화명칭목록 2026-06-30 code=1210 sha256=4a523f990553
ing_pending_448038c81d9d,,coumarin,official_exact,high,KCIA 표준화명칭목록 2026-06-30 code=3132 sha256=4a523f990553
ing_pending_4491735cdb41,,calcium_sodium_borosilicate,official_exact,high,KCIA 표준화명칭목록 2026-06-30 code=2954 sha256=4a523f990553
ing_pending_44bda3ffe288,,menthoxypropanediol,official_exact,high,KCIA 표준화명칭목록 2026-06-30 code=242 sha256=4a523f990553
ing_pending_44ca9f5e3733,,diethoxyethyl_succinate,official_exact,high,KCIA 표준화명칭목록 2026-06-30 code=5186 sha256=4a523f990553
ing_pending_44d79243e71c,,oryza_sativa_rice_bran_wax,official_exact,high,KCIA 표준화명칭목록 2026-06-30 code=1576 sha256=4a523f990553
ing_pending_44dcddeed0c8,,daucus_carota_sativa_carrot_seed_oil,official_exact,high,KCIA 표준화명칭목록 2026-06-30 code=3196 sha256=4a523f990553
ing_pending_44df87023646,,sodium_bisulfite,official_exact,high,KCIA 표준화명칭목록 2026-06-30 code=1110 sha256=4a523f990553
ing_pending_44e368ffb4d1,,hippophae_rhamnoides_fruit_extract,official_exact,high,KCIA 표준화명칭목록 2026-06-30 code=800 sha256=4a523f990553
ing_pending_44ec6e7e2467,,silk_extract,official_exact,high,KCIA 표준화명칭목록 2026-06-30 code=1566 sha256=4a523f990553
ing_pending_44f9e9fc1591,,isoeugenyl_acetate,official_exact,high,KCIA 표준화명칭목록 2026-06-30 code=23749 sha256=4a523f990553
ing_pending_45294ebea3cc,,peg_40_stearate,official_exact,high,KCIA 표준화명칭목록 2026-06-30 code=4275 sha256=4a523f990553
ing_pending_452a2c10432c,,oleic_acid,official_exact,high,KCIA 표준화명칭목록 2026-06-30 code=2283 sha256=4a523f990553
ing_pending_4552cbc76f29,,sodium_polyacryloyldimethyl_taurate,official_exact,high,KCIA 표준화명칭목록 2026-06-30 code=5969 sha256=4a523f990553
ing_pending_455f441c5694,,davidsonia_jerseyana_fruit_extract,official_exact,high,KCIA 표준화명칭목록 2026-06-30 code=23938 sha256=4a523f990553
ing_pending_4569b8297468,,neopentyl_glycol_diethylhexanoate,official_exact,high,KCIA 표준화명칭목록 2026-06-30 code=2205 sha256=4a523f990553
ing_pending_45df7d5240e6,,stearyl_glycyrrhetinate,official_exact,high,KCIA 표준화명칭목록 2026-06-30 code=1466 sha256=4a523f990553
ing_pending_460020f02150,,diethylhexyl_succinate,official_exact,high,KCIA 표준화명칭목록 2026-06-30 code=5178 sha256=4a523f990553
ing_pending_4604206b2502,,sclerocarya_birrea_seed_oil,official_exact,high,KCIA 표준화명칭목록 2026-06-30 code=677 sha256=4a523f990553
ing_pending_462409bce280,,echinacea_angustifolia_extract,official_exact,high,KCIA 표준화명칭목록 2026-06-30 code=2092 sha256=4a523f990553
ing_pending_4673f7ab0217,,c12_16_alcohols,official_exact,high,KCIA 표준화명칭목록 2026-06-30 code=1896 sha256=4a523f990553
ing_pending_468cba21ba90,,asiatic_acid,existing_identity,high,KCIA 표준화명칭목록 2026-06-30 code=1740 sha256=4a523f990553
ing_pending_46a0e7566a27,,saccharomyces_copper_ferment,official_exact,high,KCIA 표준화명칭목록 2026-06-30 code=5001 sha256=4a523f990553
ing_pending_46b6b2f316ac,,vaccinium_myrtillus_fruit_extract,official_exact,high,KCIA 표준화명칭목록 2026-06-30 code=741 sha256=4a523f990553
ing_pending_46bb1d0a198b,,inositol,official_exact,high,KCIA 표준화명칭목록 2026-06-30 code=2429 sha256=4a523f990553
ing_pending_46c77bca764a,,hibiscus_esculentus_fruit_extract,official_exact,high,KCIA 표준화명칭목록 2026-06-30 code=2187 sha256=4a523f990553
ing_pending_46f4e42d98c9,,polyglyceryl_3_caprate,official_exact,high,KCIA 표준화명칭목록 2026-06-30 code=3800 sha256=4a523f990553
ing_pending_46f9055cd877,,ascorbyl_glucoside,existing_identity,high,KCIA 표준화명칭목록 2026-06-30 code=1722 sha256=4a523f990553
ing_pending_4718785fec6b,,lavandula_angustifolia_lavender_flower_extract,official_exact,high,KCIA 표준화명칭목록 2026-06-30 code=5313 sha256=4a523f990553
ing_pending_474733b2ebf8,,rosa_damascena_flower_oil,official_exact,high,KCIA 표준화명칭목록 2026-06-30 code=2921 sha256=4a523f990553
ing_pending_4753849b2f1e,,panax_ginseng_root_extract,official_exact,high,KCIA 표준화명칭목록 2026-06-30 code=2579 sha256=4a523f990553
ing_pending_47744e8e8ec2,,bromelain,official_exact,high,KCIA 표준화명칭목록 2026-06-30 code=629 sha256=4a523f990553
ing_pending_477714ed08c1,,medicago_sativa_alfalfa_extract,official_exact,high,KCIA 표준화명칭목록 2026-06-30 code=2630 sha256=4a523f990553
ing_pending_47aadc714abd,,phaseolus_radiatus_sprout_extract,official_exact,high,KCIA 표준화명칭목록 2026-06-30 code=7774 sha256=4a523f990553
ing_pending_47f73562c127,,honokiol,official_exact,high,KCIA 표준화명칭목록 2026-06-30 code=4908 sha256=4a523f990553
ing_pending_480c94b85e0a,,propylene_glycol_dibenzoate,official_exact,high,KCIA 표준화명칭목록 2026-06-30 code=8011 sha256=4a523f990553
ing_pending_481b392e8e2b,,lauric_acid,official_exact,high,KCIA 표준화명칭목록 2026-06-30 code=5372 sha256=4a523f990553
ing_pending_4823cf932c4b,,c24_28_alkyl_methicone,official_exact,high,KCIA 표준화명칭목록 2026-06-30 code=1915 sha256=4a523f990553
ing_pending_487092be6237,,isoleucine,official_exact,high,KCIA 표준화명칭목록 2026-06-30 code=2448 sha256=4a523f990553
ing_pending_487d32065eb3,,cetrimonium_chloride,official_exact,high,KCIA 표준화명칭목록 2026-06-30 code=985 sha256=4a523f990553
ing_pending_488f0f89cfc1,,chondrus_crispus_powder,official_exact,high,KCIA 표준화명칭목록 2026-06-30 code=7516 sha256=4a523f990553
ing_pending_4897b6a250a7,,nicotinamide_mononucleotide,official_exact,high,KCIA 표준화명칭목록 2026-06-30 code=22146 sha256=4a523f990553
ing_pending_489e2be42712,,calendula_officinalis_extract,official_exact,high,KCIA 표준화명칭목록 2026-06-30 code=6017 sha256=4a523f990553
ing_pending_48c0addaa5c0,,isoeugenol,official_exact,high,KCIA 표준화명칭목록 2026-06-30 code=2511 sha256=4a523f990553
ing_pending_48cec52b17a0,,cetearyl_ethylhexanoate,official_exact,high,KCIA 표준화명칭목록 2026-06-30 code=975 sha256=4a523f990553
ing_pending_48d00150b4c4,,c20_24_alkyl_dimethicone,official_exact,high,KCIA 표준화명칭목록 2026-06-30 code=1906 sha256=4a523f990553
ing_pending_48d2008ff3da,,mentha_arvensis_leaf_oil,official_exact,high,KCIA 표준화명칭목록 2026-06-30 code=413 sha256=4a523f990553
ing_pending_48dc7ed72ce9,,potassium_cetyl_phosphate,official_exact,high,KCIA 표준화명칭목록 2026-06-30 code=3678 sha256=4a523f990553
ing_pending_491629337a76,,phyllanthus_emblica_fruit_extract,official_exact,high,KCIA 표준화명칭목록 2026-06-30 code=2574 sha256=4a523f990553
ing_pending_49500c824070,,algin,existing_identity,high,KCIA 표준화명칭목록 2026-06-30 code=1890 sha256=4a523f990553
ing_pending_495784ccab26,,mangifera_indica_mango_seed_butter,official_exact,high,KCIA 표준화명칭목록 2026-06-30 code=138 sha256=4a523f990553
ing_pending_495ad705de94,,polyurethane_35,official_exact,high,KCIA 표준화명칭목록 2026-06-30 code=7107 sha256=4a523f990553
ing_pending_49901b5bdb79,,hydroxyacetophenone,official_exact,high,KCIA 표준화명칭목록 2026-06-30 code=8418 sha256=4a523f990553
ing_pending_49b45600d02d,,citral,official_exact,high,KCIA 표준화명칭목록 2026-06-30 code=1523 sha256=4a523f990553
ing_pending_49d0077267d9,,brassica_campestris_rapeseed_sterols,official_exact,high,KCIA 표준화명칭목록 2026-06-30 code=860 sha256=4a523f990553
ing_pending_49eb905a1910,,hydrolyzed_extensin,official_exact,high,KCIA 표준화명칭목록 2026-06-30 code=4784 sha256=4a523f990553
ing_pending_4a0cc550dda4,,centaurea_cyanus_flower_extract,official_exact,high,KCIA 표준화명칭목록 2026-06-30 code=1336 sha256=4a523f990553
ing_pending_4a5a62cf3658,,allium_cepa_onion_bulb_extract,official_exact,high,KCIA 표준화명칭목록 2026-06-30 code=2001 sha256=4a523f990553
ing_pending_4a5b656ba2ab,,sodium_levulinate,official_exact,high,KCIA 표준화명칭목록 2026-06-30 code=5679 sha256=4a523f990553
ing_pending_4ad5a7044407,,lavandula_angustifolia_lavender_flower_extract,official_exact,high,KCIA 표준화명칭목록 2026-06-30 code=5313 sha256=4a523f990553
ing_pending_4ae3f56b2152,,lactobacillus_soybean_ferment_extract,official_exact,high,KCIA 표준화명칭목록 2026-06-30 code=5665 sha256=4a523f990553
ing_pending_4afcedd64b0e,,sorbitan_sesquiisostearate,official_exact,high,KCIA 표준화명칭목록 2026-06-30 code=1287 sha256=4a523f990553
ing_pending_4afe34e77946,,hydrogen_peroxide,official_exact,high,KCIA 표준화명칭목록 2026-06-30 code=4621 sha256=4a523f990553
ing_pending_4b1ad4e6d940,,menthyl_pca,official_exact,high,KCIA 표준화명칭목록 2026-06-30 code=248 sha256=4a523f990553
ing_pending_4b1beec58f17,,polyglyceryl_2_dipolyhydroxystearate,official_exact,high,KCIA 표준화명칭목록 2026-06-30 code=3759 sha256=4a523f990553
ing_pending_4b1efe154850,,polyglyceryl_3_polyricinoleate,existing_identity,high,KCIA 표준화명칭목록 2026-06-30 code=3819 sha256=4a523f990553
ing_pending_4b3017cbe16c,,aspalathus_linearis_leaf_extract,official_exact,high,KCIA 표준화명칭목록 2026-06-30 code=5532 sha256=4a523f990553
ing_pending_4b44b88e29c6,,fusanus_spicatus_wood_oil,official_exact,high,KCIA 표준화명칭목록 2026-06-30 code=879 sha256=4a523f990553
ing_pending_4b59931944a5,,potassium_sorbate,official_exact,high,KCIA 표준화명칭목록 2026-06-30 code=3679 sha256=4a523f990553
ing_pending_4b86ed477392,,ethylhexyl_salicylate,official_exact,high,KCIA 표준화명칭목록 2026-06-30 code=2079 sha256=4a523f990553
ing_pending_4b88afb8fd6c,,cordyceps_sinensis_extract,official_exact,high,KCIA 표준화명칭목록 2026-06-30 code=4083 sha256=4a523f990553
ing_pending_4b8f9ad0d86f,,acetyl_heptapeptide_4,official_exact,high,KCIA 표준화명칭목록 2026-06-30 code=1719 sha256=4a523f990553
ing_pending_4b93f956a87f,,pinus_palustris_leaf_extract,official_exact,high,KCIA 표준화명칭목록 2026-06-30 code=3393 sha256=4a523f990553
ing_pending_4b9661c87f52,,menadione,official_exact,high,KCIA 표준화명칭목록 2026-06-30 code=6052 sha256=4a523f990553
ing_pending_4b97201c09aa,,peg_7_glyceryl_cocoate,official_exact,high,KCIA 표준화명칭목록 2026-06-30 code=4135 sha256=4a523f990553
ing_pending_4ba5282b0cb9,,symphytum_officinale_root_extract,official_exact,high,KCIA 표준화명칭목록 2026-06-30 code=8316 sha256=4a523f990553
ing_pending_4baec635b9f0,,tris_tetramethylhydroxypiperidinol_citrate,official_exact,high,KCIA 표준화명칭목록 2026-06-30 code=3376 sha256=4a523f990553
ing_pending_4bb2fde35518,,sodium_metaphosphate,official_exact,high,KCIA 표준화명칭목록 2026-06-30 code=1101 sha256=4a523f990553
ing_pending_4bc817459aa5,,bis_peg_15_dimethicone_ipdi_copolymer,official_exact,high,KCIA 표준화명칭목록 2026-06-30 code=9200 sha256=4a523f990553
ing_pending_4bcfcd74b1c4,,ceramide_eop,official_exact,high,KCIA 표준화명칭목록 2026-06-30 code=8382 sha256=4a523f990553
ing_pending_4bd3160af91c,,calcium_stearate,official_exact,high,KCIA 표준화명칭목록 2026-06-30 code=2956 sha256=4a523f990553
ing_pending_4c0eee852558,,rosmarinic_acid,official_exact,high,KCIA 표준화명칭목록 2026-06-30 code=5509 sha256=4a523f990553
ing_pending_4c18479b706b,,cetyl_stearate,official_exact,high,KCIA 표준화명칭목록 2026-06-30 code=7750 sha256=4a523f990553
ing_pending_4c2b5cb13442,,hydrolyzed_gardenia_florida_extract,official_exact,high,KCIA 표준화명칭목록 2026-06-30 code=17698 sha256=4a523f990553
ing_pending_4c3cb9f59026,,glycereth_18,official_exact,high,KCIA 표준화명칭목록 2026-06-30 code=8024 sha256=4a523f990553
ing_pending_4c3dfeff46fd,,disodium_cocoyl_glutamate,official_exact,high,KCIA 표준화명칭목록 2026-06-30 code=5126 sha256=4a523f990553
ing_pending_4c87cb49233b,,origanum_vulgare_leaf_extract,official_exact,high,KCIA 표준화명칭목록 2026-06-30 code=2143 sha256=4a523f990553
ing_pending_4cb33fd02519,,stearyl_stearate,official_exact,high,KCIA 표준화명칭목록 2026-06-30 code=1470 sha256=4a523f990553
ing_pending_4ce2f15f451b,,ethylcellulose,official_exact,high,KCIA 표준화명칭목록 2026-06-30 code=2059 sha256=4a523f990553
ing_pending_4ce3852aa140,,ozokerite,official_exact,high,KCIA 표준화명칭목록 2026-06-30 code=2178 sha256=4a523f990553
ing_pending_4ced75c64112,,chlorhexidine_dihydrochloride,official_exact,high,KCIA 표준화명칭목록 2026-06-30 code=3208 sha256=4a523f990553
ing_pending_4cfaa04b1081,,litchi_chinensis_fruit_extract,official_exact,high,KCIA 표준화명칭목록 2026-06-30 code=27 sha256=4a523f990553
ing_pending_4d0b56c30873,,oleth_20,official_exact,high,KCIA 표준화명칭목록 2026-06-30 code=2263 sha256=4a523f990553
ing_pending_4d225ce77e10,,daucus_carota_sativa_carrot_root_extract,official_exact,high,KCIA 표준화명칭목록 2026-06-30 code=3218 sha256=4a523f990553
ing_pending_4d298d20a99d,,peg_150_pentaerythrityl_tetrastearate,official_exact,high,KCIA 표준화명칭목록 2026-06-30 code=4355 sha256=4a523f990553
ing_pending_4d2ca143a9b3,,sh_octapeptide_4,official_exact,high,KCIA 표준화명칭목록 2026-06-30 code=6747 sha256=4a523f990553
ing_pending_4d440cae0719,,theobroma_cacao_cocoa_seed_extract,official_exact,high,KCIA 표준화명칭목록 2026-06-30 code=2900 sha256=4a523f990553
ing_pending_4d5b3688bd3e,,tropaeolum_majus_flower_leaf_stem_extract,official_exact,high,KCIA 표준화명칭목록 2026-06-30 code=7390 sha256=4a523f990553
ing_pending_4d5da218fc79,,borago_officinalis_seed_oil,official_exact,high,KCIA 표준화명칭목록 2026-06-30 code=551 sha256=4a523f990553
ing_pending_4d68cb08051d,,taraxacum_officinale_dandelion_rhizome_root_extract,official_exact,high,KCIA 표준화명칭목록 2026-06-30 code=844 sha256=4a523f990553
ing_pending_4d7628514b00,,phytosteryl_octyldodecyl_lauroyl_glutamate,official_exact,high,KCIA 표준화명칭목록 2026-06-30 code=4435 sha256=4a523f990553
ing_pending_4d788fdac6cc,,hexyldecanol,official_exact,high,KCIA 표준화명칭목록 2026-06-30 code=4888 sha256=4a523f990553
ing_pending_4d7f1443d35d,,hedera_helix_ivy_leaf_stem_extract,official_exact,high,KCIA 표준화명칭목록 2026-06-30 code=857 sha256=4a523f990553
ing_pending_4d85c093b729,,urea,existing_identity,high,KCIA 표준화명칭목록 2026-06-30 code=2337 sha256=4a523f990553
ing_pending_4daa30beec43,,hydrogenated_palm_glycerides_citrate,official_exact,high,KCIA 표준화명칭목록 2026-06-30 code=4605 sha256=4a523f990553
ing_pending_4dc02ca9ea1f,,ribose,official_exact,high,KCIA 표준화명칭목록 2026-06-30 code=5903 sha256=4a523f990553
ing_pending_4dd160c3152d,,polycitronellol,official_exact,high,KCIA 표준화명칭목록 2026-06-30 code=22543 sha256=4a523f990553
ing_pending_4dd7b35ae42a,,caproic_acid,official_exact,high,KCIA 표준화명칭목록 2026-06-30 code=8800 sha256=4a523f990553
ing_pending_4dd8727e9c07,,dimethyl_isosorbide,existing_identity,high,KCIA 표준화명칭목록 2026-06-30 code=5043 sha256=4a523f990553
ing_pending_4deac475eab2,,honokiol,official_exact,high,KCIA 표준화명칭목록 2026-06-30 code=4908 sha256=4a523f990553
ing_pending_4df4e61cc2ff,,azulene,official_exact,high,KCIA 표준화명칭목록 2026-06-30 code=5729 sha256=4a523f990553
ing_pending_4e0b907f0bb9,,cucumis_sativus_cucumber_seed_oil,official_exact,high,KCIA 표준화명칭목록 2026-06-30 code=8389 sha256=4a523f990553
ing_pending_4e0ce51b34a0,,silybum_marianum_fruit_extract,official_exact,high,KCIA 표준화명칭목록 2026-06-30 code=5643 sha256=4a523f990553
ing_pending_4e179acd7c92,,benzoic_acid,official_exact,high,KCIA 표준화명칭목록 2026-06-30 code=506 sha256=4a523f990553
ing_pending_4e231a94e752,,chromium_hydroxide_green,official_exact,high,KCIA 표준화명칭목록 2026-06-30 code=3171 sha256=4a523f990553
ing_pending_4e266981a812,,alanyl_glutamine,official_exact,high,KCIA 표준화명칭목록 2026-06-30 code=6012 sha256=4a523f990553
ing_pending_4e295c97c852,,dibutyl_adipate,existing_identity,high,KCIA 표준화명칭목록 2026-06-30 code=5080 sha256=4a523f990553
ing_pending_4e4cd30e21c3,,triticum_vulgare_wheat_bran_extract,official_exact,high,KCIA 표준화명칭목록 2026-06-30 code=357 sha256=4a523f990553
ing_pending_4e66a5ee9194,,beta_caryophyllene,official_exact,high,KCIA 표준화명칭목록 2026-06-30 code=478 sha256=4a523f990553
ing_pending_4e76168f4e1d,,polyglyceryl_6_stearate,official_exact,high,KCIA 표준화명칭목록 2026-06-30 code=3780 sha256=4a523f990553
ing_pending_4e86939c7a87,,ficus_carica_fig_fruit_extract,official_exact,high,KCIA 표준화명칭목록 2026-06-30 code=305 sha256=4a523f990553
ing_pending_4ea89c67a808,,glutamic_acid,official_exact,high,KCIA 표준화명칭목록 2026-06-30 code=906 sha256=4a523f990553
ing_pending_4ec01e687815,,sodium_bicarbonate,official_exact,high,KCIA 표준화명칭목록 2026-06-30 code=1112 sha256=4a523f990553
ing_pending_4ec03146f2a9,,piroctone_olamine,official_exact,high,KCIA 표준화명칭목록 2026-06-30 code=4049 sha256=4a523f990553
ing_pending_4ec83f2fc2a0,,sodium_dextran_sulfate,official_exact,high,KCIA 표준화명칭목록 2026-06-30 code=1043 sha256=4a523f990553
ing_pending_4ecc5dc0b101,,aluminum_starch_octenylsuccinate,official_exact,high,KCIA 표준화명칭목록 2026-06-30 code=1859 sha256=4a523f990553
ing_pending_4f1faa316b40,,lycium_chinense_fruit_extract,official_exact,high,KCIA 표준화명칭목록 2026-06-30 code=5514 sha256=4a523f990553
ing_pending_4f2218e1573d,,inonotus_obliquus_mushroom_extract,official_exact,high,KCIA 표준화명칭목록 2026-06-30 code=2787 sha256=4a523f990553
ing_pending_4f566f27572b,,sh_polypeptide_1,official_exact,high,KCIA 표준화명칭목록 2026-06-30 code=7696 sha256=4a523f990553
ing_pending_4f582819d2e9,,caffeine,official_exact,high,KCIA 표준화명칭목록 2026-06-30 code=2912 sha256=4a523f990553
ing_pending_4f767b23be9e,,lavandula_angustifolia_lavender_extract,official_exact,high,KCIA 표준화명칭목록 2026-06-30 code=5318 sha256=4a523f990553
ing_pending_4f7e4f33be50,,avena_sativa_oat_peptide,official_exact,high,KCIA 표준화명칭목록 2026-06-30 code=7324 sha256=4a523f990553
ing_pending_4fa457c5e5bf,,oligopeptide_1,official_exact,high,KCIA 표준화명칭목록 2026-06-30 code=2293 sha256=4a523f990553
ing_pending_4ff01f947f0f,,dimethyl_sulfone,official_exact,high,KCIA 표준화명칭목록 2026-06-30 code=4939 sha256=4a523f990553
ing_pending_5014a97e36cf,,lactobacillus_soymilk_ferment_filtrate,official_exact,high,KCIA 표준화명칭목록 2026-06-30 code=5997 sha256=4a523f990553
ing_pending_501b80af8fb1,,pectin,official_exact,high,KCIA 표준화명칭목록 2026-06-30 code=3609 sha256=4a523f990553
ing_pending_5027e1597fbc,,ethanolamine,official_exact,high,KCIA 표준화명칭목록 2026-06-30 code=2095 sha256=4a523f990553
ing_pending_503efd847ab6,,salvia_sclarea_clary_oil,official_exact,high,KCIA 표준화명칭목록 2026-06-30 code=3184 sha256=4a523f990553
ing_pending_50448b36de90,,methylisothiazolinone,official_exact,high,KCIA 표준화명칭목록 2026-06-30 code=206 sha256=4a523f990553
ing_pending_504c125aff44,,isocetyl_stearate,official_exact,high,KCIA 표준화명칭목록 2026-06-30 code=2469 sha256=4a523f990553
ing_pending_50554d427076,,l_menthol,official_exact,high,KCIA 표준화명칭목록 2026-06-30 code=21748 sha256=4a523f990553
ing_pending_5068ea63273d,,bioflavonoids,official_exact,high,KCIA 표준화명칭목록 2026-06-30 code=408 sha256=4a523f990553
ing_pending_5095905a7c45,,arginine,official_exact,high,KCIA 표준화명칭목록 2026-06-30 code=1883 sha256=4a523f990553
ing_pending_50b31796a611,,canola_oil,official_exact,high,KCIA 표준화명칭목록 2026-06-30 code=2976 sha256=4a523f990553
ing_pending_50d8da6107e8,,isostearyl_neopentanoate,official_exact,high,KCIA 표준화명칭목록 2026-06-30 code=2486 sha256=4a523f990553
ing_pending_50dab52abbff,,boron_nitride,existing_identity,high,KCIA 표준화명칭목록 2026-06-30 code=541 sha256=4a523f990553
ing_pending_50fb170e26a7,,isoceteth_20,official_exact,high,KCIA 표준화명칭목록 2026-06-30 code=2466 sha256=4a523f990553
ing_pending_50fff087374c,,rose_extract,official_exact,high,KCIA 표준화명칭목록 2026-06-30 code=2642 sha256=4a523f990553
ing_pending_51006ec56d6d,,hexapeptide_9,official_exact,high,KCIA 표준화명칭목록 2026-06-30 code=4874 sha256=4a523f990553
ing_pending_510149f603a5,,bentonite,official_exact,high,KCIA 표준화명칭목록 2026-06-30 code=528 sha256=4a523f990553
ing_pending_5101aad13287,,synthetic_fluorphlogopite,official_exact,high,KCIA 표준화명칭목록 2026-06-30 code=4833 sha256=4a523f990553
ing_pending_510e23043d32,,hydrolyzed_glycosaminoglycans,official_exact,high,KCIA 표준화명칭목록 2026-06-30 code=4723 sha256=4a523f990553
ing_pending_5129573fc508,,cucumis_melo_melon_fruit_extract,official_exact,high,KCIA 표준화명칭목록 2026-06-30 code=255 sha256=4a523f990553
ing_pending_513250eb8c2a,,lonicera_japonica_honeysuckle_flower_extract,official_exact,high,KCIA 표준화명칭목록 2026-06-30 code=1651 sha256=4a523f990553
ing_pending_514b5bb43698,,stearalkonium_chloride,official_exact,high,KCIA 표준화명칭목록 2026-06-30 code=1434 sha256=4a523f990553
ing_pending_5156d88f9ef2,,mangifera_indica_mango_fruit_extract,official_exact,high,KCIA 표준화명칭목록 2026-06-30 code=143 sha256=4a523f990553
ing_pending_518072602390,,paraffin,existing_identity,high,KCIA 표준화명칭목록 2026-06-30 code=3477 sha256=4a523f990553
ing_pending_51c251c36273,,sodium_lauryl_sulfate,official_exact,high,KCIA 표준화명칭목록 2026-06-30 code=1080 sha256=4a523f990553
ing_pending_51e8b6136c00,,hydrogenated_castor_oil_isostearate,official_exact,high,KCIA 표준화명칭목록 2026-06-30 code=4591 sha256=4a523f990553
ing_pending_520e6ea7ca8c,,paraffin,official_exact,high,KCIA 표준화명칭목록 2026-06-30 code=3477 sha256=4a523f990553
ing_pending_52123d306d3f,,geraniol,official_exact,high,KCIA 표준화명칭목록 2026-06-30 code=2704 sha256=4a523f990553
ing_pending_52186edbca65,,carica_papaya_papaya_seed_oil,official_exact,high,KCIA 표준화명칭목록 2026-06-30 code=6241 sha256=4a523f990553
ing_pending_5253adc37db5,,rhododendron_ferrugineum_extract,official_exact,high,KCIA 표준화명칭목록 2026-06-30 code=7406 sha256=4a523f990553
ing_pending_5276ea7aba4f,,saccharide_hydrolysate,official_exact,high,KCIA 표준화명칭목록 2026-06-30 code=775 sha256=4a523f990553
ing_pending_528ac0fd26ae,,lactococcus_ferment_lysate,official_exact,high,KCIA 표준화명칭목록 2026-06-30 code=5447 sha256=4a523f990553
ing_pending_52911b490b3e,,dmdm_hydantoin,official_exact,high,KCIA 표준화명칭목록 2026-06-30 code=5188 sha256=4a523f990553
ing_pending_529390c0bac0,,polycitronellol_acetate,official_exact,high,KCIA 표준화명칭목록 2026-06-30 code=22413 sha256=4a523f990553
ing_pending_5297069177b8,,ammonium_lactate,official_exact,high,KCIA 표준화명칭목록 2026-06-30 code=6259 sha256=4a523f990553
ing_pending_529a4181c740,,phosphoric_acid,official_exact,high,KCIA 표준화명칭목록 2026-06-30 code=3663 sha256=4a523f990553
ing_pending_52a2f0ecc1ff,,propylene_carbonate,official_exact,high,KCIA 표준화명칭목록 2026-06-30 code=4015 sha256=4a523f990553
ing_pending_52aeba54a095,,octyldodeceth_16,official_exact,high,KCIA 표준화명칭목록 2026-06-30 code=2227 sha256=4a523f990553
ing_pending_52b14e5419f2,,royal_jelly_extract,official_exact,high,KCIA 표준화명칭목록 2026-06-30 code=5506 sha256=4a523f990553
ing_pending_52d3ec479c96,,nasturtium_officinale_extract,official_exact,high,KCIA 표준화명칭목록 2026-06-30 code=312 sha256=4a523f990553
ing_pending_52eb677d8584,,rubus_idaeus_raspberry_seed_oil,official_exact,high,KCIA 표준화명칭목록 2026-06-30 code=5857 sha256=4a523f990553
ing_pending_52efcb6c3e9a,,alcohol,official_exact,high,KCIA 표준화명칭목록 2026-06-30 code=2093 sha256=4a523f990553
ing_pending_52fab6376bcf,,coco_caprylate,official_exact,high,KCIA 표준화명칭목록 2026-06-30 code=7515 sha256=4a523f990553
ing_pending_52fb56986462,,ananas_sativus_pineapple_fruit_extract,official_exact,high,KCIA 표준화명칭목록 2026-06-30 code=3518 sha256=4a523f990553
ing_pending_5309c2de4f64,,saccharomyces_lysate_extract,official_exact,high,KCIA 표준화명칭목록 2026-06-30 code=5013 sha256=4a523f990553
ing_pending_531007065138,,aloe_barbadensis_leaf_polysaccharides,official_exact,high,KCIA 표준화명칭목록 2026-06-30 code=1840 sha256=4a523f990553
ing_pending_531206a6653c,,c9_12_alkane,official_exact,high,KCIA 표준화명칭목록 2026-06-30 code=17157 sha256=4a523f990553
ing_pending_531c27e8fcbe,,polyhydroxystearic_acid,official_exact,high,KCIA 표준화명칭목록 2026-06-30 code=3963 sha256=4a523f990553
ing_pending_53225cd3f823,,persea_gratissima_avocado_oil,official_exact,high,KCIA 표준화명칭목록 2026-06-30 code=1675 sha256=4a523f990553
ing_pending_53284cfb89a6,,polymethyl_methacrylate,official_exact,high,KCIA 표준화명칭목록 2026-06-30 code=3839 sha256=4a523f990553
ing_pending_532d6eed5057,,cladosiphon_okamuranus_extract,official_exact,high,KCIA 표준화명칭목록 2026-06-30 code=3179 sha256=4a523f990553
ing_pending_532f72cffefd,,batyl_alcohol,official_exact,high,KCIA 표준화명칭목록 2026-06-30 code=411 sha256=4a523f990553
ing_pending_53316d823622,,phytosteryl_macadamiate,official_exact,high,KCIA 표준화명칭목록 2026-06-30 code=4432 sha256=4a523f990553
ing_pending_5334537d987d,,amorphophallus_konjac_root_extract,official_exact,high,KCIA 표준화명칭목록 2026-06-30 code=5600 sha256=4a523f990553
ing_pending_536069faa965,,bis_ethyl_isostearylimidazoline_isostearamide,official_exact,high,KCIA 표준화명칭목록 2026-06-30 code=8238 sha256=4a523f990553
ing_pending_53824849c9ba,,alpha_arbutin,official_exact,high,KCIA 표준화명칭목록 2026-06-30 code=5661 sha256=4a523f990553
ing_pending_538583aa3a6a,,ethoxydiglycol,official_exact,high,KCIA 표준화명칭목록 2026-06-30 code=2098 sha256=4a523f990553
ing_pending_53b74604f934,,microcrystalline_cellulose,existing_identity,high,KCIA 표준화명칭목록 2026-06-30 code=85 sha256=4a523f990553
ing_pending_53ba8df9b744,,caprylyl_dimethicone_ethoxy_glucoside,official_exact,high,KCIA 표준화명칭목록 2026-06-30 code=2926 sha256=4a523f990553
ing_pending_53d47c94948f,,gentiana_lutea_root_extract,official_exact,high,KCIA 표준화명칭목록 2026-06-30 code=5082 sha256=4a523f990553
ing_pending_53de5c3be55c,,c11_13_isoalkane,official_exact,high,KCIA 표준화명칭목록 2026-06-30 code=2521 sha256=4a523f990553
ing_pending_5439bde114ae,,c20_24_olefin,official_exact,high,KCIA 표준화명칭목록 2026-06-30 code=17975 sha256=4a523f990553
ing_pending_5465010f0e3d,,triticum_vulgare_wheat_germ_oil,official_exact,high,KCIA 표준화명칭목록 2026-06-30 code=365 sha256=4a523f990553
ing_pending_546eaa3e6c0a,,ammonium_lauryl_sulfate,official_exact,high,KCIA 표준화명칭목록 2026-06-30 code=1937 sha256=4a523f990553
ing_pending_5473e08bce26,,moringa_oleifera_seed_extract,official_exact,high,KCIA 표준화명칭목록 2026-06-30 code=8041 sha256=4a523f990553
ing_pending_5479126087f5,,inulin_lauryl_carbamate,official_exact,high,KCIA 표준화명칭목록 2026-06-30 code=2431 sha256=4a523f990553
ing_pending_5482eb05311f,,citrus_limon_lemon_fruit_extract,official_exact,high,KCIA 표준화명칭목록 2026-06-30 code=5479 sha256=4a523f990553
ing_pending_54938a7322a7,,vitis_vinifera_grape_seed_extract,official_exact,high,KCIA 표준화명칭목록 2026-06-30 code=3652 sha256=4a523f990553
ing_pending_54a1a8c5c898,,methyl_glucose_sesquistearate,official_exact,high,KCIA 표준화명칭목록 2026-06-30 code=172 sha256=4a523f990553
ing_pending_54b16ebb24d7,,oryzanol,official_exact,high,KCIA 표준화명칭목록 2026-06-30 code=2164 sha256=4a523f990553
ing_pending_54c7426abf3d,,jasminum_officinale_jasmine_flower_leaf_extract,official_exact,high,KCIA 표준화명칭목록 2026-06-30 code=2648 sha256=4a523f990553
ing_pending_54cf56111d6f,,fructooligosaccharides,official_exact,high,KCIA 표준화명칭목록 2026-06-30 code=5546 sha256=4a523f990553
ing_pending_54e05909de72,,mannitol,official_exact,high,KCIA 표준화명칭목록 2026-06-30 code=100 sha256=4a523f990553
ing_pending_54e07d21abc0,,polyethylene_terephthalate,official_exact,high,KCIA 표준화명칭목록 2026-06-30 code=3896 sha256=4a523f990553
ing_pending_54e5d9cb8c2e,,rubus_chamaemorus_fruit_extract,official_exact,high,KCIA 표준화명칭목록 2026-06-30 code=6523 sha256=4a523f990553
ing_pending_54e866ae42ce,,adansonia_digitata_seed_oil,official_exact,high,KCIA 표준화명칭목록 2026-06-30 code=6275 sha256=4a523f990553
ing_pending_54fbcaaa0d89,,glyceryl_polyacrylate,official_exact,high,KCIA 표준화명칭목록 2026-06-30 code=1484 sha256=4a523f990553
ing_pending_552dbaeace06,,lupinus_albus_seed_extract,official_exact,high,KCIA 표준화명칭목록 2026-06-30 code=4533 sha256=4a523f990553
ing_pending_5542f7300b4d,,glucosyl_hesperidin,official_exact,high,KCIA 표준화명칭목록 2026-06-30 code=828 sha256=4a523f990553
ing_pending_555f91f447a1,,propylene_glycol_dicaprate,official_exact,high,KCIA 표준화명칭목록 2026-06-30 code=3999 sha256=4a523f990553
ing_pending_5560047eaa52,,oryza_sativa_rice_starch,official_exact,high,KCIA 표준화명칭목록 2026-06-30 code=1586 sha256=4a523f990553
ing_pending_557d7c06cff3,,hydroxypropylcellulose,official_exact,high,KCIA 표준화명칭목록 2026-06-30 code=4684 sha256=4a523f990553
ing_pending_55b096a2882c,,aloe_barbadensis_extract,official_exact,high,KCIA 표준화명칭목록 2026-06-30 code=16257 sha256=4a523f990553
ing_pending_55b30ab59001,,vigna_angularis_seed_extract,official_exact,high,KCIA 표준화명칭목록 2026-06-30 code=3567 sha256=4a523f990553
ing_pending_55dfebfd526c,,coix_lacryma_jobi_ma_yuen_seed_powder,official_exact,high,KCIA 표준화명칭목록 2026-06-30 code=7058 sha256=4a523f990553
ing_pending_55e1e8de8aee,,trisodium_ethylenediamine_disuccinate,official_exact,high,KCIA 표준화명칭목록 2026-06-30 code=6229 sha256=4a523f990553
ing_pending_5601faf209fd,,polypropylene,official_exact,high,KCIA 표준화명칭목록 2026-06-30 code=3960 sha256=4a523f990553
ing_pending_560362ab361d,,hibiscus_sabdariffa_flower_extract,official_exact,high,KCIA 표준화명칭목록 2026-06-30 code=5057 sha256=4a523f990553
ing_pending_5604354b34d0,,lavandula_angustifolia_lavender_flower_water,official_exact,high,KCIA 표준화명칭목록 2026-06-30 code=5310 sha256=4a523f990553
ing_pending_5623912a16b6,,leontopodium_alpinum_flower_leaf_extract,official_exact,high,KCIA 표준화명칭목록 2026-06-30 code=2009 sha256=4a523f990553
ing_pending_56268a6a3f23,,7_dehydrocholesterol,official_exact,high,KCIA 표준화명칭목록 2026-06-30 code=3743 sha256=4a523f990553
ing_pending_5637225270b6,,vanillin,official_exact,high,KCIA 표준화명칭목록 2026-06-30 code=383 sha256=4a523f990553
ing_pending_565e03d582e9,,milk_protein_extract,official_exact,high,KCIA 표준화명칭목록 2026-06-30 code=2347 sha256=4a523f990553
ing_pending_56661f24bb85,,oenocarpus_bataua_fruit_oil,official_exact,high,KCIA 표준화명칭목록 2026-06-30 code=7536 sha256=4a523f990553
ing_pending_56710d52d358,,aluminum_stearate,official_exact,high,KCIA 표준화명칭목록 2026-06-30 code=1860 sha256=4a523f990553
ing_pending_56964a8470e1,,manganese_pca,official_exact,high,KCIA 표준화명칭목록 2026-06-30 code=135 sha256=4a523f990553
ing_pending_56b621ba0c83,,spilanthes_acmella_flower_extract,official_exact,high,KCIA 표준화명칭목록 2026-06-30 code=5906 sha256=4a523f990553
ing_pending_56d9f1ca6be3,,charcoal_powder,official_exact,high,KCIA 표준화명칭목록 2026-06-30 code=1354 sha256=4a523f990553
ing_pending_56ef5fb21d7e,,ammonium_acryloyldimethyltaurate_vp_copolymer,official_exact,high,KCIA 표준화명칭목록 2026-06-30 code=1947 sha256=4a523f990553
ing_pending_5724a55eaae8,,butyrospermum_parkii_shea_butter_unsaponifiables,official_exact,high,KCIA 표준화명칭목록 2026-06-30 code=1357 sha256=4a523f990553
ing_pending_572a106e26f0,,fructan,official_exact,high,KCIA 표준화명칭목록 2026-06-30 code=4021 sha256=4a523f990553
ing_pending_57420614caea,,hypericum_perforatum_extract,official_exact,high,KCIA 표준화명칭목록 2026-06-30 code=843 sha256=4a523f990553
ing_pending_575af12d52b9,,ascorbyl_palmitate,official_exact,high,KCIA 표준화명칭목록 2026-06-30 code=1729 sha256=4a523f990553
ing_pending_576b4e2c7f71,,bifida_ferment_lysate,official_exact,high,KCIA 표준화명칭목록 2026-06-30 code=734 sha256=4a523f990553
ing_pending_579c24e12b5e,,talc,official_exact,high,KCIA 표준화명칭목록 2026-06-30 code=3249 sha256=4a523f990553
ing_pending_57c093a0c0a5,,curcuma_longa_turmeric_root_extract,official_exact,high,KCIA 표준화명칭목록 2026-06-30 code=3151 sha256=4a523f990553
ing_pending_57e15aacd0be,,sulfated_castor_oil,official_exact,high,KCIA 표준화명칭목록 2026-06-30 code=904 sha256=4a523f990553
ing_pending_57e5296b6807,,mesembryanthemum_crystallinum_extract,official_exact,high,KCIA 표준화명칭목록 2026-06-30 code=7562 sha256=4a523f990553
ing_pending_57ede8bf93ec,,morus_alba_root_extract,official_exact,high,KCIA 표준화명칭목록 2026-06-30 code=745 sha256=4a523f990553
ing_pending_57f0282aa5f6,,cetyl_dimethicone,official_exact,high,KCIA 표준화명칭목록 2026-06-30 code=987 sha256=4a523f990553
ing_pending_57f31675a123,,trideceth_10,official_exact,high,KCIA 표준화명칭목록 2026-06-30 code=3324 sha256=4a523f990553
ing_pending_580b7d2a00db,,acrylates_octylacrylamide_copolymer,official_exact,high,KCIA 표준화명칭목록 2026-06-30 code=1785 sha256=4a523f990553
ing_pending_58199b137903,,diethoxyethyl_succinate,official_exact,high,KCIA 표준화명칭목록 2026-06-30 code=5186 sha256=4a523f990553
ing_pending_5830c0d1d488,,potassium_hyaluronate,official_exact,high,KCIA 표준화명칭목록 2026-06-30 code=3711 sha256=4a523f990553
ing_pending_583cba07ddf8,,carmine,official_exact,high,KCIA 표준화명칭목록 2026-06-30 code=2882 sha256=4a523f990553
ing_pending_586f3b3de0f3,,riboflavin,official_exact,high,KCIA 표준화명칭목록 2026-06-30 code=22 sha256=4a523f990553
ing_pending_58951f84699c,,sodium_benzotriazolyl_butylphenol_sulfonate,official_exact,high,KCIA 표준화명칭목록 2026-06-30 code=1117 sha256=4a523f990553
ing_pending_58b0624325f2,,camellia_sinensis_seed_oil,official_exact,high,KCIA 표준화명칭목록 2026-06-30 code=2725 sha256=4a523f990553
ing_pending_58c8371d3a24,,glycogen,official_exact,high,KCIA 표준화명칭목록 2026-06-30 code=560 sha256=4a523f990553
ing_pending_58d341e7382a,,hydroxypropyl_cyclodextrin,official_exact,high,KCIA 표준화명칭목록 2026-06-30 code=4683 sha256=4a523f990553
ing_pending_58feae631f56,,sodium_surfactin,official_exact,high,KCIA 표준화명칭목록 2026-06-30 code=1124 sha256=4a523f990553
ing_pending_59017bea57df,,zingiber_officinale_ginger_root_extract,official_exact,high,KCIA 표준화명칭목록 2026-06-30 code=834 sha256=4a523f990553
ing_pending_590e9fcaca00,,sorbitan_sesquioleate,official_exact,high,KCIA 표준화명칭목록 2026-06-30 code=1286 sha256=4a523f990553
ing_pending_5937a4124578,,folic_acid,official_exact,high,KCIA 표준화명칭목록 2026-06-30 code=3965 sha256=4a523f990553
ing_pending_59490e417d3d,,propanediol,official_exact,high,KCIA 표준화명칭목록 2026-06-30 code=3986 sha256=4a523f990553
ing_pending_5956f31a1799,,ricinus_communis_castor_seed_oil,official_exact,high,KCIA 표준화명칭목록 2026-06-30 code=4058 sha256=4a523f990553
ing_pending_5959ce45de28,,camellia_oleifera_leaf_extract,official_exact,high,KCIA 표준화명칭목록 2026-06-30 code=2399 sha256=4a523f990553
ing_pending_595d05fa3b9a,,curcuma_longa_turmeric_root_extract,existing_identity,high,KCIA 표준화명칭목록 2026-06-30 code=3151 sha256=4a523f990553
ing_pending_59612691d3d8,,cananga_odorata_flower_oil,official_exact,high,KCIA 표준화명칭목록 2026-06-30 code=2584 sha256=4a523f990553
ing_pending_5963dcc8cf9a,,ganoderma_lucidum_mushroom_extract,official_exact,high,KCIA 표준화명칭목록 2026-06-30 code=2133 sha256=4a523f990553
ing_pending_59adc0b525a3,,atelocollagen,official_exact,high,KCIA 표준화명칭목록 2026-06-30 code=1803 sha256=4a523f990553
ing_pending_59c271154e7a,,galactoarabinan,official_exact,high,KCIA 표준화명칭목록 2026-06-30 code=439 sha256=4a523f990553
ing_pending_59cf2780dda3,,dimethicone_divinyldimethicone_silsesquioxane_crosspolymer,official_exact,high,KCIA 표준화명칭목록 2026-06-30 code=4523 sha256=4a523f990553
ing_pending_59ec5d2e8b9a,,cocamidopropylamine_oxide,official_exact,high,KCIA 표준화명칭목록 2026-06-30 code=3037 sha256=4a523f990553
ing_pending_5a1aab4db8e4,,yeast_extract,official_exact,high,KCIA 표준화명칭목록 2026-06-30 code=5019 sha256=4a523f990553
ing_pending_5a1c274d3525,,inulin,official_exact,high,KCIA 표준화명칭목록 2026-06-30 code=2430 sha256=4a523f990553
ing_pending_5a22b72cc5b4,,thuja_orientalis_extract,official_exact,high,KCIA 표준화명칭목록 2026-06-30 code=2842 sha256=4a523f990553
ing_pending_5a286ac297bb,,polyquaternium_55,official_exact,high,KCIA 표준화명칭목록 2026-06-30 code=3940 sha256=4a523f990553
ing_pending_5a3e860d025b,,avena_sativa_oat_kernel_extract,existing_identity,high,KCIA 표준화명칭목록 2026-06-30 code=406 sha256=4a523f990553
ing_pending_5a5cbb6b424f,,magnesium_oxide,official_exact,high,KCIA 표준화명칭목록 2026-06-30 code=54 sha256=4a523f990553
ing_pending_5a5e4d1fbcfe,,boswellia_carterii_oil,official_exact,high,KCIA 표준화명칭목록 2026-06-30 code=2414 sha256=4a523f990553
ing_pending_5a801a039c82,,thuja_occidentalis_leaf_extract,official_exact,high,KCIA 표준화명칭목록 2026-06-30 code=876 sha256=4a523f990553
ing_pending_5a9d60318633,,althaea_rosea_flower_extract,official_exact,high,KCIA 표준화명칭목록 2026-06-30 code=2698 sha256=4a523f990553
ing_pending_5aa148a7f687,,achillea_millefolium_flower_extract,official_exact,high,KCIA 표준화명칭목록 2026-06-30 code=7024 sha256=4a523f990553
ing_pending_5ab909aa5e34,,dilinoleic_acid_butanediol_copolymer,official_exact,high,KCIA 표준화명칭목록 2026-06-30 code=5604 sha256=4a523f990553
ing_pending_5ac13b93f5db,,ceresin,official_exact,high,KCIA 표준화명칭목록 2026-06-30 code=912 sha256=4a523f990553
ing_pending_5af2ced9b7f5,,sodium_hydroxide,official_exact,high,KCIA 표준화명칭목록 2026-06-30 code=1263 sha256=4a523f990553
ing_pending_5b3a68a384ce,,sucrose_cocoate,official_exact,high,KCIA 표준화명칭목록 2026-06-30 code=6758 sha256=4a523f990553
ing_pending_5b3bec3fd247,,sodium_isethionate,official_exact,high,KCIA 표준화명칭목록 2026-06-30 code=1177 sha256=4a523f990553
ing_pending_5b5050232bbf,,quaternium_87,official_exact,high,KCIA 표준화명칭목록 2026-06-30 code=3156 sha256=4a523f990553
ing_pending_5b6ba1a66737,,c12_13_alketh_9,official_exact,high,KCIA 표준화명칭목록 2026-06-30 code=6001 sha256=4a523f990553
ing_pending_5b7e96fdaa6e,,hydrogenated_polyisobutene,official_exact,high,KCIA 표준화명칭목록 2026-06-30 code=4617 sha256=4a523f990553
ing_pending_5b828cb3652c,,ammonium_hydroxide,official_exact,high,KCIA 표준화명칭목록 2026-06-30 code=1962 sha256=4a523f990553
ing_pending_5b8bf0c34820,,triethoxysilylethyl_polydimethylsiloxyethyl_hexyl_dimethicone,official_exact,high,KCIA 표준화명칭목록 2026-06-30 code=3388 sha256=4a523f990553
ing_pending_5b9f62be1dd0,,mentha_piperita_peppermint_leaf_extract,official_exact,high,KCIA 표준화명칭목록 2026-06-30 code=3607 sha256=4a523f990553
ing_pending_5ba6b2f40d81,,eclipta_prostrata_leaf_extract,official_exact,high,KCIA 표준화명칭목록 2026-06-30 code=7268 sha256=4a523f990553
ing_pending_5bb5375c0c51,,lysine,official_exact,high,KCIA 표준화명칭목록 2026-06-30 code=5401 sha256=4a523f990553
ing_pending_5bf8f14d091d,,isodecyl_neopentanoate,official_exact,high,KCIA 표준화명칭목록 2026-06-30 code=2439 sha256=4a523f990553
ing_pending_5bfe94631e95,,undecane,official_exact,high,KCIA 표준화명칭목록 2026-06-30 code=6627 sha256=4a523f990553
ing_pending_5c35529e7d71,,butyloctanol,official_exact,high,KCIA 표준화명칭목록 2026-06-30 code=604 sha256=4a523f990553
ing_pending_5c3820ead84f,,hexenyl_acetate,official_exact,high,KCIA 표준화명칭목록 2026-06-30 code=13397 sha256=4a523f990553
ing_pending_5c3ad71d4172,,bambusa_vulgaris_leaf_stem_extract,official_exact,high,KCIA 표준화명칭목록 2026-06-30 code=3327 sha256=4a523f990553
ing_pending_5c47ee457de1,,oligopeptide_1,official_exact,high,KCIA 표준화명칭목록 2026-06-30 code=2293 sha256=4a523f990553
ing_pending_5c5d1089124c,,solanum_lycopersicum_tomato_fruit_extract,official_exact,high,KCIA 표준화명칭목록 2026-06-30 code=3285 sha256=4a523f990553
ing_pending_5c7111b06003,,lithium_magnesium_sodium_silicate,official_exact,high,KCIA 표준화명칭목록 2026-06-30 code=29 sha256=4a523f990553
ing_pending_5c9f17e9873e,,acetyl_glucosamine,official_exact,high,KCIA 표준화명칭목록 2026-06-30 code=1689 sha256=4a523f990553
ing_pending_5cad069f9b90,,butylene_glycol,official_exact,high,KCIA 표준화명칭목록 2026-06-30 code=586 sha256=4a523f990553
ing_pending_5cf0380e671e,,castor_oil_ipdi_copolymer,official_exact,high,KCIA 표준화명칭목록 2026-06-30 code=2991 sha256=4a523f990553
ing_pending_5cf5c5a260dd,,citrus_aurantium_dulcis_orange_peel_wax,official_exact,high,KCIA 표준화명칭목록 2026-06-30 code=2146 sha256=4a523f990553
ing_pending_5cfb6a6fd8aa,,epilobium_angustifolium_flower_leaf_stem_extract,official_exact,high,KCIA 표준화명칭목록 2026-06-30 code=612 sha256=4a523f990553
ing_pending_5d11e251d471,,quaternium_33,official_exact,high,KCIA 표준화명칭목록 2026-06-30 code=3144 sha256=4a523f990553
ing_pending_5d44d9d6cffd,,theobroma_cacao_cocoa_extract,official_exact,high,KCIA 표준화명칭목록 2026-06-30 code=2902 sha256=4a523f990553
ing_pending_5d4c91b28cdc,,c30_45_alkyl_dimethicone,official_exact,high,KCIA 표준화명칭목록 2026-06-30 code=1910 sha256=4a523f990553
ing_pending_5d5f5473d1c3,,sodium_saccharin,official_exact,high,KCIA 표준화명칭목록 2026-06-30 code=1122 sha256=4a523f990553
ing_pending_5d65c0ed5974,,acrylates_stearyl_acrylate_dimethicone_methacrylate_copolymer,official_exact,high,KCIA 표준화명칭목록 2026-06-30 code=1773 sha256=4a523f990553
ing_pending_5d6bb7d53187,,oleanolic_acid,official_exact,high,KCIA 표준화명칭목록 2026-06-30 code=2274 sha256=4a523f990553
ing_pending_5d9355014283,,butylene_ethylene_styrene_copolymer,existing_identity,high,KCIA 표준화명칭목록 2026-06-30 code=590 sha256=4a523f990553
ing_pending_5d9b8bc1d959,,octyldodecyl_xyloside,official_exact,high,KCIA 표준화명칭목록 2026-06-30 code=2244 sha256=4a523f990553
ing_pending_5da238ddae35,,ricinus_communis_castor_seed_oil,existing_identity,high,KCIA 표준화명칭목록 2026-06-30 code=4058 sha256=4a523f990553
ing_pending_5dacb24827c4,,oenothera_biennis_evening_primrose_flower_extract,official_exact,high,KCIA 표준화명칭목록 2026-06-30 code=3118 sha256=4a523f990553
ing_pending_5dc42d482308,,sea_salt,official_exact,high,KCIA 표준화명칭목록 2026-06-30 code=1597 sha256=4a523f990553
ing_pending_5dc80283729d,,acetyl_octapeptide_3,official_exact,high,KCIA 표준화명칭목록 2026-06-30 code=6092 sha256=4a523f990553
ing_pending_5ddd1aad8e09,,octyldodecanol,official_exact,high,KCIA 표준화명칭목록 2026-06-30 code=2247 sha256=4a523f990553
ing_pending_5de60480643d,,crambe_abyssinica_seed_oil,official_exact,high,KCIA 표준화명칭목록 2026-06-30 code=1678 sha256=4a523f990553
ing_pending_5de7d4f9fc1f,,beta_sitosterol,official_exact,high,KCIA 표준화명칭목록 2026-06-30 code=474 sha256=4a523f990553
ing_pending_5dfb86604659,,sh_oligopeptide_2,official_exact,high,KCIA 표준화명칭목록 2026-06-30 code=7691 sha256=4a523f990553
ing_pending_5e54e0fc8aee,,peg_40,official_exact,high,KCIA 표준화명칭목록 2026-06-30 code=4088 sha256=4a523f990553
ing_pending_5e7a07f57fab,,chromium_oxide_greens,official_exact,high,KCIA 표준화명칭목록 2026-06-30 code=3170 sha256=4a523f990553
ing_pending_5e84bf13d580,,zinc_chloride,official_exact,high,KCIA 표준화명칭목록 2026-06-30 code=2780 sha256=4a523f990553
ing_pending_5e99114a991e,,caryodendron_orinocense_seed_oil,official_exact,high,KCIA 표준화명칭목록 2026-06-30 code=8547 sha256=4a523f990553
ing_pending_5ea1ce8eb924,,folic_acid,official_exact,high,KCIA 표준화명칭목록 2026-06-30 code=3965 sha256=4a523f990553
ing_pending_5ea55bfc5d1d,,prunus_serotina_wild_cherry_fruit_extract,official_exact,high,KCIA 표준화명칭목록 2026-06-30 code=7521 sha256=4a523f990553
ing_pending_5eb6031599d4,,melilotus_officinalis_extract,official_exact,high,KCIA 표준화명칭목록 2026-06-30 code=2506 sha256=4a523f990553
ing_pending_5eb7746ee8fe,,polyglyceryl_6_caprylate,official_exact,high,KCIA 표준화명칭목록 2026-06-30 code=3802 sha256=4a523f990553
ing_pending_5ec2544f2822,,citronellol,official_exact,high,KCIA 표준화명칭목록 2026-06-30 code=1530 sha256=4a523f990553
ing_pending_5f037a3770aa,,pentasodium_triphosphate,official_exact,high,KCIA 표준화명칭목록 2026-06-30 code=3615 sha256=4a523f990553
ing_pending_5f13a67cdf41,,houttuynia_cordata_extract,existing_identity,high,KCIA 표준화명칭목록 2026-06-30 code=2004 sha256=4a523f990553
ing_pending_5f2f3357a907,,potassium_phosphate,official_exact,high,KCIA 표준화명칭목록 2026-06-30 code=3707 sha256=4a523f990553
ing_pending_5f3f1695e139,,angelica_gigas_root_extract,official_exact,high,KCIA 표준화명칭목록 2026-06-30 code=3152 sha256=4a523f990553
ing_pending_5f4b5f666d04,,trigonella_foenum_graecum_seed_extract,official_exact,high,KCIA 표준화명칭목록 2026-06-30 code=4918 sha256=4a523f990553
ing_pending_5f672a7285f6,,kaolin,official_exact,high,KCIA 표준화명칭목록 2026-06-30 code=2892 sha256=4a523f990553
ing_pending_5f7218b7090b,,pinus_pinaster_bark_extract,official_exact,high,KCIA 표준화명칭목록 2026-06-30 code=7270 sha256=4a523f990553
ing_pending_5f75774d5ef3,,calcium_chloride,official_exact,high,KCIA 표준화명칭목록 2026-06-30 code=2964 sha256=4a523f990553
ing_pending_5f911df0b8a4,,benzalkonium_chloride,official_exact,high,KCIA 표준화명칭목록 2026-06-30 code=502 sha256=4a523f990553
ing_pending_5f970d7e5649,,c13_15_alkane,official_exact,high,KCIA 표준화명칭목록 2026-06-30 code=7831 sha256=4a523f990553
ing_pending_5fcda05c7e0b,,soluble_collagen,official_exact,high,KCIA 표준화명칭목록 2026-06-30 code=1350 sha256=4a523f990553
ing_pending_5fd69ea083c0,,copper_gluconate,official_exact,high,KCIA 표준화명칭목록 2026-06-30 code=2904 sha256=4a523f990553
ing_pending_5fe706bc5821,,steareth_2,official_exact,high,KCIA 표준화명칭목록 2026-06-30 code=1436 sha256=4a523f990553
ing_pending_5feb3ab4b231,,prunus_persica_peach_leaf_extract,official_exact,high,KCIA 표준화명칭목록 2026-06-30 code=561 sha256=4a523f990553
ing_pending_5ff997fd6527,,polyglycerin_6,official_exact,high,KCIA 표준화명칭목록 2026-06-30 code=3731 sha256=4a523f990553
ing_pending_601108d83212,,c20_22_alkyl_phosphate,official_exact,high,KCIA 표준화명칭목록 2026-06-30 code=1926 sha256=4a523f990553
ing_pending_6019cc6446e6,,chamomilla_recutita_matricaria_flower_leaf_extract,official_exact,high,KCIA 표준화명칭목록 2026-06-30 code=2984 sha256=4a523f990553
ing_pending_601ca9ff8042,,solanum_melongena_eggplant_fruit_extract,official_exact,high,KCIA 표준화명칭목록 2026-06-30 code=2 sha256=4a523f990553
ing_pending_6025e04f6bfc,,lauryl_glucoside,official_exact,high,KCIA 표준화명칭목록 2026-06-30 code=5374 sha256=4a523f990553
ing_pending_603dbe0088de,,cocoglycerides,official_exact,high,KCIA 표준화명칭목록 2026-06-30 code=3044 sha256=4a523f990553
ing_pending_605170638e01,,octyldodecyl_citrate_crosspolymer,official_exact,high,KCIA 표준화명칭목록 2026-06-30 code=7507 sha256=4a523f990553
ing_pending_605b0a030fcc,,acetyl_glutamine,official_exact,high,KCIA 표준화명칭목록 2026-06-30 code=1692 sha256=4a523f990553
ing_pending_605b731ed8e3,,homosalate,official_exact,high,KCIA 표준화명칭목록 2026-06-30 code=4919 sha256=4a523f990553
ing_pending_60a0e3641d48,,c8_12_acid_triglyceride,official_exact,high,KCIA 표준화명칭목록 2026-06-30 code=1973 sha256=4a523f990553
ing_pending_60d2f9e87633,,polyglyceryl_3_polydimethylsiloxyethyl_dimethicone,official_exact,high,KCIA 표준화명칭목록 2026-06-30 code=3818 sha256=4a523f990553
ing_pending_60d6ebb4b0e0,,phytosteryl_behenyl_octyldodecyl_lauroyl_glutamate,official_exact,high,KCIA 표준화명칭목록 2026-06-30 code=4433 sha256=4a523f990553
ing_pending_60e7d3481f37,,disteareth_75_ipdi,official_exact,high,KCIA 표준화명칭목록 2026-06-30 code=7468 sha256=4a523f990553
ing_pending_60f6c7dba6ca,,ergothioneine,official_exact,high,KCIA 표준화명칭목록 2026-06-30 code=2012 sha256=4a523f990553
ing_pending_611706b79ac4,,macadamia_integrifolia_seed_oil,official_exact,high,KCIA 표준화명칭목록 2026-06-30 code=90 sha256=4a523f990553
ing_pending_613496ce1c99,,illite,official_exact,high,KCIA 표준화명칭목록 2026-06-30 code=2582 sha256=4a523f990553
ing_pending_6145fefe6aee,,salvia_officinalis_sage_leaf_extract,official_exact,high,KCIA 표준화명칭목록 2026-06-30 code=926 sha256=4a523f990553
ing_pending_616589a7f2da,,maltodextrin,official_exact,high,KCIA 표준화명칭목록 2026-06-30 code=125 sha256=4a523f990553
ing_pending_618957ea6504,,calcium_titanium_borosilicate,official_exact,high,KCIA 표준화명칭목록 2026-06-30 code=7063 sha256=4a523f990553
ing_pending_618ca9489c8f,,zinc_oxide,official_exact,high,KCIA 표준화명칭목록 2026-06-30 code=2776 sha256=4a523f990553
ing_pending_61a4abd4fbff,,laurdimonium_hydroxypropyl_hydrolyzed_keratin,official_exact,high,KCIA 표준화명칭목록 2026-06-30 code=5368 sha256=4a523f990553
ing_pending_61b380ab265a,,coconut_acid,existing_identity,high,KCIA 표준화명칭목록 2026-06-30 code=3047 sha256=4a523f990553
ing_pending_61c77924e828,,methyl_trimethicone,official_exact,high,KCIA 표준화명칭목록 2026-06-30 code=212 sha256=4a523f990553
ing_pending_61d5aae229ec,,prunus_persica_peach_juice,official_exact,high,KCIA 표준화명칭목록 2026-06-30 code=563 sha256=4a523f990553
ing_pending_61eae8e3bf16,,alcaligenes_polysaccharides,official_exact,high,KCIA 표준화명칭목록 2026-06-30 code=1894 sha256=4a523f990553
ing_pending_621b7eb86bd6,,hydroxypropylgluconamide,official_exact,high,KCIA 표준화명칭목록 2026-06-30 code=18452 sha256=4a523f990553
ing_pending_62340d3286b4,,xanthophylls,official_exact,high,KCIA 표준화명칭목록 2026-06-30 code=3175 sha256=4a523f990553
ing_pending_623adaae178d,,coumarin,official_exact,high,KCIA 표준화명칭목록 2026-06-30 code=3132 sha256=4a523f990553
ing_pending_6254b219a1bf,,anise_alcohol,official_exact,high,KCIA 표준화명칭목록 2026-06-30 code=1610 sha256=4a523f990553
ing_pending_6280ee222dec,,ethylhexyl_methoxycinnamate,official_exact,high,KCIA 표준화명칭목록 2026-06-30 code=2078 sha256=4a523f990553
ing_pending_62ab1a9be5fd,,linoleamidopropyl_pg_dimonium_chloride_phosphate,official_exact,high,KCIA 표준화명칭목록 2026-06-30 code=16 sha256=4a523f990553
ing_pending_62bb2e62b016,,sodium_potassium_aluminum_silicate,official_exact,high,KCIA 표준화명칭목록 2026-06-30 code=1248 sha256=4a523f990553
ing_pending_62d36121e1ef,,hydroxyethyl_urea,official_exact,high,KCIA 표준화명칭목록 2026-06-30 code=4658 sha256=4a523f990553
ing_pending_62e6e7a6a35b,,mentha_rotundifolia_leaf_extract,official_exact,high,KCIA 표준화명칭목록 2026-06-30 code=23404 sha256=4a523f990553
ing_pending_632550979c50,,avena_sativa_oat_bran_extract,official_exact,high,KCIA 표준화명칭목록 2026-06-30 code=340 sha256=4a523f990553
ing_pending_63596c1039d7,,phytic_acid,official_exact,high,KCIA 표준화명칭목록 2026-06-30 code=3513 sha256=4a523f990553
ing_pending_6390e9567975,,xylose,official_exact,high,KCIA 표준화명칭목록 2026-06-30 code=2619 sha256=4a523f990553
ing_pending_63aca72d654b,,palmitoyl_dipeptide_5_diaminobutyroyl_hydroxythreonine,official_exact,high,KCIA 표준화명칭목록 2026-06-30 code=6095 sha256=4a523f990553
ing_pending_63adbeaa47f2,,hesperidin_methyl_chalcone,official_exact,high,KCIA 표준화명칭목록 2026-06-30 code=4863 sha256=4a523f990553
ing_pending_63b2f128ae68,,acrylates_octylacrylamide_copolymer,official_exact,high,KCIA 표준화명칭목록 2026-06-30 code=1785 sha256=4a523f990553
ing_pending_63c84a26990e,,soluble_collagen,official_exact,high,KCIA 표준화명칭목록 2026-06-30 code=1350 sha256=4a523f990553
ing_pending_63ce60b067bf,,succinic_acid,official_exact,high,KCIA 표준화명칭목록 2026-06-30 code=888 sha256=4a523f990553
ing_pending_640711a21b6f,,bis_stearyl_dimethicone,official_exact,high,KCIA 표준화명칭목록 2026-06-30 code=691 sha256=4a523f990553
ing_pending_64080bc2fcf5,,heptyl_undecylenate,official_exact,high,KCIA 표준화명칭목록 2026-06-30 code=6922 sha256=4a523f990553
ing_pending_6419e32dd0ff,,mauritia_flexuosa_fruit_oil,official_exact,high,KCIA 표준화명칭목록 2026-06-30 code=2552 sha256=4a523f990553
ing_pending_641ba1d6bf80,,histidine,existing_identity,high,KCIA 표준화명칭목록 2026-06-30 code=5061 sha256=4a523f990553
ing_pending_641ebea7e513,,prunus_armeniaca_apricot_fruit_extract,official_exact,high,KCIA 표준화명칭목록 2026-06-30 code=811 sha256=4a523f990553
ing_pending_641fdabdc956,,biotin,official_exact,high,KCIA 표준화명칭목록 2026-06-30 code=407 sha256=4a523f990553
ing_pending_6431b67a6939,,n_hydroxysuccinimide,official_exact,high,KCIA 표준화명칭목록 2026-06-30 code=4631 sha256=4a523f990553
ing_pending_64343adafd6c,,sorbitan_olivate,official_exact,high,KCIA 표준화명칭목록 2026-06-30 code=1290 sha256=4a523f990553
ing_pending_64793e97b3e4,,histidine,official_exact,high,KCIA 표준화명칭목록 2026-06-30 code=5061 sha256=4a523f990553
ing_pending_64b276a1c3d7,,ammonium_acrylates_copolymer,official_exact,high,KCIA 표준화명칭목록 2026-06-30 code=1945 sha256=4a523f990553
ing_pending_64b9c064440a,,methyl_gluceth_10,official_exact,high,KCIA 표준화명칭목록 2026-06-30 code=167 sha256=4a523f990553
ing_pending_64e6bfdf6ff8,,hydrogenated_soybean_oil,official_exact,high,KCIA 표준화명칭목록 2026-06-30 code=4596 sha256=4a523f990553
ing_pending_64e9fdaad87e,,peg_6,official_exact,high,KCIA 표준화명칭목록 2026-06-30 code=4078 sha256=4a523f990553
ing_pending_64f721c0b813,,carnosine,official_exact,high,KCIA 표준화명칭목록 2026-06-30 code=2871 sha256=4a523f990553
ing_pending_6513f609ac95,,zinc_gluconate,official_exact,high,KCIA 표준화명칭목록 2026-06-30 code=2766 sha256=4a523f990553
ing_pending_6528db55bf55,,tetrasodium_glutamate_diacetate,existing_identity,high,KCIA 표준화명칭목록 2026-06-30 code=5562 sha256=4a523f990553
ing_pending_652fcda0a92d,,peg_4,official_exact,high,KCIA 표준화명칭목록 2026-06-30 code=4077 sha256=4a523f990553
ing_pending_654cf924a45f,,hydrogenated_castor_oil_isostearate,official_exact,high,KCIA 표준화명칭목록 2026-06-30 code=4591 sha256=4a523f990553
ing_pending_657fe5dd7c87,,hydrogenated_styrene_methylstyrene_indene_copolymer,official_exact,high,KCIA 표준화명칭목록 2026-06-30 code=4560 sha256=4a523f990553
ing_pending_659c2d026af7,,thuja_orientalis_extract,official_exact,high,KCIA 표준화명칭목록 2026-06-30 code=2842 sha256=4a523f990553
ing_pending_659e8489d2a0,,methicone,official_exact,high,KCIA 표준화명칭목록 2026-06-30 code=166 sha256=4a523f990553
ing_pending_65ab73ff2400,,bioflavonoids,official_exact,high,KCIA 표준화명칭목록 2026-06-30 code=408 sha256=4a523f990553
ing_pending_65acd8a76b43,,pentylene_glycol,official_exact,high,KCIA 표준화명칭목록 2026-06-30 code=3635 sha256=4a523f990553
ing_pending_65b96c50dd57,,ficus_carica_fig_fruit_extract,official_exact,high,KCIA 표준화명칭목록 2026-06-30 code=305 sha256=4a523f990553
ing_pending_65c747999c4d,,sodium_stearate,official_exact,high,KCIA 표준화명칭목록 2026-06-30 code=1138 sha256=4a523f990553
ing_pending_65cadd4e43fa,,alanine,official_exact,high,KCIA 표준화명칭목록 2026-06-30 code=1826 sha256=4a523f990553
ing_pending_65ddcede3038,,polypropylsilsesquioxane,official_exact,high,KCIA 표준화명칭목록 2026-06-30 code=3961 sha256=4a523f990553
ing_pending_65e9304524ec,,cetyl_esters,official_exact,high,KCIA 표준화명칭목록 2026-06-30 code=997 sha256=4a523f990553
ing_pending_660aad841b91,,phenylalanine,official_exact,high,KCIA 표준화명칭목록 2026-06-30 code=3585 sha256=4a523f990553
ing_pending_663ba7887bc3,,polyquaternium_51,official_exact,high,KCIA 표준화명칭목록 2026-06-30 code=3938 sha256=4a523f990553
ing_pending_6645dccd48c0,,tocopheryl_acetate,official_exact,high,KCIA 표준화명칭목록 2026-06-30 code=3293 sha256=4a523f990553
ing_pending_665244346e6b,,cetrimonium_chloride,existing_identity,high,KCIA 표준화명칭목록 2026-06-30 code=985 sha256=4a523f990553
ing_pending_6655307ba154,,saccharide_isomerate,official_exact,high,KCIA 표준화명칭목록 2026-06-30 code=774 sha256=4a523f990553
ing_pending_6674deb32ac3,,citronellol,official_exact,high,KCIA 표준화명칭목록 2026-06-30 code=1530 sha256=4a523f990553
ing_pending_6679c7e225bf,,hydrogenated_vegetable_oil,existing_identity,high,KCIA 표준화명칭목록 2026-06-30 code=4566 sha256=4a523f990553
ing_pending_6688551ae253,,cordyceps_sinensis_extract,official_exact,high,KCIA 표준화명칭목록 2026-06-30 code=4083 sha256=4a523f990553
ing_pending_66b61c52c31c,,rosmarinus_officinalis_rosemary_extract,official_exact,high,KCIA 표준화명칭목록 2026-06-30 code=5515 sha256=4a523f990553
ing_pending_66b69b9f1fd5,,aminopropyl_dimethicone,official_exact,high,KCIA 표준화명칭목록 2026-06-30 code=1661 sha256=4a523f990553
ing_pending_670ed4e08062,,butyl_avocadate,official_exact,high,KCIA 표준화명칭목록 2026-06-30 code=596 sha256=4a523f990553
ing_pending_67186761313d,,sodium_polyacryloyldimethyl_taurate,official_exact,high,KCIA 표준화명칭목록 2026-06-30 code=5969 sha256=4a523f990553
ing_pending_67193852cce6,,octocrylene,official_exact,high,KCIA 표준화명칭목록 2026-06-30 code=2214 sha256=4a523f990553
ing_pending_673a60586c6d,,behentrimonium_chloride,existing_identity,high,KCIA 표준화명칭목록 2026-06-30 code=501 sha256=4a523f990553
ing_pending_67722902c29b,,mica,official_exact,high,KCIA 표준화명칭목록 2026-06-30 code=83 sha256=4a523f990553
ing_pending_677b285f403d,,serenoa_serrulata_fruit_extract,official_exact,high,KCIA 표준화명칭목록 2026-06-30 code=757 sha256=4a523f990553
ing_pending_678c34bb7ab4,,polymethylsilsesquioxane,official_exact,high,KCIA 표준화명칭목록 2026-06-30 code=3840 sha256=4a523f990553
ing_pending_678e56a589a4,,citrus_grandis_grapefruit_peel_oil,official_exact,high,KCIA 표준화명칭목록 2026-06-30 code=2317 sha256=4a523f990553
ing_pending_67926ffeaf1e,,cetyl_alcohol,existing_identity,high,KCIA 표준화명칭목록 2026-06-30 code=996 sha256=4a523f990553
ing_pending_679f5683498e,,potassium_pca,official_exact,high,KCIA 표준화명칭목록 2026-06-30 code=3708 sha256=4a523f990553
ing_pending_67a641825bd9,,pca,existing_identity,high,KCIA 표준화명칭목록 2026-06-30 code=4073 sha256=4a523f990553
ing_pending_67a8e94a06e6,,butylene_glycol,official_exact,high,KCIA 표준화명칭목록 2026-06-30 code=586 sha256=4a523f990553
ing_pending_67b7caf2c1b1,,lactococcus_ferment_lysate,official_exact,high,KCIA 표준화명칭목록 2026-06-30 code=5447 sha256=4a523f990553
ing_pending_67bafef315ed,,polysorbate_80,existing_identity,high,KCIA 표준화명칭목록 2026-06-30 code=3861 sha256=4a523f990553
ing_pending_67c1094ff2cf,,guaiazulene,official_exact,high,KCIA 표준화명칭목록 2026-06-30 code=99 sha256=4a523f990553
ing_pending_67c8994809f9,,ceratonia_siliqua_carob_gum,official_exact,high,KCIA 표준화명칭목록 2026-06-30 code=2979 sha256=4a523f990553
ing_pending_67d848820fe3,,salvia_hispanica_seed_oil,official_exact,high,KCIA 표준화명칭목록 2026-06-30 code=2843 sha256=4a523f990553
ing_pending_67ed028932cf,,ceresin,official_exact,high,KCIA 표준화명칭목록 2026-06-30 code=912 sha256=4a523f990553
ing_pending_67f5b0f2c438,,ascorbic_acid,existing_identity,high,KCIA 표준화명칭목록 2026-06-30 code=1720 sha256=4a523f990553
ing_pending_6809b7c9d9f4,,nymphaea_alba_flower_extract,official_exact,high,KCIA 표준화명칭목록 2026-06-30 code=1337 sha256=4a523f990553
ing_pending_6814f177fe96,,lactobacillus,official_exact,high,KCIA 표준화명칭목록 2026-06-30 code=7814 sha256=4a523f990553
ing_pending_6824df18941c,,pentaerythrityl_distearate,official_exact,high,KCIA 표준화명칭목록 2026-06-30 code=3617 sha256=4a523f990553
ing_pending_683a0353360a,,micrococcus_lysate,official_exact,high,KCIA 표준화명칭목록 2026-06-30 code=84 sha256=4a523f990553
ing_pending_684674e85e91,,glucose_oxidase,official_exact,high,KCIA 표준화명칭목록 2026-06-30 code=861 sha256=4a523f990553
ing_pending_684a1961e046,,helindone_pink_cn,official_exact,high,KCIA 표준화명칭목록 2026-06-30 code=2682 sha256=4a523f990553
ing_pending_685e6ba9b1f1,,hydrolyzed_rice_protein,official_exact,high,KCIA 표준화명칭목록 2026-06-30 code=4770 sha256=4a523f990553
ing_pending_686248ec48cb,,gluconic_acid,official_exact,high,KCIA 표준화명칭목록 2026-06-30 code=784 sha256=4a523f990553
ing_pending_686593f36401,,taurine,official_exact,high,KCIA 표준화명칭목록 2026-06-30 code=3230 sha256=4a523f990553
ing_pending_68755b90d531,,hydrolyzed_corn_starch,official_exact,high,KCIA 표준화명칭목록 2026-06-30 code=4781 sha256=4a523f990553
ing_pending_68b245fe99b1,,ethylhexyl_salicylate,official_exact,high,KCIA 표준화명칭목록 2026-06-30 code=2079 sha256=4a523f990553
ing_pending_68df5151dfe3,,corn_starch_modified,official_exact,high,KCIA 표준화명칭목록 2026-06-30 code=536 sha256=4a523f990553
ing_pending_68feae9157df,,glyceryl_caprylate,official_exact,high,KCIA 표준화명칭목록 2026-06-30 code=1366 sha256=4a523f990553
ing_pending_690af9557f8b,,sodium_stearoyl_lactylate,official_exact,high,KCIA 표준화명칭목록 2026-06-30 code=1140 sha256=4a523f990553
ing_pending_692edb8971ae,,zinc_chloride,official_exact,high,KCIA 표준화명칭목록 2026-06-30 code=2780 sha256=4a523f990553
ing_pending_6930ec22aff1,,perlite,official_exact,high,KCIA 표준화명칭목록 2026-06-30 code=3574 sha256=4a523f990553
ing_pending_693248d0be84,,disodium_peg_12_dimethicone_sulfosuccinate,official_exact,high,KCIA 표준화명칭목록 2026-06-30 code=5135 sha256=4a523f990553
ing_pending_697a4c1ddb76,,opuntia_ficus_indica_stem_extract,official_exact,high,KCIA 표준화명칭목록 2026-06-30 code=900 sha256=4a523f990553
ing_pending_6982a510f095,,sodium_guaiazulene_sulfonate,official_exact,high,KCIA 표준화명칭목록 2026-06-30 code=7916 sha256=4a523f990553
ing_pending_6994b24ed1f3,,ppg_1_trideceth_6,official_exact,high,KCIA 표준화명칭목록 2026-06-30 code=4517 sha256=4a523f990553
ing_pending_6998899e4201,,vanilla_planifolia_fruit_extract,official_exact,high,KCIA 표준화명칭목록 2026-06-30 code=382 sha256=4a523f990553
ing_pending_699a72e62403,,sodium_acetylated_hyaluronate,official_exact,high,KCIA 표준화명칭목록 2026-06-30 code=1150 sha256=4a523f990553
ing_pending_69a0a2cc5bf0,,hdi_trimethylol_hexyllactone_crosspolymer,official_exact,high,KCIA 표준화명칭목록 2026-06-30 code=2036 sha256=4a523f990553
ing_pending_69a4baec49d3,,benzyl_glycol,official_exact,high,KCIA 표준화명칭목록 2026-06-30 code=9117 sha256=4a523f990553
ing_pending_69bf114a2384,,silica,official_exact,high,KCIA 표준화명칭목록 2026-06-30 code=1548 sha256=4a523f990553
ing_pending_69cea4ec4d97,,aluminum_hydroxide,official_exact,high,KCIA 표준화명칭목록 2026-06-30 code=1872 sha256=4a523f990553
ing_pending_69d5ec6168c6,,ecklonia_cava_extract,official_exact,high,KCIA 표준화명칭목록 2026-06-30 code=2605 sha256=4a523f990553
ing_pending_69dacf5b9865,,sorbitan_oleate,official_exact,high,KCIA 표준화명칭목록 2026-06-30 code=1291 sha256=4a523f990553
ing_pending_6a0fe7959508,,iron_oxide_yellow,official_exact,high,KCIA 표준화명칭목록 2026-06-30 code=4985 sha256=4a523f990553
ing_pending_6a11c2ce10df,,xylitylglucoside,existing_identity,high,KCIA 표준화명칭목록 2026-06-30 code=2621 sha256=4a523f990553
ing_pending_6a1a7db6977f,,carnitine,official_exact,high,KCIA 표준화명칭목록 2026-06-30 code=2872 sha256=4a523f990553
ing_pending_6a4adc3508c0,,sodium_cocoyl_isethionate,official_exact,high,KCIA 표준화명칭목록 2026-06-30 code=1211 sha256=4a523f990553
ing_pending_6a4f2c216796,,triethoxysilylethyl_polydimethylsiloxyethyl_dimethicone,official_exact,high,KCIA 표준화명칭목록 2026-06-30 code=3387 sha256=4a523f990553
ing_pending_6a5b5afee424,,zeolite,official_exact,high,KCIA 표준화명칭목록 2026-06-30 code=2707 sha256=4a523f990553
ing_pending_6a5ba45831fe,,polyquaternium_10,official_exact,high,KCIA 표준화명칭목록 2026-06-30 code=3922 sha256=4a523f990553
ing_pending_6a65edec5464,,polyurethane_15,official_exact,high,KCIA 표준화명칭목록 2026-06-30 code=3911 sha256=4a523f990553
ing_pending_6a75f426e60b,,benzyl_cinnamate,official_exact,high,KCIA 표준화명칭목록 2026-06-30 code=524 sha256=4a523f990553
ing_pending_6a860c0d1584,,hamamelis_virginiana_witch_hazel_water,official_exact,high,KCIA 표준화명칭목록 2026-06-30 code=2371 sha256=4a523f990553
ing_pending_6a9f3fbbb579,,sodium_metabisulfite,official_exact,high,KCIA 표준화명칭목록 2026-06-30 code=1099 sha256=4a523f990553
ing_pending_6aa1c8646a5a,,tapioca_starch,official_exact,high,KCIA 표준화명칭목록 2026-06-30 code=3235 sha256=4a523f990553
ing_pending_6ac0e81c2201,,butane,official_exact,high,KCIA 표준화명칭목록 2026-06-30 code=578 sha256=4a523f990553
ing_pending_6adea46e62a2,,polyglyceryl_2_isostearate_dimer_dilinoleate_copolymer,official_exact,high,KCIA 표준화명칭목록 2026-06-30 code=3797 sha256=4a523f990553
ing_pending_6af5c9a75d02,,silk_amino_acids,official_exact,high,KCIA 표준화명칭목록 2026-06-30 code=1565 sha256=4a523f990553
ing_pending_6b4a10de0a52,,citronellol,existing_identity,high,KCIA 표준화명칭목록 2026-06-30 code=1530 sha256=4a523f990553
ing_pending_6b5170c3e85a,,dimethicone_peg_8_meadowfoamate,official_exact,high,KCIA 표준화명칭목록 2026-06-30 code=4764 sha256=4a523f990553
ing_pending_6b66f73d060f,,anhydroxylitol,existing_identity,high,KCIA 표준화명칭목록 2026-06-30 code=297 sha256=4a523f990553
ing_pending_6b79c8e95187,,sucrose_laurate,official_exact,high,KCIA 표준화명칭목록 2026-06-30 code=1370 sha256=4a523f990553
ing_pending_6b7c1cd59dce,,hydrogenated_polydecene,official_exact,high,KCIA 표준화명칭목록 2026-06-30 code=4614 sha256=4a523f990553
ing_pending_6b8620177621,,ammonium_glycyrrhizate,official_exact,high,KCIA 표준화명칭목록 2026-06-30 code=1935 sha256=4a523f990553
ing_pending_6b99ba0c49bc,,calcium_aluminum_borosilicate,existing_identity,high,KCIA 표준화명칭목록 2026-06-30 code=2959 sha256=4a523f990553
ing_pending_6ba4f500c82c,,cyclomethicone,official_exact,high,KCIA 표준화명칭목록 2026-06-30 code=767 sha256=4a523f990553
ing_pending_6baf031abdfa,,trimethyl_pentaphenyl_trisiloxane,official_exact,high,KCIA 표준화명칭목록 2026-06-30 code=3352 sha256=4a523f990553
ing_pending_6bcc3765683c,,cocamidopropyl_hydroxysultaine,official_exact,high,KCIA 표준화명칭목록 2026-06-30 code=3039 sha256=4a523f990553
ing_pending_6be003aeccef,,phellinus_linteus_extract,official_exact,high,KCIA 표준화명칭목록 2026-06-30 code=827 sha256=4a523f990553
ing_pending_6be87382ec81,,salix_alba_willow_bark_extract,official_exact,high,KCIA 표준화명칭목록 2026-06-30 code=4957 sha256=4a523f990553
ing_pending_6bf0de74070a,,ozokerite,official_exact,high,KCIA 표준화명칭목록 2026-06-30 code=2178 sha256=4a523f990553
ing_pending_6c2208103318,,freesia_refracta_extract,official_exact,high,KCIA 표준화명칭목록 2026-06-30 code=4025 sha256=4a523f990553
ing_pending_6c2b10d5095a,,polyethylene,existing_identity,high,KCIA 표준화명칭목록 2026-06-30 code=3893 sha256=4a523f990553
ing_pending_6c35a85ddc77,,carnitine_hcl,official_exact,high,KCIA 표준화명칭목록 2026-06-30 code=2873 sha256=4a523f990553
ing_pending_6c3f1d9c956e,,dicetyl_phosphate,official_exact,high,KCIA 표준화명칭목록 2026-06-30 code=5089 sha256=4a523f990553
ing_pending_6c800f27e10d,,hyaluronic_acid_polyisopropylacrylamide_copolymer,official_exact,high,KCIA 표준화명칭목록 2026-06-30 code=23738 sha256=4a523f990553
ing_pending_6ca1a2379925,,c12_16_alketh_9,official_exact,high,KCIA 표준화명칭목록 2026-06-30 code=3502 sha256=4a523f990553
ing_pending_6cd38f5b51d0,,sodium_polyglutamate,official_exact,high,KCIA 표준화명칭목록 2026-06-30 code=8664 sha256=4a523f990553
ing_pending_6cdb4db301b9,,phytantriol,official_exact,high,KCIA 표준화명칭목록 2026-06-30 code=4427 sha256=4a523f990553
ing_pending_6cdb58c2d1c1,,butylphenyl_methylpropional,official_exact,high,KCIA 표준화명칭목록 2026-06-30 code=608 sha256=4a523f990553
ing_pending_6cf155e7f0e0,,stearyl_caprylate,official_exact,high,KCIA 표준화명칭목록 2026-06-30 code=1476 sha256=4a523f990553
ing_pending_6d01b2fcd0cd,,hydrolyzed_sweet_almond_protein,official_exact,high,KCIA 표준화명칭목록 2026-06-30 code=4760 sha256=4a523f990553
ing_pending_6d05e7840dd5,,glycine_soja_soybean_oil,existing_identity,high,KCIA 표준화명칭목록 2026-06-30 code=3126 sha256=4a523f990553
ing_pending_6d16dbd3acf4,,sh_oligopeptide_1,official_exact,high,KCIA 표준화명칭목록 2026-06-30 code=7534 sha256=4a523f990553
ing_pending_6d257d1b8028,,snail_secretion_filtrate,official_exact,high,KCIA 표준화명칭목록 2026-06-30 code=6319 sha256=4a523f990553
ing_pending_6d2f87a0f6e8,,beeswax,official_exact,high,KCIA 표준화명칭목록 2026-06-30 code=721 sha256=4a523f990553
ing_pending_6d3ebfca6633,,octadecyl_di_t_butyl_4_hydroxyhydrocinnamate,official_exact,high,KCIA 표준화명칭목록 2026-06-30 code=8914 sha256=4a523f990553
ing_pending_6d3f44ed25db,,lysine_hcl,official_exact,high,KCIA 표준화명칭목록 2026-06-30 code=5405 sha256=4a523f990553
ing_pending_6d40f21a367b,,iodopropynyl_butylcarbamate,official_exact,high,KCIA 표준화명칭목록 2026-06-30 code=1749 sha256=4a523f990553
ing_pending_6d9f0bff0fd0,,dimethicone,existing_identity,high,KCIA 표준화명칭목록 2026-06-30 code=4512 sha256=4a523f990553
ing_pending_6dddae62bd66,,urtica_dioica_nettle_extract,official_exact,high,KCIA 표준화명칭목록 2026-06-30 code=1590 sha256=4a523f990553
ing_pending_6e1df0944cc4,,scutellaria_baicalensis_root_extract,official_exact,high,KCIA 표준화명칭목록 2026-06-30 code=4965 sha256=4a523f990553
ing_pending_6e364bd3248d,,arnica_montana_flower_extract,official_exact,high,KCIA 표준화명칭목록 2026-06-30 code=1643 sha256=4a523f990553
ing_pending_6e3bee2e99de,,sodium_glycolate,official_exact,high,KCIA 표준화명칭목록 2026-06-30 code=1034 sha256=4a523f990553
ing_pending_6e433d39c766,,arachidic_acid,official_exact,high,KCIA 표준화명칭목록 2026-06-30 code=5943 sha256=4a523f990553
ing_pending_6e4a216c2e1f,,lauryl_peg_9_polydimethylsiloxyethyl_dimethicone,official_exact,high,KCIA 표준화명칭목록 2026-06-30 code=5394 sha256=4a523f990553
ing_pending_6e4c065f27b8,,viola_mandshurica_flower_extract,official_exact,high,KCIA 표준화명칭목록 2026-06-30 code=2706 sha256=4a523f990553
ing_pending_6e538f64de8d,,peg_9_polydimethylsiloxyethyl_dimethicone,official_exact,high,KCIA 표준화명칭목록 2026-06-30 code=4360 sha256=4a523f990553
ing_pending_6e8e124170c9,,ethylhexyl_palmitate,official_exact,high,KCIA 표준화명칭목록 2026-06-30 code=2088 sha256=4a523f990553
ing_pending_6ebbc8d6059d,,polyglycerin_10,official_exact,high,KCIA 표준화명칭목록 2026-06-30 code=3733 sha256=4a523f990553
ing_pending_6ec421ae2352,,chondrus_crispus,official_exact,high,KCIA 표준화명칭목록 2026-06-30 code=10301 sha256=4a523f990553
ing_pending_6f1d7b90deba,,sorbeth_30_tetraoleate,official_exact,high,KCIA 표준화명칭목록 2026-06-30 code=1279 sha256=4a523f990553
ing_pending_6f36f059067b,,myrica_cerifera_bayberry_fruit_extract,official_exact,high,KCIA 표준화명칭목록 2026-06-30 code=470 sha256=4a523f990553
ing_pending_6f3ccd9cff90,,potassium_lactate,official_exact,high,KCIA 표준화명칭목록 2026-06-30 code=3671 sha256=4a523f990553
ing_pending_6f42d4703556,,echium_plantagineum_seed_oil,official_exact,high,KCIA 표준화명칭목록 2026-06-30 code=667 sha256=4a523f990553
ing_pending_6f78cd845c5c,,saccharomyces_silicon_ferment,official_exact,high,KCIA 표준화명칭목록 2026-06-30 code=5010 sha256=4a523f990553
ing_pending_6f9cb0a8575a,,panthenyl_hydroxypropyl_steardimonium_chloride,official_exact,high,KCIA 표준화명칭목록 2026-06-30 code=3532 sha256=4a523f990553
ing_pending_6faa7f194935,,ceramide_as,official_exact,high,KCIA 표준화명칭목록 2026-06-30 code=9763 sha256=4a523f990553
ing_pending_6fb90dbea59d,,calcium_pca,official_exact,high,KCIA 표준화명칭목록 2026-06-30 code=2971 sha256=4a523f990553
ing_pending_6fd2089ddbed,,basic_yellow_87,official_exact,high,KCIA 표준화명칭목록 2026-06-30 code=10091 sha256=4a523f990553
ing_pending_6fd50d5f3096,,fructooligosaccharides,existing_identity,high,KCIA 표준화명칭목록 2026-06-30 code=5546 sha256=4a523f990553
ing_pending_6fdaa028e7e9,,sodium_bicarbonate,official_exact,high,KCIA 표준화명칭목록 2026-06-30 code=1112 sha256=4a523f990553
ing_pending_6fff5023d805,,corallina_officinalis_extract,official_exact,high,KCIA 표준화명칭목록 2026-06-30 code=2803 sha256=4a523f990553
ing_pending_7003e7584b80,,tin_oxide,official_exact,high,KCIA 표준화명칭목록 2026-06-30 code=3472 sha256=4a523f990553
ing_pending_7007f5a290ff,,trimethylsiloxyphenyl_dimethicone,official_exact,high,KCIA 표준화명칭목록 2026-06-30 code=3343 sha256=4a523f990553
ing_pending_700866c29057,,hylocereus_undatus_fruit_extract,official_exact,high,KCIA 표준화명칭목록 2026-06-30 code=6827 sha256=4a523f990553
ing_pending_70197b16edbf,,hydrogenated_microcrystalline_wax,official_exact,high,KCIA 표준화명칭목록 2026-06-30 code=4551 sha256=4a523f990553
ing_pending_701e09076b94,,ulmus_davidiana_root_extract,official_exact,high,KCIA 표준화명칭목록 2026-06-30 code=2811 sha256=4a523f990553
ing_pending_70229501ae9c,,aminomethyl_propanol,existing_identity,high,KCIA 표준화명칭목록 2026-06-30 code=1653 sha256=4a523f990553
ing_pending_702c76cc939c,,helianthus_annuus_sunflower_seed_oil,official_exact,high,KCIA 표준화명칭목록 2026-06-30 code=4840 sha256=4a523f990553
ing_pending_703317ddf7db,,dunaliella_salina_extract,official_exact,high,KCIA 표준화명칭목록 2026-06-30 code=4105 sha256=4a523f990553
ing_pending_703ea31b918c,,polysilicone_15,official_exact,high,KCIA 표준화명칭목록 2026-06-30 code=3869 sha256=4a523f990553
ing_pending_709f4e72c2ae,,tripeptide_1,official_exact,high,KCIA 표준화명칭목록 2026-06-30 code=3419 sha256=4a523f990553
ing_pending_70a17ebda3d0,,hexamethylindanopyran,official_exact,high,KCIA 표준화명칭목록 2026-06-30 code=4869 sha256=4a523f990553
ing_pending_70a8a8b8aa17,,glycoproteins,official_exact,high,KCIA 표준화명칭목록 2026-06-30 code=571 sha256=4a523f990553
ing_pending_70d2d9cbd4f4,,cyclotetrasiloxane,official_exact,high,KCIA 표준화명칭목록 2026-06-30 code=768 sha256=4a523f990553
ing_pending_70ec247d9767,,sucrose,official_exact,high,KCIA 표준화명칭목록 2026-06-30 code=1367 sha256=4a523f990553
ing_pending_70fc398ad9ec,,thioctic_acid,official_exact,high,KCIA 표준화명칭목록 2026-06-30 code=2847 sha256=4a523f990553
ing_pending_710484ec3d53,,cassia_alata_leaf_extract,official_exact,high,KCIA 표준화명칭목록 2026-06-30 code=2996 sha256=4a523f990553
ing_pending_716d8643762c,,carrageenan,official_exact,high,KCIA 표준화명칭목록 2026-06-30 code=2862 sha256=4a523f990553
ing_pending_717283b98662,,polyester_37,official_exact,high,KCIA 표준화명칭목록 2026-06-30 code=22046 sha256=4a523f990553
ing_pending_71904e603aff,,sodium_sulfate,official_exact,high,KCIA 표준화명칭목록 2026-06-30 code=1128 sha256=4a523f990553
ing_pending_71979730f850,,myristyl_myristate,official_exact,high,KCIA 표준화명칭목록 2026-06-30 code=342 sha256=4a523f990553
ing_pending_71a13059f127,,triheptanoin,official_exact,high,KCIA 표준화명칭목록 2026-06-30 code=3430 sha256=4a523f990553
ing_pending_71b0bf5c0bf6,,avena_sativa_oat_meal_extract,official_exact,high,KCIA 표준화명칭목록 2026-06-30 code=318 sha256=4a523f990553
ing_pending_71b28ec75e2d,,polyglyceryl_4_diisostearate_polyhydroxystearate_sebacate,official_exact,high,KCIA 표준화명칭목록 2026-06-30 code=3757 sha256=4a523f990553
ing_pending_71cdf4e3cb47,,isomalt,official_exact,high,KCIA 표준화명칭목록 2026-06-30 code=2449 sha256=4a523f990553
ing_pending_71f0aa839c85,,panax_ginseng_root_extract_kcia_4949,official_exact,high,KCIA 표준화명칭목록 2026-06-30 code=4949 sha256=4a523f990553
ing_pending_72209133ae59,,aminopropyl_dimethicone,official_exact,high,KCIA 표준화명칭목록 2026-06-30 code=1661 sha256=4a523f990553
ing_pending_72231076a655,,glyceryl_stearate_citrate,existing_identity,high,KCIA 표준화명칭목록 2026-06-30 code=1213 sha256=4a523f990553
ing_pending_72290853f5c4,,polyquaternium_47,official_exact,high,KCIA 표준화명칭목록 2026-06-30 code=3937 sha256=4a523f990553
ing_pending_725245da9518,,acer_saccharum_sugar_maple_extract,official_exact,high,KCIA 표준화명칭목록 2026-06-30 code=903 sha256=4a523f990553
ing_pending_72904a9eacf8,,hydrogenated_olive_oil,official_exact,high,KCIA 표준화명칭목록 2026-06-30 code=4574 sha256=4a523f990553
ing_pending_7293e02d4e5a,,ceramide_ag,official_exact,high,KCIA 표준화명칭목록 2026-06-30 code=22617 sha256=4a523f990553
ing_pending_729917ccdb26,,sodium_cocoate,official_exact,high,KCIA 표준화명칭목록 2026-06-30 code=1205 sha256=4a523f990553
ing_pending_72abd85b7e20,,gardenia_florida_fruit_extract,existing_identity,high,KCIA 표준화명칭목록 2026-06-30 code=2852 sha256=4a523f990553
ing_pending_72b2db4bc662,,phenethyl_benzoate,official_exact,high,KCIA 표준화명칭목록 2026-06-30 code=3576 sha256=4a523f990553
ing_pending_72cedcc2c651,,rumex_crispus_root_extract,official_exact,high,KCIA 표준화명칭목록 2026-06-30 code=1999 sha256=4a523f990553
ing_pending_72ef95cd2363,,polyquaternium_80,official_exact,high,KCIA 표준화명칭목록 2026-06-30 code=10116 sha256=4a523f990553
ing_pending_72f70c5c7cd6,,saccharide_isomerate,existing_identity,high,KCIA 표준화명칭목록 2026-06-30 code=774 sha256=4a523f990553
ing_pending_731f2a26b1af,,vitis_vinifera_grape_juice_extract,official_exact,high,KCIA 표준화명칭목록 2026-06-30 code=7396 sha256=4a523f990553
ing_pending_73302a4121aa,,cysteine,official_exact,high,KCIA 표준화명칭목록 2026-06-30 code=1513 sha256=4a523f990553
ing_pending_733ed4cf2f59,,sodium_starch_octenylsuccinate,official_exact,high,KCIA 표준화명칭목록 2026-06-30 code=5553 sha256=4a523f990553
ing_pending_73451d938b5c,,oleyl_alcohol,official_exact,high,KCIA 표준화명칭목록 2026-06-30 code=2287 sha256=4a523f990553
ing_pending_73810b23b043,,potassium_phosphate,official_exact,high,KCIA 표준화명칭목록 2026-06-30 code=3707 sha256=4a523f990553
ing_pending_73a2f1ba6d74,,pueraria_lobata_root_extract,official_exact,high,KCIA 표준화명칭목록 2026-06-30 code=328 sha256=4a523f990553
ing_pending_73acffff03df,,octyldodecyl_stearoyl_stearate,existing_identity,high,KCIA 표준화명칭목록 2026-06-30 code=2239 sha256=4a523f990553
ing_pending_73ae2ddd070e,,scrophularia_nodosa_extract,official_exact,high,KCIA 표준화명칭목록 2026-06-30 code=6044 sha256=4a523f990553
ing_pending_73dccb3492c2,,hydrogenated_vegetable_glycerides,official_exact,high,KCIA 표준화명칭목록 2026-06-30 code=17950 sha256=4a523f990553
ing_pending_73eba644dc72,,gaultheria_procumbens_wintergreen_leaf_extract,official_exact,high,KCIA 표준화명칭목록 2026-06-30 code=2377 sha256=4a523f990553
ing_pending_73eec77844a8,,hydrolyzed_collagen,official_exact,high,KCIA 표준화명칭목록 2026-06-30 code=4796 sha256=4a523f990553
ing_pending_73f2902debe5,,coconut_acid,official_exact,high,KCIA 표준화명칭목록 2026-06-30 code=3047 sha256=4a523f990553
ing_pending_740434e4a6ac,,glycoproteins,official_exact,high,KCIA 표준화명칭목록 2026-06-30 code=571 sha256=4a523f990553
ing_pending_740d27698b2d,,lavandula_hybrida_oil,official_exact,high,KCIA 표준화명칭목록 2026-06-30 code=5308 sha256=4a523f990553
ing_pending_742cd15ac3e7,,ceramide_ap,official_exact,high,KCIA 표준화명칭목록 2026-06-30 code=8381 sha256=4a523f990553
ing_pending_742e57e251e3,,aloe_barbadensis_leaf_water,official_exact,high,KCIA 표준화명칭목록 2026-06-30 code=1836 sha256=4a523f990553
ing_pending_74316c6f5ca4,,cellulose,existing_identity,high,KCIA 표준화명칭목록 2026-06-30 code=1022 sha256=4a523f990553
ing_pending_74361b239204,,foeniculum_vulgare_fennel_fruit_extract,official_exact,high,KCIA 표준화명칭목록 2026-06-30 code=4997 sha256=4a523f990553
ing_pending_7438be35375c,,rubus_idaeus_raspberry_leaf_extract,official_exact,high,KCIA 표준화명칭목록 2026-06-30 code=5420 sha256=4a523f990553
ing_pending_74405dbb8de0,,biosaccharide_gum_1,existing_identity,high,KCIA 표준화명칭목록 2026-06-30 code=402 sha256=4a523f990553
ing_pending_7489ef1aaf2e,,squalene,official_exact,high,KCIA 표준화명칭목록 2026-06-30 code=1404 sha256=4a523f990553
ing_pending_74a5e33dc524,,vitis_vinifera_grape_seed_extract,official_exact,high,KCIA 표준화명칭목록 2026-06-30 code=3652 sha256=4a523f990553
ing_pending_74ffc51ebab7,,dipropylene_glycol,official_exact,high,KCIA 표준화명칭목록 2026-06-30 code=5259 sha256=4a523f990553
ing_pending_7514d8e9408c,,menthyl_pca,official_exact,high,KCIA 표준화명칭목록 2026-06-30 code=248 sha256=4a523f990553
ing_pending_751ff8ed9d4e,,malus_domestica_fruit_extract,official_exact,high,KCIA 표준화명칭목록 2026-06-30 code=9475 sha256=4a523f990553
ing_pending_753814bb31b0,,potassium_sorbate,official_exact,high,KCIA 표준화명칭목록 2026-06-30 code=3679 sha256=4a523f990553
ing_pending_753d7cb3aac5,,acorus_calamus_root_extract,official_exact,high,KCIA 표준화명칭목록 2026-06-30 code=2808 sha256=4a523f990553
ing_pending_753f969ba78d,,cetraria_islandica_thallus_extract,official_exact,high,KCIA 표준화명칭목록 2026-06-30 code=9410 sha256=4a523f990553
ing_pending_754b818cfe9f,,hydrolyzed_vegetable_protein,existing_identity,high,KCIA 표준화명칭목록 2026-06-30 code=4761 sha256=4a523f990553
ing_pending_7552ce6e9c26,,pumice,official_exact,high,KCIA 표준화명칭목록 2026-06-30 code=574 sha256=4a523f990553
ing_pending_7561d8aefed1,,hydrolyzed_pea_protein,official_exact,high,KCIA 표준화명칭목록 2026-06-30 code=4783 sha256=4a523f990553
ing_pending_756567e9d979,,4_amino_2_hydroxytoluene,official_exact,high,KCIA 표준화명칭목록 2026-06-30 code=1665 sha256=4a523f990553
ing_pending_757460997daa,,potassium_nitrate,official_exact,high,KCIA 표준화명칭목록 2026-06-30 code=11126 sha256=4a523f990553
ing_pending_7589f2d55816,,lactobacillus_ferment_lysate,official_exact,high,KCIA 표준화명칭목록 2026-06-30 code=7788 sha256=4a523f990553
ing_pending_759dea4508dc,,erythritol,official_exact,high,KCIA 표준화명칭목록 2026-06-30 code=2016 sha256=4a523f990553
ing_pending_759e0c80b102,,ethylhexyl_stearate,official_exact,high,KCIA 표준화명칭목록 2026-06-30 code=2080 sha256=4a523f990553
ing_pending_75aaa35de9c6,,bismuth_oxychloride,official_exact,high,KCIA 표준화명칭목록 2026-06-30 code=685 sha256=4a523f990553
ing_pending_75d46640ec76,,sodium_lactate,existing_identity,high,KCIA 표준화명칭목록 2026-06-30 code=1083 sha256=4a523f990553
ing_pending_75e9583c09c0,,disodium_phosphate,official_exact,high,KCIA 표준화명칭목록 2026-06-30 code=5133 sha256=4a523f990553
ing_pending_75f7948296eb,,citrus_aurantifolia_lime_oil,official_exact,high,KCIA 표준화명칭목록 2026-06-30 code=5413 sha256=4a523f990553
ing_pending_75ff751db34b,,poly_c10_30_alkyl_acrylate,official_exact,high,KCIA 표준화명칭목록 2026-06-30 code=3886 sha256=4a523f990553
ing_pending_76038a2c9290,,quercus_petraea_fruit_extract,official_exact,high,KCIA 표준화명칭목록 2026-06-30 code=18859 sha256=4a523f990553
ing_pending_760a51969e21,,ethyl_oleate,official_exact,high,KCIA 표준화명칭목록 2026-06-30 code=2065 sha256=4a523f990553
ing_pending_760c88fc5218,,eugenia_caryophyllus_clove_bud_oil,official_exact,high,KCIA 표준화명칭목록 2026-06-30 code=3202 sha256=4a523f990553
ing_pending_766c5ad62152,,polyglyceryl_4_oleate,official_exact,high,KCIA 표준화명칭목록 2026-06-30 code=3788 sha256=4a523f990553
ing_pending_7670771f1469,,4_terpineol,official_exact,high,KCIA 표준화명칭목록 2026-06-30 code=3256 sha256=4a523f990553
ing_pending_76aba29745f2,,platonia_insignis_seed_butter,official_exact,high,KCIA 표준화명칭목록 2026-06-30 code=19086 sha256=4a523f990553
ing_pending_76c47f942bb8,,adansonia_digitata_fruit_extract,official_exact,high,KCIA 표준화명칭목록 2026-06-30 code=6564 sha256=4a523f990553
ing_pending_76d0f49052a2,,sericin,official_exact,high,KCIA 표준화명칭목록 2026-06-30 code=915 sha256=4a523f990553
ing_pending_76d8f8527b7d,,vp_va_copolymer,official_exact,high,KCIA 표준화명칭목록 2026-06-30 code=644 sha256=4a523f990553
ing_pending_76e5b6e1228e,,hydrolyzed_adansonia_digitata_seed_extract,official_exact,high,KCIA 표준화명칭목록 2026-06-30 code=15720 sha256=4a523f990553
ing_pending_77075bfec2de,,ornithine,official_exact,high,KCIA 표준화명칭목록 2026-06-30 code=2158 sha256=4a523f990553
ing_pending_7707d6cfc9d0,,polysorbate_20,official_exact,high,KCIA 표준화명칭목록 2026-06-30 code=3855 sha256=4a523f990553
ing_pending_771152592ce0,,lauryl_peg_ppg_18_18_methicone,official_exact,high,KCIA 표준화명칭목록 2026-06-30 code=5395 sha256=4a523f990553
ing_pending_771c25bdeb39,,diisopropyl_adipate,official_exact,high,KCIA 표준화명칭목록 2026-06-30 code=5211 sha256=4a523f990553
ing_pending_7724159e5941,,tartaric_acid,official_exact,high,KCIA 표준화명칭목록 2026-06-30 code=3234 sha256=4a523f990553
ing_pending_7742632db0b7,,trideceth_12,existing_identity,high,KCIA 표준화명칭목록 2026-06-30 code=3325 sha256=4a523f990553
ing_pending_7746400ef74e,,potassium_cocoate,official_exact,high,KCIA 표준화명칭목록 2026-06-30 code=3695 sha256=4a523f990553
ing_pending_776adeea9c04,,palmitoyl_palmitamide_mea,official_exact,high,KCIA 표준화명칭목록 2026-06-30 code=10516 sha256=4a523f990553
ing_pending_7786f5ffaf2e,,magnesium_hydroxide,official_exact,high,KCIA 표준화명칭목록 2026-06-30 code=65 sha256=4a523f990553
ing_pending_77aa6101c12f,,opuntia_ficus_indica_seed_oil,official_exact,high,KCIA 표준화명칭목록 2026-06-30 code=8689 sha256=4a523f990553
ing_pending_77c2be5528fb,,hydrogenated_palm_oil,official_exact,high,KCIA 표준화명칭목록 2026-06-30 code=4607 sha256=4a523f990553
ing_pending_77cd38a13f0b,,resveratrol,official_exact,high,KCIA 표준화명칭목록 2026-06-30 code=5483 sha256=4a523f990553
ing_pending_77e05bdeb297,,pinus_pinaster_bark_bud_extract,official_exact,high,KCIA 표준화명칭목록 2026-06-30 code=3188 sha256=4a523f990553
ing_pending_7810b7ec35c7,,theobroma_cacao_cocoa_seed_butter,existing_identity,high,KCIA 표준화명칭목록 2026-06-30 code=2898 sha256=4a523f990553
ing_pending_781a00a8f122,,steareth_20,official_exact,high,KCIA 표준화명칭목록 2026-06-30 code=1448 sha256=4a523f990553
ing_pending_781b68c20362,,hexylene_glycol,official_exact,high,KCIA 표준화명칭목록 2026-06-30 code=4891 sha256=4a523f990553
ing_pending_7820b2cfab43,,juniperus_mexicana_oil,official_exact,high,KCIA 표준화명칭목록 2026-06-30 code=239 sha256=4a523f990553
ing_pending_7870ef678aea,,hydrolyzed_potato_protein,official_exact,high,KCIA 표준화명칭목록 2026-06-30 code=4716 sha256=4a523f990553
ing_pending_788bcc3ab260,,arginine_hcl,official_exact,high,KCIA 표준화명칭목록 2026-06-30 code=1885 sha256=4a523f990553
ing_pending_7897873543da,,decylene_glycol,official_exact,high,KCIA 표준화명칭목록 2026-06-30 code=5671 sha256=4a523f990553
ing_pending_789bcb535827,,sh_octapeptide_4,official_exact,high,KCIA 표준화명칭목록 2026-06-30 code=6747 sha256=4a523f990553
ing_pending_78c6d69d5606,,peg_7_glyceryl_cocoate,official_exact,high,KCIA 표준화명칭목록 2026-06-30 code=4135 sha256=4a523f990553
ing_pending_78cd1ad99933,,biotin,existing_identity,high,KCIA 표준화명칭목록 2026-06-30 code=407 sha256=4a523f990553
ing_pending_78cf093c5856,,disodium_edta,official_exact,high,KCIA 표준화명칭목록 2026-06-30 code=5120 sha256=4a523f990553
ing_pending_78e6111764f5,,phenethyl_alcohol,official_exact,high,KCIA 표준화명칭목록 2026-06-30 code=3578 sha256=4a523f990553
ing_pending_78f74af1d38f,,jasminum_officinale_jasmine_oil,official_exact,high,KCIA 표준화명칭목록 2026-06-30 code=2650 sha256=4a523f990553
ing_pending_791216a27527,,isopropyl_alcohol,existing_identity,high,KCIA 표준화명칭목록 2026-06-30 code=2537 sha256=4a523f990553
ing_pending_791c1f13aced,,angelica_keiskei_leaf_stem_extract,official_exact,high,KCIA 표준화명칭목록 2026-06-30 code=259 sha256=4a523f990553
ing_pending_791ef9bd60f0,,limnanthes_alba_meadowfoam_seed_oil,official_exact,high,KCIA 표준화명칭목록 2026-06-30 code=161 sha256=4a523f990553
ing_pending_7928aab8984f,,bis_hydroxyethoxypropyl_dimethicone_ipdi_copolymer_ethy_kcia_717,official_exact,high,KCIA 표준화명칭목록 2026-06-30 code=717 sha256=4a523f990553
ing_pending_794091c0c87c,,salix_alba_willow_bark_water,official_exact,high,KCIA 표준화명칭목록 2026-06-30 code=7245 sha256=4a523f990553
ing_pending_7968fbb3dba4,,raffinose,official_exact,high,KCIA 표준화명칭목록 2026-06-30 code=5424 sha256=4a523f990553
ing_pending_7969011a9ff8,,hexylene_glycol,official_exact,high,KCIA 표준화명칭목록 2026-06-30 code=4891 sha256=4a523f990553
ing_pending_7972d445744d,,ethylene_propylene_copolymer,official_exact,high,KCIA 표준화명칭목록 2026-06-30 code=2051 sha256=4a523f990553
ing_pending_79751a2a121a,,camellia_japonica_seed_oil,existing_identity,high,KCIA 표준화명칭목록 2026-06-30 code=4040 sha256=4a523f990553
ing_pending_79843f94f769,,octanediol,official_exact,high,KCIA 표준화명칭목록 2026-06-30 code=2213 sha256=4a523f990553
ing_pending_798a47569f3c,,ppg_2_hydroxyethyl_cocamide,official_exact,high,KCIA 표준화명칭목록 2026-06-30 code=4525 sha256=4a523f990553
ing_pending_799493da3695,,decylene_glycol,official_exact,high,KCIA 표준화명칭목록 2026-06-30 code=5671 sha256=4a523f990553
ing_pending_799a14373a9e,,c30_45_alkyl_cetearyl_dimethicone_crosspolymer,official_exact,high,KCIA 표준화명칭목록 2026-06-30 code=1918 sha256=4a523f990553
ing_pending_79b4df9422e2,,ceratonia_siliqua_carob_fruit_extract,official_exact,high,KCIA 표준화명칭목록 2026-06-30 code=2980 sha256=4a523f990553
ing_pending_79e772f63d9b,,camellia_japonica_flower_extract,official_exact,high,KCIA 표준화명칭목록 2026-06-30 code=4006 sha256=4a523f990553
ing_pending_7a0afe1ef981,,glyceryl_glucoside,official_exact,high,KCIA 표준화명칭목록 2026-06-30 code=6960 sha256=4a523f990553
ing_pending_7a27f2f6b1fa,,lonicera_caprifolium_honeysuckle_flower_extract,official_exact,high,KCIA 표준화명칭목록 2026-06-30 code=2569 sha256=4a523f990553
ing_pending_7a398a523f29,,brassica_oleracea_italica_broccoli_extract,official_exact,high,KCIA 표준화명칭목록 2026-06-30 code=634 sha256=4a523f990553
ing_pending_7a51909809fd,,niacin,official_exact,high,KCIA 표준화명칭목록 2026-06-30 code=1931 sha256=4a523f990553
ing_pending_7a61dd0f5480,,carthamus_tinctorius_safflower_flower_extract,official_exact,high,KCIA 표준화명칭목록 2026-06-30 code=4953 sha256=4a523f990553
ing_pending_7a65fcc13149,,vaccinium_macrocarpon_cranberry_fruit_extract,official_exact,high,KCIA 표준화명칭목록 2026-06-30 code=3504 sha256=4a523f990553
ing_pending_7a77d3357b7a,,sodium_polyacrylate_starch,official_exact,high,KCIA 표준화명칭목록 2026-06-30 code=1254 sha256=4a523f990553
ing_pending_7a7fd7a17067,,sodium_hydroxide,official_exact,high,KCIA 표준화명칭목록 2026-06-30 code=1263 sha256=4a523f990553
ing_pending_7a9770cffedd,,butyl_methoxydibenzoylmethane,official_exact,high,KCIA 표준화명칭목록 2026-06-30 code=594 sha256=4a523f990553
ing_pending_7aaee3fe8963,,c13_15_alkane,existing_identity,high,KCIA 표준화명칭목록 2026-06-30 code=7831 sha256=4a523f990553
ing_pending_7ae2fc57b091,,portulaca_oleracea_extract,existing_identity,high,KCIA 표준화명칭목록 2026-06-30 code=88 sha256=4a523f990553
ing_pending_7ae309074fbe,,cetyl_ethylhexanoate,official_exact,high,KCIA 표준화명칭목록 2026-06-30 code=998 sha256=4a523f990553
ing_pending_7b0ae9343b23,,trihydroxystearin,existing_identity,high,KCIA 표준화명칭목록 2026-06-30 code=3428 sha256=4a523f990553
ing_pending_7b1f7e6e0cf5,,lithol_rubine_b,official_exact,high,KCIA 표준화명칭목록 2026-06-30 code=2663 sha256=4a523f990553
ing_pending_7b1fb2881211,,sphingomonas_ferment_extract,official_exact,high,KCIA 표준화명칭목록 2026-06-30 code=1498 sha256=4a523f990553
ing_pending_7b2947466d4a,,prunus_amygdalus_dulcis_sweet_almond_oil,official_exact,high,KCIA 표준화명칭목록 2026-06-30 code=1399 sha256=4a523f990553
ing_pending_7b459a2d37ee,,mentha_arvensis_leaf_extract,official_exact,high,KCIA 표준화명칭목록 2026-06-30 code=414 sha256=4a523f990553
ing_pending_7b5bd3517e82,,lactic_acid,official_exact,high,KCIA 표준화명칭목록 2026-06-30 code=5453 sha256=4a523f990553
ing_pending_7b5d6891c055,,tin_oxide,official_exact,high,KCIA 표준화명칭목록 2026-06-30 code=3472 sha256=4a523f990553
ing_pending_7b86bc43504d,,potassium_methoxysalicylate,official_exact,high,KCIA 표준화명칭목록 2026-06-30 code=3672 sha256=4a523f990553
ing_pending_7bcf6f20c003,,polyquaternium_51,official_exact,high,KCIA 표준화명칭목록 2026-06-30 code=3938 sha256=4a523f990553
ing_pending_7bddeeb2faed,,dioscorea_japonica_root_extract,official_exact,high,KCIA 표준화명칭목록 2026-06-30 code=2801 sha256=4a523f990553
ing_pending_7be8f33ced10,,nonapeptide_1,official_exact,high,KCIA 표준화명칭목록 2026-06-30 code=2259 sha256=4a523f990553
ing_pending_7bfcdebebb18,,leonurus_sibiricus_flower_leaf_stem_extract,official_exact,high,KCIA 표준화명칭목록 2026-06-30 code=2553 sha256=4a523f990553
ing_pending_7c23e371d116,,acyl_coenzyme_a_desaturase,official_exact,high,KCIA 표준화명칭목록 2026-06-30 code=11668 sha256=4a523f990553
ing_pending_7c3d7696ae12,,brassica_campestris_rapeseed_sterols,official_exact,high,KCIA 표준화명칭목록 2026-06-30 code=860 sha256=4a523f990553
ing_pending_7c41b553cada,,magnesium_pca,official_exact,high,KCIA 표준화명칭목록 2026-06-30 code=64 sha256=4a523f990553
ing_pending_7c4b2ec92f20,,beta_vulgaris_beet_root_extract,official_exact,high,KCIA 표준화명칭목록 2026-06-30 code=730 sha256=4a523f990553
ing_pending_7c4ed0ae95f4,,lauryl_pca,official_exact,high,KCIA 표준화명칭목록 2026-06-30 code=5393 sha256=4a523f990553
ing_pending_7c6d668b5e98,,peg_ppg_14_7_dimethyl_ether,official_exact,high,KCIA 표준화명칭목록 2026-06-30 code=6716 sha256=4a523f990553
ing_pending_7c735e014708,,polysilicone_11,official_exact,high,KCIA 표준화명칭목록 2026-06-30 code=3867 sha256=4a523f990553
ing_pending_7c7f4e9bae06,,hydroxypropylammonium_gluconate,official_exact,high,KCIA 표준화명칭목록 2026-06-30 code=18554 sha256=4a523f990553
ing_pending_7c8e5b4aa942,,amp_acrylates_copolymer,official_exact,high,KCIA 표준화명칭목록 2026-06-30 code=2031 sha256=4a523f990553
ing_pending_7c97d3104ade,,sodium_cocoyl_isethionate,official_exact,high,KCIA 표준화명칭목록 2026-06-30 code=1211 sha256=4a523f990553
ing_pending_7cadbf9d7ab9,,astrocaryum_murumuru_seed_butter,official_exact,high,KCIA 표준화명칭목록 2026-06-30 code=1988 sha256=4a523f990553
ing_pending_7cafa7532a0c,,polyglyceryl_3_oleate,official_exact,high,KCIA 표준화명칭목록 2026-06-30 code=3786 sha256=4a523f990553
ing_pending_7cb5dbf41a8f,,alanine,existing_identity,high,KCIA 표준화명칭목록 2026-06-30 code=1826 sha256=4a523f990553
ing_pending_7cbf9246de41,,hydrolyzed_soy_protein,official_exact,high,KCIA 표준화명칭목록 2026-06-30 code=4802 sha256=4a523f990553
ing_pending_7cc0dd0b77e2,,morus_alba_bark_extract,official_exact,high,KCIA 표준화명칭목록 2026-06-30 code=821 sha256=4a523f990553
ing_pending_7cc1dc42d271,,disodium_lauryl_sulfosuccinate,official_exact,high,KCIA 표준화명칭목록 2026-06-30 code=5101 sha256=4a523f990553
ing_pending_7ce2599fc722,,hydrogenated_olive_oil_stearyl_esters,official_exact,high,KCIA 표준화명칭목록 2026-06-30 code=4582 sha256=4a523f990553
ing_pending_7cfc84a55e17,,sucrose_laurate,official_exact,high,KCIA 표준화명칭목록 2026-06-30 code=1370 sha256=4a523f990553
ing_pending_7d0bd569a92f,,ocimum_sanctum_leaf_extract,official_exact,high,KCIA 표준화명칭목록 2026-06-30 code=4945 sha256=4a523f990553
ing_pending_7d64a6897406,,melia_azadirachta_flower_extract,official_exact,high,KCIA 표준화명칭목록 2026-06-30 code=7787 sha256=4a523f990553
ing_pending_7d6c180fe61a,,acetyl_tetrapeptide_9,official_exact,high,KCIA 표준화명칭목록 2026-06-30 code=1708 sha256=4a523f990553
ing_pending_7d72b34d15dd,,acetylated_glycol_stearate,official_exact,high,KCIA 표준화명칭목록 2026-06-30 code=1695 sha256=4a523f990553
ing_pending_7d7ccc8dc3ba,,glycine,official_exact,high,KCIA 표준화명칭목록 2026-06-30 code=483 sha256=4a523f990553
ing_pending_7ddf0cf9ff0b,,crataegus_monogyna_flower_extract,official_exact,high,KCIA 표준화명칭목록 2026-06-30 code=851 sha256=4a523f990553
ing_pending_7e0244b9d996,,chondrus_crispus,official_exact,high,KCIA 표준화명칭목록 2026-06-30 code=10301 sha256=4a523f990553
ing_pending_7e1542d1e080,,houttuynia_cordata_extract,official_exact,high,KCIA 표준화명칭목록 2026-06-30 code=2004 sha256=4a523f990553
ing_pending_7e3d53fc1be0,,betaine_salicylate,official_exact,high,KCIA 표준화명칭목록 2026-06-30 code=476 sha256=4a523f990553
ing_pending_7e5ba908c409,,avena_sativa_oat_protein_extract,official_exact,high,KCIA 표준화명칭목록 2026-06-30 code=362 sha256=4a523f990553
ing_pending_7e615bd880db,,farnesol,official_exact,high,KCIA 표준화명칭목록 2026-06-30 code=3473 sha256=4a523f990553
ing_pending_7e6bed95b9c6,,keratin,official_exact,high,KCIA 표준화명칭목록 2026-06-30 code=3014 sha256=4a523f990553
ing_pending_7e8404c5ab07,,c10_18_triglycerides,official_exact,high,KCIA 표준화명칭목록 2026-06-30 code=3319 sha256=4a523f990553
ing_pending_7e9834b36942,,isoleucine,official_exact,high,KCIA 표준화명칭목록 2026-06-30 code=2448 sha256=4a523f990553
ing_pending_7e9c532c0f2b,,dipentaerythrityl_tetrahydroxystearate_tetraisostearate,official_exact,high,KCIA 표준화명칭목록 2026-06-30 code=5244 sha256=4a523f990553
ing_pending_7ece619ef747,,cardiospermum_halicacabum_flower_leaf_vine_extract,official_exact,high,KCIA 표준화명칭목록 2026-06-30 code=3979 sha256=4a523f990553
ing_pending_7edbc51df452,,trisodium_edta,official_exact,high,KCIA 표준화명칭목록 2026-06-30 code=3370 sha256=4a523f990553
ing_pending_7efd5dd9d08a,,rose_flower_oil,official_exact,high,KCIA 표준화명칭목록 2026-06-30 code=2640 sha256=4a523f990553
ing_pending_7f1b14e4b81d,,fumaric_acid,official_exact,high,KCIA 표준화명칭목록 2026-06-30 code=3971 sha256=4a523f990553
ing_pending_7f47b1fe40b3,,isododecane,official_exact,high,KCIA 표준화명칭목록 2026-06-30 code=2445 sha256=4a523f990553
ing_pending_7f51b13d2679,,corallina_officinalis_extract,official_exact,high,KCIA 표준화명칭목록 2026-06-30 code=2803 sha256=4a523f990553
ing_pending_7f59f335fef3,,papain,official_exact,high,KCIA 표준화명칭목록 2026-06-30 code=3524 sha256=4a523f990553
ing_pending_7f838bd8d0ef,,saccharomyces_ferment,official_exact,high,KCIA 표준화명칭목록 2026-06-30 code=7050 sha256=4a523f990553
ing_pending_7f86916aa2cd,,camellia_japonica_seed_oil,official_exact,high,KCIA 표준화명칭목록 2026-06-30 code=4040 sha256=4a523f990553
ing_pending_7f86f435fb79,,zea_mays_corn_kernel_extract,official_exact,high,KCIA 표준화명칭목록 2026-06-30 code=2204 sha256=4a523f990553
ing_pending_7f8c9f572a0f,,polyquaternium_7,official_exact,high,KCIA 표준화명칭목록 2026-06-30 code=3919 sha256=4a523f990553
ing_pending_7fa365307544,,disiloxane,official_exact,high,KCIA 표준화명칭목록 2026-06-30 code=5146 sha256=4a523f990553
ing_pending_7fd91861797c,,ceteareth_60_myristyl_glycol,official_exact,high,KCIA 표준화명칭목록 2026-06-30 code=965 sha256=4a523f990553
ing_pending_7fe16e924e91,,urtica_dioica_nettle_extract,official_exact,high,KCIA 표준화명칭목록 2026-06-30 code=1590 sha256=4a523f990553
ing_pending_80361c617a81,,viscum_album_mistletoe_leaf_extract,official_exact,high,KCIA 표준화명칭목록 2026-06-30 code=5093 sha256=4a523f990553
ing_pending_803ff9a2cdc0,,trimethylolpropane_tricaprylate_tricaprate,official_exact,high,KCIA 표준화명칭목록 2026-06-30 code=3350 sha256=4a523f990553
ing_pending_804585b4bfd9,,bacillus_ferment,official_exact,high,KCIA 표준화명칭목록 2026-06-30 code=393 sha256=4a523f990553
ing_pending_8062dda4b352,,sodium_laureth_sulfate,existing_identity,high,KCIA 표준화명칭목록 2026-06-30 code=1051 sha256=4a523f990553
ing_pending_80698236e16c,,rose_extract,official_exact,high,KCIA 표준화명칭목록 2026-06-30 code=2642 sha256=4a523f990553
ing_pending_80902efc0db3,,cyanocobalamin,official_exact,high,KCIA 표준화명칭목록 2026-06-30 code=761 sha256=4a523f990553
ing_pending_80a485b0dacc,,salicylic_acid_bha,existing_identity,high,KCIA 표준화명칭목록 2026-06-30 code=812 sha256=4a523f990553
ing_pending_80ac44b6af90,,polymethylsilsesquioxane,official_exact,high,KCIA 표준화명칭목록 2026-06-30 code=3840 sha256=4a523f990553
ing_pending_80acb6afafae,,microcrystalline_wax,official_exact,high,KCIA 표준화명칭목록 2026-06-30 code=86 sha256=4a523f990553
ing_pending_80e080dcb8e9,,glyceryl_caprylate,official_exact,high,KCIA 표준화명칭목록 2026-06-30 code=1366 sha256=4a523f990553
ing_pending_80fb752fbe46,,acetamide_mea,official_exact,high,KCIA 표준화명칭목록 2026-06-30 code=1686 sha256=4a523f990553
ing_pending_8120072e6f70,,pinene,official_exact,high,KCIA 표준화명칭목록 2026-06-30 code=10535 sha256=4a523f990553
ing_pending_8125292eb159,,1_2_hexanediol,official_exact,high,KCIA 표준화명칭목록 2026-06-30 code=4877 sha256=4a523f990553
ing_pending_8193f7f69298,,fast_acid_magenta,official_exact,high,KCIA 표준화명칭목록 2026-06-30 code=2683 sha256=4a523f990553
ing_pending_8198365dc216,,peg_14,official_exact,high,KCIA 표준화명칭목록 2026-06-30 code=4084 sha256=4a523f990553
ing_pending_81ac66759a0d,,sodium_sulfite,official_exact,high,KCIA 표준화명칭목록 2026-06-30 code=1127 sha256=4a523f990553
ing_pending_81bc188c7a3a,,myrocarpus_fastigiatus_oil,official_exact,high,KCIA 표준화명칭목록 2026-06-30 code=7067 sha256=4a523f990553
ing_pending_81d04f58154c,,papain,official_exact,high,KCIA 표준화명칭목록 2026-06-30 code=3524 sha256=4a523f990553
ing_pending_820c652179d6,,capryloyl_glycerin_sebacic_acid_copolymer,official_exact,high,KCIA 표준화명칭목록 2026-06-30 code=8061 sha256=4a523f990553
ing_pending_82119c4dc8bb,,opuntia_ficus_indica_stem_extract,official_exact,high,KCIA 표준화명칭목록 2026-06-30 code=900 sha256=4a523f990553
ing_pending_823b5cf9ada2,,sodium_cocoyl_glycinate,official_exact,high,KCIA 표준화명칭목록 2026-06-30 code=1207 sha256=4a523f990553
ing_pending_8252e2f70642,,xylityl_sesquicaprylate,official_exact,high,KCIA 표준화명칭목록 2026-06-30 code=8512 sha256=4a523f990553
ing_pending_82847aa7540c,,steareth_21,official_exact,high,KCIA 표준화명칭목록 2026-06-30 code=1449 sha256=4a523f990553
ing_pending_829cf8050464,,citrus_aurantium_bergamia_bergamot_fruit_extract,official_exact,high,KCIA 표준화명칭목록 2026-06-30 code=460 sha256=4a523f990553
ing_pending_829f6dd7fc53,,furcellaria_lumbricalis_extract,official_exact,high,KCIA 표준화명칭목록 2026-06-30 code=17039 sha256=4a523f990553
ing_pending_82ac37c9e36c,,gelidium_cartilagineum_extract,official_exact,high,KCIA 표준화명칭목록 2026-06-30 code=2342 sha256=4a523f990553
ing_pending_82b246020eda,,tridecane,official_exact,high,KCIA 표준화명칭목록 2026-06-30 code=6628 sha256=4a523f990553
ing_pending_82c0fde73042,,peg_8_laurate,official_exact,high,KCIA 표준화명칭목록 2026-06-30 code=4203 sha256=4a523f990553
ing_pending_82e8067d63ce,,polyquaternium_16,official_exact,high,KCIA 표준화명칭목록 2026-06-30 code=3924 sha256=4a523f990553
ing_pending_831d2b87b936,,neopentyl_glycol_diethylhexanoate,official_exact,high,KCIA 표준화명칭목록 2026-06-30 code=2205 sha256=4a523f990553
ing_pending_832959c7607c,,corchorus_olitorius_leaf_extract,official_exact,high,KCIA 표준화명칭목록 2026-06-30 code=270 sha256=4a523f990553
ing_pending_83576d52915b,,sodium_benzoate,official_exact,high,KCIA 표준화명칭목록 2026-06-30 code=1116 sha256=4a523f990553
ing_pending_83622a4f2d8f,,denatonium_benzoate,official_exact,high,KCIA 표준화명칭목록 2026-06-30 code=3514 sha256=4a523f990553
ing_pending_8372b829b8ba,,ethylhexylglycerin,existing_identity,high,KCIA 표준화명칭목록 2026-06-30 code=2075 sha256=4a523f990553
ing_pending_837e8070ff73,,sodium_lauroyl_sarcosinate,official_exact,high,KCIA 표준화명칭목록 2026-06-30 code=1072 sha256=4a523f990553
ing_pending_83852fbad9c7,,polyvinyl_alcohol,official_exact,high,KCIA 표준화명칭목록 2026-06-30 code=3851 sha256=4a523f990553
ing_pending_83869f282816,,sesamum_indicum_sesame_seed_extract,official_exact,high,KCIA 표준화명칭목록 2026-06-30 code=6505 sha256=4a523f990553
ing_pending_838f3c820776,,polyglyceryl_3_diisostearate,official_exact,high,KCIA 표준화명칭목록 2026-06-30 code=3753 sha256=4a523f990553
ing_pending_83903a23e3df,,hydroxyethyl_acrylate_sodium_acryloyldimethyl_taurate_copolymer,official_exact,high,KCIA 표준화명칭목록 2026-06-30 code=4655 sha256=4a523f990553
ing_pending_83b12da7add0,,acrylates_copolymer,official_exact,high,KCIA 표준화명칭목록 2026-06-30 code=1787 sha256=4a523f990553
ing_pending_83b2a4f1d27d,,daucus_carota_sativa_carrot_root_extract,existing_identity,high,KCIA 표준화명칭목록 2026-06-30 code=3218 sha256=4a523f990553
ing_pending_83f7a43fe78c,,rosa_damascena_flower_extract,official_exact,high,KCIA 표준화명칭목록 2026-06-30 code=7027 sha256=4a523f990553
ing_pending_84158fc41a50,,terpineol,official_exact,high,KCIA 표준화명칭목록 2026-06-30 code=3255 sha256=4a523f990553
ing_pending_841c4e887073,,sodium_xylenesulfonate,official_exact,high,KCIA 표준화명칭목록 2026-06-30 code=1184 sha256=4a523f990553
ing_pending_844f3bcb649a,,citrus_aurantifolia_lime_fruit_extract,official_exact,high,KCIA 표준화명칭목록 2026-06-30 code=5416 sha256=4a523f990553
ing_pending_8453b0bdc3ad,,ethylene_propylene_styrene_copolymer,existing_identity,high,KCIA 표준화명칭목록 2026-06-30 code=2050 sha256=4a523f990553
ing_pending_8460d22ff2e6,,chamaecyparis_obtusa_oil,official_exact,high,KCIA 표준화명칭목록 2026-06-30 code=3640 sha256=4a523f990553
ing_pending_846ca17fd574,,peg_8,official_exact,high,KCIA 표준화명칭목록 2026-06-30 code=4079 sha256=4a523f990553
ing_pending_8473c0db22fe,,sodium_myristoyl_glutamate,official_exact,high,KCIA 표준화명칭목록 2026-06-30 code=1106 sha256=4a523f990553
ing_pending_847570a0c68d,,iron_oxide_black,official_exact,high,KCIA 표준화명칭목록 2026-06-30 code=5040 sha256=4a523f990553
ing_pending_849bca5c5619,,caffeine,existing_identity,high,KCIA 표준화명칭목록 2026-06-30 code=2912 sha256=4a523f990553
ing_pending_84a2f65b8d7c,,brassica_oleracea_italica_broccoli_extract,official_exact,high,KCIA 표준화명칭목록 2026-06-30 code=634 sha256=4a523f990553
ing_pending_84d941bfa52b,,dipentaerythrityl_hexahydroxystearate_hexastearate_hexarosinate,official_exact,high,KCIA 표준화명칭목록 2026-06-30 code=5252 sha256=4a523f990553
ing_pending_84e44fea2f27,,methyl_gluceth_20,official_exact,high,KCIA 표준화명칭목록 2026-06-30 code=168 sha256=4a523f990553
ing_pending_85043d523867,,undaria_pinnatifida_extract,official_exact,high,KCIA 표준화명칭목록 2026-06-30 code=2802 sha256=4a523f990553
ing_pending_8514eec839bd,,climbazole,official_exact,high,KCIA 표준화명칭목록 2026-06-30 code=3210 sha256=4a523f990553
ing_pending_8521c6512923,,peg_8_dimethicone,official_exact,high,KCIA 표준화명칭목록 2026-06-30 code=4161 sha256=4a523f990553
ing_pending_852644b79fb8,,lavandula_hybrida_oil,official_exact,high,KCIA 표준화명칭목록 2026-06-30 code=5308 sha256=4a523f990553
ing_pending_853f525fcd76,,melanin,official_exact,high,KCIA 표준화명칭목록 2026-06-30 code=249 sha256=4a523f990553
ing_pending_8541dd026fa7,,phaseolus_radiatus_seed_extract,official_exact,high,KCIA 표준화명칭목록 2026-06-30 code=2594 sha256=4a523f990553
ing_pending_854c37989c71,,calcium_chloride,official_exact,high,KCIA 표준화명칭목록 2026-06-30 code=2964 sha256=4a523f990553
ing_pending_85522818a4f1,,glycine_soja_soybean_protein,official_exact,high,KCIA 표준화명칭목록 2026-06-30 code=3121 sha256=4a523f990553
ing_pending_855451099dd3,,citrus_paradisi_grapefruit_peel_extract,official_exact,high,KCIA 표준화명칭목록 2026-06-30 code=13564 sha256=4a523f990553
ing_pending_8562015ee166,,lauryl_hydroxysultaine,official_exact,high,KCIA 표준화명칭목록 2026-06-30 code=5396 sha256=4a523f990553
ing_pending_856560334064,,ceteareth_33,official_exact,high,KCIA 표준화명칭목록 2026-06-30 code=963 sha256=4a523f990553
ing_pending_8580b9e28cac,,phenylbenzimidazole_sulfonic_acid,official_exact,high,KCIA 표준화명칭목록 2026-06-30 code=3583 sha256=4a523f990553
ing_pending_858d3bb9cd6a,,ocimum_basilicum_basil_oil,official_exact,high,KCIA 표준화명칭목록 2026-06-30 code=397 sha256=4a523f990553
ing_pending_858e00d378ba,,peg_12_dimethicone,official_exact,high,KCIA 표준화명칭목록 2026-06-30 code=4164 sha256=4a523f990553
ing_pending_85996253746c,,saccharide_hydrolysate,official_exact,high,KCIA 표준화명칭목록 2026-06-30 code=775 sha256=4a523f990553
ing_pending_85be2e6f2a1e,,trifolium_pratense_clover_flower_extract,official_exact,high,KCIA 표준화명칭목록 2026-06-30 code=618 sha256=4a523f990553
ing_pending_85c0fa9c0d1c,,hydroxypropylgluconamide,official_exact,high,KCIA 표준화명칭목록 2026-06-30 code=18452 sha256=4a523f990553
ing_pending_85e6cdcac20e,,ceteth_20,official_exact,high,KCIA 표준화명칭목록 2026-06-30 code=938 sha256=4a523f990553
ing_pending_85f625304103,,camellia_sinensis_seed_extract,official_exact,high,KCIA 표준화명칭목록 2026-06-30 code=2747 sha256=4a523f990553
ing_pending_862682fd20eb,,calendula_officinalis_flower_extract,existing_identity,high,KCIA 표준화명칭목록 2026-06-30 code=2870 sha256=4a523f990553
ing_pending_86294fcc6713,,hydroxypropyltrimonium_hydrolyzed_corn_starch,official_exact,high,KCIA 표준화명칭목록 2026-06-30 code=4701 sha256=4a523f990553
ing_pending_863043588b48,,hydrated_silica,official_exact,high,KCIA 표준화명칭목록 2026-06-30 code=4536 sha256=4a523f990553
ing_pending_8648c810a482,,peg_32,official_exact,high,KCIA 표준화명칭목록 2026-06-30 code=4086 sha256=4a523f990553
ing_pending_864f599f9855,,triisopropanolamine,official_exact,high,KCIA 표준화명칭목록 2026-06-30 code=3402 sha256=4a523f990553
ing_pending_867c2524d556,,benzyl_benzoate,official_exact,high,KCIA 표준화명칭목록 2026-06-30 code=522 sha256=4a523f990553
ing_pending_86899b932ec1,,quaternium_91,official_exact,high,KCIA 표준화명칭목록 2026-06-30 code=3157 sha256=4a523f990553
ing_pending_868b70f9aa66,,cinnamidopropyltrimonium_chloride,official_exact,high,KCIA 표준화명칭목록 2026-06-30 code=1538 sha256=4a523f990553
ing_pending_869f17a0b3da,,sodium_cocoyl_glycinate,official_exact,high,KCIA 표준화명칭목록 2026-06-30 code=1207 sha256=4a523f990553
ing_pending_86a30237d09c,,ophiopogon_japonicus_root_extract,official_exact,high,KCIA 표준화명칭목록 2026-06-30 code=154 sha256=4a523f990553
ing_pending_86a4fce2d603,,disodium_cocoamphodiacetate,official_exact,high,KCIA 표준화명칭목록 2026-06-30 code=5124 sha256=4a523f990553
ing_pending_86d060915c4d,,hibiscus_rosa_sinensis_flower_extract,official_exact,high,KCIA 표준화명칭목록 2026-06-30 code=8702 sha256=4a523f990553
ing_pending_86d601a01381,,saccharomyces_barley_seed_ferment_filtrate,official_exact,high,KCIA 표준화명칭목록 2026-06-30 code=5009 sha256=4a523f990553
ing_pending_86e04bd0b859,,lauryl_peg_9_polydimethylsiloxyethyl_dimethicone,existing_identity,high,KCIA 표준화명칭목록 2026-06-30 code=5394 sha256=4a523f990553
ing_pending_86f7d1d50409,,sodium_phytate,official_exact,high,KCIA 표준화명칭목록 2026-06-30 code=1234 sha256=4a523f990553
ing_pending_87173dea619d,,sorbitan_isostearate,official_exact,high,KCIA 표준화명칭목록 2026-06-30 code=1292 sha256=4a523f990553
ing_pending_8730199de10f,,hydrolyzed_corn_protein,official_exact,high,KCIA 표준화명칭목록 2026-06-30 code=4780 sha256=4a523f990553
ing_pending_87313f31b37a,,jasminum_officinale_jasmine_extract,official_exact,high,KCIA 표준화명칭목록 2026-06-30 code=2651 sha256=4a523f990553
ing_pending_87395148862a,,capryloyl_glycine,official_exact,high,KCIA 표준화명칭목록 2026-06-30 code=2914 sha256=4a523f990553
ing_pending_873c3f2d5642,,acetyl_cysteine,official_exact,high,KCIA 표준화명칭목록 2026-06-30 code=1703 sha256=4a523f990553
ing_pending_873e728b86c2,,benzyl_salicylate,official_exact,high,KCIA 표준화명칭목록 2026-06-30 code=523 sha256=4a523f990553
ing_pending_87478d382fd9,,sodium_benzoate,official_exact,high,KCIA 표준화명칭목록 2026-06-30 code=1116 sha256=4a523f990553
ing_pending_87502542aa96,,octyldodecyl_citrate_crosspolymer,official_exact,high,KCIA 표준화명칭목록 2026-06-30 code=7507 sha256=4a523f990553
ing_pending_8752c458c734,,moringa_oleifera_seed_extract,official_exact,high,KCIA 표준화명칭목록 2026-06-30 code=8041 sha256=4a523f990553
ing_pending_8788d6bb3d9b,,oryza_sativa_rice_extract,official_exact,high,KCIA 표준화명칭목록 2026-06-30 code=8831 sha256=4a523f990553
ing_pending_878a30182fff,,peg_10_dimethicone,existing_identity,high,KCIA 표준화명칭목록 2026-06-30 code=4163 sha256=4a523f990553
ing_pending_878ad542d1e5,,dipeptide_diaminobutyroyl_benzylamide_diacetate,official_exact,high,KCIA 표준화명칭목록 2026-06-30 code=5255 sha256=4a523f990553
ing_pending_87914c4aca1c,,stearoyl_glutamic_acid,official_exact,high,KCIA 표준화명칭목록 2026-06-30 code=1458 sha256=4a523f990553
ing_pending_87b063012451,,sodium_carbomer,official_exact,high,KCIA 표준화명칭목록 2026-06-30 code=1188 sha256=4a523f990553
ing_pending_87b16c055b06,,caprylic_acid,official_exact,high,KCIA 표준화명칭목록 2026-06-30 code=2916 sha256=4a523f990553
ing_pending_87b81e6bcc99,,royal_jelly_extract,official_exact,high,KCIA 표준화명칭목록 2026-06-30 code=5506 sha256=4a523f990553
ing_pending_87d86d752498,,salicornia_herbacea_extract,official_exact,high,KCIA 표준화명칭목록 2026-06-30 code=3307 sha256=4a523f990553
ing_pending_87ddc430550e,,propylene_carbonate,official_exact,high,KCIA 표준화명칭목록 2026-06-30 code=4015 sha256=4a523f990553
ing_pending_8803e625f608,,vitis_vinifera_grape_juice,official_exact,high,KCIA 표준화명칭목록 2026-06-30 code=5560 sha256=4a523f990553
ing_pending_882a9b79a361,,polyglyceryl_3_cocoate,official_exact,high,KCIA 표준화명칭목록 2026-06-30 code=9930 sha256=4a523f990553
ing_pending_884f0e3454a0,,resorcinol,official_exact,high,KCIA 표준화명칭목록 2026-06-30 code=5487 sha256=4a523f990553
ing_pending_88596377566b,,tetramethyl_acetyloctahydronaphthalenes,existing_identity,high,KCIA 표준화명칭목록 2026-06-30 code=8033 sha256=4a523f990553
ing_pending_8859c7db5d4a,,bambusa_arundinacea_stem_powder,official_exact,high,KCIA 표준화명칭목록 2026-06-30 code=4357 sha256=4a523f990553
ing_pending_886ee9e61d92,,carvone,official_exact,high,KCIA 표준화명칭목록 2026-06-30 code=2876 sha256=4a523f990553
ing_pending_8873f0cc2220,,juniperus_mexicana_oil,official_exact,high,KCIA 표준화명칭목록 2026-06-30 code=239 sha256=4a523f990553
ing_pending_8876e22851c6,,sh_polypeptide_9,official_exact,high,KCIA 표준화명칭목록 2026-06-30 code=7694 sha256=4a523f990553
ing_pending_8892c8c9c194,,orbignya_oleifera_seed_oil,official_exact,high,KCIA 표준화명칭목록 2026-06-30 code=387 sha256=4a523f990553
ing_pending_88a974dae022,,caesalpinia_spinosa_gum,official_exact,high,KCIA 표준화명칭목록 2026-06-30 code=5577 sha256=4a523f990553
ing_pending_88ba93061f34,,oryza_sativa_rice_powder,official_exact,high,KCIA 표준화명칭목록 2026-06-30 code=1570 sha256=4a523f990553
ing_pending_88c3aa63dedf,,lysine,official_exact,high,KCIA 표준화명칭목록 2026-06-30 code=5401 sha256=4a523f990553
ing_pending_88c95791aedc,,brassica_oleracea_acephala_leaf_extract,official_exact,high,KCIA 표준화명칭목록 2026-06-30 code=5649 sha256=4a523f990553
ing_pending_88d2bf71fe74,,passiflora_edulis_seed_oil,official_exact,high,KCIA 표준화명칭목록 2026-06-30 code=5403 sha256=4a523f990553
ing_pending_88d9a9a7113f,,pisum_sativum_pea_extract,official_exact,high,KCIA 표준화명칭목록 2026-06-30 code=2315 sha256=4a523f990553
ing_pending_8912a27a7eab,,moringa_oleifera_seed_extract,official_exact,high,KCIA 표준화명칭목록 2026-06-30 code=8041 sha256=4a523f990553
ing_pending_891395c9dbe2,,farnesol,existing_identity,high,KCIA 표준화명칭목록 2026-06-30 code=3473 sha256=4a523f990553
ing_pending_891b47267788,,citronellyl_methylcrotonate,official_exact,high,KCIA 표준화명칭목록 2026-06-30 code=1525 sha256=4a523f990553
ing_pending_893778e93cfb,,manganese_violet,official_exact,high,KCIA 표준화명칭목록 2026-06-30 code=133 sha256=4a523f990553
ing_pending_8937b7de1a17,,octocrylene,official_exact,high,KCIA 표준화명칭목록 2026-06-30 code=2214 sha256=4a523f990553
ing_pending_8945b9168a8c,,acrylates_dimethicone_copolymer,official_exact,high,KCIA 표준화명칭목록 2026-06-30 code=1756 sha256=4a523f990553
ing_pending_894e8d9151ca,,silicone_quaternium_8,official_exact,high,KCIA 표준화명칭목록 2026-06-30 code=1553 sha256=4a523f990553
ing_pending_897806970037,,canola_oil,official_exact,high,KCIA 표준화명칭목록 2026-06-30 code=2976 sha256=4a523f990553
ing_pending_89a6f2dfcc11,,avena_sativa_oat_kernel_oil,official_exact,high,KCIA 표준화명칭목록 2026-06-30 code=395 sha256=4a523f990553
ing_pending_89c0e1dc9f32,,elaeis_guineensis_palm_oil,official_exact,high,KCIA 표준화명칭목록 2026-06-30 code=1679 sha256=4a523f990553
ing_pending_89db7240090d,,ethylhexylglycerin,official_exact,high,KCIA 표준화명칭목록 2026-06-30 code=2075 sha256=4a523f990553
ing_pending_89f81ffa6eae,,sodium_cocoyl_alaninate,official_exact,high,KCIA 표준화명칭목록 2026-06-30 code=1210 sha256=4a523f990553
ing_pending_8a06b78143a0,,hydroxypropyltrimonium_hydrolyzed_wheat_protein,official_exact,high,KCIA 표준화명칭목록 2026-06-30 code=4696 sha256=4a523f990553
ing_pending_8a1ea83734f3,,methyldihydrojasmonate,official_exact,high,KCIA 표준화명칭목록 2026-06-30 code=177 sha256=4a523f990553
ing_pending_8a2100ab827c,,abies_sibirica_oil,official_exact,high,KCIA 표준화명칭목록 2026-06-30 code=5844 sha256=4a523f990553
ing_pending_8a2b3b29e080,,oleic_linoleic_linolenic_polyglycerides,official_exact,high,KCIA 표준화명칭목록 2026-06-30 code=2282 sha256=4a523f990553
ing_pending_8a34bd4dade2,,sodium_polyaspartate,official_exact,high,KCIA 표준화명칭목록 2026-06-30 code=1252 sha256=4a523f990553
ing_pending_8a38c9444dbb,,taurine,official_exact,high,KCIA 표준화명칭목록 2026-06-30 code=3230 sha256=4a523f990553
ing_pending_8a4038c19d49,,saccharomyces_cerevisiae_extract,official_exact,high,KCIA 표준화명칭목록 2026-06-30 code=744 sha256=4a523f990553
ing_pending_8a4387e82af8,,charcoal_powder,official_exact,high,KCIA 표준화명칭목록 2026-06-30 code=1354 sha256=4a523f990553
ing_pending_8a6b1754ce43,,hydroxypalmitoyl_sphinganine,official_exact,high,KCIA 표준화명칭목록 2026-06-30 code=4668 sha256=4a523f990553
ing_pending_8a747943491d,,ethylhexyl_olivate,official_exact,high,KCIA 표준화명칭목록 2026-06-30 code=6984 sha256=4a523f990553
ing_pending_8a94ca471e15,,rosa_canina_fruit_extract,official_exact,high,KCIA 표준화명칭목록 2026-06-30 code=5522 sha256=4a523f990553
ing_pending_8a9d0bf5abb4,,styrax_benzoin_resin_extract,official_exact,high,KCIA 표준화명칭목록 2026-06-30 code=508 sha256=4a523f990553
ing_pending_8ac97c165ac7,,sucrose_stearate,official_exact,high,KCIA 표준화명칭목록 2026-06-30 code=1373 sha256=4a523f990553
ing_pending_8b14e5f5928f,,carica_papaya_papaya_fruit_extract,official_exact,high,KCIA 표준화명칭목록 2026-06-30 code=3522 sha256=4a523f990553
ing_pending_8b178e1fa26c,,palmitoyl_hexapeptide_12,official_exact,high,KCIA 표준화명칭목록 2026-06-30 code=6477 sha256=4a523f990553
ing_pending_8b1b1a8c5bc4,,sorbitan_sesquiisostearate,existing_identity,high,KCIA 표준화명칭목록 2026-06-30 code=1287 sha256=4a523f990553
ing_pending_8b253127a549,,chondrus_crispus_extract,official_exact,high,KCIA 표준화명칭목록 2026-06-30 code=2863 sha256=4a523f990553
ing_pending_8b35927fa895,,hydrolyzed_keratin,official_exact,high,KCIA 표준화명칭목록 2026-06-30 code=4792 sha256=4a523f990553
ing_pending_8b65ce5eb685,,pseudoalteromonas_ferment_extract,official_exact,high,KCIA 표준화명칭목록 2026-06-30 code=1364 sha256=4a523f990553
ing_pending_8b76bb82a98f,,hydrogenated_poly_c6_14_olefin,official_exact,high,KCIA 표준화명칭목록 2026-06-30 code=4573 sha256=4a523f990553
ing_pending_8ba9cbee1538,,eriobotrya_japonica_leaf_extract,official_exact,high,KCIA 표준화명칭목록 2026-06-30 code=731 sha256=4a523f990553
ing_pending_8bab75ec543d,,hexyl_cinnamal,official_exact,high,KCIA 표준화명칭목록 2026-06-30 code=4893 sha256=4a523f990553
ing_pending_8bb02c5c454e,,morus_alba_bark_extract,official_exact,high,KCIA 표준화명칭목록 2026-06-30 code=821 sha256=4a523f990553
ing_pending_8bb1228f7a7f,,salvia_hispanica_seed_oil,official_exact,high,KCIA 표준화명칭목록 2026-06-30 code=2843 sha256=4a523f990553
ing_pending_8bb5c3119d05,,carnosine,official_exact,high,KCIA 표준화명칭목록 2026-06-30 code=2871 sha256=4a523f990553
ing_pending_8bf15d817df2,,guar_hydroxypropyltrimonium_chloride,existing_identity,high,KCIA 표준화명칭목록 2026-06-30 code=111 sha256=4a523f990553
ing_pending_8bf9217815f2,,sodium_laureth_12_sulfate,official_exact,high,KCIA 표준화명칭목록 2026-06-30 code=1054 sha256=4a523f990553
ing_pending_8c152463a313,,disiloxane,official_exact,high,KCIA 표준화명칭목록 2026-06-30 code=5146 sha256=4a523f990553
ing_pending_8c1f58e825c2,,papaver_rhoeas_petal_extract,official_exact,high,KCIA 표준화명칭목록 2026-06-30 code=3920 sha256=4a523f990553
ing_pending_8c2d0ed1a5d8,,achillea_millefolium_extract,official_exact,high,KCIA 표준화명칭목록 2026-06-30 code=877 sha256=4a523f990553
ing_pending_8c40cd116bd8,,hydrolyzed_lupine_protein,official_exact,high,KCIA 표준화명칭목록 2026-06-30 code=4735 sha256=4a523f990553
ing_pending_8c41c8715928,,prunus_speciosa_flower_extract,official_exact,high,KCIA 표준화명칭목록 2026-06-30 code=16795 sha256=4a523f990553
ing_pending_8c44f0441361,,glyceryl_isostearate,official_exact,high,KCIA 표준화명칭목록 2026-06-30 code=1322 sha256=4a523f990553
ing_pending_8c679d94107f,,sodium_sulfite,official_exact,high,KCIA 표준화명칭목록 2026-06-30 code=1127 sha256=4a523f990553
ing_pending_8c7b1ac88186,,pyrus_communis_pear_fruit_extract,official_exact,high,KCIA 표준화명칭목록 2026-06-30 code=848 sha256=4a523f990553
ing_pending_8c9472a768ab,,bentonite,official_exact,high,KCIA 표준화명칭목록 2026-06-30 code=528 sha256=4a523f990553
ing_pending_8ccd215dbc20,,propylene_glycol_caprylate,official_exact,high,KCIA 표준화명칭목록 2026-06-30 code=4013 sha256=4a523f990553
ing_pending_8ce33821c3d9,,cananga_odorata_flower_oil,official_exact,high,KCIA 표준화명칭목록 2026-06-30 code=2584 sha256=4a523f990553
ing_pending_8d0009f493bd,,morus_alba_root_extract,official_exact,high,KCIA 표준화명칭목록 2026-06-30 code=745 sha256=4a523f990553
ing_pending_8d1c2916f667,,sodium_hyaluronate_dimethylsilanol,official_exact,high,KCIA 표준화명칭목록 2026-06-30 code=1266 sha256=4a523f990553
ing_pending_8d1dde76f2e2,,rosa_damascena_flower_oil,existing_identity,high,KCIA 표준화명칭목록 2026-06-30 code=2921 sha256=4a523f990553
ing_pending_8d317903e35b,,peg_33,official_exact,high,KCIA 표준화명칭목록 2026-06-30 code=4087 sha256=4a523f990553
ing_pending_8d5d131f3841,,polyglyceryl_10_oleate,official_exact,high,KCIA 표준화명칭목록 2026-06-30 code=3791 sha256=4a523f990553
ing_pending_8d636974cb45,,menthoxypropanediol,official_exact,high,KCIA 표준화명칭목록 2026-06-30 code=242 sha256=4a523f990553
ing_pending_8d6376cc67aa,,alpha_glucan,official_exact,high,KCIA 표준화명칭목록 2026-06-30 code=7566 sha256=4a523f990553
ing_pending_8d6b273809b7,,ethylhexyl_stearate,official_exact,high,KCIA 표준화명칭목록 2026-06-30 code=2080 sha256=4a523f990553
ing_pending_8d9a2e6f4f48,,magnesium_sulfate,official_exact,high,KCIA 표준화명칭목록 2026-06-30 code=46 sha256=4a523f990553
ing_pending_8da01da49115,,sh_oligopeptide_9,official_exact,high,KCIA 표준화명칭목록 2026-06-30 code=6749 sha256=4a523f990553
ing_pending_8db6a0cdd6ca,,erythritol,official_exact,high,KCIA 표준화명칭목록 2026-06-30 code=2016 sha256=4a523f990553
ing_pending_8dcb22d8f20b,,streptococcus_thermophilus_ferment,official_exact,high,KCIA 표준화명칭목록 2026-06-30 code=1486 sha256=4a523f990553
ing_pending_8dcb2c0781b6,,rice_oil_glycereth_8_esters,official_exact,high,KCIA 표준화명칭목록 2026-06-30 code=9091 sha256=4a523f990553
ing_pending_8e0230078276,,triethylhexanoin,official_exact,high,KCIA 표준화명칭목록 2026-06-30 code=3383 sha256=4a523f990553
ing_pending_8e136afa15f5,,peg_ppg_18_18_dimethicone,official_exact,high,KCIA 표준화명칭목록 2026-06-30 code=4372 sha256=4a523f990553
ing_pending_8e38712f6979,,brassica_oleracea_acephala_leaf_extract,official_exact,high,KCIA 표준화명칭목록 2026-06-30 code=5649 sha256=4a523f990553
ing_pending_8e5e6501448c,,stearic_acid,official_exact,high,KCIA 표준화명칭목록 2026-06-30 code=1465 sha256=4a523f990553
ing_pending_8e6d958d450d,,ammonium_polyacryloyldimethyl_taurate,existing_identity,high,KCIA 표준화명칭목록 2026-06-30 code=1961 sha256=4a523f990553
ing_pending_8e8ce96a0547,,hydroxypropyl_starch_phosphate,existing_identity,high,KCIA 표준화명칭목록 2026-06-30 code=4688 sha256=4a523f990553
ing_pending_8e8f19c7fd08,,aluminum_magnesium_hydroxide_stearate,official_exact,high,KCIA 표준화명칭목록 2026-06-30 code=1851 sha256=4a523f990553
ing_pending_8ec0b47197c9,,polyethylene,official_exact,high,KCIA 표준화명칭목록 2026-06-30 code=3893 sha256=4a523f990553
ing_pending_8ec671694027,,lecithin,official_exact,high,KCIA 표준화명칭목록 2026-06-30 code=5485 sha256=4a523f990553
ing_pending_8ef4b2dafe4d,,isopentyldiol,official_exact,high,KCIA 표준화명칭목록 2026-06-30 code=2525 sha256=4a523f990553
ing_pending_8f0f60d1f79d,,bakuchiol,official_exact,high,KCIA 표준화명칭목록 2026-06-30 code=7837 sha256=4a523f990553
ing_pending_8f4063b410fc,,disteardimonium_hectorite,official_exact,high,KCIA 표준화명칭목록 2026-06-30 code=5139 sha256=4a523f990553
ing_pending_8f415c36392e,,collagen_water,official_exact,high,KCIA 표준화명칭목록 2026-06-30 code=21963 sha256=4a523f990553
ing_pending_8f46cd453367,,polyglyceryl_4_oleate,official_exact,high,KCIA 표준화명칭목록 2026-06-30 code=3788 sha256=4a523f990553
ing_pending_8f6955990d02,,biosaccharide_gum_4,official_exact,high,KCIA 표준화명칭목록 2026-06-30 code=404 sha256=4a523f990553
ing_pending_8f72f651dcb9,,phellinus_linteus_extract,official_exact,high,KCIA 표준화명칭목록 2026-06-30 code=827 sha256=4a523f990553
ing_pending_8f7fe34f734e,,hydrolyzed_yeast_extract,official_exact,high,KCIA 표준화명칭목록 2026-06-30 code=4820 sha256=4a523f990553
ing_pending_8f8a4ca7521f,,tromethamine,official_exact,high,KCIA 표준화명칭목록 2026-06-30 code=3317 sha256=4a523f990553
ing_pending_8fc8707e2bb5,,sodium_citrate,official_exact,high,KCIA 표준화명칭목록 2026-06-30 code=1145 sha256=4a523f990553
ing_pending_8fd8c4b5d385,,bacillus_folic_acid_ferment_filtrate_extract,official_exact,high,KCIA 표준화명칭목록 2026-06-30 code=21880 sha256=4a523f990553
ing_pending_8fdd7adbf592,,amp_isostearoyl_hydrolyzed_wheat_protein,official_exact,high,KCIA 표준화명칭목록 2026-06-30 code=2032 sha256=4a523f990553
ing_pending_9009aaf4c1ab,,sodium_methyl_cocoyl_taurate,official_exact,high,KCIA 표준화명칭목록 2026-06-30 code=1096 sha256=4a523f990553
ing_pending_900eedf650aa,,octyldodecyl_neopentanoate,official_exact,high,KCIA 표준화명칭목록 2026-06-30 code=2230 sha256=4a523f990553
ing_pending_901737b3bab3,,hippophae_rhamnoides_fruit_extract,official_exact,high,KCIA 표준화명칭목록 2026-06-30 code=800 sha256=4a523f990553
ing_pending_902024c61eb4,,propyl_gallate,official_exact,high,KCIA 표준화명칭목록 2026-06-30 code=3991 sha256=4a523f990553
ing_pending_9023222cf51a,,phenylbenzimidazole_sulfonic_acid,official_exact,high,KCIA 표준화명칭목록 2026-06-30 code=3583 sha256=4a523f990553
ing_pending_90421337f9cb,,escin,official_exact,high,KCIA 표준화명칭목록 2026-06-30 code=2022 sha256=4a523f990553
ing_pending_9043c6692855,,hydroxyethylcellulose,official_exact,high,KCIA 표준화명칭목록 2026-06-30 code=4653 sha256=4a523f990553
ing_pending_907cccb0a28e,,undecylenoyl_glycine,official_exact,high,KCIA 표준화명칭목록 2026-06-30 code=2352 sha256=4a523f990553
ing_pending_9086e1a04ee8,,hydrogenated_olive_oil_unsaponifiables,existing_identity,high,KCIA 표준화명칭목록 2026-06-30 code=4580 sha256=4a523f990553
ing_pending_90894e4aa133,,microcrystalline_cellulose,official_exact,high,KCIA 표준화명칭목록 2026-06-30 code=85 sha256=4a523f990553
ing_pending_90cfd8c38bb4,,anemarrhena_asphodeloides_root_extract,official_exact,high,KCIA 표준화명칭목록 2026-06-30 code=2751 sha256=4a523f990553
ing_pending_90d4a70a4b7a,,c20_22_alcohols,official_exact,high,KCIA 표준화명칭목록 2026-06-30 code=1899 sha256=4a523f990553
ing_pending_90dbae0b3f90,,hydrolyzed_proanthocyanidin,official_exact,high,KCIA 표준화명칭목록 2026-06-30 code=17435 sha256=4a523f990553
ing_pending_90dd85dbc46d,,ethyl_acetate,official_exact,high,KCIA 표준화명칭목록 2026-06-30 code=2060 sha256=4a523f990553
ing_pending_90e0afa757b9,,nymphaea_odorata_root_extract,official_exact,high,KCIA 표준화명칭목록 2026-06-30 code=4855 sha256=4a523f990553
ing_pending_910b49ce103e,,diazolidinyl_urea,official_exact,high,KCIA 표준화명칭목록 2026-06-30 code=5153 sha256=4a523f990553
ing_pending_911cd7b1f00c,,jasminum_sambac_jasmine_flower_extract,official_exact,high,KCIA 표준화명칭목록 2026-06-30 code=120 sha256=4a523f990553
ing_pending_911fa512be10,,cocamidopropyl_betaine,official_exact,high,KCIA 표준화명칭목록 2026-06-30 code=3035 sha256=4a523f990553
ing_pending_9120c9fda74c,,sedum_sarmentosum_extract,official_exact,high,KCIA 표준화명칭목록 2026-06-30 code=7275 sha256=4a523f990553
ing_pending_91239bd38ffd,,acrylamide_sodium_acryloyldimethyltaurate_copolymer,official_exact,high,KCIA 표준화명칭목록 2026-06-30 code=1798 sha256=4a523f990553
ing_pending_9123df87f16d,,calcium_pca,official_exact,high,KCIA 표준화명칭목록 2026-06-30 code=2971 sha256=4a523f990553
ing_pending_9129859b9ac1,,sodium_stearoyl_glutamate,official_exact,high,KCIA 표준화명칭목록 2026-06-30 code=1139 sha256=4a523f990553
ing_pending_914b8519c574,,zymomonas_ferment_extract,official_exact,high,KCIA 표준화명칭목록 2026-06-30 code=16530 sha256=4a523f990553
ing_pending_916bb26814c1,,ocimum_basilicum_basil_flower_leaf_extract,official_exact,high,KCIA 표준화명칭목록 2026-06-30 code=392 sha256=4a523f990553
ing_pending_917e6df0ae20,,laureth_2,official_exact,high,KCIA 표준화명칭목록 2026-06-30 code=5330 sha256=4a523f990553
ing_pending_91982de0c3fe,,stearyl_heptanoate,official_exact,high,KCIA 표준화명칭목록 2026-06-30 code=1478 sha256=4a523f990553
ing_pending_91a12d45d067,,sodium_stearoyl_glutamate,official_exact,high,KCIA 표준화명칭목록 2026-06-30 code=1139 sha256=4a523f990553
ing_pending_91a214fb54fa,,hydroxypropyltrimonium_hyaluronate,official_exact,high,KCIA 표준화명칭목록 2026-06-30 code=4707 sha256=4a523f990553
ing_pending_91aa831b6164,,tocopheryl_succinate,official_exact,high,KCIA 표준화명칭목록 2026-06-30 code=5806 sha256=4a523f990553
ing_pending_91b1a5acd0d1,,glucosyl_hesperidin,official_exact,high,KCIA 표준화명칭목록 2026-06-30 code=828 sha256=4a523f990553
ing_pending_91cd2ba5d339,,foeniculum_vulgare_fennel_seed_extract,official_exact,high,KCIA 표준화명칭목록 2026-06-30 code=4993 sha256=4a523f990553
ing_pending_91e59b42e694,,pogostemon_cablin_oil,official_exact,high,KCIA 표준화명칭목록 2026-06-30 code=5470 sha256=4a523f990553
ing_pending_91e6fce00231,,mangifera_indica_mango_fruit_extract,official_exact,high,KCIA 표준화명칭목록 2026-06-30 code=143 sha256=4a523f990553
ing_pending_91ef39b3731f,,poly_c10_30_alkyl_acrylate,official_exact,high,KCIA 표준화명칭목록 2026-06-30 code=3886 sha256=4a523f990553
ing_pending_91f70ef9c726,,cetylhydroxyproline_palmitamide,official_exact,high,KCIA 표준화명칭목록 2026-06-30 code=7835 sha256=4a523f990553
ing_pending_91ff7989ba5c,,glyceryl_polymethacrylate,official_exact,high,KCIA 표준화명칭목록 2026-06-30 code=1473 sha256=4a523f990553
ing_pending_92261b9e6e54,,succinoglycan,official_exact,high,KCIA 표준화명칭목록 2026-06-30 code=5552 sha256=4a523f990553
ing_pending_9227e1eb007e,,bellis_perennis_daisy_flower_extract,official_exact,high,KCIA 표준화명칭목록 2026-06-30 code=3655 sha256=4a523f990553
ing_pending_92288ad541ff,,lactobacillus_portulaca_oleracea_ferment_extract,official_exact,high,KCIA 표준화명칭목록 2026-06-30 code=5640 sha256=4a523f990553
ing_pending_9245dcfe2123,,vaccinium_macrocarpon_cranberry_fruit_extract,official_exact,high,KCIA 표준화명칭목록 2026-06-30 code=3504 sha256=4a523f990553
ing_pending_92531f91a23b,,apigenin,official_exact,high,KCIA 표준화명칭목록 2026-06-30 code=1813 sha256=4a523f990553
ing_pending_925d3c6f6335,,cimicifuga_racemosa_root_extract,official_exact,high,KCIA 표준화명칭목록 2026-06-30 code=8395 sha256=4a523f990553
ing_pending_926e37aa30d7,,peg_7_trimethylolpropane_coconut_ether,official_exact,high,KCIA 표준화명칭목록 2026-06-30 code=5998 sha256=4a523f990553
ing_pending_9271cf23cbce,,thiamine_hcl,official_exact,high,KCIA 표준화명칭목록 2026-06-30 code=3436 sha256=4a523f990553
ing_pending_9287d8db651b,,ferula_galbaniflua_galbanum_resin_oil,official_exact,high,KCIA 표준화명칭목록 2026-06-30 code=5826 sha256=4a523f990553
ing_pending_9297d1ef9a34,,polyquaternium_67,official_exact,high,KCIA 표준화명칭목록 2026-06-30 code=6896 sha256=4a523f990553
ing_pending_92a9753906f9,,artemia_extract,official_exact,high,KCIA 표준화명칭목록 2026-06-30 code=1644 sha256=4a523f990553
ing_pending_92bcc0d9f284,,ethyl_hexanediol,official_exact,high,KCIA 표준화명칭목록 2026-06-30 code=2074 sha256=4a523f990553
ing_pending_92de6ec7e1ad,,silica_dimethyl_silylate,existing_identity,high,KCIA 표준화명칭목록 2026-06-30 code=1549 sha256=4a523f990553
ing_pending_930327db366b,,lauryl_polyglyceryl_3_polydimethylsiloxyethyl_dimethicone,official_exact,high,KCIA 표준화명칭목록 2026-06-30 code=5390 sha256=4a523f990553
ing_pending_932e3c859ae2,,ethyl_lauroyl_arginate_hcl,official_exact,high,KCIA 표준화명칭목록 2026-06-30 code=9279 sha256=4a523f990553
ing_pending_9331cfbb84c5,,cetyl_peg_ppg_10_1_dimethicone,official_exact,high,KCIA 표준화명칭목록 2026-06-30 code=1008 sha256=4a523f990553
ing_pending_93584018e704,,avena_sativa_oat_kernel_oil,official_exact,high,KCIA 표준화명칭목록 2026-06-30 code=395 sha256=4a523f990553
ing_pending_93605727b388,,calcium_pantothenate,official_exact,high,KCIA 표준화명칭목록 2026-06-30 code=2967 sha256=4a523f990553
ing_pending_93677103aefd,,iron_oxide_red,official_exact,high,KCIA 표준화명칭목록 2026-06-30 code=2694 sha256=4a523f990553
ing_pending_938baee7853e,,aloe_barbadensis_leaf_juice_powder,official_exact,high,KCIA 표준화명칭목록 2026-06-30 code=1838 sha256=4a523f990553
ing_pending_93a1acf37ff7,,olive_glycerides,official_exact,high,KCIA 표준화명칭목록 2026-06-30 code=6925 sha256=4a523f990553
ing_pending_93a50f530757,,cedrus_atlantica_bark_oil,official_exact,high,KCIA 표준화명칭목록 2026-06-30 code=1804 sha256=4a523f990553
ing_pending_93df86293056,,ginkgo_biloba_leaf_extract,official_exact,high,KCIA 표준화명칭목록 2026-06-30 code=2422 sha256=4a523f990553
ing_pending_93e419c401d3,,hibiscus_sabdariffa_flower_extract,existing_identity,high,KCIA 표준화명칭목록 2026-06-30 code=5057 sha256=4a523f990553
ing_pending_94414966e669,,triticum_vulgare_wheat_sprout_extract,official_exact,high,KCIA 표준화명칭목록 2026-06-30 code=368 sha256=4a523f990553
ing_pending_944e2f04b22a,,hydrolyzed_quinoa,official_exact,high,KCIA 표준화명칭목록 2026-06-30 code=5881 sha256=4a523f990553
ing_pending_9468053f5262,,lecithin,official_exact,high,KCIA 표준화명칭목록 2026-06-30 code=5485 sha256=4a523f990553
ing_pending_946f95ea684a,,hydrolyzed_yeast_protein,official_exact,high,KCIA 표준화명칭목록 2026-06-30 code=4818 sha256=4a523f990553
ing_pending_9473e5a30ac7,,tremella_fuciformis_mushroom_extract,official_exact,high,KCIA 표준화명칭목록 2026-06-30 code=5047 sha256=4a523f990553
ing_pending_948148157055,,isopropyl_palmitate,official_exact,high,KCIA 표준화명칭목록 2026-06-30 code=2544 sha256=4a523f990553
ing_pending_949109875d96,,sodium_carbonate,official_exact,high,KCIA 표준화명칭목록 2026-06-30 code=1187 sha256=4a523f990553
ing_pending_94b6f855ea87,,butyloctyl_salicylate,official_exact,high,KCIA 표준화명칭목록 2026-06-30 code=606 sha256=4a523f990553
ing_pending_94f4c7dbc066,,arginine_pca,official_exact,high,KCIA 표준화명칭목록 2026-06-30 code=1889 sha256=4a523f990553
ing_pending_94fb24a93903,,hydroxypropylammonium_gluconate,official_exact,high,KCIA 표준화명칭목록 2026-06-30 code=18554 sha256=4a523f990553
ing_pending_950b94ea15fb,,peg_100_stearate,official_exact,high,KCIA 표준화명칭목록 2026-06-30 code=4282 sha256=4a523f990553
ing_pending_9546d72d2cee,,sea_water,official_exact,high,KCIA 표준화명칭목록 2026-06-30 code=4847 sha256=4a523f990553
ing_pending_954b3bba2d58,,cetyl_peg_ppg_10_1_dimethicone,official_exact,high,KCIA 표준화명칭목록 2026-06-30 code=1008 sha256=4a523f990553
ing_pending_95653a5e9e71,,sodium_lauroyl_methylaminopropionate,official_exact,high,KCIA 표준화명칭목록 2026-06-30 code=1071 sha256=4a523f990553
ing_pending_95691fa7eb4b,,cyclopentasiloxane,official_exact,high,KCIA 표준화명칭목록 2026-06-30 code=769 sha256=4a523f990553
ing_pending_95a4c59d7f5e,,linum_usitatissimum_linseed_seed_extract,official_exact,high,KCIA 표준화명칭목록 2026-06-30 code=1648 sha256=4a523f990553
ing_pending_95c329f57975,,citrus_glauca_fruit_extract,official_exact,high,KCIA 표준화명칭목록 2026-06-30 code=7453 sha256=4a523f990553
ing_pending_95cc31593d00,,auricula_vitis_labrusca_fruit_helianthus_tuberosus_tub_kcia_6682,official_exact,high,KCIA 표준화명칭목록 2026-06-30 code=6682 sha256=4a523f990553
ing_pending_95db97a79b28,,lauramidopropyl_betaine,official_exact,high,KCIA 표준화명칭목록 2026-06-30 code=5325 sha256=4a523f990553
ing_pending_95efc82e9e17,,undeceth_5,official_exact,high,KCIA 표준화명칭목록 2026-06-30 code=2349 sha256=4a523f990553
ing_pending_961e0f4a13cf,,acmella_oleracea_extract,official_exact,high,KCIA 표준화명칭목록 2026-06-30 code=3476 sha256=4a523f990553
ing_pending_9687d947542e,,pentaerythrityl_tetra_di_t_butyl_hydroxyhydrocinnamate,official_exact,high,KCIA 표준화명칭목록 2026-06-30 code=3620 sha256=4a523f990553
ing_pending_969e4066980a,,biosaccharide_gum_4,official_exact,high,KCIA 표준화명칭목록 2026-06-30 code=404 sha256=4a523f990553
ing_pending_96a5d423c9fc,,carthamus_tinctorius_safflower_oleosomes,official_exact,high,KCIA 표준화명칭목록 2026-06-30 code=2591 sha256=4a523f990553
ing_pending_96a9b92df401,,sodium_ascorbyl_phosphate,official_exact,high,KCIA 표준화명칭목록 2026-06-30 code=1152 sha256=4a523f990553
ing_pending_96aa957088f0,,amaranthus_caudatus_seed_extract,official_exact,high,KCIA 표준화명칭목록 2026-06-30 code=2739 sha256=4a523f990553
ing_pending_96e1e563fd79,,cyanocobalamin,official_exact,high,KCIA 표준화명칭목록 2026-06-30 code=761 sha256=4a523f990553
ing_pending_96e7f7016a50,,1_2_hexanediol,official_exact,high,KCIA 표준화명칭목록 2026-06-30 code=4877 sha256=4a523f990553
ing_pending_97122ded3281,,styrene_acrylates_ammonium_methacrylate_copolymer,official_exact,high,KCIA 표준화명칭목록 2026-06-30 code=1412 sha256=4a523f990553
ing_pending_9715c70ae49d,,linalyl_acetate,existing_identity,high,KCIA 표준화명칭목록 2026-06-30 code=10 sha256=4a523f990553
ing_pending_971f90573995,,dipotassium_phosphate,official_exact,high,KCIA 표준화명칭목록 2026-06-30 code=5258 sha256=4a523f990553
ing_pending_972c589b8ed6,,cellulose_gum,official_exact,high,KCIA 표준화명칭목록 2026-06-30 code=1023 sha256=4a523f990553
ing_pending_972f1ee3194a,,viscum_album_mistletoe_fruit_extract,official_exact,high,KCIA 표준화명칭목록 2026-06-30 code=6295 sha256=4a523f990553
ing_pending_9737ce43285c,,hydroxypropyltrimonium_lemon_protein,official_exact,high,KCIA 표준화명칭목록 2026-06-30 code=13999 sha256=4a523f990553
ing_pending_9756b620eb4d,,olea_europaea_olive_fruit_oil,official_exact,high,KCIA 표준화명칭목록 2026-06-30 code=2302 sha256=4a523f990553
ing_pending_9759d4b3ea14,,polyglyceryl_6_oleate,official_exact,high,KCIA 표준화명칭목록 2026-06-30 code=3790 sha256=4a523f990553
ing_pending_975bd21640ee,,bis_aminopropyl_diglycol_dimaleate,official_exact,high,KCIA 표준화명칭목록 2026-06-30 code=23394 sha256=4a523f990553
ing_pending_975cc77b0093,,methylparaben,official_exact,high,KCIA 표준화명칭목록 2026-06-30 code=213 sha256=4a523f990553
ing_pending_97744af88135,,phoenix_dactylifera_date_seed_extract,official_exact,high,KCIA 표준화명칭목록 2026-06-30 code=3448 sha256=4a523f990553
ing_pending_977550a8b703,,neopentyl_glycol_diheptanoate,existing_identity,high,KCIA 표준화명칭목록 2026-06-30 code=2248 sha256=4a523f990553
ing_pending_977ec52fa05a,,sodium_surfactin,official_exact,high,KCIA 표준화명칭목록 2026-06-30 code=1124 sha256=4a523f990553
ing_pending_9786d814e0a4,,betaphycus_gelatinum_extract,official_exact,high,KCIA 표준화명칭목록 2026-06-30 code=14788 sha256=4a523f990553
ing_pending_97b741443e8d,,nylon_12,official_exact,high,KCIA 표준화명칭목록 2026-06-30 code=2007 sha256=4a523f990553
ing_pending_97b80251e1c1,,bifida_ferment_filtrate,official_exact,high,KCIA 표준화명칭목록 2026-06-30 code=732 sha256=4a523f990553
ing_pending_97baf69d7e8d,,cetyl_phosphate,official_exact,high,KCIA 표준화명칭목록 2026-06-30 code=1005 sha256=4a523f990553
ing_pending_97c8fc9b0624,,prunus_serrulata_flower_extract,official_exact,high,KCIA 표준화명칭목록 2026-06-30 code=457 sha256=4a523f990553
ing_pending_97c96ed0b197,,palmitoyl_tripeptide_8,official_exact,high,KCIA 표준화명칭목록 2026-06-30 code=5642 sha256=4a523f990553
ing_pending_97e87349c8b3,,panthenyl_ethyl_ether,official_exact,high,KCIA 표준화명칭목록 2026-06-30 code=3529 sha256=4a523f990553
ing_pending_97eb421dbbc7,,hydrolyzed_wheat_protein,official_exact,high,KCIA 표준화명칭목록 2026-06-30 code=4744 sha256=4a523f990553
ing_pending_9814fe252fd9,,methyl_diisopropyl_propionamide,official_exact,high,KCIA 표준화명칭목록 2026-06-30 code=176 sha256=4a523f990553
ing_pending_981d6e25edef,,sulfur,official_exact,high,KCIA 표준화명칭목록 2026-06-30 code=4963 sha256=4a523f990553
ing_pending_98229d24532a,,caprylyl_methicone,official_exact,high,KCIA 표준화명칭목록 2026-06-30 code=2927 sha256=4a523f990553
ing_pending_982b937677e4,,xylitol,official_exact,high,KCIA 표준화명칭목록 2026-06-30 code=2620 sha256=4a523f990553
ing_pending_98370f05f7eb,,saccharomyces_rice_ferment_filtrate,official_exact,high,KCIA 표준화명칭목록 2026-06-30 code=9926 sha256=4a523f990553
ing_pending_983a5e44d99f,,alumina,official_exact,high,KCIA 표준화명칭목록 2026-06-30 code=1843 sha256=4a523f990553
ing_pending_983c3c264c13,,di_c12_13_alkyl_tartrate,official_exact,high,KCIA 표준화명칭목록 2026-06-30 code=5159 sha256=4a523f990553
ing_pending_984a63d06c33,,trametes_versicolor_extract,official_exact,high,KCIA 표준화명칭목록 2026-06-30 code=2356 sha256=4a523f990553
ing_pending_98789fc72c00,,malachite_extract,official_exact,high,KCIA 표준화명칭목록 2026-06-30 code=112 sha256=4a523f990553
ing_pending_98933993a261,,sodium_mannose_phosphate,official_exact,high,KCIA 표준화명칭목록 2026-06-30 code=5799 sha256=4a523f990553
ing_pending_98fe47d486b8,,leontopodium_alpinum_callus_culture_extract,official_exact,high,KCIA 표준화명칭목록 2026-06-30 code=7082 sha256=4a523f990553
ing_pending_99043c9aa479,,diphenyl_dimethicone_vinyl_diphenyl_dimethicone_silses_kcia_5238,official_exact,high,KCIA 표준화명칭목록 2026-06-30 code=5238 sha256=4a523f990553
ing_pending_99328dbde876,,salvia_officinalis_sage_oil,official_exact,high,KCIA 표준화명칭목록 2026-06-30 code=923 sha256=4a523f990553
ing_pending_993750c39552,,diethylhexyl_syringylidenemalonate,official_exact,high,KCIA 표준화명칭목록 2026-06-30 code=5181 sha256=4a523f990553
ing_pending_99380f166b92,,polypropylsilsesquioxane,official_exact,high,KCIA 표준화명칭목록 2026-06-30 code=3961 sha256=4a523f990553
ing_pending_995d7f1dcd44,,glycine,existing_identity,high,KCIA 표준화명칭목록 2026-06-30 code=483 sha256=4a523f990553
ing_pending_9970bf60c27a,,retinyl_palmitate,official_exact,high,KCIA 표준화명칭목록 2026-06-30 code=5493 sha256=4a523f990553
ing_pending_99848d4d2906,,terminalia_ferdinandiana_fruit_extract,official_exact,high,KCIA 표준화명칭목록 2026-06-30 code=2895 sha256=4a523f990553
ing_pending_9989974d8929,,glycine_soja_soybean_seed_extract,official_exact,high,KCIA 표준화명칭목록 2026-06-30 code=18625 sha256=4a523f990553
ing_pending_998a43c0a2d6,,hydrolyzed_glycosaminoglycans,official_exact,high,KCIA 표준화명칭목록 2026-06-30 code=4723 sha256=4a523f990553
ing_pending_99ad294e4531,,sodium_acetate,official_exact,high,KCIA 표준화명칭목록 2026-06-30 code=1149 sha256=4a523f990553
ing_pending_99b72f113541,,saccharomyces_ferment_lysate_filtrate,official_exact,high,KCIA 표준화명칭목록 2026-06-30 code=5006 sha256=4a523f990553
ing_pending_99ca380d9858,,diethylamino_hydroxybenzoyl_hexyl_benzoate,official_exact,high,KCIA 표준화명칭목록 2026-06-30 code=5170 sha256=4a523f990553
ing_pending_99e69548284b,,euphrasia_officinalis_extract,official_exact,high,KCIA 표준화명칭목록 2026-06-30 code=1743 sha256=4a523f990553
ing_pending_99ee5296049d,,gelidium_cartilagineum_extract,official_exact,high,KCIA 표준화명칭목록 2026-06-30 code=2342 sha256=4a523f990553
ing_pending_99f2567244ac,,pca_ethyl_cocoyl_arginate,official_exact,high,KCIA 표준화명칭목록 2026-06-30 code=4075 sha256=4a523f990553
ing_pending_9a081262e304,,hydrolyzed_linseed_extract,official_exact,high,KCIA 표준화명칭목록 2026-06-30 code=4737 sha256=4a523f990553
ing_pending_9a08ee37e4d4,,laminaria_digitata_extract,official_exact,high,KCIA 표준화명칭목록 2026-06-30 code=4927 sha256=4a523f990553
ing_pending_9a107f15e6f0,,thymus_vulgaris_thyme_extract,official_exact,high,KCIA 표준화명칭목록 2026-06-30 code=897 sha256=4a523f990553
ing_pending_9a273f72dbfa,,imidazolidinyl_urea,official_exact,high,KCIA 표준화명칭목록 2026-06-30 code=2434 sha256=4a523f990553
ing_pending_9a30fdea20f3,,cymbopogon_martini_oil,official_exact,high,KCIA 표준화명칭목록 2026-06-30 code=3540 sha256=4a523f990553
ing_pending_9a3ee9934aea,,limonene,official_exact,high,KCIA 표준화명칭목록 2026-06-30 code=20 sha256=4a523f990553
ing_pending_9a582b95ea14,,theanine,official_exact,high,KCIA 표준화명칭목록 2026-06-30 code=3267 sha256=4a523f990553
ing_pending_9a5e1ce8607f,,calcium_carbonate,official_exact,high,KCIA 표준화명칭목록 2026-06-30 code=2963 sha256=4a523f990553
ing_pending_9a7863b96a7d,,hexapeptide_11,official_exact,high,KCIA 표준화명칭목록 2026-06-30 code=4876 sha256=4a523f990553
ing_pending_9ac4c352ee0c,,dodecane,official_exact,high,KCIA 표준화명칭목록 2026-06-30 code=7486 sha256=4a523f990553
ing_pending_9ac9ac0a355e,,morus_alba_leaf_extract,official_exact,high,KCIA 표준화명칭목록 2026-06-30 code=822 sha256=4a523f990553
ing_pending_9ada935cea7f,,sodium_palmitoyl_proline,official_exact,high,KCIA 표준화명칭목록 2026-06-30 code=1240 sha256=4a523f990553
ing_pending_9b0677c5af01,,diphenyl_dimethicone,official_exact,high,KCIA 표준화명칭목록 2026-06-30 code=5237 sha256=4a523f990553
ing_pending_9b3012ffc9af,,dimethyl_phenethyl_acetate,official_exact,high,KCIA 표준화명칭목록 2026-06-30 code=23753 sha256=4a523f990553
ing_pending_9b33b9ebef0b,,carthamus_tinctorius_safflower_seed_oil,official_exact,high,KCIA 표준화명칭목록 2026-06-30 code=2589 sha256=4a523f990553
ing_pending_9b3dde2db021,,isohexadecane,official_exact,high,KCIA 표준화명칭목록 2026-06-30 code=2547 sha256=4a523f990553
ing_pending_9b5b9f1a6e9e,,disodium_stearoyl_glutamate,existing_identity,high,KCIA 표준화명칭목록 2026-06-30 code=5112 sha256=4a523f990553
ing_pending_9b6182abcc0a,,rhodiola_rosea_root_extract,official_exact,high,KCIA 표준화명칭목록 2026-06-30 code=401 sha256=4a523f990553
ing_pending_9b8ea978c38b,,persea_gratissima_avocado_fruit_extract,official_exact,high,KCIA 표준화명칭목록 2026-06-30 code=1674 sha256=4a523f990553
ing_pending_9b920ee8486a,,helianthus_annuus_sunflower_seedcake,official_exact,high,KCIA 표준화명칭목록 2026-06-30 code=4839 sha256=4a523f990553
ing_pending_9ba1ff95f851,,homosalate,official_exact,high,KCIA 표준화명칭목록 2026-06-30 code=4919 sha256=4a523f990553
ing_pending_9bc17d10898d,,pogostemon_cablin_leaf_oil,official_exact,high,KCIA 표준화명칭목록 2026-06-30 code=10079 sha256=4a523f990553
ing_pending_9bc1aa84b698,,magnesium_silicate,official_exact,high,KCIA 표준화명칭목록 2026-06-30 code=49 sha256=4a523f990553
ing_pending_9bc5ea5a7900,,alpha_bisabolol,official_exact,high,KCIA 표준화명칭목록 2026-06-30 code=7022 sha256=4a523f990553
ing_pending_9bc7fa99e91e,,phytosteryl_canola_glycerides,official_exact,high,KCIA 표준화명칭목록 2026-06-30 code=4440 sha256=4a523f990553
ing_pending_9bde2032f0f8,,dipeptide_2,official_exact,high,KCIA 표준화명칭목록 2026-06-30 code=5253 sha256=4a523f990553
ing_pending_9c0396ff4cee,,amaranthus_caudatus_seed_extract,official_exact,high,KCIA 표준화명칭목록 2026-06-30 code=2739 sha256=4a523f990553
ing_pending_9c0bc72ea61b,,polyquaternium_59,official_exact,high,KCIA 표준화명칭목록 2026-06-30 code=3942 sha256=4a523f990553
ing_pending_9c230b32c3c6,,4_t_butylcyclohexanol,official_exact,high,KCIA 표준화명칭목록 2026-06-30 code=8760 sha256=4a523f990553
ing_pending_9c30fd038afd,,eclipta_prostrata_extract,official_exact,high,KCIA 표준화명칭목록 2026-06-30 code=4824 sha256=4a523f990553
ing_pending_9c5a19e3215d,,citrus_nobilis_mandarin_orange_peel_oil,official_exact,high,KCIA 표준화명칭목록 2026-06-30 code=101 sha256=4a523f990553
ing_pending_9c737e76bc63,,water,official_exact,high,KCIA 표준화명칭목록 2026-06-30 code=2700 sha256=4a523f990553
ing_pending_9c86b3dfa63a,,hydrolyzed_keratin,official_exact,high,KCIA 표준화명칭목록 2026-06-30 code=4792 sha256=4a523f990553
ing_pending_9c94d456c4c9,,vinyl_dimethicone_methicone_silsesquioxane_crosspolymer,official_exact,high,KCIA 표준화명칭목록 2026-06-30 code=674 sha256=4a523f990553
ing_pending_9ce5e73b9386,,citrus_depressa_peel_extract,official_exact,high,KCIA 표준화명칭목록 2026-06-30 code=4039 sha256=4a523f990553
ing_pending_9cf463b54120,,camellia_sinensis_seed_oil,official_exact,high,KCIA 표준화명칭목록 2026-06-30 code=2725 sha256=4a523f990553
ing_pending_9d09a82a8bea,,capsicum_annuum_fruit_extract,official_exact,high,KCIA 표준화명칭목록 2026-06-30 code=6349 sha256=4a523f990553
ing_pending_9d3476b9770a,,polyglyceryl_10_diisostearate,official_exact,high,KCIA 표준화명칭목록 2026-06-30 code=3755 sha256=4a523f990553
ing_pending_9d6081356b60,,amylose,official_exact,high,KCIA 표준화명칭목록 2026-06-30 code=22189 sha256=4a523f990553
ing_pending_9d6228bc0ee1,,chlorophyllin_copper_complex,official_exact,high,KCIA 표준화명칭목록 2026-06-30 code=3195 sha256=4a523f990553
ing_pending_9d75342c103a,,honey,official_exact,high,KCIA 표준화명칭목록 2026-06-30 code=1856 sha256=4a523f990553
ing_pending_9d9b91f2ae7b,,isononyl_isononanoate,official_exact,high,KCIA 표준화명칭목록 2026-06-30 code=2437 sha256=4a523f990553
ing_pending_9da45c867672,,inulin,official_exact,high,KCIA 표준화명칭목록 2026-06-30 code=2430 sha256=4a523f990553
ing_pending_9da85768f891,,acetyl_tetrapeptide_3,official_exact,high,KCIA 표준화명칭목록 2026-06-30 code=5607 sha256=4a523f990553
ing_pending_9dcec403c98b,,peg_10,official_exact,high,KCIA 표준화명칭목록 2026-06-30 code=4081 sha256=4a523f990553
ing_pending_9dd201408bcc,,amyris_balsamifera_bark_oil,official_exact,high,KCIA 표준화명칭목록 2026-06-30 code=5650 sha256=4a523f990553
ing_pending_9de1d44533ba,,o_cymen_5_ol,official_exact,high,KCIA 표준화명칭목록 2026-06-30 code=760 sha256=4a523f990553
ing_pending_9df093bfc663,,sunset_yellow_fcf,official_exact,high,KCIA 표준화명칭목록 2026-06-30 code=4971 sha256=4a523f990553
ing_pending_9e4547c141b9,,octylacrylamide_acrylates_butylaminoethyl_methacrylate_copolymer,official_exact,high,KCIA 표준화명칭목록 2026-06-30 code=2249 sha256=4a523f990553
ing_pending_9e54a14c024d,,peg_20,official_exact,high,KCIA 표준화명칭목록 2026-06-30 code=4085 sha256=4a523f990553
ing_pending_9e5c19428312,,water,official_exact,high,KCIA 표준화명칭목록 2026-06-30 code=2700 sha256=4a523f990553
ing_pending_9e6f86d1371b,,hizikia_fusiforme_extract,official_exact,high,KCIA 표준화명칭목록 2026-06-30 code=3303 sha256=4a523f990553
ing_pending_9eb63c7a8620,,euphrasia_officinalis_extract,official_exact,high,KCIA 표준화명칭목록 2026-06-30 code=1743 sha256=4a523f990553
ing_pending_9f0cad196b6a,,hydrogen_dimethicone,existing_identity,high,KCIA 표준화명칭목록 2026-06-30 code=4534 sha256=4a523f990553
ing_pending_9f2e4da93e05,,peg_200_hydrogenated_glyceryl_palmate,official_exact,high,KCIA 표준화명칭목록 2026-06-30 code=4394 sha256=4a523f990553
ing_pending_9f6a5eb9ac67,,magnesium_ascorbyl_phosphate,official_exact,high,KCIA 표준화명칭목록 2026-06-30 code=51 sha256=4a523f990553
ing_pending_9f8463e90379,,phospholipids,existing_identity,high,KCIA 표준화명칭목록 2026-06-30 code=3662 sha256=4a523f990553
ing_pending_9f9d4c1d7b0e,,stearyl_alcohol,official_exact,high,KCIA 표준화명칭목록 2026-06-30 code=1474 sha256=4a523f990553
ing_pending_9fa62b7e567c,,citrulline,official_exact,high,KCIA 표준화명칭목록 2026-06-30 code=1531 sha256=4a523f990553
ing_pending_9fbc0e5511ff,,hydroxyphenyl_propamidobenzoic_acid,official_exact,high,KCIA 표준화명칭목록 2026-06-30 code=4670 sha256=4a523f990553
ing_pending_9fe90278366d,,phalaenopsis_amabilis_extract,official_exact,high,KCIA 표준화명칭목록 2026-06-30 code=3063 sha256=4a523f990553
ing_pending_9ffb9219812f,,methyl_glucose_dioleate,official_exact,high,KCIA 표준화명칭목록 2026-06-30 code=171 sha256=4a523f990553
ing_pending_a0000e947d4f,,quaternium_90_bentonite,official_exact,high,KCIA 표준화명칭목록 2026-06-30 code=3160 sha256=4a523f990553
ing_pending_a02375ee2458,,hydroxyproline,official_exact,high,KCIA 표준화명칭목록 2026-06-30 code=4710 sha256=4a523f990553
ing_pending_a03ebe334fb9,,butyrospermum_parkii_shea_oil,official_exact,high,KCIA 표준화명칭목록 2026-06-30 code=1359 sha256=4a523f990553
ing_pending_a061306f85ea,,hamamelis_virginiana_witch_hazel_flower_water,official_exact,high,KCIA 표준화명칭목록 2026-06-30 code=2370 sha256=4a523f990553
ing_pending_a08a8bb3fc0a,,peg_20_stearate,official_exact,high,KCIA 표준화명칭목록 2026-06-30 code=4270 sha256=4a523f990553
ing_pending_a08b820d608d,,bixa_orellana_seed_oil,official_exact,high,KCIA 표준화명칭목록 2026-06-30 code=736 sha256=4a523f990553
ing_pending_a0a35745b265,,caprooyl_phytosphingosine,official_exact,high,KCIA 표준화명칭목록 2026-06-30 code=8384 sha256=4a523f990553
ing_pending_a0b11aeebe88,,oryza_sativa_rice_seed_protein,official_exact,high,KCIA 표준화명칭목록 2026-06-30 code=8066 sha256=4a523f990553
ing_pending_a0d9afc2caa9,,c12_15_alkyl_benzoate,official_exact,high,KCIA 표준화명칭목록 2026-06-30 code=1917 sha256=4a523f990553
ing_pending_a10fc647fc60,,threonine,official_exact,high,KCIA 표준화명칭목록 2026-06-30 code=3313 sha256=4a523f990553
ing_pending_a1158ce0f61b,,rosa_moschata_seed_oil,official_exact,high,KCIA 표준화명칭목록 2026-06-30 code=783 sha256=4a523f990553
ing_pending_a119f522573e,,glycol,official_exact,high,KCIA 표준화명칭목록 2026-06-30 code=581 sha256=4a523f990553
ing_pending_a1557dd54f0a,,peg_75_stearate,official_exact,high,KCIA 표준화명칭목록 2026-06-30 code=4279 sha256=4a523f990553
ing_pending_a1676083f140,,hydroxyethyl_urea,existing_identity,high,KCIA 표준화명칭목록 2026-06-30 code=4658 sha256=4a523f990553
ing_pending_a196ff30c96e,,vincetoxicum_atratum_extract,official_exact,high,KCIA 표준화명칭목록 2026-06-30 code=8094 sha256=4a523f990553
ing_pending_a19e742be9c5,,lanolin,official_exact,high,KCIA 표준화명칭목록 2026-06-30 code=5298 sha256=4a523f990553
ing_pending_a1d0de10ef1c,,propylene_glycol_dibenzoate,official_exact,high,KCIA 표준화명칭목록 2026-06-30 code=8011 sha256=4a523f990553
ing_pending_a1d25717eff0,,vitis_vinifera_grape_seed_oil,existing_identity,high,KCIA 표준화명칭목록 2026-06-30 code=3651 sha256=4a523f990553
ing_pending_a1d331beee8f,,iris_florentina_root_extract,official_exact,high,KCIA 표준화명칭목록 2026-06-30 code=2163 sha256=4a523f990553
ing_pending_a2162d3d172f,,magnesium_myristate,existing_identity,high,KCIA 표준화명칭목록 2026-06-30 code=43 sha256=4a523f990553
ing_pending_a22fc392e0bd,,phenethyl_alcohol,existing_identity,high,KCIA 표준화명칭목록 2026-06-30 code=3578 sha256=4a523f990553
ing_pending_a23c02e36cbf,,sh_polypeptide_11,official_exact,high,KCIA 표준화명칭목록 2026-06-30 code=8376 sha256=4a523f990553
ing_pending_a256b49e8f2f,,citrus_limon_lemon_peel_extract,official_exact,high,KCIA 표준화명칭목록 2026-06-30 code=5469 sha256=4a523f990553
ing_pending_a277c905361a,,saccharomyces_barley_seed_ferment_filtrate,official_exact,high,KCIA 표준화명칭목록 2026-06-30 code=5009 sha256=4a523f990553
ing_pending_a288ebac81fa,,sodium_acetate,existing_identity,high,KCIA 표준화명칭목록 2026-06-30 code=1149 sha256=4a523f990553
ing_pending_a2af4486e197,,butyrospermum_parkii_shea_butter,official_exact,high,KCIA 표준화명칭목록 2026-06-30 code=1356 sha256=4a523f990553
ing_pending_a2b349340a39,,aloe_barbadensis_leaf_polysaccharides,official_exact,high,KCIA 표준화명칭목록 2026-06-30 code=1840 sha256=4a523f990553
ing_pending_a2c898ec9058,,salvia_officinalis_sage_leaf_extract,official_exact,high,KCIA 표준화명칭목록 2026-06-30 code=926 sha256=4a523f990553
ing_pending_a2e0a5cdb392,,sh_oligopeptide_1,official_exact,high,KCIA 표준화명칭목록 2026-06-30 code=7534 sha256=4a523f990553
ing_pending_a2fda8e00e59,,2_3_butanediol,official_exact,high,KCIA 표준화명칭목록 2026-06-30 code=8582 sha256=4a523f990553
ing_pending_a2febd92f2bb,,haematococcus_pluvialis_extract,official_exact,high,KCIA 표준화명칭목록 2026-06-30 code=4858 sha256=4a523f990553
ing_pending_a30a2778c0a5,,zanthoxylum_piperitum_fruit_extract,official_exact,high,KCIA 표준화명칭목록 2026-06-30 code=2839 sha256=4a523f990553
ing_pending_a30a4ec0f5d0,,salix_nigra_willow_bark_extract,official_exact,high,KCIA 표준화명칭목록 2026-06-30 code=656 sha256=4a523f990553
ing_pending_a31fa7f5335c,,cocos_nucifera_coconut_liquid_endosperm,official_exact,high,KCIA 표준화명칭목록 2026-06-30 code=3045 sha256=4a523f990553
ing_pending_a3235707d229,,hydrolyzed_dna,official_exact,high,KCIA 표준화명칭목록 2026-06-30 code=4730 sha256=4a523f990553
ing_pending_a365e731e863,,mentha_arvensis_leaf_oil,official_exact,high,KCIA 표준화명칭목록 2026-06-30 code=413 sha256=4a523f990553
ing_pending_a399570b0174,,sodium_cocoamphoacetate,official_exact,high,KCIA 표준화명칭목록 2026-06-30 code=1203 sha256=4a523f990553
ing_pending_a39a2ec99f18,,magnesium_nitrate,official_exact,high,KCIA 표준화명칭목록 2026-06-30 code=38 sha256=4a523f990553
ing_pending_a39c82830348,,amyl_cinnamal,official_exact,high,KCIA 표준화명칭목록 2026-06-30 code=1671 sha256=4a523f990553
ing_pending_a3c13a8b5093,,laurtrimonium_chloride,official_exact,high,KCIA 표준화명칭목록 2026-06-30 code=5398 sha256=4a523f990553
ing_pending_a3c3ddfd77fd,,albatrellus_confluens_mushroom_extract,official_exact,high,KCIA 표준화명칭목록 2026-06-30 code=16421 sha256=4a523f990553
ing_pending_a3eb5fab4bd4,,magnesium_ascorbyl_phosphate,existing_identity,high,KCIA 표준화명칭목록 2026-06-30 code=51 sha256=4a523f990553
ing_pending_a3eef8a81273,,hydroxyapatite,official_exact,high,KCIA 표준화명칭목록 2026-06-30 code=4641 sha256=4a523f990553
ing_pending_a3fed182cdb9,,sulfur,official_exact,high,KCIA 표준화명칭목록 2026-06-30 code=4963 sha256=4a523f990553
ing_pending_a411e7c6ac67,,peg_8,existing_identity,high,KCIA 표준화명칭목록 2026-06-30 code=4079 sha256=4a523f990553
ing_pending_a42a5d4372e5,,citrus_aurantium_dulcis_orange_peel_oil,official_exact,high,KCIA 표준화명칭목록 2026-06-30 code=2145 sha256=4a523f990553
ing_pending_a4320d6b825b,,c12_22_alkyl_acrylate_hydroxyethylacrylate_copolymer,official_exact,high,KCIA 표준화명칭목록 2026-06-30 code=18792 sha256=4a523f990553
ing_pending_a44160225d64,,sodium_phytate,official_exact,high,KCIA 표준화명칭목록 2026-06-30 code=1234 sha256=4a523f990553
ing_pending_a4592bd3c142,,butylene_glycol_dicaprylate_dicaprate,official_exact,high,KCIA 표준화명칭목록 2026-06-30 code=587 sha256=4a523f990553
ing_pending_a45d4510203f,,rosa_hybrid_flower_extract,official_exact,high,KCIA 표준화명칭목록 2026-06-30 code=2641 sha256=4a523f990553
ing_pending_a4a3f99cfec5,,cocamide_mea,official_exact,high,KCIA 표준화명칭목록 2026-06-30 code=3032 sha256=4a523f990553
ing_pending_a4dc6fd88225,,citrus_paradisi_grapefruit_peel_oil,official_exact,high,KCIA 표준화명칭목록 2026-06-30 code=2600 sha256=4a523f990553
ing_pending_a4dd78cdc413,,methylene_bis_benzotriazolyl_tetramethylbutylphenol,official_exact,high,KCIA 표준화명칭목록 2026-06-30 code=179 sha256=4a523f990553
ing_pending_a4e0ca10666e,,lactic_acid_glycolic_acid_copolymer,official_exact,high,KCIA 표준화명칭목록 2026-06-30 code=6900 sha256=4a523f990553
ing_pending_a4f61dc4bb17,,myrothamnus_flabellifolia_leaf_stem_extract,official_exact,high,KCIA 표준화명칭목록 2026-06-30 code=322 sha256=4a523f990553
ing_pending_a4facf349d00,,ammonium_lauryl_sulfate,official_exact,high,KCIA 표준화명칭목록 2026-06-30 code=1937 sha256=4a523f990553
ing_pending_a51350480a39,,cryptomeria_japonica_leaf_extract,official_exact,high,KCIA 표준화명칭목록 2026-06-30 code=815 sha256=4a523f990553
ing_pending_a52c041339ec,,sodium_polyacrylate,official_exact,high,KCIA 표준화명칭목록 2026-06-30 code=1253 sha256=4a523f990553
ing_pending_a544aa1497ed,,sodium_sulfate,official_exact,high,KCIA 표준화명칭목록 2026-06-30 code=1128 sha256=4a523f990553
ing_pending_a553f499a287,,caprylic_capric_myristic_stearic_triglyceride,official_exact,high,KCIA 표준화명칭목록 2026-06-30 code=2918 sha256=4a523f990553
ing_pending_a56e8148d53c,,hydrolyzed_viola_tricolor_extract,official_exact,high,KCIA 표준화명칭목록 2026-06-30 code=4755 sha256=4a523f990553
ing_pending_a5791aa7e73b,,methyl_trimethicone,official_exact,high,KCIA 표준화명칭목록 2026-06-30 code=212 sha256=4a523f990553
ing_pending_a5856e06fb6d,,ceramide_eos,official_exact,high,KCIA 표준화명칭목록 2026-06-30 code=8383 sha256=4a523f990553
ing_pending_a58fecca584f,,acrylates_beheneth_25_methacrylate_copolymer,official_exact,high,KCIA 표준화명칭목록 2026-06-30 code=1761 sha256=4a523f990553
ing_pending_a593bb51701f,,hydroxyethyl_acrylate_sodium_acryloyldimethyl_taurate_copolymer,official_exact,high,KCIA 표준화명칭목록 2026-06-30 code=4655 sha256=4a523f990553
ing_pending_a5ab11263ee6,,castanea_crenata_chestnut_shell_extract,official_exact,high,KCIA 표준화명칭목록 2026-06-30 code=421 sha256=4a523f990553
ing_pending_a5ab6dcbf032,,glycine_soja_soybean_germ_extract,official_exact,high,KCIA 표준화명칭목록 2026-06-30 code=3123 sha256=4a523f990553
ing_pending_a5b37d8c72d1,,vp_eicosene_copolymer,existing_identity,high,KCIA 표준화명칭목록 2026-06-30 code=648 sha256=4a523f990553
ing_pending_a5c12301bf55,,stearyl_glycyrrhetinate,official_exact,high,KCIA 표준화명칭목록 2026-06-30 code=1466 sha256=4a523f990553
ing_pending_a5c8a444ddff,,hydrogenated_soybean_oil,official_exact,high,KCIA 표준화명칭목록 2026-06-30 code=4596 sha256=4a523f990553
ing_pending_a5c9ae725720,,raspberry_ketone,official_exact,high,KCIA 표준화명칭목록 2026-06-30 code=5320 sha256=4a523f990553
ing_pending_a5ed2d3a376e,,carapa_guianensis_seed_oil,official_exact,high,KCIA 표준화명칭목록 2026-06-30 code=1816 sha256=4a523f990553
ing_pending_a6067e6c70f3,,butyloctyl_salicylate,official_exact,high,KCIA 표준화명칭목록 2026-06-30 code=606 sha256=4a523f990553
ing_pending_a60927b73a44,,glucomannan,official_exact,high,KCIA 표준화명칭목록 2026-06-30 code=7207 sha256=4a523f990553
ing_pending_a611ebfc8f29,,tripropylene_glycol,official_exact,high,KCIA 표준화명칭목록 2026-06-30 code=8449 sha256=4a523f990553
ing_pending_a6168ed1a694,,citrus_aurantium_amara_bitter_orange_flower_oil,official_exact,high,KCIA 표준화명칭목록 2026-06-30 code=6121 sha256=4a523f990553
ing_pending_a6381d38b508,,peg_150,official_exact,high,KCIA 표준화명칭목록 2026-06-30 code=4092 sha256=4a523f990553
ing_pending_a653e18dd0b9,,acetyl_octapeptide_3,official_exact,high,KCIA 표준화명칭목록 2026-06-30 code=6092 sha256=4a523f990553
ing_pending_a65d8bc23aa1,,cedrus_atlantica_bark_oil,official_exact,high,KCIA 표준화명칭목록 2026-06-30 code=1804 sha256=4a523f990553
ing_pending_a66a0dee6242,,brilliant_blue_fcf,official_exact,high,KCIA 표준화명칭목록 2026-06-30 code=2821 sha256=4a523f990553
ing_pending_a696f9f9fd04,,dimethicone_vinyl_dimethicone_crosspolymer,official_exact,high,KCIA 표준화명칭목록 2026-06-30 code=4545 sha256=4a523f990553
ing_pending_a6990e786d55,,citrus_grandis_grapefruit_peel_extract,official_exact,high,KCIA 표준화명칭목록 2026-06-30 code=2318 sha256=4a523f990553
ing_pending_a699a53b8ae3,,polyglyceryl_3_diisostearate,existing_identity,high,KCIA 표준화명칭목록 2026-06-30 code=3753 sha256=4a523f990553
ing_pending_a6a2bfc0863f,,peg_ppg_polybutylene_glycol_8_5_3_glycerin,official_exact,high,KCIA 표준화명칭목록 2026-06-30 code=4393 sha256=4a523f990553
ing_pending_a6bfcf316065,,sophora_angustifolia_root_extract,official_exact,high,KCIA 표준화명칭목록 2026-06-30 code=5204 sha256=4a523f990553
ing_pending_a6c29d3b9276,,ascophyllum_nodosum_extract,official_exact,high,KCIA 표준화명칭목록 2026-06-30 code=2550 sha256=4a523f990553
ing_pending_a6e1f977f741,,ponceau_sx,official_exact,high,KCIA 표준화명칭목록 2026-06-30 code=2692 sha256=4a523f990553
ing_pending_a6e60bb7f15b,,triethyl_citrate,official_exact,high,KCIA 표준화명칭목록 2026-06-30 code=3381 sha256=4a523f990553
ing_pending_a6f4b532cad6,,oryza_sativa_rice_bran_oil,official_exact,high,KCIA 표준화명칭목록 2026-06-30 code=1575 sha256=4a523f990553
ing_pending_a6f9bea9b041,,sorbitan_stearate,official_exact,high,KCIA 표준화명칭목록 2026-06-30 code=1288 sha256=4a523f990553
ing_pending_a6fc75de8033,,ceteth_2,official_exact,high,KCIA 표준화명칭목록 2026-06-30 code=928 sha256=4a523f990553
ing_pending_a707d154206e,,ubiquinone,official_exact,high,KCIA 표준화명칭목록 2026-06-30 code=2391 sha256=4a523f990553
ing_pending_a7213c26b437,,arachidyl_alcohol,official_exact,high,KCIA 표준화명칭목록 2026-06-30 code=1635 sha256=4a523f990553
ing_pending_a72661720c9d,,sodium_hyaluronate_dimethylsilanol,official_exact,high,KCIA 표준화명칭목록 2026-06-30 code=1266 sha256=4a523f990553
ing_pending_a74be05cc8e8,,petrolatum,official_exact,high,KCIA 표준화명칭목록 2026-06-30 code=3602 sha256=4a523f990553
ing_pending_a751ae63d70c,,helianthus_annuus_sunflower_seed_oil,official_exact,high,KCIA 표준화명칭목록 2026-06-30 code=4840 sha256=4a523f990553
ing_pending_a7602c5f4f0d,,raphanus_sativus_radish_seed_extract,official_exact,high,KCIA 표준화명칭목록 2026-06-30 code=298 sha256=4a523f990553
ing_pending_a762e80d7938,,chenopodium_quinoa_seed_extract,official_exact,high,KCIA 표준화명칭목록 2026-06-30 code=3166 sha256=4a523f990553
ing_pending_a775f8a842f1,,polyglyceryl_10_myristate,official_exact,high,KCIA 표준화명칭목록 2026-06-30 code=3769 sha256=4a523f990553
ing_pending_a779dd5c839a,,hydrogenated_polyisobutene,official_exact,high,KCIA 표준화명칭목록 2026-06-30 code=4617 sha256=4a523f990553
ing_pending_a7853ef8fa89,,hydrolyzed_adansonia_digitata_extract,official_exact,high,KCIA 표준화명칭목록 2026-06-30 code=4751 sha256=4a523f990553
ing_pending_a78885d05fa4,,hydrogenated_ethylhexyl_olivate,official_exact,high,KCIA 표준화명칭목록 2026-06-30 code=4571 sha256=4a523f990553
ing_pending_a79e19539dfd,,acetic_acid,existing_identity,high,KCIA 표준화명칭목록 2026-06-30 code=1688 sha256=4a523f990553
ing_pending_a7aceeaed0db,,carbomer,official_exact,high,KCIA 표준화명칭목록 2026-06-30 code=2884 sha256=4a523f990553
ing_pending_a7b0d854b823,,polyglyceryl_6_laurate,official_exact,high,KCIA 표준화명칭목록 2026-06-30 code=3762 sha256=4a523f990553
ing_pending_a7b128a653f3,,sorbitan_oleate,existing_identity,high,KCIA 표준화명칭목록 2026-06-30 code=1291 sha256=4a523f990553
ing_pending_a7bc4dfaf1e9,,tbhq,official_exact,high,KCIA 표준화명칭목록 2026-06-30 code=3435 sha256=4a523f990553
ing_pending_a7d61336eef8,,fucus_vesiculosus_extract,official_exact,high,KCIA 표준화명칭목록 2026-06-30 code=651 sha256=4a523f990553
ing_pending_a81f43f8b732,,sodium_lauroamphoacetate,official_exact,high,KCIA 표준화명칭목록 2026-06-30 code=1065 sha256=4a523f990553
ing_pending_a8212d9fbe31,,pca_ethyl_cocoyl_arginate,official_exact,high,KCIA 표준화명칭목록 2026-06-30 code=4075 sha256=4a523f990553
ing_pending_a834343f6dac,,hydroxyacetophenone,official_exact,high,KCIA 표준화명칭목록 2026-06-30 code=8418 sha256=4a523f990553
ing_pending_a84bf8edb2cf,,glyceryl_behenate_eicosadioate,official_exact,high,KCIA 표준화명칭목록 2026-06-30 code=1179 sha256=4a523f990553
ing_pending_a860f7cf178c,,peg_32,official_exact,high,KCIA 표준화명칭목록 2026-06-30 code=4086 sha256=4a523f990553
ing_pending_a8669173807f,,olea_europaea_olive_fruit_extract,official_exact,high,KCIA 표준화명칭목록 2026-06-30 code=2309 sha256=4a523f990553
ing_pending_a86a6a141d3d,,illicium_verum_anise_fruit_extract,official_exact,high,KCIA 표준화명칭목록 2026-06-30 code=3539 sha256=4a523f990553
ing_pending_a880a1a151b9,,glyceryl_stearate_citrate,official_exact,high,KCIA 표준화명칭목록 2026-06-30 code=1213 sha256=4a523f990553
ing_pending_a88d00cc0714,,pullulan,official_exact,high,KCIA 표준화명칭목록 2026-06-30 code=3977 sha256=4a523f990553
ing_pending_a8acf26e46b3,,pfaffia_paniculata_root_extract,official_exact,high,KCIA 표준화명칭목록 2026-06-30 code=1339 sha256=4a523f990553
ing_pending_a8cbc49e2364,,hydrogenated_polycyclopentadiene,official_exact,high,KCIA 표준화명칭목록 2026-06-30 code=4615 sha256=4a523f990553
ing_pending_a8db91c092c2,,decyl_glucoside,official_exact,high,KCIA 표준화명칭목록 2026-06-30 code=3589 sha256=4a523f990553
ing_pending_a8ded2eda84f,,saponaria_officinalis_leaf_extract,official_exact,high,KCIA 표준화명칭목록 2026-06-30 code=5660 sha256=4a523f990553
ing_pending_a8e29f1eb3a8,,pancratium_maritimum_extract,official_exact,high,KCIA 표준화명칭목록 2026-06-30 code=7002 sha256=4a523f990553
ing_pending_a929caa931f8,,chondrus_crispus_powder,official_exact,high,KCIA 표준화명칭목록 2026-06-30 code=7516 sha256=4a523f990553
ing_pending_a9421a662c33,,hydrolyzed_elastin,official_exact,high,KCIA 표준화명칭목록 2026-06-30 code=4778 sha256=4a523f990553
ing_pending_a9464089f55a,,behenyl_behenate,official_exact,high,KCIA 표준화명칭목록 2026-06-30 code=490 sha256=4a523f990553
ing_pending_a946de54c527,,emblica_officinalis_fruit_extract,official_exact,high,KCIA 표준화명칭목록 2026-06-30 code=9567 sha256=4a523f990553
ing_pending_a94fd2f425ab,,pelargonium_graveolens_flower_oil,official_exact,high,KCIA 표준화명칭목록 2026-06-30 code=1016 sha256=4a523f990553
ing_pending_a951034c40a4,,sodium_acrylate_sodium_acryloyldimethyl_taurate_copolymer,official_exact,high,KCIA 표준화명칭목록 2026-06-30 code=1155 sha256=4a523f990553
ing_pending_a97057697924,,paeonia_suffruticosa_root_extract,official_exact,high,KCIA 표준화명칭목록 2026-06-30 code=266 sha256=4a523f990553
ing_pending_a995c82fe0f3,,aluminum_myristate,official_exact,high,KCIA 표준화명칭목록 2026-06-30 code=1852 sha256=4a523f990553
ing_pending_a9bf667f23f1,,hexapeptide_9,official_exact,high,KCIA 표준화명칭목록 2026-06-30 code=4874 sha256=4a523f990553
ing_pending_a9c669dc9b5f,,lauryl_lactate,official_exact,high,KCIA 표준화명칭목록 2026-06-30 code=5379 sha256=4a523f990553
ing_pending_a9cb370334e9,,linalool,official_exact,high,KCIA 표준화명칭목록 2026-06-30 code=9 sha256=4a523f990553
ing_pending_a9ef90b73700,,collagen,official_exact,high,KCIA 표준화명칭목록 2026-06-30 code=3077 sha256=4a523f990553
ing_pending_a9fa6b6d176a,,alpha_arbutin,official_exact,high,KCIA 표준화명칭목록 2026-06-30 code=5661 sha256=4a523f990553
ing_pending_aa35a640b9c7,,saccharomyces_zinc_ferment,official_exact,high,KCIA 표준화명칭목록 2026-06-30 code=5017 sha256=4a523f990553
ing_pending_aa3dacac5b71,,polyisobutene,official_exact,high,KCIA 표준화명칭목록 2026-06-30 code=3913 sha256=4a523f990553
ing_pending_aa44219995ae,,bis_peg_18_methyl_ether_dimethyl_silane,official_exact,high,KCIA 표준화명칭목록 2026-06-30 code=705 sha256=4a523f990553
ing_pending_aa552e90e29a,,oenothera_biennis_evening_primrose_oil,existing_identity,high,KCIA 표준화명칭목록 2026-06-30 code=3107 sha256=4a523f990553
ing_pending_aa58c4bd6e83,,sambucus_nigra_flower_extract,official_exact,high,KCIA 표준화명칭목록 2026-06-30 code=2107 sha256=4a523f990553
ing_pending_aa5b9eb0d407,,acorus_gramineus_extract,official_exact,high,KCIA 표준화명칭목록 2026-06-30 code=10173 sha256=4a523f990553
ing_pending_aa669b7cd46c,,citrus_aurantium_bergamia_bergamot_fruit_oil,official_exact,high,KCIA 표준화명칭목록 2026-06-30 code=459 sha256=4a523f990553
ing_pending_aa779d8f8cbd,,larix_europaea_wood_extract,official_exact,high,KCIA 표준화명칭목록 2026-06-30 code=2388 sha256=4a523f990553
ing_pending_aa83f581d651,,rhododendron_chrysanthum_leaf_extract,official_exact,high,KCIA 표준화명칭목록 2026-06-30 code=2483 sha256=4a523f990553
ing_pending_aa85f7f62ee0,,dicalcium_phosphate,official_exact,high,KCIA 표준화명칭목록 2026-06-30 code=5221 sha256=4a523f990553
ing_pending_aa8e061bb28b,,colloidal_gold,official_exact,high,KCIA 표준화명칭목록 2026-06-30 code=5833 sha256=4a523f990553
ing_pending_aad27f505c84,,trideceth_10,official_exact,high,KCIA 표준화명칭목록 2026-06-30 code=3324 sha256=4a523f990553
ing_pending_aaed7d686687,,coccinia_indica_fruit_extract,official_exact,high,KCIA 표준화명칭목록 2026-06-30 code=5693 sha256=4a523f990553
ing_pending_aaf667b07879,,amyl_cinnamal,existing_identity,high,KCIA 표준화명칭목록 2026-06-30 code=1671 sha256=4a523f990553
ing_pending_ab00ba60ce5a,,lauroyl_lysine,existing_identity,high,KCIA 표준화명칭목록 2026-06-30 code=5363 sha256=4a523f990553
ing_pending_ab11dd3fc7e7,,acacia_senegal_gum,official_exact,high,KCIA 표준화명칭목록 2026-06-30 code=1629 sha256=4a523f990553
ing_pending_ab1e6a62997d,,acrylates_ethylhexyl_acrylate_copolymer,official_exact,high,KCIA 표준화명칭목록 2026-06-30 code=1782 sha256=4a523f990553
ing_pending_ab20d152230f,,rosa_canina_fruit_oil,existing_identity,high,KCIA 표준화명칭목록 2026-06-30 code=5521 sha256=4a523f990553
ing_pending_ab42d052cc03,,pentaerythrityl_tetraethylhexanoate,official_exact,high,KCIA 표준화명칭목록 2026-06-30 code=3625 sha256=4a523f990553
ing_pending_ab7950b523a0,,glyceryl_dioleate,official_exact,high,KCIA 표준화명칭목록 2026-06-30 code=1068 sha256=4a523f990553
ing_pending_ab88e92a0886,,camphor,official_exact,high,KCIA 표준화명칭목록 2026-06-30 code=3000 sha256=4a523f990553
ing_pending_ab8d2249a840,,punica_granatum_fruit_extract,official_exact,high,KCIA 표준화명칭목록 2026-06-30 code=886 sha256=4a523f990553
ing_pending_ab9cc3a7e37b,,sucrose_palmitate,official_exact,high,KCIA 표준화명칭목록 2026-06-30 code=1382 sha256=4a523f990553
ing_pending_abab772417d0,,persea_gratissima_avocado_fruit_extract,official_exact,high,KCIA 표준화명칭목록 2026-06-30 code=1674 sha256=4a523f990553
ing_pending_ababc12af0de,,natto_gum,official_exact,high,KCIA 표준화명칭목록 2026-06-30 code=2148 sha256=4a523f990553
ing_pending_abb5d40b103a,,pvm_ma_copolymer,official_exact,high,KCIA 표준화명칭목록 2026-06-30 code=4065 sha256=4a523f990553
ing_pending_abbf417c4a98,,polyglyceryl_2_stearate,official_exact,high,KCIA 표준화명칭목록 2026-06-30 code=3777 sha256=4a523f990553
ing_pending_abd13636e46e,,porphyridium_cruentum_extract,official_exact,high,KCIA 표준화명칭목록 2026-06-30 code=3715 sha256=4a523f990553
ing_pending_abd529440bd9,,polysorbate_20,existing_identity,high,KCIA 표준화명칭목록 2026-06-30 code=3855 sha256=4a523f990553
ing_pending_abde3085bcad,,cyclodextrin,official_exact,high,KCIA 표준화명칭목록 2026-06-30 code=765 sha256=4a523f990553
ing_pending_abe35cbaba51,,chlorphenesin,official_exact,high,KCIA 표준화명칭목록 2026-06-30 code=3205 sha256=4a523f990553
ing_pending_ac3437e1a87b,,magnesium_lactate,official_exact,high,KCIA 표준화명칭목록 2026-06-30 code=42 sha256=4a523f990553
ing_pending_ac4bf60ce792,,camellia_sinensis_leaf_extract,official_exact,high,KCIA 표준화명칭목록 2026-06-30 code=2756 sha256=4a523f990553
ing_pending_ac6383a665a2,,macrocystis_pyrifera_kelp_extract,official_exact,high,KCIA 표준화명칭목록 2026-06-30 code=2615 sha256=4a523f990553
ing_pending_ac6920dd467e,,ethyl_stearate,official_exact,high,KCIA 표준화명칭목록 2026-06-30 code=8099 sha256=4a523f990553
ing_pending_ac6f183c9fcf,,divinyldimethicone_dimethicone_copolymer,official_exact,high,KCIA 표준화명칭목록 2026-06-30 code=5084 sha256=4a523f990553
ing_pending_ac7d3c232bde,,amyris_balsamifera_bark_oil,official_exact,high,KCIA 표준화명칭목록 2026-06-30 code=5650 sha256=4a523f990553
ing_pending_ac82d9d24177,,viscum_album_mistletoe_extract,official_exact,high,KCIA 표준화명칭목록 2026-06-30 code=5105 sha256=4a523f990553
ing_pending_ac8cfa63b4f9,,acrylates_c10_30_alkyl_acrylate_crosspolymer,official_exact,high,KCIA 표준화명칭목록 2026-06-30 code=1778 sha256=4a523f990553
ing_pending_aca676bfea99,,behentrimonium_methosulfate,existing_identity,high,KCIA 표준화명칭목록 2026-06-30 code=500 sha256=4a523f990553
ing_pending_acb9fe13553c,,beta_carotene,official_exact,high,KCIA 표준화명칭목록 2026-06-30 code=477 sha256=4a523f990553
ing_pending_acdb571bf53c,,cardiospermum_halicacabum_flower_leaf_vine_extract,official_exact,high,KCIA 표준화명칭목록 2026-06-30 code=3979 sha256=4a523f990553
ing_pending_acdf6b92fc3d,,althaea_rosea_root_extract,official_exact,high,KCIA 표준화명칭목록 2026-06-30 code=6470 sha256=4a523f990553
ing_pending_acf57b3a17c8,,maltitol,official_exact,high,KCIA 표준화명칭목록 2026-06-30 code=129 sha256=4a523f990553
ing_pending_ad12495ab61c,,sodium_chloride,official_exact,high,KCIA 표준화명칭목록 2026-06-30 code=1223 sha256=4a523f990553
ing_pending_ad4568de7483,,glycol_distearate,existing_identity,high,KCIA 표준화명칭목록 2026-06-30 code=614 sha256=4a523f990553
ing_pending_ad4dc9f4aa56,,sodium_salicylate,official_exact,high,KCIA 표준화명칭목록 2026-06-30 code=1123 sha256=4a523f990553
ing_pending_ad53abbe6e02,,polyglyceryl_10_laurate,official_exact,high,KCIA 표준화명칭목록 2026-06-30 code=3763 sha256=4a523f990553
ing_pending_ad5423d228a1,,paeonia_lactiflora_root_extract,official_exact,high,KCIA 표준화명칭목록 2026-06-30 code=10246 sha256=4a523f990553
ing_pending_ad6097442ee7,,disteardimonium_hectorite,official_exact,high,KCIA 표준화명칭목록 2026-06-30 code=5139 sha256=4a523f990553
ing_pending_ad769ac9a5d2,,prunus_serotina_wild_cherry_bark_extract,official_exact,high,KCIA 표준화명칭목록 2026-06-30 code=659 sha256=4a523f990553
ing_pending_ada5ef54ceb8,,cocos_nucifera_coconut_oil,official_exact,high,KCIA 표준화명칭목록 2026-06-30 code=3048 sha256=4a523f990553
ing_pending_ada838878730,,rubus_idaeus_leaf_cell_culture,official_exact,high,KCIA 표준화명칭목록 2026-06-30 code=9281 sha256=4a523f990553
ing_pending_add70c008235,,coco_glucoside,official_exact,high,KCIA 표준화명칭목록 2026-06-30 code=3041 sha256=4a523f990553
ing_pending_ade1f5533341,,magnesium_carbonate,official_exact,high,KCIA 표준화명칭목록 2026-06-30 code=57 sha256=4a523f990553
ing_pending_adf6ce86f092,,methyl_glucose_dioleate,official_exact,high,KCIA 표준화명칭목록 2026-06-30 code=171 sha256=4a523f990553
ing_pending_adf997508adf,,sodium_dilauramidoglutamide_lysine,official_exact,high,KCIA 표준화명칭목록 2026-06-30 code=1045 sha256=4a523f990553
ing_pending_ae0679466bea,,lauryl_betaine,official_exact,high,KCIA 표준화명칭목록 2026-06-30 code=5384 sha256=4a523f990553
ing_pending_ae2e816d9e36,,mentha_piperita_peppermint_leaf_extract,official_exact,high,KCIA 표준화명칭목록 2026-06-30 code=3607 sha256=4a523f990553
ing_pending_ae518e7ce649,,hydrogenated_phosphatidylcholine,official_exact,high,KCIA 표준화명칭목록 2026-06-30 code=4613 sha256=4a523f990553
ing_pending_ae86ab12faa7,,polyacrylate_13,official_exact,high,KCIA 표준화명칭목록 2026-06-30 code=3878 sha256=4a523f990553
ing_pending_ae9fa1bd4d57,,centella_asiatica_extract,official_exact,high,KCIA 표준화명칭목록 2026-06-30 code=540 sha256=4a523f990553
ing_pending_aeaf8c67feab,,sorbic_acid,existing_identity,high,KCIA 표준화명칭목록 2026-06-30 code=1299 sha256=4a523f990553
ing_pending_aeb065fead91,,hydroxyethylcellulose,official_exact,high,KCIA 표준화명칭목록 2026-06-30 code=4653 sha256=4a523f990553
ing_pending_aebbdaeaef1b,,jania_rubens_extract,official_exact,high,KCIA 표준화명칭목록 2026-06-30 code=1600 sha256=4a523f990553
ing_pending_aecf89929d19,,hydrolyzed_algin,official_exact,high,KCIA 표준화명칭목록 2026-06-30 code=4774 sha256=4a523f990553
ing_pending_aed582bac2f3,,zinc_stearate,existing_identity,high,KCIA 표준화명칭목록 2026-06-30 code=2775 sha256=4a523f990553
ing_pending_aee5e689940a,,trimethylsiloxyamodimethicone,official_exact,high,KCIA 표준화명칭목록 2026-06-30 code=3342 sha256=4a523f990553
ing_pending_aee910c6510d,,ribes_nigrum_black_currant_seed_oil,official_exact,high,KCIA 표준화명칭목록 2026-06-30 code=660 sha256=4a523f990553
ing_pending_aefce68fa7a5,,glyceryl_acrylate_acrylic_acid_copolymer,official_exact,high,KCIA 표준화명칭목록 2026-06-30 code=1257 sha256=4a523f990553
ing_pending_af02f5ae00bb,,sodium_gluconate,official_exact,high,KCIA 표준화명칭목록 2026-06-30 code=1036 sha256=4a523f990553
ing_pending_af0b30241251,,proline,official_exact,high,KCIA 표준화명칭목록 2026-06-30 code=4019 sha256=4a523f990553
ing_pending_af1243b01ed1,,glycine_soja_soybean_extract,official_exact,high,KCIA 표준화명칭목록 2026-06-30 code=8228 sha256=4a523f990553
ing_pending_af17f8ffac59,,m_aminophenol,official_exact,high,KCIA 표준화명칭목록 2026-06-30 code=18685 sha256=4a523f990553
ing_pending_af19b133c9f4,,peg_200_glyceryl_stearate,official_exact,high,KCIA 표준화명칭목록 2026-06-30 code=4122 sha256=4a523f990553
ing_pending_af3794bf87d9,,pinus_sylvestris_leaf_oil,official_exact,high,KCIA 표준화명칭목록 2026-06-30 code=185 sha256=4a523f990553
ing_pending_af4fdb46fbd9,,lithospermum_erythrorhizon_root_extract,official_exact,high,KCIA 표준화명칭목록 2026-06-30 code=2597 sha256=4a523f990553
ing_pending_af6d78025659,,elettaria_cardamomum_seed_oil,official_exact,high,KCIA 표준화명칭목록 2026-06-30 code=1032 sha256=4a523f990553
ing_pending_af7829d94577,,bixa_orellana_seed_oil,official_exact,high,KCIA 표준화명칭목록 2026-06-30 code=736 sha256=4a523f990553
ing_pending_af8729147495,,ulmus_fulva_bark_extract,official_exact,high,KCIA 표준화명칭목록 2026-06-30 code=1499 sha256=4a523f990553
ing_pending_af8969ca119c,,oryza_sativa_rice_powder,official_exact,high,KCIA 표준화명칭목록 2026-06-30 code=1570 sha256=4a523f990553
ing_pending_afa4993bc9d8,,tuber_melanosporum_extract,official_exact,high,KCIA 표준화명칭목록 2026-06-30 code=856 sha256=4a523f990553
ing_pending_afa7495ba422,,plantago_lanceolata_leaf_extract,official_exact,high,KCIA 표준화명칭목록 2026-06-30 code=2805 sha256=4a523f990553
ing_pending_afb0fedebae8,,hypnea_musciformis_extract,official_exact,high,KCIA 표준화명칭목록 2026-06-30 code=110 sha256=4a523f990553
ing_pending_afb30d01ff7b,,glyceryl_acrylate_acrylic_acid_copolymer,official_exact,high,KCIA 표준화명칭목록 2026-06-30 code=1257 sha256=4a523f990553
ing_pending_afbb91321a23,,butylparaben,official_exact,high,KCIA 표준화명칭목록 2026-06-30 code=607 sha256=4a523f990553
ing_pending_afd4a7a0cb44,,phytosteryl_macadamiate,official_exact,high,KCIA 표준화명칭목록 2026-06-30 code=4432 sha256=4a523f990553
ing_pending_afddf508c9c1,,coco_caprylate_caprate,official_exact,high,KCIA 표준화명칭목록 2026-06-30 code=3069 sha256=4a523f990553
ing_pending_afea4c5a7836,,cinnamyl_alcohol,official_exact,high,KCIA 표준화명칭목록 2026-06-30 code=1541 sha256=4a523f990553
ing_pending_aff3b4bc4a1f,,prunus_mume_fruit_extract,official_exact,high,KCIA 표준화명칭목록 2026-06-30 code=150 sha256=4a523f990553
ing_pending_affa67f92df4,,glycosphingolipids,official_exact,high,KCIA 표준화명칭목록 2026-06-30 code=537 sha256=4a523f990553
ing_pending_b016ac35a4ad,,oleth_10,official_exact,high,KCIA 표준화명칭목록 2026-06-30 code=2258 sha256=4a523f990553
ing_pending_b03b96e4aa04,,basic_red_51,official_exact,high,KCIA 표준화명칭목록 2026-06-30 code=10094 sha256=4a523f990553
ing_pending_b03ec9c9f354,,psidium_guajava_fruit_extract,official_exact,high,KCIA 표준화명칭목록 2026-06-30 code=89 sha256=4a523f990553
ing_pending_b04d7d8de504,,epigallocatechin_gallatyl_glucoside,official_exact,high,KCIA 표준화명칭목록 2026-06-30 code=7184 sha256=4a523f990553
ing_pending_b0556daaed6a,,azulene,official_exact,high,KCIA 표준화명칭목록 2026-06-30 code=5729 sha256=4a523f990553
ing_pending_b05bcf3eb84c,,pistacia_lentiscus_mastic_gum,official_exact,high,KCIA 표준화명칭목록 2026-06-30 code=148 sha256=4a523f990553
ing_pending_b05e4bac16da,,chloroxylenol,official_exact,high,KCIA 표준화명칭목록 2026-06-30 code=3194 sha256=4a523f990553
ing_pending_b07766a67e97,,phaeodactylum_tricornutum_extract,official_exact,high,KCIA 표준화명칭목록 2026-06-30 code=3512 sha256=4a523f990553
ing_pending_b07cac0146d5,,silica_dimethicone_silylate,official_exact,high,KCIA 표준화명칭목록 2026-06-30 code=7728 sha256=4a523f990553
ing_pending_b07f1467745a,,potassium_chloride,existing_identity,high,KCIA 표준화명칭목록 2026-06-30 code=3702 sha256=4a523f990553
ing_pending_b08e2551b674,,camellia_sinensis_extract,official_exact,high,KCIA 표준화명칭목록 2026-06-30 code=23412 sha256=4a523f990553
ing_pending_b0b98844fb71,,vitis_vinifera_grape_seed_oil,official_exact,high,KCIA 표준화명칭목록 2026-06-30 code=3651 sha256=4a523f990553
ing_pending_b0c943b0a5ef,,tyrosine,official_exact,high,KCIA 표준화명칭목록 2026-06-30 code=3231 sha256=4a523f990553
ing_pending_b105744b45a7,,methoxy_amodimethicone_silsesquioxane_copolymer,official_exact,high,KCIA 표준화명칭목록 2026-06-30 code=233 sha256=4a523f990553
ing_pending_b1069ae5249d,,phytosterols,official_exact,high,KCIA 표준화명칭목록 2026-06-30 code=4429 sha256=4a523f990553
ing_pending_b11dbef6c330,,aspartic_acid,official_exact,high,KCIA 표준화명칭목록 2026-06-30 code=1736 sha256=4a523f990553
ing_pending_b1390655fe0e,,cetearyl_ethylhexanoate,official_exact,high,KCIA 표준화명칭목록 2026-06-30 code=975 sha256=4a523f990553
ing_pending_b177a8cc4c82,,agar,official_exact,high,KCIA 표준화명칭목록 2026-06-30 code=1602 sha256=4a523f990553
ing_pending_b1acc801f70c,,polyglycerin_4,official_exact,high,KCIA 표준화명칭목록 2026-06-30 code=11274 sha256=4a523f990553
ing_pending_b1ae1df45468,,citrus_grandis_grapefruit_peel_oil,official_exact,high,KCIA 표준화명칭목록 2026-06-30 code=2317 sha256=4a523f990553
ing_pending_b1b688fd3a34,,polyglyceryl_10_oleate,official_exact,high,KCIA 표준화명칭목록 2026-06-30 code=3791 sha256=4a523f990553
ing_pending_b1bb5fd4439d,,methylglucamine,official_exact,high,KCIA 표준화명칭목록 2026-06-30 code=170 sha256=4a523f990553
ing_pending_b1c1d5e30dc1,,candida_bombicola_glucose_methyl_rapeseedate_ferment,official_exact,high,KCIA 표준화명칭목록 2026-06-30 code=2939 sha256=4a523f990553
ing_pending_b1da05ed88af,,vaccinium_myrtillus_leaf_extract,official_exact,high,KCIA 표준화명칭목록 2026-06-30 code=742 sha256=4a523f990553
ing_pending_b1dc4b11248c,,sodium_dehydroacetate,official_exact,high,KCIA 표준화명칭목록 2026-06-30 code=1042 sha256=4a523f990553
ing_pending_b201bc66ffc3,,cystine_bis_pg_propyl_silanetriol,official_exact,high,KCIA 표준화명칭목록 2026-06-30 code=1518 sha256=4a523f990553
ing_pending_b2040d79f857,,citrus_paradisi_grapefruit_fruit_extract,official_exact,high,KCIA 표준화명칭목록 2026-06-30 code=2602 sha256=4a523f990553
ing_pending_b2044c4b74cd,,dimethylmethoxy_chromanol,official_exact,high,KCIA 표준화명칭목록 2026-06-30 code=6122 sha256=4a523f990553
ing_pending_b2364b737d90,,sea_salt,official_exact,high,KCIA 표준화명칭목록 2026-06-30 code=1597 sha256=4a523f990553
ing_pending_b25c9cbe8aaf,,polyglyceryl_6_distearate,official_exact,high,KCIA 표준화명칭목록 2026-06-30 code=3744 sha256=4a523f990553
ing_pending_b2640c4d2718,,peg_40_hydrogenated_castor_oil,official_exact,high,KCIA 표준화명칭목록 2026-06-30 code=4406 sha256=4a523f990553
ing_pending_b28f4d3ff0df,,hamamelis_virginiana_witch_hazel_water,official_exact,high,KCIA 표준화명칭목록 2026-06-30 code=2371 sha256=4a523f990553
ing_pending_b2b61de74d72,,selaginella_lepidophylla_extract,official_exact,high,KCIA 표준화명칭목록 2026-06-30 code=7354 sha256=4a523f990553
ing_pending_b2ef0a4bbed1,,xylitol,official_exact,high,KCIA 표준화명칭목록 2026-06-30 code=2620 sha256=4a523f990553
ing_pending_b2efa9113c86,,caramel,existing_identity,high,KCIA 표준화명칭목록 2026-06-30 code=2864 sha256=4a523f990553
ing_pending_b309a6ee1c32,,artemisia_vulgaris_oil,official_exact,high,KCIA 표준화명칭목록 2026-06-30 code=6841 sha256=4a523f990553
ing_pending_b30b3b042ef1,,dehydroacetic_acid,official_exact,high,KCIA 표준화명칭목록 2026-06-30 code=3721 sha256=4a523f990553
ing_pending_b333e1b1e30e,,citrus_aurantium_dulcis_orange_oil,official_exact,high,KCIA 표준화명칭목록 2026-06-30 code=2154 sha256=4a523f990553
ing_pending_b3ae6f483af2,,rhamnose,official_exact,high,KCIA 표준화명칭목록 2026-06-30 code=5454 sha256=4a523f990553
ing_pending_b3aff776de17,,tridecyl_salicylate,official_exact,high,KCIA 표준화명칭목록 2026-06-30 code=3331 sha256=4a523f990553
ing_pending_b3df2892adc2,,nymphaea_alba_root_extract,official_exact,high,KCIA 표준화명칭목록 2026-06-30 code=1338 sha256=4a523f990553
ing_pending_b3f57bc2c864,,freesia_refracta_extract,official_exact,high,KCIA 표준화명칭목록 2026-06-30 code=4025 sha256=4a523f990553
ing_pending_b3f81a399718,,leontopodium_alpinum_callus_culture_extract,official_exact,high,KCIA 표준화명칭목록 2026-06-30 code=7082 sha256=4a523f990553
ing_pending_b409f0f52062,,lactobacillus_ferment,official_exact,high,KCIA 표준화명칭목록 2026-06-30 code=5433 sha256=4a523f990553
ing_pending_b4148e99115c,,nylon_12,existing_identity,high,KCIA 표준화명칭목록 2026-06-30 code=2007 sha256=4a523f990553
ing_pending_b42c27093a1f,,narcissus_tazetta_bulb_extract,official_exact,high,KCIA 표준화명칭목록 2026-06-30 code=1342 sha256=4a523f990553
ing_pending_b431ba3342a2,,helichrysum_arenarium_extract,official_exact,high,KCIA 표준화명칭목록 2026-06-30 code=2021 sha256=4a523f990553
ing_pending_b446d78e7257,,ocimum_basilicum_basil_oil,official_exact,high,KCIA 표준화명칭목록 2026-06-30 code=397 sha256=4a523f990553
ing_pending_b44a0c75dbd4,,ethoxydiglycol,official_exact,high,KCIA 표준화명칭목록 2026-06-30 code=2098 sha256=4a523f990553
ing_pending_b4591f3c6870,,proline,official_exact,high,KCIA 표준화명칭목록 2026-06-30 code=4019 sha256=4a523f990553
ing_pending_b485c13d2e37,,amodimethicone,existing_identity,high,KCIA 표준화명칭목록 2026-06-30 code=1649 sha256=4a523f990553
ing_pending_b4889f91d491,,paeonia_suffruticosa_root_extract,official_exact,high,KCIA 표준화명칭목록 2026-06-30 code=266 sha256=4a523f990553
ing_pending_b48936105b7e,,phenyl_trimethicone,official_exact,high,KCIA 표준화명칭목록 2026-06-30 code=3586 sha256=4a523f990553
ing_pending_b4d78af318d0,,ethylhexyl_triazone,existing_identity,high,KCIA 표준화명칭목록 2026-06-30 code=2087 sha256=4a523f990553
ing_pending_b4e38357fc7e,,polypropylene,official_exact,high,KCIA 표준화명칭목록 2026-06-30 code=3960 sha256=4a523f990553
ing_pending_b51508653cac,,geraniol,existing_identity,high,KCIA 표준화명칭목록 2026-06-30 code=2704 sha256=4a523f990553
ing_pending_b52be96319c3,,melaleuca_alternifolia_tea_tree_leaf_oil,official_exact,high,KCIA 표준화명칭목록 2026-06-30 code=3468 sha256=4a523f990553
ing_pending_b53586d23b18,,hydrolyzed_vegetable_protein,official_exact,high,KCIA 표준화명칭목록 2026-06-30 code=4761 sha256=4a523f990553
ing_pending_b5379b092ca4,,glycol_stearate,official_exact,high,KCIA 표준화명칭목록 2026-06-30 code=669 sha256=4a523f990553
ing_pending_b565476a9721,,cetearyl_glucoside,existing_identity,high,KCIA 표준화명칭목록 2026-06-30 code=969 sha256=4a523f990553
ing_pending_b58b306c4e73,,prunus_persica_peach_kernel_extract,official_exact,high,KCIA 표준화명칭목록 2026-06-30 code=3876 sha256=4a523f990553
ing_pending_b5983e2d1a04,,dicetyldimonium_chloride,official_exact,high,KCIA 표준화명칭목록 2026-06-30 code=5088 sha256=4a523f990553
ing_pending_b5a5d03cc3ce,,butane,official_exact,high,KCIA 표준화명칭목록 2026-06-30 code=578 sha256=4a523f990553
ing_pending_b5b2c28dd2ad,,hydroxypropyl_methylcellulose_stearoxy_ether,official_exact,high,KCIA 표준화명칭목록 2026-06-30 code=4676 sha256=4a523f990553
ing_pending_b5c04ea04648,,padina_pavonica_thallus_extract,official_exact,high,KCIA 표준화명칭목록 2026-06-30 code=872 sha256=4a523f990553
ing_pending_b5c4c5012761,,castanea_crenata_chestnut_shell_extract,official_exact,high,KCIA 표준화명칭목록 2026-06-30 code=421 sha256=4a523f990553
ing_pending_b5c56cd0820d,,cetearyl_glucoside,official_exact,high,KCIA 표준화명칭목록 2026-06-30 code=969 sha256=4a523f990553
ing_pending_b5f923a0e487,,pentaerythrityl_tetraisostearate,official_exact,high,KCIA 표준화명칭목록 2026-06-30 code=3628 sha256=4a523f990553
ing_pending_b614d1b78c1b,,hydrolyzed_wheat_starch,official_exact,high,KCIA 표준화명칭목록 2026-06-30 code=4749 sha256=4a523f990553
ing_pending_b614e4422ac2,,anastatica_hierochuntica_extract,official_exact,high,KCIA 표준화명칭목록 2026-06-30 code=5731 sha256=4a523f990553
ing_pending_b62bef2eb1d1,,ferric_ferrocyanide,official_exact,high,KCIA 표준화명칭목록 2026-06-30 code=3596 sha256=4a523f990553
ing_pending_b63dd75f15c4,,melaleuca_alternifolia_tea_tree_leaf_water,official_exact,high,KCIA 표준화명칭목록 2026-06-30 code=6303 sha256=4a523f990553
ing_pending_b6511914c616,,cymbopogon_schoenanthus_extract,official_exact,high,KCIA 표준화명칭목록 2026-06-30 code=5465 sha256=4a523f990553
ing_pending_b659747b9858,,rehmannia_chinensis_root_extract,official_exact,high,KCIA 표준화명칭목록 2026-06-30 code=2758 sha256=4a523f990553
ing_pending_b6891f803fb7,,linalool,official_exact,high,KCIA 표준화명칭목록 2026-06-30 code=9 sha256=4a523f990553
ing_pending_b6ac28070b1f,,mentha_viridis_spearmint_extract,official_exact,high,KCIA 표준화명칭목록 2026-06-30 code=1494 sha256=4a523f990553
ing_pending_b6cc3fe13eac,,trideceth_5,official_exact,high,KCIA 표준화명칭목록 2026-06-30 code=6074 sha256=4a523f990553
ing_pending_b70c2cf8313e,,citrus_aurantium_amara_bitter_orange_flower_extract,official_exact,high,KCIA 표준화명칭목록 2026-06-30 code=726 sha256=4a523f990553
ing_pending_b71c07889d30,,chamomilla_recutita_matricaria_extract,official_exact,high,KCIA 표준화명칭목록 2026-06-30 code=8531 sha256=4a523f990553
ing_pending_b73733d88c4e,,citrus_limon_lemon_juice,official_exact,high,KCIA 표준화명칭목록 2026-06-30 code=5478 sha256=4a523f990553
ing_pending_b73ce33ae697,,propane,official_exact,high,KCIA 표준화명칭목록 2026-06-30 code=3985 sha256=4a523f990553
ing_pending_b7416c898a86,,polyquaternium_70,official_exact,high,KCIA 표준화명칭목록 2026-06-30 code=6852 sha256=4a523f990553
ing_pending_b75fea71e1c2,,diamond_powder,official_exact,high,KCIA 표준화명칭목록 2026-06-30 code=2988 sha256=4a523f990553
ing_pending_b764ddb00e48,,isobutylmethacrylate_bis_hydroxypropyl_dimethicone_acr_kcia_2457,official_exact,high,KCIA 표준화명칭목록 2026-06-30 code=2457 sha256=4a523f990553
ing_pending_b7672d3020c6,,rhus_succedanea_fruit_wax,official_exact,high,KCIA 표준화명칭목록 2026-06-30 code=4467 sha256=4a523f990553
ing_pending_b76dcfcfdf0e,,hydrolyzed_rice_extract,official_exact,high,KCIA 표준화명칭목록 2026-06-30 code=4771 sha256=4a523f990553
ing_pending_b7acc3b377a1,,polyglyceryl_4_isostearate,existing_identity,high,KCIA 표준화명칭목록 2026-06-30 code=3794 sha256=4a523f990553
ing_pending_b7adf7351084,,cocos_nucifera_coconut_oil,official_exact,high,KCIA 표준화명칭목록 2026-06-30 code=3048 sha256=4a523f990553
ing_pending_b7afe45fe465,,achillea_millefolium_extract,official_exact,high,KCIA 표준화명칭목록 2026-06-30 code=877 sha256=4a523f990553
ing_pending_b7b541f0fe8c,,sucrose,official_exact,high,KCIA 표준화명칭목록 2026-06-30 code=1367 sha256=4a523f990553
ing_pending_b7c9bfeff8ba,,sucrose_tetrastearate_triacetate,official_exact,high,KCIA 표준화명칭목록 2026-06-30 code=1378 sha256=4a523f990553
ing_pending_b7d85402caa7,,capryloyl_salicylic_acid,existing_identity,high,KCIA 표준화명칭목록 2026-06-30 code=2915 sha256=4a523f990553
ing_pending_b7dbc25f8fb4,,bis_ethylhexyloxyphenol_methoxyphenyl_triazine,official_exact,high,KCIA 표준화명칭목록 2026-06-30 code=695 sha256=4a523f990553
ing_pending_b7f0c627f520,,silanetriol,official_exact,high,KCIA 표준화명칭목록 2026-06-30 code=6016 sha256=4a523f990553
ing_pending_b801c565d9b0,,maltose,official_exact,high,KCIA 표준화명칭목록 2026-06-30 code=127 sha256=4a523f990553
ing_pending_b81076177b03,,aloe_barbadensis_flower_extract,official_exact,high,KCIA 표준화명칭목록 2026-06-30 code=1832 sha256=4a523f990553
ing_pending_b83639cb73b2,,nelumbium_speciosum_flower_extract,official_exact,high,KCIA 표준화명칭목록 2026-06-30 code=2128 sha256=4a523f990553
ing_pending_b84977e5d262,,vaccinium_myrtillus_seed_oil,official_exact,high,KCIA 표준화명칭목록 2026-06-30 code=739 sha256=4a523f990553
ing_pending_b877a88272ea,,monarda_didyma_leaf_extract,official_exact,high,KCIA 표준화명칭목록 2026-06-30 code=463 sha256=4a523f990553
ing_pending_b87f7ef075bc,,decyl_oleate,official_exact,high,KCIA 표준화명칭목록 2026-06-30 code=3622 sha256=4a523f990553
ing_pending_b88d5fb89334,,prunus_persica_peach_flower_extract,official_exact,high,KCIA 표준화명칭목록 2026-06-30 code=559 sha256=4a523f990553
ing_pending_b89315e4313c,,zinc_hydrolyzed_hyaluronate,official_exact,high,KCIA 표준화명칭목록 2026-06-30 code=10512 sha256=4a523f990553
ing_pending_b8c6b1dcd92a,,pogostemon_cablin_leaf_stem_extract,official_exact,high,KCIA 표준화명칭목록 2026-06-30 code=15888 sha256=4a523f990553
ing_pending_b8d13cd742ed,,cetrimonium_bromide,official_exact,high,KCIA 표준화명칭목록 2026-06-30 code=984 sha256=4a523f990553
ing_pending_b8dd10ad4987,,c12_15_alkyl_benzoate,official_exact,high,KCIA 표준화명칭목록 2026-06-30 code=1917 sha256=4a523f990553
ing_pending_b8fcacf1ff60,,laurdimonium_hydroxypropyl_hydrolyzed_barley_protein,official_exact,high,KCIA 표준화명칭목록 2026-06-30 code=22434 sha256=4a523f990553
ing_pending_b9148b724cbe,,saccharum_officinarum_sugarcane_extract,official_exact,high,KCIA 표준화명칭목록 2026-06-30 code=779 sha256=4a523f990553
ing_pending_b92595fb3ed1,,methicone,existing_identity,high,KCIA 표준화명칭목록 2026-06-30 code=166 sha256=4a523f990553
ing_pending_b94b0318d7f3,,brassica_oleracea_capitata_cabbage_leaf_extract,official_exact,high,KCIA 표준화명칭목록 2026-06-30 code=1994 sha256=4a523f990553
ing_pending_b96bd9a1a920,,rosmarinus_officinalis_rosemary_leaf_extract,official_exact,high,KCIA 표준화명칭목록 2026-06-30 code=5513 sha256=4a523f990553
ing_pending_b96dc673d579,,triethanolamine,existing_identity,high,KCIA 표준화명칭목록 2026-06-30 code=3386 sha256=4a523f990553
ing_pending_b9867ecde2b3,,cetyl_alcohol,official_exact,high,KCIA 표준화명칭목록 2026-06-30 code=996 sha256=4a523f990553
ing_pending_b99355e14b64,,sodium_acrylates_copolymer,official_exact,high,KCIA 표준화명칭목록 2026-06-30 code=1160 sha256=4a523f990553
ing_pending_b9c33e90f56a,,vitis_vinifera_grape_fruit_extract,official_exact,high,KCIA 표준화명칭목록 2026-06-30 code=3657 sha256=4a523f990553
ing_pending_b9d61652a921,,glyceryl_stearate_se,official_exact,high,KCIA 표준화명칭목록 2026-06-30 code=1224 sha256=4a523f990553
ing_pending_b9e7eaf539ad,,folic_acid,official_exact,high,KCIA 표준화명칭목록 2026-06-30 code=3965 sha256=4a523f990553
ing_pending_ba0b951c5bb8,,prunus_persica_peach_fruit_extract,official_exact,high,KCIA 표준화명칭목록 2026-06-30 code=564 sha256=4a523f990553
ing_pending_ba0e9164f083,,ammonium_polyacryloyldimethyl_taurate,official_exact,high,KCIA 표준화명칭목록 2026-06-30 code=1961 sha256=4a523f990553
ing_pending_ba36352a0d84,,vanillin,existing_identity,high,KCIA 표준화명칭목록 2026-06-30 code=383 sha256=4a523f990553
ing_pending_ba52b9fc172d,,acetyl_heptapeptide_4,official_exact,high,KCIA 표준화명칭목록 2026-06-30 code=1719 sha256=4a523f990553
ing_pending_ba54e106f57a,,melia_azadirachta_leaf_extract,official_exact,high,KCIA 표준화명칭목록 2026-06-30 code=2556 sha256=4a523f990553
ing_pending_ba742831f8c7,,glyceryl_stearate,official_exact,high,KCIA 표준화명칭목록 2026-06-30 code=7644 sha256=4a523f990553
ing_pending_ba7522ab32bd,,cetearyl_alcohol,official_exact,high,KCIA 표준화명칭목록 2026-06-30 code=974 sha256=4a523f990553
ing_pending_ba75de885906,,olea_europaea_olive_oil_unsaponifiables,official_exact,high,KCIA 표준화명칭목록 2026-06-30 code=2304 sha256=4a523f990553
ing_pending_ba8584f61257,,aminomethyl_propanol,official_exact,high,KCIA 표준화명칭목록 2026-06-30 code=1653 sha256=4a523f990553
ing_pending_ba85afa4fae4,,sodium_cocoyl_amino_acids,official_exact,high,KCIA 표준화명칭목록 2026-06-30 code=1209 sha256=4a523f990553
ing_pending_baa2c60e1f88,,hydrogenated_coco_glycerides,official_exact,high,KCIA 표준화명칭목록 2026-06-30 code=4594 sha256=4a523f990553
ing_pending_baa6765d5069,,basic_violet_2,official_exact,high,KCIA 표준화명칭목록 2026-06-30 code=10398 sha256=4a523f990553
ing_pending_baa9ed51149e,,prunus_armeniaca_apricot_kernel_oil,official_exact,high,KCIA 표준화명칭목록 2026-06-30 code=809 sha256=4a523f990553
ing_pending_bab41294a88e,,passiflora_edulis_fruit_extract,official_exact,high,KCIA 표준화명칭목록 2026-06-30 code=5414 sha256=4a523f990553
ing_pending_bab41c7ac396,,rosa_rugosa_flower_extract,official_exact,high,KCIA 표준화명칭목록 2026-06-30 code=4835 sha256=4a523f990553
ing_pending_bab6469792cf,,astaxanthin,official_exact,high,KCIA 표준화명칭목록 2026-06-30 code=1730 sha256=4a523f990553
ing_pending_baf85dbd87d0,,propylene_glycol,official_exact,high,KCIA 표준화명칭목록 2026-06-30 code=3992 sha256=4a523f990553
ing_pending_bb01f6e7d411,,pantethine,official_exact,high,KCIA 표준화명칭목록 2026-06-30 code=3533 sha256=4a523f990553
ing_pending_bb0b17991140,,phytosteryl_isostearyl_cetyl_stearyl_behenyl_dimer_dilinoleate,official_exact,high,KCIA 표준화명칭목록 2026-06-30 code=4439 sha256=4a523f990553
ing_pending_bb0dacb2b177,,sorbitan_trioleate,official_exact,high,KCIA 표준화명칭목록 2026-06-30 code=1295 sha256=4a523f990553
ing_pending_bb2331d971a2,,zea_mays_corn_oil,official_exact,high,KCIA 표준화명칭목록 2026-06-30 code=2200 sha256=4a523f990553
ing_pending_bb28e0c8eaf9,,dibutyl_adipate,official_exact,high,KCIA 표준화명칭목록 2026-06-30 code=5080 sha256=4a523f990553
ing_pending_bb2b8e6a68ce,,polyacrylamide,official_exact,high,KCIA 표준화명칭목록 2026-06-30 code=3884 sha256=4a523f990553
ing_pending_bb3bd54a70d5,,alteromonas_ferment_extract,official_exact,high,KCIA 표준화명칭목록 2026-06-30 code=1929 sha256=4a523f990553
ing_pending_bb517c9c1ec4,,subtilisin,official_exact,high,KCIA 표준화명칭목록 2026-06-30 code=838 sha256=4a523f990553
ing_pending_bb610db69acd,,opuntia_ficus_indica_fruit_extract,official_exact,high,KCIA 표준화명칭목록 2026-06-30 code=899 sha256=4a523f990553
ing_pending_bb72c78c75c0,,lauryl_polyglyceryl_3_polydimethylsiloxyethyl_dimethicone,official_exact,high,KCIA 표준화명칭목록 2026-06-30 code=5390 sha256=4a523f990553
ing_pending_bb9744e0d492,,sodium_lauryl_sulfate,official_exact,high,KCIA 표준화명칭목록 2026-06-30 code=1080 sha256=4a523f990553
ing_pending_bbc493f653a6,,hydrogenated_lecithin,official_exact,high,KCIA 표준화명칭목록 2026-06-30 code=4546 sha256=4a523f990553
ing_pending_bbd4f57951e9,,rubus_idaeus_raspberry_fruit_extract,official_exact,high,KCIA 표준화명칭목록 2026-06-30 code=5422 sha256=4a523f990553
ing_pending_bbf394c14430,,glyceryl_polymethacrylate,official_exact,high,KCIA 표준화명칭목록 2026-06-30 code=1473 sha256=4a523f990553
ing_pending_bbf97afcc8bc,,acetyl_tetrapeptide_5,official_exact,high,KCIA 표준화명칭목록 2026-06-30 code=1707 sha256=4a523f990553
ing_pending_bc336c511ca4,,theobroma_grandiflorum_seed_butter,official_exact,high,KCIA 표준화명칭목록 2026-06-30 code=3073 sha256=4a523f990553
ing_pending_bc33e8ef1269,,kaolin,official_exact,high,KCIA 표준화명칭목록 2026-06-30 code=2892 sha256=4a523f990553
ing_pending_bc5bdcc421fd,,citrus_aurantium_bergamia_bergamot_leaf_extract,official_exact,high,KCIA 표준화명칭목록 2026-06-30 code=462 sha256=4a523f990553
ing_pending_bc5d49b1ba0e,,dextrin,official_exact,high,KCIA 표준화명칭목록 2026-06-30 code=3787 sha256=4a523f990553
ing_pending_bc7f12d9157b,,lactobacillus_pumpkin_ferment_extract,official_exact,high,KCIA 표준화명칭목록 2026-06-30 code=5442 sha256=4a523f990553
ing_pending_bcb58e4f0ed8,,beta_vulgaris_beet_root_extract,official_exact,high,KCIA 표준화명칭목록 2026-06-30 code=730 sha256=4a523f990553
ing_pending_bcba0699ed29,,paullinia_cupana_seed_extract,official_exact,high,KCIA 표준화명칭목록 2026-06-30 code=5370 sha256=4a523f990553
ing_pending_bcc325709f2d,,ubiquinone,official_exact,high,KCIA 표준화명칭목록 2026-06-30 code=2391 sha256=4a523f990553
ing_pending_bcd90b6339aa,,vinegar,official_exact,high,KCIA 표준화명칭목록 2026-06-30 code=671 sha256=4a523f990553
ing_pending_bcecb7031334,,sodium_cocoyl_glutamate,existing_identity,high,KCIA 표준화명칭목록 2026-06-30 code=1206 sha256=4a523f990553
ing_pending_bcf7783e7fe4,,leuconostoc_radish_root_ferment_filtrate,official_exact,high,KCIA 표준화명칭목록 2026-06-30 code=6 sha256=4a523f990553
ing_pending_bcfa363947e2,,triacetin,official_exact,high,KCIA 표준화명칭목록 2026-06-30 code=3378 sha256=4a523f990553
ing_pending_bd084feff58b,,t_butyl_alcohol,official_exact,high,KCIA 표준화명칭목록 2026-06-30 code=600 sha256=4a523f990553
ing_pending_bd0dbf1fa973,,tamarindus_indica_seed_polysaccharide,official_exact,high,KCIA 표준화명칭목록 2026-06-30 code=3228 sha256=4a523f990553
ing_pending_bd18f05971a8,,argania_spinosa_kernel_oil,official_exact,high,KCIA 표준화명칭목록 2026-06-30 code=1641 sha256=4a523f990553
ing_pending_bd330ce69e96,,basic_red_76,official_exact,high,KCIA 표준화명칭목록 2026-06-30 code=10093 sha256=4a523f990553
ing_pending_bd366b418a69,,cladosiphon_okamuranus_extract,official_exact,high,KCIA 표준화명칭목록 2026-06-30 code=3179 sha256=4a523f990553
ing_pending_bd5f92e24f5b,,auricula_vitis_labrusca_fruit_helianthus_tuberosus_tub_kcia_6682,existing_identity,high,KCIA 표준화명칭목록 2026-06-30 code=6682 sha256=4a523f990553
ing_pending_bd651ac68aab,,benzyl_benzoate,official_exact,high,KCIA 표준화명칭목록 2026-06-30 code=522 sha256=4a523f990553
ing_pending_bd76dfd9f575,,palmitoyl_tripeptide_1,official_exact,high,KCIA 표준화명칭목록 2026-06-30 code=3549 sha256=4a523f990553
ing_pending_bd7d14f39b72,,acrylates_stearyl_acrylate_dimethicone_methacrylate_copolymer,official_exact,high,KCIA 표준화명칭목록 2026-06-30 code=1773 sha256=4a523f990553
ing_pending_bd907e6ed54b,,bis_ethylhexyloxyphenol_methoxyphenyl_triazine,official_exact,high,KCIA 표준화명칭목록 2026-06-30 code=695 sha256=4a523f990553
ing_pending_bd99d7bdfbcc,,mangifera_indica_mango_seed_oil,official_exact,high,KCIA 표준화명칭목록 2026-06-30 code=139 sha256=4a523f990553
ing_pending_bda0af09aba5,,cocamide_mipa,official_exact,high,KCIA 표준화명칭목록 2026-06-30 code=3030 sha256=4a523f990553
ing_pending_bdbf4450a146,,centella_asiatica_flower_leaf_stem_extract,official_exact,high,KCIA 표준화명칭목록 2026-06-30 code=16332 sha256=4a523f990553
ing_pending_bdc5cb9e6076,,glycine_max_soybean_polypeptide,official_exact,high,KCIA 표준화명칭목록 2026-06-30 code=3360 sha256=4a523f990553
ing_pending_bddd2e813182,,ocimum_basilicum_basil_leaf_extract,official_exact,high,KCIA 표준화명칭목록 2026-06-30 code=398 sha256=4a523f990553
ing_pending_bdf216436392,,behenyl_alcohol,official_exact,high,KCIA 표준화명칭목록 2026-06-30 code=491 sha256=4a523f990553
ing_pending_bdfdb7cc90b6,,helianthus_annuus_sunflower_seed_wax_helianthus_annuus_seed_cera,official_exact,high,KCIA 표준화명칭목록 2026-06-30 code=6863 sha256=4a523f990553
ing_pending_be11234b865a,,hydrolyzed_vegetable_protein_pg_propyl_silanetriol,official_exact,high,KCIA 표준화명칭목록 2026-06-30 code=4762 sha256=4a523f990553
ing_pending_be257f707ec9,,arginine,official_exact,high,KCIA 표준화명칭목록 2026-06-30 code=1883 sha256=4a523f990553
ing_pending_be284897ae95,,rhamnose,official_exact,high,KCIA 표준화명칭목록 2026-06-30 code=5454 sha256=4a523f990553
ing_pending_be3496867040,,pvp,official_exact,high,KCIA 표준화명칭목록 2026-06-30 code=4069 sha256=4a523f990553
ing_pending_be34f4c1b403,,glucose,official_exact,high,KCIA 표준화명칭목록 2026-06-30 code=839 sha256=4a523f990553
ing_pending_be39e50c5a26,,diospyros_kaki_leaf_extract,official_exact,high,KCIA 표준화명칭목록 2026-06-30 code=1528 sha256=4a523f990553
ing_pending_be4141030207,,bambusa_vulgaris_extract,official_exact,high,KCIA 표준화명칭목록 2026-06-30 code=3349 sha256=4a523f990553
ing_pending_be431b5123f1,,nelumbo_nucifera_callus_culture_extract,official_exact,high,KCIA 표준화명칭목록 2026-06-30 code=6970 sha256=4a523f990553
ing_pending_be460b838323,,euterpe_oleracea_fruit_oil,official_exact,high,KCIA 표준화명칭목록 2026-06-30 code=1680 sha256=4a523f990553
ing_pending_be5fab3e2ad1,,dimethicone_silylate,official_exact,high,KCIA 표준화명칭목록 2026-06-30 code=4567 sha256=4a523f990553
ing_pending_be619b1e59c3,,stearalkonium_hectorite,existing_identity,high,KCIA 표준화명칭목록 2026-06-30 code=1435 sha256=4a523f990553
ing_pending_be70f9ef637d,,octadecene,official_exact,high,KCIA 표준화명칭목록 2026-06-30 code=8021 sha256=4a523f990553
ing_pending_be81d95c6003,,rehmannia_chinensis_root_extract,official_exact,high,KCIA 표준화명칭목록 2026-06-30 code=2758 sha256=4a523f990553
ing_pending_be8ca3f72331,,aspergillus_ferment,official_exact,high,KCIA 표준화명칭목록 2026-06-30 code=1737 sha256=4a523f990553
ing_pending_be9c6cc9ffc1,,saccharomyces_xylinum_black_tea_ferment,official_exact,high,KCIA 표준화명칭목록 2026-06-30 code=5014 sha256=4a523f990553
ing_pending_beac488c4c9d,,salix_alba_willow_bark_extract,official_exact,high,KCIA 표준화명칭목록 2026-06-30 code=4957 sha256=4a523f990553
ing_pending_beb44484cfb9,,sodium_palmitoyl_sarcosinate,official_exact,high,KCIA 표준화명칭목록 2026-06-30 code=1239 sha256=4a523f990553
ing_pending_bec56787af35,,hydrolyzed_wheat_gluten,official_exact,high,KCIA 표준화명칭목록 2026-06-30 code=4743 sha256=4a523f990553
ing_pending_bed4a24ba6d1,,cyclodextrin,official_exact,high,KCIA 표준화명칭목록 2026-06-30 code=765 sha256=4a523f990553
ing_pending_bef96ac7e908,,salvia_sclarea_clary_extract,official_exact,high,KCIA 표준화명칭목록 2026-06-30 code=3186 sha256=4a523f990553
ing_pending_bf26a1a61ac6,,dimethoxytolyl_propylresorcinol,official_exact,high,KCIA 표준화명칭목록 2026-06-30 code=6779 sha256=4a523f990553
ing_pending_bf2f807eb38c,,pinus_palustris_leaf_extract,official_exact,high,KCIA 표준화명칭목록 2026-06-30 code=3393 sha256=4a523f990553
ing_pending_bf34c03dca6b,,potassium_cocoate,official_exact,high,KCIA 표준화명칭목록 2026-06-30 code=3695 sha256=4a523f990553
ing_pending_bf3bd12f5f23,,bht,official_exact,high,KCIA 표준화명칭목록 2026-06-30 code=719 sha256=4a523f990553
ing_pending_bf50c17caf19,,tyrosine,existing_identity,high,KCIA 표준화명칭목록 2026-06-30 code=3231 sha256=4a523f990553
ing_pending_bf551abe0553,,succinic_acid,official_exact,high,KCIA 표준화명칭목록 2026-06-30 code=888 sha256=4a523f990553
ing_pending_bf624c221ef5,,geranyl_acetate,existing_identity,high,KCIA 표준화명칭목록 2026-06-30 code=2705 sha256=4a523f990553
ing_pending_bf84638c864b,,glycine_soja_soybean_oil,official_exact,high,KCIA 표준화명칭목록 2026-06-30 code=3126 sha256=4a523f990553
ing_pending_bf86770f3c63,,cholesterol,official_exact,high,KCIA 표준화명칭목록 2026-06-30 code=3087 sha256=4a523f990553
ing_pending_bf93ff40e852,,bis_isostearoyl_oleoyl_isopropyl_dimonium_methosulfate,official_exact,high,KCIA 표준화명칭목록 2026-06-30 code=17048 sha256=4a523f990553
ing_pending_bfe89790a33a,,polygonum_cuspidatum_root_extract,official_exact,high,KCIA 표준화명칭목록 2026-06-30 code=4930 sha256=4a523f990553
ing_pending_bfed6106380a,,sh_polypeptide_3,official_exact,high,KCIA 표준화명칭목록 2026-06-30 code=8375 sha256=4a523f990553
ing_pending_bff582d28345,,mentha_piperita_peppermint_oil,official_exact,high,KCIA 표준화명칭목록 2026-06-30 code=3604 sha256=4a523f990553
ing_pending_c0076985f60a,,jojoba_wax_peg_120_esters,official_exact,high,KCIA 표준화명칭목록 2026-06-30 code=4943 sha256=4a523f990553
ing_pending_c0093dd70f07,,prunus_domestica_seed_oil,official_exact,high,KCIA 표준화명칭목록 2026-06-30 code=867 sha256=4a523f990553
ing_pending_c0141d830109,,magnesium_potassium_silicon_fluoride_hydroxide_oxide,official_exact,high,KCIA 표준화명칭목록 2026-06-30 code=62 sha256=4a523f990553
ing_pending_c0155b6da951,,hydroxypropyl_bispalmitamide_mea,official_exact,high,KCIA 표준화명칭목록 2026-06-30 code=4681 sha256=4a523f990553
ing_pending_c0208ed7dfa4,,glyceryl_stearate,existing_identity,high,KCIA 표준화명칭목록 2026-06-30 code=7644 sha256=4a523f990553
ing_pending_c0245d6b2f61,,aminopropyl_ascorbyl_phosphate,official_exact,high,KCIA 표준화명칭목록 2026-06-30 code=1664 sha256=4a523f990553
ing_pending_c07dcaba7f92,,tremella_fuciformis_sporocarp_extract,official_exact,high,KCIA 표준화명칭목록 2026-06-30 code=6608 sha256=4a523f990553
ing_pending_c0bdfe576e8d,,arachidyl_glucoside,official_exact,high,KCIA 표준화명칭목록 2026-06-30 code=1633 sha256=4a523f990553
ing_pending_c0c614bcb431,,polyquaternium_10,official_exact,high,KCIA 표준화명칭목록 2026-06-30 code=3922 sha256=4a523f990553
ing_pending_c0e41ec11b4b,,sedum_sarmentosum_extract,official_exact,high,KCIA 표준화명칭목록 2026-06-30 code=7275 sha256=4a523f990553
ing_pending_c10037383566,,mentha_piperita_peppermint_extract,official_exact,high,KCIA 표준화명칭목록 2026-06-30 code=3608 sha256=4a523f990553
ing_pending_c102aa85375c,,microcitrus_australasica_fruit_extract,official_exact,high,KCIA 표준화명칭목록 2026-06-30 code=9034 sha256=4a523f990553
ing_pending_c12d94b43e85,,silicone_quaternium_22,official_exact,high,KCIA 표준화명칭목록 2026-06-30 code=7018 sha256=4a523f990553
ing_pending_c15158534b33,,talc,existing_identity,high,KCIA 표준화명칭목록 2026-06-30 code=3249 sha256=4a523f990553
ing_pending_c164d7dbf8b7,,magnesium_stearate,official_exact,high,KCIA 표준화명칭목록 2026-06-30 code=47 sha256=4a523f990553
ing_pending_c17e0e992cca,,glyceryl_oleate,official_exact,high,KCIA 표준화명칭목록 2026-06-30 code=1289 sha256=4a523f990553
ing_pending_c194ee90554a,,triethanolamine,official_exact,high,KCIA 표준화명칭목록 2026-06-30 code=3386 sha256=4a523f990553
ing_pending_c1b3eda7906e,,cynara_scolymus_artichoke_leaf_extract,official_exact,high,KCIA 표준화명칭목록 2026-06-30 code=5585 sha256=4a523f990553
ing_pending_c1bdb3db6228,,c13_14_isoalkane,existing_identity,high,KCIA 표준화명칭목록 2026-06-30 code=2522 sha256=4a523f990553
ing_pending_c1d5ceebedc3,,cetearyl_olivate,official_exact,high,KCIA 표준화명칭목록 2026-06-30 code=976 sha256=4a523f990553
ing_pending_c1da3bf156d0,,amodimethicone,official_exact,high,KCIA 표준화명칭목록 2026-06-30 code=1649 sha256=4a523f990553
ing_pending_c1de5ae27f7d,,polyglyceryl_3_polyricinoleate,official_exact,high,KCIA 표준화명칭목록 2026-06-30 code=3819 sha256=4a523f990553
ing_pending_c1e6add5f1f3,,c11_15_alketh_7,existing_identity,high,KCIA 표준화명칭목록 2026-06-30 code=3480 sha256=4a523f990553
ing_pending_c299d9d674ec,,sodium_laurate,official_exact,high,KCIA 표준화명칭목록 2026-06-30 code=1064 sha256=4a523f990553
ing_pending_c2a96c204e7e,,rosa_gallica_flower_extract,official_exact,high,KCIA 표준화명칭목록 2026-06-30 code=3981 sha256=4a523f990553
ing_pending_c2da1622e0c3,,linoleic_acid,official_exact,high,KCIA 표준화명칭목록 2026-06-30 code=18 sha256=4a523f990553
ing_pending_c314c448ffc0,,pvp,existing_identity,high,KCIA 표준화명칭목록 2026-06-30 code=4069 sha256=4a523f990553
ing_pending_c31efbcedea5,,hyacinthus_orientalis_hyacinth_extract,official_exact,high,KCIA 표준화명칭목록 2026-06-30 code=6590 sha256=4a523f990553
ing_pending_c343868b2585,,houttuynia_cordata_extract,existing_identity,high,KCIA 표준화명칭목록 2026-06-30 code=2004 sha256=4a523f990553
ing_pending_c351f0dbf20b,,heptyl_glucoside,official_exact,high,KCIA 표준화명칭목록 2026-06-30 code=9101 sha256=4a523f990553
ing_pending_c353ca0f2760,,phenylalanine,official_exact,high,KCIA 표준화명칭목록 2026-06-30 code=3585 sha256=4a523f990553
ing_pending_c37c7aaba1e7,,polyquaternium_113,official_exact,high,KCIA 표준화명칭목록 2026-06-30 code=18449 sha256=4a523f990553
ing_pending_c37f69817578,,c12_13_alketh_9,official_exact,high,KCIA 표준화명칭목록 2026-06-30 code=6001 sha256=4a523f990553
ing_pending_c38680978fed,,aloe_barbadensis_leaf_extract,official_exact,high,KCIA 표준화명칭목록 2026-06-30 code=1839 sha256=4a523f990553
ing_pending_c387d910334b,,laureth_4,official_exact,high,KCIA 표준화명칭목록 2026-06-30 code=5332 sha256=4a523f990553
ing_pending_c388160832db,,simmondsia_chinensis_jojoba_seed_oil,official_exact,high,KCIA 표준화명칭목록 2026-06-30 code=4935 sha256=4a523f990553
ing_pending_c3a449c6b970,,polycitronellol_acetate,official_exact,high,KCIA 표준화명칭목록 2026-06-30 code=22413 sha256=4a523f990553
ing_pending_c3a47b29270c,,sucrose_palmitate,official_exact,high,KCIA 표준화명칭목록 2026-06-30 code=1382 sha256=4a523f990553
ing_pending_c3b5e70f7dab,,arctium_lappa_root_extract,official_exact,high,KCIA 표준화명칭목록 2026-06-30 code=2345 sha256=4a523f990553
ing_pending_c3b9925bfa95,,c13_14_isoalkane,official_exact,high,KCIA 표준화명칭목록 2026-06-30 code=2522 sha256=4a523f990553
ing_pending_c3cff171f78e,,ppg_26_buteth_26,official_exact,high,KCIA 표준화명칭목록 2026-06-30 code=4481 sha256=4a523f990553
ing_pending_c3dfcb43f97b,,synthetic_fluorphlogopite,official_exact,high,KCIA 표준화명칭목록 2026-06-30 code=4833 sha256=4a523f990553
ing_pending_c414501cdc31,,lithothamnion_calcareum_extract,official_exact,high,KCIA 표준화명칭목록 2026-06-30 code=9505 sha256=4a523f990553
ing_pending_c41687df812b,,sclerotium_gum,existing_identity,high,KCIA 표준화명칭목록 2026-06-30 code=1406 sha256=4a523f990553
ing_pending_c4196a6b1250,,zingiber_officinale_ginger_root_oil,official_exact,high,KCIA 표준화명칭목록 2026-06-30 code=833 sha256=4a523f990553
ing_pending_c430e5d2647d,,aloe_barbadensis_leaf_extract,existing_identity,high,KCIA 표준화명칭목록 2026-06-30 code=1839 sha256=4a523f990553
ing_pending_c454de8a3819,,hamamelis_virginiana_witch_hazel_leaf_extract,official_exact,high,KCIA 표준화명칭목록 2026-06-30 code=2372 sha256=4a523f990553
ing_pending_c4704b4694bc,,sisymbrium_irio_seed_oil,official_exact,high,KCIA 표준화명칭목록 2026-06-30 code=7304 sha256=4a523f990553
ing_pending_c4b9cbcb1479,,eucalyptus_globulus_leaf_oil,official_exact,high,KCIA 표준화명칭목록 2026-06-30 code=2410 sha256=4a523f990553
ing_pending_c4c6bbe94a2b,,mangifera_indica_mango_seed_butter,existing_identity,high,KCIA 표준화명칭목록 2026-06-30 code=138 sha256=4a523f990553
ing_pending_c4c798030d6d,,laminaria_saccharina_extract,official_exact,high,KCIA 표준화명칭목록 2026-06-30 code=1363 sha256=4a523f990553
ing_pending_c4ddfc4e6796,,trisiloxane,official_exact,high,KCIA 표준화명칭목록 2026-06-30 code=3377 sha256=4a523f990553
ing_pending_c4e6648d71fd,,sodium_phosphate,official_exact,high,KCIA 표준화명칭목록 2026-06-30 code=1247 sha256=4a523f990553
ing_pending_c520c8eeb62b,,glyceryl_dibehenate,official_exact,high,KCIA 표준화명칭목록 2026-06-30 code=1046 sha256=4a523f990553
ing_pending_c53a307ef4db,,glycereth_26,official_exact,high,KCIA 표준화명칭목록 2026-06-30 code=957 sha256=4a523f990553
ing_pending_c53b23446ff9,,bis_peg_18_methyl_ether_dimethyl_silane,official_exact,high,KCIA 표준화명칭목록 2026-06-30 code=705 sha256=4a523f990553
ing_pending_c5544986f386,,santalol,official_exact,high,KCIA 표준화명칭목록 2026-06-30 code=23748 sha256=4a523f990553
ing_pending_c57d3078e0b8,,glycol,official_exact,high,KCIA 표준화명칭목록 2026-06-30 code=581 sha256=4a523f990553
ing_pending_c59e7e6f4eb7,,lavandula_angustifolia_lavender_extract,official_exact,high,KCIA 표준화명칭목록 2026-06-30 code=5318 sha256=4a523f990553
ing_pending_c5a1ae8ceb3f,,vp_hexadecene_copolymer,existing_identity,high,KCIA 표준화명칭목록 2026-06-30 code=650 sha256=4a523f990553
ing_pending_c5b09d48c30d,,sorbeth_230_tetraoleate,official_exact,high,KCIA 표준화명칭목록 2026-06-30 code=10555 sha256=4a523f990553
ing_pending_c5b956eb384e,,dibutyl_lauroyl_glutamide,official_exact,high,KCIA 표준화명칭목록 2026-06-30 code=5078 sha256=4a523f990553
ing_pending_c5c2023b7aff,,camellia_japonica_flower_extract,official_exact,high,KCIA 표준화명칭목록 2026-06-30 code=4006 sha256=4a523f990553
ing_pending_c5e4551fcb9f,,hydroxypinacolone_retinoate,official_exact,high,KCIA 표준화명칭목록 2026-06-30 code=8151 sha256=4a523f990553
ing_pending_c5f460dae16f,,propanediol,official_exact,high,KCIA 표준화명칭목록 2026-06-30 code=3986 sha256=4a523f990553
ing_pending_c618b911d8aa,,acetyl_hexapeptide_1,official_exact,high,KCIA 표준화명칭목록 2026-06-30 code=1717 sha256=4a523f990553
ing_pending_c622931c1c45,,bifida_ferment_extract,official_exact,high,KCIA 표준화명칭목록 2026-06-30 code=735 sha256=4a523f990553
ing_pending_c629015a7142,,methyl_gluceth_10,official_exact,high,KCIA 표준화명칭목록 2026-06-30 code=167 sha256=4a523f990553
ing_pending_c632ce9778b9,,cocamidopropyl_hydroxysultaine,existing_identity,high,KCIA 표준화명칭목록 2026-06-30 code=3039 sha256=4a523f990553
ing_pending_c6355e86aa01,,punica_granatum_fruit_extract,official_exact,high,KCIA 표준화명칭목록 2026-06-30 code=886 sha256=4a523f990553
ing_pending_c6374129fadd,,zingiber_officinale_ginger_root_extract,existing_identity,high,KCIA 표준화명칭목록 2026-06-30 code=834 sha256=4a523f990553
ing_pending_c65860a8c73e,,pantothenic_acid,official_exact,high,KCIA 표준화명칭목록 2026-06-30 code=3535 sha256=4a523f990553
ing_pending_c65dbe74c263,,theobroma_cacao_cocoa_seed_butter,official_exact,high,KCIA 표준화명칭목록 2026-06-30 code=2898 sha256=4a523f990553
ing_pending_c667e198ed5b,,helianthus_annuus_sunflower_seed_oil_unsaponifiables,official_exact,high,KCIA 표준화명칭목록 2026-06-30 code=4842 sha256=4a523f990553
ing_pending_c6793bef4ee2,,soy_amino_acids,official_exact,high,KCIA 표준화명칭목록 2026-06-30 code=1306 sha256=4a523f990553
ing_pending_c6b2fb5030ba,,helianthus_annuus_sunflower_extract,official_exact,high,KCIA 표준화명칭목록 2026-06-30 code=4844 sha256=4a523f990553
ing_pending_c6b6c6e75ede,,portulaca_oleracea_extract,official_exact,high,KCIA 표준화명칭목록 2026-06-30 code=88 sha256=4a523f990553
ing_pending_c6d0f7cd5633,,dimethicone_crosspolymer,official_exact,high,KCIA 표준화명칭목록 2026-06-30 code=4687 sha256=4a523f990553
ing_pending_c6e51226ad1b,,betaine,official_exact,high,KCIA 표준화명칭목록 2026-06-30 code=475 sha256=4a523f990553
ing_pending_c6f60d813836,,brassicyl_isoleucinate_esylate,official_exact,high,KCIA 표준화명칭목록 2026-06-30 code=7035 sha256=4a523f990553
ing_pending_c7210c2570cb,,cetearyl_alcohol,official_exact,high,KCIA 표준화명칭목록 2026-06-30 code=974 sha256=4a523f990553
ing_pending_c726a356b02e,,glucosamine_hcl,official_exact,high,KCIA 표준화명칭목록 2026-06-30 code=806 sha256=4a523f990553
ing_pending_c736abc64dfd,,isobutane,official_exact,high,KCIA 표준화명칭목록 2026-06-30 code=2454 sha256=4a523f990553
ing_pending_c740c4f27234,,coco_betaine,official_exact,high,KCIA 표준화명칭목록 2026-06-30 code=3058 sha256=4a523f990553
ing_pending_c74755d44283,,acetyl_glucosamine,existing_identity,high,KCIA 표준화명칭목록 2026-06-30 code=1689 sha256=4a523f990553
ing_pending_c7671b4c7aa2,,cetyl_hydroxyethylcellulose,official_exact,high,KCIA 표준화명칭목록 2026-06-30 code=1009 sha256=4a523f990553
ing_pending_c773015b7f73,,silicone_quaternium_18,official_exact,high,KCIA 표준화명칭목록 2026-06-30 code=7857 sha256=4a523f990553
ing_pending_c773d2b56351,,peg_30_dipolyhydroxystearate,official_exact,high,KCIA 표준화명칭목록 2026-06-30 code=4188 sha256=4a523f990553
ing_pending_c7841460a934,,citrus_nobilis_mandarin_orange_peel_oil,official_exact,high,KCIA 표준화명칭목록 2026-06-30 code=101 sha256=4a523f990553
ing_pending_c78a9a696fee,,disodium_edta,official_exact,high,KCIA 표준화명칭목록 2026-06-30 code=5120 sha256=4a523f990553
ing_pending_c796a4423979,,aluminum_hydroxide,official_exact,high,KCIA 표준화명칭목록 2026-06-30 code=1872 sha256=4a523f990553
ing_pending_c7a07a928261,,hedera_helix_ivy_extract,official_exact,high,KCIA 표준화명칭목록 2026-06-30 code=858 sha256=4a523f990553
ing_pending_c7aabce029c5,,pongamia_pinnata_seed_extract,official_exact,high,KCIA 표준화명칭목록 2026-06-30 code=8216 sha256=4a523f990553
ing_pending_c7afc864063b,,polyglycerin_6,official_exact,high,KCIA 표준화명칭목록 2026-06-30 code=3731 sha256=4a523f990553
ing_pending_c802bf6bea80,,polyglyceryl_6_distearate,official_exact,high,KCIA 표준화명칭목록 2026-06-30 code=3744 sha256=4a523f990553
ing_pending_c814036ee56d,,tetradecene,official_exact,high,KCIA 표준화명칭목록 2026-06-30 code=6704 sha256=4a523f990553
ing_pending_c819c7b0e670,,vaccinium_macrocarpon_cranberry_seed_oil,official_exact,high,KCIA 표준화명칭목록 2026-06-30 code=6230 sha256=4a523f990553
ing_pending_c85f058ae5c9,,isobutylamido_thiazolyl_resorcinol,official_exact,high,KCIA 표준화명칭목록 2026-06-30 code=18953 sha256=4a523f990553
ing_pending_c8682221bb78,,adansonia_digitata_pulp_extract,official_exact,high,KCIA 표준화명칭목록 2026-06-30 code=400 sha256=4a523f990553
ing_pending_c868df5fca6e,,tocopherol,official_exact,high,KCIA 표준화명칭목록 2026-06-30 code=3288 sha256=4a523f990553
ing_pending_c87ee8695755,,sodium_acrylate_sodium_acryloyldimethyl_taurate_copolymer,existing_identity,high,KCIA 표준화명칭목록 2026-06-30 code=1155 sha256=4a523f990553
ing_pending_c88991bd3361,,bacillus_ferment,official_exact,high,KCIA 표준화명칭목록 2026-06-30 code=393 sha256=4a523f990553
ing_pending_c894b49fc1d6,,sorbitan_isostearate,official_exact,high,KCIA 표준화명칭목록 2026-06-30 code=1292 sha256=4a523f990553
ing_pending_c89e6f18b744,,guar_hydroxypropyltrimonium_chloride,official_exact,high,KCIA 표준화명칭목록 2026-06-30 code=111 sha256=4a523f990553
ing_pending_c8a4f3f8dee0,,hamamelis_virginiana_witch_hazel_leaf_extract,official_exact,high,KCIA 표준화명칭목록 2026-06-30 code=2372 sha256=4a523f990553
ing_pending_c8e23d5757b8,,tromethamine,official_exact,high,KCIA 표준화명칭목록 2026-06-30 code=3317 sha256=4a523f990553
ing_pending_c8e45292c9ed,,polyquaternium_22,official_exact,high,KCIA 표준화명칭목록 2026-06-30 code=3925 sha256=4a523f990553
ing_pending_c8f02adcb887,,caprylhydroxamic_acid,official_exact,high,KCIA 표준화명칭목록 2026-06-30 code=6629 sha256=4a523f990553
ing_pending_c9203e49392b,,cellulose_acetate_butyrate,official_exact,high,KCIA 표준화명칭목록 2026-06-30 code=1026 sha256=4a523f990553
ing_pending_c9284181d254,,methoxy_peg_ppg_7_3_aminopropyl_dimethicone,official_exact,high,KCIA 표준화명칭목록 2026-06-30 code=238 sha256=4a523f990553
ing_pending_c938b08cc729,,vp_dmapa_acrylates_copolymer,official_exact,high,KCIA 표준화명칭목록 2026-06-30 code=640 sha256=4a523f990553
ing_pending_c9617c34bb32,,fragaria_chiloensis_strawberry_fruit_extract,official_exact,high,KCIA 표준화명칭목록 2026-06-30 code=5282 sha256=4a523f990553
ing_pending_c9676134a76c,,benzyl_alcohol,official_exact,high,KCIA 표준화명칭목록 2026-06-30 code=527 sha256=4a523f990553
ing_pending_c967e40bdd8b,,dimethicone_polyglycerin_3_crosspolymer,official_exact,high,KCIA 표준화명칭목록 2026-06-30 code=4731 sha256=4a523f990553
ing_pending_c96b81fb8af7,,distearyldimonium_chloride,official_exact,high,KCIA 표준화명칭목록 2026-06-30 code=5143 sha256=4a523f990553
ing_pending_c98bb40a0e84,,phenylpropyldimethylsiloxysilicate,official_exact,high,KCIA 표준화명칭목록 2026-06-30 code=3587 sha256=4a523f990553
ing_pending_c9950e12352d,,rosa_centifolia_flower_water,official_exact,high,KCIA 표준화명칭목록 2026-06-30 code=871 sha256=4a523f990553
ing_pending_c9a803a5b979,,sodium_carbomer,official_exact,high,KCIA 표준화명칭목록 2026-06-30 code=1188 sha256=4a523f990553
ing_pending_c9fe1531c15a,,rosa_canina_seed_oil,official_exact,high,KCIA 표준화명칭목록 2026-06-30 code=10075 sha256=4a523f990553
ing_pending_c9ff27ecf97e,,dimethiconol,official_exact,high,KCIA 표준화명칭목록 2026-06-30 code=4590 sha256=4a523f990553
ing_pending_ca2d6b870525,,cocamide_mea,official_exact,high,KCIA 표준화명칭목록 2026-06-30 code=3032 sha256=4a523f990553
ing_pending_ca3799ed80ae,,glyceryl_stearate_se,official_exact,high,KCIA 표준화명칭목록 2026-06-30 code=1224 sha256=4a523f990553
ing_pending_ca438cb5a1fe,,poloxamer_338,official_exact,high,KCIA 표준화명칭목록 2026-06-30 code=6153 sha256=4a523f990553
ing_pending_ca4bc1314db1,,trihydroxystearin,official_exact,high,KCIA 표준화명칭목록 2026-06-30 code=3428 sha256=4a523f990553
ing_pending_ca4c803f27ff,,dicaprylyl_ether,official_exact,high,KCIA 표준화명칭목록 2026-06-30 code=5217 sha256=4a523f990553
ing_pending_ca5ce86d6eb1,,octyldodecanol,existing_identity,high,KCIA 표준화명칭목록 2026-06-30 code=2247 sha256=4a523f990553
ing_pending_ca7bebb0cd4a,,peg_20_glyceryl_triisostearate,official_exact,high,KCIA 표준화명칭목록 2026-06-30 code=4147 sha256=4a523f990553
ing_pending_ca8db8d1fa7e,,pantolactone,official_exact,high,KCIA 표준화명칭목록 2026-06-30 code=6005 sha256=4a523f990553
ing_pending_ca90134014fa,,acrylates_crosspolymer_4,official_exact,high,KCIA 표준화명칭목록 2026-06-30 code=18770 sha256=4a523f990553
ing_pending_ca9394fe7483,,hydrogenated_polyisobutene,existing_identity,high,KCIA 표준화명칭목록 2026-06-30 code=4617 sha256=4a523f990553
ing_pending_caa5db8713d5,,melissa_officinalis_leaf_extract,official_exact,high,KCIA 표준화명칭목록 2026-06-30 code=5473 sha256=4a523f990553
ing_pending_cae61514931f,,euterpe_oleracea_fruit_extract,official_exact,high,KCIA 표준화명칭목록 2026-06-30 code=1681 sha256=4a523f990553
ing_pending_caecabeb54e9,,citrus_aurantium_dulcis_orange_peel_oil,official_exact,high,KCIA 표준화명칭목록 2026-06-30 code=2145 sha256=4a523f990553
ing_pending_cb3446c0ba9b,,butylene_glycol_dicaprylate_dicaprate,existing_identity,high,KCIA 표준화명칭목록 2026-06-30 code=587 sha256=4a523f990553
ing_pending_cb5182cd4d85,,ethylene_acrylic_acid_copolymer,official_exact,high,KCIA 표준화명칭목록 2026-06-30 code=2049 sha256=4a523f990553
ing_pending_cb59639d3850,,glycolipids,official_exact,high,KCIA 표준화명칭목록 2026-06-30 code=516 sha256=4a523f990553
ing_pending_cb5b892e5c84,,polyacrylamide,existing_identity,high,KCIA 표준화명칭목록 2026-06-30 code=3884 sha256=4a523f990553
ing_pending_cb61dc1fe377,,centella_asiatica_root_extract,official_exact,high,KCIA 표준화명칭목록 2026-06-30 code=17194 sha256=4a523f990553
ing_pending_cb8c3d82de7e,,acetyl_tetrapeptide_2,official_exact,high,KCIA 표준화명칭목록 2026-06-30 code=1706 sha256=4a523f990553
ing_pending_cbacbca15ac7,,ammonium_acryloyldimethyltaurate_vp_copolymer,existing_identity,high,KCIA 표준화명칭목록 2026-06-30 code=1947 sha256=4a523f990553
ing_pending_cbb1d24c25c3,,polyglyceryl_6_behenate,official_exact,high,KCIA 표준화명칭목록 2026-06-30 code=8663 sha256=4a523f990553
ing_pending_cbc7c86900f6,,glutamine,official_exact,high,KCIA 표준화명칭목록 2026-06-30 code=913 sha256=4a523f990553
ing_pending_cbf32e7d3146,,arachidyl_alcohol,official_exact,high,KCIA 표준화명칭목록 2026-06-30 code=1635 sha256=4a523f990553
ing_pending_cc378265eeb4,,pseudoalteromonas_ferment_extract,official_exact,high,KCIA 표준화명칭목록 2026-06-30 code=1364 sha256=4a523f990553
ing_pending_cc514f7a827c,,c12_14_alketh_12,official_exact,high,KCIA 표준화명칭목록 2026-06-30 code=3496 sha256=4a523f990553
ing_pending_cc67b6499662,,tamarindus_indica_seed_gum,official_exact,high,KCIA 표준화명칭목록 2026-06-30 code=3227 sha256=4a523f990553
ing_pending_cc6c1581dab6,,convallaria_majalis_bulb_root_extract,official_exact,high,KCIA 표준화명칭목록 2026-06-30 code=2421 sha256=4a523f990553
ing_pending_cc6ffa16cba1,,glycol_stearate,official_exact,high,KCIA 표준화명칭목록 2026-06-30 code=669 sha256=4a523f990553
ing_pending_cc7ec255b2b4,,propolis_extract,official_exact,high,KCIA 표준화명칭목록 2026-06-30 code=3989 sha256=4a523f990553
ing_pending_cc9b86392f61,,tetrahydrodiferuloylmethane,official_exact,high,KCIA 표준화명칭목록 2026-06-30 code=3274 sha256=4a523f990553
ing_pending_ccb642fe7311,,perilla_ocymoides_leaf_extract,official_exact,high,KCIA 표준화명칭목록 2026-06-30 code=4291 sha256=4a523f990553
ing_pending_cce06afd0afe,,dihydroxypropyl_arginine_hcl,official_exact,high,KCIA 표준화명칭목록 2026-06-30 code=7398 sha256=4a523f990553
ing_pending_cd088650d1c4,,titanium_dioxide,official_exact,high,KCIA 표준화명칭목록 2026-06-30 code=3463 sha256=4a523f990553
ing_pending_cd22a9eb89a8,,mannose,official_exact,high,KCIA 표준화명칭목록 2026-06-30 code=7272 sha256=4a523f990553
ing_pending_cd2e4c4b501f,,fragaria_chiloensis_strawberry_fruit_extract,official_exact,high,KCIA 표준화명칭목록 2026-06-30 code=5282 sha256=4a523f990553
ing_pending_cd5d95e3c7cf,,quaternium_95,official_exact,high,KCIA 표준화명칭목록 2026-06-30 code=7907 sha256=4a523f990553
ing_pending_cd75fc1f4713,,mentha_viridis_spearmint_leaf_oil,official_exact,high,KCIA 표준화명칭목록 2026-06-30 code=1493 sha256=4a523f990553
ing_pending_cdc289c27490,,ascorbic_acid_polypeptide,official_exact,high,KCIA 표준화명칭목록 2026-06-30 code=1721 sha256=4a523f990553
ing_pending_cdec57e31387,,pca,official_exact,high,KCIA 표준화명칭목록 2026-06-30 code=4073 sha256=4a523f990553
ing_pending_ce2263b5092d,,camelina_sativa_seed_oil,official_exact,high,KCIA 표준화명칭목록 2026-06-30 code=1990 sha256=4a523f990553
ing_pending_ce3993f1a5fb,,coptis_japonica_extract,existing_identity,high,KCIA 표준화명칭목록 2026-06-30 code=18404 sha256=4a523f990553
ing_pending_ce3e9f87db6a,,polyglyceryl_6_polyhydroxystearate,official_exact,high,KCIA 표준화명칭목록 2026-06-30 code=5980 sha256=4a523f990553
ing_pending_ce4a1bce68ca,,triisostearyl_citrate,official_exact,high,KCIA 표준화명칭목록 2026-06-30 code=3400 sha256=4a523f990553
ing_pending_ce65deacd35f,,cryptomeria_japonica_leaf_extract,official_exact,high,KCIA 표준화명칭목록 2026-06-30 code=815 sha256=4a523f990553
ing_pending_ce6c7c8dce70,,polyglyceryl_4_laurate,official_exact,high,KCIA 표준화명칭목록 2026-06-30 code=5977 sha256=4a523f990553
ing_pending_ce6ca37b554f,,hydrolyzed_gardenia_florida_extract,official_exact,high,KCIA 표준화명칭목록 2026-06-30 code=17698 sha256=4a523f990553
ing_pending_ce90ccbfd290,,prunus_mume_fruit_extract,official_exact,high,KCIA 표준화명칭목록 2026-06-30 code=150 sha256=4a523f990553
ing_pending_cea0f401c772,,polyglyceryl_4_caprate,existing_identity,high,KCIA 표준화명칭목록 2026-06-30 code=5981 sha256=4a523f990553
ing_pending_cea25b2e14cd,,algae_oligosaccharides,official_exact,high,KCIA 표준화명칭목록 2026-06-30 code=2718 sha256=4a523f990553
ing_pending_ceb4a9a4e3b5,,cocamide_mipa,existing_identity,high,KCIA 표준화명칭목록 2026-06-30 code=3030 sha256=4a523f990553
ing_pending_cebab264c5c4,,rosa_centifolia_flower_extract,official_exact,high,KCIA 표준화명칭목록 2026-06-30 code=874 sha256=4a523f990553
ing_pending_cec917aa1b0b,,agave_tequilana_leaf_extract,official_exact,high,KCIA 표준화명칭목록 2026-06-30 code=666 sha256=4a523f990553
ing_pending_cecdea216811,,dipalmitoyl_hydroxyproline,official_exact,high,KCIA 표준화명칭목록 2026-06-30 code=5236 sha256=4a523f990553
ing_pending_cece260e61ce,,ppg_12_smdi_copolymer,official_exact,high,KCIA 표준화명칭목록 2026-06-30 code=4511 sha256=4a523f990553
ing_pending_cee8251326f0,,caramel,official_exact,high,KCIA 표준화명칭목록 2026-06-30 code=2864 sha256=4a523f990553
ing_pending_cefe80ffe4f9,,calcium_titanium_borosilicate,official_exact,high,KCIA 표준화명칭목록 2026-06-30 code=7063 sha256=4a523f990553
ing_pending_cf1074ed3ff4,,glyceryl_linolenate,official_exact,high,KCIA 표준화명칭목록 2026-06-30 code=1125 sha256=4a523f990553
ing_pending_cf15707db8a4,,lilium_candidum_flower_extract,official_exact,high,KCIA 표준화명칭목록 2026-06-30 code=73 sha256=4a523f990553
ing_pending_cf23be1784d2,,sodium_dehydroacetate,existing_identity,high,KCIA 표준화명칭목록 2026-06-30 code=1042 sha256=4a523f990553
ing_pending_cf44370da6cb,,methyl_salicylate,official_exact,high,KCIA 표준화명칭목록 2026-06-30 code=189 sha256=4a523f990553
ing_pending_cf4d381991ce,,potassium_cocoyl_glycinate,official_exact,high,KCIA 표준화명칭목록 2026-06-30 code=3697 sha256=4a523f990553
ing_pending_cf5c1ecc4dd2,,sodium_cocoyl_glutamate,official_exact,high,KCIA 표준화명칭목록 2026-06-30 code=1206 sha256=4a523f990553
ing_pending_cf5e0ec2e062,,vinyl_dimethicone,official_exact,high,KCIA 표준화명칭목록 2026-06-30 code=672 sha256=4a523f990553
ing_pending_cf9988bc1404,,hydroxypropyl_bis_hydroxyethyldimonium_chloride,official_exact,high,KCIA 표준화명칭목록 2026-06-30 code=4682 sha256=4a523f990553
ing_pending_cf9c98e7fb9c,,methylpropanediol,official_exact,high,KCIA 표준화명칭목록 2026-06-30 code=221 sha256=4a523f990553
ing_pending_cfaca7beaafe,,tourmaline,official_exact,high,KCIA 표준화명칭목록 2026-06-30 code=3280 sha256=4a523f990553
ing_pending_cfc352f58934,,portulaca_pilosa_extract,official_exact,high,KCIA 표준화명칭목록 2026-06-30 code=7601 sha256=4a523f990553
ing_pending_cfc72f444bf2,,hexylresorcinol,official_exact,high,KCIA 표준화명칭목록 2026-06-30 code=7823 sha256=4a523f990553
ing_pending_cfcc8b5afb00,,cucumis_melo_melon_fruit_extract,official_exact,high,KCIA 표준화명칭목록 2026-06-30 code=255 sha256=4a523f990553
ing_pending_cff0aed5ef41,,isopropyl_isostearate,official_exact,high,KCIA 표준화명칭목록 2026-06-30 code=2538 sha256=4a523f990553
ing_pending_cff9d1238824,,isopropyl_titanium_triisostearate,existing_identity,high,KCIA 표준화명칭목록 2026-06-30 code=2540 sha256=4a523f990553
ing_pending_cfffd329777c,,viscum_album_mistletoe_extract,official_exact,high,KCIA 표준화명칭목록 2026-06-30 code=5105 sha256=4a523f990553
ing_pending_d0176c627142,,sesamum_indicum_sesame_seed_extract_kcia_2795,official_exact,high,KCIA 표준화명칭목록 2026-06-30 code=2795 sha256=4a523f990553
ing_pending_d04598848280,,zea_mays_corn_starch,official_exact,high,KCIA 표준화명칭목록 2026-06-30 code=2203 sha256=4a523f990553
ing_pending_d050aabe28dc,,polysilicone_2,official_exact,high,KCIA 표준화명칭목록 2026-06-30 code=16841 sha256=4a523f990553
ing_pending_d051da881b38,,ferulic_acid,official_exact,high,KCIA 표준화명칭목록 2026-06-30 code=3592 sha256=4a523f990553
ing_pending_d07caf370891,,distarch_phosphate,official_exact,high,KCIA 표준화명칭목록 2026-06-30 code=5137 sha256=4a523f990553
ing_pending_d0874237ee0b,,ethylene_brassylate,official_exact,high,KCIA 표준화명칭목록 2026-06-30 code=2047 sha256=4a523f990553
ing_pending_d092eec13f84,,lauryl_myristyl_polyricinoleate,official_exact,high,KCIA 표준화명칭목록 2026-06-30 code=22286 sha256=4a523f990553
ing_pending_d09f20118a17,,citrus_tangerina_tangerine_peel_oil,official_exact,high,KCIA 표준화명칭목록 2026-06-30 code=5764 sha256=4a523f990553
ing_pending_d0a652b76c7e,,diphenylsiloxy_phenyl_trimethicone,official_exact,high,KCIA 표준화명칭목록 2026-06-30 code=5240 sha256=4a523f990553
ing_pending_d0aba38505ce,,ceteareth_20,official_exact,high,KCIA 표준화명칭목록 2026-06-30 code=960 sha256=4a523f990553
ing_pending_d0b964cc4f53,,eucalyptus_globulus_leaf_extract,official_exact,high,KCIA 표준화명칭목록 2026-06-30 code=2411 sha256=4a523f990553
ing_pending_d0c40c6fcad5,,portulaca_oleracea_extract,existing_identity,high,KCIA 표준화명칭목록 2026-06-30 code=88 sha256=4a523f990553
ing_pending_d0cc1b592476,,myristoyl_palmitoyl_oxostearamide_arachamide_mea,official_exact,high,KCIA 표준화명칭목록 2026-06-30 code=333 sha256=4a523f990553
ing_pending_d0d3a5cacd66,,adansonia_digitata_seed_extract,official_exact,high,KCIA 표준화명칭목록 2026-06-30 code=399 sha256=4a523f990553
ing_pending_d0edfb2d872c,,peg_4,official_exact,high,KCIA 표준화명칭목록 2026-06-30 code=4077 sha256=4a523f990553
ing_pending_d0eec1fbf1d6,,crithmum_maritimum_extract,official_exact,high,KCIA 표준화명칭목록 2026-06-30 code=5528 sha256=4a523f990553
ing_pending_d10a9a9d3a8c,,polyquaternium_7,existing_identity,high,KCIA 표준화명칭목록 2026-06-30 code=3919 sha256=4a523f990553
ing_pending_d121650557fb,,ammonium_lactate,official_exact,high,KCIA 표준화명칭목록 2026-06-30 code=6259 sha256=4a523f990553
ing_pending_d12be740a9fc,,aloe_barbadensis_leaf_juice,official_exact,high,KCIA 표준화명칭목록 2026-06-30 code=1837 sha256=4a523f990553
ing_pending_d12d1487fde1,,sodium_glucuronate,official_exact,high,KCIA 표준화명칭목록 2026-06-30 code=1037 sha256=4a523f990553
ing_pending_d15f9de1ee05,,candelilla_jojoba_rice_bran_polyglyceryl_3_esters,official_exact,high,KCIA 표준화명칭목록 2026-06-30 code=6575 sha256=4a523f990553
ing_pending_d15fcd87cd02,,polyglyceryl_6_behenate,official_exact,high,KCIA 표준화명칭목록 2026-06-30 code=8663 sha256=4a523f990553
ing_pending_d1629733a277,,dehydroacetic_acid,existing_identity,high,KCIA 표준화명칭목록 2026-06-30 code=3721 sha256=4a523f990553
ing_pending_d1992139f525,,centella_asiatica_leaf_water,official_exact,high,KCIA 표준화명칭목록 2026-06-30 code=8337 sha256=4a523f990553
ing_pending_d19a1ff50b4d,,pentaerythrityl_tetra_di_t_butyl_hydroxyhydrocinnamate,existing_identity,high,KCIA 표준화명칭목록 2026-06-30 code=3620 sha256=4a523f990553
ing_pending_d1a95622454a,,polyglyceryl_2_diisostearate,official_exact,high,KCIA 표준화명칭목록 2026-06-30 code=3752 sha256=4a523f990553
ing_pending_d1c5a173a8a2,,peg_7_amodimethicone,official_exact,high,KCIA 표준화명칭목록 2026-06-30 code=5962 sha256=4a523f990553
ing_pending_d1d984be8568,,betula_alba_leaf_extract,official_exact,high,KCIA 표준화명칭목록 2026-06-30 code=2626 sha256=4a523f990553
ing_pending_d1da674de71c,,steartrimonium_chloride,official_exact,high,KCIA 표준화명칭목록 2026-06-30 code=1480 sha256=4a523f990553
ing_pending_d1ed0e41c303,,rosmarinus_officinalis_rosemary_extract,official_exact,high,KCIA 표준화명칭목록 2026-06-30 code=5515 sha256=4a523f990553
ing_pending_d1edd1858b4b,,potato_starch_modified,official_exact,high,KCIA 표준화명칭목록 2026-06-30 code=531 sha256=4a523f990553
ing_pending_d1ee14ee996c,,coix_lacryma_jobi_ma_yuen_seed_extract,official_exact,high,KCIA 표준화명칭목록 2026-06-30 code=2428 sha256=4a523f990553
ing_pending_d1f15784ee10,,stearamidopropyl_dimethylamine,official_exact,high,KCIA 표준화명칭목록 2026-06-30 code=1428 sha256=4a523f990553
ing_pending_d205626de0ae,,polyglyceryl_4_isostearate,official_exact,high,KCIA 표준화명칭목록 2026-06-30 code=3794 sha256=4a523f990553
ing_pending_d217b48270de,,sodium_acrylates_crosspolymer_2,official_exact,high,KCIA 표준화명칭목록 2026-06-30 code=7197 sha256=4a523f990553
ing_pending_d22ecd51168f,,lavandula_angustifolia_lavender_oil,official_exact,high,KCIA 표준화명칭목록 2026-06-30 code=5315 sha256=4a523f990553
ing_pending_d235c942553a,,simmondsia_chinensis_jojoba_seed_oil,official_exact,high,KCIA 표준화명칭목록 2026-06-30 code=4935 sha256=4a523f990553
ing_pending_d26f8d5140a4,,candida_bombicola_glucose_methyl_rapeseedate_ferment,official_exact,high,KCIA 표준화명칭목록 2026-06-30 code=2939 sha256=4a523f990553
ing_pending_d27cd294a6a3,,threonine,official_exact,high,KCIA 표준화명칭목록 2026-06-30 code=3313 sha256=4a523f990553
ing_pending_d27f77198bc9,,tricaprylin,official_exact,high,KCIA 표준화명칭목록 2026-06-30 code=3405 sha256=4a523f990553
ing_pending_d28216e5cfd2,,styrene_butadiene_copolymer,official_exact,high,KCIA 표준화명칭목록 2026-06-30 code=1409 sha256=4a523f990553
ing_pending_d283f314ba48,,saccharomyces_potato_extract_ferment_filtrate,official_exact,high,KCIA 표준화명칭목록 2026-06-30 code=7331 sha256=4a523f990553
ing_pending_d2946d719cba,,opuntia_vulgaris_extract,official_exact,high,KCIA 표준화명칭목록 2026-06-30 code=17168 sha256=4a523f990553
ing_pending_d2aee1715b6f,,polyglyceryl_10_stearate,official_exact,high,KCIA 표준화명칭목록 2026-06-30 code=3782 sha256=4a523f990553
ing_pending_d2b7d01c49b6,,thiamine_hcl,official_exact,high,KCIA 표준화명칭목록 2026-06-30 code=3436 sha256=4a523f990553
ing_pending_d2b89e7960fa,,pyridoxine,official_exact,high,KCIA 표준화명칭목록 2026-06-30 code=4053 sha256=4a523f990553
ing_pending_d2c9a37e0dc9,,citrus_limon_lemon_fruit_extract,existing_identity,high,KCIA 표준화명칭목록 2026-06-30 code=5479 sha256=4a523f990553
ing_pending_d2cd07cd86a3,,alaria_esculenta_extract,official_exact,high,KCIA 표준화명칭목록 2026-06-30 code=6770 sha256=4a523f990553
ing_pending_d2e006b8fdd6,,prunus_amygdalus_dulcis_sweet_almond_oil,official_exact,high,KCIA 표준화명칭목록 2026-06-30 code=1399 sha256=4a523f990553
ing_pending_d2e1a0dfdcbd,,silk_amino_acids,official_exact,high,KCIA 표준화명칭목록 2026-06-30 code=1565 sha256=4a523f990553
ing_pending_d2e1a5f062ec,,sorbitan_laurate,official_exact,high,KCIA 표준화명칭목록 2026-06-30 code=1284 sha256=4a523f990553
ing_pending_d2eef53b8c01,,citral,existing_identity,high,KCIA 표준화명칭목록 2026-06-30 code=1523 sha256=4a523f990553
ing_pending_d2f1fe1c6170,,acrylates_dimethicone_copolymer,official_exact,high,KCIA 표준화명칭목록 2026-06-30 code=1756 sha256=4a523f990553
ing_pending_d2f5f3849db3,,isomalt,official_exact,high,KCIA 표준화명칭목록 2026-06-30 code=2449 sha256=4a523f990553
ing_pending_d303180a9c18,,dipeptide_2,official_exact,high,KCIA 표준화명칭목록 2026-06-30 code=5253 sha256=4a523f990553
ing_pending_d304c7f6158a,,magnesium_gluconate,official_exact,high,KCIA 표준화명칭목록 2026-06-30 code=37 sha256=4a523f990553
ing_pending_d32b0f2b5653,,prunus_domestica_fruit_extract,official_exact,high,KCIA 표준화명칭목록 2026-06-30 code=868 sha256=4a523f990553
ing_pending_d330823ed076,,caprylyl_glycol,official_exact,high,KCIA 표준화명칭목록 2026-06-30 code=2924 sha256=4a523f990553
ing_pending_d358635b54a9,,diospyros_kaki_leaf_extract,official_exact,high,KCIA 표준화명칭목록 2026-06-30 code=1528 sha256=4a523f990553
ing_pending_d3756f4b34ec,,hydrolyzed_soy_protein,existing_identity,high,KCIA 표준화명칭목록 2026-06-30 code=4802 sha256=4a523f990553
ing_pending_d38d97154c7f,,spirulina_platensis_extract,official_exact,high,KCIA 표준화명칭목록 2026-06-30 code=1492 sha256=4a523f990553
ing_pending_d398216de190,,trehalose,official_exact,high,KCIA 표준화명칭목록 2026-06-30 code=3315 sha256=4a523f990553
ing_pending_d3a96c9debbd,,c10_40_isoalkylamidopropylethyldimonium_ethosulfate,official_exact,high,KCIA 표준화명칭목록 2026-06-30 code=2504 sha256=4a523f990553
ing_pending_d3c7444d1877,,paeonia_lactiflora_root_extract,official_exact,high,KCIA 표준화명칭목록 2026-06-30 code=10246 sha256=4a523f990553
ing_pending_d3eda56bd42b,,dimethiconol,official_exact,high,KCIA 표준화명칭목록 2026-06-30 code=4590 sha256=4a523f990553
ing_pending_d3ef24664417,,p_anisic_acid,official_exact,high,KCIA 표준화명칭목록 2026-06-30 code=1612 sha256=4a523f990553
ing_pending_d400b51f6a73,,polyquaternium_11,official_exact,high,KCIA 표준화명칭목록 2026-06-30 code=3923 sha256=4a523f990553
ing_pending_d40e355d6407,,isopropyl_palmitate,existing_identity,high,KCIA 표준화명칭목록 2026-06-30 code=2544 sha256=4a523f990553
ing_pending_d415e2ffb52e,,dihydroxyacetone,official_exact,high,KCIA 표준화명칭목록 2026-06-30 code=5274 sha256=4a523f990553
ing_pending_d439d9c1e097,,disodium_phosphate,existing_identity,high,KCIA 표준화명칭목록 2026-06-30 code=5133 sha256=4a523f990553
ing_pending_d45154d3e035,,schinziophyton_rautanenii_kernel_oil,official_exact,high,KCIA 표준화명칭목록 2026-06-30 code=7120 sha256=4a523f990553
ing_pending_d4517de1cf01,,acrylonitrile_methyl_methacrylate_vinylidene_chloride_copolymer,official_exact,high,KCIA 표준화명칭목록 2026-06-30 code=9433 sha256=4a523f990553
ing_pending_d468e809f67c,,methyl_methacrylate_crosspolymer,official_exact,high,KCIA 표준화명칭목록 2026-06-30 code=183 sha256=4a523f990553
ing_pending_d46f3723d677,,calendula_officinalis_extract,official_exact,high,KCIA 표준화명칭목록 2026-06-30 code=6017 sha256=4a523f990553
ing_pending_d49e29bc03b1,,dimethylsilanol_hyaluronate,official_exact,high,KCIA 표준화명칭목록 2026-06-30 code=4961 sha256=4a523f990553
ing_pending_d4f0a9ec0575,,peg_10_dimethicone,official_exact,high,KCIA 표준화명칭목록 2026-06-30 code=4163 sha256=4a523f990553
ing_pending_d509ccd0fe68,,quillaja_saponaria_bark_extract,official_exact,high,KCIA 표준화명칭목록 2026-06-30 code=3167 sha256=4a523f990553
ing_pending_d50a2c3c7603,,glycereth_20,official_exact,high,KCIA 표준화명칭목록 2026-06-30 code=6285 sha256=4a523f990553
ing_pending_d50a803bc54b,,ethylcellulose,official_exact,high,KCIA 표준화명칭목록 2026-06-30 code=2059 sha256=4a523f990553
ing_pending_d531f158739e,,sodium_isethionate,official_exact,high,KCIA 표준화명칭목록 2026-06-30 code=1177 sha256=4a523f990553
ing_pending_d53a5c1bc7a6,,cassia_angustifolia_seed_polysaccharide,official_exact,high,KCIA 표준화명칭목록 2026-06-30 code=1012 sha256=4a523f990553
ing_pending_d54b67a8ad1c,,vp_eicosene_copolymer,official_exact,high,KCIA 표준화명칭목록 2026-06-30 code=648 sha256=4a523f990553
ing_pending_d586886caa23,,peg_60_hydrogenated_castor_oil,official_exact,high,KCIA 표준화명칭목록 2026-06-30 code=4408 sha256=4a523f990553
ing_pending_d592dcb2d1cd,,acrylates_polytrimethylsiloxymethacrylate_copolymer,official_exact,high,KCIA 표준화명칭목록 2026-06-30 code=1792 sha256=4a523f990553
ing_pending_d5a75e7d8737,,hydrolyzed_hyaluronic_acid,official_exact,high,KCIA 표준화명칭목록 2026-06-30 code=5655 sha256=4a523f990553
ing_pending_d5ade37a1a14,,magnesium_myristate,official_exact,high,KCIA 표준화명칭목록 2026-06-30 code=43 sha256=4a523f990553
ing_pending_d5b8abbcea42,,dimethicone_crosspolymer,existing_identity,high,KCIA 표준화명칭목록 2026-06-30 code=4687 sha256=4a523f990553
ing_pending_d5e497bf12bf,,isononyl_isononanoate,official_exact,high,KCIA 표준화명칭목록 2026-06-30 code=2437 sha256=4a523f990553
ing_pending_d5ecdaa2e905,,tridecyl_trimellitate,existing_identity,high,KCIA 표준화명칭목록 2026-06-30 code=3335 sha256=4a523f990553
ing_pending_d5fd4691dc91,,sorbeth_30_tetraoleate,official_exact,high,KCIA 표준화명칭목록 2026-06-30 code=1279 sha256=4a523f990553
ing_pending_d6145adf9f38,,avena_sativa_oat_kernel_extract,official_exact,high,KCIA 표준화명칭목록 2026-06-30 code=406 sha256=4a523f990553
ing_pending_d64b10bf5bde,,diisopropyl_sebacate,existing_identity,high,KCIA 표준화명칭목록 2026-06-30 code=5210 sha256=4a523f990553
ing_pending_d651ecc84dbc,,citric_acid,official_exact,high,KCIA 표준화명칭목록 2026-06-30 code=1532 sha256=4a523f990553
ing_pending_d6550b4f51cf,,iris_florentina_root_extract,official_exact,high,KCIA 표준화명칭목록 2026-06-30 code=2163 sha256=4a523f990553
ing_pending_d6642cea56de,,polysilicone_29,official_exact,high,KCIA 표준화명칭목록 2026-06-30 code=18839 sha256=4a523f990553
ing_pending_d6692984a330,,pentaerythrityl_tetraisostearate,existing_identity,high,KCIA 표준화명칭목록 2026-06-30 code=3628 sha256=4a523f990553
ing_pending_d67321cb632f,,cymbopogon_martini_oil,official_exact,high,KCIA 표준화명칭목록 2026-06-30 code=3540 sha256=4a523f990553
ing_pending_d68780422033,,basic_brown_16,official_exact,high,KCIA 표준화명칭목록 2026-06-30 code=10096 sha256=4a523f990553
ing_pending_d6b458e8dae4,,dihydroxyisopropyl_palmoylpalmamide,official_exact,high,KCIA 표준화명칭목록 2026-06-30 code=6737 sha256=4a523f990553
ing_pending_d6de449e86a7,,hydrolyzed_silk,official_exact,high,KCIA 표준화명칭목록 2026-06-30 code=4763 sha256=4a523f990553
ing_pending_d6e93e92f4ba,,peg_45m,official_exact,high,KCIA 표준화명칭목록 2026-06-30 code=4107 sha256=4a523f990553
ing_pending_d70336b854bf,,palmitoyl_grapevine_shoot_extract,official_exact,high,KCIA 표준화명칭목록 2026-06-30 code=16809 sha256=4a523f990553
ing_pending_d703a95374fc,,steartrimonium_chloride,official_exact,high,KCIA 표준화명칭목록 2026-06-30 code=1480 sha256=4a523f990553
ing_pending_d7175ca15c2f,,hydrogenated_castor_oil_dimer_dilinoleate,official_exact,high,KCIA 표준화명칭목록 2026-06-30 code=4587 sha256=4a523f990553
ing_pending_d72334bf4ce7,,viola_tricolor_extract,official_exact,high,KCIA 표준화명칭목록 2026-06-30 code=820 sha256=4a523f990553
ing_pending_d73b2d4fdb86,,saccharomyces_potato_extract_ferment_filtrate,official_exact,high,KCIA 표준화명칭목록 2026-06-30 code=7331 sha256=4a523f990553
ing_pending_d76271ccec86,,sh_polypeptide_11,official_exact,high,KCIA 표준화명칭목록 2026-06-30 code=8376 sha256=4a523f990553
ing_pending_d764b0bb6267,,protease,official_exact,high,KCIA 표준화명칭목록 2026-06-30 code=3982 sha256=4a523f990553
ing_pending_d7661b38bf1d,,polyglyceryl_4_diisostearate_polyhydroxystearate_sebacate,existing_identity,high,KCIA 표준화명칭목록 2026-06-30 code=3757 sha256=4a523f990553
ing_pending_d779c2994719,,ethyl_hexanediol,official_exact,high,KCIA 표준화명칭목록 2026-06-30 code=2074 sha256=4a523f990553
ing_pending_d77e87cc743d,,hydroxypropyl_methylcellulose_stearoxy_ether,official_exact,high,KCIA 표준화명칭목록 2026-06-30 code=4676 sha256=4a523f990553
ing_pending_d79fea0ba6a3,,amp_acrylates_copolymer,official_exact,high,KCIA 표준화명칭목록 2026-06-30 code=2031 sha256=4a523f990553
ing_pending_d7ca89904e50,,coco_caprylate_caprate,official_exact,high,KCIA 표준화명칭목록 2026-06-30 code=3069 sha256=4a523f990553
ing_pending_d7da1407613c,,benzyl_salicylate,official_exact,high,KCIA 표준화명칭목록 2026-06-30 code=523 sha256=4a523f990553
ing_pending_d818248ce2b3,,dextrin,official_exact,high,KCIA 표준화명칭목록 2026-06-30 code=3787 sha256=4a523f990553
ing_pending_d81c434a0537,,helianthus_annuus_sunflower_sprout_extract,official_exact,high,KCIA 표준화명칭목록 2026-06-30 code=6181 sha256=4a523f990553
ing_pending_d828f64cbb0f,,lavandula_angustifolia_lavender_oil,official_exact,high,KCIA 표준화명칭목록 2026-06-30 code=5315 sha256=4a523f990553
ing_pending_d83fe5347366,,alcohol,official_exact,high,KCIA 표준화명칭목록 2026-06-30 code=2093 sha256=4a523f990553
ing_pending_d843edd322cc,,irvingia_gabonensis_kernel_butter,official_exact,high,KCIA 표준화명칭목록 2026-06-30 code=2311 sha256=4a523f990553
ing_pending_d84ec34cf54f,,dimethicone_phenyl_vinyl_dimethicone_crosspolymer,official_exact,high,KCIA 표준화명칭목록 2026-06-30 code=4720 sha256=4a523f990553
ing_pending_d851d8503526,,acetyl_tetrapeptide_3,official_exact,high,KCIA 표준화명칭목록 2026-06-30 code=5607 sha256=4a523f990553
ing_pending_d8649a6e1ccf,,leuconostoc_ferment_filtrate,official_exact,high,KCIA 표준화명칭목록 2026-06-30 code=8212 sha256=4a523f990553
ing_pending_d8649df1ffce,,polymethyl_methacrylate,existing_identity,high,KCIA 표준화명칭목록 2026-06-30 code=3839 sha256=4a523f990553
ing_pending_d86787cd2436,,gelidiella_acerosa_extract,official_exact,high,KCIA 표준화명칭목록 2026-06-30 code=10019 sha256=4a523f990553
ing_pending_d8815019dd09,,coco_betaine,official_exact,high,KCIA 표준화명칭목록 2026-06-30 code=3058 sha256=4a523f990553
ing_pending_d887aa4813a7,,hydrogenated_palm_glycerides,official_exact,high,KCIA 표준화명칭목록 2026-06-30 code=18425 sha256=4a523f990553
ing_pending_d89e77e47738,,streptococcus_thermophilus_ferment,official_exact,high,KCIA 표준화명칭목록 2026-06-30 code=1486 sha256=4a523f990553
ing_pending_d8ac5e446511,,polyglyceryl_3_polydimethylsiloxyethyl_dimethicone,official_exact,high,KCIA 표준화명칭목록 2026-06-30 code=3818 sha256=4a523f990553
ing_pending_d8c08d464e00,,rosmarinus_officinalis_rosemary_leaf_extract,existing_identity,high,KCIA 표준화명칭목록 2026-06-30 code=5513 sha256=4a523f990553
ing_pending_d8cb27c5c710,,citrus_aurantium_tachibana_peel_extract,official_exact,high,KCIA 표준화명칭목록 2026-06-30 code=3233 sha256=4a523f990553
ing_pending_d8d39fefcfce,,hydrolyzed_viola_tricolor_extract,official_exact,high,KCIA 표준화명칭목록 2026-06-30 code=4755 sha256=4a523f990553
ing_pending_d8d5f40ecf6c,,triacontanyl_pvp,official_exact,high,KCIA 표준화명칭목록 2026-06-30 code=3408 sha256=4a523f990553
ing_pending_d8e213b6da3d,,kalanchoe_pinnata_leaf_extract,official_exact,high,KCIA 표준화명칭목록 2026-06-30 code=9630 sha256=4a523f990553
ing_pending_d8f7b858ba1d,,sodium_c14_16_olefin_sulfonate,official_exact,high,KCIA 표준화명칭목록 2026-06-30 code=1174 sha256=4a523f990553
ing_pending_d8f861ff8059,,hydrogenated_lecithin,official_exact,high,KCIA 표준화명칭목록 2026-06-30 code=4546 sha256=4a523f990553
ing_pending_d90e2db4108f,,tetrasodium_pyrophosphate,official_exact,high,KCIA 표준화명칭목록 2026-06-30 code=3270 sha256=4a523f990553
ing_pending_d92da353d26f,,saccharum_officinarum_sugarcane_extract,official_exact,high,KCIA 표준화명칭목록 2026-06-30 code=779 sha256=4a523f990553
ing_pending_d93c6ea96090,,polyglyceryl_2_stearate,official_exact,high,KCIA 표준화명칭목록 2026-06-30 code=3777 sha256=4a523f990553
ing_pending_d95081b29f8b,,mannose,official_exact,high,KCIA 표준화명칭목록 2026-06-30 code=7272 sha256=4a523f990553
ing_pending_d9541cca1202,,zinc_oxide,official_exact,high,KCIA 표준화명칭목록 2026-06-30 code=2776 sha256=4a523f990553
ing_pending_d95746630aa7,,creatine,official_exact,high,KCIA 표준화명칭목록 2026-06-30 code=3168 sha256=4a523f990553
ing_pending_d963f22a3fcf,,hydrogenated_vegetable_oil,official_exact,high,KCIA 표준화명칭목록 2026-06-30 code=4566 sha256=4a523f990553
ing_pending_d968eee528bd,,hydrogenated_coco_glycerides,official_exact,high,KCIA 표준화명칭목록 2026-06-30 code=4594 sha256=4a523f990553
ing_pending_d97d3be62159,,disodium_stearoyl_glutamate,official_exact,high,KCIA 표준화명칭목록 2026-06-30 code=5112 sha256=4a523f990553
ing_pending_d99b8c86019f,,rayon,official_exact,high,KCIA 표준화명칭목록 2026-06-30 code=5486 sha256=4a523f990553
ing_pending_d99e892d3b6d,,bixa_orellana_seed_extract,official_exact,high,KCIA 표준화명칭목록 2026-06-30 code=737 sha256=4a523f990553
ing_pending_d9ba28c87667,,calendula_officinalis_flower_oil,official_exact,high,KCIA 표준화명칭목록 2026-06-30 code=2869 sha256=4a523f990553
ing_pending_d9c097bb18f2,,actinidia_chinensis_kiwi_fruit_extract,official_exact,high,KCIA 표준화명칭목록 2026-06-30 code=3219 sha256=4a523f990553
ing_pending_d9ca3d1092a6,,bambusa_arundinacea_stem_extract,official_exact,high,KCIA 표준화명칭목록 2026-06-30 code=5212 sha256=4a523f990553
ing_pending_d9dea0c722a9,,climbazole,official_exact,high,KCIA 표준화명칭목록 2026-06-30 code=3210 sha256=4a523f990553
ing_pending_d9df3884f318,,lauryl_hydroxysultaine,official_exact,high,KCIA 표준화명칭목록 2026-06-30 code=5396 sha256=4a523f990553
ing_pending_da4410e299f8,,chamomilla_recutita_matricaria_flower_extract,official_exact,high,KCIA 표준화명칭목록 2026-06-30 code=18369 sha256=4a523f990553
ing_pending_da4462c32701,,prunus_armeniaca_apricot_juice,official_exact,high,KCIA 표준화명칭목록 2026-06-30 code=810 sha256=4a523f990553
ing_pending_da50b5128520,,peg_12,official_exact,high,KCIA 표준화명칭목록 2026-06-30 code=4082 sha256=4a523f990553
ing_pending_da50d2ab527a,,chrysin,official_exact,high,KCIA 표준화명칭목록 2026-06-30 code=3173 sha256=4a523f990553
ing_pending_da51a45b7d01,,ceratonia_siliqua_carob_gum,official_exact,high,KCIA 표준화명칭목록 2026-06-30 code=2979 sha256=4a523f990553
ing_pending_da6bfa4b76e2,,agar,official_exact,high,KCIA 표준화명칭목록 2026-06-30 code=1602 sha256=4a523f990553
ing_pending_daabafa05be6,,aminomethyl_propanediol,official_exact,high,KCIA 표준화명칭목록 2026-06-30 code=1652 sha256=4a523f990553
ing_pending_dace0aca8ddb,,theobroma_cacao_cocoa_seed_extract,official_exact,high,KCIA 표준화명칭목록 2026-06-30 code=2900 sha256=4a523f990553
ing_pending_dae646565a17,,basic_blue_99,official_exact,high,KCIA 표준화명칭목록 2026-06-30 code=10098 sha256=4a523f990553
ing_pending_db00fdd68b6a,,saccharomyces_ferment,official_exact,high,KCIA 표준화명칭목록 2026-06-30 code=7050 sha256=4a523f990553
ing_pending_db0b0bdd73f2,,ppg_15_stearyl_ether,official_exact,high,KCIA 표준화명칭목록 2026-06-30 code=4508 sha256=4a523f990553
ing_pending_db104363f335,,diethylamino_hydroxybenzoyl_hexyl_benzoate,existing_identity,high,KCIA 표준화명칭목록 2026-06-30 code=5170 sha256=4a523f990553
ing_pending_db17ec54d343,,mentha_piperita_peppermint_oil,existing_identity,high,KCIA 표준화명칭목록 2026-06-30 code=3604 sha256=4a523f990553
ing_pending_db24cdb5b21f,,2_methylresorcinol,official_exact,high,KCIA 표준화명칭목록 2026-06-30 code=178 sha256=4a523f990553
ing_pending_db2d11603500,,tetrasodium_glutamate_diacetate,official_exact,high,KCIA 표준화명칭목록 2026-06-30 code=5562 sha256=4a523f990553
ing_pending_db32671d286b,,acanthopanax_senticosus_eleuthero_root_extract,official_exact,high,KCIA 표준화명칭목록 2026-06-30 code=5316 sha256=4a523f990553
ing_pending_db48b4e39d52,,polyisobutene,official_exact,high,KCIA 표준화명칭목록 2026-06-30 code=3913 sha256=4a523f990553
ing_pending_db51eef4b247,,ilex_paraguariensis_leaf_extract,official_exact,high,KCIA 표준화명칭목록 2026-06-30 code=93 sha256=4a523f990553
ing_pending_db5b3b39b592,,citrus_limon_lemon_peel_oil,official_exact,high,KCIA 표준화명칭목록 2026-06-30 code=5468 sha256=4a523f990553
ing_pending_db69288029b6,,triethoxycaprylylsilane,existing_identity,high,KCIA 표준화명칭목록 2026-06-30 code=3389 sha256=4a523f990553
ing_pending_dba85900153c,,ceramide_ng,official_exact,high,KCIA 표준화명칭목록 2026-06-30 code=9356 sha256=4a523f990553
ing_pending_dbabc78cad4c,,hydrolyzed_wheat_protein_pvp_crosspolymer,official_exact,high,KCIA 표준화명칭목록 2026-06-30 code=4746 sha256=4a523f990553
ing_pending_dbb756cba25b,,oenothera_biennis_evening_primrose_flower_extract,official_exact,high,KCIA 표준화명칭목록 2026-06-30 code=3118 sha256=4a523f990553
ing_pending_dbd7575055c3,,dimethicone_crosspolymer_3,official_exact,high,KCIA 표준화명칭목록 2026-06-30 code=4698 sha256=4a523f990553
ing_pending_dbd84acee926,,sodium_methyl_cocoyl_taurate,existing_identity,high,KCIA 표준화명칭목록 2026-06-30 code=1096 sha256=4a523f990553
ing_pending_dc0a05dd5dc3,,polysorbate_20,official_exact,high,KCIA 표준화명칭목록 2026-06-30 code=3855 sha256=4a523f990553
ing_pending_dc19db45bad1,,aluminum_calcium_sodium_silicate,official_exact,high,KCIA 표준화명칭목록 2026-06-30 code=1864 sha256=4a523f990553
ing_pending_dc2ce5e0a45e,,avena_sativa_oat_meal_extract,official_exact,high,KCIA 표준화명칭목록 2026-06-30 code=318 sha256=4a523f990553
ing_pending_dc2d2c6b070f,,xylitylglucoside,existing_identity,high,KCIA 표준화명칭목록 2026-06-30 code=2621 sha256=4a523f990553
ing_pending_dc4a7ec43c6c,,3_o_ethyl_ascorbic_acid,existing_identity,high,KCIA 표준화명칭목록 2026-06-30 code=18510 sha256=4a523f990553
ing_pending_dc508e40015f,,hydrolyzed_silk,official_exact,high,KCIA 표준화명칭목록 2026-06-30 code=4763 sha256=4a523f990553
ing_pending_dc86714c6b9b,,sodium_hyaluronate,official_exact,high,KCIA 표준화명칭목록 2026-06-30 code=1265 sha256=4a523f990553
ing_pending_dc868112ff99,,lauryl_alcohol,official_exact,high,KCIA 표준화명칭목록 2026-06-30 code=5386 sha256=4a523f990553
ing_pending_dc922a33a72a,,sparassis_crispa_extract,official_exact,high,KCIA 표준화명칭목록 2026-06-30 code=6367 sha256=4a523f990553
ing_pending_dc92b7ab9052,,sesamum_indicum_sesame_seed_oil,official_exact,high,KCIA 표준화명칭목록 2026-06-30 code=2793 sha256=4a523f990553
ing_pending_dc9b443b0b8e,,octyldodecyl_myristate,official_exact,high,KCIA 표준화명칭목록 2026-06-30 code=2234 sha256=4a523f990553
ing_pending_dc9c9bcd8bef,,prunus_avium_sweet_cherry_seed_oil,official_exact,high,KCIA 표준화명칭목록 2026-06-30 code=6574 sha256=4a523f990553
ing_pending_dcc3ad7097b7,,tetrachlorotetrabromofluorescein,official_exact,high,KCIA 표준화명칭목록 2026-06-30 code=2675 sha256=4a523f990553
ing_pending_dcd3976d87af,,sodium_laureth_sulfate,official_exact,high,KCIA 표준화명칭목록 2026-06-30 code=1051 sha256=4a523f990553
ing_pending_dcf1d8a32c11,,propylheptyl_caprylate,official_exact,high,KCIA 표준화명칭목록 2026-06-30 code=6071 sha256=4a523f990553
ing_pending_dd057c798488,,magnesium_chloride,existing_identity,high,KCIA 표준화명칭목록 2026-06-30 code=59 sha256=4a523f990553
ing_pending_dd0a870f22d3,,tremella_fuciformis_polysaccharide,official_exact,high,KCIA 표준화명칭목록 2026-06-30 code=5048 sha256=4a523f990553
ing_pending_dd2aa72a9a10,,rhizobian_gum,official_exact,high,KCIA 표준화명칭목록 2026-06-30 code=5572 sha256=4a523f990553
ing_pending_dd3dead9838d,,vaccinium_angustifolium_blueberry_fruit_extract,official_exact,high,KCIA 표준화명칭목록 2026-06-30 code=665 sha256=4a523f990553
ing_pending_dd43009af26e,,oryza_sativa_rice_germ_extract,official_exact,high,KCIA 표준화명칭목록 2026-06-30 code=1582 sha256=4a523f990553
ing_pending_dd4ba3f8b575,,perilla_frutescens_leaf_extract,official_exact,high,KCIA 표준화명칭목록 2026-06-30 code=2608 sha256=4a523f990553
ing_pending_dd4db824da19,,magnesium_aspartate,official_exact,high,KCIA 표준화명칭목록 2026-06-30 code=52 sha256=4a523f990553
ing_pending_dd54a56929aa,,pullulan,existing_identity,high,KCIA 표준화명칭목록 2026-06-30 code=3977 sha256=4a523f990553
ing_pending_dd673d91ed54,,rosa_damascena_flower_extract,official_exact,high,KCIA 표준화명칭목록 2026-06-30 code=7027 sha256=4a523f990553
ing_pending_dd7933314f22,,beeswax,official_exact,high,KCIA 표준화명칭목록 2026-06-30 code=721 sha256=4a523f990553
ing_pending_dd979366cbbc,,maltodextrin,existing_identity,high,KCIA 표준화명칭목록 2026-06-30 code=125 sha256=4a523f990553
ing_pending_dda33b5dd1c6,,salvia_officinalis_sage_oil,official_exact,high,KCIA 표준화명칭목록 2026-06-30 code=923 sha256=4a523f990553
ing_pending_dda6d3a36f5d,,santalum_album_sandalwood_oil,official_exact,high,KCIA 표준화명칭목록 2026-06-30 code=434 sha256=4a523f990553
ing_pending_ddbad19ce54f,,isoleucine,existing_identity,high,KCIA 표준화명칭목록 2026-06-30 code=2448 sha256=4a523f990553
ing_pending_ddd4dff829a4,,hydrolyzed_sponge,official_exact,high,KCIA 표준화명칭목록 2026-06-30 code=4810 sha256=4a523f990553
ing_pending_dddd17deea07,,averrhoa_carambola_leaf_extract,official_exact,high,KCIA 표준화명칭목록 2026-06-30 code=2867 sha256=4a523f990553
ing_pending_ddf5b3a2ce11,,collagen_amino_acids,official_exact,high,KCIA 표준화명칭목록 2026-06-30 code=3078 sha256=4a523f990553
ing_pending_ddfb15fd9252,,dihydroxypropyl_arginine_hcl,official_exact,high,KCIA 표준화명칭목록 2026-06-30 code=7398 sha256=4a523f990553
ing_pending_de0fb01b1c83,,ananas_sativus_pineapple_fruit_extract,official_exact,high,KCIA 표준화명칭목록 2026-06-30 code=3518 sha256=4a523f990553
ing_pending_de29d0131fe4,,lactobacillus_punica_granatum_fruit_ferment_extract,official_exact,high,KCIA 표준화명칭목록 2026-06-30 code=5582 sha256=4a523f990553
ing_pending_de2be316625d,,silkworm_cocoon_extract,official_exact,high,KCIA 표준화명칭목록 2026-06-30 code=7753 sha256=4a523f990553
ing_pending_de3e175b4deb,,sodium_acrylic_acid_ma_copolymer,official_exact,high,KCIA 표준화명칭목록 2026-06-30 code=7542 sha256=4a523f990553
ing_pending_de41afedb1bc,,palmitamidopropyltrimonium_chloride,official_exact,high,KCIA 표준화명칭목록 2026-06-30 code=3542 sha256=4a523f990553
ing_pending_de47dc611f0f,,polyglyceryl_3_methylglucose_distearate,official_exact,high,KCIA 표준화명칭목록 2026-06-30 code=3768 sha256=4a523f990553
ing_pending_de5756084594,,ppg_13_decyltetradeceth_24,official_exact,high,KCIA 표준화명칭목록 2026-06-30 code=4455 sha256=4a523f990553
ing_pending_de6e6e4e13f5,,raspberry_ketone,official_exact,high,KCIA 표준화명칭목록 2026-06-30 code=5320 sha256=4a523f990553
ing_pending_de87e2343d34,,litsea_cubeba_fruit_oil,official_exact,high,KCIA 표준화명칭목록 2026-06-30 code=24 sha256=4a523f990553
ing_pending_de9c1819cddd,,arginine,official_exact,high,KCIA 표준화명칭목록 2026-06-30 code=1883 sha256=4a523f990553
ing_pending_dea2c9a5869b,,ethyl_ferulate,official_exact,high,KCIA 표준화명칭목록 2026-06-30 code=6730 sha256=4a523f990553
ing_pending_dec3d0d3f32c,,collagen_extract,official_exact,high,KCIA 표준화명칭목록 2026-06-30 code=3079 sha256=4a523f990553
ing_pending_dec3dd4c41fb,,hydrolyzed_oat_protein,official_exact,high,KCIA 표준화명칭목록 2026-06-30 code=4722 sha256=4a523f990553
ing_pending_ded71b9f3d7f,,cyanocobalamin,official_exact,high,KCIA 표준화명칭목록 2026-06-30 code=761 sha256=4a523f990553
ing_pending_dee317264f24,,citrus_australasica_fruit_extract,official_exact,high,KCIA 표준화명칭목록 2026-06-30 code=15644 sha256=4a523f990553
ing_pending_deef1a414234,,hordeum_vulgare_sprout_extract,official_exact,high,KCIA 표준화명칭목록 2026-06-30 code=9159 sha256=4a523f990553
ing_pending_def548bafc47,,palmitoyl_tetrapeptide_10,official_exact,high,KCIA 표준화명칭목록 2026-06-30 code=13688 sha256=4a523f990553
ing_pending_def98f59f867,,saussurea_involucrata_extract,official_exact,high,KCIA 표준화명칭목록 2026-06-30 code=2789 sha256=4a523f990553
ing_pending_df07bc6d5660,,potassium_cocoyl_glycinate,official_exact,high,KCIA 표준화명칭목록 2026-06-30 code=3697 sha256=4a523f990553
ing_pending_df0d314a595e,,pentylene_glycol,existing_identity,high,KCIA 표준화명칭목록 2026-06-30 code=3635 sha256=4a523f990553
ing_pending_df367b718a11,,hydroxystearic_acid,official_exact,high,KCIA 표준화명칭목록 2026-06-30 code=4637 sha256=4a523f990553
ing_pending_df452a552382,,capryloyl_glycine,official_exact,high,KCIA 표준화명칭목록 2026-06-30 code=2914 sha256=4a523f990553
ing_pending_df4cd65ddd77,,cucumis_sativus_cucumber_fruit_extract,existing_identity,high,KCIA 표준화명칭목록 2026-06-30 code=2176 sha256=4a523f990553
ing_pending_df670204bf40,,leucine,official_exact,high,KCIA 표준화명칭목록 2026-06-30 code=5 sha256=4a523f990553
ing_pending_df906436bc67,,safflower_glucoside,official_exact,high,KCIA 표준화명칭목록 2026-06-30 code=781 sha256=4a523f990553
ing_pending_dfa3164c870a,,diisopropyl_sebacate,official_exact,high,KCIA 표준화명칭목록 2026-06-30 code=5210 sha256=4a523f990553
ing_pending_dfa3192be540,,centaurea_cyanus_flower_water,official_exact,high,KCIA 표준화명칭목록 2026-06-30 code=1335 sha256=4a523f990553
ing_pending_dfb445b00964,,silicone_quaternium_3,official_exact,high,KCIA 표준화명칭목록 2026-06-30 code=8528 sha256=4a523f990553
ing_pending_dfb7de0f880d,,polyglyceryl_10_decaisostearate,official_exact,high,KCIA 표준화명칭목록 2026-06-30 code=3739 sha256=4a523f990553
ing_pending_dfdc9e111645,,sodium_metaphosphate,official_exact,high,KCIA 표준화명칭목록 2026-06-30 code=1101 sha256=4a523f990553
ing_pending_dfe45d7f5714,,isocetyl_stearoyl_stearate,official_exact,high,KCIA 표준화명칭목록 2026-06-30 code=2470 sha256=4a523f990553
ing_pending_e0056edca652,,sorbitan_oleate_decylglucoside_crosspolymer,official_exact,high,KCIA 표준화명칭목록 2026-06-30 code=9040 sha256=4a523f990553
ing_pending_e01265154be7,,polysorbate_60,existing_identity,high,KCIA 표준화명칭목록 2026-06-30 code=3858 sha256=4a523f990553
ing_pending_e0192a791a3a,,silica,official_exact,high,KCIA 표준화명칭목록 2026-06-30 code=1548 sha256=4a523f990553
ing_pending_e01b88da6c02,,hydrolyzed_pea_protein,official_exact,high,KCIA 표준화명칭목록 2026-06-30 code=4783 sha256=4a523f990553
ing_pending_e0238ddb547b,,collagen_amino_acids,official_exact,high,KCIA 표준화명칭목록 2026-06-30 code=3078 sha256=4a523f990553
ing_pending_e03628125286,,sodium_dna,existing_identity,high,KCIA 표준화명칭목록 2026-06-30 code=1048 sha256=4a523f990553
ing_pending_e0380c8bcf70,,rosmarinus_officinalis_rosemary_leaf_oil,existing_identity,high,KCIA 표준화명칭목록 2026-06-30 code=5512 sha256=4a523f990553
ing_pending_e03866d26807,,triethoxycaprylylsilane,official_exact,high,KCIA 표준화명칭목록 2026-06-30 code=3389 sha256=4a523f990553
ing_pending_e0526257c8b2,,phenoxyethanol,official_exact,high,KCIA 표준화명칭목록 2026-06-30 code=3579 sha256=4a523f990553
ing_pending_e0780dfba65e,,polyvinyl_alcohol,official_exact,high,KCIA 표준화명칭목록 2026-06-30 code=3851 sha256=4a523f990553
ing_pending_e079ba0f2d43,,hydrolyzed_sclerotium_gum,official_exact,high,KCIA 표준화명칭목록 2026-06-30 code=6004 sha256=4a523f990553
ing_pending_e0894646128f,,magnesium_aluminum_silicate,existing_identity,high,KCIA 표준화명칭목록 2026-06-30 code=53 sha256=4a523f990553
ing_pending_e08b48282899,,acetamide_mea,official_exact,high,KCIA 표준화명칭목록 2026-06-30 code=1686 sha256=4a523f990553
ing_pending_e092e5d32007,,rubus_idaeus_raspberry_fruit_extract,official_exact,high,KCIA 표준화명칭목록 2026-06-30 code=5422 sha256=4a523f990553
ing_pending_e0982b958566,,cellulose_gum,official_exact,high,KCIA 표준화명칭목록 2026-06-30 code=1023 sha256=4a523f990553
ing_pending_e0ac48033e91,,laureth_21,official_exact,high,KCIA 표준화명칭목록 2026-06-30 code=5345 sha256=4a523f990553
ing_pending_e0b61c906516,,carica_papaya_papaya_fruit_extract,official_exact,high,KCIA 표준화명칭목록 2026-06-30 code=3522 sha256=4a523f990553
ing_pending_e0d95db1ec64,,ethyl_glucoside,official_exact,high,KCIA 표준화명칭목록 2026-06-30 code=2039 sha256=4a523f990553
ing_pending_e0ea3adbb6f9,,dimethicone_peg_10_15_crosspolymer,official_exact,high,KCIA 표준화명칭목록 2026-06-30 code=4830 sha256=4a523f990553
ing_pending_e0efc45a07b8,,kigelia_africana_fruit_extract,official_exact,high,KCIA 표준화명칭목록 2026-06-30 code=1302 sha256=4a523f990553
ing_pending_e1160ff4bda7,,biota_orientalis_leaf_extract,official_exact,high,KCIA 표준화명칭목록 2026-06-30 code=2841 sha256=4a523f990553
ing_pending_e121d9a3c8a7,,ethylhexyl_isononanoate,official_exact,high,KCIA 표준화명칭목록 2026-06-30 code=2084 sha256=4a523f990553
ing_pending_e12b2fdcb913,,methyl_gluceth_20,official_exact,high,KCIA 표준화명칭목록 2026-06-30 code=168 sha256=4a523f990553
ing_pending_e138b8db93fe,,ziziphus_jujuba_fruit_extract,official_exact,high,KCIA 표준화명칭목록 2026-06-30 code=3459 sha256=4a523f990553
ing_pending_e13b877a35bb,,achillea_millefolium_flower_extract,official_exact,high,KCIA 표준화명칭목록 2026-06-30 code=7024 sha256=4a523f990553
ing_pending_e13eb1c8ef49,,brassica_alcohol,official_exact,high,KCIA 표준화명칭목록 2026-06-30 code=7036 sha256=4a523f990553
ing_pending_e145d7cca0fa,,copper_pca,official_exact,high,KCIA 표준화명칭목록 2026-06-30 code=2909 sha256=4a523f990553
ing_pending_e1ace0e7186b,,potassium_benzoate,official_exact,high,KCIA 표준화명칭목록 2026-06-30 code=7441 sha256=4a523f990553
ing_pending_e1d30b43079e,,yeast_amino_acids,official_exact,high,KCIA 표준화명칭목록 2026-06-30 code=5012 sha256=4a523f990553
ing_pending_e1d8df31deea,,caprylic_capric_triglyceride,official_exact,high,KCIA 표준화명칭목록 2026-06-30 code=2922 sha256=4a523f990553
ing_pending_e1eeaa44abb2,,oryza_sativa_rice_bran_wax,official_exact,high,KCIA 표준화명칭목록 2026-06-30 code=1576 sha256=4a523f990553
ing_pending_e1fccb505f0a,,camellia_oleifera_seed_oil,official_exact,high,KCIA 표준화명칭목록 2026-06-30 code=2396 sha256=4a523f990553
ing_pending_e1fde200f42a,,vp_va_copolymer,existing_identity,high,KCIA 표준화명칭목록 2026-06-30 code=644 sha256=4a523f990553
ing_pending_e22e8afc17ce,,potassium_cetyl_phosphate,official_exact,high,KCIA 표준화명칭목록 2026-06-30 code=3678 sha256=4a523f990553
ing_pending_e24920de5782,,cymbopogon_schoenanthus_oil,official_exact,high,KCIA 표준화명칭목록 2026-06-30 code=5460 sha256=4a523f990553
ing_pending_e29435ae92f4,,olea_europaea_olive_fruit_oil,official_exact,high,KCIA 표준화명칭목록 2026-06-30 code=2302 sha256=4a523f990553
ing_pending_e2a7ea12f7ca,,trimethylcyclopentenyl_methylisopentenol,official_exact,high,KCIA 표준화명칭목록 2026-06-30 code=23747 sha256=4a523f990553
ing_pending_e2ae4478d88e,,mimosa_tenuiflora_bark_extract,official_exact,high,KCIA 표준화명칭목록 2026-06-30 code=347 sha256=4a523f990553
ing_pending_e2c2aba0df7d,,oleyl_alcohol,official_exact,high,KCIA 표준화명칭목록 2026-06-30 code=2287 sha256=4a523f990553
ing_pending_e2f8c93f8d69,,equisetum_arvense_extract,official_exact,high,KCIA 표준화명칭목록 2026-06-30 code=1331 sha256=4a523f990553
ing_pending_e32ea3340021,,pisum_sativum_pea_peptide,official_exact,high,KCIA 표준화명칭목록 2026-06-30 code=6850 sha256=4a523f990553
ing_pending_e33053dd9ba8,,oryza_sativa_rice_bran_extract,official_exact,high,KCIA 표준화명칭목록 2026-06-30 code=1577 sha256=4a523f990553
ing_pending_e333b7b5d309,,polyglyceryl_4_caprate,official_exact,high,KCIA 표준화명칭목록 2026-06-30 code=5981 sha256=4a523f990553
ing_pending_e33b87eb4071,,sodium_phosphate,existing_identity,high,KCIA 표준화명칭목록 2026-06-30 code=1247 sha256=4a523f990553
ing_pending_e34f7ee2837f,,bromelain,official_exact,high,KCIA 표준화명칭목록 2026-06-30 code=629 sha256=4a523f990553
ing_pending_e35684ad920f,,bis_behenyl_isostearyl_phytosteryl_dimer_dilinoleyl_dim_kcia_686,official_exact,high,KCIA 표준화명칭목록 2026-06-30 code=686 sha256=4a523f990553
ing_pending_e35de8aaa0f7,,ascorbyl_tetraisopalmitate,official_exact,high,KCIA 표준화명칭목록 2026-06-30 code=1727 sha256=4a523f990553
ing_pending_e384e8e6c8ac,,cocos_nucifera_coconut_fruit_juice,official_exact,high,KCIA 표준화명칭목록 2026-06-30 code=3059 sha256=4a523f990553
ing_pending_e3a6e7be7799,,tetrasodium_etidronate,official_exact,high,KCIA 표준화명칭목록 2026-06-30 code=3268 sha256=4a523f990553
ing_pending_e3b0bc51a564,,terephthalylidene_dicamphor_sulfonic_acid,official_exact,high,KCIA 표준화명칭목록 2026-06-30 code=3261 sha256=4a523f990553
ing_pending_e3b54524cdc8,,mannitol,existing_identity,high,KCIA 표준화명칭목록 2026-06-30 code=100 sha256=4a523f990553
ing_pending_e3be6fb42a51,,copernicia_cerifera_carnauba_wax,official_exact,high,KCIA 표준화명칭목록 2026-06-30 code=2860 sha256=4a523f990553
ing_pending_e3d7a2d1c909,,theanine,official_exact,high,KCIA 표준화명칭목록 2026-06-30 code=3267 sha256=4a523f990553
ing_pending_e3ddd18b8168,,hydroxypropyl_methylcellulose,official_exact,high,KCIA 표준화명칭목록 2026-06-30 code=4674 sha256=4a523f990553
ing_pending_e3ebe1efe560,,caprooyl_sphingosine,official_exact,high,KCIA 표준화명칭목록 2026-06-30 code=8385 sha256=4a523f990553
ing_pending_e3f874813171,,acetyl_tetrapeptide_11,official_exact,high,KCIA 표준화명칭목록 2026-06-30 code=1709 sha256=4a523f990553
ing_pending_e40bdf747ae4,,salvia_hispanica_seed_extract,official_exact,high,KCIA 표준화명칭목록 2026-06-30 code=6212 sha256=4a523f990553
ing_pending_e4140dc44f63,,polyacrylate_crosspolymer_6,official_exact,high,KCIA 표준화명칭목록 2026-06-30 code=7403 sha256=4a523f990553
ing_pending_e4221b3b1909,,methyl_hydrogenated_rosinate,official_exact,high,KCIA 표준화명칭목록 2026-06-30 code=224 sha256=4a523f990553
ing_pending_e445c63fe476,,c9_12_alkane,existing_identity,high,KCIA 표준화명칭목록 2026-06-30 code=17157 sha256=4a523f990553
ing_pending_e46167d72d72,,rosa_damascena_flower_water,official_exact,high,KCIA 표준화명칭목록 2026-06-30 code=2910 sha256=4a523f990553
ing_pending_e46ec4175fd8,,octyldodecyl_oleate,official_exact,high,KCIA 표준화명칭목록 2026-06-30 code=2242 sha256=4a523f990553
ing_pending_e478b47d824c,,phellodendron_amurense_bark_extract,official_exact,high,KCIA 표준화명칭목록 2026-06-30 code=4969 sha256=4a523f990553
ing_pending_e47950fe3428,,lysolecithin,official_exact,high,KCIA 표준화명칭목록 2026-06-30 code=5399 sha256=4a523f990553
ing_pending_e49a39be1dc5,,c12_13_alketh_23,official_exact,high,KCIA 표준화명칭목록 2026-06-30 code=3490 sha256=4a523f990553
ing_pending_e4a79cb163cd,,caprylhydroxamic_acid,existing_identity,high,KCIA 표준화명칭목록 2026-06-30 code=6629 sha256=4a523f990553
ing_pending_e4a959dbe3d7,,sodium_c14_16_olefin_sulfonate,official_exact,high,KCIA 표준화명칭목록 2026-06-30 code=1174 sha256=4a523f990553
ing_pending_e4b40078786b,,plankton_extract,official_exact,high,KCIA 표준화명칭목록 2026-06-30 code=4037 sha256=4a523f990553
ing_pending_e4b8fca1d939,,trideceth_3,official_exact,high,KCIA 표준화명칭목록 2026-06-30 code=7861 sha256=4a523f990553
ing_pending_e4beae0ca3ec,,lycium_chinense_fruit_extract,official_exact,high,KCIA 표준화명칭목록 2026-06-30 code=5514 sha256=4a523f990553
ing_pending_e4c43b5013ce,,c12_13_alketh_3,official_exact,high,KCIA 표준화명칭목록 2026-06-30 code=3488 sha256=4a523f990553
ing_pending_e4c7d202392d,,arctostaphylos_uva_ursi_leaf_extract,official_exact,high,KCIA 표준화명칭목록 2026-06-30 code=468 sha256=4a523f990553
ing_pending_e4ca70c1910f,,acacia_senegal_gum,existing_identity,high,KCIA 표준화명칭목록 2026-06-30 code=1629 sha256=4a523f990553
ing_pending_e4d2bd4e5e4b,,glycine_soja_soybean_oil,existing_identity,high,KCIA 표준화명칭목록 2026-06-30 code=3126 sha256=4a523f990553
ing_pending_e4d6ae0bb3c0,,trisodium_ethylenediamine_disuccinate,official_exact,high,KCIA 표준화명칭목록 2026-06-30 code=6229 sha256=4a523f990553
ing_pending_e4e3ee48dd9a,,calcium_sodium_borosilicate,existing_identity,high,KCIA 표준화명칭목록 2026-06-30 code=2954 sha256=4a523f990553
ing_pending_e50359bd26d6,,peg_40_hydrogenated_castor_oil,existing_identity,high,KCIA 표준화명칭목록 2026-06-30 code=4406 sha256=4a523f990553
ing_pending_e52cb5c4d0f7,,artemisia_princeps_leaf_extract,official_exact,high,KCIA 표준화명칭목록 2026-06-30 code=1981 sha256=4a523f990553
ing_pending_e545d6016520,,propylene_glycol_dicaprylate_dicaprate,existing_identity,high,KCIA 표준화명칭목록 2026-06-30 code=4001 sha256=4a523f990553
ing_pending_e5487fde37f6,,caprylyl_methicone,official_exact,high,KCIA 표준화명칭목록 2026-06-30 code=2927 sha256=4a523f990553
ing_pending_e54e87b21f67,,jasminum_officinale_jasmine_oil,official_exact,high,KCIA 표준화명칭목록 2026-06-30 code=2650 sha256=4a523f990553
ing_pending_e557aa7331a8,,lauryl_peg_10_tris_trimethylsiloxy_silylethyl_dimethicone,official_exact,high,KCIA 표준화명칭목록 2026-06-30 code=8428 sha256=4a523f990553
ing_pending_e5988df9969b,,hydrogenated_jojoba_oil,official_exact,high,KCIA 표준화명칭목록 2026-06-30 code=4620 sha256=4a523f990553
ing_pending_e599230d0861,,lycium_barbarum_fruit_extract,official_exact,high,KCIA 표준화명칭목록 2026-06-30 code=2134 sha256=4a523f990553
ing_pending_e59b2be6924e,,disodium_cocoamphodiacetate,official_exact,high,KCIA 표준화명칭목록 2026-06-30 code=5124 sha256=4a523f990553
ing_pending_e5bb5d48d37f,,rhodomyrtus_tomentosa_fruit_extract,official_exact,high,KCIA 표준화명칭목록 2026-06-30 code=8040 sha256=4a523f990553
ing_pending_e5c22fbd060a,,quaternium_80,official_exact,high,KCIA 표준화명칭목록 2026-06-30 code=3154 sha256=4a523f990553
ing_pending_e5d68f7ca8b3,,hydrogenated_styrene_isoprene_copolymer,official_exact,high,KCIA 표준화명칭목록 2026-06-30 code=4562 sha256=4a523f990553
ing_pending_e600eea1cfc4,,gardenia_florida_fruit_extract,official_exact,high,KCIA 표준화명칭목록 2026-06-30 code=2852 sha256=4a523f990553
ing_pending_e604aa01a454,,lactose,official_exact,high,KCIA 표준화명칭목록 2026-06-30 code=5444 sha256=4a523f990553
ing_pending_e606489151d5,,cetearyl_isononanoate,official_exact,high,KCIA 표준화명칭목록 2026-06-30 code=977 sha256=4a523f990553
ing_pending_e612dd4a17eb,,myrothamnus_flabellifolia_leaf_stem_extract,official_exact,high,KCIA 표준화명칭목록 2026-06-30 code=322 sha256=4a523f990553
ing_pending_e614febc089e,,populus_tremuloides_bark_extract,official_exact,high,KCIA 표준화명칭목록 2026-06-30 code=6081 sha256=4a523f990553
ing_pending_e630fe73c8ce,,glyoxal,official_exact,high,KCIA 표준화명칭목록 2026-06-30 code=5598 sha256=4a523f990553
ing_pending_e649209506d8,,hedera_helix_ivy_extract,official_exact,high,KCIA 표준화명칭목록 2026-06-30 code=858 sha256=4a523f990553
ing_pending_e67c55a1d79c,,chamomilla_recutita_matricaria_flower_extract,existing_identity,high,KCIA 표준화명칭목록 2026-06-30 code=18369 sha256=4a523f990553
ing_pending_e67e4c5f0c63,,citrus_aurantium_dulcis_orange_peel_extract,official_exact,high,KCIA 표준화명칭목록 2026-06-30 code=2147 sha256=4a523f990553
ing_pending_e67fa7a395eb,,yeast_extract,official_exact,high,KCIA 표준화명칭목록 2026-06-30 code=5019 sha256=4a523f990553
ing_pending_e6903e3ef74a,,drometrizole_trisiloxane,official_exact,high,KCIA 표준화명칭목록 2026-06-30 code=4269 sha256=4a523f990553
ing_pending_e691ae540d09,,betaine,official_exact,high,KCIA 표준화명칭목록 2026-06-30 code=475 sha256=4a523f990553
ing_pending_e69e533999c7,,leuconostoc_radish_root_ferment_filtrate,existing_identity,high,KCIA 표준화명칭목록 2026-06-30 code=6 sha256=4a523f990553
ing_pending_e6a1af94e881,,peg_60_hydrogenated_castor_oil,official_exact,high,KCIA 표준화명칭목록 2026-06-30 code=4408 sha256=4a523f990553
ing_pending_e6a9d19af1bb,,vinyl_dimethicone,official_exact,high,KCIA 표준화명칭목록 2026-06-30 code=672 sha256=4a523f990553
ing_pending_e6bd923b064e,,hdi_trimethylol_hexyllactone_crosspolymer,existing_identity,high,KCIA 표준화명칭목록 2026-06-30 code=2036 sha256=4a523f990553
ing_pending_e6c8c320ff4a,,algae_extract,official_exact,high,KCIA 표준화명칭목록 2026-06-30 code=979 sha256=4a523f990553
ing_pending_e6ddfc6654db,,citrus_aurantium_amara_bitter_orange_peel_oil,official_exact,high,KCIA 표준화명칭목록 2026-06-30 code=5558 sha256=4a523f990553
ing_pending_e6e01b75f5b4,,hydrolyzed_lupine_protein,official_exact,high,KCIA 표준화명칭목록 2026-06-30 code=4735 sha256=4a523f990553
ing_pending_e6feed8635b1,,sodium_acrylates_crosspolymer_2,official_exact,high,KCIA 표준화명칭목록 2026-06-30 code=7197 sha256=4a523f990553
ing_pending_e70aa3a14121,,propylene_glycol,official_exact,high,KCIA 표준화명칭목록 2026-06-30 code=3992 sha256=4a523f990553
ing_pending_e70dc74e1f2d,,sphingolipids,official_exact,high,KCIA 표준화명칭목록 2026-06-30 code=1497 sha256=4a523f990553
ing_pending_e7299ee2bbfb,,propanediol,official_exact,high,KCIA 표준화명칭목록 2026-06-30 code=3986 sha256=4a523f990553
ing_pending_e76f552794c5,,methylchloroisothiazolinone,official_exact,high,KCIA 표준화명칭목록 2026-06-30 code=210 sha256=4a523f990553
ing_pending_e799c491451d,,polyester_8,official_exact,high,KCIA 표준화명칭목록 2026-06-30 code=3892 sha256=4a523f990553
ing_pending_e7bf67987cbd,,distearoylethyl_dimonium_chloride,official_exact,high,KCIA 표준화명칭목록 2026-06-30 code=6169 sha256=4a523f990553
ing_pending_e806f3d5742e,,lauryl_dimethicone,official_exact,high,KCIA 표준화명칭목록 2026-06-30 code=9098 sha256=4a523f990553
ing_pending_e81659c0fbf4,,alcohol_denat,official_exact,high,KCIA 표준화명칭목록 2026-06-30 code=532 sha256=4a523f990553
ing_pending_e81831a259b4,,isopropyl_alcohol,official_exact,high,KCIA 표준화명칭목록 2026-06-30 code=2537 sha256=4a523f990553
ing_pending_e81b9f1f8265,,bacillus_soybean_ferment_extract,official_exact,high,KCIA 표준화명칭목록 2026-06-30 code=396 sha256=4a523f990553
ing_pending_e820bddb2e71,,trisiloxane,existing_identity,high,KCIA 표준화명칭목록 2026-06-30 code=3377 sha256=4a523f990553
ing_pending_e828a762cc91,,borago_officinalis_extract,official_exact,high,KCIA 표준화명칭목록 2026-06-30 code=553 sha256=4a523f990553
ing_pending_e8295a619413,,cetraria_islandica_extract,official_exact,high,KCIA 표준화명칭목록 2026-06-30 code=1744 sha256=4a523f990553
ing_pending_e843f7beb51d,,styrene_acrylates_copolymer,official_exact,high,KCIA 표준화명칭목록 2026-06-30 code=1413 sha256=4a523f990553
ing_pending_e84ce3051871,,soluble_proteoglycan,official_exact,high,KCIA 표준화명칭목록 2026-06-30 code=6144 sha256=4a523f990553
ing_pending_e8749a053438,,prunus_persica_peach_fruit_extract,official_exact,high,KCIA 표준화명칭목록 2026-06-30 code=564 sha256=4a523f990553
ing_pending_e87b6a67ab3c,,sambucus_nigra_flower_extract,official_exact,high,KCIA 표준화명칭목록 2026-06-30 code=2107 sha256=4a523f990553
ing_pending_e891c0970f45,,fucus_vesiculosus_extract,official_exact,high,KCIA 표준화명칭목록 2026-06-30 code=651 sha256=4a523f990553
ing_pending_e8aa890c0260,,sh_polypeptide_9,official_exact,high,KCIA 표준화명칭목록 2026-06-30 code=7694 sha256=4a523f990553
ing_pending_e8b612be0b3c,,prunus_domestica_fruit_extract,official_exact,high,KCIA 표준화명칭목록 2026-06-30 code=868 sha256=4a523f990553
ing_pending_e8b774b24516,,gossypium_herbaceum_cotton_seed_oil,official_exact,high,KCIA 표준화명칭목록 2026-06-30 code=286 sha256=4a523f990553
ing_pending_e8ceeb16e2fa,,hydrolyzed_corn_protein,official_exact,high,KCIA 표준화명칭목록 2026-06-30 code=4780 sha256=4a523f990553
ing_pending_e8ff8c88b2de,,tartrazine,official_exact,high,KCIA 표준화명칭목록 2026-06-30 code=4970 sha256=4a523f990553
ing_pending_e9362661225e,,diglycerin,official_exact,high,KCIA 표준화명칭목록 2026-06-30 code=4445 sha256=4a523f990553
ing_pending_e93f1cef3927,,peg_6_caprylic_capric_glycerides,official_exact,high,KCIA 표준화명칭목록 2026-06-30 code=4317 sha256=4a523f990553
ing_pending_e95064d9e028,,zinc_stearate,official_exact,high,KCIA 표준화명칭목록 2026-06-30 code=2775 sha256=4a523f990553
ing_pending_e960ee19c478,,glucose,official_exact,high,KCIA 표준화명칭목록 2026-06-30 code=839 sha256=4a523f990553
ing_pending_e97869e4b02c,,wheat_amino_acids,official_exact,high,KCIA 표준화명칭목록 2026-06-30 code=369 sha256=4a523f990553
ing_pending_e9a15eae3617,,titanium_dioxide,official_exact,high,KCIA 표준화명칭목록 2026-06-30 code=3463 sha256=4a523f990553
ing_pending_e9a1a33c2f0a,,aloe_barbadensis_flower_extract,official_exact,high,KCIA 표준화명칭목록 2026-06-30 code=1832 sha256=4a523f990553
ing_pending_e9d90a189f14,,c10_18_triglycerides,official_exact,high,KCIA 표준화명칭목록 2026-06-30 code=3319 sha256=4a523f990553
ing_pending_e9de0057728a,,calcium_silicate,official_exact,high,KCIA 표준화명칭목록 2026-06-30 code=2958 sha256=4a523f990553
ing_pending_e9e0543e1e36,,triolein,official_exact,high,KCIA 표준화명칭목록 2026-06-30 code=5549 sha256=4a523f990553
ing_pending_ea0008398596,,magnesium_stearate,existing_identity,high,KCIA 표준화명칭목록 2026-06-30 code=47 sha256=4a523f990553
ing_pending_ea0a5eace43a,,hydroxypropyl_guar,official_exact,high,KCIA 표준화명칭목록 2026-06-30 code=4671 sha256=4a523f990553
ing_pending_ea1d256df69b,,collagen,official_exact,high,KCIA 표준화명칭목록 2026-06-30 code=3077 sha256=4a523f990553
ing_pending_ea316cf5569a,,litchi_chinensis_pericarp_extract,official_exact,high,KCIA 표준화명칭목록 2026-06-30 code=25 sha256=4a523f990553
ing_pending_ea3173cc7a84,,sodium_gluconate,existing_identity,high,KCIA 표준화명칭목록 2026-06-30 code=1036 sha256=4a523f990553
ing_pending_ea3293e86fdc,,sodium_carrageenan,official_exact,high,KCIA 표준화명칭목록 2026-06-30 code=1186 sha256=4a523f990553
ing_pending_ea75e1860c5a,,bambusa_vulgaris_leaf_extract,official_exact,high,KCIA 표준화명칭목록 2026-06-30 code=7738 sha256=4a523f990553
ing_pending_ea7ec32e3348,,punica_granatum_seed_oil,official_exact,high,KCIA 표준화명칭목록 2026-06-30 code=885 sha256=4a523f990553
ing_pending_eabdd7d47631,,fragrance_perfume_parfum,official_exact,high,KCIA 표준화명칭목록 2026-06-30 code=4852 sha256=4a523f990553
ing_pending_ead362c6626e,,tromethamine,official_exact,high,KCIA 표준화명칭목록 2026-06-30 code=3317 sha256=4a523f990553
ing_pending_eaee290fe76f,,zinc_pyrithione,official_exact,high,KCIA 표준화명칭목록 2026-06-30 code=2783 sha256=4a523f990553
ing_pending_eaf985294beb,,cetearyl_olivate,official_exact,high,KCIA 표준화명칭목록 2026-06-30 code=976 sha256=4a523f990553
ing_pending_eb458424b172,,nelumbo_nucifera_root_extract,official_exact,high,KCIA 표준화명칭목록 2026-06-30 code=2122 sha256=4a523f990553
ing_pending_eb5a8378d0a7,,salvia_officinalis_sage_extract,official_exact,high,KCIA 표준화명칭목록 2026-06-30 code=6233 sha256=4a523f990553
ing_pending_eb615e1b6b48,,cocoyl_hydrolyzed_collagen,official_exact,high,KCIA 표준화명칭목록 2026-06-30 code=3067 sha256=4a523f990553
ing_pending_eb6a6259b674,,hexapeptide_11,official_exact,high,KCIA 표준화명칭목록 2026-06-30 code=4876 sha256=4a523f990553
ing_pending_eb6aefd9337a,,behenamidopropyl_dimethylamine,official_exact,high,KCIA 표준화명칭목록 2026-06-30 code=493 sha256=4a523f990553
ing_pending_eb75c6ed156a,,dipeptide_diaminobutyroyl_benzylamide_diacetate,official_exact,high,KCIA 표준화명칭목록 2026-06-30 code=5255 sha256=4a523f990553
ing_pending_eb7a8dce2e7b,,xanthan_gum,official_exact,high,KCIA 표준화명칭목록 2026-06-30 code=2639 sha256=4a523f990553
ing_pending_ebaa53af330f,,phospholipids,official_exact,high,KCIA 표준화명칭목록 2026-06-30 code=3662 sha256=4a523f990553
ing_pending_ebaaf603c340,,ethylhexyl_methoxycrylene,official_exact,high,KCIA 표준화명칭목록 2026-06-30 code=6869 sha256=4a523f990553
ing_pending_ebc5f3c976a0,,acrylates_copolymer,official_exact,high,KCIA 표준화명칭목록 2026-06-30 code=1787 sha256=4a523f990553
ing_pending_ebe20aa739f4,,hydrolyzed_sodium_hyaluronate,official_exact,high,KCIA 표준화명칭목록 2026-06-30 code=7511 sha256=4a523f990553
ing_pending_ebf59eb621a4,,urtica_dioica_nettle_leaf_extract,official_exact,high,KCIA 표준화명칭목록 2026-06-30 code=1589 sha256=4a523f990553
ing_pending_ebf5e7c6e591,,glyceryl_behenate,official_exact,high,KCIA 표준화명칭목록 2026-06-30 code=1168 sha256=4a523f990553
ing_pending_ebf8009d8e09,,coffea_arabica_coffee_seed_extract,official_exact,high,KCIA 표준화명칭목록 2026-06-30 code=3011 sha256=4a523f990553
ing_pending_ebf9cdf5a1c8,,sh_polypeptide_1,official_exact,high,KCIA 표준화명칭목록 2026-06-30 code=7696 sha256=4a523f990553
ing_pending_ec0d02c30cc7,,hydroxypropyl_starch_phosphate,official_exact,high,KCIA 표준화명칭목록 2026-06-30 code=4688 sha256=4a523f990553
ing_pending_ec0d286ebdd1,,calendula_officinalis_flower_extract,official_exact,high,KCIA 표준화명칭목록 2026-06-30 code=2870 sha256=4a523f990553
ing_pending_ec0ea4a7594f,,polyglyceryl_4_laurate,official_exact,high,KCIA 표준화명칭목록 2026-06-30 code=5977 sha256=4a523f990553
ing_pending_ec1b8d3ad836,,xanthan_gum,official_exact,high,KCIA 표준화명칭목록 2026-06-30 code=2639 sha256=4a523f990553
ing_pending_ec33e5b0f998,,butylphenyl_methylpropional,existing_identity,high,KCIA 표준화명칭목록 2026-06-30 code=608 sha256=4a523f990553
ing_pending_ec4a47294b8d,,chamaecyparis_obtusa_water,official_exact,high,KCIA 표준화명칭목록 2026-06-30 code=3639 sha256=4a523f990553
ing_pending_ec51b71d93e4,,bis_peg_18_methyl_ether_dimethyl_silane,official_exact,high,KCIA 표준화명칭목록 2026-06-30 code=705 sha256=4a523f990553
ing_pending_ec5ef6df41d4,,prunus_persica_peach_leaf_extract,official_exact,high,KCIA 표준화명칭목록 2026-06-30 code=561 sha256=4a523f990553
ing_pending_ec6da355243d,,sodium_ascorbyl_phosphate,official_exact,high,KCIA 표준화명칭목록 2026-06-30 code=1152 sha256=4a523f990553
ing_pending_ec8e33ed1389,,prunus_persica_peach_fruit_extract,official_exact,high,KCIA 표준화명칭목록 2026-06-30 code=564 sha256=4a523f990553
ing_pending_ecc0a7de773c,,sodium_pca,existing_identity,high,KCIA 표준화명칭목록 2026-06-30 code=1258 sha256=4a523f990553
ing_pending_ecddb8f9411d,,methyl_glucose_sesquistearate,official_exact,high,KCIA 표준화명칭목록 2026-06-30 code=172 sha256=4a523f990553
ing_pending_ece2d97e0052,,methyl_diisopropyl_propionamide,official_exact,high,KCIA 표준화명칭목록 2026-06-30 code=176 sha256=4a523f990553
ing_pending_ed17400855c8,,methyl_nicotinate,official_exact,high,KCIA 표준화명칭목록 2026-06-30 code=173 sha256=4a523f990553
ing_pending_ed1a08bafd3f,,punica_granatum_extract,official_exact,high,KCIA 표준화명칭목록 2026-06-30 code=883 sha256=4a523f990553
ing_pending_ed235c916c3d,,hydrogenated_lecithin,official_exact,high,KCIA 표준화명칭목록 2026-06-30 code=4546 sha256=4a523f990553
ing_pending_ed3658bc51d4,,peg_90,official_exact,high,KCIA 표준화명칭목록 2026-06-30 code=4090 sha256=4a523f990553
ing_pending_ed40e281ca3a,,valine,official_exact,high,KCIA 표준화명칭목록 2026-06-30 code=416 sha256=4a523f990553
ing_pending_ed4b147b72b8,,citrus_aurantifolia_lime_peel_extract,official_exact,high,KCIA 표준화명칭목록 2026-06-30 code=5794 sha256=4a523f990553
ing_pending_ed4d1dc71a25,,ceramide_ns,official_exact,high,KCIA 표준화명칭목록 2026-06-30 code=8380 sha256=4a523f990553
ing_pending_ed63aed27f64,,sodium_hyaluronate_dimethylsilanol,official_exact,high,KCIA 표준화명칭목록 2026-06-30 code=1266 sha256=4a523f990553
ing_pending_ed6faee516bb,,isostearic_acid,existing_identity,high,KCIA 표준화명칭목록 2026-06-30 code=2485 sha256=4a523f990553
ing_pending_ed95da656a4b,,peg_150_distearate,official_exact,high,KCIA 표준화명칭목록 2026-06-30 code=4175 sha256=4a523f990553
ing_pending_eda6791f9268,,eclipta_prostrata_extract,official_exact,high,KCIA 표준화명칭목록 2026-06-30 code=4824 sha256=4a523f990553
ing_pending_edbee243a9ce,,dextran,official_exact,high,KCIA 표준화명칭목록 2026-06-30 code=3754 sha256=4a523f990553
ing_pending_edd7d4fec5ff,,hydrogenated_starch_hydrolysate,official_exact,high,KCIA 표준화명칭목록 2026-06-30 code=4563 sha256=4a523f990553
ing_pending_edfddd579607,,oryza_sativa_rice_bran_oil,official_exact,high,KCIA 표준화명칭목록 2026-06-30 code=1575 sha256=4a523f990553
ing_pending_ee36bc838de3,,synthetic_beeswax,existing_identity,high,KCIA 표준화명칭목록 2026-06-30 code=4829 sha256=4a523f990553
ing_pending_ee3b7fdc3dd7,,trifolium_pratense_clover_flower_extract,official_exact,high,KCIA 표준화명칭목록 2026-06-30 code=618 sha256=4a523f990553
ing_pending_ee74f6e2b348,,sodium_citrate,official_exact,high,KCIA 표준화명칭목록 2026-06-30 code=1145 sha256=4a523f990553
ing_pending_ee7aba22dd27,,magnolol,official_exact,high,KCIA 표준화명칭목록 2026-06-30 code=7803 sha256=4a523f990553
ing_pending_ee8b9802bad1,,quercetin,official_exact,high,KCIA 표준화명칭목록 2026-06-30 code=3135 sha256=4a523f990553
ing_pending_ee9e9b88bfe7,,oligopeptide_2,official_exact,high,KCIA 표준화명칭목록 2026-06-30 code=2294 sha256=4a523f990553
ing_pending_eea34eb1b89b,,biosaccharide_gum_1,official_exact,high,KCIA 표준화명칭목록 2026-06-30 code=402 sha256=4a523f990553
ing_pending_eef58792a781,,palmitic_acid,official_exact,high,KCIA 표준화명칭목록 2026-06-30 code=3559 sha256=4a523f990553
ing_pending_ef14816491d9,,opuntia_ficus_indica_flower_extract,official_exact,high,KCIA 표준화명칭목록 2026-06-30 code=14853 sha256=4a523f990553
ing_pending_ef6fc82697f5,,stearalkonium_bentonite,official_exact,high,KCIA 표준화명칭목록 2026-06-30 code=1433 sha256=4a523f990553
ing_pending_ef794ce17841,,ethylparaben,official_exact,high,KCIA 표준화명칭목록 2026-06-30 code=2068 sha256=4a523f990553
ing_pending_ef86203fda36,,cocamidopropyl_betaine,official_exact,high,KCIA 표준화명칭목록 2026-06-30 code=3035 sha256=4a523f990553
ing_pending_efe1fcdb5ac0,,citrus_junos_fruit_extract,official_exact,high,KCIA 표준화명칭목록 2026-06-30 code=2394 sha256=4a523f990553
ing_pending_eff4a700553c,,ppg_26_buteth_26,existing_identity,high,KCIA 표준화명칭목록 2026-06-30 code=4481 sha256=4a523f990553
ing_pending_f00601b6acc9,,triticum_vulgare_wheat_germ_extract,official_exact,high,KCIA 표준화명칭목록 2026-06-30 code=367 sha256=4a523f990553
ing_pending_f00b356db33f,,poloxamer_184,official_exact,high,KCIA 표준화명칭목록 2026-06-30 code=3720 sha256=4a523f990553
ing_pending_f03303ec5592,,drometrizole_trisiloxane,official_exact,high,KCIA 표준화명칭목록 2026-06-30 code=4269 sha256=4a523f990553
ing_pending_f03ee6c029f6,,phytosteryl_behenyl_octyldodecyl_lauroyl_glutamate,official_exact,high,KCIA 표준화명칭목록 2026-06-30 code=4433 sha256=4a523f990553
ing_pending_f0604f173f7d,,portulaca_grandiflora_extract,official_exact,high,KCIA 표준화명칭목록 2026-06-30 code=2810 sha256=4a523f990553
ing_pending_f0ac2dd982e1,,tridecyl_stearate,official_exact,high,KCIA 표준화명칭목록 2026-06-30 code=3332 sha256=4a523f990553
ing_pending_f0de278ff647,,madecassic_acid,existing_identity,high,KCIA 표준화명칭목록 2026-06-30 code=71 sha256=4a523f990553
ing_pending_f0f6db691e5c,,salvia_officinalis_sage_leaf_extract,official_exact,high,KCIA 표준화명칭목록 2026-06-30 code=926 sha256=4a523f990553
ing_pending_f0f756db6820,,morus_nigra_fruit_extract,official_exact,high,KCIA 표준화명칭목록 2026-06-30 code=654 sha256=4a523f990553
ing_pending_f112edffbdd7,,oligopeptide_68,official_exact,high,KCIA 표준화명칭목록 2026-06-30 code=7044 sha256=4a523f990553
ing_pending_f11a47322c46,,trimethylbenzenepropanol,official_exact,high,KCIA 표준화명칭목록 2026-06-30 code=8210 sha256=4a523f990553
ing_pending_f12a3493043a,,zinc_pyrithione,official_exact,high,KCIA 표준화명칭목록 2026-06-30 code=2783 sha256=4a523f990553
ing_pending_f1696776111a,,linum_usitatissimum_linseed_seed_oil,official_exact,high,KCIA 표준화명칭목록 2026-06-30 code=1646 sha256=4a523f990553
ing_pending_f171c50c09a7,,lactobacillus_soybean_ferment_extract,official_exact,high,KCIA 표준화명칭목록 2026-06-30 code=5665 sha256=4a523f990553
ing_pending_f1763d07d582,,isosorbide,official_exact,high,KCIA 표준화명칭목록 2026-06-30 code=22731 sha256=4a523f990553
ing_pending_f186dee4b53f,,palmitoyl_tetrapeptide_7,official_exact,high,KCIA 표준화명칭목록 2026-06-30 code=3548 sha256=4a523f990553
ing_pending_f189456951de,,salix_alba_willow_bark_extract,official_exact,high,KCIA 표준화명칭목록 2026-06-30 code=4957 sha256=4a523f990553
ing_pending_f1aef96016c2,,daucus_carota_sativa_carrot_seed_oil,official_exact,high,KCIA 표준화명칭목록 2026-06-30 code=3196 sha256=4a523f990553
ing_pending_f1de7c712f85,,ceramide_eop,official_exact,high,KCIA 표준화명칭목록 2026-06-30 code=8382 sha256=4a523f990553
ing_pending_f1e469e0a4fb,,solanum_melongena_eggplant_fruit_extract,official_exact,high,KCIA 표준화명칭목록 2026-06-30 code=2 sha256=4a523f990553
ing_pending_f241854ac6d0,,tribehenin,official_exact,high,KCIA 표준화명칭목록 2026-06-30 code=3361 sha256=4a523f990553
ing_pending_f24327ebaac6,,polyglyceryl_3_distearate,official_exact,high,KCIA 표준화명칭목록 2026-06-30 code=3742 sha256=4a523f990553
ing_pending_f27ca5db415c,,lauryl_peg_8_dimethicone,official_exact,high,KCIA 표준화명칭목록 2026-06-30 code=5875 sha256=4a523f990553
ing_pending_f28574d8e332,,sucrose_tetrastearate_triacetate,official_exact,high,KCIA 표준화명칭목록 2026-06-30 code=1378 sha256=4a523f990553
ing_pending_f2af9086549b,,caprylic_capric_triglyceride,official_exact,high,KCIA 표준화명칭목록 2026-06-30 code=2922 sha256=4a523f990553
ing_pending_f2b6dc21edcd,,resveratrol,official_exact,high,KCIA 표준화명칭목록 2026-06-30 code=5483 sha256=4a523f990553
ing_pending_f2b7a0b987c2,,tropolone,official_exact,high,KCIA 표준화명칭목록 2026-06-30 code=6051 sha256=4a523f990553
ing_pending_f2bd7a65f776,,alpha_isomethyl_ionone,official_exact,high,KCIA 표준화명칭목록 2026-06-30 code=1932 sha256=4a523f990553
ing_pending_f2c8e9c1767f,,phytosterols,official_exact,high,KCIA 표준화명칭목록 2026-06-30 code=4429 sha256=4a523f990553
ing_pending_f2e08865bf94,,carnitine_hcl,official_exact,high,KCIA 표준화명칭목록 2026-06-30 code=2873 sha256=4a523f990553
ing_pending_f2eab35fa144,,oenothera_biennis_evening_primrose_oil,official_exact,high,KCIA 표준화명칭목록 2026-06-30 code=3107 sha256=4a523f990553
ing_pending_f30372bc9294,,ppg_3_caprylyl_ether,official_exact,high,KCIA 표준화명칭목록 2026-06-30 code=5614 sha256=4a523f990553
ing_pending_f3117ec4e2ae,,beheneth_30,official_exact,high,KCIA 표준화명칭목록 2026-06-30 code=485 sha256=4a523f990553
ing_pending_f344848c8b00,,cucumis_sativus_cucumber_fruit_extract,official_exact,high,KCIA 표준화명칭목록 2026-06-30 code=2176 sha256=4a523f990553
ing_pending_f34ef9496883,,c13_14_alkane,official_exact,high,KCIA 표준화명칭목록 2026-06-30 code=9574 sha256=4a523f990553
ing_pending_f3a2f7e42c2e,,angelica_acutiloba_root_extract,official_exact,high,KCIA 표준화명칭목록 2026-06-30 code=2581 sha256=4a523f990553
ing_pending_f3a922989b08,,rosa_rugosa_leaf_extract,official_exact,high,KCIA 표준화명칭목록 2026-06-30 code=15123 sha256=4a523f990553
ing_pending_f3a968066b1c,,lens_esculenta_lentil_fruit_extract,official_exact,high,KCIA 표준화명칭목록 2026-06-30 code=5495 sha256=4a523f990553
ing_pending_f3e079d78b4c,,salvia_sclarea_clary_oil,official_exact,high,KCIA 표준화명칭목록 2026-06-30 code=3184 sha256=4a523f990553
ing_pending_f3ec14cdff36,,thiamine_hcl,official_exact,high,KCIA 표준화명칭목록 2026-06-30 code=3436 sha256=4a523f990553
ing_pending_f3f602a7f204,,ppg_2_myristyl_ether_propionate,official_exact,high,KCIA 표준화명칭목록 2026-06-30 code=4473 sha256=4a523f990553
ing_pending_f4268c059430,,glyceryl_linoleate,official_exact,high,KCIA 표준화명칭목록 2026-06-30 code=1136 sha256=4a523f990553
ing_pending_f427517b9daf,,momordica_cochinchinensis_seed_extract,official_exact,high,KCIA 표준화명칭목록 2026-06-30 code=23431 sha256=4a523f990553
ing_pending_f430ebaa6439,,palmitoyl_hexapeptide_12,official_exact,high,KCIA 표준화명칭목록 2026-06-30 code=6477 sha256=4a523f990553
ing_pending_f43790da3585,,hydrolyzed_linseed_seed,official_exact,high,KCIA 표준화명칭목록 2026-06-30 code=9662 sha256=4a523f990553
ing_pending_f44b8fc9cad2,,acetyl_dipeptide_1_cetyl_ester,official_exact,high,KCIA 표준화명칭목록 2026-06-30 code=1694 sha256=4a523f990553
ing_pending_f4552eb3990b,,diglycerin,official_exact,high,KCIA 표준화명칭목록 2026-06-30 code=4445 sha256=4a523f990553
ing_pending_f457d4284755,,ethylhexyl_palmitate,official_exact,high,KCIA 표준화명칭목록 2026-06-30 code=2088 sha256=4a523f990553
ing_pending_f48a1715383d,,polyglyceryl_10_oleate,official_exact,high,KCIA 표준화명칭목록 2026-06-30 code=3791 sha256=4a523f990553
ing_pending_f49cdd148a7e,,myristyl_nicotinate,official_exact,high,KCIA 표준화명칭목록 2026-06-30 code=7635 sha256=4a523f990553
ing_pending_f49f463b8a90,,citrus_aurantium_bergamia_bergamot_fruit_oil,official_exact,high,KCIA 표준화명칭목록 2026-06-30 code=459 sha256=4a523f990553
ing_pending_f4a63d4b2885,,methylpropanediol,existing_identity,high,KCIA 표준화명칭목록 2026-06-30 code=221 sha256=4a523f990553
ing_pending_f4b10320ba19,,hydrolyzed_malt_extract,official_exact,high,KCIA 표준화명칭목록 2026-06-30 code=4739 sha256=4a523f990553
ing_pending_f4b7412d5bbc,,polyurethane_14,official_exact,high,KCIA 표준화명칭목록 2026-06-30 code=3910 sha256=4a523f990553
ing_pending_f4b86efc5eec,,melaleuca_alternifolia_tea_tree_leaf_extract,official_exact,high,KCIA 표준화명칭목록 2026-06-30 code=3469 sha256=4a523f990553
ing_pending_f4cbad905888,,tremella_fuciformis_polysaccharide,official_exact,high,KCIA 표준화명칭목록 2026-06-30 code=5048 sha256=4a523f990553
ing_pending_f4ce8012be81,,bis_butyldimethicone_polyglyceryl_3,official_exact,high,KCIA 표준화명칭목록 2026-06-30 code=6721 sha256=4a523f990553
ing_pending_f4cfc4f66f63,,rubus_chamaemorus_seed_oil,official_exact,high,KCIA 표준화명칭목록 2026-06-30 code=5779 sha256=4a523f990553
ing_pending_f4d92e0d88c6,,bambusa_vulgaris_shoot_extract,official_exact,high,KCIA 표준화명칭목록 2026-06-30 code=7365 sha256=4a523f990553
ing_pending_f523b88aac0a,,dioscorea_villosa_wild_yam_root_extract,official_exact,high,KCIA 표준화명칭목록 2026-06-30 code=1986 sha256=4a523f990553
ing_pending_f52dce5a103c,,tamarindus_indica_extract,official_exact,high,KCIA 표준화명칭목록 2026-06-30 code=5861 sha256=4a523f990553
ing_pending_f5369d358a6d,,asparagine,official_exact,high,KCIA 표준화명칭목록 2026-06-30 code=7129 sha256=4a523f990553
ing_pending_f545a9894dd1,,sodium_polystyrene_sulfonate,official_exact,high,KCIA 표준화명칭목록 2026-06-30 code=1251 sha256=4a523f990553
ing_pending_f54a6fa68c6b,,foeniculum_vulgare_fennel_fruit_extract,official_exact,high,KCIA 표준화명칭목록 2026-06-30 code=4997 sha256=4a523f990553
ing_pending_f54ca879ec68,,bismuth_oxychloride,official_exact,high,KCIA 표준화명칭목록 2026-06-30 code=685 sha256=4a523f990553
ing_pending_f54d7a395930,,aluminum_magnesium_hydroxide_stearate,official_exact,high,KCIA 표준화명칭목록 2026-06-30 code=1851 sha256=4a523f990553
ing_pending_f57a094087d4,,jojoba_esters,official_exact,high,KCIA 표준화명칭목록 2026-06-30 code=4940 sha256=4a523f990553
ing_pending_f58d771c95d7,,benzoic_acid,existing_identity,high,KCIA 표준화명칭목록 2026-06-30 code=506 sha256=4a523f990553
ing_pending_f5a42c74b05a,,tetrahydroxypropyl_ethylenediamine,official_exact,high,KCIA 표준화명칭목록 2026-06-30 code=3276 sha256=4a523f990553
ing_pending_f5d3c7df6cb3,,methionine,official_exact,high,KCIA 표준화명칭목록 2026-06-30 code=165 sha256=4a523f990553
ing_pending_f5f720f3a941,,peg_40_stearate,official_exact,high,KCIA 표준화명칭목록 2026-06-30 code=4275 sha256=4a523f990553
ing_pending_f5fb150730c0,,carbomer,official_exact,high,KCIA 표준화명칭목록 2026-06-30 code=2884 sha256=4a523f990553
ing_pending_f62b5ac6dc4b,,c15_19_alkane,official_exact,high,KCIA 표준화명칭목록 2026-06-30 code=8696 sha256=4a523f990553
ing_pending_f62f2b28d868,,hexyl_laurate,existing_identity,high,KCIA 표준화명칭목록 2026-06-30 code=4890 sha256=4a523f990553
ing_pending_f6495a54dc31,,dipropylene_glycol,existing_identity,high,KCIA 표준화명칭목록 2026-06-30 code=5259 sha256=4a523f990553
ing_pending_f670e7a353e0,,olive_oil_polyglyceryl_6_esters,official_exact,high,KCIA 표준화명칭목록 2026-06-30 code=7552 sha256=4a523f990553
ing_pending_f67739e48c47,,citrus_paradisi_grapefruit_peel_oil,official_exact,high,KCIA 표준화명칭목록 2026-06-30 code=2600 sha256=4a523f990553
ing_pending_f68aaff757d5,,laureth_7,official_exact,high,KCIA 표준화명칭목록 2026-06-30 code=5335 sha256=4a523f990553
ing_pending_f68e45e19e99,,citrus_junos_fruit_extract,official_exact,high,KCIA 표준화명칭목록 2026-06-30 code=2394 sha256=4a523f990553
ing_pending_f69dcfe475c4,,trisodium_edta,official_exact,high,KCIA 표준화명칭목록 2026-06-30 code=3370 sha256=4a523f990553
ing_pending_f69f5ab6f824,,aspartic_acid,official_exact,high,KCIA 표준화명칭목록 2026-06-30 code=1736 sha256=4a523f990553
ing_pending_f6c4410d6b0e,,sodium_nitrate,official_exact,high,KCIA 표준화명칭목록 2026-06-30 code=9132 sha256=4a523f990553
ing_pending_f6cb256da3e4,,orchis_mascula_flower_extract,official_exact,high,KCIA 표준화명칭목록 2026-06-30 code=5739 sha256=4a523f990553
ing_pending_f6cf0af5d367,,dexpanthenol,official_exact,high,KCIA 표준화명칭목록 2026-06-30 code=21747 sha256=4a523f990553
ing_pending_f6ea236e1bcb,,polyglycerin_3,existing_identity,high,KCIA 표준화명칭목록 2026-06-30 code=3730 sha256=4a523f990553
ing_pending_f6fbd4be5b06,,acetyl_hexapeptide_1,official_exact,high,KCIA 표준화명칭목록 2026-06-30 code=1717 sha256=4a523f990553
ing_pending_f6fd037fc6bd,,sclerotium_gum,official_exact,high,KCIA 표준화명칭목록 2026-06-30 code=1406 sha256=4a523f990553
ing_pending_f70eb32018f3,,pelargonium_graveolens_flower_oil,official_exact,high,KCIA 표준화명칭목록 2026-06-30 code=1016 sha256=4a523f990553
ing_pending_f754f519d7f9,,benzotriazolyl_dodecyl_p_cresol,official_exact,high,KCIA 표준화명칭목록 2026-06-30 code=5578 sha256=4a523f990553
ing_pending_f7607bfaaf61,,bambusa_vulgaris_extract,official_exact,high,KCIA 표준화명칭목록 2026-06-30 code=3349 sha256=4a523f990553
ing_pending_f77a337222f1,,helianthus_annuus_sunflower_seed_extract,official_exact,high,KCIA 표준화명칭목록 2026-06-30 code=4843 sha256=4a523f990553
ing_pending_f784e48d5f94,,peg_90m,official_exact,high,KCIA 표준화명칭목록 2026-06-30 code=4108 sha256=4a523f990553
ing_pending_f7bb52c3fe5d,,eugenia_caryophyllus_clove_leaf_oil,official_exact,high,KCIA 표준화명칭목록 2026-06-30 code=3203 sha256=4a523f990553
ing_pending_f7ff693b0186,,laureth_3,official_exact,high,KCIA 표준화명칭목록 2026-06-30 code=5331 sha256=4a523f990553
ing_pending_f850490cbfe4,,gigartina_stellata_extract,official_exact,high,KCIA 표준화명칭목록 2026-06-30 code=1658 sha256=4a523f990553
ing_pending_f8581bc8cdcb,,potassium_stearate,official_exact,high,KCIA 표준화명칭목록 2026-06-30 code=3680 sha256=4a523f990553
ing_pending_f863a9e2bfbc,,peg_4_laurate,official_exact,high,KCIA 표준화명칭목록 2026-06-30 code=4202 sha256=4a523f990553
ing_pending_f87598fb91e3,,shea_butter_ethyl_esters,official_exact,high,KCIA 표준화명칭목록 2026-06-30 code=8611 sha256=4a523f990553
ing_pending_f87cb3a7039b,,ethylhexylglycerin,official_exact,high,KCIA 표준화명칭목록 2026-06-30 code=2075 sha256=4a523f990553
ing_pending_f87d41e812c3,,citrus_aurantium_bergamia_bergamot_peel_oil,official_exact,high,KCIA 표준화명칭목록 2026-06-30 code=8533 sha256=4a523f990553
ing_pending_f8a5e055cd3b,,caprylic_capric_triglyceride,existing_identity,high,KCIA 표준화명칭목록 2026-06-30 code=2922 sha256=4a523f990553
ing_pending_f8b9d6e158d7,,disodium_edta,existing_identity,high,KCIA 표준화명칭목록 2026-06-30 code=5120 sha256=4a523f990553
ing_pending_f8bbe6f2e3c8,,myrothamnus_flabellifolia_callus_culture_extract,official_exact,high,KCIA 표준화명칭목록 2026-06-30 code=7083 sha256=4a523f990553
ing_pending_f8d7625a37bb,,dipropylene_glycol,official_exact,high,KCIA 표준화명칭목록 2026-06-30 code=5259 sha256=4a523f990553
ing_pending_f8e77ae3fb03,,glutamic_acid,official_exact,high,KCIA 표준화명칭목록 2026-06-30 code=906 sha256=4a523f990553
ing_pending_f8ee94847dc1,,aluminum_dimyristate,official_exact,high,KCIA 표준화명칭목록 2026-06-30 code=1849 sha256=4a523f990553
ing_pending_f8f0fab26039,,polyester_5,official_exact,high,KCIA 표준화명칭목록 2026-06-30 code=3891 sha256=4a523f990553
ing_pending_f908e3dd808c,,hydrogenated_rapeseed_oil,official_exact,high,KCIA 표준화명칭목록 2026-06-30 code=4549 sha256=4a523f990553
ing_pending_f93e511c117f,,sambucus_nigra_fruit_extract,official_exact,high,KCIA 표준화명칭목록 2026-06-30 code=2108 sha256=4a523f990553
ing_pending_f93f1e19a05e,,propylheptyl_caprylate,official_exact,high,KCIA 표준화명칭목록 2026-06-30 code=6071 sha256=4a523f990553
ing_pending_f95a5236bdfe,,butylene_glycol,official_exact,high,KCIA 표준화명칭목록 2026-06-30 code=586 sha256=4a523f990553
ing_pending_f96ad6535c76,,hydroxypinacolone_retinoate,official_exact,high,KCIA 표준화명칭목록 2026-06-30 code=8151 sha256=4a523f990553
ing_pending_f9793cfdacd1,,disodium_cocoyl_glutamate,official_exact,high,KCIA 표준화명칭목록 2026-06-30 code=5126 sha256=4a523f990553
ing_pending_f97f2fea47f7,,amber_extract,official_exact,high,KCIA 표준화명칭목록 2026-06-30 code=7391 sha256=4a523f990553
ing_pending_f9811357a2b2,,hydrolyzed_jojoba_esters,official_exact,high,KCIA 표준화명칭목록 2026-06-30 code=4813 sha256=4a523f990553
ing_pending_f99f2da6dec8,,3_o_ethyl_ascorbic_acid,official_exact,high,KCIA 표준화명칭목록 2026-06-30 code=18510 sha256=4a523f990553
ing_pending_f9b5d7d399a1,,zea_mays_corn_starch,existing_identity,high,KCIA 표준화명칭목록 2026-06-30 code=2203 sha256=4a523f990553
ing_pending_f9b70d6556ef,,phytosteryl_octyldodecyl_lauroyl_glutamate,official_exact,high,KCIA 표준화명칭목록 2026-06-30 code=4435 sha256=4a523f990553
ing_pending_f9e2474c3375,,myristyl_alcohol,official_exact,high,KCIA 표준화명칭목록 2026-06-30 code=344 sha256=4a523f990553
ing_pending_f9eba7116b54,,diethylhexyl_butamido_triazone,official_exact,high,KCIA 표준화명칭목록 2026-06-30 code=5176 sha256=4a523f990553
ing_pending_f9f315e6b8b5,,glutamic_acid,existing_identity,high,KCIA 표준화명칭목록 2026-06-30 code=906 sha256=4a523f990553
ing_pending_fa0719eccda0,,chondrus_crispus_extract,existing_identity,high,KCIA 표준화명칭목록 2026-06-30 code=2863 sha256=4a523f990553
ing_pending_fa0ca8bf0be5,,lupinus_albus_seed_extract,official_exact,high,KCIA 표준화명칭목록 2026-06-30 code=4533 sha256=4a523f990553
ing_pending_fa1455d815d4,,maltitol,official_exact,high,KCIA 표준화명칭목록 2026-06-30 code=129 sha256=4a523f990553
ing_pending_fa1f5c8918e0,,spiraea_ulmaria_extract,official_exact,high,KCIA 표준화명칭목록 2026-06-30 code=146 sha256=4a523f990553
ing_pending_fa2ad1ac42b0,,ethylenediamine_stearyl_dimer_dilinoleate_copolymer,official_exact,high,KCIA 표준화명칭목록 2026-06-30 code=2043 sha256=4a523f990553
ing_pending_fa2c8146b2d2,,silicone_quaternium_16,official_exact,high,KCIA 표준화명칭목록 2026-06-30 code=1555 sha256=4a523f990553
ing_pending_fa3ac52f5fcd,,pentaerythrityl_tetra_di_t_butyl_hydroxyhydrocinnamate,official_exact,high,KCIA 표준화명칭목록 2026-06-30 code=3620 sha256=4a523f990553
ing_pending_fa46e35c4932,,hexyl_cinnamal,official_exact,high,KCIA 표준화명칭목록 2026-06-30 code=4893 sha256=4a523f990553
ing_pending_fa8f750c4336,,dicaprylyl_carbonate,official_exact,high,KCIA 표준화명칭목록 2026-06-30 code=5218 sha256=4a523f990553
ing_pending_fab087ad2a81,,polysilicone_15,official_exact,high,KCIA 표준화명칭목록 2026-06-30 code=3869 sha256=4a523f990553
ing_pending_fab30d898997,,trimethylsiloxysilicate,official_exact,high,KCIA 표준화명칭목록 2026-06-30 code=3340 sha256=4a523f990553
ing_pending_fab6bbbabd23,,glycosyl_trehalose,official_exact,high,KCIA 표준화명칭목록 2026-06-30 code=549 sha256=4a523f990553
ing_pending_facd3a0bf327,,asiatic_acid,existing_identity,high,KCIA 표준화명칭목록 2026-06-30 code=1740 sha256=4a523f990553
ing_pending_fae44a28d1ed,,diphenyl_dimethicone,official_exact,high,KCIA 표준화명칭목록 2026-06-30 code=5237 sha256=4a523f990553
ing_pending_faf9c620caa2,,isostearyl_alcohol,official_exact,high,KCIA 표준화명칭목록 2026-06-30 code=2496 sha256=4a523f990553
ing_pending_fb0bbc198432,,glycolipids,official_exact,high,KCIA 표준화명칭목록 2026-06-30 code=516 sha256=4a523f990553
ing_pending_fb14345aba28,,euterpe_oleracea_sterols,official_exact,high,KCIA 표준화명칭목록 2026-06-30 code=7415 sha256=4a523f990553
ing_pending_fb53805dc072,,cinnamal,official_exact,high,KCIA 표준화명칭목록 2026-06-30 code=1542 sha256=4a523f990553
ing_pending_fb58fcef96b8,,aminopropyl_triethoxysilane,official_exact,high,KCIA 표준화명칭목록 2026-06-30 code=6487 sha256=4a523f990553
ing_pending_fb841dc14210,,potassium_chloride,official_exact,high,KCIA 표준화명칭목록 2026-06-30 code=3702 sha256=4a523f990553
ing_pending_fba52323d0b3,,magnesium_sulfate,existing_identity,high,KCIA 표준화명칭목록 2026-06-30 code=46 sha256=4a523f990553
ing_pending_fbd32a4ca0dc,,dextrin_palmitate,official_exact,high,KCIA 표준화명칭목록 2026-06-30 code=3810 sha256=4a523f990553
ing_pending_fbdc687a87ff,,polyquaternium_67,official_exact,high,KCIA 표준화명칭목록 2026-06-30 code=6896 sha256=4a523f990553
ing_pending_fbf56dfa2a91,,caviar_extract,official_exact,high,KCIA 표준화명칭목록 2026-06-30 code=2987 sha256=4a523f990553
ing_pending_fbfe1b189e50,,palmitoyl_myristyl_serinate,official_exact,high,KCIA 표준화명칭목록 2026-06-30 code=3544 sha256=4a523f990553
ing_pending_fc00cae27c99,,disodium_2_sulfolaurate,official_exact,high,KCIA 표준화명칭목록 2026-06-30 code=5110 sha256=4a523f990553
ing_pending_fc294d02b3d1,,hydrolyzed_collagen,existing_identity,high,KCIA 표준화명칭목록 2026-06-30 code=4796 sha256=4a523f990553
ing_pending_fc341bfd16d7,,coco_caprylate_caprate,existing_identity,high,KCIA 표준화명칭목록 2026-06-30 code=3069 sha256=4a523f990553
ing_pending_fc44799044e7,,pyridoxine_hcl,official_exact,high,KCIA 표준화명칭목록 2026-06-30 code=4057 sha256=4a523f990553
ing_pending_fc687b0e839c,,nymphaea_alba_flower_extract,official_exact,high,KCIA 표준화명칭목록 2026-06-30 code=1337 sha256=4a523f990553
ing_pending_fc84db8dc540,,malt_extract,official_exact,high,KCIA 표준화명칭목록 2026-06-30 code=155 sha256=4a523f990553
ing_pending_fc8cd90b408e,,artemisia_annua_extract,official_exact,high,KCIA 표준화명칭목록 2026-06-30 code=2832 sha256=4a523f990553
ing_pending_fc8f4fa12c28,,tryptophan,official_exact,high,KCIA 표준화명칭목록 2026-06-30 code=3431 sha256=4a523f990553
ing_pending_fc90abf1cc59,,glyceryl_ricinoleate,official_exact,high,KCIA 표준화명칭목록 2026-06-30 code=1147 sha256=4a523f990553
ing_pending_fc98a502dd31,,sodium_pca,official_exact,high,KCIA 표준화명칭목록 2026-06-30 code=1258 sha256=4a523f990553
ing_pending_fca3184bba88,,ectoin,existing_identity,high,KCIA 표준화명칭목록 2026-06-30 code=2105 sha256=4a523f990553
ing_pending_fca5e25bf7a1,,biotinoyl_tripeptide_1,official_exact,high,KCIA 표준화명칭목록 2026-06-30 code=405 sha256=4a523f990553
ing_pending_fcb5d5a3a397,,peg_6,official_exact,high,KCIA 표준화명칭목록 2026-06-30 code=4078 sha256=4a523f990553
ing_pending_fcbbf03e63ec,,iron_oxide_red,existing_identity,high,KCIA 표준화명칭목록 2026-06-30 code=2694 sha256=4a523f990553
ing_pending_fcbd1f7b588c,,arachidyl_glucoside,official_exact,high,KCIA 표준화명칭목록 2026-06-30 code=1633 sha256=4a523f990553
ing_pending_fcc2072b94dd,,sodium_lauryl_sulfoacetate,official_exact,high,KCIA 표준화명칭목록 2026-06-30 code=1081 sha256=4a523f990553
ing_pending_fcc991cea00a,,cyperus_rotundus_root_extract,official_exact,high,KCIA 표준화명칭목록 2026-06-30 code=4854 sha256=4a523f990553
ing_pending_fcca6be542de,,cucurbita_pepo_pumpkin_seed_oil,official_exact,high,KCIA 표준화명칭목록 2026-06-30 code=4922 sha256=4a523f990553
ing_pending_fccd5f3b3b43,,valine,official_exact,high,KCIA 표준화명칭목록 2026-06-30 code=416 sha256=4a523f990553
ing_pending_fceab7c1a231,,citrus_unshiu_peel_extract,official_exact,high,KCIA 표준화명칭목록 2026-06-30 code=440 sha256=4a523f990553
ing_pending_fcf3e01e9181,,madecassic_acid,existing_identity,high,KCIA 표준화명칭목록 2026-06-30 code=71 sha256=4a523f990553
ing_pending_fd0027351975,,bambusa_vulgaris_water,official_exact,high,KCIA 표준화명칭목록 2026-06-30 code=3316 sha256=4a523f990553
ing_pending_fd1003c3f9e2,,pinus_densiflora_leaf_extract,official_exact,high,KCIA 표준화명칭목록 2026-06-30 code=1029 sha256=4a523f990553
ing_pending_fd1dcfa5de6b,,asparagopsis_armata_extract,official_exact,high,KCIA 표준화명칭목록 2026-06-30 code=1733 sha256=4a523f990553
ing_pending_fd2d59ca99ca,,sodium_lauroyl_methyl_isethionate,official_exact,high,KCIA 표준화명칭목록 2026-06-30 code=7103 sha256=4a523f990553
ing_pending_fd82d32117ee,,hydrogenated_olive_oil_unsaponifiables,official_exact,high,KCIA 표준화명칭목록 2026-06-30 code=4580 sha256=4a523f990553
ing_pending_fd877f0b3de1,,alpha_arbutin,official_exact,high,KCIA 표준화명칭목록 2026-06-30 code=5661 sha256=4a523f990553
ing_pending_fd9000107094,,caprylyl_capryl_glucoside,existing_identity,high,KCIA 표준화명칭목록 2026-06-30 code=2929 sha256=4a523f990553
ing_pending_fd90d186030b,,acetyl_tetrapeptide_5,official_exact,high,KCIA 표준화명칭목록 2026-06-30 code=1707 sha256=4a523f990553
ing_pending_fdbf1d1bc518,,propylparaben,official_exact,high,KCIA 표준화명칭목록 2026-06-30 code=4018 sha256=4a523f990553
ing_pending_fdc8d933024b,,anhydroxylitol,official_exact,high,KCIA 표준화명칭목록 2026-06-30 code=297 sha256=4a523f990553
ing_pending_fdd63906d798,,undeceth_11,official_exact,high,KCIA 표준화명칭목록 2026-06-30 code=2350 sha256=4a523f990553
ing_pending_fddb5b345c99,,isopentyldiol,official_exact,high,KCIA 표준화명칭목록 2026-06-30 code=2525 sha256=4a523f990553
ing_pending_fdec6ea0472f,,theobroma_cacao_cocoa_extract,official_exact,high,KCIA 표준화명칭목록 2026-06-30 code=2902 sha256=4a523f990553
ing_pending_fe0c039bcd21,,polyglutamic_acid,existing_identity,high,KCIA 표준화명칭목록 2026-06-30 code=3729 sha256=4a523f990553
ing_pending_fe4743ad997c,,kaempferia_galanga_root_extract,official_exact,high,KCIA 표준화명칭목록 2026-06-30 code=657 sha256=4a523f990553
ing_pending_fe4f38ce7ba6,,methyl_gluceth_20,official_exact,high,KCIA 표준화명칭목록 2026-06-30 code=168 sha256=4a523f990553
ing_pending_fe711f9efafb,,geranyl_acetate,official_exact,high,KCIA 표준화명칭목록 2026-06-30 code=2705 sha256=4a523f990553
ing_pending_fe7c6f14aa55,,4_chlororesorcinol,official_exact,high,KCIA 표준화명칭목록 2026-06-30 code=12469 sha256=4a523f990553
ing_pending_fe879fc9b3b7,,ribes_nigrum_black_currant_fruit_extract,official_exact,high,KCIA 표준화명칭목록 2026-06-30 code=661 sha256=4a523f990553
ing_pending_fe88b4768407,,lactoperoxidase,official_exact,high,KCIA 표준화명칭목록 2026-06-30 code=5450 sha256=4a523f990553
ing_pending_fe9c995ff6e9,,phenylpropanol,official_exact,high,KCIA 표준화명칭목록 2026-06-30 code=6226 sha256=4a523f990553
ing_pending_fea67274186b,,pentasodium_pentetate,official_exact,high,KCIA 표준화명칭목록 2026-06-30 code=3616 sha256=4a523f990553
ing_pending_feb2bdc887c8,,citrullus_lanatus_watermelon_seed_oil,official_exact,high,KCIA 표준화명칭목록 2026-06-30 code=1340 sha256=4a523f990553
ing_pending_fedb2e285b9d,,aloe_barbadensis_leaf_juice_powder,existing_identity,high,KCIA 표준화명칭목록 2026-06-30 code=1838 sha256=4a523f990553
ing_pending_feeaf7315c88,,beta_sitosterol,official_exact,high,KCIA 표준화명칭목록 2026-06-30 code=474 sha256=4a523f990553
ing_pending_fef3b870cfa9,,glyceryl_glucoside,official_exact,high,KCIA 표준화명칭목록 2026-06-30 code=6960 sha256=4a523f990553
ing_pending_fefcbf179c61,,cetrimonium_methosulfate,official_exact,high,KCIA 표준화명칭목록 2026-06-30 code=983 sha256=4a523f990553
ing_pending_ff1944f707a8,,alizurol_purple,official_exact,high,KCIA 표준화명칭목록 2026-06-30 code=2607 sha256=4a523f990553
ing_pending_ff2fa1a58c65,,acetyl_tetrapeptide_9,official_exact,high,KCIA 표준화명칭목록 2026-06-30 code=1708 sha256=4a523f990553
ing_pending_ff3141e1ebde,,ribes_nigrum_black_currant_seed_oil,official_exact,high,KCIA 표준화명칭목록 2026-06-30 code=660 sha256=4a523f990553
ing_pending_ff4b92e12482,,cystine,official_exact,high,KCIA 표준화명칭목록 2026-06-30 code=1516 sha256=4a523f990553
ing_pending_ff5d297aeed2,,larix_europaea_wood_extract,official_exact,high,KCIA 표준화명칭목록 2026-06-30 code=2388 sha256=4a523f990553
ing_pending_ff760a7db7fa,,calcium_aluminum_borosilicate,official_exact,high,KCIA 표준화명칭목록 2026-06-30 code=2959 sha256=4a523f990553
ing_pending_ff86b00604e9,,pancratium_maritimum_extract,official_exact,high,KCIA 표준화명칭목록 2026-06-30 code=7002 sha256=4a523f990553
ing_pending_ffa0f38b47dc,,bakuchiol,existing_identity,high,KCIA 표준화명칭목록 2026-06-30 code=7837 sha256=4a523f990553
ing_pending_ffb2511a8e2f,,polyphenylsilsesquioxane,official_exact,high,KCIA 표준화명칭목록 2026-06-30 code=7649 sha256=4a523f990553
ing_pending_ffce56984f28,,vaccinium_angustifolium_blueberry_fruit_extract,official_exact,high,KCIA 표준화명칭목록 2026-06-30 code=665 sha256=4a523f990553
panthenol,Dexpanthenol,dexpanthenol,exact_name_override,high,KCIA 표준화명칭목록 2026-06-30 code=21747 alias_basis=standard_name sha256=4a523f990553
panthenol,덱스판테놀,dexpanthenol,exact_name_override,high,KCIA 표준화명칭목록 2026-06-30 code=21747 alias_basis=standard_name sha256=4a523f990553
peptides,Acetyl Hexapeptide-8,acetyl_hexapeptide_8,exact_name_override,high,KCIA 표준화명칭목록 2026-06-30 code=1718 alias_basis=standard_name sha256=4a523f990553
peptides,Copper Tripeptide-1,copper_tripeptide_1,exact_name_override,high,KCIA 표준화명칭목록 2026-06-30 code=2908 alias_basis=legacy_name sha256=4a523f990553
peptides,Palmitoyl Pentapeptide-3,palmitoyl_pentapeptide_4,exact_name_override,high,KCIA 표준화명칭목록 2026-06-30 code=3551 alias_basis=legacy_name sha256=4a523f990553
peptides,Palmitoyl Pentapeptide-4,palmitoyl_pentapeptide_4,exact_name_override,high,KCIA 표준화명칭목록 2026-06-30 code=3551 alias_basis=standard_name sha256=4a523f990553
peptides,Palmitoyl Tetrapeptide-7,palmitoyl_tetrapeptide_7,exact_name_override,high,KCIA 표준화명칭목록 2026-06-30 code=3548 alias_basis=standard_name sha256=4a523f990553
peptides,Palmitoyl Tripeptide-1,palmitoyl_tripeptide_1,exact_name_override,high,KCIA 표준화명칭목록 2026-06-30 code=3549 alias_basis=standard_name sha256=4a523f990553
peptides,Tripeptide-1,tripeptide_1,exact_name_override,high,KCIA 표준화명칭목록 2026-06-30 code=3419 alias_basis=standard_name sha256=4a523f990553
peptides,아세틸헥사펩타이드-8,acetyl_hexapeptide_8,exact_name_override,high,KCIA 표준화명칭목록 2026-06-30 code=1718 alias_basis=standard_name sha256=4a523f990553
peptides,카퍼트라이펩타이드-1,copper_tripeptide_1,exact_name_override,high,KCIA 표준화명칭목록 2026-06-30 code=2908 alias_basis=standard_name sha256=4a523f990553
peptides,카퍼트리펩타이드-1,copper_tripeptide_1,exact_name_override,high,KCIA 표준화명칭목록 2026-06-30 code=2908 alias_basis=legacy_name sha256=4a523f990553
peptides,트라이펩타이드-1,tripeptide_1,exact_name_override,high,KCIA 표준화명칭목록 2026-06-30 code=3419 alias_basis=standard_name sha256=4a523f990553
peptides,트리펩타이드-1,tripeptide_1,exact_name_override,high,KCIA 표준화명칭목록 2026-06-30 code=3419 alias_basis=legacy_name sha256=4a523f990553
peptides,팔미토일테트라펩타이드-7,palmitoyl_tetrapeptide_7,exact_name_override,high,KCIA 표준화명칭목록 2026-06-30 code=3548 alias_basis=standard_name sha256=4a523f990553
peptides,팔미토일트라이펩타이드-1,palmitoyl_tripeptide_1,exact_name_override,high,KCIA 표준화명칭목록 2026-06-30 code=3549 alias_basis=standard_name sha256=4a523f990553
peptides,팔미토일트리펩타이드-1,palmitoyl_tripeptide_1,exact_name_override,high,KCIA 표준화명칭목록 2026-06-30 code=3549 alias_basis=legacy_name sha256=4a523f990553
peptides,팔미토일펜타펩타이드-3,palmitoyl_pentapeptide_4,exact_name_override,high,KCIA 표준화명칭목록 2026-06-30 code=3551 alias_basis=legacy_name sha256=4a523f990553
peptides,팔미토일펜타펩타이드-4,palmitoyl_pentapeptide_4,exact_name_override,high,KCIA 표준화명칭목록 2026-06-30 code=3551 alias_basis=standard_name sha256=4a523f990553
petrolatum_mineral_oil,Mineral Oil,mineral_oil,exact_name_override,high,KCIA 표준화명칭목록 2026-06-30 code=317 alias_basis=standard_name sha256=4a523f990553
petrolatum_mineral_oil,Petrolatum,petrolatum,exact_name_override,high,KCIA 표준화명칭목록 2026-06-30 code=3602 alias_basis=standard_name sha256=4a523f990553
petrolatum_mineral_oil,미네랄오일,mineral_oil,exact_name_override,high,KCIA 표준화명칭목록 2026-06-30 code=317 alias_basis=standard_name sha256=4a523f990553
petrolatum_mineral_oil,페트롤라툼,petrolatum,exact_name_override,high,KCIA 표준화명칭목록 2026-06-30 code=3602 alias_basis=standard_name sha256=4a523f990553
tea_tree,Melaleuca Alternifolia (Tea Tree) Extract,melaleuca_alternifolia_tea_tree_extract,exact_name_override,high,KCIA 표준화명칭목록 2026-06-30 code=3471 alias_basis=standard_name sha256=4a523f990553
tea_tree,Melaleuca Alternifolia (Tea Tree) Leaf Extract,melaleuca_alternifolia_tea_tree_leaf_extract,exact_name_override,high,KCIA 표준화명칭목록 2026-06-30 code=3469 alias_basis=standard_name sha256=4a523f990553
tea_tree,Melaleuca Alternifolia (Tea Tree) Leaf Oil,melaleuca_alternifolia_tea_tree_leaf_oil,exact_name_override,high,KCIA 표준화명칭목록 2026-06-30 code=3468 alias_basis=standard_name sha256=4a523f990553
tea_tree,티트리잎오일,melaleuca_alternifolia_tea_tree_leaf_oil,exact_name_override,high,KCIA 표준화명칭목록 2026-06-30 code=3468 alias_basis=standard_name sha256=4a523f990553
tea_tree,티트리잎추출물,melaleuca_alternifolia_tea_tree_leaf_extract,exact_name_override,high,KCIA 표준화명칭목록 2026-06-30 code=3469 alias_basis=standard_name sha256=4a523f990553
tea_tree,티트리추출물,melaleuca_alternifolia_tea_tree_extract,exact_name_override,high,KCIA 표준화명칭목록 2026-06-30 code=3471 alias_basis=standard_name sha256=4a523f990553
