product_id,mall_name,price,product_url,is_lowest,currency
prod_oy_a000000258833,뭐바를래,22700,/products/prod_oy_a000000258833,true,KRW
prod_oy_a000000256045,뭐바를래,19800,/products/prod_oy_a000000256045,true,KRW
prod_oy_a000000255290,뭐바를래,23900,/products/prod_oy_a000000255290,true,KRW
prod_oy_a000000189181,뭐바를래,18900,/products/prod_oy_a000000189181,true,KRW
prod_oy_a000000255328,뭐바를래,27500,/products/prod_oy_a000000255328,true,KRW
prod_oy_a000000245794,뭐바를래,31200,/products/prod_oy_a000000245794,true,KRW
prod_oy_a000000190395,뭐바를래,26000,/products/prod_oy_a000000190395,true,KRW
prod_oy_a000000146589,뭐바를래,16100,/products/prod_oy_a000000146589,true,KRW
prod_oy_a000000004434,뭐바를래,19200,/products/prod_oy_a000000004434,true,KRW
prod_oy_a000000213171,뭐바를래,17960,/products/prod_oy_a000000213171,true,KRW
prod_oy_a000000207054,뭐바를래,28900,/products/prod_oy_a000000207054,true,KRW
prod_oy_a000000258792,뭐바를래,14400,/products/prod_oy_a000000258792,true,KRW
prod_oy_a000000211003,뭐바를래,26400,/products/prod_oy_a000000211003,true,KRW
prod_oy_a000000229456,뭐바를래,16470,/products/prod_oy_a000000229456,true,KRW
prod_oy_a000000157178,뭐바를래,23800,/products/prod_oy_a000000157178,true,KRW
prod_oy_a000000218549,뭐바를래,21400,/products/prod_oy_a000000218549,true,KRW
prod_oy_a000000245459,뭐바를래,40000,/products/prod_oy_a000000245459,true,KRW
prod_oy_a000000137180,뭐바를래,27000,/products/prod_oy_a000000137180,true,KRW
prod_oy_a000000223425,뭐바를래,20900,/products/prod_oy_a000000223425,true,KRW
prod_oy_a000000228907,뭐바를래,28000,/products/prod_oy_a000000228907,true,KRW
prod_oy_a000000154177,뭐바를래,39000,/products/prod_oy_a000000154177,true,KRW
prod_oy_a000000224583,뭐바를래,26400,/products/prod_oy_a000000224583,true,KRW
prod_oy_a000000254908,뭐바를래,22700,/products/prod_oy_a000000254908,true,KRW
prod_oy_a000000231891,뭐바를래,17500,/products/prod_oy_a000000231891,true,KRW
prod_oy_a000000249581,뭐바를래,33000,/products/prod_oy_a000000249581,true,KRW
prod_oy_a000000132162,뭐바를래,13500,/products/prod_oy_a000000132162,true,KRW
prod_oy_a000000251203,뭐바를래,35000,/products/prod_oy_a000000251203,true,KRW
prod_oy_a000000248498,뭐바를래,27500,/products/prod_oy_a000000248498,true,KRW
prod_oy_a000000229286,뭐바를래,61840,/products/prod_oy_a000000229286,true,KRW
prod_oy_a000000189488,뭐바를래,15990,/products/prod_oy_a000000189488,true,KRW
prod_oy_a000000222849,뭐바를래,24900,/products/prod_oy_a000000222849,true,KRW
prod_oy_a000000255384,뭐바를래,9900,/products/prod_oy_a000000255384,true,KRW
prod_oy_a000000214672,뭐바를래,22800,/products/prod_oy_a000000214672,true,KRW
prod_oy_a000000182787,뭐바를래,18400,/products/prod_oy_a000000182787,true,KRW
prod_oy_a000000250143,뭐바를래,37000,/products/prod_oy_a000000250143,true,KRW
prod_oy_a000000243679,뭐바를래,21600,/products/prod_oy_a000000243679,true,KRW
prod_oy_a000000248586,뭐바를래,54600,/products/prod_oy_a000000248586,true,KRW
prod_oy_a000000225063,뭐바를래,54400,/products/prod_oy_a000000225063,true,KRW
prod_oy_a000000139347,뭐바를래,33000,/products/prod_oy_a000000139347,true,KRW
prod_oy_a000000002839,뭐바를래,19000,/products/prod_oy_a000000002839,true,KRW
prod_oy_a000000174023,뭐바를래,32000,/products/prod_oy_a000000174023,true,KRW
prod_oy_a000000213492,뭐바를래,15000,/products/prod_oy_a000000213492,true,KRW
prod_oy_a000000210924,뭐바를래,23100,/products/prod_oy_a000000210924,true,KRW
prod_oy_a000000210550,뭐바를래,31200,/products/prod_oy_a000000210550,true,KRW
prod_oy_a000000182686,뭐바를래,23000,/products/prod_oy_a000000182686,true,KRW
prod_oy_a000000250711,뭐바를래,18000,/products/prod_oy_a000000250711,true,KRW
prod_oy_a000000260382,뭐바를래,18000,/products/prod_oy_a000000260382,true,KRW
prod_oy_a000000199405,뭐바를래,14600,/products/prod_oy_a000000199405,true,KRW
prod_oy_a000000256752,뭐바를래,22500,/products/prod_oy_a000000256752,true,KRW
prod_oy_a000000206025,뭐바를래,45600,/products/prod_oy_a000000206025,true,KRW
prod_oy_a000000165355,뭐바를래,13900,/products/prod_oy_a000000165355,true,KRW
prod_oy_a000000188874,뭐바를래,28000,/products/prod_oy_a000000188874,true,KRW
prod_oy_a000000257195,뭐바를래,12900,/products/prod_oy_a000000257195,true,KRW
prod_oy_a000000184790,뭐바를래,19900,/products/prod_oy_a000000184790,true,KRW
prod_oy_a000000155253,뭐바를래,39000,/products/prod_oy_a000000155253,true,KRW
prod_oy_a000000213097,뭐바를래,18000,/products/prod_oy_a000000213097,true,KRW
prod_oy_a000000252696,뭐바를래,22880,/products/prod_oy_a000000252696,true,KRW
prod_oy_a000000169683,뭐바를래,21600,/products/prod_oy_a000000169683,true,KRW
prod_oy_a000000204623,뭐바를래,64800,/products/prod_oy_a000000204623,true,KRW
prod_oy_a000000188990,뭐바를래,20500,/products/prod_oy_a000000188990,true,KRW
prod_oy_a000000203170,뭐바를래,10800,/products/prod_oy_a000000203170,true,KRW
prod_oy_a000000203171,뭐바를래,10800,/products/prod_oy_a000000203171,true,KRW
prod_oy_a000000214066,뭐바를래,28050,/products/prod_oy_a000000214066,true,KRW
prod_oy_a000000200039,뭐바를래,18000,/products/prod_oy_a000000200039,true,KRW
prod_oy_a000000228333,뭐바를래,18000,/products/prod_oy_a000000228333,true,KRW
prod_oy_a000000210415,뭐바를래,26800,/products/prod_oy_a000000210415,true,KRW
prod_oy_a000000214134,뭐바를래,54400,/products/prod_oy_a000000214134,true,KRW
prod_oy_a000000137445,뭐바를래,53550,/products/prod_oy_a000000137445,true,KRW
prod_oy_a000000153859,뭐바를래,16500,/products/prod_oy_a000000153859,true,KRW
prod_oy_a000000148285,뭐바를래,25000,/products/prod_oy_a000000148285,true,KRW
prod_oy_a000000203207,뭐바를래,25000,/products/prod_oy_a000000203207,true,KRW
prod_oy_a000000235207,뭐바를래,23000,/products/prod_oy_a000000235207,true,KRW
prod_oy_a000000164211,뭐바를래,22400,/products/prod_oy_a000000164211,true,KRW
prod_oy_a000000113806,뭐바를래,21600,/products/prod_oy_a000000113806,true,KRW
prod_oy_a000000115420,뭐바를래,13900,/products/prod_oy_a000000115420,true,KRW
prod_oy_a000000016873,뭐바를래,19900,/products/prod_oy_a000000016873,true,KRW
prod_oy_a000000129444,뭐바를래,19300,/products/prod_oy_a000000129444,true,KRW
prod_oy_a000000257541,뭐바를래,18800,/products/prod_oy_a000000257541,true,KRW
prod_oy_a000000201650,뭐바를래,32000,/products/prod_oy_a000000201650,true,KRW
prod_oy_a000000198874,뭐바를래,31000,/products/prod_oy_a000000198874,true,KRW
prod_oy_a000000197102,뭐바를래,14700,/products/prod_oy_a000000197102,true,KRW
prod_oy_a000000245813,뭐바를래,30800,/products/prod_oy_a000000245813,true,KRW
prod_oy_a000000252322,뭐바를래,30000,/products/prod_oy_a000000252322,true,KRW
prod_oy_a000000141327,뭐바를래,14000,/products/prod_oy_a000000141327,true,KRW
prod_oy_a000000160650,뭐바를래,13900,/products/prod_oy_a000000160650,true,KRW
prod_oy_a000000246774,뭐바를래,28000,/products/prod_oy_a000000246774,true,KRW
prod_oy_a000000170038,뭐바를래,27000,/products/prod_oy_a000000170038,true,KRW
prod_oy_a000000141900,뭐바를래,26600,/products/prod_oy_a000000141900,true,KRW
prod_oy_a000000222710,뭐바를래,26400,/products/prod_oy_a000000222710,true,KRW
prod_oy_a000000182583,뭐바를래,26330,/products/prod_oy_a000000182583,true,KRW
prod_oy_a000000181475,뭐바를래,26000,/products/prod_oy_a000000181475,true,KRW
prod_oy_a000000205391,뭐바를래,25900,/products/prod_oy_a000000205391,true,KRW
prod_oy_a000000223334,뭐바를래,25900,/products/prod_oy_a000000223334,true,KRW
prod_oy_a000000175354,뭐바를래,24900,/products/prod_oy_a000000175354,true,KRW
prod_oy_a000000207031,뭐바를래,24000,/products/prod_oy_a000000207031,true,KRW
prod_oy_a000000248031,뭐바를래,23800,/products/prod_oy_a000000248031,true,KRW
prod_oy_a000000199411,뭐바를래,23400,/products/prod_oy_a000000199411,true,KRW
prod_oy_a000000215222,뭐바를래,22700,/products/prod_oy_a000000215222,true,KRW
prod_oy_a000000199777,뭐바를래,22400,/products/prod_oy_a000000199777,true,KRW
prod_oy_a000000183751,뭐바를래,21600,/products/prod_oy_a000000183751,true,KRW
prod_oy_a000000224246,뭐바를래,21500,/products/prod_oy_a000000224246,true,KRW
prod_oy_a000000154540,뭐바를래,9900,/products/prod_oy_a000000154540,true,KRW
prod_oy_a000000143193,뭐바를래,21000,/products/prod_oy_a000000143193,true,KRW
prod_oy_a000000161571,뭐바를래,21000,/products/prod_oy_a000000161571,true,KRW
prod_oy_a000000258293,뭐바를래,21000,/products/prod_oy_a000000258293,true,KRW
prod_oy_a000000179255,뭐바를래,20850,/products/prod_oy_a000000179255,true,KRW
prod_oy_a000000205919,뭐바를래,20100,/products/prod_oy_a000000205919,true,KRW
prod_oy_a000000210050,뭐바를래,20000,/products/prod_oy_a000000210050,true,KRW
prod_oy_a000000221424,뭐바를래,20000,/products/prod_oy_a000000221424,true,KRW
prod_oy_a000000212250,뭐바를래,19800,/products/prod_oy_a000000212250,true,KRW
prod_oy_a000000229082,뭐바를래,19600,/products/prod_oy_a000000229082,true,KRW
prod_oy_a000000231459,뭐바를래,19200,/products/prod_oy_a000000231459,true,KRW
prod_oy_a000000257591,뭐바를래,19000,/products/prod_oy_a000000257591,true,KRW
prod_oy_a000000188048,뭐바를래,18900,/products/prod_oy_a000000188048,true,KRW
prod_oy_a000000254392,뭐바를래,18900,/products/prod_oy_a000000254392,true,KRW
prod_oy_a000000229463,뭐바를래,18800,/products/prod_oy_a000000229463,true,KRW
prod_oy_a000000204454,뭐바를래,18000,/products/prod_oy_a000000204454,true,KRW
prod_oy_a000000216469,뭐바를래,18000,/products/prod_oy_a000000216469,true,KRW
prod_oy_a000000219387,뭐바를래,18000,/products/prod_oy_a000000219387,true,KRW
prod_oy_a000000199652,뭐바를래,17500,/products/prod_oy_a000000199652,true,KRW
prod_oy_a000000233020,뭐바를래,17500,/products/prod_oy_a000000233020,true,KRW
prod_oy_a000000156040,뭐바를래,16800,/products/prod_oy_a000000156040,true,KRW
prod_oy_a000000179544,뭐바를래,16800,/products/prod_oy_a000000179544,true,KRW
prod_oy_a000000227666,뭐바를래,16100,/products/prod_oy_a000000227666,true,KRW
prod_oy_a000000221331,뭐바를래,16000,/products/prod_oy_a000000221331,true,KRW
prod_oy_a000000129474,뭐바를래,15800,/products/prod_oy_a000000129474,true,KRW
prod_oy_a000000011085,뭐바를래,15300,/products/prod_oy_a000000011085,true,KRW
prod_oy_a000000216574,뭐바를래,15100,/products/prod_oy_a000000216574,true,KRW
prod_oy_a000000237491,뭐바를래,15000,/products/prod_oy_a000000237491,true,KRW
prod_oy_a000000146262,뭐바를래,14000,/products/prod_oy_a000000146262,true,KRW
prod_oy_a000000115384,뭐바를래,13750,/products/prod_oy_a000000115384,true,KRW
prod_oy_a000000222697,뭐바를래,12500,/products/prod_oy_a000000222697,true,KRW
prod_oy_a000000129443,뭐바를래,12000,/products/prod_oy_a000000129443,true,KRW
prod_oy_a000000144551,뭐바를래,11900,/products/prod_oy_a000000144551,true,KRW
prod_oy_a000000184771,뭐바를래,10900,/products/prod_oy_a000000184771,true,KRW
prod_oy_a000000154506,뭐바를래,9900,/products/prod_oy_a000000154506,true,KRW
prod_oy_a000000104144,뭐바를래,44000,/products/prod_oy_a000000104144,true,KRW
prod_oy_a000000104167,뭐바를래,43000,/products/prod_oy_a000000104167,true,KRW
prod_oy_a000000104970,뭐바를래,50000,/products/prod_oy_a000000104970,true,KRW
prod_oy_a000000104976,뭐바를래,43000,/products/prod_oy_a000000104976,true,KRW
prod_oy_a000000113008,뭐바를래,10000,/products/prod_oy_a000000113008,true,KRW
prod_oy_a000000113009,뭐바를래,10000,/products/prod_oy_a000000113009,true,KRW
prod_oy_a000000113010,뭐바를래,10000,/products/prod_oy_a000000113010,true,KRW
prod_oy_a000000113011,뭐바를래,10000,/products/prod_oy_a000000113011,true,KRW
prod_oy_a000000115910,뭐바를래,24000,/products/prod_oy_a000000115910,true,KRW
prod_oy_a000000116659,뭐바를래,38000,/products/prod_oy_a000000116659,true,KRW
prod_oy_a000000117997,뭐바를래,15100,/products/prod_oy_a000000117997,true,KRW
prod_oy_a000000121246,뭐바를래,7900,/products/prod_oy_a000000121246,true,KRW
prod_oy_a000000121269,뭐바를래,7900,/products/prod_oy_a000000121269,true,KRW
prod_oy_a000000125507,뭐바를래,13500,/products/prod_oy_a000000125507,true,KRW
prod_oy_a000000128107,뭐바를래,24000,/products/prod_oy_a000000128107,true,KRW
prod_oy_a000000136077,뭐바를래,25000,/products/prod_oy_a000000136077,true,KRW
prod_oy_a000000137388,뭐바를래,10800,/products/prod_oy_a000000137388,true,KRW
prod_oy_a000000137657,뭐바를래,18200,/products/prod_oy_a000000137657,true,KRW
prod_oy_a000000144052,뭐바를래,34400,/products/prod_oy_a000000144052,true,KRW
prod_oy_a000000144122,뭐바를래,22000,/products/prod_oy_a000000144122,true,KRW
prod_oy_a000000145833,뭐바를래,15400,/products/prod_oy_a000000145833,true,KRW
prod_oy_a000000147360,뭐바를래,21000,/products/prod_oy_a000000147360,true,KRW
prod_oy_a000000147660,뭐바를래,14900,/products/prod_oy_a000000147660,true,KRW
prod_oy_a000000148252,뭐바를래,15600,/products/prod_oy_a000000148252,true,KRW
prod_oy_a000000150815,뭐바를래,9900,/products/prod_oy_a000000150815,true,KRW
prod_oy_a000000151356,뭐바를래,25000,/products/prod_oy_a000000151356,true,KRW
prod_oy_a000000155413,뭐바를래,14000,/products/prod_oy_a000000155413,true,KRW
prod_oy_a000000157294,뭐바를래,43000,/products/prod_oy_a000000157294,true,KRW
prod_oy_a000000158322,뭐바를래,13400,/products/prod_oy_a000000158322,true,KRW
prod_oy_a000000158930,뭐바를래,28800,/products/prod_oy_a000000158930,true,KRW
prod_oy_a000000162058,뭐바를래,26400,/products/prod_oy_a000000162058,true,KRW
prod_oy_a000000162977,뭐바를래,22000,/products/prod_oy_a000000162977,true,KRW
prod_oy_a000000163493,뭐바를래,17900,/products/prod_oy_a000000163493,true,KRW
prod_oy_a000000163734,뭐바를래,30000,/products/prod_oy_a000000163734,true,KRW
prod_oy_a000000165303,뭐바를래,27000,/products/prod_oy_a000000165303,true,KRW
prod_oy_a000000165360,뭐바를래,13900,/products/prod_oy_a000000165360,true,KRW
prod_oy_a000000165364,뭐바를래,13900,/products/prod_oy_a000000165364,true,KRW
prod_oy_a000000165366,뭐바를래,13900,/products/prod_oy_a000000165366,true,KRW
prod_oy_a000000166383,뭐바를래,23900,/products/prod_oy_a000000166383,true,KRW
prod_oy_a000000167276,뭐바를래,23000,/products/prod_oy_a000000167276,true,KRW
prod_oy_a000000167843,뭐바를래,25000,/products/prod_oy_a000000167843,true,KRW
prod_oy_a000000168269,뭐바를래,26350,/products/prod_oy_a000000168269,true,KRW
prod_oy_a000000169179,뭐바를래,24000,/products/prod_oy_a000000169179,true,KRW
prod_oy_a000000169999,뭐바를래,39950,/products/prod_oy_a000000169999,true,KRW
prod_oy_a000000170418,뭐바를래,67150,/products/prod_oy_a000000170418,true,KRW
prod_oy_a000000170638,뭐바를래,21000,/products/prod_oy_a000000170638,true,KRW
prod_oy_a000000171132,뭐바를래,23600,/products/prod_oy_a000000171132,true,KRW
prod_oy_a000000171755,뭐바를래,17900,/products/prod_oy_a000000171755,true,KRW
prod_oy_a000000176512,뭐바를래,15500,/products/prod_oy_a000000176512,true,KRW
prod_oy_a000000176978,뭐바를래,24000,/products/prod_oy_a000000176978,true,KRW
prod_oy_a000000177477,뭐바를래,10800,/products/prod_oy_a000000177477,true,KRW
prod_oy_a000000178648,뭐바를래,56000,/products/prod_oy_a000000178648,true,KRW
prod_oy_a000000180913,뭐바를래,18200,/products/prod_oy_a000000180913,true,KRW
prod_oy_a000000187241,뭐바를래,36000,/products/prod_oy_a000000187241,true,KRW
prod_oy_a000000188598,뭐바를래,14400,/products/prod_oy_a000000188598,true,KRW
prod_oy_a000000188830,뭐바를래,14400,/products/prod_oy_a000000188830,true,KRW
prod_oy_a000000189404,뭐바를래,23200,/products/prod_oy_a000000189404,true,KRW
prod_oy_a000000189586,뭐바를래,44000,/products/prod_oy_a000000189586,true,KRW
prod_oy_a000000191827,뭐바를래,28900,/products/prod_oy_a000000191827,true,KRW
prod_oy_a000000195660,뭐바를래,20000,/products/prod_oy_a000000195660,true,KRW
prod_oy_a000000197660,뭐바를래,14900,/products/prod_oy_a000000197660,true,KRW
prod_oy_a000000198834,뭐바를래,19900,/products/prod_oy_a000000198834,true,KRW
prod_oy_a000000199153,뭐바를래,18500,/products/prod_oy_a000000199153,true,KRW
prod_oy_a000000199507,뭐바를래,41900,/products/prod_oy_a000000199507,true,KRW
prod_oy_a000000199824,뭐바를래,62000,/products/prod_oy_a000000199824,true,KRW
prod_oy_a000000199847,뭐바를래,23000,/products/prod_oy_a000000199847,true,KRW
prod_oy_a000000201363,뭐바를래,23000,/products/prod_oy_a000000201363,true,KRW
prod_oy_a000000203564,뭐바를래,18000,/products/prod_oy_a000000203564,true,KRW
prod_oy_a000000204639,뭐바를래,44550,/products/prod_oy_a000000204639,true,KRW
prod_oy_a000000204652,뭐바를래,56700,/products/prod_oy_a000000204652,true,KRW
prod_oy_a000000205340,뭐바를래,24700,/products/prod_oy_a000000205340,true,KRW
prod_oy_a000000206694,뭐바를래,21000,/products/prod_oy_a000000206694,true,KRW
prod_oy_a000000207006,뭐바를래,14580,/products/prod_oy_a000000207006,true,KRW
prod_oy_a000000208030,뭐바를래,14900,/products/prod_oy_a000000208030,true,KRW
prod_oy_a000000208718,뭐바를래,38500,/products/prod_oy_a000000208718,true,KRW
prod_oy_a000000208896,뭐바를래,15900,/products/prod_oy_a000000208896,true,KRW
prod_oy_a000000208986,뭐바를래,16000,/products/prod_oy_a000000208986,true,KRW
prod_oy_a000000209588,뭐바를래,20700,/products/prod_oy_a000000209588,true,KRW
prod_oy_a000000209641,뭐바를래,13000,/products/prod_oy_a000000209641,true,KRW
prod_oy_a000000209908,뭐바를래,32000,/products/prod_oy_a000000209908,true,KRW
prod_oy_a000000210171,뭐바를래,35140,/products/prod_oy_a000000210171,true,KRW
prod_oy_a000000210950,뭐바를래,18700,/products/prod_oy_a000000210950,true,KRW
prod_oy_a000000211164,뭐바를래,24900,/products/prod_oy_a000000211164,true,KRW
prod_oy_a000000211218,뭐바를래,25000,/products/prod_oy_a000000211218,true,KRW
prod_oy_a000000211219,뭐바를래,28000,/products/prod_oy_a000000211219,true,KRW
prod_oy_a000000211858,뭐바를래,19500,/products/prod_oy_a000000211858,true,KRW
prod_oy_a000000212792,뭐바를래,32000,/products/prod_oy_a000000212792,true,KRW
prod_oy_a000000213385,뭐바를래,38900,/products/prod_oy_a000000213385,true,KRW
prod_oy_a000000213407,뭐바를래,17850,/products/prod_oy_a000000213407,true,KRW
prod_oy_a000000213413,뭐바를래,17500,/products/prod_oy_a000000213413,true,KRW
prod_oy_a000000213950,뭐바를래,34000,/products/prod_oy_a000000213950,true,KRW
prod_oy_a000000214034,뭐바를래,22400,/products/prod_oy_a000000214034,true,KRW
prod_oy_a000000214177,뭐바를래,21000,/products/prod_oy_a000000214177,true,KRW
prod_oy_a000000214179,뭐바를래,47000,/products/prod_oy_a000000214179,true,KRW
prod_oy_a000000214203,뭐바를래,40800,/products/prod_oy_a000000214203,true,KRW
prod_oy_a000000214254,뭐바를래,47000,/products/prod_oy_a000000214254,true,KRW
prod_oy_a000000214992,뭐바를래,10900,/products/prod_oy_a000000214992,true,KRW
prod_oy_a000000216459,뭐바를래,19200,/products/prod_oy_a000000216459,true,KRW
prod_oy_a000000219625,뭐바를래,19900,/products/prod_oy_a000000219625,true,KRW
prod_oy_a000000219966,뭐바를래,17900,/products/prod_oy_a000000219966,true,KRW
prod_oy_a000000219985,뭐바를래,17900,/products/prod_oy_a000000219985,true,KRW
prod_oy_a000000222250,뭐바를래,25000,/products/prod_oy_a000000222250,true,KRW
prod_oy_a000000222739,뭐바를래,15200,/products/prod_oy_a000000222739,true,KRW
prod_oy_a000000222939,뭐바를래,19200,/products/prod_oy_a000000222939,true,KRW
prod_oy_a000000223546,뭐바를래,58850,/products/prod_oy_a000000223546,true,KRW
prod_oy_a000000224040,뭐바를래,20000,/products/prod_oy_a000000224040,true,KRW
prod_oy_a000000224385,뭐바를래,14000,/products/prod_oy_a000000224385,true,KRW
prod_oy_a000000225066,뭐바를래,21000,/products/prod_oy_a000000225066,true,KRW
prod_oy_a000000225907,뭐바를래,23750,/products/prod_oy_a000000225907,true,KRW
prod_oy_a000000225919,뭐바를래,17000,/products/prod_oy_a000000225919,true,KRW
prod_oy_a000000226099,뭐바를래,22000,/products/prod_oy_a000000226099,true,KRW
prod_oy_a000000227275,뭐바를래,18750,/products/prod_oy_a000000227275,true,KRW
prod_oy_a000000228906,뭐바를래,28000,/products/prod_oy_a000000228906,true,KRW
prod_oy_a000000228908,뭐바를래,26000,/products/prod_oy_a000000228908,true,KRW
prod_oy_a000000229470,뭐바를래,19550,/products/prod_oy_a000000229470,true,KRW
prod_oy_a000000229487,뭐바를래,42300,/products/prod_oy_a000000229487,true,KRW
prod_oy_a000000229509,뭐바를래,20340,/products/prod_oy_a000000229509,true,KRW
prod_oy_a000000229521,뭐바를래,21000,/products/prod_oy_a000000229521,true,KRW
prod_oy_a000000229723,뭐바를래,33300,/products/prod_oy_a000000229723,true,KRW
prod_oy_a000000229955,뭐바를래,24000,/products/prod_oy_a000000229955,true,KRW
prod_oy_a000000230943,뭐바를래,36100,/products/prod_oy_a000000230943,true,KRW
prod_oy_a000000232188,뭐바를래,21600,/products/prod_oy_a000000232188,true,KRW
prod_oy_a000000232996,뭐바를래,24000,/products/prod_oy_a000000232996,true,KRW
prod_oy_a000000233002,뭐바를래,19200,/products/prod_oy_a000000233002,true,KRW
prod_oy_a000000234358,뭐바를래,25000,/products/prod_oy_a000000234358,true,KRW
prod_oy_a000000238511,뭐바를래,38400,/products/prod_oy_a000000238511,true,KRW
prod_oy_a000000241106,뭐바를래,23000,/products/prod_oy_a000000241106,true,KRW
prod_oy_a000000243855,뭐바를래,39000,/products/prod_oy_a000000243855,true,KRW
prod_oy_a000000244661,뭐바를래,49000,/products/prod_oy_a000000244661,true,KRW
prod_oy_a000000244993,뭐바를래,32000,/products/prod_oy_a000000244993,true,KRW
prod_oy_a000000246660,뭐바를래,20000,/products/prod_oy_a000000246660,true,KRW
prod_oy_a000000247057,뭐바를래,49000,/products/prod_oy_a000000247057,true,KRW
prod_oy_a000000247112,뭐바를래,21250,/products/prod_oy_a000000247112,true,KRW
prod_oy_a000000248574,뭐바를래,82800,/products/prod_oy_a000000248574,true,KRW
prod_oy_a000000248974,뭐바를래,22400,/products/prod_oy_a000000248974,true,KRW
prod_oy_a000000248981,뭐바를래,22400,/products/prod_oy_a000000248981,true,KRW
prod_oy_a000000248983,뭐바를래,22400,/products/prod_oy_a000000248983,true,KRW
prod_oy_a000000248985,뭐바를래,22400,/products/prod_oy_a000000248985,true,KRW
prod_oy_a000000249480,뭐바를래,28800,/products/prod_oy_a000000249480,true,KRW
prod_oy_a000000251196,뭐바를래,35000,/products/prod_oy_a000000251196,true,KRW
prod_oy_a000000251806,뭐바를래,38000,/products/prod_oy_a000000251806,true,KRW
prod_oy_a000000251814,뭐바를래,38000,/products/prod_oy_a000000251814,true,KRW
prod_oy_a000000251819,뭐바를래,38000,/products/prod_oy_a000000251819,true,KRW
prod_oy_a000000252666,뭐바를래,43000,/products/prod_oy_a000000252666,true,KRW
prod_oy_a000000252670,뭐바를래,72000,/products/prod_oy_a000000252670,true,KRW
prod_oy_a000000252722,뭐바를래,16800,/products/prod_oy_a000000252722,true,KRW
prod_oy_a000000255442,뭐바를래,27200,/products/prod_oy_a000000255442,true,KRW
prod_oy_a000000256079,뭐바를래,22400,/products/prod_oy_a000000256079,true,KRW
prod_oy_a000000257084,뭐바를래,19500,/products/prod_oy_a000000257084,true,KRW
prod_oy_a000000257653,뭐바를래,57000,/products/prod_oy_a000000257653,true,KRW
prod_oy_a000000257657,뭐바를래,52250,/products/prod_oy_a000000257657,true,KRW
prod_oy_a000000257660,뭐바를래,52250,/products/prod_oy_a000000257660,true,KRW
prod_oy_a000000258292,뭐바를래,21000,/products/prod_oy_a000000258292,true,KRW
prod_oy_a000000258894,뭐바를래,8900,/products/prod_oy_a000000258894,true,KRW
prod_oy_a000000159921,뭐바를래,29970,/products/prod_oy_a000000159921,true,KRW
prod_oy_a000000223625,뭐바를래,16900,/products/prod_oy_a000000223625,true,KRW
prod_oy_a000000243074,뭐바를래,26400,/products/prod_oy_a000000243074,true,KRW
prod_oy_a000000180024,뭐바를래,21060,/products/prod_oy_a000000180024,true,KRW
prod_oy_a000000228953,뭐바를래,16720,/products/prod_oy_a000000228953,true,KRW
prod_oy_a000000104169,뭐바를래,43000,/products/prod_oy_a000000104169,true,KRW
prod_oy_a000000116658,뭐바를래,19900,/products/prod_oy_a000000116658,true,KRW
prod_oy_a000000118247,뭐바를래,27200,/products/prod_oy_a000000118247,true,KRW
prod_oy_a000000128323,뭐바를래,13200,/products/prod_oy_a000000128323,true,KRW
prod_oy_a000000137417,뭐바를래,65450,/products/prod_oy_a000000137417,true,KRW
prod_oy_a000000139348,뭐바를래,50000,/products/prod_oy_a000000139348,true,KRW
prod_oy_a000000141330,뭐바를래,12300,/products/prod_oy_a000000141330,true,KRW
prod_oy_a000000141417,뭐바를래,13500,/products/prod_oy_a000000141417,true,KRW
prod_oy_a000000144042,뭐바를래,39000,/products/prod_oy_a000000144042,true,KRW
prod_oy_a000000144807,뭐바를래,25000,/products/prod_oy_a000000144807,true,KRW
prod_oy_a000000151890,뭐바를래,32000,/products/prod_oy_a000000151890,true,KRW
prod_oy_a000000152514,뭐바를래,37000,/products/prod_oy_a000000152514,true,KRW
prod_oy_a000000157768,뭐바를래,65600,/products/prod_oy_a000000157768,true,KRW
prod_oy_a000000158369,뭐바를래,18900,/products/prod_oy_a000000158369,true,KRW
prod_oy_a000000158921,뭐바를래,30400,/products/prod_oy_a000000158921,true,KRW
prod_oy_a000000159291,뭐바를래,17500,/products/prod_oy_a000000159291,true,KRW
prod_oy_a000000159466,뭐바를래,23000,/products/prod_oy_a000000159466,true,KRW
prod_oy_a000000160436,뭐바를래,13900,/products/prod_oy_a000000160436,true,KRW
prod_oy_a000000161314,뭐바를래,28000,/products/prod_oy_a000000161314,true,KRW
prod_oy_a000000162056,뭐바를래,51750,/products/prod_oy_a000000162056,true,KRW
prod_oy_a000000173994,뭐바를래,39000,/products/prod_oy_a000000173994,true,KRW
prod_oy_a000000176320,뭐바를래,22000,/products/prod_oy_a000000176320,true,KRW
prod_oy_a000000178075,뭐바를래,52000,/products/prod_oy_a000000178075,true,KRW
prod_oy_a000000178514,뭐바를래,33000,/products/prod_oy_a000000178514,true,KRW
prod_oy_a000000178990,뭐바를래,23900,/products/prod_oy_a000000178990,true,KRW
prod_oy_a000000181193,뭐바를래,24900,/products/prod_oy_a000000181193,true,KRW
prod_oy_a000000182486,뭐바를래,34300,/products/prod_oy_a000000182486,true,KRW
prod_oy_a000000184965,뭐바를래,12900,/products/prod_oy_a000000184965,true,KRW
prod_oy_a000000187652,뭐바를래,36800,/products/prod_oy_a000000187652,true,KRW
prod_oy_a000000191894,뭐바를래,25000,/products/prod_oy_a000000191894,true,KRW
prod_oy_a000000198625,뭐바를래,19900,/products/prod_oy_a000000198625,true,KRW
prod_oy_a000000199399,뭐바를래,14700,/products/prod_oy_a000000199399,true,KRW
prod_oy_a000000199669,뭐바를래,38000,/products/prod_oy_a000000199669,true,KRW
prod_oy_a000000200229,뭐바를래,18000,/products/prod_oy_a000000200229,true,KRW
prod_oy_a000000206289,뭐바를래,19900,/products/prod_oy_a000000206289,true,KRW
prod_oy_a000000209712,뭐바를래,23000,/products/prod_oy_a000000209712,true,KRW
prod_oy_a000000211569,뭐바를래,20800,/products/prod_oy_a000000211569,true,KRW
prod_oy_a000000212908,뭐바를래,24000,/products/prod_oy_a000000212908,true,KRW
prod_oy_a000000214753,뭐바를래,35600,/products/prod_oy_a000000214753,true,KRW
prod_oy_a000000217325,뭐바를래,73100,/products/prod_oy_a000000217325,true,KRW
prod_oy_a000000217777,뭐바를래,25600,/products/prod_oy_a000000217777,true,KRW
prod_oy_a000000218716,뭐바를래,26400,/products/prod_oy_a000000218716,true,KRW
prod_oy_a000000219144,뭐바를래,29000,/products/prod_oy_a000000219144,true,KRW
prod_oy_a000000223627,뭐바를래,11300,/products/prod_oy_a000000223627,true,KRW
prod_oy_a000000223783,뭐바를래,31000,/products/prod_oy_a000000223783,true,KRW
prod_oy_a000000225492,뭐바를래,61000,/products/prod_oy_a000000225492,true,KRW
prod_oy_a000000226474,뭐바를래,39000,/products/prod_oy_a000000226474,true,KRW
prod_oy_a000000227223,뭐바를래,22800,/products/prod_oy_a000000227223,true,KRW
prod_oy_a000000229965,뭐바를래,31000,/products/prod_oy_a000000229965,true,KRW
prod_oy_a000000231074,뭐바를래,20430,/products/prod_oy_a000000231074,true,KRW
prod_oy_a000000233187,뭐바를래,26800,/products/prod_oy_a000000233187,true,KRW
prod_oy_a000000242750,뭐바를래,24000,/products/prod_oy_a000000242750,true,KRW
prod_oy_a000000244833,뭐바를래,11060,/products/prod_oy_a000000244833,true,KRW
prod_oy_a000000255602,뭐바를래,59500,/products/prod_oy_a000000255602,true,KRW
prod_oy_a000000255324,뭐바를래,27900,/products/prod_oy_a000000255324,true,KRW
prod_oy_a000000259488,뭐바를래,28500,/products/prod_oy_a000000259488,true,KRW
prod_oy_a000000258878,뭐바를래,26900,/products/prod_oy_a000000258878,true,KRW
prod_oy_a000000258877,뭐바를래,26900,/products/prod_oy_a000000258877,true,KRW
prod_oy_a000000259069,뭐바를래,28900,/products/prod_oy_a000000259069,true,KRW
prod_oy_a000000258879,뭐바를래,18700,/products/prod_oy_a000000258879,true,KRW
prod_oy_a000000243677,뭐바를래,51300,/products/prod_oy_a000000243677,true,KRW
prod_oy_a000000231885,뭐바를래,29900,/products/prod_oy_a000000231885,true,KRW
prod_oy_a000000200646,뭐바를래,28500,/products/prod_oy_a000000200646,true,KRW
prod_oy_a000000258291,뭐바를래,36000,/products/prod_oy_a000000258291,true,KRW
prod_oy_a000000224494,뭐바를래,25400,/products/prod_oy_a000000224494,true,KRW
prod_oy_a000000250199,뭐바를래,23100,/products/prod_oy_a000000250199,true,KRW
prod_oy_a000000259221,뭐바를래,26500,/products/prod_oy_a000000259221,true,KRW
prod_oy_a000000255227,뭐바를래,47800,/products/prod_oy_a000000255227,true,KRW
prod_oy_a000000158615,뭐바를래,15700,/products/prod_oy_a000000158615,true,KRW
prod_oy_a000000254661,뭐바를래,27900,/products/prod_oy_a000000254661,true,KRW
prod_oy_a000000222698,뭐바를래,27500,/products/prod_oy_a000000222698,true,KRW
prod_oy_a000000189837,뭐바를래,29900,/products/prod_oy_a000000189837,true,KRW
prod_oy_a000000183707,뭐바를래,47410,/products/prod_oy_a000000183707,true,KRW
prod_oy_a000000225217,뭐바를래,5700,/products/prod_oy_a000000225217,true,KRW
prod_oy_a000000231832,뭐바를래,19900,/products/prod_oy_a000000231832,true,KRW
prod_oy_a000000255620,뭐바를래,24600,/products/prod_oy_a000000255620,true,KRW
prod_oy_a000000219717,뭐바를래,27900,/products/prod_oy_a000000219717,true,KRW
prod_oy_a000000258649,뭐바를래,19000,/products/prod_oy_a000000258649,true,KRW
prod_oy_a000000252982,뭐바를래,21000,/products/prod_oy_a000000252982,true,KRW
prod_oy_a000000157350,뭐바를래,8700,/products/prod_oy_a000000157350,true,KRW
prod_oy_a000000207225,뭐바를래,24000,/products/prod_oy_a000000207225,true,KRW
prod_oy_a000000217326,뭐바를래,22900,/products/prod_oy_a000000217326,true,KRW
prod_oy_a000000229790,뭐바를래,29900,/products/prod_oy_a000000229790,true,KRW
prod_oy_a000000258743,뭐바를래,24500,/products/prod_oy_a000000258743,true,KRW
prod_oy_a000000231293,뭐바를래,23500,/products/prod_oy_a000000231293,true,KRW
prod_oy_a000000222839,뭐바를래,29100,/products/prod_oy_a000000222839,true,KRW
prod_oy_a000000250773,뭐바를래,26400,/products/prod_oy_a000000250773,true,KRW
prod_oy_a000000222837,뭐바를래,25900,/products/prod_oy_a000000222837,true,KRW
prod_oy_a000000258676,뭐바를래,22000,/products/prod_oy_a000000258676,true,KRW
prod_oy_a000000255834,뭐바를래,42400,/products/prod_oy_a000000255834,true,KRW
prod_oy_a000000258824,뭐바를래,19900,/products/prod_oy_a000000258824,true,KRW
prod_oy_a000000250344,뭐바를래,27900,/products/prod_oy_a000000250344,true,KRW
prod_oy_a000000255701,뭐바를래,36800,/products/prod_oy_a000000255701,true,KRW
prod_oy_a000000231884,뭐바를래,19900,/products/prod_oy_a000000231884,true,KRW
prod_oy_a000000232212,뭐바를래,22000,/products/prod_oy_a000000232212,true,KRW
prod_oy_a000000188065,뭐바를래,28900,/products/prod_oy_a000000188065,true,KRW
prod_oy_a000000255330,뭐바를래,27500,/products/prod_oy_a000000255330,true,KRW
prod_oy_a000000255242,뭐바를래,29900,/products/prod_oy_a000000255242,true,KRW
prod_oy_a000000188004,뭐바를래,21760,/products/prod_oy_a000000188004,true,KRW
prod_oy_a000000184060,뭐바를래,42500,/products/prod_oy_a000000184060,true,KRW
prod_oy_a000000232436,뭐바를래,29800,/products/prod_oy_a000000232436,true,KRW
prod_oy_a000000231779,뭐바를래,39500,/products/prod_oy_a000000231779,true,KRW
prod_oy_a000000214675,뭐바를래,36750,/products/prod_oy_a000000214675,true,KRW
prod_oy_a000000242720,뭐바를래,28900,/products/prod_oy_a000000242720,true,KRW
prod_oy_a000000230854,뭐바를래,25900,/products/prod_oy_a000000230854,true,KRW
prod_oy_a000000203971,뭐바를래,29700,/products/prod_oy_a000000203971,true,KRW
prod_oy_a000000254723,뭐바를래,49900,/products/prod_oy_a000000254723,true,KRW
prod_oy_a000000255684,뭐바를래,24400,/products/prod_oy_a000000255684,true,KRW
prod_oy_a000000224025,뭐바를래,23100,/products/prod_oy_a000000224025,true,KRW
prod_oy_a000000226201,뭐바를래,44800,/products/prod_oy_a000000226201,true,KRW
prod_oy_a000000204071,뭐바를래,19500,/products/prod_oy_a000000204071,true,KRW
prod_oy_a000000233390,뭐바를래,28900,/products/prod_oy_a000000233390,true,KRW
prod_oy_a000000159468,뭐바를래,35700,/products/prod_oy_a000000159468,true,KRW
prod_oy_a000000250225,뭐바를래,34900,/products/prod_oy_a000000250225,true,KRW
prod_oy_a000000206433,뭐바를래,49100,/products/prod_oy_a000000206433,true,KRW
prod_oy_a000000128529,뭐바를래,9900,/products/prod_oy_a000000128529,true,KRW
prod_oy_a000000211119,뭐바를래,22900,/products/prod_oy_a000000211119,true,KRW
prod_oy_a000000166013,뭐바를래,41310,/products/prod_oy_a000000166013,true,KRW
prod_oy_a000000246897,뭐바를래,32800,/products/prod_oy_a000000246897,true,KRW
prod_oy_a000000254111,뭐바를래,28910,/products/prod_oy_a000000254111,true,KRW
prod_oy_a000000237409,뭐바를래,29800,/products/prod_oy_a000000237409,true,KRW
prod_oy_a000000184133,뭐바를래,32100,/products/prod_oy_a000000184133,true,KRW
prod_oy_a000000219609,뭐바를래,54000,/products/prod_oy_a000000219609,true,KRW
prod_oy_a000000242563,뭐바를래,22000,/products/prod_oy_a000000242563,true,KRW
prod_oy_a000000242341,뭐바를래,37500,/products/prod_oy_a000000242341,true,KRW
prod_oy_a000000259697,뭐바를래,17900,/products/prod_oy_a000000259697,true,KRW
prod_oy_a000000218586,뭐바를래,26600,/products/prod_oy_a000000218586,true,KRW
prod_oy_a000000235178,뭐바를래,19000,/products/prod_oy_a000000235178,true,KRW
prod_oy_a000000189544,뭐바를래,29000,/products/prod_oy_a000000189544,true,KRW
prod_oy_a000000235338,뭐바를래,28900,/products/prod_oy_a000000235338,true,KRW
prod_oy_a000000256049,뭐바를래,23800,/products/prod_oy_a000000256049,true,KRW
prod_oy_a000000248589,뭐바를래,23500,/products/prod_oy_a000000248589,true,KRW
prod_oy_a000000235051,뭐바를래,21200,/products/prod_oy_a000000235051,true,KRW
prod_oy_a000000233771,뭐바를래,25200,/products/prod_oy_a000000233771,true,KRW
prod_oy_a000000203925,뭐바를래,55080,/products/prod_oy_a000000203925,true,KRW
prod_oy_a000000210068,뭐바를래,18500,/products/prod_oy_a000000210068,true,KRW
prod_oy_a000000180410,뭐바를래,17000,/products/prod_oy_a000000180410,true,KRW
prod_oy_a000000149963,뭐바를래,12300,/products/prod_oy_a000000149963,true,KRW
prod_oy_a000000238406,뭐바를래,9900,/products/prod_oy_a000000238406,true,KRW
prod_oy_a000000222797,뭐바를래,19500,/products/prod_oy_a000000222797,true,KRW
prod_oy_a000000255686,뭐바를래,25300,/products/prod_oy_a000000255686,true,KRW
prod_oy_a000000257698,뭐바를래,42900,/products/prod_oy_a000000257698,true,KRW
prod_oy_a000000242565,뭐바를래,19000,/products/prod_oy_a000000242565,true,KRW
prod_oy_a000000208860,뭐바를래,28000,/products/prod_oy_a000000208860,true,KRW
prod_oy_a000000241852,뭐바를래,127000,/products/prod_oy_a000000241852,true,KRW
prod_oy_a000000189171,뭐바를래,61600,/products/prod_oy_a000000189171,true,KRW
prod_oy_a000000245091,뭐바를래,40370,/products/prod_oy_a000000245091,true,KRW
prod_oy_a000000149966,뭐바를래,14200,/products/prod_oy_a000000149966,true,KRW
prod_oy_a000000209559,뭐바를래,47600,/products/prod_oy_a000000209559,true,KRW
prod_oy_a000000188968,뭐바를래,58100,/products/prod_oy_a000000188968,true,KRW
prod_oy_a000000200328,뭐바를래,25000,/products/prod_oy_a000000200328,true,KRW
prod_oy_a000000255430,뭐바를래,22100,/products/prod_oy_a000000255430,true,KRW
prod_oy_a000000180890,뭐바를래,19500,/products/prod_oy_a000000180890,true,KRW
prod_oy_a000000258832,뭐바를래,27000,/products/prod_oy_a000000258832,true,KRW
prod_oy_a000000254719,뭐바를래,44000,/products/prod_oy_a000000254719,true,KRW
prod_oy_a000000258469,뭐바를래,26900,/products/prod_oy_a000000258469,true,KRW
prod_oy_a000000103391,뭐바를래,23000,/products/prod_oy_a000000103391,true,KRW
prod_oy_a000000235050,뭐바를래,49000,/products/prod_oy_a000000235050,true,KRW
prod_oy_a000000141333,뭐바를래,16600,/products/prod_oy_a000000141333,true,KRW
prod_oy_a000000206547,뭐바를래,31200,/products/prod_oy_a000000206547,true,KRW
prod_oy_a000000258445,뭐바를래,47200,/products/prod_oy_a000000258445,true,KRW
prod_oy_a000000247092,뭐바를래,19900,/products/prod_oy_a000000247092,true,KRW
prod_oy_a000000242719,뭐바를래,25900,/products/prod_oy_a000000242719,true,KRW
prod_oy_a000000219550,뭐바를래,22400,/products/prod_oy_a000000219550,true,KRW
prod_oy_a000000189054,뭐바를래,36700,/products/prod_oy_a000000189054,true,KRW
prod_oy_a000000255719,뭐바를래,35000,/products/prod_oy_a000000255719,true,KRW
prod_oy_a000000253383,뭐바를래,21000,/products/prod_oy_a000000253383,true,KRW
prod_oy_a000000233336,뭐바를래,24000,/products/prod_oy_a000000233336,true,KRW
prod_oy_a000000184772,뭐바를래,17900,/products/prod_oy_a000000184772,true,KRW
prod_oy_a000000244411,뭐바를래,26900,/products/prod_oy_a000000244411,true,KRW
prod_oy_a000000250346,뭐바를래,39900,/products/prod_oy_a000000250346,true,KRW
prod_oy_a000000219274,뭐바를래,38900,/products/prod_oy_a000000219274,true,KRW
prod_oy_a000000254065,뭐바를래,38900,/products/prod_oy_a000000254065,true,KRW
prod_oy_a000000251276,뭐바를래,37900,/products/prod_oy_a000000251276,true,KRW
prod_oy_a000000259605,뭐바를래,24400,/products/prod_oy_a000000259605,true,KRW
prod_oy_a000000216520,뭐바를래,50000,/products/prod_oy_a000000216520,true,KRW
prod_oy_a000000233882,뭐바를래,29200,/products/prod_oy_a000000233882,true,KRW
prod_oy_a000000203876,뭐바를래,19900,/products/prod_oy_a000000203876,true,KRW
prod_oy_a000000229789,뭐바를래,28000,/products/prod_oy_a000000229789,true,KRW
prod_oy_a000000209298,뭐바를래,27500,/products/prod_oy_a000000209298,true,KRW
prod_oy_a000000231894,뭐바를래,22500,/products/prod_oy_a000000231894,true,KRW
prod_oy_a000000224329,뭐바를래,19000,/products/prod_oy_a000000224329,true,KRW
prod_oy_a000000229221,뭐바를래,44880,/products/prod_oy_a000000229221,true,KRW
prod_oy_a000000210407,뭐바를래,68000,/products/prod_oy_a000000210407,true,KRW
prod_oy_a000000249582,뭐바를래,33000,/products/prod_oy_a000000249582,true,KRW
prod_oy_a000000208708,뭐바를래,21500,/products/prod_oy_a000000208708,true,KRW
prod_oy_a000000224023,뭐바를래,25100,/products/prod_oy_a000000224023,true,KRW
prod_oy_a000000228804,뭐바를래,17250,/products/prod_oy_a000000228804,true,KRW
prod_oy_a000000202469,뭐바를래,24500,/products/prod_oy_a000000202469,true,KRW
prod_oy_a000000257200,뭐바를래,19800,/products/prod_oy_a000000257200,true,KRW
prod_oy_a000000204633,뭐바를래,126000,/products/prod_oy_a000000204633,true,KRW
prod_oy_a000000152102,뭐바를래,24000,/products/prod_oy_a000000152102,true,KRW
prod_oy_a000000218587,뭐바를래,29900,/products/prod_oy_a000000218587,true,KRW
prod_oy_a000000206153,뭐바를래,23250,/products/prod_oy_a000000206153,true,KRW
prod_oy_a000000232179,뭐바를래,22900,/products/prod_oy_a000000232179,true,KRW
prod_oy_a000000249153,뭐바를래,15900,/products/prod_oy_a000000249153,true,KRW
prod_oy_a000000225216,뭐바를래,12000,/products/prod_oy_a000000225216,true,KRW
prod_oy_a000000144051,뭐바를래,59000,/products/prod_oy_a000000144051,true,KRW
prod_oy_a000000251844,뭐바를래,11900,/products/prod_oy_a000000251844,true,KRW
prod_oy_a000000250253,뭐바를래,22500,/products/prod_oy_a000000250253,true,KRW
prod_oy_a000000211052,뭐바를래,37800,/products/prod_oy_a000000211052,true,KRW
prod_oy_a000000237728,뭐바를래,27900,/products/prod_oy_a000000237728,true,KRW
prod_oy_a000000234012,뭐바를래,21900,/products/prod_oy_a000000234012,true,KRW
prod_oy_a000000256153,뭐바를래,21600,/products/prod_oy_a000000256153,true,KRW
prod_oy_a000000149970,뭐바를래,15000,/products/prod_oy_a000000149970,true,KRW
prod_oy_a000000202462,뭐바를래,27200,/products/prod_oy_a000000202462,true,KRW
prod_oy_a000000254773,뭐바를래,55700,/products/prod_oy_a000000254773,true,KRW
prod_oy_a000000192699,뭐바를래,14600,/products/prod_oy_a000000192699,true,KRW
prod_oy_a000000228599,뭐바를래,14600,/products/prod_oy_a000000228599,true,KRW
prod_oy_a000000229490,뭐바를래,53550,/products/prod_oy_a000000229490,true,KRW
prod_oy_a000000249803,뭐바를래,25900,/products/prod_oy_a000000249803,true,KRW
prod_oy_a000000251318,뭐바를래,35000,/products/prod_oy_a000000251318,true,KRW
prod_oy_a000000243435,뭐바를래,19900,/products/prod_oy_a000000243435,true,KRW
prod_oy_a000000251364,뭐바를래,24900,/products/prod_oy_a000000251364,true,KRW
prod_oy_a000000253578,뭐바를래,24700,/products/prod_oy_a000000253578,true,KRW
prod_oy_a000000257096,뭐바를래,15900,/products/prod_oy_a000000257096,true,KRW
prod_oy_a000000246575,뭐바를래,49900,/products/prod_oy_a000000246575,true,KRW
prod_oy_a000000188233,뭐바를래,48800,/products/prod_oy_a000000188233,true,KRW
prod_oy_a000000214258,뭐바를래,99000,/products/prod_oy_a000000214258,true,KRW
prod_oy_a000000188206,뭐바를래,48600,/products/prod_oy_a000000188206,true,KRW
prod_oy_a000000180409,뭐바를래,31900,/products/prod_oy_a000000180409,true,KRW
prod_oy_a000000237831,뭐바를래,23500,/products/prod_oy_a000000237831,true,KRW
prod_oy_a000000210654,뭐바를래,15000,/products/prod_oy_a000000210654,true,KRW
prod_oy_a000000158929,뭐바를래,31200,/products/prod_oy_a000000158929,true,KRW
prod_oy_a000000210867,뭐바를래,22900,/products/prod_oy_a000000210867,true,KRW
prod_oy_a000000227409,뭐바를래,30800,/products/prod_oy_a000000227409,true,KRW
prod_oy_a000000221651,뭐바를래,46400,/products/prod_oy_a000000221651,true,KRW
prod_oy_a000000159280,뭐바를래,30400,/products/prod_oy_a000000159280,true,KRW
prod_oy_a000000188493,뭐바를래,29900,/products/prod_oy_a000000188493,true,KRW
prod_oy_a000000246194,뭐바를래,29900,/products/prod_oy_a000000246194,true,KRW
prod_oy_a000000254656,뭐바를래,29500,/products/prod_oy_a000000254656,true,KRW
prod_oy_a000000203126,뭐바를래,21400,/products/prod_oy_a000000203126,true,KRW
prod_oy_a000000200604,뭐바를래,28350,/products/prod_oy_a000000200604,true,KRW
prod_oy_a000000243070,뭐바를래,28000,/products/prod_oy_a000000243070,true,KRW
prod_oy_a000000246219,뭐바를래,42400,/products/prod_oy_a000000246219,true,KRW
prod_oy_a000000248500,뭐바를래,27500,/products/prod_oy_a000000248500,true,KRW
prod_oy_a000000199206,뭐바를래,41600,/products/prod_oy_a000000199206,true,KRW
prod_oy_a000000166599,뭐바를래,26900,/products/prod_oy_a000000166599,true,KRW
prod_oy_a000000258047,뭐바를래,26900,/products/prod_oy_a000000258047,true,KRW
prod_oy_a000000218948,뭐바를래,19800,/products/prod_oy_a000000218948,true,KRW
prod_oy_a000000203125,뭐바를래,39900,/products/prod_oy_a000000203125,true,KRW
prod_oy_a000000252193,뭐바를래,39900,/products/prod_oy_a000000252193,true,KRW
prod_oy_a000000252735,뭐바를래,39800,/products/prod_oy_a000000252735,true,KRW
prod_oy_a000000200310,뭐바를래,26000,/products/prod_oy_a000000200310,true,KRW
prod_oy_a000000240128,뭐바를래,26000,/products/prod_oy_a000000240128,true,KRW
prod_oy_a000000203963,뭐바를래,25600,/products/prod_oy_a000000203963,true,KRW
prod_oy_a000000190700,뭐바를래,18700,/products/prod_oy_a000000190700,true,KRW
prod_oy_a000000226086,뭐바를래,38000,/products/prod_oy_a000000226086,true,KRW
prod_oy_a000000239791,뭐바를래,37900,/products/prod_oy_a000000239791,true,KRW
prod_oy_a000000255852,뭐바를래,37900,/products/prod_oy_a000000255852,true,KRW
prod_oy_a000000183516,뭐바를래,18000,/products/prod_oy_a000000183516,true,KRW
prod_oy_a000000260015,뭐바를래,24260,/products/prod_oy_a000000260015,true,KRW
prod_oy_a000000188934,뭐바를래,37000,/products/prod_oy_a000000188934,true,KRW
prod_oy_a000000219339,뭐바를래,41650,/products/prod_oy_a000000219339,true,KRW
prod_oy_a000000213618,뭐바를래,36900,/products/prod_oy_a000000213618,true,KRW
prod_oy_a000000231062,뭐바를래,23900,/products/prod_oy_a000000231062,true,KRW
prod_oy_a000000229094,뭐바를래,23000,/products/prod_oy_a000000229094,true,KRW
prod_oy_a000000169035,뭐바를래,35000,/products/prod_oy_a000000169035,true,KRW
prod_oy_a000000254757,뭐바를래,34300,/products/prod_oy_a000000254757,true,KRW
prod_oy_a000000183731,뭐바를래,22000,/products/prod_oy_a000000183731,true,KRW
prod_oy_a000000200353,뭐바를래,21600,/products/prod_oy_a000000200353,true,KRW
prod_oy_a000000232213,뭐바를래,67500,/products/prod_oy_a000000232213,true,KRW
prod_oy_a000000214323,뭐바를래,32800,/products/prod_oy_a000000214323,true,KRW
prod_oy_a000000219677,뭐바를래,15500,/products/prod_oy_a000000219677,true,KRW
prod_oy_a000000249421,뭐바를래,32400,/products/prod_oy_a000000249421,true,KRW
prod_oy_a000000198230,뭐바를래,32000,/products/prod_oy_a000000198230,true,KRW
prod_oy_a000000236981,뭐바를래,32000,/products/prod_oy_a000000236981,true,KRW
prod_oy_a000000231799,뭐바를래,20430,/products/prod_oy_a000000231799,true,KRW
prod_oy_a000000233086,뭐바를래,19900,/products/prod_oy_a000000233086,true,KRW
prod_oy_a000000252606,뭐바를래,19900,/products/prod_oy_a000000252606,true,KRW
prod_oy_a000000214270,뭐바를래,36750,/products/prod_oy_a000000214270,true,KRW
prod_oy_a000000210343,뭐바를래,19840,/products/prod_oy_a000000210343,true,KRW
prod_oy_a000000189769,뭐바를래,19800,/products/prod_oy_a000000189769,true,KRW
prod_oy_a000000005336,뭐바를래,30000,/products/prod_oy_a000000005336,true,KRW
prod_oy_a000000209746,뭐바를래,30000,/products/prod_oy_a000000209746,true,KRW
prod_oy_a000000248402,뭐바를래,19500,/products/prod_oy_a000000248402,true,KRW
prod_oy_a000000211479,뭐바를래,29800,/products/prod_oy_a000000211479,true,KRW
prod_oy_a000000218545,뭐바를래,29100,/products/prod_oy_a000000218545,true,KRW
prod_oy_a000000180408,뭐바를래,29000,/products/prod_oy_a000000180408,true,KRW
prod_oy_a000000180436,뭐바를래,29000,/products/prod_oy_a000000180436,true,KRW
prod_oy_a000000247185,뭐바를래,18720,/products/prod_oy_a000000247185,true,KRW
prod_oy_a000000203639,뭐바를래,28800,/products/prod_oy_a000000203639,true,KRW
prod_oy_a000000207544,뭐바를래,28400,/products/prod_oy_a000000207544,true,KRW
prod_oy_a000000213267,뭐바를래,28000,/products/prod_oy_a000000213267,true,KRW
prod_oy_a000000217422,뭐바를래,28000,/products/prod_oy_a000000217422,true,KRW
prod_oy_a000000219751,뭐바를래,17900,/products/prod_oy_a000000219751,true,KRW
prod_oy_a000000186997,뭐바를래,27200,/products/prod_oy_a000000186997,true,KRW
prod_oy_a000000247691,뭐바를래,17500,/products/prod_oy_a000000247691,true,KRW
prod_oy_a000000255418,뭐바를래,26400,/products/prod_oy_a000000255418,true,KRW
prod_oy_a000000189953,뭐바를래,54000,/products/prod_oy_a000000189953,true,KRW
prod_oy_a000000233009,뭐바를래,53900,/products/prod_oy_a000000233009,true,KRW
prod_oy_a000000214200,뭐바를래,53600,/products/prod_oy_a000000214200,true,KRW
prod_oy_a000000228328,뭐바를래,26000,/products/prod_oy_a000000228328,true,KRW
prod_oy_a000000218444,뭐바를래,16800,/products/prod_oy_a000000218444,true,KRW
prod_oy_a000000257377,뭐바를래,25900,/products/prod_oy_a000000257377,true,KRW
prod_oy_a000000218340,뭐바를래,25500,/products/prod_oy_a000000218340,true,KRW
prod_oy_a000000211403,뭐바를래,51800,/products/prod_oy_a000000211403,true,KRW
prod_oy_a000000174028,뭐바를래,51300,/products/prod_oy_a000000174028,true,KRW
prod_oy_a000000243477,뭐바를래,24800,/products/prod_oy_a000000243477,true,KRW
prod_oy_a000000229204,뭐바를래,51000,/products/prod_oy_a000000229204,true,KRW
prod_oy_a000000224344,뭐바를래,24650,/products/prod_oy_a000000224344,true,KRW
prod_oy_a000000219108,뭐바를래,24500,/products/prod_oy_a000000219108,true,KRW
prod_oy_a000000250211,뭐바를래,24500,/products/prod_oy_a000000250211,true,KRW
prod_oy_a000000199981,뭐바를래,50400,/products/prod_oy_a000000199981,true,KRW
prod_oy_a000000254543,뭐바를래,15750,/products/prod_oy_a000000254543,true,KRW
prod_oy_a000000251222,뭐바를래,50000,/products/prod_oy_a000000251222,true,KRW
prod_oy_a000000199982,뭐바를래,24000,/products/prod_oy_a000000199982,true,KRW
prod_oy_a000000211084,뭐바를래,23380,/products/prod_oy_a000000211084,true,KRW
prod_oy_a000000239819,뭐바를래,48000,/products/prod_oy_a000000239819,true,KRW
prod_oy_a000000240088,뭐바를래,23000,/products/prod_oy_a000000240088,true,KRW
prod_oy_a000000254209,뭐바를래,47000,/products/prod_oy_a000000254209,true,KRW
prod_oy_a000000224042,뭐바를래,22400,/products/prod_oy_a000000224042,true,KRW
prod_oy_a000000224552,뭐바를래,22400,/products/prod_oy_a000000224552,true,KRW
prod_oy_a000000216511,뭐바를래,22000,/products/prod_oy_a000000216511,true,KRW
prod_oy_a000000242711,뭐바를래,21280,/products/prod_oy_a000000242711,true,KRW
prod_oy_a000000227244,뭐바를래,9900,/products/prod_oy_a000000227244,true,KRW
prod_oy_a000000219106,뭐바를래,13600,/products/prod_oy_a000000219106,true,KRW
prod_oy_a000000258772,뭐바를래,13600,/products/prod_oy_a000000258772,true,KRW
prod_oy_a000000225699,뭐바를래,43200,/products/prod_oy_a000000225699,true,KRW
prod_oy_a000000257237,뭐바를래,43000,/products/prod_oy_a000000257237,true,KRW
prod_oy_a000000254722,뭐바를래,42500,/products/prod_oy_a000000254722,true,KRW
prod_oy_a000000154264,뭐바를래,19900,/products/prod_oy_a000000154264,true,KRW
prod_oy_a000000209515,뭐바를래,19900,/products/prod_oy_a000000209515,true,KRW
prod_oy_a000000254646,뭐바를래,19900,/products/prod_oy_a000000254646,true,KRW
prod_oy_a000000236552,뭐바를래,40000,/products/prod_oy_a000000236552,true,KRW
prod_oy_a000000247577,뭐바를래,39900,/products/prod_oy_a000000247577,true,KRW
prod_oy_a000000257830,뭐바를래,19200,/products/prod_oy_a000000257830,true,KRW
prod_oy_a000000256388,뭐바를래,39520,/products/prod_oy_a000000256388,true,KRW
prod_oy_a000000119141,뭐바를래,18900,/products/prod_oy_a000000119141,true,KRW
prod_oy_a000000250593,뭐바를래,18900,/products/prod_oy_a000000250593,true,KRW
prod_oy_a000000239651,뭐바를래,39000,/products/prod_oy_a000000239651,true,KRW
prod_oy_a000000223183,뭐바를래,11900,/products/prod_oy_a000000223183,true,KRW
prod_oy_a000000232382,뭐바를래,38000,/products/prod_oy_a000000232382,true,KRW
prod_oy_a000000249735,뭐바를래,38000,/products/prod_oy_a000000249735,true,KRW
prod_oy_a000000161581,뭐바를래,18000,/products/prod_oy_a000000161581,true,KRW
prod_oy_a000000199798,뭐바를래,18000,/products/prod_oy_a000000199798,true,KRW
prod_oy_a000000229520,뭐바를래,37000,/products/prod_oy_a000000229520,true,KRW
prod_oy_a000000199281,뭐바를래,36900,/products/prod_oy_a000000199281,true,KRW
prod_oy_a000000235180,뭐바를래,36000,/products/prod_oy_a000000235180,true,KRW
prod_oy_a000000246890,뭐바를래,16900,/products/prod_oy_a000000246890,true,KRW
prod_oy_a000000224124,뭐바를래,34300,/products/prod_oy_a000000224124,true,KRW
prod_oy_a000000254332,뭐바를래,34300,/products/prod_oy_a000000254332,true,KRW
prod_oy_a000000188947,뭐바를래,34000,/products/prod_oy_a000000188947,true,KRW
prod_oy_a000000243732,뭐바를래,34000,/products/prod_oy_a000000243732,true,KRW
prod_oy_a000000250104,뭐바를래,34000,/products/prod_oy_a000000250104,true,KRW
prod_oy_a000000254337,뭐바를래,34000,/products/prod_oy_a000000254337,true,KRW
prod_oy_a000000154625,뭐바를래,33700,/products/prod_oy_a000000154625,true,KRW
prod_oy_a000000201338,뭐바를래,33300,/products/prod_oy_a000000201338,true,KRW
prod_oy_a000000213915,뭐바를래,15900,/products/prod_oy_a000000213915,true,KRW
prod_oy_a000000259189,뭐바를래,32800,/products/prod_oy_a000000259189,true,KRW
prod_oy_a000000197362,뭐바를래,15600,/products/prod_oy_a000000197362,true,KRW
prod_oy_a000000210482,뭐바를래,32000,/products/prod_oy_a000000210482,true,KRW
prod_oy_a000000231908,뭐바를래,31900,/products/prod_oy_a000000231908,true,KRW
prod_oy_a000000244813,뭐바를래,14900,/products/prod_oy_a000000244813,true,KRW
prod_oy_a000000221707,뭐바를래,14600,/products/prod_oy_a000000221707,true,KRW
prod_oy_a000000210928,뭐바를래,14400,/products/prod_oy_a000000210928,true,KRW
prod_oy_a000000180476,뭐바를래,30100,/products/prod_oy_a000000180476,true,KRW
prod_oy_a000000207141,뭐바를래,29900,/products/prod_oy_a000000207141,true,KRW
prod_oy_a000000222026,뭐바를래,29900,/products/prod_oy_a000000222026,true,KRW
prod_oy_a000000200313,뭐바를래,14200,/products/prod_oy_a000000200313,true,KRW
prod_oy_a000000219714,뭐바를래,29800,/products/prod_oy_a000000219714,true,KRW
prod_oy_a000000184662,뭐바를래,29400,/products/prod_oy_a000000184662,true,KRW
prod_oy_a000000221815,뭐바를래,13800,/products/prod_oy_a000000221815,true,KRW
prod_oy_a000000225602,뭐바를래,28900,/products/prod_oy_a000000225602,true,KRW
prod_oy_a000000209634,뭐바를래,13600,/products/prod_oy_a000000209634,true,KRW
prod_oy_a000000213990,뭐바를래,28600,/products/prod_oy_a000000213990,true,KRW
prod_oy_a000000218995,뭐바를래,28600,/products/prod_oy_a000000218995,true,KRW
prod_oy_a000000212947,뭐바를래,28000,/products/prod_oy_a000000212947,true,KRW
prod_oy_a000000212948,뭐바를래,28000,/products/prod_oy_a000000212948,true,KRW
prod_oy_a000000231545,뭐바를래,27300,/products/prod_oy_a000000231545,true,KRW
prod_oy_a000000256487,뭐바를래,27000,/products/prod_oy_a000000256487,true,KRW
prod_oy_a000000199784,뭐바를래,26900,/products/prod_oy_a000000199784,true,KRW
prod_oy_a000000218993,뭐바를래,26900,/products/prod_oy_a000000218993,true,KRW
prod_oy_a000000172993,뭐바를래,26000,/products/prod_oy_a000000172993,true,KRW
prod_oy_a000000204880,뭐바를래,25900,/products/prod_oy_a000000204880,true,KRW
prod_oy_a000000247097,뭐바를래,25200,/products/prod_oy_a000000247097,true,KRW
prod_oy_a000000243681,뭐바를래,24900,/products/prod_oy_a000000243681,true,KRW
prod_oy_a000000255843,뭐바를래,24900,/products/prod_oy_a000000255843,true,KRW
prod_oy_a000000243473,뭐바를래,24800,/products/prod_oy_a000000243473,true,KRW
prod_oy_a000000211859,뭐바를래,24700,/products/prod_oy_a000000211859,true,KRW
prod_oy_a000000255439,뭐바를래,24650,/products/prod_oy_a000000255439,true,KRW
prod_oy_a000000241358,뭐바를래,24500,/products/prod_oy_a000000241358,true,KRW
prod_oy_a000000219212,뭐바를래,24160,/products/prod_oy_a000000219212,true,KRW
prod_oy_a000000201658,뭐바를래,24000,/products/prod_oy_a000000201658,true,KRW
prod_oy_a000000191798,뭐바를래,23900,/products/prod_oy_a000000191798,true,KRW
prod_oy_a000000187240,뭐바를래,23200,/products/prod_oy_a000000187240,true,KRW
prod_oy_a000000232963,뭐바를래,10800,/products/prod_oy_a000000232963,true,KRW
prod_oy_a000000225072,뭐바를래,22900,/products/prod_oy_a000000225072,true,KRW
prod_oy_a000000236980,뭐바를래,22400,/products/prod_oy_a000000236980,true,KRW
prod_oy_a000000224241,뭐바를래,22100,/products/prod_oy_a000000224241,true,KRW
prod_oy_a000000188120,뭐바를래,22000,/products/prod_oy_a000000188120,true,KRW
prod_oy_a000000205643,뭐바를래,22000,/products/prod_oy_a000000205643,true,KRW
prod_oy_a000000254058,뭐바를래,22000,/products/prod_oy_a000000254058,true,KRW
prod_oy_b000000191866,뭐바를래,22000,/products/prod_oy_b000000191866,true,KRW
prod_oy_a000000223297,뭐바를래,21900,/products/prod_oy_a000000223297,true,KRW
prod_oy_a000000229511,뭐바를래,21760,/products/prod_oy_a000000229511,true,KRW
prod_oy_a000000153893,뭐바를래,21600,/products/prod_oy_a000000153893,true,KRW
prod_oy_a000000236324,뭐바를래,21300,/products/prod_oy_a000000236324,true,KRW
prod_oy_a000000246223,뭐바를래,20880,/products/prod_oy_a000000246223,true,KRW
prod_oy_a000000189328,뭐바를래,20000,/products/prod_oy_a000000189328,true,KRW
prod_oy_a000000229464,뭐바를래,19800,/products/prod_oy_a000000229464,true,KRW
prod_oy_a000000239993,뭐바를래,19600,/products/prod_oy_a000000239993,true,KRW
prod_oy_a000000204306,뭐바를래,19500,/products/prod_oy_a000000204306,true,KRW
prod_oy_a000000216054,뭐바를래,18900,/products/prod_oy_a000000216054,true,KRW
prod_oy_a000000190370,뭐바를래,18620,/products/prod_oy_a000000190370,true,KRW
prod_oy_a000000220039,뭐바를래,18300,/products/prod_oy_a000000220039,true,KRW
prod_oy_a000000206077,뭐바를래,18200,/products/prod_oy_a000000206077,true,KRW
prod_oy_a000000218897,뭐바를래,18200,/products/prod_oy_a000000218897,true,KRW
prod_oy_a000000229644,뭐바를래,17900,/products/prod_oy_a000000229644,true,KRW
prod_oy_a000000259164,뭐바를래,17900,/products/prod_oy_a000000259164,true,KRW
prod_oy_a000000228256,뭐바를래,8000,/products/prod_oy_a000000228256,true,KRW
prod_oy_a000000177475,뭐바를래,7800,/products/prod_oy_a000000177475,true,KRW
prod_oy_a000000206313,뭐바를래,16800,/products/prod_oy_a000000206313,true,KRW
prod_oy_a000000224845,뭐바를래,16800,/products/prod_oy_a000000224845,true,KRW
prod_oy_a000000225845,뭐바를래,16800,/products/prod_oy_a000000225845,true,KRW
prod_oy_a000000247239,뭐바를래,16500,/products/prod_oy_a000000247239,true,KRW
prod_oy_a000000235580,뭐바를래,7500,/products/prod_oy_a000000235580,true,KRW
prod_oy_a000000149953,뭐바를래,15800,/products/prod_oy_a000000149953,true,KRW
prod_oy_a000000248120,뭐바를래,15700,/products/prod_oy_a000000248120,true,KRW
prod_oy_a000000231970,뭐바를래,14900,/products/prod_oy_a000000231970,true,KRW
prod_oy_a000000188560,뭐바를래,13600,/products/prod_oy_a000000188560,true,KRW
prod_oy_a000000206874,뭐바를래,13520,/products/prod_oy_a000000206874,true,KRW
prod_oy_a000000211220,뭐바를래,10400,/products/prod_oy_a000000211220,true,KRW
prod_oy_a000000147121,뭐바를래,8900,/products/prod_oy_a000000147121,true,KRW
prod_oy_a000000011100,뭐바를래,16000,/products/prod_oy_a000000011100,true,KRW
prod_oy_a000000105588,뭐바를래,67000,/products/prod_oy_a000000105588,true,KRW
prod_oy_a000000115496,뭐바를래,82790,/products/prod_oy_a000000115496,true,KRW
prod_oy_a000000137017,뭐바를래,23000,/products/prod_oy_a000000137017,true,KRW
prod_oy_a000000141301,뭐바를래,14000,/products/prod_oy_a000000141301,true,KRW
prod_oy_a000000141307,뭐바를래,14000,/products/prod_oy_a000000141307,true,KRW
prod_oy_a000000141313,뭐바를래,14700,/products/prod_oy_a000000141313,true,KRW
prod_oy_a000000141323,뭐바를래,22500,/products/prod_oy_a000000141323,true,KRW
prod_oy_a000000144035,뭐바를래,61600,/products/prod_oy_a000000144035,true,KRW
prod_oy_a000000144119,뭐바를래,36000,/products/prod_oy_a000000144119,true,KRW
prod_oy_a000000145499,뭐바를래,22500,/products/prod_oy_a000000145499,true,KRW
prod_oy_a000000146938,뭐바를래,16900,/products/prod_oy_a000000146938,true,KRW
prod_oy_a000000147122,뭐바를래,8900,/products/prod_oy_a000000147122,true,KRW
prod_oy_a000000150519,뭐바를래,18200,/products/prod_oy_a000000150519,true,KRW
prod_oy_a000000150818,뭐바를래,11400,/products/prod_oy_a000000150818,true,KRW
prod_oy_a000000152786,뭐바를래,39950,/products/prod_oy_a000000152786,true,KRW
prod_oy_a000000153412,뭐바를래,47000,/products/prod_oy_a000000153412,true,KRW
prod_oy_a000000153913,뭐바를래,18000,/products/prod_oy_a000000153913,true,KRW
prod_oy_a000000154263,뭐바를래,20320,/products/prod_oy_a000000154263,true,KRW
prod_oy_a000000154959,뭐바를래,38000,/products/prod_oy_a000000154959,true,KRW
prod_oy_a000000156315,뭐바를래,54600,/products/prod_oy_a000000156315,true,KRW
prod_oy_a000000158299,뭐바를래,15400,/products/prod_oy_a000000158299,true,KRW
prod_oy_a000000158309,뭐바를래,32000,/products/prod_oy_a000000158309,true,KRW
prod_oy_a000000158311,뭐바를래,32000,/products/prod_oy_a000000158311,true,KRW
prod_oy_a000000158312,뭐바를래,32000,/products/prod_oy_a000000158312,true,KRW
prod_oy_a000000159225,뭐바를래,62000,/products/prod_oy_a000000159225,true,KRW
prod_oy_a000000159467,뭐바를래,72000,/products/prod_oy_a000000159467,true,KRW
prod_oy_a000000160531,뭐바를래,21900,/products/prod_oy_a000000160531,true,KRW
prod_oy_a000000162635,뭐바를래,50400,/products/prod_oy_a000000162635,true,KRW
prod_oy_a000000162783,뭐바를래,14900,/products/prod_oy_a000000162783,true,KRW
prod_oy_a000000163735,뭐바를래,33000,/products/prod_oy_a000000163735,true,KRW
prod_oy_a000000163763,뭐바를래,27200,/products/prod_oy_a000000163763,true,KRW
prod_oy_a000000164310,뭐바를래,97750,/products/prod_oy_a000000164310,true,KRW
prod_oy_a000000165622,뭐바를래,34000,/products/prod_oy_a000000165622,true,KRW
prod_oy_a000000168272,뭐바를래,33150,/products/prod_oy_a000000168272,true,KRW
prod_oy_a000000169203,뭐바를래,126000,/products/prod_oy_a000000169203,true,KRW
prod_oy_a000000170016,뭐바를래,20500,/products/prod_oy_a000000170016,true,KRW
prod_oy_a000000170689,뭐바를래,53000,/products/prod_oy_a000000170689,true,KRW
prod_oy_a000000171416,뭐바를래,21600,/products/prod_oy_a000000171416,true,KRW
prod_oy_a000000172041,뭐바를래,39000,/products/prod_oy_a000000172041,true,KRW
prod_oy_a000000172156,뭐바를래,23800,/products/prod_oy_a000000172156,true,KRW
prod_oy_a000000172208,뭐바를래,34000,/products/prod_oy_a000000172208,true,KRW
prod_oy_a000000172209,뭐바를래,30000,/products/prod_oy_a000000172209,true,KRW
prod_oy_a000000172912,뭐바를래,27000,/products/prod_oy_a000000172912,true,KRW
prod_oy_a000000174027,뭐바를래,30200,/products/prod_oy_a000000174027,true,KRW
prod_oy_a000000174304,뭐바를래,28800,/products/prod_oy_a000000174304,true,KRW
prod_oy_a000000174719,뭐바를래,17400,/products/prod_oy_a000000174719,true,KRW
prod_oy_a000000174751,뭐바를래,18200,/products/prod_oy_a000000174751,true,KRW
prod_oy_a000000176351,뭐바를래,29000,/products/prod_oy_a000000176351,true,KRW
prod_oy_a000000176954,뭐바를래,99000,/products/prod_oy_a000000176954,true,KRW
prod_oy_a000000178748,뭐바를래,29500,/products/prod_oy_a000000178748,true,KRW
prod_oy_a000000180892,뭐바를래,23000,/products/prod_oy_a000000180892,true,KRW
prod_oy_a000000180919,뭐바를래,68000,/products/prod_oy_a000000180919,true,KRW
prod_oy_a000000181125,뭐바를래,27000,/products/prod_oy_a000000181125,true,KRW
prod_oy_a000000181633,뭐바를래,116100,/products/prod_oy_a000000181633,true,KRW
prod_oy_a000000182300,뭐바를래,17900,/products/prod_oy_a000000182300,true,KRW
prod_oy_a000000182387,뭐바를래,22000,/products/prod_oy_a000000182387,true,KRW
prod_oy_a000000182613,뭐바를래,23200,/products/prod_oy_a000000182613,true,KRW
prod_oy_a000000182815,뭐바를래,18600,/products/prod_oy_a000000182815,true,KRW
prod_oy_a000000184941,뭐바를래,15400,/products/prod_oy_a000000184941,true,KRW
prod_oy_a000000184963,뭐바를래,19900,/products/prod_oy_a000000184963,true,KRW
prod_oy_a000000185366,뭐바를래,18900,/products/prod_oy_a000000185366,true,KRW
prod_oy_a000000186655,뭐바를래,28350,/products/prod_oy_a000000186655,true,KRW
prod_oy_a000000188002,뭐바를래,28000,/products/prod_oy_a000000188002,true,KRW
prod_oy_a000000188711,뭐바를래,17000,/products/prod_oy_a000000188711,true,KRW
prod_oy_a000000189768,뭐바를래,16830,/products/prod_oy_a000000189768,true,KRW
prod_oy_a000000189956,뭐바를래,20300,/products/prod_oy_a000000189956,true,KRW
prod_oy_a000000190691,뭐바를래,32000,/products/prod_oy_a000000190691,true,KRW
prod_oy_a000000190939,뭐바를래,107950,/products/prod_oy_a000000190939,true,KRW
prod_oy_a000000190948,뭐바를래,13110,/products/prod_oy_a000000190948,true,KRW
prod_oy_a000000191663,뭐바를래,24400,/products/prod_oy_a000000191663,true,KRW
prod_oy_a000000191821,뭐바를래,55000,/products/prod_oy_a000000191821,true,KRW
prod_oy_a000000192059,뭐바를래,82800,/products/prod_oy_a000000192059,true,KRW
prod_oy_a000000192218,뭐바를래,32000,/products/prod_oy_a000000192218,true,KRW
prod_oy_a000000192301,뭐바를래,44600,/products/prod_oy_a000000192301,true,KRW
prod_oy_a000000197640,뭐바를래,19800,/products/prod_oy_a000000197640,true,KRW
prod_oy_a000000197985,뭐바를래,21400,/products/prod_oy_a000000197985,true,KRW
prod_oy_a000000198339,뭐바를래,26200,/products/prod_oy_a000000198339,true,KRW
prod_oy_a000000198624,뭐바를래,31200,/products/prod_oy_a000000198624,true,KRW
prod_oy_a000000198832,뭐바를래,36900,/products/prod_oy_a000000198832,true,KRW
prod_oy_a000000198835,뭐바를래,35900,/products/prod_oy_a000000198835,true,KRW
prod_oy_a000000198924,뭐바를래,19900,/products/prod_oy_a000000198924,true,KRW
prod_oy_a000000199173,뭐바를래,52250,/products/prod_oy_a000000199173,true,KRW
prod_oy_a000000199261,뭐바를래,28000,/products/prod_oy_a000000199261,true,KRW
prod_oy_a000000199977,뭐바를래,24300,/products/prod_oy_a000000199977,true,KRW
prod_oy_a000000200182,뭐바를래,49400,/products/prod_oy_a000000200182,true,KRW
prod_oy_a000000200669,뭐바를래,28000,/products/prod_oy_a000000200669,true,KRW
prod_oy_a000000201153,뭐바를래,27900,/products/prod_oy_a000000201153,true,KRW
prod_oy_a000000201642,뭐바를래,48000,/products/prod_oy_a000000201642,true,KRW
prod_oy_a000000202453,뭐바를래,30400,/products/prod_oy_a000000202453,true,KRW
prod_oy_a000000202461,뭐바를래,30400,/products/prod_oy_a000000202461,true,KRW
prod_oy_a000000202463,뭐바를래,36800,/products/prod_oy_a000000202463,true,KRW
prod_oy_a000000202708,뭐바를래,38000,/products/prod_oy_a000000202708,true,KRW
prod_oy_a000000202905,뭐바를래,32000,/products/prod_oy_a000000202905,true,KRW
prod_oy_a000000202920,뭐바를래,36900,/products/prod_oy_a000000202920,true,KRW
prod_oy_a000000202923,뭐바를래,36900,/products/prod_oy_a000000202923,true,KRW
prod_oy_a000000203039,뭐바를래,114710,/products/prod_oy_a000000203039,true,KRW
prod_oy_a000000203792,뭐바를래,30400,/products/prod_oy_a000000203792,true,KRW
prod_oy_a000000203805,뭐바를래,49100,/products/prod_oy_a000000203805,true,KRW
prod_oy_a000000203907,뭐바를래,20800,/products/prod_oy_a000000203907,true,KRW
prod_oy_a000000204366,뭐바를래,26900,/products/prod_oy_a000000204366,true,KRW
prod_oy_a000000204594,뭐바를래,28900,/products/prod_oy_a000000204594,true,KRW
prod_oy_a000000204646,뭐바를래,148500,/products/prod_oy_a000000204646,true,KRW
prod_oy_a000000204647,뭐바를래,76500,/products/prod_oy_a000000204647,true,KRW
prod_oy_a000000204745,뭐바를래,27200,/products/prod_oy_a000000204745,true,KRW
prod_oy_a000000204751,뭐바를래,23400,/products/prod_oy_a000000204751,true,KRW
prod_oy_a000000204753,뭐바를래,34900,/products/prod_oy_a000000204753,true,KRW
prod_oy_a000000204811,뭐바를래,69900,/products/prod_oy_a000000204811,true,KRW
prod_oy_a000000205224,뭐바를래,28000,/products/prod_oy_a000000205224,true,KRW
prod_oy_a000000205644,뭐바를래,22000,/products/prod_oy_a000000205644,true,KRW
prod_oy_a000000206698,뭐바를래,35200,/products/prod_oy_a000000206698,true,KRW
prod_oy_a000000206956,뭐바를래,74480,/products/prod_oy_a000000206956,true,KRW
prod_oy_a000000207028,뭐바를래,30000,/products/prod_oy_a000000207028,true,KRW
prod_oy_a000000207035,뭐바를래,43500,/products/prod_oy_a000000207035,true,KRW
prod_oy_a000000208057,뭐바를래,22000,/products/prod_oy_a000000208057,true,KRW
prod_oy_a000000208059,뭐바를래,14700,/products/prod_oy_a000000208059,true,KRW
prod_oy_a000000208678,뭐바를래,17500,/products/prod_oy_a000000208678,true,KRW
prod_oy_a000000208985,뭐바를래,18000,/products/prod_oy_a000000208985,true,KRW
prod_oy_a000000209113,뭐바를래,23800,/products/prod_oy_a000000209113,true,KRW
prod_oy_a000000209487,뭐바를래,38000,/products/prod_oy_a000000209487,true,KRW
prod_oy_a000000209586,뭐바를래,28800,/products/prod_oy_a000000209586,true,KRW
prod_oy_a000000209716,뭐바를래,23200,/products/prod_oy_a000000209716,true,KRW
prod_oy_a000000209888,뭐바를래,27000,/products/prod_oy_a000000209888,true,KRW
prod_oy_a000000210011,뭐바를래,25000,/products/prod_oy_a000000210011,true,KRW
prod_oy_a000000210180,뭐바를래,89040,/products/prod_oy_a000000210180,true,KRW
prod_oy_a000000210195,뭐바를래,19500,/products/prod_oy_a000000210195,true,KRW
prod_oy_a000000210923,뭐바를래,12700,/products/prod_oy_a000000210923,true,KRW
prod_oy_a000000211059,뭐바를래,21500,/products/prod_oy_a000000211059,true,KRW
prod_oy_a000000211495,뭐바를래,65700,/products/prod_oy_a000000211495,true,KRW
prod_oy_a000000211547,뭐바를래,27000,/products/prod_oy_a000000211547,true,KRW
prod_oy_a000000211602,뭐바를래,19500,/products/prod_oy_a000000211602,true,KRW
prod_oy_a000000211888,뭐바를래,73000,/products/prod_oy_a000000211888,true,KRW
prod_oy_a000000212009,뭐바를래,38400,/products/prod_oy_a000000212009,true,KRW
prod_oy_a000000212011,뭐바를래,66400,/products/prod_oy_a000000212011,true,KRW
prod_oy_a000000213226,뭐바를래,17500,/products/prod_oy_a000000213226,true,KRW
prod_oy_a000000213238,뭐바를래,11900,/products/prod_oy_a000000213238,true,KRW
prod_oy_a000000213282,뭐바를래,20820,/products/prod_oy_a000000213282,true,KRW
prod_oy_a000000213286,뭐바를래,16070,/products/prod_oy_a000000213286,true,KRW
prod_oy_a000000213324,뭐바를래,27300,/products/prod_oy_a000000213324,true,KRW
prod_oy_a000000213326,뭐바를래,41000,/products/prod_oy_a000000213326,true,KRW
prod_oy_a000000213457,뭐바를래,19900,/products/prod_oy_a000000213457,true,KRW
prod_oy_a000000213688,뭐바를래,23200,/products/prod_oy_a000000213688,true,KRW
prod_oy_a000000213693,뭐바를래,23200,/products/prod_oy_a000000213693,true,KRW
prod_oy_a000000213951,뭐바를래,38250,/products/prod_oy_a000000213951,true,KRW
prod_oy_a000000213952,뭐바를래,34000,/products/prod_oy_a000000213952,true,KRW
prod_oy_a000000213968,뭐바를래,61200,/products/prod_oy_a000000213968,true,KRW
prod_oy_a000000214031,뭐바를래,23900,/products/prod_oy_a000000214031,true,KRW
prod_oy_a000000214260,뭐바를래,76000,/products/prod_oy_a000000214260,true,KRW
prod_oy_a000000214261,뭐바를래,136000,/products/prod_oy_a000000214261,true,KRW
prod_oy_a000000214266,뭐바를래,36750,/products/prod_oy_a000000214266,true,KRW
prod_oy_a000000214287,뭐바를래,24500,/products/prod_oy_a000000214287,true,KRW
prod_oy_a000000214629,뭐바를래,24900,/products/prod_oy_a000000214629,true,KRW
prod_oy_a000000214674,뭐바를래,31900,/products/prod_oy_a000000214674,true,KRW
prod_oy_a000000214797,뭐바를래,33000,/products/prod_oy_a000000214797,true,KRW
prod_oy_a000000214850,뭐바를래,32000,/products/prod_oy_a000000214850,true,KRW
prod_oy_a000000214852,뭐바를래,40000,/products/prod_oy_a000000214852,true,KRW
prod_oy_a000000214999,뭐바를래,48000,/products/prod_oy_a000000214999,true,KRW
prod_oy_a000000215000,뭐바를래,40000,/products/prod_oy_a000000215000,true,KRW
prod_oy_a000000215215,뭐바를래,26550,/products/prod_oy_a000000215215,true,KRW
prod_oy_a000000216924,뭐바를래,32000,/products/prod_oy_a000000216924,true,KRW
prod_oy_a000000216925,뭐바를래,32000,/products/prod_oy_a000000216925,true,KRW
prod_oy_a000000217680,뭐바를래,25000,/products/prod_oy_a000000217680,true,KRW
prod_oy_a000000218601,뭐바를래,26000,/products/prod_oy_a000000218601,true,KRW
prod_oy_a000000218641,뭐바를래,35000,/products/prod_oy_a000000218641,true,KRW
prod_oy_a000000218712,뭐바를래,36750,/products/prod_oy_a000000218712,true,KRW
prod_oy_a000000218992,뭐바를래,39900,/products/prod_oy_a000000218992,true,KRW
prod_oy_a000000218994,뭐바를래,28600,/products/prod_oy_a000000218994,true,KRW
prod_oy_a000000219082,뭐바를래,32000,/products/prod_oy_a000000219082,true,KRW
prod_oy_a000000219286,뭐바를래,24600,/products/prod_oy_a000000219286,true,KRW
prod_oy_a000000219340,뭐바를래,41650,/products/prod_oy_a000000219340,true,KRW
prod_oy_a000000219389,뭐바를래,20400,/products/prod_oy_a000000219389,true,KRW
prod_oy_a000000219548,뭐바를래,32000,/products/prod_oy_a000000219548,true,KRW
prod_oy_a000000219676,뭐바를래,14000,/products/prod_oy_a000000219676,true,KRW
prod_oy_a000000219713,뭐바를래,36000,/products/prod_oy_a000000219713,true,KRW
prod_oy_a000000219871,뭐바를래,34000,/products/prod_oy_a000000219871,true,KRW
prod_oy_a000000221942,뭐바를래,24500,/products/prod_oy_a000000221942,true,KRW
prod_oy_a000000221943,뭐바를래,24500,/products/prod_oy_a000000221943,true,KRW
prod_oy_a000000222554,뭐바를래,16500,/products/prod_oy_a000000222554,true,KRW
prod_oy_a000000222711,뭐바를래,36000,/products/prod_oy_a000000222711,true,KRW
prod_oy_a000000222733,뭐바를래,98400,/products/prod_oy_a000000222733,true,KRW
prod_oy_a000000222935,뭐바를래,25600,/products/prod_oy_a000000222935,true,KRW
prod_oy_a000000223489,뭐바를래,49500,/products/prod_oy_a000000223489,true,KRW
prod_oy_a000000224104,뭐바를래,22000,/products/prod_oy_a000000224104,true,KRW
prod_oy_a000000224120,뭐바를래,34300,/products/prod_oy_a000000224120,true,KRW
prod_oy_a000000224235,뭐바를래,45000,/products/prod_oy_a000000224235,true,KRW
prod_oy_a000000224244,뭐바를래,33000,/products/prod_oy_a000000224244,true,KRW
prod_oy_a000000224249,뭐바를래,41000,/products/prod_oy_a000000224249,true,KRW
prod_oy_a000000224343,뭐바를래,98400,/products/prod_oy_a000000224343,true,KRW
prod_oy_a000000224488,뭐바를래,30000,/products/prod_oy_a000000224488,true,KRW
prod_oy_a000000224687,뭐바를래,50000,/products/prod_oy_a000000224687,true,KRW
prod_oy_a000000224690,뭐바를래,50000,/products/prod_oy_a000000224690,true,KRW
prod_oy_a000000224691,뭐바를래,35000,/products/prod_oy_a000000224691,true,KRW
prod_oy_a000000224692,뭐바를래,35000,/products/prod_oy_a000000224692,true,KRW
prod_oy_a000000224862,뭐바를래,76000,/products/prod_oy_a000000224862,true,KRW
prod_oy_a000000225447,뭐바를래,35100,/products/prod_oy_a000000225447,true,KRW
prod_oy_a000000225460,뭐바를래,105000,/products/prod_oy_a000000225460,true,KRW
prod_oy_a000000225592,뭐바를래,32000,/products/prod_oy_a000000225592,true,KRW
prod_oy_a000000225849,뭐바를래,16800,/products/prod_oy_a000000225849,true,KRW
prod_oy_a000000225909,뭐바를래,33250,/products/prod_oy_a000000225909,true,KRW
prod_oy_a000000226471,뭐바를래,28600,/products/prod_oy_a000000226471,true,KRW
prod_oy_a000000226524,뭐바를래,55700,/products/prod_oy_a000000226524,true,KRW
prod_oy_a000000226724,뭐바를래,11970,/products/prod_oy_a000000226724,true,KRW
prod_oy_a000000226844,뭐바를래,17900,/products/prod_oy_a000000226844,true,KRW
prod_oy_a000000227093,뭐바를래,22400,/products/prod_oy_a000000227093,true,KRW
prod_oy_a000000227239,뭐바를래,20000,/products/prod_oy_a000000227239,true,KRW
prod_oy_a000000227396,뭐바를래,98000,/products/prod_oy_a000000227396,true,KRW
prod_oy_a000000227405,뭐바를래,17500,/products/prod_oy_a000000227405,true,KRW
prod_oy_a000000227458,뭐바를래,19000,/products/prod_oy_a000000227458,true,KRW
prod_oy_a000000227932,뭐바를래,18900,/products/prod_oy_a000000227932,true,KRW
prod_oy_a000000228253,뭐바를래,43700,/products/prod_oy_a000000228253,true,KRW
prod_oy_a000000228260,뭐바를래,11400,/products/prod_oy_a000000228260,true,KRW
prod_oy_a000000228580,뭐바를래,23900,/products/prod_oy_a000000228580,true,KRW
prod_oy_a000000228603,뭐바를래,52000,/products/prod_oy_a000000228603,true,KRW
prod_oy_a000000228895,뭐바를래,48900,/products/prod_oy_a000000228895,true,KRW
prod_oy_a000000228896,뭐바를래,78400,/products/prod_oy_a000000228896,true,KRW
prod_oy_a000000228904,뭐바를래,23900,/products/prod_oy_a000000228904,true,KRW
prod_oy_a000000229191,뭐바를래,11260,/products/prod_oy_a000000229191,true,KRW
prod_oy_a000000229220,뭐바를래,135460,/products/prod_oy_a000000229220,true,KRW
prod_oy_a000000229350,뭐바를래,34000,/products/prod_oy_a000000229350,true,KRW
prod_oy_a000000229422,뭐바를래,19200,/products/prod_oy_a000000229422,true,KRW
prod_oy_a000000229445,뭐바를래,59000,/products/prod_oy_a000000229445,true,KRW
prod_oy_a000000229502,뭐바를래,33600,/products/prod_oy_a000000229502,true,KRW
prod_oy_a000000229503,뭐바를래,33600,/products/prod_oy_a000000229503,true,KRW
prod_oy_a000000229522,뭐바를래,28000,/products/prod_oy_a000000229522,true,KRW
prod_oy_a000000229523,뭐바를래,28000,/products/prod_oy_a000000229523,true,KRW
prod_oy_a000000229597,뭐바를래,29800,/products/prod_oy_a000000229597,true,KRW
prod_oy_a000000229951,뭐바를래,51000,/products/prod_oy_a000000229951,true,KRW
prod_oy_a000000229952,뭐바를래,95000,/products/prod_oy_a000000229952,true,KRW
prod_oy_a000000230076,뭐바를래,31500,/products/prod_oy_a000000230076,true,KRW
prod_oy_a000000230367,뭐바를래,20300,/products/prod_oy_a000000230367,true,KRW
prod_oy_a000000230765,뭐바를래,32900,/products/prod_oy_a000000230765,true,KRW
prod_oy_a000000230934,뭐바를래,30000,/products/prod_oy_a000000230934,true,KRW
prod_oy_a000000230986,뭐바를래,24900,/products/prod_oy_a000000230986,true,KRW
prod_oy_a000000231089,뭐바를래,30000,/products/prod_oy_a000000231089,true,KRW
prod_oy_a000000231117,뭐바를래,11500,/products/prod_oy_a000000231117,true,KRW
prod_oy_a000000231352,뭐바를래,27000,/products/prod_oy_a000000231352,true,KRW
prod_oy_a000000231366,뭐바를래,23800,/products/prod_oy_a000000231366,true,KRW
prod_oy_a000000231454,뭐바를래,18300,/products/prod_oy_a000000231454,true,KRW
prod_oy_a000000232030,뭐바를래,42000,/products/prod_oy_a000000232030,true,KRW
prod_oy_a000000232070,뭐바를래,138000,/products/prod_oy_a000000232070,true,KRW
prod_oy_a000000232357,뭐바를래,49900,/products/prod_oy_a000000232357,true,KRW
prod_oy_a000000232438,뭐바를래,48000,/products/prod_oy_a000000232438,true,KRW
prod_oy_a000000232476,뭐바를래,8500,/products/prod_oy_a000000232476,true,KRW
prod_oy_a000000232477,뭐바를래,9900,/products/prod_oy_a000000232477,true,KRW
prod_oy_a000000232547,뭐바를래,35000,/products/prod_oy_a000000232547,true,KRW
prod_oy_a000000232734,뭐바를래,12000,/products/prod_oy_a000000232734,true,KRW
prod_oy_a000000232910,뭐바를래,40000,/products/prod_oy_a000000232910,true,KRW
prod_oy_a000000232962,뭐바를래,9400,/products/prod_oy_a000000232962,true,KRW
prod_oy_a000000232994,뭐바를래,21000,/products/prod_oy_a000000232994,true,KRW
prod_oy_a000000233193,뭐바를래,74000,/products/prod_oy_a000000233193,true,KRW
prod_oy_a000000233463,뭐바를래,27900,/products/prod_oy_a000000233463,true,KRW
prod_oy_a000000236433,뭐바를래,210250,/products/prod_oy_a000000236433,true,KRW
prod_oy_a000000236635,뭐바를래,49000,/products/prod_oy_a000000236635,true,KRW
prod_oy_a000000237367,뭐바를래,29000,/products/prod_oy_a000000237367,true,KRW
prod_oy_a000000237568,뭐바를래,65700,/products/prod_oy_a000000237568,true,KRW
prod_oy_a000000237821,뭐바를래,19900,/products/prod_oy_a000000237821,true,KRW
prod_oy_a000000237931,뭐바를래,43000,/products/prod_oy_a000000237931,true,KRW
prod_oy_a000000237951,뭐바를래,22400,/products/prod_oy_a000000237951,true,KRW
prod_oy_a000000238243,뭐바를래,6600,/products/prod_oy_a000000238243,true,KRW
prod_oy_a000000238244,뭐바를래,30100,/products/prod_oy_a000000238244,true,KRW
prod_oy_a000000238246,뭐바를래,28700,/products/prod_oy_a000000238246,true,KRW
prod_oy_a000000238509,뭐바를래,88000,/products/prod_oy_a000000238509,true,KRW
prod_oy_a000000238573,뭐바를래,38900,/products/prod_oy_a000000238573,true,KRW
prod_oy_a000000238744,뭐바를래,20800,/products/prod_oy_a000000238744,true,KRW
prod_oy_a000000240991,뭐바를래,33000,/products/prod_oy_a000000240991,true,KRW
prod_oy_a000000241575,뭐바를래,17100,/products/prod_oy_a000000241575,true,KRW
prod_oy_a000000242017,뭐바를래,49600,/products/prod_oy_a000000242017,true,KRW
prod_oy_a000000242569,뭐바를래,23900,/products/prod_oy_a000000242569,true,KRW
prod_oy_a000000242744,뭐바를래,75000,/products/prod_oy_a000000242744,true,KRW
prod_oy_a000000242748,뭐바를래,41600,/products/prod_oy_a000000242748,true,KRW
prod_oy_a000000243068,뭐바를래,29800,/products/prod_oy_a000000243068,true,KRW
prod_oy_a000000243787,뭐바를래,19800,/products/prod_oy_a000000243787,true,KRW
prod_oy_a000000244213,뭐바를래,23900,/products/prod_oy_a000000244213,true,KRW
prod_oy_a000000244286,뭐바를래,24000,/products/prod_oy_a000000244286,true,KRW
prod_oy_a000000244899,뭐바를래,25300,/products/prod_oy_a000000244899,true,KRW
prod_oy_a000000244937,뭐바를래,23500,/products/prod_oy_a000000244937,true,KRW
prod_oy_a000000244960,뭐바를래,29120,/products/prod_oy_a000000244960,true,KRW
prod_oy_a000000245737,뭐바를래,21600,/products/prod_oy_a000000245737,true,KRW
prod_oy_a000000245740,뭐바를래,21600,/products/prod_oy_a000000245740,true,KRW
prod_oy_a000000245934,뭐바를래,19500,/products/prod_oy_a000000245934,true,KRW
prod_oy_a000000246183,뭐바를래,29250,/products/prod_oy_a000000246183,true,KRW
prod_oy_a000000246189,뭐바를래,22000,/products/prod_oy_a000000246189,true,KRW
prod_oy_a000000246431,뭐바를래,48000,/products/prod_oy_a000000246431,true,KRW
prod_oy_a000000246577,뭐바를래,49900,/products/prod_oy_a000000246577,true,KRW
prod_oy_a000000246578,뭐바를래,99000,/products/prod_oy_a000000246578,true,KRW
prod_oy_a000000246579,뭐바를래,49900,/products/prod_oy_a000000246579,true,KRW
prod_oy_a000000246781,뭐바를래,22900,/products/prod_oy_a000000246781,true,KRW
prod_oy_a000000247196,뭐바를래,13600,/products/prod_oy_a000000247196,true,KRW
prod_oy_a000000247201,뭐바를래,21500,/products/prod_oy_a000000247201,true,KRW
prod_oy_a000000247686,뭐바를래,21090,/products/prod_oy_a000000247686,true,KRW
prod_oy_a000000248051,뭐바를래,21900,/products/prod_oy_a000000248051,true,KRW
prod_oy_a000000248097,뭐바를래,18240,/products/prod_oy_a000000248097,true,KRW
prod_oy_a000000248202,뭐바를래,18240,/products/prod_oy_a000000248202,true,KRW
prod_oy_a000000248243,뭐바를래,20900,/products/prod_oy_a000000248243,true,KRW
prod_oy_a000000248374,뭐바를래,24000,/products/prod_oy_a000000248374,true,KRW
prod_oy_a000000248399,뭐바를래,26000,/products/prod_oy_a000000248399,true,KRW
prod_oy_a000000248575,뭐바를래,88200,/products/prod_oy_a000000248575,true,KRW
prod_oy_a000000248581,뭐바를래,135000,/products/prod_oy_a000000248581,true,KRW
prod_oy_a000000248582,뭐바를래,135000,/products/prod_oy_a000000248582,true,KRW
prod_oy_a000000248934,뭐바를래,26000,/products/prod_oy_a000000248934,true,KRW
prod_oy_a000000248986,뭐바를래,20400,/products/prod_oy_a000000248986,true,KRW
prod_oy_a000000248988,뭐바를래,20400,/products/prod_oy_a000000248988,true,KRW
prod_oy_a000000248990,뭐바를래,20400,/products/prod_oy_a000000248990,true,KRW
prod_oy_a000000248991,뭐바를래,20400,/products/prod_oy_a000000248991,true,KRW
prod_oy_a000000249099,뭐바를래,15900,/products/prod_oy_a000000249099,true,KRW
prod_oy_a000000249167,뭐바를래,39400,/products/prod_oy_a000000249167,true,KRW
prod_oy_a000000249473,뭐바를래,78000,/products/prod_oy_a000000249473,true,KRW
prod_oy_a000000249648,뭐바를래,35000,/products/prod_oy_a000000249648,true,KRW
prod_oy_a000000249672,뭐바를래,34000,/products/prod_oy_a000000249672,true,KRW
prod_oy_a000000250105,뭐바를래,28350,/products/prod_oy_a000000250105,true,KRW
prod_oy_a000000250209,뭐바를래,99500,/products/prod_oy_a000000250209,true,KRW
prod_oy_a000000250281,뭐바를래,36000,/products/prod_oy_a000000250281,true,KRW
prod_oy_a000000250531,뭐바를래,30600,/products/prod_oy_a000000250531,true,KRW
prod_oy_a000000251120,뭐바를래,20800,/products/prod_oy_a000000251120,true,KRW
prod_oy_a000000251173,뭐바를래,29500,/products/prod_oy_a000000251173,true,KRW
prod_oy_a000000251229,뭐바를래,38000,/products/prod_oy_a000000251229,true,KRW
prod_oy_a000000252119,뭐바를래,16800,/products/prod_oy_a000000252119,true,KRW
prod_oy_a000000252198,뭐바를래,36200,/products/prod_oy_a000000252198,true,KRW
prod_oy_a000000252249,뭐바를래,8900,/products/prod_oy_a000000252249,true,KRW
prod_oy_a000000252296,뭐바를래,119520,/products/prod_oy_a000000252296,true,KRW
prod_oy_a000000253000,뭐바를래,90700,/products/prod_oy_a000000253000,true,KRW
prod_oy_a000000253103,뭐바를래,15900,/products/prod_oy_a000000253103,true,KRW
prod_oy_a000000253401,뭐바를래,42000,/products/prod_oy_a000000253401,true,KRW
prod_oy_a000000253622,뭐바를래,23900,/products/prod_oy_a000000253622,true,KRW
prod_oy_a000000253635,뭐바를래,40000,/products/prod_oy_a000000253635,true,KRW
prod_oy_a000000254295,뭐바를래,26000,/products/prod_oy_a000000254295,true,KRW
prod_oy_a000000254331,뭐바를래,55700,/products/prod_oy_a000000254331,true,KRW
prod_oy_a000000254438,뭐바를래,5900,/products/prod_oy_a000000254438,true,KRW
prod_oy_a000000254553,뭐바를래,5900,/products/prod_oy_a000000254553,true,KRW
prod_oy_a000000254644,뭐바를래,34000,/products/prod_oy_a000000254644,true,KRW
prod_oy_a000000254712,뭐바를래,37500,/products/prod_oy_a000000254712,true,KRW
prod_oy_a000000254728,뭐바를래,24900,/products/prod_oy_a000000254728,true,KRW
prod_oy_a000000254803,뭐바를래,17900,/products/prod_oy_a000000254803,true,KRW
prod_oy_a000000255069,뭐바를래,28800,/products/prod_oy_a000000255069,true,KRW
prod_oy_a000000255167,뭐바를래,30000,/products/prod_oy_a000000255167,true,KRW
prod_oy_a000000255708,뭐바를래,27800,/products/prod_oy_a000000255708,true,KRW
prod_oy_a000000256080,뭐바를래,20400,/products/prod_oy_a000000256080,true,KRW
prod_oy_a000000256092,뭐바를래,21900,/products/prod_oy_a000000256092,true,KRW
prod_oy_a000000257152,뭐바를래,99500,/products/prod_oy_a000000257152,true,KRW
prod_oy_a000000257373,뭐바를래,34800,/products/prod_oy_a000000257373,true,KRW
prod_oy_a000000258068,뭐바를래,65700,/products/prod_oy_a000000258068,true,KRW
prod_oy_a000000258189,뭐바를래,19900,/products/prod_oy_a000000258189,true,KRW
prod_oy_a000000258472,뭐바를래,26900,/products/prod_oy_a000000258472,true,KRW
prod_oy_a000000260016,뭐바를래,24160,/products/prod_oy_a000000260016,true,KRW
prod_oy_b000000187882,뭐바를래,26900,/products/prod_oy_b000000187882,true,KRW
prod_oy_b000000187885,뭐바를래,26900,/products/prod_oy_b000000187885,true,KRW
prod_oy_b000000187886,뭐바를래,26900,/products/prod_oy_b000000187886,true,KRW
prod_oy_a000000230206,뭐바를래,28910,/products/prod_oy_a000000230206,true,KRW
prod_oy_a000000255068,뭐바를래,25400,/products/prod_oy_a000000255068,true,KRW
prod_oy_a000000229480,뭐바를래,32000,/products/prod_oy_a000000229480,true,KRW
prod_oy_a000000254064,뭐바를래,29000,/products/prod_oy_a000000254064,true,KRW
prod_oy_a000000170312,뭐바를래,14900,/products/prod_oy_a000000170312,true,KRW
prod_oy_a000000231453,뭐바를래,22400,/products/prod_oy_a000000231453,true,KRW
prod_oy_a000000251899,뭐바를래,32600,/products/prod_oy_a000000251899,true,KRW
prod_oy_a000000232961,뭐바를래,12300,/products/prod_oy_a000000232961,true,KRW
prod_oy_a000000224093,뭐바를래,21000,/products/prod_oy_a000000224093,true,KRW
prod_oy_a000000141711,뭐바를래,8400,/products/prod_oy_a000000141711,true,KRW
prod_oy_a000000147077,뭐바를래,8900,/products/prod_oy_a000000147077,true,KRW
prod_oy_a000000104151,뭐바를래,36000,/products/prod_oy_a000000104151,true,KRW
prod_oy_a000000122928,뭐바를래,19800,/products/prod_oy_a000000122928,true,KRW
prod_oy_a000000130949,뭐바를래,21900,/products/prod_oy_a000000130949,true,KRW
prod_oy_a000000136976,뭐바를래,46000,/products/prod_oy_a000000136976,true,KRW
prod_oy_a000000139561,뭐바를래,32000,/products/prod_oy_a000000139561,true,KRW
prod_oy_a000000141033,뭐바를래,28000,/products/prod_oy_a000000141033,true,KRW
prod_oy_a000000141306,뭐바를래,11800,/products/prod_oy_a000000141306,true,KRW
prod_oy_a000000141324,뭐바를래,31100,/products/prod_oy_a000000141324,true,KRW
prod_oy_a000000141710,뭐바를래,22800,/products/prod_oy_a000000141710,true,KRW
prod_oy_a000000144034,뭐바를래,85000,/products/prod_oy_a000000144034,true,KRW
prod_oy_a000000144177,뭐바를래,18620,/products/prod_oy_a000000144177,true,KRW
prod_oy_a000000144810,뭐바를래,26000,/products/prod_oy_a000000144810,true,KRW
prod_oy_a000000144848,뭐바를래,34000,/products/prod_oy_a000000144848,true,KRW
prod_oy_a000000149959,뭐바를래,25400,/products/prod_oy_a000000149959,true,KRW
prod_oy_a000000150756,뭐바를래,44000,/products/prod_oy_a000000150756,true,KRW
prod_oy_a000000154626,뭐바를래,107730,/products/prod_oy_a000000154626,true,KRW
prod_oy_a000000155193,뭐바를래,17900,/products/prod_oy_a000000155193,true,KRW
prod_oy_a000000155321,뭐바를래,15000,/products/prod_oy_a000000155321,true,KRW
prod_oy_a000000156147,뭐바를래,23000,/products/prod_oy_a000000156147,true,KRW
prod_oy_a000000156327,뭐바를래,16800,/products/prod_oy_a000000156327,true,KRW
prod_oy_a000000156776,뭐바를래,43000,/products/prod_oy_a000000156776,true,KRW
prod_oy_a000000158305,뭐바를래,10780,/products/prod_oy_a000000158305,true,KRW
prod_oy_a000000158310,뭐바를래,35000,/products/prod_oy_a000000158310,true,KRW
prod_oy_a000000159596,뭐바를래,41900,/products/prod_oy_a000000159596,true,KRW
prod_oy_a000000162308,뭐바를래,31500,/products/prod_oy_a000000162308,true,KRW
prod_oy_a000000162387,뭐바를래,24700,/products/prod_oy_a000000162387,true,KRW
prod_oy_a000000162980,뭐바를래,32000,/products/prod_oy_a000000162980,true,KRW
prod_oy_a000000163688,뭐바를래,20800,/products/prod_oy_a000000163688,true,KRW
prod_oy_a000000165562,뭐바를래,52000,/products/prod_oy_a000000165562,true,KRW
prod_oy_a000000166511,뭐바를래,19900,/products/prod_oy_a000000166511,true,KRW
prod_oy_a000000170383,뭐바를래,30000,/products/prod_oy_a000000170383,true,KRW
prod_oy_a000000170928,뭐바를래,37500,/products/prod_oy_a000000170928,true,KRW
prod_oy_a000000176956,뭐바를래,99000,/products/prod_oy_a000000176956,true,KRW
prod_oy_a000000178077,뭐바를래,60000,/products/prod_oy_a000000178077,true,KRW
prod_oy_a000000178993,뭐바를래,44900,/products/prod_oy_a000000178993,true,KRW
prod_oy_a000000179256,뭐바를래,34000,/products/prod_oy_a000000179256,true,KRW
prod_oy_a000000182480,뭐바를래,37000,/products/prod_oy_a000000182480,true,KRW
prod_oy_a000000185094,뭐바를래,28000,/products/prod_oy_a000000185094,true,KRW
prod_oy_a000000185313,뭐바를래,27000,/products/prod_oy_a000000185313,true,KRW
prod_oy_a000000187040,뭐바를래,37900,/products/prod_oy_a000000187040,true,KRW
prod_oy_a000000187871,뭐바를래,28000,/products/prod_oy_a000000187871,true,KRW
prod_oy_a000000187872,뭐바를래,29000,/products/prod_oy_a000000187872,true,KRW
prod_oy_a000000188005,뭐바를래,18200,/products/prod_oy_a000000188005,true,KRW
prod_oy_a000000188087,뭐바를래,32000,/products/prod_oy_a000000188087,true,KRW
prod_oy_a000000189015,뭐바를래,35000,/products/prod_oy_a000000189015,true,KRW
prod_oy_a000000189713,뭐바를래,52000,/products/prod_oy_a000000189713,true,KRW
prod_oy_a000000189766,뭐바를래,28000,/products/prod_oy_a000000189766,true,KRW
prod_oy_a000000189772,뭐바를래,17400,/products/prod_oy_a000000189772,true,KRW
prod_oy_a000000190738,뭐바를래,75000,/products/prod_oy_a000000190738,true,KRW
prod_oy_a000000191387,뭐바를래,32000,/products/prod_oy_a000000191387,true,KRW
prod_oy_a000000192104,뭐바를래,29900,/products/prod_oy_a000000192104,true,KRW
prod_oy_a000000195739,뭐바를래,23000,/products/prod_oy_a000000195739,true,KRW
prod_oy_a000000197661,뭐바를래,20900,/products/prod_oy_a000000197661,true,KRW
prod_oy_a000000198424,뭐바를래,33000,/products/prod_oy_a000000198424,true,KRW
prod_oy_a000000199277,뭐바를래,35000,/products/prod_oy_a000000199277,true,KRW
prod_oy_a000000199472,뭐바를래,54600,/products/prod_oy_a000000199472,true,KRW
prod_oy_a000000199722,뭐바를래,29620,/products/prod_oy_a000000199722,true,KRW
prod_oy_a000000199723,뭐바를래,39500,/products/prod_oy_a000000199723,true,KRW
prod_oy_a000000200533,뭐바를래,32000,/products/prod_oy_a000000200533,true,KRW
prod_oy_a000000200663,뭐바를래,28000,/products/prod_oy_a000000200663,true,KRW
prod_oy_a000000201152,뭐바를래,27900,/products/prod_oy_a000000201152,true,KRW
prod_oy_a000000201753,뭐바를래,26200,/products/prod_oy_a000000201753,true,KRW
prod_oy_a000000202437,뭐바를래,19900,/products/prod_oy_a000000202437,true,KRW
prod_oy_a000000203589,뭐바를래,26000,/products/prod_oy_a000000203589,true,KRW
prod_oy_a000000203789,뭐바를래,31920,/products/prod_oy_a000000203789,true,KRW
prod_oy_a000000204075,뭐바를래,25000,/products/prod_oy_a000000204075,true,KRW
prod_oy_a000000204162,뭐바를래,14800,/products/prod_oy_a000000204162,true,KRW
prod_oy_a000000204169,뭐바를래,19800,/products/prod_oy_a000000204169,true,KRW
prod_oy_a000000204578,뭐바를래,25900,/products/prod_oy_a000000204578,true,KRW
prod_oy_a000000204638,뭐바를래,65700,/products/prod_oy_a000000204638,true,KRW
prod_oy_a000000205864,뭐바를래,19600,/products/prod_oy_a000000205864,true,KRW
prod_oy_a000000206821,뭐바를래,39900,/products/prod_oy_a000000206821,true,KRW
prod_oy_a000000206921,뭐바를래,25900,/products/prod_oy_a000000206921,true,KRW
prod_oy_a000000206961,뭐바를래,22400,/products/prod_oy_a000000206961,true,KRW
prod_oy_a000000206967,뭐바를래,59200,/products/prod_oy_a000000206967,true,KRW
prod_oy_a000000207750,뭐바를래,17600,/products/prod_oy_a000000207750,true,KRW
prod_oy_a000000208056,뭐바를래,14700,/products/prod_oy_a000000208056,true,KRW
prod_oy_a000000208680,뭐바를래,38000,/products/prod_oy_a000000208680,true,KRW
prod_oy_a000000208735,뭐바를래,28600,/products/prod_oy_a000000208735,true,KRW
prod_oy_a000000208780,뭐바를래,40000,/products/prod_oy_a000000208780,true,KRW
prod_oy_a000000208911,뭐바를래,23900,/products/prod_oy_a000000208911,true,KRW
prod_oy_a000000209640,뭐바를래,22000,/products/prod_oy_a000000209640,true,KRW
prod_oy_a000000209830,뭐바를래,20900,/products/prod_oy_a000000209830,true,KRW
prod_oy_a000000210681,뭐바를래,19000,/products/prod_oy_a000000210681,true,KRW
prod_oy_a000000212756,뭐바를래,27900,/products/prod_oy_a000000212756,true,KRW
prod_oy_a000000213146,뭐바를래,29900,/products/prod_oy_a000000213146,true,KRW
prod_oy_a000000213152,뭐바를래,9900,/products/prod_oy_a000000213152,true,KRW
prod_oy_a000000213283,뭐바를래,20820,/products/prod_oy_a000000213283,true,KRW
prod_oy_a000000213285,뭐바를래,16070,/products/prod_oy_a000000213285,true,KRW
prod_oy_a000000213287,뭐바를래,16070,/products/prod_oy_a000000213287,true,KRW
prod_oy_a000000213410,뭐바를래,20830,/products/prod_oy_a000000213410,true,KRW
prod_oy_a000000213411,뭐바를래,29500,/products/prod_oy_a000000213411,true,KRW
prod_oy_a000000213547,뭐바를래,18000,/products/prod_oy_a000000213547,true,KRW
prod_oy_a000000214272,뭐바를래,36750,/products/prod_oy_a000000214272,true,KRW
prod_oy_a000000215212,뭐바를래,28000,/products/prod_oy_a000000215212,true,KRW
prod_oy_a000000215561,뭐바를래,39900,/products/prod_oy_a000000215561,true,KRW
prod_oy_a000000217292,뭐바를래,51300,/products/prod_oy_a000000217292,true,KRW
prod_oy_a000000219128,뭐바를래,39800,/products/prod_oy_a000000219128,true,KRW
prod_oy_a000000219528,뭐바를래,35000,/products/prod_oy_a000000219528,true,KRW
prod_oy_a000000219603,뭐바를래,41000,/products/prod_oy_a000000219603,true,KRW
prod_oy_a000000222321,뭐바를래,50000,/products/prod_oy_a000000222321,true,KRW
prod_oy_a000000222907,뭐바를래,22500,/products/prod_oy_a000000222907,true,KRW
prod_oy_a000000223619,뭐바를래,28900,/products/prod_oy_a000000223619,true,KRW
prod_oy_a000000224110,뭐바를래,37500,/products/prod_oy_a000000224110,true,KRW
prod_oy_a000000224325,뭐바를래,23000,/products/prod_oy_a000000224325,true,KRW
prod_oy_a000000224647,뭐바를래,35900,/products/prod_oy_a000000224647,true,KRW
prod_oy_a000000225178,뭐바를래,39520,/products/prod_oy_a000000225178,true,KRW
prod_oy_a000000225481,뭐바를래,19900,/products/prod_oy_a000000225481,true,KRW
prod_oy_a000000225604,뭐바를래,28900,/products/prod_oy_a000000225604,true,KRW
prod_oy_a000000225616,뭐바를래,21000,/products/prod_oy_a000000225616,true,KRW
prod_oy_a000000226568,뭐바를래,19900,/products/prod_oy_a000000226568,true,KRW
prod_oy_a000000226952,뭐바를래,59000,/products/prod_oy_a000000226952,true,KRW
prod_oy_a000000227984,뭐바를래,28800,/products/prod_oy_a000000227984,true,KRW
prod_oy_a000000228888,뭐바를래,17250,/products/prod_oy_a000000228888,true,KRW
prod_oy_a000000229219,뭐바를래,100400,/products/prod_oy_a000000229219,true,KRW
prod_oy_a000000229225,뭐바를래,37400,/products/prod_oy_a000000229225,true,KRW
prod_oy_a000000229489,뭐바를래,53550,/products/prod_oy_a000000229489,true,KRW
prod_oy_a000000229494,뭐바를래,42500,/products/prod_oy_a000000229494,true,KRW
prod_oy_a000000229964,뭐바를래,34000,/products/prod_oy_a000000229964,true,KRW
prod_oy_a000000231076,뭐바를래,22000,/products/prod_oy_a000000231076,true,KRW
prod_oy_a000000231084,뭐바를래,33900,/products/prod_oy_a000000231084,true,KRW
prod_oy_a000000231116,뭐바를래,13000,/products/prod_oy_a000000231116,true,KRW
prod_oy_a000000231778,뭐바를래,39500,/products/prod_oy_a000000231778,true,KRW
prod_oy_a000000232047,뭐바를래,32900,/products/prod_oy_a000000232047,true,KRW
prod_oy_a000000232355,뭐바를래,49900,/products/prod_oy_a000000232355,true,KRW
prod_oy_a000000232991,뭐바를래,30400,/products/prod_oy_a000000232991,true,KRW
prod_oy_a000000235175,뭐바를래,38000,/products/prod_oy_a000000235175,true,KRW
prod_oy_a000000235247,뭐바를래,29900,/products/prod_oy_a000000235247,true,KRW
prod_oy_a000000236420,뭐바를래,49900,/products/prod_oy_a000000236420,true,KRW
prod_oy_a000000236422,뭐바를래,42500,/products/prod_oy_a000000236422,true,KRW
prod_oy_a000000236434,뭐바를래,155830,/products/prod_oy_a000000236434,true,KRW
prod_oy_a000000236642,뭐바를래,54600,/products/prod_oy_a000000236642,true,KRW
prod_oy_a000000243620,뭐바를래,25900,/products/prod_oy_a000000243620,true,KRW
prod_oy_a000000244897,뭐바를래,3900,/products/prod_oy_a000000244897,true,KRW
prod_oy_a000000245471,뭐바를래,27900,/products/prod_oy_a000000245471,true,KRW
prod_oy_a000000245636,뭐바를래,29900,/products/prod_oy_a000000245636,true,KRW
prod_oy_a000000245639,뭐바를래,19800,/products/prod_oy_a000000245639,true,KRW
prod_oy_a000000246123,뭐바를래,12000,/products/prod_oy_a000000246123,true,KRW
prod_oy_a000000247770,뭐바를래,57500,/products/prod_oy_a000000247770,true,KRW
prod_oy_a000000247774,뭐바를래,31500,/products/prod_oy_a000000247774,true,KRW
prod_oy_a000000249969,뭐바를래,28900,/products/prod_oy_a000000249969,true,KRW
prod_oy_a000000250099,뭐바를래,39500,/products/prod_oy_a000000250099,true,KRW
prod_oy_a000000250345,뭐바를래,33900,/products/prod_oy_a000000250345,true,KRW
prod_oy_a000000250476,뭐바를래,22900,/products/prod_oy_a000000250476,true,KRW
prod_oy_a000000250859,뭐바를래,52500,/products/prod_oy_a000000250859,true,KRW
prod_oy_a000000253729,뭐바를래,40900,/products/prod_oy_a000000253729,true,KRW
prod_oy_a000000255786,뭐바를래,14900,/products/prod_oy_a000000255786,true,KRW
prod_oy_a000000257709,뭐바를래,27900,/products/prod_oy_a000000257709,true,KRW
prod_oy_a000000258298,뭐바를래,22000,/products/prod_oy_a000000258298,true,KRW
prod_oy_a000000259297,뭐바를래,48000,/products/prod_oy_a000000259297,true,KRW
prod_oy_a000000260018,뭐바를래,24160,/products/prod_oy_a000000260018,true,KRW
prod_oy_a000000222833,뭐바를래,26700,/products/prod_oy_a000000222833,true,KRW
prod_oy_a000000224292,뭐바를래,38100,/products/prod_oy_a000000224292,true,KRW
prod_oy_a000000192782,뭐바를래,22330,/products/prod_oy_a000000192782,true,KRW
prod_oy_a000000257827,뭐바를래,38100,/products/prod_oy_a000000257827,true,KRW
prod_oy_a000000255752,뭐바를래,25900,/products/prod_oy_a000000255752,true,KRW
prod_oy_a000000206904,뭐바를래,35060,/products/prod_oy_a000000206904,true,KRW
prod_oy_a000000224581,뭐바를래,24800,/products/prod_oy_a000000224581,true,KRW
prod_oy_a000000235068,뭐바를래,26500,/products/prod_oy_a000000235068,true,KRW
prod_oy_a000000255326,뭐바를래,29500,/products/prod_oy_a000000255326,true,KRW
prod_oy_a000000253592,뭐바를래,21900,/products/prod_oy_a000000253592,true,KRW
prod_oy_a000000256048,뭐바를래,29400,/products/prod_oy_a000000256048,true,KRW
prod_oy_a000000231590,뭐바를래,36000,/products/prod_oy_a000000231590,true,KRW
prod_oy_a000000231833,뭐바를래,19500,/products/prod_oy_a000000231833,true,KRW
prod_oy_a000000244953,뭐바를래,41600,/products/prod_oy_a000000244953,true,KRW
prod_oy_a000000226553,뭐바를래,17100,/products/prod_oy_a000000226553,true,KRW
prod_oy_a000000245087,뭐바를래,24500,/products/prod_oy_a000000245087,true,KRW
prod_oy_a000000255244,뭐바를래,25900,/products/prod_oy_a000000255244,true,KRW
prod_oy_a000000244987,뭐바를래,24900,/products/prod_oy_a000000244987,true,KRW
prod_oy_a000000250472,뭐바를래,20300,/products/prod_oy_a000000250472,true,KRW
prod_oy_a000000258831,뭐바를래,26500,/products/prod_oy_a000000258831,true,KRW
prod_oy_a000000230799,뭐바를래,36800,/products/prod_oy_a000000230799,true,KRW
prod_oy_a000000199701,뭐바를래,39900,/products/prod_oy_a000000199701,true,KRW
prod_oy_a000000134691,뭐바를래,31000,/products/prod_oy_a000000134691,true,KRW
prod_oy_a000000239660,뭐바를래,23900,/products/prod_oy_a000000239660,true,KRW
prod_oy_a000000252191,뭐바를래,35900,/products/prod_oy_a000000252191,true,KRW
prod_oy_a000000222882,뭐바를래,27300,/products/prod_oy_a000000222882,true,KRW
prod_oy_a000000248826,뭐바를래,23800,/products/prod_oy_a000000248826,true,KRW
prod_oy_a000000171829,뭐바를래,38400,/products/prod_oy_a000000171829,true,KRW
prod_oy_a000000218592,뭐바를래,34900,/products/prod_oy_a000000218592,true,KRW
prod_oy_a000000255677,뭐바를래,31500,/products/prod_oy_a000000255677,true,KRW
prod_oy_a000000216509,뭐바를래,24500,/products/prod_oy_a000000216509,true,KRW
prod_oy_a000000259039,뭐바를래,21400,/products/prod_oy_a000000259039,true,KRW
prod_oy_a000000255721,뭐바를래,39000,/products/prod_oy_a000000255721,true,KRW
prod_oy_a000000192405,뭐바를래,23200,/products/prod_oy_a000000192405,true,KRW
prod_oy_a000000258935,뭐바를래,24200,/products/prod_oy_a000000258935,true,KRW
prod_oy_a000000228257,뭐바를래,8000,/products/prod_oy_a000000228257,true,KRW
prod_oy_a000000249211,뭐바를래,28500,/products/prod_oy_a000000249211,true,KRW
prod_oy_a000000204949,뭐바를래,34900,/products/prod_oy_a000000204949,true,KRW
prod_oy_a000000209747,뭐바를래,27000,/products/prod_oy_a000000209747,true,KRW
prod_oy_a000000229768,뭐바를래,22900,/products/prod_oy_a000000229768,true,KRW
prod_oy_a000000232304,뭐바를래,45000,/products/prod_oy_a000000232304,true,KRW
prod_oy_a000000184198,뭐바를래,37900,/products/prod_oy_a000000184198,true,KRW
prod_oy_a000000257713,뭐바를래,42900,/products/prod_oy_a000000257713,true,KRW
prod_oy_a000000225277,뭐바를래,37240,/products/prod_oy_a000000225277,true,KRW
prod_oy_a000000248200,뭐바를래,36900,/products/prod_oy_a000000248200,true,KRW
prod_oy_a000000231589,뭐바를래,38000,/products/prod_oy_a000000231589,true,KRW
prod_oy_a000000219716,뭐바를래,21500,/products/prod_oy_a000000219716,true,KRW
prod_oy_a000000233614,뭐바를래,28000,/products/prod_oy_a000000233614,true,KRW
prod_oy_a000000231978,뭐바를래,27500,/products/prod_oy_a000000231978,true,KRW
prod_oy_a000000200356,뭐바를래,41600,/products/prod_oy_a000000200356,true,KRW
prod_oy_a000000179129,뭐바를래,16890,/products/prod_oy_a000000179129,true,KRW
prod_oy_a000000258038,뭐바를래,24200,/products/prod_oy_a000000258038,true,KRW
prod_oy_a000000190369,뭐바를래,26900,/products/prod_oy_a000000190369,true,KRW
prod_oy_a000000250254,뭐바를래,26790,/products/prod_oy_a000000250254,true,KRW
prod_oy_a000000182685,뭐바를래,25200,/products/prod_oy_a000000182685,true,KRW
prod_oy_a000000260462,뭐바를래,24900,/products/prod_oy_a000000260462,true,KRW
prod_oy_a000000254067,뭐바를래,38000,/products/prod_oy_a000000254067,true,KRW
prod_oy_a000000256802,뭐바를래,17900,/products/prod_oy_a000000256802,true,KRW
prod_oy_a000000229593,뭐바를래,30900,/products/prod_oy_a000000229593,true,KRW
prod_oy_a000000224727,뭐바를래,18900,/products/prod_oy_a000000224727,true,KRW
prod_oy_a000000224917,뭐바를래,29900,/products/prod_oy_a000000224917,true,KRW
prod_oy_a000000183498,뭐바를래,19900,/products/prod_oy_a000000183498,true,KRW
prod_oy_a000000240908,뭐바를래,25000,/products/prod_oy_a000000240908,true,KRW
prod_oy_a000000204600,뭐바를래,24900,/products/prod_oy_a000000204600,true,KRW
prod_oy_a000000211213,뭐바를래,24800,/products/prod_oy_a000000211213,true,KRW
prod_oy_a000000145333,뭐바를래,28000,/products/prod_oy_a000000145333,true,KRW
prod_oy_a000000183713,뭐바를래,24000,/products/prod_oy_a000000183713,true,KRW
prod_oy_a000000172453,뭐바를래,39000,/products/prod_oy_a000000172453,true,KRW
prod_oy_a000000258830,뭐바를래,20900,/products/prod_oy_a000000258830,true,KRW
prod_oy_a000000128084,뭐바를래,27000,/products/prod_oy_a000000128084,true,KRW
prod_oy_a000000174316,뭐바를래,27000,/products/prod_oy_a000000174316,true,KRW
prod_oy_a000000256365,뭐바를래,27000,/products/prod_oy_a000000256365,true,KRW
prod_oy_a000000259494,뭐바를래,25900,/products/prod_oy_a000000259494,true,KRW
prod_oy_a000000251494,뭐바를래,46000,/products/prod_oy_a000000251494,true,KRW
prod_oy_a000000212570,뭐바를래,45500,/products/prod_oy_a000000212570,true,KRW
prod_oy_a000000255273,뭐바를래,45000,/products/prod_oy_a000000255273,true,KRW
prod_oy_a000000255744,뭐바를래,25000,/products/prod_oy_a000000255744,true,KRW
prod_oy_a000000251937,뭐바를래,18750,/products/prod_oy_a000000251937,true,KRW
prod_oy_a000000180543,뭐바를래,18700,/products/prod_oy_a000000180543,true,KRW
prod_oy_a000000255342,뭐바를래,88920,/products/prod_oy_a000000255342,true,KRW
prod_oy_a000000231632,뭐바를래,21000,/products/prod_oy_a000000231632,true,KRW
prod_oy_a000000187127,뭐바를래,23900,/products/prod_oy_a000000187127,true,KRW
prod_oy_a000000189248,뭐바를래,24000,/products/prod_oy_a000000189248,true,KRW
prod_oy_a000000206572,뭐바를래,35000,/products/prod_oy_a000000206572,true,KRW
prod_oy_a000000212690,뭐바를래,17100,/products/prod_oy_a000000212690,true,KRW
prod_oy_a000000236508,뭐바를래,31400,/products/prod_oy_a000000236508,true,KRW
prod_oy_a000000178512,뭐바를래,25900,/products/prod_oy_a000000178512,true,KRW
prod_oy_a000000214633,뭐바를래,38900,/products/prod_oy_a000000214633,true,KRW
prod_oy_a000000189170,뭐바를래,79200,/products/prod_oy_a000000189170,true,KRW
prod_oy_a000000254114,뭐바를래,24900,/products/prod_oy_a000000254114,true,KRW
prod_oy_a000000182795,뭐바를래,29900,/products/prod_oy_a000000182795,true,KRW
prod_oy_a000000257193,뭐바를래,20800,/products/prod_oy_a000000257193,true,KRW
prod_oy_a000000198166,뭐바를래,29000,/products/prod_oy_a000000198166,true,KRW
prod_oy_a000000244683,뭐바를래,28900,/products/prod_oy_a000000244683,true,KRW
prod_oy_a000000204308,뭐바를래,28500,/products/prod_oy_a000000204308,true,KRW
prod_oy_a000000228390,뭐바를래,12000,/products/prod_oy_a000000228390,true,KRW
prod_oy_a000000222703,뭐바를래,19500,/products/prod_oy_a000000222703,true,KRW
prod_oy_a000000255729,뭐바를래,35000,/products/prod_oy_a000000255729,true,KRW
prod_oy_a000000189056,뭐바를래,34400,/products/prod_oy_a000000189056,true,KRW
prod_oy_a000000229151,뭐바를래,26900,/products/prod_oy_a000000229151,true,KRW
prod_oy_a000000141321,뭐바를래,14000,/products/prod_oy_a000000141321,true,KRW
prod_oy_a000000229492,뭐바를래,68000,/products/prod_oy_a000000229492,true,KRW
prod_oy_a000000251651,뭐바를래,25900,/products/prod_oy_a000000251651,true,KRW
prod_oy_a000000257543,뭐바를래,25900,/products/prod_oy_a000000257543,true,KRW
prod_oy_a000000199889,뭐바를래,25200,/products/prod_oy_a000000199889,true,KRW
prod_oy_a000000225127,뭐바를래,25000,/products/prod_oy_a000000225127,true,KRW
prod_oy_a000000248363,뭐바를래,20480,/products/prod_oy_a000000248363,true,KRW
prod_oy_a000000214168,뭐바를래,37240,/products/prod_oy_a000000214168,true,KRW
prod_oy_a000000229455,뭐바를래,24210,/products/prod_oy_a000000229455,true,KRW
prod_oy_a000000206212,뭐바를래,19900,/products/prod_oy_a000000206212,true,KRW
prod_oy_a000000231892,뭐바를래,29500,/products/prod_oy_a000000231892,true,KRW
prod_oy_a000000258860,뭐바를래,38900,/products/prod_oy_a000000258860,true,KRW
prod_oy_a000000233337,뭐바를래,22400,/products/prod_oy_a000000233337,true,KRW
prod_oy_a000000191715,뭐바를래,37910,/products/prod_oy_a000000191715,true,KRW
prod_oy_a000000118797,뭐바를래,37800,/products/prod_oy_a000000118797,true,KRW
prod_oy_a000000242515,뭐바를래,27900,/products/prod_oy_a000000242515,true,KRW
prod_oy_a000000192300,뭐바를래,21900,/products/prod_oy_a000000192300,true,KRW
prod_oy_a000000230877,뭐바를래,27000,/products/prod_oy_a000000230877,true,KRW
prod_oy_a000000186457,뭐바를래,36000,/products/prod_oy_a000000186457,true,KRW
prod_oy_a000000249736,뭐바를래,36000,/products/prod_oy_a000000249736,true,KRW
prod_oy_a000000147109,뭐바를래,35000,/products/prod_oy_a000000147109,true,KRW
prod_oy_a000000150145,뭐바를래,35000,/products/prod_oy_a000000150145,true,KRW
prod_oy_a000000253623,뭐바를래,34900,/products/prod_oy_a000000253623,true,KRW
prod_oy_a000000247578,뭐바를래,25560,/products/prod_oy_a000000247578,true,KRW
prod_oy_a000000188950,뭐바를래,34300,/products/prod_oy_a000000188950,true,KRW
prod_oy_a000000232494,뭐바를래,25000,/products/prod_oy_a000000232494,true,KRW
prod_oy_a000000236996,뭐바를래,19600,/products/prod_oy_a000000236996,true,KRW
prod_oy_a000000217355,뭐바를래,19550,/products/prod_oy_a000000217355,true,KRW
prod_oy_a000000251729,뭐바를래,103500,/products/prod_oy_a000000251729,true,KRW
prod_oy_a000000158038,뭐바를래,24500,/products/prod_oy_a000000158038,true,KRW
prod_oy_a000000176951,뭐바를래,32800,/products/prod_oy_a000000176951,true,KRW
prod_oy_a000000254760,뭐바를래,99000,/products/prod_oy_a000000254760,true,KRW
prod_oy_a000000208331,뭐바를래,23400,/products/prod_oy_a000000208331,true,KRW
prod_oy_a000000259386,뭐바를래,31500,/products/prod_oy_a000000259386,true,KRW
prod_oy_a000000254006,뭐바를래,29900,/products/prod_oy_a000000254006,true,KRW
prod_oy_a000000213383,뭐바를래,44100,/products/prod_oy_a000000213383,true,KRW
prod_oy_a000000215363,뭐바를래,28900,/products/prod_oy_a000000215363,true,KRW
prod_oy_a000000150094,뭐바를래,20800,/products/prod_oy_a000000150094,true,KRW
prod_oy_a000000237442,뭐바를래,27800,/products/prod_oy_a000000237442,true,KRW
prod_oy_a000000199714,뭐바를래,38000,/products/prod_oy_a000000199714,true,KRW
prod_oy_a000000210495,뭐바를래,26700,/products/prod_oy_a000000210495,true,KRW
prod_oy_a000000163496,뭐바를래,19500,/products/prod_oy_a000000163496,true,KRW
prod_oy_a000000247713,뭐바를래,19200,/products/prod_oy_a000000247713,true,KRW
prod_oy_a000000244830,뭐바를래,26030,/products/prod_oy_a000000244830,true,KRW
prod_oy_a000000156230,뭐바를래,18900,/products/prod_oy_a000000156230,true,KRW
prod_oy_a000000229776,뭐바를래,18900,/products/prod_oy_a000000229776,true,KRW
prod_oy_a000000241952,뭐바를래,18750,/products/prod_oy_a000000241952,true,KRW
prod_oy_a000000118803,뭐바를래,78900,/products/prod_oy_a000000118803,true,KRW
prod_oy_a000000240056,뭐바를래,14490,/products/prod_oy_a000000240056,true,KRW
prod_oy_a000000179154,뭐바를래,25000,/products/prod_oy_a000000179154,true,KRW
prod_oy_a000000250106,뭐바를래,25000,/products/prod_oy_a000000250106,true,KRW
prod_oy_a000000200145,뭐바를래,24800,/products/prod_oy_a000000200145,true,KRW
prod_oy_a000000227664,뭐바를래,24500,/products/prod_oy_a000000227664,true,KRW
prod_oy_a000000144843,뭐바를래,24000,/products/prod_oy_a000000144843,true,KRW
prod_oy_a000000258296,뭐바를래,24000,/products/prod_oy_a000000258296,true,KRW
prod_oy_a000000218756,뭐바를래,23900,/products/prod_oy_a000000218756,true,KRW
prod_oy_a000000210973,뭐바를래,36000,/products/prod_oy_a000000210973,true,KRW
prod_oy_a000000225180,뭐바를래,23000,/products/prod_oy_a000000225180,true,KRW
prod_oy_a000000169480,뭐바를래,35000,/products/prod_oy_a000000169480,true,KRW
prod_oy_a000000216291,뭐바를래,35000,/products/prod_oy_a000000216291,true,KRW
prod_oy_a000000184624,뭐바를래,71040,/products/prod_oy_a000000184624,true,KRW
prod_oy_a000000244812,뭐바를래,34200,/products/prod_oy_a000000244812,true,KRW
prod_oy_a000000163689,뭐바를래,22000,/products/prod_oy_a000000163689,true,KRW
prod_oy_a000000182584,뭐바를래,32900,/products/prod_oy_a000000182584,true,KRW
prod_oy_a000000256038,뭐바를래,21000,/products/prod_oy_a000000256038,true,KRW
prod_oy_a000000257828,뭐바를래,21000,/products/prod_oy_a000000257828,true,KRW
prod_oy_a000000244994,뭐바를래,32000,/products/prod_oy_a000000244994,true,KRW
prod_oy_a000000199404,뭐바를래,20700,/products/prod_oy_a000000199404,true,KRW
prod_oy_a000000162356,뭐바를래,31500,/products/prod_oy_a000000162356,true,KRW
prod_oy_a000000145285,뭐바를래,31020,/products/prod_oy_a000000145285,true,KRW
prod_oy_a000000161804,뭐바를래,31000,/products/prod_oy_a000000161804,true,KRW
prod_oy_a000000224147,뭐바를래,62900,/products/prod_oy_a000000224147,true,KRW
prod_oy_a000000180075,뭐바를래,19900,/products/prod_oy_a000000180075,true,KRW
prod_oy_a000000186131,뭐바를래,19900,/products/prod_oy_a000000186131,true,KRW
prod_oy_a000000231800,뭐바를래,19710,/products/prod_oy_a000000231800,true,KRW
prod_oy_a000000002848,뭐바를래,30000,/products/prod_oy_a000000002848,true,KRW
prod_oy_a000000125012,뭐바를래,30000,/products/prod_oy_a000000125012,true,KRW
prod_oy_a000000257128,뭐바를래,30000,/products/prod_oy_a000000257128,true,KRW
prod_oy_a000000251178,뭐바를래,29500,/products/prod_oy_a000000251178,true,KRW
prod_oy_a000000213409,뭐바를래,19130,/products/prod_oy_a000000213409,true,KRW
prod_oy_a000000190051,뭐바를래,28500,/products/prod_oy_a000000190051,true,KRW
prod_oy_a000000230515,뭐바를래,28500,/products/prod_oy_a000000230515,true,KRW
prod_oy_a000000145331,뭐바를래,28000,/products/prod_oy_a000000145331,true,KRW
prod_oy_a000000157285,뭐바를래,57000,/products/prod_oy_a000000157285,true,KRW
prod_oy_a000000185121,뭐바를래,27300,/products/prod_oy_a000000185121,true,KRW
prod_oy_a000000204882,뭐바를래,27200,/products/prod_oy_a000000204882,true,KRW
prod_oy_a000000234384,뭐바를래,17600,/products/prod_oy_a000000234384,true,KRW
prod_oy_a000000238929,뭐바를래,26900,/products/prod_oy_a000000238929,true,KRW
prod_oy_a000000209826,뭐바를래,26000,/products/prod_oy_a000000209826,true,KRW
prod_oy_a000000211188,뭐바를래,25900,/products/prod_oy_a000000211188,true,KRW
prod_oy_a000000224499,뭐바를래,25900,/products/prod_oy_a000000224499,true,KRW
prod_oy_a000000250191,뭐바를래,52920,/products/prod_oy_a000000250191,true,KRW
prod_oy_a000000250781,뭐바를래,52800,/products/prod_oy_a000000250781,true,KRW
prod_oy_a000000233192,뭐바를래,25200,/products/prod_oy_a000000233192,true,KRW
prod_oy_a000000219391,뭐바를래,24700,/products/prod_oy_a000000219391,true,KRW
prod_oy_a000000225409,뭐바를래,15900,/products/prod_oy_a000000225409,true,KRW
prod_oy_a000000238669,뭐바를래,24500,/products/prod_oy_a000000238669,true,KRW
prod_oy_a000000177794,뭐바를래,50000,/products/prod_oy_a000000177794,true,KRW
prod_oy_a000000258295,뭐바를래,24000,/products/prod_oy_a000000258295,true,KRW
prod_oy_a000000230344,뭐바를래,23460,/products/prod_oy_a000000230344,true,KRW
prod_oy_a000000258315,뭐바를래,22800,/products/prod_oy_a000000258315,true,KRW
prod_oy_a000000208493,뭐바를래,45500,/products/prod_oy_a000000208493,true,KRW
prod_oy_a000000224027,뭐바를래,21900,/products/prod_oy_a000000224027,true,KRW
prod_oy_a000000208491,뭐바를래,45000,/products/prod_oy_a000000208491,true,KRW
prod_oy_a000000228255,뭐바를래,7600,/products/prod_oy_a000000228255,true,KRW
prod_oy_a000000163254,뭐바를래,21000,/products/prod_oy_a000000163254,true,KRW
prod_oy_a000000200666,뭐바를래,21000,/products/prod_oy_a000000200666,true,KRW
prod_oy_a000000257712,뭐바를래,42900,/products/prod_oy_a000000257712,true,KRW
prod_oy_a000000211478,뭐바를래,42000,/products/prod_oy_a000000211478,true,KRW
prod_oy_a000000232536,뭐바를래,42000,/products/prod_oy_a000000232536,true,KRW
prod_oy_a000000199155,뭐바를래,19900,/products/prod_oy_a000000199155,true,KRW
prod_oy_a000000243333,뭐바를래,41040,/products/prod_oy_a000000243333,true,KRW
prod_oy_a000000212724,뭐바를래,19600,/products/prod_oy_a000000212724,true,KRW
prod_oy_a000000249165,뭐바를래,40600,/products/prod_oy_a000000249165,true,KRW
prod_oy_a000000214302,뭐바를래,40500,/products/prod_oy_a000000214302,true,KRW
prod_oy_a000000225179,뭐바를래,39520,/products/prod_oy_a000000225179,true,KRW
prod_oy_a000000256432,뭐바를래,39520,/products/prod_oy_a000000256432,true,KRW
prod_oy_a000000170691,뭐바를래,39000,/products/prod_oy_a000000170691,true,KRW
prod_oy_a000000235107,뭐바를래,39000,/products/prod_oy_a000000235107,true,KRW
prod_oy_a000000246299,뭐바를래,39000,/products/prod_oy_a000000246299,true,KRW
prod_oy_a000000234280,뭐바를래,38700,/products/prod_oy_a000000234280,true,KRW
prod_oy_a000000184770,뭐바를래,38000,/products/prod_oy_a000000184770,true,KRW
prod_oy_a000000233382,뭐바를래,18200,/products/prod_oy_a000000233382,true,KRW
prod_oy_a000000245048,뭐바를래,37600,/products/prod_oy_a000000245048,true,KRW
prod_oy_a000000242718,뭐바를래,17900,/products/prod_oy_a000000242718,true,KRW
prod_oy_a000000252197,뭐바를래,37240,/products/prod_oy_a000000252197,true,KRW
prod_oy_a000000198853,뭐바를래,37000,/products/prod_oy_a000000198853,true,KRW
prod_oy_a000000211548,뭐바를래,36900,/products/prod_oy_a000000211548,true,KRW
prod_oy_a000000229785,뭐바를래,17600,/products/prod_oy_a000000229785,true,KRW
prod_oy_a000000203831,뭐바를래,17500,/products/prod_oy_a000000203831,true,KRW
prod_oy_a000000224880,뭐바를래,36400,/products/prod_oy_a000000224880,true,KRW
prod_oy_a000000010471,뭐바를래,36000,/products/prod_oy_a000000010471,true,KRW
prod_oy_a000000229093,뭐바를래,36000,/products/prod_oy_a000000229093,true,KRW
prod_oy_a000000249895,뭐바를래,35900,/products/prod_oy_a000000249895,true,KRW
prod_oy_a000000188570,뭐바를래,17000,/products/prod_oy_a000000188570,true,KRW
prod_oy_a000000235581,뭐바를래,5900,/products/prod_oy_a000000235581,true,KRW
prod_oy_a000000200133,뭐바를래,35000,/products/prod_oy_a000000200133,true,KRW
prod_oy_a000000230916,뭐바를래,16630,/products/prod_oy_a000000230916,true,KRW
prod_oy_a000000117624,뭐바를래,34300,/products/prod_oy_a000000117624,true,KRW
prod_oy_a000000216580,뭐바를래,34200,/products/prod_oy_a000000216580,true,KRW
prod_oy_a000000145287,뭐바를래,34000,/products/prod_oy_a000000145287,true,KRW
prod_oy_a000000161805,뭐바를래,34000,/products/prod_oy_a000000161805,true,KRW
prod_oy_a000000230917,뭐바를래,34000,/products/prod_oy_a000000230917,true,KRW
prod_oy_a000000251453,뭐바를래,34000,/products/prod_oy_a000000251453,true,KRW
prod_oy_a000000216405,뭐바를래,16000,/products/prod_oy_a000000216405,true,KRW
prod_oy_a000000185456,뭐바를래,15800,/products/prod_oy_a000000185456,true,KRW
prod_oy_a000000249580,뭐바를래,33000,/products/prod_oy_a000000249580,true,KRW
prod_oy_a000000188495,뭐바를래,32000,/products/prod_oy_a000000188495,true,KRW
prod_oy_a000000221649,뭐바를래,31200,/products/prod_oy_a000000221649,true,KRW
prod_oy_a000000248587,뭐바를래,30400,/products/prod_oy_a000000248587,true,KRW
prod_oy_a000000251231,뭐바를래,30000,/products/prod_oy_a000000251231,true,KRW
prod_oy_a000000209906,뭐바를래,14250,/products/prod_oy_a000000209906,true,KRW
prod_oy_a000000235560,뭐바를래,29900,/products/prod_oy_a000000235560,true,KRW
prod_oy_a000000211109,뭐바를래,29700,/products/prod_oy_a000000211109,true,KRW
prod_oy_a000000258294,뭐바를래,29400,/products/prod_oy_a000000258294,true,KRW
prod_oy_a000000170039,뭐바를래,29000,/products/prod_oy_a000000170039,true,KRW
prod_oy_a000000198199,뭐바를래,29000,/products/prod_oy_a000000198199,true,KRW
prod_oy_a000000211006,뭐바를래,29000,/products/prod_oy_a000000211006,true,KRW
prod_oy_a000000250188,뭐바를래,28350,/products/prod_oy_a000000250188,true,KRW
prod_oy_a000000228346,뭐바를래,28000,/products/prod_oy_a000000228346,true,KRW
prod_oy_a000000243754,뭐바를래,28000,/products/prod_oy_a000000243754,true,KRW
prod_oy_a000000214288,뭐바를래,27900,/products/prod_oy_a000000214288,true,KRW
prod_oy_a000000253621,뭐바를래,27900,/products/prod_oy_a000000253621,true,KRW
prod_oy_a000000210288,뭐바를래,27800,/products/prod_oy_a000000210288,true,KRW
prod_oy_a000000224247,뭐바를래,27800,/products/prod_oy_a000000224247,true,KRW
prod_oy_a000000231399,뭐바를래,27200,/products/prod_oy_a000000231399,true,KRW
prod_oy_a000000242686,뭐바를래,27200,/products/prod_oy_a000000242686,true,KRW
prod_oy_a000000224524,뭐바를래,26640,/products/prod_oy_a000000224524,true,KRW
prod_oy_a000000126470,뭐바를래,25900,/products/prod_oy_a000000126470,true,KRW
prod_oy_a000000255499,뭐바를래,25600,/products/prod_oy_a000000255499,true,KRW
prod_oy_a000000246414,뭐바를래,25500,/products/prod_oy_a000000246414,true,KRW
prod_oy_a000000209380,뭐바를래,11900,/products/prod_oy_a000000209380,true,KRW
prod_oy_a000000203033,뭐바를래,25000,/products/prod_oy_a000000203033,true,KRW
prod_oy_a000000236325,뭐바를래,25000,/products/prod_oy_a000000236325,true,KRW
prod_oy_a000000156146,뭐바를래,24500,/products/prod_oy_a000000156146,true,KRW
prod_oy_a000000135672,뭐바를래,24000,/products/prod_oy_a000000135672,true,KRW
prod_oy_a000000188831,뭐바를래,24000,/products/prod_oy_a000000188831,true,KRW
prod_oy_a000000210600,뭐바를래,24000,/products/prod_oy_a000000210600,true,KRW
prod_oy_a000000224487,뭐바를래,24000,/products/prod_oy_a000000224487,true,KRW
prod_oy_a000000228046,뭐바를래,24000,/products/prod_oy_a000000228046,true,KRW
prod_oy_a000000249381,뭐바를래,23800,/products/prod_oy_a000000249381,true,KRW
prod_oy_a000000232731,뭐바를래,10900,/products/prod_oy_a000000232731,true,KRW
prod_oy_a000000223296,뭐바를래,23220,/products/prod_oy_a000000223296,true,KRW
prod_oy_a000000163687,뭐바를래,22400,/products/prod_oy_a000000163687,true,KRW
prod_oy_a000000237954,뭐바를래,22400,/products/prod_oy_a000000237954,true,KRW
prod_oy_a000000165056,뭐바를래,22000,/products/prod_oy_a000000165056,true,KRW
prod_oy_a000000205885,뭐바를래,22000,/products/prod_oy_a000000205885,true,KRW
prod_oy_a000000235303,뭐바를래,21900,/products/prod_oy_a000000235303,true,KRW
prod_oy_a000000255828,뭐바를래,20900,/products/prod_oy_a000000255828,true,KRW
prod_oy_a000000164342,뭐바를래,20800,/products/prod_oy_a000000164342,true,KRW
prod_oy_a000000173180,뭐바를래,20800,/products/prod_oy_a000000173180,true,KRW
prod_oy_a000000213402,뭐바를래,19130,/products/prod_oy_a000000213402,true,KRW
prod_oy_a000000224729,뭐바를래,18900,/products/prod_oy_a000000224729,true,KRW
prod_oy_a000000257289,뭐바를래,18900,/products/prod_oy_a000000257289,true,KRW
prod_oy_a000000231061,뭐바를래,18800,/products/prod_oy_a000000231061,true,KRW
prod_oy_a000000191733,뭐바를래,18500,/products/prod_oy_a000000191733,true,KRW
prod_oy_a000000231455,뭐바를래,18300,/products/prod_oy_a000000231455,true,KRW
prod_oy_a000000191912,뭐바를래,18200,/products/prod_oy_a000000191912,true,KRW
prod_oy_a000000188751,뭐바를래,17900,/products/prod_oy_a000000188751,true,KRW
prod_oy_a000000235855,뭐바를래,17900,/products/prod_oy_a000000235855,true,KRW
prod_oy_a000000241577,뭐바를래,17100,/products/prod_oy_a000000241577,true,KRW
prod_oy_a000000209608,뭐바를래,16900,/products/prod_oy_a000000209608,true,KRW
prod_oy_a000000135340,뭐바를래,16500,/products/prod_oy_a000000135340,true,KRW
prod_oy_a000000222638,뭐바를래,16100,/products/prod_oy_a000000222638,true,KRW
prod_oy_a000000214636,뭐바를래,15900,/products/prod_oy_a000000214636,true,KRW
prod_oy_a000000172042,뭐바를래,15840,/products/prod_oy_a000000172042,true,KRW
prod_oy_a000000238408,뭐바를래,14900,/products/prod_oy_a000000238408,true,KRW
prod_oy_a000000149138,뭐바를래,14000,/products/prod_oy_a000000149138,true,KRW
prod_oy_a000000246323,뭐바를래,13900,/products/prod_oy_a000000246323,true,KRW
prod_oy_a000000232730,뭐바를래,12900,/products/prod_oy_a000000232730,true,KRW
prod_oy_a000000180459,뭐바를래,12600,/products/prod_oy_a000000180459,true,KRW
prod_oy_a000000236449,뭐바를래,9900,/products/prod_oy_a000000236449,true,KRW
prod_oy_a000000007088,뭐바를래,20900,/products/prod_oy_a000000007088,true,KRW
prod_oy_a000000016808,뭐바를래,56000,/products/prod_oy_a000000016808,true,KRW
prod_oy_a000000112172,뭐바를래,36900,/products/prod_oy_a000000112172,true,KRW
prod_oy_a000000112890,뭐바를래,27000,/products/prod_oy_a000000112890,true,KRW
prod_oy_a000000115502,뭐바를래,61200,/products/prod_oy_a000000115502,true,KRW
prod_oy_a000000116004,뭐바를래,43000,/products/prod_oy_a000000116004,true,KRW
prod_oy_a000000116032,뭐바를래,30000,/products/prod_oy_a000000116032,true,KRW
prod_oy_a000000117807,뭐바를래,27400,/products/prod_oy_a000000117807,true,KRW
prod_oy_a000000118798,뭐바를래,37800,/products/prod_oy_a000000118798,true,KRW
prod_oy_a000000121934,뭐바를래,16900,/products/prod_oy_a000000121934,true,KRW
prod_oy_a000000126471,뭐바를래,25900,/products/prod_oy_a000000126471,true,KRW
prod_oy_a000000128656,뭐바를래,32000,/products/prod_oy_a000000128656,true,KRW
prod_oy_a000000129575,뭐바를래,16100,/products/prod_oy_a000000129575,true,KRW
prod_oy_a000000130838,뭐바를래,70000,/products/prod_oy_a000000130838,true,KRW
prod_oy_a000000137162,뭐바를래,18400,/products/prod_oy_a000000137162,true,KRW
prod_oy_a000000137482,뭐바를래,18000,/products/prod_oy_a000000137482,true,KRW
prod_oy_a000000141028,뭐바를래,15500,/products/prod_oy_a000000141028,true,KRW
prod_oy_a000000141712,뭐바를래,19600,/products/prod_oy_a000000141712,true,KRW
prod_oy_a000000143958,뭐바를래,16150,/products/prod_oy_a000000143958,true,KRW
prod_oy_a000000143959,뭐바를래,26400,/products/prod_oy_a000000143959,true,KRW
prod_oy_a000000144120,뭐바를래,32000,/products/prod_oy_a000000144120,true,KRW
prod_oy_a000000144918,뭐바를래,12600,/products/prod_oy_a000000144918,true,KRW
prod_oy_a000000145286,뭐바를래,41600,/products/prod_oy_a000000145286,true,KRW
prod_oy_a000000145332,뭐바를래,33600,/products/prod_oy_a000000145332,true,KRW
prod_oy_a000000145360,뭐바를래,39000,/products/prod_oy_a000000145360,true,KRW
prod_oy_a000000145555,뭐바를래,32000,/products/prod_oy_a000000145555,true,KRW
prod_oy_a000000145579,뭐바를래,25600,/products/prod_oy_a000000145579,true,KRW
prod_oy_a000000145662,뭐바를래,49000,/products/prod_oy_a000000145662,true,KRW
prod_oy_a000000147087,뭐바를래,13900,/products/prod_oy_a000000147087,true,KRW
prod_oy_a000000147119,뭐바를래,31500,/products/prod_oy_a000000147119,true,KRW
prod_oy_a000000147130,뭐바를래,29000,/products/prod_oy_a000000147130,true,KRW
prod_oy_a000000147357,뭐바를래,23800,/products/prod_oy_a000000147357,true,KRW
prod_oy_a000000149064,뭐바를래,11800,/products/prod_oy_a000000149064,true,KRW
prod_oy_a000000149118,뭐바를래,19600,/products/prod_oy_a000000149118,true,KRW
prod_oy_a000000149717,뭐바를래,18750,/products/prod_oy_a000000149717,true,KRW
prod_oy_a000000149810,뭐바를래,25500,/products/prod_oy_a000000149810,true,KRW
prod_oy_a000000152046,뭐바를래,18900,/products/prod_oy_a000000152046,true,KRW
prod_oy_a000000153874,뭐바를래,25600,/products/prod_oy_a000000153874,true,KRW
prod_oy_a000000154627,뭐바를래,29200,/products/prod_oy_a000000154627,true,KRW
prod_oy_a000000155291,뭐바를래,28000,/products/prod_oy_a000000155291,true,KRW
prod_oy_a000000155351,뭐바를래,46000,/products/prod_oy_a000000155351,true,KRW
prod_oy_a000000157484,뭐바를래,32000,/products/prod_oy_a000000157484,true,KRW
prod_oy_a000000158308,뭐바를래,35000,/products/prod_oy_a000000158308,true,KRW
prod_oy_a000000159747,뭐바를래,143200,/products/prod_oy_a000000159747,true,KRW
prod_oy_a000000159748,뭐바를래,116800,/products/prod_oy_a000000159748,true,KRW
prod_oy_a000000159802,뭐바를래,15990,/products/prod_oy_a000000159802,true,KRW
prod_oy_a000000159901,뭐바를래,36900,/products/prod_oy_a000000159901,true,KRW
prod_oy_a000000160584,뭐바를래,23400,/products/prod_oy_a000000160584,true,KRW
prod_oy_a000000160733,뭐바를래,23000,/products/prod_oy_a000000160733,true,KRW
prod_oy_a000000161573,뭐바를래,23000,/products/prod_oy_a000000161573,true,KRW
prod_oy_a000000161626,뭐바를래,22900,/products/prod_oy_a000000161626,true,KRW
prod_oy_a000000162415,뭐바를래,22900,/products/prod_oy_a000000162415,true,KRW
prod_oy_a000000162589,뭐바를래,17000,/products/prod_oy_a000000162589,true,KRW
prod_oy_a000000163106,뭐바를래,44100,/products/prod_oy_a000000163106,true,KRW
prod_oy_a000000164251,뭐바를래,21000,/products/prod_oy_a000000164251,true,KRW
prod_oy_a000000164571,뭐바를래,35000,/products/prod_oy_a000000164571,true,KRW
prod_oy_a000000164574,뭐바를래,35000,/products/prod_oy_a000000164574,true,KRW
prod_oy_a000000164614,뭐바를래,30000,/products/prod_oy_a000000164614,true,KRW
prod_oy_a000000165055,뭐바를래,22000,/products/prod_oy_a000000165055,true,KRW
prod_oy_a000000166418,뭐바를래,22400,/products/prod_oy_a000000166418,true,KRW
prod_oy_a000000167170,뭐바를래,26400,/products/prod_oy_a000000167170,true,KRW
prod_oy_a000000167839,뭐바를래,61200,/products/prod_oy_a000000167839,true,KRW
prod_oy_a000000168871,뭐바를래,25900,/products/prod_oy_a000000168871,true,KRW
prod_oy_a000000169180,뭐바를래,24000,/products/prod_oy_a000000169180,true,KRW
prod_oy_a000000170025,뭐바를래,19500,/products/prod_oy_a000000170025,true,KRW
prod_oy_a000000171615,뭐바를래,30400,/products/prod_oy_a000000171615,true,KRW
prod_oy_a000000171757,뭐바를래,19800,/products/prod_oy_a000000171757,true,KRW
prod_oy_a000000172040,뭐바를래,24000,/products/prod_oy_a000000172040,true,KRW
prod_oy_a000000172157,뭐바를래,28900,/products/prod_oy_a000000172157,true,KRW
prod_oy_a000000172207,뭐바를래,36000,/products/prod_oy_a000000172207,true,KRW
prod_oy_a000000172476,뭐바를래,26600,/products/prod_oy_a000000172476,true,KRW
prod_oy_a000000173055,뭐바를래,24000,/products/prod_oy_a000000173055,true,KRW
prod_oy_a000000173140,뭐바를래,42000,/products/prod_oy_a000000173140,true,KRW
prod_oy_a000000174356,뭐바를래,32000,/products/prod_oy_a000000174356,true,KRW
prod_oy_a000000174406,뭐바를래,23500,/products/prod_oy_a000000174406,true,KRW
prod_oy_a000000174407,뭐바를래,23500,/products/prod_oy_a000000174407,true,KRW
prod_oy_a000000174707,뭐바를래,21000,/products/prod_oy_a000000174707,true,KRW
prod_oy_a000000174929,뭐바를래,75000,/products/prod_oy_a000000174929,true,KRW
prod_oy_a000000175198,뭐바를래,50000,/products/prod_oy_a000000175198,true,KRW
prod_oy_a000000176032,뭐바를래,130000,/products/prod_oy_a000000176032,true,KRW
prod_oy_a000000176050,뭐바를래,15000,/products/prod_oy_a000000176050,true,KRW
prod_oy_a000000176058,뭐바를래,17250,/products/prod_oy_a000000176058,true,KRW
prod_oy_a000000176352,뭐바를래,18600,/products/prod_oy_a000000176352,true,KRW
prod_oy_a000000178494,뭐바를래,19200,/products/prod_oy_a000000178494,true,KRW
prod_oy_a000000179132,뭐바를래,16900,/products/prod_oy_a000000179132,true,KRW
prod_oy_a000000180918,뭐바를래,68000,/products/prod_oy_a000000180918,true,KRW
prod_oy_a000000181062,뭐바를래,27000,/products/prod_oy_a000000181062,true,KRW
prod_oy_a000000181121,뭐바를래,38000,/products/prod_oy_a000000181121,true,KRW
prod_oy_a000000181124,뭐바를래,32000,/products/prod_oy_a000000181124,true,KRW
prod_oy_a000000181191,뭐바를래,25000,/products/prod_oy_a000000181191,true,KRW
prod_oy_a000000182072,뭐바를래,38000,/products/prod_oy_a000000182072,true,KRW
prod_oy_a000000182273,뭐바를래,30000,/products/prod_oy_a000000182273,true,KRW
prod_oy_a000000184066,뭐바를래,16900,/products/prod_oy_a000000184066,true,KRW
prod_oy_a000000184919,뭐바를래,28000,/products/prod_oy_a000000184919,true,KRW
prod_oy_a000000185367,뭐바를래,18900,/products/prod_oy_a000000185367,true,KRW
prod_oy_a000000185807,뭐바를래,29400,/products/prod_oy_a000000185807,true,KRW
prod_oy_a000000186191,뭐바를래,20500,/products/prod_oy_a000000186191,true,KRW
prod_oy_a000000186195,뭐바를래,44200,/products/prod_oy_a000000186195,true,KRW
prod_oy_a000000188971,뭐바를래,34000,/products/prod_oy_a000000188971,true,KRW
prod_oy_a000000189000,뭐바를래,32000,/products/prod_oy_a000000189000,true,KRW
prod_oy_a000000189587,뭐바를래,57600,/products/prod_oy_a000000189587,true,KRW
prod_oy_a000000190420,뭐바를래,18620,/products/prod_oy_a000000190420,true,KRW
prod_oy_a000000191008,뭐바를래,38700,/products/prod_oy_a000000191008,true,KRW
prod_oy_a000000191026,뭐바를래,49800,/products/prod_oy_a000000191026,true,KRW
prod_oy_a000000191027,뭐바를래,47600,/products/prod_oy_a000000191027,true,KRW
prod_oy_a000000191796,뭐바를래,25200,/products/prod_oy_a000000191796,true,KRW
prod_oy_a000000191805,뭐바를래,57000,/products/prod_oy_a000000191805,true,KRW
prod_oy_a000000191823,뭐바를래,58300,/products/prod_oy_a000000191823,true,KRW
prod_oy_a000000192219,뭐바를래,32000,/products/prod_oy_a000000192219,true,KRW
prod_oy_a000000192520,뭐바를래,25200,/products/prod_oy_a000000192520,true,KRW
prod_oy_a000000197319,뭐바를래,51000,/products/prod_oy_a000000197319,true,KRW
prod_oy_a000000197320,뭐바를래,68000,/products/prod_oy_a000000197320,true,KRW
prod_oy_a000000197659,뭐바를래,19800,/products/prod_oy_a000000197659,true,KRW
prod_oy_a000000197679,뭐바를래,20900,/products/prod_oy_a000000197679,true,KRW
prod_oy_a000000198026,뭐바를래,16300,/products/prod_oy_a000000198026,true,KRW
prod_oy_a000000198721,뭐바를래,35000,/products/prod_oy_a000000198721,true,KRW
prod_oy_a000000198949,뭐바를래,24000,/products/prod_oy_a000000198949,true,KRW
prod_oy_a000000199254,뭐바를래,74100,/products/prod_oy_a000000199254,true,KRW
prod_oy_a000000199257,뭐바를래,38000,/products/prod_oy_a000000199257,true,KRW
prod_oy_a000000200181,뭐바를래,49400,/products/prod_oy_a000000200181,true,KRW
prod_oy_a000000200584,뭐바를래,34000,/products/prod_oy_a000000200584,true,KRW
prod_oy_a000000200632,뭐바를래,23900,/products/prod_oy_a000000200632,true,KRW
prod_oy_a000000200725,뭐바를래,44000,/products/prod_oy_a000000200725,true,KRW
prod_oy_a000000200804,뭐바를래,25900,/products/prod_oy_a000000200804,true,KRW
prod_oy_a000000201376,뭐바를래,38500,/products/prod_oy_a000000201376,true,KRW
prod_oy_a000000201592,뭐바를래,26800,/products/prod_oy_a000000201592,true,KRW
prod_oy_a000000201643,뭐바를래,38000,/products/prod_oy_a000000201643,true,KRW
prod_oy_a000000202537,뭐바를래,21900,/products/prod_oy_a000000202537,true,KRW
prod_oy_a000000204171,뭐바를래,22500,/products/prod_oy_a000000204171,true,KRW
prod_oy_a000000204627,뭐바를래,121500,/products/prod_oy_a000000204627,true,KRW
prod_oy_a000000204640,뭐바를래,90000,/products/prod_oy_a000000204640,true,KRW
prod_oy_a000000204654,뭐바를래,140400,/products/prod_oy_a000000204654,true,KRW
prod_oy_a000000204747,뭐바를래,23200,/products/prod_oy_a000000204747,true,KRW
prod_oy_a000000205037,뭐바를래,39500,/products/prod_oy_a000000205037,true,KRW
prod_oy_a000000205098,뭐바를래,17900,/products/prod_oy_a000000205098,true,KRW
prod_oy_a000000207029,뭐바를래,29000,/products/prod_oy_a000000207029,true,KRW
prod_oy_a000000209092,뭐바를래,89000,/products/prod_oy_a000000209092,true,KRW
prod_oy_a000000209590,뭐바를래,28800,/products/prod_oy_a000000209590,true,KRW
prod_oy_a000000209889,뭐바를래,29000,/products/prod_oy_a000000209889,true,KRW
prod_oy_a000000210054,뭐바를래,21500,/products/prod_oy_a000000210054,true,KRW
prod_oy_a000000210141,뭐바를래,39030,/products/prod_oy_a000000210141,true,KRW
prod_oy_a000000210159,뭐바를래,79000,/products/prod_oy_a000000210159,true,KRW
prod_oy_a000000210196,뭐바를래,19500,/products/prod_oy_a000000210196,true,KRW
prod_oy_a000000210452,뭐바를래,39000,/products/prod_oy_a000000210452,true,KRW
prod_oy_a000000211085,뭐바를래,28000,/products/prod_oy_a000000211085,true,KRW
prod_oy_a000000211402,뭐바를래,72000,/products/prod_oy_a000000211402,true,KRW
prod_oy_a000000211928,뭐바를래,38400,/products/prod_oy_a000000211928,true,KRW
prod_oy_a000000212010,뭐바를래,44100,/products/prod_oy_a000000212010,true,KRW
prod_oy_a000000212912,뭐바를래,32000,/products/prod_oy_a000000212912,true,KRW
prod_oy_a000000213237,뭐바를래,32000,/products/prod_oy_a000000213237,true,KRW
prod_oy_a000000213288,뭐바를래,36800,/products/prod_oy_a000000213288,true,KRW
prod_oy_a000000213323,뭐바를래,39000,/products/prod_oy_a000000213323,true,KRW
prod_oy_a000000213535,뭐바를래,31000,/products/prod_oy_a000000213535,true,KRW
prod_oy_a000000213615,뭐바를래,19600,/products/prod_oy_a000000213615,true,KRW
prod_oy_a000000214159,뭐바를래,66600,/products/prod_oy_a000000214159,true,KRW
prod_oy_a000000214166,뭐바를래,22800,/products/prod_oy_a000000214166,true,KRW
prod_oy_a000000214181,뭐바를래,37240,/products/prod_oy_a000000214181,true,KRW
prod_oy_a000000214201,뭐바를래,39200,/products/prod_oy_a000000214201,true,KRW
prod_oy_a000000214262,뭐바를래,95000,/products/prod_oy_a000000214262,true,KRW
prod_oy_a000000214296,뭐바를래,79000,/products/prod_oy_a000000214296,true,KRW
prod_oy_a000000214989,뭐바를래,17900,/products/prod_oy_a000000214989,true,KRW
prod_oy_a000000215147,뭐바를래,45000,/products/prod_oy_a000000215147,true,KRW
prod_oy_a000000215463,뭐바를래,59900,/products/prod_oy_a000000215463,true,KRW
prod_oy_a000000215507,뭐바를래,34000,/products/prod_oy_a000000215507,true,KRW
prod_oy_a000000216315,뭐바를래,32900,/products/prod_oy_a000000216315,true,KRW
prod_oy_a000000216966,뭐바를래,39900,/products/prod_oy_a000000216966,true,KRW
prod_oy_a000000219096,뭐바를래,27000,/products/prod_oy_a000000219096,true,KRW
prod_oy_a000000219137,뭐바를래,29800,/products/prod_oy_a000000219137,true,KRW
prod_oy_a000000219334,뭐바를래,28800,/products/prod_oy_a000000219334,true,KRW
prod_oy_a000000219475,뭐바를래,23040,/products/prod_oy_a000000219475,true,KRW
prod_oy_a000000219754,뭐바를래,22620,/products/prod_oy_a000000219754,true,KRW
prod_oy_a000000222699,뭐바를래,14900,/products/prod_oy_a000000222699,true,KRW
prod_oy_a000000222848,뭐바를래,21000,/products/prod_oy_a000000222848,true,KRW
prod_oy_a000000222945,뭐바를래,20800,/products/prod_oy_a000000222945,true,KRW
prod_oy_a000000223947,뭐바를래,18500,/products/prod_oy_a000000223947,true,KRW
prod_oy_a000000224137,뭐바를래,19900,/products/prod_oy_a000000224137,true,KRW
prod_oy_a000000224242,뭐바를래,22100,/products/prod_oy_a000000224242,true,KRW
prod_oy_a000000224243,뭐바를래,35000,/products/prod_oy_a000000224243,true,KRW
prod_oy_a000000224294,뭐바를래,27800,/products/prod_oy_a000000224294,true,KRW
prod_oy_a000000224602,뭐바를래,43200,/products/prod_oy_a000000224602,true,KRW
prod_oy_a000000224733,뭐바를래,22600,/products/prod_oy_a000000224733,true,KRW
prod_oy_a000000225026,뭐바를래,21900,/products/prod_oy_a000000225026,true,KRW
prod_oy_a000000225188,뭐바를래,23400,/products/prod_oy_a000000225188,true,KRW
prod_oy_a000000225279,뭐바를래,24500,/products/prod_oy_a000000225279,true,KRW
prod_oy_a000000225280,뭐바를래,15920,/products/prod_oy_a000000225280,true,KRW
prod_oy_a000000225649,뭐바를래,25000,/products/prod_oy_a000000225649,true,KRW
prod_oy_a000000225877,뭐바를래,27800,/products/prod_oy_a000000225877,true,KRW
prod_oy_a000000226179,뭐바를래,92000,/products/prod_oy_a000000226179,true,KRW
prod_oy_a000000226527,뭐바를래,28900,/products/prod_oy_a000000226527,true,KRW
prod_oy_a000000226541,뭐바를래,17400,/products/prod_oy_a000000226541,true,KRW
prod_oy_a000000227220,뭐바를래,21000,/products/prod_oy_a000000227220,true,KRW
prod_oy_a000000227939,뭐바를래,36000,/products/prod_oy_a000000227939,true,KRW
prod_oy_a000000228418,뭐바를래,28000,/products/prod_oy_a000000228418,true,KRW
prod_oy_a000000229222,뭐바를래,104710,/products/prod_oy_a000000229222,true,KRW
prod_oy_a000000229465,뭐바를래,17820,/products/prod_oy_a000000229465,true,KRW
prod_oy_a000000229498,뭐바를래,49000,/products/prod_oy_a000000229498,true,KRW
prod_oy_a000000229513,뭐바를래,21760,/products/prod_oy_a000000229513,true,KRW
prod_oy_a000000229539,뭐바를래,49000,/products/prod_oy_a000000229539,true,KRW
prod_oy_a000000229594,뭐바를래,29800,/products/prod_oy_a000000229594,true,KRW
prod_oy_a000000229620,뭐바를래,29000,/products/prod_oy_a000000229620,true,KRW
prod_oy_a000000229621,뭐바를래,42000,/products/prod_oy_a000000229621,true,KRW
prod_oy_a000000229946,뭐바를래,12800,/products/prod_oy_a000000229946,true,KRW
prod_oy_a000000230498,뭐바를래,14900,/products/prod_oy_a000000230498,true,KRW
prod_oy_a000000230928,뭐바를래,58500,/products/prod_oy_a000000230928,true,KRW
prod_oy_a000000231300,뭐바를래,10200,/products/prod_oy_a000000231300,true,KRW
prod_oy_a000000231465,뭐바를래,24000,/products/prod_oy_a000000231465,true,KRW
prod_oy_a000000231539,뭐바를래,72200,/products/prod_oy_a000000231539,true,KRW
prod_oy_a000000234133,뭐바를래,63000,/products/prod_oy_a000000234133,true,KRW
prod_oy_a000000234359,뭐바를래,23000,/products/prod_oy_a000000234359,true,KRW
prod_oy_a000000235267,뭐바를래,72200,/products/prod_oy_a000000235267,true,KRW
prod_oy_a000000235270,뭐바를래,62320,/products/prod_oy_a000000235270,true,KRW
prod_oy_a000000235558,뭐바를래,19440,/products/prod_oy_a000000235558,true,KRW
prod_oy_a000000236432,뭐바를래,153360,/products/prod_oy_a000000236432,true,KRW
prod_oy_a000000236828,뭐바를래,28500,/products/prod_oy_a000000236828,true,KRW
prod_oy_a000000237819,뭐바를래,21900,/products/prod_oy_a000000237819,true,KRW
prod_oy_a000000238377,뭐바를래,52000,/products/prod_oy_a000000238377,true,KRW
prod_oy_a000000238594,뭐바를래,13600,/products/prod_oy_a000000238594,true,KRW
prod_oy_a000000240268,뭐바를래,23800,/products/prod_oy_a000000240268,true,KRW
prod_oy_a000000241336,뭐바를래,32000,/products/prod_oy_a000000241336,true,KRW
prod_oy_a000000241360,뭐바를래,25200,/products/prod_oy_a000000241360,true,KRW
prod_oy_a000000241909,뭐바를래,25600,/products/prod_oy_a000000241909,true,KRW
prod_oy_a000000242631,뭐바를래,25600,/products/prod_oy_a000000242631,true,KRW
prod_oy_a000000242839,뭐바를래,19900,/products/prod_oy_a000000242839,true,KRW
prod_oy_a000000242945,뭐바를래,17900,/products/prod_oy_a000000242945,true,KRW
prod_oy_a000000243786,뭐바를래,19500,/products/prod_oy_a000000243786,true,KRW
prod_oy_a000000245473,뭐바를래,65000,/products/prod_oy_a000000245473,true,KRW
prod_oy_a000000246144,뭐바를래,28800,/products/prod_oy_a000000246144,true,KRW
prod_oy_a000000246591,뭐바를래,24700,/products/prod_oy_a000000246591,true,KRW
prod_oy_a000000246776,뭐바를래,29800,/products/prod_oy_a000000246776,true,KRW
prod_oy_a000000246877,뭐바를래,51000,/products/prod_oy_a000000246877,true,KRW
prod_oy_a000000246922,뭐바를래,35000,/products/prod_oy_a000000246922,true,KRW
prod_oy_a000000247174,뭐바를래,17900,/products/prod_oy_a000000247174,true,KRW
prod_oy_a000000247186,뭐바를래,18720,/products/prod_oy_a000000247186,true,KRW
prod_oy_a000000247199,뭐바를래,43000,/products/prod_oy_a000000247199,true,KRW
prod_oy_a000000247202,뭐바를래,35000,/products/prod_oy_a000000247202,true,KRW
prod_oy_a000000247379,뭐바를래,18750,/products/prod_oy_a000000247379,true,KRW
prod_oy_a000000247596,뭐바를래,24610,/products/prod_oy_a000000247596,true,KRW
prod_oy_a000000247723,뭐바를래,20900,/products/prod_oy_a000000247723,true,KRW
prod_oy_a000000248401,뭐바를래,14900,/products/prod_oy_a000000248401,true,KRW
prod_oy_a000000248422,뭐바를래,18500,/products/prod_oy_a000000248422,true,KRW
prod_oy_a000000248509,뭐바를래,39000,/products/prod_oy_a000000248509,true,KRW
prod_oy_a000000248615,뭐바를래,56000,/products/prod_oy_a000000248615,true,KRW
prod_oy_a000000248823,뭐바를래,28000,/products/prod_oy_a000000248823,true,KRW
prod_oy_a000000248935,뭐바를래,20000,/products/prod_oy_a000000248935,true,KRW
prod_oy_a000000249611,뭐바를래,18000,/products/prod_oy_a000000249611,true,KRW
prod_oy_a000000249650,뭐바를래,25000,/products/prod_oy_a000000249650,true,KRW
prod_oy_a000000249651,뭐바를래,35000,/products/prod_oy_a000000249651,true,KRW
prod_oy_a000000250103,뭐바를래,31000,/products/prod_oy_a000000250103,true,KRW
prod_oy_a000000250193,뭐바를래,25000,/products/prod_oy_a000000250193,true,KRW
prod_oy_a000000251275,뭐바를래,28900,/products/prod_oy_a000000251275,true,KRW
prod_oy_a000000251446,뭐바를래,45000,/products/prod_oy_a000000251446,true,KRW
prod_oy_a000000252302,뭐바를래,139340,/products/prod_oy_a000000252302,true,KRW
prod_oy_a000000252669,뭐바를래,23200,/products/prod_oy_a000000252669,true,KRW
prod_oy_a000000253090,뭐바를래,24300,/products/prod_oy_a000000253090,true,KRW
prod_oy_a000000254645,뭐바를래,32000,/products/prod_oy_a000000254645,true,KRW
prod_oy_a000000254720,뭐바를래,47200,/products/prod_oy_a000000254720,true,KRW
prod_oy_a000000254724,뭐바를래,68000,/products/prod_oy_a000000254724,true,KRW
prod_oy_a000000254849,뭐바를래,24900,/products/prod_oy_a000000254849,true,KRW
prod_oy_a000000255066,뭐바를래,12600,/products/prod_oy_a000000255066,true,KRW
prod_oy_a000000255445,뭐바를래,29750,/products/prod_oy_a000000255445,true,KRW
prod_oy_a000000256156,뭐바를래,36550,/products/prod_oy_a000000256156,true,KRW
prod_oy_a000000257390,뭐바를래,72250,/products/prod_oy_a000000257390,true,KRW
prod_oy_a000000257584,뭐바를래,34200,/products/prod_oy_a000000257584,true,KRW
prod_oy_a000000257656,뭐바를래,90000,/products/prod_oy_a000000257656,true,KRW
prod_oy_a000000257834,뭐바를래,29700,/products/prod_oy_a000000257834,true,KRW
prod_oy_a000000257838,뭐바를래,43200,/products/prod_oy_a000000257838,true,KRW
prod_oy_a000000258055,뭐바를래,41600,/products/prod_oy_a000000258055,true,KRW
prod_oy_a000000259198,뭐바를래,21900,/products/prod_oy_a000000259198,true,KRW
prod_oy_a000000259199,뭐바를래,29900,/products/prod_oy_a000000259199,true,KRW
prod_oy_a000000260505,뭐바를래,37000,/products/prod_oy_a000000260505,true,KRW
prod_oy_a000000246297,뭐바를래,35700,/products/prod_oy_a000000246297,true,KRW
prod_oy_a000000192105,뭐바를래,28900,/products/prod_oy_a000000192105,true,KRW
prod_oy_a000000198320,뭐바를래,26700,/products/prod_oy_a000000198320,true,KRW
prod_oy_a000000237527,뭐바를래,47000,/products/prod_oy_a000000237527,true,KRW
prod_oy_a000000218548,뭐바를래,20300,/products/prod_oy_a000000218548,true,KRW
prod_oy_a000000234408,뭐바를래,18900,/products/prod_oy_a000000234408,true,KRW
prod_oy_a000000236427,뭐바를래,32000,/products/prod_oy_a000000236427,true,KRW
prod_oy_a000000198833,뭐바를래,29700,/products/prod_oy_a000000198833,true,KRW
prod_oy_a000000248501,뭐바를래,29500,/products/prod_oy_a000000248501,true,KRW
prod_oy_a000000247823,뭐바를래,27000,/products/prod_oy_a000000247823,true,KRW
prod_oy_a000000252779,뭐바를래,26000,/products/prod_oy_a000000252779,true,KRW
prod_oy_a000000255625,뭐바를래,24600,/products/prod_oy_a000000255625,true,KRW
prod_oy_a000000248609,뭐바를래,23900,/products/prod_oy_a000000248609,true,KRW
prod_oy_a000000214315,뭐바를래,21370,/products/prod_oy_a000000214315,true,KRW
prod_oy_a000000247726,뭐바를래,18900,/products/prod_oy_a000000247726,true,KRW
prod_oy_a000000206312,뭐바를래,17300,/products/prod_oy_a000000206312,true,KRW
prod_oy_a000000006014,뭐바를래,33000,/products/prod_oy_a000000006014,true,KRW
prod_oy_a000000016809,뭐바를래,52000,/products/prod_oy_a000000016809,true,KRW
prod_oy_a000000107841,뭐바를래,17850,/products/prod_oy_a000000107841,true,KRW
prod_oy_a000000115499,뭐바를래,61200,/products/prod_oy_a000000115499,true,KRW
prod_oy_a000000117809,뭐바를래,25800,/products/prod_oy_a000000117809,true,KRW
prod_oy_a000000122126,뭐바를래,26000,/products/prod_oy_a000000122126,true,KRW
prod_oy_a000000136537,뭐바를래,13600,/products/prod_oy_a000000136537,true,KRW
prod_oy_a000000142737,뭐바를래,23500,/products/prod_oy_a000000142737,true,KRW
prod_oy_a000000144808,뭐바를래,12000,/products/prod_oy_a000000144808,true,KRW
prod_oy_a000000147164,뭐바를래,27000,/products/prod_oy_a000000147164,true,KRW
prod_oy_a000000148409,뭐바를래,24500,/products/prod_oy_a000000148409,true,KRW
prod_oy_a000000151831,뭐바를래,73100,/products/prod_oy_a000000151831,true,KRW
prod_oy_a000000155320,뭐바를래,15000,/products/prod_oy_a000000155320,true,KRW
prod_oy_a000000156779,뭐바를래,39000,/products/prod_oy_a000000156779,true,KRW
prod_oy_a000000156792,뭐바를래,32000,/products/prod_oy_a000000156792,true,KRW
prod_oy_a000000156843,뭐바를래,80800,/products/prod_oy_a000000156843,true,KRW
prod_oy_a000000158475,뭐바를래,27000,/products/prod_oy_a000000158475,true,KRW
prod_oy_a000000158920,뭐바를래,43200,/products/prod_oy_a000000158920,true,KRW
prod_oy_a000000159595,뭐바를래,41900,/products/prod_oy_a000000159595,true,KRW
prod_oy_a000000159598,뭐바를래,46800,/products/prod_oy_a000000159598,true,KRW
prod_oy_a000000159982,뭐바를래,23800,/products/prod_oy_a000000159982,true,KRW
prod_oy_a000000163399,뭐바를래,35000,/products/prod_oy_a000000163399,true,KRW
prod_oy_a000000163761,뭐바를래,26000,/products/prod_oy_a000000163761,true,KRW
prod_oy_a000000164628,뭐바를래,39950,/products/prod_oy_a000000164628,true,KRW
prod_oy_a000000165192,뭐바를래,28000,/products/prod_oy_a000000165192,true,KRW
prod_oy_a000000165887,뭐바를래,13890,/products/prod_oy_a000000165887,true,KRW
prod_oy_a000000166922,뭐바를래,27000,/products/prod_oy_a000000166922,true,KRW
prod_oy_a000000167259,뭐바를래,16410,/products/prod_oy_a000000167259,true,KRW
prod_oy_a000000167261,뭐바를래,21000,/products/prod_oy_a000000167261,true,KRW
prod_oy_a000000167993,뭐바를래,45500,/products/prod_oy_a000000167993,true,KRW
prod_oy_a000000168274,뭐바를래,45000,/products/prod_oy_a000000168274,true,KRW
prod_oy_a000000168828,뭐바를래,32000,/products/prod_oy_a000000168828,true,KRW
prod_oy_a000000172072,뭐바를래,26000,/products/prod_oy_a000000172072,true,KRW
prod_oy_a000000172075,뭐바를래,27000,/products/prod_oy_a000000172075,true,KRW
prod_oy_a000000173212,뭐바를래,78000,/products/prod_oy_a000000173212,true,KRW
prod_oy_a000000174016,뭐바를래,35060,/products/prod_oy_a000000174016,true,KRW
prod_oy_a000000176958,뭐바를래,42000,/products/prod_oy_a000000176958,true,KRW
prod_oy_a000000177383,뭐바를래,21500,/products/prod_oy_a000000177383,true,KRW
prod_oy_a000000177493,뭐바를래,38100,/products/prod_oy_a000000177493,true,KRW
prod_oy_a000000177784,뭐바를래,32000,/products/prod_oy_a000000177784,true,KRW
prod_oy_a000000178061,뭐바를래,26000,/products/prod_oy_a000000178061,true,KRW
prod_oy_a000000178516,뭐바를래,28000,/products/prod_oy_a000000178516,true,KRW
prod_oy_a000000180559,뭐바를래,23000,/products/prod_oy_a000000180559,true,KRW
prod_oy_a000000181194,뭐바를래,50000,/products/prod_oy_a000000181194,true,KRW
prod_oy_a000000182304,뭐바를래,18900,/products/prod_oy_a000000182304,true,KRW
prod_oy_a000000182831,뭐바를래,26900,/products/prod_oy_a000000182831,true,KRW
prod_oy_a000000184629,뭐바를래,49000,/products/prod_oy_a000000184629,true,KRW
prod_oy_a000000185306,뭐바를래,25500,/products/prod_oy_a000000185306,true,KRW
prod_oy_a000000187628,뭐바를래,101000,/products/prod_oy_a000000187628,true,KRW
prod_oy_a000000191895,뭐바를래,35000,/products/prod_oy_a000000191895,true,KRW
prod_oy_a000000192054,뭐바를래,35900,/products/prod_oy_a000000192054,true,KRW
prod_oy_a000000192057,뭐바를래,77400,/products/prod_oy_a000000192057,true,KRW
prod_oy_a000000192787,뭐바를래,30000,/products/prod_oy_a000000192787,true,KRW
prod_oy_a000000198892,뭐바를래,20900,/products/prod_oy_a000000198892,true,KRW
prod_oy_a000000199203,뭐바를래,32000,/products/prod_oy_a000000199203,true,KRW
prod_oy_a000000199486,뭐바를래,31920,/products/prod_oy_a000000199486,true,KRW
prod_oy_a000000199651,뭐바를래,39000,/products/prod_oy_a000000199651,true,KRW
prod_oy_a000000199668,뭐바를래,42000,/products/prod_oy_a000000199668,true,KRW
prod_oy_a000000199783,뭐바를래,19500,/products/prod_oy_a000000199783,true,KRW
prod_oy_a000000200188,뭐바를래,30000,/products/prod_oy_a000000200188,true,KRW
prod_oy_a000000200201,뭐바를래,49400,/products/prod_oy_a000000200201,true,KRW
prod_oy_a000000200600,뭐바를래,28800,/products/prod_oy_a000000200600,true,KRW
prod_oy_a000000200622,뭐바를래,22900,/products/prod_oy_a000000200622,true,KRW
prod_oy_a000000201378,뭐바를래,44000,/products/prod_oy_a000000201378,true,KRW
prod_oy_a000000204160,뭐바를래,14800,/products/prod_oy_a000000204160,true,KRW
prod_oy_a000000204581,뭐바를래,21900,/products/prod_oy_a000000204581,true,KRW
prod_oy_a000000205871,뭐바를래,17900,/products/prod_oy_a000000205871,true,KRW
prod_oy_a000000206338,뭐바를래,16000,/products/prod_oy_a000000206338,true,KRW
prod_oy_a000000208055,뭐바를래,16800,/products/prod_oy_a000000208055,true,KRW
prod_oy_a000000209299,뭐바를래,26000,/products/prod_oy_a000000209299,true,KRW
prod_oy_a000000209418,뭐바를래,32000,/products/prod_oy_a000000209418,true,KRW
prod_oy_a000000210417,뭐바를래,39900,/products/prod_oy_a000000210417,true,KRW
prod_oy_a000000210933,뭐바를래,16200,/products/prod_oy_a000000210933,true,KRW
prod_oy_a000000211862,뭐바를래,24700,/products/prod_oy_a000000211862,true,KRW
prod_oy_a000000212016,뭐바를래,34000,/products/prod_oy_a000000212016,true,KRW
prod_oy_a000000212725,뭐바를래,23200,/products/prod_oy_a000000212725,true,KRW
prod_oy_a000000212882,뭐바를래,29600,/products/prod_oy_a000000212882,true,KRW
prod_oy_a000000213112,뭐바를래,35000,/products/prod_oy_a000000213112,true,KRW
prod_oy_a000000213113,뭐바를래,27000,/products/prod_oy_a000000213113,true,KRW
prod_oy_a000000213953,뭐바를래,40800,/products/prod_oy_a000000213953,true,KRW
prod_oy_a000000214303,뭐바를래,38900,/products/prod_oy_a000000214303,true,KRW
prod_oy_a000000217167,뭐바를래,19500,/products/prod_oy_a000000217167,true,KRW
prod_oy_a000000217602,뭐바를래,28500,/products/prod_oy_a000000217602,true,KRW
prod_oy_a000000219326,뭐바를래,38900,/products/prod_oy_a000000219326,true,KRW
prod_oy_a000000219568,뭐바를래,32000,/products/prod_oy_a000000219568,true,KRW
prod_oy_a000000221698,뭐바를래,32000,/products/prod_oy_a000000221698,true,KRW
prod_oy_a000000222814,뭐바를래,47200,/products/prod_oy_a000000222814,true,KRW
prod_oy_a000000222908,뭐바를래,23000,/products/prod_oy_a000000222908,true,KRW
prod_oy_a000000223622,뭐바를래,33150,/products/prod_oy_a000000223622,true,KRW
prod_oy_a000000224849,뭐바를래,30000,/products/prod_oy_a000000224849,true,KRW
prod_oy_a000000225008,뭐바를래,25000,/products/prod_oy_a000000225008,true,KRW
prod_oy_a000000225249,뭐바를래,52000,/products/prod_oy_a000000225249,true,KRW
prod_oy_a000000225911,뭐바를래,31350,/products/prod_oy_a000000225911,true,KRW
prod_oy_a000000227276,뭐바를래,22500,/products/prod_oy_a000000227276,true,KRW
prod_oy_a000000228259,뭐바를래,9000,/products/prod_oy_a000000228259,true,KRW
prod_oy_a000000228905,뭐바를래,27000,/products/prod_oy_a000000228905,true,KRW
prod_oy_a000000229491,뭐바를래,68000,/products/prod_oy_a000000229491,true,KRW
prod_oy_a000000229542,뭐바를래,125000,/products/prod_oy_a000000229542,true,KRW
prod_oy_a000000229591,뭐바를래,25900,/products/prod_oy_a000000229591,true,KRW
prod_oy_a000000229724,뭐바를래,78400,/products/prod_oy_a000000229724,true,KRW
prod_oy_a000000231120,뭐바를래,13000,/products/prod_oy_a000000231120,true,KRW
prod_oy_a000000235108,뭐바를래,25200,/products/prod_oy_a000000235108,true,KRW
prod_oy_a000000236564,뭐바를래,28600,/products/prod_oy_a000000236564,true,KRW
prod_oy_a000000237443,뭐바를래,22900,/products/prod_oy_a000000237443,true,KRW
prod_oy_a000000238458,뭐바를래,22900,/products/prod_oy_a000000238458,true,KRW
prod_oy_a000000239970,뭐바를래,28000,/products/prod_oy_a000000239970,true,KRW
prod_oy_a000000240202,뭐바를래,25400,/products/prod_oy_a000000240202,true,KRW
prod_oy_a000000240423,뭐바를래,23500,/products/prod_oy_a000000240423,true,KRW
prod_oy_a000000244954,뭐바를래,41600,/products/prod_oy_a000000244954,true,KRW
prod_oy_a000000244995,뭐바를래,27000,/products/prod_oy_a000000244995,true,KRW
prod_oy_a000000245465,뭐바를래,38900,/products/prod_oy_a000000245465,true,KRW
prod_oy_a000000247881,뭐바를래,22400,/products/prod_oy_a000000247881,true,KRW
prod_oy_a000000249649,뭐바를래,39000,/products/prod_oy_a000000249649,true,KRW
prod_oy_a000000249777,뭐바를래,35900,/products/prod_oy_a000000249777,true,KRW
prod_oy_a000000249903,뭐바를래,36900,/products/prod_oy_a000000249903,true,KRW
prod_oy_a000000250474,뭐바를래,23500,/products/prod_oy_a000000250474,true,KRW
prod_oy_a000000250690,뭐바를래,20900,/products/prod_oy_a000000250690,true,KRW
prod_oy_a000000251445,뭐바를래,46000,/products/prod_oy_a000000251445,true,KRW
prod_oy_a000000252773,뭐바를래,26000,/products/prod_oy_a000000252773,true,KRW
prod_oy_a000000252917,뭐바를래,74400,/products/prod_oy_a000000252917,true,KRW
prod_oy_a000000255989,뭐바를래,23500,/products/prod_oy_a000000255989,true,KRW
prod_oy_a000000257588,뭐바를래,40500,/products/prod_oy_a000000257588,true,KRW
prod_oy_a000000258859,뭐바를래,38900,/products/prod_oy_a000000258859,true,KRW
prod_oy_a000000259298,뭐바를래,52000,/products/prod_oy_a000000259298,true,KRW
prod_oy_a000000260203,뭐바를래,19800,/products/prod_oy_a000000260203,true,KRW
prod_oy_a000000260204,뭐바를래,19800,/products/prod_oy_a000000260204,true,KRW
prod_oy_a000000222834,뭐바를래,26700,/products/prod_oy_a000000222834,true,KRW
prod_oy_a000000250298,뭐바를래,12500,/products/prod_oy_a000000250298,true,KRW
prod_oy_a000000228952,뭐바를래,17900,/products/prod_oy_a000000228952,true,KRW
prod_oy_a000000137488,뭐바를래,21900,/products/prod_oy_a000000137488,true,KRW
prod_oy_a000000228228,뭐바를래,13800,/products/prod_oy_a000000228228,true,KRW
prod_oy_a000000243499,뭐바를래,33900,/products/prod_oy_a000000243499,true,KRW
prod_oy_a000000258468,뭐바를래,24600,/products/prod_oy_a000000258468,true,KRW
prod_oy_a000000248426,뭐바를래,21900,/products/prod_oy_a000000248426,true,KRW
prod_oy_a000000230522,뭐바를래,28410,/products/prod_oy_a000000230522,true,KRW
prod_oy_a000000222773,뭐바를래,13800,/products/prod_oy_a000000222773,true,KRW
prod_oy_a000000209904,뭐바를래,27000,/products/prod_oy_a000000209904,true,KRW
prod_oy_a000000230537,뭐바를래,19800,/products/prod_oy_a000000230537,true,KRW
prod_oy_a000000184697,뭐바를래,38000,/products/prod_oy_a000000184697,true,KRW
prod_oy_a000000198321,뭐바를래,26700,/products/prod_oy_a000000198321,true,KRW
prod_oy_a000000161508,뭐바를래,27300,/products/prod_oy_a000000161508,true,KRW
prod_oy_a000000129771,뭐바를래,25900,/products/prod_oy_a000000129771,true,KRW
prod_oy_a000000223781,뭐바를래,32000,/products/prod_oy_a000000223781,true,KRW
prod_oy_a000000155995,뭐바를래,23200,/products/prod_oy_a000000155995,true,KRW
prod_oy_a000000223483,뭐바를래,24900,/products/prod_oy_a000000223483,true,KRW
prod_oy_a000000006565,뭐바를래,29700,/products/prod_oy_a000000006565,true,KRW
prod_oy_a000000250632,뭐바를래,32000,/products/prod_oy_a000000250632,true,KRW
prod_oy_a000000145576,뭐바를래,17900,/products/prod_oy_a000000145576,true,KRW
prod_oy_a000000163494,뭐바를래,17900,/products/prod_oy_a000000163494,true,KRW
prod_oy_a000000232971,뭐바를래,13800,/products/prod_oy_a000000232971,true,KRW
prod_oy_a000000148729,뭐바를래,18400,/products/prod_oy_a000000148729,true,KRW
prod_oy_a000000237493,뭐바를래,18000,/products/prod_oy_a000000237493,true,KRW
prod_oy_a000000183744,뭐바를래,25600,/products/prod_oy_a000000183744,true,KRW
prod_oy_a000000236543,뭐바를래,19900,/products/prod_oy_a000000236543,true,KRW
prod_oy_a000000242173,뭐바를래,29400,/products/prod_oy_a000000242173,true,KRW
prod_oy_a000000236436,뭐바를래,121200,/products/prod_oy_a000000236436,true,KRW
prod_oy_a000000144041,뭐바를래,58000,/products/prod_oy_a000000144041,true,KRW
prod_oy_a000000219845,뭐바를래,28000,/products/prod_oy_a000000219845,true,KRW
prod_oy_a000000212251,뭐바를래,17800,/products/prod_oy_a000000212251,true,KRW
prod_oy_a000000185235,뭐바를래,32000,/products/prod_oy_a000000185235,true,KRW
prod_oy_a000000199154,뭐바를래,18500,/products/prod_oy_a000000199154,true,KRW
prod_oy_a000000255383,뭐바를래,9900,/products/prod_oy_a000000255383,true,KRW
prod_oy_a000000245706,뭐바를래,19800,/products/prod_oy_a000000245706,true,KRW
prod_oy_a000000149214,뭐바를래,24900,/products/prod_oy_a000000149214,true,KRW
prod_oy_a000000183230,뭐바를래,17900,/products/prod_oy_a000000183230,true,KRW
prod_oy_a000000221831,뭐바를래,70200,/products/prod_oy_a000000221831,true,KRW
prod_oy_a000000206692,뭐바를래,22000,/products/prod_oy_a000000206692,true,KRW
prod_oy_a000000257196,뭐바를래,15900,/products/prod_oy_a000000257196,true,KRW
prod_oy_a000000183229,뭐바를래,33000,/products/prod_oy_a000000183229,true,KRW
prod_oy_a000000209419,뭐바를래,32000,/products/prod_oy_a000000209419,true,KRW
prod_oy_a000000203992,뭐바를래,19900,/products/prod_oy_a000000203992,true,KRW
prod_oy_a000000210719,뭐바를래,13910,/products/prod_oy_a000000210719,true,KRW
prod_oy_a000000230762,뭐바를래,29000,/products/prod_oy_a000000230762,true,KRW
prod_oy_a000000199270,뭐바를래,28500,/products/prod_oy_a000000199270,true,KRW
prod_oy_a000000198090,뭐바를래,27900,/products/prod_oy_a000000198090,true,KRW
prod_oy_a000000197722,뭐바를래,17900,/products/prod_oy_a000000197722,true,KRW
prod_oy_a000000211930,뭐바를래,54400,/products/prod_oy_a000000211930,true,KRW
prod_oy_a000000141319,뭐바를래,12300,/products/prod_oy_a000000141319,true,KRW
prod_oy_a000000225943,뭐바를래,26000,/products/prod_oy_a000000225943,true,KRW
prod_oy_a000000234380,뭐바를래,16800,/products/prod_oy_a000000234380,true,KRW
prod_oy_a000000214176,뭐바를래,53000,/products/prod_oy_a000000214176,true,KRW
prod_oy_a000000223673,뭐바를래,25600,/products/prod_oy_a000000223673,true,KRW
prod_oy_a000000115419,뭐바를래,16300,/products/prod_oy_a000000115419,true,KRW
prod_oy_a000000222771,뭐바를래,11800,/products/prod_oy_a000000222771,true,KRW
prod_oy_a000000207459,뭐바를래,46000,/products/prod_oy_a000000207459,true,KRW
prod_oy_a000000233577,뭐바를래,12870,/products/prod_oy_a000000233577,true,KRW
prod_oy_a000000165551,뭐바를래,19900,/products/prod_oy_a000000165551,true,KRW
prod_oy_a000000244793,뭐바를래,19900,/products/prod_oy_a000000244793,true,KRW
prod_oy_b000000234131,뭐바를래,38400,/products/prod_oy_b000000234131,true,KRW
prod_oy_a000000243680,뭐바를래,38000,/products/prod_oy_a000000243680,true,KRW
prod_oy_a000000251468,뭐바를래,38000,/products/prod_oy_a000000251468,true,KRW
prod_oy_a000000245710,뭐바를래,34200,/products/prod_oy_a000000245710,true,KRW
prod_oy_a000000195679,뭐바를래,33000,/products/prod_oy_a000000195679,true,KRW
prod_oy_a000000195699,뭐바를래,33000,/products/prod_oy_a000000195699,true,KRW
prod_oy_a000000197739,뭐바를래,33000,/products/prod_oy_a000000197739,true,KRW
prod_oy_a000000103320,뭐바를래,15200,/products/prod_oy_a000000103320,true,KRW
prod_oy_a000000147661,뭐바를래,14900,/products/prod_oy_a000000147661,true,KRW
prod_oy_a000000170690,뭐바를래,30400,/products/prod_oy_a000000170690,true,KRW
prod_oy_a000000199665,뭐바를래,30000,/products/prod_oy_a000000199665,true,KRW
prod_oy_a000000205392,뭐바를래,29900,/products/prod_oy_a000000205392,true,KRW
prod_oy_a000000206008,뭐바를래,28500,/products/prod_oy_a000000206008,true,KRW
prod_oy_a000000174576,뭐바를래,13000,/products/prod_oy_a000000174576,true,KRW
prod_oy_b000000223873,뭐바를래,26100,/products/prod_oy_b000000223873,true,KRW
prod_oy_a000000259898,뭐바를래,25000,/products/prod_oy_a000000259898,true,KRW
prod_oy_a000000204881,뭐바를래,24000,/products/prod_oy_a000000204881,true,KRW
prod_oy_a000000207111,뭐바를래,24000,/products/prod_oy_a000000207111,true,KRW
prod_oy_a000000176899,뭐바를래,23900,/products/prod_oy_a000000176899,true,KRW
prod_oy_a000000255983,뭐바를래,22800,/products/prod_oy_a000000255983,true,KRW
prod_oy_a000000240093,뭐바를래,19900,/products/prod_oy_a000000240093,true,KRW
prod_oy_a000000252331,뭐바를래,19900,/products/prod_oy_a000000252331,true,KRW
prod_oy_a000000247595,뭐바를래,19800,/products/prod_oy_a000000247595,true,KRW
prod_oy_a000000248847,뭐바를래,19800,/products/prod_oy_a000000248847,true,KRW
prod_oy_a000000254668,뭐바를래,19800,/products/prod_oy_a000000254668,true,KRW
prod_oy_a000000247042,뭐바를래,3800,/products/prod_oy_a000000247042,true,KRW
prod_oy_a000000224041,뭐바를래,19500,/products/prod_oy_a000000224041,true,KRW
prod_oy_a000000137652,뭐바를래,18900,/products/prod_oy_a000000137652,true,KRW
prod_oy_a000000216470,뭐바를래,18750,/products/prod_oy_a000000216470,true,KRW
prod_oy_a000000137078,뭐바를래,18000,/products/prod_oy_a000000137078,true,KRW
prod_oy_a000000228955,뭐바를래,17480,/products/prod_oy_a000000228955,true,KRW
prod_oy_a000000231297,뭐바를래,17000,/products/prod_oy_a000000231297,true,KRW
prod_oy_a000000166822,뭐바를래,16800,/products/prod_oy_a000000166822,true,KRW
prod_oy_a000000226600,뭐바를래,14500,/products/prod_oy_a000000226600,true,KRW
prod_oy_a000000141317,뭐바를래,10200,/products/prod_oy_a000000141317,true,KRW
prod_oy_a000000006564,뭐바를래,29700,/products/prod_oy_a000000006564,true,KRW
prod_oy_a000000011086,뭐바를래,18400,/products/prod_oy_a000000011086,true,KRW
prod_oy_a000000011087,뭐바를래,18700,/products/prod_oy_a000000011087,true,KRW
prod_oy_a000000011088,뭐바를래,17000,/products/prod_oy_a000000011088,true,KRW
prod_oy_a000000012809,뭐바를래,38000,/products/prod_oy_a000000012809,true,KRW
prod_oy_a000000015971,뭐바를래,25000,/products/prod_oy_a000000015971,true,KRW
prod_oy_a000000104146,뭐바를래,42000,/products/prod_oy_a000000104146,true,KRW
prod_oy_a000000104173,뭐바를래,58000,/products/prod_oy_a000000104173,true,KRW
prod_oy_a000000104176,뭐바를래,58000,/products/prod_oy_a000000104176,true,KRW
prod_oy_a000000104972,뭐바를래,61000,/products/prod_oy_a000000104972,true,KRW
prod_oy_a000000115386,뭐바를래,58000,/products/prod_oy_a000000115386,true,KRW
prod_oy_a000000122212,뭐바를래,18000,/products/prod_oy_a000000122212,true,KRW
prod_oy_a000000140891,뭐바를래,32000,/products/prod_oy_a000000140891,true,KRW
prod_oy_a000000141309,뭐바를래,19000,/products/prod_oy_a000000141309,true,KRW
prod_oy_a000000143196,뭐바를래,22400,/products/prod_oy_a000000143196,true,KRW
prod_oy_a000000144917,뭐바를래,11900,/products/prod_oy_a000000144917,true,KRW
prod_oy_a000000145835,뭐바를래,24000,/products/prod_oy_a000000145835,true,KRW
prod_oy_a000000146263,뭐바를래,14000,/products/prod_oy_a000000146263,true,KRW
prod_oy_a000000146808,뭐바를래,19800,/products/prod_oy_a000000146808,true,KRW
prod_oy_a000000146894,뭐바를래,15000,/products/prod_oy_a000000146894,true,KRW
prod_oy_a000000146896,뭐바를래,15000,/products/prod_oy_a000000146896,true,KRW
prod_oy_a000000149211,뭐바를래,24900,/products/prod_oy_a000000149211,true,KRW
prod_oy_a000000152286,뭐바를래,19900,/products/prod_oy_a000000152286,true,KRW
prod_oy_a000000154199,뭐바를래,46080,/products/prod_oy_a000000154199,true,KRW
prod_oy_a000000158113,뭐바를래,49000,/products/prod_oy_a000000158113,true,KRW
prod_oy_a000000161654,뭐바를래,24900,/products/prod_oy_a000000161654,true,KRW
prod_oy_a000000162054,뭐바를래,28800,/products/prod_oy_a000000162054,true,KRW
prod_oy_a000000166474,뭐바를래,61000,/products/prod_oy_a000000166474,true,KRW
prod_oy_a000000167411,뭐바를래,38400,/products/prod_oy_a000000167411,true,KRW
prod_oy_a000000169182,뭐바를래,28000,/products/prod_oy_a000000169182,true,KRW
prod_oy_a000000170034,뭐바를래,19600,/products/prod_oy_a000000170034,true,KRW
prod_oy_a000000173672,뭐바를래,32900,/products/prod_oy_a000000173672,true,KRW
prod_oy_a000000174384,뭐바를래,22000,/products/prod_oy_a000000174384,true,KRW
prod_oy_a000000174520,뭐바를래,78000,/products/prod_oy_a000000174520,true,KRW
prod_oy_a000000174709,뭐바를래,22000,/products/prod_oy_a000000174709,true,KRW
prod_oy_a000000175964,뭐바를래,25600,/products/prod_oy_a000000175964,true,KRW
prod_oy_a000000178076,뭐바를래,55200,/products/prod_oy_a000000178076,true,KRW
prod_oy_a000000180935,뭐바를래,15900,/products/prod_oy_a000000180935,true,KRW
prod_oy_a000000184664,뭐바를래,25200,/products/prod_oy_a000000184664,true,KRW
prod_oy_a000000184789,뭐바를래,21250,/products/prod_oy_a000000184789,true,KRW
prod_oy_a000000184935,뭐바를래,13500,/products/prod_oy_a000000184935,true,KRW
prod_oy_a000000185157,뭐바를래,16000,/products/prod_oy_a000000185157,true,KRW
prod_oy_a000000186860,뭐바를래,14300,/products/prod_oy_a000000186860,true,KRW
prod_oy_a000000189589,뭐바를래,46400,/products/prod_oy_a000000189589,true,KRW
prod_oy_a000000198539,뭐바를래,37000,/products/prod_oy_a000000198539,true,KRW
prod_oy_a000000198947,뭐바를래,25200,/products/prod_oy_a000000198947,true,KRW
prod_oy_a000000199825,뭐바를래,81000,/products/prod_oy_a000000199825,true,KRW
prod_oy_a000000200886,뭐바를래,27000,/products/prod_oy_a000000200886,true,KRW
prod_oy_a000000201011,뭐바를래,15800,/products/prod_oy_a000000201011,true,KRW
prod_oy_a000000203247,뭐바를래,29000,/products/prod_oy_a000000203247,true,KRW
prod_oy_a000000203440,뭐바를래,17900,/products/prod_oy_a000000203440,true,KRW
prod_oy_a000000203855,뭐바를래,16900,/products/prod_oy_a000000203855,true,KRW
prod_oy_a000000204649,뭐바를래,69300,/products/prod_oy_a000000204649,true,KRW
prod_oy_a000000208029,뭐바를래,15900,/products/prod_oy_a000000208029,true,KRW
prod_oy_a000000208425,뭐바를래,15000,/products/prod_oy_a000000208425,true,KRW
prod_oy_a000000208721,뭐바를래,38500,/products/prod_oy_a000000208721,true,KRW
prod_oy_a000000208897,뭐바를래,18000,/products/prod_oy_a000000208897,true,KRW
prod_oy_a000000209714,뭐바를래,27000,/products/prod_oy_a000000209714,true,KRW
prod_oy_a000000210476,뭐바를래,21000,/products/prod_oy_a000000210476,true,KRW
prod_oy_a000000210666,뭐바를래,30660,/products/prod_oy_a000000210666,true,KRW
prod_oy_a000000210922,뭐바를래,28000,/products/prod_oy_a000000210922,true,KRW
prod_oy_a000000211493,뭐바를래,46800,/products/prod_oy_a000000211493,true,KRW
prod_oy_a000000213387,뭐바를래,38900,/products/prod_oy_a000000213387,true,KRW
prod_oy_a000000214141,뭐바를래,64800,/products/prod_oy_a000000214141,true,KRW
prod_oy_a000000214170,뭐바를래,42000,/products/prod_oy_a000000214170,true,KRW
prod_oy_a000000215009,뭐바를래,78200,/products/prod_oy_a000000215009,true,KRW
prod_oy_a000000219100,뭐바를래,31000,/products/prod_oy_a000000219100,true,KRW
prod_oy_a000000219101,뭐바를래,31000,/products/prod_oy_a000000219101,true,KRW
prod_oy_a000000219102,뭐바를래,34500,/products/prod_oy_a000000219102,true,KRW
prod_oy_a000000222741,뭐바를래,19980,/products/prod_oy_a000000222741,true,KRW
prod_oy_a000000222769,뭐바를래,26000,/products/prod_oy_a000000222769,true,KRW
prod_oy_a000000223196,뭐바를래,12500,/products/prod_oy_a000000223196,true,KRW
prod_oy_a000000224240,뭐바를래,22000,/products/prod_oy_a000000224240,true,KRW
prod_oy_a000000225493,뭐바를래,74000,/products/prod_oy_a000000225493,true,KRW
prod_oy_a000000225614,뭐바를래,26000,/products/prod_oy_a000000225614,true,KRW
prod_oy_a000000226100,뭐바를래,22000,/products/prod_oy_a000000226100,true,KRW
prod_oy_a000000226597,뭐바를래,14000,/products/prod_oy_a000000226597,true,KRW
prod_oy_a000000226598,뭐바를래,14500,/products/prod_oy_a000000226598,true,KRW
prod_oy_a000000227226,뭐바를래,24700,/products/prod_oy_a000000227226,true,KRW
prod_oy_a000000229488,뭐바를래,43200,/products/prod_oy_a000000229488,true,KRW
prod_oy_a000000232217,뭐바를래,15800,/products/prod_oy_a000000232217,true,KRW
prod_oy_a000000232954,뭐바를래,86570,/products/prod_oy_a000000232954,true,KRW
prod_oy_a000000232993,뭐바를래,31200,/products/prod_oy_a000000232993,true,KRW
prod_oy_a000000232999,뭐바를래,32000,/products/prod_oy_a000000232999,true,KRW
prod_oy_a000000233004,뭐바를래,25600,/products/prod_oy_a000000233004,true,KRW
prod_oy_a000000237000,뭐바를래,21000,/products/prod_oy_a000000237000,true,KRW
prod_oy_a000000237614,뭐바를래,28000,/products/prod_oy_a000000237614,true,KRW
prod_oy_a000000238287,뭐바를래,26000,/products/prod_oy_a000000238287,true,KRW
prod_oy_a000000238500,뭐바를래,21600,/products/prod_oy_a000000238500,true,KRW
prod_oy_a000000238513,뭐바를래,38400,/products/prod_oy_a000000238513,true,KRW
prod_oy_a000000240497,뭐바를래,21900,/products/prod_oy_a000000240497,true,KRW
prod_oy_a000000242745,뭐바를래,38400,/products/prod_oy_a000000242745,true,KRW
prod_oy_a000000244246,뭐바를래,21900,/products/prod_oy_a000000244246,true,KRW
prod_oy_a000000244662,뭐바를래,13910,/products/prod_oy_a000000244662,true,KRW
prod_oy_a000000244690,뭐바를래,58000,/products/prod_oy_a000000244690,true,KRW
prod_oy_a000000246717,뭐바를래,38000,/products/prod_oy_a000000246717,true,KRW
prod_oy_a000000248724,뭐바를래,16500,/products/prod_oy_a000000248724,true,KRW
prod_oy_a000000249538,뭐바를래,41000,/products/prod_oy_a000000249538,true,KRW
prod_oy_a000000250229,뭐바를래,32900,/products/prod_oy_a000000250229,true,KRW
prod_oy_a000000252600,뭐바를래,20000,/products/prod_oy_a000000252600,true,KRW
prod_oy_a000000257083,뭐바를래,19800,/products/prod_oy_a000000257083,true,KRW
prod_oy_a000000257647,뭐바를래,98800,/products/prod_oy_a000000257647,true,KRW
prod_oy_a000000257652,뭐바를래,67450,/products/prod_oy_a000000257652,true,KRW
prod_oy_a000000257658,뭐바를래,52250,/products/prod_oy_a000000257658,true,KRW
prod_oy_a000000257670,뭐바를래,52250,/products/prod_oy_a000000257670,true,KRW
prod_oy_a000000258819,뭐바를래,21900,/products/prod_oy_a000000258819,true,KRW
prod_oy_a000000259098,뭐바를래,29000,/products/prod_oy_a000000259098,true,KRW
prod_oy_a000000259759,뭐바를래,72250,/products/prod_oy_a000000259759,true,KRW
prod_oy_b000000184084,뭐바를래,17900,/products/prod_oy_b000000184084,true,KRW
prod_oy_b000000184086,뭐바를래,17900,/products/prod_oy_b000000184086,true,KRW
prod_oy_b000000232976,뭐바를래,10800,/products/prod_oy_b000000232976,true,KRW
prod_oy_a000000188948,뭐바를래,36500,/products/prod_oy_a000000188948,true,KRW
prod_oy_a000000016749,뭐바를래,16000,/products/prod_oy_a000000016749,true,KRW
prod_oy_a000000107837,뭐바를래,34000,/products/prod_oy_a000000107837,true,KRW
prod_oy_a000000121268,뭐바를래,7900,/products/prod_oy_a000000121268,true,KRW
prod_oy_a000000137386,뭐바를래,27000,/products/prod_oy_a000000137386,true,KRW
prod_oy_a000000137470,뭐바를래,32000,/products/prod_oy_a000000137470,true,KRW
prod_oy_a000000142618,뭐바를래,49000,/products/prod_oy_a000000142618,true,KRW
prod_oy_a000000144036,뭐바를래,44000,/products/prod_oy_a000000144036,true,KRW
prod_oy_a000000144803,뭐바를래,10000,/products/prod_oy_a000000144803,true,KRW
prod_oy_a000000147577,뭐바를래,38000,/products/prod_oy_a000000147577,true,KRW
prod_oy_a000000149427,뭐바를래,20000,/products/prod_oy_a000000149427,true,KRW
prod_oy_a000000150816,뭐바를래,9900,/products/prod_oy_a000000150816,true,KRW
prod_oy_a000000152004,뭐바를래,28500,/products/prod_oy_a000000152004,true,KRW
prod_oy_a000000155994,뭐바를래,23100,/products/prod_oy_a000000155994,true,KRW
prod_oy_a000000162615,뭐바를래,19500,/products/prod_oy_a000000162615,true,KRW
prod_oy_a000000164819,뭐바를래,22000,/products/prod_oy_a000000164819,true,KRW
prod_oy_a000000165603,뭐바를래,30000,/products/prod_oy_a000000165603,true,KRW
prod_oy_a000000171034,뭐바를래,63000,/products/prod_oy_a000000171034,true,KRW
prod_oy_a000000176059,뭐바를래,76000,/products/prod_oy_a000000176059,true,KRW
prod_oy_a000000179257,뭐바를래,30000,/products/prod_oy_a000000179257,true,KRW
prod_oy_a000000179655,뭐바를래,32000,/products/prod_oy_a000000179655,true,KRW
prod_oy_a000000182277,뭐바를래,32000,/products/prod_oy_a000000182277,true,KRW
prod_oy_a000000182721,뭐바를래,18200,/products/prod_oy_a000000182721,true,KRW
prod_oy_a000000184579,뭐바를래,13800,/products/prod_oy_a000000184579,true,KRW
prod_oy_a000000184805,뭐바를래,25800,/products/prod_oy_a000000184805,true,KRW
prod_oy_a000000185300,뭐바를래,38000,/products/prod_oy_a000000185300,true,KRW
prod_oy_a000000187243,뭐바를래,38400,/products/prod_oy_a000000187243,true,KRW
prod_oy_a000000187655,뭐바를래,33600,/products/prod_oy_a000000187655,true,KRW
prod_oy_a000000191179,뭐바를래,28500,/products/prod_oy_a000000191179,true,KRW
prod_oy_a000000203994,뭐바를래,29000,/products/prod_oy_a000000203994,true,KRW
prod_oy_a000000204159,뭐바를래,14800,/products/prod_oy_a000000204159,true,KRW
prod_oy_a000000207456,뭐바를래,32000,/products/prod_oy_a000000207456,true,KRW
prod_oy_a000000209705,뭐바를래,14700,/products/prod_oy_a000000209705,true,KRW
prod_oy_a000000210948,뭐바를래,38000,/products/prod_oy_a000000210948,true,KRW
prod_oy_a000000210949,뭐바를래,24000,/products/prod_oy_a000000210949,true,KRW
prod_oy_a000000215197,뭐바를래,36900,/products/prod_oy_a000000215197,true,KRW
prod_oy_a000000222740,뭐바를래,16000,/products/prod_oy_a000000222740,true,KRW
prod_oy_a000000222772,뭐바를래,13800,/products/prod_oy_a000000222772,true,KRW
prod_oy_a000000223427,뭐바를래,42000,/products/prod_oy_a000000223427,true,KRW
prod_oy_a000000232988,뭐바를래,39200,/products/prod_oy_a000000232988,true,KRW
prod_oy_a000000232989,뭐바를래,39200,/products/prod_oy_a000000232989,true,KRW
prod_oy_a000000242171,뭐바를래,29400,/products/prod_oy_a000000242171,true,KRW
prod_oy_a000000255603,뭐바를래,59500,/products/prod_oy_a000000255603,true,KRW
prod_oy_a000000258379,뭐바를래,25600,/products/prod_oy_a000000258379,true,KRW
prod_oy_a000000260445,뭐바를래,35000,/products/prod_oy_a000000260445,true,KRW
prod_oy_b000000223871,뭐바를래,26100,/products/prod_oy_b000000223871,true,KRW
