product_id,brand,product_name,category,review_count,avg_rating,repurchase_rate,photo_review_rate,profile_review_rate,review_confidence,review_signal_score,rating_signal_score,repurchase_signal_score,confidence_signal_score,review_signal_reason
prod_oy_a000000219717,파티온,[트러블1등/단독기획] 파티온 노스카나인 트러블 세럼 50ml 기획(+15ml+마스크 1매),serum,25000,4.843,0.3882,0.1172,0.3400,high,71.32,92.15,38.82,100.00,"평균별점 4.843, 리뷰 25000건, 재구매율 0.3882, 프로필라벨율 0.3400"
prod_oy_a000000240423,에스네이처,에스네이처 아쿠아 스쿠알란 수분크림 60ml 더블 기획 (+아쿠아겔 마스크 1매),cream,23550,4.789,0.1000,0.1258,0.3048,high,63.98,89.45,10.00,100.00,"평균별점 4.789, 리뷰 23550건, 재구매율 0.1000, 프로필라벨율 0.3048"
prod_oy_a000000240088,VT,[2025 어워즈] VT 리들샷100 50ml 어워즈 기획 (+리들샷300스틱파우치 5개+PDRN에센스100 15ml),serum,16583,4.795,0.1759,0.1224,0.3599,high,65.90,89.75,17.59,100.00,"평균별점 4.795, 리뷰 16583건, 재구매율 0.1759, 프로필라벨율 0.3599"
prod_oy_a000000252917,라로슈포제,[온라인단독/한정수량]라로슈포제 시카플라스트 밤B5+& 멀티리페어 크림 B5 100ml 기획 (+시카에센스 50%용량),cream,13933,4.782,0.0466,0.1386,0.2746,high,62.70,89.10,4.66,100.00,"평균별점 4.782, 리뷰 13933건, 재구매율 0.0466, 프로필라벨율 0.2746"
prod_oy_a000000189181,브링그린,[수부지토너]브링그린 티트리 시카 수딩 토너 (500ml/250ml),toner,12347,4.777,0.1114,0.1234,0.2445,high,63.55,88.85,11.14,100.00,"평균별점 4.777, 리뷰 12347건, 재구매율 0.1114, 프로필라벨율 0.2445"
prod_oy_a000000188990,브링그린,[온라인단독|진정SET] 브링그린 티트리 시카 수딩 토너&크림 세트,toner,11785,4.801,0.0810,0.1128,0.2983,high,63.77,90.05,8.10,100.00,"평균별점 4.801, 리뷰 11785건, 재구매율 0.0810, 프로필라벨율 0.2983"
prod_oy_a000000255620,메디큐브,[1등미백앰플]메디큐브 PDRN 핑크 펩타이드 앰플 30ml 리필기획(+리필팩50ml+거울키링),serum,9142,4.738,0.1585,0.1023,0.2031,high,63.00,86.90,15.85,100.00,"평균별점 4.738, 리뷰 9142건, 재구매율 0.1585, 프로필라벨율 0.2031"
prod_oy_a000000246781,라운드랩,[더블기획/트러블쏙] 라운드랩 소나무 진정 시카 앰플 30ml 리필기획 (+30ml 리필+마스크+스티커 모음),serum,9085,4.770,0.1102,0.1059,0.2908,high,63.39,88.50,11.02,100.00,"평균별점 4.770, 리뷰 9085건, 재구매율 0.1102, 프로필라벨율 0.2908"
prod_oy_a000000243435,메디큐브,[연어PDRN/미백천재앰플] 메디큐브 PDRN 핑크 펩타이드 앰플 30ml 기획(앰플10ml+수분크림 10ml),serum,9046,4.736,0.1601,0.1016,0.2023,high,62.97,86.80,16.01,100.00,"평균별점 4.736, 리뷰 9046건, 재구매율 0.1601, 프로필라벨율 0.2023"
prod_oy_a000000188065,디오디너리,[대용량]디오디너리 나이아신아마이드 10% + 징크 1% 120ml,serum,8913,4.623,0.1390,0.1297,0.3106,high,60.26,81.15,13.90,100.00,"평균별점 4.623, 리뷰 8913건, 재구매율 0.1390, 프로필라벨율 0.3106"
prod_oy_a000000247770,아누아,[수지세럼] 아누아 피디알엔 히알루론산 캡슐 100 세럼 30ml 더블 기획,serum,8478,4.775,0.2175,0.1244,0.2813,high,65.81,88.75,21.75,100.00,"평균별점 4.775, 리뷰 8478건, 재구매율 0.2175, 프로필라벨율 0.2813"
prod_oy_a000000183731,VT,[모공에센스] VT 리들샷 100 에센스 50ml (+리들샷 300 1ml*3ea기획 / 단품),serum,8408,4.729,0.1274,0.1127,0.3246,high,62.85,86.45,12.74,100.00,"평균별점 4.729, 리뷰 8408건, 재구매율 0.1274, 프로필라벨율 0.3246"
prod_oy_a000000206904,라로슈포제,라로슈포제 시카플라스트 밤 B5+ 100ml 기획 (+3ml 추가증정),cream,8125,4.780,0.0474,0.1452,0.3014,high,62.86,89.00,4.74,100.00,"평균별점 4.780, 리뷰 8125건, 재구매율 0.0474, 프로필라벨율 0.3014"
prod_oy_a000000243074,라네즈,[속보습/화잘먹] 라네즈 크림스킨 170ml 기획,toner,7993,4.807,0.0764,0.1426,0.3029,high,64.16,90.35,7.64,100.00,"평균별점 4.807, 리뷰 7993건, 재구매율 0.0764, 프로필라벨율 0.3029"
prod_oy_a000000200646,브링그린,[7월올영픽/3일진정세럼]브링그린 징크테카 트러블 세럼 (대용량/기획),serum,7771,4.688,0.1026,0.1036,0.3086,high,61.05,84.40,10.26,100.00,"평균별점 4.688, 리뷰 7771건, 재구매율 0.1026, 프로필라벨율 0.3086"
prod_oy_a000000219751,라운드랩,[집중진정] 라운드랩 소나무 진정 시카 앰플 30ml 기획 (+토너 20ml),serum,7388,4.765,0.1226,0.1079,0.2903,high,63.52,88.25,12.26,100.00,"평균별점 4.765, 리뷰 7388건, 재구매율 0.1226, 프로필라벨율 0.2903"
prod_oy_a000000156230,에스네이처,[1등 모공 수분천재크림] 에스네이처 아쿠아 스쿠알란 수분크림 60ml 기획(60ml+30ml),cream,7343,4.741,0.1272,0.1301,0.3061,high,63.25,87.05,12.72,100.00,"평균별점 4.741, 리뷰 7343건, 재구매율 0.1272, 프로필라벨율 0.3061"
prod_oy_a000000219716,파티온,[단독기획/5겹장벽크림] 파티온 노스카나인 트러블 크림 45ml 기획(+5ml+세럼 5ml),cream,7151,4.789,0.2244,0.1126,0.3134,high,66.38,89.45,22.44,100.00,"평균별점 4.789, 리뷰 7151건, 재구매율 0.2244, 프로필라벨율 0.3134"
prod_oy_a000000226086,바이오더마,바이오더마 하이드라비오 에센스로션 200ml 기획(+안개분사 미스트 증정),serum,7062,4.800,0.0688,0.1024,0.2943,high,63.37,90.00,6.88,100.00,"평균별점 4.800, 리뷰 7062건, 재구매율 0.0688, 프로필라벨율 0.2943"
prod_oy_a000000226553,브링그린,[수부지크림/유수분밸런스] 브링그린 티트리 시카 수딩 크림 플러스 100ml (2입/단품),cream,6962,4.788,0.0750,0.1016,0.2894,high,63.13,89.40,7.50,100.00,"평균별점 4.788, 리뷰 6962건, 재구매율 0.0750, 프로필라벨율 0.2894"
prod_oy_a000000255324,아누아,[수지 PICK/한정기획] 아누아 피디알엔 히알루론산 캡슐 100 세럼 30ml 더블기획 (+피디알엔 마스크 1매),serum,6855,4.761,0.1879,0.1393,0.2740,high,64.95,88.05,18.79,100.00,"평균별점 4.761, 리뷰 6855건, 재구매율 0.1879, 프로필라벨율 0.2740"
prod_oy_a000000189837,넘버즈인,[흔적미백] 넘버즈인 5번 글루타치온C 흔적 앰플 30ml+30ml 듀오기획,serum,6682,4.686,0.1335,0.1420,0.3117,high,62.01,84.30,13.35,100.00,"평균별점 4.686, 리뷰 6682건, 재구매율 0.1335, 프로필라벨율 0.3117"
prod_oy_a000000216511,넘버즈인,[대용량+크림증정] 넘버즈인 1번 판토텐산 수딩세럼 80ml 기획 (+크림 15ml),serum,6321,4.718,0.0930,0.0941,0.3006,high,61.55,85.90,9.30,100.00,"평균별점 4.718, 리뷰 6321건, 재구매율 0.0930, 프로필라벨율 0.3006"
prod_oy_a000000257827,라로슈포제,[7월 올영픽] 라로슈포제 시카플라스트 멀티 리페어 크림 100ml (+시카에센스 7.5ml),cream,6189,4.748,0.0580,0.1341,0.2979,high,62.06,87.40,5.80,100.00,"평균별점 4.748, 리뷰 6189건, 재구매율 0.0580, 프로필라벨율 0.2979"
prod_oy_a000000231894,아누아,[수지세럼] 아누아 피디알엔 히알루론산 캡슐 100 세럼 30mL 기획세트 (+크림 30ml),serum,5875,4.756,0.1917,0.1300,0.2926,high,64.89,87.80,19.17,100.00,"평균별점 4.756, 리뷰 5875건, 재구매율 0.1917, 프로필라벨율 0.2926"
prod_oy_a000000245636,웰라쥬,[망곰 콜라보] 웰라쥬 리얼 히알루로닉 블루 100 앰플 75ml 2입 기획 (+크림 20ml+PVC 파우치),serum,5694,4.863,0.0309,0.1126,0.3070,high,64.51,93.15,3.09,100.00,"평균별점 4.863, 리뷰 5694건, 재구매율 0.0309, 프로필라벨율 0.3070"
prod_oy_a000000157350,디오디너리,[트러블모공] 디오디너리 나이아신아마이드 10% + 징크 1% 30ml,serum,5555,4.536,0.1273,0.1145,0.2992,high,57.43,76.80,12.73,100.00,"평균별점 4.536, 리뷰 5555건, 재구매율 0.1273, 프로필라벨율 0.2992"
prod_oy_a000000203971,셀리맥스,[속보습/속광/진정] 셀리맥스 더 리얼 노니 에너지 앰플 80ml 기획(+10ml),serum,5240,4.776,0.2029,0.1166,0.2275,high,65.20,88.80,20.29,100.00,"평균별점 4.776, 리뷰 5240건, 재구매율 0.2029, 프로필라벨율 0.2275"
prod_oy_a000000235247,웰라쥬,[속건조필수템] 웰라쥬 리얼 히알루로닉 블루 100 앰플 75ml 2입 기획 (+마스크1매),serum,5239,4.850,0.0361,0.1103,0.3069,high,64.23,92.50,3.61,100.00,"평균별점 4.850, 리뷰 5239건, 재구매율 0.0361, 프로필라벨율 0.3069"
prod_oy_a000000161508,라운드랩,[대용량] 라운드랩 1025 독도 로션 400ml,lotion,5217,4.787,0.0910,0.1137,0.2293,high,63.25,89.35,9.10,100.00,"평균별점 4.787, 리뷰 5217건, 재구매율 0.0910, 프로필라벨율 0.2293"
prod_oy_a000000224727,메이크프렘,[수분진정/단독기획] 메이크프렘 인테카 수딩크림 70ml 기획(+크림 31ml),cream,5110,4.837,0.2683,0.1616,0.4305,high,69.65,91.85,26.83,100.00,"평균별점 4.837, 리뷰 5110건, 재구매율 0.2683, 프로필라벨율 0.4305"
prod_oy_a000000190395,넘버즈인,[쿨링진정]넘버즈인 1번 진정 맑게담은 청초토너 300ml 리필기획(+300ml 증정),toner,5035,4.801,0.1358,0.0991,0.3217,high,64.84,90.05,13.58,100.00,"평균별점 4.801, 리뷰 5035건, 재구매율 0.1358, 프로필라벨율 0.3217"
prod_oy_a000000242719,차앤박,[탄력콜라겐UP/1+1] 차앤박 더마앤서 액티브 부스트 PDRN 앰플 30ml 더블기획,serum,4912,4.846,0.2186,0.1783,0.4904,high,69.37,92.30,21.86,100.00,"평균별점 4.846, 리뷰 4912건, 재구매율 0.2186, 프로필라벨율 0.4904"
prod_oy_a000000188004,에스네이처,[리뷰이벤트/1등화잘먹물먹세럼] 에스네이처 아쿠아 스쿠알란 세럼 50ml 기획 (+50ml 리필+수분크림 10ml),serum,4606,4.790,0.1520,0.1416,0.3469,high,65.42,89.50,15.20,100.00,"평균별점 4.790, 리뷰 4606건, 재구매율 0.1520, 프로필라벨율 0.3469"
prod_oy_a000000222698,아누아,[수지세럼] 아누아 피디알엔 히알루론산 캡슐 100 세럼 30mL 기획 (+30mL 리필팩),serum,4600,4.770,0.2098,0.1213,0.3078,high,65.62,88.50,20.98,100.00,"평균별점 4.770, 리뷰 4600건, 재구매율 0.2098, 프로필라벨율 0.3078"
prod_oy_a000000180410,앰플엔,[재구매1위] 앰플엔 세라마이드샷 화잘먹 보습장벽앰플 100ml기획(+10ml),serum,4587,4.780,0.2202,0.1482,0.3013,high,66.34,89.00,22.02,100.00,"평균별점 4.780, 리뷰 4587건, 재구매율 0.2202, 프로필라벨율 0.3013"
prod_oy_a000000222837,에스트라,에스트라 아토베리어365 하이드로에센스 200ml (+크림 10ml+앰플 10ml),serum,4584,4.851,0.1110,0.1361,0.3082,high,66.02,92.55,11.10,100.00,"평균별점 4.851, 리뷰 4584건, 재구매율 0.1110, 프로필라벨율 0.3082"
prod_oy_a000000242720,차앤박,[보습광채/화잘먹앰플] 차앤박 프로폴리스 에너지 액티브 앰플 30ml 2입 기획 (+15ml),serum,4557,4.896,0.2642,0.1319,0.2609,high,70.05,94.80,26.42,100.00,"평균별점 4.896, 리뷰 4557건, 재구매율 0.2642, 프로필라벨율 0.2609"
prod_oy_a000000232436,아비브,아비브 어성초 테카 캡슐 세럼 카밍 드롭 50ml 더블 기획,serum,4509,4.684,0.0945,0.0978,0.2806,high,60.58,84.20,9.45,100.00,"평균별점 4.684, 리뷰 4509건, 재구매율 0.0945, 프로필라벨율 0.2806"
prod_oy_a000000235175,이니스프리,[톤업광채] 이니스프리 비타민C 캡슐 세럼 30ml 기획 (+10ml),serum,4299,4.786,0.2073,0.1789,0.4434,high,67.27,89.30,20.73,100.00,"평균별점 4.786, 리뷰 4299건, 재구매율 0.2073, 프로필라벨율 0.4434"
prod_oy_a000000134691,바이오더마,바이오더마 시카비오 포마드 100ml(리페어 리치 밤),cream,4170,4.763,0.1211,0.1609,0.2782,high,63.90,88.15,12.11,100.00,"평균별점 4.763, 리뷰 4170건, 재구매율 0.1211, 프로필라벨율 0.2782"
prod_oy_a000000259488,파넬,[7월올영픽/최초대용량] 파넬 시카마누 92세럼 50ml 더블기획 (총 100ml),serum,4154,4.706,0.1444,0.1281,0.3187,high,62.68,85.30,14.44,100.00,"평균별점 4.706, 리뷰 4154건, 재구매율 0.1444, 프로필라벨율 0.3187"
prod_oy_a000000158615,디오디너리,[트러블모공] 디오디너리 나이아신아마이드 10% + 징크 1% 60ml,serum,4018,4.708,0.1777,0.1523,0.2882,high,63.49,85.40,17.77,100.00,"평균별점 4.708, 리뷰 4018건, 재구매율 0.1777, 프로필라벨율 0.2882"
prod_oy_a000000244830,아이소이,[망곰 콜라보] 아이소이 모이스춰 닥터 장수진 수분크림 100ml 대용량 기획 (+10ml+맥세이프 카드지갑),cream,3991,4.764,0.0767,0.1366,0.3062,high,62.94,88.20,7.67,100.00,"평균별점 4.764, 리뷰 3991건, 재구매율 0.0767, 프로필라벨율 0.3062"
prod_oy_a000000137180,라운드랩,[1등토너] 라운드랩 1025 독도 토너 500ml 기획 (+100ml),toner,3942,4.823,0.1192,0.1360,0.1951,high,64.85,91.15,11.92,100.00,"평균별점 4.823, 리뷰 3942건, 재구매율 0.1192, 프로필라벨율 0.1951"
prod_oy_a000000225217,더마팩토리,더마팩토리 나이아신아마이드 20% 세럼 30ml,serum,3928,4.732,0.1637,0.1174,0.3483,high,63.82,86.60,16.37,100.00,"평균별점 4.732, 리뷰 3928건, 재구매율 0.1637, 프로필라벨율 0.3483"
prod_oy_a000000224581,빌리프,[7월올영픽/쿨링진정크림] 빌리프 아쿠아밤 프로즌 크림 50ml 1+1 기획 (+손거울 증정),cream,3888,4.860,0.0836,0.1782,0.4823,high,67.02,93.00,8.36,100.00,"평균별점 4.860, 리뷰 3888건, 재구매율 0.0836, 프로필라벨율 0.4823"
prod_oy_a000000004434,바이오더마,바이오더마 하이드라비오 토너 250ml,toner,3886,4.799,0.1264,0.1204,0.2514,high,64.46,89.95,12.64,100.00,"평균별점 4.799, 리뷰 3886건, 재구매율 0.1264, 프로필라벨율 0.2514"
prod_oy_a000000187040,아벤느,[수분 충전]아벤느 이드랑스 에센스-인-로션 200ml 2입기획,serum,3776,4.809,0.1049,0.1319,0.2235,high,64.28,90.45,10.49,100.00,"평균별점 4.809, 리뷰 3776건, 재구매율 0.1049, 프로필라벨율 0.2235"
prod_oy_a000000183713,토리든,[단독기획] 토리든 밸런스풀 시카 진정 크림 80ml 기획 (+세럼 10ml),cream,3586,4.756,0.2091,0.0945,0.2716,high,64.78,87.80,20.91,100.00,"평균별점 4.756, 리뷰 3586건, 재구매율 0.2091, 프로필라벨율 0.2716"
prod_oy_a000000250344,아이오페,[자극도ZERO]아이오페 레티놀 슈퍼 바운스 세럼 20ml 기획 (+15ml),serum,3564,4.823,0.1047,0.1827,0.3499,high,65.80,91.15,10.47,100.00,"평균별점 4.823, 리뷰 3564건, 재구매율 0.1047, 프로필라벨율 0.3499"
prod_oy_a000000184198,아벤느,[손상/장벽 리페어] 아벤느 시칼파트 플러스 SOS 리페어 크림 100ml 2입 기획,cream,3560,4.695,0.0671,0.1306,0.2272,high,60.40,84.75,6.71,100.00,"평균별점 4.695, 리뷰 3560건, 재구매율 0.0671, 프로필라벨율 0.2272"
prod_oy_a000000249211,리얼베리어,[조슈아PICK/1+1] 리얼베리어 익스트림 크림 70ml 1+1 기획,cream,3516,4.845,0.0552,0.1456,0.3521,high,65.06,92.25,5.52,100.00,"평균별점 4.845, 리뷰 3516건, 재구매율 0.0552, 프로필라벨율 0.3521"
prod_oy_a000000212570,바이오더마,바이오더마 시카비오 크림+ 100ml 기획 (크림 + 40ml 본품 추가 증정),cream,3505,4.764,0.0534,0.1158,0.3398,high,62.44,88.20,5.34,100.00,"평균별점 4.764, 리뷰 3505건, 재구매율 0.0534, 프로필라벨율 0.3398"
prod_oy_a000000216509,넘버즈인,[대용량+추가증정] 넘버즈인 1번 판토텐산 액티브 수딩크림 130ml 기획 (+ 크림 15ml),cream,3445,4.695,0.0848,0.0987,0.3257,high,60.92,84.75,8.48,100.00,"평균별점 4.695, 리뷰 3445건, 재구매율 0.0848, 프로필라벨율 0.3257"
prod_oy_a000000236564,아이소이,[대용량/콜라보] 아이소이 모이스춰 닥터 장수진 수분 크림 100ml 기획 (+파우치 증정),cream,3428,4.784,0.0805,0.1380,0.3215,high,63.66,89.20,8.05,100.00,"평균별점 4.784, 리뷰 3428건, 재구매율 0.0805, 프로필라벨율 0.3215"
prod_oy_a000000249803,비플레인,[총100ml 대용량] 비플레인 녹두 모공 타이트업 세럼 50ml 1+1 기획,serum,3230,4.669,0.0954,0.1158,0.3124,high,60.53,83.45,9.54,100.00,"평균별점 4.669, 리뷰 3230건, 재구매율 0.0954, 프로필라벨율 0.3124"
prod_oy_a000000255430,스킨1004,[대용량]스킨1004 마다가스카르 센텔라 앰플 100ml,serum,3162,4.750,0.1907,0.1053,0.2954,high,64.47,87.50,19.07,100.00,"평균별점 4.750, 리뷰 3162건, 재구매율 0.1907, 프로필라벨율 0.2954"
prod_oy_a000000255326,아누아,[수지 PICK/한정기획] 아누아 피디알엔 히알루론산 100 수분 크림 60ml 2입 기획 (+피디알엔 토너 40ml),cream,3113,4.783,0.2107,0.1050,0.2454,high,65.52,89.15,21.07,100.00,"평균별점 4.783, 리뷰 3113건, 재구매율 0.2107, 프로필라벨율 0.2454"
prod_oy_a000000222849,파티온,[속건조해결] 파티온 포도당 하이드로 에센스토너 300ml 더블 기획(2개입),toner,3085,4.909,0.4765,0.1092,0.3475,high,74.86,95.45,47.65,100.00,"평균별점 4.909, 리뷰 3085건, 재구매율 0.4765, 프로필라벨율 0.3475"
prod_oy_a000000231892,아누아,[수지 PICK/단독기획] 아누아 피디알엔 히알루론산 100 수분 크림 60mL 2입,cream,3074,4.782,0.2131,0.1047,0.2463,high,65.55,89.10,21.31,100.00,"평균별점 4.782, 리뷰 3074건, 재구매율 0.2131, 프로필라벨율 0.2463"
prod_oy_a000000238406,믹순,[품절대란/수부지 화잘먹 세럼] 믹순 히알레배 포어 버블 세럼 70ml,serum,3016,4.731,0.1293,0.0905,0.3163,high,62.67,86.55,12.93,100.00,"평균별점 4.731, 리뷰 3016건, 재구매율 0.1293, 프로필라벨율 0.3163"
prod_oy_a000000192405,더하르나이,[1회사용 장벽개선] 더하르나이 시카이드 크림 100ml+30ml 기획,cream,3006,4.802,0.2641,0.1048,0.2858,high,67.31,90.10,26.41,100.00,"평균별점 4.802, 리뷰 3006건, 재구매율 0.2641, 프로필라벨율 0.2858"
prod_oy_a000000211213,빌리프,[수분보습폭탄] 빌리프X바나나킥 모이스춰라이징 밤 30ml 1+1 기획 (+키링파우치) / 아쿠아 밤 30ml 기획,cream,2956,4.891,0.1059,0.1891,0.4753,high,68.39,94.55,10.59,100.00,"평균별점 4.891, 리뷰 2956건, 재구매율 0.1059, 프로필라벨율 0.4753"
prod_oy_a000000245459,바이오더마,바이오더마 하이드라비오 토너 500ml 기획 (+거품 용기),toner,2951,4.849,0.0413,0.1091,0.2979,high,64.25,92.45,4.13,100.00,"평균별점 4.849, 리뷰 2951건, 재구매율 0.0413, 프로필라벨율 0.2979"
prod_oy_a000000177475,프랭클리,[모공임상] 프랭클리 모공축소 클로저 세럼 30ml 앰플,serum,2934,4.647,0.2018,0.1503,0.3170,high,62.42,82.35,20.18,100.00,"평균별점 4.647, 리뷰 2934건, 재구매율 0.2018, 프로필라벨율 0.3170"
prod_oy_a000000198892,센텔리안24,[진정/흔적] 센텔리안24 마데카 크림 타임 리버스 50ml,cream,2928,4.837,0.0837,0.1366,0.3654,high,65.38,91.85,8.37,100.00,"평균별점 4.837, 리뷰 2928건, 재구매율 0.0837, 프로필라벨율 0.3654"
prod_oy_a000000217355,스킨앤랩,[올영단독/장벽회복] 스킨앤랩 베리어덤 인텐시브 크림 2세대 50ml 1+1 기획,cream,2927,4.806,0.1941,0.1315,0.3341,high,66.53,90.30,19.41,100.00,"평균별점 4.806, 리뷰 2927건, 재구매율 0.1941, 프로필라벨율 0.3341"
prod_oy_a000000224292,라로슈포제,라로슈포제 시카플라스트 멀티 리페어 크림 100ml 기획 (+멜라B3 세럼 3ml 증정),cream,2906,4.756,0.0616,0.1356,0.2997,high,62.38,87.80,6.16,100.00,"평균별점 4.756, 리뷰 2906건, 재구매율 0.0616, 프로필라벨율 0.2997"
prod_oy_a000000190691,스킨푸드,[속보습+피부장벽+트러블케어] 스킨푸드 로열허니 프로폴리스 인리치 에센스 리필기획(50ml+50ml),serum,2884,4.829,0.1543,0.1425,0.2607,high,66.11,91.45,15.43,100.00,"평균별점 4.829, 리뷰 2884건, 재구매율 0.1543, 프로필라벨율 0.2607"
prod_oy_a000000230799,오드로이,[모공천재/화잘먹] 오드로이 모공수축 크림 모공요철 케어 100ml 더블기획 (+미스트앰플 30ml),cream,2843,4.608,0.1214,0.1731,0.3588,high,60.17,80.40,12.14,100.00,"평균별점 4.608, 리뷰 2843건, 재구매율 0.1214, 프로필라벨율 0.3588"
prod_oy_a000000231884,웰라쥬,[속건조필수템] 웰라쥬 리얼 히알루로닉 블루 100 앰플 100ml 기획 (+원데이키트2ea),serum,2773,4.843,0.0263,0.1100,0.3285,high,63.95,92.15,2.63,100.00,"평균별점 4.843, 리뷰 2773건, 재구매율 0.0263, 프로필라벨율 0.3285"
prod_oy_a000000231885,웰라쥬,[속건조필수템] 웰라쥬 리얼 히알루로닉 블루 100 앰플 75ml 2입 기획,serum,2773,4.843,0.0263,0.1100,0.3285,high,63.95,92.15,2.63,100.00,"평균별점 4.843, 리뷰 2773건, 재구매율 0.0263, 프로필라벨율 0.3285"
prod_oy_a000000214633,코이,[고현정 PICK] 코이 플로우 리프팅 랩핑 크림 50ml 기획 (+미니 크림 10ml 2ea),cream,2645,4.868,0.3599,0.1928,0.5327,high,73.16,93.40,35.99,100.00,"평균별점 4.868, 리뷰 2645건, 재구매율 0.3599, 프로필라벨율 0.5327"
prod_oy_a000000232910,이니스프리,[쫀득속광] 이니스프리 레티놀 그린티 PDRN 앰플 25ml 기획,serum,2618,4.823,0.2426,0.1765,0.4809,high,69.15,91.15,24.26,100.00,"평균별점 4.823, 리뷰 2618건, 재구매율 0.2426, 프로필라벨율 0.4809"
prod_oy_a000000218586,더마토리,[쾌속수분/온라인 단독]더마토리 히알샷 베리어 앰플 비5 100ml 대용량 기획(100ml+10ml),serum,2570,4.825,0.1529,0.1385,0.4319,high,66.79,91.25,15.29,100.00,"평균별점 4.825, 리뷰 2570건, 재구매율 0.1529, 프로필라벨율 0.4319"
prod_oy_a000000166511,파넬,[1등 진정세럼] 파넬 시카마누 92세럼30ml,serum,2502,4.695,0.1059,0.1275,0.3269,high,61.64,84.75,10.59,100.00,"평균별점 4.695, 리뷰 2502건, 재구매율 0.1059, 프로필라벨율 0.3269"
prod_oy_a000000254111,이니스프리,[1+1/파우치증정] 이니스프리 비타민C 그린티 엔자임 세럼 30ml 리필 기획 토이 스토리 5 에디션,serum,2434,4.804,0.1319,0.1647,0.3969,high,65.88,90.20,13.19,100.00,"평균별점 4.804, 리뷰 2434건, 재구매율 0.1319, 프로필라벨율 0.3969"
prod_oy_a000000210417,헤브블루,[증정기획] 헤브블루 살몬 PDRN 센텔라 크림 100ml 기획 (+연어 토너 25ml),cream,2411,4.840,0.2045,0.1319,0.3621,high,67.82,92.00,20.45,100.00,"평균별점 4.840, 리뷰 2411건, 재구매율 0.2045, 프로필라벨율 0.3621"
prod_oy_a000000244987,메디힐,[1+1] 메디힐 마데카소사이드 흔적 리페어 더마크림 50+50ml 더블 기획,cream,2405,4.694,0.1168,0.1085,0.2836,high,61.42,84.70,11.68,100.00,"평균별점 4.694, 리뷰 2405건, 재구매율 0.1168, 프로필라벨율 0.2836"
prod_oy_a000000228804,토리든,[단독기획] 토리든 밸런스풀 시카 컨트롤 세럼 50ml 기획 (+크림 20ml),serum,2401,4.657,0.0904,0.1075,0.2799,high,59.85,82.85,9.04,100.00,"평균별점 4.657, 리뷰 2401건, 재구매율 0.0904, 프로필라벨율 0.2799"
prod_oy_a000000171829,바이오더마,바이오더마 아토덤 인텐시브 밤 500ml,cream,2372,4.771,0.1092,0.1488,0.2652,high,63.70,88.55,10.92,100.00,"평균별점 4.771, 리뷰 2372건, 재구매율 0.1092, 프로필라벨율 0.2652"
prod_oy_a000000145576,라운드랩,[저자극] 라운드랩 1025 독도 로션 200ml 기획 (+50ml),lotion,2365,4.767,0.0765,0.1023,0.1945,high,62.12,88.35,7.65,100.00,"평균별점 4.767, 리뷰 2365건, 재구매율 0.0765, 프로필라벨율 0.1945"
prod_oy_a000000012809,피지오겔,피지오겔 DMT 데일리 보습 페이셜 로션 200ml,lotion,2355,4.811,0.1601,0.1363,0.1741,high,65.24,90.55,16.01,100.00,"평균별점 4.811, 리뷰 2355건, 재구매율 0.1601, 프로필라벨율 0.1741"
prod_oy_a000000211479,아비브,[화잘먹세럼] 아비브 부활초 비피다 세럼 퍼밍 드롭 50ml 더블 기획,serum,2347,4.756,0.1210,0.1576,0.3132,high,63.85,87.80,12.10,100.00,"평균별점 4.756, 리뷰 2347건, 재구매율 0.1210, 프로필라벨율 0.3132"
prod_oy_a000000247774,구달,[115ml 대용량 기획] 구달 청귤 비타C 잡티케어 세럼 알파 50ml 더블 기획(+신제품 TXA세럼),serum,2331,4.768,0.0347,0.1424,0.2913,high,62.19,88.40,3.47,100.00,"평균별점 4.768, 리뷰 2331건, 재구매율 0.0347, 프로필라벨율 0.2913"
prod_oy_a000000205643,메디힐,[1등/단품] 메디힐 마데카소사이드 흔적 리페어 세럼 40ml,serum,2328,4.668,0.2002,0.1074,0.2861,high,62.38,83.40,20.02,100.00,"평균별점 4.668, 리뷰 2328건, 재구매율 0.2002, 프로필라벨율 0.2861"
prod_oy_a000000223297,뉴라덤,[윤곽앰플] 메디톡스 뉴라덤 코어타임 앰플 15ml [기획(+7ml)/단품],serum,2303,4.948,0.5402,0.1598,0.4594,high,78.27,97.40,54.02,100.00,"평균별점 4.948, 리뷰 2303건, 재구매율 0.5402, 프로필라벨율 0.4594"
prod_oy_a000000189544,VT,[모공/흡수] VT 리들샷 300 에센스 50ml,serum,2275,4.787,0.1143,0.1147,0.3415,high,64.28,89.35,11.43,100.00,"평균별점 4.787, 리뷰 2275건, 재구매율 0.1143, 프로필라벨율 0.3415"
prod_oy_a000000213171,에스네이처,[리뷰이벤트/속촉촉 진정토너] 에스네이처 아쿠아 오아시스 토너 300ml 기획 (+젤크림 30ml),toner,2262,4.805,0.1300,0.1384,0.2869,high,65.06,90.25,13.00,100.00,"평균별점 4.805, 리뷰 2262건, 재구매율 0.1300, 프로필라벨율 0.2869"
prod_oy_a000000248200,유세린,[2700만개 판매] 유세린 하이알루론 3X 나이트크림 50ml 기획 (+나이트크림7ml*2),cream,2254,4.807,0.1118,0.1850,0.2906,high,65.23,90.35,11.18,100.00,"평균별점 4.807, 리뷰 2254건, 재구매율 0.1118, 프로필라벨율 0.2906"
prod_oy_a000000217326,에스트라,[7월 올영픽] (50%용량증정) 에스트라 아토베리어365 세라-히알 속수분 앰플 30ml 기획 (+15ml),serum,2249,4.807,0.1227,0.1329,0.3419,high,65.19,90.35,12.27,100.00,"평균별점 4.807, 리뷰 2249건, 재구매율 0.1227, 프로필라벨율 0.3419"
prod_oy_a000000225602,차앤박,[1+1/유리알속광] 차앤박 프로폴리스 에너지 액티브 앰플 30ml 더블기획(2개입),serum,2233,4.897,0.1979,0.1205,0.2588,high,68.62,94.85,19.79,100.00,"평균별점 4.897, 리뷰 2233건, 재구매율 0.1979, 프로필라벨율 0.2588"
prod_oy_a000000198320,에스트라,[올영 어워즈 1등 크림] 에스트라 아토베리어365 크림 80ml,cream,2212,4.833,0.0854,0.1035,0.2681,high,64.49,91.65,8.54,100.00,"평균별점 4.833, 리뷰 2212건, 재구매율 0.0854, 프로필라벨율 0.2681"
prod_oy_a000000158038,아비브,[채서안PICK/보습탄력] 아비브 부활초 크림 뉴트리션 튜브 75ml 기획 (+30ml 추가 증정),cream,2207,4.760,0.1260,0.1735,0.2750,high,64.03,88.00,12.60,100.00,"평균별점 4.760, 리뷰 2207건, 재구매율 0.1260, 프로필라벨율 0.2750"
prod_oy_a000000250476,에스네이처,[1등 화잘먹 수분세럼] 에스네이처 아쿠아 스쿠알란 세럼 50ml 리필기획 (+50ml 리필+발렌 하트 거울),serum,2169,4.758,0.0931,0.1111,0.3029,high,62.83,87.90,9.31,100.00,"평균별점 4.758, 리뷰 2169건, 재구매율 0.0931, 프로필라벨율 0.3029"
prod_oy_a000000189248,바이오힐보,[수분진정] 바이오힐보 판테셀 리페어시카 크림 50ml (단품/리필기획),cream,2158,4.773,0.1928,0.1650,0.3536,high,66.03,88.65,19.28,100.00,"평균별점 4.773, 리뷰 2158건, 재구매율 0.1928, 프로필라벨율 0.3536"
prod_oy_a000000199701,바이오힐보,[카디비PICK|탄력보습] 바이오힐보 프로바이오덤 3D리프팅 크림 50ml [단품/기획],cream,2147,4.858,0.1169,0.1421,0.2729,high,66.22,92.90,11.69,100.00,"평균별점 4.858, 리뷰 2147건, 재구매율 0.1169, 프로필라벨율 0.2729"
prod_oy_a000000222882,한율,[1+1] 한율 트러블 진정 쑥시카 수분 크림 기획 (55ml+55ml),cream,2146,4.804,0.1207,0.1407,0.3183,high,65.02,90.20,12.07,100.00,"평균별점 4.804, 리뷰 2146건, 재구매율 0.1207, 프로필라벨율 0.3183"
prod_oy_a000000249421,마몽드,[화해1등/100ml대용량] 마몽드 카밍샷 아줄렌 흔적수분앰플 50ml 더블기획,serum,2116,4.616,0.1158,0.0983,0.3043,high,59.26,80.80,11.58,100.00,"평균별점 4.616, 리뷰 2116건, 재구매율 0.1158, 프로필라벨율 0.3043"
prod_oy_a000000145579,라운드랩,[속수분크림] 라운드랩 자작나무 수분 크림 80ml 기획 (+20ml),cream,2061,4.607,0.0694,0.1116,0.1815,high,57.60,80.35,6.94,100.00,"평균별점 4.607, 리뷰 2061건, 재구매율 0.0694, 프로필라벨율 0.1815"
prod_oy_a000000254065,VT,[포켓몬 에디션] VT 피디알엔 에센스 100 30ml 더블 기획 (+포켓몬 장바구니 키링),serum,2049,4.871,0.2465,0.1284,0.4661,high,70.00,93.55,24.65,100.00,"평균별점 4.871, 리뷰 2049건, 재구매율 0.2465, 프로필라벨율 0.4661"
prod_oy_a000000251468,피지오겔,피지오겔 DMT 페이셜 로션 200ml 기획 (+토너 50ml),lotion,2038,4.860,0.0711,0.1477,0.2728,high,65.41,93.00,7.11,100.00,"평균별점 4.860, 리뷰 2038건, 재구매율 0.0711, 프로필라벨율 0.2728"
prod_oy_a000000156315,바이오더마,[온라인 단독기획]바이오더마 하이드라비오 세럼 더블기획(40ml+40ml),serum,2029,4.793,0.1868,0.1395,0.2479,high,65.68,89.65,18.68,100.00,"평균별점 4.793, 리뷰 2029건, 재구매율 0.1868, 프로필라벨율 0.2479"
prod_oy_a000000236996,샤이샤이샤이,[단독기획/화잘먹 대란템] 샤이샤이샤이 리포좀 리페어 밀키 크림 50ml 기획 (+15ml),cream,2011,4.801,0.2287,0.1537,0.3690,high,67.48,90.05,22.87,100.00,"평균별점 4.801, 리뷰 2011건, 재구매율 0.2287, 프로필라벨율 0.3690"
prod_oy_a000000144177,미샤,미샤 비타씨플러스 잡티씨 탄력 앰플 40ml,serum,2000,4.697,0.1555,0.1595,0.2355,high,62.55,84.85,15.55,100.00,"평균별점 4.697, 리뷰 2000건, 재구매율 0.1555, 프로필라벨율 0.2355"
prod_oy_a000000174016,라로슈포제,라로슈포제 시카플라스트 밤 B5+ 100ml,cream,1986,4.737,0.0554,0.1254,0.2800,high,61.53,86.85,5.54,100.00,"평균별점 4.737, 리뷰 1986건, 재구매율 0.0554, 프로필라벨율 0.2800"
prod_oy_a000000149963,디오디너리,[입문자추천] 디오디너리 레티놀 0.2% 인 스쿠알란 30ml,serum,1969,4.605,0.0721,0.1285,0.3179,high,58.45,80.25,7.21,100.00,"평균별점 4.605, 리뷰 1969건, 재구매율 0.0721, 프로필라벨율 0.3179"
prod_oy_a000000244994,제로이드,제로이드 인텐시브 크림 80ml 기획 (+크림 토너 25ml),cream,1951,4.819,0.0917,0.1312,0.2553,high,64.45,90.95,9.17,100.00,"평균별점 4.819, 리뷰 1951건, 재구매율 0.0917, 프로필라벨율 0.2553"
prod_oy_a000000242718,차앤박,[장벽+보습] 차앤박 더마앤서 배리어 리셋 크림 80ml 기획 (+31ml),cream,1946,4.837,0.1161,0.1721,0.5000,high,67.06,91.85,11.61,100.00,"평균별점 4.837, 리뷰 1946건, 재구매율 0.1161, 프로필라벨율 0.5000"
prod_oy_a000000005336,바이오더마,바이오더마 하이드라비오 세럼 40ml,serum,1928,4.794,0.1924,0.1416,0.2438,high,65.82,89.70,19.24,100.00,"평균별점 4.794, 리뷰 1928건, 재구매율 0.1924, 프로필라벨율 0.2438"
prod_oy_a000000209418,제로이드,[2025 어워즈] 제로이드 인텐시브 크림 80ml,cream,1908,4.794,0.1043,0.1745,0.4041,high,65.19,89.70,10.43,100.00,"평균별점 4.794, 리뷰 1908건, 재구매율 0.1043, 프로필라벨율 0.4041"
prod_oy_a000000232179,메디힐,[장도연 PICK] 메디힐 PDRN 모공 탄력 세럼 40+40ml 더블 기획,serum,1863,4.752,0.1170,0.1235,0.2684,high,63.10,87.60,11.70,100.00,"평균별점 4.752, 리뷰 1863건, 재구매율 0.1170, 프로필라벨율 0.2684"
prod_oy_a000000222703,아누아,[수지 PICK / 수분광채크림] 아누아 피디알엔 히알루론산 100 수분 크림 60mL 기획 (+30mL),cream,1845,4.776,0.2645,0.0873,0.2379,high,66.19,88.80,26.45,100.00,"평균별점 4.776, 리뷰 1845건, 재구매율 0.2645, 프로필라벨율 0.2379"
prod_oy_a000000224147,바이오힐보,[최다증정|기프트] 바이오힐보 프로바이오덤 3D리프팅 스킨케어 3종세트(토너+에멀전+크림),cream,1841,4.904,0.1472,0.1054,0.2868,high,67.79,95.20,14.72,100.00,"평균별점 4.904, 리뷰 1841건, 재구매율 0.1472, 프로필라벨율 0.2868"
prod_oy_a000000146589,아비브,[수분진정] 아비브 어성초 카밍 토너 스킨부스터 200ml,toner,1810,4.712,0.1044,0.1149,0.2635,high,61.63,85.60,10.44,100.00,"평균별점 4.712, 리뷰 1810건, 재구매율 0.1044, 프로필라벨율 0.2635"
prod_oy_a000000219389,마몽드,[화해1등/흔적진정] 마몽드 카밍 샷 아줄렌 흔적 수분앰플 50ml 기획,serum,1805,4.586,0.1352,0.0970,0.2842,high,58.71,79.30,13.52,100.00,"평균별점 4.586, 리뷰 1805건, 재구매율 0.1352, 프로필라벨율 0.2842"
prod_oy_a000000224494,셀라딕스,[조유리 PICK/트러블1등] 셀라딕스 트러블 세범 리밸런싱 131 앰플 30ml,serum,1792,4.741,0.5151,0.0854,0.1624,high,69.85,87.05,51.51,100.00,"평균별점 4.741, 리뷰 1792건, 재구매율 0.5151, 프로필라벨율 0.1624"
prod_oy_a000000232438,아비브,아비브 글루타치온좀 잡티 세럼 비타 드롭 50ml 더블 기획,serum,1772,4.642,0.0638,0.1298,0.2856,high,59.16,82.10,6.38,100.00,"평균별점 4.642, 리뷰 1772건, 재구매율 0.0638, 프로필라벨율 0.2856"
prod_oy_a000000163254,토리든,[단독기획] 토리든 다이브인 저분자 히알루론산 크림 80ml 기획(+크림 20ml 추가증정),cream,1760,4.709,0.1420,0.1489,0.2483,high,62.57,85.45,14.20,100.00,"평균별점 4.709, 리뷰 1760건, 재구매율 0.1420, 프로필라벨율 0.2483"
prod_oy_a000000223625,디오디너리,[각질쓱싹] 디오디너리 글리코릭 애시드 7% 엑스폴리에이팅 토너 240ml,toner,1752,4.664,0.0519,0.1107,0.3602,high,59.71,83.20,5.19,100.00,"평균별점 4.664, 리뷰 1752건, 재구매율 0.0519, 프로필라벨율 0.3602"
prod_oy_a000000226201,아누아,[단독기획] 아누아 TXA 나이아신 흔적 세럼 30ml 2입,serum,1736,4.779,0.3030,0.1584,0.1780,high,67.46,88.95,30.30,100.00,"평균별점 4.779, 리뷰 1736건, 재구매율 0.3030, 프로필라벨율 0.1780"
prod_oy_a000000243499,온그리디언츠,[1등 속광로션/단독기획] 온그리디언츠 스킨 베리어 카밍 로션 이엑스 220ml 기획 (+80ml),lotion,1728,4.843,0.1748,0.1256,0.3802,high,67.34,92.15,17.48,100.00,"평균별점 4.843, 리뷰 1728건, 재구매율 0.1748, 프로필라벨율 0.3802"
prod_oy_a000000229498,크리니크,[김고은PICK] 크리니크 쏙보습크림 50ml,cream,1688,4.954,0.4011,0.0646,0.0859,high,72.83,97.70,40.11,100.00,"평균별점 4.954, 리뷰 1688건, 재구매율 0.4011, 프로필라벨율 0.0859"
prod_oy_a000000246323,프리메이,[100시간 보습 대용량]프리메이 진정한 수분 크림 100ml (+30ml+30ml),cream,1684,4.917,0.4656,0.1502,0.2975,high,75.02,95.85,46.56,100.00,"평균별점 4.917, 리뷰 1684건, 재구매율 0.4656, 프로필라벨율 0.2975"
prod_oy_a000000210654,아누아,[수지pick/화해1위] 아누아 피디알엔 히알루론산 캡슐 100 세럼 1ml*10ea,serum,1678,4.830,0.3355,0.0948,0.2872,high,69.42,91.50,33.55,100.00,"평균별점 4.830, 리뷰 1678건, 재구매율 0.3355, 프로필라벨율 0.2872"
prod_oy_a000000222797,코스알엑스,[흔적케어] 코스알엑스 더 알파 - 알부틴 세럼 50ml (펩타이드세럼 30ml증정),serum,1668,4.704,0.0408,0.0965,0.3591,high,60.44,85.20,4.08,100.00,"평균별점 4.704, 리뷰 1668건, 재구매율 0.0408, 프로필라벨율 0.3591"
prod_oy_a000000169035,믹순,[올리브영 단독기획] 믹순 콩 에센스 50ml 기획 (+병풀 에센스 20ml),serum,1657,4.588,0.0966,0.1551,0.3730,high,59.02,79.40,9.66,100.00,"평균별점 4.588, 리뷰 1657건, 재구매율 0.0966, 프로필라벨율 0.3730"
prod_oy_a000000205644,메디힐,메디힐 티트리 진정 수분 세럼 40ml,serum,1649,4.634,0.0940,0.0855,0.2608,high,58.97,81.70,9.40,100.00,"평균별점 4.634, 리뷰 1649건, 재구매율 0.0940, 프로필라벨율 0.2608"
prod_oy_a000000229790,구달,구달 청귤 비타C 잡티케어 세럼 알파 50ml 기획 (+35ml 미니어처),serum,1646,4.738,0.0395,0.1160,0.2783,high,61.14,86.90,3.95,100.00,"평균별점 4.738, 리뷰 1646건, 재구매율 0.0395, 프로필라벨율 0.2783"
prod_oy_a000000199405,마녀공장,[속보습] 마녀공장 판테토인 에센스 토너 200ml,toner,1643,4.872,0.1564,0.1869,0.4315,high,68.63,93.60,15.64,100.00,"평균별점 4.872, 리뷰 1643건, 재구매율 0.1564, 프로필라벨율 0.4315"
prod_oy_a000000203907,차앤박,차앤박(CNP) 프로폴리스 액티브 앰플 더블기획(15ml+15ml),serum,1623,4.844,0.1152,0.1996,0.3524,high,66.77,92.20,11.52,100.00,"평균별점 4.844, 리뷰 1623건, 재구매율 0.1152, 프로필라벨율 0.3524"
prod_oy_a000000231293,프리메라,[7월올영픽/탄력광채] 프리메라 비타티놀 바운시 리프트 세럼 30g 기획/단품,serum,1606,4.767,0.0461,0.1712,0.3288,high,62.87,88.35,4.61,100.00,"평균별점 4.767, 리뷰 1606건, 재구매율 0.0461, 프로필라벨율 0.3288"
prod_oy_a000000256153,오어스,"[부루부루도그 콜라보] 오어스 히알루론시카 7초 세럼 인 앰플 105ml 기획 (+애착베개키링,치크팩2p)",serum,1578,4.816,0.1749,0.1362,0.3809,high,66.70,90.80,17.49,100.00,"평균별점 4.816, 리뷰 1578건, 재구매율 0.1749, 프로필라벨율 0.3809"
prod_oy_a000000200353,오어스,[히알속수분세럼 / 대용량기획세트] 오어스 히알루론시카 7초 세럼 인 앰플 105ml 기획(+15ml),serum,1565,4.816,0.1764,0.1355,0.3808,high,66.73,90.80,17.64,100.00,"평균별점 4.816, 리뷰 1565건, 재구매율 0.1764, 프로필라벨율 0.3808"
prod_oy_a000000187127,피지오겔,피지오겔 레드수딩 시카밸런스 크림 80ml 대용량,cream,1544,4.755,0.1528,0.1373,0.3873,high,64.63,87.75,15.28,100.00,"평균별점 4.755, 리뷰 1544건, 재구매율 0.1528, 프로필라벨율 0.3873"
prod_oy_a000000188048,브링그린,브링그린 대나무 히알루 수분 토너 500mL,toner,1513,4.787,0.0859,0.1196,0.2597,high,63.35,89.35,8.59,100.00,"평균별점 4.787, 리뷰 1513건, 재구매율 0.0859, 프로필라벨율 0.2597"
prod_oy_a000000207054,더랩바이블랑두,[대용량/속보습폭발] 더랩바이블랑두 올리고 히알루론산 딥 토너 500ml 대용량 기획 (+100ml),toner,1509,4.907,0.1312,0.1471,0.3592,high,68.33,95.35,13.12,100.00,"평균별점 4.907, 리뷰 1509건, 재구매율 0.1312, 프로필라벨율 0.3592"
prod_oy_a000000207544,파티온,[트러블흔적/단독기획] 파티온 노스카나인 트러블 흔적 앰플 30ml 기획 (+트러블 세럼 15ml),serum,1506,4.772,0.1667,0.1208,0.3081,high,64.81,88.60,16.67,100.00,"평균별점 4.772, 리뷰 1506건, 재구매율 0.1667, 프로필라벨율 0.3081"
prod_oy_a000000219550,아비브,[채서안PICK/3일잡티세럼] 아비브 글루타치온좀 잡티 세럼 비타 드롭 50ml 기획 (+20ml),serum,1481,4.657,0.0662,0.1283,0.2924,high,59.64,82.85,6.62,100.00,"평균별점 4.657, 리뷰 1481건, 재구매율 0.0662, 프로필라벨율 0.2924"
prod_oy_a000000224329,닥터지,"[쿨링수분진정] 닥터지 레드 블레미쉬 클리어 히알 시카 수딩 세럼 50ml 2종(20ml 증정기획, 단품]",serum,1481,4.733,0.0702,0.1377,0.3234,high,62.06,86.65,7.02,100.00,"평균별점 4.733, 리뷰 1481건, 재구매율 0.0702, 프로필라벨율 0.3234"
prod_oy_a000000211547,NDP,NDP 엔디피 베베바이옴 생기탄력 세럼 20ml,serum,1450,4.923,0.4290,0.1910,0.3821,high,75.28,96.15,42.90,100.00,"평균별점 4.923, 리뷰 1450건, 재구매율 0.4290, 프로필라벨율 0.3821"
prod_oy_a000000112172,유세린,[2700만개 판매] 유세린 하이알루론 3X 나이트크림 50ML,cream,1441,4.799,0.1374,0.1874,0.2533,high,65.36,89.95,13.74,100.00,"평균별점 4.799, 리뷰 1441건, 재구매율 0.1374, 프로필라벨율 0.2533"
prod_oy_a000000209826,비플레인,[화잘먹/수딩크림] 비플레인 녹두 모공 타이트업 수딩 크림 60ml 1+1 기획,cream,1437,4.814,0.2937,0.1260,0.3264,high,68.65,90.70,29.37,100.00,"평균별점 4.814, 리뷰 1437건, 재구매율 0.2937, 프로필라벨율 0.3264"
prod_oy_a000000246877,닥터자르트,[리뉴얼/10겹장벽크림] 닥터자르트 세라마이딘 울트라 모이스처라이징 크림 50ml 1+1 기획,cream,1434,4.834,0.2427,0.1353,0.2538,high,67.91,91.70,24.27,100.00,"평균별점 4.834, 리뷰 1434건, 재구매율 0.2427, 프로필라벨율 0.2538"
prod_oy_a000000206077,스킨앤랩,[속보습케어] 스킨앤랩 베리어덤 링거 앰플70ml,serum,1418,4.919,0.4020,0.2080,0.3724,high,74.75,95.95,40.20,100.00,"평균별점 4.919, 리뷰 1418건, 재구매율 0.4020, 프로필라벨율 0.3724"
prod_oy_a000000257591,원씽,[단독기획] 원씽 병풀추출물 150ml 더블 기획 (+병풀 수딩 마스크 2매),toner,1385,4.752,0.1495,0.1639,0.3119,high,64.37,87.60,14.95,100.00,"평균별점 4.752, 리뷰 1385건, 재구매율 0.1495, 프로필라벨율 0.3119"
prod_oy_a000000172453,닥터지,[속건조/진정보습] 닥터지 레드 블레미쉬 클리어 모이스처 크림 70ml 기획 (+30ml 증정),cream,1377,4.790,0.1452,0.1445,0.2643,high,64.90,89.50,14.52,100.00,"평균별점 4.790, 리뷰 1377건, 재구매율 0.1452, 프로필라벨율 0.2643"
prod_oy_a000000154540,원씽,[수분진정/붉은기완화] 원씽 병풀 추출물 토너 150ml,toner,1373,4.749,0.1508,0.1631,0.3103,high,64.30,87.45,15.08,100.00,"평균별점 4.749, 리뷰 1373건, 재구매율 0.1508, 프로필라벨율 0.3103"
prod_oy_a000000219714,파티온,[단독기획/대용량] 파티온 노스카나인 트러블 모공탄력 세럼 50ml 기획(+5ml+크림 5ml),serum,1373,4.746,0.2651,0.1391,0.3008,high,66.21,87.30,26.51,100.00,"평균별점 4.746, 리뷰 1373건, 재구매율 0.2651, 프로필라벨율 0.3008"
prod_oy_a000000179154,더랩바이블랑두,[순한진정] 더랩바이블랑두 그린 플라보노이드 진정 크림 50ml+30ml 기획,cream,1326,4.698,0.1554,0.0935,0.3107,high,62.29,84.90,15.54,100.00,"평균별점 4.698, 리뷰 1326건, 재구매율 0.1554, 프로필라벨율 0.3107"
prod_oy_a000000154177,닥터지,[진정/각질제거/대용량] 닥터지 레드 블레미쉬 클리어 수딩 토너 500ml,toner,1312,4.851,0.0960,0.1387,0.2492,high,65.46,92.55,9.60,100.00,"평균별점 4.851, 리뷰 1312건, 재구매율 0.0960, 프로필라벨율 0.2492"
prod_oy_a000000214675,디어클레어스,[EGF최대함량/1등진정앰플] 클레어스 블루 유스 액티베이팅 드롭 50ml,serum,1308,4.726,0.1735,0.1346,0.3425,high,63.99,86.30,17.35,100.00,"평균별점 4.726, 리뷰 1308건, 재구매율 0.1735, 프로필라벨율 0.3425"
prod_oy_a000000213238,에스네이처,[수분천재 모공결광세럼] 에스네이처 아쿠아 스쿠알란 세럼 50ml 리필팩,serum,1306,4.718,0.1026,0.1210,0.3002,high,62.01,85.90,10.26,100.00,"평균별점 4.718, 리뷰 1306건, 재구매율 0.1026, 프로필라벨율 0.3002"
prod_oy_a000000254067,VT,[포켓몬 에디션] VT 피디알엔 캡슐 크림 100 50ml 더블 기획 (+피카츄 파우치 키링),cream,1306,4.884,0.1240,0.1639,0.4296,high,68.08,94.20,12.40,100.00,"평균별점 4.884, 리뷰 1306건, 재구매율 0.1240, 프로필라벨율 0.4296"
prod_oy_a000000206547,한율,[반쪽모공/리필기획] 한율 보들은행잎 모공핏 세럼 기획 40ml 기획,serum,1287,4.618,0.0326,0.1204,0.3566,high,58.13,80.90,3.26,100.00,"평균별점 4.618, 리뷰 1287건, 재구매율 0.0326, 프로필라벨율 0.3566"
prod_oy_a000000240991,어나더페이스,어나더페이스 펩타테놀10 베리어 세럼 40ml 리필기획세트 (+40ml리필),serum,1284,4.949,0.1628,0.1604,0.3232,high,70.07,97.45,16.28,100.00,"평균별점 4.949, 리뷰 1284건, 재구매율 0.1628, 프로필라벨율 0.3232"
prod_oy_a000000218592,닥터자르트,[한정기획/강력진정크림] 닥터자르트 시카페어 인텐시브 수딩 리페어 크림 50ml 1+1 기획,cream,1275,4.795,0.1388,0.1263,0.3090,high,64.95,89.75,13.88,100.00,"평균별점 4.795, 리뷰 1275건, 재구매율 0.1388, 프로필라벨율 0.3090"
prod_oy_a000000217422,퍼셀,[투명미백] 퍼셀 880억/mL 글루타치온 플렉서블 리포좀 톤업앰플 20ml 기획 (+7ml),serum,1266,4.755,0.1469,0.1856,0.3878,high,65.00,87.75,14.69,100.00,"평균별점 4.755, 리뷰 1266건, 재구매율 0.1469, 프로필라벨율 0.3878"
prod_oy_a000000250105,라로슈포제,라로슈포제 에빠끌라 듀오+ M 트러블 에센스 40ml 기획(+에빠끌라 폼 50ml),serum,1258,4.590,0.0803,0.1232,0.3180,high,58.15,79.50,8.03,100.00,"평균별점 4.590, 리뷰 1258건, 재구매율 0.0803, 프로필라벨율 0.3180"
prod_oy_a000000255677,메디큐브,[수분진정/화잘먹] 메디큐브 PDRN 핑크 히알루로닉 수분크림 100ml 더블기획,cream,1258,4.721,0.0874,0.1232,0.2774,high,61.69,86.05,8.74,100.00,"평균별점 4.721, 리뷰 1258건, 재구매율 0.0874, 프로필라벨율 0.2774"
prod_oy_a000000242563,성분에디터,[산리오 콜라보/물광리프팅]성분에디터 실크펩타이드 EGF 하트핏 볼륨 리프팅 앰플 40ml 더블기획 (+산리오 파우치),serum,1244,4.789,0.1350,0.1632,0.3232,high,65.15,89.45,13.50,100.00,"평균별점 4.789, 리뷰 1244건, 재구매율 0.1350, 프로필라벨율 0.3232"
prod_oy_a000000240908,메디큐브,[속건조수분크림] 메디큐브 PDRN 핑크 히알루로닉 수분크림 50ml 더블기획 (+앰플10ml),cream,1235,4.717,0.0874,0.1223,0.2769,high,61.57,85.85,8.74,100.00,"평균별점 4.717, 리뷰 1235건, 재구매율 0.0874, 프로필라벨율 0.2769"
prod_oy_a000000232217,식물나라,[화잘먹/윤광미백] 식물나라 뽀얀쌀 맑은톤 로션 300mL,lotion,1231,4.643,0.0902,0.1348,0.2510,high,59.59,82.15,9.02,100.00,"평균별점 4.643, 리뷰 1231건, 재구매율 0.0902, 프로필라벨율 0.2510"
prod_oy_a000000188874,웰라쥬,[첫수분토너/대용량] 웰라쥬 리얼 히알루로닉 100 토너 300ml 기획 (+화장솜 60매),toner,1224,4.847,0.2949,0.0907,0.2394,high,68.79,92.35,29.49,100.00,"평균별점 4.847, 리뷰 1224건, 재구매율 0.2949, 프로필라벨율 0.2394"
prod_oy_a000000180543,코스알엑스,코스알엑스 더 레티놀 0.1 크림 20ml,cream,1221,4.649,0.0909,0.1360,0.3628,high,60.34,82.45,9.09,100.00,"평균별점 4.649, 리뷰 1221건, 재구매율 0.0909, 프로필라벨율 0.3628"
prod_oy_a000000239660,피지오겔,피지오겔 DMT 페이셜 보습 장벽 크림 150ml 기획(+토너 50ml),cream,1204,4.811,0.0565,0.1620,0.2492,high,63.80,90.55,5.65,100.00,"평균별점 4.811, 리뷰 1204건, 재구매율 0.0565, 프로필라벨율 0.2492"
prod_oy_a000000191798,센텔리안24,[기미잡티앰플] 센텔리안24 마데카 멜라 캡처 앰플 맥스 15ml 2입 기획,serum,1203,4.792,0.1288,0.1754,0.3666,high,65.44,89.60,12.88,100.00,"평균별점 4.792, 리뷰 1203건, 재구매율 0.1288, 프로필라벨율 0.3666"
prod_oy_a000000251203,바이오더마,바이오더마 세비엄 로션 200ml 기획 (+세비엄 젤무쌍 5ml*3) (2604),toner,1202,4.666,0.0832,0.0657,0.2770,high,59.52,83.30,8.32,100.00,"평균별점 4.666, 리뷰 1202건, 재구매율 0.0832, 프로필라벨율 0.2770"
prod_oy_a000000198539,닥터지,[속보습/수분로션] 닥터지 더모이스처 배리어 D 로션 300ml 기획 (+멀티밤 1g),lotion,1195,4.816,0.0929,0.1130,0.2862,high,64.36,90.80,9.29,100.00,"평균별점 4.816, 리뷰 1195건, 재구매율 0.0929, 프로필라벨율 0.2862"
prod_oy_a000000203639,앰플엔,[7일잡티개선] 앰플엔 블레미샷 잡티앰플 50ml 1+1 단독기획,serum,1190,4.743,0.1891,0.1462,0.2975,high,64.66,87.15,18.91,100.00,"평균별점 4.743, 리뷰 1190건, 재구매율 0.1891, 프로필라벨율 0.2975"
prod_oy_a000000233390,바이오힐보,[모공고민] 바이오힐보 프로바이오덤 콜라겐 리모델링 세럼 30ml (단품/더블기획),serum,1175,4.770,0.0672,0.1574,0.2826,high,63.01,88.50,6.72,100.00,"평균별점 4.770, 리뷰 1175건, 재구매율 0.0672, 프로필라벨율 0.2826"
prod_oy_a000000225127,코스알엑스,[보습장벽크림] 코스알엑스 더 세라마이드 스킨 베리어 모이스처라이저 80ml,cream,1173,4.899,0.0384,0.0614,0.2907,high,65.06,94.95,3.84,100.00,"평균별점 4.899, 리뷰 1173건, 재구매율 0.0384, 프로필라벨율 0.2907"
prod_oy_a000000231116,더페이스샵,[다이노탱 에디션][대용량] 더페이스샵 올티밋 멀티비타 10% 세럼 50ml,serum,1163,4.897,0.3715,0.1969,0.4531,high,73.83,94.85,37.15,100.00,"평균별점 4.897, 리뷰 1163건, 재구매율 0.3715, 프로필라벨율 0.4531"
prod_oy_a000000212016,에센허브,에센허브 티트리 수딩 인 카밍 크림 80ml 기획(+크림 30ml),cream,1157,4.781,0.0864,0.1832,0.4460,high,64.77,89.05,8.64,100.00,"평균별점 4.781, 리뷰 1157건, 재구매율 0.0864, 프로필라벨율 0.4460"
prod_oy_a000000250472,에스트라,[7월 올영픽] 에스트라 에이시카365 리페어 크림 pH4.5 60ml (+크림 20ml+마스크 2매),cream,1157,4.736,0.1219,0.0890,0.2904,high,62.52,86.80,12.19,100.00,"평균별점 4.736, 리뷰 1157건, 재구매율 0.1219, 프로필라벨율 0.2904"
prod_oy_a000000204169,라운드랩,[잡티청소] 라운드랩 비타 나이아신 잡티 세럼 30ml 기획 (+잡티크림 10ml),serum,1125,4.603,0.1040,0.1138,0.2684,high,58.64,80.15,10.40,100.00,"평균별점 4.603, 리뷰 1125건, 재구매율 0.1040, 프로필라벨율 0.2684"
prod_oy_a000000259164,라운드랩,[잡티청소] 라운드랩 비타 나이아신 잡티 세럼 30ml 기획 (+1.5mlx3매),serum,1125,4.603,0.1040,0.1138,0.2684,high,58.64,80.15,10.40,100.00,"평균별점 4.603, 리뷰 1125건, 재구매율 0.1040, 프로필라벨율 0.2684"
prod_oy_a000000228390,잇츠스킨,[청담샵톤업/멀티톤업] 잇츠스킨 시크릿 솔루션 웨딩 드레스 퓨어 크림 100ml,cream,1123,4.862,0.1923,0.1309,0.4123,high,68.42,93.10,19.23,100.00,"평균별점 4.862, 리뷰 1123건, 재구매율 0.1923, 프로필라벨율 0.4123"
prod_oy_a000000235178,성분에디터,[1등모공앰플] 성분에디터 그린토마토 NMN 포어 리프팅 앰플 40ml 더블기획,serum,1110,4.721,0.1117,0.1234,0.2865,high,62.23,86.05,11.17,100.00,"평균별점 4.721, 리뷰 1110건, 재구매율 0.1117, 프로필라벨율 0.2865"
prod_oy_a000000258649,성분에디터,[7월올영픽/곰돌이푸콜라보] 성분에디터 그린토마토 NMN 포어 리프팅 앰플 40ml 더블 기획 (+히퍼 랜덤 1종),serum,1110,4.721,0.1117,0.1234,0.2865,high,62.23,86.05,11.17,100.00,"평균별점 4.721, 리뷰 1110건, 재구매율 0.1117, 프로필라벨율 0.2865"
prod_oy_a000000209747,제로이드,제로이드 수딩 크림 80ml,cream,1106,4.780,0.1040,0.1564,0.4186,high,64.69,89.00,10.40,100.00,"평균별점 4.780, 리뷰 1106건, 재구매율 0.1040, 프로필라벨율 0.4186"
prod_oy_a000000002848,바이오더마,[SNS 대란템]바이오더마 세비엄 포어 리파이너,cream,1100,4.688,0.0809,0.1091,0.3327,high,60.79,84.40,8.09,100.00,"평균별점 4.688, 리뷰 1100건, 재구매율 0.0809, 프로필라벨율 0.3327"
prod_oy_a000000249777,이즈앤트리,[NCT 재민PICK] 이즈앤트리 어니언 뉴페어 겔크림 플러스 50ml 더블 기획 (+20ml),cream,1099,4.783,0.0464,0.0719,0.2566,high,61.96,89.15,4.64,100.00,"평균별점 4.783, 리뷰 1099건, 재구매율 0.0464, 프로필라벨율 0.2566"
prod_oy_a000000197362,라운드랩,[속수분앰플] 라운드랩 자작나무 수분 앰플 50ml 기획 (+크림 20ml),serum,1078,4.750,0.1688,0.1271,0.3302,high,64.42,87.50,16.88,100.00,"평균별점 4.750, 리뷰 1078건, 재구매율 0.1688, 프로필라벨율 0.3302"
prod_oy_a000000159921,라로슈포제,라로슈포제 시카플라스트 로션 B5 판테놀 시카에센스 토너 200ml,toner,1077,4.780,0.1448,0.1383,0.2832,high,64.65,89.00,14.48,100.00,"평균별점 4.780, 리뷰 1077건, 재구매율 0.1448, 프로필라벨율 0.2832"
prod_oy_a000000145286,닥터디퍼런트,[매끈탱탱/레티날0.1%] 닥터디퍼런트 비타리프트-A 포르테 크림 20g,cream,1075,4.687,0.1116,0.1842,0.3609,high,62.27,84.35,11.16,100.00,"평균별점 4.687, 리뷰 1075건, 재구매율 0.1116, 프로필라벨율 0.3609"
prod_oy_a000000184624,닥터디퍼런트,[단독기획/레티날0.1%] 닥터디퍼런트 비타리프트 에이 포르테 2입 기획,cream,1075,4.687,0.1116,0.1842,0.3609,high,62.27,84.35,11.16,100.00,"평균별점 4.687, 리뷰 1075건, 재구매율 0.1116, 프로필라벨율 0.3609"
prod_oy_a000000246414,닥터자르트,[리뉴얼/10겹장벽크림] 닥터자르트 세라마이딘 울트라 모이스처라이징 크림 50ml,cream,1075,4.829,0.2744,0.1284,0.2465,high,68.30,91.45,27.44,100.00,"평균별점 4.829, 리뷰 1075건, 재구매율 0.2744, 프로필라벨율 0.2465"
prod_oy_a000000253623,센텔리안24,[1등 진정/흔적] 센텔리안24 마데카 크림 타임리버스 50ml 더블기획 (+15ml 2ea+푸린 피크닉매트 포켓몬),cream,1067,4.863,0.1022,0.1425,0.3477,high,66.44,93.15,10.22,100.00,"평균별점 4.863, 리뷰 1067건, 재구매율 0.1022, 프로필라벨율 0.3477"
prod_oy_a000000199261,메이크프렘,[2주모공세럼/단독기획] 메이크프렘 엔드포어 베지티놀 모공세럼 50ml 기획(+인테카크림 31ml),serum,1063,4.743,0.1298,0.1900,0.4356,high,64.61,87.15,12.98,100.00,"평균별점 4.743, 리뷰 1063건, 재구매율 0.1298, 프로필라벨율 0.4356"
prod_oy_a000000232030,아렌시아,[잡티흔적토닝/20g증정기획] 아렌시아 젤리 세럼 홀리 히솝 30 50g(+20g),serum,1058,4.644,0.0803,0.1333,0.3166,high,59.73,82.20,8.03,100.00,"평균별점 4.644, 리뷰 1058건, 재구매율 0.0803, 프로필라벨율 0.3166"
prod_oy_a000000158369,에스네이처,[화해1위 3관왕] 에스네이처 아쿠아 오아시스 토너 300ml,toner,1053,4.783,0.1311,0.1595,0.3029,high,64.76,89.15,13.11,100.00,"평균별점 4.783, 리뷰 1053건, 재구매율 0.1311, 프로필라벨율 0.3029"
prod_oy_a000000245087,닥터엘시아,[장원영PICK] 닥터엘시아 345 릴리프 크림 50ml 기획 (+10ml*2ea+튜브링거),cream,1046,4.722,0.1128,0.1071,0.2973,high,62.17,86.10,11.28,100.00,"평균별점 4.722, 리뷰 1046건, 재구매율 0.1128, 프로필라벨율 0.2973"
prod_oy_a000000129771,피지오겔,피지오겔 레드수딩 AI 진정보습 로션 200ml,lotion,1022,4.776,0.1233,0.1301,0.1849,high,63.53,88.80,12.33,100.00,"평균별점 4.776, 리뷰 1022건, 재구매율 0.1233, 프로필라벨율 0.1849"
prod_oy_a000000218948,셀리맥스,[TXA] 셀리맥스 트라넥삼산 브라이트닝 잡티 세럼 30ml 기획 (+10ml),serum,1021,4.938,0.4349,0.1753,0.3888,high,75.69,96.90,43.49,100.00,"평균별점 4.938, 리뷰 1021건, 재구매율 0.4349, 프로필라벨율 0.3888"
prod_oy_a000000235068,리쥬란,[PDRN 물광+윤광 케어] 리쥬란 힐러 턴오버 액티브 크림 50ml (+앰플 5ml 증정),cream,1015,4.814,0.1350,0.1704,0.3271,high,65.92,90.70,13.50,100.00,"평균별점 4.814, 리뷰 1015건, 재구매율 0.1350, 프로필라벨율 0.3271"
prod_oy_a000000201011,식물나라,[화잘먹/윤광미백] 식물나라 뽀얀쌀 맑은톤 로션 300mL,lotion,1013,4.609,0.0809,0.1431,0.2468,high,58.53,80.45,8.09,100.00,"평균별점 4.609, 리뷰 1013건, 재구매율 0.0809, 프로필라벨율 0.2468"
prod_oy_a000000183707,리쥬란,[한정수량/오리지널 c-PDRN] 리쥬란 힐러 턴오버 앰플 듀얼 이펙트 30ml 기획(+7ml),serum,1004,4.803,0.1524,0.1843,0.4173,high,66.56,90.15,15.24,100.00,"평균별점 4.803, 리뷰 1004건, 재구매율 0.1524, 프로필라벨율 0.4173"
prod_oy_a000000206698,빌리프,"[결광톤업][대용량] 빌리프X바나나킥 비타C토닝 세럼 50ml 기획 (+비타팩 25ml, 스트레스볼)",serum,997,4.832,0.0070,0.2227,0.5456,high,65.47,91.60,0.70,100.00,"평균별점 4.832, 리뷰 997건, 재구매율 0.0070, 프로필라벨율 0.5456"
prod_oy_a000000173212,달바,[원스텝케어/사계절맞춤] 달바 더블 세럼 앤 크림 70g,cream,978,4.768,0.1288,0.1616,0.3180,high,64.40,88.40,12.88,100.00,"평균별점 4.768, 리뷰 978건, 재구매율 0.1288, 프로필라벨율 0.3180"
prod_oy_a000000215363,셀퓨전씨,[안티에이징/밀착보습막] 셀퓨전씨 레이저 리쥬버네이션 크림 50ml 더블 기획,cream,970,4.740,0.1763,0.2052,0.2412,high,64.63,87.00,17.63,100.00,"평균별점 4.740, 리뷰 970건, 재구매율 0.1763, 프로필라벨율 0.2412"
prod_oy_a000000203831,스킨푸드,[쫀득물착크림] 스킨푸드 블루 캐모마일 히알루로닉 수분크림 기획(70ml+30ml),cream,962,4.760,0.0821,0.0894,0.3763,high,62.82,88.00,8.21,100.00,"평균별점 4.760, 리뷰 962건, 재구매율 0.0821, 프로필라벨율 0.3763"
prod_oy_a000000189054,에스트라,에스트라 리제덤365 모공탄력 캡슐세럼 30ml,serum,959,4.740,0.0782,0.1554,0.3514,high,62.73,87.00,7.82,100.00,"평균별점 4.740, 리뷰 959건, 재구매율 0.0782, 프로필라벨율 0.3514"
prod_oy_a000000149966,디오디너리,[중강도] 디오디너리 레티놀 0.5% 인 스쿠알란 30ml,serum,957,4.656,0.1181,0.1536,0.3323,high,61.10,82.80,11.81,100.00,"평균별점 4.656, 리뷰 957건, 재구매율 0.1181, 프로필라벨율 0.3323"
prod_oy_a000000203125,피지오겔,[광채 항산화] 피지오겔 사이언수티컬즈 데일리뮨 앰플 세럼 20ml,serum,951,4.802,0.0883,0.1609,0.3828,high,64.84,90.10,8.83,100.00,"평균별점 4.802, 리뷰 951건, 재구매율 0.0883, 프로필라벨율 0.3828"
prod_oy_a000000182795,프리메라,[1+1] 프리메라 알파인 베리 워터리 크림 리필기획/단품,cream,942,4.809,0.1369,0.1274,0.3089,high,65.30,90.45,13.69,100.00,"평균별점 4.809, 리뷰 942건, 재구매율 0.1369, 프로필라벨율 0.3089"
prod_oy_a000000180436,닥터지,[트러블/여드름] 닥터지 에이클리어 스팟 포 페이스 세럼 80ml 대용량 기획세트,serum,937,4.644,0.1153,0.1441,0.3116,high,60.52,82.20,11.53,100.00,"평균별점 4.644, 리뷰 937건, 재구매율 0.1153, 프로필라벨율 0.3116"
prod_oy_a000000103391,코스알엑스,[보습광채] 코스알엑스 어드벤스드 스네일 96 뮤신 파워 에센스 100ml,serum,936,4.910,0.0406,0.0823,0.3194,high,65.76,95.50,4.06,100.00,"평균별점 4.910, 리뷰 936건, 재구매율 0.0406, 프로필라벨율 0.3194"
prod_oy_a000000258676,성분에디터,[7월올영픽/곰돌이푸콜라보] 성분에디터 실크펩타이드 EGF 하트핏 볼륨 리프팅 앰플 40ml 더블기획 (+파우치 증정),serum,929,4.789,0.1442,0.1701,0.3358,high,65.46,89.45,14.42,100.00,"평균별점 4.789, 리뷰 929건, 재구매율 0.1442, 프로필라벨율 0.3358"
prod_oy_a000000247239,이니스프리,[화잘먹/속보습] 이니스프리 그린티 세라마이드 밀크 에센스 160ml 기획 (+25ml),serum,921,4.799,0.0380,0.1488,0.4115,high,63.78,89.95,3.80,100.00,"평균별점 4.799, 리뷰 921건, 재구매율 0.0380, 프로필라벨율 0.4115"
prod_oy_a000000184771,비욘드,[각질/미백/보습장벽] 비욘드 엔젤아쿠아 보습장벽 토너 500ml 대용량,toner,910,4.790,0.1473,0.1857,0.2967,high,65.51,89.50,14.73,100.00,"평균별점 4.790, 리뷰 910건, 재구매율 0.1473, 프로필라벨율 0.2967"
prod_oy_a000000002839,바이오더마,바이오더마 센시비오 토너 250ml,toner,907,4.818,0.3219,0.1312,0.2227,high,68.86,90.90,32.19,100.00,"평균별점 4.818, 리뷰 907건, 재구매율 0.3219, 프로필라벨율 0.2227"
prod_oy_a000000225280,닥터자르트,[1등장벽크림] 닥터자르트 파워 더마 베리어 크림 단독 기획 세트(+7ml+틴케이스),cream,902,4.885,0.1452,0.1729,0.5443,high,69.19,94.25,14.52,100.00,"평균별점 4.885, 리뷰 902건, 재구매율 0.1452, 프로필라벨율 0.5443"
prod_oy_a000000160733,스킨앤랩,[장벽회복] 스킨앤랩 베리어덤 인텐시브 크림 2세대 50ml,cream,900,4.708,0.1511,0.1233,0.2689,high,62.57,85.40,15.11,100.00,"평균별점 4.708, 리뷰 900건, 재구매율 0.1511, 프로필라벨율 0.2689"
prod_oy_a000000225919,하루하루원더,하루하루원더 블랙라이스 히알루로닉 토너 150ml 기획(+30ml),toner,900,4.910,0.2756,0.2378,0.5111,high,72.97,95.50,27.56,100.00,"평균별점 4.910, 리뷰 900건, 재구매율 0.2756, 프로필라벨율 0.5111"
prod_oy_a000000202462,빌리프,[겉속보습] 빌리프 슈퍼드랍스 멀티7 히알루론 더블보습 세럼 30ml 단품/기획 (+30ml 리필 증정),serum,897,4.839,0.0513,0.1828,0.4838,high,65.85,91.95,5.13,100.00,"평균별점 4.839, 리뷰 897건, 재구매율 0.0513, 프로필라벨율 0.4838"
prod_oy_a000000225008,메디큐브,[흔적수분크림] 메디큐브 PDRN 핑크 히알루로닉 수분크림 50ml 더블기획,cream,890,4.715,0.0831,0.1124,0.2944,high,61.42,85.75,8.31,100.00,"평균별점 4.715, 리뷰 890건, 재구매율 0.0831, 프로필라벨율 0.2944"
prod_oy_a000000242341,아이오페,[글로우 부스팅샷] 아이오페 PDRN 카페인 샷 30ml 리필 기획 (+30ml 리필),serum,890,4.799,0.1697,0.1674,0.2933,high,66.01,89.95,16.97,100.00,"평균별점 4.799, 리뷰 890건, 재구매율 0.1697, 프로필라벨율 0.2933"
prod_oy_a000000235580,아리얼,[NEW] 더 에센셜 바이 아리얼 히알루로닉 13 세럼 60ml,serum,889,4.946,0.4027,0.1699,0.4758,high,75.65,97.30,40.27,100.00,"평균별점 4.946, 리뷰 889건, 재구매율 0.4027, 프로필라벨율 0.4758"
prod_oy_a000000259069,아벤느,[미피 파우치 증정/7월 올영픽] 아벤느 이드랑스 에센스 인 로션 200ml 기획 (+100ml*2 + 미피 파우치),serum,886,4.891,0.1129,0.1321,0.3217,high,67.19,94.55,11.29,100.00,"평균별점 4.891, 리뷰 886건, 재구매율 0.1129, 프로필라벨율 0.3217"
prod_oy_a000000188493,이지듀,이지듀 기미잡티앰플 12ml+1ml 기획,serum,874,4.656,0.1796,0.1796,0.3593,high,62.72,82.80,17.96,100.00,"평균별점 4.656, 리뷰 874건, 재구매율 0.1796, 프로필라벨율 0.3593"
prod_oy_a000000116659,유리아쥬,[수분장벽토너] 유리아쥬 제모스 토너 500ml,toner,869,4.795,0.1208,0.1231,0.1922,high,63.97,89.75,12.08,100.00,"평균별점 4.795, 리뷰 869건, 재구매율 0.1208, 프로필라벨율 0.1922"
prod_oy_a000000231891,아누아,[수지 PICK] 아누아 피디알엔 100 히알루론산 부스터 토너 250ml 기획 (+40ml),toner,868,4.729,0.2143,0.1982,0.2558,high,65.09,86.45,21.43,100.00,"평균별점 4.729, 리뷰 868건, 재구매율 0.2143, 프로필라벨율 0.2558"
prod_oy_a000000247691,아이소이,[아이돌Pick/트러블흔적] 아이소이 브라이트닝 카밍 스팟 세럼 35ml 기획 (+10ml),serum,868,4.736,0.0622,0.1889,0.4804,high,63.27,86.80,6.22,100.00,"평균별점 4.736, 리뷰 868건, 재구매율 0.0622, 프로필라벨율 0.4804"
prod_oy_a000000173180,비욘드,[100시간10층보습]비욘드 엔젤아쿠아 보습장벽크림 더블기획(150mlX2입)(비건),cream,848,4.776,0.0613,0.1651,0.2866,high,63.15,88.80,6.13,100.00,"평균별점 4.776, 리뷰 848건, 재구매율 0.0613, 프로필라벨율 0.2866"
prod_oy_a000000231832,한율,[우즈PICK][유분잡는수분] 한율 쑥히알 세럼 40ml 기획(+7ml),serum,847,4.727,0.0567,0.0968,0.3459,high,61.32,86.35,5.67,100.00,"평균별점 4.727, 리뷰 847건, 재구매율 0.0567, 프로필라벨율 0.3459"
prod_oy_a000000183498,에뛰드,[올영 단독] 에뛰드 순정 수분 베리어 크림 75ml 트리오 기획 (75ml X 3EA),cream,838,4.797,0.2554,0.1504,0.2864,high,67.46,89.85,25.54,100.00,"평균별점 4.797, 리뷰 838건, 재구매율 0.2554, 프로필라벨율 0.2864"
prod_oy_a000000149810,바이오더마,바이오더마 아토덤 인텐시브 젤 크림 200ml,cream,837,4.611,0.0526,0.1147,0.2724,high,57.86,80.55,5.26,100.00,"평균별점 4.611, 리뷰 837건, 재구매율 0.0526, 프로필라벨율 0.2724"
prod_oy_a000000199665,리얼베리어,리얼베리어 익스트림 로션 150ml 기획 (+50ml),lotion,836,4.769,0.0993,0.1328,0.2931,high,63.43,88.45,9.93,100.00,"평균별점 4.769, 리뷰 836건, 재구매율 0.0993, 프로필라벨율 0.2931"
prod_oy_a000000231084,차앤박,[대용량 한정기획] 차앤박 프로폴리스 트리트먼트 앰플 에센스 300ml 기획 (+화장솜 190매),serum,833,4.867,0.2125,0.1573,0.3181,high,68.76,93.35,21.25,100.00,"평균별점 4.867, 리뷰 833건, 재구매율 0.2125, 프로필라벨율 0.3181"
prod_oy_a000000233009,숨37,[피부장벽강화] 숨37 시크릿 에센스 50ml+50ml 리필 기획,serum,831,4.903,0.0481,0.1733,0.4850,high,67.45,95.15,4.81,100.00,"평균별점 4.903, 리뷰 831건, 재구매율 0.0481, 프로필라벨율 0.4850"
prod_oy_a000000222848,파티온,[단독기획/수분충전템] 파티온 포도당 하이드로 크림 60ml 기획(+10ml),cream,830,4.834,0.2120,0.1012,0.3325,high,67.35,91.70,21.20,100.00,"평균별점 4.834, 리뷰 830건, 재구매율 0.2120, 프로필라벨율 0.3325"
prod_oy_a000000250632,제로이드,제로이드 인텐시브 로션 160ml 기획 (+크림 토너 25ml),lotion,829,4.838,0.1460,0.1496,0.2569,high,66.25,91.90,14.60,100.00,"평균별점 4.838, 리뷰 829건, 재구매율 0.1460, 프로필라벨율 0.2569"
prod_oy_a000000199652,리얼베리어,리얼베리어 익스트림 에센스 토너 300ml,toner,827,4.748,0.0859,0.1306,0.2128,high,62.16,87.40,8.59,100.00,"평균별점 4.748, 리뷰 827건, 재구매율 0.0859, 프로필라벨율 0.2128"
prod_oy_a000000233187,헤브블루,[한정기획/진정PDRN] 헤브블루 살몬 케어링 센텔라 토너 200ml 기획 (+센텔라앰플13ml+버블디스펜서),toner,817,4.772,0.1860,0.1212,0.2644,high,64.98,88.60,18.60,100.00,"평균별점 4.772, 리뷰 817건, 재구매율 0.1860, 프로필라벨율 0.2644"
prod_oy_a000000247092,구달,[흔적/색소침착] 구달 청귤 비타C E TXA 세럼 30ml 기획 (+TXA 미스트 50ml),serum,817,4.869,0.1909,0.1408,0.4761,high,69.00,93.45,19.09,100.00,"평균별점 4.869, 리뷰 817건, 재구매율 0.1909, 프로필라벨율 0.4761"
prod_oy_a000000218756,라운드랩,[흔적말끔] 라운드랩 소나무 진정 시카 크림 플러스 60ml 기획 (+토너 20ml),cream,811,4.704,0.1529,0.1208,0.2922,high,62.59,85.20,15.29,100.00,"평균별점 4.704, 리뷰 811건, 재구매율 0.1529, 프로필라벨율 0.2922"
prod_oy_a000000229094,퍼셀,[장벽결광] 퍼셀 픽셀바이옴 글로우 배리어 유산균 세럼 50ml 기획 (+15ml),serum,811,4.841,0.1344,0.1776,0.2454,high,66.32,92.05,13.44,100.00,"평균별점 4.841, 리뷰 811건, 재구매율 0.1344, 프로필라벨율 0.2454"
prod_oy_a000000213457,센텔리안24,[1등 모공세럼] 센텔리안24 마데카 분말 티트리 에이씨 기획 (겔 세럼 15ml),serum,788,4.655,0.0622,0.1231,0.3858,high,59.92,82.75,6.22,100.00,"평균별점 4.655, 리뷰 788건, 재구매율 0.0622, 프로필라벨율 0.3858"
prod_oy_a000000202437,VT,[보습 광채탄력] VT 산삼 PDRN 에센스 100 30ml,serum,778,4.740,0.0900,0.1594,0.4512,high,63.50,87.00,9.00,100.00,"평균별점 4.740, 리뷰 778건, 재구매율 0.0900, 프로필라벨율 0.4512"
prod_oy_a000000198321,에스트라,에스트라 아토베리어365 로션 150ml,lotion,770,4.839,0.0883,0.1143,0.2961,high,64.96,91.95,8.83,100.00,"평균별점 4.839, 리뷰 770건, 재구매율 0.0883, 프로필라벨율 0.2961"
prod_oy_a000000199889,리얼베리어,[조슈아PICK/화잘먹] 리얼베리어 익스트림 크림 라이트 70ml 기획 (+30ml),cream,764,4.758,0.0445,0.1545,0.3599,high,62.58,87.90,4.45,100.00,"평균별점 4.758, 리뷰 764건, 재구매율 0.0445, 프로필라벨율 0.3599"
prod_oy_a000000254723,아이오페,아이오페 레티놀 레티젝션 세럼 30ml 기획 (+15ml),serum,764,4.810,0.0615,0.1885,0.3220,high,64.50,90.50,6.15,100.00,"평균별점 4.810, 리뷰 764건, 재구매율 0.0615, 프로필라벨율 0.3220"
prod_oy_a000000207029,제나벨,제나벨 PDRN 리쥬비네이팅 크림 70ml,cream,759,4.837,0.0949,0.1924,0.4743,high,66.71,91.85,9.49,100.00,"평균별점 4.837, 리뷰 759건, 재구매율 0.0949, 프로필라벨율 0.4743"
prod_oy_a000000212690,브링그린,브링그린 대나무 히알루 수분 부스팅 크림 100ml (2입기획/단품),cream,757,4.816,0.0951,0.0885,0.2523,high,63.99,90.80,9.51,100.00,"평균별점 4.816, 리뷰 757건, 재구매율 0.0951, 프로필라벨율 0.2523"
prod_oy_a000000200666,토리든,[단독기획] 토리든 셀메이징 저분자 콜라겐 탄력 크림 60ml 기획 (+20ml),cream,747,4.746,0.1232,0.1191,0.3333,high,63.34,87.30,12.32,100.00,"평균별점 4.746, 리뷰 747건, 재구매율 0.1232, 프로필라벨율 0.3333"
prod_oy_a000000121268,싸이닉,싸이닉 더 심플 데일리 로션 145ml,lotion,744,4.676,0.1116,0.1317,0.1868,high,60.57,83.80,11.16,100.00,"평균별점 4.676, 리뷰 744건, 재구매율 0.1116, 프로필라벨율 0.1868"
prod_oy_a000000238929,차앤박,[광채크림/NEW대용량] 차앤박 프로폴리스 앰플 액티브 샷 크림 75ml 2입,cream,726,4.850,0.1736,0.1322,0.2989,high,67.16,92.50,17.36,100.00,"평균별점 4.850, 리뷰 726건, 재구매율 0.1736, 프로필라벨율 0.2989"
prod_oy_a000000144843,라운드랩,[저자극] 라운드랩 1025 독도 크림 80ml 기획 (+20ml),cream,719,4.734,0.1001,0.1029,0.1711,high,61.57,86.70,10.01,100.00,"평균별점 4.734, 리뷰 719건, 재구매율 0.1001, 프로필라벨율 0.1711"
prod_oy_a000000149970,디오디너리,[고강도] 디오디너리 레티놀 1% 인 스쿠알란 30ml,serum,714,4.648,0.1737,0.1345,0.3081,high,61.68,82.40,17.37,100.00,"평균별점 4.648, 리뷰 714건, 재구매율 0.1737, 프로필라벨율 0.3081"
prod_oy_a000000210415,헤브블루,[증정기획 진정PDRN] 헤브블루 살몬 PDRN 센텔라 토너 200ml 기획 (+연어 크림 20ml),toner,711,4.775,0.1955,0.1238,0.2616,high,65.27,88.75,19.55,100.00,"평균별점 4.775, 리뷰 711건, 재구매율 0.1955, 프로필라벨율 0.2616"
prod_oy_a000000233337,션리,[수분진정/광채캡슐크림] 션리 다시마 글레이즈드 크림 50g,cream,707,4.975,0.4597,0.2504,0.3055,high,77.54,98.75,45.97,100.00,"평균별점 4.975, 리뷰 707건, 재구매율 0.4597, 프로필라벨율 0.3055"
prod_oy_a000000176351,클라뷰,클라뷰 리얼 비건 저분자 콜라겐 탄력 앰플 30ml,serum,705,4.912,0.5589,0.4113,0.3220,high,79.48,95.60,55.89,100.00,"평균별점 4.912, 리뷰 705건, 재구매율 0.5589, 프로필라벨율 0.3220"
prod_oy_a000000182787,파티온,[약산성/저자극] 파티온 노스카나인 트러블 클리어 토너 200ml,toner,704,4.771,0.1832,0.1207,0.3168,high,65.16,88.55,18.32,100.00,"평균별점 4.771, 리뷰 704건, 재구매율 0.1832, 프로필라벨율 0.3168"
prod_oy_a000000208059,에딧비,[붉은피부진정/겉속보습] 에딧비 진정 톡 시카 어성초 겔 에센스 200ml,serum,704,4.841,0.4560,0.2301,0.6293,high,75.20,92.05,45.60,100.00,"평균별점 4.841, 리뷰 704건, 재구매율 0.4560, 프로필라벨율 0.6293"
prod_oy_a000000129474,코스알엑스,코스알엑스 풀핏 프로폴리스 시너지 토너 280ml,toner,702,4.754,0.1154,0.1339,0.2080,high,62.92,87.70,11.54,100.00,"평균별점 4.754, 리뷰 702건, 재구매율 0.1154, 프로필라벨율 0.2080"
prod_oy_a000000243732,메이크프렘,[NEW/신상] 메이크프렘 NMN 퍼밍 엑스퍼트 앰플 50ml,serum,698,4.885,0.0258,0.2335,0.5473,high,67.42,94.25,2.58,100.00,"평균별점 4.885, 리뷰 698건, 재구매율 0.0258, 프로필라벨율 0.5473"
prod_oy_a000000190700,로벡틴,[역대급 이벤트/SNS대란템] 로벡틴 히알루론산 에센스 180ml 리필기획(+리필 120ml),serum,697,4.776,0.1793,0.1779,0.2511,high,65.46,88.80,17.93,100.00,"평균별점 4.776, 리뷰 697건, 재구매율 0.1793, 프로필라벨율 0.2511"
prod_oy_a000000183744,한율,[시카보다 4배*강한] 한율 어린쑥 수분진정 플루이드 125ml,lotion,695,4.813,0.1381,0.1396,0.2878,high,65.45,90.65,13.81,100.00,"평균별점 4.813, 리뷰 695건, 재구매율 0.1381, 프로필라벨율 0.2878"
prod_oy_a000000213615,샤이샤이샤이,[속광화잘먹] 샤이샤이샤이 리포좀 리페어 밀키 크림 50ml,cream,692,4.763,0.2630,0.1243,0.2962,high,66.47,88.15,26.30,100.00,"평균별점 4.763, 리뷰 692건, 재구매율 0.2630, 프로필라벨율 0.2962"
prod_oy_a000000211085,오드로이,[화잘먹크림] 오드로이 모공수축크림 로프디 모공타이트닝 100ml,cream,691,4.480,0.0521,0.1114,0.3343,high,54.53,74.00,5.21,100.00,"평균별점 4.480, 리뷰 691건, 재구매율 0.0521, 프로필라벨율 0.3343"
prod_oy_a000000211109,파티온,파티온 노스카나인 트러블 흔적 리페어 크림 50ml 기획 (+5ml),cream,691,4.748,0.1216,0.1100,0.3300,high,63.25,87.40,12.16,100.00,"평균별점 4.748, 리뷰 691건, 재구매율 0.1216, 프로필라벨율 0.3300"
prod_oy_a000000128084,에르쯔틴,에르쯔틴 리제너레이티브 실트 크림 50g,cream,688,4.815,0.3343,0.1439,0.2616,high,69.35,90.75,33.43,100.00,"평균별점 4.815, 리뷰 688건, 재구매율 0.3343, 프로필라벨율 0.2616"
prod_oy_a000000153874,라네즈,[2주 톤업] 라네즈 래디언씨 크림 30ml 기획 (+7+7ml),cream,687,4.600,0.1412,0.1674,0.2169,high,59.58,80.00,14.12,100.00,"평균별점 4.600, 리뷰 687건, 재구매율 0.1412, 프로필라벨율 0.2169"
prod_oy_a000000199257,로우퀘스트,로우퀘스트 베리어 리커버리 크림 80ml,cream,684,4.918,0.2047,0.2193,0.5468,high,71.77,95.90,20.47,100.00,"평균별점 4.918, 리뷰 684건, 재구매율 0.2047, 프로필라벨율 0.5468"
prod_oy_a000000203170,식물나라,식물나라 뽀얀쌀 맑은톤 토너 500mL,toner,683,4.714,0.0835,0.1362,0.2621,high,61.48,85.70,8.35,100.00,"평균별점 4.714, 리뷰 683건, 재구매율 0.0835, 프로필라벨율 0.2621"
prod_oy_a000000235855,메디힐,[수분흔적크림] 메디힐 마데카소사이드 흔적 리페어 더마 크림 50ml,cream,676,4.645,0.0666,0.0902,0.3062,high,59.00,82.25,6.66,100.00,"평균별점 4.645, 리뷰 676건, 재구매율 0.0666, 프로필라벨율 0.3062"
prod_oy_a000000209904,제로이드,제로이드 수딩 로션 160ml,lotion,674,4.770,0.1780,0.1261,0.2433,high,64.71,88.50,17.80,100.00,"평균별점 4.770, 리뷰 674건, 재구매율 0.1780, 프로필라벨율 0.2433"
prod_oy_a000000218549,에스트라,에스트라 에이시카365 수분토너 pH4.5 200ml,toner,674,4.780,0.1454,0.0861,0.2774,high,64.11,89.00,14.54,100.00,"평균별점 4.780, 리뷰 674건, 재구매율 0.1454, 프로필라벨율 0.2774"
prod_oy_a000000208056,에딧비,[24시간광채/미백] 에딧비 톤결 피치 나이아신아마이드 글루타치온 겔 에센스 200ml,serum,672,4.802,0.4509,0.2634,0.6205,high,74.31,90.10,45.09,100.00,"평균별점 4.802, 리뷰 672건, 재구매율 0.4509, 프로필라벨율 0.6205"
prod_oy_a000000168871,CKD,CKD 레티노콜라겐 저분자 300 크림 1+1 기획,cream,667,4.742,0.1154,0.1814,0.3298,high,63.68,87.10,11.54,100.00,"평균별점 4.742, 리뷰 667건, 재구매율 0.1154, 프로필라벨율 0.3298"
prod_oy_a000000185456,나인위시스,[수분톤업/화잘먹 톤프렙] 나인위시스 비건 화이트 톤업 크림 50ml,cream,666,4.608,0.0601,0.1126,0.3018,high,58.06,80.40,6.01,100.00,"평균별점 4.608, 리뷰 666건, 재구매율 0.0601, 프로필라벨율 0.3018"
prod_oy_a000000209634,조선미녀,[단독/광채보습] 조선미녀 광채프로폴리스세럼 30ml 기획 (+10ml 증정),serum,665,4.792,0.0571,0.2045,0.4602,high,64.77,89.60,5.71,100.00,"평균별점 4.792, 리뷰 665건, 재구매율 0.0571, 프로필라벨율 0.4602"
prod_oy_a000000210973,유리아쥬,[보습장벽 광채크림] 유리아쥬 제모스 PSO 150ml 기획 (+리페어링 떼르말 워터 50ml 증정),cream,663,4.637,0.0875,0.1538,0.3620,high,60.12,81.85,8.75,100.00,"평균별점 4.637, 리뷰 663건, 재구매율 0.0875, 프로필라벨율 0.3620"
prod_oy_a000000218340,프리메라,프리메라 오가니언스 워터리 에센스 250ml+150ml 리필기획/단품,serum,660,4.803,0.0606,0.1333,0.3348,high,63.80,90.15,6.06,100.00,"평균별점 4.803, 리뷰 660건, 재구매율 0.0606, 프로필라벨율 0.3348"
prod_oy_a000000189328,파티온,파티온 노스카나인 트러블 흔적앰플 15ml,serum,655,4.556,0.1038,0.1374,0.3511,high,58.00,77.80,10.38,100.00,"평균별점 4.556, 리뷰 655건, 재구매율 0.1038, 프로필라벨율 0.3511"
prod_oy_a000000243680,피지오겔,피지오겔 DMT 페이셜 로션 200ml 기획 (+로션 50ml),lotion,655,4.884,0.0824,0.1649,0.2198,high,66.21,94.20,8.24,100.00,"평균별점 4.884, 리뷰 655건, 재구매율 0.0824, 프로필라벨율 0.2198"
prod_oy_a000000244833,아이소이,[망곰 콜라보] 아이소이 모이스춰 닥터 장수진 수분토너 130ml 기획 (+크림 20ml+머리핀),toner,653,4.776,0.1194,0.1164,0.2772,high,63.78,88.80,11.94,100.00,"평균별점 4.776, 리뷰 653건, 재구매율 0.1194, 프로필라벨율 0.2772"
prod_oy_a000000159982,마몽드,마몽드 블루 캐모마일 크림 60ml 기획 (+30ml),cream,644,4.705,0.1553,0.1242,0.2578,high,62.52,85.25,15.53,100.00,"평균별점 4.705, 리뷰 644건, 재구매율 0.1553, 프로필라벨율 0.2578"
prod_oy_a000000210288,파티온,[단독기획/PDRN] 파티온 노스카나인 트러블 모공탄력 크림 45ml 기획(+15ml),cream,639,4.848,0.2003,0.1142,0.3333,high,67.63,92.40,20.03,100.00,"평균별점 4.848, 리뷰 639건, 재구매율 0.2003, 프로필라벨율 0.3333"
prod_oy_a000000233336,션리,[즉각쿨링/SOS진정세럼] 션리 다시마 그리너리 세럼35ml,serum,638,4.975,0.4404,0.2492,0.3009,high,77.12,98.75,44.04,100.00,"평균별점 4.975, 리뷰 638건, 재구매율 0.4404, 프로필라벨율 0.3009"
prod_oy_a000000259221,바이오던스,[7월 올영픽/퍼글러 키링 증정] 바이오던스 포어 퍼펙팅 콜라겐 펩타이드 세럼 30ml 리필기획(+퍼글러 인형 키링),serum,635,4.762,0.0976,0.1449,0.3953,high,63.83,88.10,9.76,100.00,"평균별점 4.762, 리뷰 635건, 재구매율 0.0976, 프로필라벨율 0.3953"
prod_oy_a000000188947,한율,한율 빨간쌀 에센스 150ml(+40ml)기획,serum,634,4.879,0.1782,0.2587,0.4495,high,70.07,93.95,17.82,100.00,"평균별점 4.879, 리뷰 634건, 재구매율 0.1782, 프로필라벨율 0.4495"
prod_oy_a000000219106,나인위시스,[수쫀광/화잘먹 위시앰플] 나인위시스 하이드라 수분 앰플 나노 플러스 50ml,serum,629,4.706,0.0874,0.0859,0.3005,high,61.02,85.30,8.74,100.00,"평균별점 4.706, 리뷰 629건, 재구매율 0.0874, 프로필라벨율 0.3005"
prod_oy_a000000228580,바이오던스,[모공/광채] 바이오던스 포어 퍼펙팅 콜라겐 펩타이드 세럼 30ml 기획 (+10ml),serum,629,4.763,0.0986,0.1447,0.3927,high,63.87,88.15,9.86,100.00,"평균별점 4.763, 리뷰 629건, 재구매율 0.0986, 프로필라벨율 0.3927"
prod_oy_a000000203171,식물나라,식물나라 어린녹차 촉촉 진정토너 500mL,toner,627,4.759,0.1132,0.1276,0.3509,high,63.67,87.95,11.32,100.00,"평균별점 4.759, 리뷰 627건, 재구매율 0.1132, 프로필라벨율 0.3509"
prod_oy_a000000247823,바이오던스,[한정기획] 바이오던스 포어 퍼펙팅 콜라겐 펩타이드 크림 50ml 기획 (+크림10ml+세럼10ml),cream,627,4.708,0.0415,0.1499,0.3349,high,60.97,85.40,4.15,100.00,"평균별점 4.708, 리뷰 627건, 재구매율 0.0415, 프로필라벨율 0.3349"
prod_oy_a000000198624,비레디,[트러블 진정+모공 축소] 시카페인 트러블 리셋 세럼,serum,609,4.670,0.1708,0.1117,0.3087,high,62.00,83.50,17.08,100.00,"평균별점 4.670, 리뷰 609건, 재구매율 0.1708, 프로필라벨율 0.3087"
prod_oy_a000000223296,뉴라덤,[화잘먹크림] 메디톡스 뉴라덤 더마크림 100g [기획(+20g)/단품],cream,603,4.957,0.3035,0.1260,0.4362,high,73.33,97.85,30.35,100.00,"평균별점 4.957, 리뷰 603건, 재구매율 0.3035, 프로필라벨율 0.4362"
prod_oy_a000000174023,닥터지,[진정보습] 닥터지 레드 블레미쉬 클리어 모이스처 토너 증정 기획 (토너 300ml+크림30ml),toner,600,4.842,0.1067,0.1517,0.2933,high,65.77,92.10,10.67,100.00,"평균별점 4.842, 리뷰 600건, 재구매율 0.1067, 프로필라벨율 0.2933"
prod_oy_a000000255852,레이어랩,[1+1/속보습 진정세럼] 레이어랩 니오좀 판테놀 5% 세럼 30ml+30ml 더블 기획,serum,600,4.905,0.1617,0.1850,0.4850,high,69.90,95.25,16.17,100.00,"평균별점 4.905, 리뷰 600건, 재구매율 0.1617, 프로필라벨율 0.4850"
prod_oy_a000000231833,한율,[우즈PICK][유분잡는수분] 한율 쑥히알 수분 크림 60ml 기획(+31ml),cream,598,4.706,0.1054,0.0936,0.3712,high,61.82,85.30,10.54,100.00,"평균별점 4.706, 리뷰 598건, 재구매율 0.1054, 프로필라벨율 0.3712"
prod_oy_a000000228599,메디힐,메디힐 PDRN 모공 탄력 세럼 40ml,serum,593,4.676,0.1653,0.0911,0.2749,high,61.68,83.80,16.53,100.00,"평균별점 4.676, 리뷰 593건, 재구매율 0.1653, 프로필라벨율 0.2749"
prod_oy_a000000199404,마녀공장,[속보습] 마녀공장 판테토인 크림 80ml,cream,592,4.861,0.1014,0.1537,0.4595,high,67.04,93.05,10.14,100.00,"평균별점 4.861, 리뷰 592건, 재구매율 0.1014, 프로필라벨율 0.4595"
prod_oy_a000000253401,레이어랩,[6.9배 속보습 진정세럼] 레이어랩 니오좀 판테놀 5% 세럼 30ml 기획 (+1.5ml*5ea),serum,575,4.910,0.1687,0.1878,0.4817,high,70.19,95.50,16.87,100.00,"평균별점 4.910, 리뷰 575건, 재구매율 0.1687, 프로필라벨율 0.4817"
prod_oy_a000000208057,에딧비,[48H수분지속/대용량] 에딧비 수분 장벽 팡 히알루론산 판테놀 앰플 100ml,serum,567,4.862,0.2769,0.2293,0.5661,high,71.87,93.10,27.69,100.00,"평균별점 4.862, 리뷰 567건, 재구매율 0.2769, 프로필라벨율 0.5661"
prod_oy_a000000218587,닥터자르트,[한정기획/강력진정세럼] 닥터자르트 시카페어 인텐시브 수딩 리페어 세럼 30ml 1+1 기획,serum,564,4.782,0.0638,0.1560,0.4965,high,64.32,89.10,6.38,100.00,"평균별점 4.782, 리뷰 564건, 재구매율 0.0638, 프로필라벨율 0.4965"
prod_oy_a000000257128,구달,[텔레토비 콜라보] 구달 어성초 히알루론 수딩 크림 75ml 리필 기획 (+75ml) (+왕 스티커 3매),cream,560,4.770,0.0857,0.1125,0.3161,high,63.09,88.50,8.57,100.00,"평균별점 4.770, 리뷰 560건, 재구매율 0.0857, 프로필라벨율 0.3161"
prod_oy_a000000210550,폴라초이스,[바르는각질제거제]폴라초이스 스킨퍼펙팅 바하 리퀴드 118ml 기획,toner,555,4.676,0.0847,0.1297,0.3423,high,60.79,83.80,8.47,100.00,"평균별점 4.676, 리뷰 555건, 재구매율 0.0847, 프로필라벨율 0.3423"
prod_oy_a000000230916,성분에디터,[포켓몬 에디션/화잘먹크림] 성분에디터 그린토마토 NMN 포어 리프팅 크림 50ml 더블 기획 (+포켓몬 키링+스티커),cream,554,4.684,0.0505,0.1534,0.3755,high,60.73,84.20,5.05,100.00,"평균별점 4.684, 리뷰 554건, 재구매율 0.0505, 프로필라벨율 0.3755"
prod_oy_a000000200039,넘버즈인,[흔적미백] 넘버즈인 5번 글루타치온씨 비타수액 에센셜 토너 200ml,toner,552,4.678,0.0779,0.1431,0.3152,high,60.71,83.90,7.79,100.00,"평균별점 4.678, 리뷰 552건, 재구매율 0.0779, 프로필라벨율 0.3152"
prod_oy_a000000159468,닥터디퍼런트,[잡티톤업/비타민C세럼] 닥터디퍼런트 CEQ 안티옥시던트 세럼 15ml,serum,540,4.811,0.2333,0.2574,0.2796,high,68.44,90.55,23.33,100.00,"평균별점 4.811, 리뷰 540건, 재구매율 0.2333, 프로필라벨율 0.2796"
prod_oy_a000000139347,라로슈포제,라로슈포제 똘러리앙 울트라 로션 200ML,toner,534,4.824,0.1461,0.1217,0.2228,high,65.41,91.20,14.61,100.00,"평균별점 4.824, 리뷰 534건, 재구매율 0.1461, 프로필라벨율 0.2228"
prod_oy_a000000160531,나인위시스,[화잘먹매끈결앰플] 나인위시스 하이드라 크림 앰플 더블 기획 (30ml+30ml),serum,534,4.743,0.1442,0.1742,0.2566,high,63.84,87.15,14.42,100.00,"평균별점 4.743, 리뷰 534건, 재구매율 0.1442, 프로필라벨율 0.2566"
prod_oy_a000000184941,이즈앤트리,[NCT 재민PICK] 이즈앤트리 초저분자 히아루론산 세럼 50ml,serum,531,4.725,0.1808,0.1356,0.3390,high,64.10,86.25,18.08,100.00,"평균별점 4.725, 리뷰 531건, 재구매율 0.1808, 프로필라벨율 0.3390"
prod_oy_a000000186997,닥터오라클,[화해어워드 1위/모공앰플] 닥터오라클 레티노타이트닝 비타민A 레티놀 앰플 50ml,serum,531,4.831,0.1638,0.2411,0.5047,high,68.56,91.55,16.38,100.00,"평균별점 4.831, 리뷰 531건, 재구매율 0.1638, 프로필라벨율 0.5047"
prod_oy_a000000258831,피지오겔,[7월올영픽/손상장벽리페어] 피지오겔 레드수딩 AI 리페어 크림 100m 기획(+30ml+마스크 2매),cream,530,4.781,0.0509,0.1415,0.3057,high,62.94,89.05,5.09,100.00,"평균별점 4.781, 리뷰 530건, 재구매율 0.0509, 프로필라벨율 0.3057"
prod_oy_a000000141900,유세린,[1+1/모공케어] 유세린 더모리페어 솔루션 토너 200ml 더블 기획 (200ml+200ml),toner,523,4.734,0.1185,0.1166,0.2314,high,62.38,86.70,11.85,100.00,"평균별점 4.734, 리뷰 523건, 재구매율 0.1185, 프로필라벨율 0.2314"
prod_oy_a000000255729,동아제약,[단독기획] 동아제약 아크네 프로 크림제 30ml 기획(+3ml+겔제3ml),cream,521,4.858,0.3033,0.1017,0.4319,high,70.34,92.90,30.33,100.00,"평균별점 4.858, 리뷰 521건, 재구매율 0.3033, 프로필라벨율 0.4319"
prod_oy_a000000161314,유세린,[모공케어] 유세린 더머토클린 클래리파잉 토너 200ml,toner,520,4.742,0.1192,0.1173,0.2327,high,62.63,87.10,11.92,100.00,"평균별점 4.742, 리뷰 520건, 재구매율 0.1192, 프로필라벨율 0.2327"
prod_oy_a000000184963,몰바니,몰바니 율피 포어 타이트닝 세럼 50ml,serum,519,4.794,0.1830,0.2794,0.5780,high,68.68,89.70,18.30,100.00,"평균별점 4.794, 리뷰 519건, 재구매율 0.1830, 프로필라벨율 0.5780"
prod_oy_a000000213323,더마펌,[나띠PICK][증정이벤트/흔적케어크림] 더마펌 수딩 리페어 토닝 크림 R4 50ml 기획 (+30ml),cream,518,4.878,0.1602,0.1274,0.3900,high,68.07,93.90,16.02,100.00,"평균별점 4.878, 리뷰 518건, 재구매율 0.1602, 프로필라벨율 0.3900"
prod_oy_a000000255721,동아제약,[단독기획] 동아제약 색소침착 프로 크림제 40ml 기획(+5ml*2),cream,517,4.768,0.1083,0.1180,0.4139,high,64.04,88.40,10.83,100.00,"평균별점 4.768, 리뷰 517건, 재구매율 0.1083, 프로필라벨율 0.4139"
prod_oy_a000000204308,바이오힐보,[모공고민|화잘먹] 바이오힐보 프로바이오덤 콜라겐 리모델링 크림 [단품/증정기획],cream,512,4.834,0.1543,0.1387,0.2520,high,66.17,91.70,15.43,100.00,"평균별점 4.834, 리뷰 512건, 재구매율 0.1543, 프로필라벨율 0.2520"
prod_oy_a000000188968,디마르3,[1등 모공앰플] 디마르3 시그니처 에스투드 프로텍터 대용량 모공 앰플 170ml,serum,510,4.776,0.2216,0.1843,0.2863,high,66.55,88.80,22.16,100.00,"평균별점 4.776, 리뷰 510건, 재구매율 0.2216, 프로필라벨율 0.2863"
prod_oy_a000000208055,에딧비,[붉은피부진정/속보습] 에딧비 진정 톡 시카 어성초 크림 100ml,cream,509,4.880,0.4145,0.2475,0.6149,high,75.54,94.00,41.45,100.00,"평균별점 4.880, 리뷰 509건, 재구매율 0.4145, 프로필라벨율 0.6149"
prod_oy_a000000246297,코페르,[광채/기미] 코페르 큐리페어 멜라크림 21ml 기획(+4ml),cream,505,4.889,0.4594,0.2911,0.3287,high,75.69,94.45,45.94,100.00,"평균별점 4.889, 리뷰 505건, 재구매율 0.4594, 프로필라벨율 0.3287"
prod_oy_a000000188233,빌리프,[수분잠금/워터젤에센스] 빌리프 뉴메로 10 에센스 125ml 단품/기획(+35ml 추가 증정),serum,501,4.838,0.0758,0.1856,0.4651,high,66.24,91.90,7.58,100.00,"평균별점 4.838, 리뷰 501건, 재구매율 0.0758, 프로필라벨율 0.4651"
prod_oy_a000000237493,코스노리,[장벽로션/화잘먹로션] 코스노리 판테놀 베리어 에멀전 150ml,lotion,501,4.904,0.0479,0.1457,0.4072,high,66.81,95.20,4.79,100.00,"평균별점 4.904, 리뷰 501건, 재구매율 0.0479, 프로필라벨율 0.4072"
prod_oy_a000000213326,더마펌,[나띠PICK][증정이벤트/잡티케어] 더마펌 수딩 리페어 토닝 세럼 R4 30ml 기획 (+리필 30ml),serum,494,4.820,0.1417,0.1538,0.3583,high,66.21,91.00,14.17,100.00,"평균별점 4.820, 리뷰 494건, 재구매율 0.1417, 프로필라벨율 0.3583"
prod_oy_a000000203207,바이오힐보,[탄력토너] 바이오힐보 프로바이오덤 3D 리프팅 에센셜 토너 150ml,toner,492,4.872,0.1626,0.0894,0.2622,high,66.94,93.60,16.26,100.00,"평균별점 4.872, 리뷰 492건, 재구매율 0.1626, 프로필라벨율 0.2622"
prod_oy_a000000213409,반코르,[색소침착 진정크림] 덱스판테놀17만ppm 장벽크림,cream,491,4.460,0.1466,0.1141,0.2953,high,55.70,73.00,14.66,100.00,"평균별점 4.460, 리뷰 491건, 재구매율 0.1466, 프로필라벨율 0.2953"
prod_oy_a000000189000,라운드랩,[보습장벽] 라운드랩 약콩 판테놀 크림 80ml 1+1 기획,cream,489,4.800,0.1247,0.1186,0.2802,high,64.58,90.00,12.47,100.00,"평균별점 4.800, 리뷰 489건, 재구매율 0.1247, 프로필라벨율 0.2802"
prod_oy_a000000209746,제로이드,제로이드 인텐시브 하이드레이팅 앰플 30ml,serum,489,4.789,0.2515,0.1820,0.3272,high,67.68,89.45,25.15,100.00,"평균별점 4.789, 리뷰 489건, 재구매율 0.2515, 프로필라벨율 0.3272"
prod_oy_a000000182686,에스트라,에스트라 테라크네365 하이드로 액티브 토너 200ml,toner,488,4.803,0.1783,0.0820,0.3279,high,65.61,90.15,17.83,100.00,"평균별점 4.803, 리뷰 488건, 재구매율 0.1783, 프로필라벨율 0.3279"
prod_oy_a000000246194,레이어랩,[6.9배 속보습 진정세럼] 레이어랩 니오좀 판테놀 5% 세럼 30ml,serum,484,4.924,0.1963,0.1839,0.4917,high,71.13,96.20,19.63,100.00,"평균별점 4.924, 리뷰 484건, 재구매율 0.1963, 프로필라벨율 0.4917"
prod_oy_a000000144551,하다라보,[속보습장벽토너] 하다라보 고쿠쥰 로션 170mL,toner,481,4.767,0.1372,0.1372,0.1850,high,63.63,88.35,13.72,100.00,"평균별점 4.767, 리뷰 481건, 재구매율 0.1372, 프로필라벨율 0.1850"
prod_oy_a000000234133,에스테덤,[화잘먹 크림]에스테덤 셀룰러워터 크림 50ml [기획(+미스트30ml)/단품],cream,480,4.850,0.0479,0.1542,0.4750,high,65.75,92.50,4.79,100.00,"평균별점 4.850, 리뷰 480건, 재구매율 0.0479, 프로필라벨율 0.4750"
prod_oy_a000000229093,퍼셀,[수분장벽] 퍼셀 픽셀바이옴 히알 콜라겐 유산균 크림 50ml 기획 (+25ml),cream,478,4.858,0.0628,0.0941,0.3138,high,64.86,92.90,6.28,100.00,"평균별점 4.858, 리뷰 478건, 재구매율 0.0628, 프로필라벨율 0.3138"
prod_oy_a000000250199,셀리맥스,[단독기획/모공탄력] 셀리맥스 더 비타 A 레티날 샷 타이트닝 부스터 15ml 기획(+3ml),serum,478,4.801,0.1046,0.1548,0.3473,high,64.90,90.05,10.46,100.00,"평균별점 4.801, 리뷰 478건, 재구매율 0.1046, 프로필라벨율 0.3473"
prod_oy_a000000198339,바이오힐보,[쫀쫀탄력|속보습] 바이오힐 보 프로바이오덤 3D 리프팅 앰플 30ml [단품/증정기획],serum,477,4.853,0.2117,0.1426,0.2474,high,67.85,92.65,21.17,100.00,"평균별점 4.853, 리뷰 477건, 재구매율 0.2117, 프로필라벨율 0.2474"
prod_oy_a000000170689,유세린,[미백잡티] 유세린 이븐래디언스 듀오 앰플 30ml,serum,475,4.764,0.1432,0.2274,0.4358,high,65.83,88.20,14.32,100.00,"평균별점 4.764, 리뷰 475건, 재구매율 0.1432, 프로필라벨율 0.4358"
prod_oy_a000000201650,구달,[단독 리필기획] 구달 어성초 히알루론 수딩 토너 350ml 리필 기획 (+350ml 리필),toner,475,4.821,0.0758,0.0989,0.2695,high,63.93,91.05,7.58,100.00,"평균별점 4.821, 리뷰 475건, 재구매율 0.0758, 프로필라벨율 0.2695"
prod_oy_a000000141333,디오디너리,[노화케어] 디오디너리 매트릭실 10% + HA,serum,469,4.687,0.2473,0.2623,0.2814,high,65.37,84.35,24.73,100.00,"평균별점 4.687, 리뷰 469건, 재구매율 0.2473, 프로필라벨율 0.2814"
prod_oy_a000000162415,셀퓨전씨,[1등수분밀착크림/민감피부개선] 셀퓨전씨 약산성 패리어 수분 크림 80ml,cream,468,4.735,0.0299,0.1560,0.3803,high,61.77,86.75,2.99,100.00,"평균별점 4.735, 리뷰 468건, 재구매율 0.0299, 프로필라벨율 0.3803"
prod_oy_a000000233614,이니스프리,[1+1/화잘먹] 이니스프리 그린티 수분크림 50ml 더블기획,cream,468,4.722,0.1154,0.1603,0.2650,high,62.59,86.10,11.54,100.00,"평균별점 4.722, 리뷰 468건, 재구매율 0.1154, 프로필라벨율 0.2650"
prod_oy_a000000158299,잇츠스킨,잇츠스킨 파워 10 포뮬라 엘아이 이펙터 감초줄렌 30ml(AD),serum,467,4.645,0.0835,0.1563,0.3619,high,60.28,82.25,8.35,100.00,"평균별점 4.645, 리뷰 467건, 재구매율 0.0835, 프로필라벨율 0.3619"
prod_oy_a000000136077,마녀공장,마녀공장 비피다 바이옴 앰플 토너 400ml,toner,465,4.682,0.0731,0.1441,0.1785,high,60.05,84.10,7.31,100.00,"평균별점 4.682, 리뷰 465건, 재구매율 0.0731, 프로필라벨율 0.1785"
prod_oy_a000000222554,메이크프렘,[NEW/수분진정] 메이크프렘 히알 인테카 속수분 앰플 40ml,serum,462,4.816,0.0455,0.1970,0.4827,high,65.23,90.80,4.55,100.00,"평균별점 4.816, 리뷰 462건, 재구매율 0.0455, 프로필라벨율 0.4827"
prod_oy_a000000182831,차앤박,차앤박(CNP) 프로폴리스 앰플 액티브 샷크림 1+1 기획(50ml+50ml),cream,461,4.863,0.2061,0.1345,0.3124,high,68.26,93.15,20.61,100.00,"평균별점 4.863, 리뷰 461건, 재구매율 0.2061, 프로필라벨율 0.3124"
prod_oy_a000000154264,앰플엔,[녹는실앰플] 앰플엔 펩타이드샷 2X 모공탄력앰플 100ml,serum,460,4.885,0.1587,0.1326,0.3848,high,68.26,94.25,15.87,100.00,"평균별점 4.885, 리뷰 460건, 재구매율 0.1587, 프로필라벨율 0.3848"
prod_oy_a000000208708,아누아,아누아 TXA 나이아신 흔적 세럼 30ml,serum,453,4.682,0.2009,0.1082,0.2274,high,62.49,84.10,20.09,100.00,"평균별점 4.682, 리뷰 453건, 재구매율 0.2009, 프로필라벨율 0.2274"
prod_oy_a000000180890,코스알엑스,[트러블피지완화] 코스알엑스 더 나이아신아마이드 15 세럼 20ml,serum,450,4.653,0.1333,0.1733,0.3156,high,61.43,82.65,13.33,100.00,"평균별점 4.653, 리뷰 450건, 재구매율 0.1333, 프로필라벨율 0.3156"
prod_oy_a000000199784,차앤박,[10분진정앰플] 차앤박 뮤제너 피토 수딩 앰플 35ml 1+1 기획,serum,446,4.738,0.1547,0.1480,0.3744,high,64.24,86.90,15.47,100.00,"평균별점 4.738, 리뷰 446건, 재구매율 0.1547, 프로필라벨율 0.3744"
prod_oy_a000000184790,라운드랩,[민감진정] 라운드랩 소나무 진정 시카 토너 250ml,toner,440,4.830,0.1409,0.1136,0.3159,high,65.86,91.50,14.09,100.00,"평균별점 4.830, 리뷰 440건, 재구매율 0.1409, 프로필라벨율 0.3159"
prod_oy_a000000177794,닥터자르트,[보습크림/한정기획] 닥터자르트 세라마이딘 스킨 베리어 모이스처라이징 크림 기획(50ml+15ml*2),cream,437,4.796,0.0847,0.1602,0.3341,high,64.36,89.80,8.47,100.00,"평균별점 4.796, 리뷰 437건, 재구매율 0.0847, 프로필라벨율 0.3341"
prod_oy_a000000129575,코스알엑스,코스알엑스 풀핏 프로폴리스 라이트 크림 65ml,cream,435,4.694,0.2115,0.2138,0.1885,high,63.90,84.70,21.15,100.00,"평균별점 4.694, 리뷰 435건, 재구매율 0.2115, 프로필라벨율 0.1885"
prod_oy_a000000192699,메디힐,메디힐 비타민씨 브라이트닝 세럼 40ml,serum,432,4.692,0.1019,0.1435,0.2986,high,61.50,84.60,10.19,100.00,"평균별점 4.692, 리뷰 432건, 재구매율 0.1019, 프로필라벨율 0.2986"
prod_oy_a000000183751,한율,[시카보다 4배*강한] 한율 어린쑥 수분진정 토너 150ml,toner,431,4.845,0.1160,0.1160,0.2297,high,65.37,92.25,11.60,100.00,"평균별점 4.845, 리뷰 431건, 재구매율 0.1160, 프로필라벨율 0.2297"
prod_oy_a000000243786,허스텔러,[쿨링진정/화잘먹] 허스텔러 원더 베지 하이드레이팅 젤 크림 80ml,cream,429,4.879,0.0839,0.2657,0.4779,high,68.40,93.95,8.39,100.00,"평균별점 4.879, 리뷰 429건, 재구매율 0.0839, 프로필라벨율 0.4779"
prod_oy_a000000211084,반코르,[보습개선/진정]반코르 바쿠치올 5000ppm 모공결 주름결 세럼 슬로우에이징,serum,425,4.494,0.1576,0.1271,0.3576,high,57.30,74.70,15.76,100.00,"평균별점 4.494, 리뷰 425건, 재구매율 0.1576, 프로필라벨율 0.3576"
prod_oy_a000000234380,브링그린,[화해1위] 브링그린 블루빈 B5-PDRN 마일드 로션 230ml (+블루빈크림 7ml),lotion,424,4.677,0.0637,0.0825,0.3443,high,59.94,83.85,6.37,100.00,"평균별점 4.677, 리뷰 424건, 재구매율 0.0637, 프로필라벨율 0.3443"
prod_oy_a000000154625,아이소이,[코어탄력크림] 아이소이 인텐시브 에너자이징 크림EX 30ml,serum,423,4.671,0.2080,0.2246,0.2979,high,63.85,83.55,20.80,100.00,"평균별점 4.671, 리뷰 423건, 재구매율 0.2080, 프로필라벨율 0.2979"
prod_oy_a000000225216,더마팩토리,더마팩토리 PDRN 4% 앰플 30ml,serum,423,4.761,0.0662,0.1584,0.4563,high,63.62,88.05,6.62,100.00,"평균별점 4.761, 리뷰 423건, 재구매율 0.0662, 프로필라벨율 0.4563"
prod_oy_a000000258830,피지오겔,[7월올영픽/화잘먹크림] 피지오겔 DMT 리제너러티브 크림 100ml 기획(+토너 50ml),cream,423,4.742,0.0496,0.0922,0.3428,high,61.53,87.10,4.96,100.00,"평균별점 4.742, 리뷰 423건, 재구매율 0.0496, 프로필라벨율 0.3428"
prod_oy_a000000199206,바이오더마,바이오더마 하이드라비오 히알루+ 세럼 30ml,serum,421,4.793,0.1021,0.1734,0.4442,high,65.30,89.65,10.21,100.00,"평균별점 4.793, 리뷰 421건, 재구매율 0.1021, 프로필라벨율 0.4442"
prod_oy_a000000190051,마몽드,[모공탄력] 마몽드 포어 슈링커 바쿠치올 크림 60ml 기획/단품,cream,419,4.628,0.0573,0.1432,0.3508,high,59.10,81.40,5.73,100.00,"평균별점 4.628, 리뷰 419건, 재구매율 0.0573, 프로필라벨율 0.3508"
prod_oy_a000000223183,스튜디오17,[수분광/수분충전] 스튜디오17 워터부스트 히알루론 수분세럼 80ml,serum,419,4.797,0.0907,0.1122,0.3484,high,64.10,89.85,9.07,100.00,"평균별점 4.797, 리뷰 419건, 재구매율 0.0907, 프로필라벨율 0.3484"
prod_oy_a000000247713,브링그린,[흔적케어]브링그린 징크테카 리페어 흔적 크림 80ml (콜라보/기획),cream,419,4.549,0.0453,0.0597,0.3103,high,55.65,77.45,4.53,100.00,"평균별점 4.549, 리뷰 419건, 재구매율 0.0453, 프로필라벨율 0.3103"
prod_oy_a000000204306,넘버즈인,[수딩진정] 넘버즈인 1번 판토텐산 액티브업 수딩세럼 50ml,serum,418,4.591,0.0383,0.1148,0.3636,high,57.48,79.55,3.83,100.00,"평균별점 4.591, 리뷰 418건, 재구매율 0.0383, 프로필라벨율 0.3636"
prod_oy_a000000229768,구달,[리뉴얼] 구달 청귤 비타C 잡티케어 크림 알파 75ml 기획 (+25ml),cream,418,4.787,0.0383,0.1316,0.2727,high,62.59,89.35,3.83,100.00,"평균별점 4.787, 리뷰 418건, 재구매율 0.0383, 프로필라벨율 0.2727"
prod_oy_a000000158929,빌리프,[수분잠금/워터젤에센스] 빌리프 뉴메로 10 에센스 75ml,serum,416,4.851,0.0865,0.1659,0.4639,high,66.61,92.55,8.65,100.00,"평균별점 4.851, 리뷰 416건, 재구매율 0.0865, 프로필라벨율 0.4639"
prod_oy_a000000209419,제로이드,제로이드 인텐시브 로션 160ml,lotion,415,4.851,0.1566,0.1783,0.2410,high,67.02,92.55,15.66,100.00,"평균별점 4.851, 리뷰 415건, 재구매율 0.1566, 프로필라벨율 0.2410"
prod_oy_a000000228907,헤이네이처,[올리브영 단독기획] 헤이네이처 어성초 스킨 모이스처라이저 토너 200ml 기획 (+어성초 마스크 2매),toner,415,4.706,0.1470,0.0916,0.2337,high,61.94,85.30,14.70,100.00,"평균별점 4.706, 리뷰 415건, 재구매율 0.1470, 프로필라벨율 0.2337"
prod_oy_a000000255744,동아제약,[단독기획] 동아제약 아크네 프로 겔제 30ml 기획(+3ml+크림제3ml),cream,415,4.851,0.3084,0.0843,0.3904,high,69.87,92.55,30.84,100.00,"평균별점 4.851, 리뷰 415건, 재구매율 0.3084, 프로필라벨율 0.3904"
prod_oy_a000000198874,닥터지,[속보습] 닥터지 더모이스처 배리어 D 리퀴드 토너 200ml 기획 (+100ml),toner,411,4.830,0.1192,0.1119,0.3114,high,65.39,91.50,11.92,100.00,"평균별점 4.830, 리뷰 411건, 재구매율 0.1192, 프로필라벨율 0.3114"
prod_oy_a000000199783,허스텔러,[쿨링진정/수분홀딩] 허스텔러 원더 베지 하이드레이팅 젤 크림 50ml,cream,410,4.841,0.0561,0.2561,0.4634,high,66.63,92.05,5.61,100.00,"평균별점 4.841, 리뷰 410건, 재구매율 0.0561, 프로필라벨율 0.4634"
prod_oy_a000000244683,셀인샷,[단독기획/트러블1위] 셀인샷 알란테놀 트러블 크림 70ml 기획 (+크림 20ml*2),cream,410,4.734,0.1512,0.1585,0.2976,high,63.78,86.70,15.12,100.00,"평균별점 4.734, 리뷰 410건, 재구매율 0.1512, 프로필라벨율 0.2976"
prod_oy_a000000222907,셀퓨전씨,[쿨링입문템/4계절쿨링] 셀퓨전씨 포스트 알파 쿨링 스킨 부스터 세럼 150ml+30ml 기획세트,serum,409,4.421,0.0122,0.1076,0.4303,high,52.55,71.05,1.22,100.00,"평균별점 4.421, 리뷰 409건, 재구매율 0.0122, 프로필라벨율 0.4303"
prod_oy_a000000157294,유리아쥬,[수분장벽토너] 유리아쥬 제모스 토너 (본품500ml+250ml 추가 증정),toner,408,4.806,0.1250,0.1569,0.1495,high,64.48,90.30,12.50,100.00,"평균별점 4.806, 리뷰 408건, 재구매율 0.1250, 프로필라벨율 0.1495"
prod_oy_a000000198721,아비브,[쿨링진정] 아비브 어성초 크림 카밍 튜브 75ml,cream,407,4.722,0.1057,0.1081,0.2432,high,61.77,86.10,10.57,100.00,"평균별점 4.722, 리뷰 407건, 재구매율 0.1057, 프로필라벨율 0.2432"
prod_oy_a000000251318,샤이샤이샤이,[화잘먹/속광부스터] 샤이샤이샤이 리페어 밀키 우레아 글로우 버블 세럼 110ml 기획 (+ 밀키크림 15ml),serum,407,4.826,0.0442,0.1253,0.3612,high,64.16,91.30,4.42,100.00,"평균별점 4.826, 리뷰 407건, 재구매율 0.0442, 프로필라벨율 0.3612"
prod_oy_a000000180409,리쥬란,[리쥬란 독자소재_강력진정PDRx] 리쥬란 더마 힐러 모이스처 트리트먼트 앰플 30ml [기획(+마스크1매)/단품],serum,400,4.765,0.1300,0.1275,0.3450,high,64.14,88.25,13.00,100.00,"평균별점 4.765, 리뷰 400건, 재구매율 0.1300, 프로필라벨율 0.3450"
prod_oy_a000000244411,프리메라,[나이아신아마이드10%] 프리메라 PDRN-나이아10 토닝 글로우 세럼 30g 기획/단품,serum,399,4.827,0.0351,0.1654,0.4411,high,64.80,91.35,3.51,100.00,"평균별점 4.827, 리뷰 399건, 재구매율 0.0351, 프로필라벨율 0.4411"
prod_oy_a000000164342,비욘드,비욘드 엔젤아쿠아 시카크림 더블기획(150mlX2입)(비건),cream,398,4.721,0.1608,0.1533,0.2337,high,63.25,86.05,16.08,100.00,"평균별점 4.721, 리뷰 398건, 재구매율 0.1608, 프로필라벨율 0.2337"
prod_oy_a000000252193,유세린,[1등 세럼] 유세린 하이알루론 에피셀린 세럼 30ml 기획 (+에피셀린 세럼 7ml*2),serum,398,4.744,0.0352,0.1633,0.3317,high,61.96,87.20,3.52,100.00,"평균별점 4.744, 리뷰 398건, 재구매율 0.0352, 프로필라벨율 0.3317"
prod_oy_a000000189056,에스트라,[PDRN]에스트라 리제덤365 밀도탄력 캡슐크림 50ml,cream,397,4.839,0.0806,0.1738,0.3778,high,65.81,91.95,8.06,100.00,"평균별점 4.839, 리뷰 397건, 재구매율 0.0806, 프로필라벨율 0.3778"
prod_oy_a000000219966,몰바니,[초록진정] 몰바니 아티시카 리프레쉬 카밍 세럼 30ml,toner,395,4.929,0.1418,0.1848,0.4405,high,69.93,96.45,14.18,100.00,"평균별점 4.929, 리뷰 395건, 재구매율 0.1418, 프로필라벨율 0.4405"
prod_oy_a000000199507,헤브블루,헤브블루 살몬 PDRN 케어링 센텔라 토너 200ml,toner,394,4.769,0.2411,0.1345,0.2563,high,66.10,88.45,24.11,100.00,"평균별점 4.769, 리뷰 394건, 재구매율 0.2411, 프로필라벨율 0.2563"
prod_oy_a000000211059,아누아,[톤업세럼] 아누아 복숭아 나이아신아마이드 세럼 30mL,serum,391,4.749,0.0435,0.1841,0.4962,high,63.29,87.45,4.35,100.00,"평균별점 4.749, 리뷰 391건, 재구매율 0.0435, 프로필라벨율 0.4962"
prod_oy_a000000203247,바이오힐보,[탄력에멀전] 바이오힐보 프로바이오덤 3D 리프팅 에멀전 150ml,lotion,389,4.853,0.1208,0.0848,0.2545,high,65.49,92.65,12.08,100.00,"평균별점 4.853, 리뷰 389건, 재구매율 0.1208, 프로필라벨율 0.2545"
prod_oy_a000000217167,프리메라,프리메라 나이아시카 수딩글로우 워터리 크림 30ml,cream,389,4.789,0.0566,0.1748,0.4653,high,64.40,89.45,5.66,100.00,"평균별점 4.789, 리뷰 389건, 재구매율 0.0566, 프로필라벨율 0.4653"
prod_oy_a000000235581,아리얼,[NEW] 더 에센셜 바이 아리얼 히알루로닉 13 크림 100ml,cream,389,4.892,0.2905,0.2108,0.5116,high,72.51,94.60,29.05,100.00,"평균별점 4.892, 리뷰 389건, 재구매율 0.2905, 프로필라벨율 0.5116"
prod_oy_a000000229490,아이오페,[PDRN물광플럼핑] 아이오페 XMD 스템3 클리니컬 리커버리 세럼 30ml 기획 (+세럼5ml+크림5ml,serum,386,4.842,0.0674,0.1684,0.4093,high,65.73,92.10,6.74,100.00,"평균별점 4.842, 리뷰 386건, 재구매율 0.0674, 프로필라벨율 0.4093"
prod_oy_a000000152102,아이소이,[코어탄력세럼] 아이소이 인텐시브 리프팅 세럼 20ml 기획 (20ml+탄력스팟 3ml),serum,385,4.740,0.2571,0.1221,0.2208,high,65.32,87.00,25.71,100.00,"평균별점 4.740, 리뷰 385건, 재구매율 0.2571, 프로필라벨율 0.2208"
prod_oy_a000000247723,파넬,[1등 진정크림] 파넬 시카마누 레드 리페어 크림 50ml 기획(+세럼15ml),cream,385,4.712,0.1065,0.2468,0.2831,high,63.09,85.60,10.65,100.00,"평균별점 4.712, 리뷰 385건, 재구매율 0.1065, 프로필라벨율 0.2831"
prod_oy_a000000117809,바이오더마,바이오더마 하이드라비오 젤크림 40ml,cream,383,4.752,0.2376,0.1593,0.2298,high,65.67,87.60,23.76,100.00,"평균별점 4.752, 리뷰 383건, 재구매율 0.2376, 프로필라벨율 0.2298"
prod_oy_a000000154506,원씽,[트러블완화/진정] 원씽 어성초 추출물 토너 150ml,toner,381,4.751,0.1312,0.1942,0.3465,high,64.45,87.55,13.12,100.00,"평균별점 4.751, 리뷰 381건, 재구매율 0.1312, 프로필라벨율 0.3465"
prod_oy_a000000158309,믹순,믹순 순디 병풀 에센스 100ml,serum,381,4.688,0.2231,0.2126,0.3990,high,65.00,84.40,22.31,100.00,"평균별점 4.688, 리뷰 381건, 재구매율 0.2231, 프로필라벨율 0.3990"
prod_oy_a000000248826,메디큐브,[여배우광채크림] 메디큐브 PDRN 핑크 콜라겐 캡슐크림 55g 기획 (+4.5g*2ea),cream,381,4.661,0.0945,0.1706,0.2677,high,60.61,83.05,9.45,100.00,"평균별점 4.661, 리뷰 381건, 재구매율 0.0945, 프로필라벨율 0.2677"
prod_oy_a000000162356,닥터디퍼런트,[피부장벽/진정] 닥터디퍼런트 시카 메탈 크림 50g(기획/단품),cream,378,4.643,0.2196,0.1825,0.2963,high,62.88,82.15,21.96,100.00,"평균별점 4.643, 리뷰 378건, 재구매율 0.2196, 프로필라벨율 0.2963"
prod_oy_a000000229785,구달,[리뉴얼] 구달 청귤 비타C 잡티케어 톤업 크림 50ml 기획 (+5ml + 세럼 5ml),cream,378,4.675,0.0820,0.1270,0.2804,high,60.37,83.75,8.20,100.00,"평균별점 4.675, 리뷰 378건, 재구매율 0.0820, 프로필라벨율 0.2804"
prod_oy_a000000200188,케어존,케어존 리큐어 노르데나우 시카 크림 60ml 더블 기획,cream,377,4.764,0.0769,0.1592,0.4324,high,63.80,88.20,7.69,100.00,"평균별점 4.764, 리뷰 377건, 재구매율 0.0769, 프로필라벨율 0.4324"
prod_oy_a000000177493,라로슈포제,[진정탄력크림] 라로슈포제 시카플라스트 멀티 리페어 크림 100ml,cream,375,4.643,0.0640,0.1520,0.4053,high,60.01,82.15,6.40,100.00,"평균별점 4.643, 리뷰 375건, 재구매율 0.0640, 프로필라벨율 0.4053"
prod_oy_a000000214672,비플레인,[1+1/피지케어] 비플레인 녹두 모공 클리어링 라하 토너 265ml 기획 (+265ml 리필팩),toner,375,4.789,0.0640,0.1280,0.3413,high,63.46,89.45,6.40,100.00,"평균별점 4.789, 리뷰 375건, 재구매율 0.0640, 프로필라벨율 0.3413"
prod_oy_a000000016808,유세린,유세린 볼륨리프팅 나이트 크림 50ml,cream,374,4.767,0.1524,0.1096,0.2246,high,63.86,88.35,15.24,100.00,"평균별점 4.767, 리뷰 374건, 재구매율 0.1524, 프로필라벨율 0.2246"
prod_oy_a000000171132,피캄,"[대용량, 피지/진정케어] 피캄 베리어 사이클 락토P 토너 500ml",toner,372,4.624,0.0941,0.1855,0.3925,high,60.36,81.20,9.41,100.00,"평균별점 4.624, 리뷰 372건, 재구매율 0.0941, 프로필라벨율 0.3925"
prod_oy_a000000232731,리브엠,[화잘먹 엑소좀수분크림] 리브엠 워터핏 8중 수분착붙 크림 100ml,cream,370,4.951,0.0486,0.1676,0.4243,high,68.42,97.55,4.86,100.00,"평균별점 4.951, 리뷰 370건, 재구매율 0.0486, 프로필라벨율 0.4243"
prod_oy_a000000150094,마녀공장,마녀공장 비피다 바이옴 아쿠아 배리어 크림 80ml 증정기획 (+20mlx2ea),cream,369,4.764,0.1463,0.0813,0.2629,high,63.56,88.20,14.63,100.00,"평균별점 4.764, 리뷰 369건, 재구매율 0.1463, 프로필라벨율 0.2629"
prod_oy_a000000206153,이니스프리,[수분/보습] 이니스프리 그린티 씨드 히알루론산 수분 세럼 80ml 기획 (+25ml),serum,369,4.753,0.1301,0.1057,0.3198,high,63.47,87.65,13.01,100.00,"평균별점 4.753, 리뷰 369건, 재구매율 0.1301, 프로필라벨율 0.3198"
prod_oy_a000000230986,피지오겔,피지오겔 레드수딩 AI 리페어 에센스 200ml,serum,369,4.813,0.0163,0.1491,0.4878,high,64.11,90.65,1.63,100.00,"평균별점 4.813, 리뷰 369건, 재구매율 0.0163, 프로필라벨율 0.4878"
prod_oy_a000000243681,피지오겔,피지오겔 레드수딩 AI 리페어 에센스 200ml 기획(+로션 50ml),serum,369,4.813,0.0163,0.1491,0.4878,high,64.11,90.65,1.63,100.00,"평균별점 4.813, 리뷰 369건, 재구매율 0.0163, 프로필라벨율 0.4878"
prod_oy_a000000201378,라로제,라로제 안티퍼티그 아이 컨투어 스틱 15ml (수분스틱),cream,368,4.818,0.1413,0.2690,0.6413,high,68.72,90.90,14.13,100.00,"평균별점 4.818, 리뷰 368건, 재구매율 0.1413, 프로필라벨율 0.6413"
prod_oy_a000000219274,유세린,[리뉴얼] 유세린 하이알루론 부스팅 에센스 100ml,serum,368,4.818,0.1277,0.1658,0.3696,high,66.05,90.90,12.77,100.00,"평균별점 4.818, 리뷰 368건, 재구매율 0.1277, 프로필라벨율 0.3696"
prod_oy_a000000249651,동아제약,[트러블표적케어] 동아제약 아크네 프로 크림제 30ml,cream,367,4.845,0.2997,0.0981,0.4469,high,69.95,92.25,29.97,100.00,"평균별점 4.845, 리뷰 367건, 재구매율 0.2997, 프로필라벨율 0.4469"
prod_oy_a000000163399,아벤느,[민감/진정크림]아벤느 똘레랑스 컨트롤 크림 40ml,cream,365,4.707,0.0932,0.1616,0.2932,high,61.89,85.35,9.32,100.00,"평균별점 4.707, 리뷰 365건, 재구매율 0.0932, 프로필라벨율 0.2932"
prod_oy_a000000229644,리덴스,[잡티/미백] 리덴스 톤앤스팟 코렉터 앰플 30ml,serum,365,4.910,0.2027,0.1699,0.4027,high,70.29,95.50,20.27,100.00,"평균별점 4.910, 리뷰 365건, 재구매율 0.2027, 프로필라벨율 0.4027"
prod_oy_a000000145285,닥터디퍼런트,[레티날입문0.05%] 닥터디퍼런트 비타리프트-A 크림 20g,cream,364,4.508,0.0302,0.1841,0.2527,high,55.18,75.40,3.02,100.00,"평균별점 4.508, 리뷰 364건, 재구매율 0.0302, 프로필라벨율 0.2527"
prod_oy_a000000162308,라네즈,라네즈 워터뱅크 블루히알루로닉 세럼 50mL 기획 (+25ml),serum,363,4.752,0.1460,0.1543,0.2810,high,64.05,87.60,14.60,100.00,"평균별점 4.752, 리뷰 363건, 재구매율 0.1460, 프로필라벨율 0.2810"
prod_oy_a000000223425,달바,[미백/잡티케어] 달바 비타 토닝 세럼 토너 180ml,toner,363,4.876,0.1680,0.1267,0.2810,high,67.62,93.80,16.80,100.00,"평균별점 4.876, 리뷰 363건, 재구매율 0.1680, 프로필라벨율 0.2810"
prod_oy_a000000215561,유세린,[1등세럼/주름탄력개선]유세린 에피셀린 세럼 30ml,serum,362,4.729,0.0359,0.1575,0.3287,high,61.48,86.45,3.59,100.00,"평균별점 4.729, 리뷰 362건, 재구매율 0.0359, 프로필라벨율 0.3287"
prod_oy_a000000229520,성분에디터,[물광리프팅/녹는실리프팅앰플] 성분에디터 실크펩타이드 EGF 하트핏 볼륨 리프팅 앰플 40ml,serum,362,4.812,0.1713,0.2044,0.4033,high,67.32,90.60,17.13,100.00,"평균별점 4.812, 리뷰 362건, 재구매율 0.1713, 프로필라벨율 0.4033"
prod_oy_a000000188934,바이오더마,[정품증정]바이오더마 센시비오 디펜시브 세럼 30ml 기획(+센시비오 디펜시브 40ml 증정),serum,358,4.670,0.1592,0.1648,0.2709,high,62.11,83.50,15.92,100.00,"평균별점 4.670, 리뷰 358건, 재구매율 0.1592, 프로필라벨율 0.2709"
prod_oy_a000000209515,메디큐브,[흔적미백] 메디큐브 연어 PDRN 핑크 앰플 30ml,serum,358,4.612,0.0698,0.1201,0.2765,high,58.31,80.60,6.98,100.00,"평균별점 4.612, 리뷰 358건, 재구매율 0.0698, 프로필라벨율 0.2765"
prod_oy_a000000222026,리쥬란,[모공PDRN/모공리프팅] 리쥬란 더마 힐러 포어 타이트닝 앰플 30ml,serum,358,4.779,0.0251,0.1285,0.2737,high,62.08,88.95,2.51,100.00,"평균별점 4.779, 리뷰 358건, 재구매율 0.0251, 프로필라벨율 0.2737"
prod_oy_a000000210924,인터미션,[단독기획]인터미션 레스트업 세럼스킨 290ml,toner,357,4.779,0.2157,0.2437,0.3137,high,67.24,88.95,21.57,100.00,"평균별점 4.779, 리뷰 357건, 재구매율 0.2157, 프로필라벨율 0.3137"
prod_oy_a000000158310,믹순,[수분결광] 믹순 콩 에센스 50ml,serum,355,4.546,0.1352,0.1549,0.2085,high,57.81,77.30,13.52,100.00,"평균별점 4.546, 리뷰 355건, 재구매율 0.1352, 프로필라벨율 0.2085"
prod_oy_a000000198166,라네즈,[100시간 속보습] 라네즈 워터뱅크 모이스춰 크림 45ml 기획 (+25ml),cream,355,4.769,0.0873,0.1070,0.3296,high,63.11,88.45,8.73,100.00,"평균별점 4.769, 리뷰 355건, 재구매율 0.0873, 프로필라벨율 0.3296"
prod_oy_a000000225604,차앤박,[흔적잡티케어/PDRN] 차앤박 더마앤서 핑크토닝 딥인샷 앰플 30ml 기획 (+15ml),serum,351,4.766,0.0171,0.1510,0.5328,high,63.08,88.30,1.71,100.00,"평균별점 4.766, 리뷰 351건, 재구매율 0.0171, 프로필라벨율 0.5328"
prod_oy_a000000226527,셀인샷,[수분/진정] 셀인샷 EGF 알란테놀 트러블 크림 70ml,cream,350,4.743,0.1686,0.1600,0.3114,high,64.46,87.15,16.86,100.00,"평균별점 4.743, 리뷰 350건, 재구매율 0.1686, 프로필라벨율 0.3114"
prod_oy_a000000192787,어바웃미,어바웃미 숲 진정 수분크림 80ml 기획 (+10ml) *,cream,349,4.748,0.1805,0.1748,0.4183,high,65.52,87.40,18.05,100.00,"평균별점 4.748, 리뷰 349건, 재구매율 0.1805, 프로필라벨율 0.4183"
prod_oy_a000000176320,메이크프렘,메이크프렘 인테카 진정 토너 200ml,toner,345,4.748,0.1014,0.1014,0.3652,high,62.94,87.40,10.14,100.00,"평균별점 4.748, 리뷰 345건, 재구매율 0.1014, 프로필라벨율 0.3652"
prod_oy_a000000210343,로벡틴,[3일 잡티흔적케어 / 비타민C앰플] 로벡틴 비타 다크 스팟 세럼 30ml,serum,345,4.910,0.4116,0.1913,0.2406,high,73.87,95.50,41.16,100.00,"평균별점 4.910, 리뷰 345건, 재구매율 0.4116, 프로필라벨율 0.2406"
prod_oy_a000000254728,조선미녀,[단독/붓기완화] 조선미녀 붉은팥 PDRN 모공탄력 세럼 30ml 더블기획,serum,345,4.832,0.0029,0.2087,0.5449,high,65.25,91.60,0.29,100.00,"평균별점 4.832, 리뷰 345건, 재구매율 0.0029, 프로필라벨율 0.5449"
prod_oy_a000000199982,웰라쥬,[화해1위/트러블] 웰라쥬 리얼 시카 카밍 95 트러블 앰플 50ml,serum,341,4.610,0.1056,0.0880,0.2610,high,58.57,80.50,10.56,100.00,"평균별점 4.610, 리뷰 341건, 재구매율 0.1056, 프로필라벨율 0.2610"
prod_oy_a000000255719,동아제약,[단독기획] 동아제약 색소침착 프로 액제 30ml 기획(+크림제5ml),serum,341,4.724,0.2287,0.0880,0.4282,high,65.01,86.20,22.87,100.00,"평균별점 4.724, 리뷰 341건, 재구매율 0.2287, 프로필라벨율 0.4282"
prod_oy_a000000188751,몰바니,몰바니 아티초크 카밍 케어 수딩 크림 100ml,cream,340,4.800,0.2941,0.1294,0.3206,high,68.28,90.00,29.41,100.00,"평균별점 4.800, 리뷰 340건, 재구매율 0.2941, 프로필라벨율 0.3206"
prod_oy_a000000224487,바이오힐보,[장벽크림] 바이오힐 보 판테셀 리페어 시카좀 크림 80mL [단품/증정기획],cream,339,4.649,0.0914,0.1799,0.3156,high,60.55,82.45,9.14,100.00,"평균별점 4.649, 리뷰 339건, 재구매율 0.0914, 프로필라벨율 0.3156"
prod_oy_a000000201592,헤브블루,헤브블루 살몬 PDRN 케어링 센텔라 크림 100ml,cream,338,4.695,0.1272,0.1538,0.2988,high,62.19,84.75,12.72,100.00,"평균별점 4.695, 리뷰 338건, 재구매율 0.1272, 프로필라벨율 0.2988"
prod_oy_a000000205340,유세린,[1+1] 유세린 더모퓨리파이어 토너 더블 기획 (200ml+200ml),toner,338,4.728,0.1361,0.1095,0.2959,high,62.82,86.40,13.61,100.00,"평균별점 4.728, 리뷰 338건, 재구매율 0.1361, 프로필라벨율 0.2959"
prod_oy_a000000225649,리얼베리어,[수분잠금] 리얼베리어 워터리 히알 크림 70ml 기획 (+25ml),cream,338,4.899,0.0740,0.1420,0.3491,high,66.87,94.95,7.40,100.00,"평균별점 4.899, 리뷰 338건, 재구매율 0.0740, 프로필라벨율 0.3491"
prod_oy_a000000113806,아이소이,[응급진정토닉] 아이소이 아크니 닥터 1st 컨트롤 토닉 90ml,toner,337,4.751,0.2789,0.1009,0.2077,high,65.78,87.55,27.89,100.00,"평균별점 4.751, 리뷰 337건, 재구매율 0.2789, 프로필라벨율 0.2077"
prod_oy_a000000149717,바이오더마,바이오더마 세비엄 센서티브 30ml,cream,337,4.490,0.2315,0.1306,0.3027,high,58.42,74.50,23.15,100.00,"평균별점 4.490, 리뷰 337건, 재구매율 0.2315, 프로필라벨율 0.3027"
prod_oy_a000000203564,닥터지,[슬로에이징/영양탄력] 닥터지 블랙스네일 토너 150ml,toner,336,4.848,0.0952,0.1369,0.3065,high,65.63,92.40,9.52,100.00,"평균별점 4.848, 리뷰 336건, 재구매율 0.0952, 프로필라벨율 0.3065"
prod_oy_a000000189772,더랩바이블랑두,더랩바이블랑두 엑스퍼트루 잡티케어 세럼 30ml 기획 (+샤셰 4매 증정),serum,335,4.731,0.0925,0.2000,0.4806,high,63.86,86.55,9.25,100.00,"평균별점 4.731, 리뷰 335건, 재구매율 0.0925, 프로필라벨율 0.4806"
prod_oy_a000000182072,비원츠,[NCT태용 PICK/괄사롤러] 비원츠 시카콜라겐 리프팅크림 50ml,cream,334,4.713,0.0689,0.1347,0.4611,high,62.14,85.65,6.89,100.00,"평균별점 4.713, 리뷰 334건, 재구매율 0.0689, 프로필라벨율 0.4611"
prod_oy_a000000150756,차앤박,차앤박(CNP) 히알루로닉 더마텐션 세럼 더블용량 기획(30ml+15ml*2EA),serum,332,4.771,0.1747,0.1747,0.3163,high,65.53,88.55,17.47,100.00,"평균별점 4.771, 리뷰 332건, 재구매율 0.1747, 프로필라벨율 0.3163"
prod_oy_a000000165355,AHC,AHC 허브솔루션 위치하젤 토너 500ml,toner,332,4.774,0.1928,0.1867,0.2681,high,65.85,88.70,19.28,100.00,"평균별점 4.774, 리뷰 332건, 재구매율 0.1928, 프로필라벨율 0.2681"
prod_oy_a000000247196,조선미녀,[NEW/붓기완화] 조선미녀 붉은팥 PDRN 모공탄력 세럼 30ml,serum,328,4.832,0.0030,0.2134,0.5579,high,65.36,91.60,0.30,100.00,"평균별점 4.832, 리뷰 328건, 재구매율 0.0030, 프로필라벨율 0.5579"
prod_oy_a000000167170,차앤박,[쿨링/수분] 차앤박 아쿠아 수딩 크림 1+1 기획,cream,327,4.841,0.2783,0.1284,0.2141,high,68.55,92.05,27.83,100.00,"평균별점 4.841, 리뷰 327건, 재구매율 0.2783, 프로필라벨율 0.2141"
prod_oy_a000000204075,코스알엑스,코스알엑스 풀핏 프로폴리스 라이트 앰플 40ml 1+1 기획,serum,325,4.895,0.3538,0.1385,0.1969,high,71.56,94.75,35.38,100.00,"평균별점 4.895, 리뷰 325건, 재구매율 0.3538, 프로필라벨율 0.1969"
prod_oy_a000000228418,성분에디터,[화잘먹크림/모공결정돈] 성분에디터 그린토마토 NMN 포어 리프팅 크림 50ml,cream,325,4.665,0.0338,0.1538,0.4123,high,60.06,83.25,3.38,100.00,"평균별점 4.665, 리뷰 325건, 재구매율 0.0338, 프로필라벨율 0.4123"
prod_oy_a000000202537,더마토리,[1+1] 더마토리 히알샷 베리어 크림 B5 70ml 1+1 기획,cream,324,4.775,0.1327,0.1265,0.3333,high,64.40,88.75,13.27,100.00,"평균별점 4.775, 리뷰 324건, 재구매율 0.1327, 프로필라벨율 0.3333"
prod_oy_a000000207141,피지오겔,피지오겔 레드수딩 시카밸런스 포어컨트롤 세럼 50ml,serum,323,4.759,0.0867,0.1765,0.3158,high,63.45,87.95,8.67,100.00,"평균별점 4.759, 리뷰 323건, 재구매율 0.0867, 프로필라벨율 0.3158"
prod_oy_a000000209298,아벤느,[모공앰플] 아벤느 HAB3 탄력 액티브 안티에이징 세럼 30ml (기획/단품),serum,323,4.796,0.0588,0.1734,0.3870,high,64.24,89.80,5.88,100.00,"평균별점 4.796, 리뷰 323건, 재구매율 0.0588, 프로필라벨율 0.3870"
prod_oy_a000000104173,크리니크,크리니크 노란에센스로션 125ml,lotion,322,4.783,0.0528,0.1957,0.1801,high,62.95,89.15,5.28,100.00,"평균별점 4.783, 리뷰 322건, 재구매율 0.0528, 프로필라벨율 0.1801"
prod_oy_a000000256802,웰라쥬,[카니PICK/속수분크림] 웰라쥬 리얼 히알루로닉 수딩 크림 80ml 기획(+20ml),cream,322,4.820,0.0404,0.1398,0.4876,high,64.69,91.00,4.04,100.00,"평균별점 4.820, 리뷰 322건, 재구매율 0.0404, 프로필라벨율 0.4876"
prod_oy_a000000257377,센텔리안24,[1등 세럼/모공피지] 센텔리안24 마데카 분말 티트리 에이씨 6g 더블기획 푸린 에디션 (+푸린수면안대 포켓몬),serum,321,4.757,0.0654,0.1495,0.4050,high,63.15,87.85,6.54,100.00,"평균별점 4.757, 리뷰 321건, 재구매율 0.0654, 프로필라벨율 0.4050"
prod_oy_a000000164211,피지오겔,피지오겔 레드수딩 시카밸런스 토너 200ml,toner,317,4.861,0.1830,0.1262,0.2934,high,67.57,93.05,18.30,100.00,"평균별점 4.861, 리뷰 317건, 재구매율 0.1830, 프로필라벨율 0.2934"
prod_oy_a000000210195,마일드랩,[색소침착/미백] 마일드랩 딥 멜라케어 앰플 30ml,serum,317,4.719,0.0284,0.1767,0.4227,high,61.72,85.95,2.84,100.00,"평균별점 4.719, 리뷰 317건, 재구매율 0.0284, 프로필라벨율 0.4227"
prod_oy_a000000104176,크리니크,크리니크 노란에센스젤 125ml,lotion,316,4.778,0.0538,0.1772,0.2057,high,62.77,88.90,5.38,100.00,"평균별점 4.778, 리뷰 316건, 재구매율 0.0538, 프로필라벨율 0.2057"
prod_oy_a000000237831,샤이샤이샤이,[속광부스터] 샤이샤이샤이 리페어 밀키 우레아 글로우 버블 세럼 110ml,serum,315,4.914,0.0413,0.1238,0.3905,high,66.65,95.70,4.13,100.00,"평균별점 4.914, 리뷰 315건, 재구매율 0.0413, 프로필라벨율 0.3905"
prod_oy_a000000242515,센텔리안24,[1등 손상장벽] 센텔리안24 마데카 크림 PDRN 기획세트 50ml+15ml,cream,314,4.889,0.1847,0.1592,0.3949,high,69.21,94.45,18.47,100.00,"평균별점 4.889, 리뷰 314건, 재구매율 0.1847, 프로필라벨율 0.3949"
prod_oy_a000000118797,유세린,[수분크림1+1] 유세린 아쿠아포린 액티브 리치크림 건성피부용 50ml,cream,312,4.779,0.0962,0.1763,0.2500,high,63.86,88.95,9.62,100.00,"평균별점 4.779, 리뷰 312건, 재구매율 0.0962, 프로필라벨율 0.2500"
prod_oy_a000000200604,라로슈포제,라로슈포제 에빠끌라 듀오+M 트러블 에센스 40ml,serum,308,4.718,0.0909,0.1494,0.2955,high,62.03,85.90,9.09,100.00,"평균별점 4.718, 리뷰 308건, 재구매율 0.0909, 프로필라벨율 0.2955"
prod_oy_a000000129444,이즈앤트리,[대용량] 이즈앤트리 히아루론산 토너 400ml,toner,307,4.775,0.1075,0.1401,0.2378,high,63.55,88.75,10.75,100.00,"평균별점 4.775, 리뷰 307건, 재구매율 0.1075, 프로필라벨율 0.2378"
prod_oy_a000000199277,로우퀘스트,로우퀘스트 베리어 인핸싱 토너 투 에센스 200ml,serum,307,4.912,0.0195,0.2638,0.6091,high,68.65,95.60,1.95,100.00,"평균별점 4.912, 리뷰 307건, 재구매율 0.0195, 프로필라벨율 0.6091"
prod_oy_a000000147130,닥터지,[멀티보습밤] 닥터지 더모이스처 배리어 D 멀티밤 50ml,cream,306,4.775,0.1765,0.1503,0.2810,high,65.25,88.75,17.65,100.00,"평균별점 4.775, 리뷰 306건, 재구매율 0.1765, 프로필라벨율 0.2810"
prod_oy_a000000144917,하다라보,[쫀쫀고보습에멀전] 하다라보 고쿠쥰 밀크 140mL,lotion,305,4.784,0.1607,0.1410,0.2721,high,65.04,89.20,16.07,100.00,"평균별점 4.784, 리뷰 305건, 재구매율 0.1607, 프로필라벨율 0.2721"
prod_oy_a000000198199,라네즈,[꾸덕보습] 라네즈 워터뱅크 인텐시브 크림 45ml 기획 (+10ml*2ea),cream,305,4.718,0.0885,0.1016,0.3213,high,61.64,85.90,8.85,100.00,"평균별점 4.718, 리뷰 305건, 재구매율 0.0885, 프로필라벨율 0.3213"
prod_oy_a000000202453,빌리프,[결광톤업] 빌리프 슈퍼드랍스 비타C토닝 결광 세럼 30ml 단품 / 1+1 기획,serum,305,4.787,0.0164,0.2426,0.5410,high,64.60,89.35,1.64,100.00,"평균별점 4.787, 리뷰 305건, 재구매율 0.0164, 프로필라벨율 0.5410"
prod_oy_a000000209830,VT,[리들샷 꿀조합] VT 티엑스토닝 에센스 1000샷 30ml 기획 (+15ml)/단품,serum,302,4.623,0.1093,0.1060,0.3212,high,59.48,81.15,10.93,100.00,"평균별점 4.623, 리뷰 302건, 재구매율 0.1093, 프로필라벨율 0.3212"
prod_oy_a000000212251,오브제,오브제 포어 제로 오일 컨트롤 로션 70ml,lotion,300,4.920,0.1233,0.1033,0.2167,high,67.38,96.00,12.33,100.00,"평균별점 4.920, 리뷰 300건, 재구매율 0.1233, 프로필라벨율 0.2167"
prod_oy_a000000248051,마녀공장,[잡티세럼] 마녀공장 글루타치온 7 다크스팟 세럼 30ml,serum,299,4.702,0.0201,0.2609,0.3679,high,61.66,85.10,2.01,100.00,"평균별점 4.702, 리뷰 299건, 재구매율 0.0201, 프로필라벨율 0.3679"
prod_oy_a000000255328,아누아,[한정기획] 아누아 어성초 77 히알루론산 수분 진정 토너 350ml 더블기획 (+어성초 크림 20ml),toner,298,4.815,0.0302,0.1074,0.2081,high,62.63,90.75,3.02,100.00,"평균별점 4.815, 리뷰 298건, 재구매율 0.0302, 프로필라벨율 0.2081"
prod_oy_a000000174304,유리아쥬,[수분탄력에센스] 유리아쥬 글로우업 오 에센스 100ml,serum,297,4.714,0.1481,0.0976,0.2391,high,62.27,85.70,14.81,100.00,"평균별점 4.714, 리뷰 297건, 재구매율 0.1481, 프로필라벨율 0.2391"
prod_oy_a000000184133,에스트라,[트러블세럼] 에스트라 테라크네365 액티브 세럼 30ml,serum,297,4.704,0.2054,0.1010,0.3805,high,63.88,85.20,20.54,100.00,"평균별점 4.704, 리뷰 297건, 재구매율 0.2054, 프로필라벨율 0.3805"
prod_oy_a000000182685,에스트라,[트러블로션] 에스트라 테라크네365 수딩 액티브 모이스처라이저 60ml,cream,295,4.664,0.1797,0.1153,0.3797,high,62.41,83.20,17.97,100.00,"평균별점 4.664, 리뷰 295건, 재구매율 0.1797, 프로필라벨율 0.3797"
prod_oy_a000000209299,아벤느,[리프팅]아벤느 HAB3 탄력 액티브 안티에이징 크림 50ml 기획/단품,cream,295,4.725,0.0407,0.2102,0.4000,high,62.35,86.25,4.07,100.00,"평균별점 4.725, 리뷰 295건, 재구매율 0.0407, 프로필라벨율 0.4000"
prod_oy_a000000170039,닥터지,[트러블/여드름]닥터지 에이클리어 밸런싱 모이스처라이저 70ml 기획 (+세럼 10ml),cream,294,4.704,0.1837,0.0884,0.2687,high,62.76,85.20,18.37,100.00,"평균별점 4.704, 리뷰 294건, 재구매율 0.1837, 프로필라벨율 0.2687"
prod_oy_a000000154627,아이소이,[코어탄력스팟] 아이소이 인텐시브 리프팅 스팟 25ml,cream,291,4.739,0.1306,0.1134,0.2371,high,62.75,86.95,13.06,100.00,"평균별점 4.739, 리뷰 291건, 재구매율 0.1306, 프로필라벨율 0.2371"
prod_oy_a000000216315,아벤느,[손상/흔적 리페어]아벤느 시칼파트+ 블레미쉬 크림 40ml 더블 기획,cream,290,4.607,0.0793,0.1172,0.3448,high,58.67,80.35,7.93,100.00,"평균별점 4.607, 리뷰 290건, 재구매율 0.0793, 프로필라벨율 0.3448"
prod_oy_a000000228257,더마팩토리,더마팩토리 트라넥삼산 6% 크림 30ml,cream,290,4.700,0.1138,0.1931,0.3724,high,62.82,85.00,11.38,100.00,"평균별점 4.700, 리뷰 290건, 재구매율 0.1138, 프로필라벨율 0.3724"
prod_oy_a000000251937,세타필,[20ml 증정/붉은기완화] 세타필 시카 세라 장벽 크림 45ml,cream,289,4.872,0.0242,0.1903,0.5571,high,66.65,93.60,2.42,100.00,"평균별점 4.872, 리뷰 289건, 재구매율 0.0242, 프로필라벨율 0.5571"
prod_oy_a000000195739,헤이네이처,헤이네이처 어성초 앰플 20ml 기획(+어성초 마스크 2매),serum,288,4.691,0.1944,0.1042,0.2639,high,62.75,84.55,19.44,100.00,"평균별점 4.691, 리뷰 288건, 재구매율 0.1944, 프로필라벨율 0.2639"
prod_oy_a000000243679,피지오겔,피지오겔 DMT 에센스 인 토너 200ml (+토너 50ml),toner,286,4.888,0.0664,0.1189,0.2378,high,65.63,94.40,6.64,100.00,"평균별점 4.888, 리뷰 286건, 재구매율 0.0664, 프로필라벨율 0.2378"
prod_oy_a000000214323,유리아쥬,[강력진정세럼] 유리아쥬 시카 데일리 인텐스 리페어 세럼 30ml,serum,285,4.726,0.1579,0.1789,0.3649,high,64.24,86.30,15.79,100.00,"평균별점 4.726, 리뷰 285건, 재구매율 0.1579, 프로필라벨율 0.3649"
prod_oy_a000000192301,VT,[모공케어] VT 리들샷 700 에센스 30ml,serum,282,4.777,0.0426,0.1667,0.3617,high,63.20,88.85,4.26,100.00,"평균별점 4.777, 리뷰 282건, 재구매율 0.0426, 프로필라벨율 0.3617"
prod_oy_a000000116658,유리아쥬,[빠른진정토너] 유리아쥬 배리어덤 시카 토너 250ml,toner,280,4.675,0.1893,0.1429,0.2321,high,62.44,83.75,18.93,100.00,"평균별점 4.675, 리뷰 280건, 재구매율 0.1893, 프로필라벨율 0.2321"
prod_oy_a000000242839,아벤느,[밀도보습] 아벤느 이드랑스 리치 크림 40ml 2입 기획,cream,280,4.686,0.0429,0.1464,0.2964,high,60.17,84.30,4.29,100.00,"평균별점 4.686, 리뷰 280건, 재구매율 0.0429, 프로필라벨율 0.2964"
prod_oy_a000000166383,큐어,[증량기획] 큐어 리알로에 워터 젤리 토너 500ml 기획 (+50ml),toner,279,4.799,0.1971,0.2186,0.3011,high,67.11,89.95,19.71,100.00,"평균별점 4.799, 리뷰 279건, 재구매율 0.1971, 프로필라벨율 0.3011"
prod_oy_a000000218444,비욘드,[피지&모공 7일케어] 비욘드 엔젤 티트리올 10% 트러블 앰플 50ml,serum,277,4.700,0.0036,0.1733,0.5199,high,61.15,85.00,0.36,100.00,"평균별점 4.700, 리뷰 277건, 재구매율 0.0036, 프로필라벨율 0.5199"
prod_oy_a000000189768,메디필,[모공플럼핑 수분앰플] 메디필 히알루론산 레이어 물톡스 앰플 30ml,serum,275,4.753,0.2400,0.2000,0.3164,high,66.59,87.65,24.00,100.00,"평균별점 4.753, 리뷰 275건, 재구매율 0.2400, 프로필라벨율 0.3164"
prod_oy_a000000255330,아누아,[한정기획] 아누아 어성초 77 B3징크 트러블 세럼 30ml 더블기획 (+어성초 수딩 크림 20ml),serum,275,4.753,0.1273,0.2909,0.1855,high,64.59,87.65,12.73,100.00,"평균별점 4.753, 리뷰 275건, 재구매율 0.1273, 프로필라벨율 0.1855"
prod_oy_a000000202461,빌리프,[모공X탄력X장벽] 빌리프 슈퍼드랍스 펩타이드 퍼밍 세럼 30ml,serum,274,4.818,0.0000,0.2007,0.5365,high,64.68,90.90,0.00,100.00,"평균별점 4.818, 리뷰 274건, 재구매율 0.0000, 프로필라벨율 0.5365"
prod_oy_a000000016873,유리아쥬,[수분장벽토너] 유리아쥬 제모스 토너 250ml,toner,272,4.717,0.1213,0.0993,0.2279,high,61.78,85.85,12.13,100.00,"평균별점 4.717, 리뷰 272건, 재구매율 0.1213, 프로필라벨율 0.2279"
prod_oy_a000000154263,앰플엔,[민감피부진정] 앰플엔 센텔카밍샷 시카진정앰플 100ml,serum,272,4.794,0.1875,0.1728,0.2794,high,66.21,89.70,18.75,100.00,"평균별점 4.794, 리뷰 272건, 재구매율 0.1875, 프로필라벨율 0.2794"
prod_oy_a000000203963,더하르나이,[화잘먹앰플/1+1단독기획]더하르나이 앰플세럼 50ml 리필기획(본품+리필),serum,272,4.739,0.1397,0.1471,0.2794,high,63.48,86.95,13.97,100.00,"평균별점 4.739, 리뷰 272건, 재구매율 0.1397, 프로필라벨율 0.2794"
prod_oy_a000000230877,바이오던스,[탄력수분크림] 바이오던스 포어 퍼펙팅 콜라겐 펩타이드 크림 50ml 기획 (+10ml),cream,271,4.738,0.0443,0.1402,0.3801,high,61.98,86.90,4.43,100.00,"평균별점 4.738, 리뷰 271건, 재구매율 0.0443, 프로필라벨율 0.3801"
prod_oy_a000000184772,닥터자르트,[워터젤리/수분에센스]닥터자르트 바이탈 하이드라 솔루션 하이드로 플럼프 트리트먼트 에센스 150ml,serum,269,4.822,0.2045,0.1301,0.2788,high,66.89,91.10,20.45,100.00,"평균별점 4.822, 리뷰 269건, 재구매율 0.2045, 프로필라벨율 0.2788"
prod_oy_a000000200622,에스네이처,[수분쿨링/열감진정] 에스네이처 아쿠아 오아시스 수분 젤크림 90ml,cream,269,4.888,0.1375,0.1227,0.4052,high,67.92,94.40,13.75,100.00,"평균별점 4.888, 리뷰 269건, 재구매율 0.1375, 프로필라벨율 0.4052"
prod_oy_a000000256752,이즈앤트리,이즈앤트리 초저분자 히아루론산 토너 300ml 리필기획 (+200ml 리필 + 미스트 펌프 + 늘어나는 화장솜),toner,268,4.810,0.0970,0.1493,0.2575,high,64.50,90.50,9.70,100.00,"평균별점 4.810, 리뷰 268건, 재구매율 0.0970, 프로필라벨율 0.2575"
prod_oy_a000000197102,이즈앤트리,[NCT 재민PICK] 이즈앤트리 초저분자 히아루론산 토너 300ml,toner,267,4.809,0.0974,0.1498,0.2584,high,64.49,90.45,9.74,100.00,"평균별점 4.809, 리뷰 267건, 재구매율 0.0974, 프로필라벨율 0.2584"
prod_oy_a000000169683,차앤박,[쿨링/진정] 차앤박 아쿠아 수딩 토너 200ml 1+1 기획,toner,266,4.816,0.2669,0.1165,0.2105,high,67.50,90.80,26.69,100.00,"평균별점 4.816, 리뷰 266건, 재구매율 0.2669, 프로필라벨율 0.2105"
prod_oy_a000000202905,주미소,[항산화/광채케어]주미소 안티옥시던트 글로우 수분광채 에센스 40ml,serum,265,4.789,0.0038,0.2453,0.6113,high,64.78,89.45,0.38,100.00,"평균별점 4.789, 리뷰 265건, 재구매율 0.0038, 프로필라벨율 0.6113"
prod_oy_a000000176352,클라뷰,클라뷰 리얼 비건 저분자 콜라겐 탄력 크림 50ml,cream,263,4.916,0.2281,0.3422,0.3612,high,72.48,95.80,22.81,100.00,"평균별점 4.916, 리뷰 263건, 재구매율 0.2281, 프로필라벨율 0.3612"
prod_oy_a000000186655,더랩바이블랑두,[수분부스터] 더랩바이블랑두 올리고 히알루론산 부스팅 앰플 30ml 리필 기획,serum,263,4.707,0.2776,0.1065,0.2433,high,64.78,85.35,27.76,100.00,"평균별점 4.707, 리뷰 263건, 재구매율 0.2776, 프로필라벨율 0.2433"
prod_oy_a000000200145,빌리프,[수분보습폭탄] 빌리프 모이스춰라이징 밤 / 아쿠아 밤 30ml 기획 (+뉴메로10 에센스 35ml),cream,263,4.909,0.0304,0.1939,0.4829,high,67.46,95.45,3.04,100.00,"평균별점 4.909, 리뷰 263건, 재구매율 0.0304, 프로필라벨율 0.4829"
prod_oy_a000000213492,메디큐브,[흔적미백]메디큐브 PDRN 핑크 시카 수딩 토너 250ml,toner,263,4.802,0.3194,0.4335,0.1977,high,71.27,90.10,31.94,100.00,"평균별점 4.802, 리뷰 263건, 재구매율 0.3194, 프로필라벨율 0.1977"
prod_oy_a000000231799,엑시스와이,[잡티컷세럼/미백] 엑시스와이 잡티케어 글로우 세럼 50ml,serum,263,4.875,0.0798,0.2433,0.5932,high,68.56,93.75,7.98,100.00,"평균별점 4.875, 리뷰 263건, 재구매율 0.0798, 프로필라벨율 0.5932"
prod_oy_a000000250225,세포랩,[7월 올영픽/화잘먹부스팅템] 세포랩 바이오제닉 에센스 블렌디드 포뮬라 50% (100ml /30ml),serum,263,4.897,0.3194,0.1863,0.2357,high,71.60,94.85,31.94,100.00,"평균별점 4.897, 리뷰 263건, 재구매율 0.3194, 프로필라벨율 0.2357"
prod_oy_a000000153913,싸이닉,싸이닉 더 심플 릴리프 수분크림 더블 기획 (80ml+80ml),serum,256,4.730,0.1523,0.1484,0.2734,high,63.47,86.50,15.23,100.00,"평균별점 4.730, 리뷰 256건, 재구매율 0.1523, 프로필라벨율 0.2734"
prod_oy_a000000118798,유세린,[수분크림1+1] 유세린 아쿠아포린 액티브 라이트크림 복합성용 50ml,cream,255,4.686,0.0745,0.1725,0.2314,high,60.74,84.30,7.45,100.00,"평균별점 4.686, 리뷰 255건, 재구매율 0.0745, 프로필라벨율 0.2314"
prod_oy_a000000183516,라로슈포제,라로슈포제 에빠끌라 AI 15ml,serum,255,4.522,0.1176,0.1608,0.2235,high,56.93,76.10,11.76,100.00,"평균별점 4.522, 리뷰 255건, 재구매율 0.1176, 프로필라벨율 0.2235"
prod_oy_a000000231779,라로슈포제,[7월 올영픽/본품 50%용량 추가 증정] 라로슈포제 시카플라스트 리페어 에센스 30ml 기획 (+7.5ml*2ea),serum,255,4.718,0.0784,0.1647,0.3529,high,62.22,85.90,7.84,100.00,"평균별점 4.718, 리뷰 255건, 재구매율 0.0784, 프로필라벨율 0.3529"
prod_oy_a000000148729,디오디너리,[차세대레티놀] 디오디너리 그랜액티브 레티노이드 2% 에멀전 30ml,lotion,251,4.681,0.1952,0.1594,0.2550,high,63.00,84.05,19.52,100.00,"평균별점 4.681, 리뷰 251건, 재구매율 0.1952, 프로필라벨율 0.2550"
prod_oy_a000000117807,바이오더마,바이오더마 하이드라비오 크림 50ml,cream,249,4.635,0.1486,0.1365,0.2410,high,60.50,81.75,14.86,100.00,"평균별점 4.635, 리뷰 249건, 재구매율 0.1486, 프로필라벨율 0.2410"
prod_oy_a000000231539,키엘,16년연속 NO.1 키엘 수분 장벽 크림 150ml,cream,248,4.802,0.0605,0.1774,0.2419,high,63.75,90.10,6.05,100.00,"평균별점 4.802, 리뷰 248건, 재구매율 0.0605, 프로필라벨율 0.2419"
prod_oy_a000000241852,에스티로더,[피부노화개선] 에스티로더 갈색병 세럼 30ml 기획/단품,serum,248,4.887,0.1290,0.1089,0.3306,high,67.21,94.35,12.90,100.00,"평균별점 4.887, 리뷰 248건, 재구매율 0.1290, 프로필라벨율 0.3306"
prod_oy_a000000250711,넘버즈인,[화잘먹] 넘버즈인 3번 보들보들 퍼스트 결부스팅 토너 200ml 기획 (+50ml),toner,247,4.789,0.0162,0.1538,0.3279,high,62.70,89.45,1.62,100.00,"평균별점 4.789, 리뷰 247건, 재구매율 0.0162, 프로필라벨율 0.3279"
prod_oy_a000000224917,리쥬란,(30시간 보습지속/약산성 pH크림 장벽케어)리쥬란 더마힐러 모이스처 크림 60g [한정기획(+10g)/기획],cream,245,4.735,0.1510,0.1347,0.3673,high,63.92,86.75,15.10,100.00,"평균별점 4.735, 리뷰 245건, 재구매율 0.1510, 프로필라벨율 0.3673"
prod_oy_a000000208735,아렌시아,[잡티미백 집중케어 / 화제의 쿨톤 세럼] 아렌시아 홀리 히솝 세럼 30 50g,serum,243,4.634,0.0658,0.1399,0.3580,high,59.44,81.70,6.58,100.00,"평균별점 4.634, 리뷰 243건, 재구매율 0.0658, 프로필라벨율 0.3580"
prod_oy_a000000250593,셀퓨전씨,[핑구콜라보] 셀퓨전씨 포스트 알파 쿨링 펩타이드 앰플 30ml 기획 (+앰플 10ml),serum,243,4.621,0.0123,0.1193,0.4733,high,58.38,81.05,1.23,100.00,"평균별점 4.621, 리뷰 243건, 재구매율 0.0123, 프로필라벨율 0.4733"
prod_oy_a000000199824,랩시리즈,랩시리즈 데일리 레스큐 워터로션 200ml 단품/기획 (+60ml 추가증정),toner,242,4.855,0.0744,0.1860,0.2438,high,65.58,92.75,7.44,100.00,"평균별점 4.855, 리뷰 242건, 재구매율 0.0744, 프로필라벨율 0.2438"
prod_oy_a000000188120,라운드랩,[보습장벽] 라운드랩 약콩 판테놀 앰플 50ml 기획 (+약콩 크림 20ml),serum,241,4.734,0.1245,0.1162,0.2988,high,62.83,86.70,12.45,100.00,"평균별점 4.734, 리뷰 241건, 재구매율 0.1245, 프로필라벨율 0.2988"
prod_oy_a000000229464,디퍼,[수분광채/화잘먹세럼] 디퍼 히알루론산 히알큐브 세콜지 수분 세럼 50ml,serum,241,4.917,0.1037,0.1909,0.4191,high,68.80,95.85,10.37,100.00,"평균별점 4.917, 리뷰 241건, 재구매율 0.1037, 프로필라벨율 0.4191"
prod_oy_a000000250103,이지듀,이지듀 EGFx 다운타임 크림 60ml 기획(+오인트 겔 5ml),cream,240,4.804,0.0833,0.1542,0.3792,high,64.71,90.20,8.33,100.00,"평균별점 4.804, 리뷰 240건, 재구매율 0.0833, 프로필라벨율 0.3792"
prod_oy_a000000250106,이지듀,이지듀 EGFx 다운타임 오인트 겔 15ml 기획(+크림 7ml),cream,240,4.804,0.0833,0.1542,0.3792,high,64.71,90.20,8.33,100.00,"평균별점 4.804, 리뷰 240건, 재구매율 0.0833, 프로필라벨율 0.3792"
prod_oy_a000000126470,유세린,[장벽크림] 유세린 울트라 센서티브 리페어 크림 50ml,cream,237,4.684,0.1603,0.1772,0.2996,high,62.79,84.20,16.03,100.00,"평균별점 4.684, 리뷰 237건, 재구매율 0.1603, 프로필라벨율 0.2996"
prod_oy_a000000159225,달바,[민낯광채/겉광속쫀] 달바 더블 레이어 리바이탈라이징 세럼 30ml,serum,237,4.688,0.0970,0.1308,0.3207,high,61.27,84.40,9.70,100.00,"평균별점 4.688, 리뷰 237건, 재구매율 0.0970, 프로필라벨율 0.3207"
prod_oy_a000000231352,스킨푸드,[리필기획] 스킨푸드 캐롯 카로틴 모이스트 이펙터 리필기획 (55ml+52ml),serum,236,4.775,0.1144,0.1737,0.3178,high,64.43,88.75,11.44,100.00,"평균별점 4.775, 리뷰 236건, 재구매율 0.1144, 프로필라벨율 0.3178"
prod_oy_a000000174356,아벤느,[수분/진정]아벤느 클리낭스 아쿠아크림-인-젤 수분 크림 50ml,cream,235,4.698,0.1149,0.1362,0.2894,high,61.80,84.90,11.49,100.00,"평균별점 4.698, 리뷰 235건, 재구매율 0.1149, 프로필라벨율 0.2894"
prod_oy_a000000256079,rdrd,[NEW/단독기획/리뷰이벤트] rdrd 레드 애플 락토 진정 팝핑 토너 95g 응급진정 KIT 기획,toner,235,4.762,0.0255,0.1702,0.5447,high,63.39,88.10,2.55,100.00,"평균별점 4.762, 리뷰 235건, 재구매율 0.0255, 프로필라벨율 0.5447"
prod_oy_a000000248589,톤28,[화잘먹] 톤28 해남404 글로우 크림앤세럼 50ml,serum,234,4.876,0.4573,0.5769,0.4402,high,78.71,93.80,45.73,100.00,"평균별점 4.876, 리뷰 234건, 재구매율 0.4573, 프로필라벨율 0.4402"
prod_oy_a000000248974,rdrd,[NEW] rdrd 레드 애플 락토 진정 팝핑 토너 95g,toner,234,4.761,0.0256,0.1709,0.5427,high,63.36,88.05,2.56,100.00,"평균별점 4.761, 리뷰 234건, 재구매율 0.0256, 프로필라벨율 0.5427"
prod_oy_a000000249153,이즈앤트리,[NCT 재민PICK] 이즈앤트리 어니언 뉴페어 앰플 플러스 50ml 기획 (+겔크림 플러스 20ml),serum,232,4.668,0.0431,0.1207,0.3405,high,59.64,83.40,4.31,100.00,"평균별점 4.668, 리뷰 232건, 재구매율 0.0431, 프로필라벨율 0.3405"
prod_oy_a000000148252,라운드랩,[수분생기] 라운드랩 자작나무 수분 토너 300ml,toner,229,4.742,0.0524,0.1048,0.1790,high,60.90,87.10,5.24,100.00,"평균별점 4.742, 리뷰 229건, 재구매율 0.0524, 프로필라벨율 0.1790"
prod_oy_a000000212724,듀이트리,[흔적수분크림] 듀이트리 AC 딥 흔적 진정 크림 60ml,cream,229,4.598,0.0830,0.0830,0.1703,high,57.29,79.90,8.30,100.00,"평균별점 4.598, 리뷰 229건, 재구매율 0.0830, 프로필라벨율 0.1703"
prod_oy_a000000250211,헤이네이처,헤이네이처 어성초 앰플 40ml,serum,229,4.668,0.2183,0.1223,0.2402,high,62.66,83.40,21.83,100.00,"평균별점 4.668, 리뷰 229건, 재구매율 0.2183, 프로필라벨율 0.2402"
prod_oy_a000000165056,바이오더마,[슬로우에이징]바이오더마 센시비오 디펜시브 40ml,cream,227,4.744,0.2643,0.1189,0.3480,high,66.18,87.20,26.43,100.00,"평균별점 4.744, 리뷰 227건, 재구매율 0.2643, 프로필라벨율 0.3480"
prod_oy_a000000250209,바이오힐보,[슈링크홈디바이스] 바이오힐보 NAD프리즈셀 글로우 파워 세럼 30ml 기획,serum,227,4.727,0.0176,0.1586,0.3260,high,61.06,86.35,1.76,100.00,"평균별점 4.727, 리뷰 227건, 재구매율 0.0176, 프로필라벨율 0.3260"
prod_oy_a000000229523,성분에디터,[잡티미백케어] 성분에디터 머루포도 비타씨 다크 스팟 앰플 40ml,serum,226,4.496,0.0487,0.1681,0.3186,high,55.39,74.80,4.87,100.00,"평균별점 4.496, 리뷰 226건, 재구매율 0.0487, 프로필라벨율 0.3186"
prod_oy_a000000189171,폴라초이스,[모공컨트롤샷]폴라초이스 10% 나이아신아마이드 부스터 앰플 20ml 기획(+각질제거제 30ml 증정),serum,225,4.747,0.1156,0.1956,0.3289,high,63.96,87.35,11.56,100.00,"평균별점 4.747, 리뷰 225건, 재구매율 0.1156, 프로필라벨율 0.3289"
prod_oy_a000000214288,라운드랩,[10층탄력] 라운드랩 동백 딥 콜라겐 탄력 크림 50ml 기획 (+10ml),cream,223,4.834,0.0807,0.1749,0.4798,high,66.20,91.70,8.07,100.00,"평균별점 4.834, 리뷰 223건, 재구매율 0.0807, 프로필라벨율 0.4798"
prod_oy_a000000212250,오브제,[대용량] 오브제 포어 제로 필링 토너 310ml,toner,221,4.932,0.1448,0.1041,0.2443,high,68.29,96.60,14.48,100.00,"평균별점 4.932, 리뷰 221건, 재구매율 0.1448, 프로필라벨율 0.2443"
prod_oy_a000000188950,한율,한율 빨간쌀 보습탄력 크림 55ml,cream,220,4.827,0.0864,0.0864,0.4000,high,64.83,91.35,8.64,100.00,"평균별점 4.827, 리뷰 220건, 재구매율 0.0864, 프로필라벨율 0.4000"
prod_oy_a000000189015,후시다인,후시다인 더마 트러블 밸런싱 세럼 40g,serum,220,4.559,0.2818,0.1682,0.3864,high,62.12,77.95,28.18,100.00,"평균별점 4.559, 리뷰 220건, 재구매율 0.2818, 프로필라벨율 0.3864"
prod_oy_a000000204633,설화수,설화수 윤조에센스 단품/기획,serum,220,4.941,0.0227,0.1545,0.4136,high,67.44,97.05,2.27,100.00,"평균별점 4.941, 리뷰 220건, 재구매율 0.0227, 프로필라벨율 0.4136"
prod_oy_a000000175354,닥터자르트,[보습세럼]닥터자르트 세라마이딘 스킨 베리어 세럼 토너 150ml,toner,219,4.881,0.1416,0.1187,0.2603,high,67.05,94.05,14.16,100.00,"평균별점 4.881, 리뷰 219건, 재구매율 0.1416, 프로필라벨율 0.2603"
prod_oy_a000000159291,마몽드,마몽드 레티놀 앰플 토너 250ml,toner,218,4.638,0.0413,0.1514,0.3303,high,59.04,81.90,4.13,100.00,"평균별점 4.638, 리뷰 218건, 재구매율 0.0413, 프로필라벨율 0.3303"
prod_oy_a000000203855,비욘드,[유수분밸런스] 비욘드 엔젤아쿠아 보습 장벽 로션 200ml,lotion,217,4.788,0.0415,0.1198,0.3180,high,62.79,89.40,4.15,100.00,"평균별점 4.788, 리뷰 217건, 재구매율 0.0415, 프로필라벨율 0.3180"
prod_oy_a000000252735,에스테덤,[물광 에센스]에스테덤 셀룰러워터 에센스 125ml 기획 (+버블 펌프 50ml),serum,217,4.774,0.1244,0.1567,0.4009,high,64.84,88.70,12.44,100.00,"평균별점 4.774, 리뷰 217건, 재구매율 0.1244, 프로필라벨율 0.4009"
prod_oy_a000000192300,몰바니,몰바니 볼륨 인크리징 프로틴 크림 100ml,cream,215,4.902,0.1488,0.2233,0.4000,high,69.51,95.10,14.88,100.00,"평균별점 4.902, 리뷰 215건, 재구매율 0.1488, 프로필라벨율 0.4000"
prod_oy_a000000218641,아이디플라코스메틱,[스무살 앰플] 아이디플라코스메틱 엑소브이 플러스 앰플 30ml,serum,215,4.847,0.0326,0.2465,0.6186,high,67.00,92.35,3.26,100.00,"평균별점 4.847, 리뷰 215건, 재구매율 0.0326, 프로필라벨율 0.6186"
prod_oy_a000000229964,플로디카,플로디카 인투더 워터홀 앰플 50ml,serum,215,4.874,0.0558,0.1953,0.5814,high,67.51,93.70,5.58,100.00,"평균별점 4.874, 리뷰 215건, 재구매율 0.0558, 프로필라벨율 0.5814"
prod_oy_a000000233086,더랩바이블랑두,[대용량/화잘먹세럼] 더랩바이블랑두 올리고 히알루론산 딥 글로우 세럼 85ml 기획 (+15ml),serum,215,4.698,0.0419,0.1116,0.4000,high,60.65,84.90,4.19,100.00,"평균별점 4.698, 리뷰 215건, 재구매율 0.0419, 프로필라벨율 0.4000"
prod_oy_a000000255273,리쥬더마 EX,[리쥬란 제약사_4배속 급속진정]리쥬더마 EX 리페어링 크림 20g (+5g*2ea) 한정기획,cream,215,4.763,0.0186,0.1860,0.5209,high,63.32,88.15,1.86,100.00,"평균별점 4.763, 리뷰 215건, 재구매율 0.0186, 프로필라벨율 0.5209"
prod_oy_a000000231455,스킨푸드,[NEW/겉뽀속촉] 스킨푸드 피치뽀송 징크피씨에이 톤업 크림 50ml,cream,214,4.935,0.0140,0.1121,0.4486,high,66.86,96.75,1.40,100.00,"평균별점 4.935, 리뷰 214건, 재구매율 0.0140, 프로필라벨율 0.4486"
prod_oy_a000000199847,리얼베리어,리얼베리어 익스트림 에센스 토너 라이트 300ml 기획 (+라이트 크림 25ml),toner,211,4.801,0.0995,0.1848,0.3365,high,65.05,90.05,9.95,100.00,"평균별점 4.801, 리뷰 211건, 재구매율 0.0995, 프로필라벨율 0.3365"
prod_oy_a000000213112,파이코어,파이코어 디퍼런씨 블루바이옴 리페어 수딩크림 50ml,cream,211,4.905,0.0047,0.1943,0.4313,high,66.58,95.25,0.47,100.00,"평균별점 4.905, 리뷰 211건, 재구매율 0.0047, 프로필라벨율 0.4313"
prod_oy_a000000147109,유세린,[보습장벽크림] 유세린 우레아 리페어 크림 50ml,cream,210,4.686,0.2333,0.1714,0.2952,high,64.22,84.30,23.33,100.00,"평균별점 4.686, 리뷰 210건, 재구매율 0.2333, 프로필라벨율 0.2952"
prod_oy_a000000182584,닥터자르트,[한정기획/산뜻수분진정] 닥터자르트 시카페어 인텐시브 수딩 리페어 젤 크림 기획(50ml+15ml*2ea),cream,207,4.758,0.1594,0.1208,0.2609,high,64.05,87.90,15.94,100.00,"평균별점 4.758, 리뷰 207건, 재구매율 0.1594, 프로필라벨율 0.2609"
prod_oy_a000000166013,라로슈포제,라로슈포제 에빠끌라 울트라 컨센트레이티드 세럼 30ml,serum,205,4.829,0.0683,0.1171,0.3220,high,64.44,91.45,6.83,100.00,"평균별점 4.829, 리뷰 205건, 재구매율 0.0683, 프로필라벨율 0.3220"
prod_oy_a000000224124,브이앤에이뷰티,[리뉴얼/단독] 브이앤에이뷰티 안티옥시던트 래디언스 앰플 50ml 리필 기획세트 (+50ml 리필팩),serum,205,4.824,0.0732,0.1561,0.4341,high,65.36,91.20,7.32,100.00,"평균별점 4.824, 리뷰 205건, 재구매율 0.0732, 프로필라벨율 0.4341"
prod_oy_a000000247112,스킨앤랩,[NEW/잡티토닝] 스킨앤랩 글루타치온 앰플 토너 200ml,toner,205,4.941,0.0829,0.1610,0.5415,high,69.35,97.05,8.29,100.00,"평균별점 4.941, 리뷰 205건, 재구매율 0.0829, 프로필라벨율 0.5415"
prod_oy_a000000179544,비플레인,[트러블완화/수분진정] 비플레인 시카테롤 토너 200ml,toner,203,4.744,0.1330,0.1281,0.3103,high,63.45,87.20,13.30,100.00,"평균별점 4.744, 리뷰 203건, 재구매율 0.1330, 프로필라벨율 0.3103"
prod_oy_a000000172476,차앤박,차앤박(CNP) 프로폴리스 멀티 앰플밤 1+1 기획,cream,202,4.713,0.0891,0.1832,0.2970,high,62.21,85.65,8.91,100.00,"평균별점 4.713, 리뷰 202건, 재구매율 0.0891, 프로필라벨율 0.2970"
prod_oy_a000000139561,스킨푸드,[끝판꿀광+트러블개선] 스킨푸드 로열허니 프로폴리스 인리치 에센스,serum,201,4.781,0.0995,0.1194,0.1542,high,62.93,89.05,9.95,100.00,"평균별점 4.781, 리뷰 201건, 재구매율 0.0995, 프로필라벨율 0.1542"
prod_oy_a000000233882,바이오힐보,[광채세럼] 바이오힐보 NAD 프리즈셀 글로우 파워 세럼 30ml [단품/기획],serum,201,4.731,0.0100,0.1642,0.3383,high,61.14,86.55,1.00,100.00,"평균별점 4.731, 리뷰 201건, 재구매율 0.0100, 프로필라벨율 0.3383"
prod_oy_a000000234384,브링그린,[속보습] 브링그린 블루빈 B5-PDRN 마일드 크림 100ml (+블루빈로션 10ml),cream,197,4.635,0.0914,0.1371,0.3147,high,59.74,81.75,9.14,100.00,"평균별점 4.635, 리뷰 197건, 재구매율 0.0914, 프로필라벨율 0.3147"
prod_oy_a000000244993,제로이드,제로이드 인텐시브 크림 토너 200ml 기획 (+크림 10ml),toner,197,4.756,0.1574,0.1726,0.2589,high,64.46,87.80,15.74,100.00,"평균별점 4.756, 리뷰 197건, 재구매율 0.1574, 프로필라벨율 0.2589"
prod_oy_a000000155193,닥터자르트,닥터자르트 포어레미디 파하 익스폴리에이팅 세럼 (본품30ml+15ml 추가 증정),serum,196,4.459,0.0816,0.1224,0.3827,high,54.89,72.95,8.16,100.00,"평균별점 4.459, 리뷰 196건, 재구매율 0.0816, 프로필라벨율 0.3827"
prod_oy_a000000164251,플리프,플리프 시카-알로에 프레쉬 수분크림 150ml,cream,196,4.760,0.1531,0.1429,0.2653,high,64.22,88.00,15.31,100.00,"평균별점 4.760, 리뷰 196건, 재구매율 0.1531, 프로필라벨율 0.2653"
prod_oy_a000000010471,라로슈포제,라로슈포제 에빠끌라 MAT 세보 컨트롤링 모이스춰라이저,cream,195,4.646,0.2615,0.0718,0.2051,high,62.24,82.30,26.15,100.00,"평균별점 4.646, 리뷰 195건, 재구매율 0.2615, 프로필라벨율 0.2051"
prod_oy_a000000150815,아크네스,[기름종이토너] 아크네스 세범 밸런싱 스킨 200ml,toner,195,4.687,0.1949,0.1538,0.2769,high,63.21,84.35,19.49,100.00,"평균별점 4.687, 리뷰 195건, 재구매율 0.1949, 프로필라벨율 0.2769"
prod_oy_a000000244897,코스알엑스,[속보습]코스알엑스 더 6 펩타이드 스킨 부스터 세럼 30ml,serum,194,4.716,0.0206,0.0412,0.3557,high,59.79,85.80,2.06,100.00,"평균별점 4.716, 리뷰 194건, 재구매율 0.0206, 프로필라벨율 0.3557"
prod_oy_a000000145333,닥터디퍼런트,[산뜻/지성크림] 닥터디퍼런트 113 세콜지 모이스처라이저 100ml,cream,193,4.606,0.2124,0.1347,0.3575,high,61.55,80.30,21.24,100.00,"평균별점 4.606, 리뷰 193건, 재구매율 0.2124, 프로필라벨율 0.3575"
prod_oy_a000000137017,마녀공장,마녀공장 비피다 바이옴 콤플렉스 앰플 30ml,serum,192,4.646,0.0625,0.1042,0.2552,high,58.83,82.30,6.25,100.00,"평균별점 4.646, 리뷰 192건, 재구매율 0.0625, 프로필라벨율 0.2552"
prod_oy_a000000237491,코스노리,[수부지장벽토너] 코스노리 판테놀 베리어 토너 205ml,toner,192,4.953,0.0885,0.0573,0.2188,high,67.14,97.65,8.85,100.00,"평균별점 4.953, 리뷰 192건, 재구매율 0.0885, 프로필라벨율 0.2188"
prod_oy_a000000200310,토리든,토리든 셀메이징 비타C 브라이트닝 앰플 30ml,serum,191,4.503,0.0262,0.2042,0.4031,high,55.91,75.15,2.62,100.00,"평균별점 4.503, 리뷰 191건, 재구매율 0.0262, 프로필라벨율 0.4031"
prod_oy_a000000164614,어바웃미,어바웃미 숲 진정 수분 크림 80ml (100시간 수분지속 진정크림),cream,190,4.732,0.1526,0.1789,0.4684,high,64.81,86.60,15.26,100.00,"평균별점 4.732, 리뷰 190건, 재구매율 0.1526, 프로필라벨율 0.4684"
prod_oy_a000000216291,제로이드,제로이드 인텐시브 오인트 크림 80ml,cream,190,4.832,0.1789,0.2368,0.2526,high,67.59,91.60,17.89,100.00,"평균별점 4.832, 리뷰 190건, 재구매율 0.1789, 프로필라벨율 0.2526"
prod_oy_a000000229513,지피덤,[퀸승용 PICK] [장벽탄력/트러블] 지피덤 셀트리온EGF 스킨베리어 인텐시브 크림 80ml,cream,190,4.779,0.1579,0.3579,0.3105,high,67.21,88.95,15.79,100.00,"평균별점 4.779, 리뷰 190건, 재구매율 0.1579, 프로필라벨율 0.3105"
prod_oy_a000000250143,라로슈포제,라로슈포제 에빠끌라 K(+) 토너 200ml 기획(+에빠끌라 폼 50ml),toner,189,4.725,0.1905,0.1534,0.2011,high,63.79,86.25,19.05,100.00,"평균별점 4.725, 리뷰 189건, 재구매율 0.1905, 프로필라벨율 0.2011"
prod_oy_a000000176512,트러블레스,트러블레스 마일드 클리어 토너 에센스 200ml,toner,188,4.915,0.3989,0.1649,0.2660,high,73.62,95.75,39.89,100.00,"평균별점 4.915, 리뷰 188건, 재구매율 0.3989, 프로필라벨율 0.2660"
prod_oy_a000000228259,더마팩토리,더마팩토리 레티날 300ppm크림 30ml,cream,188,4.734,0.0691,0.1809,0.4149,high,62.95,86.70,6.91,100.00,"평균별점 4.734, 리뷰 188건, 재구매율 0.0691, 프로필라벨율 0.4149"
prod_oy_a000000229082,차앤박,[화잘먹토너] 차앤박 더마앤서 핑크토닝 PDRN 토너 200ml,toner,188,4.899,0.1117,0.1383,0.5319,high,68.50,94.95,11.17,100.00,"평균별점 4.899, 리뷰 188건, 재구매율 0.1117, 프로필라벨율 0.5319"
prod_oy_a000000246431,닥터자르트,[NEW단독기획/화잘먹세럼] 닥터자르트 세라마이딘 스킨 베리어 모이스쳐 리커버리 세럼 30ml 기획 (+크림15ml),serum,188,4.862,0.1968,0.3617,0.2660,high,70.09,93.10,19.68,100.00,"평균별점 4.862, 리뷰 188건, 재구매율 0.1968, 프로필라벨율 0.2660"
prod_oy_a000000149138,이즈앤트리,이즈앤트리 히아루론산 아쿠아 젤 크림 100ml,cream,187,4.701,0.1337,0.1604,0.3102,high,62.61,85.05,13.37,100.00,"평균별점 4.701, 리뷰 187건, 재구매율 0.1337, 프로필라벨율 0.3102"
prod_oy_a000000170690,유세린,[미백잡티] 유세린 이븐래디언스 모이스처라이저 50ml,lotion,187,4.754,0.2460,0.1497,0.3209,high,66.26,87.70,24.60,100.00,"평균별점 4.754, 리뷰 187건, 재구매율 0.2460, 프로필라벨율 0.3209"
prod_oy_a000000173055,라타플랑,[피지40%감소] 라타플랑 미나리 시카트러블 진정 수분크림 75ml,cream,185,4.746,0.2054,0.2108,0.3514,high,65.99,87.30,20.54,100.00,"평균별점 4.746, 리뷰 185건, 재구매율 0.2054, 프로필라벨율 0.3514"
prod_oy_a000000180408,리쥬란,[리쥬란 퍼스트에센스]리쥬란 더마 힐러 트리트먼트 에센스 70g [기획(+턴오버앰플 5ml)/단품],serum,185,4.805,0.0541,0.1838,0.3351,high,64.23,90.25,5.41,100.00,"평균별점 4.805, 리뷰 185건, 재구매율 0.0541, 프로필라벨율 0.3351"
prod_oy_a000000209380,큐어,[국민크림] 큐어 인텐시브 2X 크림,cream,185,4.822,0.0162,0.1243,0.3568,high,63.46,91.10,1.62,100.00,"평균별점 4.822, 리뷰 185건, 재구매율 0.0162, 프로필라벨율 0.3568"
prod_oy_a000000161805,라로슈포제,라로슈포제 똘러리앙 덤알레르고 크림 40ml,cream,184,4.832,0.3533,0.1467,0.3098,high,70.46,91.60,35.33,100.00,"평균별점 4.832, 리뷰 184건, 재구매율 0.3533, 프로필라벨율 0.3098"
prod_oy_a000000153893,아이소이,[속보습/100시간] 아이소이 모이스춰닥터 장수진 수분앰플 40ml,serum,183,4.781,0.1967,0.0820,0.2186,high,64.82,89.05,19.67,100.00,"평균별점 4.781, 리뷰 183건, 재구매율 0.1967, 프로필라벨율 0.2186"
prod_oy_a000000185366,배드스킨,배드스킨 콜라겐 밤 하이드레이팅 앰플 400ml 기획(+100ml),serum,182,4.863,0.1209,0.1648,0.2747,high,66.67,93.15,12.09,100.00,"평균별점 4.863, 리뷰 182건, 재구매율 0.1209, 프로필라벨율 0.2747"
prod_oy_a000000199173,오휘,[PDRN세럼 선물세트] 오휘 프라임AD 디에이징 앰플세럼 20ml 세트,serum,182,4.901,0.0000,0.1978,0.6154,high,67.33,95.05,0.00,100.00,"평균별점 4.901, 리뷰 182건, 재구매율 0.0000, 프로필라벨율 0.6154"
prod_oy_a000000182273,마일드랩,[EGF판테놀/장벽] 마일드랩 블루센텔라 더마 리페어크림 50ml,cream,181,4.724,0.1492,0.1215,0.3481,high,63.35,86.20,14.92,100.00,"평균별점 4.724, 리뷰 181건, 재구매율 0.1492, 프로필라벨율 0.3481"
prod_oy_a000000248500,아누아,[박희선Pick] 아누아 어성초 77 B3 징크 트러블 세럼 30ml 더블 기획,serum,181,4.823,0.1602,0.3204,0.1215,high,67.15,91.15,16.02,100.00,"평균별점 4.823, 리뷰 181건, 재구매율 0.1602, 프로필라벨율 0.1215"
prod_oy_a000000216574,썸바이미,썸바이미 아하 바하 파하 30 데이즈 미라클 토너 기획세트 (150ml+30ml),toner,180,4.767,0.1722,0.1611,0.2278,high,64.79,88.35,17.22,100.00,"평균별점 4.767, 리뷰 180건, 재구매율 0.1722, 프로필라벨율 0.2278"
prod_oy_a000000232734,퓨어그램,퓨어그램 속건조필수템 저분자 하이드라 히알루론산 세럼 30ml,serum,180,4.906,0.0278,0.2056,0.3111,high,66.58,95.30,2.78,100.00,"평균별점 4.906, 리뷰 180건, 재구매율 0.0278, 프로필라벨율 0.3111"
prod_oy_a000000235338,디마프,[원조버블세럼] 디마프 히어로 마이 퍼스트 세럼 a.k.a 만능기초 155ml,serum,179,4.838,0.0950,0.2179,0.3855,high,66.55,91.90,9.50,100.00,"평균별점 4.838, 리뷰 179건, 재구매율 0.0950, 프로필라벨율 0.3855"
prod_oy_a000000246219,라로슈포제,라로슈포제 히알루 B5 수분탄력 세럼 30ml,serum,179,4.793,0.0894,0.1899,0.2737,high,64.36,89.65,8.94,100.00,"평균별점 4.793, 리뷰 179건, 재구매율 0.0894, 프로필라벨율 0.2737"
prod_oy_a000000172156,루트리,루트리 오디베리 5중 모공 리파이닝 앰플 50ml,serum,177,4.565,0.1017,0.1921,0.4915,high,59.45,78.25,10.17,100.00,"평균별점 4.565, 리뷰 177건, 재구매율 0.1017, 프로필라벨율 0.4915"
prod_oy_a000000170038,닥터지,[피지케어] 닥터지 에이클리어 밸런싱 토너 200ml 증정 기획 (+화장솜 70매),toner,176,4.824,0.1705,0.0739,0.2841,high,65.73,91.20,17.05,100.00,"평균별점 4.824, 리뷰 176건, 재구매율 0.1705, 프로필라벨율 0.2841"
prod_oy_a000000236508,프리메라,프리메라 비타티놀 인텐스 바운시 리프트 마스크 크림 30ml 기획/단품,cream,176,4.778,0.0455,0.3068,0.3466,high,64.61,88.90,4.55,100.00,"평균별점 4.778, 리뷰 176건, 재구매율 0.0455, 프로필라벨율 0.3466"
prod_oy_a000000186131,메디큐브,메디큐브 레드 이레이징 크림 2.0 50ml,cream,175,4.406,0.0686,0.1029,0.2800,high,52.47,70.30,6.86,100.00,"평균별점 4.406, 리뷰 175건, 재구매율 0.0686, 프로필라벨율 0.2800"
prod_oy_a000000206212,메디큐브,메디큐브 제로 모공 원데이 크림 50ml,cream,175,4.789,0.1886,0.1371,0.3029,high,65.85,89.45,18.86,100.00,"평균별점 4.789, 리뷰 175건, 재구매율 0.1886, 프로필라벨율 0.3029"
prod_oy_a000000165887,닥터디퍼런트,[진정/쿨링] 닥터디퍼런트 시카 메탈 퀵 수딩 크림 50g,cream,174,4.736,0.0747,0.2299,0.5632,high,64.35,86.80,7.47,100.00,"평균별점 4.736, 리뷰 174건, 재구매율 0.0747, 프로필라벨율 0.5632"
prod_oy_a000000174751,토리든,토리든 솔리드인 세라마이드 올데이 에센스 100ml,serum,174,4.770,0.0747,0.1322,0.3333,high,63.16,88.50,7.47,100.00,"평균별점 4.770, 리뷰 174건, 재구매율 0.0747, 프로필라벨율 0.3333"
prod_oy_a000000142737,더랩바이블랑두,[장벽UP] 더랩바이블랑두 저분자 히알루론산 카밍+ 크림 80ml,cream,172,4.750,0.1570,0.1802,0.1453,high,63.79,87.50,15.70,100.00,"평균별점 4.750, 리뷰 172건, 재구매율 0.1570, 프로필라벨율 0.1453"
prod_oy_a000000188948,한율,한율 빨간쌀 보습탄력 에멀젼 125ml,lotion,172,4.860,0.1163,0.1105,0.3081,high,66.12,93.00,11.63,100.00,"평균별점 4.860, 리뷰 172건, 재구매율 0.1163, 프로필라벨율 0.3081"
prod_oy_a000000200328,디오디너리,[수분보습] 디오디너리 히알루로닉 애시드 2% + B5 60ml,serum,172,4.727,0.1221,0.2209,0.2674,high,63.48,86.35,12.21,100.00,"평균별점 4.727, 리뷰 172건, 재구매율 0.1221, 프로필라벨율 0.2674"
prod_oy_a000000150818,아크네스,[수부지산뜻진정] 아크네스 모이스처 크림 60ml,serum,171,4.696,0.2632,0.2164,0.2398,high,65.27,84.80,26.32,100.00,"평균별점 4.696, 리뷰 171건, 재구매율 0.2632, 프로필라벨율 0.2398"
prod_oy_a000000224246,풀리,[레이PICK/보습광채] 풀리 쌀 세라 에센스 토너 250ml,toner,171,4.930,0.0292,0.1404,0.3626,high,66.88,96.50,2.92,100.00,"평균별점 4.930, 리뷰 171건, 재구매율 0.0292, 프로필라벨율 0.3626"
prod_oy_a000000260462,에스트라,에스트라 아토베리어365 하이드로 수딩크림 80ml,cream,170,4.694,0.0118,0.0882,0.3529,high,59.47,84.70,1.18,100.00,"평균별점 4.694, 리뷰 170건, 재구매율 0.0118, 프로필라벨율 0.3529"
prod_oy_a000000161804,라로슈포제,라로슈포제 똘러리앙 덤알레르고 플루이드 40ml,cream,167,4.796,0.4072,0.1677,0.1856,high,70.14,89.80,40.72,100.00,"평균별점 4.796, 리뷰 167건, 재구매율 0.4072, 프로필라벨율 0.1856"
prod_oy_a000000250099,라로슈포제,라로슈포제 시카플라스트 리페어 에센스 30ml 기획 (+시카밤3ml+시카라방3ml),serum,167,4.719,0.0958,0.1916,0.3533,high,62.87,85.95,9.58,100.00,"평균별점 4.719, 리뷰 167건, 재구매율 0.0958, 프로필라벨율 0.3533"
prod_oy_a000000227093,VT,[베일리PICK] VT 피디알엔 글로우 앰플 미스트 100ml,serum,165,4.903,0.1091,0.1091,0.5333,high,68.27,95.15,10.91,100.00,"평균별점 4.903, 리뷰 165건, 재구매율 0.1091, 프로필라벨율 0.5333"
prod_oy_a000000239993,이즈앤트리,[NCT 재민PICK] 이즈앤트리 어니언 뉴페어 부스터 2000에스 50ml,serum,164,4.738,0.0122,0.1341,0.4573,high,61.67,86.90,1.22,100.00,"평균별점 4.738, 리뷰 164건, 재구매율 0.0122, 프로필라벨율 0.4573"
prod_oy_a000000251494,도미나스,[태극제약]도미나스 크림 Rx 30ml 기획 (+7ml),cream,164,4.744,0.0183,0.1768,0.3902,high,62.05,87.20,1.83,100.00,"평균별점 4.744, 리뷰 164건, 재구매율 0.0183, 프로필라벨율 0.3902"
prod_oy_a000000141417,잇츠스킨,잇츠스킨 레몬씨 스퀴즈 앰플 토너 500ml *,toner,162,4.698,0.1728,0.3025,0.1975,high,64.16,84.90,17.28,100.00,"평균별점 4.698, 리뷰 162건, 재구매율 0.1728, 프로필라벨율 0.1975"
prod_oy_a000000204647,더후,[김지원 PICK] 더후 비첩 자생 에센스 디스커버리 세트,serum,162,4.932,0.0309,0.1296,0.5926,high,68.01,96.60,3.09,100.00,"평균별점 4.932, 리뷰 162건, 재구매율 0.0309, 프로필라벨율 0.5926"
prod_oy_a000000115384,로벡틴,[응급진정/유수분케어]로벡틴 시카케어 밸런싱 토너 260ml,toner,160,4.700,0.1812,0.0938,0.2625,high,62.62,85.00,18.12,100.00,"평균별점 4.700, 리뷰 160건, 재구매율 0.1812, 프로필라벨율 0.2625"
prod_oy_a000000192054,시모먼트,시모먼트 브이 리프팅 롤러 크림 150ml (교체형),cream,160,4.606,0.0313,0.1812,0.3875,high,58.54,80.30,3.13,100.00,"평균별점 4.606, 리뷰 160건, 재구매율 0.0313, 프로필라벨율 0.3875"
prod_oy_a000000211548,NDP,[리아킴PICK] NDP 엔디피 시카 바이오 플라센타 수분진정 크림 50ml,cream,160,4.869,0.1000,0.1375,0.2250,high,65.90,93.45,10.00,100.00,"평균별점 4.869, 리뷰 160건, 재구매율 0.1000, 프로필라벨율 0.2250"
prod_oy_a000000243620,닥터자르트,[NEW/화잘먹결광세럼] 닥터자르트 세라마이딘 스킨 베리어 모이스처 리커버리 세럼 30ml,serum,160,4.894,0.2188,0.3625,0.2625,high,71.40,94.70,21.88,100.00,"평균별점 4.894, 리뷰 160건, 재구매율 0.2188, 프로필라벨율 0.2625"
prod_oy_a000000245794,폴라초이스,[화잘먹/단독기획] 폴라초이스 바하 리퀴드 엑스폴리언트 118ml 기획 (+바하 리퀴드 30ml),toner,160,4.737,0.0063,0.0938,0.4000,high,60.83,86.85,0.63,100.00,"평균별점 4.737, 리뷰 160건, 재구매율 0.0063, 프로필라벨율 0.4000"
prod_oy_a000000228346,토리든,토리든 솔리드인 세라마이드 크림 70ml,cream,159,4.849,0.1509,0.0943,0.2956,high,66.29,92.45,15.09,100.00,"평균별점 4.849, 리뷰 159건, 재구매율 0.1509, 프로필라벨율 0.2956"
prod_oy_a000000238243,웰라쥬,[중요한날하루전] 웰라쥬 하이퍼 PDRN 원데이키트 캡슐 앰플 1개입,serum,159,4.881,0.0440,0.0503,0.3836,high,65.03,94.05,4.40,100.00,"평균별점 4.881, 리뷰 159건, 재구매율 0.0440, 프로필라벨율 0.3836"
prod_oy_a000000238458,오아조,[티벳동생 공동개발] 오아조 더마 테카 카밍 크림 50ml,cream,159,4.918,0.0126,0.2201,0.5346,high,67.87,95.90,1.26,100.00,"평균별점 4.918, 리뷰 159건, 재구매율 0.0126, 프로필라벨율 0.5346"
prod_oy_a000000184789,라운드랩,[민감진정] 라운드랩 소나무 진정 시카 로션 250ml,lotion,158,4.772,0.0570,0.1772,0.4241,high,63.76,88.60,5.70,100.00,"평균별점 4.772, 리뷰 158건, 재구매율 0.0570, 프로필라벨율 0.4241"
prod_oy_a000000150816,아크네스,[산뜻촉촉] 아크네스 모이스처 플루이드 150ml,lotion,156,4.545,0.1474,0.2051,0.2308,high,58.64,77.25,14.74,100.00,"평균별점 4.545, 리뷰 156건, 재구매율 0.1474, 프로필라벨율 0.2308"
prod_oy_a000000209888,클리어디어,[올영1위] 클리어디어 미나리 진정 젤 세럼 30ml,serum,156,4.840,0.1154,0.1538,0.4872,high,66.88,92.00,11.54,100.00,"평균별점 4.840, 리뷰 156건, 재구매율 0.1154, 프로필라벨율 0.4872"
prod_oy_a000000238744,디퍼,[속광/화잘먹세럼] 디퍼 소이큐브 엑소리페어 두유 장벽 세럼 50ml,serum,156,4.910,0.0192,0.2051,0.5641,high,67.78,95.50,1.92,100.00,"평균별점 4.910, 리뷰 156건, 재구매율 0.0192, 프로필라벨율 0.5641"
prod_oy_a000000155320,AHC,AHC 에이치 멜라루트 크림 (본품50ml+10ml 증정),cream,155,4.729,0.0516,0.1032,0.2452,high,60.84,86.45,5.16,100.00,"평균별점 4.729, 리뷰 155건, 재구매율 0.0516, 프로필라벨율 0.2452"
prod_oy_a000000204171,라운드랩,[미백/잡티] 라운드랩 비타 나이아신 잡티크림 50ml,cream,155,4.697,0.1548,0.1290,0.3097,high,62.60,84.85,15.48,100.00,"평균별점 4.697, 리뷰 155건, 재구매율 0.1548, 프로필라벨율 0.3097"
prod_oy_a000000224243,풀리,[모공축소] 풀리 그린 토마토 크림 90ml,cream,155,4.813,0.1419,0.1935,0.3097,high,66.18,90.65,14.19,100.00,"평균별점 4.813, 리뷰 155건, 재구매율 0.1419, 프로필라벨율 0.3097"
prod_oy_a000000249580,제로이드,[트러블 피부 추천/약산성 장벽 케어] 제로이드 핌프로브 레드 컨트롤 크림 pH4 80ml,cream,155,4.774,0.0645,0.1290,0.4129,high,63.43,88.70,6.45,100.00,"평균별점 4.774, 리뷰 155건, 재구매율 0.0645, 프로필라벨율 0.4129"
prod_oy_a000000115419,셀퓨전씨,[유수분밸런싱/산뜻수분젤] 셀퓨전씨 트리악 모이스처 젤 오인트 100ml,lotion,153,4.660,0.1961,0.1307,0.3007,high,62.38,83.00,19.61,100.00,"평균별점 4.660, 리뷰 153건, 재구매율 0.1961, 프로필라벨율 0.3007"
prod_oy_a000000255686,메디큐브,[청담샵화잘먹] 메디큐브 PDRN 핑크 콜라겐 버블 세럼 95ml 기획(+젤리브러쉬),serum,153,4.588,0.0327,0.1307,0.3203,high,57.23,79.40,3.27,100.00,"평균별점 4.588, 리뷰 153건, 재구매율 0.0327, 프로필라벨율 0.3203"
prod_oy_a000000141319,디오디너리,[브라이트닝] 디오디너리 비타민C 서스펜션 23% + HA 스피어스 2% 30ml,lotion,152,4.224,0.1118,0.1513,0.3092,high,48.96,61.20,11.18,100.00,"평균별점 4.224, 리뷰 152건, 재구매율 0.1118, 프로필라벨율 0.3092"
prod_oy_a000000199977,VT,[모공케어] VT 마일드 리들샷 50 에센스 50ml,serum,151,4.629,0.0662,0.1788,0.2781,high,59.30,81.45,6.62,100.00,"평균별점 4.629, 리뷰 151건, 재구매율 0.0662, 프로필라벨율 0.2781"
prod_oy_a000000224488,바이오힐보,[흔적진정] 바이오힐 보 판테셀 리페어 시카좀 앰플 30ml,serum,151,4.775,0.2384,0.0927,0.2914,high,65.96,88.75,23.84,100.00,"평균별점 4.775, 리뷰 151건, 재구매율 0.2384, 프로필라벨율 0.2914"
prod_oy_a000000245934,코페르,[기미원데이키트] 코페르 큐리페어 멜더 SOS 시스템 5개입 (1.5ml*5ea),serum,150,4.967,0.3867,0.2933,0.2733,high,76.13,98.35,38.67,100.00,"평균별점 4.967, 리뷰 150건, 재구매율 0.3867, 프로필라벨율 0.2733"
prod_oy_a000000219391,마몽드,[흔적진정] 마몽드 카밍 샷 아줄렌 크림 60ml 단품/기획,cream,145,4.634,0.0828,0.1034,0.2414,high,58.83,81.70,8.28,100.00,"평균별점 4.634, 리뷰 145건, 재구매율 0.0828, 프로필라벨율 0.2414"
prod_oy_a000000206874,앰플엔,[트러블/과잉피지완화]앰플엔 아크네샷 앰플 30ml,serum,144,4.674,0.1806,0.0625,0.3889,high,62.22,83.70,18.06,100.00,"평균별점 4.674, 리뷰 144건, 재구매율 0.1806, 프로필라벨율 0.3889"
prod_oy_a000000182480,바이오더마,[항산화 세럼]바이오더마 센시비오 디펜시브 세럼 30ml,serum,143,4.643,0.2098,0.1538,0.2727,high,62.28,82.15,20.98,100.00,"평균별점 4.643, 리뷰 143건, 재구매율 0.2098, 프로필라벨율 0.2727"
prod_oy_a000000210600,넘버즈인,넘버즈인 5번 글루타치온씨 흔적 토닝 레이저 크림 50ml,cream,142,4.754,0.1056,0.1761,0.3239,high,63.73,87.70,10.56,100.00,"평균별점 4.754, 리뷰 142건, 재구매율 0.1056, 프로필라벨율 0.3239"
prod_oy_a000000231117,더페이스샵,[다이노탱 에디션][대용량] 더페이스샵 올티밋 나이아신아마이드 10% 세럼 50ml,serum,142,4.796,0.0282,0.1268,0.5070,high,63.76,89.80,2.82,100.00,"평균별점 4.796, 리뷰 142건, 재구매율 0.0282, 프로필라벨율 0.5070"
prod_oy_a000000158322,원씽,[톤/결개선] 원씽 나이아신아마이드 10% 토너 150ml,toner,141,4.610,0.0922,0.1631,0.2553,high,59.03,80.50,9.22,100.00,"평균별점 4.610, 리뷰 141건, 재구매율 0.0922, 프로필라벨율 0.2553"
prod_oy_a000000145360,유리아쥬,[진정영양/장벽크림] 유리아쥬 제모스 페이스 2입 기획 (40ml+40ml+제모스토너 50ml 증정),cream,140,4.821,0.2214,0.2214,0.2857,high,68.15,91.05,22.14,100.00,"평균별점 4.821, 리뷰 140건, 재구매율 0.2214, 프로필라벨율 0.2857"
prod_oy_a000000251222,바이오더마,바이오더마 세비엄 세럼 30ml 기획 (+센시비오 H2O 5ml*2) (2604),serum,140,4.650,0.0500,0.1000,0.4071,high,59.41,82.50,5.00,100.00,"평균별점 4.650, 리뷰 140건, 재구매율 0.0500, 프로필라벨율 0.4071"
prod_oy_a000000259189,유리아쥬,[7월 올영픽] 유리아쥬 시카 데일리 인텐스 리페어 세럼 30ml 한정기획 (+미스트 50ml),serum,140,4.707,0.2071,0.1714,0.3786,high,64.69,85.35,20.71,100.00,"평균별점 4.707, 리뷰 140건, 재구매율 0.2071, 프로필라벨율 0.3786"
prod_oy_a000000179255,센텔리안24,[진정/속보습] 센텔리안24 마데카 데일리 리페어 토너 단독 기획 (150ml+50ml),toner,139,4.863,0.0791,0.1295,0.3022,high,65.62,93.15,7.91,100.00,"평균별점 4.863, 리뷰 139건, 재구매율 0.0791, 프로필라벨율 0.3022"
prod_oy_a000000209113,바이오힐보,[나이트케어|결광부스터] 바이오힐보 프로바이오덤 콜라겐 리모델링 부스터샷 프로그램 35ml,serum,139,4.813,0.0935,0.1871,0.2518,high,64.86,90.65,9.35,100.00,"평균별점 4.813, 리뷰 139건, 재구매율 0.0935, 프로필라벨율 0.2518"
prod_oy_a000000227932,비건이펙트,"[트러블,진정/피지케어]비건이펙트 청보리 징크 세럼 30ml",serum,139,4.935,0.0216,0.1295,0.3957,high,66.92,96.75,2.16,100.00,"평균별점 4.935, 리뷰 139건, 재구매율 0.0216, 프로필라벨율 0.3957"
prod_oy_a000000245639,웰라쥬,[망곰 콜라보] 웰라쥬 리얼 히알루로닉 원데이키트 7개입 (+아크릴 달력),serum,139,4.719,0.0504,0.0791,0.3309,high,60.73,85.95,5.04,100.00,"평균별점 4.719, 리뷰 139건, 재구매율 0.0504, 프로필라벨율 0.3309"
prod_oy_a000000152514,라로슈포제,라로슈포제 에빠끌라 K(+) 토너 200ml (지성 피부),toner,138,4.746,0.2101,0.1159,0.2029,high,64.39,87.30,21.01,100.00,"평균별점 4.746, 리뷰 138건, 재구매율 0.2101, 프로필라벨율 0.2029"
prod_oy_a000000180913,나인위시스,[100시간수분지속/대용량] 나인위시스 비건 하이드라 앰플 토너 500ml,toner,137,4.803,0.1314,0.1971,0.3577,high,65.97,90.15,13.14,100.00,"평균별점 4.803, 리뷰 137건, 재구매율 0.1314, 프로필라벨율 0.3577"
prod_oy_a000000203792,도미나스,[기미잡티 개선] 도미나스 앳클리닉 트라넥삼산 스팟 샷 기미잡티 앰플 30ML,serum,137,4.810,0.1533,0.1679,0.2701,high,65.87,90.50,15.33,100.00,"평균별점 4.810, 리뷰 137건, 재구매율 0.1533, 프로필라벨율 0.2701"
prod_oy_a000000221424,마몽드,[대용량/수분광] 마몽드 플로라 글로우 로즈 워터 토너 500ml,toner,136,4.772,0.1029,0.1029,0.2353,high,62.99,88.60,10.29,100.00,"평균별점 4.772, 리뷰 136건, 재구매율 0.1029, 프로필라벨율 0.2353"
prod_oy_a000000159802,싸이닉,싸이닉 콜라겐 앰플 스틱 더블 기획,cream,135,4.689,0.1407,0.2222,0.2815,high,62.89,84.45,14.07,100.00,"평균별점 4.689, 리뷰 135건, 재구매율 0.1407, 프로필라벨율 0.2815"
prod_oy_a000000184664,아이오페,아이오페 맨 안티에이징 에멀젼EX 120ml,lotion,135,4.926,0.0444,0.0593,0.3185,high,66.04,96.30,4.44,100.00,"평균별점 4.926, 리뷰 135건, 재구매율 0.0444, 프로필라벨율 0.3185"
prod_oy_a000000224845,아떼,[1+1 ] 아떼 멜레이저 프로그래밍 앰플 듀오기획/단품,serum,135,4.778,0.0963,0.1111,0.5407,high,64.64,88.90,9.63,100.00,"평균별점 4.778, 리뷰 135건, 재구매율 0.0963, 프로필라벨율 0.5407"
prod_oy_a000000115420,셀퓨전씨,[각질케어/청정피부] 셀퓨전씨 트리악 pH 컨디션 토너 200ml,toner,134,4.724,0.2463,0.0672,0.2463,high,64.24,86.20,24.63,100.00,"평균별점 4.724, 리뷰 134건, 재구매율 0.2463, 프로필라벨율 0.2463"
prod_oy_a000000188087,블리브유,[순수비타민/기미잡티] 블리브유 더 리얼 비타 C 20 앰플 12ml,serum,133,4.624,0.2256,0.1729,0.4060,high,62.93,81.20,22.56,100.00,"평균별점 4.624, 리뷰 133건, 재구매율 0.2256, 프로필라벨율 0.4060"
prod_oy_a000000211220,빌리프,빌리프 슈퍼드랍스 멀티-7 히알루론 프로즌 세럼 3ml X 6개입,serum,133,4.594,0.0150,0.1353,0.6391,high,58.68,79.70,1.50,100.00,"평균별점 4.594, 리뷰 133건, 재구매율 0.0150, 프로필라벨율 0.6391"
prod_oy_a000000244954,라로슈포제,라로슈포제 히알루 B5 수분탄력 크림 50ml,cream,133,4.842,0.0677,0.2481,0.4135,high,66.56,92.10,6.77,100.00,"평균별점 4.842, 리뷰 133건, 재구매율 0.0677, 프로필라벨율 0.4135"
prod_oy_a000000209908,제로이드,제로이드 인텐시브 크림 토너 200ml,toner,132,4.720,0.2045,0.2121,0.2652,high,64.84,86.00,20.45,100.00,"평균별점 4.720, 리뷰 132건, 재구매율 0.2045, 프로필라벨율 0.2652"
prod_oy_a000000160584,소본,소본 그린 시카 더마 리페어 크림 40ml,cream,130,4.731,0.2231,0.3000,0.3308,high,66.72,86.55,22.31,100.00,"평균별점 4.731, 리뷰 130건, 재구매율 0.2231, 프로필라벨율 0.3308"
prod_oy_a000000178494,웰라쥬,[화잘먹크림] 웰라쥬 리얼 히알루로닉 100 크림 50ml,cream,130,4.623,0.0000,0.1769,0.4385,high,58.59,81.15,0.00,100.00,"평균별점 4.623, 리뷰 130건, 재구매율 0.0000, 프로필라벨율 0.4385"
prod_oy_a000000208678,메디힐,메디힐 마데카소사이드 모공 리페어 스피큘 세럼 40ml,serum,130,4.823,0.1231,0.1000,0.4077,high,65.63,91.15,12.31,100.00,"평균별점 4.823, 리뷰 130건, 재구매율 0.1231, 프로필라벨율 0.4077"
prod_oy_a000000172041,울트라브이,울트라브이 이데베논 프레스티지 앰플 3개입,serum,128,4.695,0.3516,0.2344,0.2969,high,67.47,84.75,35.16,100.00,"평균별점 4.695, 리뷰 128건, 재구매율 0.3516, 프로필라벨율 0.2969"
prod_oy_a000000218545,에스트라,에스트라 에이시카365 흔적진정세럼 pH4.5 40ml,serum,128,4.602,0.0234,0.1094,0.3516,high,57.38,80.10,2.34,100.00,"평균별점 4.602, 리뷰 128건, 재구매율 0.0234, 프로필라벨율 0.3516"
prod_oy_a000000158308,믹순,믹순 콩 크림 50ml,cream,127,4.764,0.3465,0.2205,0.1260,high,68.28,88.20,34.65,100.00,"평균별점 4.764, 리뷰 127건, 재구매율 0.3465, 프로필라벨율 0.1260"
prod_oy_a000000201643,로우퀘스트,로우퀘스트 에키네시아 카밍 모이스처 젤 크림 50ml,cream,127,4.945,0.0079,0.2992,0.6142,high,69.71,97.25,0.79,100.00,"평균별점 4.945, 리뷰 127건, 재구매율 0.0079, 프로필라벨율 0.6142"
prod_oy_a000000257152,바이오힐보,[슈링크홈콜라보|디바이스] 바이오힐보 프로바이오덤 콜라겐 세럼 30ml 슈링크홈기획(+콜라겐겔마스크),serum,127,4.724,0.0551,0.2283,0.3150,high,62.37,86.20,5.51,100.00,"평균별점 4.724, 리뷰 127건, 재구매율 0.0551, 프로필라벨율 0.3150"
prod_oy_a000000147360,땡큐파머,[화해1위/미백토너] 땡큐파머 강화교동쌀 맑음 에센셜토너 200ml,toner,126,4.937,0.1111,0.1984,0.2619,high,68.78,96.85,11.11,100.00,"평균별점 4.937, 리뷰 126건, 재구매율 0.1111, 프로필라벨율 0.2619"
prod_oy_a000000198949,원진이펙트,[기미/잡티/미백] 원진이펙트 멜라리스 크림 80g,cream,126,4.817,0.1111,0.2381,0.3016,high,66.08,90.85,11.11,100.00,"평균별점 4.817, 리뷰 126건, 재구매율 0.1111, 프로필라벨율 0.3016"
prod_oy_a000000219603,셀퓨전씨,[흔적케어/비타민X스피큘] 셀퓨전씨 토닝C 비타 샷 앰플 20g 더블기획,serum,126,4.825,0.0000,0.2063,0.4762,high,64.63,91.25,0.00,100.00,"평균별점 4.825, 리뷰 126건, 재구매율 0.0000, 프로필라벨율 0.4762"
prod_oy_a000000231632,주미소,[장벽회복기능성] 주미소 디판테놀 베리어 장벽크림 80ml 기획(+20ml),cream,126,4.730,0.0317,0.1587,0.2937,high,61.26,86.50,3.17,100.00,"평균별점 4.730, 리뷰 126건, 재구매율 0.0317, 프로필라벨율 0.2937"
prod_oy_a000000162387,미구하라,미구하라 울트라 화이트닝 퍼펙트 앰플 50ml,serum,125,4.760,0.1040,0.2480,0.3760,high,64.84,88.00,10.40,100.00,"평균별점 4.760, 리뷰 125건, 재구매율 0.1040, 프로필라벨율 0.3760"
prod_oy_a000000219677,메디큐브 에이지알,[고순도PDRN/디바이스 시너지템][NEW]메디큐브 에이지알 PDRN 부스터젤 300ml,serum,125,4.704,0.0160,0.1440,0.2960,high,60.10,85.20,1.60,100.00,"평균별점 4.704, 리뷰 125건, 재구매율 0.0160, 프로필라벨율 0.2960"
prod_oy_a000000224104,메디힐,메디힐 콜라겐 탄력 볼륨 세럼 40ml,serum,125,4.632,0.0400,0.1280,0.2720,high,58.32,81.60,4.00,100.00,"평균별점 4.632, 리뷰 125건, 재구매율 0.0400, 프로필라벨율 0.2720"
prod_oy_a000000228906,헤이네이처,[수호 PICK] 헤이네이처 어성초 스킨 모이스처라이저 토너 200ml,toner,125,4.736,0.0560,0.1600,0.1760,high,61.34,86.80,5.60,100.00,"평균별점 4.736, 리뷰 125건, 재구매율 0.0560, 프로필라벨율 0.1760"
prod_oy_a000000235051,코스알엑스,코스알엑스 어드밴스드 더 비타민C 23 세럼 20g,serum,124,4.677,0.0323,0.1290,0.2581,high,59.34,83.85,3.23,100.00,"평균별점 4.677, 리뷰 124건, 재구매율 0.0323, 프로필라벨율 0.2581"
prod_oy_a000000162589,보나쥬르,보나쥬르 비건 그린티 워터크림 100ml,cream,123,4.561,0.0976,0.1382,0.2927,high,57.73,78.05,9.76,100.00,"평균별점 4.561, 리뷰 123건, 재구매율 0.0976, 프로필라벨율 0.2927"
prod_oy_a000000231908,이지듀,이지듀 DW-EGF 비타민C 부스팅 앰플25 13g 기획(+기미 크림*2매 증정),serum,123,4.512,0.1220,0.1545,0.3496,high,57.31,75.60,12.20,100.00,"평균별점 4.512, 리뷰 123건, 재구매율 0.1220, 프로필라벨율 0.3496"
prod_oy_a000000184770,닥터자르트,[워터젤리/수분크림]닥터자르트 바이탈 하이드라 솔루션 하이드로 플럼프 워터 크림 50ml,cream,122,4.861,0.2049,0.1393,0.3115,high,68.23,93.05,20.49,100.00,"평균별점 4.861, 리뷰 122건, 재구매율 0.2049, 프로필라벨율 0.3115"
prod_oy_a000000249736,동국제약,[색소침착/기미톤업제] 동국제약 멜라-셋 기미 토닝 크림 35g,cream,122,4.672,0.0492,0.2131,0.4180,high,61.18,83.60,4.92,100.00,"평균별점 4.672, 리뷰 122건, 재구매율 0.0492, 프로필라벨율 0.4180"
prod_oy_a000000251364,AHC,[윈터PICK/ 1등모공앰플/유리알결광세럼] AHC 프로샷 포어이레이저 세럼 30ml 기획 (+10ml),serum,122,4.844,0.0000,0.1885,0.5656,high,65.42,92.20,0.00,100.00,"평균별점 4.844, 리뷰 122건, 재구매율 0.0000, 프로필라벨율 0.5656"
prod_oy_a000000251844,프리메이,[2중보습/수분진정] 프리메이 진정한 수분 세럼 50ml (+진정한 수분 크림 30ml),serum,122,4.984,0.0000,0.0328,0.0656,high,65.22,99.20,0.00,100.00,"평균별점 4.984, 리뷰 122건, 재구매율 0.0000, 프로필라벨율 0.0656"
prod_oy_a000000254719,아이오페,아이오페 비타민C 엑스퍼트 25% 항산화 토닝 앰플 23ml 기획 (+ 크림 6g) (2026),serum,122,4.730,0.0738,0.2295,0.2869,high,62.78,86.50,7.38,100.00,"평균별점 4.730, 리뷰 122건, 재구매율 0.0738, 프로필라벨율 0.2869"
prod_oy_a000000234012,풀리,[레이PICK/3초흡수] 풀리 레몬비타 버블세럼 (수분 버블세럼) 95ml,serum,121,4.884,0.0413,0.1240,0.2645,high,65.20,94.20,4.13,100.00,"평균별점 4.884, 리뷰 121건, 재구매율 0.0413, 프로필라벨율 0.2645"
prod_oy_a000000145662,크리니크,크리니크 시베리아리치크림 50ml,cream,120,4.933,0.0750,0.2167,0.3083,high,68.37,96.65,7.50,100.00,"평균별점 4.933, 리뷰 120건, 재구매율 0.0750, 프로필라벨율 0.3083"
prod_oy_a000000211569,헉슬리,[단독기획] 헉슬리 컨디셔닝 에센스 토너 프리쉐이프 300ml 기획(+화장솜 40매),toner,120,4.867,0.0667,0.3167,0.1667,high,66.68,93.35,6.67,100.00,"평균별점 4.867, 리뷰 120건, 재구매율 0.0667, 프로필라벨율 0.1667"
prod_oy_a000000231399,청미정,[색소침착/흔적] 청미정 기미잡티크림 카카두플럼 50g,cream,120,4.283,0.0417,0.0917,0.2250,high,48.16,64.15,4.17,100.00,"평균별점 4.283, 리뷰 120건, 재구매율 0.0417, 프로필라벨율 0.2250"
prod_oy_a000000121246,싸이닉,싸이닉 더 심플 카밍 토너 145ml,toner,118,4.729,0.1271,0.1356,0.1949,high,62.42,86.45,12.71,100.00,"평균별점 4.729, 리뷰 118건, 재구매율 0.1271, 프로필라벨율 0.1949"
prod_oy_a000000161571,스킨1004,스킨1004 마다가스카르 센텔라 토닝토너 210ml,toner,118,4.619,0.1695,0.1695,0.2119,high,60.67,80.95,16.95,100.00,"평균별점 4.619, 리뷰 118건, 재구매율 0.1695, 프로필라벨율 0.2119"
prod_oy_a000000217292,라로슈포제,라로슈포제 순수 비타민 C12 세럼 30ml,serum,118,4.695,0.1186,0.1525,0.3051,high,62.04,84.75,11.86,100.00,"평균별점 4.695, 리뷰 118건, 재구매율 0.1186, 프로필라벨율 0.3051"
prod_oy_a000000230765,유세린,[30초진정/장벽케어] 유세린 울트라센시티브 리페어 세럼 30ml,serum,117,4.855,0.2308,0.0855,0.4103,high,68.54,92.75,23.08,100.00,"평균별점 4.855, 리뷰 117건, 재구매율 0.2308, 프로필라벨율 0.4103"
prod_oy_a000000251178,디어클레어스,[리락쿠마 콜라보/쿨링진정] 클레어스 EGF 블루 카밍크림 60g 한정기획 (+리락쿠마 키링 장바구니 옐로우),cream,117,4.718,0.0342,0.0769,0.3590,high,60.49,85.90,3.42,100.00,"평균별점 4.718, 리뷰 117건, 재구매율 0.0342, 프로필라벨율 0.3590"
prod_oy_a000000011086,엠도씨,엠도씨 화이트닝 스킨 플러스 로션 150ml,lotion,116,4.664,0.1293,0.0948,0.1379,high,59.98,83.20,12.93,100.00,"평균별점 4.664, 리뷰 116건, 재구매율 0.1293, 프로필라벨율 0.1379"
prod_oy_a000000205224,리얼베리어,리얼베리어 익스트림 크림 앰플 50ml,serum,116,4.802,0.1034,0.1810,0.2759,high,64.81,90.10,10.34,100.00,"평균별점 4.802, 리뷰 116건, 재구매율 0.1034, 프로필라벨율 0.2759"
prod_oy_a000000210407,폴라초이스,[단독기획] 폴라초이스 클리니컬 나이아신아마이드 20% 트리트먼트 20ml (+바하리퀴드 30ml),serum,115,4.757,0.2261,0.3130,0.3217,high,67.58,87.85,22.61,100.00,"평균별점 4.757, 리뷰 115건, 재구매율 0.2261, 프로필라벨율 0.3217"
prod_oy_a000000214287,라운드랩,[볼륨탄력] 라운드랩 동백 딥 콜라겐 탄력 앰플 30ml,serum,115,4.817,0.0783,0.1391,0.3826,high,64.84,90.85,7.83,100.00,"평균별점 4.817, 리뷰 115건, 재구매율 0.0783, 프로필라벨율 0.3826"
prod_oy_a000000117997,썸바이미,썸바이미 아하바하파하 30 데이즈 미라클 토너 150ml,toner,114,4.675,0.1491,0.1930,0.1754,high,61.85,83.75,14.91,100.00,"평균별점 4.675, 리뷰 114건, 재구매율 0.1491, 프로필라벨율 0.1754"
prod_oy_a000000201363,아비브,[매끈결] 아비브 부활초 파하 토너 스킨부스터 200ml,toner,113,4.708,0.0177,0.1416,0.2655,high,60.07,85.40,1.77,100.00,"평균별점 4.708, 리뷰 113건, 재구매율 0.0177, 프로필라벨율 0.2655"
prod_oy_a000000229463,디퍼,[수분진정/약산성] 디퍼 히알루론산 히알큐브 수분 토너 300ml,toner,113,4.947,0.0354,0.1327,0.5044,high,68.10,97.35,3.54,100.00,"평균별점 4.947, 리뷰 113건, 재구매율 0.0354, 프로필라벨율 0.5044"
prod_oy_a000000254720,아이오페,아이오페 비타민C 엑스퍼트 40% 마스크 컨센트레이트 15g 기획 (+ PDRN 10ml),cream,113,4.770,0.0885,0.2832,0.3717,high,65.14,88.50,8.85,100.00,"평균별점 4.770, 리뷰 113건, 재구매율 0.0885, 프로필라벨율 0.3717"
prod_oy_a000000191895,후시다인,후시다인 더마 트러블 밸런싱 크림 50ml,cream,112,4.804,0.4286,0.1250,0.4375,high,71.62,90.20,42.86,100.00,"평균별점 4.804, 리뷰 112건, 재구매율 0.4286, 프로필라벨율 0.4375"
prod_oy_a000000213113,파이코어,파이코어 디퍼런씨 블루바이옴 리페어 멜팅크림 40ml,cream,112,4.920,0.0000,0.1964,0.3393,high,66.46,96.00,0.00,100.00,"평균별점 4.920, 리뷰 112건, 재구매율 0.0000, 프로필라벨율 0.3393"
prod_oy_a000000235180,성분에디터,[잡티미백케어] 성분에디터 머루포도 비타씨 다크 스팟 앰플 40ml 더블기획,serum,112,4.741,0.0625,0.0714,0.2232,high,60.96,87.05,6.25,100.00,"평균별점 4.741, 리뷰 112건, 재구매율 0.0625, 프로필라벨율 0.2232"
prod_oy_a000000156040,스킨푸드,[트러블케어] 스킨푸드 미나리 토너 300ml,toner,111,4.757,0.0811,0.1261,0.3423,high,62.91,87.85,8.11,100.00,"평균별점 4.757, 리뷰 111건, 재구매율 0.0811, 프로필라벨율 0.3423"
prod_oy_a000000188495,이지듀,[극강보습] 이지듀 베리어 리페어 보습케어 크림 105ml,cream,111,4.766,0.1622,0.2432,0.2793,high,65.64,88.30,16.22,100.00,"평균별점 4.766, 리뷰 111건, 재구매율 0.1622, 프로필라벨율 0.2793"
prod_oy_a000000223619,차앤박,[흔적미백/PDRN] 차앤박 더마앤서 핑크토닝 딥인샷 앰플 30ml,serum,111,4.775,0.0270,0.1622,0.6036,high,63.99,88.75,2.70,100.00,"평균별점 4.775, 리뷰 111건, 재구매율 0.0270, 프로필라벨율 0.6036"
prod_oy_a000000104167,크리니크,크리니크 각질케어토너 2 200ml,toner,110,4.791,0.2545,0.1000,0.1818,high,66.25,89.55,25.45,100.00,"평균별점 4.791, 리뷰 110건, 재구매율 0.2545, 프로필라벨율 0.1818"
prod_oy_a000000237442,이니스프리,[톤업크림] 이니스프리 비타민C 캡슐 크림 50ml 더블 기획,cream,110,4.727,0.0545,0.1182,0.2545,high,61.04,86.35,5.45,100.00,"평균별점 4.727, 리뷰 110건, 재구매율 0.0545, 프로필라벨율 0.2545"
prod_oy_a000000144808,아크웰,[수분진정] 아크웰 리얼 아쿠아 밸런싱 크림 50ml,cream,109,4.853,0.3486,0.1101,0.2110,high,70.09,92.65,34.86,100.00,"평균별점 4.853, 리뷰 109건, 재구매율 0.3486, 프로필라벨율 0.2110"
prod_oy_a000000203925,라로슈포제,라로슈포제 멜라B3 세럼 30ml,serum,108,4.565,0.0648,0.1481,0.3611,high,57.62,78.25,6.48,100.00,"평균별점 4.565, 리뷰 108건, 재구매율 0.0648, 프로필라벨율 0.3611"
prod_oy_a000000210050,아누아,아누아 복숭아 나이아신아마이드 에센스 토너 250mL,toner,108,4.778,0.1389,0.1111,0.2778,high,64.17,88.90,13.89,100.00,"평균별점 4.778, 리뷰 108건, 재구매율 0.1389, 프로필라벨율 0.2778"
prod_oy_a000000224294,마미케어,[리뉴얼] 마미케어 바다포도 레티놀 모공탄력 크림 50g,cream,108,4.620,0.0833,0.1944,0.2130,high,59.23,81.00,8.33,100.00,"평균별점 4.620, 리뷰 108건, 재구매율 0.0833, 프로필라벨율 0.2130"
prod_oy_a000000255384,더샘,[쿨링화잘먹/버블토너] 더샘 스킨 프렙 쿨링 무스 토너 70ml,toner,108,4.593,0.0000,0.1111,0.5370,high,57.60,79.65,0.00,100.00,"평균별점 4.593, 리뷰 108건, 재구매율 0.0000, 프로필라벨율 0.5370"
prod_oy_a000000144918,하다라보,[고보습광채크림] 하다라보 고쿠쥰 크림 50ml,cream,107,4.738,0.1308,0.1495,0.2336,high,63.07,86.90,13.08,100.00,"평균별점 4.738, 리뷰 107건, 재구매율 0.1308, 프로필라벨율 0.2336"
prod_oy_a000000215507,이지듀,이지듀 멜라 글루타치온 크림 50ml,cream,107,4.757,0.1682,0.2056,0.2430,high,64.95,87.85,16.82,100.00,"평균별점 4.757, 리뷰 107건, 재구매율 0.1682, 프로필라벨율 0.2430"
prod_oy_a000000216966,헤브블루,[여드름성 피부적합] 헤브블루 피톤 스쿠아 히알 블루 젤크림 110ml,cream,107,4.579,0.1495,0.1215,0.2523,high,58.89,78.95,14.95,100.00,"평균별점 4.579, 리뷰 107건, 재구매율 0.1495, 프로필라벨율 0.2523"
prod_oy_a000000177784,아벤느,[수분 /보습] 아벤느 이드랑스 아쿠아 크림-인-젤 EX 수분 크림 50ml,cream,106,4.821,0.0849,0.1321,0.3868,high,65.03,91.05,8.49,100.00,"평균별점 4.821, 리뷰 106건, 재구매율 0.0849, 프로필라벨율 0.3868"
prod_oy_a000000211859,딕셔니스트,[쏙수분앰플] 딕셔니스트 아미노산 앰플 30ml *,serum,106,4.858,0.0849,0.1321,0.3868,high,66.05,92.90,8.49,100.00,"평균별점 4.858, 리뷰 106건, 재구매율 0.0849, 프로필라벨율 0.3868"
prod_oy_a000000141028,셀퓨전씨,[수분부스팅/7중히알루론산] 셀퓨전씨 포스트 알파 아쿠아포린 크림 60ml,cream,105,4.695,0.2000,0.1810,0.2857,high,63.85,84.75,20.00,100.00,"평균별점 4.695, 리뷰 105건, 재구매율 0.2000, 프로필라벨율 0.2857"
prod_oy_a000000199825,랩시리즈,랩시리즈 데일리 레스큐 페이스 로션 50ml,lotion,105,4.771,0.0952,0.2190,0.2762,high,64.18,88.55,9.52,100.00,"평균별점 4.771, 리뷰 105건, 재구매율 0.0952, 프로필라벨율 0.2762"
prod_oy_a000000232730,리브엠,[화잘먹 엑소좀진정크림] 리브엠 시카좀 카밍 워터 젤크림 100ml,cream,105,4.867,0.0095,0.2095,0.5048,high,66.15,93.35,0.95,100.00,"평균별점 4.867, 리뷰 105건, 재구매율 0.0095, 프로필라벨율 0.5048"
prod_oy_a000000213237,스킨푸드,[NEW/올영단독] 스킨푸드 캐롯 카로틴 릴리프 크림 기획(70ml+30ml),cream,104,4.817,0.0865,0.1154,0.3558,high,64.63,90.85,8.65,100.00,"평균별점 4.817, 리뷰 104건, 재구매율 0.0865, 프로필라벨율 0.3558"
prod_oy_a000000231062,메디테라피,[피부결/흔적개선] 메디테라피 레티날 스킨 부스터 세럼 150ml,serum,104,4.615,0.1250,0.1346,0.2981,high,59.75,80.75,12.50,100.00,"평균별점 4.615, 리뷰 104건, 재구매율 0.1250, 프로필라벨율 0.2981"
prod_oy_a000000016809,유세린,유세린 볼륨리프팅 데이크림 포 드라이스킨 50ml,cream,103,4.757,0.0971,0.0874,0.2330,high,62.30,87.85,9.71,100.00,"평균별점 4.757, 리뷰 103건, 재구매율 0.0971, 프로필라벨율 0.2330"
prod_oy_a000000145331,닥터디퍼런트,[세라마이드/장벽크림] 닥터디퍼런트 311 세콜지 모이스처라이저 100ml,cream,103,4.767,0.0874,0.1845,0.2427,high,63.40,88.35,8.74,100.00,"평균별점 4.767, 리뷰 103건, 재구매율 0.0874, 프로필라벨율 0.2427"
prod_oy_a000000191796,로벡틴,[응급진정/트러블케어] 로벡틴 시카케어 블레미쉬 클리어링 크림 50ml 리필기획 (+리필 40ml),cream,103,4.592,0.1553,0.2524,0.3495,high,61.16,79.60,15.53,100.00,"평균별점 4.592, 리뷰 103건, 재구매율 0.1553, 프로필라벨율 0.3495"
prod_oy_a000000211402,닥터자르트,[슬로우에이징/탄력크림] 닥터자르트 프리쥬비네이션 퍼밍 바쿠치올 크림 50ml,cream,103,4.777,0.2524,0.2718,0.3010,high,68.14,88.85,25.24,100.00,"평균별점 4.777, 리뷰 103건, 재구매율 0.2524, 프로필라벨율 0.3010"
prod_oy_a000000176978,스킨푸드,[당근토너] 스킨푸드 캐롯 카로틴 수딩 토너 300ml,toner,102,4.863,0.0588,0.0392,0.2941,high,64.27,93.15,5.88,100.00,"평균별점 4.863, 리뷰 102건, 재구매율 0.0588, 프로필라벨율 0.2941"
prod_oy_a000000225026,유리아쥬,[수분시카젤크림] 유리아쥬 시카 데일리 리페어 젤크림 40ml,cream,102,4.667,0.1961,0.2059,0.3333,high,63.49,83.35,19.61,100.00,"평균별점 4.667, 리뷰 102건, 재구매율 0.1961, 프로필라벨율 0.3333"
prod_oy_a000000229503,아이뽀,아이뽀 엑스퍼트 콜라겐 앰플 마스크 30ml,serum,102,4.902,0.0000,0.2157,0.5000,high,66.96,95.10,0.00,100.00,"평균별점 4.902, 리뷰 102건, 재구매율 0.0000, 프로필라벨율 0.5000"
prod_oy_a000000103320,코스알엑스,코스알엑스 오일-프리 울트라 모이스쳐라이징 로션 100ml,lotion,101,4.574,0.2178,0.1881,0.1881,high,60.46,78.70,21.78,100.00,"평균별점 4.574, 리뷰 101건, 재구매율 0.2178, 프로필라벨율 0.1881"
prod_oy_a000000172072,메디올가,메디올가 메디 아하 크림 스트롱 1+1 기획(30ml+30ml),cream,101,4.535,0.1188,0.2574,0.3465,high,58.90,76.75,11.88,100.00,"평균별점 4.535, 리뷰 101건, 재구매율 0.1188, 프로필라벨율 0.3465"
prod_oy_a000000222710,라네즈,[수부지/기름종이 토너] 라네즈 젤 크림 스킨 170ml 기획 (+50ml),toner,101,4.663,0.0297,0.1782,0.3267,high,59.74,83.15,2.97,100.00,"평균별점 4.663, 리뷰 101건, 재구매율 0.0297, 프로필라벨율 0.3267"
prod_oy_a000000126471,유세린,[장벽크림] 유세린 울트라 센시티브 리페어 젤 크림 50ml,cream,100,4.820,0.1000,0.1200,0.4000,high,65.25,91.00,10.00,100.00,"평균별점 4.820, 리뷰 100건, 재구매율 0.1000, 프로필라벨율 0.4000"
prod_oy_a000000216580,셀퓨전씨,[민감피부진정/쿨링수분크림] 셀퓨전씨 포스트 알파 시카 카밍 다운 크림 50ml 기획 (+50ml 리필),cream,100,4.820,0.2800,0.0300,0.2400,high,67.15,91.00,28.00,100.00,"평균별점 4.820, 리뷰 100건, 재구매율 0.2800, 프로필라벨율 0.2400"
prod_oy_a000000199722,마몽드,마몽드 포어 슈링커 바쿠치올 세럼 50ml 기획 (+크림 30ml),serum,99,4.535,0.0505,0.1414,0.3434,medium,53.85,76.75,5.05,75.00,"평균별점 4.535, 리뷰 99건, 재구매율 0.0505, 프로필라벨율 0.3434"
prod_oy_a000000200804,마몽드,[화잘먹 결크림] 마몽드 플로라 글로우 로즈 스무딩 크림 50ml,cream,98,4.673,0.0306,0.0816,0.3265,medium,56.57,83.65,3.06,75.00,"평균별점 4.673, 리뷰 98건, 재구매율 0.0306, 프로필라벨율 0.3265"
prod_oy_a000000160650,이즈앤트리,이즈앤트리 어니언 뉴페어 에센스 토너 200ml,toner,97,4.588,0.1753,0.2165,0.3196,medium,58.44,79.40,17.53,75.00,"평균별점 4.588, 리뷰 97건, 재구매율 0.1753, 프로필라벨율 0.3196"
prod_oy_a000000182815,셀퓨전씨,[토닝빛세럼/슬로우에이징] 셀퓨전씨 토닝 C 잡티세럼 30ml,serum,97,4.639,0.0515,0.2474,0.6186,medium,59.17,81.95,5.15,75.00,"평균별점 4.639, 리뷰 97건, 재구매율 0.0515, 프로필라벨율 0.6186"
prod_oy_a000000231300,토니모리,토니모리 원더 세라마이드 모찌 수분 크림 300ml,cream,97,4.876,0.0206,0.1443,0.4021,medium,62.96,93.80,2.06,75.00,"평균별점 4.876, 리뷰 97건, 재구매율 0.0206, 프로필라벨율 0.4021"
prod_oy_a000000243068,마미케어,[리뉴얼] 마미케어 바다포도 레티놀 모공앰플 50ml,serum,97,4.649,0.0103,0.0928,0.2784,medium,55.37,82.45,1.03,75.00,"평균별점 4.649, 리뷰 97건, 재구매율 0.0103, 프로필라벨율 0.2784"
prod_oy_a000000165055,바이오더마,[슬로우에이징]바이오더마 센시비오 디펜시브 리치 40ml,cream,96,4.563,0.1146,0.0729,0.2500,medium,54.75,78.15,11.46,75.00,"평균별점 4.563, 리뷰 96건, 재구매율 0.1146, 프로필라벨율 0.2500"
prod_oy_a000000211403,닥터자르트,[슬로우에이징/탄력세럼] 닥터자르트 프리쥬비네이션 퍼밍 바쿠치올 세럼 50ml,serum,96,4.865,0.2083,0.1875,0.3333,medium,66.50,93.25,20.83,75.00,"평균별점 4.865, 리뷰 96건, 재구매율 0.2083, 프로필라벨율 0.3333"
prod_oy_a000000218601,구달,[NEW/올영단독] 구달 피그애씨드 펩타이드 스킨부스터샷 에센스 120ml 기획(+31ml+화장솜),serum,96,4.594,0.0208,0.1250,0.4167,medium,55.08,79.70,2.08,75.00,"평균별점 4.594, 리뷰 96건, 재구매율 0.0208, 프로필라벨율 0.4167"
prod_oy_a000000227276,어나더페이스,[산뜻보습&수분탄력] 어나더페이스 펩타테놀 수분 밸런스 크림 50ml,cream,96,4.990,0.1042,0.1563,0.1875,medium,66.81,99.50,10.42,75.00,"평균별점 4.990, 리뷰 96건, 재구매율 0.1042, 프로필라벨율 0.1875"
prod_oy_a000000190948,어바웃미,어바웃미 숲 진정 수분 세럼 50ml,serum,95,4.632,0.1053,0.1895,0.2632,medium,57.70,81.60,10.53,75.00,"평균별점 4.632, 리뷰 95건, 재구매율 0.1053, 프로필라벨율 0.2632"
prod_oy_a000000211006,라네즈,[수부지/쿨링진정] 라네즈 워터뱅크 젤 크림 45ml 기획 (+25ml),cream,95,4.747,0.1368,0.2316,0.2526,medium,61.86,87.35,13.68,75.00,"평균별점 4.747, 리뷰 95건, 재구매율 0.1368, 프로필라벨율 0.2526"
prod_oy_a000000243333,키엘,[7월올영픽/긴급손상진정] 키엘 울트라 훼이셜 메디크림 28ml/50ml (기획/단품),cream,95,4.653,0.0316,0.2211,0.2105,medium,56.85,82.65,3.16,75.00,"평균별점 4.653, 리뷰 95건, 재구매율 0.0316, 프로필라벨율 0.2105"
prod_oy_a000000253592,셀리맥스,"[흔적,기미,미백/TXA] 셀리맥스 트라넥삼산 잡티 크림 35ml 기획 (+14ml)",cream,95,4.884,0.0000,0.1684,0.4316,medium,63.15,94.20,0.00,75.00,"평균별점 4.884, 리뷰 95건, 재구매율 0.0000, 프로필라벨율 0.4316"
prod_oy_a000000253729,유세린,[7월말 재입고/글로벌 대란템] 유세린 티아미돌 부스터 세럼 30ml,serum,95,4.421,0.0000,0.2842,0.5684,medium,52.26,71.05,0.00,75.00,"평균별점 4.421, 리뷰 95건, 재구매율 0.0000, 프로필라벨율 0.5684"
prod_oy_a000000163763,더파이에센셜,[디렉터파이 MADE] 더파이 시카알란 퍼스트 에센스 150ml,serum,94,4.681,0.2128,0.2021,0.2340,medium,61.17,84.05,21.28,75.00,"평균별점 4.681, 리뷰 94건, 재구매율 0.2128, 프로필라벨율 0.2340"
prod_oy_a000000228255,더마팩토리,더마팩토리 바쿠치올 1% 크림 30g,cream,94,4.777,0.0745,0.1915,0.4468,medium,62.01,88.85,7.45,75.00,"평균별점 4.777, 리뷰 94건, 재구매율 0.0745, 프로필라벨율 0.4468"
prod_oy_a000000144034,폴라초이스,[모공탄력]폴라초이스 클리니컬 나이아신아마이드 20% 트리트먼트 20ml,serum,93,4.774,0.2688,0.3333,0.3333,medium,66.66,88.70,26.88,75.00,"평균별점 4.774, 리뷰 93건, 재구매율 0.2688, 프로필라벨율 0.3333"
prod_oy_a000000179257,센텔리안24,[진정/속보습] 센텔리안24 마데카 데일리 리페어 에센스로션 100ml,lotion,93,4.774,0.1183,0.1290,0.3978,medium,61.93,88.70,11.83,75.00,"평균별점 4.774, 리뷰 93건, 재구매율 0.1183, 프로필라벨율 0.3978"
prod_oy_a000000184662,아이오페,아이오페 맨 바이오 컨디셔닝 에센스 145ml,serum,93,4.935,0.0753,0.1398,0.2796,medium,65.01,96.75,7.53,75.00,"평균별점 4.935, 리뷰 93건, 재구매율 0.0753, 프로필라벨율 0.2796"
prod_oy_a000000204627,설화수,설화수 탄력크림EX (50ml/75ml 기획),cream,93,4.806,0.0753,0.0538,0.3011,medium,60.71,90.30,7.53,75.00,"평균별점 4.806, 리뷰 93건, 재구매율 0.0753, 프로필라벨율 0.3011"
prod_oy_a000000245813,오브제,[단독구성/보습세트] 오브제 모이스처 프로틴 토너/크림 2종 기획,toner,93,4.935,0.0323,0.1398,0.1935,medium,63.72,96.75,3.23,75.00,"평균별점 4.935, 리뷰 93건, 재구매율 0.0323, 프로필라벨율 0.1935"
prod_oy_a000000174576,크리니크,크리니크 드라마티컬리 디퍼런트 모이스춰라이징 로션 30ml,lotion,92,4.728,0.0652,0.2174,0.3804,medium,60.40,86.40,6.52,75.00,"평균별점 4.728, 리뷰 92건, 재구매율 0.0652, 프로필라벨율 0.3804"
prod_oy_a000000232382,마미케어,[순수비타민C/잡티앰플] 마미케어 오쏘타민 비타민C 앰플 15ml,serum,92,4.554,0.1630,0.2174,0.2500,medium,56.92,77.70,16.30,75.00,"평균별점 4.554, 리뷰 92건, 재구매율 0.1630, 프로필라벨율 0.2500"
prod_oy_a000000185313,스킨푸드,[당근앰플] 스킨푸드 캐롯 카로틴 모이스트 이펙터 52ml,serum,91,4.736,0.1538,0.1648,0.3407,medium,61.67,86.80,15.38,75.00,"평균별점 4.736, 리뷰 91건, 재구매율 0.1538, 프로필라벨율 0.3407"
prod_oy_a000000208491,이지듀,이지듀 EGF 글루타치온 기미잡티 크림 105ml,cream,91,4.791,0.1978,0.1758,0.1978,medium,63.46,89.55,19.78,75.00,"평균별점 4.791, 리뷰 91건, 재구매율 0.1978, 프로필라벨율 0.1978"
prod_oy_a000000146263,하다라보,[8종히알루론산] 하다라보 고쿠쥰 프리미엄 밀크 140mL,lotion,90,4.867,0.0778,0.0778,0.3111,medium,62.73,93.35,7.78,75.00,"평균별점 4.867, 리뷰 90건, 재구매율 0.0778, 프로필라벨율 0.3111"
prod_oy_a000000181191,닥터자르트,[강력진정] 닥터자르트 시카페어 인텐시브 수딩 리페어 크림 50ml,cream,90,4.733,0.0778,0.0778,0.2778,medium,58.88,86.65,7.78,75.00,"평균별점 4.733, 리뷰 90건, 재구매율 0.0778, 프로필라벨율 0.2778"
prod_oy_a000000141313,디오디너리,[노화케어] 디오디너리 아지렐린 솔루션 10% 30ml,serum,89,4.674,0.3708,0.1461,0.4382,medium,64.60,83.70,37.08,75.00,"평균별점 4.674, 리뷰 89건, 재구매율 0.3708, 프로필라벨율 0.4382"
prod_oy_a000000165622,CKD,CKD 레티노콜라겐 저분자 300 콜라겐 펌핑 앰플 30ml,serum,89,4.708,0.1798,0.1910,0.4719,medium,62.34,85.40,17.98,75.00,"평균별점 4.708, 리뷰 89건, 재구매율 0.1798, 프로필라벨율 0.4719"
prod_oy_a000000231074,성분에디터,[포켓몬 에디션/모공케어] 성분에디터 그린토마토 NMN 포어 하이드로 수딩 토너 350g 기획 (+120g)*,toner,88,4.761,0.0909,0.1932,0.2614,medium,60.98,88.05,9.09,75.00,"평균별점 4.761, 리뷰 88건, 재구매율 0.0909, 프로필라벨율 0.2614"
prod_oy_a000000221707,메디힐,메디힐 저분자 히알루론산 수분 밀도 세럼 40ml,serum,87,4.724,0.1494,0.0805,0.2069,medium,59.74,86.20,14.94,75.00,"평균별점 4.724, 리뷰 87건, 재구매율 0.1494, 프로필라벨율 0.2069"
prod_oy_a000000228256,더마팩토리,더마팩토리 리얼베라 모공세럼 30ml,serum,87,4.678,0.0805,0.2299,0.4253,medium,59.68,83.90,8.05,75.00,"평균별점 4.678, 리뷰 87건, 재구매율 0.0805, 프로필라벨율 0.4253"
prod_oy_a000000228328,토리든,토리든 셀메이징 저분자 콜라겐 모공 탄력 앰플 30ml,serum,87,4.690,0.1149,0.1379,0.2069,medium,58.69,84.50,11.49,75.00,"평균별점 4.690, 리뷰 87건, 재구매율 0.1149, 프로필라벨율 0.2069"
prod_oy_a000000141309,디오디너리,[보습크림] 디오디너리 내추럴 모이스처라이징 팩터스 + HA 100ml,lotion,86,4.605,0.1163,0.1395,0.1512,medium,56.11,80.25,11.63,75.00,"평균별점 4.605, 리뷰 86건, 재구매율 0.1163, 프로필라벨율 0.1512"
prod_oy_a000000174719,로벡틴,[응급진정/흔적케어]로벡틴 시카케어 클리어링 앰플 30ml,serum,86,4.605,0.1395,0.1163,0.3953,medium,57.57,80.25,13.95,75.00,"평균별점 4.605, 리뷰 86건, 재구매율 0.1395, 프로필라벨율 0.3953"
prod_oy_a000000254908,에스트라,[NEW] 에스트라 아토베리어365 캡슐 토너 300ml,toner,86,4.814,0.0000,0.1512,0.3372,medium,60.58,90.70,0.00,75.00,"평균별점 4.814, 리뷰 86건, 재구매율 0.0000, 프로필라벨율 0.3372"
prod_oy_a000000198090,닥터자르트,[72시간보습로션] 닥터자르트 세라마이딘 스킨 베리어 모이스처라이징 밀키 로션 50ml,lotion,85,4.812,0.1294,0.1176,0.3059,medium,62.62,90.60,12.94,75.00,"평균별점 4.812, 리뷰 85건, 재구매율 0.1294, 프로필라벨율 0.3059"
prod_oy_a000000178516,코스톡,코스톡 톡톡 수딩 아쿠아 크림 70ml,cream,84,4.833,0.0952,0.2143,0.2857,medium,63.38,91.65,9.52,75.00,"평균별점 4.833, 리뷰 84건, 재구매율 0.0952, 프로필라벨율 0.2857"
prod_oy_a000000226952,눅스,[생기/항산화 세럼]눅스 프로디쥬스 글로우 부스트 세럼 30ml 기획(+플로럴오일 10ml 증정),serum,84,4.798,0.0119,0.0952,0.4524,medium,60.40,89.90,1.19,75.00,"평균별점 4.798, 리뷰 84건, 재구매율 0.0119, 프로필라벨율 0.4524"
prod_oy_a000000186457,리쥬란,[PDRN기미크림/광노화케어 신소재] 리쥬란 바이옴 힐러 유스 포뮬러 크림 50ml,cream,83,4.783,0.0361,0.1205,0.4819,medium,60.87,89.15,3.61,75.00,"평균별점 4.783, 리뷰 83건, 재구매율 0.0361, 프로필라벨율 0.4819"
prod_oy_a000000202463,빌리프,빌리프 슈퍼드랍스 글로우 세럼 50ml,serum,83,4.663,0.0120,0.1807,0.5663,medium,58.11,83.15,1.20,75.00,"평균별점 4.663, 리뷰 83건, 재구매율 0.0120, 프로필라벨율 0.5663"
prod_oy_a000000212009,LBB,[기미잡티 에센스/대용량]LBB 골드렐라 펩타이드 28 안티 멜라닌 에센스 150ml,serum,83,4.807,0.0000,0.2289,0.6506,medium,62.73,90.35,0.00,75.00,"평균별점 4.807, 리뷰 83건, 재구매율 0.0000, 프로필라벨율 0.6506"
prod_oy_a000000214170,키엘,키엘 울트라 훼이셜 베리어 스틱 밤 더블기획/단품,lotion,83,4.771,0.0482,0.1928,0.4096,medium,61.14,88.55,4.82,75.00,"평균별점 4.771, 리뷰 83건, 재구매율 0.0482, 프로필라벨율 0.4096"
prod_oy_a000000226524,셀인샷,[흔적/착색/미백] 셀인샷 트라넥 글루타샷 세럼 50ml,serum,83,4.904,0.0361,0.1807,0.3133,medium,63.96,95.20,3.61,75.00,"평균별점 4.904, 리뷰 83건, 재구매율 0.0361, 프로필라벨율 0.3133"
prod_oy_a000000248031,아임프롬,[리뉴얼/쫀쫀광채케어] 아임프롬 라이스 토너 150ml,toner,83,4.831,0.0241,0.2410,0.4337,medium,62.91,91.55,2.41,75.00,"평균별점 4.831, 리뷰 83건, 재구매율 0.0241, 프로필라벨율 0.4337"
prod_oy_a000000151356,셀퓨전씨,[속수분충전/매끈피부결] 셀퓨전씨 약산성 패리어 토너 300ml,toner,82,4.695,0.0122,0.1585,0.3049,medium,57.47,84.75,1.22,75.00,"평균별점 4.695, 리뷰 82건, 재구매율 0.0122, 프로필라벨율 0.3049"
prod_oy_a000000188005,일소,[모공탄력] 일소 모링가 타이트닝 포어 세럼 30ml,serum,82,4.366,0.1463,0.1707,0.2439,medium,50.92,68.30,14.63,75.00,"평균별점 4.366, 리뷰 82건, 재구매율 0.1463, 프로필라벨율 0.2439"
prod_oy_a000000222699,스튜디오17,[스쿠알란/수분장벽] 스튜디오17 워터부스트 히알루론 수분크림 80ml,cream,82,4.841,0.0000,0.1585,0.4512,medium,61.97,92.05,0.00,75.00,"평균별점 4.841, 리뷰 82건, 재구매율 0.0000, 프로필라벨율 0.4512"
prod_oy_a000000231297,토니모리,토니모리 원더 세라마이드 모찌 에멀전 300ml,lotion,82,4.939,0.0000,0.0976,0.4878,medium,64.24,96.95,0.00,75.00,"평균별점 4.939, 리뷰 82건, 재구매율 0.0000, 프로필라벨율 0.4878"
prod_oy_a000000203126,디오디너리,[고강도탄력] 디오디너리 레티날 0.2% 에멀전 15ml,serum,81,4.679,0.0864,0.1111,0.3086,medium,58.05,83.95,8.64,75.00,"평균별점 4.679, 리뷰 81건, 재구매율 0.0864, 프로필라벨율 0.3086"
prod_oy_a000000209608,디어클레어스,[쿨링진정] 클레어스 블루 카밍 크림 60g,cream,81,4.704,0.0370,0.1852,0.4074,medium,58.99,85.20,3.70,75.00,"평균별점 4.704, 리뷰 81건, 재구매율 0.0370, 프로필라벨율 0.4074"
prod_oy_a000000214134,키엘,키엘 칼렌듈라 꽃잎 토너 250ml(단품/기획),toner,81,4.704,0.0494,0.1605,0.3457,medium,58.68,85.20,4.94,75.00,"평균별점 4.704, 리뷰 81건, 재구매율 0.0494, 프로필라벨율 0.3457"
prod_oy_a000000238244,더마펌,[나띠PICK][증정프로모션/피부볼륨] 더마펌 펩트올로지 부스팅 앰플 PDRN 30ml 기획 (+30ml 리필),serum,81,4.963,0.0000,0.2222,0.4444,medium,65.93,98.15,0.00,75.00,"평균별점 4.963, 리뷰 81건, 재구매율 0.0000, 프로필라벨율 0.4444"
prod_oy_a000000145332,닥터디퍼런트,[탄력/보습크림] 닥터디퍼런트 131 세콜지 모이스처라이저 100ml,cream,80,4.775,0.1750,0.3625,0.4250,medium,65.56,88.75,17.50,75.00,"평균별점 4.775, 리뷰 80건, 재구매율 0.1750, 프로필라벨율 0.4250"
prod_oy_a000000200669,아떼,[미백&리페어] 아떼 비타 EGF 흔적엔딩 세럼,serum,80,4.825,0.2250,0.1625,0.2750,medium,65.19,91.25,22.50,75.00,"평균별점 4.825, 리뷰 80건, 재구매율 0.2250, 프로필라벨율 0.2750"
prod_oy_a000000210452,라돌프,[피지캐는크림] 라돌프 퓨어파지 크림 알엑스 80g,cream,80,4.925,0.0125,0.2000,0.2750,medium,64.06,96.25,1.25,75.00,"평균별점 4.925, 리뷰 80건, 재구매율 0.0125, 프로필라벨율 0.2750"
prod_oy_a000000224027,셀리맥스,"[흔적,기미,미백/TXA] 셀리맥스 트라넥삼산 잡티 크림 35ml",cream,80,4.950,0.0000,0.1250,0.4375,medium,64.56,97.50,0.00,75.00,"평균별점 4.950, 리뷰 80건, 재구매율 0.0000, 프로필라벨율 0.4375"
prod_oy_a000000145833,플리프,플리프 시카-알로에 앰플 토너 200ml (여드름성피부추천),toner,79,4.848,0.2025,0.1266,0.2405,medium,64.84,92.40,20.25,75.00,"평균별점 4.848, 리뷰 79건, 재구매율 0.2025, 프로필라벨율 0.2405"
prod_oy_a000000213688,아렌시아,[모공순삭 탱글 젤리피부] 아렌시아 레드 스무디 세럼 8 30ml,serum,79,4.532,0.0886,0.1519,0.3291,medium,54.57,76.60,8.86,75.00,"평균별점 4.532, 리뷰 79건, 재구매율 0.0886, 프로필라벨율 0.3291"
prod_oy_a000000256045,토리든,[NEW] 토리든 다이브인 저분자 히알루론산 토너 500ml 기획 (+늘어나는 화장솜 60매),toner,79,4.886,0.0000,0.0886,0.2911,medium,61.71,94.30,0.00,75.00,"평균별점 4.886, 리뷰 79건, 재구매율 0.0000, 프로필라벨율 0.2911"
prod_oy_a000000104169,크리니크,크리니크 각질케어토너 3 200ml,toner,78,4.808,0.2051,0.1410,0.2179,medium,63.82,90.40,20.51,75.00,"평균별점 4.808, 리뷰 78건, 재구매율 0.2051, 프로필라벨율 0.2179"
prod_oy_a000000177477,프랭클리,[응급진정] 프랭클리 시카80 히알루론산 보습 토너 260ml,toner,78,4.718,0.1538,0.1026,0.3462,medium,60.58,85.90,15.38,75.00,"평균별점 4.718, 리뷰 78건, 재구매율 0.1538, 프로필라벨율 0.3462"
prod_oy_a000000200229,케어존,케어존 리큐어 노르데나우 시카 토너 490ml,toner,78,4.756,0.1026,0.0897,0.2436,medium,59.96,87.80,10.26,75.00,"평균별점 4.756, 리뷰 78건, 재구매율 0.1026, 프로필라벨율 0.2436"
prod_oy_a000000204162,다슈,다슈 보이 파란 수분초 수분 세럼 65ml 기획 (+세럼 20ml),serum,78,4.833,0.1282,0.0897,0.2564,medium,62.65,91.65,12.82,75.00,"평균별점 4.833, 리뷰 78건, 재구매율 0.1282, 프로필라벨율 0.2564"
prod_oy_a000000229465,디퍼,[쿨링진정/화잘먹크림] 디퍼 히알루론산 히알큐브 화잘먹 수분 크림 100ml,cream,78,4.833,0.1282,0.1538,0.4103,medium,64.06,91.65,12.82,75.00,"평균별점 4.833, 리뷰 78건, 재구매율 0.1282, 프로필라벨율 0.4103"
prod_oy_a000000216470,마몽드,[보습장벽] 마몽드 프로바이오틱스 세라마이드 에멀젼 150ml,lotion,77,4.753,0.1039,0.1169,0.2338,medium,60.12,87.65,10.39,75.00,"평균별점 4.753, 리뷰 77건, 재구매율 0.1039, 프로필라벨율 0.2338"
prod_oy_a000000247686,오우즈너리,[NEW/화잘먹/비타속광] 오우즈너리 비타3 세럼 50ml,serum,77,4.870,0.0000,0.1818,0.4675,medium,63.08,93.50,0.00,75.00,"평균별점 4.870, 리뷰 77건, 재구매율 0.0000, 프로필라벨율 0.4675"
prod_oy_a000000144052,폴라초이스,폴라초이스 스킨 발란싱 포어-리듀싱 토너 190ml,toner,76,4.526,0.1184,0.1184,0.2632,medium,54.33,76.30,11.84,75.00,"평균별점 4.526, 리뷰 76건, 재구매율 0.1184, 프로필라벨율 0.2632"
prod_oy_a000000209906,제로이드,제로이드 더마뉴얼 리페어 크림 15ml,cream,76,4.842,0.1316,0.1579,0.2368,medium,63.55,92.10,13.16,75.00,"평균별점 4.842, 리뷰 76건, 재구매율 0.1316, 프로필라벨율 0.2368"
prod_oy_a000000223334,아벤느,[리뉴얼] 아벤느 핑크 수딩 토너 200ml 기획 (+화장솜),toner,76,4.697,0.2895,0.0789,0.3289,medium,62.39,84.85,28.95,75.00,"평균별점 4.697, 리뷰 76건, 재구매율 0.2895, 프로필라벨율 0.3289"
prod_oy_a000000224647,유세린,[티아미돌입문세럼/광채홈케어] 유세린 이븐래디언스 일루미네이팅 세럼 30ml,serum,76,4.724,0.0263,0.2237,0.4737,medium,60.04,86.20,2.63,75.00,"평균별점 4.724, 리뷰 76건, 재구매율 0.0263, 프로필라벨율 0.4737"
prod_oy_a000000181125,스킨푸드,[도토리앰플] 스킨푸드 도토리 모공 탄력 앰플 55ml,serum,75,4.667,0.0667,0.1067,0.4000,medium,57.74,83.35,6.67,75.00,"평균별점 4.667, 리뷰 75건, 재구매율 0.0667, 프로필라벨율 0.4000"
prod_oy_a000000212725,더하르나이,[피부장벽강화크림] 더하르나이 시카이드 밤 100ml기획(+앰플5ml*3p+크림5ml*2p),cream,75,4.653,0.0933,0.1467,0.4267,medium,58.42,82.65,9.33,75.00,"평균별점 4.653, 리뷰 75건, 재구매율 0.0933, 프로필라벨율 0.4267"
prod_oy_a000000219340,SVR,[비타민C]SVR 안티 오엑스 C 앰플 30ml 기획(+크림 10ml)/단품,serum,75,4.720,0.1733,0.1467,0.3867,medium,61.67,86.00,17.33,75.00,"평균별점 4.720, 리뷰 75건, 재구매율 0.1733, 프로필라벨율 0.3867"
prod_oy_a000000241909,라곰,[수분밀착/장벽케어] 라곰 셀러스 딥 모이스쳐 크림 60ml,cream,75,4.907,0.0133,0.1867,0.3733,medium,63.94,95.35,1.33,75.00,"평균별점 4.907, 리뷰 75건, 재구매율 0.0133, 프로필라벨율 0.3733"
prod_oy_a000000161573,스킨1004,스킨1004 마다가스카르 센텔라 수딩 크림 75ml,cream,74,4.730,0.1757,0.1622,0.3108,medium,61.77,86.50,17.57,75.00,"평균별점 4.730, 리뷰 74건, 재구매율 0.1757, 프로필라벨율 0.3108"
prod_oy_a000000182721,케어존,케어존 아큐어 클래리파잉 에멀전 200ml,lotion,74,4.703,0.1216,0.2027,0.2162,medium,59.87,85.15,12.16,75.00,"평균별점 4.703, 리뷰 74건, 재구매율 0.1216, 프로필라벨율 0.2162"
prod_oy_a000000201338,한율,한율 달빛유자C 세럼 30ml 기획 (+20ml),serum,74,4.730,0.1622,0.1351,0.2838,medium,61.09,86.50,16.22,75.00,"평균별점 4.730, 리뷰 74건, 재구매율 0.1622, 프로필라벨율 0.2838"
prod_oy_a000000219676,메디큐브,[미백원액세럼][NEW]메디큐브 PDRN 핑크 원데이 세럼(1.5ml*10ea),serum,74,4.824,0.1081,0.1486,0.3514,medium,63.06,91.20,10.81,75.00,"평균별점 4.824, 리뷰 74건, 재구매율 0.1081, 프로필라벨율 0.3514"
prod_oy_a000000225178,아벤느,아벤느 비타민 액티브 VACg 세럼 30ml 기획 (+비타민 Cg 액티브 크림 2ml*3) *광채 *항산화,serum,74,4.797,0.0811,0.1351,0.4189,medium,61.98,89.85,8.11,75.00,"평균별점 4.797, 리뷰 74건, 재구매율 0.0811, 프로필라벨율 0.4189"
prod_oy_a000000231120,더페이스샵,[다이노탱 에디션][대용량] 더페이스샵 올티밋 히알루로닉 스쿠알란 1% 크림 90ml,cream,74,4.959,0.0000,0.1486,0.5946,medium,65.83,97.95,0.00,75.00,"평균별점 4.959, 리뷰 74건, 재구매율 0.0000, 프로필라벨율 0.5946"
prod_oy_a000000163761,더파이에센셜,[디렉터파이 MADE] 더파이 히알루로닉 수분 장벽 크림 80ml,cream,73,4.753,0.2877,0.1644,0.3288,medium,64.75,87.65,28.77,75.00,"평균별점 4.753, 리뷰 73건, 재구매율 0.2877, 프로필라벨율 0.3288"
prod_oy_a000000166418,비판톨,비판톨 더마 리플레니싱 데일리 모이스처 페이스 크림 50ml,cream,73,4.753,0.1096,0.1918,0.3425,medium,61.53,87.65,10.96,75.00,"평균별점 4.753, 리뷰 73건, 재구매율 0.1096, 프로필라벨율 0.3425"
prod_oy_a000000178514,코스톡,코스톡 타임리스 에센스스킨 200ml,toner,73,4.973,0.0685,0.3562,0.3425,medium,68.40,98.65,6.85,75.00,"평균별점 4.973, 리뷰 73건, 재구매율 0.0685, 프로필라벨율 0.3425"
prod_oy_a000000198835,테라로직,[모공탄력]테라로직 레티놀 안티링클3D 모공 앰플 30ml,serum,73,4.822,0.1644,0.2466,0.3014,medium,64.87,91.10,16.44,75.00,"평균별점 4.822, 리뷰 73건, 재구매율 0.1644, 프로필라벨율 0.3014"
prod_oy_a000000258879,코스알엑스,[7월 올영픽/가나디 콜라보]코스알엑스 더 블루 펩타이드 결광 세럼 50ml 기획 (+키캡 키링),serum,73,4.877,0.0274,0.2603,0.5068,medium,64.80,93.85,2.74,75.00,"평균별점 4.877, 리뷰 73건, 재구매율 0.0274, 프로필라벨율 0.5068"
prod_oy_a000000182300,에필로우,에필로우 차가버섯 비피다 바이옴 매끈결 모공 앰플 50ml,serum,72,4.750,0.0278,0.0833,0.4444,medium,59.24,87.50,2.78,75.00,"평균별점 4.750, 리뷰 72건, 재구매율 0.0278, 프로필라벨율 0.4444"
prod_oy_a000000219387,마몽드,[쿨링진정] 마몽드 카밍 샷 아줄렌 토너 300ml,toner,72,4.653,0.0694,0.0556,0.2917,medium,56.36,82.65,6.94,75.00,"평균별점 4.653, 리뷰 72건, 재구매율 0.0694, 프로필라벨율 0.2917"
prod_oy_a000000007088,불독,불독 오리지널 모이스처라이저 100ml,cream,71,4.831,0.1690,0.2535,0.2394,medium,64.96,91.55,16.90,75.00,"평균별점 4.831, 리뷰 71건, 재구매율 0.1690, 프로필라벨율 0.2394"
prod_oy_a000000141323,디오디너리,[브라이트닝] 디오디너리 아스코빌 글루코사이드 솔루션 12% 30ml,serum,71,4.676,0.3099,0.1268,0.1831,medium,61.97,83.80,30.99,75.00,"평균별점 4.676, 리뷰 71건, 재구매율 0.3099, 프로필라벨율 0.1831"
prod_oy_a000000145499,엠도씨,엠도씨 화이트닝 톤업 크림 (본품50ml+20ml 추가 증정),serum,71,4.930,0.3099,0.0845,0.1972,medium,68.60,96.50,30.99,75.00,"평균별점 4.930, 리뷰 71건, 재구매율 0.3099, 프로필라벨율 0.1972"
prod_oy_a000000179256,센텔리안24,[진정/속보습] 센텔리안24 마데카 데일리 리페어 앰플 50ml (첫단계진정앰플),serum,71,4.746,0.1972,0.0845,0.3521,medium,62.06,87.30,19.72,75.00,"평균별점 4.746, 리뷰 71건, 재구매율 0.1972, 프로필라벨율 0.3521"
prod_oy_a000000185121,더마펌,[나띠PICK][증정이벤트/진정크림] 더마펌 수분보습 진정 크림 50ml+50ml 기획,cream,71,4.831,0.1127,0.2394,0.4225,medium,64.61,91.55,11.27,75.00,"평균별점 4.831, 리뷰 71건, 재구매율 0.1127, 프로필라벨율 0.4225"
prod_oy_a000000222908,셀퓨전씨,[아이스쿨링캡슐/쿨링수분크림] 셀퓨전씨 포스트 알파 쿨링 젤 크림 50ml+20ml 기획세트,cream,71,4.592,0.0704,0.1549,0.4225,medium,56.35,79.60,7.04,75.00,"평균별점 4.592, 리뷰 71건, 재구매율 0.0704, 프로필라벨율 0.4225"
prod_oy_a000000182486,에스테덤,[대용량] 에스테덤 하이드라 로션 맥스 400ml,toner,70,4.786,0.2000,0.1000,0.3000,medium,63.11,89.30,20.00,75.00,"평균별점 4.786, 리뷰 70건, 재구매율 0.2000, 프로필라벨율 0.3000"
prod_oy_a000000200133,아벤느,[민감/진정크림]아벤느 똘레랑스 하이드레이팅 플루이드 40ml,cream,70,4.429,0.1286,0.0857,0.3429,medium,51.94,71.45,12.86,75.00,"평균별점 4.429, 리뷰 70건, 재구매율 0.1286, 프로필라벨율 0.3429"
prod_oy_a000000224244,풀리,[모공탄력] 풀리 그린 토마토 세럼 30ml,serum,70,4.943,0.0000,0.2143,0.3429,medium,64.79,97.15,0.00,75.00,"평균별점 4.943, 리뷰 70건, 재구매율 0.0000, 프로필라벨율 0.3429"
prod_oy_a000000137482,로벡틴,[43만개 판매/민감피부 구원템] 로벡틴 카밍 연꽃수 크림 60ml,cream,69,4.710,0.3043,0.1594,0.1884,medium,63.15,85.50,30.43,75.00,"평균별점 4.710, 리뷰 69건, 재구매율 0.3043, 프로필라벨율 0.1884"
prod_oy_a000000141712,다룸,DR다룸 베리어 크림 75ml,cream,69,4.739,0.2899,0.1449,0.1594,medium,63.37,86.95,28.99,75.00,"평균별점 4.739, 리뷰 69건, 재구매율 0.2899, 프로필라벨율 0.1594"
prod_oy_a000000202923,VT,[모공집중] VT 레티-에이 리들샷 100 에센스 50ml,serum,69,4.681,0.0870,0.0870,0.3478,medium,58.08,84.05,8.70,75.00,"평균별점 4.681, 리뷰 69건, 재구매율 0.0870, 프로필라벨율 0.3478"
prod_oy_a000000141710,다룸,DR다룸 릴리프 앰플 50ml,serum,68,4.912,0.1029,0.3088,0.1765,medium,66.11,95.60,10.29,75.00,"평균별점 4.912, 리뷰 68건, 재구매율 0.1029, 프로필라벨율 0.1765"
prod_oy_a000000199798,아이소이,[모공탄력] 아이소이 포어 타이트닝 컨트롤 세럼 20ml 기획 (+3ml),serum,68,4.662,0.0588,0.1765,0.2353,medium,57.32,83.10,5.88,75.00,"평균별점 4.662, 리뷰 68건, 재구매율 0.0588, 프로필라벨율 0.2353"
prod_oy_a000000187871,더랩바이블랑두,더랩바이블랑두 엑스퍼트루 모공탄력 세럼 30ml,serum,67,4.761,0.0597,0.2388,0.4925,medium,61.97,88.05,5.97,75.00,"평균별점 4.761, 리뷰 67건, 재구매율 0.0597, 프로필라벨율 0.4925"
prod_oy_a000000141306,디오디너리,[각질쓱싹] 디오디너리 만델릭 애시드 10% + HA 30ml,serum,65,4.754,0.4923,0.1538,0.3692,medium,68.96,87.70,49.23,75.00,"평균별점 4.754, 리뷰 65건, 재구매율 0.4923, 프로필라벨율 0.3692"
prod_oy_a000000224733,아이디플라코스메틱,[리뉴얼] 아이디플라코스메틱 엑소브이 프로리프팅 크림 50ml,cream,65,4.908,0.0462,0.2000,0.6308,medium,66.05,95.40,4.62,75.00,"평균별점 4.908, 리뷰 65건, 재구매율 0.0462, 프로필라벨율 0.6308"
prod_oy_a000000230367,클리어디어,[광채탄력] 클리어디어 뮤신 콜라겐 볼류밍 크림 앰플 4ml 2개입,serum,65,4.862,0.1692,0.0923,0.4000,medium,65.01,93.10,16.92,75.00,"평균별점 4.862, 리뷰 65건, 재구매율 0.1692, 프로필라벨율 0.4000"
prod_oy_a000000232961,나노레시피,나노레시피 디-판테놀 75% 앰플 33g,serum,65,4.569,0.0769,0.1077,0.1692,medium,54.11,78.45,7.69,75.00,"평균별점 4.569, 리뷰 65건, 재구매율 0.0769, 프로필라벨율 0.1692"
prod_oy_a000000254209,레이어랩,[기미잡티세럼] 레이어랩 기미흔적 클리어 세럼 30ml,serum,65,4.923,0.0923,0.1692,0.4769,medium,66.31,96.15,9.23,75.00,"평균별점 4.923, 리뷰 65건, 재구매율 0.0923, 프로필라벨율 0.4769"
prod_oy_a000000162635,가히,[촉촉광채/톤리셋] 가히 블레미쉬 앰플 30ml,serum,64,4.797,0.3906,0.2031,0.2656,medium,68.09,89.85,39.06,75.00,"평균별점 4.797, 리뷰 64건, 재구매율 0.3906, 프로필라벨율 0.2656"
prod_oy_a000000180459,스킨푸드,[NEW] 스킨푸드 로열허니 착한 수분 크림 100ml,cream,64,4.703,0.2344,0.0938,0.2656,medium,61.29,85.15,23.44,75.00,"평균별점 4.703, 리뷰 64건, 재구매율 0.2344, 프로필라벨율 0.2656"
prod_oy_a000000224023,셀리맥스,[모공/탄력/결] 셀리맥스 더 비타 A 레티놀 샷 타이트닝 세럼 30ml,serum,64,4.813,0.0000,0.2031,0.3594,medium,61.19,90.65,0.00,75.00,"평균별점 4.813, 리뷰 64건, 재구매율 0.0000, 프로필라벨율 0.3594"
prod_oy_a000000225592,구달,[주름개선] 구달 청귤 비타C 나이아신아마이드 10 흔적 앰플 30ml,serum,64,4.422,0.0781,0.0938,0.3438,medium,50.82,71.10,7.81,75.00,"평균별점 4.422, 리뷰 64건, 재구매율 0.0781, 프로필라벨율 0.3438"
prod_oy_a000000146262,하다라보,[8종히알루론산] 하다라보 고쿠쥰 프리미엄 로션 170mL,toner,63,4.810,0.0476,0.1270,0.3016,medium,61.01,90.50,4.76,75.00,"평균별점 4.810, 리뷰 63건, 재구매율 0.0476, 프로필라벨율 0.3016"
prod_oy_a000000248402,아누아,[박희선Pick] 아누아 어성초 77 B3 징크 트러블 세럼 30ml,serum,63,4.603,0.0794,0.1111,0.3810,medium,56.19,80.15,7.94,75.00,"평균별점 4.603, 리뷰 63건, 재구매율 0.0794, 프로필라벨율 0.3810"
prod_oy_a000000248426,아누아,[NEW/리뉴얼] 아누아 어성초 77 히알루론산 수분 진정 로션 200ml,lotion,63,4.841,0.0159,0.1746,0.1746,medium,61.06,92.05,1.59,75.00,"평균별점 4.841, 리뷰 63건, 재구매율 0.0159, 프로필라벨율 0.1746"
prod_oy_a000000254295,리얼베리어,[리뉴얼/속수분쏙] 리얼베리어 워터리 히알 세럼 50ml 기획 (+20ml),serum,63,4.968,0.2381,0.2698,0.5238,medium,71.70,98.40,23.81,75.00,"평균별점 4.968, 리뷰 63건, 재구매율 0.2381, 프로필라벨율 0.5238"
prod_oy_a000000141330,디오디너리,[각질쓱싹] 디오디너리 랙틱 애시드 5% + HA 30ml,toner,62,4.613,0.1129,0.1935,0.3065,medium,57.58,80.65,11.29,75.00,"평균별점 4.613, 리뷰 62건, 재구매율 0.1129, 프로필라벨율 0.3065"
prod_oy_a000000156146,헤이네이처,헤이네이처 어성초 크림 80g,cream,62,4.823,0.1935,0.0968,0.2903,medium,63.92,91.15,19.35,75.00,"평균별점 4.823, 리뷰 62건, 재구매율 0.1935, 프로필라벨율 0.2903"
prod_oy_a000000158930,빌리프,[보습폭탄] 빌리프 모이스춰라이징 밤 토너 200ml,toner,62,4.984,0.1452,0.1129,0.3548,medium,67.87,99.20,14.52,75.00,"평균별점 4.984, 리뷰 62건, 재구매율 0.1452, 프로필라벨율 0.3548"
prod_oy_a000000163688,비플레인,[급속진정] 비플레인 시카테롤 앰플 30ml,serum,62,4.645,0.0645,0.0645,0.1613,medium,55.48,82.25,6.45,75.00,"평균별점 4.645, 리뷰 62건, 재구매율 0.0645, 프로필라벨율 0.1613"
prod_oy_a000000229621,제나벨,제나벨 PDRN 인리치드 리커버리 밤 50ml,cream,62,4.823,0.0484,0.1774,0.4839,medium,62.79,91.15,4.84,75.00,"평균별점 4.823, 리뷰 62건, 재구매율 0.0484, 프로필라벨율 0.4839"
prod_oy_a000000229946,플로디카,플로디카 워터백 베리어 크림 50ml,cream,62,4.903,0.0000,0.2419,0.6452,medium,65.48,95.15,0.00,75.00,"평균별점 4.903, 리뷰 62건, 재구매율 0.0000, 프로필라벨율 0.6452"
prod_oy_a000000239791,리터니티,[쫀쫀모공/NEW] 리터니티 율무 모공 앰플 40ml,serum,62,4.968,0.0000,0.1452,0.4355,medium,65.25,98.40,0.00,75.00,"평균별점 4.968, 리뷰 62건, 재구매율 0.0000, 프로필라벨율 0.4355"
prod_oy_a000000130949,센텔리안24,[광채보습] 센텔리안24 마데카 마이크로 스타톡 세럼 50ml,serum,61,4.787,0.0820,0.2295,0.2295,medium,61.73,89.35,8.20,75.00,"평균별점 4.787, 리뷰 61건, 재구매율 0.0820, 프로필라벨율 0.2295"
prod_oy_a000000167839,달팡,달팡 하이드라스킨 리치/라이트 크림 50ml,cream,61,4.885,0.0984,0.1803,0.1803,medium,64.01,94.25,9.84,75.00,"평균별점 4.885, 리뷰 61건, 재구매율 0.0984, 프로필라벨율 0.1803"
prod_oy_a000000172075,메디올가,메디올가 브라이트닝 크림 플러스 1+1 기획(30ml+30ml),cream,61,4.590,0.0820,0.1311,0.2295,medium,55.32,79.50,8.20,75.00,"평균별점 4.590, 리뷰 61건, 재구매율 0.0820, 프로필라벨율 0.2295"
prod_oy_a000000248986,rdrd,[NEW] rdrd 레드 애플 락토 진정 세럼 30ml,serum,61,4.705,0.0328,0.1639,0.3443,medium,58.40,85.25,3.28,75.00,"평균별점 4.705, 리뷰 61건, 재구매율 0.0328, 프로필라벨율 0.3443"
prod_oy_a000000256080,rdrd,[NEW/단독기획/리뷰이벤트] rdrd 레드 애플 락토 진정 세럼 30ml 응급진정 KIT 기획,serum,61,4.705,0.0328,0.1639,0.3443,medium,58.40,85.25,3.28,75.00,"평균별점 4.705, 리뷰 61건, 재구매율 0.0328, 프로필라벨율 0.3443"
prod_oy_a000000204646,더후,[김지원 PICK] 더후 비첩 자생 에센스 50ml,serum,60,4.867,0.0667,0.2333,0.6167,medium,65.59,93.35,6.67,75.00,"평균별점 4.867, 리뷰 60건, 재구매율 0.0667, 프로필라벨율 0.6167"
prod_oy_a000000206313,비욘드,[2주잡티개선] 비욘드 엔젤아쿠아 비타 C 7% 잡티 앰플 30ml (비건),serum,60,4.700,0.0500,0.2167,0.3167,medium,59.00,85.00,5.00,75.00,"평균별점 4.700, 리뷰 60건, 재구매율 0.0500, 프로필라벨율 0.3167"
prod_oy_a000000152286,마녀공장,마녀공장 비피다 바이옴 앰플 로션 300ml,lotion,59,4.814,0.0678,0.1525,0.2542,medium,61.54,90.70,6.78,75.00,"평균별점 4.814, 리뷰 59건, 재구매율 0.0678, 프로필라벨율 0.2542"
prod_oy_a000000180919,숨37,숨37 마이크로 액티브 리페어 세럼 50ml,serum,59,4.864,0.0508,0.1695,0.5085,medium,64.01,93.20,5.08,75.00,"평균별점 4.864, 리뷰 59건, 재구매율 0.0508, 프로필라벨율 0.5085"
prod_oy_a000000246183,그라운드플랜,[모공탄력세럼] 그라운드플랜 블랙 마이크로 인퓨전 버블 세럼 115ml,serum,59,5.000,0.0169,0.0169,0.3559,medium,64.79,100.00,1.69,75.00,"평균별점 5.000, 리뷰 59건, 재구매율 0.0169, 프로필라벨율 0.3559"
prod_oy_a000000246223,더마젼시,[트러블OUT세럼] 더마젼시 제로카 81 세럼 30ml,serum,59,4.746,0.1186,0.1356,0.3898,medium,61.19,87.30,11.86,75.00,"평균별점 4.746, 리뷰 59건, 재구매율 0.1186, 프로필라벨율 0.3898"
prod_oy_a000000117624,엠브리올리스,엠브리올리스 레 크렘 콘센트레 75ml,cream,58,4.724,0.0345,0.1724,0.1552,medium,58.10,86.20,3.45,75.00,"평균별점 4.724, 리뷰 58건, 재구매율 0.0345, 프로필라벨율 0.1552"
prod_oy_a000000172157,루트리,루트리 오디베리 5중 모공 리프팅 크림 50ml,cream,58,4.552,0.1207,0.2586,0.5172,medium,57.77,77.60,12.07,75.00,"평균별점 4.552, 리뷰 58건, 재구매율 0.1207, 프로필라벨율 0.5172"
prod_oy_a000000191894,후시다인,후시다인 더마 트러블 밸런싱 토너 150ml,toner,58,4.793,0.2931,0.0862,0.4310,medium,65.69,89.65,29.31,75.00,"평균별점 4.793, 리뷰 58건, 재구매율 0.2931, 프로필라벨율 0.4310"
prod_oy_a000000207035,에르쯔틴,에르쯔틴 리제너레이티브 실트 앰플 50ml,serum,58,4.879,0.3621,0.3448,0.3276,medium,71.50,93.95,36.21,75.00,"평균별점 4.879, 리뷰 58건, 재구매율 0.3621, 프로필라벨율 0.3276"
prod_oy_a000000119141,썸바이미,썸바이미 아하 바하 파하 30데이즈 미라클 세럼 50ml,serum,57,4.228,0.1579,0.0526,0.2982,medium,46.45,61.40,15.79,75.00,"평균별점 4.228, 리뷰 57건, 재구매율 0.1579, 프로필라벨율 0.2982"
prod_oy_a000000163687,비플레인,[수분진정] 비플레인 시카테롤 크림 60ml,cream,57,4.632,0.1053,0.0877,0.3509,medium,57.12,81.60,10.53,75.00,"평균별점 4.632, 리뷰 57건, 재구매율 0.1053, 프로필라벨율 0.3509"
prod_oy_a000000206433,리쥬란,[색소노화안티에이징/PDRN브라이트닝] 리쥬란 힐러 트리플 래디언스 앰플 30ml,serum,57,4.842,0.1930,0.0877,0.2632,medium,64.21,92.10,19.30,75.00,"평균별점 4.842, 리뷰 57건, 재구매율 0.1930, 프로필라벨율 0.2632"
prod_oy_a000000237000,헤슬,[NEW/저자극/청담샵 추천] 헤슬 쏙보습 쌀 로션 150ml,lotion,57,4.754,0.0351,0.1930,0.4561,medium,60.65,87.70,3.51,75.00,"평균별점 4.754, 리뷰 57건, 재구매율 0.0351, 프로필라벨율 0.4561"
prod_oy_a000000249672,한스킨,[탱글광/잡티미백] 한스킨 아라연꽃 핑크볼 PDRN 히알루론 광채세럼 30ml,serum,57,4.947,0.0702,0.4035,0.3333,medium,68.15,97.35,7.02,75.00,"평균별점 4.947, 리뷰 57건, 재구매율 0.0702, 프로필라벨율 0.3333"
prod_oy_a000000146938,얼트루,얼트루 아임쏘리포마이스킨 릴렉싱 앰플 30ml,serum,56,4.661,0.1964,0.1071,0.2679,medium,59.52,83.05,19.64,75.00,"평균별점 4.661, 리뷰 56건, 재구매율 0.1964, 프로필라벨율 0.2679"
prod_oy_a000000149959,디오디너리,[차세대레티놀] 디오디너리 그랜액티브 레티노이드 5% 인 스쿠알란 30ml,serum,56,4.429,0.0714,0.1429,0.3571,medium,51.44,71.45,7.14,75.00,"평균별점 4.429, 리뷰 56건, 재구매율 0.0714, 프로필라벨율 0.3571"
prod_oy_a000000162783,원씽,[수분진정/젤세럼] 원씽 병풀 수분 세럼 80ml,serum,56,4.750,0.1250,0.2143,0.3393,medium,61.96,87.50,12.50,75.00,"평균별점 4.750, 리뷰 56건, 재구매율 0.1250, 프로필라벨율 0.3393"
prod_oy_a000000188560,조선미녀,[피부톤업] 조선미녀 쌀겨수맑은세럼 30ml,serum,56,4.643,0.1607,0.0893,0.2143,medium,57.86,82.15,16.07,75.00,"평균별점 4.643, 리뷰 56건, 재구매율 0.1607, 프로필라벨율 0.2143"
prod_oy_a000000202920,VT,[미백집중] VT 비타-라이트 리들샷 100 에센스 50ml,serum,56,4.554,0.0714,0.1786,0.3929,medium,55.41,77.70,7.14,75.00,"평균별점 4.554, 리뷰 56건, 재구매율 0.0714, 프로필라벨율 0.3929"
prod_oy_a000000209586,VT,[리들샷 꿀조합] VT 티엑스토닝 에센스 2000샷 30ml,serum,56,4.536,0.1786,0.1607,0.2679,medium,56.26,76.80,17.86,75.00,"평균별점 4.536, 리뷰 56건, 재구매율 0.1786, 프로필라벨율 0.2679"
prod_oy_a000000225877,앰플엔,앰플엔 블레미샷 푹잠크림 50ml,cream,56,4.911,0.0000,0.2321,0.3214,medium,63.98,95.55,0.00,75.00,"평균별점 4.911, 리뷰 56건, 재구매율 0.0000, 프로필라벨율 0.3214"
prod_oy_a000000141327,디오디너리,[각질쓱싹] 디오디너리 랙틱 애시드 10% + HA 30ml,toner,55,4.782,0.4909,0.1273,0.0727,medium,67.96,89.10,49.09,75.00,"평균별점 4.782, 리뷰 55건, 재구매율 0.4909, 프로필라벨율 0.0727"
prod_oy_a000000163735,더마펌,[나띠PICK][증정프로모션/보습장벽] 더마펌 바이오 코렉션 앰플 세라-드롭 M4 50ml,serum,55,4.800,0.0182,0.1636,0.2909,medium,60.45,90.00,1.82,75.00,"평균별점 4.800, 리뷰 55건, 재구매율 0.0182, 프로필라벨율 0.2909"
prod_oy_a000000216469,마몽드,[보습장벽] 마몽드 프로바이오틱스 세라마이드 스킨 소프너 200ml,toner,55,4.818,0.2000,0.0909,0.3455,medium,64.13,90.90,20.00,75.00,"평균별점 4.818, 리뷰 55건, 재구매율 0.2000, 프로필라벨율 0.3455"
prod_oy_a000000222697,스튜디오17,[수분유산균/대용량] 스튜디오17 워터부스트 히알루론 수분토너 300ml,toner,55,4.782,0.0364,0.1818,0.4364,medium,61.23,89.10,3.64,75.00,"평균별점 4.782, 리뷰 55건, 재구매율 0.0364, 프로필라벨율 0.4364"
prod_oy_a000000230344,지피덤,[장벽탄력/속건조] 지피덤 셀트리온EGF 스킨베리어 하이드레이팅 수분크림 80ml,cream,55,4.655,0.1636,0.1091,0.2727,medium,58.74,82.75,16.36,75.00,"평균별점 4.655, 리뷰 55건, 재구매율 0.1636, 프로필라벨율 0.2727"
prod_oy_a000000239651,바이오힐보,[녹는실|실프팅] 바이오힐보 프로바이오덤 3D 리프팅 바이오톡실 PLGA 세럼 30ml,serum,55,4.655,0.0000,0.0545,0.2727,medium,54.92,82.75,0.00,75.00,"평균별점 4.655, 리뷰 55건, 재구매율 0.0000, 프로필라벨율 0.2727"
prod_oy_a000000240268,메디테라피,[모공개선/유산균톤업] 메디테라피 포쎄라 리얼 비피다 블러 크림 50ml 증량기획 (+20ml),cream,55,4.436,0.0182,0.1636,0.2727,medium,50.35,71.80,1.82,75.00,"평균별점 4.436, 리뷰 55건, 재구매율 0.0182, 프로필라벨율 0.2727"
prod_oy_a000000011085,엠도씨,엠도씨 세붐 스트라이크 토너 150ml,toner,54,4.685,0.1111,0.1667,0.2037,medium,58.75,84.25,11.11,75.00,"평균별점 4.685, 리뷰 54건, 재구매율 0.1111, 프로필라벨율 0.2037"
prod_oy_a000000141307,디오디너리,[수분보습] 디오디너리 마린 히알루로닉스 30ml,serum,54,4.704,0.1667,0.2037,0.2222,medium,60.84,85.20,16.67,75.00,"평균별점 4.704, 리뷰 54건, 재구매율 0.1667, 프로필라벨율 0.2222"
prod_oy_a000000149953,디오디너리,[항산화] 디오디너리 레스베라트롤 3% + 페룰릭 애시드 3% 30ml,serum,54,4.611,0.1111,0.2593,0.3148,medium,58.19,80.55,11.11,75.00,"평균별점 4.611, 리뷰 54건, 재구매율 0.1111, 프로필라벨율 0.3148"
prod_oy_a000000172208,수페,수페 버치 리치 오리진 앰플 100ml,serum,54,4.870,0.2222,0.1852,0.2222,medium,66.33,93.50,22.22,75.00,"평균별점 4.870, 리뷰 54건, 재구매율 0.2222, 프로필라벨율 0.2222"
prod_oy_a000000200600,마몽드,마몽드 프로바이오틱스 세라마이드 인텐스 크림 60ml 기획 (+30ml),cream,54,4.815,0.1852,0.0741,0.1852,medium,62.78,90.75,18.52,75.00,"평균별점 4.815, 리뷰 54건, 재구매율 0.1852, 프로필라벨율 0.1852"
prod_oy_a000000209716,아렌시아,[잡티없는 투명 피부] 아렌시아 홀리 히솝 세럼 12 30ml,serum,54,4.407,0.0741,0.1852,0.3519,medium,51.29,70.35,7.41,75.00,"평균별점 4.407, 리뷰 54건, 재구매율 0.0741, 프로필라벨율 0.3519"
prod_oy_a000000213990,헤브블루,헤브블루 살몬 PDRN 케어링 센텔라 앰플 30ml,serum,54,4.815,0.4259,0.1481,0.1296,medium,68.06,90.75,42.59,75.00,"평균별점 4.815, 리뷰 54건, 재구매율 0.4259, 프로필라벨율 0.1296"
prod_oy_a000000243477,아렌시아,[잡티 브레이크 / 강력토닝] 아렌시아 비타민 C 부스터 샷 30ml,serum,53,4.943,0.1887,0.0189,0.1887,medium,65.84,97.15,18.87,75.00,"평균별점 4.943, 리뷰 53건, 재구매율 0.1887, 프로필라벨율 0.1887"
prod_oy_a000000248509,퍼셀,[장벽리페어] 퍼셀 픽셀바이옴 5 플러스 프로바이오틱스 리부팅 크림 50ml,cream,53,4.755,0.0943,0.2075,0.3208,medium,61.33,87.75,9.43,75.00,"평균별점 4.755, 리뷰 53건, 재구매율 0.0943, 프로필라벨율 0.3208"
prod_oy_a000000250104,이지듀,이지듀 EGFx 다운타임 세럼 40ml 기획(+오인트 겔 5ml),serum,53,4.755,0.0566,0.1321,0.3962,medium,60.20,87.75,5.66,75.00,"평균별점 4.755, 리뷰 53건, 재구매율 0.0566, 프로필라벨율 0.3962"
prod_oy_a000000251651,닥터지,[3세대 리뉴얼] 닥터지 레드 블레미쉬 클리어 수딩 크림 EX 70ml,cream,53,4.774,0.0189,0.1132,0.3208,medium,59.40,88.70,1.89,75.00,"평균별점 4.774, 리뷰 53건, 재구매율 0.0189, 프로필라벨율 0.3208"
prod_oy_a000000112890,라로슈포제,라로슈포제 똘러리앙 센시티브 크림,cream,52,4.615,0.3654,0.1923,0.0962,medium,61.62,80.75,36.54,75.00,"평균별점 4.615, 리뷰 52건, 재구매율 0.3654, 프로필라벨율 0.0962"
prod_oy_a000000141301,디오디너리,[수분보습] 디오디너리 아미노 애씨즈 + B5 30ml,serum,52,4.827,0.3654,0.1538,0.1538,medium,67.36,91.35,36.54,75.00,"평균별점 4.827, 리뷰 52건, 재구매율 0.3654, 프로필라벨율 0.1538"
prod_oy_a000000219096,바이오던스,바이오던스 스킨 글로우 에센스 크림 50ml,cream,52,4.673,0.0769,0.2692,0.2500,medium,58.99,83.65,7.69,75.00,"평균별점 4.673, 리뷰 52건, 재구매율 0.0769, 프로필라벨율 0.2500"
prod_oy_a000000227458,넘버즈인,[NEW] 넘버즈인 2번 로즈 PDRN 콜라겐 플럼핑 세럼 30ml,serum,52,4.692,0.1154,0.1731,0.3654,medium,59.90,84.60,11.54,75.00,"평균별점 4.692, 리뷰 52건, 재구매율 0.1154, 프로필라벨율 0.3654"
prod_oy_a000000213402,반코르,반코르 닥터 세라마이드 크림 60ml,cream,51,4.608,0.0588,0.1176,0.5098,medium,56.62,80.40,5.88,75.00,"평균별점 4.608, 리뷰 51건, 재구매율 0.0588, 프로필라벨율 0.5098"
prod_oy_a000000224247,풀리,[레이PICK/보습광채] 풀리 쌀 세라 캡슐 크림 90ml,cream,51,4.902,0.0588,0.2549,0.3922,medium,65.49,95.10,5.88,75.00,"평균별점 4.902, 리뷰 51건, 재구매율 0.0588, 프로필라벨율 0.3922"
prod_oy_a000000236324,러븀,러븀 그린 시트러스 비타민 씨 세럼 플러스 30ml,serum,51,4.549,0.0196,0.2941,0.4706,medium,55.78,77.45,1.96,75.00,"평균별점 4.549, 리뷰 51건, 재구매율 0.0196, 프로필라벨율 0.4706"
prod_oy_a000000252331,벨프리모,[장벽/진정] 벨프리모 히알 베리어 아토 로션 200ml,lotion,51,5.000,0.0000,0.3137,0.3922,medium,67.60,100.00,0.00,75.00,"평균별점 5.000, 리뷰 51건, 재구매율 0.0000, 프로필라벨율 0.3922"
prod_oy_a000000184066,세타필,[민감피부진정] 세타필 페이셜 수분크림 48g,cream,50,4.760,0.0600,0.1600,0.3800,medium,60.60,88.00,6.00,75.00,"평균별점 4.760, 리뷰 50건, 재구매율 0.0600, 프로필라벨율 0.3800"
prod_oy_a000000199777,아이소이,[모공토닉] 아이소이 포어 타이트닝 토닉 에센스 90ml,toner,50,4.620,0.2000,0.1800,0.3400,medium,59.55,81.00,20.00,75.00,"평균별점 4.620, 리뷰 50건, 재구매율 0.2000, 프로필라벨율 0.3400"
prod_oy_a000000204160,다슈,다슈 보이 파란 수분초 수분크림 150ml 기획 (+수분크림 50ml),cream,50,4.820,0.0600,0.1000,0.3200,medium,61.35,91.00,6.00,75.00,"평균별점 4.820, 리뷰 50건, 재구매율 0.0600, 프로필라벨율 0.3200"
prod_oy_a000000229492,아이오페,[PDRN/손상회복] 아이오페 XMD 스템3 클리니컬 리커버리 크림 50ml 기획 (+세럼 5ml +크림 5ml),cream,50,4.860,0.1000,0.1600,0.2800,medium,63.65,93.00,10.00,75.00,"평균별점 4.860, 리뷰 50건, 재구매율 0.1000, 프로필라벨율 0.2800"
prod_oy_a000000234359,오브제,오브제 모이스처 프로틴 장벽 크림 70ml,cream,50,4.940,0.0600,0.1400,0.2000,medium,64.45,97.00,6.00,75.00,"평균별점 4.940, 리뷰 50건, 재구매율 0.0600, 프로필라벨율 0.2000"
prod_oy_a000000235207,성분에디터,[수분진정/모공케어] 성분에디터 그린토마토 NMN 포어 하이드로 수딩 토너 350g 기획(+120g),toner,50,4.780,0.1000,0.1400,0.1200,medium,60.45,89.00,10.00,75.00,"평균별점 4.780, 리뷰 50건, 재구매율 0.1000, 프로필라벨율 0.1200"
prod_oy_a000000198924,원진이펙트,[기미잡티개선/미백성분함유] 원진이펙트 멜라리스 앰플 50g,serum,49,4.551,0.0408,0.1633,0.2245,medium,53.72,77.55,4.08,75.00,"평균별점 4.551, 리뷰 49건, 재구매율 0.0408, 프로필라벨율 0.2245"
prod_oy_a000000204623,설화수,설화수 자음수EX 150ml,toner,49,4.878,0.0816,0.2245,0.3469,medium,64.76,93.90,8.16,75.00,"평균별점 4.878, 리뷰 49건, 재구매율 0.0816, 프로필라벨율 0.3469"
prod_oy_a000000223427,달바,[미백/잡티케어] 달바 비타 토닝 세럼 로션 100ml,lotion,49,4.837,0.1020,0.2245,0.2041,medium,63.32,91.85,10.20,75.00,"평균별점 4.837, 리뷰 49건, 재구매율 0.1020, 프로필라벨율 0.2041"
prod_oy_a000000236980,주미소,주미소 나이아신아마이드 20% 세럼 40ml,serum,49,4.714,0.1837,0.1633,0.2245,medium,61.06,85.70,18.37,75.00,"평균별점 4.714, 리뷰 49건, 재구매율 0.1837, 프로필라벨율 0.2245"
prod_oy_a000000231454,스킨푸드,[NEW/겉뽀속촉] 스킨푸드 피치뽀송 징크피씨에이 에센스 50ml,serum,48,4.729,0.1042,0.0625,0.3958,medium,59.74,86.45,10.42,75.00,"평균별점 4.729, 리뷰 48건, 재구매율 0.1042, 프로필라벨율 0.3958"
prod_oy_a000000236449,퓨어그램,퓨어그램 속건조필수템 저분자 하이드라 히알루론산 크림 120ml,cream,48,4.813,0.0208,0.1875,0.2708,medium,61.00,90.65,2.08,75.00,"평균별점 4.813, 리뷰 48건, 재구매율 0.0208, 프로필라벨율 0.2708"
prod_oy_a000000154959,제이엠솔루션,제이엠솔루션 릴리프 약산성 약쑥 앰플 50ml,serum,47,4.617,0.0851,0.2766,0.3191,medium,58.03,80.85,8.51,75.00,"평균별점 4.617, 리뷰 47건, 재구매율 0.0851, 프로필라벨율 0.3191"
prod_oy_a000000181124,스킨푸드,[도토리크림] 스킨푸드 도토리 모공 탄력 크림 70ml,cream,47,4.702,0.0426,0.1489,0.4255,medium,58.77,85.10,4.26,75.00,"평균별점 4.702, 리뷰 47건, 재구매율 0.0426, 프로필라벨율 0.4255"
prod_oy_a000000213146,이지듀,[단독기획] 이지듀 스킨부스터 샷 앰플 기획 4종 (1ml*7ea+엠티에스 앰플 3.5ml 증정),serum,47,4.809,0.0426,0.1489,0.2766,medium,60.97,90.45,4.26,75.00,"평균별점 4.809, 리뷰 47건, 재구매율 0.0426, 프로필라벨율 0.2766"
prod_oy_a000000249582,제로이드,[붉은기 진정 앰플] 제로이드 핌프로브 카밍 앰플 30ml,serum,47,4.723,0.0426,0.0851,0.4468,medium,58.82,86.15,4.26,75.00,"평균별점 4.723, 리뷰 47건, 재구매율 0.0426, 프로필라벨율 0.4468"
prod_oy_a000000252322,닥터지,[NEW/미니어처증정] 닥터지 레드 블레미쉬 10-시카 캡슐 수딩 토너 300ml 기획 (+100ml),toner,47,4.957,0.0000,0.1702,0.2340,medium,64.19,97.85,0.00,75.00,"평균별점 4.957, 리뷰 47건, 재구매율 0.0000, 프로필라벨율 0.2340"
prod_oy_a000000188831,조선미녀,조선미녀 조선미녀크림 50ml,cream,46,4.674,0.0652,0.1087,0.4130,medium,57.99,83.70,6.52,75.00,"평균별점 4.674, 리뷰 46건, 재구매율 0.0652, 프로필라벨율 0.4130"
prod_oy_a000000206289,비레디,비레디 시카페인 트러블리셋 토너 250ml (+토너 50ml),toner,46,4.848,0.1087,0.0652,0.1739,medium,62.02,92.40,10.87,75.00,"평균별점 4.848, 리뷰 46건, 재구매율 0.1087, 프로필라벨율 0.1739"
prod_oy_a000000208680,후시다인,후시다인 더마 포어 4D 콜라겐 세럼 50ml,serum,46,4.978,0.3261,0.0652,0.5435,medium,71.79,98.90,32.61,75.00,"평균별점 4.978, 리뷰 46건, 재구매율 0.3261, 프로필라벨율 0.5435"
prod_oy_a000000213535,프라나롬,[만능 시카밤] 프라나롬 시카롬 리페어 밤 40ml,cream,46,4.696,0.0652,0.2391,0.2609,medium,59.14,84.80,6.52,75.00,"평균별점 4.696, 리뷰 46건, 재구매율 0.0652, 프로필라벨율 0.2609"
prod_oy_a000000222250,이니스프리,[모공속광] 이니스프리 레티놀 그린티 PDRN 스킨부스터 토너 170ml 기획 (+50ml),toner,46,4.652,0.0435,0.2174,0.2174,medium,57.06,82.60,4.35,75.00,"평균별점 4.652, 리뷰 46건, 재구매율 0.0435, 프로필라벨율 0.2174"
prod_oy_a000000232070,에스테덤,[단백질 세럼/저속노화]에스테덤 에이지 프로테옴 세럼 30ml [기획(+미스트100ml)/단품],serum,46,4.913,0.1087,0.2391,0.6087,medium,67.72,95.65,10.87,75.00,"평균별점 4.913, 리뷰 46건, 재구매율 0.1087, 프로필라벨율 0.6087"
prod_oy_a000000254332,쥬베룩,쥬베룩 PDLLA 리파이닝 퍼스트 에센스 150ml(단품/기획),serum,46,4.935,0.0000,0.2174,0.3913,medium,64.84,96.75,0.00,75.00,"평균별점 4.935, 리뷰 46건, 재구매율 0.0000, 프로필라벨율 0.3913"
prod_oy_a000000254757,쥬베룩,쥬베룩 PDLLA 리파이닝 퍼스트 에센스 150ml (+프로텍팅 크림 5ml) (2604),serum,46,4.935,0.0000,0.2174,0.3913,medium,64.84,96.75,0.00,75.00,"평균별점 4.935, 리뷰 46건, 재구매율 0.0000, 프로필라벨율 0.3913"
prod_oy_a000000115910,시카고,[진정뿌토] 시카고 시카 엑스퍼트 미스트 토너 150ml,toner,45,4.778,0.2000,0.1333,0.2667,medium,63.06,88.90,20.00,75.00,"평균별점 4.778, 리뷰 45건, 재구매율 0.2000, 프로필라벨율 0.2667"
prod_oy_a000000141324,디오디너리,[브라이트닝] 디오디너리 아스코빌 테트라이소팔미테이트 솔루션 20% 인 비타민 F 30ml,serum,45,4.889,0.5778,0.1333,0.4222,medium,74.45,94.45,57.78,75.00,"평균별점 4.889, 리뷰 45건, 재구매율 0.5778, 프로필라벨율 0.4222"
prod_oy_a000000169480,아비브,[24시간수분잠금] 아비브 수분초 히알루론 크림 하이드레이팅 팟 80ml,cream,45,4.822,0.0000,0.1111,0.2889,medium,60.16,91.10,0.00,75.00,"평균별점 4.822, 리뷰 45건, 재구매율 0.0000, 프로필라벨율 0.2889"
prod_oy_a000000247185,듀이트리,[시카PDRN/장벽앰플] 듀이트리 AC 딥 장벽 진정 보습 앰플 60ml,serum,45,4.756,0.0000,0.2889,0.2667,medium,60.01,87.80,0.00,75.00,"평균별점 4.756, 리뷰 45건, 재구매율 0.0000, 프로필라벨율 0.2667"
prod_oy_a000000104144,크리니크,크리니크 안티-블레미쉬 솔루션 클래리파잉 로션 200ml,toner,44,4.886,0.4091,0.4773,0.2727,medium,73.68,94.30,40.91,75.00,"평균별점 4.886, 리뷰 44건, 재구매율 0.4091, 프로필라벨율 0.2727"
prod_oy_a000000172912,스킨푸드,[비건/잡티케어] 스킨푸드 유자씨 잡티 맑음 세럼 50ml,serum,44,4.750,0.0909,0.1364,0.3409,medium,60.51,87.50,9.09,75.00,"평균별점 4.750, 리뷰 44건, 재구매율 0.0909, 프로필라벨율 0.3409"
prod_oy_a000000225179,아벤느,아벤느 비타민 액티브 VACg 크림 50ml 기획 (+비타민 Cg 액티브 세럼 10ml) *광채 *항산화,cream,44,4.591,0.0000,0.2500,0.2500,medium,55.00,79.55,0.00,75.00,"평균별점 4.591, 리뷰 44건, 재구매율 0.0000, 프로필라벨율 0.2500"
prod_oy_a000000245740,휩드,[보습광채] 휩드 무화버터 비건 휘핑 버블 세럼 92ml,serum,44,4.682,0.0227,0.1136,0.3864,medium,57.28,84.10,2.27,75.00,"평균별점 4.682, 리뷰 44건, 재구매율 0.0227, 프로필라벨율 0.3864"
prod_oy_a000000219625,유리아쥬,[피지각질토너] 유리아쥬 이제악 토너 250ML기획 (+ 화장솜 20매 증정),toner,43,4.605,0.0930,0.0698,0.1860,medium,55.13,80.25,9.30,75.00,"평균별점 4.605, 리뷰 43건, 재구매율 0.0930, 프로필라벨율 0.1860"
prod_oy_a000000258824,일소,[짱구 콜라보] 일소 펩타이드 3엑스 모공톡스 탄력 앰플 30ml 기획 (+맥세이프 카드지갑),serum,43,4.326,0.0233,0.0930,0.3953,medium,47.34,66.30,2.33,75.00,"평균별점 4.326, 리뷰 43건, 재구매율 0.0233, 프로필라벨율 0.3953"
prod_oy_a000000159901,눅스,[영양장벽케어] 눅스 레브드미엘 울트라 컴포팅 베리어 크림 50ml,cream,42,4.833,0.1667,0.1429,0.2381,medium,63.86,91.65,16.67,75.00,"평균별점 4.833, 리뷰 42건, 재구매율 0.1667, 프로필라벨율 0.2381"
prod_oy_a000000162056,라네즈,라네즈 워터뱅크 블루히알루로닉 기초 2종(중건성),toner,42,4.929,0.1190,0.1190,0.1429,medium,64.83,96.45,11.90,75.00,"평균별점 4.929, 리뷰 42건, 재구매율 0.1190, 프로필라벨율 0.1429"
prod_oy_a000000200632,성분에디터,[잡티미백케어] 성분에디터 머루포도 비타 C 잡티크림 50g,cream,42,4.690,0.0714,0.0952,0.3095,medium,57.90,84.50,7.14,75.00,"평균별점 4.690, 리뷰 42건, 재구매율 0.0714, 프로필라벨율 0.3095"
prod_oy_a000000224093,아이오페,아이오페 바이오 컨디셔닝 에센스 84ml 기획 (+48ml),serum,42,4.905,0.1190,0.2619,0.3095,medium,66.43,95.25,11.90,75.00,"평균별점 4.905, 리뷰 42건, 재구매율 0.1190, 프로필라벨율 0.3095"
prod_oy_a000000240056,성분에디터,[한정기획/고함량PDRN] 성분에디터 알래스카 PDRN 울트라 모이스처라이징 배리어 크림 50ml (+10ml*2),cream,42,4.881,0.0000,0.1667,0.1905,medium,61.85,94.05,0.00,75.00,"평균별점 4.881, 리뷰 42건, 재구매율 0.0000, 프로필라벨율 0.1905"
prod_oy_a000000247042,온그리디언츠,온그리디언츠 스킨 베리어 카밍 로션 이엑스 스틱포 4ml*5ea,lotion,42,4.881,0.0952,0.0952,0.3333,medium,63.75,94.05,9.52,75.00,"평균별점 4.881, 리뷰 42건, 재구매율 0.0952, 프로필라벨율 0.3333"
prod_oy_a000000147357,땡큐파머,땡큐파머 강화교동쌀 맑음 젤안에 크림80ml,cream,41,4.854,0.1463,0.0732,0.3659,medium,63.97,92.70,14.63,75.00,"평균별점 4.854, 리뷰 41건, 재구매율 0.1463, 프로필라벨율 0.3659"
prod_oy_a000000227244,넘버즈인,[10ml 소용량] 넘버즈인 4번 세라 필 깐달걀 세럼 소용량 10ml (1ml*10개),serum,41,4.829,0.0732,0.0488,0.4146,medium,61.82,91.45,7.32,75.00,"평균별점 4.829, 리뷰 41건, 재구매율 0.0732, 프로필라벨율 0.4146"
prod_oy_a000000234358,오브제,오브제 모이스처 프로틴 장벽 토너 200ml,toner,41,5.000,0.0000,0.1463,0.1951,medium,64.94,100.00,0.00,75.00,"평균별점 5.000, 리뷰 41건, 재구매율 0.0000, 프로필라벨율 0.1951"
prod_oy_a000000252606,메디큐브,[리뉴얼/NEW] 메디큐브 제로 모공 원데이 펩타이드 세럼 30ml,serum,41,4.780,0.0244,0.0732,0.3415,medium,59.38,89.00,2.44,75.00,"평균별점 4.780, 리뷰 41건, 재구매율 0.0244, 프로필라벨율 0.3415"
prod_oy_a000000156327,수이스킨,수이스킨 하얀 자작나무 수액 앰플 35ml,serum,40,4.925,0.1750,0.2750,0.2250,medium,67.81,96.25,17.50,75.00,"평균별점 4.925, 리뷰 40건, 재구매율 0.1750, 프로필라벨율 0.2250"
prod_oy_a000000213286,오드로이,오드로이 75퍼센트 시카 앰플 로프디 50ml,serum,40,4.525,0.2500,0.1500,0.0750,medium,56.31,76.25,25.00,75.00,"평균별점 4.525, 리뷰 40건, 재구매율 0.2500, 프로필라벨율 0.0750"
prod_oy_a000000231061,메디테라피,[바르고 자는 톤업크림] 메디테라피 포쎄라 리얼 비피다 블러 크림 50ml,cream,40,4.525,0.0250,0.2000,0.2500,medium,53.19,76.25,2.50,75.00,"평균별점 4.525, 리뷰 40건, 재구매율 0.0250, 프로필라벨율 0.2500"
prod_oy_a000000237367,랑벨,랑벨 비타 에너지 잡티 앰플 30ml,serum,40,4.700,0.1250,0.3750,0.4750,medium,62.88,85.00,12.50,75.00,"평균별점 4.700, 리뷰 40건, 재구매율 0.1250, 프로필라벨율 0.4750"
prod_oy_a000000249581,제로이드,[저자극 각질 케어] 제로이드 핌프로브 토너 200ml,toner,40,4.825,0.0000,0.1750,0.4500,medium,61.69,91.25,0.00,75.00,"평균별점 4.825, 리뷰 40건, 재구매율 0.0000, 프로필라벨율 0.4500"
prod_oy_a000000149064,휘게,휘게 릴리프 캐모마일 크림 85g,cream,39,4.692,0.2051,0.2308,0.4103,medium,62.49,84.60,20.51,75.00,"평균별점 4.692, 리뷰 39건, 재구매율 0.2051, 프로필라벨율 0.4103"
prod_oy_a000000149118,땡큐파머,땡큐파머 트루워터 딥 모이스처크림 EX 80ml,cream,39,4.923,0.4103,0.1026,0.2308,medium,70.77,96.15,41.03,75.00,"평균별점 4.923, 리뷰 39건, 재구매율 0.4103, 프로필라벨율 0.2308"
prod_oy_a000000170638,에센허브,에센허브 티트리 90 카밍 토너 320ml,toner,39,4.846,0.1282,0.1282,0.3590,medium,63.91,92.30,12.82,75.00,"평균별점 4.846, 리뷰 39건, 재구매율 0.1282, 프로필라벨율 0.3590"
prod_oy_a000000171757,닥터하스킨,[수분진정/민감성] 닥터하스킨 미라클아토 하이드로 크림 50ml,cream,39,4.872,0.0513,0.1538,0.1538,medium,62.31,93.60,5.13,75.00,"평균별점 4.872, 리뷰 39건, 재구매율 0.0513, 프로필라벨율 0.1538"
prod_oy_a000000247881,이즈앤트리,[NCT 재민PICK/리뉴얼] 이즈앤트리 어니언 뉴페어 겔크림 플러스 50ml,cream,39,4.795,0.0000,0.0769,0.1795,medium,58.53,89.75,0.00,75.00,"평균별점 4.795, 리뷰 39건, 재구매율 0.0000, 프로필라벨율 0.1795"
prod_oy_a000000147087,키노닉스,[진정보습/장벽케어] 키노닉스 원더 레미디 세라마이드 고보습 크림 50ml,cream,38,4.711,0.1316,0.1579,0.3158,medium,60.34,85.55,13.16,75.00,"평균별점 4.711, 리뷰 38건, 재구매율 0.1316, 프로필라벨율 0.3158"
prod_oy_a000000176954,에스티로더,에스티 로더 마이크로 에센스 트리트먼트 로션 100ml,serum,38,4.895,0.2105,0.1316,0.2632,medium,66.45,94.75,21.05,75.00,"평균별점 4.895, 리뷰 38건, 재구매율 0.2105, 프로필라벨율 0.2632"
prod_oy_a000000212792,셀리맥스,[영양/부스팅토너] 셀리맥스 더 리얼 노니 수분 밸런싱 토너 320ml,toner,38,4.632,0.0263,0.2368,0.3947,medium,57.25,81.60,2.63,75.00,"평균별점 4.632, 리뷰 38건, 재구매율 0.0263, 프로필라벨율 0.3947"
prod_oy_a000000228333,토리든,토리든 밸런스풀 시카 각질 토너 250ml,toner,38,4.632,0.0789,0.1053,0.4737,medium,57.38,81.60,7.89,75.00,"평균별점 4.632, 리뷰 38건, 재구매율 0.0789, 프로필라벨율 0.4737"
prod_oy_a000000229597,닥터멜락신,닥터멜락신 시멘리트 칼슘 볼륨 앰플 플러스 30ml,serum,38,4.947,0.0789,0.2368,0.3421,medium,66.70,97.35,7.89,75.00,"평균별점 4.947, 리뷰 38건, 재구매율 0.0789, 프로필라벨율 0.3421"
prod_oy_a000000128323,닥터자르트,닥터자르트 컨트롤에이 티트리먼트 토너 200ml (티트리 약산성 토너),toner,37,4.757,0.2432,0.0811,0.1351,medium,62.17,87.85,24.32,75.00,"평균별점 4.757, 리뷰 37건, 재구매율 0.2432, 프로필라벨율 0.1351"
prod_oy_a000000174028,디오디너리,[노화케어] 디오디너리 멀티-펩타이드 + HA 세럼 60ml,serum,37,4.622,0.2703,0.2973,0.2432,medium,61.70,81.10,27.03,75.00,"평균별점 4.622, 리뷰 37건, 재구매율 0.2703, 프로필라벨율 0.2432"
prod_oy_a000000205098,원진이펙트,원진이펙트 콜라겐 물방울 수분 크림 100g,cream,37,4.838,0.0270,0.1892,0.3514,medium,62.23,91.90,2.70,75.00,"평균별점 4.838, 리뷰 37건, 재구매율 0.0270, 프로필라벨율 0.3514"
prod_oy_a000000219082,리얼베리어,[모공축소] 리얼베리어 레티니올 모공 타이트닝 세럼 30ml 기획 (+10ml),serum,37,4.676,0.0270,0.1892,0.2703,medium,57.37,83.80,2.70,75.00,"평균별점 4.676, 리뷰 37건, 재구매율 0.0270, 프로필라벨율 0.2703"
prod_oy_a000000225699,라네즈,[탄력광채] 라네즈 퍼펙트리뉴 쓰리엑스 시그니쳐 세럼 20ml 기획 (+10ml),serum,37,4.784,0.1622,0.1351,0.2973,medium,62.64,89.20,16.22,75.00,"평균별점 4.784, 리뷰 37건, 재구매율 0.1622, 프로필라벨율 0.2973"
prod_oy_a000000232547,더마라인,[리뉴얼] 더마라인 디렉소 PDRN 솔루션 살몬 앰플 35ml,serum,37,4.757,0.0811,0.1892,0.3243,medium,60.95,87.85,8.11,75.00,"평균별점 4.757, 리뷰 37건, 재구매율 0.0811, 프로필라벨율 0.3243"
prod_oy_a000000116032,유리아쥬,유리아쥬 오 떼르말 워터 크림 40ml,cream,36,4.917,0.3056,0.1667,0.1944,medium,68.97,95.85,30.56,75.00,"평균별점 4.917, 리뷰 36건, 재구매율 0.3056, 프로필라벨율 0.1944"
prod_oy_a000000160436,그레이멜린,그레이멜린 알래스카 내추럴 토너500ml *,toner,36,4.944,0.2500,0.2778,0.4444,medium,70.96,97.20,25.00,75.00,"평균별점 4.944, 리뷰 36건, 재구매율 0.2500, 프로필라벨율 0.4444"
prod_oy_a000000171615,허블룸,허블룸 콤부차 비건 콜라겐 크림 50ml,cream,36,4.889,0.1111,0.2222,0.5833,medium,66.81,94.45,11.11,75.00,"평균별점 4.889, 리뷰 36건, 재구매율 0.1111, 프로필라벨율 0.5833"
prod_oy_a000000180918,숨37,숨37 마이크로액티브 소프트 핏 크림 50ml,cream,36,4.611,0.0833,0.1111,0.3611,medium,56.38,80.55,8.33,75.00,"평균별점 4.611, 리뷰 36건, 재구매율 0.0833, 프로필라벨율 0.3611"
prod_oy_a000000190420,어퓨,어퓨 마데카소사이드 테트라좀시카 크림 120ml,cream,36,4.500,0.3056,0.3333,0.1667,medium,59.03,75.00,30.56,75.00,"평균별점 4.500, 리뷰 36건, 재구매율 0.3056, 프로필라벨율 0.1667"
prod_oy_a000000209889,클리어디어,[수분충전] 클리어디어 미나리 딥 쿨 수딩 크림 30ml,cream,36,5.000,0.4167,0.0278,0.5278,medium,73.75,100.00,41.67,75.00,"평균별점 5.000, 리뷰 36건, 재구매율 0.4167, 프로필라벨율 0.5278"
prod_oy_a000000219212,SVR,[레티놀]SVR 리프팅 A 앰플 30ml 기획(+크림 10ml)/단품,serum,36,4.611,0.0833,0.1111,0.5278,medium,57.22,80.55,8.33,75.00,"평균별점 4.611, 리뷰 36건, 재구매율 0.0833, 프로필라벨율 0.5278"
prod_oy_a000000229594,닥터멜락신,닥터멜락신 시멘리트 칼슘 볼륨 크림 50ml,cream,36,4.861,0.0000,0.1944,0.1389,medium,61.32,93.05,0.00,75.00,"평균별점 4.861, 리뷰 36건, 재구매율 0.0000, 프로필라벨율 0.1389"
prod_oy_a000000235558,이니스프리,[속수분/장벽크림] 이니스프리 그린티 세라마이드 크림 50ml 기획 (+20ml),cream,36,4.889,0.0000,0.1944,0.5278,medium,64.03,94.45,0.00,75.00,"평균별점 4.889, 리뷰 36건, 재구매율 0.0000, 프로필라벨율 0.5278"
prod_oy_a000000245737,휩드,[민감진정] 휩드 머그트리 비건 휘핑 버블 세럼 92ml,serum,36,4.611,0.0556,0.0833,0.3333,medium,55.41,80.55,5.56,75.00,"평균별점 4.611, 리뷰 36건, 재구매율 0.0556, 프로필라벨율 0.3333"
prod_oy_a000000248587,톤28,[시카크림] 톤28 해남404 새벽크림 센텔라 아시아티카 크림 50g,cream,36,4.861,0.1389,0.5278,0.2500,medium,67.98,93.05,13.89,75.00,"평균별점 4.861, 리뷰 36건, 재구매율 0.1389, 프로필라벨율 0.2500"
prod_oy_a000000125012,유리아쥬,유리아쥬 오 떼르말 워터 젤크림 40ml,cream,35,4.657,0.1429,0.2000,0.2000,medium,58.93,82.85,14.29,75.00,"평균별점 4.657, 리뷰 35건, 재구매율 0.1429, 프로필라벨율 0.2000"
prod_oy_a000000157484,셀퓨전씨,[100시간밀착보습/민감장벽보호] 셀퓨전씨 약산성 패리어 크림 55ml,cream,35,4.657,0.0286,0.1143,0.3143,medium,56.35,82.85,2.86,75.00,"평균별점 4.657, 리뷰 35건, 재구매율 0.0286, 프로필라벨율 0.3143"
prod_oy_a000000188830,조선미녀,조선미녀 인삼에센스워터 150ml,toner,35,4.571,0.2571,0.0857,0.3143,medium,58.27,78.55,25.71,75.00,"평균별점 4.571, 리뷰 35건, 재구매율 0.2571, 프로필라벨율 0.3143"
prod_oy_a000000189170,폴라초이스,폴라초이스 클리니컬 0.3% 레티놀 + 2% 바쿠치올 트리트먼트 30ml,cream,35,4.943,0.1429,0.2857,0.4000,medium,68.65,97.15,14.29,75.00,"평균별점 4.943, 리뷰 35건, 재구매율 0.1429, 프로필라벨율 0.4000"
prod_oy_a000000212948,퍼셀,[주름리프팅] 퍼셀 82% 하이-도즈 펩타이드 콜라겐 앰플 20ml,serum,35,4.800,0.2000,0.3143,0.3143,medium,65.71,90.00,20.00,75.00,"평균별점 4.800, 리뷰 35건, 재구매율 0.2000, 프로필라벨율 0.3143"
prod_oy_a000000213407,반코르,반코르 닥터 세라마이드 토너 150ml,toner,35,4.714,0.2286,0.0571,0.5714,medium,62.64,85.70,22.86,75.00,"평균별점 4.714, 리뷰 35건, 재구매율 0.2286, 프로필라벨율 0.5714"
prod_oy_a000000238246,더마펌,[나띠PICK][증정프로모션/모공케어] 더마펌 펩트올로지 부스팅 앰플 레티노이드 30ml 기획 (+30ml 리필),serum,35,4.886,0.0000,0.2000,0.3714,medium,63.22,94.30,0.00,75.00,"평균별점 4.886, 리뷰 35건, 재구매율 0.0000, 프로필라벨율 0.3714"
prod_oy_a000000255418,포들,[NEW] 포들 밤 펩타이드 모공 타이트닝 버블 세럼 70ml,serum,35,5.000,0.0000,0.1429,0.2286,medium,65.07,100.00,0.00,75.00,"평균별점 5.000, 리뷰 35건, 재구매율 0.0000, 프로필라벨율 0.2286"
prod_oy_a000000255499,쿠피,[2주만에기미감소16%] 쿠피 멜라스마 클리어 트라넥삼산 레몬수 기미크림 50ml,cream,35,5.000,0.0000,0.0286,0.2000,medium,63.79,100.00,0.00,75.00,"평균별점 5.000, 리뷰 35건, 재구매율 0.0000, 프로필라벨율 0.2000"
prod_oy_a000000011087,엠도씨,엠도씨 릴리프 에센스 에멀젼 100ml,lotion,34,4.706,0.0882,0.2059,0.1471,medium,58.97,85.30,8.82,75.00,"평균별점 4.706, 리뷰 34건, 재구매율 0.0882, 프로필라벨율 0.1471"
prod_oy_a000000158312,믹순,믹순 비피다 발효 에센스 100ml,serum,34,4.559,0.1176,0.2059,0.1765,medium,55.67,77.95,11.76,75.00,"평균별점 4.559, 리뷰 34건, 재구매율 0.1176, 프로필라벨율 0.1765"
prod_oy_a000000190370,어퓨,어퓨 마데카소사이드 테트라좀시카 앰플 50ml,serum,34,4.706,0.2647,0.1765,0.4118,medium,63.53,85.30,26.47,75.00,"평균별점 4.706, 리뷰 34건, 재구매율 0.2647, 프로필라벨율 0.4118"
prod_oy_a000000226568,닥터자르트,[미백&주름개선] NEW 닥터자르트 브라이타민 브라이트닝 세럼 앰플,serum,34,4.676,0.2647,0.2059,0.2941,medium,62.41,83.80,26.47,75.00,"평균별점 4.676, 리뷰 34건, 재구매율 0.2647, 프로필라벨율 0.2941"
prod_oy_a000000227275,어나더페이스,[매끈물광&피지쓱싹] 어나더페이스 펩타테놀 수분 밸런스 토너 120ml,toner,34,4.971,0.0588,0.1765,0.2941,medium,66.11,98.55,5.88,75.00,"평균별점 4.971, 리뷰 34건, 재구매율 0.0588, 프로필라벨율 0.2941"
prod_oy_a000000158311,믹순,믹순 갈락토미세스 발효 에센스 100ml,serum,33,4.545,0.0303,0.1818,0.1515,medium,53.17,77.25,3.03,75.00,"평균별점 4.545, 리뷰 33건, 재구매율 0.0303, 프로필라벨율 0.1515"
prod_oy_a000000171416,스킨앤랩,[장벽강화] 스킨앤랩 베리어덤 밀키 세럼 50ml,serum,33,4.818,0.1818,0.2121,0.3030,medium,64.77,90.90,18.18,75.00,"평균별점 4.818, 리뷰 33건, 재구매율 0.1818, 프로필라벨율 0.3030"
prod_oy_a000000180892,코스알엑스,코스알엑스 더 히알루론산 3 세럼 20ml,serum,33,4.545,0.2424,0.0606,0.1212,medium,56.05,77.25,24.24,75.00,"평균별점 4.545, 리뷰 33건, 재구매율 0.2424, 프로필라벨율 0.1212"
prod_oy_a000000198833,테라로직,테라로직 마데셀 더마 리페어 B5 크림 80ml,cream,33,4.879,0.2121,0.2424,0.2121,medium,66.90,93.95,21.21,75.00,"평균별점 4.879, 리뷰 33건, 재구매율 0.2121, 프로필라벨율 0.2121"
prod_oy_a000000209590,VT,[NEW/기미잡티케어] VT 티엑스토닝 크림 50ml,cream,33,4.788,0.0909,0.2121,0.3636,medium,62.43,89.40,9.09,75.00,"평균별점 4.788, 리뷰 33건, 재구매율 0.0909, 프로필라벨율 0.3636"
prod_oy_a000000214266,키엘,키엘 울트라 퓨어 세럼 히알루로닉애씨드 30ml 기획/단품,serum,33,4.667,0.2121,0.1818,0.1818,medium,60.31,83.35,21.21,75.00,"평균별점 4.667, 리뷰 33건, 재구매율 0.2121, 프로필라벨율 0.1818"
prod_oy_a000000219754,성분에디터,[고함량PDRN/수분장벽] 성분에디터 알래스카 PDRN 울트라 모이스처라이징 배리어 크림 50ml,cream,33,5.000,0.0000,0.1515,0.1818,medium,64.92,100.00,0.00,75.00,"평균별점 5.000, 리뷰 33건, 재구매율 0.0000, 프로필라벨율 0.1818"
prod_oy_a000000232962,나노레시피,나노레시피 비타민 C 리포좀 앰플 30ml,serum,33,4.515,0.1515,0.1515,0.3939,medium,55.68,75.75,15.15,75.00,"평균별점 4.515, 리뷰 33건, 재구매율 0.1515, 프로필라벨율 0.3939"
prod_oy_a000000158921,빌리프,빌리프 스트레스 슈터 시카 수딩 토너 200ml,toner,32,4.969,0.1563,0.0938,0.3125,medium,67.27,98.45,15.63,75.00,"평균별점 4.969, 리뷰 32건, 재구매율 0.1563, 프로필라벨율 0.3125"
prod_oy_a000000182387,디오디너리,[진정] 디오디너리 알로에 2% + NAG 2% 솔루션 30ml,serum,32,4.594,0.0938,0.1250,0.3750,medium,56.34,79.70,9.38,75.00,"평균별점 4.594, 리뷰 32건, 재구매율 0.0938, 프로필라벨율 0.3750"
prod_oy_a000000197640,닥터멜락신,닥터멜락신 아쿠아 이온 플라즈마 수분 앰플 50ml,serum,32,4.906,0.1563,0.2188,0.5938,medium,68.20,95.30,15.63,75.00,"평균별점 4.906, 리뷰 32건, 재구매율 0.1563, 프로필라벨율 0.5938"
prod_oy_a000000222935,웰라쥬,[모공샷앰플] 웰라쥬 하이퍼 펩타이드 보툴리들 앰플 50ml,serum,32,4.750,0.0000,0.2500,0.3125,medium,59.69,87.50,0.00,75.00,"평균별점 4.750, 리뷰 32건, 재구매율 0.0000, 프로필라벨율 0.3125"
prod_oy_a000000158920,빌리프,빌리프 스트레스 슈터 시카 밤 크림 50ml,cream,31,4.903,0.0968,0.0645,0.3871,medium,64.35,95.15,9.68,75.00,"평균별점 4.903, 리뷰 31건, 재구매율 0.0968, 프로필라벨율 0.3871"
prod_oy_a000000248422,아누아,[박희선Pick] 아누아 어성초 77 B3 징크 수딩 크림 80ml,cream,31,4.742,0.0323,0.1290,0.2903,medium,58.79,87.10,3.23,75.00,"평균별점 4.742, 리뷰 31건, 재구매율 0.0323, 프로필라벨율 0.2903"
prod_oy_a000000254331,쥬베룩,쥬베룩 PDLLA 콜라겐 부스팅 앰플 20g,serum,31,4.968,0.0000,0.1290,0.5806,medium,65.81,98.40,0.00,75.00,"평균별점 4.968, 리뷰 31건, 재구매율 0.0000, 프로필라벨율 0.5806"
prod_oy_a000000254392,리얼베리어,[NEW/버블수분] 리얼베리어 워터리 히알 버블 토너 140ml,toner,31,4.839,0.0323,0.1290,0.4194,medium,62.11,91.95,3.23,75.00,"평균별점 4.839, 리뷰 31건, 재구매율 0.0323, 프로필라벨율 0.4194"
prod_oy_a000000254773,쥬베룩,쥬베룩 PDLLA 콜라겐 부스팅 앰플 20g (+프로텍팅 크림 2ml*5EA) (2604),serum,31,4.968,0.0000,0.1290,0.5806,medium,65.81,98.40,0.00,75.00,"평균별점 4.968, 리뷰 31건, 재구매율 0.0000, 프로필라벨율 0.5806"
prod_oy_a000000140891,미프,미프 리페어 앤 리프팅,lotion,30,4.833,0.0333,0.3333,0.1000,medium,62.41,91.65,3.33,75.00,"평균별점 4.833, 리뷰 30건, 재구매율 0.0333, 프로필라벨율 0.1000"
prod_oy_a000000144807,아크웰,아크웰 리얼 아쿠아 밸런싱 토너 160ml,toner,30,4.700,0.1667,0.1667,0.3667,medium,61.08,85.00,16.67,75.00,"평균별점 4.700, 리뷰 30건, 재구매율 0.1667, 프로필라벨율 0.3667"
prod_oy_a000000188206,디오디너리,[노화케어] 디오디너리 멀티-펩타이드 + 카퍼 펩타이즈 1% 세럼 30ml,serum,30,4.733,0.2333,0.1333,0.3333,medium,62.82,86.65,23.33,75.00,"평균별점 4.733, 리뷰 30건, 재구매율 0.2333, 프로필라벨율 0.3333"
prod_oy_a000000202708,메디앤서,메디앤서 비타 콜라겐 로직 앰플 30ml,serum,30,4.800,0.1000,0.1667,0.2667,medium,62.00,90.00,10.00,75.00,"평균별점 4.800, 리뷰 30건, 재구매율 0.1000, 프로필라벨율 0.2667"
prod_oy_a000000214629,앰플엔,앰플엔 히알루론샷 수분 앰플 100ml,serum,30,4.667,0.0667,0.2667,0.4667,medium,59.68,83.35,6.67,75.00,"평균별점 4.667, 리뷰 30건, 재구매율 0.0667, 프로필라벨율 0.4667"
prod_oy_a000000236552,닥터지,[진정수분/대용량] 닥터지 레드블레미쉬 클리어 수딩 액티브 에센스 80ml,serum,30,4.900,0.1667,0.1667,0.2000,medium,65.75,95.00,16.67,75.00,"평균별점 4.900, 리뷰 30건, 재구매율 0.1667, 프로필라벨율 0.2000"
prod_oy_a000000255383,더샘,[여름화잘먹/프렙로션] 더샘 스킨 프렙 밸런싱 밀크 로션 155ml,lotion,30,4.600,0.0000,0.1000,0.3667,medium,54.33,80.00,0.00,75.00,"평균별점 4.600, 리뷰 30건, 재구매율 0.0000, 프로필라벨율 0.3667"
prod_oy_a000000107841,미프,미프 미남크림 톤업화이트닝 50ml,cream,29,4.897,0.0690,0.2759,0.1724,low,62.17,94.85,6.90,50.00,"평균별점 4.897, 리뷰 29건, 재구매율 0.0690, 프로필라벨율 0.1724"
prod_oy_a000000188971,디마르3,디마르3 시타듀 실드 크림 70g,cream,29,4.828,0.2759,0.2069,0.3793,low,64.75,91.40,27.59,50.00,"평균별점 4.828, 리뷰 29건, 재구매율 0.2759, 프로필라벨율 0.3793"
prod_oy_a000000211858,딕셔니스트,[결청소토너] 딕셔니스트 아미노산 토너 250ml *,toner,29,4.793,0.1034,0.2069,0.3793,low,60.34,89.65,10.34,50.00,"평균별점 4.793, 리뷰 29건, 재구매율 0.1034, 프로필라벨율 0.3793"
prod_oy_a000000213915,성분에디터,[깊은모공케어] 성분에디터 그린토마토 포어 부스팅 딥샷 앰플 30ml,serum,29,4.759,0.0000,0.1379,0.2414,low,55.96,87.95,0.00,50.00,"평균별점 4.759, 리뷰 29건, 재구매율 0.0000, 프로필라벨율 0.2414"
prod_oy_a000000224880,브이앤에이뷰티,[리뉴얼/단독] 브이앤에이뷰티 안티옥시던트 시너지 크림 50ml 기획 (+앰플 50ml),cream,29,4.828,0.0690,0.0690,0.3103,low,58.89,91.40,6.90,50.00,"평균별점 4.828, 리뷰 29건, 재구매율 0.0690, 프로필라벨율 0.3103"
prod_oy_a000000115499,달팡,달팡 하이드라스킨 리치 크림 50ml,cream,28,4.821,0.1071,0.1071,0.2143,low,59.36,91.05,10.71,50.00,"평균별점 4.821, 리뷰 28건, 재구매율 0.1071, 프로필라벨율 0.2143"
prod_oy_a000000149427,보닌,보닌 퓨어 에센셜 에멀전,lotion,28,4.714,0.2857,0.3214,0.5000,low,63.56,85.70,28.57,50.00,"평균별점 4.714, 리뷰 28건, 재구매율 0.2857, 프로필라벨율 0.5000"
prod_oy_a000000191821,디마르3,[잡티케어] 디마르3 에트셀 멜라토닉 앰플 70ml,serum,28,4.821,0.3571,0.4643,0.3571,low,68.65,91.05,35.71,50.00,"평균별점 4.821, 리뷰 28건, 재구매율 0.3571, 프로필라벨율 0.3571"
prod_oy_a000000197659,닥터멜락신,닥터멜락신 아쿠아 이온 플라즈마 수분 크림 50ml,cream,28,4.571,0.0000,0.2143,0.6429,low,53.56,78.55,0.00,50.00,"평균별점 4.571, 리뷰 28건, 재구매율 0.0000, 프로필라벨율 0.6429"
prod_oy_a000000209487,믹순,믹순 두유 세럼 50ml,serum,28,5.000,0.1071,0.1071,0.1786,low,64.11,100.00,10.71,50.00,"평균별점 5.000, 리뷰 28건, 재구매율 0.1071, 프로필라벨율 0.1786"
prod_oy_a000000210681,닥터지,[미백세럼/스피큘] 닥터지 RTX 인투세럼 비타민샷 2주 프로그램,serum,28,4.786,0.0357,0.3214,0.5000,low,60.54,89.30,3.57,50.00,"평균별점 4.786, 리뷰 28건, 재구매율 0.0357, 프로필라벨율 0.5000"
prod_oy_a000000215222,리쥬란,[각질개선율191%]리쥬란 더마 힐러 모이스처 트리트먼트 토너 150ml,toner,28,4.929,0.2500,0.0714,0.2857,low,65.19,96.45,25.00,50.00,"평균별점 4.929, 리뷰 28건, 재구매율 0.2500, 프로필라벨율 0.2857"
prod_oy_a000000224241,스킨1004,스킨1004 마다가스카르 센텔라 프로바이오시카 인텐시브 앰플 50ml,serum,28,4.679,0.0357,0.0714,0.3571,low,54.39,83.95,3.57,50.00,"평균별점 4.679, 리뷰 28건, 재구매율 0.0357, 프로필라벨율 0.3571"
prod_oy_a000000231366,아로셀,[5분요철진정] 아로셀 시카 리페어 판테놀 앰플 40ml,serum,28,4.786,0.1071,0.1786,0.3929,low,60.01,89.30,10.71,50.00,"평균별점 4.786, 리뷰 28건, 재구매율 0.1071, 프로필라벨율 0.3929"
prod_oy_a000000182304,에필로우,에필로우 어성초 히알루시카 수분진정 크림 70ml,cream,27,4.889,0.1111,0.2222,0.4815,low,63.80,94.45,11.11,50.00,"평균별점 4.889, 리뷰 27건, 재구매율 0.1111, 프로필라벨율 0.4815"
prod_oy_a000000189404,디마르3,디마르3 디엑스 시타듀 리엑팅 토너 2.0 150ml,toner,27,4.889,0.4074,0.1852,0.2963,low,68.43,94.45,40.74,50.00,"평균별점 4.889, 리뷰 27건, 재구매율 0.4074, 프로필라벨율 0.2963"
prod_oy_a000000191026,눅스,[핑크빛생기나이트크림] 눅스 프로디쥬스 부스트 나이트 리커버리 오일 밤 50ml,cream,27,4.704,0.0741,0.2222,0.2593,low,56.86,85.20,7.41,50.00,"평균별점 4.704, 리뷰 27건, 재구매율 0.0741, 프로필라벨율 0.2593"
prod_oy_a000000192219,SNP,SNP 골드 콜라겐 엑스퍼트 크림 50ml,cream,27,4.889,0.0000,0.1111,0.6296,low,61.21,94.45,0.00,50.00,"평균별점 4.889, 리뷰 27건, 재구매율 0.0000, 프로필라벨율 0.6296"
prod_oy_a000000200533,유리아쥬,유리아쥬 이제악3-레귤 40ml,serum,27,4.593,0.0741,0.0741,0.2963,low,52.51,79.65,7.41,50.00,"평균별점 4.593, 리뷰 27건, 재구매율 0.0741, 프로필라벨율 0.2963"
prod_oy_a000000212912,비플레인,[100시간보습] 비플레인 시카테롤 캡슐 베리어 크림 50ml,cream,27,4.778,0.0741,0.0741,0.2222,low,57.23,88.90,7.41,50.00,"평균별점 4.778, 리뷰 27건, 재구매율 0.0741, 프로필라벨율 0.2222"
prod_oy_a000000215009,비오템,아쿠아파워 어드밴스드 젤 PRO 기획/단품,lotion,27,4.963,0.0370,0.1481,0.1481,low,61.94,98.15,3.70,50.00,"평균별점 4.963, 리뷰 27건, 재구매율 0.0370, 프로필라벨율 0.1481"
prod_oy_a000000229456,셀라딕스,셀라딕스 트러블 쿨 카밍 131 토너 300ml,toner,27,4.556,0.1111,0.0741,0.1852,low,51.68,77.80,11.11,50.00,"평균별점 4.556, 리뷰 27건, 재구매율 0.1111, 프로필라벨율 0.1852"
prod_oy_a000000163734,더마펌,[나띠PICK][증정프로모션/민감보습] 더마펌 모이스트 베리어 부스팅 토너 M4 200ml,toner,26,4.923,0.0000,0.3462,0.1538,low,62.11,96.15,0.00,50.00,"평균별점 4.923, 리뷰 26건, 재구매율 0.0000, 프로필라벨율 0.1538"
prod_oy_a000000191027,눅스,[생기부스팅크림] 눅스 프로디쥬스 부스트 글로우 부스팅 크림 40ml,cream,26,4.846,0.1154,0.0769,0.3846,low,60.77,92.30,11.54,50.00,"평균별점 4.846, 리뷰 26건, 재구매율 0.1154, 프로필라벨율 0.3846"
prod_oy_a000000214797,바이오힐보,[고보습미스트] 바이오힐보 프로바이오덤 3D 리프팅 크림 에센스 100mL,serum,26,4.962,0.1538,0.0769,0.2692,low,64.15,98.10,15.38,50.00,"평균별점 4.962, 리뷰 26건, 재구매율 0.1538, 프로필라벨율 0.2692"
prod_oy_a000000229422,비긴스 바이 정샘물,[3일잡티샷세럼/흔적] 비긴스 바이 정샘물 나이아신아마이드10 흔적세럼 30ml,serum,26,4.231,0.0385,0.2692,0.2308,low,43.47,61.55,3.85,50.00,"평균별점 4.231, 리뷰 26건, 재구매율 0.0385, 프로필라벨율 0.2308"
prod_oy_a000000244960,하루하루원더,하루하루원더 블랙라이스 프로바이오틱스 베리어 에센스 120ml,serum,26,4.962,0.0000,0.2692,0.4615,low,63.95,98.10,0.00,50.00,"평균별점 4.962, 리뷰 26건, 재구매율 0.0000, 프로필라벨율 0.4615"
prod_oy_a000000144803,아크웰,아크웰 리얼 아쿠아 밸런싱 로션 140ml,lotion,25,4.960,0.1600,0.1600,0.1600,low,64.50,98.00,16.00,50.00,"평균별점 4.960, 리뷰 25건, 재구매율 0.1600, 프로필라벨율 0.1600"
prod_oy_a000000208911,바이오던스,바이오던스 하이드로 세라놀 앰플 30ml,serum,25,4.800,0.0000,0.0800,0.2000,low,56.30,90.00,0.00,50.00,"평균별점 4.800, 리뷰 25건, 재구매율 0.0000, 프로필라벨율 0.2000"
prod_oy_a000000219334,SVR,[애프터 시카 밤]SVR 센시파인 뉴트리밤 40ml,cream,25,4.840,0.2000,0.1200,0.3600,low,62.60,92.00,20.00,50.00,"평균별점 4.840, 리뷰 25건, 재구매율 0.2000, 프로필라벨율 0.3600"
prod_oy_a000000222939,웰라쥬,[모공결토너] 웰라쥬 하이퍼 펩타이드 스킨부스터 토너 200ml,toner,25,4.960,0.0400,0.2800,0.3600,low,64.30,98.00,4.00,50.00,"평균별점 4.960, 리뷰 25건, 재구매율 0.0400, 프로필라벨율 0.3600"
prod_oy_a000000228260,더마팩토리,더마팩토리 NMN 1% 리뉴잉 세럼 30ml,serum,25,4.760,0.0400,0.2000,0.2800,low,57.60,88.00,4.00,50.00,"평균별점 4.760, 리뷰 25건, 재구매율 0.0400, 프로필라벨율 0.2800"
prod_oy_a000000230934,넘버즈인,넘버즈인 2번 로즈 PDRN 콜라겐 플럼핑 세럼 투엑스 30ml,serum,25,4.720,0.0800,0.1200,0.4800,low,57.50,86.00,8.00,50.00,"평균별점 4.720, 리뷰 25건, 재구매율 0.0800, 프로필라벨율 0.4800"
prod_oy_a000000236828,파파레서피,파파레서피 블레미쉬 크림 100ml,cream,25,4.800,0.0400,0.2000,0.3200,low,58.90,90.00,4.00,50.00,"평균별점 4.800, 리뷰 25건, 재구매율 0.0400, 프로필라벨율 0.3200"
prod_oy_a000000115502,달팡,달팡 하이드라스킨 라이트 크림 50ml,cream,24,4.917,0.1250,0.2500,0.1250,low,63.34,95.85,12.50,50.00,"평균별점 4.917, 리뷰 24건, 재구매율 0.1250, 프로필라벨율 0.1250"
prod_oy_a000000144122,애즈이즈투비,[수분보습] 애즈이즈투비 히아루로닉 에센셜 토너 200ml,toner,24,4.792,0.2083,0.0833,0.4583,low,61.57,89.60,20.83,50.00,"평균별점 4.792, 리뷰 24건, 재구매율 0.2083, 프로필라벨율 0.4583"
prod_oy_a000000165364,AHC,AHC 허브솔루션 로즈 토너 500ml,toner,24,4.625,0.1250,0.3333,0.2500,low,56.77,81.25,12.50,50.00,"평균별점 4.625, 리뷰 24건, 재구매율 0.1250, 프로필라벨율 0.2500"
prod_oy_a000000169999,달팡,달팡 인트랄 데일리 미셀러 토너 200ml,toner,24,4.917,0.0833,0.1250,0.5000,low,63.13,95.85,8.33,50.00,"평균별점 4.917, 리뷰 24건, 재구매율 0.0833, 프로필라벨율 0.5000"
prod_oy_a000000172042,울트라브이,울트라브이 이데베논 크림 50ml,cream,24,5.000,0.8750,0.0417,0.0000,low,77.92,100.00,87.50,50.00,"평균별점 5.000, 리뷰 24건, 재구매율 0.8750, 프로필라벨율 0.0000"
prod_oy_a000000172207,수페,수페 버치 리치 오리진 크림 50ml,cream,24,4.958,0.0417,0.3333,0.2500,low,64.26,97.90,4.17,50.00,"평균별점 4.958, 리뷰 24건, 재구매율 0.0417, 프로필라벨율 0.2500"
prod_oy_a000000174406,피부미,피부미 센텔루션 시카 크림 3X 100ml [지복합성],cream,24,4.583,0.0417,0.0000,0.3750,low,51.24,79.15,4.17,50.00,"평균별점 4.583, 리뷰 24건, 재구매율 0.0417, 프로필라벨율 0.3750"
prod_oy_a000000201153,차앤박,차앤박(CNP) 더마앤서 안티포어 액티브 필 AHA앰플 50ml,serum,24,4.792,0.0000,0.0000,0.3750,low,56.16,89.60,0.00,50.00,"평균별점 4.792, 리뷰 24건, 재구매율 0.0000, 프로필라벨율 0.3750"
prod_oy_a000000205037,피지오겔,피지오겔 DMT 스트레치 마크 튼살 크림 150ml,cream,24,4.958,0.1250,0.0833,0.4583,low,64.47,97.90,12.50,50.00,"평균별점 4.958, 리뷰 24건, 재구매율 0.1250, 프로필라벨율 0.4583"
prod_oy_a000000213097,조선미녀,[모공/진정케어] 조선미녀 맑은쌀채운 토너 150ml,toner,24,4.833,0.1250,0.0833,0.1667,low,59.57,91.65,12.50,50.00,"평균별점 4.833, 리뷰 24건, 재구매율 0.1250, 프로필라벨율 0.1667"
prod_oy_a000000238500,아누아,아누아 복숭아 77 나이아신 컨디셔닝 밀크 150ml,lotion,24,4.792,0.2917,0.1250,0.2500,low,62.61,89.60,29.17,50.00,"평균별점 4.792, 리뷰 24건, 재구매율 0.2917, 프로필라벨율 0.2500"
prod_oy_a000000144036,폴라초이스,폴라초이스 리지스트 데일리 5% 아하 데일리 각질제거제 50ml,lotion,23,4.739,0.2174,0.2174,0.3478,low,61.08,86.95,21.74,50.00,"평균별점 4.739, 리뷰 23건, 재구매율 0.2174, 프로필라벨율 0.3478"
prod_oy_a000000161626,디어클레어스,클레어스 리치 모이스트 수딩 크림 80g,cream,23,5.000,0.0435,0.2609,0.5217,low,66.09,100.00,4.35,50.00,"평균별점 5.000, 리뷰 23건, 재구매율 0.0435, 프로필라벨율 0.5217"
prod_oy_a000000174407,피부미,피부미 센텔루션 시카 크림 3X 100ml [건성],cream,23,4.739,0.1739,0.4348,0.0870,low,61.08,86.95,17.39,50.00,"평균별점 4.739, 리뷰 23건, 재구매율 0.1739, 프로필라벨율 0.0870"
prod_oy_a000000204654,더후,더후 공진향 탄력 크림 50ml,cream,23,4.913,0.0000,0.1304,0.5652,low,61.74,95.65,0.00,50.00,"평균별점 4.913, 리뷰 23건, 재구매율 0.0000, 프로필라벨율 0.5652"
prod_oy_a000000216924,아로셀,[7일체감/모공개선] 아로셀 보툴케어 모공 앰플 30ml,serum,23,4.826,0.2609,0.3478,0.2609,low,65.22,91.30,26.09,50.00,"평균별점 4.826, 리뷰 23건, 재구매율 0.2609, 프로필라벨율 0.2609"
prod_oy_a000000229502,아이뽀,아이뽀 엑스퍼트 모공 앰플 마스크 30ml,serum,23,4.957,0.0000,0.2174,0.0870,low,61.43,97.85,0.00,50.00,"평균별점 4.957, 리뷰 23건, 재구매율 0.0000, 프로필라벨율 0.0870"
prod_oy_a000000237951,퓨리토 서울,퓨리토서울 원더 릴리프 센텔라 세럼 언센티드 60ml,serum,23,4.696,0.0000,0.1739,0.2174,low,54.47,84.80,0.00,50.00,"평균별점 4.696, 리뷰 23건, 재구매율 0.0000, 프로필라벨율 0.2174"
prod_oy_a000000238287,아렌시아,[화잘먹] 아렌시아 레드 스무디 로션 5 200ml 기획 (+80ml 미니어처),lotion,23,4.739,0.0000,0.1739,0.2174,low,55.65,86.95,0.00,50.00,"평균별점 4.739, 리뷰 23건, 재구매율 0.0000, 프로필라벨율 0.2174"
prod_oy_a000000254006,쥬베룩,쥬베룩 PDLLA 프로텍팅 크림 50ml,cream,23,4.957,0.0000,0.1304,0.4348,low,62.30,97.85,0.00,50.00,"평균별점 4.957, 리뷰 23건, 재구매율 0.0000, 프로필라벨율 0.4348"
prod_oy_a000000011088,엠도씨,엠도씨 세붐 스트라이크 세럼 100ml,lotion,22,4.727,0.0909,0.1818,0.1364,low,56.81,86.35,9.09,50.00,"평균별점 4.727, 리뷰 22건, 재구매율 0.0909, 프로필라벨율 0.1364"
prod_oy_a000000172209,수페,수페 버치 리치 오리진 에센스 150ml,serum,22,4.955,0.3636,0.1364,0.4091,low,69.44,97.75,36.36,50.00,"평균별점 4.955, 리뷰 22건, 재구매율 0.3636, 프로필라벨율 0.4091"
prod_oy_a000000189953,피지오겔,피지오겔 사이언수티컬즈 데일리뮨 글로우 에센스 100ML,serum,22,4.864,0.1818,0.0909,0.2727,low,62.17,93.20,18.18,50.00,"평균별점 4.864, 리뷰 22건, 재구매율 0.1818, 프로필라벨율 0.2727"
prod_oy_a000000204751,브이앤에이뷰티,[뿌리는 광채 앰플] 브이앤에이뷰티 안티옥시던트 래디언스 미스트 100mL,serum,22,4.545,0.0909,0.1818,0.3636,low,52.94,77.25,9.09,50.00,"평균별점 4.545, 리뷰 22건, 재구매율 0.0909, 프로필라벨율 0.3636"
prod_oy_a000000221942,닥터엘시아,[잡티미백] 닥터엘시아 비타민C 부스팅 세럼 30ml,serum,22,4.636,0.2273,0.0000,0.1818,low,55.45,81.80,22.73,50.00,"평균별점 4.636, 리뷰 22건, 재구매율 0.2273, 프로필라벨율 0.1818"
prod_oy_a000000222733,에스테덤,[패키지 리뉴얼]에스테덤 인텐시브 프로-콜라겐+ 세럼 30ml,serum,22,4.727,0.0000,0.1818,0.3636,low,56.13,86.35,0.00,50.00,"평균별점 4.727, 리뷰 22건, 재구매율 0.0000, 프로필라벨율 0.3636"
prod_oy_a000000222945,웰라쥬,[모공밴딩크림] 웰라쥬 하이퍼 펩타이드 밴디지 크림 50ml,cream,22,4.864,0.0000,0.2727,0.4545,low,61.26,93.20,0.00,50.00,"평균별점 4.864, 리뷰 22건, 재구매율 0.0000, 프로필라벨율 0.4545"
prod_oy_a000000227239,넘버즈인,넘버즈인 2번 로즈 PDRN 콜라겐 플럼핑 세럼 소용량 듀오 10ml (마일드 1ml*5개+인텐시브 1ml*5개),serum,22,4.864,0.0000,0.0000,0.5000,low,58.76,93.20,0.00,50.00,"평균별점 4.864, 리뷰 22건, 재구매율 0.0000, 프로필라벨율 0.5000"
prod_oy_a000000232994,프랭클리,[탄력주름] 프랭클리 PDRN 바운스볼 광채세럼 30ml 앰플,serum,22,5.000,0.2273,0.0000,0.1364,low,65.23,100.00,22.73,50.00,"평균별점 5.000, 리뷰 22건, 재구매율 0.2273, 프로필라벨율 0.1364"
prod_oy_a000000246144,유리아쥬,유리아쥬 제모스 C8+ 세라뜨 200ml 기획 (+제모스토너 50ml),cream,22,4.818,0.0455,0.2273,0.2727,low,59.54,90.90,4.55,50.00,"평균별점 4.818, 리뷰 22건, 재구매율 0.0455, 프로필라벨율 0.2727"
prod_oy_a000000249735,동국제약,[데일리기미톤업] 동국제약 멜라-셋 기미 토닝 크리미 에센스 100ml,serum,22,4.636,0.0455,0.1364,0.2727,low,53.63,81.80,4.55,50.00,"평균별점 4.636, 리뷰 22건, 재구매율 0.0455, 프로필라벨율 0.2727"
prod_oy_a000000257193,비욘드,[NEW] 비욘드 엔젤 아쿠아 이온 히알루10% 수분 진정 크림 100ml 1+1 기획,cream,22,4.909,0.0000,0.5909,0.4545,low,65.68,95.45,0.00,50.00,"평균별점 4.909, 리뷰 22건, 재구매율 0.0000, 프로필라벨율 0.4545"
prod_oy_a000000158305,잇츠스킨,잇츠스킨 파워 10 포뮬라 브이씨 이펙터 잡티케어 30ml *,serum,21,4.667,0.1429,0.1905,0.1905,low,56.56,83.35,14.29,50.00,"평균별점 4.667, 리뷰 21건, 재구매율 0.1429, 프로필라벨율 0.1905"
prod_oy_a000000192218,SNP,SNP 골드 콜라겐 엑스퍼트 앰플 50ml,serum,21,4.810,0.0000,0.1429,0.4286,low,58.35,90.50,0.00,50.00,"평균별점 4.810, 리뷰 21건, 재구매율 0.0000, 프로필라벨율 0.4286"
prod_oy_a000000197319,오가나셀,오가나셀 펩타이드 리커버리 크림 50ml,cream,21,4.762,0.4762,0.0000,0.2381,low,64.17,88.10,47.62,50.00,"평균별점 4.762, 리뷰 21건, 재구매율 0.4762, 프로필라벨율 0.2381"
prod_oy_a000000204882,AHC,AHC 콜라 쥬비네이션 리프트4 오버데이 나이트 트리트먼트밤 50ml,cream,21,5.000,0.0476,0.1429,0.3810,low,64.29,100.00,4.76,50.00,"평균별점 5.000, 리뷰 21건, 재구매율 0.0476, 프로필라벨율 0.3810"
prod_oy_a000000207006,파파레서피,파파레서피 블레미쉬 필링 토너 120ml,toner,21,4.714,0.0000,0.2381,0.6190,low,57.61,85.70,0.00,50.00,"평균별점 4.714, 리뷰 21건, 재구매율 0.0000, 프로필라벨율 0.6190"
prod_oy_a000000221831,설화수,설화수 자음유액EX 125ml,lotion,21,4.857,0.0000,0.0952,0.3333,low,58.69,92.85,0.00,50.00,"평균별점 4.857, 리뷰 21건, 재구매율 0.0000, 프로필라벨율 0.3333"
prod_oy_a000000224249,NDP,"[하리무PICK] NDP 엔디피 초저분자 히알루로닉 10,000PPM 세럼",serum,21,4.857,0.1429,0.3810,0.2857,low,64.16,92.85,14.29,50.00,"평균별점 4.857, 리뷰 21건, 재구매율 0.1429, 프로필라벨율 0.2857"
prod_oy_a000000228895,코스메쉐프,[이수향 PICK/대한민국 갈색병] 코스메쉐프 흑당고 진액 영양 주름앰플 30ml_흑당고앰플,serum,21,4.619,0.0000,0.1905,0.1429,low,52.14,80.95,0.00,50.00,"평균별점 4.619, 리뷰 21건, 재구매율 0.0000, 프로필라벨율 0.1429"
prod_oy_a000000229350,닥터지,[스네일레티놀1%/리프팅] 닥터지 블랙스네일 레티놀 콜라겐 세럼 인텐스 30ml,serum,21,4.952,0.0476,0.1905,0.2381,low,62.73,97.60,4.76,50.00,"평균별점 4.952, 리뷰 21건, 재구매율 0.0476, 프로필라벨율 0.2381"
prod_oy_a000000235560,유리아쥬,[손상탄력크림] 유리아쥬 시카 데일리 리페어 콘센트레 탄력 크림 50ml,cream,21,4.762,0.0476,0.1429,0.2381,low,57.03,88.10,4.76,50.00,"평균별점 4.762, 리뷰 21건, 재구매율 0.0476, 프로필라벨율 0.2381"
prod_oy_a000000246299,바이오힐보,[속광|광채크림] 바이오힐보 NAD 프리즈셀 글로우 부스트 크림 50ml,cream,21,4.619,0.0476,0.1429,0.4762,low,54.28,80.95,4.76,50.00,"평균별점 4.619, 리뷰 21건, 재구매율 0.0476, 프로필라벨율 0.4762"
prod_oy_a000000246922,더랩바이블랑두,[장벽크림] 더랩바이블랑두 프리바이오틱세라 크림 50ml,cream,21,4.857,0.1429,0.2857,0.2381,low,62.97,92.85,14.29,50.00,"평균별점 4.857, 리뷰 21건, 재구매율 0.1429, 프로필라벨율 0.2381"
prod_oy_a000000252696,아누아,[NEW/리뉴얼] 아누아 어성초 77 히알루론산 수분 진정 토너 350ml,toner,21,4.810,0.0000,0.0952,0.2381,low,56.92,90.50,0.00,50.00,"평균별점 4.810, 리뷰 21건, 재구매율 0.0000, 프로필라벨율 0.2381"
prod_oy_a000000253103,브링그린,[NEW] 브링그린 블루빈 B5-PDRN 마일드 버블세럼 110mL(+실리콘 브러시),serum,21,4.714,0.0000,0.0476,0.2381,low,53.80,85.70,0.00,50.00,"평균별점 4.714, 리뷰 21건, 재구매율 0.0000, 프로필라벨율 0.2381"
prod_oy_a000000259199,유리아쥬,[7월 올영픽] 유리아쥬 시카 데일리 리페어 콘센트레 탄력 크림 50ml 한정기획 (+탄력 크림 15ml),cream,21,4.762,0.0476,0.1429,0.2381,low,57.03,88.10,4.76,50.00,"평균별점 4.762, 리뷰 21건, 재구매율 0.0476, 프로필라벨율 0.2381"
prod_oy_a000000113010,셀린저,셀린저 리얼 토너 티트리 200ml,toner,20,4.450,0.0500,0.2000,0.1500,low,48.63,72.50,5.00,50.00,"평균별점 4.450, 리뷰 20건, 재구매율 0.0500, 프로필라벨율 0.1500"
prod_oy_a000000113011,셀린저,셀린저 리얼 토너 센텔라아시아티카 200ml,toner,20,4.700,0.1000,0.1500,0.4000,low,57.25,85.00,10.00,50.00,"평균별점 4.700, 리뷰 20건, 재구매율 0.1000, 프로필라벨율 0.4000"
prod_oy_a000000116004,시카고,[끝장크림] 시카고 시카 피니쉬 크림 50ml,cream,20,4.500,0.2000,0.2000,0.4000,low,54.25,75.00,20.00,50.00,"평균별점 4.500, 리뷰 20건, 재구매율 0.2000, 프로필라벨율 0.4000"
prod_oy_a000000170025,피캄,[대용량 속건조크림] 피캄 카토 크림 80ml,cream,20,4.800,0.3000,0.3500,0.2500,low,65.25,90.00,30.00,50.00,"평균별점 4.800, 리뷰 20건, 재구매율 0.3000, 프로필라벨율 0.2500"
prod_oy_a000000191827,디마르3,디마르3 시그니처 비트 로제 토너 150ml,toner,20,4.700,0.2000,0.5000,0.4000,low,62.75,85.00,20.00,50.00,"평균별점 4.700, 리뷰 20건, 재구매율 0.2000, 프로필라벨율 0.4000"
prod_oy_a000000200182,닥터하우쉬카,닥터하우쉬카 모공 탄력 세럼 50ml,serum,20,4.800,0.0500,0.2500,0.4000,low,60.00,90.00,5.00,50.00,"평균별점 4.800, 리뷰 20건, 재구매율 0.0500, 프로필라벨율 0.4000"
prod_oy_a000000207028,제나벨,제나벨 PDRN 비타 토닝 앰플 30ml,serum,20,4.550,0.1500,0.1500,0.1000,low,52.62,77.50,15.00,50.00,"평균별점 4.550, 리뷰 20건, 재구매율 0.1500, 프로필라벨율 0.1000"
prod_oy_a000000213152,이지듀,이지듀 스킨부스터 엠티에스 앰플 3.5ml,serum,20,4.300,0.0500,0.1000,0.5500,low,45.50,65.00,5.00,50.00,"평균별점 4.300, 리뷰 20건, 재구매율 0.0500, 프로필라벨율 0.5500"
prod_oy_a000000225849,아떼,[1+1 트러블앰플/피지케어] 아떼 아크네솔 프로그래밍 앰플 듀오 기획,serum,20,4.250,0.4000,0.0500,0.2500,low,49.13,62.50,40.00,50.00,"평균별점 4.250, 리뷰 20건, 재구매율 0.4000, 프로필라벨율 0.2500"
prod_oy_a000000226474,브이앤에이뷰티,[리뉴얼] 브이앤에이뷰티 안티옥시던트 에센스 토너 120ml,toner,20,5.000,0.0000,0.0000,0.4000,low,62.00,100.00,0.00,50.00,"평균별점 5.000, 리뷰 20건, 재구매율 0.0000, 프로필라벨율 0.4000"
prod_oy_a000000228253,더마팩토리,더마팩토리 EGF 앰플 30ml,serum,20,4.950,0.0000,0.2500,0.6000,low,64.13,97.50,0.00,50.00,"평균별점 4.950, 리뷰 20건, 재구매율 0.0000, 프로필라벨율 0.6000"
prod_oy_a000000229225,유리아쥬,유리아쥬 이제악 뉴스킨 세럼 30ml,serum,20,4.650,0.1500,0.0000,0.3000,low,54.88,82.50,15.00,50.00,"평균별점 4.650, 리뷰 20건, 재구매율 0.1500, 프로필라벨율 0.3000"
prod_oy_a000000247097,닥터엘시아,[화잘먹버블세럼] 닥터엘시아 ABC 글로우 휩드 세럼 100ml,serum,20,4.550,0.0500,0.1500,0.2500,low,51.37,77.50,5.00,50.00,"평균별점 4.550, 리뷰 20건, 재구매율 0.0500, 프로필라벨율 0.2500"
prod_oy_a000000144848,에스티로더,에스티 로더 어드밴스드 나이트 리페어 갈색병 세럼 7ml,serum,19,4.789,0.0526,0.0526,0.2632,low,57.09,89.45,5.26,50.00,"평균별점 4.789, 리뷰 19건, 재구매율 0.0526, 프로필라벨율 0.2632"
prod_oy_a000000162054,라네즈,라네즈 워터뱅크 블루히알루로닉 에멀젼(중건성) 120ml,lotion,19,4.526,0.0000,0.2632,0.4211,low,51.70,76.30,0.00,50.00,"평균별점 4.526, 리뷰 19건, 재구매율 0.0000, 프로필라벨율 0.4211"
prod_oy_a000000191663,디오디너리,[진정] 디오디너리 수딩 앤 배리어 서포트 세럼 30ml,serum,19,4.632,0.2105,0.1053,0.2632,low,56.46,81.60,21.05,50.00,"평균별점 4.632, 리뷰 19건, 재구매율 0.2105, 프로필라벨율 0.2632"
prod_oy_a000000197661,닥터멜락신,닥터멜락신 비피 포어 앰플 30ml,serum,19,4.842,0.1579,0.0526,0.3158,low,60.92,92.10,15.79,50.00,"평균별점 4.842, 리뷰 19건, 재구매율 0.1579, 프로필라벨율 0.3158"
prod_oy_a000000198832,테라로직,테라로직 피토세라 프로 안티옥시던트 10X 탄력앰플 50ml,serum,19,4.579,0.1053,0.1579,0.3684,low,53.95,78.95,10.53,50.00,"평균별점 4.579, 리뷰 19건, 재구매율 0.1053, 프로필라벨율 0.3684"
prod_oy_a000000205871,이즈앤트리,이즈앤트리 하이퍼 비타민 C 30 크림 20ml,cream,19,4.474,0.0000,0.1579,0.5263,low,49.75,73.70,0.00,50.00,"평균별점 4.474, 리뷰 19건, 재구매율 0.0000, 프로필라벨율 0.5263"
prod_oy_a000000208718,스콧해미쉬,스콧해미쉬 블루 블렌디드 토너 에센스 180ml,toner,19,5.000,0.1053,0.1053,0.3158,low,64.74,100.00,10.53,50.00,"평균별점 5.000, 리뷰 19건, 재구매율 0.1053, 프로필라벨율 0.3158"
prod_oy_a000000214270,키엘,키엘 울트라 퓨어 세럼 나이아신아마이드 30ml 기획/단품,serum,19,4.474,0.0526,0.2105,0.4211,low,50.80,73.70,5.26,50.00,"평균별점 4.474, 리뷰 19건, 재구매율 0.0526, 프로필라벨율 0.4211"
prod_oy_a000000214636,앰플엔,앰플엔 히알루론샷 수분 크림 60ml,cream,19,4.895,0.0526,0.3684,0.2632,low,63.16,94.75,5.26,50.00,"평균별점 4.895, 리뷰 19건, 재구매율 0.0526, 프로필라벨율 0.2632"
prod_oy_a000000216925,아로셀,[30만콜라겐샷] 아로셀 슈퍼샷 콜트라 앰플 3X 30ml,serum,19,4.789,0.1053,0.2105,0.3684,low,60.25,89.45,10.53,50.00,"평균별점 4.789, 리뷰 19건, 재구매율 0.1053, 프로필라벨율 0.3684"
prod_oy_a000000218897,허스텔러,[급속진정] 허스텔러 리틀 드롭스 카밍 데이즈 앰플 30ml,serum,19,4.842,0.1053,0.1579,0.4737,low,61.71,92.10,10.53,50.00,"평균별점 4.842, 리뷰 19건, 재구매율 0.1053, 프로필라벨율 0.4737"
prod_oy_a000000229965,플로디카,플로디카 리웨이크 모이스트 트리트먼트 150ml,toner,19,4.895,0.0000,0.2632,0.6842,low,63.17,94.75,0.00,50.00,"평균별점 4.895, 리뷰 19건, 재구매율 0.0000, 프로필라벨율 0.6842"
prod_oy_a000000231453,주미소,[트러블진정]주미소 디판테놀 베리어 장벽세럼 70ml(+크림20ml),serum,19,4.632,0.0000,0.0526,0.3158,low,51.98,81.60,0.00,50.00,"평균별점 4.632, 리뷰 19건, 재구매율 0.0000, 프로필라벨율 0.3158"
prod_oy_a000000233020,VT,[광채부스팅] VT 피디알엔 토너 250ml,toner,19,4.579,0.0526,0.2632,0.5263,low,54.74,78.95,5.26,50.00,"평균별점 4.579, 리뷰 19건, 재구매율 0.0526, 프로필라벨율 0.5263"
prod_oy_a000000246189,밀리밀리,[이준박사 공동개발] 밀리밀리 500달톤 프로틴 앰플 30ml,serum,19,4.895,0.0526,0.4211,0.3684,low,64.22,94.75,5.26,50.00,"평균별점 4.895, 리뷰 19건, 재구매율 0.0526, 프로필라벨율 0.3684"
prod_oy_a000000115496,달팡,달팡 하이드라스킨 세럼 30ml,serum,18,4.944,0.1667,0.1667,0.2222,low,64.57,97.20,16.67,50.00,"평균별점 4.944, 리뷰 18건, 재구매율 0.1667, 프로필라벨율 0.2222"
prod_oy_a000000128656,아임프롬,아임프롬 머그워트 크림 50g,cream,18,4.389,0.2222,0.3333,0.1667,low,51.81,69.45,22.22,50.00,"평균별점 4.389, 리뷰 18건, 재구매율 0.2222, 프로필라벨율 0.1667"
prod_oy_a000000162058,라네즈,라네즈 워터뱅크 블루히알루로닉 토너(중건성) 160ml,toner,18,4.778,0.3333,0.0000,0.1667,low,61.39,88.90,33.33,50.00,"평균별점 4.778, 리뷰 18건, 재구매율 0.3333, 프로필라벨율 0.1667"
prod_oy_a000000170383,디에이브,디에이브 더마-테카 바이옴 세럼 50ml,serum,18,4.778,0.0000,0.3889,0.5000,low,60.28,88.90,0.00,50.00,"평균별점 4.778, 리뷰 18건, 재구매율 0.0000, 프로필라벨율 0.5000"
prod_oy_a000000170418,비오템,비오템 비오수르스 중복합성 토너 400ml,toner,18,5.000,0.3889,0.0556,0.1667,low,69.17,100.00,38.89,50.00,"평균별점 5.000, 리뷰 18건, 재구매율 0.3889, 프로필라벨율 0.1667"
prod_oy_a000000192520,로벡틴,[수분충전/세라마이드] 로벡틴 아쿠아 히알루로닉 수딩 크림 60ml,cream,18,4.500,0.0556,0.3889,0.2778,low,52.64,75.00,5.56,50.00,"평균별점 4.500, 리뷰 18건, 재구매율 0.0556, 프로필라벨율 0.2778"
prod_oy_a000000199411,라네즈,[리필/1등 속보습] 라네즈 크림스킨 170ml 리필,toner,18,4.944,0.0556,0.0000,0.2222,low,60.68,97.20,5.56,50.00,"평균별점 4.944, 리뷰 18건, 재구매율 0.0556, 프로필라벨율 0.2222"
prod_oy_a000000204880,AHC,AHC 콜라 쥬비네이션 리프트4 트리트먼트 에센스 130ml,serum,18,4.667,0.1667,0.3333,0.0556,low,57.79,83.35,16.67,50.00,"평균별점 4.667, 리뷰 18건, 재구매율 0.1667, 프로필라벨율 0.0556"
prod_oy_a000000204881,AHC,AHC 콜라 쥬비네이션 리프트4 트리트먼트 에멀젼 100ml,lotion,18,4.889,0.0556,0.1667,0.2778,low,61.12,94.45,5.56,50.00,"평균별점 4.889, 리뷰 18건, 재구매율 0.0556, 프로필라벨율 0.2778"
prod_oy_a000000214179,키엘,키엘 울트라 훼이셜 토너 250ml,toner,18,4.944,0.1111,0.2222,0.1667,low,63.74,97.20,11.11,50.00,"평균별점 4.944, 리뷰 18건, 재구매율 0.1111, 프로필라벨율 0.1667"
prod_oy_a000000219286,디오디너리,[노화케어] 디오디너리 GF 15% 솔루션 30ml,serum,18,4.611,0.1111,0.3889,0.2778,low,56.80,80.55,11.11,50.00,"평균별점 4.611, 리뷰 18건, 재구매율 0.1111, 프로필라벨율 0.2778"
prod_oy_a000000229509,지피덤,[장벽탄력/화잘먹] 지피덤 셀트리온EGF 스킨베리어 크림에센스 밀키토너 150ml,toner,18,4.722,0.1111,0.1667,0.3889,low,58.19,86.10,11.11,50.00,"평균별점 4.722, 리뷰 18건, 재구매율 0.1111, 프로필라벨율 0.3889"
prod_oy_a000000236981,주미소,주미소 나이아신아마이드 10% 세럼 40ml,serum,18,4.833,0.0000,0.0556,0.2222,low,57.07,91.65,0.00,50.00,"평균별점 4.833, 리뷰 18건, 재구매율 0.0000, 프로필라벨율 0.2222"
prod_oy_a000000237527,리쥬란,[3STEP 멜라닌 클리어] 리쥬란 힐러 트리플 래디언스 크림 50ml,cream,18,4.556,0.0000,0.1111,0.3333,low,50.57,77.80,0.00,50.00,"평균별점 4.556, 리뷰 18건, 재구매율 0.0000, 프로필라벨율 0.3333"
prod_oy_a000000249480,글로우,글로우 레몬 비타민 토너 300ml,toner,18,4.944,0.0000,0.1111,0.5000,low,62.07,97.20,0.00,50.00,"평균별점 4.944, 리뷰 18건, 재구매율 0.0000, 프로필라벨율 0.5000"
prod_oy_a000000252600,바이오힐보,[화잘먹프렙] 바이오힐보 판테셀 리페어시카 수분 로션 100mL,lotion,18,4.944,0.0556,0.0556,0.5000,low,62.63,97.20,5.56,50.00,"평균별점 4.944, 리뷰 18건, 재구매율 0.0556, 프로필라벨율 0.5000"
prod_oy_a000000158113,랩시리즈,랩시리즈 올-인-원 훼이스 트리트먼트 50ml,lotion,17,4.882,0.1176,0.0588,0.2353,low,60.87,94.10,11.76,50.00,"평균별점 4.882, 리뷰 17건, 재구매율 0.1176, 프로필라벨율 0.2353"
prod_oy_a000000165360,AHC,AHC 허브솔루션 알로에베라 토너 500ml,toner,17,4.529,0.0000,0.4118,0.2353,low,52.34,76.45,0.00,50.00,"평균별점 4.529, 리뷰 17건, 재구매율 0.0000, 프로필라벨율 0.2353"
prod_oy_a000000187241,빌리프,빌리프 슈퍼 드랍스 비타민C 워터트리트먼트 150ML,toner,17,4.941,0.0000,0.2353,0.5882,low,63.67,97.05,0.00,50.00,"평균별점 4.941, 리뷰 17건, 재구매율 0.0000, 프로필라벨율 0.5882"
prod_oy_a000000197660,닥터멜락신,닥터멜락신 아쿠아 이온 플라즈마 수분 토너 200ml,toner,17,4.647,0.1176,0.1176,0.7059,low,57.35,82.35,11.76,50.00,"평균별점 4.647, 리뷰 17건, 재구매율 0.1176, 프로필라벨율 0.7059"
prod_oy_a000000197679,닥터멜락신,닥터멜락신 비피 포어 베리어 크림 50g,cream,17,5.000,0.0000,0.1765,0.5294,low,64.41,100.00,0.00,50.00,"평균별점 5.000, 리뷰 17건, 재구매율 0.0000, 프로필라벨율 0.5294"
prod_oy_a000000212010,LBB,[기미잡티 크림]LBB 골드렐라 펩타이드 28 안티 멜라닌 마스크 크림 100ml,cream,17,5.000,0.1176,0.3529,0.4118,low,67.94,100.00,11.76,50.00,"평균별점 5.000, 리뷰 17건, 재구매율 0.1176, 프로필라벨율 0.4118"
prod_oy_a000000216459,마몽드,[모공부스터] 마몽드 포어 슈링커 바쿠치올 레티놀 토너 200ml,toner,17,4.765,0.0000,0.0000,0.4118,low,55.60,88.25,0.00,50.00,"평균별점 4.765, 리뷰 17건, 재구매율 0.0000, 프로필라벨율 0.4118"
prod_oy_a000000217777,닥터디퍼런트,닥터디퍼런트 스케일링 토너 (지성용) 300ml (AD),toner,17,4.941,0.2941,0.0588,0.7059,low,68.38,97.05,29.41,50.00,"평균별점 4.941, 리뷰 17건, 재구매율 0.2941, 프로필라벨율 0.7059"
prod_oy_a000000219326,SVR,[극건조 피부 개선 보습 크림]SVR 토피알리즈 밤프로텍트+ 400ml,cream,17,4.588,0.0000,0.1765,0.4706,low,52.79,79.40,0.00,50.00,"평균별점 4.588, 리뷰 17건, 재구매율 0.0000, 프로필라벨율 0.4706"
prod_oy_a000000228603,크리니크,[김고은PICK] 크리니크 쏙수분광채세럼 30ml,serum,17,4.941,0.1176,0.3529,0.1176,low,64.85,97.05,11.76,50.00,"평균별점 4.941, 리뷰 17건, 재구매율 0.1176, 프로필라벨율 0.1176"
prod_oy_a000000248983,rdrd,[NEW] rdrd 그린 애플 락토 리밸런싱 팝핑 토너 95g,toner,17,4.588,0.0000,0.0588,0.4118,low,51.32,79.40,0.00,50.00,"평균별점 4.588, 리뷰 17건, 재구매율 0.0000, 프로필라벨율 0.4118"
prod_oy_a000000255167,구달,[텔레토비 콜라보][쿨링/트러블] 구달 어성초 징크 히알루론 레드 수딩 세럼 30ml 더블 기획 (+왕 스티커 3매),serum,17,4.765,0.0000,0.0000,0.3529,low,55.30,88.25,0.00,50.00,"평균별점 4.765, 리뷰 17건, 재구매율 0.0000, 프로필라벨율 0.3529"
prod_oy_a000000130838,크리니크,크리니크 모이스춰 써지 아이 96-아워 하이드로 컨센트레이트 15ml,cream,16,4.500,0.1250,0.0000,0.1875,low,49.69,75.00,12.50,50.00,"평균별점 4.500, 리뷰 16건, 재구매율 0.1250, 프로필라벨율 0.1875"
prod_oy_a000000144810,아크웰,[수분레이어링] 아크웰 리얼 아쿠아 밸런싱 앰플 35ml,serum,16,5.000,0.3125,0.1875,0.1875,low,69.06,100.00,31.25,50.00,"평균별점 5.000, 리뷰 16건, 재구매율 0.3125, 프로필라벨율 0.1875"
prod_oy_a000000152786,엠브리올리스,엠브리올리스 하이드라 세럼 30ml,serum,16,4.750,0.0625,0.3750,0.0625,low,58.44,87.50,6.25,50.00,"평균별점 4.750, 리뷰 16건, 재구매율 0.0625, 프로필라벨율 0.0625"
prod_oy_a000000162615,마리엔메이,[장벽강화] 마리엔메이 비타민C+비피다 로션 120ml,lotion,16,4.625,0.0625,0.1875,0.5625,low,55.63,81.25,6.25,50.00,"평균별점 4.625, 리뷰 16건, 재구매율 0.0625, 프로필라벨율 0.5625"
prod_oy_a000000174709,일소,[수분급속충전] 일소 데일리 모이스처 소프트닝 로션 150ml,lotion,16,4.563,0.0625,0.1875,0.3125,low,52.67,78.15,6.25,50.00,"평균별점 4.563, 리뷰 16건, 재구매율 0.0625, 프로필라벨율 0.3125"
prod_oy_a000000189589,헤라,헤라 하이드로 리플렉팅 플루이드 140ml,lotion,16,4.938,0.1250,0.0000,0.0625,low,61.11,96.90,12.50,50.00,"평균별점 4.938, 리뷰 16건, 재구매율 0.1250, 프로필라벨율 0.0625"
prod_oy_a000000189956,피캄,[박지현 PICK/7일 모공개선] 피캄 레티놀라겐 앰플 30ml,serum,16,4.875,0.0000,0.3125,0.3750,low,61.56,93.75,0.00,50.00,"평균별점 4.875, 리뷰 16건, 재구매율 0.0000, 프로필라벨율 0.3750"
prod_oy_a000000213383,더마라인,더마라인 디렉소 바이오 액티빙 PDRN 크림 100g,cream,16,5.000,0.1250,0.1250,0.0625,low,64.06,100.00,12.50,50.00,"평균별점 5.000, 리뷰 16건, 재구매율 0.1250, 프로필라벨율 0.0625"
prod_oy_a000000214258,키엘,키엘 속탄력 투명 에센스 30ml,serum,16,5.000,0.0000,0.1250,0.2500,low,62.50,100.00,0.00,50.00,"평균별점 5.000, 리뷰 16건, 재구매율 0.0000, 프로필라벨율 0.2500"
prod_oy_a000000218716,눅스,[저자극 로즈 토너+미니오일증정]눅스 베리로즈 리프레쉬 토너 200ml 기획,toner,16,4.438,0.0625,0.1875,0.3750,low,49.55,71.90,6.25,50.00,"평균별점 4.438, 리뷰 16건, 재구매율 0.0625, 프로필라벨율 0.3750"
prod_oy_a000000219985,몰바니,몰바니 율피 엑소좀 모공 타이트닝 토너 150ml,toner,16,4.500,0.0000,0.3125,0.5000,low,51.88,75.00,0.00,50.00,"평균별점 4.500, 리뷰 16건, 재구매율 0.0000, 프로필라벨율 0.5000"
prod_oy_a000000231459,허블룸,[NEW/뿌리는토너미스트] 허블룸 콤부차 플랜트 바이옴 토너 150ml,toner,16,4.938,0.0625,0.1875,0.5625,low,64.23,96.90,6.25,50.00,"평균별점 4.938, 리뷰 16건, 재구매율 0.0625, 프로필라벨율 0.5625"
prod_oy_a000000231970,라운드랩,[집중진정] 라운드랩 소나무 진정 시카 앰플 30ml 리필팩,serum,16,4.938,0.1875,0.0625,0.4375,low,64.86,96.90,18.75,50.00,"평균별점 4.938, 리뷰 16건, 재구매율 0.1875, 프로필라벨율 0.4375"
prod_oy_a000000241336,피캄,[60개 블루캡슐/수분볼륨 입체광] 피캄 PDRN 카페인 블루캡슐 60 크림 50ml,cream,16,4.625,0.0625,0.3750,0.3750,low,56.56,81.25,6.25,50.00,"평균별점 4.625, 리뷰 16건, 재구매율 0.0625, 프로필라벨율 0.3750"
prod_oy_a000000242945,메디힐,[NEW] 메디힐 PDRN 모공 탄력 더마 크림 50ml,cream,16,4.938,0.0000,0.1250,0.1875,low,60.48,96.90,0.00,50.00,"평균별점 4.938, 리뷰 16건, 재구매율 0.0000, 프로필라벨율 0.1875"
prod_oy_a000000244813,디마프,[원조버블세럼] 디마프 히어로 마이 퍼스트 세럼 50ml,serum,16,4.813,0.0000,0.1875,0.4375,low,58.92,90.65,0.00,50.00,"평균별점 4.813, 리뷰 16건, 재구매율 0.0000, 프로필라벨율 0.4375"
prod_oy_a000000247201,아벤느,아벤느 시칼파트 플러스 리페어 젤 30ml,serum,16,4.563,0.0000,0.0625,0.1875,low,49.55,78.15,0.00,50.00,"평균별점 4.563, 리뷰 16건, 재구매율 0.0000, 프로필라벨율 0.1875"
prod_oy_a000000252249,구달,[기미/흔적/색소침착] 구달 청귤 비타C E TXA 세럼 15ml,serum,16,4.875,0.0000,0.1250,0.3125,low,59.38,93.75,0.00,50.00,"평균별점 4.875, 리뷰 16건, 재구매율 0.0000, 프로필라벨율 0.3125"
prod_oy_a000000165366,AHC,AHC 허브솔루션 레몬 토너 500ml,toner,15,4.800,0.0000,0.5333,0.2667,low,61.17,90.00,0.00,50.00,"평균별점 4.800, 리뷰 15건, 재구매율 0.0000, 프로필라벨율 0.2667"
prod_oy_a000000171755,닥터하스킨,[수분충전/저자극] 닥터하스킨 미라클아토 하이드로 토너 150ml,toner,15,4.667,0.2667,0.2000,0.2667,low,59.51,83.35,26.67,50.00,"평균별점 4.667, 리뷰 15건, 재구매율 0.2667, 프로필라벨율 0.2667"
prod_oy_a000000184919,시모먼트,시모먼트 아이 리프팅 롤러 세럼 15ml,cream,15,4.467,0.0000,0.1333,0.6000,low,49.68,73.35,0.00,50.00,"평균별점 4.467, 리뷰 15건, 재구매율 0.0000, 프로필라벨율 0.6000"
prod_oy_a000000188598,조선미녀,조선미녀 붉은 팥 수분 워터 젤 100ml,toner,15,4.933,0.2667,0.2667,0.4667,low,68.49,96.65,26.67,50.00,"평균별점 4.933, 리뷰 15건, 재구매율 0.2667, 프로필라벨율 0.4667"
prod_oy_a000000191823,디마르3,[잡티케어] 디마르3 에트셀 멜라케어 크렘 65ml,cream,15,4.800,0.1333,0.4000,0.2667,low,62.50,90.00,13.33,50.00,"평균별점 4.800, 리뷰 15건, 재구매율 0.1333, 프로필라벨율 0.2667"
prod_oy_a000000207031,제나벨,제나벨 PDRN 리쥬비네이팅 토너 300ml,toner,15,4.800,0.0000,0.2000,0.4000,low,58.50,90.00,0.00,50.00,"평균별점 4.800, 리뷰 15건, 재구매율 0.0000, 프로필라벨율 0.4000"
prod_oy_a000000229511,지피덤,[장벽탄력/PDRN] 지피덤 셀트리온EGF 스킨베리어 하이드로 수분앰플 30ml,serum,15,4.467,0.1333,0.0667,0.2000,low,49.68,73.35,13.33,50.00,"평균별점 4.467, 리뷰 15건, 재구매율 0.1333, 프로필라벨율 0.2000"
prod_oy_a000000236325,러븀,러븀 그린 시트러스 비타민 씨 젤 크림 플러스 50ml,cream,15,4.600,0.0667,0.4000,0.4667,low,56.67,80.00,6.67,50.00,"평균별점 4.600, 리뷰 15건, 재구매율 0.0667, 프로필라벨율 0.4667"
prod_oy_a000000249381,메디큐브,[리뉴얼/여배우광크림]메디큐브 PDRN 핑크 콜라겐 캡슐크림 55g,cream,15,4.933,0.1333,0.1333,0.1333,low,62.82,96.65,13.33,50.00,"평균별점 4.933, 리뷰 15건, 재구매율 0.1333, 프로필라벨율 0.1333"
prod_oy_a000000257237,디마프,[꿀광앰플] 디마프 판테놀 30% 앰플 60ml,serum,15,5.000,0.0667,0.1333,0.5333,low,65.33,100.00,6.67,50.00,"평균별점 5.000, 리뷰 15건, 재구매율 0.0667, 프로필라벨율 0.5333"
prod_oy_a000000257698,달바,[26년 신형] 달바 비타 캡슐 세럼 나이아신아마이드 5퍼센트 100ml 기획,serum,15,4.867,0.0000,0.1333,0.2667,low,59.01,93.35,0.00,50.00,"평균별점 4.867, 리뷰 15건, 재구매율 0.0000, 프로필라벨율 0.2667"
prod_oy_a000000113009,셀린저,셀린저 리얼 토너 카렌듈라 200ml,toner,14,4.500,0.1429,0.0714,0.0714,low,50.18,75.00,14.29,50.00,"평균별점 4.500, 리뷰 14건, 재구매율 0.1429, 프로필라벨율 0.0714"
prod_oy_a000000178648,크리니크,크리니크 모이스춰 써지 하이드로 인퓨즈드 로션 200ml,toner,14,4.857,0.0714,0.2143,0.1429,low,60.35,92.85,7.14,50.00,"평균별점 4.857, 리뷰 14건, 재구매율 0.0714, 프로필라벨율 0.1429"
prod_oy_a000000198834,테라로직,테라로직 마데셀 더마 리페어 B5 토너 280ml,toner,14,4.286,0.2857,0.6429,0.1429,low,53.22,64.30,28.57,50.00,"평균별점 4.286, 리뷰 14건, 재구매율 0.2857, 프로필라벨율 0.1429"
prod_oy_a000000201152,차앤박,차앤박(CNP) 더마앤서 텐션 앵글핏 레티놀앰플 30ml,serum,14,4.929,0.0000,0.0000,0.5714,low,60.90,96.45,0.00,50.00,"평균별점 4.929, 리뷰 14건, 재구매율 0.0000, 프로필라벨율 0.5714"
prod_oy_a000000208721,스콧해미쉬,스콧해미쉬 블루 블렌디드 로션 에센스 180ml,lotion,14,5.000,0.0000,0.1429,0.2857,low,62.86,100.00,0.00,50.00,"평균별점 5.000, 리뷰 14건, 재구매율 0.0000, 프로필라벨율 0.2857"
prod_oy_a000000210054,아누아,아누아 복숭아 나이아신아마이드 인리치드 크림 50mL,cream,14,5.000,0.0000,0.1429,0.2143,low,62.50,100.00,0.00,50.00,"평균별점 5.000, 리뷰 14건, 재구매율 0.0000, 프로필라벨율 0.2143"
prod_oy_a000000213283,오드로이,오드로이 레티놀 0.03퍼센트 피어니 앰플 필리디 50ml,serum,14,4.071,0.0714,0.1429,0.2857,low,38.74,53.55,7.14,50.00,"평균별점 4.071, 리뷰 14건, 재구매율 0.0714, 프로필라벨율 0.2857"
prod_oy_a000000213953,연작,연작 카밍 앤 컴포팅 크림 60ml,cream,14,4.143,0.3571,0.2143,0.2143,low,46.79,57.15,35.71,50.00,"평균별점 4.143, 리뷰 14건, 재구매율 0.3571, 프로필라벨율 0.2143"
prod_oy_a000000224729,메이크프렘,메이크프렘 인테카 수딩크림 70ml,cream,14,4.571,0.0000,0.0714,0.3571,low,50.70,78.55,0.00,50.00,"평균별점 4.571, 리뷰 14건, 재구매율 0.0000, 프로필라벨율 0.3571"
prod_oy_a000000227984,유리아쥬,[피지/모공케어 로션] 유리아쥬 이제악 3-레귤+ 40ML,serum,14,4.857,0.0714,0.0714,0.2857,low,59.64,92.85,7.14,50.00,"평균별점 4.857, 리뷰 14건, 재구매율 0.0714, 프로필라벨율 0.2857"
prod_oy_a000000229455,셀라딕스,셀라딕스 트러블 세라 캡슐 131 크림 95ml,cream,14,4.500,0.2143,0.0714,0.2857,low,52.68,75.00,21.43,50.00,"평균별점 4.500, 리뷰 14건, 재구매율 0.2143, 프로필라벨율 0.2857"
prod_oy_a000000244286,아이디플라코스메틱,[붉은기진정] 아이디플라코스메틱 엑소브이 부스터 앰플 30ml,serum,14,4.929,0.0000,0.0000,0.5714,low,60.90,96.45,0.00,50.00,"평균별점 4.929, 리뷰 14건, 재구매율 0.0000, 프로필라벨율 0.5714"
prod_oy_a000000252119,코스노리,[NEW/장벽앰플] 코스노리 판테놀 베리어 앰플 10 50ml,serum,14,5.000,0.0000,0.0000,0.2857,low,61.43,100.00,0.00,50.00,"평균별점 5.000, 리뷰 14건, 재구매율 0.0000, 프로필라벨율 0.2857"
prod_oy_a000000176058,체이싱래빗,체이싱래빗 그린 골든 룰러 크림 100ml (피부장벽 진정크림),cream,13,4.846,0.0769,0.0769,0.2308,low,59.23,92.30,7.69,50.00,"평균별점 4.846, 리뷰 13건, 재구매율 0.0769, 프로필라벨율 0.2308"
prod_oy_a000000189586,헤라,헤라 하이드로 리플렉팅 토너 170ml,toner,13,4.923,0.1538,0.0769,0.3077,low,63.27,96.15,15.38,50.00,"평균별점 4.923, 리뷰 13건, 재구매율 0.1538, 프로필라벨율 0.3077"
prod_oy_a000000209640,티엘스,[4가지 일상 잡티 케어] 티엘스 레드 오렌지 나이아신아마이드 세럼 30ml,serum,13,4.692,0.0000,0.1538,0.2308,low,54.22,84.60,0.00,50.00,"평균별점 4.692, 리뷰 13건, 재구매율 0.0000, 프로필라벨율 0.2308"
prod_oy_a000000213324,더마펌,[나띠PICK][증정이벤트/진정세럼] 더마펌 수딩 리페어 세럼 R4 50ml 기획 (+크림 50ml),serum,13,4.538,0.0000,0.2308,0.2308,low,50.76,76.90,0.00,50.00,"평균별점 4.538, 리뷰 13건, 재구매율 0.0000, 프로필라벨율 0.2308"
prod_oy_a000000213693,아렌시아,[다이아 광채] 아렌시아 라이스 뮤신 글로우 세럼 30ml,serum,13,5.000,0.3077,0.5385,0.3846,low,73.46,100.00,30.77,50.00,"평균별점 5.000, 리뷰 13건, 재구매율 0.3077, 프로필라벨율 0.3846"
prod_oy_a000000214034,바이오던스,바이오던스 퍼스트 시너지 토너 150ml,toner,13,4.769,0.2308,0.0769,0.0769,low,59.42,88.45,23.08,50.00,"평균별점 4.769, 리뷰 13건, 재구매율 0.2308, 프로필라벨율 0.0769"
prod_oy_a000000218993,셀로라바이,[모공쫀쫀] 셀로라바이 포텐션 모공 리무버 세럼 30ml,serum,13,4.769,0.3846,0.0769,0.4615,low,64.42,88.45,38.46,50.00,"평균별점 4.769, 리뷰 13건, 재구매율 0.3846, 프로필라벨율 0.4615"
prod_oy_a000000219871,네오젠,[광채/보습/기미/잡티] 네오젠 더블 비타 스팟 토닝 세럼 30ml,serum,13,4.923,0.0769,0.1538,0.1538,low,61.73,96.15,7.69,50.00,"평균별점 4.923, 리뷰 13건, 재구매율 0.0769, 프로필라벨율 0.1538"
prod_oy_a000000221649,테라로직,[주름탄력]테라로직 레티날 주름탄력 크림 12g+앰플4ml 기획,cream,13,4.769,0.2308,0.2308,0.2308,low,61.73,88.45,23.08,50.00,"평균별점 4.769, 리뷰 13건, 재구매율 0.2308, 프로필라벨율 0.2308"
prod_oy_a000000221651,테라로직,[주름탄력]테라로직 레티날 주름탄력 앰플 30ml,serum,13,4.769,0.2308,0.2308,0.2308,low,61.73,88.45,23.08,50.00,"평균별점 4.769, 리뷰 13건, 재구매율 0.2308, 프로필라벨율 0.2308"
prod_oy_a000000233577,아렌시아,[NEW 화잘먹 피부 밀착 로션] 아렌시아 레드 스무디 로션 5 200ml,lotion,13,4.692,0.0000,0.1538,0.2308,low,54.22,84.60,0.00,50.00,"평균별점 4.692, 리뷰 13건, 재구매율 0.0000, 프로필라벨율 0.2308"
prod_oy_a000000248374,클리어디어,[화잘먹/속광부스터] 클리어디어 뮤신 미네랄 버블 퍼스트 에센스 60ml,serum,13,4.538,0.0769,0.1538,0.3077,low,51.91,76.90,7.69,50.00,"평균별점 4.538, 리뷰 13건, 재구매율 0.0769, 프로필라벨율 0.3077"
prod_oy_a000000250531,아임프롬,[단독기획] 아임프롬 머그워트 에센스 150ml 1+1,serum,13,5.000,0.0000,0.3846,0.3077,low,65.38,100.00,0.00,50.00,"평균별점 5.000, 리뷰 13건, 재구매율 0.0000, 프로필라벨율 0.3077"
prod_oy_a000000104151,크리니크,크리니크 안티-블레미쉬 솔루션 크리니컬 클리어링 젤 15ml,serum,12,4.750,0.0000,0.1667,0.1667,low,55.63,87.50,0.00,50.00,"평균별점 4.750, 리뷰 12건, 재구매율 0.0000, 프로필라벨율 0.1667"
prod_oy_a000000155413,더말로지카,[뿌리는 쫀쫀거품 토너] 더말로지카 3 in 1 멀티-액티브 토너 50ml (쿨링/진정/수분),toner,12,4.583,0.0000,0.0833,0.2500,low,50.62,79.15,0.00,50.00,"평균별점 4.583, 리뷰 12건, 재구매율 0.0000, 프로필라벨율 0.2500"
prod_oy_a000000158475,시카고,[시카스팟겔] 시카고 시카 스팟 겔 25g,cream,12,4.333,0.0000,0.1667,0.2500,low,44.57,66.65,0.00,50.00,"평균별점 4.333, 리뷰 12건, 재구매율 0.0000, 프로필라벨율 0.2500"
prod_oy_a000000163106,록시땅,록시땅 시어 버터 울트라 리치 페이스 크림 50ml,cream,12,4.917,0.2500,0.3333,0.4167,low,68.13,95.85,25.00,50.00,"평균별점 4.917, 리뷰 12건, 재구매율 0.2500, 프로필라벨율 0.4167"
prod_oy_a000000185367,배드스킨,배드스킨 콜라겐 밤 하이리프팅 크림100ml,cream,12,4.833,0.1667,0.4167,0.0833,low,63.33,91.65,16.67,50.00,"평균별점 4.833, 리뷰 12건, 재구매율 0.1667, 프로필라벨율 0.0833"
prod_oy_a000000189587,헤라,헤라 하이드로 리플렉팅 마이크로 크림 50ml,cream,12,5.000,0.1667,0.0000,0.1667,low,64.17,100.00,16.67,50.00,"평균별점 5.000, 리뷰 12건, 재구매율 0.1667, 프로필라벨율 0.1667"
prod_oy_a000000198853,테라로직,테라로직 피토세라 프로 안티옥시던트 10X 탄력리프팅 크림 50ml,cream,12,4.750,0.3333,0.0000,0.4167,low,61.87,87.50,33.33,50.00,"평균별점 4.750, 리뷰 12건, 재구매율 0.3333, 프로필라벨율 0.4167"
prod_oy_a000000204454,조선미녀,조선미녀 청매실 AHABHA 토너 150ml,toner,12,4.500,0.0000,0.0833,0.3333,low,48.75,75.00,0.00,50.00,"평균별점 4.500, 리뷰 12건, 재구매율 0.0000, 프로필라벨율 0.3333"
prod_oy_a000000214031,바이오던스,바이오던스 스킨 글로우 바이탈 앰플 30ml,serum,12,4.667,0.1667,0.0833,0.1667,low,55.84,83.35,16.67,50.00,"평균별점 4.667, 리뷰 12건, 재구매율 0.1667, 프로필라벨율 0.1667"
prod_oy_a000000218992,셀로라바이,[속보습/흔적케어] 셀로라바이 4GF 더마 리페어 하이드로 세럼 30ml,serum,12,4.833,0.1667,0.0000,0.2500,low,59.99,91.65,16.67,50.00,"평균별점 4.833, 리뷰 12건, 재구매율 0.1667, 프로필라벨율 0.2500"
prod_oy_a000000218994,아렌시아,아렌시아 레드 스무디 세럼 30 50g,serum,12,4.750,0.0000,0.1667,0.1667,low,55.63,87.50,0.00,50.00,"평균별점 4.750, 리뷰 12건, 재구매율 0.0000, 프로필라벨율 0.1667"
prod_oy_a000000227664,아비브,아비브 글루타치온좀 잡티 크림 비타 튜브 75ml,cream,12,4.583,0.0833,0.0833,0.1667,low,51.87,79.15,8.33,50.00,"평균별점 4.583, 리뷰 12건, 재구매율 0.0833, 프로필라벨율 0.1667"
prod_oy_a000000229286,랑콤,랑콤 토닉 꽁포르 토너 200ml/400ml,toner,12,4.917,0.0000,0.1667,0.5000,low,61.88,95.85,0.00,50.00,"평균별점 4.917, 리뷰 12건, 재구매율 0.0000, 프로필라벨율 0.5000"
prod_oy_a000000230515,라운드랩,[캡슐토닝] 라운드랩 비타 나이아신 글로우 캡슐 크림 50ml,cream,12,4.917,0.1667,0.0000,0.3333,low,62.72,95.85,16.67,50.00,"평균별점 4.917, 리뷰 12건, 재구매율 0.1667, 프로필라벨율 0.3333"
prod_oy_a000000248990,rdrd,[NEW] rdrd 그린 애플 락토 리밸런싱 세럼 30ml,serum,12,4.583,0.0000,0.0000,0.3333,low,50.20,79.15,0.00,50.00,"평균별점 4.583, 리뷰 12건, 재구매율 0.0000, 프로필라벨율 0.3333"
prod_oy_a000000251819,가쉬,[모공결/피지케어] 가쉬 타겟티드 포어 겔 미스트 100ml,toner,12,4.833,0.0000,0.0000,0.2500,low,56.66,91.65,0.00,50.00,"평균별점 4.833, 리뷰 12건, 재구매율 0.0000, 프로필라벨율 0.2500"
prod_oy_a000000113008,셀린저,셀린저 리얼 토너 씨벅톤 200ml,toner,11,4.273,0.0909,0.0000,0.0909,low,42.28,63.65,9.09,50.00,"평균별점 4.273, 리뷰 11건, 재구매율 0.0909, 프로필라벨율 0.0909"
prod_oy_a000000115386,크리니크,크리니크 드라마티컬리 디퍼런트 하이드레이팅 젤리 125ml,lotion,11,4.545,0.0000,0.1818,0.3636,low,51.12,77.25,0.00,50.00,"평균별점 4.545, 리뷰 11건, 재구매율 0.0000, 프로필라벨율 0.3636"
prod_oy_a000000144051,폴라초이스,폴라초이스 스킨 퍼펙팅 8% 아하 젤 각질제거제 100ml,serum,11,4.364,0.0000,0.3636,0.1818,low,47.05,68.20,0.00,50.00,"평균별점 4.364, 리뷰 11건, 재구매율 0.0000, 프로필라벨율 0.1818"
prod_oy_a000000156776,블리블리,블리블리 인진쑥 밸런스 에센스 150ml,serum,11,4.818,0.0000,0.0000,0.1818,low,55.90,90.90,0.00,50.00,"평균별점 4.818, 리뷰 11건, 재구매율 0.0000, 프로필라벨율 0.1818"
prod_oy_a000000165562,베리홉,베리홉 에잇 데이즈 퓨어 비타민 씨 앰플 엑스퍼트 15g,serum,11,4.273,0.1818,0.0909,0.3636,low,46.37,63.65,18.18,50.00,"평균별점 4.273, 리뷰 11건, 재구매율 0.1818, 프로필라벨율 0.3636"
prod_oy_a000000168269,미구하라,미구하라 울트라 화이트닝 퍼펙션 스킨 오리진 400ml,toner,11,4.909,0.0909,0.5455,0.2727,low,66.13,95.45,9.09,50.00,"평균별점 4.909, 리뷰 11건, 재구매율 0.0909, 프로필라벨율 0.2727"
prod_oy_a000000200181,닥터하우쉬카,닥터하우쉬카 로즈 데이 크림 오리지널 30ml,cream,11,4.636,0.0909,0.0000,0.3636,low,53.63,81.80,9.09,50.00,"평균별점 4.636, 리뷰 11건, 재구매율 0.0909, 프로필라벨율 0.3636"
prod_oy_a000000209588,VT,[NEW/기미잡티케어] VT 티엑스토닝 토너 200ml,toner,11,4.727,0.0000,0.3636,0.4545,low,58.40,86.35,0.00,50.00,"평균별점 4.727, 리뷰 11건, 재구매율 0.0000, 프로필라벨율 0.4545"
prod_oy_a000000210180,피토메르,피토메르 올리고포스 세럼 이드라땅 어드밴스드 30ml,serum,11,5.000,0.0909,0.2727,0.2727,low,65.91,100.00,9.09,50.00,"평균별점 5.000, 리뷰 11건, 재구매율 0.0909, 프로필라벨율 0.2727"
prod_oy_a000000220039,디오디너리,[수분컨디셔닝] 디오디너리 멀티-액티브 딜리버리 에센스 100ml,serum,11,4.545,0.0000,0.2727,0.4545,low,52.49,77.25,0.00,50.00,"평균별점 4.545, 리뷰 11건, 재구매율 0.0000, 프로필라벨율 0.4545"
prod_oy_a000000222739,마몽드,마몽드 맨 리차징 토너 180ml,toner,11,4.909,0.0000,0.2727,0.2727,low,61.59,95.45,0.00,50.00,"평균별점 4.909, 리뷰 11건, 재구매율 0.0000, 프로필라벨율 0.2727"
prod_oy_a000000225188,로벡틴,[잡티흔적케어/광채 PDRN] 로벡틴 비타 더블 토닝 크림 50ml,cream,11,4.727,0.1818,0.3636,0.3636,low,61.58,86.35,18.18,50.00,"평균별점 4.727, 리뷰 11건, 재구매율 0.1818, 프로필라벨율 0.3636"
prod_oy_a000000229470,정샘물,[결정돈토너] 정샘물 에센셜 물 토너 200ml,toner,11,4.818,0.0000,0.0000,0.1818,low,55.90,90.90,0.00,50.00,"평균별점 4.818, 리뷰 11건, 재구매율 0.0000, 프로필라벨율 0.1818"
prod_oy_a000000229488,아이오페,[NEW] 아이오페 XMD 스템3 클리니컬 리커버리 에멀전 130ml,lotion,11,4.818,0.0909,0.2727,0.2727,low,60.90,90.90,9.09,50.00,"평균별점 4.818, 리뷰 11건, 재구매율 0.0909, 프로필라벨율 0.2727"
prod_oy_a000000252197,플로위,[유니 PICK] 플로위 PDRN 액티브 베리어 크림 50ml,cream,11,5.000,0.0000,0.0909,0.5455,low,63.64,100.00,0.00,50.00,"평균별점 5.000, 리뷰 11건, 재구매율 0.0000, 프로필라벨율 0.5455"
prod_oy_a000000254553,퓨어그램,[NEW] 퓨어그램 오리진 부스터샷 300 앰플 30ml,serum,11,4.727,0.0000,0.1818,0.3636,low,56.13,86.35,0.00,50.00,"평균별점 4.727, 리뷰 11건, 재구매율 0.0000, 프로필라벨율 0.3636"
prod_oy_a000000255625,코스알엑스,코스알엑스 더 블루 펩타이드 바쿠치올 플럼프 바운스 크림 50g,cream,11,4.818,0.0000,0.2727,0.5455,low,60.45,90.90,0.00,50.00,"평균별점 4.818, 리뷰 11건, 재구매율 0.0000, 프로필라벨율 0.5455"
prod_oy_a000000144041,폴라초이스,폴라초이스 스킨 발란싱 수분 젤 60ml,lotion,10,4.400,0.3000,0.1000,0.1000,low,51.00,70.00,30.00,50.00,"평균별점 4.400, 리뷰 10건, 재구매율 0.3000, 프로필라벨율 0.1000"
prod_oy_a000000156792,블리블리,블리블리 워터 물광밤 50g,cream,10,4.800,0.2000,0.2000,0.1000,low,61.00,90.00,20.00,50.00,"평균별점 4.800, 리뷰 10건, 재구매율 0.2000, 프로필라벨율 0.1000"
prod_oy_a000000164571,믹순,믹순 콩 스틱 밤 11.5ml,cream,10,4.600,0.0000,0.0000,0.1000,low,49.50,80.00,0.00,50.00,"평균별점 4.600, 리뷰 10건, 재구매율 0.0000, 프로필라벨율 0.1000"
prod_oy_a000000167843,클럽맨피노드,클럽맨피노드 드래곤 노어 오데토일렛 414ml,toner,10,4.800,0.4000,0.5000,0.1000,low,68.00,90.00,40.00,50.00,"평균별점 4.800, 리뷰 10건, 재구매율 0.4000, 프로필라벨율 0.1000"
prod_oy_a000000170016,피캄,"[4중 모공 개선/병풀추출물 7,793ppm] 피캄 포시카 앰플 30ml",serum,10,4.900,0.1000,0.5000,0.3000,low,65.75,95.00,10.00,50.00,"평균별점 4.900, 리뷰 10건, 재구매율 0.1000, 프로필라벨율 0.3000"
prod_oy_a000000174707,일소,[수부지 화잘먹 크림] 일소 데일리 모이스처 푸딩 크림 50ml,cream,10,4.600,0.2000,0.1000,0.2000,low,55.00,80.00,20.00,50.00,"평균별점 4.600, 리뷰 10건, 재구매율 0.2000, 프로필라벨율 0.2000"
prod_oy_a000000181193,닥터자르트,[강력진정/산뜻보습] 닥터자르트 시카페어 인텐시브 수딩 리페어 트리트먼트 로션 150ml,toner,10,4.600,0.0000,0.1000,0.3000,low,51.50,80.00,0.00,50.00,"평균별점 4.600, 리뷰 10건, 재구매율 0.0000, 프로필라벨율 0.3000"
prod_oy_a000000209092,랩시리즈,랩시리즈 데일리 레스큐 에너자이징 젤크림 50ml,cream,10,5.000,0.6000,0.0000,0.0000,low,72.00,100.00,60.00,50.00,"평균별점 5.000, 리뷰 10건, 재구매율 0.6000, 프로필라벨율 0.0000"
prod_oy_a000000209641,티엘스,[첫 단계 톤업 케어] 티엘스 레드 오렌지 나이아신아마이드 토너 150ml,toner,10,4.800,0.0000,0.4000,0.2000,low,59.50,90.00,0.00,50.00,"평균별점 4.800, 리뷰 10건, 재구매율 0.0000, 프로필라벨율 0.2000"
prod_oy_a000000214159,키엘,키엘 칼렌듈라 세럼-인퓨즈드 워터 크림 50ml,cream,10,4.400,0.0000,0.1000,0.1000,low,45.00,70.00,0.00,50.00,"평균별점 4.400, 리뷰 10건, 재구매율 0.0000, 프로필라벨율 0.1000"
prod_oy_a000000224042,아누아,아누아 7 라이스 세라마이드 하이드레이팅 베리어 세럼 50ml,serum,10,4.900,0.1000,0.2000,0.2000,low,62.25,95.00,10.00,50.00,"평균별점 4.900, 리뷰 10건, 재구매율 0.1000, 프로필라벨율 0.2000"
prod_oy_a000000229487,아이오페,[NEW] 아이오페 XMD 스템3 클리니컬 리커버리 소프너 130ml,toner,10,4.800,0.0000,0.0000,0.3000,low,56.00,90.00,0.00,50.00,"평균별점 4.800, 리뷰 10건, 재구매율 0.0000, 프로필라벨율 0.3000"
prod_oy_a000000231089,웰라쥬,[NEW/수분광채] 웰라쥬 하이퍼 PDRN 리페어 앰플 30ml,serum,10,4.900,0.2000,0.1000,0.3000,low,63.75,95.00,20.00,50.00,"평균별점 4.900, 리뷰 10건, 재구매율 0.2000, 프로필라벨율 0.3000"
prod_oy_a000000233463,메디필,[기미잡티] 메디필 멜라논엑스 앰플 RX 30ml,serum,10,4.600,0.2000,0.2000,0.3000,low,56.50,80.00,20.00,50.00,"평균별점 4.600, 리뷰 10건, 재구매율 0.2000, 프로필라벨율 0.3000"
prod_oy_a000000246660,오브제,[수분 진정토너] 오브제 맥스 수딩 토너 500ml,toner,10,5.000,0.0000,0.0000,0.6000,low,63.00,100.00,0.00,50.00,"평균별점 5.000, 리뷰 10건, 재구매율 0.0000, 프로필라벨율 0.6000"
prod_oy_a000000250229,세포랩,[7월 올영픽] 세포랩 바이오제닉 모이스처라이저 80ml,lotion,10,4.900,0.0000,0.1000,0.4000,low,60.25,95.00,0.00,50.00,"평균별점 4.900, 리뷰 10건, 재구매율 0.0000, 프로필라벨율 0.4000"
prod_oy_a000000151831,달팡,달팡 인트랄 수딩 크림 50ml,cream,9,4.889,0.3333,0.0000,0.8889,very_low,65.56,94.45,33.33,25.00,"평균별점 4.889, 리뷰 9건, 재구매율 0.3333, 프로필라벨율 0.8889"
prod_oy_a000000159598,베리홉,베리홉 에잇 데이즈 퓨어 비타민 씨 크림 50ml,cream,9,3.889,0.0000,0.4444,0.4444,very_low,33.61,44.45,0.00,25.00,"평균별점 3.889, 리뷰 9건, 재구매율 0.0000, 프로필라벨율 0.4444"
prod_oy_a000000186191,디오디너리,[보습젤] 디오디너리 내추럴 모이스처라이징 팩터스 + 베타 글루칸 100ml,cream,9,4.444,0.2222,0.1111,0.2222,very_low,48.88,72.20,22.22,25.00,"평균별점 4.444, 리뷰 9건, 재구매율 0.2222, 프로필라벨율 0.2222"
prod_oy_a000000205919,디오디너리,[수분보습] 디오디너리 사카로미세스 퍼멘트 30% 밀키 토너 100ml,toner,9,4.333,0.0000,0.2222,0.3333,very_low,43.05,66.65,0.00,25.00,"평균별점 4.333, 리뷰 9건, 재구매율 0.0000, 프로필라벨율 0.3333"
prod_oy_a000000211218,믹순,믹순 병풀 토너 300ml,toner,9,4.889,0.1111,0.0000,0.2222,very_low,57.78,94.45,11.11,25.00,"평균별점 4.889, 리뷰 9건, 재구매율 0.1111, 프로필라벨율 0.2222"
prod_oy_a000000213282,오드로이,[모공탄력 리프팅] 카르노신 콜라겐수 78만ppm 세럼,serum,9,4.889,0.1111,0.0000,0.2222,very_low,57.78,94.45,11.11,25.00,"평균별점 4.889, 리뷰 9건, 재구매율 0.1111, 프로필라벨율 0.2222"
prod_oy_a000000213411,반코르,반코르 닥터 라디아타 잡티세럼 로토 30ml,serum,9,4.444,0.1111,0.2222,0.1111,very_low,47.21,72.20,11.11,25.00,"평균별점 4.444, 리뷰 9건, 재구매율 0.1111, 프로필라벨율 0.1111"
prod_oy_a000000213968,연작,연작 전초 컨센트레이트 40ml,serum,9,5.000,0.1111,0.0000,0.1111,very_low,60.28,100.00,11.11,25.00,"평균별점 5.000, 리뷰 9건, 재구매율 0.1111, 프로필라벨율 0.1111"
prod_oy_a000000214141,키엘,키엘 칼렌듈라 에멀전 125ml,lotion,9,3.778,0.0000,0.1111,0.3333,very_low,26.67,38.90,0.00,25.00,"평균별점 3.778, 리뷰 9건, 재구매율 0.0000, 프로필라벨율 0.3333"
prod_oy_a000000219713,도미나스,도미나스 앳클리닉 보르피린 링클 샷 앰플 30ml,serum,9,4.889,0.2222,0.3333,0.0000,very_low,62.22,94.45,22.22,25.00,"평균별점 4.889, 리뷰 9건, 재구매율 0.2222, 프로필라벨율 0.0000"
prod_oy_a000000225909,리엔케이,[NEW] 리엔케이 하이퍼 히알 플럼핑 앰플 100ml,serum,9,5.000,0.3333,0.3333,0.3333,very_low,69.17,100.00,33.33,25.00,"평균별점 5.000, 리뷰 9건, 재구매율 0.3333, 프로필라벨율 0.3333"
prod_oy_a000000227666,아비브,아비브 글루타치온좀 잡티 토너 스킨부스터 200ml,toner,9,4.444,0.1111,0.1111,0.2222,very_low,46.65,72.20,11.11,25.00,"평균별점 4.444, 리뷰 9건, 재구매율 0.1111, 프로필라벨율 0.2222"
prod_oy_a000000229191,울트라브이,울트라브이 이데베논 프레스티지 앰플 10ml,serum,9,4.556,0.1111,0.2222,0.3333,very_low,51.40,77.80,11.11,25.00,"평균별점 4.556, 리뷰 9건, 재구매율 0.1111, 프로필라벨율 0.3333"
prod_oy_a000000244812,디마프,[장벽크림] 디마프 크림스컴트루 스쿠알란 베리어 리페어 크림 50ml,cream,9,5.000,0.0000,0.2222,0.2222,very_low,60.83,100.00,0.00,25.00,"평균별점 5.000, 리뷰 9건, 재구매율 0.0000, 프로필라벨율 0.2222"
prod_oy_a000000247186,듀이트리,[시카PDRN/장벽크림] 듀이트리 AC 딥 장벽 진정 보습 크림 60ml,cream,9,4.111,0.0000,0.2222,0.1111,very_low,35.83,55.55,0.00,25.00,"평균별점 4.111, 리뷰 9건, 재구매율 0.0000, 프로필라벨율 0.1111"
prod_oy_a000000248985,rdrd,[NEW] rdrd 골드 애플 락토 흔적 팝핑 토너 95g,toner,9,4.556,0.0000,0.0000,0.4444,very_low,47.51,77.80,0.00,25.00,"평균별점 4.556, 리뷰 9건, 재구매율 0.0000, 프로필라벨율 0.4444"
prod_oy_a000000254543,닥터엘시아,닥터엘시아 345 릴리프 세럼 30ml,serum,9,4.556,0.0000,0.0000,0.4444,very_low,47.51,77.80,0.00,25.00,"평균별점 4.556, 리뷰 9건, 재구매율 0.0000, 프로필라벨율 0.4444"
prod_oy_a000000257713,달바,[26년 신형] 달바 비타 캡슐 크림 나이아신아마이드 5퍼센트 55g 기획 (+10g),cream,9,4.778,0.0000,0.3333,0.1111,very_low,55.28,88.90,0.00,25.00,"평균별점 4.778, 리뷰 9건, 재구매율 0.0000, 프로필라벨율 0.1111"
prod_oy_a000000006014,이아소,[닥터이아소] 트리플 엠 하이드레이팅 크림,cream,8,4.625,0.3750,0.0000,0.2500,very_low,55.94,81.25,37.50,25.00,"평균별점 4.625, 리뷰 8건, 재구매율 0.3750, 프로필라벨율 0.2500"
prod_oy_a000000144119,애즈이즈투비,애즈이즈투비 마린 콜라겐 81 세럼 50ml,serum,8,4.375,0.1250,0.2500,0.0000,very_low,45.31,68.75,12.50,25.00,"평균별점 4.375, 리뷰 8건, 재구매율 0.1250, 프로필라벨율 0.0000"
prod_oy_a000000164628,엠브리올리스,엠브리올리스 레 크렘 센시티브 100ml,cream,8,4.250,0.0000,0.1250,0.5000,very_low,40.63,62.50,0.00,25.00,"평균별점 4.250, 리뷰 8건, 재구매율 0.0000, 프로필라벨율 0.5000"
prod_oy_a000000187243,빌리프,빌리프 맨올로지101 스마트 모이스춰 익스트림 100ml,lotion,8,4.875,0.1250,0.2500,0.1250,very_low,59.69,93.75,12.50,25.00,"평균별점 4.875, 리뷰 8건, 재구매율 0.1250, 프로필라벨율 0.1250"
prod_oy_a000000211862,딕셔니스트,[200시간크림] 딕셔니스트 아미노산 크림 50ml *,cream,8,5.000,0.0000,0.1250,0.2500,very_low,60.00,100.00,0.00,25.00,"평균별점 5.000, 리뷰 8건, 재구매율 0.0000, 프로필라벨율 0.2500"
prod_oy_a000000213226,스킨푸드,[쫀득물착앰플] 스킨푸드 블루 캐모마일 히알루로닉 앰플 50ml,serum,8,4.500,0.0000,0.3750,0.6250,very_low,50.63,75.00,0.00,25.00,"평균별점 4.500, 리뷰 8건, 재구매율 0.0000, 프로필라벨율 0.6250"
prod_oy_a000000213285,오드로이,오드로이 76퍼센트 캑터스 세럼 로프디 50ml,serum,8,4.750,0.0000,0.2500,0.5000,very_low,55.63,87.50,0.00,25.00,"평균별점 4.750, 리뷰 8건, 재구매율 0.0000, 프로필라벨율 0.5000"
prod_oy_a000000214260,키엘,[매끈 화잘먹 에센스] 키엘 결광 프리 에센스 30ml,serum,8,4.625,0.1250,0.0000,0.3750,very_low,51.56,81.25,12.50,25.00,"평균별점 4.625, 리뷰 8건, 재구매율 0.1250, 프로필라벨율 0.3750"
prod_oy_a000000216054,스킨푸드,[NEW/매끈결광] 스킨푸드 블랙슈가 퍼펙트 첫세럼 더 에센셜 150ml,serum,8,5.000,0.0000,0.3750,0.3750,very_low,63.13,100.00,0.00,25.00,"평균별점 5.000, 리뷰 8건, 재구매율 0.0000, 프로필라벨율 0.3750"
prod_oy_a000000219128,셀올로지,셀올로지 블루 이레이저 세럼 15ml (세럼/리필2입),serum,8,4.250,0.0000,0.1250,0.0000,very_low,38.13,62.50,0.00,25.00,"평균별점 4.250, 리뷰 8건, 재구매율 0.0000, 프로필라벨율 0.0000"
prod_oy_a000000219137,셀올로지,셀올로지 블루 이레이저 크림 50ml,cream,8,4.250,0.0000,0.1250,0.0000,very_low,38.13,62.50,0.00,25.00,"평균별점 4.250, 리뷰 8건, 재구매율 0.0000, 프로필라벨율 0.0000"
prod_oy_a000000224040,아누아,아누아 라이스 70 글로우 밀키 토너 250ml,toner,8,4.000,0.0000,0.0000,0.6250,very_low,33.13,50.00,0.00,25.00,"평균별점 4.000, 리뷰 8건, 재구매율 0.0000, 프로필라벨율 0.6250"
prod_oy_a000000227409,디오디너리,[브라이트닝] 디오디너리 알파 알부틴 2% + HA 60ml,serum,8,4.875,0.1250,0.2500,0.0000,very_low,59.06,93.75,12.50,25.00,"평균별점 4.875, 리뷰 8건, 재구매율 0.1250, 프로필라벨율 0.0000"
prod_oy_a000000237954,퓨리토 서울,퓨리토 서울 마이티 밤부 판테놀 크림 100ml,cream,8,5.000,0.0000,0.1250,0.6250,very_low,61.88,100.00,0.00,25.00,"평균별점 5.000, 리뷰 8건, 재구매율 0.0000, 프로필라벨율 0.6250"
prod_oy_a000000243473,아렌시아,[차세대 레티놀 / 피부 텐션] 아렌시아 레틴알 부스터 샷 30ml,serum,8,4.750,0.0000,0.0000,0.6250,very_low,53.75,87.50,0.00,25.00,"평균별점 4.750, 리뷰 8건, 재구매율 0.0000, 프로필라벨율 0.6250"
prod_oy_a000000246591,더마젼시,[트러블진정템] 더마젼시 제로카 81 크림 60ml,cream,8,4.375,0.0000,0.1250,0.2500,very_low,42.81,68.75,0.00,25.00,"평균별점 4.375, 리뷰 8건, 재구매율 0.0000, 프로필라벨율 0.2500"
prod_oy_a000000248401,네오젠,[청담샵 Pick/화잘먹크림] 네오젠 넥스트 글로우 수분 크림 50ml (+유리알 광채 세럼20ml 증정),cream,8,4.625,0.0000,0.0000,0.5000,very_low,49.69,81.25,0.00,25.00,"평균별점 4.625, 리뷰 8건, 재구매율 0.0000, 프로필라벨율 0.5000"
prod_oy_a000000248991,rdrd,[NEW] rdrd 골드 애플 락토 흔적 세럼 30ml,serum,8,4.375,0.0000,0.0000,0.3750,very_low,42.19,68.75,0.00,25.00,"평균별점 4.375, 리뷰 8건, 재구매율 0.0000, 프로필라벨율 0.3750"
prod_oy_a000000252198,플로위,플로위 PDRN 트리플 코어 앰플 30ml,serum,8,5.000,0.0000,0.5000,0.5000,very_low,65.00,100.00,0.00,25.00,"평균별점 5.000, 리뷰 8건, 재구매율 0.0000, 프로필라벨율 0.5000"
prod_oy_a000000253578,에이프릴스킨,[트러블진정/쿨링수분/화잘먹] 에이스 머그워트 센텔라 카밍 앰플,serum,8,4.750,0.1250,0.0000,0.2500,very_low,54.38,87.50,12.50,25.00,"평균별점 4.750, 리뷰 8건, 재구매율 0.1250, 프로필라벨율 0.2500"
prod_oy_a000000255290,블랑네이처,[촉촉진정/대용량] 블랑네이처 9배 고농축 어성초 토너 300ml,toner,8,5.000,0.0000,0.0000,1.0000,very_low,62.50,100.00,0.00,25.00,"평균별점 5.000, 리뷰 8건, 재구매율 0.0000, 프로필라벨율 1.0000"
prod_oy_a000000257096,넘버즈인,넘버즈인 3번 보들보들 모공결 세럼 30ml,serum,8,4.875,0.0000,0.1250,0.5000,very_low,57.81,93.75,0.00,25.00,"평균별점 4.875, 리뷰 8건, 재구매율 0.0000, 프로필라벨율 0.5000"
prod_oy_a000000144120,애즈이즈투비,애즈이즈투비 아쿠아 부스팅 크림 50ml,cream,7,4.714,0.7143,0.0000,0.0000,very_low,63.92,85.70,71.43,25.00,"평균별점 4.714, 리뷰 7건, 재구매율 0.7143, 프로필라벨율 0.0000"
prod_oy_a000000159596,베리홉,베리홉 아하 바하 파하 리파이닝 부스트 세럼 15g,serum,7,3.286,0.2857,0.2857,0.1429,very_low,19.65,14.30,28.57,25.00,"평균별점 3.286, 리뷰 7건, 재구매율 0.2857, 프로필라벨율 0.1429"
prod_oy_a000000159747,바비브라운,바비브라운 엑스트라 리페어 모이스춰 크림 인텐스 50ml,cream,7,5.000,0.2857,0.1429,0.2857,very_low,66.07,100.00,28.57,25.00,"평균별점 5.000, 리뷰 7건, 재구매율 0.2857, 프로필라벨율 0.2857"
prod_oy_a000000171034,EGF올로지,이지에프올로지 인헨싱 밸런싱 로션 50ml,lotion,7,5.000,0.5714,0.7143,0.2857,very_low,77.50,100.00,57.14,25.00,"평균별점 5.000, 리뷰 7건, 재구매율 0.5714, 프로필라벨율 0.2857"
prod_oy_a000000185306,휴캄,휴캄 킨츠키 탄력 크림 70g,cream,7,4.857,0.1429,0.2857,0.2857,very_low,60.71,92.85,14.29,25.00,"평균별점 4.857, 리뷰 7건, 재구매율 0.1429, 프로필라벨율 0.2857"
prod_oy_a000000208986,우노,[촉촉스킨] 우노 스킨 세럼 워터 200ml,toner,7,4.714,0.0000,0.5714,0.4286,very_low,57.49,85.70,0.00,25.00,"평균별점 4.714, 리뷰 7건, 재구매율 0.0000, 프로필라벨율 0.4286"
prod_oy_a000000213410,반코르,반코르 닥터 스쿠알란 속보습 앰플 50ml,serum,7,5.000,0.0000,0.1429,0.2857,very_low,60.36,100.00,0.00,25.00,"평균별점 5.000, 리뷰 7건, 재구매율 0.0000, 프로필라벨율 0.2857"
prod_oy_a000000213952,연작,연작 카밍 앤 컴포팅 앰플 40ml,serum,7,4.429,0.1429,0.0000,0.7143,very_low,48.23,71.45,14.29,25.00,"평균별점 4.429, 리뷰 7건, 재구매율 0.1429, 프로필라벨율 0.7143"
prod_oy_a000000222740,마몽드,마몽드 맨 리차징 로션 150ml,lotion,7,4.857,0.0000,0.4286,0.1429,very_low,58.57,92.85,0.00,25.00,"평균별점 4.857, 리뷰 7건, 재구매율 0.0000, 프로필라벨율 0.1429"
prod_oy_a000000223622,숨37,[NEW] 숨37 시크릿 멀티밤 7g,cream,7,4.714,0.0000,0.2857,0.1429,very_low,53.21,85.70,0.00,25.00,"평균별점 4.714, 리뷰 7건, 재구매율 0.0000, 프로필라벨율 0.1429"
prod_oy_a000000224041,아누아,아누아 라이스 70 인텐시브 모이스처라이징 밀크 150ml,lotion,7,5.000,0.1429,0.0000,0.2857,very_low,61.79,100.00,14.29,25.00,"평균별점 5.000, 리뷰 7건, 재구매율 0.1429, 프로필라벨율 0.2857"
prod_oy_a000000224344,스킨1004,스킨1004 마다가스카르 센텔라 프로바이오시카 인리치 크림 50ml,serum,7,4.429,0.1429,0.2857,0.1429,very_low,48.23,71.45,14.29,25.00,"평균별점 4.429, 리뷰 7건, 재구매율 0.1429, 프로필라벨율 0.1429"
prod_oy_a000000229220,랑콤,랑콤 제니피끄 세럼 50ml 단품/리필,serum,7,4.429,0.0000,0.1429,0.1429,very_low,43.94,71.45,0.00,25.00,"평균별점 4.429, 리뷰 7건, 재구매율 0.0000, 프로필라벨율 0.1429"
prod_oy_a000000235303,리덴스,[잡티미백] 리덴스 톤앤스팟 리커버리 크림 80ml,cream,7,4.286,0.0000,0.1429,0.5714,very_low,42.15,64.30,0.00,25.00,"평균별점 4.286, 리뷰 7건, 재구매율 0.0000, 프로필라벨율 0.5714"
prod_oy_a000000243754,나인위시스,[화잘먹수딩크림] 나인위시스 비건 하이드라 앰플 수딩 크림 80ml 더블 기획,cream,7,4.571,0.0000,0.1429,0.1429,very_low,47.85,78.55,0.00,25.00,"평균별점 4.571, 리뷰 7건, 재구매율 0.0000, 프로필라벨율 0.1429"
prod_oy_a000000246579,톰,"[트러블, 진정] 톰 엑소좀 부스트 앰플 50g",serum,7,4.286,0.0000,0.0000,0.2857,very_low,39.29,64.30,0.00,25.00,"평균별점 4.286, 리뷰 7건, 재구매율 0.0000, 프로필라벨율 0.2857"
prod_oy_a000000248120,나노레시피,"나노레시피 연어 PDRN 100,000ppm 앰플 10ml",serum,7,4.857,0.0000,0.0000,0.4286,very_low,55.71,92.85,0.00,25.00,"평균별점 4.857, 리뷰 7건, 재구매율 0.0000, 프로필라벨율 0.4286"
prod_oy_a000000250193,가히,가히 멀티밤 리필키트 9g,cream,7,4.429,0.0000,0.1429,0.2857,very_low,44.66,71.45,0.00,25.00,"평균별점 4.429, 리뷰 7건, 재구매율 0.0000, 프로필라벨율 0.2857"
prod_oy_a000000251120,그라펜,[피지/모공케어] 그라펜 포어올킬 타이트닝 세럼 30ml,serum,7,4.714,0.0000,0.2857,0.2857,very_low,53.92,85.70,0.00,25.00,"평균별점 4.714, 리뷰 7건, 재구매율 0.0000, 프로필라벨율 0.2857"
prod_oy_a000000251806,가쉬,[미백/잡티케어] 가쉬 타겟티드 브라이트닝 겔 미스트 100ml,toner,7,5.000,0.0000,0.0000,0.5714,very_low,60.36,100.00,0.00,25.00,"평균별점 5.000, 리뷰 7건, 재구매율 0.0000, 프로필라벨율 0.5714"
prod_oy_a000000254438,퓨어그램,[NEW] 퓨어그램 오리진 부스터샷 100 앰플 30ml,serum,7,5.000,0.0000,0.1429,0.5714,very_low,61.79,100.00,0.00,25.00,"평균별점 5.000, 리뷰 7건, 재구매율 0.0000, 프로필라벨율 0.5714"
prod_oy_b000000187886,센텔리안24,센텔리안24 연어 PDRN 퍼밍 부스팅 앰플 (업체배송),serum,7,4.857,0.1429,0.1429,0.4286,very_low,60.00,92.85,14.29,25.00,"평균별점 4.857, 리뷰 7건, 재구매율 0.1429, 프로필라벨율 0.4286"
prod_oy_a000000162977,라빠레뜨 뷰티,[수분진정/각질제거] 라빠레뜨 뷰티 카밍 그린 턴오버 토너 200ml,toner,6,5.000,0.0000,0.5000,0.1667,very_low,63.33,100.00,0.00,25.00,"평균별점 5.000, 리뷰 6건, 재구매율 0.0000, 프로필라벨율 0.1667"
prod_oy_a000000162980,라빠레뜨 뷰티,라빠레뜨 뷰티 카밍 그린 에센셜 세럼 35ml,serum,6,5.000,0.0000,0.8333,0.0000,very_low,65.83,100.00,0.00,25.00,"평균별점 5.000, 리뷰 6건, 재구매율 0.0000, 프로필라벨율 0.0000"
prod_oy_a000000169203,랩시리즈,랩시리즈 데일리 레스큐 리페어 세럼 50ml,serum,6,5.000,0.5000,0.0000,0.1667,very_low,68.33,100.00,50.00,25.00,"평균별점 5.000, 리뷰 6건, 재구매율 0.5000, 프로필라벨율 0.1667"
prod_oy_a000000207750,엠도씨,엠도씨 스킨 포어 타이트너 이엑스 50ml,serum,6,4.333,0.0000,0.1667,0.3333,very_low,42.49,66.65,0.00,25.00,"평균별점 4.333, 리뷰 6건, 재구매율 0.0000, 프로필라벨율 0.3333"
prod_oy_a000000213385,더마라인,더마라인 디렉소 PDRN 솔루션 액티빙 토너 200ml,toner,6,5.000,0.0000,0.1667,0.3333,very_low,60.83,100.00,0.00,25.00,"평균별점 5.000, 리뷰 6건, 재구매율 0.0000, 프로필라벨율 0.3333"
prod_oy_a000000213951,연작,연작 카밍 앤 컴포팅 에멀전 125ml,serum,6,4.333,0.0000,0.0000,0.3333,very_low,40.82,66.65,0.00,25.00,"평균별점 4.333, 리뷰 6건, 재구매율 0.0000, 프로필라벨율 0.3333"
prod_oy_a000000214254,키엘,키엘 울트라 훼이셜 오일-프리 토너 250ml,toner,6,4.500,0.0000,0.1667,0.5000,very_low,47.92,75.00,0.00,25.00,"평균별점 4.500, 리뷰 6건, 재구매율 0.0000, 프로필라벨율 0.5000"
prod_oy_a000000214296,톰,톰 이센셜리 에픽 레디언트 크림 50g,cream,6,4.833,0.0000,0.1667,0.1667,very_low,55.41,91.65,0.00,25.00,"평균별점 4.833, 리뷰 6건, 재구매율 0.0000, 프로필라벨율 0.1667"
prod_oy_a000000215147,그라운드플랜,[데일리수분크림] 그라운드플랜 크림 50ml,cream,6,5.000,0.0000,0.0000,0.1667,very_low,58.33,100.00,0.00,25.00,"평균별점 5.000, 리뷰 6건, 재구매율 0.0000, 프로필라벨율 0.1667"
prod_oy_a000000215215,그라운드플랜,[수분천재앰플] 그라운드플랜 앰플 40ml,serum,6,5.000,0.0000,0.1667,0.3333,very_low,60.83,100.00,0.00,25.00,"평균별점 5.000, 리뷰 6건, 재구매율 0.0000, 프로필라벨율 0.3333"
prod_oy_a000000225911,리엔케이,리엔케이 하이퍼 히알 플럼핑 크림 105ml,cream,6,5.000,0.5000,0.5000,0.0000,very_low,72.50,100.00,50.00,25.00,"평균별점 5.000, 리뷰 6건, 재구매율 0.5000, 프로필라벨율 0.0000"
prod_oy_a000000233382,썸바이미,썸바이미 베타 판테놀 리페어 크림 50ml,cream,6,4.500,0.0000,0.1667,0.6667,very_low,48.75,75.00,0.00,25.00,"평균별점 4.500, 리뷰 6건, 재구매율 0.0000, 프로필라벨율 0.6667"
prod_oy_a000000243787,CKD,CKD 레티노콜라겐 저분자 300 괄사 리프팅 세럼 40ml,serum,6,5.000,0.0000,0.1667,0.1667,very_low,60.00,100.00,0.00,25.00,"평균별점 5.000, 리뷰 6건, 재구매율 0.0000, 프로필라벨율 0.1667"
prod_oy_a000000248399,네오젠,[청담샵 Pick/수분광채] 네오젠 넥스트 글로우 프렙 세럼 32ml,serum,6,4.667,0.0000,0.5000,0.3333,very_low,55.01,83.35,0.00,25.00,"평균별점 4.667, 리뷰 6건, 재구매율 0.0000, 프로필라벨율 0.3333"
prod_oy_a000000248981,rdrd,[NEW] rdrd 핑크 애플 락토 장벽 팝핑 토너 95g,toner,6,4.333,0.0000,0.1667,0.1667,very_low,41.66,66.65,0.00,25.00,"평균별점 4.333, 리뷰 6건, 재구매율 0.0000, 프로필라벨율 0.1667"
prod_oy_a000000248988,rdrd,[NEW] rdrd 핑크 애플 락토 장벽 세럼 30ml,serum,6,5.000,0.0000,0.1667,0.3333,very_low,60.83,100.00,0.00,25.00,"평균별점 5.000, 리뷰 6건, 재구매율 0.0000, 프로필라벨율 0.3333"
prod_oy_a000000255708,풀리,[동안광채] 풀리 쌀 PDRN 광채 세럼 50ml,serum,6,5.000,0.0000,0.1667,0.0000,very_low,59.17,100.00,0.00,25.00,"평균별점 5.000, 리뷰 6건, 재구매율 0.0000, 프로필라벨율 0.0000"
prod_oy_a000000258298,토리든,[NEW] 토리든 다이브인 저분자 히알루론산 세럼 50ml,serum,6,5.000,0.0000,0.0000,0.3333,very_low,59.17,100.00,0.00,25.00,"평균별점 5.000, 리뷰 6건, 재구매율 0.0000, 프로필라벨율 0.3333"
prod_oy_b000000187882,센텔리안24,센텔리안24 우유피부 글루타치온 토닝 부스팅 앰플 (업체배송),serum,6,4.167,0.0000,0.1667,0.3333,very_low,37.93,58.35,0.00,25.00,"평균별점 4.167, 리뷰 6건, 재구매율 0.0000, 프로필라벨율 0.3333"
prod_oy_a000000164310,달팡,달팡 인트랄 이너유쓰 레스큐 세럼 30ml,serum,5,5.000,0.0000,0.2000,0.0000,very_low,59.50,100.00,0.00,25.00,"평균별점 5.000, 리뷰 5건, 재구매율 0.0000, 프로필라벨율 0.0000"
prod_oy_a000000174520,랩시리즈,[대용량] 랩시리즈 올-인-원 훼이스 트리트먼트 100ml,lotion,5,5.000,0.2000,0.0000,0.6000,very_low,64.50,100.00,20.00,25.00,"평균별점 5.000, 리뷰 5건, 재구매율 0.2000, 프로필라벨율 0.6000"
prod_oy_a000000208985,우노,[산뜻로션] 우노 스킨 세럼 모이스처 180ml,serum,5,5.000,0.0000,0.4000,0.6000,very_low,64.50,100.00,0.00,25.00,"평균별점 5.000, 리뷰 5건, 재구매율 0.0000, 프로필라벨율 0.6000"
prod_oy_a000000211219,믹순,믹순 콩 토너 300ml,toner,5,5.000,0.0000,0.2000,0.6000,very_low,62.50,100.00,0.00,25.00,"평균별점 5.000, 리뷰 5건, 재구매율 0.0000, 프로필라벨율 0.6000"
prod_oy_a000000211888,LBB,[미스트 앰플]LBB 인텐시브 수딩 앰플 60ml,serum,5,4.600,0.2000,0.4000,0.4000,very_low,56.50,80.00,20.00,25.00,"평균별점 4.600, 리뷰 5건, 재구매율 0.2000, 프로필라벨율 0.4000"
prod_oy_a000000217680,믹순,믹순 마스터 세럼 30ml,serum,5,4.400,0.0000,0.0000,0.6000,very_low,44.00,70.00,0.00,25.00,"평균별점 4.400, 리뷰 5건, 재구매율 0.0000, 프로필라벨율 0.6000"
prod_oy_a000000225447,라돌프,[2주모공앰플/묵은피지쏙] 라돌프 퓨어파지 앰플 RX 80ml,serum,5,5.000,0.2000,0.0000,0.0000,very_low,61.50,100.00,20.00,25.00,"평균별점 5.000, 리뷰 5건, 재구매율 0.2000, 프로필라벨율 0.0000"
prod_oy_a000000232954,랑콤,랑콤 제니피끄 리페어 토너 150ml,lotion,5,5.000,0.0000,0.2000,0.4000,very_low,61.50,100.00,0.00,25.00,"평균별점 5.000, 리뷰 5건, 재구매율 0.0000, 프로필라벨율 0.4000"
prod_oy_a000000235270,키엘,키엘 울트라 훼이셜 어드밴스드 리페어 베리어 크림 50ml,cream,5,5.000,0.4000,0.0000,0.0000,very_low,65.50,100.00,40.00,25.00,"평균별점 5.000, 리뷰 5건, 재구매율 0.4000, 프로필라벨율 0.0000"
prod_oy_a000000241358,라씨엘르,[레오제이 셀렉션] 라씨엘르 신선초 진정에이징 워터 세럼 30ml,serum,5,4.400,0.0000,0.0000,0.2000,very_low,42.00,70.00,0.00,25.00,"평균별점 4.400, 리뷰 5건, 재구매율 0.0000, 프로필라벨율 0.2000"
prod_oy_a000000241575,닥터엘시아,[수분세럼] 닥터엘시아 아쿠아 마린 딥 세럼 30ml,serum,5,5.000,0.0000,0.4000,0.4000,very_low,63.50,100.00,0.00,25.00,"평균별점 5.000, 리뷰 5건, 재구매율 0.0000, 프로필라벨율 0.4000"
prod_oy_a000000242631,나인위시스,[장벽이불크림] 나인위시스 하이드라 판테톨 베리어 크림 100ml,cream,5,3.800,0.0000,0.0000,0.4000,very_low,26.50,40.00,0.00,25.00,"평균별점 3.800, 리뷰 5건, 재구매율 0.0000, 프로필라벨율 0.4000"
prod_oy_a000000242745,빌리프,빌리프 프라블럼 솔루션 비건 모이스춰라이저 100ml,lotion,5,5.000,0.2000,0.2000,0.2000,very_low,64.50,100.00,20.00,25.00,"평균별점 5.000, 리뷰 5건, 재구매율 0.2000, 프로필라벨율 0.2000"
prod_oy_a000000246578,톰,[모공 타이트닝] 톰 펩타이드 부스트 앰플 50g,serum,5,4.600,0.0000,0.0000,0.4000,very_low,48.50,80.00,0.00,25.00,"평균별점 4.600, 리뷰 5건, 재구매율 0.0000, 프로필라벨율 0.4000"
prod_oy_a000000246890,네오젠,[고함량/잡티케어] 네오젠 리얼 나이아신아마이드 15% 세럼 30ml (+20ml 추가 증정),serum,5,4.800,0.0000,0.4000,0.2000,very_low,57.00,90.00,0.00,25.00,"평균별점 4.800, 리뷰 5건, 재구매율 0.0000, 프로필라벨율 0.2000"
prod_oy_a000000247057,에스테덤,[대용량]에스테덤 카밍 리하이드레이팅 로션 맥스 400ml,toner,5,4.600,0.0000,0.0000,0.2000,very_low,47.50,80.00,0.00,25.00,"평균별점 4.600, 리뷰 5건, 재구매율 0.0000, 프로필라벨율 0.2000"
prod_oy_a000000247596,오우즈너리,[NEW/화잘먹/비타속광] 오우즈너리 비타3 푸딩 크림 50ml,cream,5,5.000,0.0000,0.4000,0.6000,very_low,64.50,100.00,0.00,25.00,"평균별점 5.000, 리뷰 5건, 재구매율 0.0000, 프로필라벨율 0.6000"
prod_oy_a000000011100,엠도씨,엠도씨 워터드롭 스킨 에센스 100ml,serum,4,4.750,0.2500,0.2500,0.2500,very_low,59.38,87.50,25.00,25.00,"평균별점 4.750, 리뷰 4건, 재구매율 0.2500, 프로필라벨율 0.2500"
prod_oy_a000000136537,바이오더마,바이오더마 에이비씨덤 페리오랄 40ml,cream,4,4.500,0.0000,0.2500,0.5000,very_low,48.75,75.00,0.00,25.00,"평균별점 4.500, 리뷰 4건, 재구매율 0.0000, 프로필라벨율 0.5000"
prod_oy_a000000137162,엠도씨,엠도씨 울트라 수분 크림 100ml,cream,4,4.500,0.0000,0.0000,0.5000,very_low,46.25,75.00,0.00,25.00,"평균별점 4.500, 리뷰 4건, 재구매율 0.0000, 프로필라벨율 0.5000"
prod_oy_a000000141033,허브노트,허브노트 스네일 리페어 앰플 45ml,serum,4,4.000,0.0000,0.2500,0.0000,very_low,32.50,50.00,0.00,25.00,"평균별점 4.000, 리뷰 4건, 재구매율 0.0000, 프로필라벨율 0.0000"
prod_oy_a000000173994,글로오아시스,글로오아시스 프로바이오틱스 플러스 애프리콧 오일 밀크듀 밸런싱 토너 120ml,toner,4,5.000,0.2500,0.2500,0.2500,very_low,66.25,100.00,25.00,25.00,"평균별점 5.000, 리뷰 4건, 재구매율 0.2500, 프로필라벨율 0.2500"
prod_oy_a000000204652,더후,더후 공진향 탄력 밸런싱 토너 150ml,toner,4,4.000,0.0000,0.0000,0.2500,very_low,31.25,50.00,0.00,25.00,"평균별점 4.000, 리뷰 4건, 재구매율 0.0000, 프로필라벨율 0.2500"
prod_oy_a000000210171,피토메르,피토메르 로제비자쥐 250ml,toner,4,4.500,0.5000,0.0000,1.0000,very_low,58.75,75.00,50.00,25.00,"평균별점 4.500, 리뷰 4건, 재구매율 0.5000, 프로필라벨율 1.0000"
prod_oy_a000000211495,설화수,설화수 맨 본윤에센스 140ml,serum,4,4.750,0.0000,0.0000,0.5000,very_low,53.13,87.50,0.00,25.00,"평균별점 4.750, 리뷰 4건, 재구매율 0.0000, 프로필라벨율 0.5000"
prod_oy_a000000213387,더마라인,더마라인 디렉소 PDRN 솔루션 액티빙 에멀전 200ml,lotion,4,5.000,0.0000,0.5000,0.0000,very_low,62.50,100.00,0.00,25.00,"평균별점 5.000, 리뷰 4건, 재구매율 0.0000, 프로필라벨율 0.0000"
prod_oy_a000000214200,케어놀로지,케어놀로지 리블루 리제너레이팅 세럼 50ml,serum,4,4.750,0.0000,0.2500,0.5000,very_low,55.63,87.50,0.00,25.00,"평균별점 4.750, 리뷰 4건, 재구매율 0.0000, 프로필라벨율 0.5000"
prod_oy_a000000214261,키엘,키엘 파워풀 스트렝스 라인 리듀싱 콘센트레이트 50ml,serum,4,5.000,0.2500,0.2500,0.5000,very_low,67.50,100.00,25.00,25.00,"평균별점 5.000, 리뷰 4건, 재구매율 0.2500, 프로필라벨율 0.5000"
prod_oy_a000000214753,올리고더미,올리고더미 카렌듈라 토닝로션 500ml,toner,4,5.000,0.7500,0.0000,0.0000,very_low,72.50,100.00,75.00,25.00,"평균별점 5.000, 리뷰 4건, 재구매율 0.7500, 프로필라벨율 0.0000"
prod_oy_a000000214850,바버,[속건조개선] 바버 앰플 컨센트레이트 하이드라 플러스 2ml*7ea,serum,4,4.250,0.0000,0.2500,0.2500,very_low,40.63,62.50,0.00,25.00,"평균별점 4.250, 리뷰 4건, 재구매율 0.0000, 프로필라벨율 0.2500"
prod_oy_a000000219144,에르쯔틴,에르쯔틴 리제너레이티브 실트 토너 150ml,toner,4,4.750,0.0000,0.2500,0.5000,very_low,55.63,87.50,0.00,25.00,"평균별점 4.750, 리뷰 4건, 재구매율 0.0000, 프로필라벨율 0.5000"
prod_oy_a000000224691,더마라인,더마라인 디렉소 바쿠치올 퍼밍 솔루션 앰플 35ml,serum,4,5.000,0.0000,0.0000,0.2500,very_low,58.75,100.00,0.00,25.00,"평균별점 5.000, 리뷰 4건, 재구매율 0.0000, 프로필라벨율 0.2500"
prod_oy_a000000225460,크리니크,크리니크 멜라닌안녕세럼 30ml 기획 (+10ml*2 증정),serum,4,4.500,0.0000,1.0000,0.5000,very_low,56.25,75.00,0.00,25.00,"평균별점 4.500, 리뷰 4건, 재구매율 0.0000, 프로필라벨율 0.5000"
prod_oy_a000000228046,유리아쥬,[피지케어/수분크림] 유리아쥬 이제악 매트 40ml,cream,4,4.250,0.0000,0.0000,0.2500,very_low,38.13,62.50,0.00,25.00,"평균별점 4.250, 리뷰 4건, 재구매율 0.0000, 프로필라벨율 0.2500"
prod_oy_a000000237819,비건이펙트,"[보습,탄력케어]비건이펙트 콜라겐 NMN 캡슐 크림 50ml",cream,4,4.750,0.2500,0.0000,0.0000,very_low,55.63,87.50,25.00,25.00,"평균별점 4.750, 리뷰 4건, 재구매율 0.2500, 프로필라벨율 0.0000"
prod_oy_a000000241360,라씨엘르,[초마드 PICK] 라씨엘르 신선초 진정에이징 핏 크림 50ml,cream,4,5.000,0.0000,0.2500,0.0000,very_low,60.00,100.00,0.00,25.00,"평균별점 5.000, 리뷰 4건, 재구매율 0.0000, 프로필라벨율 0.0000"
prod_oy_a000000241577,닥터엘시아,[수분크림] 닥터엘시아 아쿠아 마린 워터리 크림 50ml,cream,4,5.000,0.0000,0.0000,0.2500,very_low,58.75,100.00,0.00,25.00,"평균별점 5.000, 리뷰 4건, 재구매율 0.0000, 프로필라벨율 0.2500"
prod_oy_a000000242686,미닉,[급속진정/한겹장벽] 미닉 퍼펙트 콜라드 그린 진정 크림 80ml,cream,4,4.750,0.0000,0.0000,0.5000,very_low,53.13,87.50,0.00,25.00,"평균별점 4.750, 리뷰 4건, 재구매율 0.0000, 프로필라벨율 0.5000"
prod_oy_a000000244213,바이오던스,바이오던스 하이드로 세라놀 세럼 30ml,serum,4,4.500,0.0000,0.0000,0.0000,very_low,43.75,75.00,0.00,25.00,"평균별점 4.500, 리뷰 4건, 재구매율 0.0000, 프로필라벨율 0.0000"
prod_oy_a000000246575,톰,[보습장벽케어] 톰 히알루론산 부스트 앰플 50g,serum,4,5.000,0.0000,0.0000,0.0000,very_low,57.50,100.00,0.00,25.00,"평균별점 5.000, 리뷰 4건, 재구매율 0.0000, 프로필라벨율 0.0000"
prod_oy_a000000246577,톰,[속탄력 개선] 톰 콜라겐 부스트 앰플 50g,serum,4,5.000,0.0000,0.2500,0.5000,very_low,62.50,100.00,0.00,25.00,"평균별점 5.000, 리뷰 4건, 재구매율 0.0000, 프로필라벨율 0.5000"
prod_oy_a000000248097,비긴스 바이 정샘물,[10만나노히알/3초수분플럼핑]비긴스바이정샘물 블루 수국 히알 수분세럼 30ml,serum,4,5.000,0.0000,0.0000,0.0000,very_low,57.50,100.00,0.00,25.00,"평균별점 5.000, 리뷰 4건, 재구매율 0.0000, 프로필라벨율 0.0000"
prod_oy_a000000252302,랑콤,[NEW] 랑콤 레네르지 콜라겐 리프트 익스텐드 크림 50ml,cream,4,3.500,0.0000,0.0000,0.2500,very_low,17.50,25.00,0.00,25.00,"평균별점 3.500, 리뷰 4건, 재구매율 0.0000, 프로필라벨율 0.2500"
prod_oy_a000000252722,식물나라,[NEW] 식물나라 어린녹차 촉촉 진정 젤 크림 100ml,toner,4,4.750,0.0000,0.0000,0.7500,very_low,54.38,87.50,0.00,25.00,"평균별점 4.750, 리뷰 4건, 재구매율 0.0000, 프로필라벨율 0.7500"
prod_oy_a000000255843,파티온,[NEW/수분회복]파티온 포도당 하이드로 액티브 세럼 70ml 기획(+리필40ml),serum,4,4.500,0.2500,0.5000,0.0000,very_low,53.75,75.00,25.00,25.00,"평균별점 4.500, 리뷰 4건, 재구매율 0.2500, 프로필라벨율 0.0000"
prod_oy_a000000256038,VT,[영서PICK/쿨링/진정] VT 피디알엔 캡슐크림 100 50ml,cream,4,4.750,0.0000,0.2500,0.7500,very_low,56.88,87.50,0.00,25.00,"평균별점 4.750, 리뷰 4건, 재구매율 0.0000, 프로필라벨율 0.7500"
prod_oy_a000000257195,비욘드,[NEW] 비욘드 엔젤 아쿠아 이온 히알루 10% 수분 진정 토너 350ml,toner,4,4.500,0.0000,0.7500,0.2500,very_low,52.50,75.00,0.00,25.00,"평균별점 4.500, 리뷰 4건, 재구매율 0.0000, 프로필라벨율 0.2500"
prod_oy_a000000258296,토리든,[NEW] 토리든 다이브인 저분자 히알루론산 수딩 크림 100ml,cream,4,5.000,0.0000,0.0000,0.7500,very_low,61.25,100.00,0.00,25.00,"평균별점 5.000, 리뷰 4건, 재구매율 0.0000, 프로필라벨율 0.7500"
prod_oy_b000000191866,센텔리안24,센텔리안24 부스팅 샷 젤 150ml (업체배송),serum,4,4.750,0.0000,0.0000,0.5000,very_low,53.13,87.50,0.00,25.00,"평균별점 4.750, 리뷰 4건, 재구매율 0.0000, 프로필라벨율 0.5000"
prod_oy_a000000151890,생블랑쉬,생블랑쉬 퓨어토너 300ml,toner,3,4.000,0.0000,0.0000,0.6667,very_low,33.33,50.00,0.00,25.00,"평균별점 4.000, 리뷰 3건, 재구매율 0.0000, 프로필라벨율 0.6667"
prod_oy_a000000154626,달팡,달팡 인트랄 액티브 스태빌라이징 로션 100ml,serum,3,4.000,0.0000,0.0000,0.3333,very_low,31.67,50.00,0.00,25.00,"평균별점 4.000, 리뷰 3건, 재구매율 0.0000, 프로필라벨율 0.3333"
prod_oy_a000000155351,더말로지카,[속보습/보송피부결] 더말로지카 딥모이스춰 스킨 스무딩 크림 50ml,cream,3,4.333,0.3333,0.0000,0.3333,very_low,47.49,66.65,33.33,25.00,"평균별점 4.333, 리뷰 3건, 재구매율 0.3333, 프로필라벨율 0.3333"
prod_oy_a000000176958,에스티로더,에스티 로더 리바이탈라이징 수프림+ 유스 파워 소프트 크림 15ml,cream,3,5.000,0.0000,0.6667,1.0000,very_low,69.17,100.00,0.00,25.00,"평균별점 5.000, 리뷰 3건, 재구매율 0.0000, 프로필라벨율 1.0000"
prod_oy_a000000181633,눅스,[광채잡티세럼]눅스 슈퍼 세럼 10 30ml,serum,3,4.667,0.6667,0.0000,0.0000,very_low,61.68,83.35,66.67,25.00,"평균별점 4.667, 리뷰 3건, 재구매율 0.6667, 프로필라벨율 0.0000"
prod_oy_a000000201642,로우퀘스트,로우퀘스트 에키네시아 카밍 모이스처 앰플 50ml,serum,3,5.000,0.0000,0.0000,0.0000,very_low,57.50,100.00,0.00,25.00,"평균별점 5.000, 리뷰 3건, 재구매율 0.0000, 프로필라벨율 0.0000"
prod_oy_a000000201753,톡스앤필,[진정보습/장벽케어] 톡스앤필 판테놀 세럼 30ml,serum,3,5.000,0.0000,0.0000,0.3333,very_low,59.17,100.00,0.00,25.00,"평균별점 5.000, 리뷰 3건, 재구매율 0.0000, 프로필라벨율 0.3333"
prod_oy_a000000213950,연작,연작 카밍 앤 컴포팅 토너 150ml,toner,3,5.000,0.0000,0.0000,0.0000,very_low,57.50,100.00,0.00,25.00,"평균별점 5.000, 리뷰 3건, 재구매율 0.0000, 프로필라벨율 0.0000"
prod_oy_a000000214176,키엘,키엘 울트라 훼이셜 모이스춰라이저 125ml,lotion,3,4.667,0.0000,0.3333,0.6667,very_low,55.01,83.35,0.00,25.00,"평균별점 4.667, 리뷰 3건, 재구매율 0.0000, 프로필라벨율 0.6667"
prod_oy_a000000214201,케어놀로지,케어놀로지 리블루 울트라 리페어 크림 50ml,cream,3,5.000,0.3333,1.0000,0.6667,very_low,77.50,100.00,33.33,25.00,"평균별점 5.000, 리뷰 3건, 재구매율 0.3333, 프로필라벨율 0.6667"
prod_oy_a000000214302,코이,[고현정 PICK] 코이 플로우 셀코드 크라이오 크림 50ml,cream,3,5.000,0.0000,0.3333,0.0000,very_low,60.83,100.00,0.00,25.00,"평균별점 5.000, 리뷰 3건, 재구매율 0.0000, 프로필라벨율 0.0000"
prod_oy_a000000215197,그라운드플랜,[수분지속로션] 그라운드플랜 젤모이스처 110ml,lotion,3,5.000,0.0000,0.0000,0.3333,very_low,59.17,100.00,0.00,25.00,"평균별점 5.000, 리뷰 3건, 재구매율 0.0000, 프로필라벨율 0.3333"
prod_oy_a000000221943,닥터엘시아,닥터엘시아 젠틀 비타민 C 부스팅 세럼 30ml,serum,3,5.000,0.0000,0.0000,0.0000,very_low,57.50,100.00,0.00,25.00,"평균별점 5.000, 리뷰 3건, 재구매율 0.0000, 프로필라벨율 0.0000"
prod_oy_a000000222711,라네즈,[수분플럼핑] 라네즈 바운시&펌 세럼 30ml,serum,3,4.667,0.0000,0.0000,0.3333,very_low,50.01,83.35,0.00,25.00,"평균별점 4.667, 리뷰 3건, 재구매율 0.0000, 프로필라벨율 0.3333"
prod_oy_a000000224690,더마라인,더마라인 디렉소 밀크 엑소좀 솔루션 앰플 35ml,serum,3,5.000,0.0000,0.6667,0.6667,very_low,67.50,100.00,0.00,25.00,"평균별점 5.000, 리뷰 3건, 재구매율 0.0000, 프로필라벨율 0.6667"
prod_oy_a000000224862,오휘,오휘 프라임 어드밴서 디에이징 PDRN 부스터샷 50ml,serum,3,5.000,0.6667,0.0000,1.0000,very_low,75.83,100.00,66.67,25.00,"평균별점 5.000, 리뷰 3건, 재구매율 0.6667, 프로필라벨율 1.0000"
prod_oy_a000000225907,리엔케이,[NEW] 리엔케이 하이퍼 히알 플럼핑 토너 200ml,toner,3,5.000,1.0000,1.0000,0.0000,very_low,87.50,100.00,100.00,25.00,"평균별점 5.000, 리뷰 3건, 재구매율 1.0000, 프로필라벨율 0.0000"
prod_oy_a000000226844,네이처리퍼블릭,네이처리퍼블릭 비타페어C PDRN 광채 세럼 30ml,serum,3,5.000,0.3333,0.0000,0.0000,very_low,64.17,100.00,33.33,25.00,"평균별점 5.000, 리뷰 3건, 재구매율 0.3333, 프로필라벨율 0.0000"
prod_oy_a000000228896,코스메쉐프,[이수향 PICK] 코스메쉐프 백당고 막걸리 백옥빛 기미앰플 30ml_백당고앰플,serum,3,4.667,0.0000,0.3333,0.0000,very_low,51.68,83.35,0.00,25.00,"평균별점 4.667, 리뷰 3건, 재구매율 0.0000, 프로필라벨율 0.0000"
prod_oy_a000000229723,LBB,[뿌리는 진정토너]LBB 모이스처라이징 프라임 토너 100ml,toner,3,4.333,0.0000,0.3333,0.3333,very_low,44.16,66.65,0.00,25.00,"평균별점 4.333, 리뷰 3건, 재구매율 0.0000, 프로필라벨율 0.3333"
prod_oy_a000000229724,LBB,LBB 인텐시브 케어 인 크림 50ml,cream,3,5.000,0.0000,0.0000,0.0000,very_low,57.50,100.00,0.00,25.00,"평균별점 5.000, 리뷰 3건, 재구매율 0.0000, 프로필라벨율 0.0000"
prod_oy_a000000231465,밀크터치,밀크터치 서양송악 그린히알루론 6초 수분 크림 50g,cream,3,5.000,0.0000,0.3333,0.6667,very_low,64.17,100.00,0.00,25.00,"평균별점 5.000, 리뷰 3건, 재구매율 0.0000, 프로필라벨율 0.6667"
prod_oy_a000000236432,랑콤,랑콤 레네르지 에이치피엔 울트라 크림 50ml,cream,3,5.000,0.3333,0.0000,0.0000,very_low,64.17,100.00,33.33,25.00,"평균별점 5.000, 리뷰 3건, 재구매율 0.3333, 프로필라벨율 0.0000"
prod_oy_a000000237568,더후,[NEW] 더후 비첩 자생 에센스 어드벤트 캘린더,serum,3,5.000,0.0000,0.0000,0.6667,very_low,60.83,100.00,0.00,25.00,"평균별점 5.000, 리뷰 3건, 재구매율 0.0000, 프로필라벨율 0.6667"
prod_oy_a000000237821,비건이펙트,[NEW/속탄력강화] 비건이펙트 콜라겐 NMN 세럼 30ml,serum,3,5.000,0.0000,0.0000,0.0000,very_low,57.50,100.00,0.00,25.00,"평균별점 5.000, 리뷰 3건, 재구매율 0.0000, 프로필라벨율 0.0000"
prod_oy_a000000237931,메디앤서,[리프팅UP]메디앤서 레티노이드 리프트실 세럼 30ml,serum,3,4.000,0.0000,0.3333,0.3333,very_low,35.00,50.00,0.00,25.00,"평균별점 4.000, 리뷰 3건, 재구매율 0.0000, 프로필라벨율 0.3333"
prod_oy_a000000242750,빌리프,빌리프 프라블럼 솔루션 비건 PHA 클리어링 토너 150ml,toner,3,5.000,0.0000,0.3333,0.6667,very_low,64.17,100.00,0.00,25.00,"평균별점 5.000, 리뷰 3건, 재구매율 0.0000, 프로필라벨율 0.6667"
prod_oy_a000000245710,디오디너리,[산뜻보습] 디오디너리 라이스 리피즈 + 엑토인 마이크로에멀전 120ml,lotion,3,5.000,0.0000,0.3333,0.0000,very_low,60.83,100.00,0.00,25.00,"평균별점 5.000, 리뷰 3건, 재구매율 0.0000, 프로필라벨율 0.0000"
prod_oy_a000000248581,설화수,[NEW/미백] 설화수 자정앰플세럼 30ml 단품/기획,serum,3,5.000,0.0000,0.3333,0.6667,very_low,64.17,100.00,0.00,25.00,"평균별점 5.000, 리뷰 3건, 재구매율 0.0000, 프로필라벨율 0.6667"
prod_oy_a000000248935,더마픽스,더마픽스 리얼콜라겐 텐션업 멀티스틱밤 3g,cream,3,4.667,0.0000,0.0000,0.3333,very_low,50.01,83.35,0.00,25.00,"평균별점 4.667, 리뷰 3건, 재구매율 0.0000, 프로필라벨율 0.3333"
prod_oy_a000000249538,그라운드플랜,[수분지속로션] 그라운드플랜 젤모이스처 120ml,lotion,3,5.000,0.0000,0.0000,0.3333,very_low,59.17,100.00,0.00,25.00,"평균별점 5.000, 리뷰 3건, 재구매율 0.0000, 프로필라벨율 0.3333"
prod_oy_a000000252669,SVR,[손상피부개선]SVR 시카비트+ 크림 HPPI 40ml,cream,3,5.000,0.0000,0.0000,0.3333,very_low,59.17,100.00,0.00,25.00,"평균별점 5.000, 리뷰 3건, 재구매율 0.0000, 프로필라벨율 0.3333"
prod_oy_a000000254803,앰플엔,[NEW 탄력스피큘] 앰플엔 하이퍼샷 펩타이드 앰플 50ml,serum,3,4.333,0.0000,0.0000,0.6667,very_low,42.49,66.65,0.00,25.00,"평균별점 4.333, 리뷰 3건, 재구매율 0.0000, 프로필라벨율 0.6667"
prod_oy_a000000256365,마일드랩,마일드랩 센텔라 오인트 크림 30g,cream,3,5.000,0.0000,0.6667,0.6667,very_low,67.50,100.00,0.00,25.00,"평균별점 5.000, 리뷰 3건, 재구매율 0.0000, 프로필라벨율 0.6667"
prod_oy_a000000118247,엠브리올리스,엠브리올리스 오 드 보떼 로자멜리스 200ml,toner,2,5.000,0.0000,0.5000,0.5000,very_low,65.00,100.00,0.00,25.00,"평균별점 5.000, 리뷰 2건, 재구매율 0.0000, 프로필라벨율 0.5000"
prod_oy_a000000147164,생블랑쉬,생블랑쉬 바이탈부스트크림 30ml,cream,2,4.500,0.0000,0.0000,0.0000,very_low,43.75,75.00,0.00,25.00,"평균별점 4.500, 리뷰 2건, 재구매율 0.0000, 프로필라벨율 0.0000"
prod_oy_a000000150519,썸바이미,썸바이미 아하.바하.파하 30데이즈 미라클 크림 60g,serum,2,4.000,0.0000,0.0000,1.0000,very_low,35.00,50.00,0.00,25.00,"평균별점 4.000, 리뷰 2건, 재구매율 0.0000, 프로필라벨율 1.0000"
prod_oy_a000000157768,바비브라운,바비 브라운 하이드레이팅 페이스 토닉,toner,2,5.000,0.0000,0.0000,0.5000,very_low,60.00,100.00,0.00,25.00,"평균별점 5.000, 리뷰 2건, 재구매율 0.0000, 프로필라벨율 0.5000"
prod_oy_a000000166922,씨널스,씨널스 씨트러스트 카밍 크림 50ml,cream,2,3.000,0.0000,0.0000,0.5000,very_low,5.00,0.00,0.00,25.00,"평균별점 3.000, 리뷰 2건, 재구매율 0.0000, 프로필라벨율 0.5000"
prod_oy_a000000168272,미구하라,미구하라 울트라 화이트닝 퍼스트 에센스 오리진 120ml,serum,2,3.500,0.0000,0.0000,0.0000,very_low,16.25,25.00,0.00,25.00,"평균별점 3.500, 리뷰 2건, 재구매율 0.0000, 프로필라벨율 0.0000"
prod_oy_a000000168274,미구하라,미구하라 화이트닝 인텐시브 크림 30ml,cream,2,5.000,0.0000,0.0000,0.0000,very_low,57.50,100.00,0.00,25.00,"평균별점 5.000, 리뷰 2건, 재구매율 0.0000, 프로필라벨율 0.0000"
prod_oy_a000000174929,폴라초이스,폴라초이스 C5 슈퍼 부스트 수분크림 50ml,cream,2,5.000,0.0000,0.0000,0.5000,very_low,60.00,100.00,0.00,25.00,"평균별점 5.000, 리뷰 2건, 재구매율 0.0000, 프로필라벨율 0.5000"
prod_oy_a000000186195,숨37,숨37 워터풀 마린 릴리프 젤 크림 30ml/50ml 단품/기획,cream,2,5.000,0.0000,0.0000,0.0000,very_low,57.50,100.00,0.00,25.00,"평균별점 5.000, 리뷰 2건, 재구매율 0.0000, 프로필라벨율 0.0000"
prod_oy_a000000191805,오휘,오휘 미라클 모이스처 세라마이드 부스팅 크림 50ml,cream,2,5.000,0.0000,0.0000,0.0000,very_low,57.50,100.00,0.00,25.00,"평균별점 5.000, 리뷰 2건, 재구매율 0.0000, 프로필라벨율 0.0000"
prod_oy_a000000197985,썸바이미,썸바이미 레티놀 인텐스 리엑티베이팅 세럼 30ml,serum,2,4.500,0.0000,0.0000,0.5000,very_low,46.25,75.00,0.00,25.00,"평균별점 4.500, 리뷰 2건, 재구매율 0.0000, 프로필라벨율 0.5000"
prod_oy_a000000200201,닥터하우쉬카,닥터하우쉬카 로즈 데이 크림 라이트 30ml,cream,2,5.000,0.0000,0.5000,0.5000,very_low,65.00,100.00,0.00,25.00,"평균별점 5.000, 리뷰 2건, 재구매율 0.0000, 프로필라벨율 0.5000"
prod_oy_a000000204649,더후,더후 공진향 탄력 에멀젼 110ml,lotion,2,4.500,0.0000,0.0000,1.0000,very_low,48.75,75.00,0.00,25.00,"평균별점 4.500, 리뷰 2건, 재구매율 0.0000, 프로필라벨율 1.0000"
prod_oy_a000000210950,운스트라움,운스트라움 디 오리진 미스트 토너 150ml,toner,2,5.000,0.0000,0.0000,0.5000,very_low,60.00,100.00,0.00,25.00,"평균별점 5.000, 리뷰 2건, 재구매율 0.0000, 프로필라벨율 0.5000"
prod_oy_a000000211493,설화수,설화수 맨 본윤유액 90ml,lotion,2,5.000,0.0000,0.0000,0.0000,very_low,57.50,100.00,0.00,25.00,"평균별점 5.000, 리뷰 2건, 재구매율 0.0000, 프로필라벨율 0.0000"
prod_oy_a000000214272,키엘,[OY단독/1위세럼] 키엘 울트라 퓨어 하이-포텐시 세럼 9.8% 글라이콜릭애씨드 30ml,serum,2,3.500,0.0000,0.5000,0.0000,very_low,21.25,25.00,0.00,25.00,"평균별점 3.500, 리뷰 2건, 재구매율 0.0000, 프로필라벨율 0.0000"
prod_oy_a000000214999,바버,[탄력&리프팅]바버 앰플 컨센트레이트 콜라겐 부스터 2ml*7ea,serum,2,4.000,0.0000,1.0000,0.0000,very_low,40.00,50.00,0.00,25.00,"평균별점 4.000, 리뷰 2건, 재구매율 0.0000, 프로필라벨율 0.0000"
prod_oy_a000000215212,그라운드플랜,[수분농축에센스] 그라운드플랜 에센스 콤팩트 40ml,serum,2,5.000,0.0000,0.0000,0.0000,very_low,57.50,100.00,0.00,25.00,"평균별점 5.000, 리뷰 2건, 재구매율 0.0000, 프로필라벨율 0.0000"
prod_oy_a000000218995,아렌시아,[NEW/백옥광채] 아렌시아 라이스 뮤신 글로우 세럼 30 50g,serum,2,4.000,0.0000,0.0000,0.5000,very_low,32.50,50.00,0.00,25.00,"평균별점 4.000, 리뷰 2건, 재구매율 0.0000, 프로필라벨율 0.5000"
prod_oy_a000000224687,더마라인,더마라인 디렉소 펩타이드 콤플렉스 솔루션 앰플 35ml,serum,2,5.000,0.0000,0.0000,0.0000,very_low,57.50,100.00,0.00,25.00,"평균별점 5.000, 리뷰 2건, 재구매율 0.0000, 프로필라벨율 0.0000"
prod_oy_a000000224692,더마라인,더마라인 디렉소 글루타치온 토닝 솔루션 앰플 35ml,serum,2,5.000,0.0000,0.0000,0.5000,very_low,60.00,100.00,0.00,25.00,"평균별점 5.000, 리뷰 2건, 재구매율 0.0000, 프로필라벨율 0.5000"
prod_oy_a000000226541,아떼,[장벽개선/쫀쫀크림] 아떼 포스트 레이저 리페어 크림 50ml,cream,2,5.000,0.0000,0.5000,0.5000,very_low,65.00,100.00,0.00,25.00,"평균별점 5.000, 리뷰 2건, 재구매율 0.0000, 프로필라벨율 0.5000"
prod_oy_a000000229539,에스테덤,에스테덤 셀룰러 워터 프레쉬 젤 40ml,cream,2,5.000,0.0000,0.0000,0.5000,very_low,60.00,100.00,0.00,25.00,"평균별점 5.000, 리뷰 2건, 재구매율 0.0000, 프로필라벨율 0.5000"
prod_oy_a000000229952,클랍,[독일1위앰플] 클랍 30데이 안티에이징 앰플 프로그램,serum,2,5.000,0.0000,0.0000,0.5000,very_low,60.00,100.00,0.00,25.00,"평균별점 5.000, 리뷰 2건, 재구매율 0.0000, 프로필라벨율 0.5000"
prod_oy_a000000229955,스킨앤랩,[촉촉토너] 스킨앤랩 베리어덤 모이스처 부스팅 토너 300ml,toner,2,3.000,0.0000,0.5000,0.0000,very_low,7.50,0.00,0.00,25.00,"평균별점 3.000, 리뷰 2건, 재구매율 0.0000, 프로필라벨율 0.0000"
prod_oy_a000000232996,빌리프,[NEW] 빌리프 맨올로지 프로텍티브 엑토인 토너 150ml,toner,2,5.000,0.0000,0.0000,0.5000,very_low,60.00,100.00,0.00,25.00,"평균별점 5.000, 리뷰 2건, 재구매율 0.0000, 프로필라벨율 0.5000"
prod_oy_a000000232999,빌리프,[NEW] 빌리프 맨올로지 프로텍티브 엑토인 에멀전 125ml,lotion,2,4.500,0.0000,0.0000,0.5000,very_low,46.25,75.00,0.00,25.00,"평균별점 4.500, 리뷰 2건, 재구매율 0.0000, 프로필라벨율 0.5000"
prod_oy_a000000235267,키엘,키엘 울트라 훼이셜 오일-프리 젤 크림 리필 파우치 150ml,cream,2,5.000,0.0000,0.0000,0.0000,very_low,57.50,100.00,0.00,25.00,"평균별점 5.000, 리뷰 2건, 재구매율 0.0000, 프로필라벨율 0.0000"
prod_oy_a000000236433,랑콤,랑콤 레네르지 트리플 세럼 50ml,serum,2,5.000,0.0000,0.5000,0.0000,very_low,62.50,100.00,0.00,25.00,"평균별점 5.000, 리뷰 2건, 재구매율 0.0000, 프로필라벨율 0.0000"
prod_oy_a000000236436,랑콤,랑콤 클라리피끄 에멀전 75ml,lotion,2,5.000,0.0000,0.0000,0.0000,very_low,57.50,100.00,0.00,25.00,"평균별점 5.000, 리뷰 2건, 재구매율 0.0000, 프로필라벨율 0.0000"
prod_oy_a000000238573,오아조,[티벳동생 공동개발] 오아조 피디알엔 쓰리디 부스팅 앰플 30ml,serum,2,5.000,0.0000,0.0000,0.5000,very_low,60.00,100.00,0.00,25.00,"평균별점 5.000, 리뷰 2건, 재구매율 0.0000, 프로필라벨율 0.5000"
prod_oy_a000000242748,빌리프,빌리프 프라블럼 솔루션 비건 에센스 50ml,serum,2,5.000,0.5000,1.0000,0.0000,very_low,77.50,100.00,50.00,25.00,"평균별점 5.000, 리뷰 2건, 재구매율 0.5000, 프로필라벨율 0.0000"
prod_oy_a000000248243,피캄,[피부볼륨 플럼핑효과/피부수분 20겹개선] 피캄 PDRN 카페인 블루캡슐 11 세럼 30ml,serum,2,5.000,0.0000,0.0000,1.0000,very_low,62.50,100.00,0.00,25.00,"평균별점 5.000, 리뷰 2건, 재구매율 0.0000, 프로필라벨율 1.0000"
prod_oy_a000000251814,가쉬,[진정/흔적케어] 가쉬 타겟티드 블레미쉬 겔 미스트 100ml,toner,2,5.000,0.0000,0.0000,0.5000,very_low,60.00,100.00,0.00,25.00,"평균별점 5.000, 리뷰 2건, 재구매율 0.0000, 프로필라벨율 0.5000"
prod_oy_a000000257834,퍼셀,퍼셀 80억/mL 글루타치온 TXA 캡슐 크림 80ml,cream,2,5.000,0.0000,0.0000,0.5000,very_low,60.00,100.00,0.00,25.00,"평균별점 5.000, 리뷰 2건, 재구매율 0.0000, 프로필라벨율 0.5000"
prod_oy_b000000187885,센텔리안24,센텔리안24 히알루론산 톡스 부스팅 앰플 (업체배송),serum,2,4.000,0.0000,0.0000,0.5000,very_low,32.50,50.00,0.00,25.00,"평균별점 4.000, 리뷰 2건, 재구매율 0.0000, 프로필라벨율 0.5000"
prod_oy_a000000104146,크리니크,크리니크 안티-블레미쉬 솔루션 올-오버 클리어링 트리트먼트 오일-프리 50ml,lotion,1,5.000,0.0000,0.0000,0.0000,very_low,57.50,100.00,0.00,25.00,"평균별점 5.000, 리뷰 1건, 재구매율 0.0000, 프로필라벨율 0.0000"
prod_oy_a000000156779,블리블리,블리블리 인진쑥 리턴 크림,cream,1,5.000,0.0000,0.0000,0.0000,very_low,57.50,100.00,0.00,25.00,"평균별점 5.000, 리뷰 1건, 재구매율 0.0000, 프로필라벨율 0.0000"
prod_oy_a000000178990,비마이셀프,비마이셀프 C2 워터플럼핑 토너 200ml,toner,1,4.000,0.0000,1.0000,1.0000,very_low,45.00,50.00,0.00,25.00,"평균별점 4.000, 리뷰 1건, 재구매율 0.0000, 프로필라벨율 1.0000"
prod_oy_a000000178993,비마이셀프,비마이셀프 AX 퓨어 비타C 15 앰플 15ml,serum,1,5.000,0.0000,1.0000,1.0000,very_low,72.50,100.00,0.00,25.00,"평균별점 5.000, 리뷰 1건, 재구매율 0.0000, 프로필라벨율 1.0000"
prod_oy_a000000192057,맥,MAC 하이퍼 리얼 스킨캔버스 밤,cream,1,3.000,0.0000,0.0000,0.0000,very_low,2.50,0.00,0.00,25.00,"평균별점 3.000, 리뷰 1건, 재구매율 0.0000, 프로필라벨율 0.0000"
prod_oy_a000000192059,맥,MAC 하이퍼 리얼 세러마이저,serum,1,5.000,0.0000,1.0000,0.0000,very_low,67.50,100.00,0.00,25.00,"평균별점 5.000, 리뷰 1건, 재구매율 0.0000, 프로필라벨율 0.0000"
prod_oy_a000000199669,슬로소피,슬로소피 뉴티놀 토너 150ml,toner,1,5.000,0.0000,0.0000,0.0000,very_low,57.50,100.00,0.00,25.00,"평균별점 5.000, 리뷰 1건, 재구매율 0.0000, 프로필라벨율 0.0000"
prod_oy_a000000204638,더후,더후 로얄레지나 에너제틱 리페어 세럼 30ml,serum,1,5.000,0.0000,1.0000,0.0000,very_low,67.50,100.00,0.00,25.00,"평균별점 5.000, 리뷰 1건, 재구매율 0.0000, 프로필라벨율 0.0000"
prod_oy_a000000204639,더후,더후 로얄레지나 에너지드롭 트리트먼트 75ml,toner,1,5.000,0.0000,0.0000,0.0000,very_low,57.50,100.00,0.00,25.00,"평균별점 5.000, 리뷰 1건, 재구매율 0.0000, 프로필라벨율 0.0000"
prod_oy_a000000210141,피토메르,피토메르 이드라 오리지널 멜팅크림 30ml,cream,1,5.000,0.0000,0.0000,0.0000,very_low,57.50,100.00,0.00,25.00,"평균별점 5.000, 리뷰 1건, 재구매율 0.0000, 프로필라벨율 0.0000"
prod_oy_a000000211930,LBB,[100시간 수분보습]LBB 올 데이 케어 인 로션 50ml,lotion,1,5.000,0.0000,1.0000,0.0000,very_low,67.50,100.00,0.00,25.00,"평균별점 5.000, 리뷰 1건, 재구매율 0.0000, 프로필라벨율 0.0000"
prod_oy_a000000213287,오드로이,오드로이 74퍼센트 블랙빈 앰플 로프디 50ml,serum,1,5.000,0.0000,0.0000,0.0000,very_low,57.50,100.00,0.00,25.00,"평균별점 5.000, 리뷰 1건, 재구매율 0.0000, 프로필라벨율 0.0000"
prod_oy_a000000214852,바버,[광채&미백]바버 앰플 컨센트레이트 멀티 비타민 2ml*7ea,serum,1,3.000,0.0000,0.0000,0.0000,very_low,2.50,0.00,0.00,25.00,"평균별점 3.000, 리뷰 1건, 재구매율 0.0000, 프로필라벨율 0.0000"
prod_oy_a000000215000,바버,[트러블개선]바버 앰플 컨센트레이트 액티브 퓨리파이어 2ml*7ea,serum,1,5.000,0.0000,0.0000,1.0000,very_low,62.50,100.00,0.00,25.00,"평균별점 5.000, 리뷰 1건, 재구매율 0.0000, 프로필라벨율 1.0000"
prod_oy_a000000226179,에스테덤,[패키지 리뉴얼]에스테덤 인텐시브 프로 콜라겐+ 크림 50ml,cream,1,5.000,0.0000,0.0000,1.0000,very_low,62.50,100.00,0.00,25.00,"평균별점 5.000, 리뷰 1건, 재구매율 0.0000, 프로필라벨율 1.0000"
prod_oy_a000000229542,에스테덤,에스테덤 인텐시브 비타민 C 젤 크림 50ml,cream,1,5.000,0.0000,0.0000,1.0000,very_low,62.50,100.00,0.00,25.00,"평균별점 5.000, 리뷰 1건, 재구매율 0.0000, 프로필라벨율 1.0000"
prod_oy_a000000230928,SVR,[관리 효과 극대화 생기 토닝 크림] SVR 바이오틱 C20 크림 50ml,cream,1,5.000,0.0000,1.0000,0.0000,very_low,67.50,100.00,0.00,25.00,"평균별점 5.000, 리뷰 1건, 재구매율 0.0000, 프로필라벨율 0.0000"
prod_oy_a000000230943,SVR,[미네랄 수분 부스팅 토너] SVR 피지오퓨어 토너 200ml,toner,1,5.000,0.0000,0.0000,1.0000,very_low,62.50,100.00,0.00,25.00,"평균별점 5.000, 리뷰 1건, 재구매율 0.0000, 프로필라벨율 1.0000"
prod_oy_a000000232991,빌리프,[NEW] 빌리프 맨101 아쿠아 리프레셔 125ml,serum,1,5.000,0.0000,0.0000,0.0000,very_low,57.50,100.00,0.00,25.00,"평균별점 5.000, 리뷰 1건, 재구매율 0.0000, 프로필라벨율 0.0000"
prod_oy_a000000233004,미닉,[민감지성피부/유분케어] 미닉 노세범 블루 캐모마일 수분 쿨링 젤 로션 80ml,lotion,1,5.000,0.0000,0.0000,1.0000,very_low,62.50,100.00,0.00,25.00,"평균별점 5.000, 리뷰 1건, 재구매율 0.0000, 프로필라벨율 1.0000"
prod_oy_a000000239819,헤라,[NEW] 헤라 컴피 컨디셔닝 에센스 150g,serum,1,3.000,0.0000,0.0000,1.0000,very_low,7.50,0.00,0.00,25.00,"평균별점 3.000, 리뷰 1건, 재구매율 0.0000, 프로필라벨율 1.0000"
prod_oy_a000000247202,아벤느,[민감/진정크림]아벤느 똘레랑스 하이드레이팅 크림 40ml,cream,1,5.000,0.0000,1.0000,0.0000,very_low,67.50,100.00,0.00,25.00,"평균별점 5.000, 리뷰 1건, 재구매율 0.0000, 프로필라벨율 0.0000"
prod_oy_a000000249099,이즈앤트리,[리뉴얼] 이즈앤트리 어니언 뉴페어 앰플 플러스 50ml,serum,1,5.000,0.0000,0.0000,1.0000,very_low,62.50,100.00,0.00,25.00,"평균별점 5.000, 리뷰 1건, 재구매율 0.0000, 프로필라벨율 1.0000"
prod_oy_a000000255069,허블룸,[NEW] 허블룸 콤부차 플랜트 바이옴 세럼 50ml,serum,1,5.000,0.0000,0.0000,1.0000,very_low,62.50,100.00,0.00,25.00,"평균별점 5.000, 리뷰 1건, 재구매율 0.0000, 프로필라벨율 1.0000"
prod_oy_a000000257200,비욘드,[NEW] 비욘드 엔젤 아쿠아 이온 히알루 10% 수분 가득 진정 앰플 50ml 1+1 기획,serum,1,5.000,0.0000,0.0000,0.0000,very_low,57.50,100.00,0.00,25.00,"평균별점 5.000, 리뷰 1건, 재구매율 0.0000, 프로필라벨율 0.0000"
prod_oy_a000000258047,넘버즈인,[탄력광채] 넘버즈인 9번 나드 바이오 리프팅 원액 에센스 50ml,serum,1,5.000,0.0000,0.0000,0.0000,very_low,57.50,100.00,0.00,25.00,"평균별점 5.000, 리뷰 1건, 재구매율 0.0000, 프로필라벨율 0.0000"
