product_id,stock_quantity,sales_status,safety_stock,inventory_source,updated_at
prod_oy_a000000258833,46,ON_SALE,3,AUTO_SEED,2026-07-02T06:48:07.319Z
prod_oy_a000000256045,23,ON_SALE,3,AUTO_SEED,2026-07-02T06:48:07.319Z
prod_oy_a000000255290,78,ON_SALE,3,AUTO_SEED,2026-07-02T06:48:07.319Z
prod_oy_a000000189181,53,ON_SALE,3,AUTO_SEED,2026-07-02T06:48:07.319Z
prod_oy_a000000255328,10,ON_SALE,3,AUTO_SEED,2026-07-02T06:48:07.319Z
prod_oy_a000000245794,26,ON_SALE,3,AUTO_SEED,2026-07-02T06:48:07.319Z
prod_oy_a000000190395,18,ON_SALE,3,AUTO_SEED,2026-07-02T06:48:07.319Z
prod_oy_a000000146589,26,ON_SALE,3,AUTO_SEED,2026-07-02T06:48:07.319Z
prod_oy_a000000004434,60,ON_SALE,3,AUTO_SEED,2026-07-02T06:48:07.319Z
prod_oy_a000000213171,62,ON_SALE,3,AUTO_SEED,2026-07-02T06:48:07.319Z
prod_oy_a000000207054,67,ON_SALE,3,AUTO_SEED,2026-07-02T06:48:07.319Z
prod_oy_a000000258792,62,ON_SALE,3,AUTO_SEED,2026-07-02T06:48:07.319Z
prod_oy_a000000211003,20,ON_SALE,3,AUTO_SEED,2026-07-02T06:48:07.319Z
prod_oy_a000000229456,9,ON_SALE,3,AUTO_SEED,2026-07-02T06:48:07.319Z
prod_oy_a000000157178,58,ON_SALE,3,AUTO_SEED,2026-07-02T06:48:07.319Z
prod_oy_a000000218549,32,ON_SALE,3,AUTO_SEED,2026-07-02T06:48:07.319Z
prod_oy_a000000245459,64,ON_SALE,3,AUTO_SEED,2026-07-02T06:48:07.319Z
prod_oy_a000000137180,49,ON_SALE,3,AUTO_SEED,2026-07-02T06:48:07.319Z
prod_oy_a000000223425,21,ON_SALE,3,AUTO_SEED,2026-07-02T06:48:07.319Z
prod_oy_a000000228907,69,ON_SALE,3,AUTO_SEED,2026-07-02T06:48:07.319Z
prod_oy_a000000154177,56,ON_SALE,3,AUTO_SEED,2026-07-02T06:48:07.319Z
prod_oy_a000000224583,17,ON_SALE,3,AUTO_SEED,2026-07-02T06:48:07.319Z
prod_oy_a000000254908,5,ON_SALE,3,AUTO_SEED,2026-07-02T06:48:07.319Z
prod_oy_a000000231891,21,ON_SALE,3,AUTO_SEED,2026-07-02T06:48:07.319Z
prod_oy_a000000249581,10,ON_SALE,3,AUTO_SEED,2026-07-02T06:48:07.319Z
prod_oy_a000000132162,28,ON_SALE,3,AUTO_SEED,2026-07-02T06:48:07.319Z
prod_oy_a000000251203,46,ON_SALE,3,AUTO_SEED,2026-07-02T06:48:07.319Z
prod_oy_a000000248498,20,ON_SALE,3,AUTO_SEED,2026-07-02T06:48:07.319Z
prod_oy_a000000229286,14,ON_SALE,3,AUTO_SEED,2026-07-02T06:48:07.319Z
prod_oy_a000000189488,51,ON_SALE,3,AUTO_SEED,2026-07-02T06:48:07.319Z
prod_oy_a000000222849,62,ON_SALE,3,AUTO_SEED,2026-07-02T06:48:07.319Z
prod_oy_a000000255384,56,ON_SALE,3,AUTO_SEED,2026-07-02T06:48:07.319Z
prod_oy_a000000214672,45,ON_SALE,3,AUTO_SEED,2026-07-02T06:48:07.319Z
prod_oy_a000000182787,0,SOLD_OUT,3,AUTO_SEED,2026-07-02T06:48:07.319Z
prod_oy_a000000250143,46,ON_SALE,3,AUTO_SEED,2026-07-02T06:48:07.319Z
prod_oy_a000000243679,54,ON_SALE,3,AUTO_SEED,2026-07-02T06:48:07.319Z
prod_oy_a000000248586,0,SOLD_OUT,3,AUTO_SEED,2026-07-02T06:48:07.319Z
prod_oy_a000000225063,21,ON_SALE,3,AUTO_SEED,2026-07-02T06:48:07.319Z
prod_oy_a000000139347,70,ON_SALE,3,AUTO_SEED,2026-07-02T06:48:07.319Z
prod_oy_a000000002839,9,ON_SALE,3,AUTO_SEED,2026-07-02T06:48:07.319Z
prod_oy_a000000174023,22,ON_SALE,3,AUTO_SEED,2026-07-02T06:48:07.319Z
prod_oy_a000000213492,80,ON_SALE,3,AUTO_SEED,2026-07-02T06:48:07.319Z
prod_oy_a000000210924,47,ON_SALE,3,AUTO_SEED,2026-07-02T06:48:07.319Z
prod_oy_a000000210550,78,ON_SALE,3,AUTO_SEED,2026-07-02T06:48:07.319Z
prod_oy_a000000182686,24,ON_SALE,3,AUTO_SEED,2026-07-02T06:48:07.319Z
prod_oy_a000000250711,75,ON_SALE,3,AUTO_SEED,2026-07-02T06:48:07.319Z
prod_oy_a000000260382,8,ON_SALE,3,AUTO_SEED,2026-07-02T06:48:07.319Z
prod_oy_a000000199405,29,ON_SALE,3,AUTO_SEED,2026-07-02T06:48:07.319Z
prod_oy_a000000256752,32,ON_SALE,3,AUTO_SEED,2026-07-02T06:48:07.319Z
prod_oy_a000000206025,6,ON_SALE,3,AUTO_SEED,2026-07-02T06:48:07.319Z
prod_oy_a000000165355,0,SOLD_OUT,3,AUTO_SEED,2026-07-02T06:48:07.319Z
prod_oy_a000000188874,0,SOLD_OUT,3,AUTO_SEED,2026-07-02T06:48:07.319Z
prod_oy_a000000257195,0,SOLD_OUT,3,AUTO_SEED,2026-07-02T06:48:07.319Z
prod_oy_a000000184790,28,ON_SALE,3,AUTO_SEED,2026-07-02T06:48:07.319Z
prod_oy_a000000155253,74,ON_SALE,3,AUTO_SEED,2026-07-02T06:48:07.319Z
prod_oy_a000000213097,43,ON_SALE,3,AUTO_SEED,2026-07-02T06:48:07.319Z
prod_oy_a000000252696,25,ON_SALE,3,AUTO_SEED,2026-07-02T06:48:07.319Z
prod_oy_a000000169683,48,ON_SALE,3,AUTO_SEED,2026-07-02T06:48:07.319Z
prod_oy_a000000204623,16,ON_SALE,3,AUTO_SEED,2026-07-02T06:48:07.319Z
prod_oy_a000000188990,10,ON_SALE,3,AUTO_SEED,2026-07-02T06:48:07.319Z
prod_oy_a000000203170,32,ON_SALE,3,AUTO_SEED,2026-07-02T06:48:07.319Z
prod_oy_a000000203171,31,ON_SALE,3,AUTO_SEED,2026-07-02T06:48:07.319Z
prod_oy_a000000214066,62,ON_SALE,3,AUTO_SEED,2026-07-02T06:48:07.319Z
prod_oy_a000000200039,41,ON_SALE,3,AUTO_SEED,2026-07-02T06:48:07.319Z
prod_oy_a000000228333,46,ON_SALE,3,AUTO_SEED,2026-07-02T06:48:07.319Z
prod_oy_a000000210415,18,ON_SALE,3,AUTO_SEED,2026-07-02T06:48:07.319Z
prod_oy_a000000214134,32,ON_SALE,3,AUTO_SEED,2026-07-02T06:48:07.319Z
prod_oy_a000000137445,21,ON_SALE,3,AUTO_SEED,2026-07-02T06:48:07.319Z
prod_oy_a000000153859,76,ON_SALE,3,AUTO_SEED,2026-07-02T06:48:07.319Z
prod_oy_a000000148285,27,ON_SALE,3,AUTO_SEED,2026-07-02T06:48:07.319Z
prod_oy_a000000203207,41,ON_SALE,3,AUTO_SEED,2026-07-02T06:48:07.319Z
prod_oy_a000000235207,60,ON_SALE,3,AUTO_SEED,2026-07-02T06:48:07.319Z
prod_oy_a000000164211,78,ON_SALE,3,AUTO_SEED,2026-07-02T06:48:07.319Z
prod_oy_a000000113806,34,ON_SALE,3,AUTO_SEED,2026-07-02T06:48:07.319Z
prod_oy_a000000115420,24,ON_SALE,3,AUTO_SEED,2026-07-02T06:48:07.319Z
prod_oy_a000000016873,78,ON_SALE,3,AUTO_SEED,2026-07-02T06:48:07.319Z
prod_oy_a000000129444,69,ON_SALE,3,AUTO_SEED,2026-07-02T06:48:07.319Z
prod_oy_a000000257541,11,ON_SALE,3,AUTO_SEED,2026-07-02T06:48:07.319Z
prod_oy_a000000201650,75,ON_SALE,3,AUTO_SEED,2026-07-02T06:48:07.319Z
prod_oy_a000000198874,72,ON_SALE,3,AUTO_SEED,2026-07-02T06:48:07.319Z
prod_oy_a000000197102,25,ON_SALE,3,AUTO_SEED,2026-07-02T06:48:07.319Z
prod_oy_a000000245813,74,ON_SALE,3,AUTO_SEED,2026-07-02T06:48:07.319Z
prod_oy_a000000252322,13,ON_SALE,3,AUTO_SEED,2026-07-02T06:48:07.319Z
prod_oy_a000000141327,79,ON_SALE,3,AUTO_SEED,2026-07-02T06:48:07.319Z
prod_oy_a000000160650,59,ON_SALE,3,AUTO_SEED,2026-07-02T06:48:07.319Z
prod_oy_a000000246774,13,ON_SALE,3,AUTO_SEED,2026-07-02T06:48:07.319Z
prod_oy_a000000170038,58,ON_SALE,3,AUTO_SEED,2026-07-02T06:48:07.319Z
prod_oy_a000000141900,6,ON_SALE,3,AUTO_SEED,2026-07-02T06:48:07.319Z
prod_oy_a000000222710,61,ON_SALE,3,AUTO_SEED,2026-07-02T06:48:07.319Z
prod_oy_a000000182583,76,ON_SALE,3,AUTO_SEED,2026-07-02T06:48:07.319Z
prod_oy_a000000181475,77,ON_SALE,3,AUTO_SEED,2026-07-02T06:48:07.319Z
prod_oy_a000000205391,25,ON_SALE,3,AUTO_SEED,2026-07-02T06:48:07.319Z
prod_oy_a000000223334,40,ON_SALE,3,AUTO_SEED,2026-07-02T06:48:07.319Z
prod_oy_a000000175354,10,ON_SALE,3,AUTO_SEED,2026-07-02T06:48:07.319Z
prod_oy_a000000207031,56,ON_SALE,3,AUTO_SEED,2026-07-02T06:48:07.319Z
prod_oy_a000000248031,29,ON_SALE,3,AUTO_SEED,2026-07-02T06:48:07.319Z
prod_oy_a000000199411,78,ON_SALE,3,AUTO_SEED,2026-07-02T06:48:07.319Z
prod_oy_a000000215222,17,ON_SALE,3,AUTO_SEED,2026-07-02T06:48:07.319Z
prod_oy_a000000199777,43,ON_SALE,3,AUTO_SEED,2026-07-02T06:48:07.319Z
prod_oy_a000000183751,74,ON_SALE,3,AUTO_SEED,2026-07-02T06:48:07.319Z
prod_oy_a000000224246,57,ON_SALE,3,AUTO_SEED,2026-07-02T06:48:12.495Z
prod_oy_a000000154540,36,ON_SALE,3,AUTO_SEED,2026-07-02T06:48:12.495Z
prod_oy_a000000143193,42,ON_SALE,3,AUTO_SEED,2026-07-02T06:48:12.495Z
prod_oy_a000000161571,46,ON_SALE,3,AUTO_SEED,2026-07-02T06:48:12.495Z
prod_oy_a000000258293,78,ON_SALE,3,AUTO_SEED,2026-07-02T06:48:12.495Z
prod_oy_a000000179255,62,ON_SALE,3,AUTO_SEED,2026-07-02T06:48:12.495Z
prod_oy_a000000205919,47,ON_SALE,3,AUTO_SEED,2026-07-02T06:48:12.495Z
prod_oy_a000000210050,19,ON_SALE,3,AUTO_SEED,2026-07-02T06:48:12.495Z
prod_oy_a000000221424,0,SOLD_OUT,3,AUTO_SEED,2026-07-02T06:48:12.495Z
prod_oy_a000000212250,75,ON_SALE,3,AUTO_SEED,2026-07-02T06:48:12.495Z
prod_oy_a000000229082,0,SOLD_OUT,3,AUTO_SEED,2026-07-02T06:48:12.495Z
prod_oy_a000000231459,29,ON_SALE,3,AUTO_SEED,2026-07-02T06:48:12.495Z
prod_oy_a000000257591,8,ON_SALE,3,AUTO_SEED,2026-07-02T06:48:12.495Z
prod_oy_a000000188048,66,ON_SALE,3,AUTO_SEED,2026-07-02T06:48:12.495Z
prod_oy_a000000254392,26,ON_SALE,3,AUTO_SEED,2026-07-02T06:48:12.495Z
prod_oy_a000000229463,57,ON_SALE,3,AUTO_SEED,2026-07-02T06:48:12.495Z
prod_oy_a000000204454,20,ON_SALE,3,AUTO_SEED,2026-07-02T06:48:12.495Z
prod_oy_a000000216469,17,ON_SALE,3,AUTO_SEED,2026-07-02T06:48:12.495Z
prod_oy_a000000219387,9,ON_SALE,3,AUTO_SEED,2026-07-02T06:48:12.495Z
prod_oy_a000000199652,7,ON_SALE,3,AUTO_SEED,2026-07-02T06:48:12.495Z
prod_oy_a000000233020,25,ON_SALE,3,AUTO_SEED,2026-07-02T06:48:12.495Z
prod_oy_a000000156040,55,ON_SALE,3,AUTO_SEED,2026-07-02T06:48:12.495Z
prod_oy_a000000179544,23,ON_SALE,3,AUTO_SEED,2026-07-02T06:48:12.495Z
prod_oy_a000000227666,30,ON_SALE,3,AUTO_SEED,2026-07-02T06:48:12.495Z
prod_oy_a000000221331,41,ON_SALE,3,AUTO_SEED,2026-07-02T06:48:12.495Z
prod_oy_a000000129474,52,ON_SALE,3,AUTO_SEED,2026-07-02T06:48:12.495Z
prod_oy_a000000011085,52,ON_SALE,3,AUTO_SEED,2026-07-02T06:48:12.495Z
prod_oy_a000000216574,18,ON_SALE,3,AUTO_SEED,2026-07-02T06:48:12.495Z
prod_oy_a000000237491,71,ON_SALE,3,AUTO_SEED,2026-07-02T06:48:12.495Z
prod_oy_a000000146262,0,SOLD_OUT,3,AUTO_SEED,2026-07-02T06:48:12.495Z
prod_oy_a000000115384,35,ON_SALE,3,AUTO_SEED,2026-07-02T06:48:12.495Z
prod_oy_a000000222697,7,ON_SALE,3,AUTO_SEED,2026-07-02T06:48:12.495Z
prod_oy_a000000129443,70,ON_SALE,3,AUTO_SEED,2026-07-02T06:48:12.495Z
prod_oy_a000000144551,49,ON_SALE,3,AUTO_SEED,2026-07-02T06:48:12.495Z
prod_oy_a000000184771,13,ON_SALE,3,AUTO_SEED,2026-07-02T06:48:12.495Z
prod_oy_a000000154506,78,ON_SALE,3,AUTO_SEED,2026-07-02T06:48:12.495Z
prod_oy_a000000104144,73,ON_SALE,3,AUTO_SEED,2026-07-02T06:48:12.495Z
prod_oy_a000000104167,8,ON_SALE,3,AUTO_SEED,2026-07-02T06:48:12.495Z
prod_oy_a000000104970,48,ON_SALE,3,AUTO_SEED,2026-07-02T06:48:12.495Z
prod_oy_a000000104976,42,ON_SALE,3,AUTO_SEED,2026-07-02T06:48:12.495Z
prod_oy_a000000113008,44,ON_SALE,3,AUTO_SEED,2026-07-02T06:48:12.495Z
prod_oy_a000000113009,43,ON_SALE,3,AUTO_SEED,2026-07-02T06:48:12.495Z
prod_oy_a000000113010,21,ON_SALE,3,AUTO_SEED,2026-07-02T06:48:12.495Z
prod_oy_a000000113011,20,ON_SALE,3,AUTO_SEED,2026-07-02T06:48:12.495Z
prod_oy_a000000115910,38,ON_SALE,3,AUTO_SEED,2026-07-02T06:48:12.495Z
prod_oy_a000000116659,53,ON_SALE,3,AUTO_SEED,2026-07-02T06:48:12.495Z
prod_oy_a000000117997,13,ON_SALE,3,AUTO_SEED,2026-07-02T06:48:12.495Z
prod_oy_a000000121246,0,SOLD_OUT,3,AUTO_SEED,2026-07-02T06:48:12.495Z
prod_oy_a000000121269,16,ON_SALE,3,AUTO_SEED,2026-07-02T06:48:12.495Z
prod_oy_a000000125507,0,SOLD_OUT,3,AUTO_SEED,2026-07-02T06:48:12.495Z
prod_oy_a000000128107,32,ON_SALE,3,AUTO_SEED,2026-07-02T06:48:12.495Z
prod_oy_a000000136077,45,ON_SALE,3,AUTO_SEED,2026-07-02T06:48:12.495Z
prod_oy_a000000137388,19,ON_SALE,3,AUTO_SEED,2026-07-02T06:48:12.495Z
prod_oy_a000000137657,42,ON_SALE,3,AUTO_SEED,2026-07-02T06:48:12.495Z
prod_oy_a000000144052,65,ON_SALE,3,AUTO_SEED,2026-07-02T06:48:12.495Z
prod_oy_a000000144122,33,ON_SALE,3,AUTO_SEED,2026-07-02T06:48:12.495Z
prod_oy_a000000145833,39,ON_SALE,3,AUTO_SEED,2026-07-02T06:48:12.495Z
prod_oy_a000000147360,44,ON_SALE,3,AUTO_SEED,2026-07-02T06:48:12.495Z
prod_oy_a000000147660,49,ON_SALE,3,AUTO_SEED,2026-07-02T06:48:12.495Z
prod_oy_a000000148252,0,SOLD_OUT,3,AUTO_SEED,2026-07-02T06:48:12.495Z
prod_oy_a000000150815,49,ON_SALE,3,AUTO_SEED,2026-07-02T06:48:12.495Z
prod_oy_a000000151356,18,ON_SALE,3,AUTO_SEED,2026-07-02T06:48:12.495Z
prod_oy_a000000155413,24,ON_SALE,3,AUTO_SEED,2026-07-02T06:48:12.495Z
prod_oy_a000000157294,27,ON_SALE,3,AUTO_SEED,2026-07-02T06:48:12.495Z
prod_oy_a000000158322,46,ON_SALE,3,AUTO_SEED,2026-07-02T06:48:12.495Z
prod_oy_a000000158930,27,ON_SALE,3,AUTO_SEED,2026-07-02T06:48:12.495Z
prod_oy_a000000162058,43,ON_SALE,3,AUTO_SEED,2026-07-02T06:48:12.495Z
prod_oy_a000000162977,73,ON_SALE,3,AUTO_SEED,2026-07-02T06:48:12.495Z
prod_oy_a000000163493,33,ON_SALE,3,AUTO_SEED,2026-07-02T06:48:12.495Z
prod_oy_a000000163734,71,ON_SALE,3,AUTO_SEED,2026-07-02T06:48:12.495Z
prod_oy_a000000165303,59,ON_SALE,3,AUTO_SEED,2026-07-02T06:48:12.495Z
prod_oy_a000000165360,28,ON_SALE,3,AUTO_SEED,2026-07-02T06:48:12.495Z
prod_oy_a000000165364,24,ON_SALE,3,AUTO_SEED,2026-07-02T06:48:12.495Z
prod_oy_a000000165366,22,ON_SALE,3,AUTO_SEED,2026-07-02T06:48:12.495Z
prod_oy_a000000166383,40,ON_SALE,3,AUTO_SEED,2026-07-02T06:48:12.495Z
prod_oy_a000000167276,0,SOLD_OUT,3,AUTO_SEED,2026-07-02T06:48:12.495Z
prod_oy_a000000167843,72,ON_SALE,3,AUTO_SEED,2026-07-02T06:48:12.495Z
prod_oy_a000000168269,71,ON_SALE,3,AUTO_SEED,2026-07-02T06:48:12.495Z
prod_oy_a000000169179,14,ON_SALE,3,AUTO_SEED,2026-07-02T06:48:12.495Z
prod_oy_a000000169999,16,ON_SALE,3,AUTO_SEED,2026-07-02T06:48:12.495Z
prod_oy_a000000170418,76,ON_SALE,3,AUTO_SEED,2026-07-02T06:48:12.495Z
prod_oy_a000000170638,68,ON_SALE,3,AUTO_SEED,2026-07-02T06:48:12.495Z
prod_oy_a000000171132,16,ON_SALE,3,AUTO_SEED,2026-07-02T06:48:12.495Z
prod_oy_a000000171755,37,ON_SALE,3,AUTO_SEED,2026-07-02T06:48:12.495Z
prod_oy_a000000176512,39,ON_SALE,3,AUTO_SEED,2026-07-02T06:48:12.495Z
prod_oy_a000000176978,31,ON_SALE,3,AUTO_SEED,2026-07-02T06:48:12.495Z
prod_oy_a000000177477,50,ON_SALE,3,AUTO_SEED,2026-07-02T06:48:12.495Z
prod_oy_a000000178648,45,ON_SALE,3,AUTO_SEED,2026-07-02T06:48:12.495Z
prod_oy_a000000180913,19,ON_SALE,3,AUTO_SEED,2026-07-02T06:48:12.495Z
prod_oy_a000000187241,50,ON_SALE,3,AUTO_SEED,2026-07-02T06:48:12.495Z
prod_oy_a000000188598,46,ON_SALE,3,AUTO_SEED,2026-07-02T06:48:12.495Z
prod_oy_a000000188830,17,ON_SALE,3,AUTO_SEED,2026-07-02T06:48:12.495Z
prod_oy_a000000189404,75,ON_SALE,3,AUTO_SEED,2026-07-02T06:48:12.495Z
prod_oy_a000000189586,80,ON_SALE,3,AUTO_SEED,2026-07-02T06:48:12.495Z
prod_oy_a000000191827,65,ON_SALE,3,AUTO_SEED,2026-07-02T06:48:12.495Z
prod_oy_a000000195660,50,ON_SALE,3,AUTO_SEED,2026-07-02T06:48:12.495Z
prod_oy_a000000197660,52,ON_SALE,3,AUTO_SEED,2026-07-02T06:48:12.495Z
prod_oy_a000000198834,44,ON_SALE,3,AUTO_SEED,2026-07-02T06:48:12.495Z
prod_oy_a000000199153,23,ON_SALE,3,AUTO_SEED,2026-07-02T06:48:12.495Z
prod_oy_a000000199507,0,SOLD_OUT,3,AUTO_SEED,2026-07-02T06:48:12.495Z
prod_oy_a000000199824,76,ON_SALE,3,AUTO_SEED,2026-07-02T06:48:17.353Z
prod_oy_a000000199847,11,ON_SALE,3,AUTO_SEED,2026-07-02T06:48:17.353Z
prod_oy_a000000201363,36,ON_SALE,3,AUTO_SEED,2026-07-02T06:48:17.353Z
prod_oy_a000000203564,15,ON_SALE,3,AUTO_SEED,2026-07-02T06:48:17.353Z
prod_oy_a000000204639,55,ON_SALE,3,AUTO_SEED,2026-07-02T06:48:17.353Z
prod_oy_a000000204652,76,ON_SALE,3,AUTO_SEED,2026-07-02T06:48:17.353Z
prod_oy_a000000205340,0,SOLD_OUT,3,AUTO_SEED,2026-07-02T06:48:17.353Z
prod_oy_a000000206694,28,ON_SALE,3,AUTO_SEED,2026-07-02T06:48:17.353Z
prod_oy_a000000207006,68,ON_SALE,3,AUTO_SEED,2026-07-02T06:48:17.353Z
prod_oy_a000000208030,58,ON_SALE,3,AUTO_SEED,2026-07-02T06:48:17.353Z
prod_oy_a000000208718,73,ON_SALE,3,AUTO_SEED,2026-07-02T06:48:17.353Z
prod_oy_a000000208896,6,ON_SALE,3,AUTO_SEED,2026-07-02T06:48:17.353Z
prod_oy_a000000208986,64,ON_SALE,3,AUTO_SEED,2026-07-02T06:48:17.353Z
prod_oy_a000000209588,31,ON_SALE,3,AUTO_SEED,2026-07-02T06:48:17.353Z
prod_oy_a000000209641,37,ON_SALE,3,AUTO_SEED,2026-07-02T06:48:17.353Z
prod_oy_a000000209908,0,SOLD_OUT,3,AUTO_SEED,2026-07-02T06:48:17.353Z
prod_oy_a000000210171,59,ON_SALE,3,AUTO_SEED,2026-07-02T06:48:17.353Z
prod_oy_a000000210950,34,ON_SALE,3,AUTO_SEED,2026-07-02T06:48:17.353Z
prod_oy_a000000211164,12,ON_SALE,3,AUTO_SEED,2026-07-02T06:48:17.353Z
prod_oy_a000000211218,38,ON_SALE,3,AUTO_SEED,2026-07-02T06:48:17.353Z
prod_oy_a000000211219,37,ON_SALE,3,AUTO_SEED,2026-07-02T06:48:17.353Z
prod_oy_a000000211858,76,ON_SALE,3,AUTO_SEED,2026-07-02T06:48:17.353Z
prod_oy_a000000212792,8,ON_SALE,3,AUTO_SEED,2026-07-02T06:48:17.353Z
prod_oy_a000000213385,5,ON_SALE,3,AUTO_SEED,2026-07-02T06:48:17.353Z
prod_oy_a000000213407,50,ON_SALE,3,AUTO_SEED,2026-07-02T06:48:17.353Z
prod_oy_a000000213413,23,ON_SALE,3,AUTO_SEED,2026-07-02T06:48:17.353Z
prod_oy_a000000213950,37,ON_SALE,3,AUTO_SEED,2026-07-02T06:48:17.353Z
prod_oy_a000000214034,5,ON_SALE,3,AUTO_SEED,2026-07-02T06:48:17.353Z
prod_oy_a000000214177,57,ON_SALE,3,AUTO_SEED,2026-07-02T06:48:17.353Z
prod_oy_a000000214179,55,ON_SALE,3,AUTO_SEED,2026-07-02T06:48:17.353Z
prod_oy_a000000214203,77,ON_SALE,3,AUTO_SEED,2026-07-02T06:48:17.353Z
prod_oy_a000000214254,73,ON_SALE,3,AUTO_SEED,2026-07-02T06:48:17.353Z
prod_oy_a000000214992,64,ON_SALE,3,AUTO_SEED,2026-07-02T06:48:17.353Z
prod_oy_a000000216459,48,ON_SALE,3,AUTO_SEED,2026-07-02T06:48:17.353Z
prod_oy_a000000219625,50,ON_SALE,3,AUTO_SEED,2026-07-02T06:48:17.353Z
prod_oy_a000000219966,6,ON_SALE,3,AUTO_SEED,2026-07-02T06:48:17.353Z
prod_oy_a000000219985,21,ON_SALE,3,AUTO_SEED,2026-07-02T06:48:17.353Z
prod_oy_a000000222250,30,ON_SALE,3,AUTO_SEED,2026-07-02T06:48:17.353Z
prod_oy_a000000222739,66,ON_SALE,3,AUTO_SEED,2026-07-02T06:48:17.353Z
prod_oy_a000000222939,44,ON_SALE,3,AUTO_SEED,2026-07-02T06:48:17.353Z
prod_oy_a000000223546,61,ON_SALE,3,AUTO_SEED,2026-07-02T06:48:17.353Z
prod_oy_a000000224040,9,ON_SALE,3,AUTO_SEED,2026-07-02T06:48:17.353Z
prod_oy_a000000224385,37,ON_SALE,3,AUTO_SEED,2026-07-02T06:48:17.353Z
prod_oy_a000000225066,18,ON_SALE,3,AUTO_SEED,2026-07-02T06:48:17.353Z
prod_oy_a000000225907,66,ON_SALE,3,AUTO_SEED,2026-07-02T06:48:17.353Z
prod_oy_a000000225919,33,ON_SALE,3,AUTO_SEED,2026-07-02T06:48:17.353Z
prod_oy_a000000226099,0,SOLD_OUT,3,AUTO_SEED,2026-07-02T06:48:17.353Z
prod_oy_a000000227275,44,ON_SALE,3,AUTO_SEED,2026-07-02T06:48:17.353Z
prod_oy_a000000228906,0,SOLD_OUT,3,AUTO_SEED,2026-07-02T06:48:17.353Z
prod_oy_a000000228908,68,ON_SALE,3,AUTO_SEED,2026-07-02T06:48:17.353Z
prod_oy_a000000229470,29,ON_SALE,3,AUTO_SEED,2026-07-02T06:48:17.353Z
prod_oy_a000000229487,67,ON_SALE,3,AUTO_SEED,2026-07-02T06:48:17.353Z
prod_oy_a000000229509,36,ON_SALE,3,AUTO_SEED,2026-07-02T06:48:17.353Z
prod_oy_a000000229521,58,ON_SALE,3,AUTO_SEED,2026-07-02T06:48:17.353Z
prod_oy_a000000229723,34,ON_SALE,3,AUTO_SEED,2026-07-02T06:48:17.353Z
prod_oy_a000000229955,69,ON_SALE,3,AUTO_SEED,2026-07-02T06:48:17.353Z
prod_oy_a000000230943,48,ON_SALE,3,AUTO_SEED,2026-07-02T06:48:17.353Z
prod_oy_a000000232188,9,ON_SALE,3,AUTO_SEED,2026-07-02T06:48:17.353Z
prod_oy_a000000232996,44,ON_SALE,3,AUTO_SEED,2026-07-02T06:48:17.353Z
prod_oy_a000000233002,9,ON_SALE,3,AUTO_SEED,2026-07-02T06:48:17.353Z
prod_oy_a000000234358,6,ON_SALE,3,AUTO_SEED,2026-07-02T06:48:17.353Z
prod_oy_a000000238511,43,ON_SALE,3,AUTO_SEED,2026-07-02T06:48:17.353Z
prod_oy_a000000241106,61,ON_SALE,3,AUTO_SEED,2026-07-02T06:48:17.353Z
prod_oy_a000000243855,0,SOLD_OUT,3,AUTO_SEED,2026-07-02T06:48:17.353Z
prod_oy_a000000244661,18,ON_SALE,3,AUTO_SEED,2026-07-02T06:48:17.353Z
prod_oy_a000000244993,80,ON_SALE,3,AUTO_SEED,2026-07-02T06:48:17.353Z
prod_oy_a000000246660,21,ON_SALE,3,AUTO_SEED,2026-07-02T06:48:17.353Z
prod_oy_a000000247057,36,ON_SALE,3,AUTO_SEED,2026-07-02T06:48:17.353Z
prod_oy_a000000247112,40,ON_SALE,3,AUTO_SEED,2026-07-02T06:48:17.353Z
prod_oy_a000000248574,37,ON_SALE,3,AUTO_SEED,2026-07-02T06:48:17.353Z
prod_oy_a000000248974,69,ON_SALE,3,AUTO_SEED,2026-07-02T06:48:17.353Z
prod_oy_a000000248981,41,ON_SALE,3,AUTO_SEED,2026-07-02T06:48:17.353Z
prod_oy_a000000248983,39,ON_SALE,3,AUTO_SEED,2026-07-02T06:48:17.353Z
prod_oy_a000000248985,37,ON_SALE,3,AUTO_SEED,2026-07-02T06:48:17.353Z
prod_oy_a000000249480,60,ON_SALE,3,AUTO_SEED,2026-07-02T06:48:17.353Z
prod_oy_a000000251196,41,ON_SALE,3,AUTO_SEED,2026-07-02T06:48:17.353Z
prod_oy_a000000251806,53,ON_SALE,3,AUTO_SEED,2026-07-02T06:48:17.353Z
prod_oy_a000000251814,24,ON_SALE,3,AUTO_SEED,2026-07-02T06:48:17.353Z
prod_oy_a000000251819,19,ON_SALE,3,AUTO_SEED,2026-07-02T06:48:17.353Z
prod_oy_a000000252666,42,ON_SALE,3,AUTO_SEED,2026-07-02T06:48:17.353Z
prod_oy_a000000252670,17,ON_SALE,3,AUTO_SEED,2026-07-02T06:48:17.353Z
prod_oy_a000000252722,45,ON_SALE,3,AUTO_SEED,2026-07-02T06:48:17.353Z
prod_oy_a000000255442,57,ON_SALE,3,AUTO_SEED,2026-07-02T06:48:17.353Z
prod_oy_a000000256079,78,ON_SALE,3,AUTO_SEED,2026-07-02T06:48:17.353Z
prod_oy_a000000257084,53,ON_SALE,3,AUTO_SEED,2026-07-02T06:48:17.353Z
prod_oy_a000000257653,5,ON_SALE,3,AUTO_SEED,2026-07-02T06:48:17.353Z
prod_oy_a000000257657,77,ON_SALE,3,AUTO_SEED,2026-07-02T06:48:17.353Z
prod_oy_a000000257660,53,ON_SALE,3,AUTO_SEED,2026-07-02T06:48:17.353Z
prod_oy_a000000258292,79,ON_SALE,3,AUTO_SEED,2026-07-02T06:48:17.353Z
prod_oy_a000000258894,11,ON_SALE,3,AUTO_SEED,2026-07-02T06:48:17.353Z
prod_oy_a000000159921,58,ON_SALE,3,AUTO_SEED,2026-07-02T06:48:17.353Z
prod_oy_a000000223625,75,ON_SALE,3,AUTO_SEED,2026-07-02T06:48:17.353Z
prod_oy_a000000243074,49,ON_SALE,3,AUTO_SEED,2026-07-02T06:48:17.353Z
prod_oy_a000000180024,48,ON_SALE,3,AUTO_SEED,2026-07-02T06:48:17.353Z
prod_oy_a000000228953,70,ON_SALE,3,AUTO_SEED,2026-07-02T06:48:17.353Z
prod_oy_a000000104169,0,SOLD_OUT,3,AUTO_SEED,2026-07-02T06:48:17.353Z
prod_oy_a000000116658,54,ON_SALE,3,AUTO_SEED,2026-07-02T06:48:17.353Z
prod_oy_a000000118247,56,ON_SALE,3,AUTO_SEED,2026-07-02T06:48:17.353Z
prod_oy_a000000128323,28,ON_SALE,3,AUTO_SEED,2026-07-02T06:48:17.353Z
prod_oy_a000000137417,36,ON_SALE,3,AUTO_SEED,2026-07-02T06:48:17.353Z
prod_oy_a000000139348,69,ON_SALE,3,AUTO_SEED,2026-07-02T07:11:07.260Z
prod_oy_a000000141330,55,ON_SALE,3,AUTO_SEED,2026-07-02T07:11:07.260Z
prod_oy_a000000141417,61,ON_SALE,3,AUTO_SEED,2026-07-02T07:11:07.260Z
prod_oy_a000000144042,20,ON_SALE,3,AUTO_SEED,2026-07-02T07:11:07.260Z
prod_oy_a000000144807,51,ON_SALE,3,AUTO_SEED,2026-07-02T07:11:07.260Z
prod_oy_a000000151890,35,ON_SALE,3,AUTO_SEED,2026-07-02T07:11:07.260Z
prod_oy_a000000152514,47,ON_SALE,3,AUTO_SEED,2026-07-02T07:11:07.260Z
prod_oy_a000000157768,23,ON_SALE,3,AUTO_SEED,2026-07-02T07:11:07.260Z
prod_oy_a000000158369,67,ON_SALE,3,AUTO_SEED,2026-07-02T07:11:07.260Z
prod_oy_a000000158921,57,ON_SALE,3,AUTO_SEED,2026-07-02T07:11:07.260Z
prod_oy_a000000159291,32,ON_SALE,3,AUTO_SEED,2026-07-02T07:11:07.260Z
prod_oy_a000000159466,22,ON_SALE,3,AUTO_SEED,2026-07-02T07:11:07.260Z
prod_oy_a000000160436,61,ON_SALE,3,AUTO_SEED,2026-07-02T07:11:07.260Z
prod_oy_a000000161314,0,SOLD_OUT,3,AUTO_SEED,2026-07-02T07:11:07.260Z
prod_oy_a000000162056,45,ON_SALE,3,AUTO_SEED,2026-07-02T07:11:07.260Z
prod_oy_a000000173994,46,ON_SALE,3,AUTO_SEED,2026-07-02T07:11:07.260Z
prod_oy_a000000176320,32,ON_SALE,3,AUTO_SEED,2026-07-02T07:11:07.260Z
prod_oy_a000000178075,21,ON_SALE,3,AUTO_SEED,2026-07-02T07:11:07.260Z
prod_oy_a000000178514,39,ON_SALE,3,AUTO_SEED,2026-07-02T07:11:07.260Z
prod_oy_a000000178990,55,ON_SALE,3,AUTO_SEED,2026-07-02T07:11:07.260Z
prod_oy_a000000181193,0,SOLD_OUT,3,AUTO_SEED,2026-07-02T07:11:07.260Z
prod_oy_a000000182486,46,ON_SALE,3,AUTO_SEED,2026-07-02T07:11:07.260Z
prod_oy_a000000184965,18,ON_SALE,3,AUTO_SEED,2026-07-02T07:11:07.260Z
prod_oy_a000000187652,50,ON_SALE,3,AUTO_SEED,2026-07-02T07:11:07.260Z
prod_oy_a000000191894,79,ON_SALE,3,AUTO_SEED,2026-07-02T07:11:07.260Z
prod_oy_a000000198625,20,ON_SALE,3,AUTO_SEED,2026-07-02T07:11:07.260Z
prod_oy_a000000199399,23,ON_SALE,3,AUTO_SEED,2026-07-02T07:11:07.260Z
prod_oy_a000000199669,45,ON_SALE,3,AUTO_SEED,2026-07-02T07:11:07.260Z
prod_oy_a000000200229,50,ON_SALE,3,AUTO_SEED,2026-07-02T07:11:07.260Z
prod_oy_a000000206289,22,ON_SALE,3,AUTO_SEED,2026-07-02T07:11:07.260Z
prod_oy_a000000209712,80,ON_SALE,3,AUTO_SEED,2026-07-02T07:11:07.260Z
prod_oy_a000000211569,39,ON_SALE,3,AUTO_SEED,2026-07-02T07:11:07.260Z
prod_oy_a000000212908,31,ON_SALE,3,AUTO_SEED,2026-07-02T07:11:07.260Z
prod_oy_a000000214753,57,ON_SALE,3,AUTO_SEED,2026-07-02T07:11:07.260Z
prod_oy_a000000217325,43,ON_SALE,3,AUTO_SEED,2026-07-02T07:11:07.260Z
prod_oy_a000000217777,70,ON_SALE,3,AUTO_SEED,2026-07-02T07:11:07.260Z
prod_oy_a000000218716,0,SOLD_OUT,3,AUTO_SEED,2026-07-02T07:11:07.260Z
prod_oy_a000000219144,6,ON_SALE,3,AUTO_SEED,2026-07-02T07:11:07.260Z
prod_oy_a000000223627,73,ON_SALE,3,AUTO_SEED,2026-07-02T07:11:07.260Z
prod_oy_a000000223783,70,ON_SALE,3,AUTO_SEED,2026-07-02T07:11:07.260Z
prod_oy_a000000225492,37,ON_SALE,3,AUTO_SEED,2026-07-02T07:11:07.260Z
prod_oy_a000000226474,22,ON_SALE,3,AUTO_SEED,2026-07-02T07:11:07.260Z
prod_oy_a000000227223,49,ON_SALE,3,AUTO_SEED,2026-07-02T07:11:07.260Z
prod_oy_a000000229965,38,ON_SALE,3,AUTO_SEED,2026-07-02T07:11:07.260Z
prod_oy_a000000231074,16,ON_SALE,3,AUTO_SEED,2026-07-02T07:11:07.260Z
prod_oy_a000000233187,11,ON_SALE,3,AUTO_SEED,2026-07-02T07:11:07.260Z
prod_oy_a000000242750,75,ON_SALE,3,AUTO_SEED,2026-07-02T07:11:07.260Z
prod_oy_a000000244833,11,ON_SALE,3,AUTO_SEED,2026-07-02T07:11:07.260Z
prod_oy_a000000255602,7,ON_SALE,3,AUTO_SEED,2026-07-02T07:11:07.260Z
prod_oy_a000000255324,14,ON_SALE,3,AUTO_SEED,2026-07-02T07:11:07.260Z
prod_oy_a000000259488,7,ON_SALE,3,AUTO_SEED,2026-07-02T07:11:07.260Z
prod_oy_a000000258878,69,ON_SALE,3,AUTO_SEED,2026-07-02T07:11:07.260Z
prod_oy_a000000258877,70,ON_SALE,3,AUTO_SEED,2026-07-02T07:11:07.260Z
prod_oy_a000000259069,36,ON_SALE,3,AUTO_SEED,2026-07-02T07:11:07.260Z
prod_oy_a000000258879,68,ON_SALE,3,AUTO_SEED,2026-07-02T07:11:07.260Z
prod_oy_a000000243677,56,ON_SALE,3,AUTO_SEED,2026-07-02T07:11:07.260Z
prod_oy_a000000231885,48,ON_SALE,3,AUTO_SEED,2026-07-02T07:11:07.260Z
prod_oy_a000000200646,23,ON_SALE,3,AUTO_SEED,2026-07-02T07:11:07.260Z
prod_oy_a000000258291,80,ON_SALE,3,AUTO_SEED,2026-07-02T07:11:07.260Z
prod_oy_a000000224494,0,SOLD_OUT,3,AUTO_SEED,2026-07-02T07:11:07.260Z
prod_oy_a000000250199,37,ON_SALE,3,AUTO_SEED,2026-07-02T07:11:07.260Z
prod_oy_a000000259221,70,ON_SALE,3,AUTO_SEED,2026-07-02T07:11:07.260Z
prod_oy_a000000255227,60,ON_SALE,3,AUTO_SEED,2026-07-02T07:11:07.260Z
prod_oy_a000000158615,79,ON_SALE,3,AUTO_SEED,2026-07-02T07:11:07.260Z
prod_oy_a000000254661,49,ON_SALE,3,AUTO_SEED,2026-07-02T07:11:07.260Z
prod_oy_a000000222698,6,ON_SALE,3,AUTO_SEED,2026-07-02T07:11:07.260Z
prod_oy_a000000189837,11,ON_SALE,3,AUTO_SEED,2026-07-02T07:11:07.260Z
prod_oy_a000000183707,71,ON_SALE,3,AUTO_SEED,2026-07-02T07:11:07.260Z
prod_oy_a000000225217,74,ON_SALE,3,AUTO_SEED,2026-07-02T07:11:07.260Z
prod_oy_a000000231832,54,ON_SALE,3,AUTO_SEED,2026-07-02T07:11:07.260Z
prod_oy_a000000255620,23,ON_SALE,3,AUTO_SEED,2026-07-02T07:11:07.260Z
prod_oy_a000000219717,30,ON_SALE,3,AUTO_SEED,2026-07-02T07:11:07.260Z
prod_oy_a000000258649,31,ON_SALE,3,AUTO_SEED,2026-07-02T07:11:07.260Z
prod_oy_a000000252982,65,ON_SALE,3,AUTO_SEED,2026-07-02T07:11:07.260Z
prod_oy_a000000157350,30,ON_SALE,3,AUTO_SEED,2026-07-02T07:11:07.260Z
prod_oy_a000000207225,61,ON_SALE,3,AUTO_SEED,2026-07-02T07:11:07.260Z
prod_oy_a000000217326,42,ON_SALE,3,AUTO_SEED,2026-07-02T07:11:07.260Z
prod_oy_a000000229790,48,ON_SALE,3,AUTO_SEED,2026-07-02T07:11:07.260Z
prod_oy_a000000258743,64,ON_SALE,3,AUTO_SEED,2026-07-02T07:11:07.260Z
prod_oy_a000000231293,9,ON_SALE,3,AUTO_SEED,2026-07-02T07:11:07.260Z
prod_oy_a000000222839,17,ON_SALE,3,AUTO_SEED,2026-07-02T07:11:07.260Z
prod_oy_a000000250773,39,ON_SALE,3,AUTO_SEED,2026-07-02T07:11:07.260Z
prod_oy_a000000222837,19,ON_SALE,3,AUTO_SEED,2026-07-02T07:11:07.260Z
prod_oy_a000000258676,17,ON_SALE,3,AUTO_SEED,2026-07-02T07:11:07.260Z
prod_oy_a000000255834,42,ON_SALE,3,AUTO_SEED,2026-07-02T07:11:07.260Z
prod_oy_a000000258824,76,ON_SALE,3,AUTO_SEED,2026-07-02T07:11:07.260Z
prod_oy_a000000250344,0,SOLD_OUT,3,AUTO_SEED,2026-07-02T07:11:07.260Z
prod_oy_a000000255701,35,ON_SALE,3,AUTO_SEED,2026-07-02T07:11:07.260Z
prod_oy_a000000231884,49,ON_SALE,3,AUTO_SEED,2026-07-02T07:11:07.260Z
prod_oy_a000000232212,31,ON_SALE,3,AUTO_SEED,2026-07-02T07:11:07.260Z
prod_oy_a000000188065,0,SOLD_OUT,3,AUTO_SEED,2026-07-02T07:11:07.260Z
prod_oy_a000000255330,0,SOLD_OUT,3,AUTO_SEED,2026-07-02T07:11:07.260Z
prod_oy_a000000255242,79,ON_SALE,3,AUTO_SEED,2026-07-02T07:11:07.260Z
prod_oy_a000000188004,0,SOLD_OUT,3,AUTO_SEED,2026-07-02T07:11:07.260Z
prod_oy_a000000184060,8,ON_SALE,3,AUTO_SEED,2026-07-02T07:11:07.260Z
prod_oy_a000000232436,19,ON_SALE,3,AUTO_SEED,2026-07-02T07:11:07.260Z
prod_oy_a000000231779,48,ON_SALE,3,AUTO_SEED,2026-07-02T07:11:07.260Z
prod_oy_a000000214675,42,ON_SALE,3,AUTO_SEED,2026-07-02T07:11:07.260Z
prod_oy_a000000242720,16,ON_SALE,3,AUTO_SEED,2026-07-02T07:11:07.260Z
prod_oy_a000000230854,65,ON_SALE,3,AUTO_SEED,2026-07-02T07:11:07.260Z
prod_oy_a000000203971,19,ON_SALE,3,AUTO_SEED,2026-07-02T07:11:14.032Z
prod_oy_a000000254723,46,ON_SALE,3,AUTO_SEED,2026-07-02T07:11:14.032Z
prod_oy_a000000255684,61,ON_SALE,3,AUTO_SEED,2026-07-02T07:11:14.032Z
prod_oy_a000000224025,66,ON_SALE,3,AUTO_SEED,2026-07-02T07:11:14.032Z
prod_oy_a000000226201,36,ON_SALE,3,AUTO_SEED,2026-07-02T07:11:14.032Z
prod_oy_a000000204071,5,ON_SALE,3,AUTO_SEED,2026-07-02T07:11:14.032Z
prod_oy_a000000233390,41,ON_SALE,3,AUTO_SEED,2026-07-02T07:11:14.032Z
prod_oy_a000000159468,20,ON_SALE,3,AUTO_SEED,2026-07-02T07:11:14.032Z
prod_oy_a000000250225,57,ON_SALE,3,AUTO_SEED,2026-07-02T07:11:14.032Z
prod_oy_a000000206433,9,ON_SALE,3,AUTO_SEED,2026-07-02T07:11:14.032Z
prod_oy_a000000128529,0,SOLD_OUT,3,AUTO_SEED,2026-07-02T07:11:14.032Z
prod_oy_a000000211119,10,ON_SALE,3,AUTO_SEED,2026-07-02T07:11:14.032Z
prod_oy_a000000166013,24,ON_SALE,3,AUTO_SEED,2026-07-02T07:11:14.032Z
prod_oy_a000000246897,51,ON_SALE,3,AUTO_SEED,2026-07-02T07:11:14.032Z
prod_oy_a000000254111,69,ON_SALE,3,AUTO_SEED,2026-07-02T07:11:14.032Z
prod_oy_a000000237409,38,ON_SALE,3,AUTO_SEED,2026-07-02T07:11:14.032Z
prod_oy_a000000184133,49,ON_SALE,3,AUTO_SEED,2026-07-02T07:11:14.032Z
prod_oy_a000000219609,32,ON_SALE,3,AUTO_SEED,2026-07-02T07:11:14.032Z
prod_oy_a000000242563,63,ON_SALE,3,AUTO_SEED,2026-07-02T07:11:14.032Z
prod_oy_a000000242341,73,ON_SALE,3,AUTO_SEED,2026-07-02T07:11:14.032Z
prod_oy_a000000259697,31,ON_SALE,3,AUTO_SEED,2026-07-02T07:11:14.032Z
prod_oy_a000000218586,63,ON_SALE,3,AUTO_SEED,2026-07-02T07:11:14.032Z
prod_oy_a000000235178,43,ON_SALE,3,AUTO_SEED,2026-07-02T07:11:14.032Z
prod_oy_a000000189544,54,ON_SALE,3,AUTO_SEED,2026-07-02T07:11:14.032Z
prod_oy_a000000235338,69,ON_SALE,3,AUTO_SEED,2026-07-02T07:11:14.032Z
prod_oy_a000000256049,19,ON_SALE,3,AUTO_SEED,2026-07-02T07:11:14.032Z
prod_oy_a000000248589,77,ON_SALE,3,AUTO_SEED,2026-07-02T07:11:14.032Z
prod_oy_a000000235051,9,ON_SALE,3,AUTO_SEED,2026-07-02T07:11:14.032Z
prod_oy_a000000233771,58,ON_SALE,3,AUTO_SEED,2026-07-02T07:11:14.032Z
prod_oy_a000000203925,0,SOLD_OUT,3,AUTO_SEED,2026-07-02T07:11:14.032Z
prod_oy_a000000210068,56,ON_SALE,3,AUTO_SEED,2026-07-02T07:11:14.032Z
prod_oy_a000000180410,39,ON_SALE,3,AUTO_SEED,2026-07-02T07:11:14.032Z
prod_oy_a000000149963,0,SOLD_OUT,3,AUTO_SEED,2026-07-02T07:11:14.032Z
prod_oy_a000000238406,42,ON_SALE,3,AUTO_SEED,2026-07-02T07:11:14.032Z
prod_oy_a000000222797,34,ON_SALE,3,AUTO_SEED,2026-07-02T07:11:14.032Z
prod_oy_a000000255686,59,ON_SALE,3,AUTO_SEED,2026-07-02T07:11:14.032Z
prod_oy_a000000257698,28,ON_SALE,3,AUTO_SEED,2026-07-02T07:11:14.032Z
prod_oy_a000000242565,61,ON_SALE,3,AUTO_SEED,2026-07-02T07:11:14.032Z
prod_oy_a000000208860,29,ON_SALE,3,AUTO_SEED,2026-07-02T07:11:14.032Z
prod_oy_a000000241852,0,SOLD_OUT,3,AUTO_SEED,2026-07-02T07:11:14.032Z
prod_oy_a000000189171,8,ON_SALE,3,AUTO_SEED,2026-07-02T07:11:14.032Z
prod_oy_a000000245091,68,ON_SALE,3,AUTO_SEED,2026-07-02T07:11:14.032Z
prod_oy_a000000149966,50,ON_SALE,3,AUTO_SEED,2026-07-02T07:11:14.032Z
prod_oy_a000000209559,47,ON_SALE,3,AUTO_SEED,2026-07-02T07:11:14.032Z
prod_oy_a000000188968,19,ON_SALE,3,AUTO_SEED,2026-07-02T07:11:14.032Z
prod_oy_a000000200328,78,ON_SALE,3,AUTO_SEED,2026-07-02T07:11:14.032Z
prod_oy_a000000255430,14,ON_SALE,3,AUTO_SEED,2026-07-02T07:11:14.032Z
prod_oy_a000000180890,51,ON_SALE,3,AUTO_SEED,2026-07-02T07:11:14.032Z
prod_oy_a000000258832,0,SOLD_OUT,3,AUTO_SEED,2026-07-02T07:11:14.032Z
prod_oy_a000000254719,71,ON_SALE,3,AUTO_SEED,2026-07-02T07:11:14.032Z
prod_oy_a000000258469,67,ON_SALE,3,AUTO_SEED,2026-07-02T07:11:14.032Z
prod_oy_a000000103391,50,ON_SALE,3,AUTO_SEED,2026-07-02T07:11:14.032Z
prod_oy_a000000235050,10,ON_SALE,3,AUTO_SEED,2026-07-02T07:11:14.032Z
prod_oy_a000000141333,52,ON_SALE,3,AUTO_SEED,2026-07-02T07:11:14.032Z
prod_oy_a000000206547,77,ON_SALE,3,AUTO_SEED,2026-07-02T07:11:14.032Z
prod_oy_a000000258445,57,ON_SALE,3,AUTO_SEED,2026-07-02T07:11:14.032Z
prod_oy_a000000247092,69,ON_SALE,3,AUTO_SEED,2026-07-02T07:11:14.032Z
prod_oy_a000000242719,0,SOLD_OUT,3,AUTO_SEED,2026-07-02T07:11:14.032Z
prod_oy_a000000219550,11,ON_SALE,3,AUTO_SEED,2026-07-02T07:11:14.032Z
prod_oy_a000000189054,40,ON_SALE,3,AUTO_SEED,2026-07-02T07:11:14.032Z
prod_oy_a000000255719,0,SOLD_OUT,3,AUTO_SEED,2026-07-02T07:11:14.032Z
prod_oy_a000000253383,55,ON_SALE,3,AUTO_SEED,2026-07-02T07:11:14.032Z
prod_oy_a000000233336,0,SOLD_OUT,3,AUTO_SEED,2026-07-02T07:11:14.032Z
prod_oy_a000000184772,12,ON_SALE,3,AUTO_SEED,2026-07-02T07:11:14.032Z
prod_oy_a000000244411,43,ON_SALE,3,AUTO_SEED,2026-07-02T07:11:14.032Z
prod_oy_a000000250346,21,ON_SALE,3,AUTO_SEED,2026-07-02T07:11:14.032Z
prod_oy_a000000219274,16,ON_SALE,3,AUTO_SEED,2026-07-02T07:11:14.032Z
prod_oy_a000000254065,35,ON_SALE,3,AUTO_SEED,2026-07-02T07:11:14.032Z
prod_oy_a000000251276,54,ON_SALE,3,AUTO_SEED,2026-07-02T07:11:14.032Z
prod_oy_a000000259605,8,ON_SALE,3,AUTO_SEED,2026-07-02T07:11:14.032Z
prod_oy_a000000216520,25,ON_SALE,3,AUTO_SEED,2026-07-02T07:11:14.032Z
prod_oy_a000000233882,53,ON_SALE,3,AUTO_SEED,2026-07-02T07:11:14.032Z
prod_oy_a000000203876,63,ON_SALE,3,AUTO_SEED,2026-07-02T07:11:14.032Z
prod_oy_a000000229789,70,ON_SALE,3,AUTO_SEED,2026-07-02T07:11:14.032Z
prod_oy_a000000209298,71,ON_SALE,3,AUTO_SEED,2026-07-02T07:11:14.032Z
prod_oy_a000000231894,18,ON_SALE,3,AUTO_SEED,2026-07-02T07:11:14.032Z
prod_oy_a000000224329,0,SOLD_OUT,3,AUTO_SEED,2026-07-02T07:11:14.032Z
prod_oy_a000000229221,53,ON_SALE,3,AUTO_SEED,2026-07-02T07:11:14.032Z
prod_oy_a000000210407,47,ON_SALE,3,AUTO_SEED,2026-07-02T07:11:14.032Z
prod_oy_a000000249582,9,ON_SALE,3,AUTO_SEED,2026-07-02T07:11:14.032Z
prod_oy_a000000208708,28,ON_SALE,3,AUTO_SEED,2026-07-02T07:11:14.032Z
prod_oy_a000000224023,68,ON_SALE,3,AUTO_SEED,2026-07-02T07:11:14.032Z
prod_oy_a000000228804,45,ON_SALE,3,AUTO_SEED,2026-07-02T07:11:14.032Z
prod_oy_a000000202469,58,ON_SALE,3,AUTO_SEED,2026-07-02T07:11:14.032Z
prod_oy_a000000257200,55,ON_SALE,3,AUTO_SEED,2026-07-02T07:11:14.032Z
prod_oy_a000000204633,61,ON_SALE,3,AUTO_SEED,2026-07-02T07:11:14.032Z
prod_oy_a000000152102,48,ON_SALE,3,AUTO_SEED,2026-07-02T07:11:14.032Z
prod_oy_a000000218587,62,ON_SALE,3,AUTO_SEED,2026-07-02T07:11:14.032Z
prod_oy_a000000206153,18,ON_SALE,3,AUTO_SEED,2026-07-02T07:11:14.032Z
prod_oy_a000000232179,0,SOLD_OUT,3,AUTO_SEED,2026-07-02T07:11:14.032Z
prod_oy_a000000249153,69,ON_SALE,3,AUTO_SEED,2026-07-02T07:11:14.032Z
prod_oy_a000000225216,75,ON_SALE,3,AUTO_SEED,2026-07-02T07:11:14.032Z
prod_oy_a000000144051,66,ON_SALE,3,AUTO_SEED,2026-07-02T07:11:14.032Z
prod_oy_a000000251844,7,ON_SALE,3,AUTO_SEED,2026-07-02T07:11:14.032Z
prod_oy_a000000250253,42,ON_SALE,3,AUTO_SEED,2026-07-02T07:11:14.032Z
prod_oy_a000000211052,18,ON_SALE,3,AUTO_SEED,2026-07-02T07:11:14.032Z
prod_oy_a000000237728,58,ON_SALE,3,AUTO_SEED,2026-07-02T07:11:14.032Z
prod_oy_a000000234012,55,ON_SALE,3,AUTO_SEED,2026-07-02T07:11:14.032Z
prod_oy_a000000256153,21,ON_SALE,3,AUTO_SEED,2026-07-02T07:11:14.032Z
prod_oy_a000000149970,25,ON_SALE,3,AUTO_SEED,2026-07-02T07:11:14.032Z
prod_oy_a000000202462,65,ON_SALE,3,AUTO_SEED,2026-07-02T07:11:15.827Z
prod_oy_a000000254773,43,ON_SALE,3,AUTO_SEED,2026-07-02T07:11:15.827Z
prod_oy_a000000192699,21,ON_SALE,3,AUTO_SEED,2026-07-02T07:11:15.827Z
prod_oy_a000000228599,60,ON_SALE,3,AUTO_SEED,2026-07-02T07:11:15.827Z
prod_oy_a000000229490,43,ON_SALE,3,AUTO_SEED,2026-07-02T07:11:15.827Z
prod_oy_a000000249803,33,ON_SALE,3,AUTO_SEED,2026-07-02T07:11:15.827Z
prod_oy_a000000251318,37,ON_SALE,3,AUTO_SEED,2026-07-02T07:11:15.827Z
prod_oy_a000000243435,52,ON_SALE,3,AUTO_SEED,2026-07-02T07:11:15.827Z
prod_oy_a000000251364,38,ON_SALE,3,AUTO_SEED,2026-07-02T07:11:15.827Z
prod_oy_a000000253578,0,SOLD_OUT,3,AUTO_SEED,2026-07-02T07:11:15.827Z
prod_oy_a000000257096,20,ON_SALE,3,AUTO_SEED,2026-07-02T07:11:15.827Z
prod_oy_a000000246575,34,ON_SALE,3,AUTO_SEED,2026-07-02T07:11:15.827Z
prod_oy_a000000188233,80,ON_SALE,3,AUTO_SEED,2026-07-02T07:11:15.827Z
prod_oy_a000000214258,69,ON_SALE,3,AUTO_SEED,2026-07-02T07:11:15.827Z
prod_oy_a000000188206,18,ON_SALE,3,AUTO_SEED,2026-07-02T07:11:15.827Z
prod_oy_a000000180409,61,ON_SALE,3,AUTO_SEED,2026-07-02T07:11:15.827Z
prod_oy_a000000237831,0,SOLD_OUT,3,AUTO_SEED,2026-07-02T07:11:15.827Z
prod_oy_a000000210654,25,ON_SALE,3,AUTO_SEED,2026-07-02T07:11:15.827Z
prod_oy_a000000158929,49,ON_SALE,3,AUTO_SEED,2026-07-02T07:11:15.827Z
prod_oy_a000000210867,45,ON_SALE,3,AUTO_SEED,2026-07-02T07:11:15.827Z
prod_oy_a000000227409,7,ON_SALE,3,AUTO_SEED,2026-07-02T07:11:15.827Z
prod_oy_a000000221651,60,ON_SALE,3,AUTO_SEED,2026-07-02T07:11:15.827Z
prod_oy_a000000159280,64,ON_SALE,3,AUTO_SEED,2026-07-02T07:11:15.827Z
prod_oy_a000000188493,24,ON_SALE,3,AUTO_SEED,2026-07-02T07:11:15.827Z
prod_oy_a000000246194,17,ON_SALE,3,AUTO_SEED,2026-07-02T07:11:15.827Z
prod_oy_a000000254656,75,ON_SALE,3,AUTO_SEED,2026-07-02T07:11:15.827Z
prod_oy_a000000203126,29,ON_SALE,3,AUTO_SEED,2026-07-02T07:11:15.827Z
prod_oy_a000000200604,73,ON_SALE,3,AUTO_SEED,2026-07-02T07:11:15.827Z
prod_oy_a000000243070,53,ON_SALE,3,AUTO_SEED,2026-07-02T07:11:15.827Z
prod_oy_a000000246219,0,SOLD_OUT,3,AUTO_SEED,2026-07-02T07:11:15.827Z
prod_oy_a000000248500,30,ON_SALE,3,AUTO_SEED,2026-07-02T07:11:15.827Z
prod_oy_a000000199206,50,ON_SALE,3,AUTO_SEED,2026-07-02T07:11:15.827Z
prod_oy_a000000166599,0,SOLD_OUT,3,AUTO_SEED,2026-07-02T07:11:15.827Z
prod_oy_a000000258047,23,ON_SALE,3,AUTO_SEED,2026-07-02T07:11:15.827Z
prod_oy_a000000218948,65,ON_SALE,3,AUTO_SEED,2026-07-02T07:11:15.827Z
prod_oy_a000000203125,30,ON_SALE,3,AUTO_SEED,2026-07-02T07:11:15.827Z
prod_oy_a000000252193,45,ON_SALE,3,AUTO_SEED,2026-07-02T07:11:15.827Z
prod_oy_a000000252735,11,ON_SALE,3,AUTO_SEED,2026-07-02T07:11:15.827Z
prod_oy_a000000200310,41,ON_SALE,3,AUTO_SEED,2026-07-02T07:11:15.827Z
prod_oy_a000000240128,72,ON_SALE,3,AUTO_SEED,2026-07-02T07:11:15.827Z
prod_oy_a000000203963,48,ON_SALE,3,AUTO_SEED,2026-07-02T07:11:15.827Z
prod_oy_a000000190700,30,ON_SALE,3,AUTO_SEED,2026-07-02T07:11:15.827Z
prod_oy_a000000226086,0,SOLD_OUT,3,AUTO_SEED,2026-07-02T07:11:15.827Z
prod_oy_a000000239791,78,ON_SALE,3,AUTO_SEED,2026-07-02T07:11:15.827Z
prod_oy_a000000255852,58,ON_SALE,3,AUTO_SEED,2026-07-02T07:11:15.827Z
prod_oy_a000000183516,63,ON_SALE,3,AUTO_SEED,2026-07-02T07:11:15.827Z
prod_oy_a000000260015,65,ON_SALE,3,AUTO_SEED,2026-07-02T07:11:15.827Z
prod_oy_a000000188934,40,ON_SALE,3,AUTO_SEED,2026-07-02T07:11:15.827Z
prod_oy_a000000219339,10,ON_SALE,3,AUTO_SEED,2026-07-02T07:11:15.827Z
prod_oy_a000000213618,72,ON_SALE,3,AUTO_SEED,2026-07-02T07:11:15.827Z
prod_oy_a000000231062,49,ON_SALE,3,AUTO_SEED,2026-07-02T07:11:15.827Z
prod_oy_a000000229094,7,ON_SALE,3,AUTO_SEED,2026-07-02T07:11:15.827Z
prod_oy_a000000169035,39,ON_SALE,3,AUTO_SEED,2026-07-02T07:11:15.827Z
prod_oy_a000000254757,25,ON_SALE,3,AUTO_SEED,2026-07-02T07:11:15.827Z
prod_oy_a000000183731,60,ON_SALE,3,AUTO_SEED,2026-07-02T07:11:15.827Z
prod_oy_a000000200353,66,ON_SALE,3,AUTO_SEED,2026-07-02T07:11:15.827Z
prod_oy_a000000232213,30,ON_SALE,3,AUTO_SEED,2026-07-02T07:11:15.827Z
prod_oy_a000000214323,42,ON_SALE,3,AUTO_SEED,2026-07-02T07:11:15.827Z
prod_oy_a000000219677,45,ON_SALE,3,AUTO_SEED,2026-07-02T07:11:15.827Z
prod_oy_a000000249421,17,ON_SALE,3,AUTO_SEED,2026-07-02T07:11:15.827Z
prod_oy_a000000198230,38,ON_SALE,3,AUTO_SEED,2026-07-02T07:11:15.827Z
prod_oy_a000000236981,8,ON_SALE,3,AUTO_SEED,2026-07-02T07:11:15.827Z
prod_oy_a000000231799,62,ON_SALE,3,AUTO_SEED,2026-07-02T07:11:15.827Z
prod_oy_a000000233086,61,ON_SALE,3,AUTO_SEED,2026-07-02T07:11:15.827Z
prod_oy_a000000252606,76,ON_SALE,3,AUTO_SEED,2026-07-02T07:11:15.827Z
prod_oy_a000000214270,15,ON_SALE,3,AUTO_SEED,2026-07-02T07:11:15.827Z
prod_oy_a000000210343,52,ON_SALE,3,AUTO_SEED,2026-07-02T07:11:15.827Z
prod_oy_a000000189769,41,ON_SALE,3,AUTO_SEED,2026-07-02T07:11:15.827Z
prod_oy_a000000005336,32,ON_SALE,3,AUTO_SEED,2026-07-02T07:11:15.827Z
prod_oy_a000000209746,59,ON_SALE,3,AUTO_SEED,2026-07-02T07:11:15.827Z
prod_oy_a000000248402,77,ON_SALE,3,AUTO_SEED,2026-07-02T07:11:15.827Z
prod_oy_a000000211479,57,ON_SALE,3,AUTO_SEED,2026-07-02T07:11:15.827Z
prod_oy_a000000218545,36,ON_SALE,3,AUTO_SEED,2026-07-02T07:11:15.827Z
prod_oy_a000000180408,62,ON_SALE,3,AUTO_SEED,2026-07-02T07:11:15.827Z
prod_oy_a000000180436,47,ON_SALE,3,AUTO_SEED,2026-07-02T07:11:15.827Z
prod_oy_a000000247185,48,ON_SALE,3,AUTO_SEED,2026-07-02T07:11:15.827Z
prod_oy_a000000203639,54,ON_SALE,3,AUTO_SEED,2026-07-02T07:11:15.827Z
prod_oy_a000000207544,5,ON_SALE,3,AUTO_SEED,2026-07-02T07:11:15.827Z
prod_oy_a000000213267,38,ON_SALE,3,AUTO_SEED,2026-07-02T07:11:15.827Z
prod_oy_a000000217422,73,ON_SALE,3,AUTO_SEED,2026-07-02T07:11:15.827Z
prod_oy_a000000219751,64,ON_SALE,3,AUTO_SEED,2026-07-02T07:11:15.827Z
prod_oy_a000000186997,77,ON_SALE,3,AUTO_SEED,2026-07-02T07:11:15.827Z
prod_oy_a000000247691,80,ON_SALE,3,AUTO_SEED,2026-07-02T07:11:15.827Z
prod_oy_a000000255418,68,ON_SALE,3,AUTO_SEED,2026-07-02T07:11:15.827Z
prod_oy_a000000189953,56,ON_SALE,3,AUTO_SEED,2026-07-02T07:11:15.827Z
prod_oy_a000000233009,78,ON_SALE,3,AUTO_SEED,2026-07-02T07:11:15.827Z
prod_oy_a000000214200,80,ON_SALE,3,AUTO_SEED,2026-07-02T07:11:15.827Z
prod_oy_a000000228328,72,ON_SALE,3,AUTO_SEED,2026-07-02T07:11:15.827Z
prod_oy_a000000218444,10,ON_SALE,3,AUTO_SEED,2026-07-02T07:11:15.827Z
prod_oy_a000000257377,10,ON_SALE,3,AUTO_SEED,2026-07-02T07:11:15.827Z
prod_oy_a000000218340,0,SOLD_OUT,3,AUTO_SEED,2026-07-02T07:11:15.827Z
prod_oy_a000000211403,52,ON_SALE,3,AUTO_SEED,2026-07-02T07:11:15.827Z
prod_oy_a000000174028,17,ON_SALE,3,AUTO_SEED,2026-07-02T07:11:15.827Z
prod_oy_a000000243477,78,ON_SALE,3,AUTO_SEED,2026-07-02T07:11:15.827Z
prod_oy_a000000229204,36,ON_SALE,3,AUTO_SEED,2026-07-02T07:11:15.827Z
prod_oy_a000000224344,10,ON_SALE,3,AUTO_SEED,2026-07-02T07:11:15.827Z
prod_oy_a000000219108,50,ON_SALE,3,AUTO_SEED,2026-07-02T07:11:15.827Z
prod_oy_a000000250211,16,ON_SALE,3,AUTO_SEED,2026-07-02T07:11:15.827Z
prod_oy_a000000199981,72,ON_SALE,3,AUTO_SEED,2026-07-02T07:11:15.827Z
prod_oy_a000000254543,6,ON_SALE,3,AUTO_SEED,2026-07-02T07:11:15.827Z
prod_oy_a000000251222,61,ON_SALE,3,AUTO_SEED,2026-07-02T07:34:17.584Z
prod_oy_a000000199982,71,ON_SALE,3,AUTO_SEED,2026-07-02T07:34:17.584Z
prod_oy_a000000211084,75,ON_SALE,3,AUTO_SEED,2026-07-02T07:34:17.584Z
prod_oy_a000000239819,41,ON_SALE,3,AUTO_SEED,2026-07-02T07:34:17.584Z
prod_oy_a000000240088,11,ON_SALE,3,AUTO_SEED,2026-07-02T07:34:17.584Z
prod_oy_a000000254209,43,ON_SALE,3,AUTO_SEED,2026-07-02T07:34:17.584Z
prod_oy_a000000224042,7,ON_SALE,3,AUTO_SEED,2026-07-02T07:34:17.584Z
prod_oy_a000000224552,35,ON_SALE,3,AUTO_SEED,2026-07-02T07:34:17.584Z
prod_oy_a000000216511,55,ON_SALE,3,AUTO_SEED,2026-07-02T07:34:17.584Z
prod_oy_a000000242711,46,ON_SALE,3,AUTO_SEED,2026-07-02T07:34:17.584Z
prod_oy_a000000227244,62,ON_SALE,3,AUTO_SEED,2026-07-02T07:34:17.584Z
prod_oy_a000000219106,52,ON_SALE,3,AUTO_SEED,2026-07-02T07:34:17.584Z
prod_oy_a000000258772,48,ON_SALE,3,AUTO_SEED,2026-07-02T07:34:17.584Z
prod_oy_a000000225699,8,ON_SALE,3,AUTO_SEED,2026-07-02T07:34:17.584Z
prod_oy_a000000257237,31,ON_SALE,3,AUTO_SEED,2026-07-02T07:34:17.584Z
prod_oy_a000000254722,0,SOLD_OUT,3,AUTO_SEED,2026-07-02T07:34:17.584Z
prod_oy_a000000154264,41,ON_SALE,3,AUTO_SEED,2026-07-02T07:34:17.584Z
prod_oy_a000000209515,23,ON_SALE,3,AUTO_SEED,2026-07-02T07:34:17.584Z
prod_oy_a000000254646,30,ON_SALE,3,AUTO_SEED,2026-07-02T07:34:17.584Z
prod_oy_a000000236552,68,ON_SALE,3,AUTO_SEED,2026-07-02T07:34:17.584Z
prod_oy_a000000247577,33,ON_SALE,3,AUTO_SEED,2026-07-02T07:34:17.584Z
prod_oy_a000000257830,48,ON_SALE,3,AUTO_SEED,2026-07-02T07:34:17.584Z
prod_oy_a000000256388,0,SOLD_OUT,3,AUTO_SEED,2026-07-02T07:34:17.584Z
prod_oy_a000000119141,36,ON_SALE,3,AUTO_SEED,2026-07-02T07:34:17.584Z
prod_oy_a000000250593,75,ON_SALE,3,AUTO_SEED,2026-07-02T07:34:17.584Z
prod_oy_a000000239651,23,ON_SALE,3,AUTO_SEED,2026-07-02T07:34:17.584Z
prod_oy_a000000223183,60,ON_SALE,3,AUTO_SEED,2026-07-02T07:34:17.584Z
prod_oy_a000000232382,69,ON_SALE,3,AUTO_SEED,2026-07-02T07:34:17.584Z
prod_oy_a000000249735,63,ON_SALE,3,AUTO_SEED,2026-07-02T07:34:17.584Z
prod_oy_a000000161581,15,ON_SALE,3,AUTO_SEED,2026-07-02T07:34:17.584Z
prod_oy_a000000199798,56,ON_SALE,3,AUTO_SEED,2026-07-02T07:34:17.584Z
prod_oy_a000000229520,59,ON_SALE,3,AUTO_SEED,2026-07-02T07:34:17.584Z
prod_oy_a000000199281,35,ON_SALE,3,AUTO_SEED,2026-07-02T07:34:17.584Z
prod_oy_a000000235180,20,ON_SALE,3,AUTO_SEED,2026-07-02T07:34:17.584Z
prod_oy_a000000246890,58,ON_SALE,3,AUTO_SEED,2026-07-02T07:34:17.584Z
prod_oy_a000000224124,18,ON_SALE,3,AUTO_SEED,2026-07-02T07:34:17.584Z
prod_oy_a000000254332,60,ON_SALE,3,AUTO_SEED,2026-07-02T07:34:17.584Z
prod_oy_a000000188947,6,ON_SALE,3,AUTO_SEED,2026-07-02T07:34:17.584Z
prod_oy_a000000243732,60,ON_SALE,3,AUTO_SEED,2026-07-02T07:34:17.584Z
prod_oy_a000000250104,17,ON_SALE,3,AUTO_SEED,2026-07-02T07:34:17.584Z
prod_oy_a000000254337,0,SOLD_OUT,3,AUTO_SEED,2026-07-02T07:34:17.584Z
prod_oy_a000000154625,44,ON_SALE,3,AUTO_SEED,2026-07-02T07:34:17.584Z
prod_oy_a000000201338,0,SOLD_OUT,3,AUTO_SEED,2026-07-02T07:34:17.584Z
prod_oy_a000000213915,80,ON_SALE,3,AUTO_SEED,2026-07-02T07:34:17.584Z
prod_oy_a000000259189,77,ON_SALE,3,AUTO_SEED,2026-07-02T07:34:17.584Z
prod_oy_a000000197362,45,ON_SALE,3,AUTO_SEED,2026-07-02T07:34:17.584Z
prod_oy_a000000210482,32,ON_SALE,3,AUTO_SEED,2026-07-02T07:34:17.584Z
prod_oy_a000000231908,0,SOLD_OUT,3,AUTO_SEED,2026-07-02T07:34:17.584Z
prod_oy_a000000244813,0,SOLD_OUT,3,AUTO_SEED,2026-07-02T07:34:17.584Z
prod_oy_a000000221707,8,ON_SALE,3,AUTO_SEED,2026-07-02T07:34:17.584Z
prod_oy_a000000210928,43,ON_SALE,3,AUTO_SEED,2026-07-02T07:34:17.584Z
prod_oy_a000000180476,75,ON_SALE,3,AUTO_SEED,2026-07-02T07:34:17.584Z
prod_oy_a000000207141,52,ON_SALE,3,AUTO_SEED,2026-07-02T07:34:17.584Z
prod_oy_a000000222026,63,ON_SALE,3,AUTO_SEED,2026-07-02T07:34:17.584Z
prod_oy_a000000200313,38,ON_SALE,3,AUTO_SEED,2026-07-02T07:34:17.584Z
prod_oy_a000000219714,33,ON_SALE,3,AUTO_SEED,2026-07-02T07:34:17.584Z
prod_oy_a000000184662,16,ON_SALE,3,AUTO_SEED,2026-07-02T07:34:17.584Z
prod_oy_a000000221815,6,ON_SALE,3,AUTO_SEED,2026-07-02T07:34:17.584Z
prod_oy_a000000225602,66,ON_SALE,3,AUTO_SEED,2026-07-02T07:34:17.584Z
prod_oy_a000000209634,65,ON_SALE,3,AUTO_SEED,2026-07-02T07:34:17.584Z
prod_oy_a000000213990,65,ON_SALE,3,AUTO_SEED,2026-07-02T07:34:17.584Z
prod_oy_a000000218995,65,ON_SALE,3,AUTO_SEED,2026-07-02T07:34:17.584Z
prod_oy_a000000212947,60,ON_SALE,3,AUTO_SEED,2026-07-02T07:34:17.584Z
prod_oy_a000000212948,59,ON_SALE,3,AUTO_SEED,2026-07-02T07:34:17.584Z
prod_oy_a000000231545,0,SOLD_OUT,3,AUTO_SEED,2026-07-02T07:34:17.584Z
prod_oy_a000000256487,5,ON_SALE,3,AUTO_SEED,2026-07-02T07:34:17.584Z
prod_oy_a000000199784,15,ON_SALE,3,AUTO_SEED,2026-07-02T07:34:17.584Z
prod_oy_a000000218993,67,ON_SALE,3,AUTO_SEED,2026-07-02T07:34:17.584Z
prod_oy_a000000172993,46,ON_SALE,3,AUTO_SEED,2026-07-02T07:34:17.584Z
prod_oy_a000000204880,39,ON_SALE,3,AUTO_SEED,2026-07-02T07:34:17.584Z
prod_oy_a000000247097,64,ON_SALE,3,AUTO_SEED,2026-07-02T07:34:17.584Z
prod_oy_a000000243681,31,ON_SALE,3,AUTO_SEED,2026-07-02T07:34:17.584Z
prod_oy_a000000255843,12,ON_SALE,3,AUTO_SEED,2026-07-02T07:34:17.584Z
prod_oy_a000000243473,6,ON_SALE,3,AUTO_SEED,2026-07-02T07:34:17.584Z
prod_oy_a000000211859,75,ON_SALE,3,AUTO_SEED,2026-07-02T07:34:17.584Z
prod_oy_a000000255439,5,ON_SALE,3,AUTO_SEED,2026-07-02T07:34:17.584Z
prod_oy_a000000241358,34,ON_SALE,3,AUTO_SEED,2026-07-02T07:34:17.584Z
prod_oy_a000000219212,52,ON_SALE,3,AUTO_SEED,2026-07-02T07:34:17.584Z
prod_oy_a000000201658,67,ON_SALE,3,AUTO_SEED,2026-07-02T07:34:17.584Z
prod_oy_a000000191798,48,ON_SALE,3,AUTO_SEED,2026-07-02T07:34:17.584Z
prod_oy_a000000187240,51,ON_SALE,3,AUTO_SEED,2026-07-02T07:34:17.584Z
prod_oy_a000000232963,64,ON_SALE,3,AUTO_SEED,2026-07-02T07:34:17.584Z
prod_oy_a000000225072,67,ON_SALE,3,AUTO_SEED,2026-07-02T07:34:17.584Z
prod_oy_a000000236980,9,ON_SALE,3,AUTO_SEED,2026-07-02T07:34:17.584Z
prod_oy_a000000224241,62,ON_SALE,3,AUTO_SEED,2026-07-02T07:34:17.584Z
prod_oy_a000000188120,11,ON_SALE,3,AUTO_SEED,2026-07-02T07:34:17.584Z
prod_oy_a000000205643,31,ON_SALE,3,AUTO_SEED,2026-07-02T07:34:17.584Z
prod_oy_a000000254058,63,ON_SALE,3,AUTO_SEED,2026-07-02T07:34:17.584Z
prod_oy_b000000191866,9,ON_SALE,3,AUTO_SEED,2026-07-02T07:34:17.584Z
prod_oy_a000000223297,52,ON_SALE,3,AUTO_SEED,2026-07-02T07:34:17.584Z
prod_oy_a000000229511,13,ON_SALE,3,AUTO_SEED,2026-07-02T07:34:17.584Z
prod_oy_a000000153893,34,ON_SALE,3,AUTO_SEED,2026-07-02T07:34:17.584Z
prod_oy_a000000236324,29,ON_SALE,3,AUTO_SEED,2026-07-02T07:34:17.584Z
prod_oy_a000000246223,34,ON_SALE,3,AUTO_SEED,2026-07-02T07:34:17.584Z
prod_oy_a000000189328,58,ON_SALE,3,AUTO_SEED,2026-07-02T07:34:17.584Z
prod_oy_a000000229464,56,ON_SALE,3,AUTO_SEED,2026-07-02T07:34:17.584Z
prod_oy_a000000239993,54,ON_SALE,3,AUTO_SEED,2026-07-02T07:34:17.584Z
prod_oy_a000000204306,70,ON_SALE,3,AUTO_SEED,2026-07-02T07:34:17.584Z
prod_oy_a000000216054,21,ON_SALE,3,AUTO_SEED,2026-07-02T07:34:17.584Z
prod_oy_a000000190370,9,ON_SALE,3,AUTO_SEED,2026-07-02T07:34:17.584Z
prod_oy_a000000220039,27,ON_SALE,3,AUTO_SEED,2026-07-02T07:34:27.200Z
prod_oy_a000000206077,77,ON_SALE,3,AUTO_SEED,2026-07-02T07:34:27.200Z
prod_oy_a000000218897,36,ON_SALE,3,AUTO_SEED,2026-07-02T07:34:27.200Z
prod_oy_a000000229644,0,SOLD_OUT,3,AUTO_SEED,2026-07-02T07:34:27.200Z
prod_oy_a000000259164,68,ON_SALE,3,AUTO_SEED,2026-07-02T07:34:27.200Z
prod_oy_a000000228256,30,ON_SALE,3,AUTO_SEED,2026-07-02T07:34:27.200Z
prod_oy_a000000177475,52,ON_SALE,3,AUTO_SEED,2026-07-02T07:34:27.200Z
prod_oy_a000000206313,44,ON_SALE,3,AUTO_SEED,2026-07-02T07:34:27.200Z
prod_oy_a000000224845,68,ON_SALE,3,AUTO_SEED,2026-07-02T07:34:27.200Z
prod_oy_a000000225845,69,ON_SALE,3,AUTO_SEED,2026-07-02T07:34:27.200Z
prod_oy_a000000247239,74,ON_SALE,3,AUTO_SEED,2026-07-02T07:34:27.200Z
prod_oy_a000000235580,52,ON_SALE,3,AUTO_SEED,2026-07-02T07:34:27.200Z
prod_oy_a000000149953,8,ON_SALE,3,AUTO_SEED,2026-07-02T07:34:27.200Z
prod_oy_a000000248120,12,ON_SALE,3,AUTO_SEED,2026-07-02T07:34:27.200Z
prod_oy_a000000231970,35,ON_SALE,3,AUTO_SEED,2026-07-02T07:34:27.200Z
prod_oy_a000000188560,71,ON_SALE,3,AUTO_SEED,2026-07-02T07:34:27.200Z
prod_oy_a000000206874,68,ON_SALE,3,AUTO_SEED,2026-07-02T07:34:27.200Z
prod_oy_a000000211220,15,ON_SALE,3,AUTO_SEED,2026-07-02T07:34:27.200Z
prod_oy_a000000147121,37,ON_SALE,3,AUTO_SEED,2026-07-02T07:34:27.200Z
prod_oy_a000000011100,28,ON_SALE,3,AUTO_SEED,2026-07-02T07:34:27.200Z
prod_oy_a000000105588,54,ON_SALE,3,AUTO_SEED,2026-07-02T07:34:27.200Z
prod_oy_a000000115496,29,ON_SALE,3,AUTO_SEED,2026-07-02T07:34:27.200Z
prod_oy_a000000137017,80,ON_SALE,3,AUTO_SEED,2026-07-02T07:34:27.200Z
prod_oy_a000000141301,71,ON_SALE,3,AUTO_SEED,2026-07-02T07:34:27.200Z
prod_oy_a000000141307,65,ON_SALE,3,AUTO_SEED,2026-07-02T07:34:27.200Z
prod_oy_a000000141313,38,ON_SALE,3,AUTO_SEED,2026-07-02T07:34:27.200Z
prod_oy_a000000141323,7,ON_SALE,3,AUTO_SEED,2026-07-02T07:34:27.200Z
prod_oy_a000000144035,48,ON_SALE,3,AUTO_SEED,2026-07-02T07:34:27.200Z
prod_oy_a000000144119,57,ON_SALE,3,AUTO_SEED,2026-07-02T07:34:27.200Z
prod_oy_a000000145499,43,ON_SALE,3,AUTO_SEED,2026-07-02T07:34:27.200Z
prod_oy_a000000146938,62,ON_SALE,3,AUTO_SEED,2026-07-02T07:34:27.200Z
prod_oy_a000000147122,36,ON_SALE,3,AUTO_SEED,2026-07-02T07:34:27.200Z
prod_oy_a000000150519,40,ON_SALE,3,AUTO_SEED,2026-07-02T07:34:27.200Z
prod_oy_a000000150818,46,ON_SALE,3,AUTO_SEED,2026-07-02T07:34:27.200Z
prod_oy_a000000152786,34,ON_SALE,3,AUTO_SEED,2026-07-02T07:34:27.200Z
prod_oy_a000000153412,23,ON_SALE,3,AUTO_SEED,2026-07-02T07:34:27.200Z
prod_oy_a000000153913,5,ON_SALE,3,AUTO_SEED,2026-07-02T07:34:27.200Z
prod_oy_a000000154263,0,SOLD_OUT,3,AUTO_SEED,2026-07-02T07:34:27.200Z
prod_oy_a000000154959,28,ON_SALE,3,AUTO_SEED,2026-07-02T07:34:27.200Z
prod_oy_a000000156315,72,ON_SALE,3,AUTO_SEED,2026-07-02T07:34:27.200Z
prod_oy_a000000158299,23,ON_SALE,3,AUTO_SEED,2026-07-02T07:34:27.200Z
prod_oy_a000000158309,25,ON_SALE,3,AUTO_SEED,2026-07-02T07:34:27.200Z
prod_oy_a000000158311,78,ON_SALE,3,AUTO_SEED,2026-07-02T07:34:27.200Z
prod_oy_a000000158312,0,SOLD_OUT,3,AUTO_SEED,2026-07-02T07:34:27.200Z
prod_oy_a000000159225,17,ON_SALE,3,AUTO_SEED,2026-07-02T07:34:27.200Z
prod_oy_a000000159467,21,ON_SALE,3,AUTO_SEED,2026-07-02T07:34:27.200Z
prod_oy_a000000160531,17,ON_SALE,3,AUTO_SEED,2026-07-02T07:34:27.200Z
prod_oy_a000000162635,42,ON_SALE,3,AUTO_SEED,2026-07-02T07:34:27.200Z
prod_oy_a000000162783,68,ON_SALE,3,AUTO_SEED,2026-07-02T07:34:27.200Z
prod_oy_a000000163735,70,ON_SALE,3,AUTO_SEED,2026-07-02T07:34:27.200Z
prod_oy_a000000163763,0,SOLD_OUT,3,AUTO_SEED,2026-07-02T07:34:27.200Z
prod_oy_a000000164310,0,SOLD_OUT,3,AUTO_SEED,2026-07-02T07:34:27.200Z
prod_oy_a000000165622,79,ON_SALE,3,AUTO_SEED,2026-07-02T07:34:27.200Z
prod_oy_a000000168272,47,ON_SALE,3,AUTO_SEED,2026-07-02T07:34:27.200Z
prod_oy_a000000169203,36,ON_SALE,3,AUTO_SEED,2026-07-02T07:34:27.200Z
prod_oy_a000000170016,46,ON_SALE,3,AUTO_SEED,2026-07-02T07:34:27.200Z
prod_oy_a000000170689,0,SOLD_OUT,3,AUTO_SEED,2026-07-02T07:34:27.200Z
prod_oy_a000000171416,79,ON_SALE,3,AUTO_SEED,2026-07-02T07:34:27.200Z
prod_oy_a000000172041,36,ON_SALE,3,AUTO_SEED,2026-07-02T07:34:27.200Z
prod_oy_a000000172156,27,ON_SALE,3,AUTO_SEED,2026-07-02T07:34:27.200Z
prod_oy_a000000172208,55,ON_SALE,3,AUTO_SEED,2026-07-02T07:34:27.200Z
prod_oy_a000000172209,54,ON_SALE,3,AUTO_SEED,2026-07-02T07:34:27.200Z
prod_oy_a000000172912,67,ON_SALE,3,AUTO_SEED,2026-07-02T07:34:27.200Z
prod_oy_a000000174027,18,ON_SALE,3,AUTO_SEED,2026-07-02T07:34:27.200Z
prod_oy_a000000174304,12,ON_SALE,3,AUTO_SEED,2026-07-02T07:34:27.200Z
prod_oy_a000000174719,8,ON_SALE,3,AUTO_SEED,2026-07-02T07:34:27.200Z
prod_oy_a000000174751,44,ON_SALE,3,AUTO_SEED,2026-07-02T07:34:27.200Z
prod_oy_a000000176351,14,ON_SALE,3,AUTO_SEED,2026-07-02T07:34:27.200Z
prod_oy_a000000176954,21,ON_SALE,3,AUTO_SEED,2026-07-02T07:34:27.200Z
prod_oy_a000000178748,72,ON_SALE,3,AUTO_SEED,2026-07-02T07:34:27.200Z
prod_oy_a000000180892,49,ON_SALE,3,AUTO_SEED,2026-07-02T07:34:27.200Z
prod_oy_a000000180919,13,ON_SALE,3,AUTO_SEED,2026-07-02T07:34:27.200Z
prod_oy_a000000181125,75,ON_SALE,3,AUTO_SEED,2026-07-02T07:34:27.200Z
prod_oy_a000000181633,29,ON_SALE,3,AUTO_SEED,2026-07-02T07:34:27.200Z
prod_oy_a000000182300,45,ON_SALE,3,AUTO_SEED,2026-07-02T07:34:27.200Z
prod_oy_a000000182387,18,ON_SALE,3,AUTO_SEED,2026-07-02T07:34:27.200Z
prod_oy_a000000182613,16,ON_SALE,3,AUTO_SEED,2026-07-02T07:34:27.200Z
prod_oy_a000000182815,68,ON_SALE,3,AUTO_SEED,2026-07-02T07:34:27.200Z
prod_oy_a000000184941,8,ON_SALE,3,AUTO_SEED,2026-07-02T07:34:27.200Z
prod_oy_a000000184963,0,SOLD_OUT,3,AUTO_SEED,2026-07-02T07:34:27.200Z
prod_oy_a000000185366,8,ON_SALE,3,AUTO_SEED,2026-07-02T07:34:27.200Z
prod_oy_a000000186655,46,ON_SALE,3,AUTO_SEED,2026-07-02T07:34:27.200Z
prod_oy_a000000188002,44,ON_SALE,3,AUTO_SEED,2026-07-02T07:34:27.200Z
prod_oy_a000000188711,51,ON_SALE,3,AUTO_SEED,2026-07-02T07:34:27.200Z
prod_oy_a000000189768,42,ON_SALE,3,AUTO_SEED,2026-07-02T07:34:27.200Z
prod_oy_a000000189956,53,ON_SALE,3,AUTO_SEED,2026-07-02T07:34:27.200Z
prod_oy_a000000190691,27,ON_SALE,3,AUTO_SEED,2026-07-02T07:34:27.200Z
prod_oy_a000000190939,0,SOLD_OUT,3,AUTO_SEED,2026-07-02T07:34:27.200Z
prod_oy_a000000190948,28,ON_SALE,3,AUTO_SEED,2026-07-02T07:34:27.200Z
prod_oy_a000000191663,43,ON_SALE,3,AUTO_SEED,2026-07-02T07:34:27.200Z
prod_oy_a000000191821,71,ON_SALE,3,AUTO_SEED,2026-07-02T07:34:27.200Z
prod_oy_a000000192059,59,ON_SALE,3,AUTO_SEED,2026-07-02T07:34:27.200Z
prod_oy_a000000192218,10,ON_SALE,3,AUTO_SEED,2026-07-02T07:34:27.200Z
prod_oy_a000000192301,75,ON_SALE,3,AUTO_SEED,2026-07-02T07:34:27.200Z
prod_oy_a000000197640,38,ON_SALE,3,AUTO_SEED,2026-07-02T07:34:27.200Z
prod_oy_a000000197985,66,ON_SALE,3,AUTO_SEED,2026-07-02T07:34:27.200Z
prod_oy_a000000198339,56,ON_SALE,3,AUTO_SEED,2026-07-02T07:34:27.200Z
prod_oy_a000000198624,21,ON_SALE,3,AUTO_SEED,2026-07-02T07:34:27.200Z
prod_oy_a000000198832,46,ON_SALE,3,AUTO_SEED,2026-07-02T07:34:27.200Z
prod_oy_a000000198835,43,ON_SALE,3,AUTO_SEED,2026-07-02T07:34:27.200Z
prod_oy_a000000198924,26,ON_SALE,3,AUTO_SEED,2026-07-02T07:34:28.461Z
prod_oy_a000000199173,37,ON_SALE,3,AUTO_SEED,2026-07-02T07:34:28.461Z
prod_oy_a000000199261,0,SOLD_OUT,3,AUTO_SEED,2026-07-02T07:34:28.461Z
prod_oy_a000000199977,21,ON_SALE,3,AUTO_SEED,2026-07-02T07:34:28.461Z
prod_oy_a000000200182,72,ON_SALE,3,AUTO_SEED,2026-07-02T07:34:28.461Z
prod_oy_a000000200669,34,ON_SALE,3,AUTO_SEED,2026-07-02T07:34:28.461Z
prod_oy_a000000201153,13,ON_SALE,3,AUTO_SEED,2026-07-02T07:34:28.461Z
prod_oy_a000000201642,28,ON_SALE,3,AUTO_SEED,2026-07-02T07:34:28.461Z
prod_oy_a000000202453,19,ON_SALE,3,AUTO_SEED,2026-07-02T07:34:28.461Z
prod_oy_a000000202461,0,SOLD_OUT,3,AUTO_SEED,2026-07-02T07:34:28.461Z
prod_oy_a000000202463,64,ON_SALE,3,AUTO_SEED,2026-07-02T07:34:28.461Z
prod_oy_a000000202708,22,ON_SALE,3,AUTO_SEED,2026-07-02T07:34:28.461Z
prod_oy_a000000202905,79,ON_SALE,3,AUTO_SEED,2026-07-02T07:34:28.461Z
prod_oy_a000000202920,22,ON_SALE,3,AUTO_SEED,2026-07-02T07:34:28.461Z
prod_oy_a000000202923,19,ON_SALE,3,AUTO_SEED,2026-07-02T07:34:28.461Z
prod_oy_a000000203039,44,ON_SALE,3,AUTO_SEED,2026-07-02T07:34:28.461Z
prod_oy_a000000203792,54,ON_SALE,3,AUTO_SEED,2026-07-02T07:34:28.461Z
prod_oy_a000000203805,53,ON_SALE,3,AUTO_SEED,2026-07-02T07:34:28.461Z
prod_oy_a000000203907,78,ON_SALE,3,AUTO_SEED,2026-07-02T07:34:28.461Z
prod_oy_a000000204366,36,ON_SALE,3,AUTO_SEED,2026-07-02T07:34:28.461Z
prod_oy_a000000204594,0,SOLD_OUT,3,AUTO_SEED,2026-07-02T07:34:28.461Z
prod_oy_a000000204646,27,ON_SALE,3,AUTO_SEED,2026-07-02T07:34:28.461Z
prod_oy_a000000204647,26,ON_SALE,3,AUTO_SEED,2026-07-02T07:34:28.461Z
prod_oy_a000000204745,0,SOLD_OUT,3,AUTO_SEED,2026-07-02T07:34:28.461Z
prod_oy_a000000204751,28,ON_SALE,3,AUTO_SEED,2026-07-02T07:34:28.461Z
prod_oy_a000000204753,26,ON_SALE,3,AUTO_SEED,2026-07-02T07:34:28.461Z
prod_oy_a000000204811,27,ON_SALE,3,AUTO_SEED,2026-07-02T07:34:28.461Z
prod_oy_a000000205224,60,ON_SALE,3,AUTO_SEED,2026-07-02T07:34:28.461Z
prod_oy_a000000205644,30,ON_SALE,3,AUTO_SEED,2026-07-02T07:34:28.461Z
prod_oy_a000000206698,24,ON_SALE,3,AUTO_SEED,2026-07-02T07:34:28.461Z
prod_oy_a000000206956,79,ON_SALE,3,AUTO_SEED,2026-07-02T07:34:28.461Z
prod_oy_a000000207028,80,ON_SALE,3,AUTO_SEED,2026-07-02T07:34:28.461Z
prod_oy_a000000207035,52,ON_SALE,3,AUTO_SEED,2026-07-02T07:34:28.461Z
prod_oy_a000000208057,65,ON_SALE,3,AUTO_SEED,2026-07-02T07:34:28.461Z
prod_oy_a000000208059,0,SOLD_OUT,3,AUTO_SEED,2026-07-02T07:34:28.461Z
prod_oy_a000000208678,12,ON_SALE,3,AUTO_SEED,2026-07-02T07:34:28.461Z
prod_oy_a000000208985,0,SOLD_OUT,3,AUTO_SEED,2026-07-02T07:34:28.461Z
prod_oy_a000000209113,69,ON_SALE,3,AUTO_SEED,2026-07-02T07:34:28.461Z
prod_oy_a000000209487,5,ON_SALE,3,AUTO_SEED,2026-07-02T07:34:28.461Z
prod_oy_a000000209586,33,ON_SALE,3,AUTO_SEED,2026-07-02T07:34:28.461Z
prod_oy_a000000209716,76,ON_SALE,3,AUTO_SEED,2026-07-02T07:34:28.461Z
prod_oy_a000000209888,36,ON_SALE,3,AUTO_SEED,2026-07-02T07:34:28.461Z
prod_oy_a000000210011,66,ON_SALE,3,AUTO_SEED,2026-07-02T07:34:28.461Z
prod_oy_a000000210180,29,ON_SALE,3,AUTO_SEED,2026-07-02T07:34:28.461Z
prod_oy_a000000210195,69,ON_SALE,3,AUTO_SEED,2026-07-02T07:34:28.461Z
prod_oy_a000000210923,48,ON_SALE,3,AUTO_SEED,2026-07-02T07:34:28.461Z
prod_oy_a000000211059,11,ON_SALE,3,AUTO_SEED,2026-07-02T07:34:28.461Z
prod_oy_a000000211495,75,ON_SALE,3,AUTO_SEED,2026-07-02T07:34:28.461Z
prod_oy_a000000211547,27,ON_SALE,3,AUTO_SEED,2026-07-02T07:34:28.461Z
prod_oy_a000000211602,31,ON_SALE,3,AUTO_SEED,2026-07-02T07:34:28.461Z
prod_oy_a000000211888,59,ON_SALE,3,AUTO_SEED,2026-07-02T07:34:28.461Z
prod_oy_a000000212009,15,ON_SALE,3,AUTO_SEED,2026-07-02T07:34:28.461Z
prod_oy_a000000212011,68,ON_SALE,3,AUTO_SEED,2026-07-02T07:34:28.461Z
prod_oy_a000000213226,11,ON_SALE,3,AUTO_SEED,2026-07-02T07:34:28.461Z
prod_oy_a000000213238,54,ON_SALE,3,AUTO_SEED,2026-07-02T07:34:28.461Z
prod_oy_a000000213282,57,ON_SALE,3,AUTO_SEED,2026-07-02T07:34:28.461Z
prod_oy_a000000213286,53,ON_SALE,3,AUTO_SEED,2026-07-02T07:34:28.461Z
prod_oy_a000000213324,40,ON_SALE,3,AUTO_SEED,2026-07-02T07:34:28.461Z
prod_oy_a000000213326,38,ON_SALE,3,AUTO_SEED,2026-07-02T07:34:28.461Z
prod_oy_a000000213457,47,ON_SALE,3,AUTO_SEED,2026-07-02T07:34:28.461Z
prod_oy_a000000213688,7,ON_SALE,3,AUTO_SEED,2026-07-02T07:34:28.461Z
prod_oy_a000000213693,57,ON_SALE,3,AUTO_SEED,2026-07-02T07:34:28.461Z
prod_oy_a000000213951,0,SOLD_OUT,3,AUTO_SEED,2026-07-02T07:34:28.461Z
prod_oy_a000000213952,35,ON_SALE,3,AUTO_SEED,2026-07-02T07:34:28.461Z
prod_oy_a000000213968,74,ON_SALE,3,AUTO_SEED,2026-07-02T07:34:28.461Z
prod_oy_a000000214031,0,SOLD_OUT,3,AUTO_SEED,2026-07-02T07:34:28.461Z
prod_oy_a000000214260,46,ON_SALE,3,AUTO_SEED,2026-07-02T07:34:28.461Z
prod_oy_a000000214261,45,ON_SALE,3,AUTO_SEED,2026-07-02T07:34:28.461Z
prod_oy_a000000214266,40,ON_SALE,3,AUTO_SEED,2026-07-02T07:34:28.461Z
prod_oy_a000000214287,53,ON_SALE,3,AUTO_SEED,2026-07-02T07:34:28.461Z
prod_oy_a000000214629,41,ON_SALE,3,AUTO_SEED,2026-07-02T07:34:28.461Z
prod_oy_a000000214674,43,ON_SALE,3,AUTO_SEED,2026-07-02T07:34:28.461Z
prod_oy_a000000214797,0,SOLD_OUT,3,AUTO_SEED,2026-07-02T07:34:28.461Z
prod_oy_a000000214850,11,ON_SALE,3,AUTO_SEED,2026-07-02T07:34:28.461Z
prod_oy_a000000214852,9,ON_SALE,3,AUTO_SEED,2026-07-02T07:34:28.461Z
prod_oy_a000000214999,57,ON_SALE,3,AUTO_SEED,2026-07-02T07:34:28.461Z
prod_oy_a000000215000,27,ON_SALE,3,AUTO_SEED,2026-07-02T07:34:28.461Z
prod_oy_a000000215215,45,ON_SALE,3,AUTO_SEED,2026-07-02T07:34:28.461Z
prod_oy_a000000216924,53,ON_SALE,3,AUTO_SEED,2026-07-02T07:34:28.461Z
prod_oy_a000000216925,0,SOLD_OUT,3,AUTO_SEED,2026-07-02T07:34:28.461Z
prod_oy_a000000217680,19,ON_SALE,3,AUTO_SEED,2026-07-02T07:34:28.461Z
prod_oy_a000000218601,39,ON_SALE,3,AUTO_SEED,2026-07-02T07:34:28.461Z
prod_oy_a000000218641,67,ON_SALE,3,AUTO_SEED,2026-07-02T07:34:28.461Z
prod_oy_a000000218712,34,ON_SALE,3,AUTO_SEED,2026-07-02T07:34:28.461Z
prod_oy_a000000218992,68,ON_SALE,3,AUTO_SEED,2026-07-02T07:34:28.461Z
prod_oy_a000000218994,66,ON_SALE,3,AUTO_SEED,2026-07-02T07:34:28.461Z
prod_oy_a000000219082,9,ON_SALE,3,AUTO_SEED,2026-07-02T07:34:28.461Z
prod_oy_a000000219286,59,ON_SALE,3,AUTO_SEED,2026-07-02T07:34:28.461Z
prod_oy_a000000219340,64,ON_SALE,3,AUTO_SEED,2026-07-02T07:34:28.461Z
prod_oy_a000000219389,7,ON_SALE,3,AUTO_SEED,2026-07-02T07:34:28.461Z
prod_oy_a000000219548,34,ON_SALE,3,AUTO_SEED,2026-07-02T07:34:28.461Z
prod_oy_a000000219676,46,ON_SALE,3,AUTO_SEED,2026-07-02T07:34:28.461Z
prod_oy_a000000219713,34,ON_SALE,3,AUTO_SEED,2026-07-02T07:34:28.461Z
prod_oy_a000000219871,29,ON_SALE,3,AUTO_SEED,2026-07-02T07:34:28.461Z
prod_oy_a000000221942,19,ON_SALE,3,AUTO_SEED,2026-07-02T07:34:28.461Z
prod_oy_a000000221943,18,ON_SALE,3,AUTO_SEED,2026-07-02T07:34:28.461Z
prod_oy_a000000222554,31,ON_SALE,3,AUTO_SEED,2026-07-02T07:34:28.461Z
prod_oy_a000000222711,0,SOLD_OUT,3,AUTO_SEED,2026-07-02T07:34:28.461Z
prod_oy_a000000222733,72,ON_SALE,3,AUTO_SEED,2026-07-02T07:34:28.461Z
prod_oy_a000000222935,48,ON_SALE,3,AUTO_SEED,2026-07-02T07:34:28.461Z
prod_oy_a000000223489,59,ON_SALE,3,AUTO_SEED,2026-07-02T07:57:44.188Z
prod_oy_a000000224104,0,SOLD_OUT,3,AUTO_SEED,2026-07-02T07:57:44.188Z
prod_oy_a000000224120,22,ON_SALE,3,AUTO_SEED,2026-07-02T07:57:44.188Z
prod_oy_a000000224235,13,ON_SALE,3,AUTO_SEED,2026-07-02T07:57:44.188Z
prod_oy_a000000224244,59,ON_SALE,3,AUTO_SEED,2026-07-02T07:57:44.188Z
prod_oy_a000000224249,54,ON_SALE,3,AUTO_SEED,2026-07-02T07:57:44.188Z
prod_oy_a000000224343,11,ON_SALE,3,AUTO_SEED,2026-07-02T07:57:44.188Z
prod_oy_a000000224488,61,ON_SALE,3,AUTO_SEED,2026-07-02T07:57:44.188Z
prod_oy_a000000224687,40,ON_SALE,3,AUTO_SEED,2026-07-02T07:57:44.188Z
prod_oy_a000000224690,16,ON_SALE,3,AUTO_SEED,2026-07-02T07:57:44.188Z
prod_oy_a000000224691,15,ON_SALE,3,AUTO_SEED,2026-07-02T07:57:44.188Z
prod_oy_a000000224692,14,ON_SALE,3,AUTO_SEED,2026-07-02T07:57:44.188Z
prod_oy_a000000224862,9,ON_SALE,3,AUTO_SEED,2026-07-02T07:57:44.188Z
prod_oy_a000000225447,35,ON_SALE,3,AUTO_SEED,2026-07-02T07:57:44.188Z
prod_oy_a000000225460,56,ON_SALE,3,AUTO_SEED,2026-07-02T07:57:44.188Z
prod_oy_a000000225592,64,ON_SALE,3,AUTO_SEED,2026-07-02T07:57:44.188Z
prod_oy_a000000225849,65,ON_SALE,3,AUTO_SEED,2026-07-02T07:57:44.188Z
prod_oy_a000000225909,64,ON_SALE,3,AUTO_SEED,2026-07-02T07:57:44.188Z
prod_oy_a000000226471,0,SOLD_OUT,3,AUTO_SEED,2026-07-02T07:57:44.188Z
prod_oy_a000000226524,52,ON_SALE,3,AUTO_SEED,2026-07-02T07:57:44.188Z
prod_oy_a000000226724,30,ON_SALE,3,AUTO_SEED,2026-07-02T07:57:44.188Z
prod_oy_a000000226844,71,ON_SALE,3,AUTO_SEED,2026-07-02T07:57:44.188Z
prod_oy_a000000227093,6,ON_SALE,3,AUTO_SEED,2026-07-02T07:57:44.188Z
prod_oy_a000000227239,12,ON_SALE,3,AUTO_SEED,2026-07-02T07:57:44.188Z
prod_oy_a000000227396,8,ON_SALE,3,AUTO_SEED,2026-07-02T07:57:44.188Z
prod_oy_a000000227405,11,ON_SALE,3,AUTO_SEED,2026-07-02T07:57:44.188Z
prod_oy_a000000227458,5,ON_SALE,3,AUTO_SEED,2026-07-02T07:57:44.188Z
prod_oy_a000000227932,56,ON_SALE,3,AUTO_SEED,2026-07-02T07:57:44.188Z
prod_oy_a000000228253,33,ON_SALE,3,AUTO_SEED,2026-07-02T07:57:44.188Z
prod_oy_a000000228260,5,ON_SALE,3,AUTO_SEED,2026-07-02T07:57:44.188Z
prod_oy_a000000228580,24,ON_SALE,3,AUTO_SEED,2026-07-02T07:57:44.188Z
prod_oy_a000000228603,68,ON_SALE,3,AUTO_SEED,2026-07-02T07:57:44.188Z
prod_oy_a000000228895,69,ON_SALE,3,AUTO_SEED,2026-07-02T07:57:44.188Z
prod_oy_a000000228896,68,ON_SALE,3,AUTO_SEED,2026-07-02T07:57:44.188Z
prod_oy_a000000228904,72,ON_SALE,3,AUTO_SEED,2026-07-02T07:57:44.188Z
prod_oy_a000000229191,37,ON_SALE,3,AUTO_SEED,2026-07-02T07:57:44.188Z
prod_oy_a000000229220,0,SOLD_OUT,3,AUTO_SEED,2026-07-02T07:57:44.188Z
prod_oy_a000000229350,0,SOLD_OUT,3,AUTO_SEED,2026-07-02T07:57:44.188Z
prod_oy_a000000229422,30,ON_SALE,3,AUTO_SEED,2026-07-02T07:57:44.188Z
prod_oy_a000000229445,0,SOLD_OUT,3,AUTO_SEED,2026-07-02T07:57:44.188Z
prod_oy_a000000229502,43,ON_SALE,3,AUTO_SEED,2026-07-02T07:57:44.188Z
prod_oy_a000000229503,42,ON_SALE,3,AUTO_SEED,2026-07-02T07:57:44.188Z
prod_oy_a000000229522,57,ON_SALE,3,AUTO_SEED,2026-07-02T07:57:44.188Z
prod_oy_a000000229523,56,ON_SALE,3,AUTO_SEED,2026-07-02T07:57:44.188Z
prod_oy_a000000229597,63,ON_SALE,3,AUTO_SEED,2026-07-02T07:57:44.188Z
prod_oy_a000000229951,73,ON_SALE,3,AUTO_SEED,2026-07-02T07:57:44.188Z
prod_oy_a000000229952,72,ON_SALE,3,AUTO_SEED,2026-07-02T07:57:44.188Z
prod_oy_a000000230076,13,ON_SALE,3,AUTO_SEED,2026-07-02T07:57:44.188Z
prod_oy_a000000230367,48,ON_SALE,3,AUTO_SEED,2026-07-02T07:57:44.188Z
prod_oy_a000000230765,6,ON_SALE,3,AUTO_SEED,2026-07-02T07:57:44.188Z
prod_oy_a000000230934,78,ON_SALE,3,AUTO_SEED,2026-07-02T07:57:44.188Z
prod_oy_a000000230986,73,ON_SALE,3,AUTO_SEED,2026-07-02T07:57:44.188Z
prod_oy_a000000231089,56,ON_SALE,3,AUTO_SEED,2026-07-02T07:57:44.188Z
prod_oy_a000000231117,74,ON_SALE,3,AUTO_SEED,2026-07-02T07:57:44.188Z
prod_oy_a000000231352,9,ON_SALE,3,AUTO_SEED,2026-07-02T07:57:44.188Z
prod_oy_a000000231366,50,ON_SALE,3,AUTO_SEED,2026-07-02T07:57:44.188Z
prod_oy_a000000231454,34,ON_SALE,3,AUTO_SEED,2026-07-02T07:57:44.188Z
prod_oy_a000000232030,69,ON_SALE,3,AUTO_SEED,2026-07-02T07:57:44.188Z
prod_oy_a000000232070,21,ON_SALE,3,AUTO_SEED,2026-07-02T07:57:44.188Z
prod_oy_a000000232357,5,ON_SALE,3,AUTO_SEED,2026-07-02T07:57:44.188Z
prod_oy_a000000232438,17,ON_SALE,3,AUTO_SEED,2026-07-02T07:57:44.188Z
prod_oy_a000000232476,47,ON_SALE,3,AUTO_SEED,2026-07-02T07:57:44.188Z
prod_oy_a000000232477,46,ON_SALE,3,AUTO_SEED,2026-07-02T07:57:44.188Z
prod_oy_a000000232547,14,ON_SALE,3,AUTO_SEED,2026-07-02T07:57:44.188Z
prod_oy_a000000232734,26,ON_SALE,3,AUTO_SEED,2026-07-02T07:57:44.188Z
prod_oy_a000000232910,70,ON_SALE,3,AUTO_SEED,2026-07-02T07:57:44.188Z
prod_oy_a000000232962,0,SOLD_OUT,3,AUTO_SEED,2026-07-02T07:57:44.188Z
prod_oy_a000000232994,46,ON_SALE,3,AUTO_SEED,2026-07-02T07:57:44.188Z
prod_oy_a000000233193,60,ON_SALE,3,AUTO_SEED,2026-07-02T07:57:44.188Z
prod_oy_a000000233463,6,ON_SALE,3,AUTO_SEED,2026-07-02T07:57:44.188Z
prod_oy_a000000236433,26,ON_SALE,3,AUTO_SEED,2026-07-02T07:57:44.188Z
prod_oy_a000000236635,78,ON_SALE,3,AUTO_SEED,2026-07-02T07:57:44.188Z
prod_oy_a000000237367,55,ON_SALE,3,AUTO_SEED,2026-07-02T07:57:44.188Z
prod_oy_a000000237568,32,ON_SALE,3,AUTO_SEED,2026-07-02T07:57:44.188Z
prod_oy_a000000237821,16,ON_SALE,3,AUTO_SEED,2026-07-02T07:57:44.188Z
prod_oy_a000000237931,12,ON_SALE,3,AUTO_SEED,2026-07-02T07:57:44.188Z
prod_oy_a000000237951,26,ON_SALE,3,AUTO_SEED,2026-07-02T07:57:44.188Z
prod_oy_a000000238243,19,ON_SALE,3,AUTO_SEED,2026-07-02T07:57:44.188Z
prod_oy_a000000238244,18,ON_SALE,3,AUTO_SEED,2026-07-02T07:57:44.188Z
prod_oy_a000000238246,16,ON_SALE,3,AUTO_SEED,2026-07-02T07:57:44.188Z
prod_oy_a000000238509,66,ON_SALE,3,AUTO_SEED,2026-07-02T07:57:44.188Z
prod_oy_a000000238573,7,ON_SALE,3,AUTO_SEED,2026-07-02T07:57:44.188Z
prod_oy_a000000238744,77,ON_SALE,3,AUTO_SEED,2026-07-02T07:57:44.188Z
prod_oy_a000000240991,78,ON_SALE,3,AUTO_SEED,2026-07-02T07:57:44.188Z
prod_oy_a000000241575,29,ON_SALE,3,AUTO_SEED,2026-07-02T07:57:44.188Z
prod_oy_a000000242017,79,ON_SALE,3,AUTO_SEED,2026-07-02T07:57:44.188Z
prod_oy_a000000242569,57,ON_SALE,3,AUTO_SEED,2026-07-02T07:57:44.188Z
prod_oy_a000000242744,26,ON_SALE,3,AUTO_SEED,2026-07-02T07:57:44.188Z
prod_oy_a000000242748,22,ON_SALE,3,AUTO_SEED,2026-07-02T07:57:44.188Z
prod_oy_a000000243068,76,ON_SALE,3,AUTO_SEED,2026-07-02T07:57:44.188Z
prod_oy_a000000243787,52,ON_SALE,3,AUTO_SEED,2026-07-02T07:57:44.188Z
prod_oy_a000000244213,63,ON_SALE,3,AUTO_SEED,2026-07-02T07:57:44.188Z
prod_oy_a000000244286,71,ON_SALE,3,AUTO_SEED,2026-07-02T07:57:44.188Z
prod_oy_a000000244899,47,ON_SALE,3,AUTO_SEED,2026-07-02T07:57:44.188Z
prod_oy_a000000244937,34,ON_SALE,3,AUTO_SEED,2026-07-02T07:57:44.188Z
prod_oy_a000000244960,24,ON_SALE,3,AUTO_SEED,2026-07-02T07:57:44.188Z
prod_oy_a000000245737,57,ON_SALE,3,AUTO_SEED,2026-07-02T07:57:44.188Z
prod_oy_a000000245740,33,ON_SALE,3,AUTO_SEED,2026-07-02T07:57:44.188Z
prod_oy_a000000245934,38,ON_SALE,3,AUTO_SEED,2026-07-02T07:57:44.188Z
prod_oy_a000000246183,49,ON_SALE,3,AUTO_SEED,2026-07-02T07:57:44.188Z
prod_oy_a000000246189,43,ON_SALE,3,AUTO_SEED,2026-07-02T07:58:05.445Z
prod_oy_a000000246431,59,ON_SALE,3,AUTO_SEED,2026-07-02T07:58:05.445Z
prod_oy_a000000246577,32,ON_SALE,3,AUTO_SEED,2026-07-02T07:58:05.445Z
prod_oy_a000000246578,31,ON_SALE,3,AUTO_SEED,2026-07-02T07:58:05.445Z
prod_oy_a000000246579,30,ON_SALE,3,AUTO_SEED,2026-07-02T07:58:05.445Z
prod_oy_a000000246781,61,ON_SALE,3,AUTO_SEED,2026-07-02T07:58:05.445Z
prod_oy_a000000247196,16,ON_SALE,3,AUTO_SEED,2026-07-02T07:58:05.445Z
prod_oy_a000000247201,23,ON_SALE,3,AUTO_SEED,2026-07-02T07:58:05.445Z
prod_oy_a000000247686,30,ON_SALE,3,AUTO_SEED,2026-07-02T07:58:05.445Z
prod_oy_a000000248051,43,ON_SALE,3,AUTO_SEED,2026-07-02T07:58:05.445Z
prod_oy_a000000248097,65,ON_SALE,3,AUTO_SEED,2026-07-02T07:58:05.445Z
prod_oy_a000000248202,23,ON_SALE,3,AUTO_SEED,2026-07-02T07:58:05.445Z
prod_oy_a000000248243,50,ON_SALE,3,AUTO_SEED,2026-07-02T07:58:05.445Z
prod_oy_a000000248374,0,SOLD_OUT,3,AUTO_SEED,2026-07-02T07:58:05.445Z
prod_oy_a000000248399,68,ON_SALE,3,AUTO_SEED,2026-07-02T07:58:05.445Z
prod_oy_a000000248575,36,ON_SALE,3,AUTO_SEED,2026-07-02T07:58:05.445Z
prod_oy_a000000248581,9,ON_SALE,3,AUTO_SEED,2026-07-02T07:58:05.445Z
prod_oy_a000000248582,8,ON_SALE,3,AUTO_SEED,2026-07-02T07:58:05.445Z
prod_oy_a000000248934,41,ON_SALE,3,AUTO_SEED,2026-07-02T07:58:05.445Z
prod_oy_a000000248986,36,ON_SALE,3,AUTO_SEED,2026-07-02T07:58:05.445Z
prod_oy_a000000248988,34,ON_SALE,3,AUTO_SEED,2026-07-02T07:58:05.445Z
prod_oy_a000000248990,11,ON_SALE,3,AUTO_SEED,2026-07-02T07:58:05.445Z
prod_oy_a000000248991,10,ON_SALE,3,AUTO_SEED,2026-07-02T07:58:05.445Z
prod_oy_a000000249099,64,ON_SALE,3,AUTO_SEED,2026-07-02T07:58:05.445Z
prod_oy_a000000249167,34,ON_SALE,3,AUTO_SEED,2026-07-02T07:58:05.445Z
prod_oy_a000000249473,12,ON_SALE,3,AUTO_SEED,2026-07-02T07:58:05.445Z
prod_oy_a000000249648,78,ON_SALE,3,AUTO_SEED,2026-07-02T07:58:05.445Z
prod_oy_a000000249672,67,ON_SALE,3,AUTO_SEED,2026-07-02T07:58:05.445Z
prod_oy_a000000250105,16,ON_SALE,3,AUTO_SEED,2026-07-02T07:58:05.445Z
prod_oy_a000000250209,39,ON_SALE,3,AUTO_SEED,2026-07-02T07:58:05.445Z
prod_oy_a000000250281,27,ON_SALE,3,AUTO_SEED,2026-07-02T07:58:05.445Z
prod_oy_a000000250531,35,ON_SALE,3,AUTO_SEED,2026-07-02T07:58:05.445Z
prod_oy_a000000251120,36,ON_SALE,3,AUTO_SEED,2026-07-02T07:58:05.445Z
prod_oy_a000000251173,30,ON_SALE,3,AUTO_SEED,2026-07-02T07:58:05.445Z
prod_oy_a000000251229,54,ON_SALE,3,AUTO_SEED,2026-07-02T07:58:05.445Z
prod_oy_a000000252119,59,ON_SALE,3,AUTO_SEED,2026-07-02T07:58:05.445Z
prod_oy_a000000252198,40,ON_SALE,3,AUTO_SEED,2026-07-02T07:58:05.445Z
prod_oy_a000000252249,69,ON_SALE,3,AUTO_SEED,2026-07-02T07:58:05.445Z
prod_oy_a000000252296,69,ON_SALE,3,AUTO_SEED,2026-07-02T07:58:05.445Z
prod_oy_a000000253000,73,ON_SALE,3,AUTO_SEED,2026-07-02T07:58:05.445Z
prod_oy_a000000253103,21,ON_SALE,3,AUTO_SEED,2026-07-02T07:58:05.445Z
prod_oy_a000000253401,28,ON_SALE,3,AUTO_SEED,2026-07-02T07:58:05.445Z
prod_oy_a000000253622,19,ON_SALE,3,AUTO_SEED,2026-07-02T07:58:05.445Z
prod_oy_a000000253635,61,ON_SALE,3,AUTO_SEED,2026-07-02T07:58:05.445Z
prod_oy_a000000254295,72,ON_SALE,3,AUTO_SEED,2026-07-02T07:58:05.445Z
prod_oy_a000000254331,61,ON_SALE,3,AUTO_SEED,2026-07-02T07:58:05.445Z
prod_oy_a000000254438,5,ON_SALE,3,AUTO_SEED,2026-07-02T07:58:05.445Z
prod_oy_a000000254553,51,ON_SALE,3,AUTO_SEED,2026-07-02T07:58:05.445Z
prod_oy_a000000254644,32,ON_SALE,3,AUTO_SEED,2026-07-02T07:58:05.445Z
prod_oy_a000000254712,78,ON_SALE,3,AUTO_SEED,2026-07-02T07:58:05.445Z
prod_oy_a000000254728,41,ON_SALE,3,AUTO_SEED,2026-07-02T07:58:05.445Z
prod_oy_a000000254803,59,ON_SALE,3,AUTO_SEED,2026-07-02T07:58:05.445Z
prod_oy_a000000255069,32,ON_SALE,3,AUTO_SEED,2026-07-02T07:58:05.445Z
prod_oy_a000000255167,61,ON_SALE,3,AUTO_SEED,2026-07-02T07:58:05.445Z
prod_oy_a000000255708,28,ON_SALE,3,AUTO_SEED,2026-07-02T07:58:05.445Z
prod_oy_a000000256080,56,ON_SALE,3,AUTO_SEED,2026-07-02T07:58:05.445Z
prod_oy_a000000256092,23,ON_SALE,3,AUTO_SEED,2026-07-02T07:58:05.445Z
prod_oy_a000000257152,23,ON_SALE,3,AUTO_SEED,2026-07-02T07:58:05.445Z
prod_oy_a000000257373,14,ON_SALE,3,AUTO_SEED,2026-07-02T07:58:05.445Z
prod_oy_a000000258068,36,ON_SALE,3,AUTO_SEED,2026-07-02T07:58:05.445Z
prod_oy_a000000258189,76,ON_SALE,3,AUTO_SEED,2026-07-02T07:58:05.445Z
prod_oy_a000000258472,43,ON_SALE,3,AUTO_SEED,2026-07-02T07:58:05.445Z
prod_oy_a000000260016,64,ON_SALE,3,AUTO_SEED,2026-07-02T07:58:05.445Z
prod_oy_b000000187882,78,ON_SALE,3,AUTO_SEED,2026-07-02T07:58:05.445Z
prod_oy_b000000187885,75,ON_SALE,3,AUTO_SEED,2026-07-02T07:58:05.445Z
prod_oy_b000000187886,74,ON_SALE,3,AUTO_SEED,2026-07-02T07:58:05.445Z
prod_oy_a000000230206,56,ON_SALE,3,AUTO_SEED,2026-07-02T07:58:05.445Z
prod_oy_a000000255068,33,ON_SALE,3,AUTO_SEED,2026-07-02T07:58:05.445Z
prod_oy_a000000229480,0,SOLD_OUT,3,AUTO_SEED,2026-07-02T07:58:05.445Z
prod_oy_a000000254064,36,ON_SALE,3,AUTO_SEED,2026-07-02T07:58:05.445Z
prod_oy_a000000170312,55,ON_SALE,3,AUTO_SEED,2026-07-02T07:58:05.445Z
prod_oy_a000000231453,35,ON_SALE,3,AUTO_SEED,2026-07-02T07:58:05.445Z
prod_oy_a000000251899,75,ON_SALE,3,AUTO_SEED,2026-07-02T07:58:05.445Z
prod_oy_a000000232961,66,ON_SALE,3,AUTO_SEED,2026-07-02T07:58:05.445Z
prod_oy_a000000224093,79,ON_SALE,3,AUTO_SEED,2026-07-02T07:58:05.445Z
prod_oy_a000000141711,72,ON_SALE,3,AUTO_SEED,2026-07-02T07:58:05.445Z
prod_oy_a000000147077,77,ON_SALE,3,AUTO_SEED,2026-07-02T07:58:05.445Z
prod_oy_a000000104151,45,ON_SALE,3,AUTO_SEED,2026-07-02T07:58:05.445Z
prod_oy_a000000122928,27,ON_SALE,3,AUTO_SEED,2026-07-02T07:58:05.445Z
prod_oy_a000000130949,69,ON_SALE,3,AUTO_SEED,2026-07-02T07:58:05.445Z
prod_oy_a000000136976,0,SOLD_OUT,3,AUTO_SEED,2026-07-02T07:58:05.445Z
prod_oy_a000000139561,0,SOLD_OUT,3,AUTO_SEED,2026-07-02T07:58:05.445Z
prod_oy_a000000141033,47,ON_SALE,3,AUTO_SEED,2026-07-02T07:58:05.445Z
prod_oy_a000000141306,66,ON_SALE,3,AUTO_SEED,2026-07-02T07:58:05.445Z
prod_oy_a000000141324,6,ON_SALE,3,AUTO_SEED,2026-07-02T07:58:05.445Z
prod_oy_a000000141710,73,ON_SALE,3,AUTO_SEED,2026-07-02T07:58:05.445Z
prod_oy_a000000144034,49,ON_SALE,3,AUTO_SEED,2026-07-02T07:58:05.445Z
prod_oy_a000000144177,25,ON_SALE,3,AUTO_SEED,2026-07-02T07:58:05.445Z
prod_oy_a000000144810,27,ON_SALE,3,AUTO_SEED,2026-07-02T07:58:05.445Z
prod_oy_a000000144848,78,ON_SALE,3,AUTO_SEED,2026-07-02T07:58:05.445Z
prod_oy_a000000149959,78,ON_SALE,3,AUTO_SEED,2026-07-02T07:58:05.445Z
prod_oy_a000000150756,49,ON_SALE,3,AUTO_SEED,2026-07-02T07:58:05.445Z
prod_oy_a000000154626,0,SOLD_OUT,3,AUTO_SEED,2026-07-02T07:58:05.445Z
prod_oy_a000000155193,75,ON_SALE,3,AUTO_SEED,2026-07-02T07:58:05.445Z
prod_oy_a000000155321,44,ON_SALE,3,AUTO_SEED,2026-07-02T07:58:05.445Z
prod_oy_a000000156147,75,ON_SALE,3,AUTO_SEED,2026-07-02T07:58:05.445Z
prod_oy_a000000156327,39,ON_SALE,3,AUTO_SEED,2026-07-02T07:58:05.445Z
prod_oy_a000000156776,69,ON_SALE,3,AUTO_SEED,2026-07-02T07:58:05.445Z
prod_oy_a000000158305,29,ON_SALE,3,AUTO_SEED,2026-07-02T07:58:05.445Z
prod_oy_a000000158310,79,ON_SALE,3,AUTO_SEED,2026-07-02T07:58:05.445Z
prod_oy_a000000159596,32,ON_SALE,3,AUTO_SEED,2026-07-02T07:58:07.252Z
prod_oy_a000000162308,51,ON_SALE,3,AUTO_SEED,2026-07-02T07:58:07.252Z
prod_oy_a000000162387,32,ON_SALE,3,AUTO_SEED,2026-07-02T07:58:07.252Z
prod_oy_a000000162980,49,ON_SALE,3,AUTO_SEED,2026-07-02T07:58:07.252Z
prod_oy_a000000163688,37,ON_SALE,3,AUTO_SEED,2026-07-02T07:58:07.252Z
prod_oy_a000000165562,80,ON_SALE,3,AUTO_SEED,2026-07-02T07:58:07.252Z
prod_oy_a000000166511,9,ON_SALE,3,AUTO_SEED,2026-07-02T07:58:07.252Z
prod_oy_a000000170383,65,ON_SALE,3,AUTO_SEED,2026-07-02T07:58:07.252Z
prod_oy_a000000170928,28,ON_SALE,3,AUTO_SEED,2026-07-02T07:58:07.252Z
prod_oy_a000000176956,19,ON_SALE,3,AUTO_SEED,2026-07-02T07:58:07.252Z
prod_oy_a000000178077,19,ON_SALE,3,AUTO_SEED,2026-07-02T07:58:07.252Z
prod_oy_a000000178993,52,ON_SALE,3,AUTO_SEED,2026-07-02T07:58:07.252Z
prod_oy_a000000179256,61,ON_SALE,3,AUTO_SEED,2026-07-02T07:58:07.252Z
prod_oy_a000000182480,0,SOLD_OUT,3,AUTO_SEED,2026-07-02T07:58:07.252Z
prod_oy_a000000185094,64,ON_SALE,3,AUTO_SEED,2026-07-02T07:58:07.252Z
prod_oy_a000000185313,14,ON_SALE,3,AUTO_SEED,2026-07-02T07:58:07.252Z
prod_oy_a000000187040,73,ON_SALE,3,AUTO_SEED,2026-07-02T07:58:07.252Z
prod_oy_a000000187871,43,ON_SALE,3,AUTO_SEED,2026-07-02T07:58:07.252Z
prod_oy_a000000187872,42,ON_SALE,3,AUTO_SEED,2026-07-02T07:58:07.252Z
prod_oy_a000000188005,41,ON_SALE,3,AUTO_SEED,2026-07-02T07:58:07.252Z
prod_oy_a000000188087,19,ON_SALE,3,AUTO_SEED,2026-07-02T07:58:07.252Z
prod_oy_a000000189015,11,ON_SALE,3,AUTO_SEED,2026-07-02T07:58:07.252Z
prod_oy_a000000189713,50,ON_SALE,3,AUTO_SEED,2026-07-02T07:58:07.252Z
prod_oy_a000000189766,44,ON_SALE,3,AUTO_SEED,2026-07-02T07:58:07.252Z
prod_oy_a000000189772,17,ON_SALE,3,AUTO_SEED,2026-07-02T07:58:07.252Z
prod_oy_a000000190738,5,ON_SALE,3,AUTO_SEED,2026-07-02T07:58:07.252Z
prod_oy_a000000191387,48,ON_SALE,3,AUTO_SEED,2026-07-02T07:58:07.252Z
prod_oy_a000000192104,18,ON_SALE,3,AUTO_SEED,2026-07-02T07:58:07.252Z
prod_oy_a000000195739,0,SOLD_OUT,3,AUTO_SEED,2026-07-02T07:58:07.252Z
prod_oy_a000000197661,51,ON_SALE,3,AUTO_SEED,2026-07-02T07:58:07.252Z
prod_oy_a000000198424,43,ON_SALE,3,AUTO_SEED,2026-07-02T07:58:07.252Z
prod_oy_a000000199277,60,ON_SALE,3,AUTO_SEED,2026-07-02T07:58:07.252Z
prod_oy_a000000199472,43,ON_SALE,3,AUTO_SEED,2026-07-02T07:58:07.252Z
prod_oy_a000000199722,51,ON_SALE,3,AUTO_SEED,2026-07-02T07:58:07.252Z
prod_oy_a000000199723,50,ON_SALE,3,AUTO_SEED,2026-07-02T07:58:07.252Z
prod_oy_a000000200533,30,ON_SALE,3,AUTO_SEED,2026-07-02T07:58:07.252Z
prod_oy_a000000200663,40,ON_SALE,3,AUTO_SEED,2026-07-02T07:58:07.252Z
prod_oy_a000000201152,14,ON_SALE,3,AUTO_SEED,2026-07-02T07:58:07.252Z
prod_oy_a000000201753,23,ON_SALE,3,AUTO_SEED,2026-07-02T07:58:07.252Z
prod_oy_a000000202437,77,ON_SALE,3,AUTO_SEED,2026-07-02T07:58:07.252Z
prod_oy_a000000203589,24,ON_SALE,3,AUTO_SEED,2026-07-02T07:58:07.252Z
prod_oy_a000000203789,78,ON_SALE,3,AUTO_SEED,2026-07-02T07:58:07.252Z
prod_oy_a000000204075,77,ON_SALE,3,AUTO_SEED,2026-07-02T07:58:07.252Z
prod_oy_a000000204162,62,ON_SALE,3,AUTO_SEED,2026-07-02T07:58:07.252Z
prod_oy_a000000204169,55,ON_SALE,3,AUTO_SEED,2026-07-02T07:58:07.252Z
prod_oy_a000000204578,57,ON_SALE,3,AUTO_SEED,2026-07-02T07:58:07.252Z
prod_oy_a000000204638,56,ON_SALE,3,AUTO_SEED,2026-07-02T07:58:07.252Z
prod_oy_a000000205864,22,ON_SALE,3,AUTO_SEED,2026-07-02T07:58:07.252Z
prod_oy_a000000206821,74,ON_SALE,3,AUTO_SEED,2026-07-02T07:58:07.252Z
prod_oy_a000000206921,0,SOLD_OUT,3,AUTO_SEED,2026-07-02T07:58:07.252Z
prod_oy_a000000206961,53,ON_SALE,3,AUTO_SEED,2026-07-02T07:58:07.252Z
prod_oy_a000000206967,47,ON_SALE,3,AUTO_SEED,2026-07-02T07:58:07.252Z
prod_oy_a000000207750,32,ON_SALE,3,AUTO_SEED,2026-07-02T07:58:07.252Z
prod_oy_a000000208056,66,ON_SALE,3,AUTO_SEED,2026-07-02T07:58:07.252Z
prod_oy_a000000208680,65,ON_SALE,3,AUTO_SEED,2026-07-02T07:58:07.252Z
prod_oy_a000000208735,14,ON_SALE,3,AUTO_SEED,2026-07-02T07:58:07.252Z
prod_oy_a000000208780,16,ON_SALE,3,AUTO_SEED,2026-07-02T07:58:07.252Z
prod_oy_a000000208911,0,SOLD_OUT,3,AUTO_SEED,2026-07-02T07:58:07.252Z
prod_oy_a000000209640,38,ON_SALE,3,AUTO_SEED,2026-07-02T07:58:07.252Z
prod_oy_a000000209830,47,ON_SALE,3,AUTO_SEED,2026-07-02T07:58:07.252Z
prod_oy_a000000210681,11,ON_SALE,3,AUTO_SEED,2026-07-02T07:58:07.252Z
prod_oy_a000000212756,52,ON_SALE,3,AUTO_SEED,2026-07-02T07:58:07.252Z
prod_oy_a000000213146,74,ON_SALE,3,AUTO_SEED,2026-07-02T07:58:07.252Z
prod_oy_a000000213152,47,ON_SALE,3,AUTO_SEED,2026-07-02T07:58:07.252Z
prod_oy_a000000213283,56,ON_SALE,3,AUTO_SEED,2026-07-02T07:58:07.252Z
prod_oy_a000000213285,0,SOLD_OUT,3,AUTO_SEED,2026-07-02T07:58:07.252Z
prod_oy_a000000213287,52,ON_SALE,3,AUTO_SEED,2026-07-02T07:58:07.252Z
prod_oy_a000000213410,0,SOLD_OUT,3,AUTO_SEED,2026-07-02T07:58:07.252Z
prod_oy_a000000213411,25,ON_SALE,3,AUTO_SEED,2026-07-02T07:58:07.252Z
prod_oy_a000000213547,29,ON_SALE,3,AUTO_SEED,2026-07-02T07:58:07.252Z
prod_oy_a000000214272,13,ON_SALE,3,AUTO_SEED,2026-07-02T07:58:07.252Z
prod_oy_a000000215212,48,ON_SALE,3,AUTO_SEED,2026-07-02T07:58:07.252Z
prod_oy_a000000215561,51,ON_SALE,3,AUTO_SEED,2026-07-02T07:58:07.252Z
prod_oy_a000000217292,30,ON_SALE,3,AUTO_SEED,2026-07-02T07:58:07.252Z
prod_oy_a000000219128,64,ON_SALE,3,AUTO_SEED,2026-07-02T07:58:07.252Z
prod_oy_a000000219528,20,ON_SALE,3,AUTO_SEED,2026-07-02T07:58:07.252Z
prod_oy_a000000219603,38,ON_SALE,3,AUTO_SEED,2026-07-02T07:58:07.252Z
prod_oy_a000000222321,73,ON_SALE,3,AUTO_SEED,2026-07-02T07:58:07.252Z
prod_oy_a000000222907,63,ON_SALE,3,AUTO_SEED,2026-07-02T07:58:07.252Z
prod_oy_a000000223619,26,ON_SALE,3,AUTO_SEED,2026-07-02T07:58:07.252Z
prod_oy_a000000224110,53,ON_SALE,3,AUTO_SEED,2026-07-02T07:58:07.252Z
prod_oy_a000000224325,71,ON_SALE,3,AUTO_SEED,2026-07-02T07:58:07.252Z
prod_oy_a000000224647,12,ON_SALE,3,AUTO_SEED,2026-07-02T07:58:07.252Z
prod_oy_a000000225178,12,ON_SALE,3,AUTO_SEED,2026-07-02T07:58:07.252Z
prod_oy_a000000225481,69,ON_SALE,3,AUTO_SEED,2026-07-02T07:58:07.252Z
prod_oy_a000000225604,64,ON_SALE,3,AUTO_SEED,2026-07-02T07:58:07.252Z
prod_oy_a000000225616,0,SOLD_OUT,3,AUTO_SEED,2026-07-02T07:58:07.252Z
prod_oy_a000000226568,76,ON_SALE,3,AUTO_SEED,2026-07-02T07:58:07.252Z
prod_oy_a000000226952,69,ON_SALE,3,AUTO_SEED,2026-07-02T07:58:07.252Z
prod_oy_a000000227984,51,ON_SALE,3,AUTO_SEED,2026-07-02T07:58:07.252Z
prod_oy_a000000228888,21,ON_SALE,3,AUTO_SEED,2026-07-02T07:58:07.252Z
prod_oy_a000000229219,76,ON_SALE,3,AUTO_SEED,2026-07-02T07:58:07.252Z
prod_oy_a000000229225,49,ON_SALE,3,AUTO_SEED,2026-07-02T07:58:07.252Z
prod_oy_a000000229489,65,ON_SALE,3,AUTO_SEED,2026-07-02T07:58:07.252Z
prod_oy_a000000229494,39,ON_SALE,3,AUTO_SEED,2026-07-02T07:58:07.252Z
prod_oy_a000000229964,39,ON_SALE,3,AUTO_SEED,2026-07-02T07:58:07.252Z
prod_oy_a000000231076,14,ON_SALE,3,AUTO_SEED,2026-07-02T07:58:07.252Z
prod_oy_a000000231084,61,ON_SALE,3,AUTO_SEED,2026-07-02T07:58:07.252Z
prod_oy_a000000231116,75,ON_SALE,3,AUTO_SEED,2026-07-02T07:58:07.252Z
prod_oy_a000000231778,49,ON_SALE,3,AUTO_SEED,2026-07-02T07:58:07.252Z
prod_oy_a000000232047,31,ON_SALE,3,AUTO_SEED,2026-07-02T08:21:15.674Z
prod_oy_a000000232355,7,ON_SALE,3,AUTO_SEED,2026-07-02T08:21:15.674Z
prod_oy_a000000232991,49,ON_SALE,3,AUTO_SEED,2026-07-02T08:21:15.674Z
prod_oy_a000000235175,0,SOLD_OUT,3,AUTO_SEED,2026-07-02T08:21:15.674Z
prod_oy_a000000235247,12,ON_SALE,3,AUTO_SEED,2026-07-02T08:21:15.674Z
prod_oy_a000000236420,60,ON_SALE,3,AUTO_SEED,2026-07-02T08:21:15.674Z
prod_oy_a000000236422,58,ON_SALE,3,AUTO_SEED,2026-07-02T08:21:15.674Z
prod_oy_a000000236434,25,ON_SALE,3,AUTO_SEED,2026-07-02T08:21:15.674Z
prod_oy_a000000236642,50,ON_SALE,3,AUTO_SEED,2026-07-02T08:21:15.674Z
prod_oy_a000000243620,66,ON_SALE,3,AUTO_SEED,2026-07-02T08:21:15.674Z
prod_oy_a000000244897,49,ON_SALE,3,AUTO_SEED,2026-07-02T08:21:15.674Z
prod_oy_a000000245471,10,ON_SALE,3,AUTO_SEED,2026-07-02T08:21:15.674Z
prod_oy_a000000245636,31,ON_SALE,3,AUTO_SEED,2026-07-02T08:21:15.674Z
prod_oy_a000000245639,28,ON_SALE,3,AUTO_SEED,2026-07-02T08:21:15.674Z
prod_oy_a000000246123,7,ON_SALE,3,AUTO_SEED,2026-07-02T08:21:15.674Z
prod_oy_a000000247770,18,ON_SALE,3,AUTO_SEED,2026-07-02T08:21:15.674Z
prod_oy_a000000247774,14,ON_SALE,3,AUTO_SEED,2026-07-02T08:21:15.674Z
prod_oy_a000000249969,20,ON_SALE,3,AUTO_SEED,2026-07-02T08:21:15.674Z
prod_oy_a000000250099,10,ON_SALE,3,AUTO_SEED,2026-07-02T08:21:15.674Z
prod_oy_a000000250345,22,ON_SALE,3,AUTO_SEED,2026-07-02T08:21:15.674Z
prod_oy_a000000250476,31,ON_SALE,3,AUTO_SEED,2026-07-02T08:21:15.674Z
prod_oy_a000000250859,46,ON_SALE,3,AUTO_SEED,2026-07-02T08:21:15.674Z
prod_oy_a000000253729,0,SOLD_OUT,3,AUTO_SEED,2026-07-02T08:21:15.674Z
prod_oy_a000000255786,10,ON_SALE,3,AUTO_SEED,2026-07-02T08:21:15.674Z
prod_oy_a000000257709,0,SOLD_OUT,3,AUTO_SEED,2026-07-02T08:21:15.674Z
prod_oy_a000000258298,73,ON_SALE,3,AUTO_SEED,2026-07-02T08:21:15.674Z
prod_oy_a000000259297,75,ON_SALE,3,AUTO_SEED,2026-07-02T08:21:15.674Z
prod_oy_a000000260018,62,ON_SALE,3,AUTO_SEED,2026-07-02T08:21:15.674Z
prod_oy_a000000222833,23,ON_SALE,3,AUTO_SEED,2026-07-02T08:21:15.674Z
prod_oy_a000000224292,58,ON_SALE,3,AUTO_SEED,2026-07-02T08:21:15.674Z
prod_oy_a000000192782,10,ON_SALE,3,AUTO_SEED,2026-07-02T08:21:15.674Z
prod_oy_a000000257827,72,ON_SALE,3,AUTO_SEED,2026-07-02T08:21:15.674Z
prod_oy_a000000255752,31,ON_SALE,3,AUTO_SEED,2026-07-02T08:21:15.674Z
prod_oy_a000000206904,8,ON_SALE,3,AUTO_SEED,2026-07-02T08:21:15.674Z
prod_oy_a000000224581,19,ON_SALE,3,AUTO_SEED,2026-07-02T08:21:15.674Z
prod_oy_a000000235068,47,ON_SALE,3,AUTO_SEED,2026-07-02T08:21:15.674Z
prod_oy_a000000255326,12,ON_SALE,3,AUTO_SEED,2026-07-02T08:21:15.674Z
prod_oy_a000000253592,79,ON_SALE,3,AUTO_SEED,2026-07-02T08:21:15.674Z
prod_oy_a000000256048,20,ON_SALE,3,AUTO_SEED,2026-07-02T08:21:15.674Z
prod_oy_a000000231590,17,ON_SALE,3,AUTO_SEED,2026-07-02T08:21:15.674Z
prod_oy_a000000231833,53,ON_SALE,3,AUTO_SEED,2026-07-02T08:21:15.674Z
prod_oy_a000000244953,52,ON_SALE,3,AUTO_SEED,2026-07-02T08:21:15.674Z
prod_oy_a000000226553,0,SOLD_OUT,3,AUTO_SEED,2026-07-02T08:21:15.674Z
prod_oy_a000000245087,17,ON_SALE,3,AUTO_SEED,2026-07-02T08:21:15.674Z
prod_oy_a000000255244,77,ON_SALE,3,AUTO_SEED,2026-07-02T08:21:15.674Z
prod_oy_a000000244987,31,ON_SALE,3,AUTO_SEED,2026-07-02T08:21:15.674Z
prod_oy_a000000250472,35,ON_SALE,3,AUTO_SEED,2026-07-02T08:21:15.674Z
prod_oy_a000000258831,48,ON_SALE,3,AUTO_SEED,2026-07-02T08:21:15.674Z
prod_oy_a000000230799,0,SOLD_OUT,3,AUTO_SEED,2026-07-02T08:21:15.674Z
prod_oy_a000000199701,38,ON_SALE,3,AUTO_SEED,2026-07-02T08:21:15.674Z
prod_oy_a000000134691,73,ON_SALE,3,AUTO_SEED,2026-07-02T08:21:15.674Z
prod_oy_a000000239660,69,ON_SALE,3,AUTO_SEED,2026-07-02T08:21:15.674Z
prod_oy_a000000252191,47,ON_SALE,3,AUTO_SEED,2026-07-02T08:21:15.674Z
prod_oy_a000000222882,21,ON_SALE,3,AUTO_SEED,2026-07-02T08:21:15.674Z
prod_oy_a000000248826,43,ON_SALE,3,AUTO_SEED,2026-07-02T08:21:15.674Z
prod_oy_a000000171829,77,ON_SALE,3,AUTO_SEED,2026-07-02T08:21:15.674Z
prod_oy_a000000218592,36,ON_SALE,3,AUTO_SEED,2026-07-02T08:21:15.674Z
prod_oy_a000000255677,13,ON_SALE,3,AUTO_SEED,2026-07-02T08:21:15.674Z
prod_oy_a000000216509,78,ON_SALE,3,AUTO_SEED,2026-07-02T08:21:15.674Z
prod_oy_a000000259039,53,ON_SALE,3,AUTO_SEED,2026-07-02T08:21:15.674Z
prod_oy_a000000255721,49,ON_SALE,3,AUTO_SEED,2026-07-02T08:21:15.674Z
prod_oy_a000000192405,22,ON_SALE,3,AUTO_SEED,2026-07-02T08:21:15.674Z
prod_oy_a000000258935,71,ON_SALE,3,AUTO_SEED,2026-07-02T08:21:15.674Z
prod_oy_a000000228257,29,ON_SALE,3,AUTO_SEED,2026-07-02T08:21:15.674Z
prod_oy_a000000249211,70,ON_SALE,3,AUTO_SEED,2026-07-02T08:21:15.674Z
prod_oy_a000000204949,29,ON_SALE,3,AUTO_SEED,2026-07-02T08:21:15.674Z
prod_oy_a000000209747,58,ON_SALE,3,AUTO_SEED,2026-07-02T08:21:15.674Z
prod_oy_a000000229768,57,ON_SALE,3,AUTO_SEED,2026-07-02T08:21:15.674Z
prod_oy_a000000232304,0,SOLD_OUT,3,AUTO_SEED,2026-07-02T08:21:15.674Z
prod_oy_a000000184198,10,ON_SALE,3,AUTO_SEED,2026-07-02T08:21:15.674Z
prod_oy_a000000257713,80,ON_SALE,3,AUTO_SEED,2026-07-02T08:21:15.674Z
prod_oy_a000000225277,40,ON_SALE,3,AUTO_SEED,2026-07-02T08:21:15.674Z
prod_oy_a000000248200,25,ON_SALE,3,AUTO_SEED,2026-07-02T08:21:15.674Z
prod_oy_a000000231589,39,ON_SALE,3,AUTO_SEED,2026-07-02T08:21:15.674Z
prod_oy_a000000219716,31,ON_SALE,3,AUTO_SEED,2026-07-02T08:21:15.674Z
prod_oy_a000000233614,62,ON_SALE,3,AUTO_SEED,2026-07-02T08:21:15.674Z
prod_oy_a000000231978,27,ON_SALE,3,AUTO_SEED,2026-07-02T08:21:15.674Z
prod_oy_a000000200356,63,ON_SALE,3,AUTO_SEED,2026-07-02T08:21:15.674Z
prod_oy_a000000179129,48,ON_SALE,3,AUTO_SEED,2026-07-02T08:21:15.674Z
prod_oy_a000000258038,53,ON_SALE,3,AUTO_SEED,2026-07-02T08:21:15.674Z
prod_oy_a000000190369,31,ON_SALE,3,AUTO_SEED,2026-07-02T08:21:15.674Z
prod_oy_a000000250254,41,ON_SALE,3,AUTO_SEED,2026-07-02T08:21:15.674Z
prod_oy_a000000182685,25,ON_SALE,3,AUTO_SEED,2026-07-02T08:21:15.674Z
prod_oy_a000000260462,21,ON_SALE,3,AUTO_SEED,2026-07-02T08:21:15.674Z
prod_oy_a000000254067,33,ON_SALE,3,AUTO_SEED,2026-07-02T08:21:15.674Z
prod_oy_a000000256802,62,ON_SALE,3,AUTO_SEED,2026-07-02T08:21:15.674Z
prod_oy_a000000229593,67,ON_SALE,3,AUTO_SEED,2026-07-02T08:21:15.674Z
prod_oy_a000000224727,0,SOLD_OUT,3,AUTO_SEED,2026-07-02T08:21:15.674Z
prod_oy_a000000224917,34,ON_SALE,3,AUTO_SEED,2026-07-02T08:21:15.674Z
prod_oy_a000000183498,14,ON_SALE,3,AUTO_SEED,2026-07-02T08:21:15.674Z
prod_oy_a000000240908,46,ON_SALE,3,AUTO_SEED,2026-07-02T08:21:15.674Z
prod_oy_a000000204600,5,ON_SALE,3,AUTO_SEED,2026-07-02T08:21:15.674Z
prod_oy_a000000211213,43,ON_SALE,3,AUTO_SEED,2026-07-02T08:21:15.674Z
prod_oy_a000000145333,56,ON_SALE,3,AUTO_SEED,2026-07-02T08:21:15.674Z
prod_oy_a000000183713,44,ON_SALE,3,AUTO_SEED,2026-07-02T08:21:15.674Z
prod_oy_a000000172453,35,ON_SALE,3,AUTO_SEED,2026-07-02T08:21:15.674Z
prod_oy_a000000258830,49,ON_SALE,3,AUTO_SEED,2026-07-02T08:21:15.674Z
prod_oy_a000000128084,0,SOLD_OUT,3,AUTO_SEED,2026-07-02T08:21:15.674Z
prod_oy_a000000174316,55,ON_SALE,3,AUTO_SEED,2026-07-02T08:21:15.674Z
prod_oy_a000000256365,42,ON_SALE,3,AUTO_SEED,2026-07-02T08:21:15.674Z
prod_oy_a000000259494,56,ON_SALE,3,AUTO_SEED,2026-07-02T08:21:39.099Z
prod_oy_a000000251494,48,ON_SALE,3,AUTO_SEED,2026-07-02T08:21:39.099Z
prod_oy_a000000212570,18,ON_SALE,3,AUTO_SEED,2026-07-02T08:21:39.099Z
prod_oy_a000000255273,61,ON_SALE,3,AUTO_SEED,2026-07-02T08:21:39.099Z
prod_oy_a000000255744,60,ON_SALE,3,AUTO_SEED,2026-07-02T08:21:39.099Z
prod_oy_a000000251937,62,ON_SALE,3,AUTO_SEED,2026-07-02T08:21:39.099Z
prod_oy_a000000180543,46,ON_SALE,3,AUTO_SEED,2026-07-02T08:21:39.099Z
prod_oy_a000000255342,30,ON_SALE,3,AUTO_SEED,2026-07-02T08:21:39.099Z
prod_oy_a000000231632,76,ON_SALE,3,AUTO_SEED,2026-07-02T08:21:39.099Z
prod_oy_a000000187127,79,ON_SALE,3,AUTO_SEED,2026-07-02T08:21:39.099Z
prod_oy_a000000189248,0,SOLD_OUT,3,AUTO_SEED,2026-07-02T08:21:39.099Z
prod_oy_a000000206572,65,ON_SALE,3,AUTO_SEED,2026-07-02T08:21:39.099Z
prod_oy_a000000212690,59,ON_SALE,3,AUTO_SEED,2026-07-02T08:21:39.099Z
prod_oy_a000000236508,65,ON_SALE,3,AUTO_SEED,2026-07-02T08:21:39.099Z
prod_oy_a000000178512,41,ON_SALE,3,AUTO_SEED,2026-07-02T08:21:39.099Z
prod_oy_a000000214633,16,ON_SALE,3,AUTO_SEED,2026-07-02T08:21:39.099Z
prod_oy_a000000189170,9,ON_SALE,3,AUTO_SEED,2026-07-02T08:21:39.099Z
prod_oy_a000000254114,66,ON_SALE,3,AUTO_SEED,2026-07-02T08:21:39.099Z
prod_oy_a000000182795,21,ON_SALE,3,AUTO_SEED,2026-07-02T08:21:39.099Z
prod_oy_a000000257193,50,ON_SALE,3,AUTO_SEED,2026-07-02T08:21:39.099Z
prod_oy_a000000198166,64,ON_SALE,3,AUTO_SEED,2026-07-02T08:21:39.099Z
prod_oy_a000000244683,30,ON_SALE,3,AUTO_SEED,2026-07-02T08:21:39.099Z
prod_oy_a000000204308,68,ON_SALE,3,AUTO_SEED,2026-07-02T08:21:39.099Z
prod_oy_a000000228390,15,ON_SALE,3,AUTO_SEED,2026-07-02T08:21:39.099Z
prod_oy_a000000222703,13,ON_SALE,3,AUTO_SEED,2026-07-02T08:21:39.099Z
prod_oy_a000000255729,41,ON_SALE,3,AUTO_SEED,2026-07-02T08:21:39.099Z
prod_oy_a000000189056,38,ON_SALE,3,AUTO_SEED,2026-07-02T08:21:39.099Z
prod_oy_a000000229151,0,SOLD_OUT,3,AUTO_SEED,2026-07-02T08:21:39.099Z
prod_oy_a000000141321,9,ON_SALE,3,AUTO_SEED,2026-07-02T08:21:39.099Z
prod_oy_a000000229492,41,ON_SALE,3,AUTO_SEED,2026-07-02T08:21:39.099Z
prod_oy_a000000251651,77,ON_SALE,3,AUTO_SEED,2026-07-02T08:21:39.099Z
prod_oy_a000000257543,9,ON_SALE,3,AUTO_SEED,2026-07-02T08:21:39.099Z
prod_oy_a000000199889,37,ON_SALE,3,AUTO_SEED,2026-07-02T08:21:39.099Z
prod_oy_a000000225127,16,ON_SALE,3,AUTO_SEED,2026-07-02T08:21:39.099Z
prod_oy_a000000248363,15,ON_SALE,3,AUTO_SEED,2026-07-02T08:21:39.099Z
prod_oy_a000000214168,11,ON_SALE,3,AUTO_SEED,2026-07-02T08:21:39.099Z
prod_oy_a000000229455,10,ON_SALE,3,AUTO_SEED,2026-07-02T08:21:39.099Z
prod_oy_a000000206212,18,ON_SALE,3,AUTO_SEED,2026-07-02T08:21:39.099Z
prod_oy_a000000231892,20,ON_SALE,3,AUTO_SEED,2026-07-02T08:21:39.099Z
prod_oy_a000000258860,32,ON_SALE,3,AUTO_SEED,2026-07-02T08:21:39.099Z
prod_oy_a000000233337,68,ON_SALE,3,AUTO_SEED,2026-07-02T08:21:39.099Z
prod_oy_a000000191715,71,ON_SALE,3,AUTO_SEED,2026-07-02T08:21:39.099Z
prod_oy_a000000118797,36,ON_SALE,3,AUTO_SEED,2026-07-02T08:21:39.099Z
prod_oy_a000000242515,64,ON_SALE,3,AUTO_SEED,2026-07-02T08:21:39.099Z
prod_oy_a000000192300,76,ON_SALE,3,AUTO_SEED,2026-07-02T08:21:39.099Z
prod_oy_a000000230877,76,ON_SALE,3,AUTO_SEED,2026-07-02T08:21:39.099Z
prod_oy_a000000186457,66,ON_SALE,3,AUTO_SEED,2026-07-02T08:21:39.099Z
prod_oy_a000000249736,62,ON_SALE,3,AUTO_SEED,2026-07-02T08:21:39.099Z
prod_oy_a000000147109,15,ON_SALE,3,AUTO_SEED,2026-07-02T08:21:39.099Z
prod_oy_a000000150145,71,ON_SALE,3,AUTO_SEED,2026-07-02T08:21:39.099Z
prod_oy_a000000253623,18,ON_SALE,3,AUTO_SEED,2026-07-02T08:21:39.099Z
prod_oy_a000000247578,32,ON_SALE,3,AUTO_SEED,2026-07-02T08:21:39.099Z
prod_oy_a000000188950,58,ON_SALE,3,AUTO_SEED,2026-07-02T08:21:39.099Z
prod_oy_a000000232494,63,ON_SALE,3,AUTO_SEED,2026-07-02T08:21:39.099Z
prod_oy_a000000236996,48,ON_SALE,3,AUTO_SEED,2026-07-02T08:21:39.099Z
prod_oy_a000000217355,26,ON_SALE,3,AUTO_SEED,2026-07-02T08:21:39.099Z
prod_oy_a000000251729,37,ON_SALE,3,AUTO_SEED,2026-07-02T08:21:39.099Z
prod_oy_a000000158038,80,ON_SALE,3,AUTO_SEED,2026-07-02T08:21:39.099Z
prod_oy_a000000176951,24,ON_SALE,3,AUTO_SEED,2026-07-02T08:21:39.099Z
prod_oy_a000000254760,77,ON_SALE,3,AUTO_SEED,2026-07-02T08:21:39.099Z
prod_oy_a000000208331,62,ON_SALE,3,AUTO_SEED,2026-07-02T08:21:39.099Z
prod_oy_a000000259386,58,ON_SALE,3,AUTO_SEED,2026-07-02T08:21:39.099Z
prod_oy_a000000254006,68,ON_SALE,3,AUTO_SEED,2026-07-02T08:21:39.099Z
prod_oy_a000000213383,7,ON_SALE,3,AUTO_SEED,2026-07-02T08:21:39.099Z
prod_oy_a000000215363,71,ON_SALE,3,AUTO_SEED,2026-07-02T08:21:39.099Z
prod_oy_a000000150094,42,ON_SALE,3,AUTO_SEED,2026-07-02T08:21:39.099Z
prod_oy_a000000237442,73,ON_SALE,3,AUTO_SEED,2026-07-02T08:21:39.099Z
prod_oy_a000000199714,80,ON_SALE,3,AUTO_SEED,2026-07-02T08:21:39.099Z
prod_oy_a000000210495,74,ON_SALE,3,AUTO_SEED,2026-07-02T08:21:39.099Z
prod_oy_a000000163496,30,ON_SALE,3,AUTO_SEED,2026-07-02T08:21:39.099Z
prod_oy_a000000247713,49,ON_SALE,3,AUTO_SEED,2026-07-02T08:21:39.099Z
prod_oy_a000000244830,14,ON_SALE,3,AUTO_SEED,2026-07-02T08:21:39.099Z
prod_oy_a000000156230,64,ON_SALE,3,AUTO_SEED,2026-07-02T08:21:39.099Z
prod_oy_a000000229776,28,ON_SALE,3,AUTO_SEED,2026-07-02T08:21:39.099Z
prod_oy_a000000241952,50,ON_SALE,3,AUTO_SEED,2026-07-02T08:21:39.099Z
prod_oy_a000000118803,42,ON_SALE,3,AUTO_SEED,2026-07-02T08:21:39.099Z
prod_oy_a000000240056,30,ON_SALE,3,AUTO_SEED,2026-07-02T08:21:39.099Z
prod_oy_a000000179154,36,ON_SALE,3,AUTO_SEED,2026-07-02T08:21:39.099Z
prod_oy_a000000250106,15,ON_SALE,3,AUTO_SEED,2026-07-02T08:21:39.099Z
prod_oy_a000000200145,41,ON_SALE,3,AUTO_SEED,2026-07-02T08:21:39.099Z
prod_oy_a000000227664,32,ON_SALE,3,AUTO_SEED,2026-07-02T08:21:39.099Z
prod_oy_a000000144843,7,ON_SALE,3,AUTO_SEED,2026-07-02T08:21:39.099Z
prod_oy_a000000258296,0,SOLD_OUT,3,AUTO_SEED,2026-07-02T08:21:39.099Z
prod_oy_a000000218756,58,ON_SALE,3,AUTO_SEED,2026-07-02T08:21:39.099Z
prod_oy_a000000210973,45,ON_SALE,3,AUTO_SEED,2026-07-02T08:21:39.099Z
prod_oy_a000000225180,65,ON_SALE,3,AUTO_SEED,2026-07-02T08:21:39.099Z
prod_oy_a000000169480,73,ON_SALE,3,AUTO_SEED,2026-07-02T08:21:39.099Z
prod_oy_a000000216291,30,ON_SALE,3,AUTO_SEED,2026-07-02T08:21:39.099Z
prod_oy_a000000184624,62,ON_SALE,3,AUTO_SEED,2026-07-02T08:21:39.099Z
prod_oy_a000000244812,74,ON_SALE,3,AUTO_SEED,2026-07-02T08:21:39.099Z
prod_oy_a000000163689,36,ON_SALE,3,AUTO_SEED,2026-07-02T08:21:39.099Z
prod_oy_a000000182584,75,ON_SALE,3,AUTO_SEED,2026-07-02T08:21:39.099Z
prod_oy_a000000256038,51,ON_SALE,3,AUTO_SEED,2026-07-02T08:21:39.099Z
prod_oy_a000000257828,71,ON_SALE,3,AUTO_SEED,2026-07-02T08:21:39.099Z
prod_oy_a000000244994,79,ON_SALE,3,AUTO_SEED,2026-07-02T08:21:39.099Z
prod_oy_a000000199404,30,ON_SALE,3,AUTO_SEED,2026-07-02T08:21:39.099Z
prod_oy_a000000162356,50,ON_SALE,3,AUTO_SEED,2026-07-02T08:21:39.099Z
prod_oy_a000000145285,24,ON_SALE,3,AUTO_SEED,2026-07-02T08:21:39.099Z
prod_oy_a000000161804,37,ON_SALE,3,AUTO_SEED,2026-07-02T08:21:39.099Z
prod_oy_a000000224147,29,ON_SALE,3,AUTO_SEED,2026-07-02T08:21:39.099Z
prod_oy_a000000180075,44,ON_SALE,3,AUTO_SEED,2026-07-02T08:22:00.931Z
prod_oy_a000000186131,0,SOLD_OUT,3,AUTO_SEED,2026-07-02T08:22:00.931Z
prod_oy_a000000231800,0,SOLD_OUT,3,AUTO_SEED,2026-07-02T08:22:00.931Z
prod_oy_a000000002848,55,ON_SALE,3,AUTO_SEED,2026-07-02T08:22:00.931Z
prod_oy_a000000125012,52,ON_SALE,3,AUTO_SEED,2026-07-02T08:22:00.931Z
prod_oy_a000000257128,34,ON_SALE,3,AUTO_SEED,2026-07-02T08:22:00.931Z
prod_oy_a000000251178,25,ON_SALE,3,AUTO_SEED,2026-07-02T08:22:00.931Z
prod_oy_a000000213409,48,ON_SALE,3,AUTO_SEED,2026-07-02T08:22:00.931Z
prod_oy_a000000190051,65,ON_SALE,3,AUTO_SEED,2026-07-02T08:22:00.931Z
prod_oy_a000000230515,31,ON_SALE,3,AUTO_SEED,2026-07-02T08:22:00.931Z
prod_oy_a000000145331,58,ON_SALE,3,AUTO_SEED,2026-07-02T08:22:00.931Z
prod_oy_a000000157285,0,SOLD_OUT,3,AUTO_SEED,2026-07-02T08:22:00.931Z
prod_oy_a000000185121,7,ON_SALE,3,AUTO_SEED,2026-07-02T08:22:00.931Z
prod_oy_a000000204882,37,ON_SALE,3,AUTO_SEED,2026-07-02T08:22:00.931Z
prod_oy_a000000234384,69,ON_SALE,3,AUTO_SEED,2026-07-02T08:22:00.931Z
prod_oy_a000000238929,36,ON_SALE,3,AUTO_SEED,2026-07-02T08:22:00.931Z
prod_oy_a000000209826,0,SOLD_OUT,3,AUTO_SEED,2026-07-02T08:22:00.931Z
prod_oy_a000000211188,22,ON_SALE,3,AUTO_SEED,2026-07-02T08:22:00.931Z
prod_oy_a000000224499,29,ON_SALE,3,AUTO_SEED,2026-07-02T08:22:00.931Z
prod_oy_a000000250191,45,ON_SALE,3,AUTO_SEED,2026-07-02T08:22:00.931Z
prod_oy_a000000250781,10,ON_SALE,3,AUTO_SEED,2026-07-02T08:22:00.931Z
prod_oy_a000000233192,61,ON_SALE,3,AUTO_SEED,2026-07-02T08:22:00.931Z
prod_oy_a000000219391,60,ON_SALE,3,AUTO_SEED,2026-07-02T08:22:00.931Z
prod_oy_a000000225409,5,ON_SALE,3,AUTO_SEED,2026-07-02T08:22:00.931Z
prod_oy_a000000238669,59,ON_SALE,3,AUTO_SEED,2026-07-02T08:22:00.931Z
prod_oy_a000000177794,72,ON_SALE,3,AUTO_SEED,2026-07-02T08:22:00.931Z
prod_oy_a000000258295,76,ON_SALE,3,AUTO_SEED,2026-07-02T08:22:00.931Z
prod_oy_a000000230344,37,ON_SALE,3,AUTO_SEED,2026-07-02T08:22:00.931Z
prod_oy_a000000258315,47,ON_SALE,3,AUTO_SEED,2026-07-02T08:22:00.931Z
prod_oy_a000000208493,53,ON_SALE,3,AUTO_SEED,2026-07-02T08:22:00.931Z
prod_oy_a000000224027,64,ON_SALE,3,AUTO_SEED,2026-07-02T08:22:00.931Z
prod_oy_a000000208491,55,ON_SALE,3,AUTO_SEED,2026-07-02T08:22:00.931Z
prod_oy_a000000228255,31,ON_SALE,3,AUTO_SEED,2026-07-02T08:22:00.931Z
prod_oy_a000000163254,26,ON_SALE,3,AUTO_SEED,2026-07-02T08:22:00.931Z
prod_oy_a000000200666,37,ON_SALE,3,AUTO_SEED,2026-07-02T08:22:00.931Z
prod_oy_a000000257712,5,ON_SALE,3,AUTO_SEED,2026-07-02T08:22:00.931Z
prod_oy_a000000211478,58,ON_SALE,3,AUTO_SEED,2026-07-02T08:22:00.931Z
prod_oy_a000000232536,46,ON_SALE,3,AUTO_SEED,2026-07-02T08:22:00.931Z
prod_oy_a000000199155,21,ON_SALE,3,AUTO_SEED,2026-07-02T08:22:00.931Z
prod_oy_a000000243333,27,ON_SALE,3,AUTO_SEED,2026-07-02T08:22:00.931Z
prod_oy_a000000212724,71,ON_SALE,3,AUTO_SEED,2026-07-02T08:22:00.931Z
prod_oy_a000000249165,36,ON_SALE,3,AUTO_SEED,2026-07-02T08:22:00.931Z
prod_oy_a000000214302,29,ON_SALE,3,AUTO_SEED,2026-07-02T08:22:00.931Z
prod_oy_a000000225179,11,ON_SALE,3,AUTO_SEED,2026-07-02T08:22:00.931Z
prod_oy_a000000256432,13,ON_SALE,3,AUTO_SEED,2026-07-02T08:22:00.931Z
prod_oy_a000000170691,41,ON_SALE,3,AUTO_SEED,2026-07-02T08:22:00.931Z
prod_oy_a000000235107,33,ON_SALE,3,AUTO_SEED,2026-07-02T08:22:00.931Z
prod_oy_a000000246299,39,ON_SALE,3,AUTO_SEED,2026-07-02T08:22:00.931Z
prod_oy_a000000234280,46,ON_SALE,3,AUTO_SEED,2026-07-02T08:22:00.931Z
prod_oy_a000000184770,14,ON_SALE,3,AUTO_SEED,2026-07-02T08:22:00.931Z
prod_oy_a000000233382,70,ON_SALE,3,AUTO_SEED,2026-07-02T08:22:00.931Z
prod_oy_a000000245048,64,ON_SALE,3,AUTO_SEED,2026-07-02T08:22:00.931Z
prod_oy_a000000242718,39,ON_SALE,3,AUTO_SEED,2026-07-02T08:22:00.931Z
prod_oy_a000000252197,41,ON_SALE,3,AUTO_SEED,2026-07-02T08:22:00.931Z
prod_oy_a000000198853,59,ON_SALE,3,AUTO_SEED,2026-07-02T08:22:00.931Z
prod_oy_a000000211548,26,ON_SALE,3,AUTO_SEED,2026-07-02T08:22:00.931Z
prod_oy_a000000229785,74,ON_SALE,3,AUTO_SEED,2026-07-02T08:22:00.931Z
prod_oy_a000000203831,40,ON_SALE,3,AUTO_SEED,2026-07-02T08:22:00.931Z
prod_oy_a000000224880,25,ON_SALE,3,AUTO_SEED,2026-07-02T08:22:00.931Z
prod_oy_a000000010471,42,ON_SALE,3,AUTO_SEED,2026-07-02T08:22:00.931Z
prod_oy_a000000229093,8,ON_SALE,3,AUTO_SEED,2026-07-02T08:22:00.931Z
prod_oy_a000000249895,56,ON_SALE,3,AUTO_SEED,2026-07-02T08:22:00.931Z
prod_oy_a000000188570,40,ON_SALE,3,AUTO_SEED,2026-07-02T08:22:00.931Z
prod_oy_a000000235581,51,ON_SALE,3,AUTO_SEED,2026-07-02T08:22:00.931Z
prod_oy_a000000200133,74,ON_SALE,3,AUTO_SEED,2026-07-02T08:22:00.931Z
prod_oy_a000000230916,62,ON_SALE,3,AUTO_SEED,2026-07-02T08:22:00.931Z
prod_oy_a000000117624,76,ON_SALE,3,AUTO_SEED,2026-07-02T08:22:00.931Z
prod_oy_a000000216580,67,ON_SALE,3,AUTO_SEED,2026-07-02T08:22:00.931Z
prod_oy_a000000145287,22,ON_SALE,3,AUTO_SEED,2026-07-02T08:22:00.931Z
prod_oy_a000000161805,36,ON_SALE,3,AUTO_SEED,2026-07-02T08:22:00.931Z
prod_oy_a000000230917,61,ON_SALE,3,AUTO_SEED,2026-07-02T08:22:00.931Z
prod_oy_a000000251453,21,ON_SALE,3,AUTO_SEED,2026-07-02T08:22:00.931Z
prod_oy_a000000216405,55,ON_SALE,3,AUTO_SEED,2026-07-02T08:22:00.931Z
prod_oy_a000000185456,66,ON_SALE,3,AUTO_SEED,2026-07-02T08:22:00.931Z
prod_oy_a000000249580,11,ON_SALE,3,AUTO_SEED,2026-07-02T08:22:00.931Z
prod_oy_a000000188495,22,ON_SALE,3,AUTO_SEED,2026-07-02T08:22:00.931Z
prod_oy_a000000221649,0,SOLD_OUT,3,AUTO_SEED,2026-07-02T08:22:00.931Z
prod_oy_a000000248587,79,ON_SALE,3,AUTO_SEED,2026-07-02T08:22:00.931Z
prod_oy_a000000251231,31,ON_SALE,3,AUTO_SEED,2026-07-02T08:22:00.931Z
prod_oy_a000000209906,9,ON_SALE,3,AUTO_SEED,2026-07-02T08:22:00.931Z
prod_oy_a000000235560,0,SOLD_OUT,3,AUTO_SEED,2026-07-02T08:22:00.931Z
prod_oy_a000000211109,41,ON_SALE,3,AUTO_SEED,2026-07-02T08:22:00.931Z
prod_oy_a000000258294,77,ON_SALE,3,AUTO_SEED,2026-07-02T08:22:00.931Z
prod_oy_a000000170039,57,ON_SALE,3,AUTO_SEED,2026-07-02T08:22:00.931Z
prod_oy_a000000198199,0,SOLD_OUT,3,AUTO_SEED,2026-07-02T08:22:00.931Z
prod_oy_a000000211006,17,ON_SALE,3,AUTO_SEED,2026-07-02T08:22:00.931Z
prod_oy_a000000250188,69,ON_SALE,3,AUTO_SEED,2026-07-02T08:22:00.931Z
prod_oy_a000000228346,12,ON_SALE,3,AUTO_SEED,2026-07-02T08:22:00.931Z
prod_oy_a000000243754,72,ON_SALE,3,AUTO_SEED,2026-07-02T08:22:00.931Z
prod_oy_a000000214288,52,ON_SALE,3,AUTO_SEED,2026-07-02T08:22:00.931Z
prod_oy_a000000253621,0,SOLD_OUT,3,AUTO_SEED,2026-07-02T08:22:00.931Z
prod_oy_a000000210288,48,ON_SALE,3,AUTO_SEED,2026-07-02T08:22:00.931Z
prod_oy_a000000224247,0,SOLD_OUT,3,AUTO_SEED,2026-07-02T08:22:00.931Z
prod_oy_a000000231399,30,ON_SALE,3,AUTO_SEED,2026-07-02T08:22:00.931Z
prod_oy_a000000242686,25,ON_SALE,3,AUTO_SEED,2026-07-02T08:22:00.931Z
prod_oy_a000000224524,50,ON_SALE,3,AUTO_SEED,2026-07-02T08:22:00.931Z
prod_oy_a000000126470,53,ON_SALE,3,AUTO_SEED,2026-07-02T08:22:00.931Z
prod_oy_a000000255499,0,SOLD_OUT,3,AUTO_SEED,2026-07-02T08:22:00.931Z
prod_oy_a000000246414,42,ON_SALE,3,AUTO_SEED,2026-07-02T08:22:00.931Z
prod_oy_a000000209380,61,ON_SALE,3,AUTO_SEED,2026-07-02T08:22:00.931Z
prod_oy_a000000203033,50,ON_SALE,3,AUTO_SEED,2026-07-02T08:45:26.660Z
prod_oy_a000000236325,28,ON_SALE,3,AUTO_SEED,2026-07-02T08:45:26.660Z
prod_oy_a000000156146,76,ON_SALE,3,AUTO_SEED,2026-07-02T08:45:26.660Z
prod_oy_a000000135672,59,ON_SALE,3,AUTO_SEED,2026-07-02T08:45:26.660Z
prod_oy_a000000188831,16,ON_SALE,3,AUTO_SEED,2026-07-02T08:45:26.660Z
prod_oy_a000000210600,0,SOLD_OUT,3,AUTO_SEED,2026-07-02T08:45:26.660Z
prod_oy_a000000224487,62,ON_SALE,3,AUTO_SEED,2026-07-02T08:45:26.660Z
prod_oy_a000000228046,7,ON_SALE,3,AUTO_SEED,2026-07-02T08:45:26.660Z
prod_oy_a000000249381,32,ON_SALE,3,AUTO_SEED,2026-07-02T08:45:26.660Z
prod_oy_a000000232731,29,ON_SALE,3,AUTO_SEED,2026-07-02T08:45:26.660Z
prod_oy_a000000223296,53,ON_SALE,3,AUTO_SEED,2026-07-02T08:45:26.660Z
prod_oy_a000000163687,38,ON_SALE,3,AUTO_SEED,2026-07-02T08:45:26.660Z
prod_oy_a000000237954,23,ON_SALE,3,AUTO_SEED,2026-07-02T08:45:26.660Z
prod_oy_a000000165056,48,ON_SALE,3,AUTO_SEED,2026-07-02T08:45:26.660Z
prod_oy_a000000205885,35,ON_SALE,3,AUTO_SEED,2026-07-02T08:45:26.660Z
prod_oy_a000000235303,15,ON_SALE,3,AUTO_SEED,2026-07-02T08:45:26.660Z
prod_oy_a000000255828,69,ON_SALE,3,AUTO_SEED,2026-07-02T08:45:26.660Z
prod_oy_a000000164342,11,ON_SALE,3,AUTO_SEED,2026-07-02T08:45:26.660Z
prod_oy_a000000173180,17,ON_SALE,3,AUTO_SEED,2026-07-02T08:45:26.660Z
prod_oy_a000000213402,55,ON_SALE,3,AUTO_SEED,2026-07-02T08:45:26.660Z
prod_oy_a000000224729,23,ON_SALE,3,AUTO_SEED,2026-07-02T08:45:26.660Z
prod_oy_a000000257289,26,ON_SALE,3,AUTO_SEED,2026-07-02T08:45:26.660Z
prod_oy_a000000231061,50,ON_SALE,3,AUTO_SEED,2026-07-02T08:45:26.660Z
prod_oy_a000000191733,0,SOLD_OUT,3,AUTO_SEED,2026-07-02T08:45:26.660Z
prod_oy_a000000231455,33,ON_SALE,3,AUTO_SEED,2026-07-02T08:45:26.660Z
prod_oy_a000000191912,52,ON_SALE,3,AUTO_SEED,2026-07-02T08:45:26.660Z
prod_oy_a000000188751,79,ON_SALE,3,AUTO_SEED,2026-07-02T08:45:26.660Z
prod_oy_a000000235855,69,ON_SALE,3,AUTO_SEED,2026-07-02T08:45:26.660Z
prod_oy_a000000241577,27,ON_SALE,3,AUTO_SEED,2026-07-02T08:45:26.660Z
prod_oy_a000000209608,78,ON_SALE,3,AUTO_SEED,2026-07-02T08:45:26.660Z
prod_oy_a000000135340,73,ON_SALE,3,AUTO_SEED,2026-07-02T08:45:26.660Z
prod_oy_a000000222638,40,ON_SALE,3,AUTO_SEED,2026-07-02T08:45:26.660Z
prod_oy_a000000214636,13,ON_SALE,3,AUTO_SEED,2026-07-02T08:45:26.660Z
prod_oy_a000000172042,35,ON_SALE,3,AUTO_SEED,2026-07-02T08:45:26.660Z
prod_oy_a000000238408,40,ON_SALE,3,AUTO_SEED,2026-07-02T08:45:26.660Z
prod_oy_a000000149138,77,ON_SALE,3,AUTO_SEED,2026-07-02T08:45:26.660Z
prod_oy_a000000246323,0,SOLD_OUT,3,AUTO_SEED,2026-07-02T08:45:26.660Z
prod_oy_a000000232730,30,ON_SALE,3,AUTO_SEED,2026-07-02T08:45:26.660Z
prod_oy_a000000180459,58,ON_SALE,3,AUTO_SEED,2026-07-02T08:45:26.660Z
prod_oy_a000000236449,65,ON_SALE,3,AUTO_SEED,2026-07-02T08:45:26.660Z
prod_oy_a000000007088,24,ON_SALE,3,AUTO_SEED,2026-07-02T08:45:26.660Z
prod_oy_a000000016808,62,ON_SALE,3,AUTO_SEED,2026-07-02T08:45:26.660Z
prod_oy_a000000112172,11,ON_SALE,3,AUTO_SEED,2026-07-02T08:45:26.660Z
prod_oy_a000000112890,64,ON_SALE,3,AUTO_SEED,2026-07-02T08:45:26.660Z
prod_oy_a000000115502,35,ON_SALE,3,AUTO_SEED,2026-07-02T08:45:26.660Z
prod_oy_a000000116004,51,ON_SALE,3,AUTO_SEED,2026-07-02T08:45:26.660Z
prod_oy_a000000116032,36,ON_SALE,3,AUTO_SEED,2026-07-02T08:45:26.660Z
prod_oy_a000000117807,37,ON_SALE,3,AUTO_SEED,2026-07-02T08:45:26.660Z
prod_oy_a000000118798,0,SOLD_OUT,3,AUTO_SEED,2026-07-02T08:45:26.660Z
prod_oy_a000000121934,75,ON_SALE,3,AUTO_SEED,2026-07-02T08:45:26.660Z
prod_oy_a000000126471,52,ON_SALE,3,AUTO_SEED,2026-07-02T08:45:26.660Z
prod_oy_a000000128656,13,ON_SALE,3,AUTO_SEED,2026-07-02T08:45:26.660Z
prod_oy_a000000129575,78,ON_SALE,3,AUTO_SEED,2026-07-02T08:45:26.660Z
prod_oy_a000000130838,74,ON_SALE,3,AUTO_SEED,2026-07-02T08:45:26.660Z
prod_oy_a000000137162,33,ON_SALE,3,AUTO_SEED,2026-07-02T08:45:26.660Z
prod_oy_a000000137482,52,ON_SALE,3,AUTO_SEED,2026-07-02T08:45:26.660Z
prod_oy_a000000141028,73,ON_SALE,3,AUTO_SEED,2026-07-02T08:45:26.660Z
prod_oy_a000000141712,71,ON_SALE,3,AUTO_SEED,2026-07-02T08:45:26.660Z
prod_oy_a000000143958,0,SOLD_OUT,3,AUTO_SEED,2026-07-02T08:45:26.660Z
prod_oy_a000000143959,72,ON_SALE,3,AUTO_SEED,2026-07-02T08:45:26.660Z
prod_oy_a000000144120,35,ON_SALE,3,AUTO_SEED,2026-07-02T08:45:26.660Z
prod_oy_a000000144918,46,ON_SALE,3,AUTO_SEED,2026-07-02T08:45:26.660Z
prod_oy_a000000145286,23,ON_SALE,3,AUTO_SEED,2026-07-02T08:45:26.660Z
prod_oy_a000000145332,57,ON_SALE,3,AUTO_SEED,2026-07-02T08:45:26.660Z
prod_oy_a000000145360,0,SOLD_OUT,3,AUTO_SEED,2026-07-02T08:45:26.660Z
prod_oy_a000000145555,46,ON_SALE,3,AUTO_SEED,2026-07-02T08:45:26.660Z
prod_oy_a000000145579,56,ON_SALE,3,AUTO_SEED,2026-07-02T08:45:26.660Z
prod_oy_a000000145662,45,ON_SALE,3,AUTO_SEED,2026-07-02T08:45:26.660Z
prod_oy_a000000147087,46,ON_SALE,3,AUTO_SEED,2026-07-02T08:45:26.660Z
prod_oy_a000000147119,60,ON_SALE,3,AUTO_SEED,2026-07-02T08:45:26.660Z
prod_oy_a000000147130,7,ON_SALE,3,AUTO_SEED,2026-07-02T08:45:26.660Z
prod_oy_a000000147357,68,ON_SALE,3,AUTO_SEED,2026-07-02T08:45:26.660Z
prod_oy_a000000149064,37,ON_SALE,3,AUTO_SEED,2026-07-02T08:45:26.660Z
prod_oy_a000000149118,63,ON_SALE,3,AUTO_SEED,2026-07-02T08:45:26.660Z
prod_oy_a000000149717,74,ON_SALE,3,AUTO_SEED,2026-07-02T08:45:26.660Z
prod_oy_a000000149810,32,ON_SALE,3,AUTO_SEED,2026-07-02T08:45:26.660Z
prod_oy_a000000152046,45,ON_SALE,3,AUTO_SEED,2026-07-02T08:45:26.660Z
prod_oy_a000000153874,19,ON_SALE,3,AUTO_SEED,2026-07-02T08:45:26.660Z
prod_oy_a000000154627,42,ON_SALE,3,AUTO_SEED,2026-07-02T08:45:26.660Z
prod_oy_a000000155291,28,ON_SALE,3,AUTO_SEED,2026-07-02T08:45:26.660Z
prod_oy_a000000155351,0,SOLD_OUT,3,AUTO_SEED,2026-07-02T08:45:26.660Z
prod_oy_a000000157484,0,SOLD_OUT,3,AUTO_SEED,2026-07-02T08:45:26.660Z
prod_oy_a000000158308,26,ON_SALE,3,AUTO_SEED,2026-07-02T08:45:26.660Z
prod_oy_a000000159747,12,ON_SALE,3,AUTO_SEED,2026-07-02T08:45:26.660Z
prod_oy_a000000159748,11,ON_SALE,3,AUTO_SEED,2026-07-02T08:45:26.660Z
prod_oy_a000000159802,16,ON_SALE,3,AUTO_SEED,2026-07-02T08:45:26.660Z
prod_oy_a000000159901,44,ON_SALE,3,AUTO_SEED,2026-07-02T08:45:26.660Z
prod_oy_a000000160584,11,ON_SALE,3,AUTO_SEED,2026-07-02T08:45:26.660Z
prod_oy_a000000160733,69,ON_SALE,3,AUTO_SEED,2026-07-02T08:45:26.660Z
prod_oy_a000000161573,44,ON_SALE,3,AUTO_SEED,2026-07-02T08:45:26.660Z
prod_oy_a000000161626,71,ON_SALE,3,AUTO_SEED,2026-07-02T08:45:26.660Z
prod_oy_a000000162415,0,SOLD_OUT,3,AUTO_SEED,2026-07-02T08:45:26.660Z
prod_oy_a000000162589,8,ON_SALE,3,AUTO_SEED,2026-07-02T08:45:26.660Z
prod_oy_a000000163106,76,ON_SALE,3,AUTO_SEED,2026-07-02T08:45:26.660Z
prod_oy_a000000164251,30,ON_SALE,3,AUTO_SEED,2026-07-02T08:45:26.660Z
prod_oy_a000000164571,49,ON_SALE,3,AUTO_SEED,2026-07-02T08:45:26.660Z
prod_oy_a000000164574,46,ON_SALE,3,AUTO_SEED,2026-07-02T08:45:26.660Z
prod_oy_a000000164614,31,ON_SALE,3,AUTO_SEED,2026-07-02T08:45:26.660Z
prod_oy_a000000165055,49,ON_SALE,3,AUTO_SEED,2026-07-02T08:45:26.660Z
prod_oy_a000000166418,51,ON_SALE,3,AUTO_SEED,2026-07-02T08:45:26.660Z
prod_oy_a000000167170,21,ON_SALE,3,AUTO_SEED,2026-07-02T08:45:55.152Z
prod_oy_a000000167839,21,ON_SALE,3,AUTO_SEED,2026-07-02T08:45:55.152Z
prod_oy_a000000168871,58,ON_SALE,3,AUTO_SEED,2026-07-02T08:45:55.152Z
prod_oy_a000000169180,68,ON_SALE,3,AUTO_SEED,2026-07-02T08:45:55.152Z
prod_oy_a000000170025,16,ON_SALE,3,AUTO_SEED,2026-07-02T08:45:55.152Z
prod_oy_a000000171615,58,ON_SALE,3,AUTO_SEED,2026-07-02T08:45:55.152Z
prod_oy_a000000171757,35,ON_SALE,3,AUTO_SEED,2026-07-02T08:45:55.152Z
prod_oy_a000000172040,37,ON_SALE,3,AUTO_SEED,2026-07-02T08:45:55.152Z
prod_oy_a000000172157,26,ON_SALE,3,AUTO_SEED,2026-07-02T08:45:55.152Z
prod_oy_a000000172207,0,SOLD_OUT,3,AUTO_SEED,2026-07-02T08:45:55.152Z
prod_oy_a000000172476,46,ON_SALE,3,AUTO_SEED,2026-07-02T08:45:55.152Z
prod_oy_a000000173055,78,ON_SALE,3,AUTO_SEED,2026-07-02T08:45:55.152Z
prod_oy_a000000173140,65,ON_SALE,3,AUTO_SEED,2026-07-02T08:45:55.152Z
prod_oy_a000000174356,7,ON_SALE,3,AUTO_SEED,2026-07-02T08:45:55.152Z
prod_oy_a000000174406,37,ON_SALE,3,AUTO_SEED,2026-07-02T08:45:55.152Z
prod_oy_a000000174407,36,ON_SALE,3,AUTO_SEED,2026-07-02T08:45:55.152Z
prod_oy_a000000174707,41,ON_SALE,3,AUTO_SEED,2026-07-02T08:45:55.152Z
prod_oy_a000000174929,31,ON_SALE,3,AUTO_SEED,2026-07-02T08:45:55.152Z
prod_oy_a000000175198,56,ON_SALE,3,AUTO_SEED,2026-07-02T08:45:55.152Z
prod_oy_a000000176032,70,ON_SALE,3,AUTO_SEED,2026-07-02T08:45:55.152Z
prod_oy_a000000176050,10,ON_SALE,3,AUTO_SEED,2026-07-02T08:45:55.152Z
prod_oy_a000000176058,78,ON_SALE,3,AUTO_SEED,2026-07-02T08:45:55.152Z
prod_oy_a000000176352,0,SOLD_OUT,3,AUTO_SEED,2026-07-02T08:45:55.152Z
prod_oy_a000000178494,68,ON_SALE,3,AUTO_SEED,2026-07-02T08:45:55.152Z
prod_oy_a000000179132,24,ON_SALE,3,AUTO_SEED,2026-07-02T08:45:55.152Z
prod_oy_a000000180918,14,ON_SALE,3,AUTO_SEED,2026-07-02T08:45:55.152Z
prod_oy_a000000181062,79,ON_SALE,3,AUTO_SEED,2026-07-02T08:45:55.152Z
prod_oy_a000000181121,79,ON_SALE,3,AUTO_SEED,2026-07-02T08:45:55.152Z
prod_oy_a000000181124,76,ON_SALE,3,AUTO_SEED,2026-07-02T08:45:55.152Z
prod_oy_a000000181191,14,ON_SALE,3,AUTO_SEED,2026-07-02T08:45:55.152Z
prod_oy_a000000182072,49,ON_SALE,3,AUTO_SEED,2026-07-02T08:45:55.152Z
prod_oy_a000000182273,26,ON_SALE,3,AUTO_SEED,2026-07-02T08:45:55.152Z
prod_oy_a000000184066,78,ON_SALE,3,AUTO_SEED,2026-07-02T08:45:55.152Z
prod_oy_a000000184919,17,ON_SALE,3,AUTO_SEED,2026-07-02T08:45:55.152Z
prod_oy_a000000185367,7,ON_SALE,3,AUTO_SEED,2026-07-02T08:45:55.152Z
prod_oy_a000000185807,24,ON_SALE,3,AUTO_SEED,2026-07-02T08:45:55.152Z
prod_oy_a000000186191,19,ON_SALE,3,AUTO_SEED,2026-07-02T08:45:55.152Z
prod_oy_a000000186195,15,ON_SALE,3,AUTO_SEED,2026-07-02T08:45:55.152Z
prod_oy_a000000188971,71,ON_SALE,3,AUTO_SEED,2026-07-02T08:45:55.152Z
prod_oy_a000000189000,47,ON_SALE,3,AUTO_SEED,2026-07-02T08:45:55.152Z
prod_oy_a000000189587,79,ON_SALE,3,AUTO_SEED,2026-07-02T08:45:55.152Z
prod_oy_a000000190420,0,SOLD_OUT,3,AUTO_SEED,2026-07-02T08:45:55.152Z
prod_oy_a000000191008,62,ON_SALE,3,AUTO_SEED,2026-07-02T08:45:55.152Z
prod_oy_a000000191026,78,ON_SALE,3,AUTO_SEED,2026-07-02T08:45:55.152Z
prod_oy_a000000191027,77,ON_SALE,3,AUTO_SEED,2026-07-02T08:45:55.152Z
prod_oy_a000000191796,50,ON_SALE,3,AUTO_SEED,2026-07-02T08:45:55.152Z
prod_oy_a000000191805,53,ON_SALE,3,AUTO_SEED,2026-07-02T08:45:55.152Z
prod_oy_a000000191823,69,ON_SALE,3,AUTO_SEED,2026-07-02T08:45:55.152Z
prod_oy_a000000192219,9,ON_SALE,3,AUTO_SEED,2026-07-02T08:45:55.152Z
prod_oy_a000000192520,68,ON_SALE,3,AUTO_SEED,2026-07-02T08:45:55.152Z
prod_oy_a000000197319,41,ON_SALE,3,AUTO_SEED,2026-07-02T08:45:55.152Z
prod_oy_a000000197320,19,ON_SALE,3,AUTO_SEED,2026-07-02T08:45:55.152Z
prod_oy_a000000197659,74,ON_SALE,3,AUTO_SEED,2026-07-02T08:45:55.152Z
prod_oy_a000000197679,12,ON_SALE,3,AUTO_SEED,2026-07-02T08:45:55.152Z
prod_oy_a000000198026,9,ON_SALE,3,AUTO_SEED,2026-07-02T08:45:55.152Z
prod_oy_a000000198721,51,ON_SALE,3,AUTO_SEED,2026-07-02T08:45:55.152Z
prod_oy_a000000198949,35,ON_SALE,3,AUTO_SEED,2026-07-02T08:45:55.152Z
prod_oy_a000000199254,49,ON_SALE,3,AUTO_SEED,2026-07-02T08:45:55.152Z
prod_oy_a000000199257,46,ON_SALE,3,AUTO_SEED,2026-07-02T08:45:55.152Z
prod_oy_a000000200181,73,ON_SALE,3,AUTO_SEED,2026-07-02T08:45:55.152Z
prod_oy_a000000200584,26,ON_SALE,3,AUTO_SEED,2026-07-02T08:45:55.152Z
prod_oy_a000000200632,58,ON_SALE,3,AUTO_SEED,2026-07-02T08:45:55.152Z
prod_oy_a000000200725,37,ON_SALE,3,AUTO_SEED,2026-07-02T08:45:55.152Z
prod_oy_a000000200804,51,ON_SALE,3,AUTO_SEED,2026-07-02T08:45:55.152Z
prod_oy_a000000201376,78,ON_SALE,3,AUTO_SEED,2026-07-02T08:45:55.152Z
prod_oy_a000000201592,74,ON_SALE,3,AUTO_SEED,2026-07-02T08:45:55.152Z
prod_oy_a000000201643,27,ON_SALE,3,AUTO_SEED,2026-07-02T08:45:55.152Z
prod_oy_a000000202537,28,ON_SALE,3,AUTO_SEED,2026-07-02T08:45:55.152Z
prod_oy_a000000204171,32,ON_SALE,3,AUTO_SEED,2026-07-02T08:45:55.152Z
prod_oy_a000000204627,12,ON_SALE,3,AUTO_SEED,2026-07-02T08:45:55.152Z
prod_oy_a000000204640,33,ON_SALE,3,AUTO_SEED,2026-07-02T08:45:55.152Z
prod_oy_a000000204654,74,ON_SALE,3,AUTO_SEED,2026-07-02T08:45:55.152Z
prod_oy_a000000204747,53,ON_SALE,3,AUTO_SEED,2026-07-02T08:45:55.152Z
prod_oy_a000000205037,0,SOLD_OUT,3,AUTO_SEED,2026-07-02T08:45:55.152Z
prod_oy_a000000205098,0,SOLD_OUT,3,AUTO_SEED,2026-07-02T08:45:55.152Z
prod_oy_a000000207029,79,ON_SALE,3,AUTO_SEED,2026-07-02T08:45:55.152Z
prod_oy_a000000209092,23,ON_SALE,3,AUTO_SEED,2026-07-02T08:45:55.152Z
prod_oy_a000000209590,8,ON_SALE,3,AUTO_SEED,2026-07-02T08:45:55.152Z
prod_oy_a000000209889,35,ON_SALE,3,AUTO_SEED,2026-07-02T08:45:55.152Z
prod_oy_a000000210054,15,ON_SALE,3,AUTO_SEED,2026-07-02T08:45:55.152Z
prod_oy_a000000210141,76,ON_SALE,3,AUTO_SEED,2026-07-02T08:45:55.152Z
prod_oy_a000000210159,0,SOLD_OUT,3,AUTO_SEED,2026-07-02T08:45:55.152Z
prod_oy_a000000210196,68,ON_SALE,3,AUTO_SEED,2026-07-02T08:45:55.152Z
prod_oy_a000000210452,49,ON_SALE,3,AUTO_SEED,2026-07-02T08:45:55.152Z
prod_oy_a000000211085,74,ON_SALE,3,AUTO_SEED,2026-07-02T08:45:55.152Z
prod_oy_a000000211402,53,ON_SALE,3,AUTO_SEED,2026-07-02T08:45:55.152Z
prod_oy_a000000211928,44,ON_SALE,3,AUTO_SEED,2026-07-02T08:45:55.152Z
prod_oy_a000000212010,69,ON_SALE,3,AUTO_SEED,2026-07-02T08:45:55.152Z
prod_oy_a000000212912,6,ON_SALE,3,AUTO_SEED,2026-07-02T08:45:55.152Z
prod_oy_a000000213237,0,SOLD_OUT,3,AUTO_SEED,2026-07-02T08:45:55.152Z
prod_oy_a000000213288,51,ON_SALE,3,AUTO_SEED,2026-07-02T08:45:55.152Z
prod_oy_a000000213323,41,ON_SALE,3,AUTO_SEED,2026-07-02T08:45:55.152Z
prod_oy_a000000213535,62,ON_SALE,3,AUTO_SEED,2026-07-02T08:45:55.152Z
prod_oy_a000000213615,75,ON_SALE,3,AUTO_SEED,2026-07-02T08:45:55.152Z
prod_oy_a000000214159,41,ON_SALE,3,AUTO_SEED,2026-07-02T08:45:55.152Z
prod_oy_a000000214166,13,ON_SALE,3,AUTO_SEED,2026-07-02T08:45:55.152Z
prod_oy_a000000214181,32,ON_SALE,3,AUTO_SEED,2026-07-02T08:45:55.152Z
prod_oy_a000000214201,79,ON_SALE,3,AUTO_SEED,2026-07-02T08:45:55.152Z
prod_oy_a000000214262,44,ON_SALE,3,AUTO_SEED,2026-07-02T08:45:55.152Z
prod_oy_a000000214296,23,ON_SALE,3,AUTO_SEED,2026-07-02T08:45:55.152Z
prod_oy_a000000214989,12,ON_SALE,3,AUTO_SEED,2026-07-02T08:46:30.440Z
prod_oy_a000000215147,75,ON_SALE,3,AUTO_SEED,2026-07-02T08:46:30.440Z
prod_oy_a000000215463,22,ON_SALE,3,AUTO_SEED,2026-07-02T08:46:30.440Z
prod_oy_a000000215507,79,ON_SALE,3,AUTO_SEED,2026-07-02T08:46:30.440Z
prod_oy_a000000216315,0,SOLD_OUT,3,AUTO_SEED,2026-07-02T08:46:30.440Z
prod_oy_a000000216966,79,ON_SALE,3,AUTO_SEED,2026-07-02T08:46:30.440Z
prod_oy_a000000219096,50,ON_SALE,3,AUTO_SEED,2026-07-02T08:46:30.440Z
prod_oy_a000000219137,34,ON_SALE,3,AUTO_SEED,2026-07-02T08:46:30.440Z
prod_oy_a000000219334,15,ON_SALE,3,AUTO_SEED,2026-07-02T08:46:30.440Z
prod_oy_a000000219475,69,ON_SALE,3,AUTO_SEED,2026-07-02T08:46:30.440Z
prod_oy_a000000219754,61,ON_SALE,3,AUTO_SEED,2026-07-02T08:46:30.440Z
prod_oy_a000000222699,5,ON_SALE,3,AUTO_SEED,2026-07-02T08:46:30.440Z
prod_oy_a000000222848,63,ON_SALE,3,AUTO_SEED,2026-07-02T08:46:30.440Z
prod_oy_a000000222945,17,ON_SALE,3,AUTO_SEED,2026-07-02T08:46:30.440Z
prod_oy_a000000223947,16,ON_SALE,3,AUTO_SEED,2026-07-02T08:46:30.440Z
prod_oy_a000000224137,60,ON_SALE,3,AUTO_SEED,2026-07-02T08:46:30.440Z
prod_oy_a000000224242,61,ON_SALE,3,AUTO_SEED,2026-07-02T08:46:30.440Z
prod_oy_a000000224243,60,ON_SALE,3,AUTO_SEED,2026-07-02T08:46:30.440Z
prod_oy_a000000224294,56,ON_SALE,3,AUTO_SEED,2026-07-02T08:46:30.440Z
prod_oy_a000000224602,65,ON_SALE,3,AUTO_SEED,2026-07-02T08:46:30.440Z
prod_oy_a000000224733,74,ON_SALE,3,AUTO_SEED,2026-07-02T08:46:30.440Z
prod_oy_a000000225026,66,ON_SALE,3,AUTO_SEED,2026-07-02T08:46:30.440Z
prod_oy_a000000225188,57,ON_SALE,3,AUTO_SEED,2026-07-02T08:46:30.440Z
prod_oy_a000000225279,0,SOLD_OUT,3,AUTO_SEED,2026-07-02T08:46:30.440Z
prod_oy_a000000225280,16,ON_SALE,3,AUTO_SEED,2026-07-02T08:46:30.440Z
prod_oy_a000000225649,11,ON_SALE,3,AUTO_SEED,2026-07-02T08:46:30.440Z
prod_oy_a000000225877,50,ON_SALE,3,AUTO_SEED,2026-07-02T08:46:30.440Z
prod_oy_a000000226179,12,ON_SALE,3,AUTO_SEED,2026-07-02T08:46:30.440Z
prod_oy_a000000226527,49,ON_SALE,3,AUTO_SEED,2026-07-02T08:46:30.440Z
prod_oy_a000000226541,69,ON_SALE,3,AUTO_SEED,2026-07-02T08:46:30.440Z
prod_oy_a000000227220,52,ON_SALE,3,AUTO_SEED,2026-07-02T08:46:30.440Z
prod_oy_a000000227939,49,ON_SALE,3,AUTO_SEED,2026-07-02T08:46:30.440Z
prod_oy_a000000228418,54,ON_SALE,3,AUTO_SEED,2026-07-02T08:46:30.440Z
prod_oy_a000000229222,52,ON_SALE,3,AUTO_SEED,2026-07-02T08:46:30.440Z
prod_oy_a000000229465,55,ON_SALE,3,AUTO_SEED,2026-07-02T08:46:30.440Z
prod_oy_a000000229498,35,ON_SALE,3,AUTO_SEED,2026-07-02T08:46:30.440Z
prod_oy_a000000229513,11,ON_SALE,3,AUTO_SEED,2026-07-02T08:46:30.440Z
prod_oy_a000000229539,19,ON_SALE,3,AUTO_SEED,2026-07-02T08:46:30.440Z
prod_oy_a000000229594,66,ON_SALE,3,AUTO_SEED,2026-07-02T08:46:30.440Z
prod_oy_a000000229620,10,ON_SALE,3,AUTO_SEED,2026-07-02T08:46:30.440Z
prod_oy_a000000229621,9,ON_SALE,3,AUTO_SEED,2026-07-02T08:46:30.440Z
prod_oy_a000000229946,23,ON_SALE,3,AUTO_SEED,2026-07-02T08:46:30.440Z
prod_oy_a000000230498,57,ON_SALE,3,AUTO_SEED,2026-07-02T08:46:30.440Z
prod_oy_a000000230928,29,ON_SALE,3,AUTO_SEED,2026-07-02T08:46:30.440Z
prod_oy_a000000231300,14,ON_SALE,3,AUTO_SEED,2026-07-02T08:46:30.440Z
prod_oy_a000000231465,78,ON_SALE,3,AUTO_SEED,2026-07-02T08:46:30.440Z
prod_oy_a000000231539,42,ON_SALE,3,AUTO_SEED,2026-07-02T08:46:30.440Z
prod_oy_a000000234133,19,ON_SALE,3,AUTO_SEED,2026-07-02T08:46:30.440Z
prod_oy_a000000234359,5,ON_SALE,3,AUTO_SEED,2026-07-02T08:46:30.440Z
prod_oy_a000000235267,26,ON_SALE,3,AUTO_SEED,2026-07-02T08:46:30.440Z
prod_oy_a000000235270,78,ON_SALE,3,AUTO_SEED,2026-07-02T08:46:30.440Z
prod_oy_a000000235558,61,ON_SALE,3,AUTO_SEED,2026-07-02T08:46:30.440Z
prod_oy_a000000236432,27,ON_SALE,3,AUTO_SEED,2026-07-02T08:46:30.440Z
prod_oy_a000000236828,8,ON_SALE,3,AUTO_SEED,2026-07-02T08:46:30.440Z
prod_oy_a000000237819,39,ON_SALE,3,AUTO_SEED,2026-07-02T08:46:30.440Z
prod_oy_a000000238377,25,ON_SALE,3,AUTO_SEED,2026-07-02T08:46:30.440Z
prod_oy_a000000238594,20,ON_SALE,3,AUTO_SEED,2026-07-02T08:46:30.440Z
prod_oy_a000000240268,51,ON_SALE,3,AUTO_SEED,2026-07-02T08:46:30.440Z
prod_oy_a000000241336,22,ON_SALE,3,AUTO_SEED,2026-07-02T08:46:30.440Z
prod_oy_a000000241360,11,ON_SALE,3,AUTO_SEED,2026-07-02T08:46:30.440Z
prod_oy_a000000241909,46,ON_SALE,3,AUTO_SEED,2026-07-02T08:46:30.440Z
prod_oy_a000000242631,33,ON_SALE,3,AUTO_SEED,2026-07-02T08:46:30.440Z
prod_oy_a000000242839,79,ON_SALE,3,AUTO_SEED,2026-07-02T08:46:30.440Z
prod_oy_a000000242945,79,ON_SALE,3,AUTO_SEED,2026-07-02T08:46:30.440Z
prod_oy_a000000243786,0,SOLD_OUT,3,AUTO_SEED,2026-07-02T08:46:30.440Z
prod_oy_a000000245473,8,ON_SALE,3,AUTO_SEED,2026-07-02T08:46:30.440Z
prod_oy_a000000246144,20,ON_SALE,3,AUTO_SEED,2026-07-02T08:46:30.440Z
prod_oy_a000000246591,52,ON_SALE,3,AUTO_SEED,2026-07-02T08:46:30.440Z
prod_oy_a000000246776,11,ON_SALE,3,AUTO_SEED,2026-07-02T08:46:30.440Z
prod_oy_a000000246877,0,SOLD_OUT,3,AUTO_SEED,2026-07-02T08:46:30.440Z
prod_oy_a000000246922,72,ON_SALE,3,AUTO_SEED,2026-07-02T08:46:30.440Z
prod_oy_a000000247174,80,ON_SALE,3,AUTO_SEED,2026-07-02T08:46:30.440Z
prod_oy_a000000247186,47,ON_SALE,3,AUTO_SEED,2026-07-02T08:46:30.440Z
prod_oy_a000000247199,13,ON_SALE,3,AUTO_SEED,2026-07-02T08:46:30.440Z
prod_oy_a000000247202,22,ON_SALE,3,AUTO_SEED,2026-07-02T08:46:30.440Z
prod_oy_a000000247379,53,ON_SALE,3,AUTO_SEED,2026-07-02T08:46:30.440Z
prod_oy_a000000247596,48,ON_SALE,3,AUTO_SEED,2026-07-02T08:46:30.440Z
prod_oy_a000000247723,18,ON_SALE,3,AUTO_SEED,2026-07-02T08:46:30.440Z
prod_oy_a000000248401,78,ON_SALE,3,AUTO_SEED,2026-07-02T08:46:30.440Z
prod_oy_a000000248422,15,ON_SALE,3,AUTO_SEED,2026-07-02T08:46:30.440Z
prod_oy_a000000248509,21,ON_SALE,3,AUTO_SEED,2026-07-02T08:46:30.440Z
prod_oy_a000000248615,21,ON_SALE,3,AUTO_SEED,2026-07-02T08:46:30.440Z
prod_oy_a000000248823,46,ON_SALE,3,AUTO_SEED,2026-07-02T08:46:30.440Z
prod_oy_a000000248935,40,ON_SALE,3,AUTO_SEED,2026-07-02T08:46:30.440Z
prod_oy_a000000249611,26,ON_SALE,3,AUTO_SEED,2026-07-02T08:46:30.440Z
prod_oy_a000000249650,55,ON_SALE,3,AUTO_SEED,2026-07-02T08:46:30.440Z
prod_oy_a000000249651,54,ON_SALE,3,AUTO_SEED,2026-07-02T08:46:30.440Z
prod_oy_a000000250103,18,ON_SALE,3,AUTO_SEED,2026-07-02T08:46:30.440Z
prod_oy_a000000250193,0,SOLD_OUT,3,AUTO_SEED,2026-07-02T08:46:30.440Z
prod_oy_a000000251275,55,ON_SALE,3,AUTO_SEED,2026-07-02T08:46:30.440Z
prod_oy_a000000251446,49,ON_SALE,3,AUTO_SEED,2026-07-02T08:46:30.440Z
prod_oy_a000000252302,75,ON_SALE,3,AUTO_SEED,2026-07-02T08:46:30.440Z
prod_oy_a000000252669,39,ON_SALE,3,AUTO_SEED,2026-07-02T08:46:30.440Z
prod_oy_a000000253090,22,ON_SALE,3,AUTO_SEED,2026-07-02T08:46:30.440Z
prod_oy_a000000254645,31,ON_SALE,3,AUTO_SEED,2026-07-02T08:46:30.440Z
prod_oy_a000000254720,49,ON_SALE,3,AUTO_SEED,2026-07-02T08:46:30.440Z
prod_oy_a000000254724,45,ON_SALE,3,AUTO_SEED,2026-07-02T08:46:30.440Z
prod_oy_a000000254849,5,ON_SALE,3,AUTO_SEED,2026-07-02T08:46:30.440Z
prod_oy_a000000255066,35,ON_SALE,3,AUTO_SEED,2026-07-02T08:46:30.440Z
prod_oy_a000000255445,54,ON_SALE,3,AUTO_SEED,2026-07-02T08:46:30.440Z
prod_oy_a000000256156,18,ON_SALE,3,AUTO_SEED,2026-07-02T09:08:40.835Z
prod_oy_a000000257390,31,ON_SALE,3,AUTO_SEED,2026-07-02T09:08:40.835Z
prod_oy_a000000257584,36,ON_SALE,3,AUTO_SEED,2026-07-02T09:08:40.835Z
prod_oy_a000000257656,78,ON_SALE,3,AUTO_SEED,2026-07-02T09:08:40.835Z
prod_oy_a000000257834,44,ON_SALE,3,AUTO_SEED,2026-07-02T09:08:40.835Z
prod_oy_a000000257838,40,ON_SALE,3,AUTO_SEED,2026-07-02T09:08:40.835Z
prod_oy_a000000258055,70,ON_SALE,3,AUTO_SEED,2026-07-02T09:08:40.835Z
prod_oy_a000000259198,0,SOLD_OUT,3,AUTO_SEED,2026-07-02T09:08:40.835Z
prod_oy_a000000259199,46,ON_SALE,3,AUTO_SEED,2026-07-02T09:08:40.835Z
prod_oy_a000000260505,79,ON_SALE,3,AUTO_SEED,2026-07-02T09:08:40.835Z
prod_oy_a000000246297,41,ON_SALE,3,AUTO_SEED,2026-07-02T09:08:40.835Z
prod_oy_a000000192105,17,ON_SALE,3,AUTO_SEED,2026-07-02T09:08:40.835Z
prod_oy_a000000198320,20,ON_SALE,3,AUTO_SEED,2026-07-02T09:08:40.835Z
prod_oy_a000000237527,5,ON_SALE,3,AUTO_SEED,2026-07-02T09:08:40.835Z
prod_oy_a000000218548,33,ON_SALE,3,AUTO_SEED,2026-07-02T09:08:40.835Z
prod_oy_a000000234408,36,ON_SALE,3,AUTO_SEED,2026-07-02T09:08:40.835Z
prod_oy_a000000236427,0,SOLD_OUT,3,AUTO_SEED,2026-07-02T09:08:40.835Z
prod_oy_a000000198833,45,ON_SALE,3,AUTO_SEED,2026-07-02T09:08:40.835Z
prod_oy_a000000248501,29,ON_SALE,3,AUTO_SEED,2026-07-02T09:08:40.835Z
prod_oy_a000000247823,45,ON_SALE,3,AUTO_SEED,2026-07-02T09:08:40.835Z
prod_oy_a000000252779,35,ON_SALE,3,AUTO_SEED,2026-07-02T09:08:40.835Z
prod_oy_a000000255625,18,ON_SALE,3,AUTO_SEED,2026-07-02T09:08:40.835Z
prod_oy_a000000248609,48,ON_SALE,3,AUTO_SEED,2026-07-02T09:08:40.835Z
prod_oy_a000000214315,71,ON_SALE,3,AUTO_SEED,2026-07-02T09:08:40.835Z
prod_oy_a000000247726,15,ON_SALE,3,AUTO_SEED,2026-07-02T09:08:40.835Z
prod_oy_a000000206312,45,ON_SALE,3,AUTO_SEED,2026-07-02T09:08:40.835Z
prod_oy_a000000006014,16,ON_SALE,3,AUTO_SEED,2026-07-02T09:08:40.835Z
prod_oy_a000000016809,61,ON_SALE,3,AUTO_SEED,2026-07-02T09:08:40.835Z
prod_oy_a000000107841,40,ON_SALE,3,AUTO_SEED,2026-07-02T09:08:40.835Z
prod_oy_a000000115499,26,ON_SALE,3,AUTO_SEED,2026-07-02T09:08:40.835Z
prod_oy_a000000117809,35,ON_SALE,3,AUTO_SEED,2026-07-02T09:08:40.835Z
prod_oy_a000000122126,41,ON_SALE,3,AUTO_SEED,2026-07-02T09:08:40.835Z
prod_oy_a000000136537,76,ON_SALE,3,AUTO_SEED,2026-07-02T09:08:40.835Z
prod_oy_a000000142737,5,ON_SALE,3,AUTO_SEED,2026-07-02T09:08:40.835Z
prod_oy_a000000144808,50,ON_SALE,3,AUTO_SEED,2026-07-02T09:08:40.835Z
prod_oy_a000000147164,0,SOLD_OUT,3,AUTO_SEED,2026-07-02T09:08:40.835Z
prod_oy_a000000148409,21,ON_SALE,3,AUTO_SEED,2026-07-02T09:08:40.835Z
prod_oy_a000000151831,68,ON_SALE,3,AUTO_SEED,2026-07-02T09:08:40.835Z
prod_oy_a000000155320,45,ON_SALE,3,AUTO_SEED,2026-07-02T09:08:40.835Z
prod_oy_a000000156779,66,ON_SALE,3,AUTO_SEED,2026-07-02T09:08:40.835Z
prod_oy_a000000156792,11,ON_SALE,3,AUTO_SEED,2026-07-02T09:08:40.835Z
prod_oy_a000000156843,40,ON_SALE,3,AUTO_SEED,2026-07-02T09:08:40.835Z
prod_oy_a000000158475,67,ON_SALE,3,AUTO_SEED,2026-07-02T09:08:40.835Z
prod_oy_a000000158920,58,ON_SALE,3,AUTO_SEED,2026-07-02T09:08:40.835Z
prod_oy_a000000159595,33,ON_SALE,3,AUTO_SEED,2026-07-02T09:08:40.835Z
prod_oy_a000000159598,30,ON_SALE,3,AUTO_SEED,2026-07-02T09:08:40.835Z
prod_oy_a000000159982,23,ON_SALE,3,AUTO_SEED,2026-07-02T09:08:40.835Z
prod_oy_a000000163399,76,ON_SALE,3,AUTO_SEED,2026-07-02T09:08:40.835Z
prod_oy_a000000163761,57,ON_SALE,3,AUTO_SEED,2026-07-02T09:08:40.835Z
prod_oy_a000000164628,72,ON_SALE,3,AUTO_SEED,2026-07-02T09:08:40.835Z
prod_oy_a000000165192,31,ON_SALE,3,AUTO_SEED,2026-07-02T09:08:40.835Z
prod_oy_a000000165887,18,ON_SALE,3,AUTO_SEED,2026-07-02T09:08:40.835Z
prod_oy_a000000166922,9,ON_SALE,3,AUTO_SEED,2026-07-02T09:08:40.835Z
prod_oy_a000000167259,25,ON_SALE,3,AUTO_SEED,2026-07-02T09:08:40.835Z
prod_oy_a000000167261,78,ON_SALE,3,AUTO_SEED,2026-07-02T09:08:40.835Z
prod_oy_a000000167993,20,ON_SALE,3,AUTO_SEED,2026-07-02T09:08:40.835Z
prod_oy_a000000168274,45,ON_SALE,3,AUTO_SEED,2026-07-02T09:08:40.835Z
prod_oy_a000000168828,54,ON_SALE,3,AUTO_SEED,2026-07-02T09:08:40.835Z
prod_oy_a000000172072,18,ON_SALE,3,AUTO_SEED,2026-07-02T09:08:40.835Z
prod_oy_a000000172075,15,ON_SALE,3,AUTO_SEED,2026-07-02T09:08:40.835Z
prod_oy_a000000173212,31,ON_SALE,3,AUTO_SEED,2026-07-02T09:08:40.835Z
prod_oy_a000000174016,50,ON_SALE,3,AUTO_SEED,2026-07-02T09:08:40.835Z
prod_oy_a000000176958,17,ON_SALE,3,AUTO_SEED,2026-07-02T09:08:40.835Z
prod_oy_a000000177383,72,ON_SALE,3,AUTO_SEED,2026-07-02T09:08:40.835Z
prod_oy_a000000177493,68,ON_SALE,3,AUTO_SEED,2026-07-02T09:08:40.835Z
prod_oy_a000000177784,27,ON_SALE,3,AUTO_SEED,2026-07-02T09:08:40.835Z
prod_oy_a000000178061,0,SOLD_OUT,3,AUTO_SEED,2026-07-02T09:08:40.835Z
prod_oy_a000000178516,37,ON_SALE,3,AUTO_SEED,2026-07-02T09:08:40.835Z
prod_oy_a000000180559,9,ON_SALE,3,AUTO_SEED,2026-07-02T09:08:40.835Z
prod_oy_a000000181194,11,ON_SALE,3,AUTO_SEED,2026-07-02T09:08:40.835Z
prod_oy_a000000182304,41,ON_SALE,3,AUTO_SEED,2026-07-02T09:08:40.835Z
prod_oy_a000000182831,10,ON_SALE,3,AUTO_SEED,2026-07-02T09:08:40.835Z
prod_oy_a000000184629,57,ON_SALE,3,AUTO_SEED,2026-07-02T09:08:40.835Z
prod_oy_a000000185306,42,ON_SALE,3,AUTO_SEED,2026-07-02T09:08:40.835Z
prod_oy_a000000187628,61,ON_SALE,3,AUTO_SEED,2026-07-02T09:08:40.835Z
prod_oy_a000000191895,78,ON_SALE,3,AUTO_SEED,2026-07-02T09:08:40.835Z
prod_oy_a000000192054,64,ON_SALE,3,AUTO_SEED,2026-07-02T09:08:40.835Z
prod_oy_a000000192057,61,ON_SALE,3,AUTO_SEED,2026-07-02T09:08:40.835Z
prod_oy_a000000192787,5,ON_SALE,3,AUTO_SEED,2026-07-02T09:08:40.835Z
prod_oy_a000000198892,12,ON_SALE,3,AUTO_SEED,2026-07-02T09:08:40.835Z
prod_oy_a000000199203,53,ON_SALE,3,AUTO_SEED,2026-07-02T09:08:40.835Z
prod_oy_a000000199486,0,SOLD_OUT,3,AUTO_SEED,2026-07-02T09:08:40.835Z
prod_oy_a000000199651,8,ON_SALE,3,AUTO_SEED,2026-07-02T09:08:40.835Z
prod_oy_a000000199668,46,ON_SALE,3,AUTO_SEED,2026-07-02T09:08:40.835Z
prod_oy_a000000199783,16,ON_SALE,3,AUTO_SEED,2026-07-02T09:08:40.835Z
prod_oy_a000000200188,66,ON_SALE,3,AUTO_SEED,2026-07-02T09:08:40.835Z
prod_oy_a000000200201,44,ON_SALE,3,AUTO_SEED,2026-07-02T09:08:40.835Z
prod_oy_a000000200600,77,ON_SALE,3,AUTO_SEED,2026-07-02T09:08:40.835Z
prod_oy_a000000200622,0,SOLD_OUT,3,AUTO_SEED,2026-07-02T09:08:40.835Z
prod_oy_a000000201378,76,ON_SALE,3,AUTO_SEED,2026-07-02T09:08:40.835Z
prod_oy_a000000204160,64,ON_SALE,3,AUTO_SEED,2026-07-02T09:08:40.835Z
prod_oy_a000000204581,0,SOLD_OUT,3,AUTO_SEED,2026-07-02T09:08:40.835Z
prod_oy_a000000205871,70,ON_SALE,3,AUTO_SEED,2026-07-02T09:08:40.835Z
prod_oy_a000000206338,53,ON_SALE,3,AUTO_SEED,2026-07-02T09:08:40.835Z
prod_oy_a000000208055,67,ON_SALE,3,AUTO_SEED,2026-07-02T09:08:40.835Z
prod_oy_a000000209299,70,ON_SALE,3,AUTO_SEED,2026-07-02T09:08:40.835Z
prod_oy_a000000209418,69,ON_SALE,3,AUTO_SEED,2026-07-02T09:08:40.835Z
prod_oy_a000000210417,16,ON_SALE,3,AUTO_SEED,2026-07-02T09:08:40.835Z
prod_oy_a000000210933,17,ON_SALE,3,AUTO_SEED,2026-07-02T09:08:40.835Z
prod_oy_a000000211862,51,ON_SALE,3,AUTO_SEED,2026-07-02T09:08:40.835Z
prod_oy_a000000212016,63,ON_SALE,3,AUTO_SEED,2026-07-02T09:09:01.430Z
prod_oy_a000000212725,70,ON_SALE,3,AUTO_SEED,2026-07-02T09:09:01.430Z
prod_oy_a000000212882,66,ON_SALE,3,AUTO_SEED,2026-07-02T09:09:01.430Z
prod_oy_a000000213112,19,ON_SALE,3,AUTO_SEED,2026-07-02T09:09:01.430Z
prod_oy_a000000213113,18,ON_SALE,3,AUTO_SEED,2026-07-02T09:09:01.430Z
prod_oy_a000000213953,34,ON_SALE,3,AUTO_SEED,2026-07-02T09:09:01.430Z
prod_oy_a000000214303,28,ON_SALE,3,AUTO_SEED,2026-07-02T09:09:01.430Z
prod_oy_a000000217167,15,ON_SALE,3,AUTO_SEED,2026-07-02T09:09:01.430Z
prod_oy_a000000217602,0,SOLD_OUT,3,AUTO_SEED,2026-07-02T09:09:01.430Z
prod_oy_a000000219326,44,ON_SALE,3,AUTO_SEED,2026-07-02T09:09:01.430Z
prod_oy_a000000219568,48,ON_SALE,3,AUTO_SEED,2026-07-02T09:09:01.430Z
prod_oy_a000000221698,5,ON_SALE,3,AUTO_SEED,2026-07-02T09:09:01.430Z
prod_oy_a000000222814,8,ON_SALE,3,AUTO_SEED,2026-07-02T09:09:01.430Z
prod_oy_a000000222908,62,ON_SALE,3,AUTO_SEED,2026-07-02T09:09:01.430Z
prod_oy_a000000223622,78,ON_SALE,3,AUTO_SEED,2026-07-02T09:09:01.430Z
prod_oy_a000000224849,64,ON_SALE,3,AUTO_SEED,2026-07-02T09:09:01.430Z
prod_oy_a000000225008,50,ON_SALE,3,AUTO_SEED,2026-07-02T09:09:01.430Z
prod_oy_a000000225249,55,ON_SALE,3,AUTO_SEED,2026-07-02T09:09:01.430Z
prod_oy_a000000225911,41,ON_SALE,3,AUTO_SEED,2026-07-02T09:09:01.430Z
prod_oy_a000000227276,43,ON_SALE,3,AUTO_SEED,2026-07-02T09:09:01.430Z
prod_oy_a000000228259,27,ON_SALE,3,AUTO_SEED,2026-07-02T09:09:01.430Z
prod_oy_a000000228905,71,ON_SALE,3,AUTO_SEED,2026-07-02T09:09:01.430Z
prod_oy_a000000229491,42,ON_SALE,3,AUTO_SEED,2026-07-02T09:09:01.430Z
prod_oy_a000000229542,71,ON_SALE,3,AUTO_SEED,2026-07-02T09:09:01.430Z
prod_oy_a000000229591,69,ON_SALE,3,AUTO_SEED,2026-07-02T09:09:01.430Z
prod_oy_a000000229724,33,ON_SALE,3,AUTO_SEED,2026-07-02T09:09:01.430Z
prod_oy_a000000231120,50,ON_SALE,3,AUTO_SEED,2026-07-02T09:09:01.430Z
prod_oy_a000000235108,32,ON_SALE,3,AUTO_SEED,2026-07-02T09:09:01.430Z
prod_oy_a000000236564,35,ON_SALE,3,AUTO_SEED,2026-07-02T09:09:01.430Z
prod_oy_a000000237443,72,ON_SALE,3,AUTO_SEED,2026-07-02T09:09:01.430Z
prod_oy_a000000238458,37,ON_SALE,3,AUTO_SEED,2026-07-02T09:09:01.430Z
prod_oy_a000000239970,43,ON_SALE,3,AUTO_SEED,2026-07-02T09:09:01.430Z
prod_oy_a000000240202,15,ON_SALE,3,AUTO_SEED,2026-07-02T09:09:01.430Z
prod_oy_a000000240423,6,ON_SALE,3,AUTO_SEED,2026-07-02T09:09:01.430Z
prod_oy_a000000244954,51,ON_SALE,3,AUTO_SEED,2026-07-02T09:09:01.430Z
prod_oy_a000000244995,78,ON_SALE,3,AUTO_SEED,2026-07-02T09:09:01.430Z
prod_oy_a000000245465,37,ON_SALE,3,AUTO_SEED,2026-07-02T09:09:01.430Z
prod_oy_a000000247881,13,ON_SALE,3,AUTO_SEED,2026-07-02T09:09:01.430Z
prod_oy_a000000249649,77,ON_SALE,3,AUTO_SEED,2026-07-02T09:09:01.430Z
prod_oy_a000000249777,13,ON_SALE,3,AUTO_SEED,2026-07-02T09:09:01.430Z
prod_oy_a000000249903,60,ON_SALE,3,AUTO_SEED,2026-07-02T09:09:01.430Z
prod_oy_a000000250474,0,SOLD_OUT,3,AUTO_SEED,2026-07-02T09:09:01.430Z
prod_oy_a000000250690,29,ON_SALE,3,AUTO_SEED,2026-07-02T09:09:01.430Z
prod_oy_a000000251445,0,SOLD_OUT,3,AUTO_SEED,2026-07-02T09:09:01.430Z
prod_oy_a000000252773,41,ON_SALE,3,AUTO_SEED,2026-07-02T09:09:01.430Z
prod_oy_a000000252917,49,ON_SALE,3,AUTO_SEED,2026-07-02T09:09:01.430Z
prod_oy_a000000255989,61,ON_SALE,3,AUTO_SEED,2026-07-02T09:09:01.430Z
prod_oy_a000000257588,32,ON_SALE,3,AUTO_SEED,2026-07-02T09:09:01.430Z
prod_oy_a000000258859,54,ON_SALE,3,AUTO_SEED,2026-07-02T09:09:01.430Z
prod_oy_a000000259298,74,ON_SALE,3,AUTO_SEED,2026-07-02T09:09:01.430Z
prod_oy_a000000260203,76,ON_SALE,3,AUTO_SEED,2026-07-02T09:09:01.430Z
prod_oy_a000000260204,75,ON_SALE,3,AUTO_SEED,2026-07-02T09:09:01.430Z
prod_oy_a000000222834,22,ON_SALE,3,AUTO_SEED,2026-07-02T09:09:01.430Z
prod_oy_a000000250298,65,ON_SALE,3,AUTO_SEED,2026-07-02T09:09:01.430Z
prod_oy_a000000228952,71,ON_SALE,3,AUTO_SEED,2026-07-02T09:09:01.430Z
prod_oy_a000000137488,46,ON_SALE,3,AUTO_SEED,2026-07-02T09:09:01.430Z
prod_oy_a000000228228,45,ON_SALE,3,AUTO_SEED,2026-07-02T09:09:01.430Z
prod_oy_a000000243499,14,ON_SALE,3,AUTO_SEED,2026-07-02T09:09:01.430Z
prod_oy_a000000258468,68,ON_SALE,3,AUTO_SEED,2026-07-02T09:09:01.430Z
prod_oy_a000000248426,11,ON_SALE,3,AUTO_SEED,2026-07-02T09:09:01.430Z
prod_oy_a000000230522,79,ON_SALE,3,AUTO_SEED,2026-07-02T09:09:01.430Z
prod_oy_a000000222773,24,ON_SALE,3,AUTO_SEED,2026-07-02T09:09:01.430Z
prod_oy_a000000209904,11,ON_SALE,3,AUTO_SEED,2026-07-02T09:09:01.430Z
prod_oy_a000000230537,43,ON_SALE,3,AUTO_SEED,2026-07-02T09:09:01.430Z
prod_oy_a000000184697,70,ON_SALE,3,AUTO_SEED,2026-07-02T09:09:01.430Z
prod_oy_a000000198321,19,ON_SALE,3,AUTO_SEED,2026-07-02T09:09:01.430Z
prod_oy_a000000161508,28,ON_SALE,3,AUTO_SEED,2026-07-02T09:09:01.430Z
prod_oy_a000000129771,60,ON_SALE,3,AUTO_SEED,2026-07-02T09:09:01.430Z
prod_oy_a000000223781,72,ON_SALE,3,AUTO_SEED,2026-07-02T09:09:01.430Z
prod_oy_a000000155995,61,ON_SALE,3,AUTO_SEED,2026-07-02T09:09:01.430Z
prod_oy_a000000223483,65,ON_SALE,3,AUTO_SEED,2026-07-02T09:09:01.430Z
prod_oy_a000000006565,0,SOLD_OUT,3,AUTO_SEED,2026-07-02T09:09:01.430Z
prod_oy_a000000250632,61,ON_SALE,3,AUTO_SEED,2026-07-02T09:09:01.430Z
prod_oy_a000000145576,59,ON_SALE,3,AUTO_SEED,2026-07-02T09:09:01.430Z
prod_oy_a000000163494,32,ON_SALE,3,AUTO_SEED,2026-07-02T09:09:01.430Z
prod_oy_a000000232971,35,ON_SALE,3,AUTO_SEED,2026-07-02T09:09:01.430Z
prod_oy_a000000148729,40,ON_SALE,3,AUTO_SEED,2026-07-02T09:09:01.430Z
prod_oy_a000000237493,69,ON_SALE,3,AUTO_SEED,2026-07-02T09:09:01.430Z
prod_oy_a000000183744,26,ON_SALE,3,AUTO_SEED,2026-07-02T09:09:01.430Z
prod_oy_a000000236543,22,ON_SALE,3,AUTO_SEED,2026-07-02T09:09:01.430Z
prod_oy_a000000242173,76,ON_SALE,3,AUTO_SEED,2026-07-02T09:09:01.430Z
prod_oy_a000000236436,23,ON_SALE,3,AUTO_SEED,2026-07-02T09:09:01.430Z
prod_oy_a000000144041,21,ON_SALE,3,AUTO_SEED,2026-07-02T09:09:01.430Z
prod_oy_a000000219845,42,ON_SALE,3,AUTO_SEED,2026-07-02T09:09:01.430Z
prod_oy_a000000212251,74,ON_SALE,3,AUTO_SEED,2026-07-02T09:09:01.430Z
prod_oy_a000000185235,75,ON_SALE,3,AUTO_SEED,2026-07-02T09:09:01.430Z
prod_oy_a000000199154,22,ON_SALE,3,AUTO_SEED,2026-07-02T09:09:01.430Z
prod_oy_a000000255383,57,ON_SALE,3,AUTO_SEED,2026-07-02T09:09:01.430Z
prod_oy_a000000245706,75,ON_SALE,3,AUTO_SEED,2026-07-02T09:09:01.430Z
prod_oy_a000000149214,18,ON_SALE,3,AUTO_SEED,2026-07-02T09:09:01.430Z
prod_oy_a000000183230,78,ON_SALE,3,AUTO_SEED,2026-07-02T09:09:01.430Z
prod_oy_a000000221831,24,ON_SALE,3,AUTO_SEED,2026-07-02T09:09:01.430Z
prod_oy_a000000206692,30,ON_SALE,3,AUTO_SEED,2026-07-02T09:09:01.430Z
prod_oy_a000000257196,47,ON_SALE,3,AUTO_SEED,2026-07-02T09:09:01.430Z
prod_oy_a000000183229,24,ON_SALE,3,AUTO_SEED,2026-07-02T09:09:01.430Z
prod_oy_a000000209419,68,ON_SALE,3,AUTO_SEED,2026-07-02T09:09:01.430Z
prod_oy_a000000203992,32,ON_SALE,3,AUTO_SEED,2026-07-02T09:09:01.430Z
prod_oy_a000000210719,19,ON_SALE,3,AUTO_SEED,2026-07-02T09:09:01.430Z
prod_oy_a000000230762,9,ON_SALE,3,AUTO_SEED,2026-07-02T09:09:01.430Z
prod_oy_a000000199270,67,ON_SALE,3,AUTO_SEED,2026-07-02T09:09:01.430Z
prod_oy_a000000198090,26,ON_SALE,3,AUTO_SEED,2026-07-02T09:09:38.617Z
prod_oy_a000000197722,49,ON_SALE,3,AUTO_SEED,2026-07-02T09:09:38.617Z
prod_oy_a000000211930,21,ON_SALE,3,AUTO_SEED,2026-07-02T09:09:38.617Z
prod_oy_a000000141319,32,ON_SALE,3,AUTO_SEED,2026-07-02T09:09:38.617Z
prod_oy_a000000225943,22,ON_SALE,3,AUTO_SEED,2026-07-02T09:09:38.617Z
prod_oy_a000000234380,73,ON_SALE,3,AUTO_SEED,2026-07-02T09:09:38.617Z
prod_oy_a000000214176,58,ON_SALE,3,AUTO_SEED,2026-07-02T09:09:38.617Z
prod_oy_a000000223673,74,ON_SALE,3,AUTO_SEED,2026-07-02T09:09:38.617Z
prod_oy_a000000115419,46,ON_SALE,3,AUTO_SEED,2026-07-02T09:09:38.617Z
prod_oy_a000000222771,26,ON_SALE,3,AUTO_SEED,2026-07-02T09:09:38.617Z
prod_oy_a000000207459,18,ON_SALE,3,AUTO_SEED,2026-07-02T09:09:38.617Z
prod_oy_a000000233577,74,ON_SALE,3,AUTO_SEED,2026-07-02T09:09:38.617Z
prod_oy_a000000165551,36,ON_SALE,3,AUTO_SEED,2026-07-02T09:09:38.617Z
prod_oy_a000000244793,26,ON_SALE,3,AUTO_SEED,2026-07-02T09:09:38.617Z
prod_oy_b000000234131,12,ON_SALE,3,AUTO_SEED,2026-07-02T09:09:38.617Z
prod_oy_a000000243680,32,ON_SALE,3,AUTO_SEED,2026-07-02T09:09:38.617Z
prod_oy_a000000251468,61,ON_SALE,3,AUTO_SEED,2026-07-02T09:09:38.617Z
prod_oy_a000000245710,50,ON_SALE,3,AUTO_SEED,2026-07-02T09:09:38.617Z
prod_oy_a000000195679,10,ON_SALE,3,AUTO_SEED,2026-07-02T09:09:38.617Z
prod_oy_a000000195699,24,ON_SALE,3,AUTO_SEED,2026-07-02T09:09:38.617Z
prod_oy_a000000197739,11,ON_SALE,3,AUTO_SEED,2026-07-02T09:09:38.617Z
prod_oy_a000000103320,40,ON_SALE,3,AUTO_SEED,2026-07-02T09:09:38.617Z
prod_oy_a000000147661,48,ON_SALE,3,AUTO_SEED,2026-07-02T09:09:38.617Z
prod_oy_a000000170690,42,ON_SALE,3,AUTO_SEED,2026-07-02T09:09:38.617Z
prod_oy_a000000199665,49,ON_SALE,3,AUTO_SEED,2026-07-02T09:09:38.617Z
prod_oy_a000000205392,24,ON_SALE,3,AUTO_SEED,2026-07-02T09:09:38.617Z
prod_oy_a000000206008,0,SOLD_OUT,3,AUTO_SEED,2026-07-02T09:09:38.617Z
prod_oy_a000000174576,75,ON_SALE,3,AUTO_SEED,2026-07-02T09:09:38.617Z
prod_oy_b000000223873,43,ON_SALE,3,AUTO_SEED,2026-07-02T09:09:38.617Z
prod_oy_a000000259898,8,ON_SALE,3,AUTO_SEED,2026-07-02T09:09:38.617Z
prod_oy_a000000204881,38,ON_SALE,3,AUTO_SEED,2026-07-02T09:09:38.617Z
prod_oy_a000000207111,69,ON_SALE,3,AUTO_SEED,2026-07-02T09:09:38.617Z
prod_oy_a000000176899,17,ON_SALE,3,AUTO_SEED,2026-07-02T09:09:38.617Z
prod_oy_a000000255983,67,ON_SALE,3,AUTO_SEED,2026-07-02T09:09:38.617Z
prod_oy_a000000240093,61,ON_SALE,3,AUTO_SEED,2026-07-02T09:09:38.617Z
prod_oy_a000000252331,59,ON_SALE,3,AUTO_SEED,2026-07-02T09:09:38.617Z
prod_oy_a000000247595,49,ON_SALE,3,AUTO_SEED,2026-07-02T09:09:38.617Z
prod_oy_a000000248847,56,ON_SALE,3,AUTO_SEED,2026-07-02T09:09:38.617Z
prod_oy_a000000254668,42,ON_SALE,3,AUTO_SEED,2026-07-02T09:09:38.617Z
prod_oy_a000000247042,72,ON_SALE,3,AUTO_SEED,2026-07-02T09:09:38.617Z
prod_oy_a000000224041,8,ON_SALE,3,AUTO_SEED,2026-07-02T09:09:38.617Z
prod_oy_a000000137652,47,ON_SALE,3,AUTO_SEED,2026-07-02T09:09:38.617Z
prod_oy_a000000216470,71,ON_SALE,3,AUTO_SEED,2026-07-02T09:09:38.617Z
prod_oy_a000000137078,45,ON_SALE,3,AUTO_SEED,2026-07-02T09:09:38.617Z
prod_oy_a000000228955,68,ON_SALE,3,AUTO_SEED,2026-07-02T09:09:38.617Z
prod_oy_a000000231297,5,ON_SALE,3,AUTO_SEED,2026-07-02T09:09:38.617Z
prod_oy_a000000166822,58,ON_SALE,3,AUTO_SEED,2026-07-02T09:09:38.617Z
prod_oy_a000000226600,69,ON_SALE,3,AUTO_SEED,2026-07-02T09:09:38.617Z
prod_oy_a000000141317,34,ON_SALE,3,AUTO_SEED,2026-07-02T09:09:38.617Z
prod_oy_a000000006564,72,ON_SALE,3,AUTO_SEED,2026-07-02T09:09:38.617Z
prod_oy_a000000011086,51,ON_SALE,3,AUTO_SEED,2026-07-02T09:09:38.617Z
prod_oy_a000000011087,50,ON_SALE,3,AUTO_SEED,2026-07-02T09:09:38.617Z
prod_oy_a000000011088,49,ON_SALE,3,AUTO_SEED,2026-07-02T09:09:38.617Z
prod_oy_a000000012809,0,SOLD_OUT,3,AUTO_SEED,2026-07-02T09:09:38.617Z
prod_oy_a000000015971,30,ON_SALE,3,AUTO_SEED,2026-07-02T09:09:38.617Z
prod_oy_a000000104146,71,ON_SALE,3,AUTO_SEED,2026-07-02T09:09:38.617Z
prod_oy_a000000104173,57,ON_SALE,3,AUTO_SEED,2026-07-02T09:09:38.617Z
prod_oy_a000000104176,54,ON_SALE,3,AUTO_SEED,2026-07-02T09:09:38.617Z
prod_oy_a000000104972,46,ON_SALE,3,AUTO_SEED,2026-07-02T09:09:38.617Z
prod_oy_a000000115386,33,ON_SALE,3,AUTO_SEED,2026-07-02T09:09:38.617Z
prod_oy_a000000122212,27,ON_SALE,3,AUTO_SEED,2026-07-02T09:09:38.617Z
prod_oy_a000000140891,78,ON_SALE,3,AUTO_SEED,2026-07-02T09:09:38.617Z
prod_oy_a000000141309,63,ON_SALE,3,AUTO_SEED,2026-07-02T09:09:38.617Z
prod_oy_a000000143196,39,ON_SALE,3,AUTO_SEED,2026-07-02T09:09:38.617Z
prod_oy_a000000144917,47,ON_SALE,3,AUTO_SEED,2026-07-02T09:09:38.617Z
prod_oy_a000000145835,37,ON_SALE,3,AUTO_SEED,2026-07-02T09:09:38.617Z
prod_oy_a000000146263,13,ON_SALE,3,AUTO_SEED,2026-07-02T09:09:38.617Z
prod_oy_a000000146808,52,ON_SALE,3,AUTO_SEED,2026-07-02T09:09:38.617Z
prod_oy_a000000146894,5,ON_SALE,3,AUTO_SEED,2026-07-02T09:09:38.617Z
prod_oy_a000000146896,79,ON_SALE,3,AUTO_SEED,2026-07-02T09:09:38.617Z
prod_oy_a000000149211,21,ON_SALE,3,AUTO_SEED,2026-07-02T09:09:38.617Z
prod_oy_a000000152286,0,SOLD_OUT,3,AUTO_SEED,2026-07-02T09:09:38.617Z
prod_oy_a000000154199,68,ON_SALE,3,AUTO_SEED,2026-07-02T09:09:38.617Z
prod_oy_a000000158113,0,SOLD_OUT,3,AUTO_SEED,2026-07-02T09:09:38.617Z
prod_oy_a000000161654,56,ON_SALE,3,AUTO_SEED,2026-07-02T09:09:38.617Z
prod_oy_a000000162054,47,ON_SALE,3,AUTO_SEED,2026-07-02T09:09:38.617Z
prod_oy_a000000166474,21,ON_SALE,3,AUTO_SEED,2026-07-02T09:09:38.617Z
prod_oy_a000000167411,59,ON_SALE,3,AUTO_SEED,2026-07-02T09:09:38.617Z
prod_oy_a000000169182,66,ON_SALE,3,AUTO_SEED,2026-07-02T09:09:38.617Z
prod_oy_a000000170034,62,ON_SALE,3,AUTO_SEED,2026-07-02T09:09:38.617Z
prod_oy_a000000173672,0,SOLD_OUT,3,AUTO_SEED,2026-07-02T09:09:38.617Z
prod_oy_a000000174384,68,ON_SALE,3,AUTO_SEED,2026-07-02T09:09:38.617Z
prod_oy_a000000174520,8,ON_SALE,3,AUTO_SEED,2026-07-02T09:09:38.617Z
prod_oy_a000000174709,39,ON_SALE,3,AUTO_SEED,2026-07-02T09:09:38.617Z
prod_oy_a000000175964,65,ON_SALE,3,AUTO_SEED,2026-07-02T09:09:38.617Z
prod_oy_a000000178076,20,ON_SALE,3,AUTO_SEED,2026-07-02T09:09:38.617Z
prod_oy_a000000180935,0,SOLD_OUT,3,AUTO_SEED,2026-07-02T09:09:38.617Z
prod_oy_a000000184664,14,ON_SALE,3,AUTO_SEED,2026-07-02T09:09:38.617Z
prod_oy_a000000184789,50,ON_SALE,3,AUTO_SEED,2026-07-02T09:09:38.617Z
prod_oy_a000000184935,35,ON_SALE,3,AUTO_SEED,2026-07-02T09:09:38.617Z
prod_oy_a000000185157,60,ON_SALE,3,AUTO_SEED,2026-07-02T09:09:38.617Z
prod_oy_a000000186860,74,ON_SALE,3,AUTO_SEED,2026-07-02T09:09:38.617Z
prod_oy_a000000189589,77,ON_SALE,3,AUTO_SEED,2026-07-02T09:09:38.617Z
prod_oy_a000000198539,34,ON_SALE,3,AUTO_SEED,2026-07-02T09:09:38.617Z
prod_oy_a000000198947,0,SOLD_OUT,3,AUTO_SEED,2026-07-02T09:09:38.617Z
prod_oy_a000000199825,75,ON_SALE,3,AUTO_SEED,2026-07-02T09:09:38.617Z
prod_oy_a000000200886,29,ON_SALE,3,AUTO_SEED,2026-07-02T09:09:38.617Z
prod_oy_a000000201011,36,ON_SALE,3,AUTO_SEED,2026-07-02T09:09:38.617Z
prod_oy_a000000203247,69,ON_SALE,3,AUTO_SEED,2026-07-02T09:09:38.617Z
prod_oy_a000000203440,54,ON_SALE,3,AUTO_SEED,2026-07-02T09:09:38.617Z
prod_oy_a000000203855,50,ON_SALE,3,AUTO_SEED,2026-07-02T09:31:46.949Z
prod_oy_a000000204649,24,ON_SALE,3,AUTO_SEED,2026-07-02T09:31:46.949Z
prod_oy_a000000208029,80,ON_SALE,3,AUTO_SEED,2026-07-02T09:31:46.949Z
prod_oy_a000000208425,40,ON_SALE,3,AUTO_SEED,2026-07-02T09:31:46.949Z
prod_oy_a000000208721,49,ON_SALE,3,AUTO_SEED,2026-07-02T09:31:46.949Z
prod_oy_a000000208897,5,ON_SALE,3,AUTO_SEED,2026-07-02T09:31:46.949Z
prod_oy_a000000209714,78,ON_SALE,3,AUTO_SEED,2026-07-02T09:31:46.949Z
prod_oy_a000000210476,59,ON_SALE,3,AUTO_SEED,2026-07-02T09:31:46.949Z
prod_oy_a000000210666,68,ON_SALE,3,AUTO_SEED,2026-07-02T09:31:46.949Z
prod_oy_a000000210922,49,ON_SALE,3,AUTO_SEED,2026-07-02T09:31:46.949Z
prod_oy_a000000211493,77,ON_SALE,3,AUTO_SEED,2026-07-02T09:31:46.949Z
prod_oy_a000000213387,79,ON_SALE,3,AUTO_SEED,2026-07-02T09:31:46.949Z
prod_oy_a000000214141,80,ON_SALE,3,AUTO_SEED,2026-07-02T09:31:46.949Z
prod_oy_a000000214170,64,ON_SALE,3,AUTO_SEED,2026-07-02T09:31:46.949Z
prod_oy_a000000215009,18,ON_SALE,3,AUTO_SEED,2026-07-02T09:31:46.949Z
prod_oy_a000000219100,58,ON_SALE,3,AUTO_SEED,2026-07-02T09:31:46.949Z
prod_oy_a000000219101,57,ON_SALE,3,AUTO_SEED,2026-07-02T09:31:46.949Z
prod_oy_a000000219102,56,ON_SALE,3,AUTO_SEED,2026-07-02T09:31:46.949Z
prod_oy_a000000222741,43,ON_SALE,3,AUTO_SEED,2026-07-02T09:31:46.949Z
prod_oy_a000000222769,49,ON_SALE,3,AUTO_SEED,2026-07-02T09:31:46.949Z
prod_oy_a000000223196,26,ON_SALE,3,AUTO_SEED,2026-07-02T09:31:46.949Z
prod_oy_a000000224240,63,ON_SALE,3,AUTO_SEED,2026-07-02T09:31:46.949Z
prod_oy_a000000225493,36,ON_SALE,3,AUTO_SEED,2026-07-02T09:31:46.949Z
prod_oy_a000000225614,33,ON_SALE,3,AUTO_SEED,2026-07-02T09:31:46.949Z
prod_oy_a000000226100,10,ON_SALE,3,AUTO_SEED,2026-07-02T09:31:46.949Z
prod_oy_a000000226597,60,ON_SALE,3,AUTO_SEED,2026-07-02T09:31:46.949Z
prod_oy_a000000226598,59,ON_SALE,3,AUTO_SEED,2026-07-02T09:31:46.949Z
prod_oy_a000000227226,46,ON_SALE,3,AUTO_SEED,2026-07-02T09:31:46.949Z
prod_oy_a000000229488,66,ON_SALE,3,AUTO_SEED,2026-07-02T09:31:46.949Z
prod_oy_a000000232217,26,ON_SALE,3,AUTO_SEED,2026-07-02T09:31:46.949Z
prod_oy_a000000232954,18,ON_SALE,3,AUTO_SEED,2026-07-02T09:31:46.949Z
prod_oy_a000000232993,47,ON_SALE,3,AUTO_SEED,2026-07-02T09:31:46.949Z
prod_oy_a000000232999,41,ON_SALE,3,AUTO_SEED,2026-07-02T09:31:46.949Z
prod_oy_a000000233004,7,ON_SALE,3,AUTO_SEED,2026-07-02T09:31:46.949Z
prod_oy_a000000237000,15,ON_SALE,3,AUTO_SEED,2026-07-02T09:31:46.949Z
prod_oy_a000000237614,66,ON_SALE,3,AUTO_SEED,2026-07-02T09:31:46.949Z
prod_oy_a000000238287,43,ON_SALE,3,AUTO_SEED,2026-07-02T09:31:46.949Z
prod_oy_a000000238500,75,ON_SALE,3,AUTO_SEED,2026-07-02T09:31:46.949Z
prod_oy_a000000238513,41,ON_SALE,3,AUTO_SEED,2026-07-02T09:31:46.949Z
prod_oy_a000000240497,13,ON_SALE,3,AUTO_SEED,2026-07-02T09:31:46.949Z
prod_oy_a000000242745,25,ON_SALE,3,AUTO_SEED,2026-07-02T09:31:46.949Z
prod_oy_a000000244246,43,ON_SALE,3,AUTO_SEED,2026-07-02T09:31:46.949Z
prod_oy_a000000244662,0,SOLD_OUT,3,AUTO_SEED,2026-07-02T09:31:46.949Z
prod_oy_a000000244690,78,ON_SALE,3,AUTO_SEED,2026-07-02T09:31:46.949Z
prod_oy_a000000246717,44,ON_SALE,3,AUTO_SEED,2026-07-02T09:31:46.949Z
prod_oy_a000000248724,0,SOLD_OUT,3,AUTO_SEED,2026-07-02T09:31:46.949Z
prod_oy_a000000249538,6,ON_SALE,3,AUTO_SEED,2026-07-02T09:31:46.949Z
prod_oy_a000000250229,53,ON_SALE,3,AUTO_SEED,2026-07-02T09:31:46.949Z
prod_oy_a000000252600,6,ON_SALE,3,AUTO_SEED,2026-07-02T09:31:46.949Z
prod_oy_a000000257083,54,ON_SALE,3,AUTO_SEED,2026-07-02T09:31:46.949Z
prod_oy_a000000257647,32,ON_SALE,3,AUTO_SEED,2026-07-02T09:31:46.949Z
prod_oy_a000000257652,6,ON_SALE,3,AUTO_SEED,2026-07-02T09:31:46.949Z
prod_oy_a000000257658,76,ON_SALE,3,AUTO_SEED,2026-07-02T09:31:46.949Z
prod_oy_a000000257670,22,ON_SALE,3,AUTO_SEED,2026-07-02T09:31:46.949Z
prod_oy_a000000258819,26,ON_SALE,3,AUTO_SEED,2026-07-02T09:31:46.949Z
prod_oy_a000000259098,20,ON_SALE,3,AUTO_SEED,2026-07-02T09:31:46.949Z
prod_oy_a000000259759,28,ON_SALE,3,AUTO_SEED,2026-07-02T09:31:46.949Z
prod_oy_b000000184084,9,ON_SALE,3,AUTO_SEED,2026-07-02T09:31:46.949Z
prod_oy_b000000184086,7,ON_SALE,3,AUTO_SEED,2026-07-02T09:31:46.949Z
prod_oy_b000000232976,21,ON_SALE,3,AUTO_SEED,2026-07-02T09:31:46.949Z
prod_oy_a000000188948,5,ON_SALE,3,AUTO_SEED,2026-07-02T09:31:46.949Z
prod_oy_a000000016749,62,ON_SALE,3,AUTO_SEED,2026-07-02T09:31:46.949Z
prod_oy_a000000107837,65,ON_SALE,3,AUTO_SEED,2026-07-02T09:31:46.949Z
prod_oy_a000000121268,17,ON_SALE,3,AUTO_SEED,2026-07-02T09:31:46.949Z
prod_oy_a000000137386,21,ON_SALE,3,AUTO_SEED,2026-07-02T09:31:46.949Z
prod_oy_a000000137470,9,ON_SALE,3,AUTO_SEED,2026-07-02T09:31:46.949Z
prod_oy_a000000142618,39,ON_SALE,3,AUTO_SEED,2026-07-02T09:31:46.949Z
prod_oy_a000000144036,47,ON_SALE,3,AUTO_SEED,2026-07-02T09:31:46.949Z
prod_oy_a000000144803,55,ON_SALE,3,AUTO_SEED,2026-07-02T09:31:46.949Z
prod_oy_a000000147577,60,ON_SALE,3,AUTO_SEED,2026-07-02T09:31:46.949Z
prod_oy_a000000149427,38,ON_SALE,3,AUTO_SEED,2026-07-02T09:31:46.949Z
prod_oy_a000000150816,48,ON_SALE,3,AUTO_SEED,2026-07-02T09:31:46.949Z
prod_oy_a000000152004,19,ON_SALE,3,AUTO_SEED,2026-07-02T09:31:46.949Z
prod_oy_a000000155994,62,ON_SALE,3,AUTO_SEED,2026-07-02T09:31:46.949Z
prod_oy_a000000162615,28,ON_SALE,3,AUTO_SEED,2026-07-02T09:31:46.949Z
prod_oy_a000000164819,80,ON_SALE,3,AUTO_SEED,2026-07-02T09:31:46.949Z
prod_oy_a000000165603,64,ON_SALE,3,AUTO_SEED,2026-07-02T09:31:46.949Z
prod_oy_a000000171034,63,ON_SALE,3,AUTO_SEED,2026-07-02T09:31:46.949Z
prod_oy_a000000176059,77,ON_SALE,3,AUTO_SEED,2026-07-02T09:31:46.949Z
prod_oy_a000000179257,0,SOLD_OUT,3,AUTO_SEED,2026-07-02T09:31:46.949Z
prod_oy_a000000179655,0,SOLD_OUT,3,AUTO_SEED,2026-07-02T09:31:46.949Z
prod_oy_a000000182277,22,ON_SALE,3,AUTO_SEED,2026-07-02T09:31:46.949Z
prod_oy_a000000182721,14,ON_SALE,3,AUTO_SEED,2026-07-02T09:31:46.949Z
prod_oy_a000000184579,27,ON_SALE,3,AUTO_SEED,2026-07-02T09:31:46.949Z
prod_oy_a000000184805,25,ON_SALE,3,AUTO_SEED,2026-07-02T09:31:46.949Z
prod_oy_a000000185300,48,ON_SALE,3,AUTO_SEED,2026-07-02T09:31:46.949Z
prod_oy_a000000187243,48,ON_SALE,3,AUTO_SEED,2026-07-02T09:31:46.949Z
prod_oy_a000000187655,47,ON_SALE,3,AUTO_SEED,2026-07-02T09:31:46.949Z
prod_oy_a000000191179,23,ON_SALE,3,AUTO_SEED,2026-07-02T09:31:46.949Z
prod_oy_a000000203994,30,ON_SALE,3,AUTO_SEED,2026-07-02T09:31:46.949Z
prod_oy_a000000204159,10,ON_SALE,3,AUTO_SEED,2026-07-02T09:31:46.949Z
prod_oy_a000000207456,21,ON_SALE,3,AUTO_SEED,2026-07-02T09:31:46.949Z
prod_oy_a000000209705,32,ON_SALE,3,AUTO_SEED,2026-07-02T09:31:46.949Z
prod_oy_a000000210948,57,ON_SALE,3,AUTO_SEED,2026-07-02T09:31:46.949Z
prod_oy_a000000210949,56,ON_SALE,3,AUTO_SEED,2026-07-02T09:31:46.949Z
prod_oy_a000000215197,72,ON_SALE,3,AUTO_SEED,2026-07-02T09:31:46.949Z
prod_oy_a000000222740,44,ON_SALE,3,AUTO_SEED,2026-07-02T09:31:46.949Z
prod_oy_a000000222772,0,SOLD_OUT,3,AUTO_SEED,2026-07-02T09:31:46.949Z
prod_oy_a000000223427,0,SOLD_OUT,3,AUTO_SEED,2026-07-02T09:31:46.949Z
prod_oy_a000000232988,0,SOLD_OUT,3,AUTO_SEED,2026-07-02T09:32:03.610Z
prod_oy_a000000232989,72,ON_SALE,3,AUTO_SEED,2026-07-02T09:32:03.610Z
prod_oy_a000000242171,78,ON_SALE,3,AUTO_SEED,2026-07-02T09:32:03.610Z
prod_oy_a000000255603,6,ON_SALE,3,AUTO_SEED,2026-07-02T09:32:03.610Z
prod_oy_a000000258379,9,ON_SALE,3,AUTO_SEED,2026-07-02T09:32:03.610Z
prod_oy_a000000260445,80,ON_SALE,3,AUTO_SEED,2026-07-02T09:32:03.610Z
prod_oy_b000000223871,45,ON_SALE,3,AUTO_SEED,2026-07-02T09:32:03.610Z
