product_id,brand,product_name,category,is_recommendable,review_count,avg_rating,month_review_count,month_review_rate,repurchase_count,repurchase_rate,photo_review_count,photo_review_rate,profile_review_count,profile_review_rate,avg_helpful_count,top_skin_types,top_skin_tones,top_skin_troubles,review_confidence
prod_oy_a000000219717,파티온,[트러블1등/단독기획] 파티온 노스카나인 트러블 세럼 50ml 기획(+15ml+마스크 1매),serum,true,25000,4.843,25000,1.0000,9705,0.3882,2931,0.1172,8500,0.3400,4.787,복합성:3157;건성:1660;지성:1498;민감성:1089;트러블성:739,쿨톤:2064;웜톤:1916;여름쿨톤:1486;봄웜톤:1104;가을웜톤:761,잡티:3871;트러블:3013;미백:2257;블랙헤드:1253;각질:1109,high
prod_oy_a000000240423,에스네이처,에스네이처 아쿠아 스쿠알란 수분크림 60ml 더블 기획 (+아쿠아겔 마스크 1매),cream,true,23550,4.789,23550,1.0000,2354,0.1000,2962,0.1258,7179,0.3048,1.985,복합성:3094;건성:1571;지성:1045;민감성:716;트러블성:373,쿨톤:1427;여름쿨톤:1421;웜톤:1323;봄웜톤:1161;가을웜톤:710,잡티:2788;트러블:2324;미백:1969;블랙헤드:1144;각질:1077,high
prod_oy_a000000240088,VT,[2025 어워즈] VT 리들샷100 50ml 어워즈 기획 (+리들샷300스틱파우치 5개+PDRN에센스100 15ml),serum,true,16583,4.795,16583,1.0000,2917,0.1759,2030,0.1224,5968,0.3599,6.742,복합성:2447;건성:1434;지성:927;민감성:553;트러블성:329,웜톤:1240;쿨톤:1216;여름쿨톤:1165;봄웜톤:941;가을웜톤:598,잡티:2597;미백:1814;트러블:1675;블랙헤드:846;각질:828,high
prod_oy_a000000252917,라로슈포제,[온라인단독/한정수량]라로슈포제 시카플라스트 밤B5+& 멀티리페어 크림 B5 100ml 기획 (+시카에센스 50%용량),cream,true,13933,4.782,13933,1.0000,649,0.0466,1931,0.1386,3826,0.2746,5.281,복합성:1435;건성:913;지성:613;민감성:430;트러블성:280,여름쿨톤:805;쿨톤:771;웜톤:734;봄웜톤:574;가을웜톤:328,잡티:1609;트러블:1215;미백:1007;블랙헤드:528;각질:527,high
prod_oy_a000000189181,브링그린,[수부지토너]브링그린 티트리 시카 수딩 토너 (500ml/250ml),toner,true,12347,4.777,12347,1.0000,1376,0.1114,1524,0.1234,3019,0.2445,2.923,복합성:1232;지성:695;건성:491;트러블성:225;민감성:205,웜톤:745;여름쿨톤:559;쿨톤:524;봄웜톤:382;가을웜톤:276,트러블:1277;잡티:1156;미백:691;블랙헤드:547;각질:507,high
prod_oy_a000000188990,브링그린,[온라인단독|진정SET] 브링그린 티트리 시카 수딩 토너&크림 세트,toner,true,11785,4.801,11785,1.0000,955,0.0810,1329,0.1128,3515,0.2983,2.483,복합성:1370;지성:775;건성:539;민감성:324;트러블성:324,여름쿨톤:793;웜톤:635;쿨톤:575;봄웜톤:552;가을웜톤:393,트러블:1487;잡티:1346;미백:781;블랙헤드:621;각질:563,high
prod_oy_a000000255620,메디큐브,[1등미백앰플]메디큐브 PDRN 핑크 펩타이드 앰플 30ml 리필기획(+리필팩50ml+거울키링),serum,true,9142,4.738,9142,1.0000,1449,0.1585,935,0.1023,1857,0.2031,3.234,복합성:670;건성:520;지성:286;민감성:157;트러블성:122,여름쿨톤:455;쿨톤:322;웜톤:320;봄웜톤:307;가을웜톤:175,잡티:695;트러블:574;미백:558;블랙헤드:296;각질:288,high
prod_oy_a000000246781,라운드랩,[더블기획/트러블쏙] 라운드랩 소나무 진정 시카 앰플 30ml 리필기획 (+30ml 리필+마스크+스티커 모음),serum,true,9085,4.770,9085,1.0000,1001,0.1102,962,0.1059,2642,0.2908,1.584,복합성:945;건성:579;지성:527;민감성:242;트러블성:201,여름쿨톤:598;봄웜톤:475;쿨톤:434;웜톤:432;가을웜톤:266,트러블:1202;잡티:971;미백:662;블랙헤드:421;각질:336,high
prod_oy_a000000243435,메디큐브,[연어PDRN/미백천재앰플] 메디큐브 PDRN 핑크 펩타이드 앰플 30ml 기획(앰플10ml+수분크림 10ml),serum,true,9046,4.736,9046,1.0000,1448,0.1601,919,0.1016,1830,0.2023,2.209,복합성:658;건성:512;지성:282;민감성:155;트러블성:122,여름쿨톤:451;쿨톤:317;웜톤:315;봄웜톤:302;가을웜톤:174,잡티:691;트러블:568;미백:554;블랙헤드:292;각질:280,high
prod_oy_a000000188065,디오디너리,[대용량]디오디너리 나이아신아마이드 10% + 징크 1% 120ml,serum,true,8913,4.623,8913,1.0000,1239,0.1390,1156,0.1297,2768,0.3106,5.538,복합성:1081;지성:575;건성:484;민감성:285;트러블성:214,여름쿨톤:583;웜톤:561;쿨톤:519;봄웜톤:395;가을웜톤:265,잡티:1085;트러블:1024;미백:776;블랙헤드:468;각질:402,high
prod_oy_a000000247770,아누아,[수지세럼] 아누아 피디알엔 히알루론산 캡슐 100 세럼 30ml 더블 기획,serum,true,8478,4.775,8478,1.0000,1844,0.2175,1055,0.1244,2385,0.2813,4.852,복합성:963;건성:588;지성:341;민감성:233;트러블성:112,여름쿨톤:496;쿨톤:491;웜톤:427;봄웜톤:369;가을웜톤:267,잡티:1030;트러블:696;미백:648;각질:363;블랙헤드:361,high
prod_oy_a000000183731,VT,[모공에센스] VT 리들샷 100 에센스 50ml (+리들샷 300 1ml*3ea기획 / 단품),serum,true,8408,4.729,8408,1.0000,1071,0.1274,948,0.1127,2729,0.3246,0.901,복합성:1113;건성:611;지성:440;민감성:262;트러블성:176,웜톤:569;여름쿨톤:556;쿨톤:497;봄웜톤:427;가을웜톤:281,잡티:1127;트러블:886;미백:848;각질:433;블랙헤드:420,high
prod_oy_a000000206904,라로슈포제,라로슈포제 시카플라스트 밤 B5+ 100ml 기획 (+3ml 추가증정),cream,true,8125,4.780,8125,1.0000,385,0.0474,1180,0.1452,2449,0.3014,4.632,복합성:984;건성:565;민감성:305;지성:289;트러블성:179,쿨톤:568;웜톤:529;여름쿨톤:450;봄웜톤:318;가을웜톤:219,잡티:1035;트러블:916;미백:649;민감성:320;각질:319,high
prod_oy_a000000243074,라네즈,[속보습/화잘먹] 라네즈 크림스킨 170ml 기획,toner,true,7993,4.807,7993,1.0000,611,0.0764,1140,0.1426,2421,0.3029,2.375,복합성:917;건성:780;민감성:259;지성:231;트러블성:99,웜톤:549;쿨톤:479;여름쿨톤:452;봄웜톤:406;가을웜톤:200,잡티:943;트러블:655;미백:641;각질:388;블랙헤드:385,high
prod_oy_a000000200646,브링그린,[7월올영픽/3일진정세럼]브링그린 징크테카 트러블 세럼 (대용량/기획),serum,true,7771,4.688,7771,1.0000,797,0.1026,805,0.1036,2398,0.3086,3.052,복합성:893;지성:544;건성:396;트러블성:255;민감성:224,여름쿨톤:568;쿨톤:416;봄웜톤:390;웜톤:346;가을웜톤:286,트러블:1166;잡티:951;미백:506;블랙헤드:389;각질:385,high
prod_oy_a000000219751,라운드랩,[집중진정] 라운드랩 소나무 진정 시카 앰플 30ml 기획 (+토너 20ml),serum,true,7388,4.765,7388,1.0000,906,0.1226,797,0.1079,2145,0.2903,0.860,복합성:758;건성:468;지성:437;민감성:199;트러블성:170,여름쿨톤:475;봄웜톤:375;쿨톤:370;웜톤:368;가을웜톤:217,트러블:970;잡티:801;미백:534;블랙헤드:350;각질:268,high
prod_oy_a000000156230,에스네이처,[1등 모공 수분천재크림] 에스네이처 아쿠아 스쿠알란 수분크림 60ml 기획(60ml+30ml),cream,true,7343,4.741,7343,1.0000,934,0.1272,955,0.1301,2248,0.3061,1.763,복합성:999;건성:482;지성:337;민감성:218;트러블성:117,웜톤:443;여름쿨톤:430;쿨톤:418;봄웜톤:386;가을웜톤:219,잡티:883;트러블:751;미백:621;블랙헤드:380;각질:338,high
prod_oy_a000000219716,파티온,[단독기획/5겹장벽크림] 파티온 노스카나인 트러블 크림 45ml 기획(+5ml+세럼 5ml),cream,true,7151,4.789,7151,1.0000,1605,0.2244,805,0.1126,2241,0.3134,1.447,복합성:786;지성:453;민감성:321;건성:304;트러블성:289,쿨톤:479;웜톤:464;여름쿨톤:437;봄웜톤:347;가을웜톤:207,트러블:987;잡티:954;미백:545;블랙헤드:331;각질:306,high
prod_oy_a000000226086,바이오더마,바이오더마 하이드라비오 에센스로션 200ml 기획(+안개분사 미스트 증정),serum,true,7062,4.800,7062,1.0000,486,0.0688,723,0.1024,2078,0.2943,3.165,복합성:868;건성:503;지성:304;민감성:194;트러블성:107,쿨톤:424;여름쿨톤:413;웜톤:388;봄웜톤:336;가을웜톤:194,잡티:777;트러블:640;미백:525;각질:366;블랙헤드:328,high
prod_oy_a000000226553,브링그린,[수부지크림/유수분밸런스] 브링그린 티트리 시카 수딩 크림 플러스 100ml (2입/단품),cream,true,6962,4.788,6962,1.0000,522,0.0750,707,0.1016,2015,0.2894,5.431,복합성:763;지성:447;건성:307;민감성:205;트러블성:185,여름쿨톤:515;쿨톤:375;웜톤:323;봄웜톤:290;가을웜톤:233,트러블:854;잡티:765;미백:427;각질:332;블랙헤드:329,high
prod_oy_a000000255324,아누아,[수지 PICK/한정기획] 아누아 피디알엔 히알루론산 캡슐 100 세럼 30ml 더블기획 (+피디알엔 마스크 1매),serum,true,6855,4.761,6855,1.0000,1288,0.1879,955,0.1393,1878,0.2740,7.449,복합성:759;건성:468;지성:276;민감성:180;트러블성:79,쿨톤:396;여름쿨톤:390;웜톤:322;봄웜톤:289;가을웜톤:222,잡티:791;트러블:544;미백:497;각질:301;블랙헤드:301,high
prod_oy_a000000189837,넘버즈인,[흔적미백] 넘버즈인 5번 글루타치온C 흔적 앰플 30ml+30ml 듀오기획,serum,true,6682,4.686,6682,1.0000,892,0.1335,949,0.1420,2083,0.3117,3.361,복합성:856;건성:544;지성:289;민감성:204;트러블성:108,여름쿨톤:424;웜톤:389;쿨톤:383;봄웜톤:312;가을웜톤:224,잡티:962;미백:762;트러블:640;각질:261;주름:249,high
prod_oy_a000000216511,넘버즈인,[대용량+크림증정] 넘버즈인 1번 판토텐산 수딩세럼 80ml 기획 (+크림 15ml),serum,true,6321,4.718,6321,1.0000,588,0.0930,595,0.0941,1900,0.3006,5.962,복합성:746;지성:421;건성:328;민감성:168;트러블성:136,여름쿨톤:507;봄웜톤:343;쿨톤:305;웜톤:223;가을웜톤:200,트러블:832;잡티:652;미백:433;블랙헤드:325;각질:304,high
prod_oy_a000000257827,라로슈포제,[7월 올영픽] 라로슈포제 시카플라스트 멀티 리페어 크림 100ml (+시카에센스 7.5ml),cream,true,6189,4.748,6189,1.0000,359,0.0580,830,0.1341,1844,0.2979,3.648,복합성:699;지성:371;건성:343;민감성:233;트러블성:128,웜톤:381;쿨톤:375;여름쿨톤:362;봄웜톤:293;가을웜톤:148,잡티:778;트러블:610;미백:535;블랙헤드:263;각질:248,high
prod_oy_a000000231894,아누아,[수지세럼] 아누아 피디알엔 히알루론산 캡슐 100 세럼 30mL 기획세트 (+크림 30ml),serum,true,5875,4.756,5875,1.0000,1126,0.1917,764,0.1300,1719,0.2926,5.314,복합성:688;건성:431;지성:247;민감성:166;트러블성:80,여름쿨톤:363;쿨톤:362;웜톤:298;봄웜톤:253;가을웜톤:201,잡티:738;트러블:508;미백:468;블랙헤드:271;각질:269,high
prod_oy_a000000245636,웰라쥬,[망곰 콜라보] 웰라쥬 리얼 히알루로닉 블루 100 앰플 75ml 2입 기획 (+크림 20ml+PVC 파우치),serum,true,5694,4.863,5694,1.0000,176,0.0309,641,0.1126,1748,0.3070,11.700,복합성:639;건성:419;지성:354;민감성:161;트러블성:78,여름쿨톤:414;쿨톤:320;봄웜톤:293;웜톤:259;가을웜톤:183,잡티:654;트러블:556;미백:441;블랙헤드:274;각질:235,high
prod_oy_a000000157350,디오디너리,[트러블모공] 디오디너리 나이아신아마이드 10% + 징크 1% 30ml,serum,true,5555,4.536,5555,1.0000,707,0.1273,636,0.1145,1662,0.2992,6.323,복합성:638;지성:362;건성:289;민감성:179;트러블성:116,여름쿨톤:359;웜톤:347;쿨톤:318;봄웜톤:226;가을웜톤:153,잡티:656;트러블:632;미백:435;블랙헤드:290;각질:237,high
prod_oy_a000000203971,셀리맥스,[속보습/속광/진정] 셀리맥스 더 리얼 노니 에너지 앰플 80ml 기획(+10ml),serum,true,5240,4.776,5240,1.0000,1063,0.2029,611,0.1166,1192,0.2275,1.925,복합성:516;건성:287;지성:154;민감성:106;트러블성:58,웜톤:342;쿨톤:243;여름쿨톤:188;봄웜톤:140;가을웜톤:105,잡티:438;트러블:428;미백:247;각질:215;블랙헤드:194,high
prod_oy_a000000235247,웰라쥬,[속건조필수템] 웰라쥬 리얼 히알루로닉 블루 100 앰플 75ml 2입 기획 (+마스크1매),serum,true,5239,4.850,5239,1.0000,189,0.0361,578,0.1103,1608,0.3069,12.945,복합성:580;건성:387;지성:321;민감성:155;트러블성:73,여름쿨톤:376;쿨톤:304;봄웜톤:266;웜톤:235;가을웜톤:164,잡티:610;트러블:513;미백:410;각질:230;블랙헤드:226,high
prod_oy_a000000161508,라운드랩,[대용량] 라운드랩 1025 독도 로션 400ml,lotion,true,5217,4.787,5217,1.0000,475,0.0910,593,0.1137,1196,0.2293,2.145,복합성:490;건성:259;지성:213;민감성:88;트러블성:75,웜톤:284;쿨톤:270;여름쿨톤:206;봄웜톤:172;가을웜톤:86,트러블:410;잡티:402;미백:290;각질:214;블랙헤드:210,high
prod_oy_a000000224727,메이크프렘,[수분진정/단독기획] 메이크프렘 인테카 수딩크림 70ml 기획(+크림 31ml),cream,true,5110,4.837,5110,1.0000,1371,0.2683,826,0.1616,2200,0.4305,1.391,복합성:910;건성:447;지성:349;민감성:223;트러블성:141,웜톤:515;쿨톤:417;여름쿨톤:405;봄웜톤:331;가을웜톤:226,잡티:971;트러블:632;미백:576;블랙헤드:351;모공:291,high
prod_oy_a000000190395,넘버즈인,[쿨링진정]넘버즈인 1번 진정 맑게담은 청초토너 300ml 리필기획(+300ml 증정),toner,true,5035,4.801,5035,1.0000,684,0.1358,499,0.0991,1620,0.3217,2.677,복합성:610;지성:308;건성:258;민감성:207;트러블성:169,여름쿨톤:365;봄웜톤:299;웜톤:298;쿨톤:260;겨울쿨톤:138,트러블:737;잡티:581;미백:361;블랙헤드:272;각질:258,high
prod_oy_a000000242719,차앤박,[탄력콜라겐UP/1+1] 차앤박 더마앤서 액티브 부스트 PDRN 앰플 30ml 더블기획,serum,true,4912,4.846,4912,1.0000,1074,0.2186,876,0.1783,2409,0.4904,10.879,복합성:963;건성:627;지성:313;민감성:237;트러블성:123,웜톤:593;쿨톤:480;여름쿨톤:424;봄웜톤:362;가을웜톤:247,잡티:1135;미백:692;트러블:579;주름:424;모공:313,high
prod_oy_a000000188004,에스네이처,[리뷰이벤트/1등화잘먹물먹세럼] 에스네이처 아쿠아 스쿠알란 세럼 50ml 기획 (+50ml 리필+수분크림 10ml),serum,true,4606,4.790,4606,1.0000,700,0.1520,652,0.1416,1598,0.3469,3.375,복합성:707;건성:315;지성:222;민감성:158;트러블성:104,웜톤:332;쿨톤:329;여름쿨톤:290;봄웜톤:221;가을웜톤:154,잡티:632;트러블:553;미백:418;블랙헤드:269;각질:230,high
prod_oy_a000000222698,아누아,[수지세럼] 아누아 피디알엔 히알루론산 캡슐 100 세럼 30mL 기획 (+30mL 리필팩),serum,true,4600,4.770,4600,1.0000,965,0.2098,558,0.1213,1416,0.3078,2.495,복합성:566;건성:348;지성:199;민감성:142;트러블성:70,여름쿨톤:303;쿨톤:297;웜톤:255;봄웜톤:201;가을웜톤:162,잡티:610;트러블:416;미백:378;각질:227;블랙헤드:217,high
prod_oy_a000000180410,앰플엔,[재구매1위] 앰플엔 세라마이드샷 화잘먹 보습장벽앰플 100ml기획(+10ml),serum,true,4587,4.780,4587,1.0000,1010,0.2202,680,0.1482,1382,0.3013,2.728,복합성:485;건성:414;민감성:170;지성:139;트러블성:103,쿨톤:303;여름쿨톤:280;봄웜톤:238;웜톤:220;가을웜톤:131,잡티:550;트러블:407;미백:334;블랙헤드:241;각질:211,high
prod_oy_a000000222837,에스트라,에스트라 아토베리어365 하이드로에센스 200ml (+크림 10ml+앰플 10ml),serum,true,4584,4.851,4584,1.0000,509,0.1110,624,0.1361,1413,0.3082,4.848,복합성:549;건성:371;민감성:188;지성:145;트러블성:94,웜톤:332;쿨톤:295;여름쿨톤:244;봄웜톤:205;가을웜톤:143,잡티:565;트러블:477;미백:352;블랙헤드:214;주름:213,high
prod_oy_a000000242720,차앤박,[보습광채/화잘먹앰플] 차앤박 프로폴리스 에너지 액티브 앰플 30ml 2입 기획 (+15ml),serum,true,4557,4.896,4557,1.0000,1204,0.2642,601,0.1319,1189,0.2609,5.086,복합성:405;건성:292;지성:249;민감성:136;트러블성:59,쿨톤:294;웜톤:274;가을웜톤:179;여름쿨톤:166;봄웜톤:153,잡티:467;미백:310;주름:297;트러블:249;각질:140,high
prod_oy_a000000232436,아비브,아비브 어성초 테카 캡슐 세럼 카밍 드롭 50ml 더블 기획,serum,true,4509,4.684,4509,1.0000,426,0.0945,441,0.0978,1265,0.2806,4.473,복합성:485;건성:250;지성:249;민감성:126;트러블성:99,여름쿨톤:328;봄웜톤:249;웜톤:175;쿨톤:167;가을웜톤:126,트러블:546;잡티:439;미백:292;각질:190;블랙헤드:188,high
prod_oy_a000000235175,이니스프리,[톤업광채] 이니스프리 비타민C 캡슐 세럼 30ml 기획 (+10ml),serum,true,4299,4.786,4299,1.0000,891,0.2073,769,0.1789,1906,0.4434,1.537,복합성:731;건성:501;지성:270;민감성:168;트러블성:89,웜톤:441;쿨톤:373;여름쿨톤:352;봄웜톤:284;가을웜톤:178,잡티:924;미백:624;트러블:426;주름:279;블랙헤드:233,high
prod_oy_a000000134691,바이오더마,바이오더마 시카비오 포마드 100ml(리페어 리치 밤),cream,true,4170,4.763,4170,1.0000,505,0.1211,671,0.1609,1160,0.2782,1.987,건성:427;복합성:393;민감성:131;지성:80;트러블성:57,쿨톤:277;웜톤:273;여름쿨톤:189;봄웜톤:175;가을웜톤:92,잡티:451;미백:328;트러블:314;주름:207;민감성:169,high
prod_oy_a000000259488,파넬,[7월올영픽/최초대용량] 파넬 시카마누 92세럼 50ml 더블기획 (총 100ml),serum,true,4154,4.706,4154,1.0000,600,0.1444,532,0.1281,1324,0.3187,17.678,복합성:471;건성:290;지성:216;민감성:167;트러블성:116,여름쿨톤:319;봄웜톤:254;쿨톤:225;웜톤:179;가을웜톤:144,트러블:543;잡티:515;미백:341;각질:207;블랙헤드:195,high
prod_oy_a000000158615,디오디너리,[트러블모공] 디오디너리 나이아신아마이드 10% + 징크 1% 60ml,serum,true,4018,4.708,4018,1.0000,714,0.1777,612,0.1523,1158,0.2882,3.720,복합성:476;지성:229;건성:197;민감성:99;트러블성:95,웜톤:257;쿨톤:232;여름쿨톤:214;봄웜톤:162;겨울쿨톤:108,잡티:443;트러블:414;미백:345;블랙헤드:189;각질:173,high
prod_oy_a000000244830,아이소이,[망곰 콜라보] 아이소이 모이스춰 닥터 장수진 수분크림 100ml 대용량 기획 (+10ml+맥세이프 카드지갑),cream,true,3991,4.764,3991,1.0000,306,0.0767,545,0.1366,1222,0.3062,2.326,복합성:490;건성:301;지성:186;민감성:131;트러블성:69,쿨톤:265;웜톤:242;여름쿨톤:241;봄웜톤:182;가을웜톤:116,잡티:475;트러블:420;미백:323;각질:208;블랙헤드:205,high
prod_oy_a000000137180,라운드랩,[1등토너] 라운드랩 1025 독도 토너 500ml 기획 (+100ml),toner,true,3942,4.823,3942,1.0000,470,0.1192,536,0.1360,769,0.1951,1.287,복합성:321;건성:187;지성:131;민감성:54;트러블성:36,웜톤:260;쿨톤:182;여름쿨톤:94;봄웜톤:85;가을웜톤:51,잡티:301;트러블:273;미백:176;블랙헤드:136;각질:128,high
prod_oy_a000000225217,더마팩토리,더마팩토리 나이아신아마이드 20% 세럼 30ml,serum,true,3928,4.732,3928,1.0000,643,0.1637,461,0.1174,1368,0.3483,22.950,복합성:514;건성:282;지성:282;민감성:148;트러블성:83,여름쿨톤:298;쿨톤:257;웜톤:256;봄웜톤:239;가을웜톤:133,잡티:541;트러블:437;미백:415;블랙헤드:225;각질:204,high
prod_oy_a000000224581,빌리프,[7월올영픽/쿨링진정크림] 빌리프 아쿠아밤 프로즌 크림 50ml 1+1 기획 (+손거울 증정),cream,true,3888,4.860,3888,1.0000,325,0.0836,693,0.1782,1875,0.4823,22.659,복합성:729;건성:511;지성:271;민감성:171;트러블성:94,웜톤:461;쿨톤:382;여름쿨톤:359;봄웜톤:275;가을웜톤:184,잡티:803;미백:487;트러블:423;주름:346;모공:262,high
prod_oy_a000000004434,바이오더마,바이오더마 하이드라비오 토너 250ml,toner,true,3886,4.799,3886,1.0000,491,0.1264,468,0.1204,977,0.2514,1.293,복합성:406;건성:240;지성:150;민감성:84;트러블성:43,웜톤:245;쿨톤:232;여름쿨톤:158;봄웜톤:130;가을웜톤:74,잡티:349;트러블:306;미백:249;각질:186;블랙헤드:186,high
prod_oy_a000000187040,아벤느,[수분 충전]아벤느 이드랑스 에센스-인-로션 200ml 2입기획,serum,true,3776,4.809,3776,1.0000,396,0.1049,498,0.1319,844,0.2235,1.855,복합성:348;건성:240;지성:108;민감성:63;트러블성:35,웜톤:275;쿨톤:196;여름쿨톤:102;봄웜톤:96;가을웜톤:53,잡티:363;트러블:230;미백:226;주름:148;각질:141,high
prod_oy_a000000183713,토리든,[단독기획] 토리든 밸런스풀 시카 진정 크림 80ml 기획 (+세럼 10ml),cream,true,3586,4.756,3586,1.0000,750,0.2091,339,0.0945,974,0.2716,1.556,복합성:373;지성:233;건성:156;민감성:90;트러블성:83,여름쿨톤:225;쿨톤:177;웜톤:169;봄웜톤:165;가을웜톤:85,트러블:417;잡티:360;미백:223;블랙헤드:149;각질:141,high
prod_oy_a000000250344,아이오페,[자극도ZERO]아이오페 레티놀 슈퍼 바운스 세럼 20ml 기획 (+15ml),serum,true,3564,4.823,3564,1.0000,373,0.1047,651,0.1827,1247,0.3499,7.019,복합성:517;건성:260;지성:172;민감성:160;트러블성:65,쿨톤:282;웜톤:270;여름쿨톤:217;봄웜톤:190;가을웜톤:127,잡티:557;미백:360;트러블:323;주름:235;블랙헤드:161,high
prod_oy_a000000184198,아벤느,[손상/장벽 리페어] 아벤느 시칼파트 플러스 SOS 리페어 크림 100ml 2입 기획,cream,true,3560,4.695,3560,1.0000,239,0.0671,465,0.1306,809,0.2272,1.662,복합성:344;건성:181;지성:117;민감성:81;트러블성:40,웜톤:215;쿨톤:188;여름쿨톤:121;봄웜톤:84;가을웜톤:59,잡티:346;트러블:302;미백:184;각질:130;블랙헤드:108,high
prod_oy_a000000249211,리얼베리어,[조슈아PICK/1+1] 리얼베리어 익스트림 크림 70ml 1+1 기획,cream,true,3516,4.845,3516,1.0000,194,0.0552,512,0.1456,1238,0.3521,7.502,복합성:474;건성:338;지성:163;민감성:158;트러블성:55,웜톤:303;쿨톤:242;여름쿨톤:207;봄웜톤:169;가을웜톤:140,잡티:480;트러블:430;미백:281;각질:232;주름:209,high
prod_oy_a000000212570,바이오더마,바이오더마 시카비오 크림+ 100ml 기획 (크림 + 40ml 본품 추가 증정),cream,true,3505,4.764,3505,1.0000,187,0.0534,406,0.1158,1191,0.3398,4.335,복합성:459;건성:290;민감성:148;지성:147;트러블성:77,여름쿨톤:259;쿨톤:228;웜톤:216;봄웜톤:190;가을웜톤:107,잡티:534;트러블:369;미백:309;각질:185;블랙헤드:157,high
prod_oy_a000000216509,넘버즈인,[대용량+추가증정] 넘버즈인 1번 판토텐산 액티브 수딩크림 130ml 기획 (+ 크림 15ml),cream,true,3445,4.695,3445,1.0000,292,0.0848,340,0.0987,1122,0.3257,4.060,복합성:406;지성:274;건성:178;민감성:123;트러블성:102,여름쿨톤:283;봄웜톤:216;쿨톤:192;웜톤:134;가을웜톤:124,트러블:526;잡티:429;미백:253;블랙헤드:204;각질:162,high
prod_oy_a000000236564,아이소이,[대용량/콜라보] 아이소이 모이스춰 닥터 장수진 수분 크림 100ml 기획 (+파우치 증정),cream,true,3428,4.784,3428,1.0000,276,0.0805,473,0.1380,1102,0.3215,1.158,복합성:438;건성:279;지성:155;민감성:124;트러블성:65,쿨톤:237;웜톤:220;여름쿨톤:208;봄웜톤:174;가을웜톤:115,잡티:443;트러블:377;미백:309;각질:187;블랙헤드:184,high
prod_oy_a000000249803,비플레인,[총100ml 대용량] 비플레인 녹두 모공 타이트업 세럼 50ml 1+1 기획,serum,true,3230,4.669,3230,1.0000,308,0.0954,374,0.1158,1009,0.3124,1.693,복합성:438;건성:177;지성:171;민감성:91;트러블성:83,여름쿨톤:222;쿨톤:202;웜톤:187;봄웜톤:139;가을웜톤:117,잡티:399;트러블:346;미백:265;블랙헤드:172;각질:169,high
prod_oy_a000000255430,스킨1004,[대용량]스킨1004 마다가스카르 센텔라 앰플 100ml,serum,true,3162,4.750,3162,1.0000,603,0.1907,333,0.1053,934,0.2954,11.765,복합성:328;건성:214;지성:175;민감성:117;트러블성:65,여름쿨톤:190;쿨톤:167;웜톤:166;봄웜톤:163;가을웜톤:96,잡티:391;트러블:335;미백:274;블랙헤드:148;각질:145,high
prod_oy_a000000255326,아누아,[수지 PICK/한정기획] 아누아 피디알엔 히알루론산 100 수분 크림 60ml 2입 기획 (+피디알엔 토너 40ml),cream,true,3113,4.783,3113,1.0000,656,0.2107,327,0.1050,764,0.2454,6.356,복합성:297;건성:187;지성:117;민감성:66;트러블성:56,여름쿨톤:150;쿨톤:146;웜톤:144;봄웜톤:112;겨울쿨톤:76,잡티:310;트러블:246;미백:200;각질:145;블랙헤드:111,high
prod_oy_a000000222849,파티온,[속건조해결] 파티온 포도당 하이드로 에센스토너 300ml 더블 기획(2개입),toner,true,3085,4.909,3085,1.0000,1470,0.4765,337,0.1092,1072,0.3475,7.340,복합성:409;건성:231;지성:153;민감성:134;트러블성:104,쿨톤:321;웜톤:237;여름쿨톤:190;봄웜톤:119;겨울쿨톤:86,잡티:580;미백:321;트러블:251;주름:168;블랙헤드:123,high
prod_oy_a000000231892,아누아,[수지 PICK/단독기획] 아누아 피디알엔 히알루론산 100 수분 크림 60mL 2입,cream,true,3074,4.782,3074,1.0000,655,0.2131,322,0.1047,757,0.2463,5.754,복합성:292;건성:187;지성:117;민감성:65;트러블성:56,여름쿨톤:150;쿨톤:145;웜톤:142;봄웜톤:110;겨울쿨톤:76,잡티:309;트러블:242;미백:198;각질:143;블랙헤드:111,high
prod_oy_a000000238406,믹순,[품절대란/수부지 화잘먹 세럼] 믹순 히알레배 포어 버블 세럼 70ml,serum,true,3016,4.731,3016,1.0000,390,0.1293,273,0.0905,954,0.3163,23.478,복합성:384;지성:221;건성:198;민감성:53;트러블성:53,여름쿨톤:224;봄웜톤:182;쿨톤:162;웜톤:123;가을웜톤:109,잡티:370;트러블:290;미백:269;각질:169;블랙헤드:140,high
prod_oy_a000000192405,더하르나이,[1회사용 장벽개선] 더하르나이 시카이드 크림 100ml+30ml 기획,cream,true,3006,4.802,3006,1.0000,794,0.2641,315,0.1048,859,0.2858,3.487,복합성:327;지성:177;건성:142;민감성:88;트러블성:83,여름쿨톤:184;봄웜톤:161;쿨톤:159;웜톤:146;겨울쿨톤:83,잡티:370;트러블:338;미백:205;블랙헤드:162;각질:114,high
prod_oy_a000000211213,빌리프,[수분보습폭탄] 빌리프X바나나킥 모이스춰라이징 밤 30ml 1+1 기획 (+키링파우치) / 아쿠아 밤 30ml 기획,cream,true,2956,4.891,2956,1.0000,313,0.1059,559,0.1891,1405,0.4753,16.945,복합성:544;건성:395;지성:192;민감성:128;트러블성:70,웜톤:365;쿨톤:288;여름쿨톤:252;봄웜톤:199;가을웜톤:143,잡티:623;미백:372;트러블:314;주름:268;모공:194,high
prod_oy_a000000245459,바이오더마,바이오더마 하이드라비오 토너 500ml 기획 (+거품 용기),toner,true,2951,4.849,2951,1.0000,122,0.0413,322,0.1091,879,0.2979,4.586,복합성:368;건성:194;지성:130;민감성:93;트러블성:54,여름쿨톤:192;쿨톤:158;웜톤:153;봄웜톤:145;가을웜톤:93,잡티:329;트러블:300;미백:225;블랙헤드:163;각질:146,high
prod_oy_a000000177475,프랭클리,[모공임상] 프랭클리 모공축소 클로저 세럼 30ml 앰플,serum,true,2934,4.647,2934,1.0000,592,0.2018,441,0.1503,930,0.3170,1.115,복합성:345;건성:213;지성:156;민감성:76;트러블성:59,여름쿨톤:190;봄웜톤:185;웜톤:156;쿨톤:146;가을웜톤:100,잡티:387;트러블:267;미백:262;블랙헤드:168;각질:139,high
prod_oy_a000000198892,센텔리안24,[진정/흔적] 센텔리안24 마데카 크림 타임 리버스 50ml,cream,true,2928,4.837,2928,1.0000,245,0.0837,400,0.1366,1070,0.3654,2.883,복합성:425;건성:270;민감성:132;지성:128;트러블성:58,쿨톤:258;웜톤:224;여름쿨톤:184;봄웜톤:159;가을웜톤:98,잡티:513;미백:348;트러블:284;주름:147;각질:140,high
prod_oy_a000000217355,스킨앤랩,[올영단독/장벽회복] 스킨앤랩 베리어덤 인텐시브 크림 2세대 50ml 1+1 기획,cream,true,2927,4.806,2927,1.0000,568,0.1941,385,0.1315,978,0.3341,2.825,복합성:367;건성:256;지성:141;민감성:109;트러블성:65,웜톤:256;쿨톤:214;여름쿨톤:157;봄웜톤:120;가을웜톤:86,잡티:427;트러블:316;미백:297;각질:135;블랙헤드:129,high
prod_oy_a000000224292,라로슈포제,라로슈포제 시카플라스트 멀티 리페어 크림 100ml 기획 (+멜라B3 세럼 3ml 증정),cream,true,2906,4.756,2906,1.0000,179,0.0616,394,0.1356,871,0.2997,5.158,복합성:342;건성:179;지성:154;민감성:115;트러블성:52,쿨톤:188;웜톤:186;여름쿨톤:154;봄웜톤:143;가을웜톤:71,잡티:351;트러블:310;미백:247;블랙헤드:131;각질:105,high
prod_oy_a000000190691,스킨푸드,[속보습+피부장벽+트러블케어] 스킨푸드 로열허니 프로폴리스 인리치 에센스 리필기획(50ml+50ml),serum,true,2884,4.829,2884,1.0000,445,0.1543,411,0.1425,752,0.2607,1.722,복합성:283;건성:233;민감성:98;지성:67;트러블성:29,쿨톤:203;웜톤:153;여름쿨톤:113;봄웜톤:106;가을웜톤:86,잡티:295;미백:234;트러블:181;민감성:134;주름:125,high
prod_oy_a000000230799,오드로이,[모공천재/화잘먹] 오드로이 모공수축 크림 모공요철 케어 100ml 더블기획 (+미스트앰플 30ml),cream,true,2843,4.608,2843,1.0000,345,0.1214,492,0.1731,1020,0.3588,15.372,복합성:423;건성:219;지성:193;민감성:79;트러블성:48,웜톤:210;여름쿨톤:207;쿨톤:200;봄웜톤:156;가을웜톤:104,잡티:440;미백:331;트러블:238;모공:154;주름:148,high
prod_oy_a000000231884,웰라쥬,[속건조필수템] 웰라쥬 리얼 히알루로닉 블루 100 앰플 100ml 기획 (+원데이키트2ea),serum,true,2773,4.843,2773,1.0000,73,0.0263,305,0.1100,911,0.3285,12.598,복합성:330;건성:221;지성:182;민감성:89;트러블성:39,여름쿨톤:221;쿨톤:172;봄웜톤:154;웜톤:131;가을웜톤:90,잡티:351;트러블:293;미백:234;각질:128;블랙헤드:122,high
prod_oy_a000000231885,웰라쥬,[속건조필수템] 웰라쥬 리얼 히알루로닉 블루 100 앰플 75ml 2입 기획,serum,true,2773,4.843,2773,1.0000,73,0.0263,305,0.1100,911,0.3285,12.598,복합성:330;건성:221;지성:182;민감성:89;트러블성:39,여름쿨톤:221;쿨톤:172;봄웜톤:154;웜톤:131;가을웜톤:90,잡티:351;트러블:293;미백:234;각질:128;블랙헤드:122,high
prod_oy_a000000214633,코이,[고현정 PICK] 코이 플로우 리프팅 랩핑 크림 50ml 기획 (+미니 크림 10ml 2ea),cream,true,2645,4.868,2645,1.0000,952,0.3599,510,0.1928,1409,0.5327,3.158,복합성:573;건성:367;지성:191;민감성:125;트러블성:69,웜톤:347;쿨톤:293;여름쿨톤:255;봄웜톤:201;가을웜톤:146,잡티:606;미백:376;트러블:328;주름:240;모공:208,high
prod_oy_a000000232910,이니스프리,[쫀득속광] 이니스프리 레티놀 그린티 PDRN 앰플 25ml 기획,serum,true,2618,4.823,2618,1.0000,635,0.2426,462,0.1765,1259,0.4809,2.482,복합성:524;건성:285;지성:162;민감성:138;트러블성:55,웜톤:308;쿨톤:279;여름쿨톤:216;봄웜톤:170;가을웜톤:121,잡티:611;미백:379;트러블:286;주름:212;모공:158,high
prod_oy_a000000218586,더마토리,[쾌속수분/온라인 단독]더마토리 히알샷 베리어 앰플 비5 100ml 대용량 기획(100ml+10ml),serum,true,2570,4.825,2570,1.0000,393,0.1529,356,0.1385,1110,0.4319,12.058,복합성:455;건성:237;지성:159;민감성:130;트러블성:65,웜톤:250;쿨톤:234;여름쿨톤:217;봄웜톤:169;가을웜톤:99,잡티:506;미백:320;트러블:302;블랙헤드:162;주름:139,high
prod_oy_a000000166511,파넬,[1등 진정세럼] 파넬 시카마누 92세럼30ml,serum,true,2502,4.695,2502,1.0000,265,0.1059,319,0.1275,818,0.3269,28.025,복합성:293;건성:168;지성:132;민감성:109;트러블성:80,여름쿨톤:203;봄웜톤:163;쿨톤:123;웜톤:110;가을웜톤:84,트러블:364;잡티:299;미백:216;블랙헤드:122;각질:115,high
prod_oy_a000000254111,이니스프리,[1+1/파우치증정] 이니스프리 비타민C 그린티 엔자임 세럼 30ml 리필 기획 토이 스토리 5 에디션,serum,true,2434,4.804,2434,1.0000,321,0.1319,401,0.1647,966,0.3969,9.545,복합성:357;건성:251;지성:141;민감성:104;트러블성:47,웜톤:216;쿨톤:182;여름쿨톤:175;봄웜톤:167;겨울쿨톤:88,잡티:397;미백:293;트러블:227;주름:134;블랙헤드:123,high
prod_oy_a000000210417,헤브블루,[증정기획] 헤브블루 살몬 PDRN 센텔라 크림 100ml 기획 (+연어 토너 25ml),cream,true,2411,4.840,2411,1.0000,493,0.2045,318,0.1319,873,0.3621,17.087,복합성:331;건성:225;지성:123;민감성:119;트러블성:43,쿨톤:228;여름쿨톤:171;봄웜톤:136;웜톤:125;가을웜톤:83,잡티:458;미백:265;트러블:229;주름:134;각질:86,high
prod_oy_a000000244987,메디힐,[1+1] 메디힐 마데카소사이드 흔적 리페어 더마크림 50+50ml 더블 기획,cream,true,2405,4.694,2405,1.0000,281,0.1168,261,0.1085,682,0.2836,27.148,복합성:270;건성:141;지성:121;민감성:73;트러블성:49,여름쿨톤:157;웜톤:138;쿨톤:134;봄웜톤:98;가을웜톤:75,잡티:256;트러블:256;미백:188;각질:107;블랙헤드:103,high
prod_oy_a000000228804,토리든,[단독기획] 토리든 밸런스풀 시카 컨트롤 세럼 50ml 기획 (+크림 20ml),serum,true,2401,4.657,2401,1.0000,217,0.0904,258,0.1075,672,0.2799,1.014,복합성:261;지성:143;건성:111;민감성:61;트러블성:58,여름쿨톤:166;봄웜톤:134;웜톤:101;쿨톤:98;가을웜톤:66,트러블:313;잡티:244;블랙헤드:138;미백:136;각질:87,high
prod_oy_a000000171829,바이오더마,바이오더마 아토덤 인텐시브 밤 500ml,cream,true,2372,4.771,2372,1.0000,259,0.1092,353,0.1488,629,0.2652,2.747,복합성:223;건성:184;지성:76;민감성:75;트러블성:30,웜톤:170;쿨톤:159;여름쿨톤:91;봄웜톤:70;가을웜톤:58,잡티:207;트러블:170;미백:167;각질:116;민감성:89,high
prod_oy_a000000145576,라운드랩,[저자극] 라운드랩 1025 독도 로션 200ml 기획 (+50ml),lotion,true,2365,4.767,2365,1.0000,181,0.0765,242,0.1023,460,0.1945,0.944,복합성:191;건성:94;지성:89;민감성:37;트러블성:26,웜톤:119;쿨톤:101;여름쿨톤:70;봄웜톤:66;가을웜톤:33,트러블:176;잡티:157;미백:111;각질:86;블랙헤드:71,high
prod_oy_a000000012809,피지오겔,피지오겔 DMT 데일리 보습 페이셜 로션 200ml,lotion,true,2355,4.811,2355,1.0000,377,0.1601,321,0.1363,410,0.1741,0.969,복합성:201;건성:97;지성:51;민감성:33;트러블성:10,웜톤:134;쿨톤:134;여름쿨톤:61;봄웜톤:26;가을웜톤:23,잡티:167;트러블:130;미백:116;주름:62;블랙헤드:57,high
prod_oy_a000000211479,아비브,[화잘먹세럼] 아비브 부활초 비피다 세럼 퍼밍 드롭 50ml 더블 기획,serum,true,2347,4.756,2347,1.0000,284,0.1210,370,0.1576,735,0.3132,1.971,복합성:275;건성:232;민감성:80;지성:65;트러블성:47,쿨톤:164;여름쿨톤:150;웜톤:139;봄웜톤:100;겨울쿨톤:82,잡티:333;미백:211;트러블:208;주름:132;민감성:103,high
prod_oy_a000000247774,구달,[115ml 대용량 기획] 구달 청귤 비타C 잡티케어 세럼 알파 50ml 더블 기획(+신제품 TXA세럼),serum,true,2331,4.768,2331,1.0000,81,0.0347,332,0.1424,679,0.2913,13.094,복합성:269;건성:179;지성:110;민감성:63;트러블성:24,쿨톤:172;여름쿨톤:135;웜톤:127;봄웜톤:97;가을웜톤:53,잡티:301;미백:206;트러블:176;주름:104;블랙헤드:96,high
prod_oy_a000000205643,메디힐,[1등/단품] 메디힐 마데카소사이드 흔적 리페어 세럼 40ml,serum,true,2328,4.668,2328,1.0000,466,0.2002,250,0.1074,666,0.2861,7.317,복합성:273;지성:135;건성:105;민감성:76;트러블성:50,여름쿨톤:151;봄웜톤:134;쿨톤:121;웜톤:119;가을웜톤:65,잡티:278;트러블:252;미백:168;블랙헤드:99;각질:97,high
prod_oy_a000000223297,뉴라덤,[윤곽앰플] 메디톡스 뉴라덤 코어타임 앰플 15ml [기획(+7ml)/단품],serum,true,2303,4.948,2303,1.0000,1244,0.5402,368,0.1598,1058,0.4594,3.139,복합성:477;건성:298;민감성:109;지성:84;트러블성:62,쿨톤:303;웜톤:228;여름쿨톤:145;봄웜톤:117;가을웜톤:104,잡티:542;미백:498;주름:200;트러블:154;블랙헤드:98,high
prod_oy_a000000189544,VT,[모공/흡수] VT 리들샷 300 에센스 50ml,serum,true,2275,4.787,2275,1.0000,260,0.1143,261,0.1147,777,0.3415,1.695,복합성:334;건성:159;지성:140;민감성:61;트러블성:47,여름쿨톤:166;쿨톤:159;웜톤:158;봄웜톤:108;겨울쿨톤:76,잡티:334;미백:283;트러블:261;각질:125;블랙헤드:117,high
prod_oy_a000000213171,에스네이처,[리뷰이벤트/속촉촉 진정토너] 에스네이처 아쿠아 오아시스 토너 300ml 기획 (+젤크림 30ml),toner,true,2262,4.805,2262,1.0000,294,0.1300,313,0.1384,649,0.2869,4.691,복합성:264;건성:156;지성:91;민감성:83;트러블성:30,쿨톤:130;웜톤:127;여름쿨톤:119;가을웜톤:89;봄웜톤:87,잡티:250;트러블:223;미백:180;블랙헤드:112;각질:102,high
prod_oy_a000000248200,유세린,[2700만개 판매] 유세린 하이알루론 3X 나이트크림 50ml 기획 (+나이트크림7ml*2),cream,true,2254,4.807,2254,1.0000,252,0.1118,417,0.1850,655,0.2906,9.402,복합성:237;건성:182;지성:99;민감성:51;트러블성:48,쿨톤:176;웜톤:171;여름쿨톤:90;봄웜톤:85;겨울쿨톤:55,잡티:270;미백:197;트러블:152;주름:131;각질:106,high
prod_oy_a000000217326,에스트라,[7월 올영픽] (50%용량증정) 에스트라 아토베리어365 세라-히알 속수분 앰플 30ml 기획 (+15ml),serum,true,2249,4.807,2249,1.0000,276,0.1227,299,0.1329,769,0.3419,6.546,복합성:321;건성:187;민감성:97;지성:90;트러블성:44,쿨톤:163;여름쿨톤:139;봄웜톤:130;웜톤:130;가을웜톤:87,잡티:291;트러블:238;미백:169;민감성:132;각질:115,high
prod_oy_a000000225602,차앤박,[1+1/유리알속광] 차앤박 프로폴리스 에너지 액티브 앰플 30ml 더블기획(2개입),serum,true,2233,4.897,2233,1.0000,442,0.1979,269,0.1205,578,0.2588,1.430,복합성:213;건성:153;지성:97;민감성:53;트러블성:33,웜톤:162;쿨톤:129;여름쿨톤:77;봄웜톤:76;가을웜톤:70,잡티:225;미백:163;트러블:136;주름:112;각질:67,high
prod_oy_a000000198320,에스트라,[올영 어워즈 1등 크림] 에스트라 아토베리어365 크림 80ml,cream,true,2212,4.833,2212,1.0000,189,0.0854,229,0.1035,593,0.2681,4.439,복합성:207;건성:151;지성:97;민감성:69;트러블성:46,여름쿨톤:136;쿨톤:123;봄웜톤:103;웜톤:95;겨울쿨톤:53,잡티:225;트러블:200;미백:139;블랙헤드:92;각질:86,high
prod_oy_a000000158038,아비브,[채서안PICK/보습탄력] 아비브 부활초 크림 뉴트리션 튜브 75ml 기획 (+30ml 추가 증정),cream,true,2207,4.760,2207,1.0000,278,0.1260,383,0.1735,607,0.2750,1.503,복합성:250;건성:179;지성:64;민감성:62;트러블성:25,웜톤:154;쿨톤:145;여름쿨톤:83;봄웜톤:77;겨울쿨톤:65,잡티:251;미백:178;트러블:176;주름:105;각질:102,high
prod_oy_a000000250476,에스네이처,[1등 화잘먹 수분세럼] 에스네이처 아쿠아 스쿠알란 세럼 50ml 리필기획 (+50ml 리필+발렌 하트 거울),serum,true,2169,4.758,2169,1.0000,202,0.0931,241,0.1111,657,0.3029,5.847,복합성:276;건성:142;지성:91;민감성:69;트러블성:38,여름쿨톤:135;웜톤:118;쿨톤:118;봄웜톤:115;가을웜톤:70,잡티:246;트러블:231;미백:182;블랙헤드:104;각질:100,high
prod_oy_a000000189248,바이오힐보,[수분진정] 바이오힐보 판테셀 리페어시카 크림 50ml (단품/리필기획),cream,true,2158,4.773,2158,1.0000,416,0.1928,356,0.1650,763,0.3536,2.949,복합성:328;건성:134;지성:116;민감성:80;트러블성:60,여름쿨톤:164;쿨톤:148;웜톤:141;봄웜톤:129;가을웜톤:76,잡티:306;트러블:287;미백:196;각질:113;블랙헤드:113,high
prod_oy_a000000199701,바이오힐보,[카디비PICK|탄력보습] 바이오힐보 프로바이오덤 3D리프팅 크림 50ml [단품/기획],cream,true,2147,4.858,2147,1.0000,251,0.1169,305,0.1421,586,0.2729,6.792,복합성:238;건성:161;지성:94;민감성:41;트러블성:24,웜톤:137;여름쿨톤:118;쿨톤:108;봄웜톤:81;겨울쿨톤:54,잡티:254;미백:161;트러블:148;주름:130;블랙헤드:82,high
prod_oy_a000000222882,한율,[1+1] 한율 트러블 진정 쑥시카 수분 크림 기획 (55ml+55ml),cream,true,2146,4.804,2146,1.0000,259,0.1207,302,0.1407,683,0.3183,4.081,복합성:271;건성:164;지성:92;민감성:59;트러블성:54,웜톤:171;쿨톤:167;여름쿨톤:121;봄웜톤:86;가을웜톤:61,트러블:262;잡티:231;미백:172;각질:119;주름:109,high
prod_oy_a000000249421,마몽드,[화해1등/100ml대용량] 마몽드 카밍샷 아줄렌 흔적수분앰플 50ml 더블기획,serum,true,2116,4.616,2116,1.0000,245,0.1158,208,0.0983,644,0.3043,16.638,복합성:272;지성:135;건성:112;민감성:46;트러블성:43,여름쿨톤:148;봄웜톤:111;쿨톤:104;웜톤:102;가을웜톤:79,트러블:278;잡티:269;미백:144;각질:130;블랙헤드:90,high
prod_oy_a000000145579,라운드랩,[속수분크림] 라운드랩 자작나무 수분 크림 80ml 기획 (+20ml),cream,true,2061,4.607,2061,1.0000,143,0.0694,230,0.1116,374,0.1815,1.117,복합성:154;건성:79;지성:66;민감성:32;트러블성:20,웜톤:111;쿨톤:88;봄웜톤:43;여름쿨톤:41;가을웜톤:29,잡티:137;트러블:109;미백:91;블랙헤드:72;각질:62,high
prod_oy_a000000254065,VT,[포켓몬 에디션] VT 피디알엔 에센스 100 30ml 더블 기획 (+포켓몬 장바구니 키링),serum,true,2049,4.871,2049,1.0000,505,0.2465,263,0.1284,955,0.4661,28.768,복합성:369;건성:255;지성:121;민감성:113;트러블성:46,쿨톤:243;웜톤:189;봄웜톤:154;가을웜톤:141;여름쿨톤:135,잡티:474;미백:289;트러블:210;주름:151;모공:126,high
prod_oy_a000000251468,피지오겔,피지오겔 DMT 페이셜 로션 200ml 기획 (+토너 50ml),lotion,true,2038,4.860,2038,1.0000,145,0.0711,301,0.1477,556,0.2728,4.457,복합성:224;건성:133;지성:76;민감성:61;트러블성:32,쿨톤:140;웜톤:127;여름쿨톤:91;봄웜톤:76;가을웜톤:46,잡티:239;트러블:170;미백:125;블랙헤드:89;각질:85,high
prod_oy_a000000156315,바이오더마,[온라인 단독기획]바이오더마 하이드라비오 세럼 더블기획(40ml+40ml),serum,true,2029,4.793,2029,1.0000,379,0.1868,283,0.1395,503,0.2479,1.117,복합성:236;건성:118;지성:62;민감성:43;트러블성:22,웜톤:159;쿨톤:124;여름쿨톤:63;봄웜톤:56;가을웜톤:40,잡티:164;트러블:148;미백:134;각질:98;블랙헤드:80,high
prod_oy_a000000236996,샤이샤이샤이,[단독기획/화잘먹 대란템] 샤이샤이샤이 리포좀 리페어 밀키 크림 50ml 기획 (+15ml),cream,true,2011,4.801,2011,1.0000,460,0.2287,309,0.1537,742,0.3690,3.177,복합성:331;건성:177;지성:87;민감성:77;트러블성:31,쿨톤:173;웜톤:148;여름쿨톤:123;봄웜톤:103;겨울쿨톤:72,잡티:345;미백:225;트러블:143;주름:125;각질:94,high
prod_oy_a000000144177,미샤,미샤 비타씨플러스 잡티씨 탄력 앰플 40ml,serum,true,2000,4.697,2000,1.0000,311,0.1555,319,0.1595,471,0.2355,1.189,복합성:186;건성:134;지성:80;민감성:33;트러블성:15,웜톤:145;쿨톤:123;여름쿨톤:55;봄웜톤:42;가을웜톤:31,잡티:204;미백:148;트러블:124;주름:72;블랙헤드:70,high
prod_oy_a000000174016,라로슈포제,라로슈포제 시카플라스트 밤 B5+ 100ml,cream,true,1986,4.737,1986,1.0000,110,0.0554,249,0.1254,556,0.2800,3.431,복합성:225;건성:99;지성:87;민감성:69;트러블성:38,쿨톤:135;웜톤:107;여름쿨톤:103;봄웜톤:88;겨울쿨톤:45,트러블:217;잡티:209;미백:127;각질:84;블랙헤드:82,high
prod_oy_a000000149963,디오디너리,[입문자추천] 디오디너리 레티놀 0.2% 인 스쿠알란 30ml,serum,true,1969,4.605,1969,1.0000,142,0.0721,253,0.1285,626,0.3179,3.117,복합성:255;건성:134;지성:99;민감성:74;트러블성:32,웜톤:144;여름쿨톤:128;쿨톤:118;봄웜톤:91;가을웜톤:58,잡티:261;트러블:189;미백:186;블랙헤드:108;각질:87,high
prod_oy_a000000244994,제로이드,제로이드 인텐시브 크림 80ml 기획 (+크림 토너 25ml),cream,true,1951,4.819,1951,1.0000,179,0.0917,256,0.1312,498,0.2553,13.052,복합성:185;건성:137;지성:67;민감성:64;트러블성:21,여름쿨톤:114;봄웜톤:109;쿨톤:101;웜톤:79;가을웜톤:48,잡티:179;트러블:167;미백:139;민감성:78;각질:72,high
prod_oy_a000000242718,차앤박,[장벽+보습] 차앤박 더마앤서 배리어 리셋 크림 80ml 기획 (+31ml),cream,true,1946,4.837,1946,1.0000,226,0.1161,335,0.1721,973,0.5000,6.442,복합성:391;건성:256;지성:109;민감성:92;트러블성:56,웜톤:240;쿨톤:198;봄웜톤:152;여름쿨톤:149;가을웜톤:89,잡티:430;미백:268;트러블:226;주름:173;블랙헤드:137,high
prod_oy_a000000005336,바이오더마,바이오더마 하이드라비오 세럼 40ml,serum,true,1928,4.794,1928,1.0000,371,0.1924,273,0.1416,470,0.2438,1.129,복합성:224;건성:107;지성:58;민감성:40;트러블성:19,웜톤:155;쿨톤:118;여름쿨톤:57;봄웜톤:46;가을웜톤:37,잡티:151;트러블:136;미백:124;각질:93;블랙헤드:76,high
prod_oy_a000000209418,제로이드,[2025 어워즈] 제로이드 인텐시브 크림 80ml,cream,true,1908,4.794,1908,1.0000,199,0.1043,333,0.1745,771,0.4041,1.274,복합성:283;건성:205;민감성:132;지성:80;트러블성:33,웜톤:171;쿨톤:164;여름쿨톤:144;봄웜톤:101;가을웜톤:80,잡티:315;미백:200;트러블:200;주름:129;민감성:111,high
prod_oy_a000000232179,메디힐,[장도연 PICK] 메디힐 PDRN 모공 탄력 세럼 40+40ml 더블 기획,serum,true,1863,4.752,1863,1.0000,218,0.1170,230,0.1235,500,0.2684,67.011,복합성:181;건성:136;지성:84;민감성:56;트러블성:22,여름쿨톤:108;쿨톤:108;웜톤:102;봄웜톤:72;가을웜톤:44,잡티:192;미백:149;트러블:134;주름:87;각질:85,high
prod_oy_a000000222703,아누아,[수지 PICK / 수분광채크림] 아누아 피디알엔 히알루론산 100 수분 크림 60mL 기획 (+30mL),cream,true,1845,4.776,1845,1.0000,488,0.2645,161,0.0873,439,0.2379,4.620,복합성:175;건성:109;지성:64;민감성:38;트러블성:32,웜톤:87;쿨톤:86;여름쿨톤:83;봄웜톤:62;겨울쿨톤:47,잡티:193;트러블:150;미백:113;각질:77;주름:51,high
prod_oy_a000000224147,바이오힐보,[최다증정|기프트] 바이오힐보 프로바이오덤 3D리프팅 스킨케어 3종세트(토너+에멀전+크림),cream,true,1841,4.904,1841,1.0000,271,0.1472,194,0.1054,528,0.2868,6.210,복합성:243;건성:120;지성:78;민감성:44;트러블성:20,여름쿨톤:118;웜톤:108;쿨톤:108;봄웜톤:95;가을웜톤:36,잡티:229;트러블:157;미백:148;블랙헤드:91;주름:82,high
prod_oy_a000000146589,아비브,[수분진정] 아비브 어성초 카밍 토너 스킨부스터 200ml,toner,true,1810,4.712,1810,1.0000,189,0.1044,208,0.1149,477,0.2635,3.967,복합성:165;건성:104;지성:98;민감성:62;트러블성:33,쿨톤:107;웜톤:102;여름쿨톤:96;봄웜톤:57;가을웜톤:40,트러블:178;잡티:175;미백:131;블랙헤드:83;각질:58,high
prod_oy_a000000219389,마몽드,[화해1등/흔적진정] 마몽드 카밍 샷 아줄렌 흔적 수분앰플 50ml 기획,serum,true,1805,4.586,1805,1.0000,244,0.1352,175,0.0970,513,0.2842,1.417,복합성:226;지성:104;건성:86;트러블성:36;민감성:34,여름쿨톤:118;봄웜톤:85;쿨톤:79;웜톤:78;가을웜톤:66,트러블:228;잡티:226;미백:125;각질:111;블랙헤드:68,high
prod_oy_a000000224494,셀라딕스,[조유리 PICK/트러블1등] 셀라딕스 트러블 세범 리밸런싱 131 앰플 30ml,serum,true,1792,4.741,1792,1.0000,923,0.5151,153,0.0854,291,0.1624,7.328,복합성:121;건성:50;지성:39;트러블성:39;민감성:34,여름쿨톤:71;쿨톤:54;봄웜톤:49;웜톤:48;겨울쿨톤:28,잡티:117;트러블:111;미백:89;각질:48;블랙헤드:35,high
prod_oy_a000000232438,아비브,아비브 글루타치온좀 잡티 세럼 비타 드롭 50ml 더블 기획,serum,true,1772,4.642,1772,1.0000,113,0.0638,230,0.1298,506,0.2856,3.996,복합성:189;건성:122;지성:85;민감성:56;트러블성:27,봄웜톤:98;여름쿨톤:97;쿨톤:97;웜톤:81;가을웜톤:62,잡티:221;미백:182;트러블:126;블랙헤드:69;각질:63,high
prod_oy_a000000163254,토리든,[단독기획] 토리든 다이브인 저분자 히알루론산 크림 80ml 기획(+크림 20ml 추가증정),cream,true,1760,4.709,1760,1.0000,250,0.1420,262,0.1489,437,0.2483,7.547,복합성:179;건성:90;지성:81;민감성:40;트러블성:12,웜톤:114;쿨톤:87;여름쿨톤:73;봄웜톤:47;가을웜톤:36,트러블:163;잡티:151;미백:104;각질:80;블랙헤드:66,high
prod_oy_a000000223625,디오디너리,[각질쓱싹] 디오디너리 글리코릭 애시드 7% 엑스폴리에이팅 토너 240ml,toner,true,1752,4.664,1752,1.0000,91,0.0519,194,0.1107,631,0.3602,15.213,복합성:248;지성:158;건성:110;민감성:48;트러블성:37,웜톤:130;쿨톤:127;여름쿨톤:123;가을웜톤:77;봄웜톤:69,잡티:260;트러블:203;미백:161;각질:118;주름:97,high
prod_oy_a000000226201,아누아,[단독기획] 아누아 TXA 나이아신 흔적 세럼 30ml 2입,serum,true,1736,4.779,1736,1.0000,526,0.3030,275,0.1584,309,0.1780,7.255,복합성:119;건성:86;지성:38;민감성:26;트러블성:20,여름쿨톤:72;쿨톤:57;웜톤:54;가을웜톤:41;봄웜톤:35,잡티:136;트러블:104;미백:99;각질:46;블랙헤드:35,high
prod_oy_a000000243499,온그리디언츠,[1등 속광로션/단독기획] 온그리디언츠 스킨 베리어 카밍 로션 이엑스 220ml 기획 (+80ml),lotion,true,1728,4.843,1728,1.0000,302,0.1748,217,0.1256,657,0.3802,42.155,복합성:285;건성:154;지성:90;민감성:71;트러블성:30,쿨톤:136;여름쿨톤:132;웜톤:119;봄웜톤:117;가을웜톤:62,잡티:267;미백:189;트러블:158;블랙헤드:91;주름:90,high
prod_oy_a000000229498,크리니크,[김고은PICK] 크리니크 쏙보습크림 50ml,cream,true,1688,4.954,1688,1.0000,677,0.4011,109,0.0646,145,0.0859,1.338,복합성:50;건성:36;지성:23;민감성:21;트러블성:9,쿨톤:51;웜톤:38;가을웜톤:17;여름쿨톤:16;봄웜톤:14,잡티:64;미백:44;트러블:36;주름:32;블랙헤드:18,high
prod_oy_a000000246323,프리메이,[100시간 보습 대용량]프리메이 진정한 수분 크림 100ml (+30ml+30ml),cream,true,1684,4.917,1684,1.0000,784,0.4656,253,0.1502,501,0.2975,1.958,복합성:182;건성:107;민감성:72;지성:65;트러블성:56,쿨톤:155;웜톤:151;여름쿨톤:61;겨울쿨톤:40;봄웜톤:38,잡티:281;미백:148;트러블:114;주름:76;블랙헤드:70,high
prod_oy_a000000210654,아누아,[수지pick/화해1위] 아누아 피디알엔 히알루론산 캡슐 100 세럼 1ml*10ea,serum,true,1678,4.830,1678,1.0000,563,0.3355,159,0.0948,482,0.2872,0.907,복합성:199;건성:108;지성:64;민감성:53;트러블성:27,웜톤:103;여름쿨톤:99;쿨톤:93;봄웜톤:78;겨울쿨톤:45,잡티:228;트러블:146;미백:136;주름:65;각질:62,high
prod_oy_a000000222797,코스알엑스,[흔적케어] 코스알엑스 더 알파 - 알부틴 세럼 50ml (펩타이드세럼 30ml증정),serum,true,1668,4.704,1668,1.0000,68,0.0408,161,0.0965,599,0.3591,3.757,복합성:250;건성:115;지성:91;민감성:68;트러블성:50,여름쿨톤:133;쿨톤:117;웜톤:111;봄웜톤:86;가을웜톤:67,잡티:277;트러블:195;미백:184;블랙헤드:89;각질:77,high
prod_oy_a000000169035,믹순,[올리브영 단독기획] 믹순 콩 에센스 50ml 기획 (+병풀 에센스 20ml),serum,true,1657,4.588,1657,1.0000,160,0.0966,257,0.1551,618,0.3730,6.007,복합성:243;건성:138;지성:104;민감성:58;트러블성:52,웜톤:141;쿨톤:126;여름쿨톤:124;봄웜톤:89;가을웜톤:69,잡티:255;트러블:177;미백:171;블랙헤드:98;각질:95,high
prod_oy_a000000205644,메디힐,메디힐 티트리 진정 수분 세럼 40ml,serum,true,1649,4.634,1649,1.0000,155,0.0940,141,0.0855,430,0.2608,1.918,복합성:166;건성:88;지성:80;민감성:48;트러블성:31,여름쿨톤:110;쿨톤:86;봄웜톤:71;가을웜톤:46;겨울쿨톤:46,트러블:172;잡티:171;미백:115;블랙헤드:67;각질:64,high
prod_oy_a000000229790,구달,구달 청귤 비타C 잡티케어 세럼 알파 50ml 기획 (+35ml 미니어처),serum,true,1646,4.738,1646,1.0000,65,0.0395,191,0.1160,458,0.2783,9.663,복합성:161;건성:114;지성:84;민감성:53;트러블성:20,쿨톤:124;여름쿨톤:86;웜톤:82;봄웜톤:60;가을웜톤:34,잡티:187;트러블:134;미백:130;블랙헤드:74;주름:68,high
prod_oy_a000000199405,마녀공장,[속보습] 마녀공장 판테토인 에센스 토너 200ml,toner,true,1643,4.872,1643,1.0000,257,0.1564,307,0.1869,709,0.4315,1.919,복합성:288;건성:164;지성:102;민감성:65;트러블성:47,웜톤:183;쿨톤:147;여름쿨톤:117;봄웜톤:102;겨울쿨톤:66,잡티:310;미백:197;트러블:189;블랙헤드:103;모공:100,high
prod_oy_a000000203907,차앤박,차앤박(CNP) 프로폴리스 액티브 앰플 더블기획(15ml+15ml),serum,true,1623,4.844,1623,1.0000,187,0.1152,324,0.1996,572,0.3524,1.861,복합성:223;건성:158;지성:87;민감성:57;트러블성:25,웜톤:156;쿨톤:149;여름쿨톤:78;가을웜톤:74;봄웜톤:61,잡티:248;미백:164;트러블:155;주름:108;블랙헤드:74,high
prod_oy_a000000231293,프리메라,[7월올영픽/탄력광채] 프리메라 비타티놀 바운시 리프트 세럼 30g 기획/단품,serum,true,1606,4.767,1606,1.0000,74,0.0461,275,0.1712,528,0.3288,17.538,복합성:222;건성:116;지성:87;민감성:53;트러블성:24,여름쿨톤:119;쿨톤:110;웜톤:89;봄웜톤:81;가을웜톤:51,잡티:231;미백:150;트러블:150;블랙헤드:88;각질:70,high
prod_oy_a000000256153,오어스,"[부루부루도그 콜라보] 오어스 히알루론시카 7초 세럼 인 앰플 105ml 기획 (+애착베개키링,치크팩2p)",serum,true,1578,4.816,1578,1.0000,276,0.1749,215,0.1362,601,0.3809,3.454,복합성:237;건성:152;지성:82;민감성:59;트러블성:30,웜톤:127;쿨톤:120;여름쿨톤:100;봄웜톤:99;가을웜톤:61,잡티:261;미백:178;트러블:170;주름:106;블랙헤드:98,high
prod_oy_a000000200353,오어스,[히알속수분세럼 / 대용량기획세트] 오어스 히알루론시카 7초 세럼 인 앰플 105ml 기획(+15ml),serum,true,1565,4.816,1565,1.0000,276,0.1764,212,0.1355,596,0.3808,2.787,복합성:235;건성:151;지성:82;민감성:59;트러블성:29,웜톤:124;쿨톤:120;봄웜톤:99;여름쿨톤:98;가을웜톤:61,잡티:259;미백:178;트러블:168;주름:105;블랙헤드:96,high
prod_oy_a000000187127,피지오겔,피지오겔 레드수딩 시카밸런스 크림 80ml 대용량,cream,true,1544,4.755,1544,1.0000,236,0.1528,212,0.1373,598,0.3873,2.542,복합성:267;지성:103;건성:85;민감성:63;트러블성:59,웜톤:160;쿨톤:157;여름쿨톤:89;봄웜톤:73;가을웜톤:44,트러블:255;잡티:242;미백:142;블랙헤드:108;각질:100,high
prod_oy_a000000188048,브링그린,브링그린 대나무 히알루 수분 토너 500mL,toner,true,1513,4.787,1513,1.0000,130,0.0859,181,0.1196,393,0.2597,2.057,복합성:145;건성:86;민감성:56;지성:52;트러블성:23,쿨톤:91;여름쿨톤:76;웜톤:71;봄웜톤:64;가을웜톤:32,트러블:160;잡티:142;미백:84;각질:78;블랙헤드:58,high
prod_oy_a000000207054,더랩바이블랑두,[대용량/속보습폭발] 더랩바이블랑두 올리고 히알루론산 딥 토너 500ml 대용량 기획 (+100ml),toner,true,1509,4.907,1509,1.0000,198,0.1312,222,0.1471,542,0.3592,3.173,복합성:208;건성:126;지성:74;민감성:71;트러블성:26,여름쿨톤:113;웜톤:110;쿨톤:104;봄웜톤:78;겨울쿨톤:53,잡티:200;트러블:163;미백:139;주름:87;블랙헤드:85,high
prod_oy_a000000207544,파티온,[트러블흔적/단독기획] 파티온 노스카나인 트러블 흔적 앰플 30ml 기획 (+트러블 세럼 15ml),serum,true,1506,4.772,1506,1.0000,251,0.1667,182,0.1208,464,0.3081,1.499,복합성:144;건성:95;지성:84;민감성:68;트러블성:58,웜톤:107;여름쿨톤:93;쿨톤:90;봄웜톤:63;겨울쿨톤:44,잡티:211;트러블:181;미백:120;블랙헤드:76;각질:56,high
prod_oy_a000000219550,아비브,[채서안PICK/3일잡티세럼] 아비브 글루타치온좀 잡티 세럼 비타 드롭 50ml 기획 (+20ml),serum,true,1481,4.657,1481,1.0000,98,0.0662,190,0.1283,433,0.2924,2.979,복합성:166;건성:105;지성:64;민감성:48;트러블성:24,쿨톤:84;봄웜톤:83;웜톤:75;여름쿨톤:72;가을웜톤:55,잡티:188;미백:151;트러블:115;블랙헤드:62;각질:55,high
prod_oy_a000000224329,닥터지,"[쿨링수분진정] 닥터지 레드 블레미쉬 클리어 히알 시카 수딩 세럼 50ml 2종(20ml 증정기획, 단품]",serum,true,1481,4.733,1481,1.0000,104,0.0702,204,0.1377,479,0.3234,2.395,복합성:192;건성:98;지성:67;민감성:58;트러블성:40,여름쿨톤:96;쿨톤:91;봄웜톤:87;웜톤:77;가을웜톤:52,잡티:198;트러블:174;미백:130;각질:74;블랙헤드:66,high
prod_oy_a000000211547,NDP,NDP 엔디피 베베바이옴 생기탄력 세럼 20ml,serum,true,1450,4.923,1450,1.0000,622,0.4290,277,0.1910,554,0.3821,1.346,복합성:213;건성:132;지성:78;민감성:71;트러블성:32,웜톤:170;쿨톤:157;봄웜톤:61;겨울쿨톤:55;여름쿨톤:55,잡티:329;미백:179;주름:125;트러블:94;모공:55,high
prod_oy_a000000112172,유세린,[2700만개 판매] 유세린 하이알루론 3X 나이트크림 50ML,cream,true,1441,4.799,1441,1.0000,198,0.1374,270,0.1874,365,0.2533,1.178,복합성:146;건성:102;지성:53;트러블성:30;민감성:20,웜톤:112;쿨톤:105;여름쿨톤:41;봄웜톤:37;겨울쿨톤:26,잡티:156;미백:98;트러블:92;주름:65;각질:64,high
prod_oy_a000000209826,비플레인,[화잘먹/수딩크림] 비플레인 녹두 모공 타이트업 수딩 크림 60ml 1+1 기획,cream,true,1437,4.814,1437,1.0000,422,0.2937,181,0.1260,469,0.3264,3.460,복합성:197;지성:89;건성:88;민감성:43;트러블성:40,쿨톤:116;웜톤:107;여름쿨톤:84;봄웜톤:53;가을웜톤:47,잡티:235;미백:151;트러블:141;주름:65;블랙헤드:63,high
prod_oy_a000000246877,닥터자르트,[리뉴얼/10겹장벽크림] 닥터자르트 세라마이딘 울트라 모이스처라이징 크림 50ml 1+1 기획,cream,true,1434,4.834,1434,1.0000,348,0.2427,194,0.1353,364,0.2538,1.960,건성:140;복합성:122;민감성:38;지성:27;트러블성:12,웜톤:108;쿨톤:82;여름쿨톤:56;봄웜톤:42;가을웜톤:29,잡티:140;미백:103;트러블:85;주름:79;민감성:63,high
prod_oy_a000000206077,스킨앤랩,[속보습케어] 스킨앤랩 베리어덤 링거 앰플70ml,serum,true,1418,4.919,1418,1.0000,570,0.4020,295,0.2080,528,0.3724,1.212,복합성:200;건성:141;지성:69;민감성:58;트러블성:45,웜톤:154;쿨톤:140;여름쿨톤:58;봄웜톤:55;가을웜톤:42,잡티:278;미백:196;트러블:131;주름:82;블랙헤드:80,high
prod_oy_a000000257591,원씽,[단독기획] 원씽 병풀추출물 150ml 더블 기획 (+병풀 수딩 마스크 2매),toner,true,1385,4.752,1385,1.0000,207,0.1495,227,0.1639,432,0.3119,2.515,복합성:181;건성:83;지성:60;민감성:56;트러블성:28,웜톤:131;쿨톤:110;여름쿨톤:52;봄웜톤:48;가을웜톤:34,잡티:171;트러블:153;미백:94;블랙헤드:70;주름:62,high
prod_oy_a000000172453,닥터지,[속건조/진정보습] 닥터지 레드 블레미쉬 클리어 모이스처 크림 70ml 기획 (+30ml 증정),cream,true,1377,4.790,1377,1.0000,200,0.1452,199,0.1445,364,0.2643,2.224,복합성:143;건성:97;지성:48;민감성:35;트러블성:20,웜톤:75;여름쿨톤:66;봄웜톤:65;쿨톤:56;가을웜톤:36,트러블:126;잡티:125;미백:88;각질:67;블랙헤드:54,high
prod_oy_a000000154540,원씽,[수분진정/붉은기완화] 원씽 병풀 추출물 토너 150ml,toner,true,1373,4.749,1373,1.0000,207,0.1508,224,0.1631,426,0.3103,1.436,복합성:178;건성:82;지성:60;민감성:55;트러블성:27,웜톤:129;쿨톤:109;여름쿨톤:51;봄웜톤:48;가을웜톤:34,잡티:168;트러블:151;미백:93;블랙헤드:70;각질:61,high
prod_oy_a000000219714,파티온,[단독기획/대용량] 파티온 노스카나인 트러블 모공탄력 세럼 50ml 기획(+5ml+크림 5ml),serum,true,1373,4.746,1373,1.0000,364,0.2651,191,0.1391,413,0.3008,2.259,복합성:159;건성:76;지성:70;민감성:58;트러블성:35,웜톤:109;쿨톤:100;여름쿨톤:68;봄웜톤:48;겨울쿨톤:36,잡티:211;미백:127;트러블:113;각질:68;주름:61,high
prod_oy_a000000179154,더랩바이블랑두,[순한진정] 더랩바이블랑두 그린 플라보노이드 진정 크림 50ml+30ml 기획,cream,true,1326,4.698,1326,1.0000,206,0.1554,124,0.0935,412,0.3107,3.078,복합성:168;지성:79;건성:63;민감성:43;트러블성:34,웜톤:104;쿨톤:76;여름쿨톤:75;봄웜톤:60;겨울쿨톤:31,트러블:195;잡티:125;블랙헤드:85;미백:77;각질:74,high
prod_oy_a000000154177,닥터지,[진정/각질제거/대용량] 닥터지 레드 블레미쉬 클리어 수딩 토너 500ml,toner,true,1312,4.851,1312,1.0000,126,0.0960,182,0.1387,327,0.2492,1.386,복합성:141;건성:58;지성:46;트러블성:34;민감성:33,웜톤:79;쿨톤:64;여름쿨톤:53;봄웜톤:45;가을웜톤:27,잡티:134;트러블:132;미백:91;블랙헤드:52;각질:43,high
prod_oy_a000000214675,디어클레어스,[EGF최대함량/1등진정앰플] 클레어스 블루 유스 액티베이팅 드롭 50ml,serum,true,1308,4.726,1308,1.0000,227,0.1735,176,0.1346,448,0.3425,5.062,복합성:151;지성:91;건성:64;트러블성:61;민감성:59,여름쿨톤:104;쿨톤:100;봄웜톤:61;웜톤:58;가을웜톤:52,트러블:198;잡티:178;미백:111;각질:75;블랙헤드:55,high
prod_oy_a000000213238,에스네이처,[수분천재 모공결광세럼] 에스네이처 아쿠아 스쿠알란 세럼 50ml 리필팩,serum,true,1306,4.718,1306,1.0000,134,0.1026,158,0.1210,392,0.3002,2.577,복합성:178;건성:76;지성:55;민감성:39;트러블성:20,여름쿨톤:79;쿨톤:77;웜톤:74;봄웜톤:59;가을웜톤:42,잡티:141;트러블:137;미백:122;블랙헤드:58;각질:54,high
prod_oy_a000000254067,VT,[포켓몬 에디션] VT 피디알엔 캡슐 크림 100 50ml 더블 기획 (+피카츄 파우치 키링),cream,true,1306,4.884,1306,1.0000,162,0.1240,214,0.1639,561,0.4296,28.342,복합성:250;건성:121;지성:82;민감성:55;트러블성:30,쿨톤:130;여름쿨톤:109;웜톤:105;봄웜톤:82;가을웜톤:57,잡티:264;미백:168;트러블:138;주름:89;각질:72,high
prod_oy_a000000206547,한율,[반쪽모공/리필기획] 한율 보들은행잎 모공핏 세럼 기획 40ml 기획,serum,true,1287,4.618,1287,1.0000,42,0.0326,155,0.1204,459,0.3566,2.293,복합성:188;건성:83;지성:83;민감성:39;트러블성:36,쿨톤:87;웜톤:85;여름쿨톤:83;봄웜톤:78;가을웜톤:56,잡티:183;트러블:141;미백:127;블랙헤드:89;각질:72,high
prod_oy_a000000240991,어나더페이스,어나더페이스 펩타테놀10 베리어 세럼 40ml 리필기획세트 (+40ml리필),serum,true,1284,4.949,1284,1.0000,209,0.1628,206,0.1604,415,0.3232,7.859,복합성:180;건성:87;지성:61;민감성:47;트러블성:24,쿨톤:139;웜톤:91;봄웜톤:53;여름쿨톤:50;가을웜톤:35,잡티:207;미백:147;주름:88;트러블:72;블랙헤드:46,high
prod_oy_a000000218592,닥터자르트,[한정기획/강력진정크림] 닥터자르트 시카페어 인텐시브 수딩 리페어 크림 50ml 1+1 기획,cream,true,1275,4.795,1275,1.0000,177,0.1388,161,0.1263,394,0.3090,2.848,복합성:171;건성:71;지성:55;민감성:46;트러블성:32,웜톤:89;쿨톤:89;봄웜톤:60;여름쿨톤:55;가을웜톤:46,잡티:148;트러블:135;미백:89;각질:75;블랙헤드:66,high
prod_oy_a000000217422,퍼셀,[투명미백] 퍼셀 880억/mL 글루타치온 플렉서블 리포좀 톤업앰플 20ml 기획 (+7ml),serum,true,1266,4.755,1266,1.0000,186,0.1469,235,0.1856,491,0.3878,3.491,복합성:221;건성:114;지성:57;민감성:50;트러블성:22,쿨톤:104;웜톤:95;봄웜톤:86;여름쿨톤:74;가을웜톤:60,잡티:230;미백:167;트러블:118;주름:90;블랙헤드:61,high
prod_oy_a000000250105,라로슈포제,라로슈포제 에빠끌라 듀오+ M 트러블 에센스 40ml 기획(+에빠끌라 폼 50ml),serum,true,1258,4.590,1258,1.0000,101,0.0803,155,0.1232,400,0.3180,3.070,복합성:164;지성:71;트러블성:56;건성:50;민감성:41,여름쿨톤:99;웜톤:69;봄웜톤:63;겨울쿨톤:48;쿨톤:46,잡티:174;트러블:168;미백:123;각질:68;블랙헤드:45,high
prod_oy_a000000255677,메디큐브,[수분진정/화잘먹] 메디큐브 PDRN 핑크 히알루로닉 수분크림 100ml 더블기획,cream,true,1258,4.721,1258,1.0000,110,0.0874,155,0.1232,349,0.2774,6.383,복합성:137;건성:103;지성:50;트러블성:24;민감성:22,봄웜톤:77;여름쿨톤:76;쿨톤:69;웜톤:66;가을웜톤:25,잡티:145;트러블:107;미백:104;블랙헤드:64;각질:63,high
prod_oy_a000000242563,성분에디터,[산리오 콜라보/물광리프팅]성분에디터 실크펩타이드 EGF 하트핏 볼륨 리프팅 앰플 40ml 더블기획 (+산리오 파우치),serum,true,1244,4.789,1244,1.0000,168,0.1350,203,0.1632,402,0.3232,15.875,복합성:149;건성:108;지성:68;민감성:47;중성:9,쿨톤:81;여름쿨톤:80;웜톤:65;봄웜톤:57;가을웜톤:51,잡티:172;미백:132;트러블:113;주름:77;각질:53,high
prod_oy_a000000240908,메디큐브,[속건조수분크림] 메디큐브 PDRN 핑크 히알루로닉 수분크림 50ml 더블기획 (+앰플10ml),cream,true,1235,4.717,1235,1.0000,108,0.0874,151,0.1223,342,0.2769,5.381,복합성:136;건성:100;지성:50;트러블성:23;민감성:21,여름쿨톤:76;봄웜톤:74;쿨톤:67;웜톤:65;가을웜톤:25,잡티:143;미백:103;트러블:103;블랙헤드:64;각질:62,high
prod_oy_a000000232217,식물나라,[화잘먹/윤광미백] 식물나라 뽀얀쌀 맑은톤 로션 300mL,lotion,true,1231,4.643,1231,1.0000,111,0.0902,166,0.1348,309,0.2510,2.282,복합성:104;건성:77;지성:53;민감성:29;트러블성:20,여름쿨톤:84;봄웜톤:59;웜톤:51;쿨톤:37;가을웜톤:36,잡티:111;미백:108;트러블:93;각질:46;블랙헤드:43,high
prod_oy_a000000188874,웰라쥬,[첫수분토너/대용량] 웰라쥬 리얼 히알루로닉 100 토너 300ml 기획 (+화장솜 60매),toner,true,1224,4.847,1224,1.0000,361,0.2949,111,0.0907,293,0.2394,5.562,복합성:107;건성:78;지성:35;민감성:31;트러블성:27,여름쿨톤:78;쿨톤:50;웜톤:46;봄웜톤:36;겨울쿨톤:28,잡티:111;트러블:103;미백:69;각질:52;블랙헤드:44,high
prod_oy_a000000180543,코스알엑스,코스알엑스 더 레티놀 0.1 크림 20ml,cream,true,1221,4.649,1221,1.0000,111,0.0909,166,0.1360,443,0.3628,1.782,복합성:207;건성:97;지성:50;민감성:49;트러블성:17,여름쿨톤:106;쿨톤:86;웜톤:77;봄웜톤:73;가을웜톤:40,잡티:192;트러블:135;미백:124;블랙헤드:81;각질:63,high
prod_oy_a000000239660,피지오겔,피지오겔 DMT 페이셜 보습 장벽 크림 150ml 기획(+토너 50ml),cream,true,1204,4.811,1204,1.0000,68,0.0565,195,0.1620,300,0.2492,6.897,복합성:126;건성:93;민감성:31;지성:31;트러블성:10,쿨톤:72;웜톤:67;여름쿨톤:49;봄웜톤:44;가을웜톤:28,잡티:116;트러블:81;미백:69;각질:53;주름:47,high
prod_oy_a000000191798,센텔리안24,[기미잡티앰플] 센텔리안24 마데카 멜라 캡처 앰플 맥스 15ml 2입 기획,serum,true,1203,4.792,1203,1.0000,155,0.1288,211,0.1754,441,0.3666,2.400,복합성:173;건성:103;지성:68;민감성:57;트러블성:16,쿨톤:125;웜톤:120;여름쿨톤:55;봄웜톤:49;가을웜톤:48,잡티:242;미백:154;트러블:96;주름:54;각질:49,high
prod_oy_a000000251203,바이오더마,바이오더마 세비엄 로션 200ml 기획 (+세비엄 젤무쌍 5ml*3) (2604),toner,true,1202,4.666,1202,1.0000,100,0.0832,79,0.0657,333,0.2770,3.244,복합성:110;지성:109;건성:35;트러블성:32;민감성:19,여름쿨톤:73;쿨톤:64;웜톤:52;봄웜톤:41;가을웜톤:36,트러블:129;잡티:115;각질:65;미백:63;블랙헤드:51,high
prod_oy_a000000198539,닥터지,[속보습/수분로션] 닥터지 더모이스처 배리어 D 로션 300ml 기획 (+멀티밤 1g),lotion,true,1195,4.816,1195,1.0000,111,0.0929,135,0.1130,342,0.2862,2.098,복합성:145;건성:89;지성:45;민감성:32;트러블성:20,웜톤:92;봄웜톤:64;쿨톤:62;여름쿨톤:55;가을웜톤:35,잡티:125;트러블:101;미백:73;각질:67;블랙헤드:58,high
prod_oy_a000000203639,앰플엔,[7일잡티개선] 앰플엔 블레미샷 잡티앰플 50ml 1+1 단독기획,serum,true,1190,4.743,1190,1.0000,225,0.1891,174,0.1462,354,0.2975,1.536,복합성:126;건성:79;민감성:51;지성:49;트러블성:28,쿨톤:82;여름쿨톤:73;웜톤:55;봄웜톤:51;겨울쿨톤:42,잡티:183;미백:117;트러블:97;주름:57;각질:52,high
prod_oy_a000000233390,바이오힐보,[모공고민] 바이오힐보 프로바이오덤 콜라겐 리모델링 세럼 30ml (단품/더블기획),serum,true,1175,4.770,1175,1.0000,79,0.0672,185,0.1574,332,0.2826,8.975,복합성:132;건성:72;지성:55;민감성:37;트러블성:13,여름쿨톤:71;쿨톤:63;봄웜톤:56;웜톤:50;겨울쿨톤:39,잡티:159;미백:96;트러블:83;블랙헤드:55;주름:51,high
prod_oy_a000000225127,코스알엑스,[보습장벽크림] 코스알엑스 더 세라마이드 스킨 베리어 모이스처라이저 80ml,cream,true,1173,4.899,1173,1.0000,45,0.0384,72,0.0614,341,0.2907,2.781,복합성:133;건성:95;지성:38;민감성:37;트러블성:20,웜톤:80;쿨톤:75;여름쿨톤:61;봄웜톤:49;가을웜톤:28,잡티:167;미백:88;트러블:66;주름:59;블랙헤드:46,high
prod_oy_a000000231116,더페이스샵,[다이노탱 에디션][대용량] 더페이스샵 올티밋 멀티비타 10% 세럼 50ml,serum,true,1163,4.897,1163,1.0000,432,0.3715,229,0.1969,527,0.4531,1.678,복합성:200;건성:111;지성:88;민감성:66;트러블성:26,쿨톤:124;웜톤:123;여름쿨톤:83;봄웜톤:64;가을웜톤:47,잡티:285;미백:203;트러블:90;주름:88;모공:63,high
prod_oy_a000000212016,에센허브,에센허브 티트리 수딩 인 카밍 크림 80ml 기획(+크림 30ml),cream,true,1157,4.781,1157,1.0000,100,0.0864,212,0.1832,516,0.4460,2.096,복합성:187;건성:97;지성:95;민감성:70;트러블성:38,웜톤:124;쿨톤:112;여름쿨톤:82;봄웜톤:65;겨울쿨톤:48,잡티:230;미백:167;트러블:156;블랙헤드:85;각질:75,high
prod_oy_a000000250472,에스트라,[7월 올영픽] 에스트라 에이시카365 리페어 크림 pH4.5 60ml (+크림 20ml+마스크 2매),cream,true,1157,4.736,1157,1.0000,141,0.1219,103,0.0890,336,0.2904,11.327,복합성:124;지성:68;건성:49;트러블성:43;민감성:40,봄웜톤:68;쿨톤:58;여름쿨톤:55;웜톤:53;가을웜톤:52,트러블:145;잡티:125;미백:64;각질:55;블랙헤드:50,high
prod_oy_a000000204169,라운드랩,[잡티청소] 라운드랩 비타 나이아신 잡티 세럼 30ml 기획 (+잡티크림 10ml),serum,true,1125,4.603,1125,1.0000,117,0.1040,128,0.1138,302,0.2684,1.135,복합성:101;건성:85;민감성:42;지성:36;트러블성:12,여름쿨톤:83;봄웜톤:56;쿨톤:47;웜톤:46;가을웜톤:31,잡티:128;미백:117;트러블:83;각질:44;블랙헤드:43,high
prod_oy_a000000259164,라운드랩,[잡티청소] 라운드랩 비타 나이아신 잡티 세럼 30ml 기획 (+1.5mlx3매),serum,true,1125,4.603,1125,1.0000,117,0.1040,128,0.1138,302,0.2684,1.135,복합성:101;건성:85;민감성:42;지성:36;트러블성:12,여름쿨톤:83;봄웜톤:56;쿨톤:47;웜톤:46;가을웜톤:31,잡티:128;미백:117;트러블:83;각질:44;블랙헤드:43,high
prod_oy_a000000228390,잇츠스킨,[청담샵톤업/멀티톤업] 잇츠스킨 시크릿 솔루션 웨딩 드레스 퓨어 크림 100ml,cream,true,1123,4.862,1123,1.0000,216,0.1923,147,0.1309,463,0.4123,3.260,복합성:206;건성:110;지성:55;민감성:54;트러블성:17,쿨톤:102;봄웜톤:82;여름쿨톤:80;웜톤:68;가을웜톤:59,잡티:219;미백:156;트러블:92;주름:72;블랙헤드:51,high
prod_oy_a000000235178,성분에디터,[1등모공앰플] 성분에디터 그린토마토 NMN 포어 리프팅 앰플 40ml 더블기획,serum,true,1110,4.721,1110,1.0000,124,0.1117,137,0.1234,318,0.2865,19.210,복합성:114;건성:78;지성:58;민감성:31;트러블성:18,쿨톤:78;웜톤:64;여름쿨톤:54;봄웜톤:52;겨울쿨톤:28,잡티:119;트러블:91;미백:90;주름:63;블랙헤드:53,high
prod_oy_a000000258649,성분에디터,[7월올영픽/곰돌이푸콜라보] 성분에디터 그린토마토 NMN 포어 리프팅 앰플 40ml 더블 기획 (+히퍼 랜덤 1종),serum,true,1110,4.721,1110,1.0000,124,0.1117,137,0.1234,318,0.2865,19.210,복합성:114;건성:78;지성:58;민감성:31;트러블성:18,쿨톤:78;웜톤:64;여름쿨톤:54;봄웜톤:52;겨울쿨톤:28,잡티:119;트러블:91;미백:90;주름:63;블랙헤드:53,high
prod_oy_a000000209747,제로이드,제로이드 수딩 크림 80ml,cream,true,1106,4.780,1106,1.0000,115,0.1040,173,0.1564,463,0.4186,1.317,복합성:195;건성:91;민감성:71;지성:65;트러블성:16,웜톤:111;여름쿨톤:87;쿨톤:83;봄웜톤:77;가을웜톤:40,잡티:200;트러블:136;미백:116;주름:78;모공:59,high
prod_oy_a000000002848,바이오더마,[SNS 대란템]바이오더마 세비엄 포어 리파이너,cream,true,1100,4.688,1100,1.0000,89,0.0809,120,0.1091,366,0.3327,2.347,복합성:148;지성:110;건성:43;민감성:29;트러블성:18,여름쿨톤:91;쿨톤:69;웜톤:60;봄웜톤:49;겨울쿨톤:39,잡티:144;트러블:125;미백:91;블랙헤드:76;각질:56,high
prod_oy_a000000249777,이즈앤트리,[NCT 재민PICK] 이즈앤트리 어니언 뉴페어 겔크림 플러스 50ml 더블 기획 (+20ml),cream,true,1099,4.783,1099,1.0000,51,0.0464,79,0.0719,282,0.2566,56.034,복합성:109;지성:61;건성:53;민감성:25;트러블성:18,여름쿨톤:80;봄웜톤:59;웜톤:37;쿨톤:34;가을웜톤:28,잡티:98;트러블:93;미백:80;각질:42;블랙헤드:30,high
prod_oy_a000000197362,라운드랩,[속수분앰플] 라운드랩 자작나무 수분 앰플 50ml 기획 (+크림 20ml),serum,true,1078,4.750,1078,1.0000,182,0.1688,137,0.1271,356,0.3302,2.407,복합성:136;건성:69;지성:64;민감성:44;트러블성:23,웜톤:65;쿨톤:62;여름쿨톤:58;가을웜톤:52;봄웜톤:50,잡티:140;트러블:120;미백:96;블랙헤드:57;각질:53,high
prod_oy_a000000159921,라로슈포제,라로슈포제 시카플라스트 로션 B5 판테놀 시카에센스 토너 200ml,toner,true,1077,4.780,1077,1.0000,156,0.1448,149,0.1383,305,0.2832,4.950,복합성:119;건성:67;민감성:42;지성:38;트러블성:28,쿨톤:73;웜톤:66;여름쿨톤:54;가을웜톤:33;겨울쿨톤:29,잡티:143;트러블:107;미백:82;블랙헤드:42;각질:38,high
prod_oy_a000000145286,닥터디퍼런트,[매끈탱탱/레티날0.1%] 닥터디퍼런트 비타리프트-A 포르테 크림 20g,cream,true,1075,4.687,1075,1.0000,120,0.1116,198,0.1842,388,0.3609,5.241,복합성:160;건성:100;민감성:43;지성:39;트러블성:18,웜톤:118;쿨톤:97;여름쿨톤:53;봄웜톤:42;가을웜톤:36,잡티:190;미백:140;트러블:91;주름:66;블랙헤드:46,high
prod_oy_a000000184624,닥터디퍼런트,[단독기획/레티날0.1%] 닥터디퍼런트 비타리프트 에이 포르테 2입 기획,cream,true,1075,4.687,1075,1.0000,120,0.1116,198,0.1842,388,0.3609,5.241,복합성:160;건성:100;민감성:43;지성:39;트러블성:18,웜톤:118;쿨톤:97;여름쿨톤:53;봄웜톤:42;가을웜톤:36,잡티:190;미백:140;트러블:91;주름:66;블랙헤드:46,high
prod_oy_a000000246414,닥터자르트,[리뉴얼/10겹장벽크림] 닥터자르트 세라마이딘 울트라 모이스처라이징 크림 50ml,cream,true,1075,4.829,1075,1.0000,295,0.2744,138,0.1284,265,0.2465,1.074,건성:101;복합성:89;민감성:29;지성:22;트러블성:9,웜톤:77;쿨톤:61;여름쿨톤:39;봄웜톤:31;가을웜톤:25,잡티:98;미백:74;트러블:67;주름:53;민감성:50,high
prod_oy_a000000253623,센텔리안24,[1등 진정/흔적] 센텔리안24 마데카 크림 타임리버스 50ml 더블기획 (+15ml 2ea+푸린 피크닉매트 포켓몬),cream,true,1067,4.863,1067,1.0000,109,0.1022,152,0.1425,371,0.3477,21.442,복합성:143;건성:99;지성:47;민감성:43;트러블성:22,쿨톤:104;웜톤:79;여름쿨톤:50;봄웜톤:49;가을웜톤:33,잡티:176;미백:115;트러블:88;주름:53;민감성:45,high
prod_oy_a000000199261,메이크프렘,[2주모공세럼/단독기획] 메이크프렘 엔드포어 베지티놀 모공세럼 50ml 기획(+인테카크림 31ml),serum,true,1063,4.743,1063,1.0000,138,0.1298,202,0.1900,463,0.4356,2.062,복합성:186;건성:100;지성:77;민감성:36;트러블성:26,웜톤:104;쿨톤:103;봄웜톤:62;가을웜톤:53;겨울쿨톤:52,잡티:223;미백:131;트러블:89;주름:75;블랙헤드:70,high
prod_oy_a000000232030,아렌시아,[잡티흔적토닝/20g증정기획] 아렌시아 젤리 세럼 홀리 히솝 30 50g(+20g),serum,true,1058,4.644,1058,1.0000,85,0.0803,141,0.1333,335,0.3166,2.222,복합성:135;건성:89;민감성:46;지성:39;트러블성:12,쿨톤:92;여름쿨톤:76;웜톤:69;가을웜톤:31;봄웜톤:31,잡티:153;미백:121;트러블:84;각질:58;주름:49,high
prod_oy_a000000158369,에스네이처,[화해1위 3관왕] 에스네이처 아쿠아 오아시스 토너 300ml,toner,true,1053,4.783,1053,1.0000,138,0.1311,168,0.1595,319,0.3029,1.088,복합성:131;건성:72;지성:45;민감성:40;트러블성:17,웜톤:65;쿨톤:65;여름쿨톤:56;가을웜톤:50;봄웜톤:38,잡티:121;트러블:114;미백:92;블랙헤드:60;각질:50,high
prod_oy_a000000245087,닥터엘시아,[장원영PICK] 닥터엘시아 345 릴리프 크림 50ml 기획 (+10ml*2ea+튜브링거),cream,true,1046,4.722,1046,1.0000,118,0.1128,112,0.1071,311,0.2973,29.397,복합성:119;건성:76;지성:55;민감성:30;트러블성:20,여름쿨톤:79;쿨톤:52;봄웜톤:49;가을웜톤:41;웜톤:34,잡티:115;트러블:114;미백:66;블랙헤드:48;각질:46,high
prod_oy_a000000129771,피지오겔,피지오겔 레드수딩 AI 진정보습 로션 200ml,lotion,true,1022,4.776,1022,1.0000,126,0.1233,133,0.1301,189,0.1849,1.126,복합성:77;건성:38;지성:27;민감성:18;트러블성:13,웜톤:59;쿨톤:43;여름쿨톤:30;봄웜톤:14;가을웜톤:13,잡티:72;트러블:59;미백:50;각질:33;블랙헤드:33,high
prod_oy_a000000218948,셀리맥스,[TXA] 셀리맥스 트라넥삼산 브라이트닝 잡티 세럼 30ml 기획 (+10ml),serum,true,1021,4.938,1021,1.0000,444,0.4349,179,0.1753,397,0.3888,1.337,복합성:157;건성:91;지성:54;민감성:52;트러블성:32,쿨톤:136;웜톤:86;여름쿨톤:60;봄웜톤:36;가을웜톤:31,잡티:220;미백:141;주름:73;트러블:61;모공:47,high
prod_oy_a000000235068,리쥬란,[PDRN 물광+윤광 케어] 리쥬란 힐러 턴오버 액티브 크림 50ml (+앰플 5ml 증정),cream,true,1015,4.814,1015,1.0000,137,0.1350,173,0.1704,332,0.3271,5.154,복합성:141;건성:75;민감성:42;지성:35;트러블성:22,웜톤:88;쿨톤:68;여름쿨톤:58;가을웜톤:43;봄웜톤:36,잡티:153;미백:122;트러블:91;주름:53;각질:44,high
prod_oy_a000000201011,식물나라,[화잘먹/윤광미백] 식물나라 뽀얀쌀 맑은톤 로션 300mL,lotion,true,1013,4.609,1013,1.0000,82,0.0809,145,0.1431,250,0.2468,1.314,복합성:82;건성:62;지성:44;민감성:25;트러블성:16,여름쿨톤:65;봄웜톤:50;웜톤:37;가을웜톤:33;쿨톤:30,미백:91;잡티:90;트러블:75;각질:41;블랙헤드:31,high
prod_oy_a000000183707,리쥬란,[한정수량/오리지널 c-PDRN] 리쥬란 힐러 턴오버 앰플 듀얼 이펙트 30ml 기획(+7ml),serum,true,1004,4.803,1004,1.0000,153,0.1524,185,0.1843,419,0.4173,17.227,복합성:201;건성:92;민감성:48;지성:40;트러블성:15,웜톤:128;쿨톤:108;여름쿨톤:59;봄웜톤:58;가을웜톤:30,미백:172;잡티:172;주름:104;트러블:100;각질:59,high
prod_oy_a000000206698,빌리프,"[결광톤업][대용량] 빌리프X바나나킥 비타C토닝 세럼 50ml 기획 (+비타팩 25ml, 스트레스볼)",serum,true,997,4.832,997,1.0000,7,0.0070,222,0.2227,544,0.5456,15.878,복합성:209;건성:146;지성:70;민감성:53;트러블성:31,웜톤:139;쿨톤:129;여름쿨톤:79;봄웜톤:75;가을웜톤:55,잡티:266;미백:179;트러블:115;주름:99;모공:65,high
prod_oy_a000000173212,달바,[원스텝케어/사계절맞춤] 달바 더블 세럼 앤 크림 70g,cream,true,978,4.768,978,1.0000,126,0.1288,158,0.1616,311,0.3180,2.307,복합성:151;건성:77;지성:35;민감성:27;트러블성:8,쿨톤:76;웜톤:70;여름쿨톤:55;봄웜톤:45;겨울쿨톤:26,잡티:141;미백:100;트러블:83;블랙헤드:55;주름:54,high
prod_oy_a000000215363,셀퓨전씨,[안티에이징/밀착보습막] 셀퓨전씨 레이저 리쥬버네이션 크림 50ml 더블 기획,cream,true,970,4.740,970,1.0000,171,0.1763,199,0.2052,234,0.2412,5.034,복합성:105;건성:53;지성:28;민감성:21;트러블성:16,웜톤:89;쿨톤:50;봄웜톤:27;여름쿨톤:20;겨울쿨톤:17,잡티:106;트러블:81;미백:60;주름:33;각질:31,high
prod_oy_a000000203831,스킨푸드,[쫀득물착크림] 스킨푸드 블루 캐모마일 히알루로닉 수분크림 기획(70ml+30ml),cream,true,962,4.760,962,1.0000,79,0.0821,86,0.0894,362,0.3763,3.052,복합성:125;지성:75;건성:72;민감성:43;트러블성:27,쿨톤:91;여름쿨톤:64;웜톤:62;봄웜톤:58;겨울쿨톤:32,잡티:124;트러블:119;미백:100;블랙헤드:75;민감성:49,high
prod_oy_a000000189054,에스트라,에스트라 리제덤365 모공탄력 캡슐세럼 30ml,serum,true,959,4.740,959,1.0000,75,0.0782,149,0.1554,337,0.3514,3.139,복합성:140;건성:78;지성:45;민감성:42;트러블성:17,쿨톤:90;웜톤:80;여름쿨톤:60;봄웜톤:42;가을웜톤:32,잡티:156;미백:102;트러블:84;각질:61;주름:59,high
prod_oy_a000000149966,디오디너리,[중강도] 디오디너리 레티놀 0.5% 인 스쿠알란 30ml,serum,true,957,4.656,957,1.0000,113,0.1181,147,0.1536,318,0.3323,5.552,복합성:139;건성:59;지성:50;민감성:29;트러블성:29,쿨톤:79;웜톤:69;여름쿨톤:56;봄웜톤:40;가을웜톤:37,잡티:152;미백:109;트러블:79;블랙헤드:58;주름:47,high
prod_oy_a000000203125,피지오겔,[광채 항산화] 피지오겔 사이언수티컬즈 데일리뮨 앰플 세럼 20ml,serum,true,951,4.802,951,1.0000,84,0.0883,153,0.1609,364,0.3828,1.447,복합성:150;건성:101;민감성:46;지성:31;트러블성:16,웜톤:97;쿨톤:78;봄웜톤:53;여름쿨톤:43;가을웜톤:38,잡티:152;미백:104;트러블:99;주름:75;각질:50,high
prod_oy_a000000182795,프리메라,[1+1] 프리메라 알파인 베리 워터리 크림 리필기획/단품,cream,true,942,4.809,942,1.0000,129,0.1369,120,0.1274,291,0.3089,2.003,복합성:117;건성:84;지성:43;민감성:23;트러블성:12,쿨톤:69;웜톤:63;여름쿨톤:55;봄웜톤:52;겨울쿨톤:23,잡티:104;미백:78;트러블:67;블랙헤드:62;각질:53,high
prod_oy_a000000180436,닥터지,[트러블/여드름] 닥터지 에이클리어 스팟 포 페이스 세럼 80ml 대용량 기획세트,serum,true,937,4.644,937,1.0000,108,0.1153,135,0.1441,292,0.3116,1.741,복합성:104;지성:51;건성:42;민감성:39;트러블성:36,여름쿨톤:58;웜톤:52;봄웜톤:48;쿨톤:47;겨울쿨톤:36,트러블:129;잡티:124;미백:78;각질:46;블랙헤드:44,high
prod_oy_a000000103391,코스알엑스,[보습광채] 코스알엑스 어드벤스드 스네일 96 뮤신 파워 에센스 100ml,serum,true,936,4.910,936,1.0000,38,0.0406,77,0.0823,299,0.3194,1.919,복합성:124;건성:72;지성:37;민감성:34;트러블성:21,웜톤:79;쿨톤:73;봄웜톤:36;여름쿨톤:36;가을웜톤:33,잡티:127;미백:95;트러블:66;주름:59;각질:42,high
prod_oy_a000000258676,성분에디터,[7월올영픽/곰돌이푸콜라보] 성분에디터 실크펩타이드 EGF 하트핏 볼륨 리프팅 앰플 40ml 더블기획 (+파우치 증정),serum,true,929,4.789,929,1.0000,134,0.1442,158,0.1701,312,0.3358,16.371,복합성:113;건성:82;지성:49;민감성:44;트러블성:8,여름쿨톤:60;쿨톤:60;웜톤:50;봄웜톤:45;가을웜톤:41,잡티:144;미백:107;트러블:88;주름:57;각질:40,high
prod_oy_a000000247239,이니스프리,[화잘먹/속보습] 이니스프리 그린티 세라마이드 밀크 에센스 160ml 기획 (+25ml),serum,true,921,4.799,921,1.0000,35,0.0380,137,0.1488,379,0.4115,5.964,복합성:147;건성:79;지성:69;민감성:40;트러블성:16,쿨톤:79;웜톤:75;여름쿨톤:65;봄웜톤:60;가을웜톤:42,잡티:157;트러블:122;미백:109;블랙헤드:50;민감성:41,high
prod_oy_a000000184771,비욘드,[각질/미백/보습장벽] 비욘드 엔젤아쿠아 보습장벽 토너 500ml 대용량,toner,true,910,4.790,910,1.0000,134,0.1473,169,0.1857,270,0.2967,2.116,복합성:102;건성:65;지성:37;민감성:25;트러블성:17,쿨톤:61;웜톤:57;여름쿨톤:46;봄웜톤:44;가을웜톤:34,잡티:92;미백:72;트러블:71;블랙헤드:53;주름:51,high
prod_oy_a000000002839,바이오더마,바이오더마 센시비오 토너 250ml,toner,true,907,4.818,907,1.0000,292,0.3219,119,0.1312,202,0.2227,1.092,복합성:78;건성:44;민감성:27;지성:17;트러블성:9,쿨톤:52;웜톤:42;여름쿨톤:26;봄웜톤:21;가을웜톤:16,잡티:93;트러블:78;미백:72;민감성:40;각질:26,high
prod_oy_a000000225280,닥터자르트,[1등장벽크림] 닥터자르트 파워 더마 베리어 크림 단독 기획 세트(+7ml+틴케이스),cream,true,902,4.885,902,1.0000,131,0.1452,156,0.1729,491,0.5443,1.865,복합성:202;건성:119;지성:58;민감성:43;트러블성:27,웜톤:127;쿨톤:94;여름쿨톤:80;봄웜톤:78;가을웜톤:49,잡티:225;미백:145;트러블:106;모공:74;주름:71,high
prod_oy_a000000160733,스킨앤랩,[장벽회복] 스킨앤랩 베리어덤 인텐시브 크림 2세대 50ml,cream,true,900,4.708,900,1.0000,136,0.1511,111,0.1233,242,0.2689,0.961,복합성:79;건성:78;지성:44;민감성:23;트러블성:10,웜톤:79;쿨톤:49;여름쿨톤:38;봄웜톤:19;가을웜톤:17,잡티:100;트러블:93;미백:62;민감성:39;블랙헤드:39,high
prod_oy_a000000225919,하루하루원더,하루하루원더 블랙라이스 히알루로닉 토너 150ml 기획(+30ml),toner,true,900,4.910,900,1.0000,248,0.2756,214,0.2378,460,0.5111,3.100,복합성:180;건성:114;지성:73;민감성:43;트러블성:25,웜톤:120;쿨톤:92;봄웜톤:69;여름쿨톤:69;가을웜톤:47,잡티:201;미백:142;트러블:99;주름:90;블랙헤드:59,high
prod_oy_a000000202462,빌리프,[겉속보습] 빌리프 슈퍼드랍스 멀티7 히알루론 더블보습 세럼 30ml 단품/기획 (+30ml 리필 증정),serum,true,897,4.839,897,1.0000,46,0.0513,164,0.1828,434,0.4838,2.835,복합성:167;건성:120;지성:52;민감성:47;트러블성:23,웜톤:98;쿨톤:91;여름쿨톤:77;봄웜톤:67;가을웜톤:48,잡티:197;미백:129;트러블:112;블랙헤드:65;모공:61,high
prod_oy_a000000225008,메디큐브,[흔적수분크림] 메디큐브 PDRN 핑크 히알루로닉 수분크림 50ml 더블기획,cream,true,890,4.715,890,1.0000,74,0.0831,100,0.1124,262,0.2944,1.637,복합성:107;건성:75;지성:37;트러블성:19;민감성:13,봄웜톤:59;여름쿨톤:58;웜톤:52;쿨톤:49;가을웜톤:17,잡티:110;트러블:83;미백:81;블랙헤드:53;각질:40,high
prod_oy_a000000242341,아이오페,[글로우 부스팅샷] 아이오페 PDRN 카페인 샷 30ml 리필 기획 (+30ml 리필),serum,true,890,4.799,890,1.0000,151,0.1697,149,0.1674,261,0.2933,4.800,복합성:93;건성:76;지성:44;민감성:24;트러블성:12,쿨톤:75;여름쿨톤:56;웜톤:43;봄웜톤:37;가을웜톤:23,잡티:115;미백:70;트러블:66;주름:54;블랙헤드:39,high
prod_oy_a000000235580,아리얼,[NEW] 더 에센셜 바이 아리얼 히알루로닉 13 세럼 60ml,serum,true,889,4.946,889,1.0000,358,0.4027,151,0.1699,423,0.4758,31.605,복합성:174;건성:117;지성:59;민감성:37;트러블성:30,쿨톤:112;웜톤:78;여름쿨톤:66;봄웜톤:50;가을웜톤:47,잡티:217;미백:150;트러블:75;주름:72;각질:41,high
prod_oy_a000000259069,아벤느,[미피 파우치 증정/7월 올영픽] 아벤느 이드랑스 에센스 인 로션 200ml 기획 (+100ml*2 + 미피 파우치),serum,true,886,4.891,886,1.0000,100,0.1129,117,0.1321,285,0.3217,4.928,건성:94;복합성:94;지성:45;민감성:23;트러블성:15,웜톤:73;쿨톤:59;여름쿨톤:51;봄웜톤:39;가을웜톤:21,잡티:108;트러블:76;미백:75;주름:51;각질:47,high
prod_oy_a000000188493,이지듀,이지듀 기미잡티앰플 12ml+1ml 기획,serum,true,874,4.656,874,1.0000,157,0.1796,157,0.1796,314,0.3593,1.776,복합성:111;건성:89;민감성:62;지성:25;트러블성:18,쿨톤:98;웜톤:58;여름쿨톤:53;봄웜톤:39;가을웜톤:23,잡티:156;미백:132;트러블:72;민감성:40;블랙헤드:37,high
prod_oy_a000000116659,유리아쥬,[수분장벽토너] 유리아쥬 제모스 토너 500ml,toner,true,869,4.795,869,1.0000,105,0.1208,107,0.1231,167,0.1922,1.360,건성:62;복합성:60;민감성:14;지성:12;트러블성:8,쿨톤:42;웜톤:40;여름쿨톤:29;봄웜톤:21;가을웜톤:14,잡티:61;미백:51;트러블:49;각질:26;블랙헤드:25,high
prod_oy_a000000231891,아누아,[수지 PICK] 아누아 피디알엔 100 히알루론산 부스터 토너 250ml 기획 (+40ml),toner,true,868,4.729,868,1.0000,186,0.2143,172,0.1982,222,0.2558,5.878,복합성:82;건성:68;지성:30;민감성:18;트러블성:17,여름쿨톤:58;쿨톤:49;웜톤:36;봄웜톤:29;가을웜톤:18,잡티:78;트러블:64;미백:54;각질:40;블랙헤드:34,high
prod_oy_a000000247691,아이소이,[아이돌Pick/트러블흔적] 아이소이 브라이트닝 카밍 스팟 세럼 35ml 기획 (+10ml),serum,true,868,4.736,868,1.0000,54,0.0622,164,0.1889,417,0.4804,97.041,복합성:149;지성:91;건성:80;민감성:39;트러블성:32,웜톤:97;여름쿨톤:88;쿨톤:72;봄웜톤:70;겨울쿨톤:34,잡티:181;트러블:128;미백:103;각질:61;주름:56,high
prod_oy_a000000173180,비욘드,[100시간10층보습]비욘드 엔젤아쿠아 보습장벽크림 더블기획(150mlX2입)(비건),cream,true,848,4.776,848,1.0000,52,0.0613,140,0.1651,243,0.2866,1.328,복합성:107;건성:53;지성:28;민감성:27;트러블성:14,여름쿨톤:49;웜톤:49;쿨톤:47;봄웜톤:41;겨울쿨톤:20,잡티:104;미백:70;트러블:69;주름:41;블랙헤드:34,high
prod_oy_a000000231832,한율,[우즈PICK][유분잡는수분] 한율 쑥히알 세럼 40ml 기획(+7ml),serum,true,847,4.727,847,1.0000,48,0.0567,82,0.0968,293,0.3459,3.148,복합성:108;지성:92;건성:43;민감성:20;트러블성:13,여름쿨톤:58;봄웜톤:50;가을웜톤:48;쿨톤:47;웜톤:43,잡티:105;트러블:94;미백:76;블랙헤드:61;각질:41,high
prod_oy_a000000183498,에뛰드,[올영 단독] 에뛰드 순정 수분 베리어 크림 75ml 트리오 기획 (75ml X 3EA),cream,true,838,4.797,838,1.0000,214,0.2554,126,0.1504,240,0.2864,2.286,복합성:113;건성:45;지성:38;민감성:14;중성:13,여름쿨톤:52;봄웜톤:49;쿨톤:48;웜톤:44;가을웜톤:10,잡티:79;트러블:70;미백:49;블랙헤드:37;각질:33,high
prod_oy_a000000149810,바이오더마,바이오더마 아토덤 인텐시브 젤 크림 200ml,cream,true,837,4.611,837,1.0000,44,0.0526,96,0.1147,228,0.2724,3.211,복합성:85;건성:59;지성:43;민감성:24;트러블성:11,웜톤:65;쿨톤:61;여름쿨톤:35;가을웜톤:20;봄웜톤:20,잡티:87;트러블:87;미백:69;각질:30;블랙헤드:29,high
prod_oy_a000000199665,리얼베리어,리얼베리어 익스트림 로션 150ml 기획 (+50ml),lotion,true,836,4.769,836,1.0000,83,0.0993,111,0.1328,245,0.2931,1.462,복합성:81;건성:62;민감성:43;지성:34;트러블성:14,쿨톤:67;웜톤:62;봄웜톤:35;여름쿨톤:34;가을웜톤:13,잡티:109;트러블:80;미백:58;블랙헤드:38;주름:38,high
prod_oy_a000000231084,차앤박,[대용량 한정기획] 차앤박 프로폴리스 트리트먼트 앰플 에센스 300ml 기획 (+화장솜 190매),serum,true,833,4.867,833,1.0000,177,0.2125,131,0.1573,265,0.3181,1.723,건성:90;복합성:73;지성:65;민감성:24;트러블성:7,가을웜톤:72;쿨톤:68;웜톤:54;여름쿨톤:34;봄웜톤:27,주름:93;트러블:73;잡티:72;미백:63;다크서클:54,high
prod_oy_a000000233009,숨37,[피부장벽강화] 숨37 시크릿 에센스 50ml+50ml 리필 기획,serum,true,831,4.903,831,1.0000,40,0.0481,144,0.1733,403,0.4850,2.335,복합성:173;건성:93;지성:53;민감성:44;트러블성:17,웜톤:110;쿨톤:87;여름쿨톤:63;가을웜톤:49;봄웜톤:48,잡티:186;미백:117;주름:83;트러블:82;블랙헤드:58,high
prod_oy_a000000222848,파티온,[단독기획/수분충전템] 파티온 포도당 하이드로 크림 60ml 기획(+10ml),cream,true,830,4.834,830,1.0000,176,0.2120,84,0.1012,276,0.3325,2.141,복합성:112;건성:52;민감성:34;지성:34;트러블성:31,쿨톤:94;웜톤:58;여름쿨톤:43;봄웜톤:31;겨울쿨톤:21,잡티:155;트러블:79;미백:75;각질:34;주름:34,high
prod_oy_a000000250632,제로이드,제로이드 인텐시브 로션 160ml 기획 (+크림 토너 25ml),lotion,true,829,4.838,829,1.0000,121,0.1460,124,0.1496,213,0.2569,5.739,복합성:90;민감성:42;건성:39;지성:24;트러블성:9,웜톤:50;쿨톤:46;봄웜톤:43;여름쿨톤:36;가을웜톤:12,잡티:76;트러블:65;미백:54;민감성:46;주름:41,high
prod_oy_a000000199652,리얼베리어,리얼베리어 익스트림 에센스 토너 300ml,toner,true,827,4.748,827,1.0000,71,0.0859,108,0.1306,176,0.2128,0.879,복합성:71;건성:46;민감성:23;지성:19;트러블성:6,쿨톤:52;웜톤:50;여름쿨톤:17;봄웜톤:14;겨울쿨톤:11,잡티:71;트러블:46;미백:43;각질:30;주름:30,high
prod_oy_a000000233187,헤브블루,[한정기획/진정PDRN] 헤브블루 살몬 케어링 센텔라 토너 200ml 기획 (+센텔라앰플13ml+버블디스펜서),toner,true,817,4.772,817,1.0000,152,0.1860,99,0.1212,216,0.2644,2.118,복합성:75;건성:60;민감성:34;지성:30;트러블성:15,쿨톤:53;웜톤:41;여름쿨톤:36;봄웜톤:29;겨울쿨톤:18,잡티:94;미백:60;트러블:55;주름:35;각질:33,high
prod_oy_a000000247092,구달,[흔적/색소침착] 구달 청귤 비타C E TXA 세럼 30ml 기획 (+TXA 미스트 50ml),serum,true,817,4.869,817,1.0000,156,0.1909,115,0.1408,389,0.4761,43.009,복합성:166;건성:88;지성:57;민감성:46;트러블성:17,쿨톤:99;여름쿨톤:77;봄웜톤:68;웜톤:65;가을웜톤:43,잡티:209;미백:130;트러블:86;주름:49;민감성:45,high
prod_oy_a000000218756,라운드랩,[흔적말끔] 라운드랩 소나무 진정 시카 크림 플러스 60ml 기획 (+토너 20ml),cream,true,811,4.704,811,1.0000,124,0.1529,98,0.1208,237,0.2922,4.663,복합성:83;지성:45;건성:42;민감성:32;트러블성:23,쿨톤:50;봄웜톤:43;여름쿨톤:43;웜톤:36;가을웜톤:27,트러블:107;잡티:104;미백:75;블랙헤드:35;각질:25,high
prod_oy_a000000229094,퍼셀,[장벽결광] 퍼셀 픽셀바이옴 글로우 배리어 유산균 세럼 50ml 기획 (+15ml),serum,true,811,4.841,811,1.0000,109,0.1344,144,0.1776,199,0.2454,1.356,복합성:84;건성:52;민감성:24;지성:24;트러블성:5,쿨톤:54;웜톤:41;봄웜톤:32;여름쿨톤:32;가을웜톤:18,잡티:93;미백:60;주름:50;트러블:43;각질:23,high
prod_oy_a000000213457,센텔리안24,[1등 모공세럼] 센텔리안24 마데카 분말 티트리 에이씨 기획 (겔 세럼 15ml),serum,true,788,4.655,788,1.0000,49,0.0622,97,0.1231,304,0.3858,2.261,복합성:96;지성:67;민감성:54;건성:45;트러블성:27,웜톤:64;쿨톤:62;여름쿨톤:58;봄웜톤:45;가을웜톤:40,잡티:122;트러블:118;미백:92;블랙헤드:54;각질:41,high
prod_oy_a000000202437,VT,[보습 광채탄력] VT 산삼 PDRN 에센스 100 30ml,serum,true,778,4.740,778,1.0000,70,0.0900,124,0.1594,351,0.4512,1.683,복합성:142;건성:85;민감성:47;지성:44;트러블성:21,웜톤:87;쿨톤:83;여름쿨톤:59;봄웜톤:40;가을웜톤:32,잡티:148;미백:116;트러블:93;주름:58;블랙헤드:46,high
prod_oy_a000000198321,에스트라,에스트라 아토베리어365 로션 150ml,lotion,true,770,4.839,770,1.0000,68,0.0883,88,0.1143,228,0.2961,1.739,복합성:79;건성:74;민감성:37;지성:20;트러블성:12,쿨톤:62;여름쿨톤:46;봄웜톤:41;웜톤:25;겨울쿨톤:18,잡티:86;트러블:65;미백:50;각질:41;민감성:36,high
prod_oy_a000000199889,리얼베리어,[조슈아PICK/화잘먹] 리얼베리어 익스트림 크림 라이트 70ml 기획 (+30ml),cream,true,764,4.758,764,1.0000,34,0.0445,118,0.1545,275,0.3599,16.961,복합성:104;건성:68;지성:46;민감성:30;트러블성:12,쿨톤:60;웜톤:52;여름쿨톤:48;봄웜톤:40;겨울쿨톤:39,잡티:116;트러블:93;미백:78;각질:54;블랙헤드:36,high
prod_oy_a000000254723,아이오페,아이오페 레티놀 레티젝션 세럼 30ml 기획 (+15ml),serum,true,764,4.810,764,1.0000,47,0.0615,144,0.1885,246,0.3220,19.348,복합성:120;건성:50;지성:29;민감성:24;트러블성:9,쿨톤:65;웜톤:42;여름쿨톤:41;봄웜톤:40;가을웜톤:26,잡티:104;미백:83;트러블:69;주름:44;각질:33,high
prod_oy_a000000207029,제나벨,제나벨 PDRN 리쥬비네이팅 크림 70ml,cream,true,759,4.837,759,1.0000,72,0.0949,146,0.1924,360,0.4743,1.808,복합성:152;건성:90;지성:49;민감성:33;트러블성:17,웜톤:96;쿨톤:90;여름쿨톤:58;봄웜톤:39;가을웜톤:31,잡티:171;미백:114;트러블:84;주름:69;모공:49,high
prod_oy_a000000212690,브링그린,브링그린 대나무 히알루 수분 부스팅 크림 100ml (2입기획/단품),cream,true,757,4.816,757,1.0000,72,0.0951,67,0.0885,191,0.2523,7.672,복합성:82;건성:43;지성:24;민감성:22;트러블성:12,쿨톤:44;웜톤:39;여름쿨톤:37;봄웜톤:31;가을웜톤:19,잡티:77;트러블:65;미백:46;블랙헤드:37;각질:31,high
prod_oy_a000000200666,토리든,[단독기획] 토리든 셀메이징 저분자 콜라겐 탄력 크림 60ml 기획 (+20ml),cream,true,747,4.746,747,1.0000,92,0.1232,89,0.1191,249,0.3333,1.207,복합성:82;건성:63;지성:48;민감성:33;트러블성:8,쿨톤:64;웜톤:48;봄웜톤:43;여름쿨톤:43;가을웜톤:19,잡티:84;미백:69;트러블:69;블랙헤드:43;각질:40,high
prod_oy_a000000121268,싸이닉,싸이닉 더 심플 데일리 로션 145ml,lotion,true,744,4.676,744,1.0000,83,0.1116,98,0.1317,139,0.1868,0.824,복합성:62;지성:33;건성:21;민감성:7;트러블성:6,웜톤:46;쿨톤:35;여름쿨톤:14;봄웜톤:7;가을웜톤:5,트러블:62;잡티:48;각질:35;미백:29;블랙헤드:17,high
prod_oy_a000000238929,차앤박,[광채크림/NEW대용량] 차앤박 프로폴리스 앰플 액티브 샷 크림 75ml 2입,cream,true,726,4.850,726,1.0000,126,0.1736,96,0.1322,217,0.2989,7.663,복합성:75;건성:59;지성:47;민감성:23;트러블성:7,쿨톤:66;웜톤:53;가을웜톤:37;봄웜톤:26;여름쿨톤:23,잡티:94;미백:52;주름:51;트러블:44;각질:27,high
prod_oy_a000000144843,라운드랩,[저자극] 라운드랩 1025 독도 크림 80ml 기획 (+20ml),cream,true,719,4.734,719,1.0000,72,0.1001,74,0.1029,123,0.1711,1.584,복합성:38;건성:33;지성:21;민감성:11;트러블성:9,웜톤:31;쿨톤:28;여름쿨톤:19;봄웜톤:15;가을웜톤:12,트러블:46;잡티:44;미백:34;각질:19;블랙헤드:19,high
prod_oy_a000000149970,디오디너리,[고강도] 디오디너리 레티놀 1% 인 스쿠알란 30ml,serum,true,714,4.648,714,1.0000,124,0.1737,96,0.1345,220,0.3081,2.716,복합성:98;건성:48;지성:42;민감성:16;트러블성:8,웜톤:60;쿨톤:51;봄웜톤:32;여름쿨톤:27;가을웜톤:21,잡티:105;미백:69;트러블:63;모공:32;블랙헤드:30,high
prod_oy_a000000210415,헤브블루,[증정기획 진정PDRN] 헤브블루 살몬 PDRN 센텔라 토너 200ml 기획 (+연어 크림 20ml),toner,true,711,4.775,711,1.0000,139,0.1955,88,0.1238,186,0.2616,1.118,복합성:60;건성:57;민감성:28;지성:26;트러블성:14,쿨톤:48;웜톤:37;여름쿨톤:29;봄웜톤:26;겨울쿨톤:15,잡티:87;미백:56;트러블:46;주름:31;각질:27,high
prod_oy_a000000233337,션리,[수분진정/광채캡슐크림] 션리 다시마 글레이즈드 크림 50g,cream,true,707,4.975,707,1.0000,325,0.4597,177,0.2504,216,0.3055,33.298,복합성:82;건성:76;민감성:22;트러블성:16;지성:12,웜톤:70;쿨톤:50;가을웜톤:28;봄웜톤:25;여름쿨톤:24,잡티:107;미백:70;트러블:58;주름:37;민감성:22,high
prod_oy_a000000176351,클라뷰,클라뷰 리얼 비건 저분자 콜라겐 탄력 앰플 30ml,serum,true,705,4.912,705,1.0000,394,0.5589,290,0.4113,227,0.3220,2.791,복합성:86;건성:68;지성:27;민감성:25;트러블성:9,웜톤:72;쿨톤:71;여름쿨톤:29;봄웜톤:27;가을웜톤:9,잡티:86;트러블:73;미백:51;주름:43;블랙헤드:41,high
prod_oy_a000000182787,파티온,[약산성/저자극] 파티온 노스카나인 트러블 클리어 토너 200ml,toner,true,704,4.771,704,1.0000,129,0.1832,85,0.1207,223,0.3168,1.703,복합성:81;건성:38;지성:37;민감성:29;트러블성:26,쿨톤:61;여름쿨톤:42;웜톤:42;봄웜톤:30;겨울쿨톤:19,트러블:105;잡티:67;미백:50;각질:48;블랙헤드:47,high
prod_oy_a000000208059,에딧비,[붉은피부진정/겉속보습] 에딧비 진정 톡 시카 어성초 겔 에센스 200ml,serum,true,704,4.841,704,1.0000,321,0.4560,162,0.2301,443,0.6293,2.447,복합성:181;건성:124;지성:62;민감성:28;중성:22,웜톤:118;쿨톤:117;여름쿨톤:59;봄웜톤:54;가을웜톤:43,잡티:237;미백:138;주름:82;트러블:78;모공:60,high
prod_oy_a000000129474,코스알엑스,코스알엑스 풀핏 프로폴리스 시너지 토너 280ml,toner,true,702,4.754,702,1.0000,81,0.1154,94,0.1339,146,0.2080,2.097,복합성:67;건성:36;지성:21;민감성:9;중성:5,웜톤:51;쿨톤:32;봄웜톤:18;여름쿨톤:15;가을웜톤:11,잡티:50;트러블:45;미백:28;각질:26;블랙헤드:26,high
prod_oy_a000000243732,메이크프렘,[NEW/신상] 메이크프렘 NMN 퍼밍 엑스퍼트 앰플 50ml,serum,true,698,4.885,698,1.0000,18,0.0258,163,0.2335,382,0.5473,94.934,복합성:143;건성:103;지성:55;민감성:35;트러블성:20,웜톤:100;여름쿨톤:78;쿨톤:71;봄웜톤:52;가을웜톤:32,잡티:170;미백:119;트러블:87;주름:63;각질:54,high
prod_oy_a000000190700,로벡틴,[역대급 이벤트/SNS대란템] 로벡틴 히알루론산 에센스 180ml 리필기획(+리필 120ml),serum,true,697,4.776,697,1.0000,125,0.1793,124,0.1779,175,0.2511,10.175,복합성:68;건성:42;지성:31;민감성:20;트러블성:5,웜톤:61;쿨톤:44;여름쿨톤:28;봄웜톤:15;가을웜톤:13,잡티:67;트러블:55;미백:48;주름:31;각질:28,high
prod_oy_a000000183744,한율,[시카보다 4배*강한] 한율 어린쑥 수분진정 플루이드 125ml,lotion,true,695,4.813,695,1.0000,96,0.1381,97,0.1396,200,0.2878,13.593,복합성:95;건성:37;지성:27;민감성:22;트러블성:14,웜톤:52;쿨톤:39;여름쿨톤:34;봄웜톤:26;가을웜톤:18,잡티:83;트러블:80;미백:42;블랙헤드:40;민감성:32,high
prod_oy_a000000213615,샤이샤이샤이,[속광화잘먹] 샤이샤이샤이 리포좀 리페어 밀키 크림 50ml,cream,true,692,4.763,692,1.0000,182,0.2630,86,0.1243,205,0.2962,1.445,복합성:98;건성:44;지성:26;민감성:15;중성:8,웜톤:47;쿨톤:42;여름쿨톤:35;봄웜톤:27;가을웜톤:21,잡티:94;미백:58;주름:36;트러블:34;각질:32,high
prod_oy_a000000211085,오드로이,[화잘먹크림] 오드로이 모공수축크림 로프디 모공타이트닝 100ml,cream,true,691,4.480,691,1.0000,36,0.0521,77,0.1114,231,0.3343,9.489,복합성:99;지성:48;건성:46;민감성:13;트러블성:12,웜톤:44;쿨톤:44;여름쿨톤:43;봄웜톤:32;가을웜톤:28,잡티:105;미백:76;트러블:57;모공:37;블랙헤드:37,high
prod_oy_a000000211109,파티온,파티온 노스카나인 트러블 흔적 리페어 크림 50ml 기획 (+5ml),cream,true,691,4.748,691,1.0000,84,0.1216,76,0.1100,228,0.3300,1.902,복합성:71;건성:42;지성:41;트러블성:36;민감성:29,여름쿨톤:47;쿨톤:39;웜톤:37;봄웜톤:35;가을웜톤:34,잡티:112;트러블:97;미백:63;각질:38;블랙헤드:37,high
prod_oy_a000000128084,에르쯔틴,에르쯔틴 리제너레이티브 실트 크림 50g,cream,true,688,4.815,688,1.0000,230,0.3343,99,0.1439,180,0.2616,1.417,복합성:67;지성:40;건성:31;민감성:20;트러블성:13,쿨톤:42;봄웜톤:38;웜톤:30;여름쿨톤:27;가을웜톤:17,잡티:95;미백:54;트러블:48;주름:39;피지과다:22,high
prod_oy_a000000153874,라네즈,[2주 톤업] 라네즈 래디언씨 크림 30ml 기획 (+7+7ml),cream,true,687,4.600,687,1.0000,97,0.1412,115,0.1674,149,0.2169,1.316,복합성:65;건성:43;지성:21;민감성:8;트러블성:3,웜톤:58;쿨톤:45;여름쿨톤:13;봄웜톤:12;겨울쿨톤:11,잡티:75;미백:55;주름:38;트러블:37;민감성:17,high
prod_oy_a000000199257,로우퀘스트,로우퀘스트 베리어 리커버리 크림 80ml,cream,true,684,4.918,684,1.0000,140,0.2047,150,0.2193,374,0.5468,2.149,복합성:146;건성:99;민감성:44;지성:40;트러블성:17,웜톤:105;쿨톤:95;봄웜톤:49;여름쿨톤:43;겨울쿨톤:33,잡티:190;미백:114;주름:80;트러블:63;모공:48,high
prod_oy_a000000203170,식물나라,식물나라 뽀얀쌀 맑은톤 토너 500mL,toner,true,683,4.714,683,1.0000,57,0.0835,93,0.1362,179,0.2621,1.805,복합성:72;건성:45;지성:30;민감성:11;트러블성:10,여름쿨톤:47;웜톤:43;쿨톤:28;봄웜톤:25;가을웜톤:19,잡티:67;미백:58;트러블:48;블랙헤드:33;각질:28,high
prod_oy_a000000235855,메디힐,[수분흔적크림] 메디힐 마데카소사이드 흔적 리페어 더마 크림 50ml,cream,true,676,4.645,676,1.0000,45,0.0666,61,0.0902,207,0.3062,2.142,복합성:90;지성:41;건성:32;민감성:25;트러블성:13,여름쿨톤:51;쿨톤:39;웜톤:38;가을웜톤:27;봄웜톤:27,트러블:87;잡티:69;미백:50;블랙헤드:37;각질:35,high
prod_oy_a000000209904,제로이드,제로이드 수딩 로션 160ml,lotion,true,674,4.770,674,1.0000,120,0.1780,85,0.1261,164,0.2433,4.672,복합성:80;지성:37;민감성:20;건성:17;트러블성:5,웜톤:38;쿨톤:30;봄웜톤:25;겨울쿨톤:22;여름쿨톤:19,트러블:66;잡티:53;블랙헤드:33;각질:29;미백:23,high
prod_oy_a000000218549,에스트라,에스트라 에이시카365 수분토너 pH4.5 200ml,toner,true,674,4.780,674,1.0000,98,0.1454,58,0.0861,187,0.2774,1.702,복합성:77;지성:36;건성:35;민감성:22;트러블성:11,봄웜톤:43;여름쿨톤:35;쿨톤:35;웜톤:27;가을웜톤:16,트러블:78;잡티:72;미백:37;각질:31;민감성:29,high
prod_oy_a000000208056,에딧비,[24시간광채/미백] 에딧비 톤결 피치 나이아신아마이드 글루타치온 겔 에센스 200ml,serum,true,672,4.802,672,1.0000,303,0.4509,177,0.2634,417,0.6205,2.744,복합성:164;건성:123;지성:56;민감성:25;중성:19,웜톤:122;쿨톤:107;봄웜톤:62;여름쿨톤:50;가을웜톤:35,잡티:224;미백:147;주름:76;트러블:59;모공:53,high
prod_oy_a000000168871,CKD,CKD 레티노콜라겐 저분자 300 크림 1+1 기획,cream,true,667,4.742,667,1.0000,77,0.1154,121,0.1814,220,0.3298,1.802,복합성:86;건성:69;민감성:22;지성:21;트러블성:10,웜톤:72;쿨톤:52;봄웜톤:30;여름쿨톤:27;가을웜톤:15,잡티:96;미백:78;트러블:55;주름:49;각질:29,high
prod_oy_a000000185456,나인위시스,[수분톤업/화잘먹 톤프렙] 나인위시스 비건 화이트 톤업 크림 50ml,cream,true,666,4.608,666,1.0000,40,0.0601,75,0.1126,201,0.3018,1.348,복합성:68;건성:48;민감성:29;지성:25;트러블성:17,쿨톤:40;여름쿨톤:39;웜톤:39;겨울쿨톤:26;가을웜톤:25,잡티:84;트러블:64;미백:58;각질:41;민감성:27,high
prod_oy_a000000209634,조선미녀,[단독/광채보습] 조선미녀 광채프로폴리스세럼 30ml 기획 (+10ml 증정),serum,true,665,4.792,665,1.0000,38,0.0571,136,0.2045,306,0.4602,2.502,복합성:126;건성:70;지성:37;민감성:29;트러블성:20,웜톤:77;쿨톤:67;봄웜톤:48;여름쿨톤:42;가을웜톤:34,잡티:136;미백:96;트러블:73;주름:51;블랙헤드:38,high
prod_oy_a000000210973,유리아쥬,[보습장벽 광채크림] 유리아쥬 제모스 PSO 150ml 기획 (+리페어링 떼르말 워터 50ml 증정),cream,true,663,4.637,663,1.0000,58,0.0875,102,0.1538,240,0.3620,2.258,복합성:98;건성:57;민감성:35;지성:23;트러블성:13,여름쿨톤:52;웜톤:48;쿨톤:44;봄웜톤:34;겨울쿨톤:24,잡티:100;미백:70;트러블:64;각질:35;민감성:31,high
prod_oy_a000000218340,프리메라,프리메라 오가니언스 워터리 에센스 250ml+150ml 리필기획/단품,serum,true,660,4.803,660,1.0000,40,0.0606,88,0.1333,221,0.3348,1.447,복합성:84;건성:72;지성:26;민감성:18;트러블성:11,웜톤:60;쿨톤:49;봄웜톤:30;여름쿨톤:27;가을웜톤:23,잡티:82;트러블:67;미백:50;각질:40;주름:40,high
prod_oy_a000000189328,파티온,파티온 노스카나인 트러블 흔적앰플 15ml,serum,true,655,4.556,655,1.0000,68,0.1038,90,0.1374,230,0.3511,1.391,복합성:78;지성:43;민감성:39;건성:31;트러블성:29,여름쿨톤:59;웜톤:40;쿨톤:40;봄웜톤:34;가을웜톤:24,트러블:114;잡티:103;미백:48;각질:47;블랙헤드:22,high
prod_oy_a000000243680,피지오겔,피지오겔 DMT 페이셜 로션 200ml 기획 (+로션 50ml),lotion,true,655,4.884,655,1.0000,54,0.0824,108,0.1649,144,0.2198,7.806,복합성:58;건성:38;지성:19;민감성:15;트러블성:6,쿨톤:39;봄웜톤:24;여름쿨톤:24;웜톤:23;가을웜톤:12,잡티:60;트러블:46;미백:36;주름:25;각질:21,high
prod_oy_a000000244833,아이소이,[망곰 콜라보] 아이소이 모이스춰 닥터 장수진 수분토너 130ml 기획 (+크림 20ml+머리핀),toner,true,653,4.776,653,1.0000,78,0.1194,76,0.1164,181,0.2772,5.352,복합성:68;건성:50;지성:25;민감성:15;트러블성:12,쿨톤:49;웜톤:40;여름쿨톤:31;봄웜톤:29;겨울쿨톤:14,잡티:75;미백:58;트러블:55;블랙헤드:38;민감성:25,high
prod_oy_a000000159982,마몽드,마몽드 블루 캐모마일 크림 60ml 기획 (+30ml),cream,true,644,4.705,644,1.0000,100,0.1553,80,0.1242,166,0.2578,1.051,복합성:57;지성:37;건성:34;민감성:14;트러블성:12,웜톤:47;쿨톤:35;여름쿨톤:24;겨울쿨톤:18;봄웜톤:18,트러블:59;잡티:54;미백:34;각질:33;블랙헤드:28,high
prod_oy_a000000210288,파티온,[단독기획/PDRN] 파티온 노스카나인 트러블 모공탄력 크림 45ml 기획(+15ml),cream,true,639,4.848,639,1.0000,128,0.2003,73,0.1142,213,0.3333,0.953,복합성:94;지성:36;민감성:32;건성:29;트러블성:18,웜톤:65;쿨톤:51;여름쿨톤:25;가을웜톤:21;봄웜톤:21,잡티:118;트러블:72;미백:58;블랙헤드:35;주름:28,high
prod_oy_a000000233336,션리,[즉각쿨링/SOS진정세럼] 션리 다시마 그리너리 세럼35ml,serum,true,638,4.975,638,1.0000,281,0.4404,159,0.2492,192,0.3009,36.881,복합성:73;건성:58;민감성:22;트러블성:16;지성:12,웜톤:55;쿨톤:50;봄웜톤:28;가을웜톤:23;여름쿨톤:20,잡티:99;미백:63;트러블:52;주름:29;민감성:20,high
prod_oy_a000000259221,바이오던스,[7월 올영픽/퍼글러 키링 증정] 바이오던스 포어 퍼펙팅 콜라겐 펩타이드 세럼 30ml 리필기획(+퍼글러 인형 키링),serum,true,635,4.762,635,1.0000,62,0.0976,92,0.1449,251,0.3953,19.683,복합성:93;건성:78;지성:34;민감성:25;트러블성:12,여름쿨톤:60;쿨톤:57;웜톤:44;봄웜톤:39;가을웜톤:26,잡티:101;미백:72;트러블:60;모공:44;블랙헤드:39,high
prod_oy_a000000188947,한율,한율 빨간쌀 에센스 150ml(+40ml)기획,serum,true,634,4.879,634,1.0000,113,0.1782,164,0.2587,285,0.4495,3.005,복합성:127;건성:55;지성:55;민감성:20;트러블성:13,웜톤:94;쿨톤:55;여름쿨톤:34;가을웜톤:33;봄웜톤:27,잡티:146;미백:94;트러블:58;주름:57;각질:36,high
prod_oy_a000000219106,나인위시스,[수쫀광/화잘먹 위시앰플] 나인위시스 하이드라 수분 앰플 나노 플러스 50ml,serum,true,629,4.706,629,1.0000,55,0.0874,54,0.0859,189,0.3005,11.541,복합성:65;건성:49;지성:30;민감성:25;트러블성:7,쿨톤:44;여름쿨톤:38;봄웜톤:33;웜톤:26;가을웜톤:18,잡티:72;트러블:60;미백:49;각질:27;주름:24,high
prod_oy_a000000228580,바이오던스,[모공/광채] 바이오던스 포어 퍼펙팅 콜라겐 펩타이드 세럼 30ml 기획 (+10ml),serum,true,629,4.763,629,1.0000,62,0.0986,91,0.1447,247,0.3927,19.857,복합성:92;건성:78;지성:33;민감성:23;트러블성:12,여름쿨톤:60;쿨톤:56;웜톤:43;봄웜톤:38;가을웜톤:26,잡티:100;미백:72;트러블:59;모공:43;블랙헤드:37,high
prod_oy_a000000203171,식물나라,식물나라 어린녹차 촉촉 진정토너 500mL,toner,true,627,4.759,627,1.0000,71,0.1132,80,0.1276,220,0.3509,1.997,복합성:84;지성:50;건성:45;민감성:20;트러블성:13,여름쿨톤:57;웜톤:45;쿨톤:38;봄웜톤:28;가을웜톤:27,잡티:102;트러블:79;미백:74;주름:30;블랙헤드:28,high
prod_oy_a000000247823,바이오던스,[한정기획] 바이오던스 포어 퍼펙팅 콜라겐 펩타이드 크림 50ml 기획 (+크림10ml+세럼10ml),cream,true,627,4.708,627,1.0000,26,0.0415,94,0.1499,210,0.3349,9.699,복합성:94;건성:54;지성:26;민감성:24;트러블성:7,쿨톤:46;봄웜톤:42;여름쿨톤:40;웜톤:36;가을웜톤:19,잡티:85;미백:62;트러블:56;주름:35;민감성:29,high
prod_oy_a000000198624,비레디,[트러블 진정+모공 축소] 시카페인 트러블 리셋 세럼,serum,true,609,4.670,609,1.0000,104,0.1708,68,0.1117,188,0.3087,0.734,복합성:76;민감성:30;건성:29;지성:25;트러블성:23,쿨톤:47;여름쿨톤:37;봄웜톤:27;가을웜톤:26;웜톤:23,잡티:90;트러블:77;미백:63;각질:24;블랙헤드:23,high
prod_oy_a000000223296,뉴라덤,[화잘먹크림] 메디톡스 뉴라덤 더마크림 100g [기획(+20g)/단품],cream,true,603,4.957,603,1.0000,183,0.3035,76,0.1260,263,0.4362,1.430,복합성:109;건성:85;민감성:23;지성:21;트러블성:13,쿨톤:75;웜톤:58;여름쿨톤:39;가을웜톤:29;봄웜톤:28,잡티:135;미백:112;주름:50;트러블:41;블랙헤드:25,high
prod_oy_a000000174023,닥터지,[진정보습] 닥터지 레드 블레미쉬 클리어 모이스처 토너 증정 기획 (토너 300ml+크림30ml),toner,true,600,4.842,600,1.0000,64,0.1067,91,0.1517,176,0.2933,1.962,복합성:66;건성:55;민감성:23;지성:19;트러블성:8,웜톤:42;여름쿨톤:40;쿨톤:30;봄웜톤:29;겨울쿨톤:11,트러블:59;잡티:53;미백:47;각질:30;블랙헤드:26,high
prod_oy_a000000255852,레이어랩,[1+1/속보습 진정세럼] 레이어랩 니오좀 판테놀 5% 세럼 30ml+30ml 더블 기획,serum,true,600,4.905,600,1.0000,97,0.1617,111,0.1850,291,0.4850,88.803,복합성:100;건성:84;민감성:41;지성:36;트러블성:19,쿨톤:76;웜톤:55;봄웜톤:46;여름쿨톤:45;가을웜톤:37,잡티:154;미백:85;트러블:54;주름:49;모공:35,high
prod_oy_a000000231833,한율,[우즈PICK][유분잡는수분] 한율 쑥히알 수분 크림 60ml 기획(+31ml),cream,true,598,4.706,598,1.0000,63,0.1054,56,0.0936,222,0.3712,5.875,복합성:98;지성:50;건성:41;트러블성:11;민감성:9,여름쿨톤:48;웜톤:40;쿨톤:40;봄웜톤:29;가을웜톤:26,잡티:76;트러블:69;미백:54;블랙헤드:47;각질:30,high
prod_oy_a000000228599,메디힐,메디힐 PDRN 모공 탄력 세럼 40ml,serum,true,593,4.676,593,1.0000,98,0.1653,54,0.0911,163,0.2749,44.292,복합성:64;건성:39;지성:30;민감성:18;트러블성:5,쿨톤:44;웜톤:37;여름쿨톤:30;봄웜톤:24;가을웜톤:14,잡티:65;미백:49;트러블:38;주름:29;각질:23,high
prod_oy_a000000199404,마녀공장,[속보습] 마녀공장 판테토인 크림 80ml,cream,true,592,4.861,592,1.0000,60,0.1014,91,0.1537,272,0.4595,3.590,복합성:109;건성:58;민감성:39;지성:30;중성:14,웜톤:61;쿨톤:58;여름쿨톤:50;봄웜톤:37;가을웜톤:28,잡티:122;트러블:79;미백:68;주름:44;블랙헤드:40,high
prod_oy_a000000253401,레이어랩,[6.9배 속보습 진정세럼] 레이어랩 니오좀 판테놀 5% 세럼 30ml 기획 (+1.5ml*5ea),serum,true,575,4.910,575,1.0000,97,0.1687,108,0.1878,277,0.4817,87.739,복합성:98;건성:77;민감성:39;지성:35;트러블성:17,쿨톤:72;웜톤:53;봄웜톤:44;여름쿨톤:43;가을웜톤:35,잡티:147;미백:84;트러블:52;주름:45;모공:33,high
prod_oy_a000000208057,에딧비,[48H수분지속/대용량] 에딧비 수분 장벽 팡 히알루론산 판테놀 앰플 100ml,serum,true,567,4.862,567,1.0000,157,0.2769,130,0.2293,321,0.5661,2.499,복합성:127;건성:84;지성:41;민감성:27;중성:19,웜톤:82;쿨톤:75;여름쿨톤:47;봄웜톤:41;가을웜톤:37,잡티:152;미백:101;트러블:62;주름:50;모공:40,high
prod_oy_a000000218587,닥터자르트,[한정기획/강력진정세럼] 닥터자르트 시카페어 인텐시브 수딩 리페어 세럼 30ml 1+1 기획,serum,true,564,4.782,564,1.0000,36,0.0638,88,0.1560,280,0.4965,13.069,복합성:114;건성:63;민감성:38;지성:26;트러블성:19,웜톤:64;쿨톤:56;여름쿨톤:54;봄웜톤:49;겨울쿨톤:24,잡티:136;트러블:72;미백:69;주름:38;블랙헤드:36,high
prod_oy_a000000257128,구달,[텔레토비 콜라보] 구달 어성초 히알루론 수딩 크림 75ml 리필 기획 (+75ml) (+왕 스티커 3매),cream,true,560,4.770,560,1.0000,48,0.0857,63,0.1125,177,0.3161,1.789,복합성:74;건성:33;지성:25;민감성:16;트러블성:10,쿨톤:41;여름쿨톤:36;봄웜톤:34;웜톤:27;겨울쿨톤:16,잡티:81;트러블:58;미백:49;각질:30;블랙헤드:21,high
prod_oy_a000000210550,폴라초이스,[바르는각질제거제]폴라초이스 스킨퍼펙팅 바하 리퀴드 118ml 기획,toner,true,555,4.676,555,1.0000,47,0.0847,72,0.1297,190,0.3423,3.571,복합성:99;지성:42;건성:21;민감성:14;트러블성:12,쿨톤:45;웜톤:41;가을웜톤:29;여름쿨톤:25;겨울쿨톤:24,잡티:77;트러블:59;미백:49;각질:37;주름:34,high
prod_oy_a000000230916,성분에디터,[포켓몬 에디션/화잘먹크림] 성분에디터 그린토마토 NMN 포어 리프팅 크림 50ml 더블 기획 (+포켓몬 키링+스티커),cream,true,554,4.684,554,1.0000,28,0.0505,85,0.1534,208,0.3755,4.625,복합성:74;건성:56;지성:34;민감성:24;트러블성:9,봄웜톤:44;여름쿨톤:43;쿨톤:36;웜톤:34;겨울쿨톤:23,잡티:90;트러블:63;미백:61;각질:35;주름:28,high
prod_oy_a000000200039,넘버즈인,[흔적미백] 넘버즈인 5번 글루타치온씨 비타수액 에센셜 토너 200ml,toner,true,552,4.678,552,1.0000,43,0.0779,79,0.1431,174,0.3152,1.004,복합성:62;건성:40;지성:32;민감성:20;중성:7,여름쿨톤:43;웜톤:41;쿨톤:36;봄웜톤:19;가을웜톤:14,잡티:88;미백:66;트러블:41;블랙헤드:29;주름:24,high
prod_oy_a000000159468,닥터디퍼런트,[잡티톤업/비타민C세럼] 닥터디퍼런트 CEQ 안티옥시던트 세럼 15ml,serum,true,540,4.811,540,1.0000,126,0.2333,139,0.2574,151,0.2796,39.611,복합성:60;건성:38;지성:22;민감성:15;트러블성:10,웜톤:42;쿨톤:32;여름쿨톤:30;봄웜톤:15;가을웜톤:14,잡티:63;미백:48;주름:38;트러블:34;각질:24,high
prod_oy_a000000139347,라로슈포제,라로슈포제 똘러리앙 울트라 로션 200ML,toner,true,534,4.824,534,1.0000,78,0.1461,65,0.1217,119,0.2228,2.262,복합성:45;건성:27;민감성:16;지성:15;트러블성:13,웜톤:36;쿨톤:23;여름쿨톤:17;봄웜톤:16;가을웜톤:10,잡티:52;트러블:47;미백:30;민감성:20;각질:19,high
prod_oy_a000000160531,나인위시스,[화잘먹매끈결앰플] 나인위시스 하이드라 크림 앰플 더블 기획 (30ml+30ml),serum,true,534,4.743,534,1.0000,77,0.1442,93,0.1742,137,0.2566,1.273,건성:52;복합성:52;민감성:11;지성:10;중성:8,웜톤:34;여름쿨톤:29;쿨톤:26;봄웜톤:21;가을웜톤:8,잡티:42;트러블:39;각질:33;미백:31;모공:23,high
prod_oy_a000000184941,이즈앤트리,[NCT 재민PICK] 이즈앤트리 초저분자 히아루론산 세럼 50ml,serum,true,531,4.725,531,1.0000,96,0.1808,72,0.1356,180,0.3390,7.817,복합성:57;건성:44;민감성:30;지성:29;트러블성:12,여름쿨톤:50;웜톤:32;쿨톤:31;봄웜톤:24;가을웜톤:18,잡티:76;트러블:62;미백:54;각질:32;블랙헤드:29,high
prod_oy_a000000186997,닥터오라클,[화해어워드 1위/모공앰플] 닥터오라클 레티노타이트닝 비타민A 레티놀 앰플 50ml,serum,true,531,4.831,531,1.0000,87,0.1638,128,0.2411,268,0.5047,5.832,복합성:113;건성:49;지성:41;민감성:33;트러블성:14,웜톤:69;쿨톤:46;여름쿨톤:40;겨울쿨톤:38;가을웜톤:35,잡티:121;미백:86;트러블:76;주름:50;모공:38,high
prod_oy_a000000258831,피지오겔,[7월올영픽/손상장벽리페어] 피지오겔 레드수딩 AI 리페어 크림 100m 기획(+30ml+마스크 2매),cream,true,530,4.781,530,1.0000,27,0.0509,75,0.1415,162,0.3057,9.379,복합성:59;건성:40;지성:22;민감성:21;트러블성:13,쿨톤:34;웜톤:32;봄웜톤:31;여름쿨톤:31;겨울쿨톤:14,잡티:75;미백:44;민감성:34;트러블:33;블랙헤드:23,high
prod_oy_a000000141900,유세린,[1+1/모공케어] 유세린 더모리페어 솔루션 토너 200ml 더블 기획 (200ml+200ml),toner,true,523,4.734,523,1.0000,62,0.1185,61,0.1166,121,0.2314,1.545,복합성:61;건성:20;지성:19;민감성:9;트러블성:8,웜톤:44;쿨톤:35;여름쿨톤:15;겨울쿨톤:9;봄웜톤:8,잡티:49;트러블:36;미백:31;각질:21;블랙헤드:21,high
prod_oy_a000000255729,동아제약,[단독기획] 동아제약 아크네 프로 크림제 30ml 기획(+3ml+겔제3ml),cream,true,521,4.858,521,1.0000,158,0.3033,53,0.1017,225,0.4319,71.731,복합성:80;건성:56;지성:42;민감성:23;트러블성:15,쿨톤:63;웜톤:50;여름쿨톤:33;겨울쿨톤:25;봄웜톤:22,잡티:128;미백:66;트러블:48;주름:45;블랙헤드:24,high
prod_oy_a000000161314,유세린,[모공케어] 유세린 더머토클린 클래리파잉 토너 200ml,toner,true,520,4.742,520,1.0000,62,0.1192,61,0.1173,121,0.2327,1.554,복합성:61;건성:20;지성:19;민감성:9;트러블성:8,웜톤:44;쿨톤:35;여름쿨톤:15;겨울쿨톤:9;봄웜톤:8,잡티:49;트러블:36;미백:31;각질:21;블랙헤드:21,high
prod_oy_a000000184963,몰바니,몰바니 율피 포어 타이트닝 세럼 50ml,serum,true,519,4.794,519,1.0000,95,0.1830,145,0.2794,300,0.5780,3.497,복합성:114;건성:76;지성:54;민감성:29;트러블성:16,웜톤:88;쿨톤:68;가을웜톤:43;여름쿨톤:40;봄웜톤:30,잡티:135;미백:84;트러블:70;주름:65;블랙헤드:58,high
prod_oy_a000000213323,더마펌,[나띠PICK][증정이벤트/흔적케어크림] 더마펌 수딩 리페어 토닝 크림 R4 50ml 기획 (+30ml),cream,true,518,4.878,518,1.0000,83,0.1602,66,0.1274,202,0.3900,4.118,복합성:85;건성:56;지성:24;민감성:20;트러블성:11,쿨톤:55;웜톤:47;여름쿨톤:34;봄웜톤:20;겨울쿨톤:18,잡티:99;미백:78;트러블:46;블랙헤드:28;주름:27,high
prod_oy_a000000255721,동아제약,[단독기획] 동아제약 색소침착 프로 크림제 40ml 기획(+5ml*2),cream,true,517,4.768,517,1.0000,56,0.1083,61,0.1180,214,0.4139,88.967,복합성:87;건성:60;민감성:28;지성:25;트러블성:11,쿨톤:61;웜톤:48;여름쿨톤:30;봄웜톤:24;겨울쿨톤:22,잡티:123;미백:60;트러블:42;주름:40;블랙헤드:24,high
prod_oy_a000000204308,바이오힐보,[모공고민|화잘먹] 바이오힐보 프로바이오덤 콜라겐 리모델링 크림 [단품/증정기획],cream,true,512,4.834,512,1.0000,79,0.1543,71,0.1387,129,0.2520,5.668,복합성:59;지성:26;건성:22;민감성:14;트러블성:4,여름쿨톤:33;쿨톤:31;봄웜톤:17;웜톤:16;가을웜톤:12,잡티:64;미백:39;트러블:35;주름:28;블랙헤드:15,high
prod_oy_a000000188968,디마르3,[1등 모공앰플] 디마르3 시그니처 에스투드 프로텍터 대용량 모공 앰플 170ml,serum,true,510,4.776,510,1.0000,113,0.2216,94,0.1843,146,0.2863,1.620,복합성:77;건성:27;지성:20;트러블성:11;민감성:10,웜톤:40;쿨톤:32;가을웜톤:24;봄웜톤:18;여름쿨톤:15,잡티:73;트러블:42;미백:39;주름:33;각질:22,high
prod_oy_a000000208055,에딧비,[붉은피부진정/속보습] 에딧비 진정 톡 시카 어성초 크림 100ml,cream,true,509,4.880,509,1.0000,211,0.4145,126,0.2475,313,0.6149,2.409,복합성:122;건성:90;지성:53;민감성:16;중성:16,웜톤:88;쿨톤:77;봄웜톤:43;여름쿨톤:36;겨울쿨톤:33,잡티:176;미백:101;주름:63;트러블:44;모공:36,high
prod_oy_a000000246297,코페르,[광채/기미] 코페르 큐리페어 멜라크림 21ml 기획(+4ml),cream,true,505,4.889,505,1.0000,232,0.4594,147,0.2911,166,0.3287,103.350,복합성:51;건성:48;지성:21;트러블성:20;민감성:16,봄웜톤:42;웜톤:37;쿨톤:30;여름쿨톤:25;가을웜톤:16,잡티:85;미백:65;트러블:49;주름:16;각질:15,high
prod_oy_a000000188233,빌리프,[수분잠금/워터젤에센스] 빌리프 뉴메로 10 에센스 125ml 단품/기획(+35ml 추가 증정),serum,true,501,4.838,501,1.0000,38,0.0758,93,0.1856,233,0.4651,2.838,복합성:93;건성:74;민감성:25;지성:25;트러블성:5,웜톤:64;쿨톤:53;여름쿨톤:32;봄웜톤:30;가을웜톤:29,잡티:110;미백:61;주름:52;트러블:47;블랙헤드:42,high
prod_oy_a000000237493,코스노리,[장벽로션/화잘먹로션] 코스노리 판테놀 베리어 에멀전 150ml,lotion,true,501,4.904,501,1.0000,24,0.0479,73,0.1457,204,0.4072,29.134,복합성:76;건성:56;지성:26;민감성:24;트러블성:12,웜톤:42;쿨톤:41;봄웜톤:37;여름쿨톤:30;겨울쿨톤:23,잡티:79;미백:66;트러블:39;모공:32;주름:29,high
prod_oy_a000000213326,더마펌,[나띠PICK][증정이벤트/잡티케어] 더마펌 수딩 리페어 토닝 세럼 R4 30ml 기획 (+리필 30ml),serum,true,494,4.820,494,1.0000,70,0.1417,76,0.1538,177,0.3583,1.330,복합성:74;건성:45;민감성:26;지성:16;트러블성:11,쿨톤:57;여름쿨톤:31;웜톤:30;봄웜톤:20;가을웜톤:16,잡티:92;트러블:58;미백:53;각질:25;블랙헤드:23,high
prod_oy_a000000203207,바이오힐보,[탄력토너] 바이오힐보 프로바이오덤 3D 리프팅 에센셜 토너 150ml,toner,true,492,4.872,492,1.0000,80,0.1626,44,0.0894,129,0.2622,8.750,복합성:53;건성:29;지성:16;민감성:15;트러블성:11,쿨톤:36;여름쿨톤:26;웜톤:21;봄웜톤:16;가을웜톤:11,잡티:57;미백:35;트러블:33;블랙헤드:22;주름:17,high
prod_oy_a000000213409,반코르,[색소침착 진정크림] 덱스판테놀17만ppm 장벽크림,cream,true,491,4.460,491,1.0000,72,0.1466,56,0.1141,145,0.2953,4.811,복합성:51;건성:38;지성:24;민감성:12;트러블성:10,여름쿨톤:34;웜톤:29;쿨톤:20;가을웜톤:19;겨울쿨톤:18,잡티:67;트러블:45;미백:37;모공:24;주름:19,high
prod_oy_a000000189000,라운드랩,[보습장벽] 라운드랩 약콩 판테놀 크림 80ml 1+1 기획,cream,true,489,4.800,489,1.0000,61,0.1247,58,0.1186,137,0.2802,1.104,복합성:56;건성:38;지성:24;민감성:13;트러블성:5,웜톤:33;여름쿨톤:27;쿨톤:22;봄웜톤:20;가을웜톤:14,잡티:52;트러블:38;미백:34;각질:25;블랙헤드:25,high
prod_oy_a000000209746,제로이드,제로이드 인텐시브 하이드레이팅 앰플 30ml,serum,true,489,4.789,489,1.0000,123,0.2515,89,0.1820,160,0.3272,2.975,복합성:62;건성:40;민감성:29;지성:12;트러블성:8,쿨톤:35;여름쿨톤:32;웜톤:30;봄웜톤:17;가을웜톤:16,잡티:72;미백:40;주름:35;트러블:35;민감성:26,high
prod_oy_a000000182686,에스트라,에스트라 테라크네365 하이드로 액티브 토너 200ml,toner,true,488,4.803,488,1.0000,87,0.1783,40,0.0820,160,0.3279,2.465,복합성:64;민감성:26;지성:23;건성:21;트러블성:20,쿨톤:35;여름쿨톤:32;웜톤:28;봄웜톤:17;가을웜톤:12,트러블:71;잡티:63;미백:29;블랙헤드:28;각질:27,high
prod_oy_a000000246194,레이어랩,[6.9배 속보습 진정세럼] 레이어랩 니오좀 판테놀 5% 세럼 30ml,serum,true,484,4.924,484,1.0000,95,0.1963,89,0.1839,238,0.4917,73.510,복합성:80;건성:66;민감성:37;지성:29;트러블성:16,쿨톤:62;웜톤:46;여름쿨톤:40;봄웜톤:34;가을웜톤:29,잡티:128;미백:75;트러블:43;주름:40;각질:26,high
prod_oy_a000000144551,하다라보,[속보습장벽토너] 하다라보 고쿠쥰 로션 170mL,toner,true,481,4.767,481,1.0000,66,0.1372,66,0.1372,89,0.1850,1.634,복합성:31;건성:27;지성:17;민감성:5;중성:4,웜톤:25;쿨톤:20;여름쿨톤:14;겨울쿨톤:12;봄웜톤:9,잡티:37;트러블:29;미백:28;각질:19;블랙헤드:10,high
prod_oy_a000000234133,에스테덤,[화잘먹 크림]에스테덤 셀룰러워터 크림 50ml [기획(+미스트30ml)/단품],cream,true,480,4.850,480,1.0000,23,0.0479,74,0.1542,228,0.4750,2.667,복합성:93;건성:58;지성:28;민감성:22;트러블성:11,웜톤:54;여름쿨톤:50;쿨톤:46;봄웜톤:39;가을웜톤:18,잡티:95;미백:59;트러블:59;주름:38;블랙헤드:36,high
prod_oy_a000000229093,퍼셀,[수분장벽] 퍼셀 픽셀바이옴 히알 콜라겐 유산균 크림 50ml 기획 (+25ml),cream,true,478,4.858,478,1.0000,30,0.0628,45,0.0941,150,0.3138,21.360,복합성:55;지성:33;건성:30;민감성:25;트러블성:5,쿨톤:43;웜톤:38;여름쿨톤:25;봄웜톤:20;가을웜톤:15,잡티:74;미백:53;주름:31;트러블:31;민감성:17,high
prod_oy_a000000250199,셀리맥스,[단독기획/모공탄력] 셀리맥스 더 비타 A 레티날 샷 타이트닝 부스터 15ml 기획(+3ml),serum,true,478,4.801,478,1.0000,50,0.1046,74,0.1548,166,0.3473,49.542,복합성:73;건성:43;지성:19;민감성:14;트러블성:6,웜톤:40;쿨톤:30;여름쿨톤:29;가을웜톤:23;봄웜톤:22,잡티:75;미백:46;트러블:34;주름:29;각질:26,high
prod_oy_a000000198339,바이오힐보,[쫀쫀탄력|속보습] 바이오힐 보 프로바이오덤 3D 리프팅 앰플 30ml [단품/증정기획],serum,true,477,4.853,477,1.0000,101,0.2117,68,0.1426,118,0.2474,1.644,건성:42;복합성:42;지성:15;민감성:8;트러블성:5,쿨톤:28;여름쿨톤:23;웜톤:21;봄웜톤:20;겨울쿨톤:11,잡티:52;미백:30;트러블:28;주름:27;블랙헤드:22,high
prod_oy_a000000170689,유세린,[미백잡티] 유세린 이븐래디언스 듀오 앰플 30ml,serum,true,475,4.764,475,1.0000,68,0.1432,108,0.2274,207,0.4358,2.857,복합성:86;건성:46;지성:39;민감성:22;트러블성:7,웜톤:73;쿨톤:43;여름쿨톤:26;봄웜톤:22;가을웜톤:17,잡티:101;미백:72;트러블:51;주름:37;블랙헤드:35,high
prod_oy_a000000201650,구달,[단독 리필기획] 구달 어성초 히알루론 수딩 토너 350ml 리필 기획 (+350ml 리필),toner,true,475,4.821,475,1.0000,36,0.0758,47,0.0989,128,0.2695,2.383,복합성:50;건성:30;지성:20;민감성:13;트러블성:10,여름쿨톤:28;웜톤:27;쿨톤:25;봄웜톤:17;가을웜톤:12,잡티:52;트러블:47;미백:28;각질:22;블랙헤드:18,high
prod_oy_a000000141333,디오디너리,[노화케어] 디오디너리 매트릭실 10% + HA,serum,true,469,4.687,469,1.0000,116,0.2473,123,0.2623,132,0.2814,8.996,복합성:63;건성:30;지성:13;민감성:10;트러블성:7,웜톤:34;쿨톤:32;봄웜톤:21;겨울쿨톤:17;여름쿨톤:12,잡티:60;미백:45;주름:33;트러블:28;블랙헤드:18,high
prod_oy_a000000162415,셀퓨전씨,[1등수분밀착크림/민감피부개선] 셀퓨전씨 약산성 패리어 수분 크림 80ml,cream,true,468,4.735,468,1.0000,14,0.0299,73,0.1560,178,0.3803,2.145,복합성:70;건성:39;지성:29;민감성:24;트러블성:11,웜톤:45;여름쿨톤:44;쿨톤:35;봄웜톤:22;가을웜톤:13,잡티:86;미백:61;트러블:61;각질:35;블랙헤드:25,high
prod_oy_a000000233614,이니스프리,[1+1/화잘먹] 이니스프리 그린티 수분크림 50ml 더블기획,cream,true,468,4.722,468,1.0000,54,0.1154,75,0.1603,124,0.2650,6.585,복합성:41;건성:40;민감성:14;지성:12;약건성:7,웜톤:32;쿨톤:31;여름쿨톤:17;봄웜톤:16;가을웜톤:13,잡티:44;트러블:37;미백:32;블랙헤드:21;모공:16,high
prod_oy_a000000158299,잇츠스킨,잇츠스킨 파워 10 포뮬라 엘아이 이펙터 감초줄렌 30ml(AD),serum,true,467,4.645,467,1.0000,39,0.0835,73,0.1563,169,0.3619,2.105,복합성:68;건성:36;민감성:24;지성:19;트러블성:11,웜톤:39;여름쿨톤:35;쿨톤:23;가을웜톤:22;봄웜톤:22,트러블:73;잡티:66;미백:43;각질:32;블랙헤드:29,high
prod_oy_a000000136077,마녀공장,마녀공장 비피다 바이옴 앰플 토너 400ml,toner,true,465,4.682,465,1.0000,34,0.0731,67,0.1441,83,0.1785,1.009,복합성:39;건성:22;지성:13;민감성:1;중성:1,웜톤:40;쿨톤:23;봄웜톤:4,잡티:34;미백:21;트러블:20;주름:13;각질:12,high
prod_oy_a000000222554,메이크프렘,[NEW/수분진정] 메이크프렘 히알 인테카 속수분 앰플 40ml,serum,true,462,4.816,462,1.0000,21,0.0455,91,0.1970,223,0.4827,4.175,복합성:82;건성:46;지성:35;민감성:27;중성:13,웜톤:56;쿨톤:43;여름쿨톤:37;봄웜톤:30;겨울쿨톤:19,잡티:104;미백:60;트러블:50;주름:40;모공:30,high
prod_oy_a000000182831,차앤박,차앤박(CNP) 프로폴리스 앰플 액티브 샷크림 1+1 기획(50ml+50ml),cream,true,461,4.863,461,1.0000,95,0.2061,62,0.1345,144,0.3124,0.675,복합성:51;건성:42;지성:26;민감성:14;트러블성:7,쿨톤:41;웜톤:34;가을웜톤:24;여름쿨톤:19;봄웜톤:16,잡티:57;미백:39;트러블:28;주름:27;각질:17,high
prod_oy_a000000154264,앰플엔,[녹는실앰플] 앰플엔 펩타이드샷 2X 모공탄력앰플 100ml,serum,true,460,4.885,460,1.0000,73,0.1587,61,0.1326,177,0.3848,3.313,복합성:75;건성:45;지성:21;민감성:19;트러블성:7,쿨톤:50;웜톤:41;여름쿨톤:23;봄웜톤:21;겨울쿨톤:14,잡티:98;미백:55;주름:31;트러블:30;블랙헤드:27,high
prod_oy_a000000208708,아누아,아누아 TXA 나이아신 흔적 세럼 30ml,serum,true,453,4.682,453,1.0000,91,0.2009,49,0.1082,103,0.2274,2.883,복합성:38;건성:29;민감성:12;지성:12;트러블성:7,여름쿨톤:25;웜톤:18;가을웜톤:16;쿨톤:13;봄웜톤:11,잡티:45;트러블:43;미백:28;블랙헤드:17;각질:13,high
prod_oy_a000000180890,코스알엑스,[트러블피지완화] 코스알엑스 더 나이아신아마이드 15 세럼 20ml,serum,true,450,4.653,450,1.0000,60,0.1333,78,0.1733,142,0.3156,3.236,복합성:58;지성:26;건성:24;민감성:19;중성:5,여름쿨톤:31;쿨톤:28;웜톤:25;가을웜톤:19;봄웜톤:19,잡티:59;트러블:46;미백:41;블랙헤드:31;각질:27,high
prod_oy_a000000199784,차앤박,[10분진정앰플] 차앤박 뮤제너 피토 수딩 앰플 35ml 1+1 기획,serum,true,446,4.738,446,1.0000,69,0.1547,66,0.1480,167,0.3744,1.516,복합성:66;건성:40;민감성:24;지성:15;트러블성:13,여름쿨톤:51;웜톤:36;봄웜톤:28;쿨톤:24;가을웜톤:14,잡티:74;트러블:54;주름:30;미백:27;각질:25,high
prod_oy_a000000184790,라운드랩,[민감진정] 라운드랩 소나무 진정 시카 토너 250ml,toner,true,440,4.830,440,1.0000,62,0.1409,50,0.1136,139,0.3159,2.875,복합성:37;지성:35;민감성:21;트러블성:20;건성:19,여름쿨톤:31;쿨톤:29;가을웜톤:22;봄웜톤:22;웜톤:15,트러블:83;잡티:39;블랙헤드:32;미백:29;각질:20,high
prod_oy_a000000177794,닥터자르트,[보습크림/한정기획] 닥터자르트 세라마이딘 스킨 베리어 모이스처라이징 크림 기획(50ml+15ml*2),cream,true,437,4.796,437,1.0000,37,0.0847,70,0.1602,146,0.3341,18.201,복합성:66;건성:46;민감성:14;지성:10;트러블성:5,쿨톤:48;웜톤:40;여름쿨톤:20;가을웜톤:15;봄웜톤:11,트러블:55;잡티:51;미백:35;각질:26;민감성:25,high
prod_oy_a000000129575,코스알엑스,코스알엑스 풀핏 프로폴리스 라이트 크림 65ml,cream,true,435,4.694,435,1.0000,92,0.2115,93,0.2138,82,0.1885,2.382,복합성:37;건성:20;민감성:8;지성:8;약건성:2,웜톤:32;쿨톤:24;봄웜톤:7;여름쿨톤:7;가을웜톤:6,잡티:34;트러블:33;미백:18;블랙헤드:13;주름:11,high
prod_oy_a000000192699,메디힐,메디힐 비타민씨 브라이트닝 세럼 40ml,serum,true,432,4.692,432,1.0000,44,0.1019,62,0.1435,129,0.2986,1.449,복합성:61;건성:22;지성:16;민감성:14;트러블성:11,봄웜톤:25;웜톤:24;여름쿨톤:23;쿨톤:23;가을웜톤:14,잡티:57;미백:55;트러블:33;블랙헤드:25;각질:15,high
prod_oy_a000000183751,한율,[시카보다 4배*강한] 한율 어린쑥 수분진정 토너 150ml,toner,true,431,4.845,431,1.0000,50,0.1160,50,0.1160,99,0.2297,6.824,복합성:40;건성:20;민감성:15;지성:13;트러블성:5,쿨톤:23;여름쿨톤:17;겨울쿨톤:16;가을웜톤:13;웜톤:11,잡티:48;트러블:39;미백:21;민감성:19;각질:16,high
prod_oy_a000000243786,허스텔러,[쿨링진정/화잘먹] 허스텔러 원더 베지 하이드레이팅 젤 크림 80ml,cream,true,429,4.879,429,1.0000,36,0.0839,114,0.2657,205,0.4779,23.028,복합성:71;건성:42;지성:34;민감성:32;트러블성:10,웜톤:52;쿨톤:46;봄웜톤:30;가을웜톤:26;여름쿨톤:23,잡티:100;미백:53;트러블:47;주름:33;각질:26,high
prod_oy_a000000211084,반코르,[보습개선/진정]반코르 바쿠치올 5000ppm 모공결 주름결 세럼 슬로우에이징,serum,true,425,4.494,425,1.0000,67,0.1576,54,0.1271,152,0.3576,1.376,복합성:58;건성:41;지성:26;트러블성:9;민감성:8,여름쿨톤:36;가을웜톤:29;쿨톤:26;봄웜톤:20;웜톤:16,잡티:71;트러블:43;미백:39;각질:36;주름:19,high
prod_oy_a000000234380,브링그린,[화해1위] 브링그린 블루빈 B5-PDRN 마일드 로션 230ml (+블루빈크림 7ml),lotion,true,424,4.677,424,1.0000,27,0.0637,35,0.0825,146,0.3443,3.146,복합성:64;건성:27;지성:21;민감성:15;트러블성:14,여름쿨톤:32;쿨톤:24;봄웜톤:23;겨울쿨톤:22;웜톤:21,잡티:71;미백:50;트러블:45;각질:18;블랙헤드:18,high
prod_oy_a000000154625,아이소이,[코어탄력크림] 아이소이 인텐시브 에너자이징 크림EX 30ml,serum,true,423,4.671,423,1.0000,88,0.2080,95,0.2246,126,0.2979,2.083,건성:57;복합성:40;지성:17;민감성:4;트러블성:4,웜톤:39;쿨톤:27;여름쿨톤:22;봄웜톤:14;가을웜톤:8,잡티:53;미백:39;주름:33;트러블:30;블랙헤드:18,high
prod_oy_a000000225216,더마팩토리,더마팩토리 PDRN 4% 앰플 30ml,serum,true,423,4.761,423,1.0000,28,0.0662,67,0.1584,193,0.4563,7.584,복합성:80;건성:46;지성:27;민감성:15;트러블성:10,웜톤:53;여름쿨톤:35;쿨톤:30;봄웜톤:28;겨울쿨톤:19,잡티:92;미백:63;트러블:51;각질:25;블랙헤드:25,high
prod_oy_a000000258830,피지오겔,[7월올영픽/화잘먹크림] 피지오겔 DMT 리제너러티브 크림 100ml 기획(+토너 50ml),cream,true,423,4.742,423,1.0000,21,0.0496,39,0.0922,145,0.3428,0.522,복합성:57;건성:37;지성:24;민감성:17;트러블성:5,여름쿨톤:44;쿨톤:24;봄웜톤:21;웜톤:19;겨울쿨톤:16,잡티:62;트러블:55;미백:40;블랙헤드:23;각질:22,high
prod_oy_a000000199206,바이오더마,바이오더마 하이드라비오 히알루+ 세럼 30ml,serum,true,421,4.793,421,1.0000,43,0.1021,73,0.1734,187,0.4442,2.055,복합성:84;건성:43;지성:25;민감성:18;트러블성:6,웜톤:44;여름쿨톤:32;쿨톤:32;가을웜톤:25;봄웜톤:23,잡티:87;미백:61;트러블:45;블랙헤드:35;주름:30,high
prod_oy_a000000190051,마몽드,[모공탄력] 마몽드 포어 슈링커 바쿠치올 크림 60ml 기획/단품,cream,true,419,4.628,419,1.0000,24,0.0573,60,0.1432,147,0.3508,1.425,복합성:53;지성:37;건성:26;민감성:13;트러블성:13,여름쿨톤:36;웜톤:33;쿨톤:30;봄웜톤:22;가을웜톤:12,잡티:61;트러블:54;미백:40;블랙헤드:33;각질:20,high
prod_oy_a000000223183,스튜디오17,[수분광/수분충전] 스튜디오17 워터부스트 히알루론 수분세럼 80ml,serum,true,419,4.797,419,1.0000,38,0.0907,47,0.1122,146,0.3484,13.136,복합성:60;지성:30;건성:25;민감성:17;트러블성:7,여름쿨톤:34;봄웜톤:31;쿨톤:24;웜톤:18;가을웜톤:13,트러블:51;잡티:48;미백:41;블랙헤드:29;각질:16,high
prod_oy_a000000247713,브링그린,[흔적케어]브링그린 징크테카 리페어 흔적 크림 80ml (콜라보/기획),cream,true,419,4.549,419,1.0000,19,0.0453,25,0.0597,130,0.3103,17.532,복합성:51;건성:32;지성:24;민감성:10;트러블성:9,여름쿨톤:27;쿨톤:26;봄웜톤:19;웜톤:16;가을웜톤:15,트러블:65;잡티:52;미백:24;블랙헤드:18;각질:17,high
prod_oy_a000000204306,넘버즈인,[수딩진정] 넘버즈인 1번 판토텐산 액티브업 수딩세럼 50ml,serum,true,418,4.591,418,1.0000,16,0.0383,48,0.1148,152,0.3636,0.967,복합성:56;지성:35;건성:22;트러블성:18;민감성:15,여름쿨톤:38;봄웜톤:29;쿨톤:23;웜톤:21;가을웜톤:18,트러블:74;잡티:48;블랙헤드:35;각질:24;미백:21,high
prod_oy_a000000229768,구달,[리뉴얼] 구달 청귤 비타C 잡티케어 크림 알파 75ml 기획 (+25ml),cream,true,418,4.787,418,1.0000,16,0.0383,55,0.1316,114,0.2727,1.596,건성:40;복합성:33;지성:17;민감성:9;중성:6,여름쿨톤:30;쿨톤:27;웜톤:18;봄웜톤:17;가을웜톤:10,잡티:54;미백:37;트러블:29;주름:21;각질:19,high
prod_oy_a000000158929,빌리프,[수분잠금/워터젤에센스] 빌리프 뉴메로 10 에센스 75ml,serum,true,416,4.851,416,1.0000,36,0.0865,69,0.1659,193,0.4639,1.853,건성:69;복합성:67;지성:24;민감성:17;트러블성:5,웜톤:55;쿨톤:41;봄웜톤:26;여름쿨톤:26;가을웜톤:23,잡티:90;미백:48;주름:41;트러블:38;블랙헤드:36,high
prod_oy_a000000209419,제로이드,제로이드 인텐시브 로션 160ml,lotion,true,415,4.851,415,1.0000,65,0.1566,74,0.1783,100,0.2410,8.125,복합성:44;건성:21;민감성:20;지성:8;트러블성:5,봄웜톤:26;쿨톤:23;웜톤:22;여름쿨톤:12;가을웜톤:4,잡티:38;트러블:28;미백:27;민감성:22;주름:22,high
prod_oy_a000000228907,헤이네이처,[올리브영 단독기획] 헤이네이처 어성초 스킨 모이스처라이저 토너 200ml 기획 (+어성초 마스크 2매),toner,true,415,4.706,415,1.0000,61,0.1470,38,0.0916,97,0.2337,9.812,복합성:48;건성:16;지성:13;민감성:11;트러블성:6,여름쿨톤:21;봄웜톤:19;웜톤:17;쿨톤:15;겨울쿨톤:9,잡티:32;트러블:32;미백:30;블랙헤드:19;주름:17,high
prod_oy_a000000255744,동아제약,[단독기획] 동아제약 아크네 프로 겔제 30ml 기획(+3ml+크림제3ml),cream,true,415,4.851,415,1.0000,128,0.3084,35,0.0843,162,0.3904,59.039,복합성:53;건성:43;지성:28;민감성:19;트러블성:11,웜톤:45;쿨톤:44;여름쿨톤:25;가을웜톤:15;겨울쿨톤:13,잡티:91;미백:50;트러블:30;주름:28;블랙헤드:19,high
prod_oy_a000000198874,닥터지,[속보습] 닥터지 더모이스처 배리어 D 리퀴드 토너 200ml 기획 (+100ml),toner,true,411,4.830,411,1.0000,49,0.1192,46,0.1119,128,0.3114,1.321,복합성:48;건성:45;민감성:13;지성:12;약건성:4,쿨톤:31;봄웜톤:26;웜톤:23;여름쿨톤:17;가을웜톤:14,잡티:46;트러블:34;미백:28;민감성:24;각질:23,high
prod_oy_a000000199783,허스텔러,[쿨링진정/수분홀딩] 허스텔러 원더 베지 하이드레이팅 젤 크림 50ml,cream,true,410,4.841,410,1.0000,23,0.0561,105,0.2561,190,0.4634,1.622,복합성:67;건성:37;민감성:34;지성:31;트러블성:8,웜톤:51;쿨톤:45;여름쿨톤:27;봄웜톤:24;가을웜톤:19,잡티:96;미백:55;트러블:45;주름:34;블랙헤드:26,high
prod_oy_a000000244683,셀인샷,[단독기획/트러블1위] 셀인샷 알란테놀 트러블 크림 70ml 기획 (+크림 20ml*2),cream,true,410,4.734,410,1.0000,62,0.1512,65,0.1585,122,0.2976,2.305,복합성:35;건성:31;지성:28;민감성:17;트러블성:10,쿨톤:40;여름쿨톤:22;웜톤:21;봄웜톤:17;가을웜톤:10,잡티:64;트러블:41;미백:39;주름:20;블랙헤드:15,high
prod_oy_a000000222907,셀퓨전씨,[쿨링입문템/4계절쿨링] 셀퓨전씨 포스트 알파 쿨링 스킨 부스터 세럼 150ml+30ml 기획세트,serum,true,409,4.421,409,1.0000,5,0.0122,44,0.1076,176,0.4303,1.579,복합성:75;건성:31;지성:29;민감성:22;트러블성:14,여름쿨톤:43;쿨톤:35;웜톤:26;가을웜톤:25;봄웜톤:24,트러블:67;잡티:66;미백:52;블랙헤드:29;각질:24,high
prod_oy_a000000157294,유리아쥬,[수분장벽토너] 유리아쥬 제모스 토너 (본품500ml+250ml 추가 증정),toner,true,408,4.806,408,1.0000,51,0.1250,64,0.1569,61,0.1495,0.877,복합성:26;건성:20;지성:6;민감성:3;약건성:2,웜톤:20;쿨톤:18;여름쿨톤:5;가을웜톤:4;봄웜톤:4,잡티:22;미백:20;트러블:14;주름:11;각질:10,high
prod_oy_a000000198721,아비브,[쿨링진정] 아비브 어성초 크림 카밍 튜브 75ml,cream,true,407,4.722,407,1.0000,43,0.1057,44,0.1081,99,0.2432,9.757,복합성:34;건성:21;지성:18;민감성:9;트러블성:7,쿨톤:25;여름쿨톤:19;가을웜톤:15;봄웜톤:14;웜톤:13,잡티:44;미백:36;트러블:30;블랙헤드:17;주름:14,high
prod_oy_a000000251318,샤이샤이샤이,[화잘먹/속광부스터] 샤이샤이샤이 리페어 밀키 우레아 글로우 버블 세럼 110ml 기획 (+ 밀키크림 15ml),serum,true,407,4.826,407,1.0000,18,0.0442,51,0.1253,147,0.3612,35.924,건성:54;복합성:43;민감성:21;지성:18;중성:5,쿨톤:45;웜톤:33;여름쿨톤:20;겨울쿨톤:18;봄웜톤:18,잡티:75;미백:61;주름:28;트러블:25;각질:22,high
prod_oy_a000000180409,리쥬란,[리쥬란 독자소재_강력진정PDRx] 리쥬란 더마 힐러 모이스처 트리트먼트 앰플 30ml [기획(+마스크1매)/단품],serum,true,400,4.765,400,1.0000,52,0.1300,51,0.1275,138,0.3450,1.823,복합성:55;건성:35;지성:20;민감성:15;트러블성:11,쿨톤:36;웜톤:28;여름쿨톤:23;겨울쿨톤:15;가을웜톤:14,잡티:58;트러블:39;미백:36;주름:28;각질:23,high
prod_oy_a000000244411,프리메라,[나이아신아마이드10%] 프리메라 PDRN-나이아10 토닝 글로우 세럼 30g 기획/단품,serum,true,399,4.827,399,1.0000,14,0.0351,66,0.1654,176,0.4411,50.451,복합성:75;건성:37;지성:27;민감성:19;트러블성:7,여름쿨톤:46;쿨톤:34;웜톤:32;봄웜톤:23;겨울쿨톤:17,잡티:69;미백:52;트러블:47;각질:24;블랙헤드:23,high
prod_oy_a000000164342,비욘드,비욘드 엔젤아쿠아 시카크림 더블기획(150mlX2입)(비건),cream,true,398,4.721,398,1.0000,64,0.1608,61,0.1533,93,0.2337,2.364,복합성:44;건성:14;민감성:14;지성:12;트러블성:8,쿨톤:23;웜톤:21;봄웜톤:17;여름쿨톤:11;가을웜톤:9,트러블:29;잡티:27;미백:20;각질:16;민감성:16,high
prod_oy_a000000252193,유세린,[1등 세럼] 유세린 하이알루론 에피셀린 세럼 30ml 기획 (+에피셀린 세럼 7ml*2),serum,true,398,4.744,398,1.0000,14,0.0352,65,0.1633,132,0.3317,17.977,복합성:45;건성:27;지성:24;민감성:16;약건성:6,쿨톤:33;웜톤:26;봄웜톤:23;여름쿨톤:22;가을웜톤:13,잡티:56;미백:53;트러블:32;주름:23;블랙헤드:17,high
prod_oy_a000000189056,에스트라,[PDRN]에스트라 리제덤365 밀도탄력 캡슐크림 50ml,cream,true,397,4.839,397,1.0000,32,0.0806,69,0.1738,150,0.3778,3.683,복합성:61;건성:41;민감성:21;지성:14;트러블성:5,쿨톤:43;웜톤:42;여름쿨톤:21;가을웜톤:18;봄웜톤:18,잡티:77;미백:51;트러블:40;주름:31;각질:27,high
prod_oy_a000000219966,몰바니,[초록진정] 몰바니 아티시카 리프레쉬 카밍 세럼 30ml,toner,true,395,4.929,395,1.0000,56,0.1418,73,0.1848,174,0.4405,17.509,복합성:67;건성:48;민감성:22;지성:18;트러블성:14,쿨톤:54;웜톤:35;가을웜톤:22;봄웜톤:20;여름쿨톤:20,잡티:92;미백:65;주름:32;트러블:29;각질:17,high
prod_oy_a000000199507,헤브블루,헤브블루 살몬 PDRN 케어링 센텔라 토너 200ml,toner,true,394,4.769,394,1.0000,95,0.2411,53,0.1345,101,0.2563,0.957,복합성:34;건성:30;지성:17;민감성:12;트러블성:7,쿨톤:25;웜톤:19;봄웜톤:16;여름쿨톤:12;가을웜톤:8,잡티:48;미백:30;트러블:19;주름:18;각질:15,high
prod_oy_a000000211059,아누아,[톤업세럼] 아누아 복숭아 나이아신아마이드 세럼 30mL,serum,true,391,4.749,391,1.0000,17,0.0435,72,0.1841,194,0.4962,3.731,복합성:71;건성:48;지성:26;민감성:25;중성:8,쿨톤:50;웜톤:44;가을웜톤:25;봄웜톤:25;여름쿨톤:24,잡티:101;미백:57;트러블:43;주름:39;블랙헤드:27,high
prod_oy_a000000203247,바이오힐보,[탄력에멀전] 바이오힐보 프로바이오덤 3D 리프팅 에멀전 150ml,lotion,true,389,4.853,389,1.0000,47,0.1208,33,0.0848,99,0.2545,1.810,복합성:36;건성:33;지성:19;민감성:4;약건성:3,쿨톤:27;웜톤:24;여름쿨톤:20;겨울쿨톤:9;봄웜톤:6,잡티:40;미백:34;트러블:24;민감성:14;주름:14,high
prod_oy_a000000217167,프리메라,프리메라 나이아시카 수딩글로우 워터리 크림 30ml,cream,true,389,4.789,389,1.0000,22,0.0566,68,0.1748,181,0.4653,3.722,복합성:76;건성:44;민감성:20;지성:17;트러블성:11,웜톤:43;쿨톤:35;여름쿨톤:32;봄웜톤:29;겨울쿨톤:16,잡티:70;트러블:56;미백:44;모공:31;블랙헤드:26,high
prod_oy_a000000235581,아리얼,[NEW] 더 에센셜 바이 아리얼 히알루로닉 13 크림 100ml,cream,true,389,4.892,389,1.0000,113,0.2905,82,0.2108,199,0.5116,14.360,복합성:84;건성:52;지성:28;민감성:19;트러블성:15,쿨톤:43;웜톤:42;여름쿨톤:33;봄웜톤:27;가을웜톤:20,잡티:97;미백:71;주름:43;트러블:40;모공:24,high
prod_oy_a000000229490,아이오페,[PDRN물광플럼핑] 아이오페 XMD 스템3 클리니컬 리커버리 세럼 30ml 기획 (+세럼5ml+크림5ml,serum,true,386,4.842,386,1.0000,26,0.0674,65,0.1684,158,0.4093,3.819,복합성:72;건성:36;지성:22;민감성:15;중성:6,웜톤:37;쿨톤:37;봄웜톤:25;여름쿨톤:24;겨울쿨톤:12,잡티:77;미백:49;트러블:35;주름:33;각질:18,high
prod_oy_a000000152102,아이소이,[코어탄력세럼] 아이소이 인텐시브 리프팅 세럼 20ml 기획 (20ml+탄력스팟 3ml),serum,true,385,4.740,385,1.0000,99,0.2571,47,0.1221,85,0.2208,1.358,복합성:30;건성:28;지성:12;민감성:3;트러블성:3,웜톤:18;쿨톤:17;봄웜톤:15;여름쿨톤:12;가을웜톤:7,잡티:33;트러블:27;미백:24;각질:18;민감성:13,high
prod_oy_a000000247723,파넬,[1등 진정크림] 파넬 시카마누 레드 리페어 크림 50ml 기획(+세럼15ml),cream,true,385,4.712,385,1.0000,41,0.1065,95,0.2468,109,0.2831,57.262,복합성:43;건성:22;지성:20;민감성:12;트러블성:5,쿨톤:25;봄웜톤:18;겨울쿨톤:17;여름쿨톤:17;웜톤:14,잡티:53;트러블:36;미백:26;블랙헤드:21;주름:18,high
prod_oy_a000000117809,바이오더마,바이오더마 하이드라비오 젤크림 40ml,cream,true,383,4.752,383,1.0000,91,0.2376,61,0.1593,88,0.2298,1.313,복합성:40;지성:22;건성:11;민감성:5;트러블성:5,쿨톤:25;웜톤:23;여름쿨톤:15;가을웜톤:9;봄웜톤:6,트러블:40;잡티:32;미백:21;민감성:17;블랙헤드:16,high
prod_oy_a000000154506,원씽,[트러블완화/진정] 원씽 어성초 추출물 토너 150ml,toner,true,381,4.751,381,1.0000,50,0.1312,74,0.1942,132,0.3465,1.530,복합성:55;건성:28;지성:21;민감성:17;트러블성:9,웜톤:38;쿨톤:31;여름쿨톤:24;봄웜톤:12;겨울쿨톤:11,잡티:60;트러블:54;미백:33;주름:20;각질:19,high
prod_oy_a000000158309,믹순,믹순 순디 병풀 에센스 100ml,serum,true,381,4.688,381,1.0000,85,0.2231,81,0.2126,152,0.3990,6.583,복합성:57;건성:51;민감성:17;지성:14;트러블성:8,쿨톤:50;여름쿨톤:27;가을웜톤:25;웜톤:19;봄웜톤:10,잡티:60;트러블:58;미백:30;각질:27;주름:25,high
prod_oy_a000000248826,메디큐브,[여배우광채크림] 메디큐브 PDRN 핑크 콜라겐 캡슐크림 55g 기획 (+4.5g*2ea),cream,true,381,4.661,381,1.0000,36,0.0945,65,0.1706,102,0.2677,17.438,복합성:45;건성:25;지성:15;민감성:11;트러블성:5,쿨톤:35;웜톤:15;여름쿨톤:13;봄웜톤:12;가을웜톤:11,잡티:43;미백:27;트러블:24;주름:20;블랙헤드:13,high
prod_oy_a000000162356,닥터디퍼런트,[피부장벽/진정] 닥터디퍼런트 시카 메탈 크림 50g(기획/단품),cream,true,378,4.643,378,1.0000,83,0.2196,69,0.1825,112,0.2963,1.511,복합성:41;건성:26;민감성:21;지성:10;트러블성:8,쿨톤:44;웜톤:23;봄웜톤:12;여름쿨톤:10;겨울쿨톤:8,잡티:48;트러블:43;미백:38;각질:14;민감성:14,high
prod_oy_a000000229785,구달,[리뉴얼] 구달 청귤 비타C 잡티케어 톤업 크림 50ml 기획 (+5ml + 세럼 5ml),cream,true,378,4.675,378,1.0000,31,0.0820,48,0.1270,106,0.2804,2.492,복합성:47;건성:27;지성:21;민감성:4;중성:3,웜톤:26;쿨톤:20;봄웜톤:16;여름쿨톤:14;가을웜톤:13,잡티:57;미백:38;트러블:26;블랙헤드:21;각질:18,high
prod_oy_a000000200188,케어존,케어존 리큐어 노르데나우 시카 크림 60ml 더블 기획,cream,true,377,4.764,377,1.0000,29,0.0769,60,0.1592,163,0.4324,1.019,복합성:57;건성:46;지성:27;트러블성:11;민감성:10,웜톤:40;쿨톤:37;여름쿨톤:25;봄웜톤:22;가을웜톤:16,잡티:77;미백:48;트러블:46;주름:29;모공:26,high
prod_oy_a000000177493,라로슈포제,[진정탄력크림] 라로슈포제 시카플라스트 멀티 리페어 크림 100ml,cream,true,375,4.643,375,1.0000,24,0.0640,57,0.1520,152,0.4053,1.909,복합성:61;건성:32;민감성:22;지성:18;트러블성:8,쿨톤:42;웜톤:40;여름쿨톤:22;봄웜톤:19;겨울쿨톤:10,잡티:60;트러블:53;미백:40;민감성:31;주름:26,high
prod_oy_a000000214672,비플레인,[1+1/피지케어] 비플레인 녹두 모공 클리어링 라하 토너 265ml 기획 (+265ml 리필팩),toner,true,375,4.789,375,1.0000,24,0.0640,48,0.1280,128,0.3413,2.165,복합성:49;지성:28;건성:25;민감성:16;트러블성:6,쿨톤:27;봄웜톤:24;웜톤:24;가을웜톤:19;여름쿨톤:17,잡티:50;트러블:46;미백:39;블랙헤드:28;각질:23,high
prod_oy_a000000016808,유세린,유세린 볼륨리프팅 나이트 크림 50ml,cream,true,374,4.767,374,1.0000,57,0.1524,41,0.1096,84,0.2246,1.048,복합성:30;건성:23;지성:19;트러블성:4;민감성:2,웜톤:27;쿨톤:19;봄웜톤:13;가을웜톤:12;여름쿨톤:9,잡티:39;미백:31;트러블:24;각질:19;주름:14,high
prod_oy_a000000171132,피캄,"[대용량, 피지/진정케어] 피캄 베리어 사이클 락토P 토너 500ml",toner,true,372,4.624,372,1.0000,35,0.0941,69,0.1855,146,0.3925,10.610,복합성:53;지성:27;민감성:26;건성:18;트러블성:15,웜톤:37;쿨톤:30;가을웜톤:22;여름쿨톤:22;봄웜톤:19,트러블:66;잡티:50;미백:42;블랙헤드:31;민감성:19,high
prod_oy_a000000232731,리브엠,[화잘먹 엑소좀수분크림] 리브엠 워터핏 8중 수분착붙 크림 100ml,cream,true,370,4.951,370,1.0000,18,0.0486,62,0.1676,157,0.4243,5.338,복합성:69;건성:44;지성:21;민감성:11;트러블성:8,웜톤:38;쿨톤:36;여름쿨톤:21;봄웜톤:20;겨울쿨톤:17,잡티:71;미백:53;주름:32;트러블:31;모공:20,high
prod_oy_a000000150094,마녀공장,마녀공장 비피다 바이옴 아쿠아 배리어 크림 80ml 증정기획 (+20mlx2ea),cream,true,369,4.764,369,1.0000,54,0.1463,30,0.0813,97,0.2629,0.870,복합성:46;건성:21;지성:16;트러블성:6;민감성:4,가을웜톤:23;웜톤:19;여름쿨톤:18;쿨톤:18;겨울쿨톤:7,잡티:59;트러블:42;미백:17;주름:13;블랙헤드:12,high
prod_oy_a000000206153,이니스프리,[수분/보습] 이니스프리 그린티 씨드 히알루론산 수분 세럼 80ml 기획 (+25ml),serum,true,369,4.753,369,1.0000,48,0.1301,39,0.1057,118,0.3198,3.935,복합성:51;건성:28;민감성:14;지성:12;트러블성:9,여름쿨톤:33;봄웜톤:21;웜톤:21;가을웜톤:13;쿨톤:13,트러블:46;잡티:40;각질:28;민감성:23;블랙헤드:21,high
prod_oy_a000000230986,피지오겔,피지오겔 레드수딩 AI 리페어 에센스 200ml,serum,true,369,4.813,369,1.0000,6,0.0163,55,0.1491,180,0.4878,14.612,복합성:83;건성:43;민감성:19;지성:17;트러블성:9,봄웜톤:40;여름쿨톤:34;웜톤:33;쿨톤:33;가을웜톤:16,잡티:68;미백:62;트러블:53;모공:30;민감성:24,high
prod_oy_a000000243681,피지오겔,피지오겔 레드수딩 AI 리페어 에센스 200ml 기획(+로션 50ml),serum,true,369,4.813,369,1.0000,6,0.0163,55,0.1491,180,0.4878,14.612,복합성:83;건성:43;민감성:19;지성:17;트러블성:9,봄웜톤:40;여름쿨톤:34;웜톤:33;쿨톤:33;가을웜톤:16,잡티:68;미백:62;트러블:53;모공:30;민감성:24,high
prod_oy_a000000201378,라로제,라로제 안티퍼티그 아이 컨투어 스틱 15ml (수분스틱),cream,true,368,4.818,368,1.0000,52,0.1413,99,0.2690,236,0.6413,2.630,복합성:107;건성:49;지성:31;민감성:24;트러블성:10,웜톤:67;쿨톤:51;가을웜톤:37;봄웜톤:26;여름쿨톤:26,잡티:123;미백:64;주름:53;트러블:40;모공:35,high
prod_oy_a000000219274,유세린,[리뉴얼] 유세린 하이알루론 부스팅 에센스 100ml,serum,true,368,4.818,368,1.0000,47,0.1277,61,0.1658,136,0.3696,2.533,복합성:56;건성:33;지성:24;민감성:13;중성:4,쿨톤:45;웜톤:27;봄웜톤:16;겨울쿨톤:14;여름쿨톤:14,잡티:54;트러블:40;미백:34;주름:25;민감성:17,high
prod_oy_a000000249651,동아제약,[트러블표적케어] 동아제약 아크네 프로 크림제 30ml,cream,true,367,4.845,367,1.0000,110,0.2997,36,0.0981,164,0.4469,78.823,복합성:58;건성:41;지성:32;민감성:13;트러블성:12,쿨톤:47;웜톤:44;여름쿨톤:23;겨울쿨톤:16;봄웜톤:13,잡티:97;미백:51;트러블:34;주름:32;블랙헤드:19,high
prod_oy_a000000163399,아벤느,[민감/진정크림]아벤느 똘레랑스 컨트롤 크림 40ml,cream,true,365,4.707,365,1.0000,34,0.0932,59,0.1616,107,0.2932,2.068,복합성:41;건성:39;지성:13;민감성:11;트러블성:2,웜톤:35;쿨톤:30;여름쿨톤:16;봄웜톤:12;가을웜톤:7,잡티:41;미백:34;트러블:34;민감성:21;블랙헤드:14,high
prod_oy_a000000229644,리덴스,[잡티/미백] 리덴스 톤앤스팟 코렉터 앰플 30ml,serum,true,365,4.910,365,1.0000,74,0.2027,62,0.1699,147,0.4027,1.458,복합성:55;건성:42;민감성:21;지성:15;트러블성:10,쿨톤:45;웜톤:36;여름쿨톤:15;가을웜톤:14;봄웜톤:12,잡티:81;미백:53;트러블:22;주름:20;모공:16,high
prod_oy_a000000145285,닥터디퍼런트,[레티날입문0.05%] 닥터디퍼런트 비타리프트-A 크림 20g,cream,true,364,4.508,364,1.0000,11,0.0302,67,0.1841,92,0.2527,1.860,복합성:30;건성:25;지성:18;민감성:12;중성:3,쿨톤:26;웜톤:24;여름쿨톤:18;봄웜톤:9;겨울쿨톤:5,잡티:39;트러블:27;미백:22;각질:14;주름:14,high
prod_oy_a000000162308,라네즈,라네즈 워터뱅크 블루히알루로닉 세럼 50mL 기획 (+25ml),serum,true,363,4.752,363,1.0000,53,0.1460,56,0.1543,102,0.2810,1.143,건성:34;복합성:34;지성:17;민감성:11;트러블성:3,봄웜톤:22;여름쿨톤:22;웜톤:21;쿨톤:18;겨울쿨톤:8,잡티:35;트러블:27;미백:20;블랙헤드:18;각질:16,high
prod_oy_a000000223425,달바,[미백/잡티케어] 달바 비타 토닝 세럼 토너 180ml,toner,true,363,4.876,363,1.0000,61,0.1680,46,0.1267,102,0.2810,7.534,복합성:35;건성:27;지성:17;민감성:12;트러블성:6,쿨톤:32;웜톤:15;봄웜톤:13;여름쿨톤:13;가을웜톤:12,잡티:42;미백:26;트러블:21;블랙헤드:19;각질:18,high
prod_oy_a000000215561,유세린,[1등세럼/주름탄력개선]유세린 에피셀린 세럼 30ml,serum,true,362,4.729,362,1.0000,13,0.0359,57,0.1575,119,0.3287,2.000,복합성:43;건성:24;지성:19;민감성:15;트러블성:6,쿨톤:30;웜톤:23;봄웜톤:22;여름쿨톤:21;가을웜톤:9,잡티:48;미백:47;트러블:28;주름:22;블랙헤드:17,high
prod_oy_a000000229520,성분에디터,[물광리프팅/녹는실리프팅앰플] 성분에디터 실크펩타이드 EGF 하트핏 볼륨 리프팅 앰플 40ml,serum,true,362,4.812,362,1.0000,62,0.1713,74,0.2044,146,0.4033,2.403,복합성:56;건성:36;지성:21;민감성:20;중성:4,여름쿨톤:33;봄웜톤:25;웜톤:24;쿨톤:24;가을웜톤:12,잡티:67;미백:56;트러블:40;주름:22;블랙헤드:15,high
prod_oy_a000000188934,바이오더마,[정품증정]바이오더마 센시비오 디펜시브 세럼 30ml 기획(+센시비오 디펜시브 40ml 증정),serum,true,358,4.670,358,1.0000,57,0.1592,59,0.1648,97,0.2709,2.109,복합성:37;건성:29;민감성:15;지성:10;중성:2,쿨톤:25;웜톤:22;여름쿨톤:17;봄웜톤:10;가을웜톤:9,잡티:39;미백:34;트러블:25;블랙헤드:20;각질:12,high
prod_oy_a000000209515,메디큐브,[흔적미백] 메디큐브 연어 PDRN 핑크 앰플 30ml,serum,true,358,4.612,358,1.0000,25,0.0698,43,0.1201,99,0.2765,0.709,복합성:33;건성:21;지성:19;민감성:13;트러블성:7,여름쿨톤:32;봄웜톤:18;웜톤:18;가을웜톤:10;쿨톤:10,트러블:42;잡티:40;미백:37;블랙헤드:17;각질:11,high
prod_oy_a000000222026,리쥬란,[모공PDRN/모공리프팅] 리쥬란 더마 힐러 포어 타이트닝 앰플 30ml,serum,true,358,4.779,358,1.0000,9,0.0251,46,0.1285,98,0.2737,0.575,복합성:37;건성:22;지성:16;민감성:13;트러블성:5,웜톤:25;여름쿨톤:21;봄웜톤:20;쿨톤:15;가을웜톤:5,잡티:40;미백:30;트러블:27;모공:17;주름:13,high
prod_oy_a000000210924,인터미션,[단독기획]인터미션 레스트업 세럼스킨 290ml,toner,true,357,4.779,357,1.0000,77,0.2157,87,0.2437,112,0.3137,6.190,복합성:56;건성:34;트러블성:7;민감성:6;지성:6,봄웜톤:29;쿨톤:27;웜톤:18;가을웜톤:13;여름쿨톤:13,잡티:36;미백:28;트러블:22;주름:19;모공:12,high
prod_oy_a000000158310,믹순,[수분결광] 믹순 콩 에센스 50ml,serum,true,355,4.546,355,1.0000,48,0.1352,55,0.1549,74,0.2085,1.397,복합성:35;지성:16;건성:15;트러블성:4;민감성:1,웜톤:21;여름쿨톤:16;쿨톤:11;봄웜톤:9;가을웜톤:8,트러블:33;잡티:23;미백:17;블랙헤드:17;각질:12,high
prod_oy_a000000198166,라네즈,[100시간 속보습] 라네즈 워터뱅크 모이스춰 크림 45ml 기획 (+25ml),cream,true,355,4.769,355,1.0000,31,0.0873,38,0.1070,117,0.3296,1.811,복합성:45;건성:30;지성:20;민감성:13;약건성:2,쿨톤:30;봄웜톤:25;웜톤:25;여름쿨톤:17;겨울쿨톤:10,잡티:46;미백:33;트러블:33;각질:26;블랙헤드:14,high
prod_oy_a000000225604,차앤박,[흔적잡티케어/PDRN] 차앤박 더마앤서 핑크토닝 딥인샷 앰플 30ml 기획 (+15ml),serum,true,351,4.766,351,1.0000,6,0.0171,53,0.1510,187,0.5328,1.678,복합성:74;건성:41;지성:28;민감성:19;트러블성:13,여름쿨톤:45;웜톤:45;쿨톤:35;봄웜톤:28;가을웜톤:17,잡티:86;미백:50;트러블:43;모공:29;주름:25,high
prod_oy_a000000226527,셀인샷,[수분/진정] 셀인샷 EGF 알란테놀 트러블 크림 70ml,cream,true,350,4.743,350,1.0000,59,0.1686,56,0.1600,109,0.3114,1.203,복합성:33;건성:28;지성:24;민감성:15;트러블성:8,쿨톤:36;웜톤:20;여름쿨톤:19;봄웜톤:14;가을웜톤:9,잡티:56;트러블:35;미백:34;주름:19;블랙헤드:14,high
prod_oy_a000000192787,어바웃미,어바웃미 숲 진정 수분크림 80ml 기획 (+10ml) *,cream,true,349,4.748,349,1.0000,63,0.1805,61,0.1748,146,0.4183,1.513,복합성:68;지성:23;민감성:21;건성:20;트러블성:10,쿨톤:35;웜톤:32;봄웜톤:21;여름쿨톤:19;가을웜톤:10,트러블:57;잡티:50;미백:32;각질:31;블랙헤드:27,high
prod_oy_a000000176320,메이크프렘,메이크프렘 인테카 진정 토너 200ml,toner,true,345,4.748,345,1.0000,35,0.1014,35,0.1014,126,0.3652,5.243,복합성:60;지성:24;건성:18;민감성:12;트러블성:6,봄웜톤:25;쿨톤:24;여름쿨톤:23;웜톤:20;겨울쿨톤:14,트러블:58;잡티:41;미백:32;블랙헤드:24;각질:16,high
prod_oy_a000000210343,로벡틴,[3일 잡티흔적케어 / 비타민C앰플] 로벡틴 비타 다크 스팟 세럼 30ml,serum,true,345,4.910,345,1.0000,142,0.4116,66,0.1913,83,0.2406,1.951,건성:25;복합성:21;지성:16;민감성:15;트러블성:5,쿨톤:32;웜톤:23;봄웜톤:16;가을웜톤:6;겨울쿨톤:3,잡티:45;미백:29;주름:25;트러블:14;블랙헤드:7,high
prod_oy_a000000254728,조선미녀,[단독/붓기완화] 조선미녀 붉은팥 PDRN 모공탄력 세럼 30ml 더블기획,serum,true,345,4.832,345,1.0000,1,0.0029,72,0.2087,188,0.5449,85.035,복합성:79;건성:52;지성:25;민감성:16;중성:6,여름쿨톤:47;웜톤:47;쿨톤:35;봄웜톤:24;겨울쿨톤:16,잡티:95;미백:62;트러블:40;주름:33;각질:22,high
prod_oy_a000000199982,웰라쥬,[화해1위/트러블] 웰라쥬 리얼 시카 카밍 95 트러블 앰플 50ml,serum,true,341,4.610,341,1.0000,36,0.1056,30,0.0880,89,0.2610,3.874,복합성:34;지성:18;건성:15;트러블성:11;민감성:8,봄웜톤:21;여름쿨톤:20;가을웜톤:13;쿨톤:13;웜톤:8,트러블:41;잡티:30;미백:27;각질:19;블랙헤드:15,high
prod_oy_a000000255719,동아제약,[단독기획] 동아제약 색소침착 프로 액제 30ml 기획(+크림제5ml),serum,true,341,4.724,341,1.0000,78,0.2287,30,0.0880,146,0.4282,61.877,복합성:59;건성:34;지성:23;민감성:16;약건성:6,쿨톤:45;웜톤:34;여름쿨톤:23;겨울쿨톤:13;봄웜톤:13,잡티:80;미백:39;트러블:39;주름:23;블랙헤드:19,high
prod_oy_a000000188751,몰바니,몰바니 아티초크 카밍 케어 수딩 크림 100ml,cream,true,340,4.800,340,1.0000,100,0.2941,44,0.1294,109,0.3206,7.653,복합성:42;건성:26;민감성:17;지성:11;중성:6,웜톤:27;쿨톤:22;여름쿨톤:21;봄웜톤:16;가을웜톤:14,잡티:59;미백:38;트러블:22;블랙헤드:17;주름:17,high
prod_oy_a000000224487,바이오힐보,[장벽크림] 바이오힐 보 판테셀 리페어 시카좀 크림 80mL [단품/증정기획],cream,true,339,4.649,339,1.0000,31,0.0914,61,0.1799,107,0.3156,8.947,복합성:48;건성:15;트러블성:14;민감성:13;지성:12,쿨톤:32;여름쿨톤:23;봄웜톤:14;웜톤:12;가을웜톤:9,잡티:51;미백:43;트러블:34;각질:18;블랙헤드:14,high
prod_oy_a000000201592,헤브블루,헤브블루 살몬 PDRN 케어링 센텔라 크림 100ml,cream,true,338,4.695,338,1.0000,43,0.1272,52,0.1538,101,0.2988,0.988,복합성:32;지성:21;민감성:20;건성:18;트러블성:8,웜톤:22;여름쿨톤:20;쿨톤:19;봄웜톤:16;겨울쿨톤:10,잡티:51;트러블:33;미백:30;주름:17;각질:15,high
prod_oy_a000000205340,유세린,[1+1] 유세린 더모퓨리파이어 토너 더블 기획 (200ml+200ml),toner,true,338,4.728,338,1.0000,46,0.1361,37,0.1095,100,0.2959,1.589,복합성:49;지성:23;건성:9;민감성:9;트러블성:8,쿨톤:31;봄웜톤:17;여름쿨톤:15;웜톤:14;가을웜톤:13,잡티:40;블랙헤드:31;미백:27;트러블:26;모공:17,high
prod_oy_a000000225649,리얼베리어,[수분잠금] 리얼베리어 워터리 히알 크림 70ml 기획 (+25ml),cream,true,338,4.899,338,1.0000,25,0.0740,48,0.1420,118,0.3491,6.808,복합성:40;건성:37;지성:15;트러블성:11;민감성:10,쿨톤:37;웜톤:24;여름쿨톤:16;가을웜톤:15;봄웜톤:11,잡티:57;미백:41;트러블:30;블랙헤드:22;주름:22,high
prod_oy_a000000113806,아이소이,[응급진정토닉] 아이소이 아크니 닥터 1st 컨트롤 토닉 90ml,toner,true,337,4.751,337,1.0000,94,0.2789,34,0.1009,70,0.2077,0.789,복합성:24;건성:19;지성:14;트러블성:6;민감성:5,웜톤:28;쿨톤:25;가을웜톤:5;봄웜톤:5;여름쿨톤:4,잡티:31;트러블:30;블랙헤드:18;미백:17;각질:10,high
prod_oy_a000000149717,바이오더마,바이오더마 세비엄 센서티브 30ml,cream,true,337,4.490,337,1.0000,78,0.2315,44,0.1306,102,0.3027,5.555,복합성:41;지성:34;트러블성:10;민감성:9;건성:5,웜톤:27;가을웜톤:15;봄웜톤:13;여름쿨톤:13;쿨톤:13,트러블:55;잡티:36;각질:23;미백:15;주름:12,high
prod_oy_a000000203564,닥터지,[슬로에이징/영양탄력] 닥터지 블랙스네일 토너 150ml,toner,true,336,4.848,336,1.0000,32,0.0952,46,0.1369,103,0.3065,7.503,복합성:40;민감성:19;지성:19;건성:12;트러블성:6,여름쿨톤:26;쿨톤:20;웜톤:19;봄웜톤:18;겨울쿨톤:9,잡티:41;트러블:34;미백:32;블랙헤드:19;주름:14,high
prod_oy_a000000189772,더랩바이블랑두,더랩바이블랑두 엑스퍼트루 잡티케어 세럼 30ml 기획 (+샤셰 4매 증정),serum,true,335,4.731,335,1.0000,31,0.0925,67,0.2000,161,0.4806,1.654,복합성:58;지성:35;건성:34;트러블성:13;민감성:12,웜톤:47;쿨톤:38;여름쿨톤:28;가을웜톤:15;봄웜톤:15,잡티:81;미백:50;트러블:50;주름:25;블랙헤드:18,high
prod_oy_a000000182072,비원츠,[NCT태용 PICK/괄사롤러] 비원츠 시카콜라겐 리프팅크림 50ml,cream,true,334,4.713,334,1.0000,23,0.0689,45,0.1347,154,0.4611,18.787,복합성:52;건성:41;민감성:20;지성:20;트러블성:6,웜톤:38;쿨톤:33;여름쿨톤:31;봄웜톤:26;겨울쿨톤:12,잡티:74;미백:51;트러블:42;각질:23;주름:20,high
prod_oy_a000000150756,차앤박,차앤박(CNP) 히알루로닉 더마텐션 세럼 더블용량 기획(30ml+15ml*2EA),serum,true,332,4.771,332,1.0000,58,0.1747,58,0.1747,105,0.3163,1.367,복합성:46;건성:26;중성:12;지성:9;민감성:7,웜톤:30;쿨톤:30;봄웜톤:20;여름쿨톤:11;가을웜톤:5,잡티:55;트러블:28;미백:27;블랙헤드:18;주름:17,high
prod_oy_a000000165355,AHC,AHC 허브솔루션 위치하젤 토너 500ml,toner,true,332,4.774,332,1.0000,64,0.1928,62,0.1867,89,0.2681,7.247,복합성:41;지성:21;건성:12;민감성:7;약건성:5,쿨톤:20;가을웜톤:19;웜톤:13;여름쿨톤:11;봄웜톤:10,잡티:41;트러블:37;주름:23;미백:19;블랙헤드:15,high
prod_oy_a000000247196,조선미녀,[NEW/붓기완화] 조선미녀 붉은팥 PDRN 모공탄력 세럼 30ml,serum,true,328,4.832,328,1.0000,1,0.0030,70,0.2134,183,0.5579,83.454,복합성:76;건성:52;지성:25;민감성:15;중성:5,여름쿨톤:47;웜톤:46;쿨톤:34;봄웜톤:23;겨울쿨톤:15,잡티:92;미백:60;트러블:38;주름:32;각질:22,high
prod_oy_a000000167170,차앤박,[쿨링/수분] 차앤박 아쿠아 수딩 크림 1+1 기획,cream,true,327,4.841,327,1.0000,91,0.2783,42,0.1284,70,0.2141,2.217,복합성:27;건성:13;지성:11;민감성:10;약건성:3,쿨톤:35;웜톤:11;여름쿨톤:9;가을웜톤:5;겨울쿨톤:4,미백:25;잡티:21;주름:20;트러블:20;각질:18,high
prod_oy_a000000204075,코스알엑스,코스알엑스 풀핏 프로폴리스 라이트 앰플 40ml 1+1 기획,serum,true,325,4.895,325,1.0000,115,0.3538,45,0.1385,64,0.1969,0.452,복합성:25;건성:17;민감성:12;트러블성:3;약건성:2,봄웜톤:15;웜톤:14;쿨톤:12;여름쿨톤:7;겨울쿨톤:6,잡티:26;각질:16;트러블:14;미백:12;주름:11,high
prod_oy_a000000228418,성분에디터,[화잘먹크림/모공결정돈] 성분에디터 그린토마토 NMN 포어 리프팅 크림 50ml,cream,true,325,4.665,325,1.0000,11,0.0338,50,0.1538,134,0.4123,1.763,복합성:48;건성:32;민감성:20;지성:19;중성:5,봄웜톤:28;여름쿨톤:28;웜톤:24;쿨톤:21;겨울쿨톤:13,잡티:64;미백:47;트러블:41;주름:20;각질:19,high
prod_oy_a000000202537,더마토리,[1+1] 더마토리 히알샷 베리어 크림 B5 70ml 1+1 기획,cream,true,324,4.775,324,1.0000,43,0.1327,41,0.1265,108,0.3333,3.204,복합성:51;건성:20;지성:15;민감성:13;트러블성:5,봄웜톤:29;웜톤:22;쿨톤:18;여름쿨톤:17;가을웜톤:13,잡티:45;트러블:36;미백:27;민감성:20;각질:19,high
prod_oy_a000000207141,피지오겔,피지오겔 레드수딩 시카밸런스 포어컨트롤 세럼 50ml,serum,true,323,4.759,323,1.0000,28,0.0867,57,0.1765,102,0.3158,1.146,복합성:47;건성:18;지성:15;민감성:13;트러블성:6,여름쿨톤:29;봄웜톤:19;웜톤:16;쿨톤:15;가을웜톤:13,트러블:45;잡티:37;미백:28;블랙헤드:19;각질:12,high
prod_oy_a000000209298,아벤느,[모공앰플] 아벤느 HAB3 탄력 액티브 안티에이징 세럼 30ml (기획/단품),serum,true,323,4.796,323,1.0000,19,0.0588,56,0.1734,125,0.3870,6.139,복합성:50;건성:33;지성:19;민감성:12;트러블성:5,웜톤:33;쿨톤:29;여름쿨톤:28;겨울쿨톤:11;가을웜톤:10,잡티:63;미백:46;트러블:25;주름:19;민감성:17,high
prod_oy_a000000104173,크리니크,크리니크 노란에센스로션 125ml,lotion,true,322,4.783,322,1.0000,17,0.0528,63,0.1957,58,0.1801,2.537,복합성:24;건성:14;지성:10;민감성:3;트러블성:2,쿨톤:17;웜톤:14;봄웜톤:9;가을웜톤:5;겨울쿨톤:3,잡티:19;미백:14;주름:13;트러블:11;각질:7,high
prod_oy_a000000256802,웰라쥬,[카니PICK/속수분크림] 웰라쥬 리얼 히알루로닉 수딩 크림 80ml 기획(+20ml),cream,true,322,4.820,322,1.0000,13,0.0404,45,0.1398,157,0.4876,145.096,복합성:56;건성:40;지성:37;민감성:9;트러블성:9,웜톤:40;여름쿨톤:31;쿨톤:25;봄웜톤:20;가을웜톤:18,잡티:67;트러블:42;미백:35;각질:22;블랙헤드:22,high
prod_oy_a000000257377,센텔리안24,[1등 세럼/모공피지] 센텔리안24 마데카 분말 티트리 에이씨 6g 더블기획 푸린 에디션 (+푸린수면안대 포켓몬),serum,true,321,4.757,321,1.0000,21,0.0654,48,0.1495,130,0.4050,4.383,복합성:49;건성:35;지성:18;민감성:13;트러블성:12,쿨톤:32;웜톤:26;여름쿨톤:19;가을웜톤:16;봄웜톤:12,잡티:58;트러블:54;미백:29;각질:20;블랙헤드:19,high
prod_oy_a000000164211,피지오겔,피지오겔 레드수딩 시카밸런스 토너 200ml,toner,true,317,4.861,317,1.0000,58,0.1830,40,0.1262,93,0.2934,2.016,지성:31;복합성:26;건성:20;트러블성:8;민감성:6,여름쿨톤:24;웜톤:21;쿨톤:21;봄웜톤:10;가을웜톤:8,트러블:46;잡티:26;블랙헤드:25;각질:17;미백:14,high
prod_oy_a000000210195,마일드랩,[색소침착/미백] 마일드랩 딥 멜라케어 앰플 30ml,serum,true,317,4.719,317,1.0000,9,0.0284,56,0.1767,134,0.4227,1.577,복합성:62;건성:27;지성:17;민감성:11;트러블성:7,웜톤:35;쿨톤:25;여름쿨톤:21;겨울쿨톤:14;봄웜톤:13,잡티:65;미백:44;트러블:32;주름:23;모공:22,high
prod_oy_a000000104176,크리니크,크리니크 노란에센스젤 125ml,lotion,true,316,4.778,316,1.0000,17,0.0538,56,0.1772,65,0.2057,2.339,복합성:26;지성:15;건성:13;민감성:6;트러블성:2,쿨톤:22;웜톤:13;봄웜톤:6;가을웜톤:5;겨울쿨톤:5,잡티:24;미백:18;주름:15;트러블:11;블랙헤드:10,high
prod_oy_a000000237831,샤이샤이샤이,[속광부스터] 샤이샤이샤이 리페어 밀키 우레아 글로우 버블 세럼 110ml,serum,true,315,4.914,315,1.0000,13,0.0413,39,0.1238,123,0.3905,38.975,건성:47;복합성:33;민감성:18;지성:15;중성:5,쿨톤:40;웜톤:31;겨울쿨톤:15;봄웜톤:13;여름쿨톤:12,잡티:70;미백:53;주름:24;트러블:20;각질:13,high
prod_oy_a000000242515,센텔리안24,[1등 손상장벽] 센텔리안24 마데카 크림 PDRN 기획세트 50ml+15ml,cream,true,314,4.889,314,1.0000,58,0.1847,50,0.1592,124,0.3949,54.347,복합성:44;건성:42;민감성:17;지성:16;트러블성:3,웜톤:28;봄웜톤:26;쿨톤:26;가을웜톤:18;겨울쿨톤:12,잡티:60;미백:51;트러블:25;모공:23;주름:22,high
prod_oy_a000000118797,유세린,[수분크림1+1] 유세린 아쿠아포린 액티브 리치크림 건성피부용 50ml,cream,true,312,4.779,312,1.0000,30,0.0962,55,0.1763,78,0.2500,3.304,복합성:33;건성:26;지성:7;민감성:5;약건성:3,쿨톤:22;웜톤:20;여름쿨톤:10;겨울쿨톤:9;봄웜톤:6,잡티:33;미백:22;트러블:21;주름:19;블랙헤드:15,high
prod_oy_a000000200604,라로슈포제,라로슈포제 에빠끌라 듀오+M 트러블 에센스 40ml,serum,true,308,4.718,308,1.0000,28,0.0909,46,0.1494,91,0.2955,10.377,복합성:46;지성:15;건성:11;트러블성:10;민감성:6,봄웜톤:17;겨울쿨톤:16;웜톤:16;여름쿨톤:15;쿨톤:12,트러블:43;잡티:42;미백:35;각질:11;블랙헤드:8,high
prod_oy_a000000129444,이즈앤트리,[대용량] 이즈앤트리 히아루론산 토너 400ml,toner,true,307,4.775,307,1.0000,33,0.1075,43,0.1401,73,0.2378,1.651,복합성:36;건성:18;지성:11;민감성:4;트러블성:2,쿨톤:23;웜톤:17;봄웜톤:13;여름쿨톤:10;가을웜톤:3,잡티:30;트러블:27;미백:15;각질:14;블랙헤드:14,high
prod_oy_a000000199277,로우퀘스트,로우퀘스트 베리어 인핸싱 토너 투 에센스 200ml,serum,true,307,4.912,307,1.0000,6,0.0195,81,0.2638,187,0.6091,1.997,복합성:88;건성:35;지성:26;민감성:20;트러블성:7,웜톤:54;쿨톤:39;여름쿨톤:26;가을웜톤:21;봄웜톤:21,잡티:99;미백:60;주름:47;트러블:33;블랙헤드:26,high
prod_oy_a000000147130,닥터지,[멀티보습밤] 닥터지 더모이스처 배리어 D 멀티밤 50ml,cream,true,306,4.775,306,1.0000,54,0.1765,46,0.1503,86,0.2810,1.843,건성:27;복합성:26;민감성:12;지성:11;트러블성:5,쿨톤:22;웜톤:18;가을웜톤:13;봄웜톤:8;여름쿨톤:7,잡티:37;트러블:23;미백:20;각질:16;주름:15,high
prod_oy_a000000144917,하다라보,[쫀쫀고보습에멀전] 하다라보 고쿠쥰 밀크 140mL,lotion,true,305,4.784,305,1.0000,49,0.1607,43,0.1410,83,0.2721,1.131,건성:32;복합성:27;민감성:12;지성:4;약건성:2,웜톤:24;여름쿨톤:18;쿨톤:16;봄웜톤:8;가을웜톤:4,트러블:30;잡티:27;미백:26;각질:14;주름:14,high
prod_oy_a000000198199,라네즈,[꾸덕보습] 라네즈 워터뱅크 인텐시브 크림 45ml 기획 (+10ml*2ea),cream,true,305,4.718,305,1.0000,27,0.0885,31,0.1016,98,0.3213,1.098,복합성:38;건성:29;민감성:10;지성:10;트러블성:3,여름쿨톤:34;쿨톤:19;봄웜톤:12;웜톤:11;가을웜톤:7,잡티:36;트러블:32;각질:28;미백:24;블랙헤드:15,high
prod_oy_a000000202453,빌리프,[결광톤업] 빌리프 슈퍼드랍스 비타C토닝 결광 세럼 30ml 단품 / 1+1 기획,serum,true,305,4.787,305,1.0000,5,0.0164,74,0.2426,165,0.5410,2.216,복합성:61;건성:41;지성:29;민감성:15;트러블성:8,웜톤:40;쿨톤:39;가을웜톤:26;봄웜톤:21;여름쿨톤:21,잡티:79;미백:58;트러블:42;주름:28;블랙헤드:21,high
prod_oy_a000000209830,VT,[리들샷 꿀조합] VT 티엑스토닝 에센스 1000샷 30ml 기획 (+15ml)/단품,serum,true,302,4.623,302,1.0000,33,0.1093,32,0.1060,97,0.3212,1.010,복합성:39;건성:27;민감성:12;지성:12;약건성:3,여름쿨톤:25;웜톤:18;쿨톤:15;봄웜톤:13;겨울쿨톤:11,잡티:52;미백:35;트러블:33;주름:11;각질:10,high
prod_oy_a000000212251,오브제,오브제 포어 제로 오일 컨트롤 로션 70ml,lotion,true,300,4.920,300,1.0000,37,0.1233,31,0.1033,65,0.2167,2.927,복합성:25;건성:14;지성:13;민감성:9;트러블성:3,웜톤:21;쿨톤:13;봄웜톤:8;여름쿨톤:6;가을웜톤:5,잡티:30;미백:19;트러블:13;각질:11;블랙헤드:8,high
prod_oy_a000000248051,마녀공장,[잡티세럼] 마녀공장 글루타치온 7 다크스팟 세럼 30ml,serum,true,299,4.702,299,1.0000,6,0.0201,78,0.2609,110,0.3679,45.900,복합성:52;건성:28;지성:16;민감성:6;트러블성:6,쿨톤:32;가을웜톤:20;여름쿨톤:19;웜톤:19;봄웜톤:8,잡티:55;미백:34;트러블:23;블랙헤드:19;주름:17,high
prod_oy_a000000255328,아누아,[한정기획] 아누아 어성초 77 히알루론산 수분 진정 토너 350ml 더블기획 (+어성초 크림 20ml),toner,true,298,4.815,298,1.0000,9,0.0302,32,0.1074,62,0.2081,22.634,복합성:25;건성:13;지성:13;트러블성:5;민감성:3,여름쿨톤:15;웜톤:14;봄웜톤:10;쿨톤:7;가을웜톤:6,잡티:24;트러블:17;미백:16;각질:9;주름:8,high
prod_oy_a000000174304,유리아쥬,[수분탄력에센스] 유리아쥬 글로우업 오 에센스 100ml,serum,true,297,4.714,297,1.0000,44,0.1481,29,0.0976,71,0.2391,1.630,건성:24;복합성:22;지성:16;민감성:5;트러블성:2,봄웜톤:17;쿨톤:14;여름쿨톤:13;웜톤:10;가을웜톤:7,트러블:21;잡티:20;미백:18;민감성:14;모공:13,high
prod_oy_a000000184133,에스트라,[트러블세럼] 에스트라 테라크네365 액티브 세럼 30ml,serum,true,297,4.704,297,1.0000,61,0.2054,30,0.1010,113,0.3805,3.141,복합성:41;지성:23;트러블성:23;민감성:14;건성:11,여름쿨톤:31;쿨톤:27;봄웜톤:17;웜톤:16;겨울쿨톤:8,트러블:57;잡티:50;미백:25;각질:16;주름:12,high
prod_oy_a000000182685,에스트라,[트러블로션] 에스트라 테라크네365 수딩 액티브 모이스처라이저 60ml,cream,true,295,4.664,295,1.0000,53,0.1797,34,0.1153,112,0.3797,1.247,복합성:37;지성:29;민감성:16;건성:15;트러블성:13,웜톤:26;쿨톤:23;여름쿨톤:21;봄웜톤:11;겨울쿨톤:7,트러블:52;잡티:44;미백:25;피지과다:18;블랙헤드:17,high
prod_oy_a000000209299,아벤느,[리프팅]아벤느 HAB3 탄력 액티브 안티에이징 크림 50ml 기획/단품,cream,true,295,4.725,295,1.0000,12,0.0407,62,0.2102,118,0.4000,2.427,복합성:52;건성:30;지성:17;민감성:13;트러블성:4,쿨톤:32;웜톤:28;여름쿨톤:24;겨울쿨톤:10;가을웜톤:9,잡티:60;미백:38;트러블:26;주름:21;각질:20,high
prod_oy_a000000170039,닥터지,[트러블/여드름]닥터지 에이클리어 밸런싱 모이스처라이저 70ml 기획 (+세럼 10ml),cream,true,294,4.704,294,1.0000,54,0.1837,26,0.0884,79,0.2687,1.085,지성:25;복합성:21;민감성:14;건성:12;트러블성:4,겨울쿨톤:22;웜톤:15;쿨톤:15;봄웜톤:8;여름쿨톤:8,잡티:33;각질:27;미백:23;모공:17;트러블:17,high
prod_oy_a000000154627,아이소이,[코어탄력스팟] 아이소이 인텐시브 리프팅 스팟 25ml,cream,true,291,4.739,291,1.0000,38,0.1306,33,0.1134,69,0.2371,2.701,복합성:32;건성:16;지성:6;트러블성:5;민감성:4,봄웜톤:18;쿨톤:16;웜톤:15;여름쿨톤:7;가을웜톤:6,잡티:33;트러블:21;미백:18;각질:14;주름:11,high
prod_oy_a000000216315,아벤느,[손상/흔적 리페어]아벤느 시칼파트+ 블레미쉬 크림 40ml 더블 기획,cream,true,290,4.607,290,1.0000,23,0.0793,34,0.1172,100,0.3448,3.069,복합성:37;지성:17;민감성:15;건성:14;트러블성:12,쿨톤:27;여름쿨톤:19;웜톤:18;봄웜톤:15;가을웜톤:9,잡티:50;트러블:34;미백:27;각질:18;블랙헤드:14,high
prod_oy_a000000228257,더마팩토리,더마팩토리 트라넥삼산 6% 크림 30ml,cream,true,290,4.700,290,1.0000,33,0.1138,56,0.1931,108,0.3724,59.772,복합성:45;건성:33;민감성:11;지성:10;트러블성:3,여름쿨톤:28;웜톤:24;쿨톤:21;겨울쿨톤:13;봄웜톤:10,잡티:48;미백:44;트러블:18;블랙헤드:15;각질:12,high
prod_oy_a000000251937,세타필,[20ml 증정/붉은기완화] 세타필 시카 세라 장벽 크림 45ml,cream,true,289,4.872,289,1.0000,7,0.0242,55,0.1903,161,0.5571,39.370,복합성:71;건성:35;민감성:21;지성:16;트러블성:10,웜톤:42;쿨톤:37;가을웜톤:23;봄웜톤:22;여름쿨톤:20,잡티:73;트러블:40;미백:38;주름:26;모공:23,high
prod_oy_a000000195739,헤이네이처,헤이네이처 어성초 앰플 20ml 기획(+어성초 마스크 2매),serum,true,288,4.691,288,1.0000,56,0.1944,30,0.1042,76,0.2639,2.299,복합성:32;지성:23;민감성:9;트러블성:6;건성:4,웜톤:27;쿨톤:16;가을웜톤:8;여름쿨톤:8;봄웜톤:7,트러블:39;잡티:36;미백:17;각질:10;민감성:6,high
prod_oy_a000000243679,피지오겔,피지오겔 DMT 에센스 인 토너 200ml (+토너 50ml),toner,true,286,4.888,286,1.0000,19,0.0664,34,0.1189,68,0.2378,8.444,복합성:25;건성:17;민감성:13;지성:7;트러블성:4,쿨톤:17;봄웜톤:13;여름쿨톤:12;웜톤:11;가을웜톤:7,잡티:28;트러블:23;블랙헤드:15;주름:13;미백:10,high
prod_oy_a000000214323,유리아쥬,[강력진정세럼] 유리아쥬 시카 데일리 인텐스 리페어 세럼 30ml,serum,true,285,4.726,285,1.0000,45,0.1579,51,0.1789,104,0.3649,15.435,건성:27;복합성:22;민감성:18;지성:18;트러블성:9,쿨톤:30;여름쿨톤:28;웜톤:15;가을웜톤:11;겨울쿨톤:10,잡티:42;트러블:30;미백:29;민감성:20;블랙헤드:17,high
prod_oy_a000000192301,VT,[모공케어] VT 리들샷 700 에센스 30ml,serum,true,282,4.777,282,1.0000,12,0.0426,47,0.1667,102,0.3617,4.096,복합성:43;지성:22;건성:18;민감성:8;트러블성:5,쿨톤:31;여름쿨톤:20;웜톤:20;가을웜톤:9;봄웜톤:9,미백:34;잡티:34;트러블:29;주름:19;각질:17,high
prod_oy_a000000116658,유리아쥬,[빠른진정토너] 유리아쥬 배리어덤 시카 토너 250ml,toner,true,280,4.675,280,1.0000,53,0.1893,40,0.1429,65,0.2321,2.300,복합성:22;지성:16;건성:11;민감성:6;트러블성:4,웜톤:21;쿨톤:18;여름쿨톤:10;봄웜톤:7;겨울쿨톤:4,잡티:28;트러블:19;미백:16;민감성:12;각질:10,high
prod_oy_a000000242839,아벤느,[밀도보습] 아벤느 이드랑스 리치 크림 40ml 2입 기획,cream,true,280,4.686,280,1.0000,12,0.0429,41,0.1464,83,0.2964,8.711,복합성:31;건성:25;지성:12;민감성:9;트러블성:4,웜톤:19;쿨톤:18;봄웜톤:16;여름쿨톤:14;가을웜톤:7,잡티:31;미백:27;트러블:21;블랙헤드:17;민감성:10,high
prod_oy_a000000166383,큐어,[증량기획] 큐어 리알로에 워터 젤리 토너 500ml 기획 (+50ml),toner,true,279,4.799,279,1.0000,55,0.1971,61,0.2186,84,0.3011,12.767,복합성:40;민감성:20;건성:9;지성:6;트러블성:5,여름쿨톤:22;쿨톤:18;웜톤:16;봄웜톤:13;겨울쿨톤:5,트러블:34;잡티:22;블랙헤드:21;각질:19;주름:15,high
prod_oy_a000000218444,비욘드,[피지&모공 7일케어] 비욘드 엔젤 티트리올 10% 트러블 앰플 50ml,serum,true,277,4.700,277,1.0000,1,0.0036,48,0.1733,144,0.5199,1.509,복합성:49;건성:40;지성:19;트러블성:14;민감성:12,웜톤:41;여름쿨톤:27;쿨톤:26;봄웜톤:20;겨울쿨톤:11,잡티:67;트러블:39;미백:36;주름:23;모공:19,high
prod_oy_a000000189768,메디필,[모공플럼핑 수분앰플] 메디필 히알루론산 레이어 물톡스 앰플 30ml,serum,true,275,4.753,275,1.0000,66,0.2400,55,0.2000,87,0.3164,4.378,복합성:39;건성:19;지성:10;트러블성:9;민감성:8,웜톤:21;쿨톤:19;겨울쿨톤:13;봄웜톤:13;여름쿨톤:11,잡티:33;미백:27;트러블:26;주름:21;각질:16,high
prod_oy_a000000255330,아누아,[한정기획] 아누아 어성초 77 B3징크 트러블 세럼 30ml 더블기획 (+어성초 수딩 크림 20ml),serum,true,275,4.753,275,1.0000,35,0.1273,80,0.2909,51,0.1855,53.858,복합성:20;지성:15;민감성:7;건성:4;트러블성:3,여름쿨톤:11;쿨톤:9;가을웜톤:8;봄웜톤:7;웜톤:7,잡티:17;미백:15;트러블:14;각질:8;블랙헤드:6,high
prod_oy_a000000202461,빌리프,[모공X탄력X장벽] 빌리프 슈퍼드랍스 펩타이드 퍼밍 세럼 30ml,serum,true,274,4.818,274,1.0000,0,0.0000,55,0.2007,147,0.5365,1.923,복합성:60;건성:39;민감성:15;지성:13;중성:7,쿨톤:37;웜톤:33;가을웜톤:21;여름쿨톤:20;봄웜톤:19,잡티:72;미백:38;트러블:34;주름:25;모공:21,high
prod_oy_a000000016873,유리아쥬,[수분장벽토너] 유리아쥬 제모스 토너 250ml,toner,true,272,4.717,272,1.0000,33,0.1213,27,0.0993,62,0.2279,1.110,건성:25;복합성:19;민감성:7;지성:4;트러블성:3,웜톤:18;쿨톤:15;여름쿨톤:11;봄웜톤:10;가을웜톤:4,잡티:22;미백:21;트러블:20;블랙헤드:13;각질:10,high
prod_oy_a000000154263,앰플엔,[민감피부진정] 앰플엔 센텔카밍샷 시카진정앰플 100ml,serum,true,272,4.794,272,1.0000,51,0.1875,47,0.1728,76,0.2794,6.375,복합성:23;지성:16;건성:15;약건성:10;민감성:9,여름쿨톤:16;쿨톤:12;웜톤:11;봄웜톤:9;가을웜톤:7,트러블:32;잡티:31;민감성:22;미백:20;블랙헤드:11,high
prod_oy_a000000203963,더하르나이,[화잘먹앰플/1+1단독기획]더하르나이 앰플세럼 50ml 리필기획(본품+리필),serum,true,272,4.739,272,1.0000,38,0.1397,40,0.1471,76,0.2794,4.213,복합성:35;지성:14;건성:11;민감성:7;약건성:5,쿨톤:19;봄웜톤:13;여름쿨톤:13;웜톤:12;가을웜톤:9,잡티:36;미백:26;트러블:25;각질:15;블랙헤드:10,high
prod_oy_a000000230877,바이오던스,[탄력수분크림] 바이오던스 포어 퍼펙팅 콜라겐 펩타이드 크림 50ml 기획 (+10ml),cream,true,271,4.738,271,1.0000,12,0.0443,38,0.1402,103,0.3801,1.926,복합성:48;건성:23;민감성:15;지성:10;트러블성:4,쿨톤:27;봄웜톤:23;여름쿨톤:20;웜톤:11;가을웜톤:9,잡티:46;미백:33;트러블:25;주름:18;각질:14,high
prod_oy_a000000184772,닥터자르트,[워터젤리/수분에센스]닥터자르트 바이탈 하이드라 솔루션 하이드로 플럼프 트리트먼트 에센스 150ml,serum,true,269,4.822,269,1.0000,55,0.2045,35,0.1301,75,0.2788,2.309,복합성:32;건성:21;민감성:13;지성:7;중성:1,봄웜톤:15;쿨톤:15;여름쿨톤:13;웜톤:12;가을웜톤:9,트러블:21;미백:19;민감성:18;잡티:18;주름:17,high
prod_oy_a000000200622,에스네이처,[수분쿨링/열감진정] 에스네이처 아쿠아 오아시스 수분 젤크림 90ml,cream,true,269,4.888,269,1.0000,37,0.1375,33,0.1227,109,0.4052,1.375,복합성:49;건성:19;지성:15;민감성:13;트러블성:7,웜톤:28;쿨톤:22;여름쿨톤:18;봄웜톤:16;가을웜톤:10,잡티:54;트러블:29;미백:25;블랙헤드:25;각질:16,high
prod_oy_a000000256752,이즈앤트리,이즈앤트리 초저분자 히아루론산 토너 300ml 리필기획 (+200ml 리필 + 미스트 펌프 + 늘어나는 화장솜),toner,true,268,4.810,268,1.0000,26,0.0970,40,0.1493,69,0.2575,3.511,복합성:20;지성:17;건성:14;트러블성:10;민감성:8,쿨톤:12;웜톤:11;여름쿨톤:10;겨울쿨톤:9;가을웜톤:8,잡티:31;트러블:25;미백:17;블랙헤드:11;모공:10,high
prod_oy_a000000197102,이즈앤트리,[NCT 재민PICK] 이즈앤트리 초저분자 히아루론산 토너 300ml,toner,true,267,4.809,267,1.0000,26,0.0974,40,0.1498,69,0.2584,3.464,복합성:20;지성:17;건성:14;트러블성:10;민감성:8,쿨톤:12;웜톤:11;여름쿨톤:10;겨울쿨톤:9;가을웜톤:8,잡티:31;트러블:25;미백:17;블랙헤드:11;모공:10,high
prod_oy_a000000169683,차앤박,[쿨링/진정] 차앤박 아쿠아 수딩 토너 200ml 1+1 기획,toner,true,266,4.816,266,1.0000,71,0.2669,31,0.1165,56,0.2105,3.515,복합성:21;지성:15;건성:11;민감성:6;트러블성:2,쿨톤:26;여름쿨톤:12;웜톤:8;봄웜톤:4;가을웜톤:3,잡티:25;미백:17;트러블:15;주름:10;블랙헤드:6,high
prod_oy_a000000202905,주미소,[항산화/광채케어]주미소 안티옥시던트 글로우 수분광채 에센스 40ml,serum,true,265,4.789,265,1.0000,1,0.0038,65,0.2453,162,0.6113,2.449,복합성:65;건성:44;지성:22;트러블성:11;민감성:10,웜톤:51;쿨톤:34;봄웜톤:23;겨울쿨톤:16;여름쿨톤:16,잡티:80;미백:54;주름:31;트러블:30;블랙헤드:27,high
prod_oy_a000000176352,클라뷰,클라뷰 리얼 비건 저분자 콜라겐 탄력 크림 50ml,cream,true,263,4.916,263,1.0000,60,0.2281,90,0.3422,95,0.3612,2.342,복합성:43;건성:25;지성:12;민감성:5;트러블성:5,웜톤:28;쿨톤:28;여름쿨톤:14;봄웜톤:12;가을웜톤:5,잡티:36;트러블:31;미백:21;주름:20;블랙헤드:13,high
prod_oy_a000000186655,더랩바이블랑두,[수분부스터] 더랩바이블랑두 올리고 히알루론산 부스팅 앰플 30ml 리필 기획,serum,true,263,4.707,263,1.0000,73,0.2776,28,0.1065,64,0.2433,1.806,복합성:24;건성:15;민감성:10;지성:8;중성:2,여름쿨톤:21;쿨톤:13;가을웜톤:11;웜톤:8;봄웜톤:6,트러블:26;잡티:19;미백:15;블랙헤드:14;각질:8,high
prod_oy_a000000200145,빌리프,[수분보습폭탄] 빌리프 모이스춰라이징 밤 / 아쿠아 밤 30ml 기획 (+뉴메로10 에센스 35ml),cream,true,263,4.909,263,1.0000,8,0.0304,51,0.1939,127,0.4829,1.764,복합성:51;건성:41;민감성:12;지성:9;트러블성:6,웜톤:34;쿨톤:29;여름쿨톤:21;겨울쿨톤:15;봄웜톤:15,잡티:68;미백:36;트러블:23;모공:20;주름:20,high
prod_oy_a000000213492,메디큐브,[흔적미백]메디큐브 PDRN 핑크 시카 수딩 토너 250ml,toner,true,263,4.802,263,1.0000,84,0.3194,114,0.4335,52,0.1977,4.586,복합성:22;건성:8;민감성:8;트러블성:6;지성:5,쿨톤:12;여름쿨톤:11;봄웜톤:8;가을웜톤:6;웜톤:4,잡티:21;미백:18;각질:12;트러블:12;주름:8,high
prod_oy_a000000231799,엑시스와이,[잡티컷세럼/미백] 엑시스와이 잡티케어 글로우 세럼 50ml,serum,true,263,4.875,263,1.0000,21,0.0798,64,0.2433,156,0.5932,151.034,복합성:57;건성:45;지성:26;트러블성:9;민감성:8,웜톤:42;여름쿨톤:29;쿨톤:28;겨울쿨톤:19;가을웜톤:16,잡티:82;미백:52;트러블:35;주름:31;모공:19,high
prod_oy_a000000250225,세포랩,[7월 올영픽/화잘먹부스팅템] 세포랩 바이오제닉 에센스 블렌디드 포뮬라 50% (100ml /30ml),serum,true,263,4.897,263,1.0000,84,0.3194,49,0.1863,62,0.2357,103.240,복합성:20;건성:17;지성:9;민감성:6;중성:4,쿨톤:15;웜톤:13;봄웜톤:12;여름쿨톤:9;가을웜톤:7,잡티:26;미백:25;주름:10;트러블:10;각질:8,high
prod_oy_a000000153913,싸이닉,싸이닉 더 심플 릴리프 수분크림 더블 기획 (80ml+80ml),serum,true,256,4.730,256,1.0000,39,0.1523,38,0.1484,70,0.2734,1.223,복합성:30;지성:19;건성:8;민감성:5;트러블성:5,봄웜톤:16;웜톤:15;쿨톤:13;여름쿨톤:8;가을웜톤:6,미백:24;잡티:23;트러블:15;각질:11;민감성:10,high
prod_oy_a000000118798,유세린,[수분크림1+1] 유세린 아쿠아포린 액티브 라이트크림 복합성용 50ml,cream,true,255,4.686,255,1.0000,19,0.0745,44,0.1725,59,0.2314,7.333,복합성:25;건성:15;지성:9;민감성:6;트러블성:3,웜톤:16;쿨톤:15;봄웜톤:8;여름쿨톤:7;겨울쿨톤:5,잡티:29;미백:21;주름:18;트러블:13;각질:9,high
prod_oy_a000000183516,라로슈포제,라로슈포제 에빠끌라 AI 15ml,serum,true,255,4.522,255,1.0000,30,0.1176,41,0.1608,57,0.2235,1.310,복합성:23;건성:13;지성:9;트러블성:5;민감성:4,웜톤:14;쿨톤:11;겨울쿨톤:10;여름쿨톤:8;가을웜톤:7,잡티:26;트러블:23;미백:12;각질:9;모공:7,high
prod_oy_a000000231779,라로슈포제,[7월 올영픽/본품 50%용량 추가 증정] 라로슈포제 시카플라스트 리페어 에센스 30ml 기획 (+7.5ml*2ea),serum,true,255,4.718,255,1.0000,20,0.0784,42,0.1647,90,0.3529,6.824,복합성:39;건성:16;민감성:10;지성:8;중성:7,여름쿨톤:22;쿨톤:20;가을웜톤:16;봄웜톤:15;겨울쿨톤:8,잡티:28;트러블:23;미백:16;블랙헤드:15;민감성:12,high
prod_oy_a000000148729,디오디너리,[차세대레티놀] 디오디너리 그랜액티브 레티노이드 2% 에멀전 30ml,lotion,true,251,4.681,251,1.0000,49,0.1952,40,0.1594,64,0.2550,6.470,복합성:30;지성:11;건성:9;민감성:9;약건성:3,여름쿨톤:18;쿨톤:17;가을웜톤:9;봄웜톤:8;겨울쿨톤:4,잡티:31;트러블:22;주름:20;미백:18;각질:6,high
prod_oy_a000000117807,바이오더마,바이오더마 하이드라비오 크림 50ml,cream,true,249,4.635,249,1.0000,37,0.1486,34,0.1365,60,0.2410,1.153,복합성:29;건성:14;민감성:9;지성:3;트러블성:3,쿨톤:18;봄웜톤:10;겨울쿨톤:9;웜톤:9;가을웜톤:6,잡티:24;미백:19;트러블:18;각질:8;블랙헤드:8,high
prod_oy_a000000231539,키엘,16년연속 NO.1 키엘 수분 장벽 크림 150ml,cream,true,248,4.802,248,1.0000,15,0.0605,44,0.1774,60,0.2419,8.992,복합성:23;건성:15;지성:8;트러블성:7;민감성:4,여름쿨톤:15;쿨톤:14;가을웜톤:11;겨울쿨톤:8;웜톤:7,잡티:26;트러블:19;미백:16;모공:9;민감성:8,high
prod_oy_a000000241852,에스티로더,[피부노화개선] 에스티로더 갈색병 세럼 30ml 기획/단품,serum,true,248,4.887,248,1.0000,32,0.1290,27,0.1089,82,0.3306,11.722,복합성:35;건성:19;지성:12;민감성:9;트러블성:3,웜톤:20;쿨톤:20;가을웜톤:13;여름쿨톤:11;봄웜톤:9,잡티:36;트러블:26;주름:22;미백:20;블랙헤드:16,high
prod_oy_a000000250711,넘버즈인,[화잘먹] 넘버즈인 3번 보들보들 퍼스트 결부스팅 토너 200ml 기획 (+50ml),toner,true,247,4.789,247,1.0000,4,0.0162,38,0.1538,81,0.3279,47.364,복합성:30;건성:19;지성:17;트러블성:6;중성:3,봄웜톤:18;여름쿨톤:16;웜톤:15;쿨톤:13;가을웜톤:7,잡티:37;트러블:25;미백:20;모공:13;각질:12,high
prod_oy_a000000224917,리쥬란,(30시간 보습지속/약산성 pH크림 장벽케어)리쥬란 더마힐러 모이스처 크림 60g [한정기획(+10g)/기획],cream,true,245,4.735,245,1.0000,37,0.1510,33,0.1347,90,0.3673,2.135,민감성:25;복합성:25;건성:19;트러블성:9;지성:8,여름쿨톤:23;웜톤:19;쿨톤:19;봄웜톤:17;겨울쿨톤:7,잡티:44;트러블:26;미백:20;각질:18;블랙헤드:12,high
prod_oy_a000000208735,아렌시아,[잡티미백 집중케어 / 화제의 쿨톤 세럼] 아렌시아 홀리 히솝 세럼 30 50g,serum,true,243,4.634,243,1.0000,16,0.0658,34,0.1399,87,0.3580,1.276,복합성:38;건성:21;민감성:13;지성:6;트러블성:6,웜톤:28;쿨톤:22;여름쿨톤:15;가을웜톤:9;봄웜톤:7,잡티:46;미백:30;트러블:21;주름:15;각질:13,high
prod_oy_a000000250593,셀퓨전씨,[핑구콜라보] 셀퓨전씨 포스트 알파 쿨링 펩타이드 앰플 30ml 기획 (+앰플 10ml),serum,true,243,4.621,243,1.0000,3,0.0123,29,0.1193,115,0.4733,42.387,복합성:55;건성:24;지성:18;트러블성:9;민감성:7,쿨톤:27;여름쿨톤:21;봄웜톤:20;가을웜톤:17;겨울쿨톤:13,잡티:44;트러블:37;블랙헤드:25;미백:18;민감성:17,high
prod_oy_a000000199824,랩시리즈,랩시리즈 데일리 레스큐 워터로션 200ml 단품/기획 (+60ml 추가증정),toner,true,242,4.855,242,1.0000,18,0.0744,45,0.1860,59,0.2438,1.537,복합성:25;건성:16;지성:9;트러블성:4;민감성:3,쿨톤:26;웜톤:17;가을웜톤:6;여름쿨톤:4;겨울쿨톤:3,잡티:21;미백:17;주름:16;트러블:12;각질:8,high
prod_oy_a000000188120,라운드랩,[보습장벽] 라운드랩 약콩 판테놀 앰플 50ml 기획 (+약콩 크림 20ml),serum,true,241,4.734,241,1.0000,30,0.1245,28,0.1162,72,0.2988,1.199,복합성:32;건성:21;민감성:8;지성:7;약건성:2,웜톤:17;쿨톤:17;봄웜톤:10;겨울쿨톤:9;여름쿨톤:8,잡티:31;미백:21;트러블:21;각질:16;블랙헤드:10,high
prod_oy_a000000229464,디퍼,[수분광채/화잘먹세럼] 디퍼 히알루론산 히알큐브 세콜지 수분 세럼 50ml,serum,true,241,4.917,241,1.0000,25,0.1037,46,0.1909,101,0.4191,1.436,복합성:49;건성:31;지성:7;트러블성:7;민감성:4,쿨톤:22;여름쿨톤:18;봄웜톤:16;웜톤:15;가을웜톤:12,잡티:49;미백:40;트러블:22;주름:19;블랙헤드:11,high
prod_oy_a000000250103,이지듀,이지듀 EGFx 다운타임 크림 60ml 기획(+오인트 겔 5ml),cream,true,240,4.804,240,1.0000,20,0.0833,37,0.1542,91,0.3792,49.587,복합성:31;건성:22;민감성:13;지성:12;트러블성:8,쿨톤:29;여름쿨톤:16;겨울쿨톤:15;가을웜톤:12;웜톤:10,잡티:39;트러블:24;미백:22;주름:17;모공:16,high
prod_oy_a000000250106,이지듀,이지듀 EGFx 다운타임 오인트 겔 15ml 기획(+크림 7ml),cream,true,240,4.804,240,1.0000,20,0.0833,37,0.1542,91,0.3792,49.587,복합성:31;건성:22;민감성:13;지성:12;트러블성:8,쿨톤:29;여름쿨톤:16;겨울쿨톤:15;가을웜톤:12;웜톤:10,잡티:39;트러블:24;미백:22;주름:17;모공:16,high
prod_oy_a000000126470,유세린,[장벽크림] 유세린 울트라 센서티브 리페어 크림 50ml,cream,true,237,4.684,237,1.0000,38,0.1603,42,0.1772,71,0.2996,1.781,복합성:28;건성:23;지성:11;민감성:3;트러블성:3,웜톤:21;쿨톤:20;여름쿨톤:11;겨울쿨톤:8;봄웜톤:7,잡티:33;미백:26;트러블:24;블랙헤드:13;주름:11,high
prod_oy_a000000159225,달바,[민낯광채/겉광속쫀] 달바 더블 레이어 리바이탈라이징 세럼 30ml,serum,true,237,4.688,237,1.0000,23,0.0970,31,0.1308,76,0.3207,1.409,복합성:32;건성:24;민감성:9;지성:7;약건성:3,웜톤:25;쿨톤:20;여름쿨톤:9;봄웜톤:8;가을웜톤:6,잡티:30;트러블:22;주름:20;미백:15;민감성:15,high
prod_oy_a000000231352,스킨푸드,[리필기획] 스킨푸드 캐롯 카로틴 모이스트 이펙터 리필기획 (55ml+52ml),serum,true,236,4.775,236,1.0000,27,0.1144,41,0.1737,75,0.3178,1.750,건성:24;복합성:23;지성:18;트러블성:3;민감성:2,쿨톤:18;웜톤:14;봄웜톤:13;가을웜톤:10;겨울쿨톤:10,잡티:29;블랙헤드:17;트러블:16;미백:15;민감성:15,high
prod_oy_a000000174356,아벤느,[수분/진정]아벤느 클리낭스 아쿠아크림-인-젤 수분 크림 50ml,cream,true,235,4.698,235,1.0000,27,0.1149,32,0.1362,68,0.2894,3.677,복합성:28;지성:19;건성:10;민감성:9;트러블성:2,웜톤:21;여름쿨톤:14;쿨톤:11;봄웜톤:8;겨울쿨톤:4,잡티:34;트러블:25;미백:20;각질:19;블랙헤드:11,high
prod_oy_a000000256079,rdrd,[NEW/단독기획/리뷰이벤트] rdrd 레드 애플 락토 진정 팝핑 토너 95g 응급진정 KIT 기획,toner,true,235,4.762,235,1.0000,6,0.0255,40,0.1702,128,0.5447,106.451,건성:37;복합성:37;지성:23;민감성:16;트러블성:5,웜톤:27;봄웜톤:25;여름쿨톤:24;쿨톤:22;가을웜톤:13,잡티:52;트러블:35;미백:28;주름:20;각질:19,high
prod_oy_a000000248589,톤28,[화잘먹] 톤28 해남404 글로우 크림앤세럼 50ml,serum,true,234,4.876,234,1.0000,107,0.4573,135,0.5769,103,0.4402,357.692,복합성:65;건성:14;지성:11;민감성:4;중성:3,웜톤:52;쿨톤:16;가을웜톤:11;여름쿨톤:11;봄웜톤:6,잡티:49;주름:40;미백:33;모공:17;트러블:15,high
prod_oy_a000000248974,rdrd,[NEW] rdrd 레드 애플 락토 진정 팝핑 토너 95g,toner,true,234,4.761,234,1.0000,6,0.0256,40,0.1709,127,0.5427,106.838,복합성:37;건성:36;지성:23;민감성:16;트러블성:5,웜톤:26;봄웜톤:25;여름쿨톤:24;쿨톤:22;가을웜톤:13,잡티:52;트러블:34;미백:28;주름:20;각질:18,high
prod_oy_a000000249153,이즈앤트리,[NCT 재민PICK] 이즈앤트리 어니언 뉴페어 앰플 플러스 50ml 기획 (+겔크림 플러스 20ml),serum,true,232,4.668,232,1.0000,10,0.0431,28,0.1207,79,0.3405,93.517,복합성:29;건성:21;지성:16;트러블성:5;민감성:2,쿨톤:19;여름쿨톤:18;웜톤:17;봄웜톤:11;가을웜톤:5,잡티:35;트러블:25;미백:18;각질:12;블랙헤드:10,high
prod_oy_a000000148252,라운드랩,[수분생기] 라운드랩 자작나무 수분 토너 300ml,toner,true,229,4.742,229,1.0000,12,0.0524,24,0.1048,41,0.1790,0.943,복합성:17;건성:10;지성:8;민감성:3;트러블성:2,웜톤:17;쿨톤:13;가을웜톤:3;봄웜톤:3;여름쿨톤:2,잡티:21;미백:14;트러블:10;블랙헤드:8;각질:7,high
prod_oy_a000000212724,듀이트리,[흔적수분크림] 듀이트리 AC 딥 흔적 진정 크림 60ml,cream,true,229,4.598,229,1.0000,19,0.0830,19,0.0830,39,0.1703,2.563,복합성:11;건성:10;지성:10;트러블성:3;중성:2,여름쿨톤:16;봄웜톤:7;쿨톤:6;가을웜톤:5;웜톤:2,트러블:19;잡티:17;미백:7;각질:6;모공:5,high
prod_oy_a000000250211,헤이네이처,헤이네이처 어성초 앰플 40ml,serum,true,229,4.668,229,1.0000,50,0.2183,28,0.1223,55,0.2402,1.498,복합성:23;지성:17;민감성:5;트러블성:5;건성:4,웜톤:21;쿨톤:10;봄웜톤:7;가을웜톤:6;여름쿨톤:6,트러블:28;잡티:26;미백:13;각질:8;블랙헤드:6,high
prod_oy_a000000165056,바이오더마,[슬로우에이징]바이오더마 센시비오 디펜시브 40ml,cream,true,227,4.744,227,1.0000,60,0.2643,27,0.1189,79,0.3480,1.744,복합성:26;지성:17;민감성:15;건성:9;중성:6,쿨톤:26;웜톤:15;여름쿨톤:13;봄웜톤:10;겨울쿨톤:8,트러블:32;잡티:23;미백:21;주름:17;민감성:11,high
prod_oy_a000000250209,바이오힐보,[슈링크홈디바이스] 바이오힐보 NAD프리즈셀 글로우 파워 세럼 30ml 기획,serum,true,227,4.727,227,1.0000,4,0.0176,36,0.1586,74,0.3260,14.753,복합성:41;건성:14;지성:9;민감성:7;중성:2,쿨톤:20;여름쿨톤:14;웜톤:12;가을웜톤:10;봄웜톤:9,잡티:36;트러블:23;미백:20;민감성:18;주름:13,high
prod_oy_a000000229523,성분에디터,[잡티미백케어] 성분에디터 머루포도 비타씨 다크 스팟 앰플 40ml,serum,true,226,4.496,226,1.0000,11,0.0487,38,0.1681,72,0.3186,3.252,복합성:29;건성:21;지성:8;민감성:7;트러블성:3,여름쿨톤:21;봄웜톤:13;쿨톤:13;웜톤:7;가을웜톤:5,잡티:40;미백:28;트러블:21;블랙헤드:11;주름:10,high
prod_oy_a000000189171,폴라초이스,[모공컨트롤샷]폴라초이스 10% 나이아신아마이드 부스터 앰플 20ml 기획(+각질제거제 30ml 증정),serum,true,225,4.747,225,1.0000,26,0.1156,44,0.1956,74,0.3289,6.013,복합성:41;지성:11;민감성:9;건성:5;트러블성:4,쿨톤:22;웜톤:15;봄웜톤:12;여름쿨톤:11;가을웜톤:7,잡티:31;미백:25;트러블:23;주름:14;모공:13,high
prod_oy_a000000214288,라운드랩,[10층탄력] 라운드랩 동백 딥 콜라겐 탄력 크림 50ml 기획 (+10ml),cream,true,223,4.834,223,1.0000,18,0.0807,39,0.1749,107,0.4798,2.978,복합성:47;건성:28;지성:10;민감성:8;약건성:5,웜톤:25;봄웜톤:22;쿨톤:21;가을웜톤:13;여름쿨톤:13,잡티:65;미백:34;트러블:34;주름:14;모공:13,high
prod_oy_a000000212250,오브제,[대용량] 오브제 포어 제로 필링 토너 310ml,toner,true,221,4.932,221,1.0000,32,0.1448,23,0.1041,54,0.2443,2.172,복합성:19;건성:14;민감성:9;지성:9;트러블성:2,웜톤:16;쿨톤:10;여름쿨톤:9;봄웜톤:6;가을웜톤:4,잡티:22;미백:16;트러블:12;주름:10;블랙헤드:8,high
prod_oy_a000000188950,한율,한율 빨간쌀 보습탄력 크림 55ml,cream,true,220,4.827,220,1.0000,19,0.0864,19,0.0864,88,0.4000,21.814,복합성:44;지성:17;건성:10;민감성:8;트러블성:6,웜톤:33;쿨톤:15;여름쿨톤:13;봄웜톤:12;가을웜톤:9,잡티:36;미백:27;트러블:23;각질:19;주름:17,high
prod_oy_a000000189015,후시다인,후시다인 더마 트러블 밸런싱 세럼 40g,serum,true,220,4.559,220,1.0000,62,0.2818,37,0.1682,85,0.3864,1.523,복합성:21;건성:20;지성:17;트러블성:15;민감성:11,여름쿨톤:19;웜톤:17;봄웜톤:15;쿨톤:14;가을웜톤:11,잡티:51;트러블:31;미백:24;각질:12;블랙헤드:8,high
prod_oy_a000000204633,설화수,설화수 윤조에센스 단품/기획,serum,true,220,4.941,220,1.0000,5,0.0227,34,0.1545,91,0.4136,2.527,건성:39;복합성:31;민감성:9;지성:8;트러블성:2,쿨톤:36;웜톤:23;여름쿨톤:10;겨울쿨톤:8;봄웜톤:7,잡티:36;미백:28;주름:20;트러블:19;블랙헤드:18,high
prod_oy_a000000175354,닥터자르트,[보습세럼]닥터자르트 세라마이딘 스킨 베리어 세럼 토너 150ml,toner,true,219,4.881,219,1.0000,31,0.1416,26,0.1187,57,0.2603,2.114,복합성:19;건성:13;민감성:12;트러블성:8;지성:3,웜톤:16;여름쿨톤:14;쿨톤:13;봄웜톤:5;가을웜톤:4,잡티:22;트러블:21;민감성:15;미백:11;블랙헤드:10,high
prod_oy_a000000159291,마몽드,마몽드 레티놀 앰플 토너 250ml,toner,true,218,4.638,218,1.0000,9,0.0413,33,0.1514,72,0.3303,1.289,복합성:36;건성:10;민감성:10;지성:7;트러블성:5,웜톤:20;쿨톤:16;여름쿨톤:13;봄웜톤:8;겨울쿨톤:7,트러블:29;잡티:24;미백:21;블랙헤드:15;각질:10,high
prod_oy_a000000203855,비욘드,[유수분밸런스] 비욘드 엔젤아쿠아 보습 장벽 로션 200ml,lotion,true,217,4.788,217,1.0000,9,0.0415,26,0.1198,69,0.3180,1.548,복합성:35;건성:13;트러블성:6;민감성:5;지성:4,웜톤:19;여름쿨톤:14;쿨톤:14;겨울쿨톤:8;봄웜톤:6,잡티:29;미백:17;트러블:15;블랙헤드:13;민감성:11,high
prod_oy_a000000252735,에스테덤,[물광 에센스]에스테덤 셀룰러워터 에센스 125ml 기획 (+버블 펌프 50ml),serum,true,217,4.774,217,1.0000,27,0.1244,34,0.1567,87,0.4009,254.161,복합성:30;건성:19;지성:17;민감성:11;트러블성:6,쿨톤:25;여름쿨톤:14;웜톤:14;봄웜톤:13;가을웜톤:9,잡티:29;미백:24;트러블:24;모공:18;주름:13,high
prod_oy_a000000192300,몰바니,몰바니 볼륨 인크리징 프로틴 크림 100ml,cream,true,215,4.902,215,1.0000,32,0.1488,48,0.2233,86,0.4000,5.177,복합성:39;건성:23;민감성:10;지성:7;트러블성:4,쿨톤:22;웜톤:21;봄웜톤:16;여름쿨톤:10;가을웜톤:8,잡티:39;미백:33;트러블:18;주름:17;블랙헤드:14,high
prod_oy_a000000218641,아이디플라코스메틱,[스무살 앰플] 아이디플라코스메틱 엑소브이 플러스 앰플 30ml,serum,true,215,4.847,215,1.0000,7,0.0326,53,0.2465,133,0.6186,2.833,복합성:64;건성:35;지성:15;민감성:6;중성:5,웜톤:38;여름쿨톤:27;쿨톤:23;봄웜톤:18;겨울쿨톤:11,잡티:71;미백:41;모공:25;주름:22;트러블:20,high
prod_oy_a000000229964,플로디카,플로디카 인투더 워터홀 앰플 50ml,serum,true,215,4.874,215,1.0000,12,0.0558,42,0.1953,125,0.5814,1.921,복합성:50;건성:35;지성:14;민감성:12;약건성:6,웜톤:34;쿨톤:30;여름쿨톤:21;봄웜톤:16;가을웜톤:13,잡티:65;미백:48;트러블:28;주름:24;모공:22,high
prod_oy_a000000233086,더랩바이블랑두,[대용량/화잘먹세럼] 더랩바이블랑두 올리고 히알루론산 딥 글로우 세럼 85ml 기획 (+15ml),serum,true,215,4.698,215,1.0000,9,0.0419,24,0.1116,86,0.4000,6.200,복합성:38;건성:17;민감성:15;지성:10;트러블성:3,쿨톤:24;봄웜톤:16;여름쿨톤:12;웜톤:12;가을웜톤:9,트러블:36;잡티:26;각질:18;미백:14;민감성:14,high
prod_oy_a000000255273,리쥬더마 EX,[리쥬란 제약사_4배속 급속진정]리쥬더마 EX 리페어링 크림 20g (+5g*2ea) 한정기획,cream,true,215,4.763,215,1.0000,4,0.0186,40,0.1860,112,0.5209,168.679,복합성:32;건성:29;지성:18;민감성:14;트러블성:9,웜톤:28;여름쿨톤:25;쿨톤:25;봄웜톤:18;가을웜톤:7,잡티:51;트러블:33;미백:27;주름:23;모공:15,high
prod_oy_a000000231455,스킨푸드,[NEW/겉뽀속촉] 스킨푸드 피치뽀송 징크피씨에이 톤업 크림 50ml,cream,true,214,4.935,214,1.0000,3,0.0140,24,0.1121,96,0.4486,1.724,복합성:41;건성:23;민감성:16;지성:11;트러블성:3,쿨톤:24;웜톤:22;여름쿨톤:12;겨울쿨톤:11;가을웜톤:9,잡티:47;미백:31;트러블:28;민감성:13;블랙헤드:11,high
prod_oy_a000000199847,리얼베리어,리얼베리어 익스트림 에센스 토너 라이트 300ml 기획 (+라이트 크림 25ml),toner,true,211,4.801,211,1.0000,21,0.0995,39,0.1848,71,0.3365,2.664,복합성:24;건성:23;민감성:11;지성:9;트러블성:4,쿨톤:17;봄웜톤:16;여름쿨톤:13;웜톤:12;가을웜톤:7,잡티:26;트러블:26;블랙헤드:24;각질:19;미백:15,high
prod_oy_a000000213112,파이코어,파이코어 디퍼런씨 블루바이옴 리페어 수딩크림 50ml,cream,true,211,4.905,211,1.0000,1,0.0047,41,0.1943,91,0.4313,1.886,복합성:35;건성:20;민감성:15;지성:12;중성:4,웜톤:24;쿨톤:23;겨울쿨톤:11;여름쿨톤:10;가을웜톤:9,잡티:47;미백:33;주름:23;트러블:17;블랙헤드:15,high
prod_oy_a000000147109,유세린,[보습장벽크림] 유세린 우레아 리페어 크림 50ml,cream,true,210,4.686,210,1.0000,49,0.2333,36,0.1714,62,0.2952,2.157,건성:23;복합성:19;민감성:7;지성:6;중성:4,웜톤:21;쿨톤:12;겨울쿨톤:9;봄웜톤:7;여름쿨톤:5,잡티:30;미백:26;주름:13;트러블:12;각질:11,high
prod_oy_a000000182584,닥터자르트,[한정기획/산뜻수분진정] 닥터자르트 시카페어 인텐시브 수딩 리페어 젤 크림 기획(50ml+15ml*2ea),cream,true,207,4.758,207,1.0000,33,0.1594,25,0.1208,54,0.2609,2.275,복합성:26;지성:12;건성:8;민감성:3;트러블성:3,여름쿨톤:15;봄웜톤:11;웜톤:10;쿨톤:10;가을웜톤:2,트러블:29;잡티:24;미백:20;각질:12;블랙헤드:8,high
prod_oy_a000000166013,라로슈포제,라로슈포제 에빠끌라 울트라 컨센트레이티드 세럼 30ml,serum,true,205,4.829,205,1.0000,14,0.0683,24,0.1171,66,0.3220,4.912,복합성:22;지성:15;트러블성:10;건성:9;민감성:8,봄웜톤:14;웜톤:14;쿨톤:14;여름쿨톤:9;가을웜톤:5,잡티:26;트러블:21;미백:18;각질:16;모공:11,high
prod_oy_a000000224124,브이앤에이뷰티,[리뉴얼/단독] 브이앤에이뷰티 안티옥시던트 래디언스 앰플 50ml 리필 기획세트 (+50ml 리필팩),serum,true,205,4.824,205,1.0000,15,0.0732,32,0.1561,89,0.4341,12.902,복합성:27;건성:25;지성:18;민감성:9;트러블성:7,쿨톤:22;웜톤:19;여름쿨톤:16;가을웜톤:14;봄웜톤:10,잡티:52;미백:29;트러블:16;블랙헤드:14;주름:13,high
prod_oy_a000000247112,스킨앤랩,[NEW/잡티토닝] 스킨앤랩 글루타치온 앰플 토너 200ml,toner,true,205,4.941,205,1.0000,17,0.0829,33,0.1610,111,0.5415,72.195,복합성:40;건성:34;지성:14;민감성:11;트러블성:7,쿨톤:29;여름쿨톤:24;웜톤:18;가을웜톤:14;봄웜톤:13,잡티:56;미백:32;트러블:20;주름:17;블랙헤드:12,high
prod_oy_a000000179544,비플레인,[트러블완화/수분진정] 비플레인 시카테롤 토너 200ml,toner,true,203,4.744,203,1.0000,27,0.1330,26,0.1281,63,0.3103,1.571,복합성:19;건성:15;지성:13;민감성:8;트러블성:5,여름쿨톤:16;쿨톤:13;웜톤:10;봄웜톤:9;가을웜톤:8,트러블:32;잡티:23;미백:16;각질:13;블랙헤드:13,high
prod_oy_a000000172476,차앤박,차앤박(CNP) 프로폴리스 멀티 앰플밤 1+1 기획,cream,true,202,4.713,202,1.0000,18,0.0891,37,0.1832,60,0.2970,1.495,복합성:25;건성:18;지성:9;민감성:5;트러블성:2,봄웜톤:13;웜톤:13;쿨톤:12;여름쿨톤:10;겨울쿨톤:5,잡티:25;미백:22;주름:20;트러블:12;블랙헤드:8,high
prod_oy_a000000139561,스킨푸드,[끝판꿀광+트러블개선] 스킨푸드 로열허니 프로폴리스 인리치 에센스,serum,true,201,4.781,201,1.0000,20,0.0995,24,0.1194,31,0.1542,0.846,복합성:12;건성:11;지성:4;민감성:1;약건성:1,쿨톤:14;웜톤:10;여름쿨톤:2;봄웜톤:1,미백:10;잡티:8;트러블:8;민감성:6;블랙헤드:6,high
prod_oy_a000000233882,바이오힐보,[광채세럼] 바이오힐보 NAD 프리즈셀 글로우 파워 세럼 30ml [단품/기획],serum,true,201,4.731,201,1.0000,2,0.0100,33,0.1642,68,0.3383,13.597,복합성:36;건성:14;지성:9;민감성:6;중성:2,쿨톤:17;여름쿨톤:12;웜톤:11;가을웜톤:10;봄웜톤:9,잡티:32;트러블:23;미백:19;민감성:17;주름:12,high
prod_oy_a000000234384,브링그린,[속보습] 브링그린 블루빈 B5-PDRN 마일드 크림 100ml (+블루빈로션 10ml),cream,true,197,4.635,197,1.0000,18,0.0914,27,0.1371,62,0.3147,12.543,복합성:27;건성:14;지성:9;민감성:6;중성:2,봄웜톤:12;쿨톤:11;겨울쿨톤:10;여름쿨톤:10;가을웜톤:9,잡티:21;미백:19;트러블:15;블랙헤드:13;민감성:10,high
prod_oy_a000000244993,제로이드,제로이드 인텐시브 크림 토너 200ml 기획 (+크림 10ml),toner,true,197,4.756,197,1.0000,31,0.1574,34,0.1726,51,0.2589,4.330,복합성:21;민감성:12;건성:8;지성:6;트러블성:3,쿨톤:12;여름쿨톤:9;봄웜톤:8;웜톤:7;가을웜톤:6,잡티:19;미백:17;주름:14;트러블:14;민감성:8,high
prod_oy_a000000155193,닥터자르트,닥터자르트 포어레미디 파하 익스폴리에이팅 세럼 (본품30ml+15ml 추가 증정),serum,true,196,4.459,196,1.0000,16,0.0816,24,0.1224,75,0.3827,1.806,복합성:33;건성:15;지성:13;민감성:7;트러블성:5,쿨톤:24;웜톤:23;여름쿨톤:9;가을웜톤:6;봄웜톤:3,트러블:28;잡티:27;미백:23;블랙헤드:14;모공:12,high
prod_oy_a000000164251,플리프,플리프 시카-알로에 프레쉬 수분크림 150ml,cream,true,196,4.760,196,1.0000,30,0.1531,28,0.1429,52,0.2653,0.709,복합성:18;지성:13;건성:12;민감성:4;트러블성:4,웜톤:14;쿨톤:13;겨울쿨톤:8;가을웜톤:7;여름쿨톤:4,잡티:19;트러블:16;미백:15;주름:10;블랙헤드:9,high
prod_oy_a000000010471,라로슈포제,라로슈포제 에빠끌라 MAT 세보 컨트롤링 모이스춰라이저,cream,true,195,4.646,195,1.0000,51,0.2615,14,0.0718,40,0.2051,0.995,복합성:18;지성:9;트러블성:5;건성:4;민감성:3,쿨톤:12;여름쿨톤:9;웜톤:8;봄웜톤:4;가을웜톤:3,트러블:21;잡티:16;각질:7;미백:5;민감성:3,high
prod_oy_a000000150815,아크네스,[기름종이토너] 아크네스 세범 밸런싱 스킨 200ml,toner,true,195,4.687,195,1.0000,38,0.1949,30,0.1538,54,0.2769,2.462,복합성:27;지성:9;민감성:7;트러블성:6;건성:4,웜톤:18;쿨톤:14;여름쿨톤:6;가을웜톤:3;겨울쿨톤:2,잡티:21;주름:19;미백:14;트러블:12;블랙헤드:8,high
prod_oy_a000000244897,코스알엑스,[속보습]코스알엑스 더 6 펩타이드 스킨 부스터 세럼 30ml,serum,true,194,4.716,194,1.0000,4,0.0206,8,0.0412,69,0.3557,21.160,복합성:38;지성:10;민감성:9;건성:7;트러블성:2,여름쿨톤:19;봄웜톤:13;쿨톤:10;가을웜톤:9;웜톤:8,트러블:30;잡티:27;미백:14;각질:12;블랙헤드:10,high
prod_oy_a000000145333,닥터디퍼런트,[산뜻/지성크림] 닥터디퍼런트 113 세콜지 모이스처라이저 100ml,cream,true,193,4.606,193,1.0000,41,0.2124,26,0.1347,69,0.3575,2.249,민감성:24;복합성:16;지성:16;트러블성:5;중성:4,겨울쿨톤:16;여름쿨톤:15;쿨톤:15;가을웜톤:9;봄웜톤:5,민감성:23;트러블:21;잡티:15;주름:13;블랙헤드:10,high
prod_oy_a000000137017,마녀공장,마녀공장 비피다 바이옴 콤플렉스 앰플 30ml,serum,true,192,4.646,192,1.0000,12,0.0625,20,0.1042,49,0.2552,1.188,복합성:22;건성:18;지성:5;약건성:1;중성:1,웜톤:14;쿨톤:14;여름쿨톤:6;가을웜톤:4;봄웜톤:4,잡티:20;미백:16;트러블:15;블랙헤드:6;주름:6,high
prod_oy_a000000237491,코스노리,[수부지장벽토너] 코스노리 판테놀 베리어 토너 205ml,toner,true,192,4.953,192,1.0000,17,0.0885,11,0.0573,42,0.2188,14.177,민감성:11;복합성:10;건성:9;지성:6;트러블성:5,웜톤:10;쿨톤:8;가을웜톤:6;겨울쿨톤:6;봄웜톤:4,잡티:21;미백:16;트러블:9;각질:6;주름:6,high
prod_oy_a000000200310,토리든,토리든 셀메이징 비타C 브라이트닝 앰플 30ml,serum,true,191,4.503,191,1.0000,5,0.0262,39,0.2042,77,0.4031,2.487,복합성:33;건성:14;지성:13;민감성:11;트러블성:4,여름쿨톤:19;웜톤:16;봄웜톤:14;쿨톤:12;겨울쿨톤:6,잡티:34;미백:33;트러블:25;블랙헤드:12;각질:11,high
prod_oy_a000000164614,어바웃미,어바웃미 숲 진정 수분 크림 80ml (100시간 수분지속 진정크림),cream,true,190,4.732,190,1.0000,29,0.1526,34,0.1789,89,0.4684,2.253,복합성:43;지성:16;건성:11;민감성:9;트러블성:6,웜톤:21;쿨톤:21;여름쿨톤:12;봄웜톤:8;가을웜톤:7,트러블:38;잡티:29;미백:20;민감성:16;블랙헤드:15,high
prod_oy_a000000216291,제로이드,제로이드 인텐시브 오인트 크림 80ml,cream,true,190,4.832,190,1.0000,34,0.1789,45,0.2368,48,0.2526,8.226,건성:16;복합성:14;지성:9;민감성:8;약건성:1,웜톤:17;쿨톤:9;여름쿨톤:8;봄웜톤:7;가을웜톤:4,잡티:26;미백:20;트러블:11;민감성:7;모공:6,high
prod_oy_a000000229513,지피덤,[퀸승용 PICK] [장벽탄력/트러블] 지피덤 셀트리온EGF 스킨베리어 인텐시브 크림 80ml,cream,true,190,4.779,190,1.0000,30,0.1579,68,0.3579,59,0.3105,7.095,복합성:19;건성:13;민감성:11;지성:6;트러블성:5,여름쿨톤:15;웜톤:13;봄웜톤:10;겨울쿨톤:9;쿨톤:7,트러블:23;잡티:22;미백:14;블랙헤드:12;주름:10,high
prod_oy_a000000250143,라로슈포제,라로슈포제 에빠끌라 K(+) 토너 200ml 기획(+에빠끌라 폼 50ml),toner,true,189,4.725,189,1.0000,36,0.1905,29,0.1534,38,0.2011,5.577,지성:14;민감성:10;복합성:7;트러블성:4;약건성:2,웜톤:10;쿨톤:10;여름쿨톤:7;봄웜톤:4;겨울쿨톤:2,잡티:18;트러블:15;미백:13;주름:6;민감성:5,high
prod_oy_a000000176512,트러블레스,트러블레스 마일드 클리어 토너 에센스 200ml,toner,true,188,4.915,188,1.0000,75,0.3989,31,0.1649,50,0.2660,1.548,복합성:13;지성:13;건성:10;민감성:5;약건성:4,웜톤:21;쿨톤:13;여름쿨톤:7;봄웜톤:4;겨울쿨톤:2,잡티:26;주름:19;트러블:11;미백:9;각질:8,high
prod_oy_a000000228259,더마팩토리,더마팩토리 레티날 300ppm크림 30ml,cream,true,188,4.734,188,1.0000,13,0.0691,34,0.1809,78,0.4149,23.532,복합성:35;건성:17;지성:9;민감성:8;트러블성:5,웜톤:21;쿨톤:12;여름쿨톤:11;봄웜톤:10;겨울쿨톤:9,미백:32;잡티:31;블랙헤드:18;트러블:16;주름:11,high
prod_oy_a000000229082,차앤박,[화잘먹토너] 차앤박 더마앤서 핑크토닝 PDRN 토너 200ml,toner,true,188,4.899,188,1.0000,21,0.1117,26,0.1383,100,0.5319,1.378,복합성:39;건성:24;지성:14;민감성:9;트러블성:5,쿨톤:27;여름쿨톤:22;웜톤:22;봄웜톤:12;겨울쿨톤:7,잡티:48;미백:33;모공:16;주름:15;트러블:11,high
prod_oy_a000000246431,닥터자르트,[NEW단독기획/화잘먹세럼] 닥터자르트 세라마이딘 스킨 베리어 모이스쳐 리커버리 세럼 30ml 기획 (+크림15ml),serum,true,188,4.862,188,1.0000,37,0.1968,68,0.3617,50,0.2660,95.521,복합성:28;건성:11;민감성:4;약건성:3;트러블성:3,웜톤:11;쿨톤:11;봄웜톤:9;겨울쿨톤:6;여름쿨톤:6,잡티:24;트러블:14;미백:12;주름:11;블랙헤드:9,high
prod_oy_a000000149138,이즈앤트리,이즈앤트리 히아루론산 아쿠아 젤 크림 100ml,cream,true,187,4.701,187,1.0000,25,0.1337,30,0.1604,58,0.3102,2.075,복합성:24;지성:13;건성:7;민감성:7;트러블성:4,쿨톤:13;웜톤:12;여름쿨톤:11;가을웜톤:7;봄웜톤:7,트러블:20;잡티:15;미백:12;각질:11;블랙헤드:11,high
prod_oy_a000000170690,유세린,[미백잡티] 유세린 이븐래디언스 모이스처라이저 50ml,lotion,true,187,4.754,187,1.0000,46,0.2460,28,0.1497,60,0.3209,3.957,복합성:23;지성:21;민감성:7;건성:6;중성:1,웜톤:22;쿨톤:20;여름쿨톤:6;봄웜톤:5;가을웜톤:3,트러블:29;잡티:27;미백:20;각질:9;주름:6,high
prod_oy_a000000173055,라타플랑,[피지40%감소] 라타플랑 미나리 시카트러블 진정 수분크림 75ml,cream,true,185,4.746,185,1.0000,38,0.2054,39,0.2108,65,0.3514,1.870,복합성:23;건성:14;지성:12;민감성:9;약건성:1,여름쿨톤:15;웜톤:14;쿨톤:14;봄웜톤:6;겨울쿨톤:3,잡티:28;트러블:23;블랙헤드:16;미백:15;주름:8,high
prod_oy_a000000180408,리쥬란,[리쥬란 퍼스트에센스]리쥬란 더마 힐러 트리트먼트 에센스 70g [기획(+턴오버앰플 5ml)/단품],serum,true,185,4.805,185,1.0000,10,0.0541,34,0.1838,62,0.3351,4.681,복합성:31;건성:12;트러블성:10;민감성:5;중성:2,웜톤:19;쿨톤:12;봄웜톤:11;여름쿨톤:10;가을웜톤:6,잡티:26;트러블:18;미백:17;민감성:10;주름:10,high
prod_oy_a000000209380,큐어,[국민크림] 큐어 인텐시브 2X 크림,cream,true,185,4.822,185,1.0000,3,0.0162,23,0.1243,66,0.3568,12.119,복합성:30;지성:14;건성:11;트러블성:5;민감성:4,웜톤:22;쿨톤:12;여름쿨톤:9;봄웜톤:8;겨울쿨톤:6,잡티:32;미백:18;트러블:16;블랙헤드:12;모공:9,high
prod_oy_a000000161805,라로슈포제,라로슈포제 똘러리앙 덤알레르고 크림 40ml,cream,true,184,4.832,184,1.0000,65,0.3533,27,0.1467,57,0.3098,5.109,건성:23;민감성:15;복합성:13;트러블성:4;약건성:1,겨울쿨톤:18;웜톤:10;여름쿨톤:9;봄웜톤:7;쿨톤:6,각질:19;잡티:19;주름:12;미백:11;트러블:9,high
prod_oy_a000000153893,아이소이,[속보습/100시간] 아이소이 모이스춰닥터 장수진 수분앰플 40ml,serum,true,183,4.781,183,1.0000,36,0.1967,15,0.0820,40,0.2186,1.235,복합성:19;건성:11;지성:5;트러블성:3;민감성:1,웜톤:13;쿨톤:10;봄웜톤:7;가을웜톤:3;겨울쿨톤:2,잡티:18;트러블:16;미백:9;각질:7;블랙헤드:6,high
prod_oy_a000000185366,배드스킨,배드스킨 콜라겐 밤 하이드레이팅 앰플 400ml 기획(+100ml),serum,true,182,4.863,182,1.0000,22,0.1209,30,0.1648,50,0.2747,0.813,복합성:17;건성:13;민감성:9;트러블성:5;지성:4,쿨톤:13;웜톤:11;가을웜톤:8;여름쿨톤:8;봄웜톤:4,잡티:27;미백:22;트러블:10;주름:8;각질:7,high
prod_oy_a000000199173,오휘,[PDRN세럼 선물세트] 오휘 프라임AD 디에이징 앰플세럼 20ml 세트,serum,true,182,4.901,182,1.0000,0,0.0000,36,0.1978,112,0.6154,2.253,복합성:42;건성:30;지성:14;민감성:12;중성:5,쿨톤:28;웜톤:24;봄웜톤:18;여름쿨톤:14;가을웜톤:12,잡티:59;미백:33;주름:20;트러블:20;모공:19,high
prod_oy_a000000182273,마일드랩,[EGF판테놀/장벽] 마일드랩 블루센텔라 더마 리페어크림 50ml,cream,true,181,4.724,181,1.0000,27,0.1492,22,0.1215,63,0.3481,1.409,복합성:21;건성:13;지성:13;민감성:7;트러블성:7,여름쿨톤:15;웜톤:12;가을웜톤:11;봄웜톤:10;쿨톤:9,트러블:32;잡티:30;블랙헤드:14;미백:12;주름:9,high
prod_oy_a000000248500,아누아,[박희선Pick] 아누아 어성초 77 B3 징크 트러블 세럼 30ml 더블 기획,serum,true,181,4.823,181,1.0000,29,0.1602,58,0.3204,22,0.1215,47.950,복합성:5;지성:5;민감성:4;건성:3;트러블성:3,쿨톤:6;가을웜톤:3;겨울쿨톤:3;봄웜톤:3;여름쿨톤:3,트러블:7;잡티:6;미백:5;각질:3;모공:2,high
prod_oy_a000000216574,썸바이미,썸바이미 아하 바하 파하 30 데이즈 미라클 토너 기획세트 (150ml+30ml),toner,true,180,4.767,180,1.0000,31,0.1722,29,0.1611,41,0.2278,5.906,복합성:18;지성:12;건성:8;민감성:1;트러블성:1,여름쿨톤:11;쿨톤:9;웜톤:8;가을웜톤:3;봄웜톤:3,잡티:14;각질:11;미백:8;블랙헤드:8;트러블:8,high
prod_oy_a000000232734,퓨어그램,퓨어그램 속건조필수템 저분자 하이드라 히알루론산 세럼 30ml,serum,true,180,4.906,180,1.0000,5,0.0278,37,0.2056,56,0.3111,4.911,복합성:31;지성:8;건성:7;민감성:4;트러블성:3,웜톤:23;쿨톤:12;겨울쿨톤:7;여름쿨톤:5;봄웜톤:4,잡티:30;미백:27;주름:12;트러블:9;모공:8,high
prod_oy_a000000235338,디마프,[원조버블세럼] 디마프 히어로 마이 퍼스트 세럼 a.k.a 만능기초 155ml,serum,true,179,4.838,179,1.0000,17,0.0950,39,0.2179,69,0.3855,50.782,복합성:25;건성:20;민감성:11;트러블성:6;지성:4,쿨톤:20;웜톤:12;봄웜톤:9;여름쿨톤:9;가을웜톤:7,잡티:32;트러블:22;미백:17;주름:15;민감성:9,high
prod_oy_a000000246219,라로슈포제,라로슈포제 히알루 B5 수분탄력 세럼 30ml,serum,true,179,4.793,179,1.0000,16,0.0894,34,0.1899,49,0.2737,17.665,건성:22;복합성:12;트러블성:5;민감성:4;지성:2,쿨톤:13;웜톤:11;봄웜톤:7;여름쿨톤:7;겨울쿨톤:6,잡티:21;미백:13;트러블:10;각질:8;블랙헤드:5,high
prod_oy_a000000172156,루트리,루트리 오디베리 5중 모공 리파이닝 앰플 50ml,serum,true,177,4.565,177,1.0000,18,0.1017,34,0.1921,87,0.4915,2.130,복합성:39;지성:24;건성:12;민감성:4;중성:3,웜톤:30;쿨톤:19;여름쿨톤:13;봄웜톤:9;가을웜톤:7,미백:32;잡티:31;트러블:23;주름:19;각질:18,high
prod_oy_a000000170038,닥터지,[피지케어] 닥터지 에이클리어 밸런싱 토너 200ml 증정 기획 (+화장솜 70매),toner,true,176,4.824,176,1.0000,30,0.1705,13,0.0739,50,0.2841,1.278,복합성:23;지성:15;건성:7;민감성:2;중성:1,웜톤:10;여름쿨톤:9;쿨톤:9;가을웜톤:5;겨울쿨톤:4,잡티:26;트러블:15;미백:14;각질:13;주름:6,high
prod_oy_a000000236508,프리메라,프리메라 비타티놀 인텐스 바운시 리프트 마스크 크림 30ml 기획/단품,cream,true,176,4.778,176,1.0000,8,0.0455,54,0.3068,61,0.3466,10.528,복합성:30;건성:18;지성:7;트러블성:3;민감성:2,쿨톤:16;여름쿨톤:13;웜톤:12;가을웜톤:9;봄웜톤:6,잡티:27;미백:18;민감성:13;주름:12;트러블:12,high
prod_oy_a000000186131,메디큐브,메디큐브 레드 이레이징 크림 2.0 50ml,cream,true,175,4.406,175,1.0000,12,0.0686,18,0.1029,49,0.2800,1.229,복합성:20;지성:12;건성:11;트러블성:3;민감성:1,봄웜톤:12;웜톤:12;여름쿨톤:10;쿨톤:6;겨울쿨톤:5,트러블:29;잡티:20;미백:8;블랙헤드:7;각질:5,high
prod_oy_a000000206212,메디큐브,메디큐브 제로 모공 원데이 크림 50ml,cream,true,175,4.789,175,1.0000,33,0.1886,24,0.1371,53,0.3029,7.874,복합성:23;건성:15;지성:5;트러블성:5;민감성:2,웜톤:11;쿨톤:9;여름쿨톤:6;봄웜톤:4;가을웜톤:3,잡티:18;미백:17;트러블:13;각질:7;모공:7,high
prod_oy_a000000165887,닥터디퍼런트,[진정/쿨링] 닥터디퍼런트 시카 메탈 퀵 수딩 크림 50g,cream,true,174,4.736,174,1.0000,13,0.0747,40,0.2299,98,0.5632,3.517,복합성:49;건성:23;민감성:11;트러블성:9;지성:3,웜톤:28;쿨톤:20;봄웜톤:16;가을웜톤:13;여름쿨톤:11,잡티:51;트러블:38;미백:32;민감성:20;블랙헤드:15,high
prod_oy_a000000174751,토리든,토리든 솔리드인 세라마이드 올데이 에센스 100ml,serum,true,174,4.770,174,1.0000,13,0.0747,23,0.1322,58,0.3333,10.655,복합성:26;건성:14;민감성:6;트러블성:6;지성:5,쿨톤:16;웜톤:12;여름쿨톤:10;봄웜톤:8;가을웜톤:4,잡티:24;트러블:22;미백:17;각질:11;블랙헤드:7,high
prod_oy_a000000142737,더랩바이블랑두,[장벽UP] 더랩바이블랑두 저분자 히알루론산 카밍+ 크림 80ml,cream,true,172,4.750,172,1.0000,27,0.1570,31,0.1802,25,0.1453,1.017,건성:10;복합성:9;지성:5;민감성:1,웜톤:14;쿨톤:8;겨울쿨톤:2,미백:10;잡티:10;각질:8;트러블:8;민감성:3,high
prod_oy_a000000188948,한율,한율 빨간쌀 보습탄력 에멀젼 125ml,lotion,true,172,4.860,172,1.0000,20,0.1163,19,0.1105,53,0.3081,1.477,복합성:22;민감성:9;지성:8;건성:7;트러블성:3,웜톤:14;쿨톤:11;여름쿨톤:10;가을웜톤:5;봄웜톤:5,트러블:17;잡티:16;미백:12;블랙헤드:8;민감성:7,high
prod_oy_a000000200328,디오디너리,[수분보습] 디오디너리 히알루로닉 애시드 2% + B5 60ml,serum,true,172,4.727,172,1.0000,21,0.1221,38,0.2209,46,0.2674,3.262,복합성:14;건성:9;민감성:9;지성:6;트러블성:4,웜톤:15;가을웜톤:8;쿨톤:8;봄웜톤:4;겨울쿨톤:3,트러블:21;잡티:16;미백:10;주름:8;민감성:6,high
prod_oy_a000000150818,아크네스,[수부지산뜻진정] 아크네스 모이스처 크림 60ml,serum,true,171,4.696,171,1.0000,45,0.2632,37,0.2164,41,0.2398,1.749,복합성:26;건성:6;지성:4;트러블성:3;민감성:2,웜톤:22;쿨톤:8;가을웜톤:5;여름쿨톤:4,잡티:25;주름:19;트러블:9;미백:7;각질:5,high
prod_oy_a000000224246,풀리,[레이PICK/보습광채] 풀리 쌀 세라 에센스 토너 250ml,toner,true,171,4.930,171,1.0000,5,0.0292,24,0.1404,62,0.3626,16.170,건성:23;복합성:16;지성:11;민감성:7;트러블성:3,웜톤:26;쿨톤:21;여름쿨톤:6;봄웜톤:3;가을웜톤:2,잡티:35;미백:26;주름:17;트러블:12;각질:5,high
prod_oy_a000000260462,에스트라,에스트라 아토베리어365 하이드로 수딩크림 80ml,cream,true,170,4.694,170,1.0000,2,0.0118,15,0.0882,60,0.3529,99.629,복합성:30;건성:8;민감성:8;지성:7;트러블성:4,여름쿨톤:16;쿨톤:12;웜톤:10;가을웜톤:8;봄웜톤:6,잡티:22;트러블:16;미백:13;각질:10;블랙헤드:10,high
prod_oy_a000000161804,라로슈포제,라로슈포제 똘러리앙 덤알레르고 플루이드 40ml,cream,true,167,4.796,167,1.0000,68,0.4072,28,0.1677,31,0.1856,2.599,건성:10;복합성:9;민감성:6;트러블성:4;지성:2,웜톤:11;여름쿨톤:6;봄웜톤:5;쿨톤:5;겨울쿨톤:3,잡티:15;트러블:13;미백:11;각질:7;주름:5,high
prod_oy_a000000250099,라로슈포제,라로슈포제 시카플라스트 리페어 에센스 30ml 기획 (+시카밤3ml+시카라방3ml),serum,true,167,4.719,167,1.0000,16,0.0958,32,0.1916,59,0.3533,5.569,복합성:25;건성:9;지성:7;민감성:6;중성:5,쿨톤:15;가을웜톤:12;여름쿨톤:12;봄웜톤:9;웜톤:5,잡티:19;트러블:16;미백:10;각질:8;모공:8,high
prod_oy_a000000227093,VT,[베일리PICK] VT 피디알엔 글로우 앰플 미스트 100ml,serum,true,165,4.903,165,1.0000,18,0.1091,18,0.1091,88,0.5333,3.588,복합성:35;건성:17;지성:15;민감성:11;트러블성:6,쿨톤:24;봄웜톤:15;웜톤:14;여름쿨톤:13;가을웜톤:11,잡티:39;미백:30;트러블:27;모공:8;민감성:7,high
prod_oy_a000000239993,이즈앤트리,[NCT 재민PICK] 이즈앤트리 어니언 뉴페어 부스터 2000에스 50ml,serum,true,164,4.738,164,1.0000,2,0.0122,22,0.1341,75,0.4573,1.280,복합성:27;건성:15;지성:15;민감성:8;트러블성:5,여름쿨톤:15;웜톤:15;봄웜톤:12;쿨톤:12;겨울쿨톤:10,잡티:31;미백:24;트러블:18;모공:11;주름:11,high
prod_oy_a000000251494,도미나스,[태극제약]도미나스 크림 Rx 30ml 기획 (+7ml),cream,true,164,4.744,164,1.0000,3,0.0183,29,0.1768,64,0.3902,60.744,건성:23;복합성:15;지성:12;민감성:8;트러블성:5,웜톤:15;쿨톤:14;봄웜톤:11;여름쿨톤:9;가을웜톤:7,잡티:40;미백:25;트러블:14;주름:11;각질:6,high
prod_oy_a000000141417,잇츠스킨,잇츠스킨 레몬씨 스퀴즈 앰플 토너 500ml *,toner,true,162,4.698,162,1.0000,28,0.1728,49,0.3025,32,0.1975,2.185,복합성:12;건성:10;지성:8;민감성:1,웜톤:12;쿨톤:10;가을웜톤:2;겨울쿨톤:2;여름쿨톤:2,잡티:13;미백:10;각질:6;블랙헤드:6;트러블:6,high
prod_oy_a000000204647,더후,[김지원 PICK] 더후 비첩 자생 에센스 디스커버리 세트,serum,true,162,4.932,162,1.0000,5,0.0309,21,0.1296,96,0.5926,1.346,복합성:39;건성:19;민감성:12;지성:11;중성:7,웜톤:29;쿨톤:19;봄웜톤:15;가을웜톤:13;여름쿨톤:9,잡티:46;미백:26;주름:25;트러블:19;블랙헤드:12,high
prod_oy_a000000115384,로벡틴,[응급진정/유수분케어]로벡틴 시카케어 밸런싱 토너 260ml,toner,true,160,4.700,160,1.0000,29,0.1812,15,0.0938,42,0.2625,1.063,복합성:18;건성:6;트러블성:6;지성:5;민감성:4,쿨톤:14;웜톤:12;봄웜톤:9;가을웜톤:2;여름쿨톤:2,트러블:19;잡티:17;각질:7;미백:7;주름:6,high
prod_oy_a000000192054,시모먼트,시모먼트 브이 리프팅 롤러 크림 150ml (교체형),cream,true,160,4.606,160,1.0000,5,0.0313,29,0.1812,62,0.3875,2.388,복합성:22;건성:18;민감성:11;지성:8;트러블성:3,쿨톤:16;웜톤:14;가을웜톤:10;봄웜톤:8;여름쿨톤:7,잡티:37;트러블:24;미백:22;모공:9;주름:8,high
prod_oy_a000000211548,NDP,[리아킴PICK] NDP 엔디피 시카 바이오 플라센타 수분진정 크림 50ml,cream,true,160,4.869,160,1.0000,16,0.1000,22,0.1375,36,0.2250,1.544,복합성:13;민감성:8;건성:7;트러블성:5;지성:3,쿨톤:13;웜톤:12;겨울쿨톤:5;여름쿨톤:3;가을웜톤:2,잡티:25;트러블:9;모공:7;미백:7;주름:7,high
prod_oy_a000000243620,닥터자르트,[NEW/화잘먹결광세럼] 닥터자르트 세라마이딘 스킨 베리어 모이스처 리커버리 세럼 30ml,serum,true,160,4.894,160,1.0000,35,0.2188,58,0.3625,42,0.2625,83.956,복합성:22;건성:9;민감성:4;약건성:3;트러블성:3,쿨톤:11;웜톤:8;겨울쿨톤:6;봄웜톤:6;여름쿨톤:5,잡티:18;트러블:12;미백:8;블랙헤드:8;주름:8,high
prod_oy_a000000245794,폴라초이스,[화잘먹/단독기획] 폴라초이스 바하 리퀴드 엑스폴리언트 118ml 기획 (+바하 리퀴드 30ml),toner,true,160,4.737,160,1.0000,1,0.0063,15,0.0938,64,0.4000,49.744,복합성:24;지성:17;건성:13;민감성:5;트러블성:5,여름쿨톤:16;웜톤:14;봄웜톤:10;쿨톤:7;가을웜톤:6,잡티:24;트러블:21;미백:19;민감성:10;각질:9,high
prod_oy_a000000228346,토리든,토리든 솔리드인 세라마이드 크림 70ml,cream,true,159,4.849,159,1.0000,24,0.1509,15,0.0943,47,0.2956,2.107,복합성:24;건성:8;지성:6;민감성:4;트러블성:4,여름쿨톤:11;겨울쿨톤:8;봄웜톤:8;쿨톤:7;가을웜톤:5,트러블:18;잡티:14;미백:12;블랙헤드:8;각질:6,high
prod_oy_a000000238243,웰라쥬,[중요한날하루전] 웰라쥬 하이퍼 PDRN 원데이키트 캡슐 앰플 1개입,serum,true,159,4.881,159,1.0000,7,0.0440,8,0.0503,61,0.3836,19.126,복합성:25;건성:14;민감성:6;약건성:6;지성:6,웜톤:16;여름쿨톤:15;봄웜톤:11;겨울쿨톤:7;쿨톤:7,잡티:26;미백:19;각질:13;트러블:13;주름:10,high
prod_oy_a000000238458,오아조,[티벳동생 공동개발] 오아조 더마 테카 카밍 크림 50ml,cream,true,159,4.918,159,1.0000,2,0.0126,35,0.2201,85,0.5346,1.667,복합성:36;건성:18;지성:14;민감성:6;트러블성:5,웜톤:25;여름쿨톤:18;쿨톤:12;가을웜톤:11;봄웜톤:7,잡티:36;미백:32;트러블:20;주름:14;모공:12,high
prod_oy_a000000184789,라운드랩,[민감진정] 라운드랩 소나무 진정 시카 로션 250ml,lotion,true,158,4.772,158,1.0000,9,0.0570,28,0.1772,67,0.4241,2.886,복합성:23;민감성:12;지성:12;건성:10;트러블성:7,쿨톤:25;여름쿨톤:14;웜톤:14;봄웜톤:7;가을웜톤:5,트러블:28;잡티:27;미백:15;각질:12;블랙헤드:12,high
prod_oy_a000000150816,아크네스,[산뜻촉촉] 아크네스 모이스처 플루이드 150ml,lotion,true,156,4.545,156,1.0000,23,0.1474,32,0.2051,36,0.2308,6.038,복합성:11;지성:9;건성:7;민감성:4;트러블성:3,웜톤:14;쿨톤:9;봄웜톤:4;가을웜톤:3;겨울쿨톤:2,잡티:13;트러블:12;주름:11;미백:8;각질:6,high
prod_oy_a000000209888,클리어디어,[올영1위] 클리어디어 미나리 진정 젤 세럼 30ml,serum,true,156,4.840,156,1.0000,18,0.1154,24,0.1538,76,0.4872,1.814,복합성:27;지성:20;건성:14;민감성:7;트러블성:4,쿨톤:24;여름쿨톤:15;웜톤:15;겨울쿨톤:11;가을웜톤:5,잡티:37;미백:31;트러블:22;모공:13;주름:11,high
prod_oy_a000000238744,디퍼,[속광/화잘먹세럼] 디퍼 소이큐브 엑소리페어 두유 장벽 세럼 50ml,serum,true,156,4.910,156,1.0000,3,0.0192,32,0.2051,88,0.5641,19.462,복합성:31;건성:28;지성:9;민감성:8;중성:4,여름쿨톤:21;쿨톤:19;웜톤:14;봄웜톤:12;가을웜톤:10,미백:41;잡티:37;주름:21;트러블:16;각질:12,high
prod_oy_a000000155320,AHC,AHC 에이치 멜라루트 크림 (본품50ml+10ml 증정),cream,true,155,4.729,155,1.0000,8,0.0516,16,0.1032,38,0.2452,1.077,복합성:19;지성:9;건성:5;민감성:2;트러블성:1,웜톤:16;여름쿨톤:6;쿨톤:6;가을웜톤:3;겨울쿨톤:2,잡티:22;미백:9;트러블:9;각질:8;블랙헤드:6,high
prod_oy_a000000204171,라운드랩,[미백/잡티] 라운드랩 비타 나이아신 잡티크림 50ml,cream,true,155,4.697,155,1.0000,24,0.1548,20,0.1290,48,0.3097,1.484,건성:18;복합성:16;민감성:4;지성:4;트러블성:2,봄웜톤:14;여름쿨톤:10;가을웜톤:7;쿨톤:6;웜톤:5,잡티:23;미백:12;트러블:9;블랙헤드:7;각질:5,high
prod_oy_a000000224243,풀리,[모공축소] 풀리 그린 토마토 크림 90ml,cream,true,155,4.813,155,1.0000,22,0.1419,30,0.1935,48,0.3097,0.948,복합성:15;지성:13;건성:12;트러블성:4;민감성:2,쿨톤:17;웜톤:15;봄웜톤:8;가을웜톤:4;여름쿨톤:2,잡티:27;미백:13;각질:8;주름:8;트러블:7,high
prod_oy_a000000249580,제로이드,[트러블 피부 추천/약산성 장벽 케어] 제로이드 핌프로브 레드 컨트롤 크림 pH4 80ml,cream,true,155,4.774,155,1.0000,10,0.0645,20,0.1290,64,0.4129,48.316,복합성:20;민감성:14;지성:12;건성:7;트러블성:7,봄웜톤:11;쿨톤:11;여름쿨톤:9;웜톤:9;겨울쿨톤:8,트러블:24;잡티:19;블랙헤드:11;미백:10;각질:9,high
prod_oy_a000000115419,셀퓨전씨,[유수분밸런싱/산뜻수분젤] 셀퓨전씨 트리악 모이스처 젤 오인트 100ml,lotion,true,153,4.660,153,1.0000,30,0.1961,20,0.1307,46,0.3007,1.418,복합성:20;지성:12;건성:6;민감성:5;트러블성:1,쿨톤:14;웜톤:13;봄웜톤:7;가을웜톤:2;여름쿨톤:2,트러블:23;미백:18;잡티:14;주름:8;각질:6,high
prod_oy_a000000255686,메디큐브,[청담샵화잘먹] 메디큐브 PDRN 핑크 콜라겐 버블 세럼 95ml 기획(+젤리브러쉬),serum,true,153,4.588,153,1.0000,5,0.0327,20,0.1307,49,0.3203,27.765,복합성:18;건성:11;지성:8;민감성:4;중성:2,봄웜톤:13;여름쿨톤:11;웜톤:7;가을웜톤:6;겨울쿨톤:6,미백:15;잡티:15;트러블:13;블랙헤드:9;주름:6,high
prod_oy_a000000141319,디오디너리,[브라이트닝] 디오디너리 비타민C 서스펜션 23% + HA 스피어스 2% 30ml,lotion,true,152,4.224,152,1.0000,17,0.1118,23,0.1513,47,0.3092,4.809,복합성:17;지성:11;건성:9;민감성:4;트러블성:4,웜톤:11;가을웜톤:9;여름쿨톤:9;쿨톤:7;봄웜톤:5,미백:20;잡티:18;주름:10;트러블:8;각질:7,high
prod_oy_a000000199977,VT,[모공케어] VT 마일드 리들샷 50 에센스 50ml,serum,true,151,4.629,151,1.0000,10,0.0662,27,0.1788,42,0.2781,1.285,복합성:21;건성:7;트러블성:5;민감성:4;지성:3,봄웜톤:10;웜톤:8;쿨톤:8;여름쿨톤:6;가을웜톤:5,잡티:17;미백:14;트러블:13;주름:11;각질:9,high
prod_oy_a000000224488,바이오힐보,[흔적진정] 바이오힐 보 판테셀 리페어 시카좀 앰플 30ml,serum,true,151,4.775,151,1.0000,36,0.2384,14,0.0927,44,0.2914,7.344,복합성:24;건성:5;민감성:5;지성:5;트러블성:3,봄웜톤:11;쿨톤:9;가을웜톤:6;여름쿨톤:6;웜톤:3,잡티:19;미백:14;트러블:13;각질:6;블랙헤드:5,high
prod_oy_a000000245934,코페르,[기미원데이키트] 코페르 큐리페어 멜더 SOS 시스템 5개입 (1.5ml*5ea),serum,true,150,4.967,150,1.0000,58,0.3867,44,0.2933,41,0.2733,63.433,복합성:17;건성:12;트러블성:5;민감성:3;지성:2,봄웜톤:10;웜톤:10;쿨톤:9;여름쿨톤:6;가을웜톤:4,잡티:19;트러블:15;미백:14;각질:4;블랙헤드:4,high
prod_oy_a000000219391,마몽드,[흔적진정] 마몽드 카밍 샷 아줄렌 크림 60ml 단품/기획,cream,true,145,4.634,145,1.0000,12,0.0828,15,0.1034,35,0.2414,4.021,복합성:20;건성:5;민감성:3;지성:3;약건성:2,여름쿨톤:9;쿨톤:8;가을웜톤:5;봄웜톤:5;웜톤:4,트러블:18;미백:14;잡티:14;각질:4;민감성:4,high
prod_oy_a000000206874,앰플엔,[트러블/과잉피지완화]앰플엔 아크네샷 앰플 30ml,serum,true,144,4.674,144,1.0000,26,0.1806,9,0.0625,56,0.3889,2.917,복합성:18;지성:14;건성:12;민감성:5;트러블성:5,여름쿨톤:15;겨울쿨톤:11;웜톤:8;봄웜톤:7;가을웜톤:5,트러블:31;잡티:28;블랙헤드:11;미백:10;각질:6,high
prod_oy_a000000182480,바이오더마,[항산화 세럼]바이오더마 센시비오 디펜시브 세럼 30ml,serum,true,143,4.643,143,1.0000,30,0.2098,22,0.1538,39,0.2727,1.231,복합성:14;건성:12;민감성:10;지성:3,웜톤:10;쿨톤:9;봄웜톤:6;여름쿨톤:6;가을웜톤:4,잡티:15;미백:13;블랙헤드:9;트러블:9;민감성:8,high
prod_oy_a000000210600,넘버즈인,넘버즈인 5번 글루타치온씨 흔적 토닝 레이저 크림 50ml,cream,true,142,4.754,142,1.0000,15,0.1056,25,0.1761,46,0.3239,2.993,복합성:19;건성:9;민감성:9;지성:9,여름쿨톤:11;쿨톤:10;봄웜톤:8;겨울쿨톤:6;웜톤:6,잡티:24;미백:15;트러블:11;각질:8;블랙헤드:8,high
prod_oy_a000000231117,더페이스샵,[다이노탱 에디션][대용량] 더페이스샵 올티밋 나이아신아마이드 10% 세럼 50ml,serum,true,142,4.796,142,1.0000,4,0.0282,18,0.1268,72,0.5070,14.246,복합성:32;건성:17;지성:8;민감성:7;중성:3,웜톤:19;쿨톤:17;겨울쿨톤:10;가을웜톤:9;봄웜톤:8,잡티:37;미백:27;모공:16;주름:12;블랙헤드:11,high
prod_oy_a000000158322,원씽,[톤/결개선] 원씽 나이아신아마이드 10% 토너 150ml,toner,true,141,4.610,141,1.0000,13,0.0922,23,0.1631,36,0.2553,1.411,복합성:16;건성:9;지성:6;트러블성:3;민감성:2,쿨톤:14;웜톤:12;봄웜톤:4;가을웜톤:3;겨울쿨톤:1,미백:14;잡티:11;트러블:10;민감성:8;각질:7,high
prod_oy_a000000145360,유리아쥬,[진정영양/장벽크림] 유리아쥬 제모스 페이스 2입 기획 (40ml+40ml+제모스토너 50ml 증정),cream,true,140,4.821,140,1.0000,31,0.2214,31,0.2214,40,0.2857,2.643,복합성:18;민감성:10;지성:6;건성:4;중성:2,쿨톤:18;웜톤:12;봄웜톤:3;여름쿨톤:3;가을웜톤:2,잡티:20;각질:13;블랙헤드:10;주름:9;미백:6,high
prod_oy_a000000251222,바이오더마,바이오더마 세비엄 세럼 30ml 기획 (+센시비오 H2O 5ml*2) (2604),serum,true,140,4.650,140,1.0000,7,0.0500,14,0.1000,57,0.4071,90.657,복합성:22;지성:20;건성:9;민감성:1;중성:1,여름쿨톤:19;가을웜톤:7;웜톤:7;쿨톤:7;봄웜톤:6,잡티:21;트러블:21;미백:15;블랙헤드:9;각질:7,high
prod_oy_a000000259189,유리아쥬,[7월 올영픽] 유리아쥬 시카 데일리 인텐스 리페어 세럼 30ml 한정기획 (+미스트 50ml),serum,true,140,4.707,140,1.0000,29,0.2071,24,0.1714,53,0.3786,30.036,건성:14;복합성:11;지성:11;민감성:6;트러블성:4,여름쿨톤:18;가을웜톤:9;쿨톤:9;겨울쿨톤:7;웜톤:7,잡티:21;미백:16;트러블:12;주름:10;블랙헤드:8,high
prod_oy_a000000179255,센텔리안24,[진정/속보습] 센텔리안24 마데카 데일리 리페어 토너 단독 기획 (150ml+50ml),toner,true,139,4.863,139,1.0000,11,0.0791,18,0.1295,42,0.3022,3.187,건성:17;복합성:11;민감성:5;지성:3;약건성:1,쿨톤:16;웜톤:8;여름쿨톤:5;봄웜톤:4;겨울쿨톤:3,잡티:21;미백:11;트러블:10;주름:8;각질:6,high
prod_oy_a000000209113,바이오힐보,[나이트케어|결광부스터] 바이오힐보 프로바이오덤 콜라겐 리모델링 부스터샷 프로그램 35ml,serum,true,139,4.813,139,1.0000,13,0.0935,26,0.1871,35,0.2518,2.065,복합성:15;건성:8;지성:5;민감성:3;중성:3,웜톤:9;쿨톤:8;봄웜톤:7;가을웜톤:3;겨울쿨톤:3,잡티:15;트러블:12;각질:8;미백:8;블랙헤드:7,high
prod_oy_a000000227932,비건이펙트,"[트러블,진정/피지케어]비건이펙트 청보리 징크 세럼 30ml",serum,true,139,4.935,139,1.0000,3,0.0216,18,0.1295,55,0.3957,0.791,복합성:26;건성:10;지성:8;민감성:7;트러블성:4,쿨톤:17;웜톤:13;가을웜톤:9;겨울쿨톤:5;여름쿨톤:4,미백:23;잡티:23;트러블:13;모공:10;주름:7,high
prod_oy_a000000245639,웰라쥬,[망곰 콜라보] 웰라쥬 리얼 히알루로닉 원데이키트 7개입 (+아크릴 달력),serum,true,139,4.719,139,1.0000,7,0.0504,11,0.0791,46,0.3309,15.496,복합성:18;건성:10;지성:8;민감성:6;트러블성:3,여름쿨톤:11;웜톤:10;봄웜톤:9;가을웜톤:5;겨울쿨톤:5,트러블:14;잡티:13;미백:10;각질:8;블랙헤드:8,high
prod_oy_a000000152514,라로슈포제,라로슈포제 에빠끌라 K(+) 토너 200ml (지성 피부),toner,true,138,4.746,138,1.0000,29,0.2101,16,0.1159,28,0.2029,7.239,지성:13;복합성:6;민감성:5;약건성:2;트러블성:2,쿨톤:9;웜톤:8;여름쿨톤:4;겨울쿨톤:2;봄웜톤:1,잡티:16;트러블:10;미백:8;주름:5;민감성:3,high
prod_oy_a000000180913,나인위시스,[100시간수분지속/대용량] 나인위시스 비건 하이드라 앰플 토너 500ml,toner,true,137,4.803,137,1.0000,18,0.1314,27,0.1971,49,0.3577,1.869,건성:14;복합성:14;트러블성:8;민감성:6;지성:5,쿨톤:16;여름쿨톤:11;봄웜톤:6;웜톤:5;가을웜톤:3,트러블:21;잡티:18;미백:10;민감성:9;각질:8,high
prod_oy_a000000203792,도미나스,[기미잡티 개선] 도미나스 앳클리닉 트라넥삼산 스팟 샷 기미잡티 앰플 30ML,serum,true,137,4.810,137,1.0000,21,0.1533,23,0.1679,37,0.2701,1.796,복합성:20;지성:10;건성:3;민감성:2;약건성:2,웜톤:14;쿨톤:9;여름쿨톤:4;가을웜톤:3;겨울쿨톤:3,잡티:20;미백:12;트러블:11;각질:7;주름:5,high
prod_oy_a000000221424,마몽드,[대용량/수분광] 마몽드 플로라 글로우 로즈 워터 토너 500ml,toner,true,136,4.772,136,1.0000,14,0.1029,14,0.1029,32,0.2353,1.993,복합성:18;지성:6;민감성:3;건성:2;약건성:2,여름쿨톤:12;쿨톤:6;겨울쿨톤:4;봄웜톤:3;웜톤:3,잡티:11;트러블:11;미백:8;블랙헤드:7;각질:5,high
prod_oy_a000000159802,싸이닉,싸이닉 콜라겐 앰플 스틱 더블 기획,cream,true,135,4.689,135,1.0000,19,0.1407,30,0.2222,38,0.2815,1.274,복합성:17;건성:10;민감성:5;지성:4;약건성:1,웜톤:13;쿨톤:8;가을웜톤:6;봄웜톤:4;여름쿨톤:4,잡티:14;트러블:12;미백:10;주름:8;각질:6,high
prod_oy_a000000184664,아이오페,아이오페 맨 안티에이징 에멀젼EX 120ml,lotion,true,135,4.926,135,1.0000,6,0.0444,8,0.0593,43,0.3185,1.904,복합성:24;건성:7;지성:5;트러블성:4;민감성:1,여름쿨톤:14;봄웜톤:9;쿨톤:9;웜톤:4;겨울쿨톤:3,트러블:18;미백:12;민감성:8;각질:7;블랙헤드:7,high
prod_oy_a000000224845,아떼,[1+1 ] 아떼 멜레이저 프로그래밍 앰플 듀오기획/단품,serum,true,135,4.778,135,1.0000,13,0.0963,15,0.1111,73,0.5407,2.044,복합성:35;건성:14;지성:8;민감성:7;중성:4,웜톤:22;쿨톤:16;여름쿨톤:11;봄웜톤:10;겨울쿨톤:7,잡티:37;미백:32;트러블:17;모공:14;민감성:7,high
prod_oy_a000000115420,셀퓨전씨,[각질케어/청정피부] 셀퓨전씨 트리악 pH 컨디션 토너 200ml,toner,true,134,4.724,134,1.0000,33,0.2463,9,0.0672,33,0.2463,3.067,지성:14;복합성:10;건성:8;트러블성:1,웜톤:13;쿨톤:6;여름쿨톤:5;겨울쿨톤:2;봄웜톤:2,미백:18;잡티:14;트러블:5;다크서클:4;블랙헤드:4,high
prod_oy_a000000188087,블리브유,[순수비타민/기미잡티] 블리브유 더 리얼 비타 C 20 앰플 12ml,serum,true,133,4.624,133,1.0000,30,0.2256,23,0.1729,54,0.4060,1.008,건성:24;복합성:22;지성:5;민감성:1;중성:1,웜톤:15;여름쿨톤:14;쿨톤:14;봄웜톤:6;가을웜톤:4,잡티:34;미백:25;트러블:12;모공:10;민감성:4,high
prod_oy_a000000211220,빌리프,빌리프 슈퍼드랍스 멀티-7 히알루론 프로즌 세럼 3ml X 6개입,serum,true,133,4.594,133,1.0000,2,0.0150,18,0.1353,85,0.6391,4.038,복합성:35;건성:18;지성:14;민감성:12;중성:2,쿨톤:19;웜톤:18;가을웜톤:16;봄웜톤:11;여름쿨톤:11,잡티:32;트러블:24;미백:19;주름:17;블랙헤드:16,high
prod_oy_a000000244954,라로슈포제,라로슈포제 히알루 B5 수분탄력 크림 50ml,cream,true,133,4.842,133,1.0000,9,0.0677,33,0.2481,55,0.4135,65.165,복합성:18;건성:14;민감성:8;지성:8;트러블성:5,여름쿨톤:15;쿨톤:15;웜톤:10;겨울쿨톤:7;봄웜톤:5,잡티:26;미백:15;주름:12;각질:10;민감성:10,high
prod_oy_a000000209908,제로이드,제로이드 인텐시브 크림 토너 200ml,toner,true,132,4.720,132,1.0000,27,0.2045,28,0.2121,35,0.2652,1.515,복합성:13;민감성:9;건성:7;지성:3;트러블성:2,봄웜톤:7;웜톤:7;쿨톤:7;여름쿨톤:6;가을웜톤:2,미백:14;잡티:14;주름:10;트러블:10;민감성:5,high
prod_oy_a000000160584,소본,소본 그린 시카 더마 리페어 크림 40ml,cream,true,130,4.731,130,1.0000,29,0.2231,39,0.3000,43,0.3308,3.000,건성:19;민감성:8;복합성:8;지성:5;약건성:2,쿨톤:21;웜톤:7;봄웜톤:5;여름쿨톤:5;가을웜톤:3,잡티:23;트러블:17;주름:12;미백:10;민감성:9,high
prod_oy_a000000178494,웰라쥬,[화잘먹크림] 웰라쥬 리얼 히알루로닉 100 크림 50ml,cream,true,130,4.623,130,1.0000,0,0.0000,23,0.1769,57,0.4385,2.015,복합성:25;건성:10;지성:10;트러블성:5;민감성:4,쿨톤:14;여름쿨톤:13;웜톤:12;가을웜톤:7;겨울쿨톤:5,잡티:28;트러블:19;미백:15;민감성:9;주름:9,high
prod_oy_a000000208678,메디힐,메디힐 마데카소사이드 모공 리페어 스피큘 세럼 40ml,serum,true,130,4.823,130,1.0000,16,0.1231,13,0.1000,53,0.4077,0.638,복합성:20;지성:13;건성:8;민감성:6;트러블성:5,여름쿨톤:11;쿨톤:11;웜톤:9;봄웜톤:8;가을웜톤:7,잡티:30;미백:20;트러블:14;블랙헤드:9;각질:8,high
prod_oy_a000000172041,울트라브이,울트라브이 이데베논 프레스티지 앰플 3개입,serum,true,128,4.695,128,1.0000,45,0.3516,30,0.2344,38,0.2969,1.469,복합성:18;건성:16;약건성:1;중성:1;지성:1,웜톤:17;쿨톤:7;여름쿨톤:6;겨울쿨톤:2;봄웜톤:2,잡티:27;미백:19;모공:7;주름:5;각질:4,high
prod_oy_a000000218545,에스트라,에스트라 에이시카365 흔적진정세럼 pH4.5 40ml,serum,true,128,4.602,128,1.0000,3,0.0234,14,0.1094,45,0.3516,1.297,복합성:14;건성:10;민감성:10;지성:6;트러블성:5,봄웜톤:11;웜톤:10;여름쿨톤:8;쿨톤:7;가을웜톤:4,잡티:16;트러블:16;민감성:12;미백:8;각질:6,high
prod_oy_a000000158308,믹순,믹순 콩 크림 50ml,cream,true,127,4.764,127,1.0000,44,0.3465,28,0.2205,16,0.1260,1.457,복합성:8;건성:3;지성:2;민감성:1;트러블성:1,웜톤:5;쿨톤:5;여름쿨톤:3;겨울쿨톤:2;가을웜톤:1,트러블:5;각질:4;미백:4;잡티:3;주름:3,high
prod_oy_a000000201643,로우퀘스트,로우퀘스트 에키네시아 카밍 모이스처 젤 크림 50ml,cream,true,127,4.945,127,1.0000,1,0.0079,38,0.2992,78,0.6142,2.669,복합성:37;건성:14;지성:14;민감성:5;중성:3,쿨톤:22;웜톤:19;가을웜톤:10;봄웜톤:10;겨울쿨톤:8,잡티:40;미백:27;주름:14;트러블:13;모공:10,high
prod_oy_a000000257152,바이오힐보,[슈링크홈콜라보|디바이스] 바이오힐보 프로바이오덤 콜라겐 세럼 30ml 슈링크홈기획(+콜라겐겔마스크),serum,true,127,4.724,127,1.0000,7,0.0551,29,0.2283,40,0.3150,50.173,건성:15;복합성:12;민감성:7;지성:4;중성:2,여름쿨톤:13;봄웜톤:7;웜톤:6;쿨톤:6;가을웜톤:5,잡티:14;트러블:12;미백:10;민감성:6;탄력:6,high
prod_oy_a000000147360,땡큐파머,[화해1위/미백토너] 땡큐파머 강화교동쌀 맑음 에센셜토너 200ml,toner,true,126,4.937,126,1.0000,14,0.1111,25,0.1984,33,0.2619,0.706,복합성:13;건성:10;민감성:4;지성:4;중성:1,쿨톤:17;웜톤:9;봄웜톤:4;여름쿨톤:3,잡티:13;미백:10;트러블:8;모공:6;주름:6,high
prod_oy_a000000198949,원진이펙트,[기미/잡티/미백] 원진이펙트 멜라리스 크림 80g,cream,true,126,4.817,126,1.0000,14,0.1111,30,0.2381,38,0.3016,1.635,복합성:13;건성:10;지성:6;민감성:4;트러블성:4,웜톤:14;쿨톤:11;가을웜톤:5;여름쿨톤:4;봄웜톤:2,잡티:19;미백:12;블랙헤드:9;각질:8;주름:8,high
prod_oy_a000000219603,셀퓨전씨,[흔적케어/비타민X스피큘] 셀퓨전씨 토닝C 비타 샷 앰플 20g 더블기획,serum,true,126,4.825,126,1.0000,0,0.0000,26,0.2063,60,0.4762,2.690,복합성:24;건성:11;지성:10;중성:6;트러블성:4,웜톤:17;쿨톤:12;가을웜톤:9;봄웜톤:8;겨울쿨톤:5,잡티:30;미백:18;주름:12;트러블:10;각질:7,high
prod_oy_a000000231632,주미소,[장벽회복기능성] 주미소 디판테놀 베리어 장벽크림 80ml 기획(+20ml),cream,true,126,4.730,126,1.0000,4,0.0317,20,0.1587,37,0.2937,8.754,복합성:13;지성:7;민감성:6;건성:4;트러블성:4,여름쿨톤:10;가을웜톤:5;웜톤:5;쿨톤:5;봄웜톤:4,트러블:17;잡티:14;미백:8;블랙헤드:6;각질:5,high
prod_oy_a000000162387,미구하라,미구하라 울트라 화이트닝 퍼펙트 앰플 50ml,serum,true,125,4.760,125,1.0000,13,0.1040,31,0.2480,47,0.3760,2.488,복합성:21;건성:15;민감성:5;지성:3;트러블성:2,웜톤:11;쿨톤:10;봄웜톤:8;가을웜톤:7;겨울쿨톤:3,잡티:25;미백:22;주름:9;트러블:9;블랙헤드:6,high
prod_oy_a000000219677,메디큐브 에이지알,[고순도PDRN/디바이스 시너지템][NEW]메디큐브 에이지알 PDRN 부스터젤 300ml,serum,true,125,4.704,125,1.0000,2,0.0160,18,0.1440,37,0.2960,22.896,복합성:14;건성:7;지성:5;민감성:2;약건성:2,여름쿨톤:10;봄웜톤:7;쿨톤:7;웜톤:5;가을웜톤:3,잡티:19;미백:15;트러블:9;주름:8;각질:7,high
prod_oy_a000000224104,메디힐,메디힐 콜라겐 탄력 볼륨 세럼 40ml,serum,true,125,4.632,125,1.0000,5,0.0400,16,0.1280,34,0.2720,3.648,건성:11;복합성:8;지성:7;민감성:3;약건성:1,여름쿨톤:12;쿨톤:8;웜톤:6;겨울쿨톤:3;봄웜톤:3,잡티:16;미백:8;트러블:8;각질:7;블랙헤드:6,high
prod_oy_a000000228906,헤이네이처,[수호 PICK] 헤이네이처 어성초 스킨 모이스처라이저 토너 200ml,toner,true,125,4.736,125,1.0000,7,0.0560,20,0.1600,22,0.1760,1.904,복합성:9;건성:5;지성:4;민감성:2;트러블성:1,쿨톤:7;웜톤:4;봄웜톤:3;여름쿨톤:3;겨울쿨톤:2,블랙헤드:7;트러블:7;미백:5;잡티:5;피지과다:4,high
prod_oy_a000000235051,코스알엑스,코스알엑스 어드밴스드 더 비타민C 23 세럼 20g,serum,true,124,4.677,124,1.0000,4,0.0323,16,0.1290,32,0.2581,15.379,복합성:14;건성:7;민감성:4;지성:4;트러블성:2,여름쿨톤:8;웜톤:7;쿨톤:5;가을웜톤:4;겨울쿨톤:2,잡티:21;미백:14;트러블:11;각질:4;민감성:3,high
prod_oy_a000000162589,보나쥬르,보나쥬르 비건 그린티 워터크림 100ml,cream,true,123,4.561,123,1.0000,12,0.0976,17,0.1382,36,0.2927,1.000,복합성:19;건성:7;민감성:6;지성:2;트러블성:1,웜톤:11;여름쿨톤:8;봄웜톤:6;쿨톤:5;가을웜톤:4,잡티:18;트러블:11;주름:9;블랙헤드:8;미백:7,high
prod_oy_a000000231908,이지듀,이지듀 DW-EGF 비타민C 부스팅 앰플25 13g 기획(+기미 크림*2매 증정),serum,true,123,4.512,123,1.0000,15,0.1220,19,0.1545,43,0.3496,1.081,건성:21;복합성:15;지성:6;중성:1,봄웜톤:10;여름쿨톤:9;웜톤:7;쿨톤:6;가을웜톤:5,미백:22;잡티:19;블랙헤드:13;주름:6;트러블:6,high
prod_oy_a000000184770,닥터자르트,[워터젤리/수분크림]닥터자르트 바이탈 하이드라 솔루션 하이드로 플럼프 워터 크림 50ml,cream,true,122,4.861,122,1.0000,25,0.2049,17,0.1393,38,0.3115,4.475,복합성:17;건성:9;지성:6;트러블성:3;민감성:2,쿨톤:14;웜톤:7;봄웜톤:6;겨울쿨톤:4;여름쿨톤:2,트러블:13;미백:10;각질:8;블랙헤드:8;잡티:8,high
prod_oy_a000000249736,동국제약,[색소침착/기미톤업제] 동국제약 멜라-셋 기미 토닝 크림 35g,cream,true,122,4.672,122,1.0000,6,0.0492,26,0.2131,51,0.4180,77.951,복합성:17;지성:13;건성:10;민감성:10;트러블성:1,웜톤:14;쿨톤:14;여름쿨톤:10;가을웜톤:5;봄웜톤:5,잡티:23;미백:19;주름:16;탄력:9;블랙헤드:7,high
prod_oy_a000000251364,AHC,[윈터PICK/ 1등모공앰플/유리알결광세럼] AHC 프로샷 포어이레이저 세럼 30ml 기획 (+10ml),serum,true,122,4.844,122,1.0000,0,0.0000,23,0.1885,69,0.5656,35.730,복합성:25;건성:16;지성:14;민감성:7;약건성:2,웜톤:19;쿨톤:15;봄웜톤:13;여름쿨톤:11;가을웜톤:6,잡티:37;미백:27;트러블:18;주름:11;블랙헤드:10,high
prod_oy_a000000251844,프리메이,[2중보습/수분진정] 프리메이 진정한 수분 세럼 50ml (+진정한 수분 크림 30ml),serum,true,122,4.984,122,1.0000,0,0.0000,4,0.0328,8,0.0656,13.262,복합성:3;건성:2;민감성:1;약건성:1;지성:1,웜톤:4;봄웜톤:1;여름쿨톤:1,미백:5;잡티:5;주름:2;탄력:1;트러블:1,high
prod_oy_a000000254719,아이오페,아이오페 비타민C 엑스퍼트 25% 항산화 토닝 앰플 23ml 기획 (+ 크림 6g) (2026),serum,true,122,4.730,122,1.0000,9,0.0738,28,0.2295,35,0.2869,5.582,건성:14;복합성:11;지성:4;민감성:3;트러블성:2,여름쿨톤:9;웜톤:8;봄웜톤:6;쿨톤:4;겨울쿨톤:3,잡티:21;미백:15;트러블:9;각질:5;블랙헤드:5,high
prod_oy_a000000234012,풀리,[레이PICK/3초흡수] 풀리 레몬비타 버블세럼 (수분 버블세럼) 95ml,serum,true,121,4.884,121,1.0000,5,0.0413,15,0.1240,32,0.2645,3.421,건성:13;복합성:8;지성:5;민감성:2;트러블성:2,웜톤:9;쿨톤:9;가을웜톤:5;여름쿨톤:5;겨울쿨톤:2,미백:14;잡티:14;주름:8;트러블:8;블랙헤드:4,high
prod_oy_a000000145662,크리니크,크리니크 시베리아리치크림 50ml,cream,true,120,4.933,120,1.0000,9,0.0750,26,0.2167,37,0.3083,17.242,복합성:17;민감성:7;지성:6;건성:5;약건성:1,웜톤:12;쿨톤:10;가을웜톤:7;겨울쿨톤:3;여름쿨톤:3,잡티:19;미백:10;트러블:10;각질:8;주름:8,high
prod_oy_a000000211569,헉슬리,[단독기획] 헉슬리 컨디셔닝 에센스 토너 프리쉐이프 300ml 기획(+화장솜 40매),toner,true,120,4.867,120,1.0000,8,0.0667,38,0.3167,20,0.1667,1.167,건성:8;지성:4;민감성:3;복합성:2;중성:1,쿨톤:9;웜톤:3;겨울쿨톤:2;봄웜톤:2;여름쿨톤:2,잡티:9;미백:8;주름:7;모공:3;블랙헤드:2,high
prod_oy_a000000231399,청미정,[색소침착/흔적] 청미정 기미잡티크림 카카두플럼 50g,cream,true,120,4.283,120,1.0000,5,0.0417,11,0.0917,27,0.2250,2.092,복합성:16;지성:6;건성:1;민감성:1;약건성:1,봄웜톤:8;여름쿨톤:8;가을웜톤:4;웜톤:3;겨울쿨톤:2,트러블:14;잡티:10;미백:7;블랙헤드:7;각질:2,high
prod_oy_a000000121246,싸이닉,싸이닉 더 심플 카밍 토너 145ml,toner,true,118,4.729,118,1.0000,15,0.1271,16,0.1356,23,0.1949,1.364,복합성:10;건성:7;민감성:2;트러블성:2;지성:1,웜톤:13;쿨톤:5;겨울쿨톤:1;봄웜톤:1,잡티:10;트러블:7;미백:6;블랙헤드:4;각질:3,high
prod_oy_a000000161571,스킨1004,스킨1004 마다가스카르 센텔라 토닝토너 210ml,toner,true,118,4.619,118,1.0000,20,0.1695,20,0.1695,25,0.2119,4.034,건성:7;복합성:7;민감성:6;지성:3;트러블성:2,여름쿨톤:8;쿨톤:6;봄웜톤:4;겨울쿨톤:2;웜톤:2,잡티:14;트러블:11;주름:5;각질:3;민감성:3,high
prod_oy_a000000217292,라로슈포제,라로슈포제 순수 비타민 C12 세럼 30ml,serum,true,118,4.695,118,1.0000,14,0.1186,18,0.1525,36,0.3051,1.059,복합성:13;건성:11;지성:5;민감성:4;트러블성:2,웜톤:10;봄웜톤:6;겨울쿨톤:5;여름쿨톤:5;쿨톤:5,잡티:16;주름:8;트러블:8;미백:7;블랙헤드:6,high
prod_oy_a000000230765,유세린,[30초진정/장벽케어] 유세린 울트라센시티브 리페어 세럼 30ml,serum,true,117,4.855,117,1.0000,27,0.2308,10,0.0855,48,0.4103,1.718,복합성:20;건성:11;민감성:9;지성:7;트러블성:1,쿨톤:16;봄웜톤:9;여름쿨톤:8;웜톤:6;겨울쿨톤:4,잡티:22;미백:14;트러블:10;블랙헤드:9;주름:8,high
prod_oy_a000000251178,디어클레어스,[리락쿠마 콜라보/쿨링진정] 클레어스 EGF 블루 카밍크림 60g 한정기획 (+리락쿠마 키링 장바구니 옐로우),cream,true,117,4.718,117,1.0000,4,0.0342,9,0.0769,42,0.3590,31.068,복합성:16;지성:7;민감성:6;건성:3;트러블성:3,여름쿨톤:14;쿨톤:7;웜톤:6;가을웜톤:5;봄웜톤:5,트러블:17;잡티:14;미백:11;각질:10;블랙헤드:8,high
prod_oy_a000000011086,엠도씨,엠도씨 화이트닝 스킨 플러스 로션 150ml,lotion,true,116,4.664,116,1.0000,15,0.1293,11,0.0948,16,0.1379,0.500,복합성:9;건성:3;지성:2;민감성:1;트러블성:1,웜톤:6;봄웜톤:3;여름쿨톤:2;가을웜톤:1;쿨톤:1,잡티:7;블랙헤드:5;미백:4;주름:4;트러블:3,high
prod_oy_a000000205224,리얼베리어,리얼베리어 익스트림 크림 앰플 50ml,serum,true,116,4.802,116,1.0000,12,0.1034,21,0.1810,32,0.2759,2.112,건성:12;복합성:12;지성:2;민감성:1;약건성:1,쿨톤:13;웜톤:10;겨울쿨톤:2;봄웜톤:2;여름쿨톤:2,잡티:15;트러블:12;모공:6;주름:6;미백:5,high
prod_oy_a000000210407,폴라초이스,[단독기획] 폴라초이스 클리니컬 나이아신아마이드 20% 트리트먼트 20ml (+바하리퀴드 30ml),serum,true,115,4.757,115,1.0000,26,0.2261,36,0.3130,37,0.3217,7.417,복합성:10;건성:9;민감성:6;지성:4;중성:2,웜톤:11;여름쿨톤:8;쿨톤:8;겨울쿨톤:4;가을웜톤:2,미백:16;잡티:16;모공:6;주름:6;트러블:6,high
prod_oy_a000000214287,라운드랩,[볼륨탄력] 라운드랩 동백 딥 콜라겐 탄력 앰플 30ml,serum,true,115,4.817,115,1.0000,9,0.0783,16,0.1391,44,0.3826,1.957,복합성:16;건성:13;민감성:6;약건성:3;지성:3,웜톤:13;쿨톤:8;여름쿨톤:7;겨울쿨톤:6;봄웜톤:4,잡티:23;미백:14;트러블:12;각질:7;블랙헤드:6,high
prod_oy_a000000117997,썸바이미,썸바이미 아하바하파하 30 데이즈 미라클 토너 150ml,toner,true,114,4.675,114,1.0000,17,0.1491,22,0.1930,20,0.1754,3.193,복합성:10;지성:7;건성:3,웜톤:7;쿨톤:6;여름쿨톤:2;가을웜톤:1,각질:6;잡티:6;미백:3;블랙헤드:3;주름:3,high
prod_oy_a000000201363,아비브,[매끈결] 아비브 부활초 파하 토너 스킨부스터 200ml,toner,true,113,4.708,113,1.0000,2,0.0177,16,0.1416,30,0.2655,1.575,복합성:10;건성:9;민감성:4;지성:4;트러블성:2,여름쿨톤:8;웜톤:5;가을웜톤:4;겨울쿨톤:4;봄웜톤:4,잡티:14;미백:10;각질:6;트러블:6;주름:4,high
prod_oy_a000000229463,디퍼,[수분진정/약산성] 디퍼 히알루론산 히알큐브 수분 토너 300ml,toner,true,113,4.947,113,1.0000,4,0.0354,15,0.1327,57,0.5044,1.115,복합성:20;건성:13;민감성:8;지성:8;약건성:3,여름쿨톤:16;웜톤:15;쿨톤:13;가을웜톤:5;봄웜톤:1,잡티:29;미백:19;주름:14;트러블:10;모공:9,high
prod_oy_a000000254720,아이오페,아이오페 비타민C 엑스퍼트 40% 마스크 컨센트레이트 15g 기획 (+ PDRN 10ml),cream,true,113,4.770,113,1.0000,10,0.0885,32,0.2832,42,0.3717,41.814,건성:18;복합성:15;민감성:5;지성:4,웜톤:10;봄웜톤:9;여름쿨톤:8;쿨톤:7;겨울쿨톤:4,잡티:16;주름:13;트러블:13;미백:10;민감성:6,high
prod_oy_a000000191895,후시다인,후시다인 더마 트러블 밸런싱 크림 50ml,cream,true,112,4.804,112,1.0000,48,0.4286,14,0.1250,49,0.4375,1.589,지성:21;복합성:12;트러블성:9;민감성:4;건성:2,웜톤:16;여름쿨톤:10;쿨톤:10;가을웜톤:6;봄웜톤:5,잡티:37;미백:28;트러블:10;각질:3;블랙헤드:3,high
prod_oy_a000000213113,파이코어,파이코어 디퍼런씨 블루바이옴 리페어 멜팅크림 40ml,cream,true,112,4.920,112,1.0000,0,0.0000,22,0.1964,38,0.3393,1.429,건성:12;복합성:10;민감성:9;지성:6;트러블성:1,쿨톤:13;웜톤:9;가을웜톤:5;여름쿨톤:4;봄웜톤:3,잡티:20;미백:14;주름:8;트러블:8;블랙헤드:5,high
prod_oy_a000000235180,성분에디터,[잡티미백케어] 성분에디터 머루포도 비타씨 다크 스팟 앰플 40ml 더블기획,serum,true,112,4.741,112,1.0000,7,0.0625,8,0.0714,25,0.2232,7.143,복합성:11;건성:7;지성:5;민감성:1;중성:1,여름쿨톤:6;겨울쿨톤:5;쿨톤:4;웜톤:3;가을웜톤:2,미백:9;잡티:9;블랙헤드:7;각질:6;트러블:6,high
prod_oy_a000000156040,스킨푸드,[트러블케어] 스킨푸드 미나리 토너 300ml,toner,true,111,4.757,111,1.0000,9,0.0811,14,0.1261,38,0.3423,2.505,복합성:14;지성:7;건성:5;민감성:5;트러블성:4,여름쿨톤:9;웜톤:9;겨울쿨톤:5;가을웜톤:4;봄웜톤:3,트러블:23;잡티:17;블랙헤드:6;각질:5;미백:5,high
prod_oy_a000000188495,이지듀,[극강보습] 이지듀 베리어 리페어 보습케어 크림 105ml,cream,true,111,4.766,111,1.0000,18,0.1622,27,0.2432,31,0.2793,2.108,복합성:16;건성:7;지성:5;트러블성:2;민감성:1,웜톤:8;가을웜톤:7;쿨톤:6;여름쿨톤:5;봄웜톤:4,잡티:19;트러블:11;미백:7;주름:7;블랙헤드:6,high
prod_oy_a000000223619,차앤박,[흔적미백/PDRN] 차앤박 더마앤서 핑크토닝 딥인샷 앰플 30ml,serum,true,111,4.775,111,1.0000,3,0.0270,18,0.1622,67,0.6036,2.685,복합성:29;건성:15;민감성:7;지성:6;트러블성:4,웜톤:18;여름쿨톤:15;쿨톤:13;봄웜톤:11;가을웜톤:5,잡티:35;미백:13;트러블:13;모공:11;주름:10,high
prod_oy_a000000104167,크리니크,크리니크 각질케어토너 2 200ml,toner,true,110,4.791,110,1.0000,28,0.2545,11,0.1000,20,0.1818,0.573,복합성:10;건성:4;지성:2,웜톤:14;쿨톤:6,각질:7;미백:7;잡티:7;블랙헤드:4;모공:2,high
prod_oy_a000000237442,이니스프리,[톤업크림] 이니스프리 비타민C 캡슐 크림 50ml 더블 기획,cream,true,110,4.727,110,1.0000,6,0.0545,13,0.1182,28,0.2545,7.445,복합성:13;민감성:5;건성:4;지성:4;트러블성:1,웜톤:10;봄웜톤:4;여름쿨톤:4;쿨톤:3;가을웜톤:2,잡티:11;트러블:10;미백:7;민감성:7;각질:5,high
prod_oy_a000000144808,아크웰,[수분진정] 아크웰 리얼 아쿠아 밸런싱 크림 50ml,cream,true,109,4.853,109,1.0000,38,0.3486,12,0.1101,23,0.2110,1.743,복합성:11;지성:4;건성:3;민감성:3,웜톤:9;쿨톤:5;가을웜톤:2;봄웜톤:2;여름쿨톤:1,트러블:9;각질:8;잡티:7;미백:4;주름:4,high
prod_oy_a000000203925,라로슈포제,라로슈포제 멜라B3 세럼 30ml,serum,true,108,4.565,108,1.0000,7,0.0648,16,0.1481,39,0.3611,2.880,복합성:15;건성:8;민감성:5;지성:4;트러블성:3,웜톤:12;겨울쿨톤:5;여름쿨톤:5;가을웜톤:4;쿨톤:4,잡티:21;미백:13;트러블:9;각질:8;주름:6,high
prod_oy_a000000210050,아누아,아누아 복숭아 나이아신아마이드 에센스 토너 250mL,toner,true,108,4.778,108,1.0000,15,0.1389,12,0.1111,30,0.2778,2.833,복합성:9;건성:8;지성:6;민감성:4;중성:1,여름쿨톤:10;봄웜톤:8;웜톤:5;쿨톤:3;겨울쿨톤:2,잡티:14;미백:13;트러블:8;블랙헤드:6;각질:3,high
prod_oy_a000000224294,마미케어,[리뉴얼] 마미케어 바다포도 레티놀 모공탄력 크림 50g,cream,true,108,4.620,108,1.0000,9,0.0833,21,0.1944,23,0.2130,1.370,복합성:8;건성:6;지성:4;민감성:2;중성:1,웜톤:10;쿨톤:6;겨울쿨톤:3;가을웜톤:2;여름쿨톤:2,미백:9;잡티:9;트러블:6;민감성:4;피지과다:4,high
prod_oy_a000000255384,더샘,[쿨링화잘먹/버블토너] 더샘 스킨 프렙 쿨링 무스 토너 70ml,toner,true,108,4.593,108,1.0000,0,0.0000,12,0.1111,58,0.5370,459.602,복합성:22;건성:13;지성:10;트러블성:6;민감성:3,웜톤:13;여름쿨톤:12;봄웜톤:10;쿨톤:10;가을웜톤:7,잡티:21;트러블:17;미백:11;모공:8;블랙헤드:8,high
prod_oy_a000000144918,하다라보,[고보습광채크림] 하다라보 고쿠쥰 크림 50ml,cream,true,107,4.738,107,1.0000,14,0.1308,16,0.1495,25,0.2336,1.383,복합성:13;건성:4;민감성:3;지성:2;약건성:1,웜톤:8;쿨톤:4;가을웜톤:2;여름쿨톤:2;겨울쿨톤:1,트러블:10;미백:8;잡티:8;주름:7;가려움:3,high
prod_oy_a000000215507,이지듀,이지듀 멜라 글루타치온 크림 50ml,cream,true,107,4.757,107,1.0000,18,0.1682,22,0.2056,26,0.2430,5.776,복합성:14;건성:5;지성:4;약건성:2;트러블성:1,여름쿨톤:9;웜톤:7;봄웜톤:3;쿨톤:3;가을웜톤:2,잡티:14;미백:9;트러블:8;민감성:6;다크서클:4,high
prod_oy_a000000216966,헤브블루,[여드름성 피부적합] 헤브블루 피톤 스쿠아 히알 블루 젤크림 110ml,cream,true,107,4.579,107,1.0000,16,0.1495,13,0.1215,27,0.2523,0.850,지성:6;트러블성:6;복합성:5;민감성:4;건성:2,여름쿨톤:9;쿨톤:8;웜톤:3;가을웜톤:2;겨울쿨톤:2,트러블:14;잡티:9;미백:5;민감성:5;각질:3,high
prod_oy_a000000177784,아벤느,[수분 /보습] 아벤느 이드랑스 아쿠아 크림-인-젤 EX 수분 크림 50ml,cream,true,106,4.821,106,1.0000,9,0.0849,14,0.1321,41,0.3868,0.896,복합성:18;건성:10;지성:5;민감성:4;트러블성:2,웜톤:14;여름쿨톤:11;쿨톤:7;가을웜톤:4;겨울쿨톤:3,잡티:26;미백:19;트러블:12;각질:5;주름:4,high
prod_oy_a000000211859,딕셔니스트,[쏙수분앰플] 딕셔니스트 아미노산 앰플 30ml *,serum,true,106,4.858,106,1.0000,9,0.0849,14,0.1321,41,0.3868,1.104,복합성:18;지성:8;건성:7;트러블성:4;민감성:2,웜톤:11;쿨톤:9;여름쿨톤:7;가을웜톤:6;봄웜톤:4,잡티:22;미백:14;트러블:12;주름:9;각질:5,high
prod_oy_a000000141028,셀퓨전씨,[수분부스팅/7중히알루론산] 셀퓨전씨 포스트 알파 아쿠아포린 크림 60ml,cream,true,105,4.695,105,1.0000,21,0.2000,19,0.1810,30,0.2857,2.857,복합성:18;건성:7;지성:3;민감성:1;중성:1,웜톤:11;쿨톤:9;겨울쿨톤:5;봄웜톤:4;여름쿨톤:1,잡티:16;트러블:10;미백:8;각질:7;주름:6,high
prod_oy_a000000199825,랩시리즈,랩시리즈 데일리 레스큐 페이스 로션 50ml,lotion,true,105,4.771,105,1.0000,10,0.0952,23,0.2190,29,0.2762,1.629,복합성:13;건성:9;지성:6;트러블성:1,쿨톤:10;웜톤:9;여름쿨톤:5;봄웜톤:3;겨울쿨톤:1,잡티:15;트러블:11;미백:5;탄력:4;각질:3,high
prod_oy_a000000232730,리브엠,[화잘먹 엑소좀진정크림] 리브엠 시카좀 카밍 워터 젤크림 100ml,cream,true,105,4.867,105,1.0000,1,0.0095,22,0.2095,53,0.5048,1.533,복합성:17;건성:16;지성:9;민감성:6;트러블성:3,봄웜톤:14;쿨톤:11;웜톤:10;여름쿨톤:7;겨울쿨톤:6,잡티:23;미백:18;트러블:11;모공:10;블랙헤드:7,high
prod_oy_a000000213237,스킨푸드,[NEW/올영단독] 스킨푸드 캐롯 카로틴 릴리프 크림 기획(70ml+30ml),cream,true,104,4.817,104,1.0000,9,0.0865,12,0.1154,37,0.3558,3.654,복합성:21;건성:8;지성:6;트러블성:2,봄웜톤:9;가을웜톤:8;웜톤:6;여름쿨톤:5;겨울쿨톤:4,잡티:17;주름:12;미백:10;트러블:8;블랙헤드:7,high
prod_oy_a000000231062,메디테라피,[피부결/흔적개선] 메디테라피 레티날 스킨 부스터 세럼 150ml,serum,true,104,4.615,104,1.0000,13,0.1250,14,0.1346,31,0.2981,7.587,건성:13;복합성:12;민감성:3;지성:2;약건성:1,여름쿨톤:9;쿨톤:8;웜톤:5;가을웜톤:3;겨울쿨톤:3,잡티:14;미백:13;트러블:12;모공:4;각질:3,high
prod_oy_a000000016809,유세린,유세린 볼륨리프팅 데이크림 포 드라이스킨 50ml,cream,true,103,4.757,103,1.0000,10,0.0971,9,0.0874,24,0.2330,0.680,복합성:10;건성:8;지성:3;민감성:1,쿨톤:12;웜톤:5;가을웜톤:3;겨울쿨톤:1;봄웜톤:1,트러블:9;잡티:8;미백:7;주름:6;블랙헤드:4,high
prod_oy_a000000145331,닥터디퍼런트,[세라마이드/장벽크림] 닥터디퍼런트 311 세콜지 모이스처라이저 100ml,cream,true,103,4.767,103,1.0000,9,0.0874,19,0.1845,25,0.2427,8.379,건성:10;복합성:7;민감성:6;중성:2,쿨톤:10;웜톤:4;가을웜톤:3;여름쿨톤:3;겨울쿨톤:2,잡티:9;미백:8;민감성:7;주름:7;각질:4,high
prod_oy_a000000191796,로벡틴,[응급진정/트러블케어] 로벡틴 시카케어 블레미쉬 클리어링 크림 50ml 리필기획 (+리필 40ml),cream,true,103,4.592,103,1.0000,16,0.1553,26,0.2524,36,0.3495,3.777,복합성:13;민감성:11;건성:6;지성:4;약건성:1,쿨톤:9;겨울쿨톤:8;봄웜톤:6;웜톤:6;여름쿨톤:4,트러블:17;잡티:11;모공:10;블랙헤드:7;미백:5,high
prod_oy_a000000211402,닥터자르트,[슬로우에이징/탄력크림] 닥터자르트 프리쥬비네이션 퍼밍 바쿠치올 크림 50ml,cream,true,103,4.777,103,1.0000,26,0.2524,28,0.2718,31,0.3010,13.583,건성:12;복합성:11;민감성:2;약건성:2;지성:1,봄웜톤:11;여름쿨톤:7;웜톤:6;쿨톤:6;가을웜톤:1,미백:11;잡티:10;주름:10;모공:8;탄력:8,high
prod_oy_a000000176978,스킨푸드,[당근토너] 스킨푸드 캐롯 카로틴 수딩 토너 300ml,toner,true,102,4.863,102,1.0000,6,0.0588,4,0.0392,30,0.2941,0.696,건성:13;복합성:9;지성:5;민감성:3,쿨톤:12;웜톤:9;여름쿨톤:6;봄웜톤:2;가을웜톤:1,잡티:18;트러블:11;미백:9;민감성:5;블랙헤드:4,high
prod_oy_a000000225026,유리아쥬,[수분시카젤크림] 유리아쥬 시카 데일리 리페어 젤크림 40ml,cream,true,102,4.667,102,1.0000,20,0.1961,21,0.2059,34,0.3333,12.343,복합성:16;민감성:8;지성:8;트러블성:2,쿨톤:10;여름쿨톤:9;봄웜톤:5;웜톤:4;겨울쿨톤:2,트러블:22;잡티:10;블랙헤드:7;미백:6;민감성:6,high
prod_oy_a000000229503,아이뽀,아이뽀 엑스퍼트 콜라겐 앰플 마스크 30ml,serum,true,102,4.902,102,1.0000,0,0.0000,22,0.2157,51,0.5000,12.157,건성:19;복합성:17;지성:6;트러블성:6;약건성:2,웜톤:17;여름쿨톤:9;쿨톤:8;겨울쿨톤:7;가을웜톤:4,잡티:23;미백:22;모공:11;주름:8;트러블:7,high
prod_oy_a000000103320,코스알엑스,코스알엑스 오일-프리 울트라 모이스쳐라이징 로션 100ml,lotion,true,101,4.574,101,1.0000,22,0.2178,19,0.1881,19,0.1881,2.911,복합성:4;지성:4;트러블성:4;건성:3;민감성:2,웜톤:5;여름쿨톤:4;쿨톤:4;겨울쿨톤:2;가을웜톤:1,잡티:6;각질:4;탄력:4;블랙헤드:3;주름:3,high
prod_oy_a000000172072,메디올가,메디올가 메디 아하 크림 스트롱 1+1 기획(30ml+30ml),cream,true,101,4.535,101,1.0000,12,0.1188,26,0.2574,35,0.3465,1.564,복합성:11;건성:6;중성:6;지성:6;민감성:4,웜톤:9;쿨톤:9;가을웜톤:5;봄웜톤:5;여름쿨톤:4,잡티:11;각질:7;민감성:7;트러블:7;블랙헤드:6,high
prod_oy_a000000222710,라네즈,[수부지/기름종이 토너] 라네즈 젤 크림 스킨 170ml 기획 (+50ml),toner,true,101,4.663,101,1.0000,3,0.0297,18,0.1782,33,0.3267,4.198,복합성:13;건성:10;민감성:6;지성:3;중성:1,봄웜톤:9;여름쿨톤:8;쿨톤:5;웜톤:4;겨울쿨톤:3,잡티:12;트러블:12;민감성:10;미백:5;각질:4,high
prod_oy_a000000126471,유세린,[장벽크림] 유세린 울트라 센시티브 리페어 젤 크림 50ml,cream,true,100,4.820,100,1.0000,10,0.1000,12,0.1200,40,0.4000,27.460,복합성:20;지성:7;건성:5;민감성:4;트러블성:4,웜톤:13;쿨톤:12;겨울쿨톤:5;여름쿨톤:4;봄웜톤:3,잡티:21;트러블:10;미백:9;블랙헤드:9;민감성:7,high
prod_oy_a000000216580,셀퓨전씨,[민감피부진정/쿨링수분크림] 셀퓨전씨 포스트 알파 시카 카밍 다운 크림 50ml 기획 (+50ml 리필),cream,true,100,4.820,100,1.0000,28,0.2800,3,0.0300,24,0.2400,1.700,지성:6;건성:5;복합성:5;민감성:4;트러블성:2,웜톤:6;겨울쿨톤:5;여름쿨톤:5;쿨톤:4;봄웜톤:2,미백:11;잡티:10;블랙헤드:6;트러블:5;각질:4,high
prod_oy_a000000199722,마몽드,마몽드 포어 슈링커 바쿠치올 세럼 50ml 기획 (+크림 30ml),serum,true,99,4.535,99,1.0000,5,0.0505,14,0.1414,34,0.3434,1.232,복합성:16;건성:10;지성:4;민감성:3;트러블성:1,봄웜톤:7;쿨톤:7;겨울쿨톤:5;여름쿨톤:5;웜톤:5,미백:16;잡티:15;트러블:7;블랙헤드:6;각질:4,medium
prod_oy_a000000200804,마몽드,[화잘먹 결크림] 마몽드 플로라 글로우 로즈 스무딩 크림 50ml,cream,true,98,4.673,98,1.0000,3,0.0306,8,0.0816,32,0.3265,1.878,복합성:15;건성:7;지성:4;민감성:3;트러블성:2,봄웜톤:6;웜톤:6;겨울쿨톤:5;여름쿨톤:5;쿨톤:5,잡티:15;트러블:13;미백:8;블랙헤드:8;각질:3,medium
prod_oy_a000000160650,이즈앤트리,이즈앤트리 어니언 뉴페어 에센스 토너 200ml,toner,true,97,4.588,97,1.0000,17,0.1753,21,0.2165,31,0.3196,1.000,복합성:13;건성:7;트러블성:6;민감성:2;약건성:1,쿨톤:7;가을웜톤:6;여름쿨톤:6;봄웜톤:5;겨울쿨톤:3,트러블:16;잡티:9;미백:7;블랙헤드:6;각질:5,medium
prod_oy_a000000182815,셀퓨전씨,[토닝빛세럼/슬로우에이징] 셀퓨전씨 토닝 C 잡티세럼 30ml,serum,true,97,4.639,97,1.0000,5,0.0515,24,0.2474,60,0.6186,3.031,복합성:34;건성:11;민감성:6;트러블성:4;지성:3,웜톤:20;쿨톤:11;봄웜톤:7;여름쿨톤:7;가을웜톤:5,잡티:30;미백:19;트러블:19;주름:10;각질:8,medium
prod_oy_a000000231300,토니모리,토니모리 원더 세라마이드 모찌 수분 크림 300ml,cream,true,97,4.876,97,1.0000,2,0.0206,14,0.1443,39,0.4021,3.773,복합성:15;건성:7;민감성:6;트러블성:6;지성:4,쿨톤:14;웜톤:9;가을웜톤:5;여름쿨톤:5;겨울쿨톤:3,잡티:24;미백:10;주름:10;트러블:9;각질:4,medium
prod_oy_a000000243068,마미케어,[리뉴얼] 마미케어 바다포도 레티놀 모공앰플 50ml,serum,true,97,4.649,97,1.0000,1,0.0103,9,0.0928,27,0.2784,9.969,복합성:13;지성:5;건성:3;민감성:3;트러블성:3,여름쿨톤:8;쿨톤:6;웜톤:3;겨울쿨톤:2;봄웜톤:2,잡티:12;트러블:12;미백:8;블랙헤드:5;주름:5,medium
prod_oy_a000000165055,바이오더마,[슬로우에이징]바이오더마 센시비오 디펜시브 리치 40ml,cream,true,96,4.563,96,1.0000,11,0.1146,7,0.0729,24,0.2500,0.552,건성:9;복합성:5;민감성:3;트러블성:3;중성:2,쿨톤:6;웜톤:5;봄웜톤:4;여름쿨톤:3;겨울쿨톤:1,잡티:8;미백:7;트러블:7;모공:5;민감성:4,medium
prod_oy_a000000211403,닥터자르트,[슬로우에이징/탄력세럼] 닥터자르트 프리쥬비네이션 퍼밍 바쿠치올 세럼 50ml,serum,true,96,4.865,96,1.0000,20,0.2083,18,0.1875,32,0.3333,9.104,복합성:12;건성:9;중성:4;지성:3;약건성:2,여름쿨톤:11;봄웜톤:6;쿨톤:5;웜톤:4;겨울쿨톤:3,잡티:15;미백:11;블랙헤드:6;트러블:6;주름:5,medium
prod_oy_a000000218601,구달,[NEW/올영단독] 구달 피그애씨드 펩타이드 스킨부스터샷 에센스 120ml 기획(+31ml+화장솜),serum,true,96,4.594,96,1.0000,2,0.0208,12,0.1250,40,0.4167,1.208,복합성:14;지성:11;건성:10;트러블성:3;민감성:2,여름쿨톤:10;쿨톤:9;웜톤:7;가을웜톤:5;봄웜톤:4,잡티:18;미백:14;트러블:9;민감성:7;주름:6,medium
prod_oy_a000000227276,어나더페이스,[산뜻보습&수분탄력] 어나더페이스 펩타테놀 수분 밸런스 크림 50ml,cream,true,96,4.990,96,1.0000,10,0.1042,15,0.1563,18,0.1875,17.833,복합성:9;건성:3;지성:3;민감성:1;트러블성:1,봄웜톤:5;웜톤:5;쿨톤:3;여름쿨톤:2;가을웜톤:1,미백:8;잡티:6;트러블:5;각질:3;블랙헤드:3,medium
prod_oy_a000000190948,어바웃미,어바웃미 숲 진정 수분 세럼 50ml,serum,true,95,4.632,95,1.0000,10,0.1053,18,0.1895,25,0.2632,0.884,복합성:11;민감성:5;지성:4;건성:3;트러블성:2,봄웜톤:5;여름쿨톤:5;웜톤:4;쿨톤:4;가을웜톤:3,트러블:10;각질:8;미백:7;잡티:7;모공:4,medium
prod_oy_a000000211006,라네즈,[수부지/쿨링진정] 라네즈 워터뱅크 젤 크림 45ml 기획 (+25ml),cream,true,95,4.747,95,1.0000,13,0.1368,22,0.2316,24,0.2526,12.463,복합성:12;건성:5;지성:4;민감성:1;중성:1,봄웜톤:6;쿨톤:6;여름쿨톤:5;가을웜톤:3;웜톤:3,잡티:13;미백:9;블랙헤드:9;각질:3;트러블:3,medium
prod_oy_a000000243333,키엘,[7월올영픽/긴급손상진정] 키엘 울트라 훼이셜 메디크림 28ml/50ml (기획/단품),cream,true,95,4.653,95,1.0000,3,0.0316,21,0.2211,20,0.2105,5.053,복합성:7;민감성:5;건성:4;지성:3;트러블성:1,봄웜톤:5;웜톤:4;쿨톤:4;겨울쿨톤:3;여름쿨톤:3,잡티:12;미백:7;트러블:3;각질:2;모공:2,medium
prod_oy_a000000253592,셀리맥스,"[흔적,기미,미백/TXA] 셀리맥스 트라넥삼산 잡티 크림 35ml 기획 (+14ml)",cream,true,95,4.884,95,1.0000,0,0.0000,16,0.1684,41,0.4316,341.611,복합성:17;건성:11;지성:6;민감성:4;트러블성:2,쿨톤:9;가을웜톤:7;봄웜톤:7;여름쿨톤:7;웜톤:5,잡티:24;미백:16;주름:8;트러블:6;블랙헤드:4,medium
prod_oy_a000000253729,유세린,[7월말 재입고/글로벌 대란템] 유세린 티아미돌 부스터 세럼 30ml,serum,true,95,4.421,95,1.0000,0,0.0000,27,0.2842,54,0.5684,387.895,복합성:18;건성:15;지성:11;민감성:5;약건성:2,쿨톤:18;봄웜톤:11;웜톤:10;겨울쿨톤:7;여름쿨톤:5,잡티:30;미백:25;트러블:13;각질:11;주름:6,medium
prod_oy_a000000163763,더파이에센셜,[디렉터파이 MADE] 더파이 시카알란 퍼스트 에센스 150ml,serum,true,94,4.681,94,1.0000,20,0.2128,19,0.2021,22,0.2340,1.287,건성:8;복합성:7;민감성:4;약건성:1;지성:1,쿨톤:6;웜톤:5;가을웜톤:3;여름쿨톤:2;겨울쿨톤:1,민감성:8;잡티:8;블랙헤드:6;미백:5;주름:4,medium
prod_oy_a000000228255,더마팩토리,더마팩토리 바쿠치올 1% 크림 30g,cream,true,94,4.777,94,1.0000,7,0.0745,18,0.1915,42,0.4468,11.106,복합성:16;건성:13;민감성:4;지성:3;약건성:2,웜톤:19;쿨톤:10;여름쿨톤:5;봄웜톤:3;가을웜톤:1,미백:22;잡티:19;모공:7;블랙헤드:6;트러블:5,medium
prod_oy_a000000144034,폴라초이스,[모공탄력]폴라초이스 클리니컬 나이아신아마이드 20% 트리트먼트 20ml,serum,true,93,4.774,93,1.0000,25,0.2688,31,0.3333,31,0.3333,6.860,건성:9;복합성:6;민감성:5;지성:4;중성:2,웜톤:9;쿨톤:8;여름쿨톤:6;겨울쿨톤:4;가을웜톤:2,미백:15;잡티:15;주름:5;모공:4;트러블:3,medium
prod_oy_a000000179257,센텔리안24,[진정/속보습] 센텔리안24 마데카 데일리 리페어 에센스로션 100ml,lotion,true,93,4.774,93,1.0000,11,0.1183,12,0.1290,37,0.3978,1.548,건성:14;복합성:12;민감성:6;지성:4;트러블성:1,쿨톤:16;웜톤:6;여름쿨톤:5;봄웜톤:3;겨울쿨톤:1,잡티:18;미백:14;트러블:8;블랙헤드:7;주름:7,medium
prod_oy_a000000184662,아이오페,아이오페 맨 바이오 컨디셔닝 에센스 145ml,serum,true,93,4.935,93,1.0000,7,0.0753,13,0.1398,26,0.2796,22.086,복합성:16;건성:6;지성:3;트러블성:1,여름쿨톤:12;쿨톤:7;봄웜톤:3;웜톤:3;가을웜톤:1,각질:8;미백:8;트러블:7;블랙헤드:6;잡티:5,medium
prod_oy_a000000204627,설화수,설화수 탄력크림EX (50ml/75ml 기획),cream,true,93,4.806,93,1.0000,7,0.0753,5,0.0538,28,0.3011,2.849,건성:9;복합성:9;지성:6;민감성:3;트러블성:1,웜톤:8;여름쿨톤:7;쿨톤:6;봄웜톤:3;가을웜톤:2,잡티:16;각질:7;민감성:6;주름:6;트러블:4,medium
prod_oy_a000000245813,오브제,[단독구성/보습세트] 오브제 모이스처 프로틴 토너/크림 2종 기획,toner,true,93,4.935,93,1.0000,3,0.0323,13,0.1398,18,0.1935,0.914,건성:8;복합성:4;민감성:2;지성:2;약건성:1,웜톤:9;쿨톤:7;가을웜톤:2,잡티:11;주름:7;미백:5;트러블:3;모공:1,medium
prod_oy_a000000174576,크리니크,크리니크 드라마티컬리 디퍼런트 모이스춰라이징 로션 30ml,lotion,true,92,4.728,92,1.0000,6,0.0652,20,0.2174,35,0.3804,1.804,복합성:15;건성:9;민감성:7;지성:3;트러블성:1,웜톤:8;쿨톤:7;가을웜톤:6;여름쿨톤:5;봄웜톤:4,잡티:18;주름:12;미백:11;모공:6;민감성:6,medium
prod_oy_a000000232382,마미케어,[순수비타민C/잡티앰플] 마미케어 오쏘타민 비타민C 앰플 15ml,serum,true,92,4.554,92,1.0000,15,0.1630,20,0.2174,23,0.2500,2.326,건성:12;복합성:6;민감성:2;지성:2;중성:1,봄웜톤:6;웜톤:6;여름쿨톤:4;쿨톤:3;가을웜톤:2,잡티:14;트러블:8;각질:7;미백:4;탄력:3,medium
prod_oy_a000000185313,스킨푸드,[당근앰플] 스킨푸드 캐롯 카로틴 모이스트 이펙터 52ml,serum,true,91,4.736,91,1.0000,14,0.1538,15,0.1648,31,0.3407,1.242,복합성:12;건성:9;지성:6;트러블성:2;민감성:1,봄웜톤:7;쿨톤:7;겨울쿨톤:6;웜톤:5;가을웜톤:3,잡티:14;미백:8;민감성:6;트러블:6;각질:5,medium
prod_oy_a000000208491,이지듀,이지듀 EGF 글루타치온 기미잡티 크림 105ml,cream,true,91,4.791,91,1.0000,18,0.1978,16,0.1758,18,0.1978,5.912,복합성:10;건성:4;약건성:2;지성:1;트러블성:1,여름쿨톤:8;웜톤:4;봄웜톤:2;쿨톤:2;가을웜톤:1,잡티:10;미백:7;트러블:5;민감성:4;다크서클:3,medium
prod_oy_a000000146263,하다라보,[8종히알루론산] 하다라보 고쿠쥰 프리미엄 밀크 140mL,lotion,true,90,4.867,90,1.0000,7,0.0778,7,0.0778,28,0.3111,42.767,복합성:15;지성:7;건성:4;민감성:1;중성:1,웜톤:12;봄웜톤:5;쿨톤:5;가을웜톤:2;여름쿨톤:2,각질:10;잡티:10;민감성:8;미백:7;주름:7,medium
prod_oy_a000000181191,닥터자르트,[강력진정] 닥터자르트 시카페어 인텐시브 수딩 리페어 크림 50ml,cream,true,90,4.733,90,1.0000,7,0.0778,7,0.0778,25,0.2778,0.711,복합성:13;건성:5;지성:4;민감성:2;약건성:1,쿨톤:7;가을웜톤:5;겨울쿨톤:3;봄웜톤:3;웜톤:3,잡티:11;미백:8;트러블:7;블랙헤드:6;주름:5,medium
prod_oy_a000000141313,디오디너리,[노화케어] 디오디너리 아지렐린 솔루션 10% 30ml,serum,true,89,4.674,89,1.0000,33,0.3708,13,0.1461,39,0.4382,2.124,복합성:14;지성:10;건성:8;민감성:6;트러블성:1,쿨톤:14;웜톤:10;여름쿨톤:5;봄웜톤:4;가을웜톤:3,잡티:22;미백:20;주름:10;트러블:7;블랙헤드:5,medium
prod_oy_a000000165622,CKD,CKD 레티노콜라겐 저분자 300 콜라겐 펌핑 앰플 30ml,serum,true,89,4.708,89,1.0000,16,0.1798,17,0.1910,42,0.4719,2.820,건성:20;복합성:15;지성:4;민감성:2;약건성:1,웜톤:18;봄웜톤:10;여름쿨톤:4;쿨톤:4;가을웜톤:3,잡티:26;주름:18;미백:16;블랙헤드:6;트러블:5,medium
prod_oy_a000000231074,성분에디터,[포켓몬 에디션/모공케어] 성분에디터 그린토마토 NMN 포어 하이드로 수딩 토너 350g 기획 (+120g)*,toner,true,88,4.761,88,1.0000,8,0.0909,17,0.1932,23,0.2614,3.159,복합성:10;건성:8;지성:3;약건성:1;트러블성:1,봄웜톤:8;가을웜톤:4;쿨톤:4;웜톤:3;여름쿨톤:2,잡티:11;주름:9;블랙헤드:6;트러블:4;모공:3,medium
prod_oy_a000000221707,메디힐,메디힐 저분자 히알루론산 수분 밀도 세럼 40ml,serum,true,87,4.724,87,1.0000,13,0.1494,7,0.0805,18,0.2069,1.586,복합성:10;건성:7;민감성:1,웜톤:5;여름쿨톤:4;가을웜톤:3;쿨톤:3;겨울쿨톤:2,미백:6;잡티:6;트러블:5;블랙헤드:4;민감성:3,medium
prod_oy_a000000228256,더마팩토리,더마팩토리 리얼베라 모공세럼 30ml,serum,true,87,4.678,87,1.0000,7,0.0805,20,0.2299,37,0.4253,21.333,복합성:15;건성:8;지성:7;민감성:4;트러블성:3,웜톤:18;쿨톤:6;여름쿨톤:4;봄웜톤:3;가을웜톤:2,미백:20;잡티:20;트러블:8;블랙헤드:6;모공:5,medium
prod_oy_a000000228328,토리든,토리든 셀메이징 저분자 콜라겐 모공 탄력 앰플 30ml,serum,true,87,4.690,87,1.0000,10,0.1149,12,0.1379,18,0.2069,7.621,복합성:6;지성:5;건성:3;민감성:2;약건성:2,여름쿨톤:6;봄웜톤:3;쿨톤:3;겨울쿨톤:2;웜톤:2,트러블:5;잡티:4;각질:3;다크서클:3;주름:3,medium
prod_oy_a000000141309,디오디너리,[보습크림] 디오디너리 내추럴 모이스처라이징 팩터스 + HA 100ml,lotion,true,86,4.605,86,1.0000,10,0.1163,12,0.1395,13,0.1512,0.744,민감성:3;복합성:3;지성:3;건성:2;트러블성:1,웜톤:5;쿨톤:5;가을웜톤:1;봄웜톤:1;여름쿨톤:1,잡티:8;트러블:3;각질:2;미백:2;블랙헤드:2,medium
prod_oy_a000000174719,로벡틴,[응급진정/흔적케어]로벡틴 시카케어 클리어링 앰플 30ml,serum,true,86,4.605,86,1.0000,12,0.1395,10,0.1163,34,0.3953,2.140,복합성:15;건성:7;지성:6;민감성:4;트러블성:2,여름쿨톤:10;봄웜톤:8;웜톤:6;겨울쿨톤:5;가을웜톤:3,잡티:17;트러블:13;미백:11;민감성:9;각질:5,medium
prod_oy_a000000254908,에스트라,[NEW] 에스트라 아토베리어365 캡슐 토너 300ml,toner,true,86,4.814,86,1.0000,0,0.0000,13,0.1512,29,0.3372,79.872,복합성:15;건성:5;지성:5;민감성:3,쿨톤:10;여름쿨톤:6;웜톤:4;가을웜톤:3;겨울쿨톤:3,잡티:11;블랙헤드:9;미백:7;모공:5;트러블:4,medium
prod_oy_a000000198090,닥터자르트,[72시간보습로션] 닥터자르트 세라마이딘 스킨 베리어 모이스처라이징 밀키 로션 50ml,lotion,true,85,4.812,85,1.0000,11,0.1294,10,0.1176,26,0.3059,2.765,건성:7;복합성:7;민감성:5;약건성:3;지성:2,웜톤:10;봄웜톤:5;여름쿨톤:4;겨울쿨톤:2;쿨톤:2,잡티:10;트러블:8;미백:7;각질:6;주름:4,medium
prod_oy_a000000178516,코스톡,코스톡 톡톡 수딩 아쿠아 크림 70ml,cream,true,84,4.833,84,1.0000,8,0.0952,18,0.2143,24,0.2857,1.369,복합성:15;건성:3;민감성:3;지성:3,쿨톤:9;웜톤:7;봄웜톤:3;여름쿨톤:3;가을웜톤:2,잡티:15;트러블:11;미백:6;각질:4;민감성:3,medium
prod_oy_a000000226952,눅스,[생기/항산화 세럼]눅스 프로디쥬스 글로우 부스트 세럼 30ml 기획(+플로럴오일 10ml 증정),serum,true,84,4.798,84,1.0000,1,0.0119,8,0.0952,38,0.4524,4.464,복합성:21;건성:12;지성:3;민감성:1;트러블성:1,여름쿨톤:10;쿨톤:9;가을웜톤:6;봄웜톤:5;웜톤:5,잡티:17;주름:11;트러블:11;각질:6;미백:6,medium
prod_oy_a000000186457,리쥬란,[PDRN기미크림/광노화케어 신소재] 리쥬란 바이옴 힐러 유스 포뮬러 크림 50ml,cream,true,83,4.783,83,1.0000,3,0.0361,10,0.1205,40,0.4819,2.120,복합성:17;건성:13;지성:5;민감성:4;중성:1,여름쿨톤:12;웜톤:8;가을웜톤:6;겨울쿨톤:6;쿨톤:5,잡티:16;미백:15;트러블:12;각질:7;주름:7,medium
prod_oy_a000000202463,빌리프,빌리프 슈퍼드랍스 글로우 세럼 50ml,serum,true,83,4.663,83,1.0000,1,0.0120,15,0.1807,47,0.5663,2.446,복합성:22;건성:13;지성:6;민감성:3;트러블성:2,웜톤:17;쿨톤:12;봄웜톤:7;가을웜톤:3;여름쿨톤:3,잡티:28;미백:19;트러블:8;블랙헤드:5;주름:5,medium
prod_oy_a000000212009,LBB,[기미잡티 에센스/대용량]LBB 골드렐라 펩타이드 28 안티 멜라닌 에센스 150ml,serum,true,83,4.807,83,1.0000,0,0.0000,19,0.2289,54,0.6506,2.265,복합성:23;건성:14;민감성:6;중성:4;지성:3,웜톤:14;여름쿨톤:11;쿨톤:9;봄웜톤:8;겨울쿨톤:7,잡티:29;미백:16;주름:12;트러블:9;모공:8,medium
prod_oy_a000000214170,키엘,키엘 울트라 훼이셜 베리어 스틱 밤 더블기획/단품,lotion,true,83,4.771,83,1.0000,4,0.0482,16,0.1928,34,0.4096,2.253,복합성:14;건성:9;민감성:4;지성:4;트러블성:2,쿨톤:10;여름쿨톤:6;웜톤:6;겨울쿨톤:5;가을웜톤:2,잡티:14;트러블:9;미백:8;모공:6;블랙헤드:6,medium
prod_oy_a000000226524,셀인샷,[흔적/착색/미백] 셀인샷 트라넥 글루타샷 세럼 50ml,serum,true,83,4.904,83,1.0000,3,0.0361,15,0.1807,26,0.3133,0.627,복합성:9;건성:7;지성:7;트러블성:2;민감성:1,웜톤:7;쿨톤:7;봄웜톤:4;여름쿨톤:3;가을웜톤:1,잡티:15;미백:8;주름:7;트러블:5;블랙헤드:2,medium
prod_oy_a000000248031,아임프롬,[리뉴얼/쫀쫀광채케어] 아임프롬 라이스 토너 150ml,toner,true,83,4.831,83,1.0000,2,0.0241,20,0.2410,36,0.4337,68.386,복합성:15;건성:14;민감성:4;지성:3,웜톤:9;쿨톤:8;봄웜톤:6;가을웜톤:5;여름쿨톤:5,잡티:16;미백:12;주름:8;트러블:8;모공:6,medium
prod_oy_a000000151356,셀퓨전씨,[속수분충전/매끈피부결] 셀퓨전씨 약산성 패리어 토너 300ml,toner,true,82,4.695,82,1.0000,1,0.0122,13,0.1585,25,0.3049,1.061,복합성:11;민감성:4;지성:4;건성:3;트러블성:3,웜톤:7;봄웜톤:6;여름쿨톤:5;겨울쿨톤:3;쿨톤:3,잡티:13;트러블:10;미백:9;주름:5;모공:4,medium
prod_oy_a000000188005,일소,[모공탄력] 일소 모링가 타이트닝 포어 세럼 30ml,serum,true,82,4.366,82,1.0000,12,0.1463,14,0.1707,20,0.2439,2.305,복합성:7;지성:5;건성:3;민감성:3;트러블성:2,여름쿨톤:5;웜톤:4;겨울쿨톤:3;쿨톤:3;가을웜톤:2,잡티:8;각질:5;미백:5;트러블:5;주름:4,medium
prod_oy_a000000222699,스튜디오17,[스쿠알란/수분장벽] 스튜디오17 워터부스트 히알루론 수분크림 80ml,cream,true,82,4.841,82,1.0000,0,0.0000,13,0.1585,37,0.4512,2.463,복합성:14;건성:12;민감성:7;지성:3;트러블성:1,쿨톤:10;봄웜톤:7;여름쿨톤:7;웜톤:7;가을웜톤:4,잡티:16;미백:15;트러블:8;주름:6;민감성:4,medium
prod_oy_a000000231297,토니모리,토니모리 원더 세라마이드 모찌 에멀전 300ml,lotion,true,82,4.939,82,1.0000,0,0.0000,8,0.0976,40,0.4878,3.537,복합성:16;건성:9;민감성:6;트러블성:5;지성:4,쿨톤:12;웜톤:10;여름쿨톤:6;가을웜톤:5;봄웜톤:5,잡티:27;미백:10;트러블:10;주름:7;민감성:4,medium
prod_oy_a000000203126,디오디너리,[고강도탄력] 디오디너리 레티날 0.2% 에멀전 15ml,serum,true,81,4.679,81,1.0000,7,0.0864,9,0.1111,25,0.3086,10.889,복합성:8;건성:6;지성:5;중성:3;트러블성:2,가을웜톤:5;웜톤:5;쿨톤:5;겨울쿨톤:4;여름쿨톤:4,잡티:9;미백:8;트러블:7;주름:4;모공:3,medium
prod_oy_a000000209608,디어클레어스,[쿨링진정] 클레어스 블루 카밍 크림 60g,cream,true,81,4.704,81,1.0000,3,0.0370,15,0.1852,33,0.4074,3.037,복합성:11;지성:9;민감성:6;트러블성:4;건성:2,쿨톤:11;여름쿨톤:8;웜톤:5;가을웜톤:4;겨울쿨톤:3,트러블:13;각질:12;잡티:9;미백:7;민감성:6,medium
prod_oy_a000000214134,키엘,키엘 칼렌듈라 꽃잎 토너 250ml(단품/기획),toner,true,81,4.704,81,1.0000,4,0.0494,13,0.1605,28,0.3457,1.679,복합성:12;지성:5;건성:4;민감성:4;트러블성:2,쿨톤:8;웜톤:7;가을웜톤:6;봄웜톤:3;여름쿨톤:2,트러블:9;잡티:6;모공:5;붉은기:5;블랙헤드:5,medium
prod_oy_a000000238244,더마펌,[나띠PICK][증정프로모션/피부볼륨] 더마펌 펩트올로지 부스팅 앰플 PDRN 30ml 기획 (+30ml 리필),serum,true,81,4.963,81,1.0000,0,0.0000,18,0.2222,36,0.4444,2.654,복합성:17;건성:7;민감성:5;지성:3;중성:2,웜톤:12;쿨톤:6;봄웜톤:5;가을웜톤:3;겨울쿨톤:3,잡티:15;미백:14;주름:8;모공:4;트러블:4,medium
prod_oy_a000000145332,닥터디퍼런트,[탄력/보습크림] 닥터디퍼런트 131 세콜지 모이스처라이저 100ml,cream,true,80,4.775,80,1.0000,14,0.1750,29,0.3625,34,0.4250,6.825,복합성:15;건성:13;민감성:5,웜톤:14;쿨톤:12;여름쿨톤:3;겨울쿨톤:2;가을웜톤:1,민감성:15;주름:14;트러블:11;잡티:7;각질:4,medium
prod_oy_a000000200669,아떼,[미백&리페어] 아떼 비타 EGF 흔적엔딩 세럼,serum,true,80,4.825,80,1.0000,18,0.2250,13,0.1625,22,0.2750,13.262,복합성:9;건성:6;지성:3;민감성:2;약건성:1,쿨톤:6;가을웜톤:5;웜톤:5;여름쿨톤:3;겨울쿨톤:2,잡티:10;트러블:6;미백:5;블랙헤드:5;민감성:4,medium
prod_oy_a000000210452,라돌프,[피지캐는크림] 라돌프 퓨어파지 크림 알엑스 80g,cream,true,80,4.925,80,1.0000,1,0.0125,16,0.2000,22,0.2750,1.400,복합성:11;건성:5;지성:3;민감성:2;트러블성:1,쿨톤:6;웜톤:5;가을웜톤:3;여름쿨톤:3;겨울쿨톤:2,잡티:11;미백:7;트러블:7;민감성:3;주름:3,medium
prod_oy_a000000224027,셀리맥스,"[흔적,기미,미백/TXA] 셀리맥스 트라넥삼산 잡티 크림 35ml",cream,true,80,4.950,80,1.0000,0,0.0000,10,0.1250,35,0.4375,239.537,복합성:16;건성:9;지성:5;민감성:3;중성:1,쿨톤:8;봄웜톤:6;여름쿨톤:6;가을웜톤:5;웜톤:4,잡티:22;미백:13;주름:7;트러블:4;민감성:3,medium
prod_oy_a000000145833,플리프,플리프 시카-알로에 앰플 토너 200ml (여드름성피부추천),toner,true,79,4.848,79,1.0000,16,0.2025,10,0.1266,19,0.2405,1.582,복합성:6;지성:6;건성:5;중성:1;트러블성:1,웜톤:6;쿨톤:6;여름쿨톤:3,잡티:8;트러블:7;미백:4;각질:3;민감성:3,medium
prod_oy_a000000213688,아렌시아,[모공순삭 탱글 젤리피부] 아렌시아 레드 스무디 세럼 8 30ml,serum,true,79,4.532,79,1.0000,7,0.0886,12,0.1519,26,0.3291,0.722,복합성:15;지성:5;건성:4;민감성:1,여름쿨톤:11;쿨톤:5;가을웜톤:3;봄웜톤:2;웜톤:2,잡티:14;각질:6;미백:5;블랙헤드:4;모공:3,medium
prod_oy_a000000256045,토리든,[NEW] 토리든 다이브인 저분자 히알루론산 토너 500ml 기획 (+늘어나는 화장솜 60매),toner,true,79,4.886,79,1.0000,0,0.0000,7,0.0886,23,0.2911,53.089,복합성:11;지성:6;건성:5;민감성:1,봄웜톤:6;여름쿨톤:5;가을웜톤:3;겨울쿨톤:3;웜톤:3,미백:8;잡티:7;트러블:7;각질:5;블랙헤드:4,medium
prod_oy_a000000104169,크리니크,크리니크 각질케어토너 3 200ml,toner,true,78,4.808,78,1.0000,16,0.2051,11,0.1410,17,0.2179,1.487,복합성:10;지성:6;건성:1,웜톤:10;쿨톤:5;봄웜톤:1;여름쿨톤:1,미백:8;트러블:7;잡티:6;블랙헤드:3;탄력:3,medium
prod_oy_a000000177477,프랭클리,[응급진정] 프랭클리 시카80 히알루론산 보습 토너 260ml,toner,true,78,4.718,78,1.0000,12,0.1538,8,0.1026,27,0.3462,11.295,복합성:13;지성:4;건성:3;트러블성:3;약건성:2,봄웜톤:7;웜톤:6;쿨톤:6;가을웜톤:3;여름쿨톤:2,잡티:14;트러블:11;블랙헤드:5;미백:4;피지과다:4,medium
prod_oy_a000000200229,케어존,케어존 리큐어 노르데나우 시카 토너 490ml,toner,true,78,4.756,78,1.0000,8,0.1026,7,0.0897,19,0.2436,0.500,복합성:9;건성:5;민감성:1;지성:1;트러블성:1,여름쿨톤:7;봄웜톤:4;웜톤:4;가을웜톤:2;쿨톤:2,트러블:8;잡티:5;민감성:4;각질:3;미백:3,medium
prod_oy_a000000204162,다슈,다슈 보이 파란 수분초 수분 세럼 65ml 기획 (+세럼 20ml),serum,true,78,4.833,78,1.0000,10,0.1282,7,0.0897,20,0.2564,1.295,건성:7;복합성:7;중성:2;지성:2;트러블성:1,여름쿨톤:7;웜톤:4;쿨톤:3;가을웜톤:2;봄웜톤:2,잡티:8;트러블:7;미백:6;모공:4;주름:4,medium
prod_oy_a000000229465,디퍼,[쿨링진정/화잘먹크림] 디퍼 히알루론산 히알큐브 화잘먹 수분 크림 100ml,cream,true,78,4.833,78,1.0000,10,0.1282,12,0.1538,32,0.4103,15.756,복합성:13;건성:9;민감성:6;트러블성:2;중성:1,여름쿨톤:8;쿨톤:6;겨울쿨톤:4;웜톤:4;가을웜톤:3,잡티:15;미백:14;각질:5;트러블:5;주름:4,medium
prod_oy_a000000216470,마몽드,[보습장벽] 마몽드 프로바이오틱스 세라마이드 에멀젼 150ml,lotion,true,77,4.753,77,1.0000,8,0.1039,9,0.1169,18,0.2338,8.675,건성:6;지성:6;복합성:4;민감성:1,쿨톤:7;여름쿨톤:5;웜톤:3,미백:5;블랙헤드:5;잡티:5;각질:4;주름:4,medium
prod_oy_a000000247686,오우즈너리,[NEW/화잘먹/비타속광] 오우즈너리 비타3 세럼 50ml,serum,true,77,4.870,77,1.0000,0,0.0000,14,0.1818,36,0.4675,76.013,복합성:12;지성:9;민감성:7;건성:5;약건성:1,여름쿨톤:8;웜톤:8;쿨톤:7;겨울쿨톤:6;봄웜톤:4,잡티:13;트러블:12;미백:10;주름:8;모공:6,medium
prod_oy_a000000144052,폴라초이스,폴라초이스 스킨 발란싱 포어-리듀싱 토너 190ml,toner,true,76,4.526,76,1.0000,9,0.1184,9,0.1184,20,0.2632,0.868,지성:10;복합성:4;민감성:2;트러블성:2;약건성:1,웜톤:5;쿨톤:5;가을웜톤:2;봄웜톤:2;여름쿨톤:2,트러블:11;블랙헤드:6;잡티:6;모공:3;미백:3,medium
prod_oy_a000000209906,제로이드,제로이드 더마뉴얼 리페어 크림 15ml,cream,true,76,4.842,76,1.0000,10,0.1316,12,0.1579,18,0.2368,3.724,민감성:8;복합성:6;건성:2;지성:1;트러블성:1,쿨톤:6;웜톤:3;가을웜톤:2;봄웜톤:2;여름쿨톤:2,잡티:5;주름:5;미백:4;트러블:4;민감성:3,medium
prod_oy_a000000223334,아벤느,[리뉴얼] 아벤느 핑크 수딩 토너 200ml 기획 (+화장솜),toner,true,76,4.697,76,1.0000,22,0.2895,6,0.0789,25,0.3289,2.263,복합성:12;건성:10;지성:3,가을웜톤:9;봄웜톤:4;웜톤:4;여름쿨톤:3;쿨톤:3,주름:12;각질:11;잡티:8;트러블:6;미백:4,medium
prod_oy_a000000224647,유세린,[티아미돌입문세럼/광채홈케어] 유세린 이븐래디언스 일루미네이팅 세럼 30ml,serum,true,76,4.724,76,1.0000,2,0.0263,17,0.2237,36,0.4737,2.434,복합성:13;건성:9;지성:6;민감성:4;중성:2,웜톤:13;여름쿨톤:7;봄웜톤:6;쿨톤:6;가을웜톤:2,잡티:17;미백:11;트러블:9;블랙헤드:6;주름:6,medium
prod_oy_a000000181125,스킨푸드,[도토리앰플] 스킨푸드 도토리 모공 탄력 앰플 55ml,serum,true,75,4.667,75,1.0000,5,0.0667,8,0.1067,30,0.4000,1.307,복합성:15;지성:9;건성:5,쿨톤:11;봄웜톤:6;웜톤:6;여름쿨톤:3;가을웜톤:2,잡티:14;트러블:12;미백:10;블랙헤드:5;민감성:4,medium
prod_oy_a000000212725,더하르나이,[피부장벽강화크림] 더하르나이 시카이드 밤 100ml기획(+앰플5ml*3p+크림5ml*2p),cream,true,75,4.653,75,1.0000,7,0.0933,11,0.1467,32,0.4267,1.227,복합성:15;건성:7;지성:5;트러블성:3;민감성:1,봄웜톤:9;여름쿨톤:7;쿨톤:7;웜톤:6;가을웜톤:1,잡티:13;미백:10;트러블:10;주름:5;각질:4,medium
prod_oy_a000000219340,SVR,[비타민C]SVR 안티 오엑스 C 앰플 30ml 기획(+크림 10ml)/단품,serum,true,75,4.720,75,1.0000,13,0.1733,11,0.1467,29,0.3867,29.640,복합성:8;지성:8;건성:6;민감성:5;약건성:1,가을웜톤:8;봄웜톤:7;여름쿨톤:4;웜톤:4;쿨톤:3,잡티:19;트러블:12;미백:8;민감성:6;모공:2,medium
prod_oy_a000000241909,라곰,[수분밀착/장벽케어] 라곰 셀러스 딥 모이스쳐 크림 60ml,cream,true,75,4.907,75,1.0000,1,0.0133,14,0.1867,28,0.3733,2.280,복합성:11;건성:7;민감성:5;지성:2;중성:1,웜톤:11;쿨톤:9;봄웜톤:3;가을웜톤:2;겨울쿨톤:2,잡티:13;미백:10;트러블:9;각질:4;모공:4,medium
prod_oy_a000000161573,스킨1004,스킨1004 마다가스카르 센텔라 수딩 크림 75ml,cream,true,74,4.730,74,1.0000,13,0.1757,12,0.1622,23,0.3108,4.122,민감성:8;지성:6;복합성:5;건성:4,쿨톤:9;여름쿨톤:7;봄웜톤:2;웜톤:2;가을웜톤:1,잡티:10;민감성:9;트러블:8;미백:7;각질:2,medium
prod_oy_a000000182721,케어존,케어존 아큐어 클래리파잉 에멀전 200ml,lotion,true,74,4.703,74,1.0000,9,0.1216,15,0.2027,16,0.2162,1.486,복합성:10;지성:4;민감성:1;트러블성:1,웜톤:8;쿨톤:3;봄웜톤:2;여름쿨톤:2;가을웜톤:1,잡티:10;트러블:4;각질:3;모공:3;블랙헤드:2,medium
prod_oy_a000000201338,한율,한율 달빛유자C 세럼 30ml 기획 (+20ml),serum,true,74,4.730,74,1.0000,12,0.1622,10,0.1351,21,0.2838,2.324,복합성:12;지성:5;민감성:2;건성:1;트러블성:1,겨울쿨톤:7;여름쿨톤:5;웜톤:4;봄웜톤:3;쿨톤:2,미백:9;트러블:8;각질:6;민감성:5;모공:4,medium
prod_oy_a000000219676,메디큐브,[미백원액세럼][NEW]메디큐브 PDRN 핑크 원데이 세럼(1.5ml*10ea),serum,true,74,4.824,74,1.0000,8,0.1081,11,0.1486,26,0.3514,5.865,복합성:13;건성:8;트러블성:2;민감성:1;약건성:1,여름쿨톤:9;쿨톤:6;겨울쿨톤:4;웜톤:4;봄웜톤:2,잡티:15;미백:9;각질:7;트러블:5;주름:4,medium
prod_oy_a000000225178,아벤느,아벤느 비타민 액티브 VACg 세럼 30ml 기획 (+비타민 Cg 액티브 크림 2ml*3) *광채 *항산화,serum,true,74,4.797,74,1.0000,6,0.0811,10,0.1351,31,0.4189,9.203,복합성:18;건성:9;민감성:4,봄웜톤:8;여름쿨톤:7;겨울쿨톤:5;가을웜톤:4;웜톤:4,잡티:15;미백:8;블랙헤드:8;주름:8;트러블:7,medium
prod_oy_a000000231120,더페이스샵,[다이노탱 에디션][대용량] 더페이스샵 올티밋 히알루로닉 스쿠알란 1% 크림 90ml,cream,true,74,4.959,74,1.0000,0,0.0000,11,0.1486,44,0.5946,2.554,복합성:20;건성:11;지성:6;민감성:3;중성:2,웜톤:13;쿨톤:11;가을웜톤:6;겨울쿨톤:5;봄웜톤:4,잡티:29;미백:17;모공:8;블랙헤드:7;주름:6,medium
prod_oy_a000000163761,더파이에센셜,[디렉터파이 MADE] 더파이 히알루로닉 수분 장벽 크림 80ml,cream,true,73,4.753,73,1.0000,21,0.2877,12,0.1644,24,0.3288,1.370,건성:11;복합성:10;지성:3,쿨톤:12;웜톤:5;겨울쿨톤:2;여름쿨톤:2;가을웜톤:1,블랙헤드:8;잡티:8;미백:6;민감성:5;주름:3,medium
prod_oy_a000000166418,비판톨,비판톨 더마 리플레니싱 데일리 모이스처 페이스 크림 50ml,cream,true,73,4.753,73,1.0000,8,0.1096,14,0.1918,25,0.3425,1.562,복합성:10;민감성:6;건성:5;지성:4,웜톤:7;쿨톤:6;가을웜톤:5;여름쿨톤:4;겨울쿨톤:1,잡티:15;미백:7;트러블:6;민감성:5;주름:4,medium
prod_oy_a000000178514,코스톡,코스톡 타임리스 에센스스킨 200ml,toner,true,73,4.973,73,1.0000,5,0.0685,26,0.3562,25,0.3425,2.849,복합성:10;건성:6;지성:4;민감성:3;트러블성:1,웜톤:13;쿨톤:7;여름쿨톤:2;가을웜톤:1;봄웜톤:1,잡티:9;트러블:9;주름:6;각질:4;미백:4,medium
prod_oy_a000000198835,테라로직,[모공탄력]테라로직 레티놀 안티링클3D 모공 앰플 30ml,serum,true,73,4.822,73,1.0000,12,0.1644,18,0.2466,22,0.3014,1.329,복합성:9;건성:7;민감성:4;지성:1;트러블성:1,봄웜톤:4;여름쿨톤:4;웜톤:4;가을웜톤:3;쿨톤:3,잡티:11;주름:9;민감성:6;미백:5;모공:3,medium
prod_oy_a000000258879,코스알엑스,[7월 올영픽/가나디 콜라보]코스알엑스 더 블루 펩타이드 결광 세럼 50ml 기획 (+키캡 키링),serum,true,73,4.877,73,1.0000,2,0.0274,19,0.2603,37,0.5068,296.890,복합성:16;건성:10;지성:5;트러블성:3;민감성:2,쿨톤:9;봄웜톤:7;겨울쿨톤:5;여름쿨톤:5;웜톤:5,잡티:13;모공:8;트러블:7;미백:6;민감성:6,medium
prod_oy_a000000182300,에필로우,에필로우 차가버섯 비피다 바이옴 매끈결 모공 앰플 50ml,serum,true,72,4.750,72,1.0000,2,0.0278,6,0.0833,32,0.4444,0.389,복합성:15;건성:9;지성:4;민감성:2;트러블성:1,웜톤:10;쿨톤:8;봄웜톤:3;여름쿨톤:3;겨울쿨톤:2,잡티:19;트러블:10;미백:8;모공:4;블랙헤드:4,medium
prod_oy_a000000219387,마몽드,[쿨링진정] 마몽드 카밍 샷 아줄렌 토너 300ml,toner,true,72,4.653,72,1.0000,5,0.0694,4,0.0556,21,0.2917,1.972,복합성:9;건성:8;지성:2;민감성:1;트러블성:1,쿨톤:6;겨울쿨톤:5;가을웜톤:3;봄웜톤:2;여름쿨톤:2,미백:12;각질:6;잡티:6;민감성:5;트러블:4,medium
prod_oy_a000000007088,불독,불독 오리지널 모이스처라이저 100ml,cream,true,71,4.831,71,1.0000,12,0.1690,18,0.2535,17,0.2394,1.141,복합성:7;건성:4;민감성:2;약건성:1;중성:1,웜톤:6;가을웜톤:4;봄웜톤:2;쿨톤:2;겨울쿨톤:1,주름:8;미백:5;잡티:5;민감성:4;각질:3,medium
prod_oy_a000000141323,디오디너리,[브라이트닝] 디오디너리 아스코빌 글루코사이드 솔루션 12% 30ml,serum,true,71,4.676,71,1.0000,22,0.3099,9,0.1268,13,0.1831,2.113,복합성:6;민감성:4;지성:2;건성:1,웜톤:6;쿨톤:3;가을웜톤:2;여름쿨톤:1,잡티:10;미백:8;트러블:3;각질:2;민감성:2,medium
prod_oy_a000000145499,엠도씨,엠도씨 화이트닝 톤업 크림 (본품50ml+20ml 추가 증정),serum,true,71,4.930,71,1.0000,22,0.3099,6,0.0845,14,0.1972,0.493,복합성:7;지성:5;건성:1;민감성:1,웜톤:5;겨울쿨톤:3;가을웜톤:2;봄웜톤:2,미백:6;잡티:5;주름:4;트러블:4;각질:3,medium
prod_oy_a000000179256,센텔리안24,[진정/속보습] 센텔리안24 마데카 데일리 리페어 앰플 50ml (첫단계진정앰플),serum,true,71,4.746,71,1.0000,14,0.1972,6,0.0845,25,0.3521,3.380,건성:8;복합성:8;민감성:5;지성:1;트러블성:1,여름쿨톤:9;웜톤:6;쿨톤:6;가을웜톤:1;겨울쿨톤:1,잡티:10;트러블:9;민감성:7;미백:6;각질:5,medium
prod_oy_a000000185121,더마펌,[나띠PICK][증정이벤트/진정크림] 더마펌 수분보습 진정 크림 50ml+50ml 기획,cream,true,71,4.831,71,1.0000,8,0.1127,17,0.2394,30,0.4225,1.718,복합성:14;건성:7;민감성:4;지성:3;트러블성:2,여름쿨톤:7;가을웜톤:6;쿨톤:6;웜톤:5;봄웜톤:3,각질:10;잡티:9;트러블:8;블랙헤드:6;미백:5,medium
prod_oy_a000000222908,셀퓨전씨,[아이스쿨링캡슐/쿨링수분크림] 셀퓨전씨 포스트 알파 쿨링 젤 크림 50ml+20ml 기획세트,cream,true,71,4.592,71,1.0000,5,0.0704,11,0.1549,30,0.4225,1.775,복합성:11;건성:8;민감성:6;지성:4;트러블성:1,웜톤:7;쿨톤:6;가을웜톤:5;봄웜톤:5;겨울쿨톤:2,잡티:13;미백:8;블랙헤드:8;트러블:8;각질:4,medium
prod_oy_a000000182486,에스테덤,[대용량] 에스테덤 하이드라 로션 맥스 400ml,toner,true,70,4.786,70,1.0000,14,0.2000,7,0.1000,21,0.3000,1.229,복합성:7;건성:4;지성:4;민감성:2;트러블성:2,쿨톤:5;가을웜톤:3;봄웜톤:3;여름쿨톤:3;웜톤:3,미백:7;잡티:6;모공:5;트러블:4;각질:3,medium
prod_oy_a000000200133,아벤느,[민감/진정크림]아벤느 똘레랑스 하이드레이팅 플루이드 40ml,cream,true,70,4.429,70,1.0000,9,0.1286,6,0.0857,24,0.3429,1.971,복합성:11;건성:4;민감성:4;지성:3;약건성:1,쿨톤:7;봄웜톤:6;여름쿨톤:6;가을웜톤:4;겨울쿨톤:1,트러블:15;잡티:7;탄력:5;미백:4;블랙헤드:4,medium
prod_oy_a000000224244,풀리,[모공탄력] 풀리 그린 토마토 세럼 30ml,serum,true,70,4.943,70,1.0000,0,0.0000,15,0.2143,24,0.3429,1.057,지성:8;건성:6;복합성:6;민감성:2;트러블성:2,웜톤:11;쿨톤:11;가을웜톤:1;겨울쿨톤:1,잡티:16;미백:6;각질:4;주름:4;피지과다:3,medium
prod_oy_a000000137482,로벡틴,[43만개 판매/민감피부 구원템] 로벡틴 카밍 연꽃수 크림 60ml,cream,true,69,4.710,69,1.0000,21,0.3043,11,0.1594,13,0.1884,1.420,복합성:6;지성:4;건성:2;민감성:1,여름쿨톤:4;웜톤:4;가을웜톤:2;쿨톤:1,잡티:8;트러블:7;미백:2;주름:2;각질:1,medium
prod_oy_a000000141712,다룸,DR다룸 베리어 크림 75ml,cream,true,69,4.739,69,1.0000,20,0.2899,10,0.1449,11,0.1594,1.942,복합성:4;건성:3;트러블성:2;약건성:1;지성:1,웜톤:6;쿨톤:4;봄웜톤:1,트러블:5;미백:4;잡티:4;블랙헤드:2;각질:1,medium
prod_oy_a000000202923,VT,[모공집중] VT 레티-에이 리들샷 100 에센스 50ml,serum,true,69,4.681,69,1.0000,6,0.0870,6,0.0870,24,0.3478,1.783,복합성:8;지성:6;건성:5;민감성:3;트러블성:2,웜톤:10;쿨톤:8;여름쿨톤:3;가을웜톤:1;겨울쿨톤:1,미백:10;잡티:10;트러블:9;주름:6;각질:5,medium
prod_oy_a000000141710,다룸,DR다룸 릴리프 앰플 50ml,serum,true,68,4.912,68,1.0000,7,0.1029,21,0.3088,12,0.1765,1.397,건성:4;복합성:4;트러블성:2;민감성:1;지성:1,웜톤:5;봄웜톤:3;쿨톤:3;겨울쿨톤:1,잡티:6;미백:5;주름:4;트러블:3;각질:1,medium
prod_oy_a000000199798,아이소이,[모공탄력] 아이소이 포어 타이트닝 컨트롤 세럼 20ml 기획 (+3ml),serum,true,68,4.662,68,1.0000,4,0.0588,12,0.1765,16,0.2353,0.926,복합성:6;지성:4;건성:3;민감성:2;약건성:1,웜톤:5;겨울쿨톤:3;여름쿨톤:3;가을웜톤:2;봄웜톤:2,잡티:6;미백:5;블랙헤드:5;트러블:5;각질:2,medium
prod_oy_a000000187871,더랩바이블랑두,더랩바이블랑두 엑스퍼트루 모공탄력 세럼 30ml,serum,true,67,4.761,67,1.0000,4,0.0597,16,0.2388,33,0.4925,2.119,복합성:19;지성:6;건성:4;트러블성:2;민감성:1,웜톤:14;봄웜톤:5;여름쿨톤:5;쿨톤:4;가을웜톤:3,트러블:12;블랙헤드:8;잡티:8;각질:6;주름:6,medium
prod_oy_a000000141306,디오디너리,[각질쓱싹] 디오디너리 만델릭 애시드 10% + HA 30ml,serum,true,65,4.754,65,1.0000,32,0.4923,10,0.1538,24,0.3692,3.046,지성:11;복합성:8;트러블성:3;건성:1;민감성:1,웜톤:15;겨울쿨톤:2;쿨톤:2;가을웜톤:1;봄웜톤:1,잡티:12;미백:11;트러블:7;각질:5;블랙헤드:5,medium
prod_oy_a000000224733,아이디플라코스메틱,[리뉴얼] 아이디플라코스메틱 엑소브이 프로리프팅 크림 50ml,cream,true,65,4.908,65,1.0000,3,0.0462,13,0.2000,41,0.6308,2.246,복합성:21;건성:11;지성:4;중성:2;민감성:1,웜톤:14;쿨톤:11;봄웜톤:5;가을웜톤:3;겨울쿨톤:3,잡티:17;미백:11;모공:9;주름:9;블랙헤드:5,medium
prod_oy_a000000230367,클리어디어,[광채탄력] 클리어디어 뮤신 콜라겐 볼류밍 크림 앰플 4ml 2개입,serum,true,65,4.862,65,1.0000,11,0.1692,6,0.0923,26,0.4000,29.523,민감성:6;건성:5;복합성:5;지성:5;약건성:2,봄웜톤:5;웜톤:5;겨울쿨톤:4;쿨톤:4;여름쿨톤:2,잡티:15;미백:10;트러블:7;모공:5;블랙헤드:4,medium
prod_oy_a000000232961,나노레시피,나노레시피 디-판테놀 75% 앰플 33g,serum,true,65,4.569,65,1.0000,5,0.0769,7,0.1077,11,0.1692,23.000,복합성:6;건성:2;민감성:2;지성:1,여름쿨톤:4;쿨톤:3;가을웜톤:2;겨울쿨톤:1,잡티:6;미백:3;트러블:3;다크서클:2;민감성:2,medium
prod_oy_a000000254209,레이어랩,[기미잡티세럼] 레이어랩 기미흔적 클리어 세럼 30ml,serum,true,65,4.923,65,1.0000,6,0.0923,11,0.1692,31,0.4769,117.554,건성:15;복합성:11;민감성:2;지성:2;트러블성:1,웜톤:13;봄웜톤:7;쿨톤:5;가을웜톤:3;겨울쿨톤:2,잡티:18;미백:7;트러블:6;모공:5;민감성:4,medium
prod_oy_a000000162635,가히,[촉촉광채/톤리셋] 가히 블레미쉬 앰플 30ml,serum,true,64,4.797,64,1.0000,25,0.3906,13,0.2031,17,0.2656,0.875,지성:5;복합성:4;건성:3;민감성:3;트러블성:2,웜톤:8;쿨톤:6;봄웜톤:1;여름쿨톤:1,잡티:7;미백:6;블랙헤드:3;주름:3;트러블:3,medium
prod_oy_a000000180459,스킨푸드,[NEW] 스킨푸드 로열허니 착한 수분 크림 100ml,cream,true,64,4.703,64,1.0000,15,0.2344,6,0.0938,17,0.2656,0.922,건성:8;복합성:6;민감성:3,가을웜톤:4;웜톤:4;쿨톤:3;봄웜톤:2;여름쿨톤:2,민감성:6;각질:5;잡티:4;트러블:4;블랙헤드:3,medium
prod_oy_a000000224023,셀리맥스,[모공/탄력/결] 셀리맥스 더 비타 A 레티놀 샷 타이트닝 세럼 30ml,serum,true,64,4.813,64,1.0000,0,0.0000,13,0.2031,23,0.3594,30.609,복합성:10;건성:3;지성:3;트러블성:3;민감성:2,웜톤:6;여름쿨톤:5;쿨톤:5;가을웜톤:3;봄웜톤:3,잡티:13;미백:8;주름:5;트러블:4;각질:3,medium
prod_oy_a000000225592,구달,[주름개선] 구달 청귤 비타C 나이아신아마이드 10 흔적 앰플 30ml,serum,true,64,4.422,64,1.0000,5,0.0781,6,0.0938,22,0.3438,1.828,복합성:11;건성:5;민감성:3;지성:2,여름쿨톤:6;가을웜톤:5;웜톤:3;쿨톤:3;봄웜톤:2,잡티:14;트러블:9;각질:8;미백:4;주름:2,medium
prod_oy_a000000146262,하다라보,[8종히알루론산] 하다라보 고쿠쥰 프리미엄 로션 170mL,toner,true,63,4.810,63,1.0000,3,0.0476,8,0.1270,19,0.3016,1.143,복합성:6;민감성:5;지성:4;중성:3;건성:1,웜톤:6;겨울쿨톤:4;여름쿨톤:4;쿨톤:3;봄웜톤:1,각질:7;미백:5;잡티:4;트러블:4;블랙헤드:2,medium
prod_oy_a000000248402,아누아,[박희선Pick] 아누아 어성초 77 B3 징크 트러블 세럼 30ml,serum,true,63,4.603,63,1.0000,5,0.0794,7,0.1111,24,0.3810,53.460,복합성:10;지성:10;민감성:3;건성:1,여름쿨톤:8;봄웜톤:3;웜톤:3;쿨톤:3;가을웜톤:2,잡티:7;트러블:7;미백:6;각질:5;블랙헤드:4,medium
prod_oy_a000000248426,아누아,[NEW/리뉴얼] 아누아 어성초 77 히알루론산 수분 진정 로션 200ml,lotion,true,63,4.841,63,1.0000,1,0.0159,11,0.1746,11,0.1746,26.556,복합성:3;건성:2;민감성:2;지성:2;트러블성:2,웜톤:5;쿨톤:3;여름쿨톤:2,잡티:8;트러블:6;미백:3;민감성:3;블랙헤드:1,medium
prod_oy_a000000254295,리얼베리어,[리뉴얼/속수분쏙] 리얼베리어 워터리 히알 세럼 50ml 기획 (+20ml),serum,true,63,4.968,63,1.0000,15,0.2381,17,0.2698,33,0.5238,329.381,건성:14;복합성:10;지성:4;민감성:2;트러블성:2,여름쿨톤:12;웜톤:7;쿨톤:6;겨울쿨톤:3;봄웜톤:3,미백:12;잡티:10;트러블:10;각질:9;블랙헤드:8,medium
prod_oy_a000000141330,디오디너리,[각질쓱싹] 디오디너리 랙틱 애시드 5% + HA 30ml,toner,true,62,4.613,62,1.0000,7,0.1129,12,0.1935,19,0.3065,1.403,복합성:5;지성:5;건성:4;트러블성:2;약건성:1,웜톤:6;봄웜톤:5;겨울쿨톤:2;여름쿨톤:2;쿨톤:2,트러블:9;잡티:6;각질:5;모공:3;블랙헤드:3,medium
prod_oy_a000000156146,헤이네이처,헤이네이처 어성초 크림 80g,cream,true,62,4.823,62,1.0000,12,0.1935,6,0.0968,18,0.2903,0.726,복합성:11;지성:4;민감성:1;트러블성:1,여름쿨톤:8;웜톤:5;쿨톤:2;겨울쿨톤:1,잡티:9;블랙헤드:8;트러블:4;미백:3;각질:1,medium
prod_oy_a000000158930,빌리프,[보습폭탄] 빌리프 모이스춰라이징 밤 토너 200ml,toner,true,62,4.984,62,1.0000,9,0.1452,7,0.1129,22,0.3548,0.855,건성:11;복합성:7;지성:2;민감성:1;트러블성:1,여름쿨톤:5;쿨톤:5;봄웜톤:4;웜톤:4;가을웜톤:2,트러블:8;잡티:6;미백:5;각질:4;민감성:4,medium
prod_oy_a000000163688,비플레인,[급속진정] 비플레인 시카테롤 앰플 30ml,serum,true,62,4.645,62,1.0000,4,0.0645,4,0.0645,10,0.1613,1.661,민감성:2;복합성:2;지성:2;건성:1;중성:1,봄웜톤:3;웜톤:3;여름쿨톤:2;쿨톤:1,트러블:5;각질:3;민감성:3;블랙헤드:2;잡티:2,medium
prod_oy_a000000229621,제나벨,제나벨 PDRN 인리치드 리커버리 밤 50ml,cream,true,62,4.823,62,1.0000,3,0.0484,11,0.1774,30,0.4839,2.258,복합성:10;건성:7;지성:6;약건성:3;민감성:2,웜톤:7;여름쿨톤:6;쿨톤:6;가을웜톤:4;겨울쿨톤:3,잡티:16;미백:8;주름:7;모공:5;각질:3,medium
prod_oy_a000000229946,플로디카,플로디카 워터백 베리어 크림 50ml,cream,true,62,4.903,62,1.0000,0,0.0000,15,0.2419,40,0.6452,1.952,복합성:15;건성:14;지성:4;민감성:2;약건성:2,웜톤:9;쿨톤:9;여름쿨톤:8;가을웜톤:5;겨울쿨톤:4,미백:18;잡티:18;주름:10;모공:5;트러블:5,medium
prod_oy_a000000239791,리터니티,[쫀쫀모공/NEW] 리터니티 율무 모공 앰플 40ml,serum,true,62,4.968,62,1.0000,0,0.0000,9,0.1452,27,0.4355,2.887,복합성:16;건성:7;트러블성:2;민감성:1,웜톤:7;쿨톤:7;겨울쿨톤:4;여름쿨톤:3;봄웜톤:2,미백:14;잡티:13;주름:7;각질:4;트러블:4,medium
prod_oy_a000000130949,센텔리안24,[광채보습] 센텔리안24 마데카 마이크로 스타톡 세럼 50ml,serum,true,61,4.787,61,1.0000,5,0.0820,14,0.2295,14,0.2295,1.754,복합성:7;건성:4;민감성:3,쿨톤:6;가을웜톤:2;겨울쿨톤:2;봄웜톤:2;웜톤:1,민감성:5;잡티:5;트러블:4;블랙헤드:3;각질:2,medium
prod_oy_a000000167839,달팡,달팡 하이드라스킨 리치/라이트 크림 50ml,cream,true,61,4.885,61,1.0000,6,0.0984,11,0.1803,11,0.1803,1.770,복합성:6;건성:4,쿨톤:5;웜톤:3;가을웜톤:1;여름쿨톤:1,미백:3;잡티:3;주름:3;트러블:3;각질:2,medium
prod_oy_a000000172075,메디올가,메디올가 브라이트닝 크림 플러스 1+1 기획(30ml+30ml),cream,true,61,4.590,61,1.0000,5,0.0820,8,0.1311,14,0.2295,1.033,복합성:5;건성:3;민감성:3;지성:3,웜톤:5;쿨톤:4;가을웜톤:2;여름쿨톤:2;봄웜톤:1,블랙헤드:4;각질:3;트러블:3;모공:2;미백:2,medium
prod_oy_a000000248986,rdrd,[NEW] rdrd 레드 애플 락토 진정 세럼 30ml,serum,true,61,4.705,61,1.0000,2,0.0328,10,0.1639,21,0.3443,53.148,복합성:8;민감성:4;건성:3;트러블성:2;중성:1,봄웜톤:6;웜톤:5;쿨톤:5;가을웜톤:2;여름쿨톤:2,잡티:8;트러블:6;각질:4;미백:4;민감성:4,medium
prod_oy_a000000256080,rdrd,[NEW/단독기획/리뷰이벤트] rdrd 레드 애플 락토 진정 세럼 30ml 응급진정 KIT 기획,serum,true,61,4.705,61,1.0000,2,0.0328,10,0.1639,21,0.3443,53.148,복합성:8;민감성:4;건성:3;트러블성:2;중성:1,봄웜톤:6;웜톤:5;쿨톤:5;가을웜톤:2;여름쿨톤:2,잡티:8;트러블:6;각질:4;미백:4;민감성:4,medium
prod_oy_a000000204646,더후,[김지원 PICK] 더후 비첩 자생 에센스 50ml,serum,true,60,4.867,60,1.0000,4,0.0667,14,0.2333,37,0.6167,2.317,복합성:18;건성:10;중성:4;민감성:2;지성:2,웜톤:10;가을웜톤:8;여름쿨톤:8;쿨톤:4;봄웜톤:3,잡티:19;미백:18;주름:11;트러블:4;블랙헤드:3,medium
prod_oy_a000000206313,비욘드,[2주잡티개선] 비욘드 엔젤아쿠아 비타 C 7% 잡티 앰플 30ml (비건),serum,true,60,4.700,60,1.0000,3,0.0500,13,0.2167,19,0.3167,0.950,건성:4;지성:4;민감성:3;복합성:3;약건성:2,겨울쿨톤:8;웜톤:4;여름쿨톤:3;봄웜톤:2;쿨톤:2,잡티:13;민감성:5;미백:4;트러블:4;모공:2,medium
prod_oy_a000000152286,마녀공장,마녀공장 비피다 바이옴 앰플 로션 300ml,lotion,true,59,4.814,59,1.0000,4,0.0678,9,0.1525,15,0.2542,1.797,복합성:8;건성:2;민감성:2;지성:2;트러블성:1,쿨톤:6;여름쿨톤:3;가을웜톤:2;웜톤:2;겨울쿨톤:1,트러블:9;민감성:4;잡티:4;미백:3;주름:2,medium
prod_oy_a000000180919,숨37,숨37 마이크로 액티브 리페어 세럼 50ml,serum,true,59,4.864,59,1.0000,3,0.0508,10,0.1695,30,0.5085,2.966,복합성:17;건성:3;중성:3;민감성:2;지성:2,웜톤:9;쿨톤:9;가을웜톤:7;여름쿨톤:4;겨울쿨톤:1,잡티:17;미백:13;트러블:7;블랙헤드:5;주름:5,medium
prod_oy_a000000246183,그라운드플랜,[모공탄력세럼] 그라운드플랜 블랙 마이크로 인퓨전 버블 세럼 115ml,serum,true,59,5.000,59,1.0000,1,0.0169,1,0.0169,21,0.3559,155.441,복합성:6;건성:5;민감성:5;지성:5,웜톤:10;쿨톤:8;여름쿨톤:2;겨울쿨톤:1,잡티:13;미백:9;주름:5;모공:2;민감성:1,medium
prod_oy_a000000246223,더마젼시,[트러블OUT세럼] 더마젼시 제로카 81 세럼 30ml,serum,true,59,4.746,59,1.0000,7,0.1186,8,0.1356,23,0.3898,145.898,건성:7;트러블성:6;복합성:5;민감성:3;지성:2,웜톤:10;쿨톤:5;겨울쿨톤:2;봄웜톤:2;가을웜톤:1,잡티:12;각질:8;미백:4;트러블:4;블랙헤드:3,medium
prod_oy_a000000117624,엠브리올리스,엠브리올리스 레 크렘 콘센트레 75ml,cream,true,58,4.724,58,1.0000,2,0.0345,10,0.1724,9,0.1552,0.862,복합성:3;건성:2;지성:2;중성:1,웜톤:3;쿨톤:3;봄웜톤:1,잡티:5;각질:3;블랙헤드:2;주름:2;트러블:2,medium
prod_oy_a000000172157,루트리,루트리 오디베리 5중 모공 리프팅 크림 50ml,cream,true,58,4.552,58,1.0000,7,0.1207,15,0.2586,30,0.5172,3.000,지성:9;복합성:8;민감성:4;트러블성:4;건성:2,웜톤:11;여름쿨톤:5;쿨톤:5;가을웜톤:4;겨울쿨톤:1,잡티:14;미백:12;트러블:9;주름:6;블랙헤드:4,medium
prod_oy_a000000191894,후시다인,후시다인 더마 트러블 밸런싱 토너 150ml,toner,true,58,4.793,58,1.0000,17,0.2931,5,0.0862,25,0.4310,0.172,지성:8;트러블성:6;건성:4;복합성:4;민감성:3,웜톤:7;쿨톤:7;여름쿨톤:5;봄웜톤:3;가을웜톤:2,잡티:15;미백:10;트러블:9;각질:2;민감성:1,medium
prod_oy_a000000207035,에르쯔틴,에르쯔틴 리제너레이티브 실트 앰플 50ml,serum,true,58,4.879,58,1.0000,21,0.3621,20,0.3448,19,0.3276,4.448,복합성:10;민감성:6;건성:1;지성:1;트러블성:1,쿨톤:8;봄웜톤:4;웜톤:3;가을웜톤:2;겨울쿨톤:1,잡티:9;미백:8;트러블:6;주름:2;각질:1,medium
prod_oy_a000000119141,썸바이미,썸바이미 아하 바하 파하 30데이즈 미라클 세럼 50ml,serum,true,57,4.228,57,1.0000,9,0.1579,3,0.0526,17,0.2982,7.228,복합성:6;지성:6;건성:5,웜톤:8;쿨톤:4;여름쿨톤:1,미백:8;잡티:7;각질:5;트러블:4;블랙헤드:2,medium
prod_oy_a000000163687,비플레인,[수분진정] 비플레인 시카테롤 크림 60ml,cream,true,57,4.632,57,1.0000,6,0.1053,5,0.0877,20,0.3509,2.825,건성:12;복합성:6;민감성:1;트러블성:1,여름쿨톤:8;쿨톤:6;겨울쿨톤:3;가을웜톤:2;웜톤:1,민감성:9;블랙헤드:7;트러블:6;각질:4;잡티:4,medium
prod_oy_a000000206433,리쥬란,[색소노화안티에이징/PDRN브라이트닝] 리쥬란 힐러 트리플 래디언스 앰플 30ml,serum,true,57,4.842,57,1.0000,11,0.1930,5,0.0877,15,0.2632,94.368,복합성:8;민감성:5;중성:2,겨울쿨톤:3;봄웜톤:3;웜톤:3;쿨톤:3;가을웜톤:1,잡티:7;미백:6;모공:3;주름:3;트러블:3,medium
prod_oy_a000000237000,헤슬,[NEW/저자극/청담샵 추천] 헤슬 쏙보습 쌀 로션 150ml,lotion,true,57,4.754,57,1.0000,2,0.0351,11,0.1930,26,0.4561,3.018,복합성:9;건성:7;민감성:4;지성:2;트러블성:2,웜톤:7;여름쿨톤:6;쿨톤:6;가을웜톤:3;봄웜톤:2,잡티:9;트러블:9;미백:6;모공:5;민감성:4,medium
prod_oy_a000000249672,한스킨,[탱글광/잡티미백] 한스킨 아라연꽃 핑크볼 PDRN 히알루론 광채세럼 30ml,serum,true,57,4.947,57,1.0000,4,0.0702,23,0.4035,19,0.3333,79.737,복합성:7;건성:6;민감성:4;지성:1;트러블성:1,쿨톤:4;봄웜톤:3;웜톤:3;가을웜톤:2;겨울쿨톤:2,잡티:9;미백:6;트러블:5;각질:3;주름:3,medium
prod_oy_a000000146938,얼트루,얼트루 아임쏘리포마이스킨 릴렉싱 앰플 30ml,serum,true,56,4.661,56,1.0000,11,0.1964,6,0.1071,15,0.2679,1.286,복합성:8;건성:4;민감성:2;지성:1,여름쿨톤:7;웜톤:5;쿨톤:3,잡티:10;각질:4;미백:4;주름:3;트러블:2,medium
prod_oy_a000000149959,디오디너리,[차세대레티놀] 디오디너리 그랜액티브 레티노이드 5% 인 스쿠알란 30ml,serum,true,56,4.429,56,1.0000,4,0.0714,8,0.1429,20,0.3571,2.089,복합성:9;건성:6;지성:2;민감성:1;중성:1,웜톤:6;가을웜톤:3;여름쿨톤:3;쿨톤:3;봄웜톤:2,잡티:9;미백:6;트러블:6;모공:3;주름:3,medium
prod_oy_a000000162783,원씽,[수분진정/젤세럼] 원씽 병풀 수분 세럼 80ml,serum,true,56,4.750,56,1.0000,7,0.1250,12,0.2143,19,0.3393,1.107,복합성:11;지성:3;민감성:2;건성:1;트러블성:1,웜톤:7;쿨톤:5;봄웜톤:3;가을웜톤:1;겨울쿨톤:1,트러블:9;잡티:6;블랙헤드:4;주름:4;민감성:3,medium
prod_oy_a000000188560,조선미녀,[피부톤업] 조선미녀 쌀겨수맑은세럼 30ml,serum,true,56,4.643,56,1.0000,9,0.1607,5,0.0893,12,0.2143,0.982,복합성:5;지성:3;민감성:2;약건성:1,여름쿨톤:4;봄웜톤:2;웜톤:2;쿨톤:2;가을웜톤:1,미백:6;각질:3;잡티:3;트러블:3;피지과다:3,medium
prod_oy_a000000202920,VT,[미백집중] VT 비타-라이트 리들샷 100 에센스 50ml,serum,true,56,4.554,56,1.0000,4,0.0714,10,0.1786,22,0.3929,1.286,복합성:8;건성:7;민감성:4;지성:3,쿨톤:8;웜톤:5;여름쿨톤:4;봄웜톤:2;가을웜톤:1,잡티:14;미백:8;주름:5;각질:3;민감성:3,medium
prod_oy_a000000209586,VT,[리들샷 꿀조합] VT 티엑스토닝 에센스 2000샷 30ml,serum,true,56,4.536,56,1.0000,10,0.1786,9,0.1607,15,0.2679,0.625,복합성:6;건성:3;지성:3;민감성:1;중성:1,웜톤:5;겨울쿨톤:3;쿨톤:3;가을웜톤:2;여름쿨톤:2,잡티:12;미백:5;트러블:3;각질:2;모공:2,medium
prod_oy_a000000225877,앰플엔,앰플엔 블레미샷 푹잠크림 50ml,cream,true,56,4.911,56,1.0000,0,0.0000,13,0.2321,18,0.3214,1.339,복합성:9;지성:4;민감성:3;건성:2,겨울쿨톤:4;쿨톤:4;가을웜톤:3;여름쿨톤:3;웜톤:2,잡티:8;미백:6;주름:5;민감성:3;트러블:3,medium
prod_oy_a000000141327,디오디너리,[각질쓱싹] 디오디너리 랙틱 애시드 10% + HA 30ml,toner,true,55,4.782,55,1.0000,27,0.4909,7,0.1273,4,0.0727,1.255,복합성:3;건성:1,여름쿨톤:1;웜톤:1;쿨톤:1,잡티:3;각질:1;미백:1;블랙헤드:1;트러블:1,medium
prod_oy_a000000163735,더마펌,[나띠PICK][증정프로모션/보습장벽] 더마펌 바이오 코렉션 앰플 세라-드롭 M4 50ml,serum,true,55,4.800,55,1.0000,1,0.0182,9,0.1636,16,0.2909,1.455,복합성:8;건성:3;민감성:2;지성:2;트러블성:1,쿨톤:6;여름쿨톤:3;웜톤:3;봄웜톤:2;가을웜톤:1,블랙헤드:7;잡티:6;미백:4;트러블:4;각질:3,medium
prod_oy_a000000216469,마몽드,[보습장벽] 마몽드 프로바이오틱스 세라마이드 스킨 소프너 200ml,toner,true,55,4.818,55,1.0000,11,0.2000,5,0.0909,19,0.3455,23.945,복합성:7;건성:5;지성:5;트러블성:1,웜톤:5;쿨톤:5;여름쿨톤:4;봄웜톤:2;가을웜톤:1,미백:7;잡티:7;블랙헤드:4;각질:3;트러블:3,medium
prod_oy_a000000222697,스튜디오17,[수분유산균/대용량] 스튜디오17 워터부스트 히알루론 수분토너 300ml,toner,true,55,4.782,55,1.0000,2,0.0364,10,0.1818,24,0.4364,5.073,복합성:11;건성:6;민감성:3;지성:2;트러블성:1,여름쿨톤:5;쿨톤:5;봄웜톤:4;웜톤:4;겨울쿨톤:2,블랙헤드:8;주름:8;잡티:7;미백:6;트러블:6,medium
prod_oy_a000000230344,지피덤,[장벽탄력/속건조] 지피덤 셀트리온EGF 스킨베리어 하이드레이팅 수분크림 80ml,cream,true,55,4.655,55,1.0000,9,0.1636,6,0.1091,15,0.2727,2.855,복합성:8;지성:3;건성:2;민감성:1;트러블성:1,쿨톤:5;여름쿨톤:3;웜톤:3;가을웜톤:1;겨울쿨톤:1,잡티:5;트러블:5;미백:4;블랙헤드:4;민감성:3,medium
prod_oy_a000000239651,바이오힐보,[녹는실|실프팅] 바이오힐보 프로바이오덤 3D 리프팅 바이오톡실 PLGA 세럼 30ml,serum,true,55,4.655,55,1.0000,0,0.0000,3,0.0545,15,0.2727,5.800,건성:6;복합성:4;지성:4;민감성:1,봄웜톤:4;쿨톤:4;여름쿨톤:3;웜톤:2;가을웜톤:1,잡티:7;미백:5;트러블:4;블랙헤드:3;주름:3,medium
prod_oy_a000000240268,메디테라피,[모공개선/유산균톤업] 메디테라피 포쎄라 리얼 비피다 블러 크림 50ml 증량기획 (+20ml),cream,true,55,4.436,55,1.0000,1,0.0182,9,0.1636,15,0.2727,2.345,복합성:9;지성:4;민감성:1,가을웜톤:4;봄웜톤:3;겨울쿨톤:2;웜톤:2;쿨톤:2,잡티:8;미백:6;트러블:4;주름:3;각질:2,medium
prod_oy_a000000011085,엠도씨,엠도씨 세붐 스트라이크 토너 150ml,toner,true,54,4.685,54,1.0000,6,0.1111,9,0.1667,11,0.2037,1.019,복합성:6;건성:4;지성:1,웜톤:5;봄웜톤:2;여름쿨톤:2;쿨톤:2,미백:5;잡티:5;블랙헤드:4;각질:3;모공:1,medium
prod_oy_a000000141307,디오디너리,[수분보습] 디오디너리 마린 히알루로닉스 30ml,serum,true,54,4.704,54,1.0000,9,0.1667,11,0.2037,12,0.2222,5.463,복합성:9;건성:3,웜톤:4;봄웜톤:3;여름쿨톤:2;가을웜톤:1;겨울쿨톤:1,미백:6;잡티:4;트러블:4;민감성:3;주름:2,medium
prod_oy_a000000149953,디오디너리,[항산화] 디오디너리 레스베라트롤 3% + 페룰릭 애시드 3% 30ml,serum,true,54,4.611,54,1.0000,6,0.1111,14,0.2593,17,0.3148,1.759,복합성:7;민감성:4;지성:3;건성:2;트러블성:1,웜톤:7;여름쿨톤:4;쿨톤:3;가을웜톤:1;봄웜톤:1,미백:9;잡티:9;블랙헤드:4;트러블:4;각질:3,medium
prod_oy_a000000172208,수페,수페 버치 리치 오리진 앰플 100ml,serum,true,54,4.870,54,1.0000,12,0.2222,10,0.1852,12,0.2222,1.037,건성:5;복합성:4;민감성:2;트러블성:1,봄웜톤:4;쿨톤:4;여름쿨톤:2,미백:6;잡티:6;주름:4;민감성:3;트러블:2,medium
prod_oy_a000000200600,마몽드,마몽드 프로바이오틱스 세라마이드 인텐스 크림 60ml 기획 (+30ml),cream,true,54,4.815,54,1.0000,10,0.1852,4,0.0741,10,0.1852,0.222,복합성:8;건성:1;지성:1,봄웜톤:4;웜톤:3;가을웜톤:1;쿨톤:1,잡티:5;미백:4;트러블:3;다크서클:2;블랙헤드:2,medium
prod_oy_a000000209716,아렌시아,[잡티없는 투명 피부] 아렌시아 홀리 히솝 세럼 12 30ml,serum,true,54,4.407,54,1.0000,4,0.0741,10,0.1852,19,0.3519,1.944,건성:7;복합성:4;트러블성:3;지성:2;민감성:1,여름쿨톤:4;쿨톤:4;가을웜톤:3;겨울쿨톤:3;봄웜톤:3,잡티:11;미백:9;트러블:6;민감성:4;블랙헤드:3,medium
prod_oy_a000000213990,헤브블루,헤브블루 살몬 PDRN 케어링 센텔라 앰플 30ml,serum,true,54,4.815,54,1.0000,23,0.4259,8,0.1481,7,0.1296,2.481,복합성:5;건성:1;지성:1,가을웜톤:2;봄웜톤:1;여름쿨톤:1;웜톤:1;쿨톤:1,미백:4;잡티:4;트러블:2;모공:1;민감성:1,medium
prod_oy_a000000243477,아렌시아,[잡티 브레이크 / 강력토닝] 아렌시아 비타민 C 부스터 샷 30ml,serum,true,53,4.943,53,1.0000,10,0.1887,1,0.0189,10,0.1887,155.623,복합성:5;민감성:3;건성:1;지성:1,여름쿨톤:3;쿨톤:3;웜톤:2;가을웜톤:1,잡티:6;미백:5;민감성:2;각질:1;모공:1,medium
prod_oy_a000000248509,퍼셀,[장벽리페어] 퍼셀 픽셀바이옴 5 플러스 프로바이오틱스 리부팅 크림 50ml,cream,true,53,4.755,53,1.0000,5,0.0943,11,0.2075,17,0.3208,3.981,복합성:12;건성:2;민감성:2;지성:1,봄웜톤:4;여름쿨톤:3;웜톤:3;쿨톤:3;가을웜톤:2,잡티:11;미백:6;주름:4;트러블:3;각질:2,medium
prod_oy_a000000250104,이지듀,이지듀 EGFx 다운타임 세럼 40ml 기획(+오인트 겔 5ml),serum,true,53,4.755,53,1.0000,3,0.0566,7,0.1321,21,0.3962,28.830,건성:5;복합성:5;민감성:3;트러블성:3;중성:2,쿨톤:7;웜톤:5;여름쿨톤:3;가을웜톤:2;겨울쿨톤:2,잡티:13;미백:5;트러블:4;각질:3;모공:3,medium
prod_oy_a000000251651,닥터지,[3세대 리뉴얼] 닥터지 레드 블레미쉬 클리어 수딩 크림 EX 70ml,cream,true,53,4.774,53,1.0000,1,0.0189,6,0.1132,17,0.3208,93.755,건성:5;복합성:5;지성:5;민감성:2,쿨톤:7;웜톤:4;봄웜톤:2;여름쿨톤:2;겨울쿨톤:1,잡티:8;주름:5;트러블:5;각질:3;미백:3,medium
prod_oy_a000000112890,라로슈포제,라로슈포제 똘러리앙 센시티브 크림,cream,true,52,4.615,52,1.0000,19,0.3654,10,0.1923,5,0.0962,1.115,복합성:3;민감성:1,웜톤:2;쿨톤:2,잡티:3;각질:2;미백:1;민감성:1;블랙헤드:1,medium
prod_oy_a000000141301,디오디너리,[수분보습] 디오디너리 아미노 애씨즈 + B5 30ml,serum,true,52,4.827,52,1.0000,19,0.3654,8,0.1538,8,0.1538,1.308,복합성:4;건성:2;민감성:1;지성:1,쿨톤:3;웜톤:2;겨울쿨톤:1;여름쿨톤:1,잡티:4;블랙헤드:3;각질:2;모공:1;미백:1,medium
prod_oy_a000000219096,바이오던스,바이오던스 스킨 글로우 에센스 크림 50ml,cream,true,52,4.673,52,1.0000,4,0.0769,14,0.2692,13,0.2500,14.769,복합성:5;건성:3;민감성:3;지성:1;트러블성:1,쿨톤:5;가을웜톤:3;웜톤:3;겨울쿨톤:1;봄웜톤:1,잡티:6;트러블:5;블랙헤드:4;각질:3;모공:2,medium
prod_oy_a000000227458,넘버즈인,[NEW] 넘버즈인 2번 로즈 PDRN 콜라겐 플럼핑 세럼 30ml,serum,true,52,4.692,52,1.0000,6,0.1154,9,0.1731,19,0.3654,2.077,복합성:9;지성:4;건성:3;민감성:2;약건성:1,여름쿨톤:6;가을웜톤:4;쿨톤:4;겨울쿨톤:3;봄웜톤:1,잡티:7;트러블:7;미백:5;민감성:5;각질:3,medium
prod_oy_a000000213402,반코르,반코르 닥터 세라마이드 크림 60ml,cream,true,51,4.608,51,1.0000,3,0.0588,6,0.1176,26,0.5098,1.373,복합성:12;건성:5;지성:4;민감성:2;약건성:1,웜톤:7;쿨톤:7;봄웜톤:4;가을웜톤:3;여름쿨톤:3,잡티:18;미백:8;주름:5;트러블:4;각질:3,medium
prod_oy_a000000224247,풀리,[레이PICK/보습광채] 풀리 쌀 세라 캡슐 크림 90ml,cream,true,51,4.902,51,1.0000,3,0.0588,13,0.2549,20,0.3922,2.098,건성:9;복합성:4;지성:4;민감성:2;트러블성:1,쿨톤:9;웜톤:7;가을웜톤:1;겨울쿨톤:1;봄웜톤:1,잡티:13;미백:9;주름:6;각질:2;다크서클:1,medium
prod_oy_a000000236324,러븀,러븀 그린 시트러스 비타민 씨 세럼 플러스 30ml,serum,true,51,4.549,51,1.0000,1,0.0196,15,0.2941,24,0.4706,56.373,건성:8;복합성:7;지성:6;민감성:1;중성:1,쿨톤:5;봄웜톤:4;여름쿨톤:4;겨울쿨톤:3;웜톤:3,미백:12;잡티:11;주름:4;피지과다:4;블랙헤드:3,medium
prod_oy_a000000252331,벨프리모,[장벽/진정] 벨프리모 히알 베리어 아토 로션 200ml,lotion,true,51,5.000,51,1.0000,0,0.0000,16,0.3137,20,0.3922,142.118,건성:6;복합성:6;지성:3;민감성:2;트러블성:2,웜톤:7;봄웜톤:5;여름쿨톤:3;쿨톤:3;가을웜톤:1,잡티:9;미백:6;트러블:6;블랙헤드:3;각질:2,medium
prod_oy_a000000184066,세타필,[민감피부진정] 세타필 페이셜 수분크림 48g,cream,true,50,4.760,50,1.0000,3,0.0600,8,0.1600,19,0.3800,1.040,복합성:9;지성:3;건성:2;민감성:2,웜톤:6;쿨톤:5;여름쿨톤:4;겨울쿨톤:2;가을웜톤:1,잡티:9;각질:5;미백:5;트러블:5;주름:4,medium
prod_oy_a000000199777,아이소이,[모공토닉] 아이소이 포어 타이트닝 토닉 에센스 90ml,toner,true,50,4.620,50,1.0000,10,0.2000,9,0.1800,17,0.3400,2.060,지성:6;복합성:3;트러블성:3;건성:2;민감성:2,쿨톤:8;여름쿨톤:4;가을웜톤:2;웜톤:2,미백:8;블랙헤드:7;잡티:7;트러블:4;각질:2,medium
prod_oy_a000000204160,다슈,다슈 보이 파란 수분초 수분크림 150ml 기획 (+수분크림 50ml),cream,true,50,4.820,50,1.0000,3,0.0600,5,0.1000,16,0.3200,0.980,복합성:7;건성:4;지성:2;중성:1;트러블성:1,웜톤:4;봄웜톤:3;쿨톤:3;여름쿨톤:2;가을웜톤:1,잡티:7;미백:6;각질:4;모공:4;트러블:3,medium
prod_oy_a000000229492,아이오페,[PDRN/손상회복] 아이오페 XMD 스템3 클리니컬 리커버리 크림 50ml 기획 (+세럼 5ml +크림 5ml),cream,true,50,4.860,50,1.0000,5,0.1000,8,0.1600,14,0.2800,6.380,복합성:4;지성:4;건성:2;민감성:2;약건성:1,여름쿨톤:4;쿨톤:4;겨울쿨톤:2;봄웜톤:1;웜톤:1,잡티:10;미백:9;각질:2;트러블:2;주름:1,medium
prod_oy_a000000234359,오브제,오브제 모이스처 프로틴 장벽 크림 70ml,cream,true,50,4.940,50,1.0000,3,0.0600,7,0.1400,10,0.2000,0.820,건성:5;복합성:2;민감성:1;약건성:1;지성:1,웜톤:5;쿨톤:4;가을웜톤:1,잡티:6;주름:4;미백:3;트러블:2;블랙헤드:1,medium
prod_oy_a000000235207,성분에디터,[수분진정/모공케어] 성분에디터 그린토마토 NMN 포어 하이드로 수딩 토너 350g 기획(+120g),toner,true,50,4.780,50,1.0000,5,0.1000,7,0.1400,6,0.1200,4.560,건성:4;복합성:1;지성:1,가을웜톤:2;여름쿨톤:2;쿨톤:2,주름:4;잡티:3;블랙헤드:2;모공:1;피지과다:1,medium
prod_oy_a000000198924,원진이펙트,[기미잡티개선/미백성분함유] 원진이펙트 멜라리스 앰플 50g,serum,true,49,4.551,49,1.0000,2,0.0408,8,0.1633,11,0.2245,0.673,복합성:4;건성:2;민감성:2;지성:2;트러블성:1,웜톤:3;가을웜톤:2;겨울쿨톤:2;봄웜톤:2;쿨톤:1,잡티:8;미백:5;트러블:2;각질:1;모공:1,medium
prod_oy_a000000204623,설화수,설화수 자음수EX 150ml,toner,true,49,4.878,49,1.0000,4,0.0816,11,0.2245,17,0.3469,1.163,건성:10;복합성:6;지성:1,여름쿨톤:8;겨울쿨톤:3;웜톤:3;쿨톤:2;가을웜톤:1,잡티:7;미백:6;민감성:4;주름:4;각질:3,medium
prod_oy_a000000223427,달바,[미백/잡티케어] 달바 비타 토닝 세럼 로션 100ml,lotion,true,49,4.837,49,1.0000,5,0.1020,11,0.2245,10,0.2041,4.245,복합성:6;건성:2;지성:1;트러블성:1,봄웜톤:4;웜톤:3;쿨톤:2;여름쿨톤:1,미백:4;잡티:3;민감성:2;붉은기:2;탄력:2,medium
prod_oy_a000000236980,주미소,주미소 나이아신아마이드 20% 세럼 40ml,serum,true,49,4.714,49,1.0000,9,0.1837,8,0.1633,11,0.2245,2.327,복합성:5;지성:3;트러블성:2;민감성:1,쿨톤:4;가을웜톤:3;겨울쿨톤:2;봄웜톤:1;웜톤:1,잡티:6;미백:5;트러블:3;각질:1;다크서클:1,medium
prod_oy_a000000231454,스킨푸드,[NEW/겉뽀속촉] 스킨푸드 피치뽀송 징크피씨에이 에센스 50ml,serum,true,48,4.729,48,1.0000,5,0.1042,3,0.0625,19,0.3958,0.938,복합성:12;건성:3;민감성:2;지성:2,여름쿨톤:6;쿨톤:5;웜톤:3;가을웜톤:1;봄웜톤:1,잡티:9;미백:8;트러블:6;블랙헤드:4;각질:2,medium
prod_oy_a000000236449,퓨어그램,퓨어그램 속건조필수템 저분자 하이드라 히알루론산 크림 120ml,cream,true,48,4.813,48,1.0000,1,0.0208,9,0.1875,13,0.2708,2.042,복합성:4;트러블성:4;건성:2;지성:2;민감성:1,여름쿨톤:3;웜톤:3;봄웜톤:2;쿨톤:2;겨울쿨톤:1,잡티:8;미백:4;민감성:2;트러블:2;각질:1,medium
prod_oy_a000000154959,제이엠솔루션,제이엠솔루션 릴리프 약산성 약쑥 앰플 50ml,serum,true,47,4.617,47,1.0000,4,0.0851,13,0.2766,15,0.3191,2.085,복합성:5;건성:4;민감성:3;지성:2,웜톤:9;쿨톤:3;겨울쿨톤:1;봄웜톤:1,잡티:10;미백:7;블랙헤드:4;주름:4;트러블:3,medium
prod_oy_a000000181124,스킨푸드,[도토리크림] 스킨푸드 도토리 모공 탄력 크림 70ml,cream,true,47,4.702,47,1.0000,2,0.0426,7,0.1489,20,0.4255,2.043,복합성:12;건성:5;민감성:1;지성:1;트러블성:1,여름쿨톤:7;봄웜톤:5;쿨톤:5;웜톤:2;가을웜톤:1,블랙헤드:7;잡티:7;트러블:6;각질:5;미백:5,medium
prod_oy_a000000213146,이지듀,[단독기획] 이지듀 스킨부스터 샷 앰플 기획 4종 (1ml*7ea+엠티에스 앰플 3.5ml 증정),serum,true,47,4.809,47,1.0000,2,0.0426,7,0.1489,13,0.2766,1.468,복합성:8;건성:4;지성:1,웜톤:5;쿨톤:5;겨울쿨톤:1;여름쿨톤:1,미백:4;잡티:4;각질:3;붉은기:3;피지과다:3,medium
prod_oy_a000000249582,제로이드,[붉은기 진정 앰플] 제로이드 핌프로브 카밍 앰플 30ml,serum,true,47,4.723,47,1.0000,2,0.0426,4,0.0851,21,0.4468,21.362,복합성:10;민감성:5;지성:3;건성:1;트러블성:1,웜톤:6;쿨톤:5;여름쿨톤:3;가을웜톤:2;겨울쿨톤:2,잡티:9;트러블:7;각질:5;블랙헤드:5;미백:4,medium
prod_oy_a000000252322,닥터지,[NEW/미니어처증정] 닥터지 레드 블레미쉬 10-시카 캡슐 수딩 토너 300ml 기획 (+100ml),toner,true,47,4.957,47,1.0000,0,0.0000,8,0.1702,11,0.2340,44.426,민감성:3;복합성:3;건성:2;중성:2;지성:1,봄웜톤:3;웜톤:3;쿨톤:2;가을웜톤:1;겨울쿨톤:1,잡티:7;미백:6;블랙헤드:2;주름:2;각질:1,medium
prod_oy_a000000188831,조선미녀,조선미녀 조선미녀크림 50ml,cream,true,46,4.674,46,1.0000,3,0.0652,5,0.1087,19,0.4130,17.783,복합성:7;민감성:4;지성:3;건성:2;약건성:2,웜톤:6;여름쿨톤:4;쿨톤:4;봄웜톤:3;가을웜톤:1,미백:8;잡티:8;주름:4;트러블:4;각질:3,medium
prod_oy_a000000206289,비레디,비레디 시카페인 트러블리셋 토너 250ml (+토너 50ml),toner,true,46,4.848,46,1.0000,5,0.1087,3,0.0652,8,0.1739,0.283,민감성:3;복합성:2;건성:1;지성:1,여름쿨톤:3;봄웜톤:2;가을웜톤:1;쿨톤:1,트러블:5;각질:3;민감성:3;미백:1;붉은기:1,medium
prod_oy_a000000208680,후시다인,후시다인 더마 포어 4D 콜라겐 세럼 50ml,serum,true,46,4.978,46,1.0000,15,0.3261,3,0.0652,25,0.5435,0.261,복합성:8;지성:7;민감성:4;트러블성:4;건성:2,여름쿨톤:8;봄웜톤:6;쿨톤:6;웜톤:4;겨울쿨톤:1,잡티:15;미백:12;트러블:6;모공:2;블랙헤드:2,medium
prod_oy_a000000213535,프라나롬,[만능 시카밤] 프라나롬 시카롬 리페어 밤 40ml,cream,true,46,4.696,46,1.0000,3,0.0652,11,0.2391,12,0.2609,2.717,복합성:5;건성:3;민감성:2;지성:2,겨울쿨톤:3;여름쿨톤:3;쿨톤:2;봄웜톤:1;웜톤:1,트러블:5;잡티:4;민감성:3;블랙헤드:3;미백:2,medium
prod_oy_a000000222250,이니스프리,[모공속광] 이니스프리 레티놀 그린티 PDRN 스킨부스터 토너 170ml 기획 (+50ml),toner,true,46,4.652,46,1.0000,2,0.0435,10,0.2174,10,0.2174,3.196,건성:3;복합성:3;약건성:1;중성:1;지성:1,봄웜톤:3;웜톤:3;쿨톤:2;가을웜톤:1;여름쿨톤:1,잡티:4;미백:3;탄력:3;블랙헤드:2;주름:2,medium
prod_oy_a000000232070,에스테덤,[단백질 세럼/저속노화]에스테덤 에이지 프로테옴 세럼 30ml [기획(+미스트100ml)/단품],serum,true,46,4.913,46,1.0000,5,0.1087,11,0.2391,28,0.6087,3.174,복합성:14;건성:4;지성:4;민감성:2;약건성:2,쿨톤:8;웜톤:7;여름쿨톤:5;겨울쿨톤:3;봄웜톤:3,잡티:14;미백:11;주름:8;모공:7;민감성:3,medium
prod_oy_a000000254332,쥬베룩,쥬베룩 PDLLA 리파이닝 퍼스트 에센스 150ml(단품/기획),serum,true,46,4.935,46,1.0000,0,0.0000,10,0.2174,18,0.3913,168.283,건성:7;복합성:5;지성:4;민감성:1;트러블성:1,웜톤:7;쿨톤:5;봄웜톤:2;가을웜톤:1;겨울쿨톤:1,잡티:11;미백:6;주름:6;각질:3;트러블:2,medium
prod_oy_a000000254757,쥬베룩,쥬베룩 PDLLA 리파이닝 퍼스트 에센스 150ml (+프로텍팅 크림 5ml) (2604),serum,true,46,4.935,46,1.0000,0,0.0000,10,0.2174,18,0.3913,168.283,건성:7;복합성:5;지성:4;민감성:1;트러블성:1,웜톤:7;쿨톤:5;봄웜톤:2;가을웜톤:1;겨울쿨톤:1,잡티:11;미백:6;주름:6;각질:3;트러블:2,medium
prod_oy_a000000115910,시카고,[진정뿌토] 시카고 시카 엑스퍼트 미스트 토너 150ml,toner,true,45,4.778,45,1.0000,9,0.2000,6,0.1333,12,0.2667,1.089,건성:4;복합성:4;민감성:3;지성:1,웜톤:4;쿨톤:3;여름쿨톤:2;가을웜톤:1;봄웜톤:1,주름:5;민감성:4;잡티:3;트러블:3;각질:2,medium
prod_oy_a000000141324,디오디너리,[브라이트닝] 디오디너리 아스코빌 테트라이소팔미테이트 솔루션 20% 인 비타민 F 30ml,serum,true,45,4.889,45,1.0000,26,0.5778,6,0.1333,19,0.4222,2.267,복합성:13;지성:3;민감성:2;건성:1,웜톤:14;가을웜톤:1;겨울쿨톤:1;봄웜톤:1;쿨톤:1,잡티:16;미백:13;각질:2;트러블:2;모공:1,medium
prod_oy_a000000169480,아비브,[24시간수분잠금] 아비브 수분초 히알루론 크림 하이드레이팅 팟 80ml,cream,true,45,4.822,45,1.0000,0,0.0000,5,0.1111,13,0.2889,5.711,지성:4;복합성:3;건성:2;민감성:2;트러블성:2,여름쿨톤:4;겨울쿨톤:3;웜톤:3;쿨톤:2;봄웜톤:1,트러블:5;잡티:4;모공:3;각질:2;미백:2,medium
prod_oy_a000000247185,듀이트리,[시카PDRN/장벽앰플] 듀이트리 AC 딥 장벽 진정 보습 앰플 60ml,serum,true,45,4.756,45,1.0000,0,0.0000,13,0.2889,12,0.2667,30.000,복합성:7;건성:2;지성:2;트러블성:1,봄웜톤:4;쿨톤:3;여름쿨톤:2;겨울쿨톤:1,트러블:5;미백:4;잡티:4;주름:3;각질:2,medium
prod_oy_a000000104144,크리니크,크리니크 안티-블레미쉬 솔루션 클래리파잉 로션 200ml,toner,true,44,4.886,44,1.0000,18,0.4091,21,0.4773,12,0.2727,8.227,건성:5;복합성:4;민감성:1;지성:1;트러블성:1,쿨톤:7;웜톤:3;겨울쿨톤:1;여름쿨톤:1,잡티:8;주름:7;트러블:3;각질:2;모공:1,medium
prod_oy_a000000172912,스킨푸드,[비건/잡티케어] 스킨푸드 유자씨 잡티 맑음 세럼 50ml,serum,true,44,4.750,44,1.0000,4,0.0909,6,0.1364,15,0.3409,0.682,복합성:10;건성:3;민감성:1;지성:1,쿨톤:5;봄웜톤:4;웜톤:4;겨울쿨톤:1;여름쿨톤:1,잡티:8;주름:5;블랙헤드:4;각질:3;미백:3,medium
prod_oy_a000000225179,아벤느,아벤느 비타민 액티브 VACg 크림 50ml 기획 (+비타민 Cg 액티브 세럼 10ml) *광채 *항산화,cream,true,44,4.591,44,1.0000,0,0.0000,11,0.2500,11,0.2500,2.864,건성:5;민감성:3;복합성:3,여름쿨톤:4;가을웜톤:2;웜톤:2;겨울쿨톤:1;봄웜톤:1,각질:6;잡티:5;미백:3;트러블:3;모공:1,medium
prod_oy_a000000245740,휩드,[보습광채] 휩드 무화버터 비건 휘핑 버블 세럼 92ml,serum,true,44,4.682,44,1.0000,1,0.0227,5,0.1136,17,0.3864,14.477,건성:7;민감성:4;복합성:4;지성:2,쿨톤:7;봄웜톤:5;가을웜톤:2;겨울쿨톤:1;웜톤:1,미백:7;잡티:6;각질:3;트러블:3;모공:2,medium
prod_oy_a000000219625,유리아쥬,[피지각질토너] 유리아쥬 이제악 토너 250ML기획 (+ 화장솜 20매 증정),toner,true,43,4.605,43,1.0000,4,0.0930,3,0.0698,8,0.1860,1.349,트러블성:3;건성:2;복합성:2;지성:1,여름쿨톤:3;가을웜톤:1;겨울쿨톤:1,탄력:3;블랙헤드:2;트러블:2;각질:1;잡티:1,medium
prod_oy_a000000258824,일소,[짱구 콜라보] 일소 펩타이드 3엑스 모공톡스 탄력 앰플 30ml 기획 (+맥세이프 카드지갑),serum,true,43,4.326,43,1.0000,1,0.0233,4,0.0930,17,0.3953,213.372,복합성:6;건성:5;지성:4;민감성:1,여름쿨톤:4;쿨톤:3;가을웜톤:2;겨울쿨톤:2;봄웜톤:1,잡티:6;미백:4;블랙헤드:3;주름:3;각질:2,medium
prod_oy_a000000159901,눅스,[영양장벽케어] 눅스 레브드미엘 울트라 컴포팅 베리어 크림 50ml,cream,true,42,4.833,42,1.0000,7,0.1667,6,0.1429,10,0.2381,0.643,건성:5;복합성:3;중성:1;트러블성:1,가을웜톤:3;여름쿨톤:3;웜톤:2;봄웜톤:1,미백:4;주름:4;모공:3;잡티:3;각질:1,medium
prod_oy_a000000162056,라네즈,라네즈 워터뱅크 블루히알루로닉 기초 2종(중건성),toner,true,42,4.929,42,1.0000,5,0.1190,5,0.1190,6,0.1429,3.048,복합성:4;건성:1;지성:1,웜톤:4;봄웜톤:1;쿨톤:1,잡티:4;블랙헤드:2;트러블:2;미백:1;붉은기:1,medium
prod_oy_a000000200632,성분에디터,[잡티미백케어] 성분에디터 머루포도 비타 C 잡티크림 50g,cream,true,42,4.690,42,1.0000,3,0.0714,4,0.0952,13,0.3095,1.119,건성:7;복합성:4;민감성:2,가을웜톤:5;쿨톤:3;겨울쿨톤:2;여름쿨톤:2;웜톤:1,잡티:7;각질:4;미백:4;피지과다:3;주름:2,medium
prod_oy_a000000224093,아이오페,아이오페 바이오 컨디셔닝 에센스 84ml 기획 (+48ml),serum,true,42,4.905,42,1.0000,5,0.1190,11,0.2619,13,0.3095,12.905,복합성:5;건성:3;민감성:2;트러블성:2;중성:1,쿨톤:5;가을웜톤:4;여름쿨톤:2;봄웜톤:1;웜톤:1,주름:6;잡티:5;모공:3;미백:3;트러블:2,medium
prod_oy_a000000240056,성분에디터,[한정기획/고함량PDRN] 성분에디터 알래스카 PDRN 울트라 모이스처라이징 배리어 크림 50ml (+10ml*2),cream,true,42,4.881,42,1.0000,0,0.0000,7,0.1667,8,0.1905,4.857,건성:3;복합성:2;지성:2;민감성:1,웜톤:3;가을웜톤:2;쿨톤:2;봄웜톤:1,잡티:4;트러블:4;각질:2;모공:1;미백:1,medium
prod_oy_a000000247042,온그리디언츠,온그리디언츠 스킨 베리어 카밍 로션 이엑스 스틱포 4ml*5ea,lotion,true,42,4.881,42,1.0000,4,0.0952,4,0.0952,14,0.3333,14.667,건성:5;복합성:4;약건성:4;민감성:1,웜톤:4;쿨톤:4;봄웜톤:2;여름쿨톤:2;겨울쿨톤:1,잡티:8;각질:5;주름:5;트러블:4;블랙헤드:2,medium
prod_oy_a000000147357,땡큐파머,땡큐파머 강화교동쌀 맑음 젤안에 크림80ml,cream,true,41,4.854,41,1.0000,6,0.1463,3,0.0732,15,0.3659,0.829,복합성:8;건성:3;지성:3;트러블성:1,웜톤:5;봄웜톤:3;쿨톤:3;가을웜톤:1;겨울쿨톤:1,잡티:6;미백:4;주름:4;각질:3;민감성:3,medium
prod_oy_a000000227244,넘버즈인,[10ml 소용량] 넘버즈인 4번 세라 필 깐달걀 세럼 소용량 10ml (1ml*10개),serum,true,41,4.829,41,1.0000,3,0.0732,2,0.0488,17,0.4146,2.220,복합성:4;트러블성:4;건성:3;민감성:3;지성:2,겨울쿨톤:3;여름쿨톤:3;웜톤:3;쿨톤:3;가을웜톤:2,잡티:13;미백:6;트러블:5;각질:3;모공:3,medium
prod_oy_a000000234358,오브제,오브제 모이스처 프로틴 장벽 토너 200ml,toner,true,41,5.000,41,1.0000,0,0.0000,6,0.1463,8,0.1951,0.878,건성:3;복합성:2;민감성:1;지성:1;트러블성:1,웜톤:4;쿨톤:3;가을웜톤:1,잡티:5;주름:3;미백:2;모공:1;탄력:1,medium
prod_oy_a000000252606,메디큐브,[리뉴얼/NEW] 메디큐브 제로 모공 원데이 펩타이드 세럼 30ml,serum,true,41,4.780,41,1.0000,1,0.0244,3,0.0732,14,0.3415,37.902,복합성:12;민감성:1;트러블성:1,웜톤:5;여름쿨톤:3;가을웜톤:2;겨울쿨톤:1;봄웜톤:1,미백:8;잡티:5;모공:3;주름:3;트러블:3,medium
prod_oy_a000000156327,수이스킨,수이스킨 하얀 자작나무 수액 앰플 35ml,serum,true,40,4.925,40,1.0000,7,0.1750,11,0.2750,9,0.2250,2.050,민감성:3;복합성:3;지성:3,여름쿨톤:5;웜톤:2;봄웜톤:1;쿨톤:1,잡티:8;트러블:6;각질:2;블랙헤드:1;주름:1,medium
prod_oy_a000000213286,오드로이,오드로이 75퍼센트 시카 앰플 로프디 50ml,serum,true,40,4.525,40,1.0000,10,0.2500,6,0.1500,3,0.0750,1.100,복합성:3,쿨톤:2;가을웜톤:1,미백:3;잡티:2;각질:1,medium
prod_oy_a000000231061,메디테라피,[바르고 자는 톤업크림] 메디테라피 포쎄라 리얼 비피다 블러 크림 50ml,cream,true,40,4.525,40,1.0000,1,0.0250,8,0.2000,10,0.2500,2.450,복합성:8;지성:2,가을웜톤:3;웜톤:2;쿨톤:2;겨울쿨톤:1;봄웜톤:1,잡티:6;미백:4;주름:3;블랙헤드:2;트러블:2,medium
prod_oy_a000000237367,랑벨,랑벨 비타 에너지 잡티 앰플 30ml,serum,true,40,4.700,40,1.0000,5,0.1250,15,0.3750,19,0.4750,57.550,민감성:6;건성:5;복합성:5;약건성:2;지성:1,웜톤:5;겨울쿨톤:4;여름쿨톤:4;쿨톤:3;가을웜톤:1,잡티:8;주름:6;미백:5;블랙헤드:5;민감성:4,medium
prod_oy_a000000249581,제로이드,[저자극 각질 케어] 제로이드 핌프로브 토너 200ml,toner,true,40,4.825,40,1.0000,0,0.0000,7,0.1750,18,0.4500,38.350,복합성:7;민감성:3;지성:3;건성:2;트러블성:2,여름쿨톤:4;웜톤:4;봄웜톤:3;쿨톤:3;가을웜톤:2,트러블:8;잡티:7;블랙헤드:5;각질:4;모공:3,medium
prod_oy_a000000149064,휘게,휘게 릴리프 캐모마일 크림 85g,cream,true,39,4.692,39,1.0000,8,0.2051,9,0.2308,16,0.4103,1.821,지성:6;건성:4;민감성:3;복합성:2;중성:1,쿨톤:6;봄웜톤:3;여름쿨톤:3;가을웜톤:2,잡티:5;트러블:5;다크서클:3;민감성:3;주름:3,medium
prod_oy_a000000149118,땡큐파머,땡큐파머 트루워터 딥 모이스처크림 EX 80ml,cream,true,39,4.923,39,1.0000,16,0.4103,4,0.1026,9,0.2308,1.462,복합성:4;건성:3;지성:2,웜톤:3;쿨톤:2;가을웜톤:1;봄웜톤:1;여름쿨톤:1,미백:4;잡티:3;주름:3;탄력:2;각질:1,medium
prod_oy_a000000170638,에센허브,에센허브 티트리 90 카밍 토너 320ml,toner,true,39,4.846,39,1.0000,5,0.1282,5,0.1282,14,0.3590,0.410,복합성:9;건성:2;지성:2;트러블성:1,웜톤:5;여름쿨톤:3;쿨톤:3;봄웜톤:2;가을웜톤:1,미백:8;잡티:7;트러블:5;블랙헤드:3;각질:2,medium
prod_oy_a000000171757,닥터하스킨,[수분진정/민감성] 닥터하스킨 미라클아토 하이드로 크림 50ml,cream,true,39,4.872,39,1.0000,2,0.0513,6,0.1538,6,0.1538,0.923,민감성:3;건성:1;복합성:1;트러블성:1,웜톤:2;가을웜톤:1;봄웜톤:1;여름쿨톤:1;쿨톤:1,잡티:4;미백:3;민감성:1;블랙헤드:1;탄력:1,medium
prod_oy_a000000247881,이즈앤트리,[NCT 재민PICK/리뉴얼] 이즈앤트리 어니언 뉴페어 겔크림 플러스 50ml,cream,true,39,4.795,39,1.0000,0,0.0000,3,0.0769,7,0.1795,8.462,복합성:3;트러블성:2;민감성:1;지성:1,여름쿨톤:3;가을웜톤:1;겨울쿨톤:1;봄웜톤:1;쿨톤:1,잡티:4;트러블:4;미백:2;각질:1;모공:1,medium
prod_oy_a000000147087,키노닉스,[진정보습/장벽케어] 키노닉스 원더 레미디 세라마이드 고보습 크림 50ml,cream,true,38,4.711,38,1.0000,5,0.1316,6,0.1579,12,0.3158,1.184,지성:7;건성:2;중성:2;복합성:1,여름쿨톤:4;쿨톤:3;웜톤:2;가을웜톤:1,트러블:6;블랙헤드:4;잡티:3;모공:2;각질:1,medium
prod_oy_a000000176954,에스티로더,에스티 로더 마이크로 에센스 트리트먼트 로션 100ml,serum,true,38,4.895,38,1.0000,8,0.2105,5,0.1316,10,0.2632,1.184,복합성:4;지성:3;건성:1;민감성:1;약건성:1,봄웜톤:3;여름쿨톤:2;쿨톤:2;가을웜톤:1;겨울쿨톤:1,잡티:5;모공:3;미백:3;블랙헤드:3;주름:2,medium
prod_oy_a000000212792,셀리맥스,[영양/부스팅토너] 셀리맥스 더 리얼 노니 수분 밸런싱 토너 320ml,toner,true,38,4.632,38,1.0000,1,0.0263,9,0.2368,15,0.3947,15.579,건성:5;복합성:4;민감성:3;트러블성:3,봄웜톤:5;웜톤:3;가을웜톤:2;여름쿨톤:2;쿨톤:2,트러블:9;각질:4;미백:4;민감성:3;잡티:3,medium
prod_oy_a000000228333,토리든,토리든 밸런스풀 시카 각질 토너 250ml,toner,true,38,4.632,38,1.0000,3,0.0789,4,0.1053,18,0.4737,4.158,복합성:6;지성:3;건성:2;트러블성:2;민감성:1,여름쿨톤:6;웜톤:4;겨울쿨톤:2;가을웜톤:1;봄웜톤:1,트러블:8;잡티:7;미백:5;각질:4;블랙헤드:3,medium
prod_oy_a000000229597,닥터멜락신,닥터멜락신 시멘리트 칼슘 볼륨 앰플 플러스 30ml,serum,true,38,4.947,38,1.0000,3,0.0789,9,0.2368,13,0.3421,1.026,건성:5;복합성:5;민감성:2;지성:1,웜톤:4;쿨톤:4;여름쿨톤:3;봄웜톤:2,잡티:6;각질:4;미백:3;민감성:3;주름:3,medium
prod_oy_a000000128323,닥터자르트,닥터자르트 컨트롤에이 티트리먼트 토너 200ml (티트리 약산성 토너),toner,true,37,4.757,37,1.0000,9,0.2432,3,0.0811,5,0.1351,0.135,복합성:4;민감성:1,쿨톤:2;겨울쿨톤:1;여름쿨톤:1;웜톤:1,트러블:3;잡티:2;미백:1;민감성:1;블랙헤드:1,medium
prod_oy_a000000174028,디오디너리,[노화케어] 디오디너리 멀티-펩타이드 + HA 세럼 60ml,serum,true,37,4.622,37,1.0000,10,0.2703,11,0.2973,9,0.2432,2.946,건성:6;민감성:1;복합성:1;지성:1,겨울쿨톤:4;여름쿨톤:2;가을웜톤:1;봄웜톤:1;웜톤:1,민감성:5;모공:4;미백:2;잡티:2;트러블:2,medium
prod_oy_a000000205098,원진이펙트,원진이펙트 콜라겐 물방울 수분 크림 100g,cream,true,37,4.838,37,1.0000,1,0.0270,7,0.1892,13,0.3514,0.622,건성:5;복합성:4;지성:4,쿨톤:4;봄웜톤:3;웜톤:3;여름쿨톤:2;가을웜톤:1,주름:9;잡티:6;트러블:3;미백:2;각질:1,medium
prod_oy_a000000219082,리얼베리어,[모공축소] 리얼베리어 레티니올 모공 타이트닝 세럼 30ml 기획 (+10ml),serum,true,37,4.676,37,1.0000,1,0.0270,7,0.1892,10,0.2703,3.919,복합성:4;지성:4;건성:1;민감성:1,가을웜톤:2;봄웜톤:2;겨울쿨톤:1;여름쿨톤:1;쿨톤:1,미백:3;블랙헤드:3;잡티:3;트러블:3;모공:2,medium
prod_oy_a000000225699,라네즈,[탄력광채] 라네즈 퍼펙트리뉴 쓰리엑스 시그니쳐 세럼 20ml 기획 (+10ml),serum,true,37,4.784,37,1.0000,6,0.1622,5,0.1351,11,0.2973,12.432,건성:4;복합성:3;지성:3;민감성:1,쿨톤:4;여름쿨톤:3;겨울쿨톤:2;봄웜톤:1,잡티:5;트러블:4;민감성:3;미백:2;피지과다:2,medium
prod_oy_a000000232547,더마라인,[리뉴얼] 더마라인 디렉소 PDRN 솔루션 살몬 앰플 35ml,serum,true,37,4.757,37,1.0000,3,0.0811,7,0.1892,12,0.3243,1.622,복합성:6;건성:3;지성:3,웜톤:8;여름쿨톤:2;봄웜톤:1,잡티:8;미백:5;트러블:3;각질:2;민감성:1,medium
prod_oy_a000000116032,유리아쥬,유리아쥬 오 떼르말 워터 크림 40ml,cream,true,36,4.917,36,1.0000,11,0.3056,6,0.1667,7,0.1944,0.917,복합성:3;건성:2;지성:2,웜톤:3;쿨톤:3;여름쿨톤:1,잡티:5;미백:3;주름:3;민감성:1;블랙헤드:1,medium
prod_oy_a000000160436,그레이멜린,그레이멜린 알래스카 내추럴 토너500ml *,toner,true,36,4.944,36,1.0000,9,0.2500,10,0.2778,16,0.4444,4.611,복합성:10;건성:2;지성:2;민감성:1;트러블성:1,겨울쿨톤:10;봄웜톤:2;웜톤:2;여름쿨톤:1;쿨톤:1,잡티:10;주름:8;트러블:5;미백:2;블랙헤드:2,medium
prod_oy_a000000171615,허블룸,허블룸 콤부차 비건 콜라겐 크림 50ml,cream,true,36,4.889,36,1.0000,4,0.1111,8,0.2222,21,0.5833,5.972,복합성:10;건성:4;지성:4;민감성:2;트러블성:1,쿨톤:8;웜톤:6;봄웜톤:3;가을웜톤:2;여름쿨톤:1,잡티:12;트러블:7;미백:5;주름:5;피지과다:4,medium
prod_oy_a000000180918,숨37,숨37 마이크로액티브 소프트 핏 크림 50ml,cream,true,36,4.611,36,1.0000,3,0.0833,4,0.1111,13,0.3611,3.722,복합성:6;건성:4;지성:2;중성:1,쿨톤:6;웜톤:3;겨울쿨톤:2;가을웜톤:1;봄웜톤:1,미백:7;블랙헤드:5;민감성:4;잡티:3;붉은기:2,medium
prod_oy_a000000190420,어퓨,어퓨 마데카소사이드 테트라좀시카 크림 120ml,cream,true,36,4.500,36,1.0000,11,0.3056,12,0.3333,6,0.1667,6.583,복합성:2;건성:1;민감성:1;트러블성:1,가을웜톤:2;겨울쿨톤:1;봄웜톤:1;여름쿨톤:1;웜톤:1,트러블:3;잡티:2;다크서클:1;미백:1;블랙헤드:1,medium
prod_oy_a000000209889,클리어디어,[수분충전] 클리어디어 미나리 딥 쿨 수딩 크림 30ml,cream,true,36,5.000,36,1.0000,15,0.4167,1,0.0278,19,0.5278,3.528,지성:14;건성:2;복합성:2;트러블성:1,쿨톤:14;웜톤:2;봄웜톤:1;여름쿨톤:1,미백:13;잡티:13;트러블:4;모공:2;블랙헤드:2,medium
prod_oy_a000000219212,SVR,[레티놀]SVR 리프팅 A 앰플 30ml 기획(+크림 10ml)/단품,serum,true,36,4.611,36,1.0000,3,0.0833,4,0.1111,19,0.5278,7.083,건성:6;민감성:5;복합성:4;지성:2;중성:1,웜톤:5;여름쿨톤:4;가을웜톤:3;겨울쿨톤:2;봄웜톤:2,잡티:12;트러블:7;주름:4;미백:3;붉은기:3,medium
prod_oy_a000000229594,닥터멜락신,닥터멜락신 시멘리트 칼슘 볼륨 크림 50ml,cream,true,36,4.861,36,1.0000,0,0.0000,7,0.1944,5,0.1389,4.444,복합성:4;민감성:1,웜톤:2;겨울쿨톤:1;쿨톤:1,트러블:2;미백:1;블랙헤드:1;잡티:1;주름:1,medium
prod_oy_a000000235558,이니스프리,[속수분/장벽크림] 이니스프리 그린티 세라마이드 크림 50ml 기획 (+20ml),cream,true,36,4.889,36,1.0000,0,0.0000,7,0.1944,19,0.5278,6.111,복합성:9;건성:3;트러블성:3;민감성:2;지성:2,여름쿨톤:6;웜톤:5;봄웜톤:4;쿨톤:2;가을웜톤:1,미백:11;잡티:8;각질:3;민감성:3;트러블:3,medium
prod_oy_a000000245737,휩드,[민감진정] 휩드 머그트리 비건 휘핑 버블 세럼 92ml,serum,true,36,4.611,36,1.0000,2,0.0556,3,0.0833,12,0.3333,15.861,민감성:5;건성:3;트러블성:2;복합성:1;지성:1,쿨톤:5;가을웜톤:2;여름쿨톤:2;겨울쿨톤:1;봄웜톤:1,잡티:5;각질:4;미백:4;트러블:3;민감성:2,medium
prod_oy_a000000248587,톤28,[시카크림] 톤28 해남404 새벽크림 센텔라 아시아티카 크림 50g,cream,true,36,4.861,36,1.0000,5,0.1389,19,0.5278,9,0.2500,52.528,건성:2;민감성:2;복합성:2;지성:2,쿨톤:3;웜톤:2;봄웜톤:1;여름쿨톤:1,잡티:7;주름:4;트러블:2;미백:1;민감성:1,medium
prod_oy_a000000125012,유리아쥬,유리아쥬 오 떼르말 워터 젤크림 40ml,cream,true,35,4.657,35,1.0000,5,0.1429,7,0.2000,7,0.2000,1.457,복합성:2;건성:1;민감성:1;지성:1,웜톤:2;쿨톤:2;가을웜톤:1;봄웜톤:1,잡티:4;트러블:3;블랙헤드:2;각질:1;모공:1,medium
prod_oy_a000000157484,셀퓨전씨,[100시간밀착보습/민감장벽보호] 셀퓨전씨 약산성 패리어 크림 55ml,cream,true,35,4.657,35,1.0000,1,0.0286,4,0.1143,11,0.3143,1.200,복합성:6;민감성:2;건성:1;지성:1;트러블성:1,웜톤:4;가을웜톤:2;겨울쿨톤:2;쿨톤:1,트러블:7;잡티:4;민감성:3;블랙헤드:3;미백:2,medium
prod_oy_a000000188830,조선미녀,조선미녀 인삼에센스워터 150ml,toner,true,35,4.571,35,1.0000,9,0.2571,3,0.0857,11,0.3143,2.371,복합성:6;건성:4;민감성:1,웜톤:6;쿨톤:3,미백:6;가려움:4;모공:3;블랙헤드:2;주름:2,medium
prod_oy_a000000189170,폴라초이스,폴라초이스 클리니컬 0.3% 레티놀 + 2% 바쿠치올 트리트먼트 30ml,cream,true,35,4.943,35,1.0000,5,0.1429,10,0.2857,14,0.4000,4.657,지성:6;민감성:5;복합성:2;건성:1,웜톤:4;봄웜톤:3;가을웜톤:2;여름쿨톤:2;쿨톤:2,블랙헤드:6;트러블:6;주름:5;미백:4;잡티:3,medium
prod_oy_a000000212948,퍼셀,[주름리프팅] 퍼셀 82% 하이-도즈 펩타이드 콜라겐 앰플 20ml,serum,true,35,4.800,35,1.0000,7,0.2000,11,0.3143,11,0.3143,16.886,건성:4;복합성:3;트러블성:3;민감성:1,웜톤:4;봄웜톤:3;쿨톤:2;여름쿨톤:1,주름:8;잡티:4;탄력:3;모공:2;트러블:2,medium
prod_oy_a000000213407,반코르,반코르 닥터 세라마이드 토너 150ml,toner,true,35,4.714,35,1.0000,8,0.2286,2,0.0571,20,0.5714,1.229,건성:12;복합성:4;민감성:2;트러블성:2,가을웜톤:8;웜톤:4;봄웜톤:3;쿨톤:3;겨울쿨톤:1,잡티:16;각질:11;미백:6;주름:4;민감성:1,medium
prod_oy_a000000238246,더마펌,[나띠PICK][증정프로모션/모공케어] 더마펌 펩트올로지 부스팅 앰플 레티노이드 30ml 기획 (+30ml 리필),serum,true,35,4.886,35,1.0000,0,0.0000,7,0.2000,13,0.3714,2.057,건성:6;복합성:3;지성:3;민감성:1,쿨톤:6;여름쿨톤:3;가을웜톤:2;겨울쿨톤:1;웜톤:1,잡티:9;미백:8;주름:2;트러블:2;모공:1,medium
prod_oy_a000000255418,포들,[NEW] 포들 밤 펩타이드 모공 타이트닝 버블 세럼 70ml,serum,true,35,5.000,35,1.0000,0,0.0000,5,0.1429,8,0.2286,335.771,지성:3;민감성:2;복합성:2;건성:1,웜톤:4;쿨톤:2;가을웜톤:1;여름쿨톤:1,잡티:4;주름:3;모공:2;트러블:2;민감성:1,medium
prod_oy_a000000255499,쿠피,[2주만에기미감소16%] 쿠피 멜라스마 클리어 트라넥삼산 레몬수 기미크림 50ml,cream,true,35,5.000,35,1.0000,0,0.0000,1,0.0286,7,0.2000,315.229,복합성:3;지성:2;건성:1;민감성:1,웜톤:2;쿨톤:2;가을웜톤:1;봄웜톤:1;여름쿨톤:1,잡티:4;주름:3;블랙헤드:2;트러블:2;민감성:1,medium
prod_oy_a000000011087,엠도씨,엠도씨 릴리프 에센스 에멀젼 100ml,lotion,true,34,4.706,34,1.0000,3,0.0882,7,0.2059,5,0.1471,2.294,건성:2;지성:2;복합성:1,쿨톤:2;가을웜톤:1;웜톤:1,주름:2;각질:1;모공:1;미백:1;블랙헤드:1,medium
prod_oy_a000000158312,믹순,믹순 비피다 발효 에센스 100ml,serum,true,34,4.559,34,1.0000,4,0.1176,7,0.2059,6,0.1765,1.147,지성:3;복합성:2;트러블성:1,여름쿨톤:2;쿨톤:2;봄웜톤:1;웜톤:1,트러블:4;블랙헤드:3;각질:1;미백:1;잡티:1,medium
prod_oy_a000000190370,어퓨,어퓨 마데카소사이드 테트라좀시카 앰플 50ml,serum,true,34,4.706,34,1.0000,9,0.2647,6,0.1765,14,0.4118,6.588,복합성:12;민감성:1;트러블성:1,겨울쿨톤:3;쿨톤:3;봄웜톤:2;가을웜톤:1;여름쿨톤:1,주름:5;각질:4;민감성:4;잡티:4;미백:3,medium
prod_oy_a000000226568,닥터자르트,[미백&주름개선] NEW 닥터자르트 브라이타민 브라이트닝 세럼 앰플,serum,true,34,4.676,34,1.0000,9,0.2647,7,0.2059,10,0.2941,5.176,지성:4;트러블성:3;건성:1;복합성:1,쿨톤:6;여름쿨톤:2;가을웜톤:1;겨울쿨톤:1,트러블:5;미백:4;잡티:4;블랙헤드:3;각질:1,medium
prod_oy_a000000227275,어나더페이스,[매끈물광&피지쓱싹] 어나더페이스 펩타테놀 수분 밸런스 토너 120ml,toner,true,34,4.971,34,1.0000,2,0.0588,6,0.1765,10,0.2941,4.382,복합성:6;지성:2;건성:1,웜톤:4;쿨톤:2;겨울쿨톤:1;봄웜톤:1;여름쿨톤:1,주름:4;잡티:3;모공:2;미백:2;각질:1,medium
prod_oy_a000000158311,믹순,믹순 갈락토미세스 발효 에센스 100ml,serum,true,33,4.545,33,1.0000,1,0.0303,6,0.1818,5,0.1515,1.273,복합성:4;건성:1,쿨톤:4;여름쿨톤:1,트러블:2;피지과다:2;각질:1;모공:1;민감성:1,medium
prod_oy_a000000171416,스킨앤랩,[장벽강화] 스킨앤랩 베리어덤 밀키 세럼 50ml,serum,true,33,4.818,33,1.0000,6,0.1818,7,0.2121,10,0.3030,3.212,건성:5;복합성:3;민감성:2,쿨톤:3;봄웜톤:2;웜톤:2;여름쿨톤:1,미백:3;민감성:3;붉은기:2;블랙헤드:2;잡티:2,medium
prod_oy_a000000180892,코스알엑스,코스알엑스 더 히알루론산 3 세럼 20ml,serum,true,33,4.545,33,1.0000,8,0.2424,2,0.0606,4,0.1212,1.121,건성:3;복합성:1,쿨톤:2;여름쿨톤:1;웜톤:1,미백:2;잡티:2;각질:1;모공:1;민감성:1,medium
prod_oy_a000000198833,테라로직,테라로직 마데셀 더마 리페어 B5 크림 80ml,cream,true,33,4.879,33,1.0000,7,0.2121,8,0.2424,7,0.2121,1.576,건성:4;지성:2;민감성:1,겨울쿨톤:2;봄웜톤:1;여름쿨톤:1;웜톤:1;쿨톤:1,각질:3;트러블:3;주름:2;미백:1;민감성:1,medium
prod_oy_a000000209590,VT,[NEW/기미잡티케어] VT 티엑스토닝 크림 50ml,cream,true,33,4.788,33,1.0000,3,0.0909,7,0.2121,12,0.3636,25.424,복합성:11;건성:1,웜톤:4;쿨톤:4;가을웜톤:2;겨울쿨톤:1,잡티:10;미백:4;주름:4;블랙헤드:2;트러블:2,medium
prod_oy_a000000214266,키엘,키엘 울트라 퓨어 세럼 히알루로닉애씨드 30ml 기획/단품,serum,true,33,4.667,33,1.0000,7,0.2121,6,0.1818,6,0.1818,2.273,복합성:3;민감성:2;건성:1,가을웜톤:2;여름쿨톤:2;겨울쿨톤:1;쿨톤:1,잡티:4;미백:2;트러블:2;각질:1;모공:1,medium
prod_oy_a000000219754,성분에디터,[고함량PDRN/수분장벽] 성분에디터 알래스카 PDRN 울트라 모이스처라이징 배리어 크림 50ml,cream,true,33,5.000,33,1.0000,0,0.0000,5,0.1515,6,0.1818,1.394,건성:3;민감성:1;복합성:1;지성:1,웜톤:3;쿨톤:2;봄웜톤:1,잡티:4;각질:2;트러블:2;모공:1;미백:1,medium
prod_oy_a000000232962,나노레시피,나노레시피 비타민 C 리포좀 앰플 30ml,serum,true,33,4.515,33,1.0000,5,0.1515,5,0.1515,13,0.3939,19.242,복합성:8;지성:2;건성:1;민감성:1;트러블성:1,여름쿨톤:6;웜톤:4;가을웜톤:1;겨울쿨톤:1;쿨톤:1,미백:7;잡티:7;트러블:4;블랙헤드:3;다크서클:2,medium
prod_oy_a000000158921,빌리프,빌리프 스트레스 슈터 시카 수딩 토너 200ml,toner,true,32,4.969,32,1.0000,5,0.1563,3,0.0938,10,0.3125,1.406,복합성:6;건성:3;지성:1,웜톤:5;여름쿨톤:3;봄웜톤:1;쿨톤:1,미백:3;민감성:3;블랙헤드:3;잡티:3;트러블:3,medium
prod_oy_a000000182387,디오디너리,[진정] 디오디너리 알로에 2% + NAG 2% 솔루션 30ml,serum,true,32,4.594,32,1.0000,3,0.0938,4,0.1250,12,0.3750,1.125,건성:4;민감성:2;복합성:2;중성:2;트러블성:2,여름쿨톤:3;웜톤:3;가을웜톤:2;겨울쿨톤:2;봄웜톤:2,잡티:6;블랙헤드:4;민감성:3;트러블:3;모공:2,medium
prod_oy_a000000197640,닥터멜락신,닥터멜락신 아쿠아 이온 플라즈마 수분 앰플 50ml,serum,true,32,4.906,32,1.0000,5,0.1563,7,0.2188,19,0.5938,1.469,복합성:9;민감성:6;건성:4,여름쿨톤:8;웜톤:4;가을웜톤:3;봄웜톤:2;겨울쿨톤:1,트러블:9;잡티:8;미백:6;각질:3;모공:3,medium
prod_oy_a000000222935,웰라쥬,[모공샷앰플] 웰라쥬 하이퍼 펩타이드 보툴리들 앰플 50ml,serum,true,32,4.750,32,1.0000,0,0.0000,8,0.2500,10,0.3125,94.438,건성:6;복합성:4,여름쿨톤:3;웜톤:3;쿨톤:2;겨울쿨톤:1;봄웜톤:1,잡티:5;미백:4;주름:2;트러블:2;모공:1,medium
prod_oy_a000000158920,빌리프,빌리프 스트레스 슈터 시카 밤 크림 50ml,cream,true,31,4.903,31,1.0000,3,0.0968,2,0.0645,12,0.3871,1.355,복합성:4;건성:3;민감성:2;지성:2;트러블성:1,웜톤:6;쿨톤:3;여름쿨톤:2;봄웜톤:1,잡티:8;블랙헤드:5;트러블:3;주름:2;각질:1,medium
prod_oy_a000000248422,아누아,[박희선Pick] 아누아 어성초 77 B3 징크 수딩 크림 80ml,cream,true,31,4.742,31,1.0000,1,0.0323,4,0.1290,9,0.2903,103.903,복합성:4;트러블성:2;건성:1;민감성:1;지성:1,여름쿨톤:3;웜톤:2;가을웜톤:1;봄웜톤:1;쿨톤:1,잡티:5;미백:4;민감성:2;트러블:2;각질:1,medium
prod_oy_a000000254331,쥬베룩,쥬베룩 PDLLA 콜라겐 부스팅 앰플 20g,serum,true,31,4.968,31,1.0000,0,0.0000,4,0.1290,18,0.5806,129.484,복합성:7;건성:5;지성:3;민감성:2;트러블성:1,여름쿨톤:4;가을웜톤:3;봄웜톤:3;웜톤:3;쿨톤:3,잡티:14;미백:8;주름:3;블랙헤드:2;각질:1,medium
prod_oy_a000000254392,리얼베리어,[NEW/버블수분] 리얼베리어 워터리 히알 버블 토너 140ml,toner,true,31,4.839,31,1.0000,1,0.0323,4,0.1290,13,0.4194,167.548,건성:8;지성:3;복합성:2,쿨톤:4;가을웜톤:2;겨울쿨톤:2;봄웜톤:2;웜톤:2,잡티:8;미백:6;붉은기:2;트러블:2;각질:1,medium
prod_oy_a000000254773,쥬베룩,쥬베룩 PDLLA 콜라겐 부스팅 앰플 20g (+프로텍팅 크림 2ml*5EA) (2604),serum,true,31,4.968,31,1.0000,0,0.0000,4,0.1290,18,0.5806,129.484,복합성:7;건성:5;지성:3;민감성:2;트러블성:1,여름쿨톤:4;가을웜톤:3;봄웜톤:3;웜톤:3;쿨톤:3,잡티:14;미백:8;주름:3;블랙헤드:2;각질:1,medium
prod_oy_a000000140891,미프,미프 리페어 앤 리프팅,lotion,true,30,4.833,30,1.0000,1,0.0333,10,0.3333,3,0.1000,1.300,건성:1;민감성:1;지성:1,웜톤:2;봄웜톤:1,미백:2;잡티:2;가려움:1;각질:1,medium
prod_oy_a000000144807,아크웰,아크웰 리얼 아쿠아 밸런싱 토너 160ml,toner,true,30,4.700,30,1.0000,5,0.1667,5,0.1667,11,0.3667,1.367,복합성:4;건성:3;민감성:2;지성:1,웜톤:4;여름쿨톤:2;겨울쿨톤:1;쿨톤:1,미백:3;주름:3;트러블:3;각질:2;잡티:2,medium
prod_oy_a000000188206,디오디너리,[노화케어] 디오디너리 멀티-펩타이드 + 카퍼 펩타이즈 1% 세럼 30ml,serum,true,30,4.733,30,1.0000,7,0.2333,4,0.1333,10,0.3333,1.433,복합성:5;민감성:2;트러블성:2;지성:1,가을웜톤:3;여름쿨톤:2;쿨톤:2;겨울쿨톤:1;봄웜톤:1,잡티:6;주름:3;트러블:3;미백:2;각질:1,medium
prod_oy_a000000202708,메디앤서,메디앤서 비타 콜라겐 로직 앰플 30ml,serum,true,30,4.800,30,1.0000,3,0.1000,5,0.1667,8,0.2667,1.433,복합성:4;건성:2;민감성:1;지성:1,여름쿨톤:4;가을웜톤:1;겨울쿨톤:1;봄웜톤:1;웜톤:1,미백:6;잡티:5;각질:1;모공:1;민감성:1,medium
prod_oy_a000000214629,앰플엔,앰플엔 히알루론샷 수분 앰플 100ml,serum,true,30,4.667,30,1.0000,2,0.0667,8,0.2667,14,0.4667,2.700,건성:8;복합성:3;지성:2;민감성:1,겨울쿨톤:4;봄웜톤:3;쿨톤:3;가을웜톤:1;웜톤:1,미백:6;블랙헤드:4;잡티:4;주름:3;트러블:2,medium
prod_oy_a000000236552,닥터지,[진정수분/대용량] 닥터지 레드블레미쉬 클리어 수딩 액티브 에센스 80ml,serum,true,30,4.900,30,1.0000,5,0.1667,5,0.1667,6,0.2000,57.367,복합성:3;지성:2;민감성:1,웜톤:3;겨울쿨톤:1;봄웜톤:1,각질:2;모공:2;붉은기:2;블랙헤드:1;잡티:1,medium
prod_oy_a000000255383,더샘,[여름화잘먹/프렙로션] 더샘 스킨 프렙 밸런싱 밀크 로션 155ml,lotion,true,30,4.600,30,1.0000,0,0.0000,3,0.1000,11,0.3667,45.167,건성:4;지성:4;복합성:2,여름쿨톤:3;가을웜톤:2;쿨톤:2;겨울쿨톤:1;웜톤:1,미백:3;잡티:3;모공:2;블랙헤드:2;트러블:2,medium
prod_oy_a000000107841,미프,미프 미남크림 톤업화이트닝 50ml,cream,true,29,4.897,29,1.0000,2,0.0690,8,0.2759,5,0.1724,1.103,지성:3;건성:1;복합성:1,쿨톤:2;가을웜톤:1;겨울쿨톤:1;웜톤:1,블랙헤드:2;잡티:2;주름:2;각질:1;미백:1,low
prod_oy_a000000188971,디마르3,디마르3 시타듀 실드 크림 70g,cream,true,29,4.828,29,1.0000,8,0.2759,6,0.2069,11,0.3793,0.690,복합성:8;민감성:1;지성:1;트러블성:1,웜톤:6;가을웜톤:3;겨울쿨톤:1;여름쿨톤:1,트러블:6;모공:3;탄력:3;미백:2;잡티:2,low
prod_oy_a000000211858,딕셔니스트,[결청소토너] 딕셔니스트 아미노산 토너 250ml *,toner,true,29,4.793,29,1.0000,3,0.1034,6,0.2069,11,0.3793,0.517,민감성:5;복합성:2;지성:2;건성:1;트러블성:1,겨울쿨톤:4;여름쿨톤:2;웜톤:2;가을웜톤:1;봄웜톤:1,잡티:7;미백:5;트러블:4;피지과다:2;각질:1,low
prod_oy_a000000213915,성분에디터,[깊은모공케어] 성분에디터 그린토마토 포어 부스팅 딥샷 앰플 30ml,serum,true,29,4.759,29,1.0000,0,0.0000,4,0.1379,7,0.2414,0.759,복합성:3;건성:2;민감성:1;지성:1,쿨톤:3;가을웜톤:1;겨울쿨톤:1;봄웜톤:1;웜톤:1,잡티:4;주름:3;미백:2;각질:1;모공:1,low
prod_oy_a000000224880,브이앤에이뷰티,[리뉴얼/단독] 브이앤에이뷰티 안티옥시던트 시너지 크림 50ml 기획 (+앰플 50ml),cream,true,29,4.828,29,1.0000,2,0.0690,2,0.0690,9,0.3103,2.207,복합성:5;건성:2;지성:2,가을웜톤:2;봄웜톤:2;여름쿨톤:2;쿨톤:2;웜톤:1,잡티:4;트러블:4;미백:3;각질:1;민감성:1,low
prod_oy_a000000115499,달팡,달팡 하이드라스킨 리치 크림 50ml,cream,true,28,4.821,28,1.0000,3,0.1071,3,0.1071,6,0.2143,1.036,건성:4;복합성:2,웜톤:3;쿨톤:3,모공:2;미백:2;잡티:2;탄력:2;각질:1,low
prod_oy_a000000149427,보닌,보닌 퓨어 에센셜 에멀전,lotion,true,28,4.714,28,1.0000,8,0.2857,9,0.3214,14,0.5000,2.929,민감성:6;복합성:5;건성:1;지성:1;트러블성:1,웜톤:6;쿨톤:5;가을웜톤:2;여름쿨톤:1,잡티:7;모공:3;트러블:3;블랙헤드:2;주름:1,low
prod_oy_a000000191821,디마르3,[잡티케어] 디마르3 에트셀 멜라토닉 앰플 70ml,serum,true,28,4.821,28,1.0000,10,0.3571,13,0.4643,10,0.3571,3.179,복합성:4;민감성:2;트러블성:2;건성:1;지성:1,웜톤:4;겨울쿨톤:2;여름쿨톤:2;가을웜톤:1;쿨톤:1,잡티:8;미백:5;주름:2;트러블:2;탄력:1,low
prod_oy_a000000197659,닥터멜락신,닥터멜락신 아쿠아 이온 플라즈마 수분 크림 50ml,cream,true,28,4.571,28,1.0000,0,0.0000,6,0.2143,18,0.6429,1.607,복합성:9;건성:3;민감성:3;트러블성:2;지성:1,웜톤:6;쿨톤:5;여름쿨톤:3;가을웜톤:1;겨울쿨톤:1,잡티:9;미백:8;주름:5;트러블:5;각질:3,low
prod_oy_a000000209487,믹순,믹순 두유 세럼 50ml,serum,true,28,5.000,28,1.0000,3,0.1071,3,0.1071,5,0.1786,0.393,복합성:2;트러블성:2;지성:1,쿨톤:3;여름쿨톤:2,트러블:3;블랙헤드:2;잡티:2;미백:1;주름:1,low
prod_oy_a000000210681,닥터지,[미백세럼/스피큘] 닥터지 RTX 인투세럼 비타민샷 2주 프로그램,serum,true,28,4.786,28,1.0000,1,0.0357,9,0.3214,14,0.5000,5.821,복합성:6;지성:5;건성:2;민감성:1,웜톤:5;봄웜톤:4;쿨톤:3;겨울쿨톤:1;여름쿨톤:1,미백:11;잡티:7;트러블:3;각질:2;모공:1,low
prod_oy_a000000215222,리쥬란,[각질개선율191%]리쥬란 더마 힐러 모이스처 트리트먼트 토너 150ml,toner,true,28,4.929,28,1.0000,7,0.2500,2,0.0714,8,0.2857,1.036,복합성:3;트러블성:3;민감성:1;중성:1,쿨톤:5;겨울쿨톤:1;웜톤:1,미백:4;잡티:4;트러블:2;각질:1;모공:1,low
prod_oy_a000000224241,스킨1004,스킨1004 마다가스카르 센텔라 프로바이오시카 인텐시브 앰플 50ml,serum,true,28,4.679,28,1.0000,1,0.0357,2,0.0714,10,0.3571,16.357,건성:4;민감성:4;지성:2,웜톤:4;겨울쿨톤:2;쿨톤:2;봄웜톤:1;여름쿨톤:1,잡티:7;트러블:3;민감성:2;블랙헤드:2;주름:2,low
prod_oy_a000000231366,아로셀,[5분요철진정] 아로셀 시카 리페어 판테놀 앰플 40ml,serum,true,28,4.786,28,1.0000,3,0.1071,5,0.1786,11,0.3929,1.536,건성:5;복합성:3;지성:2;민감성:1,봄웜톤:5;여름쿨톤:3;웜톤:2,각질:3;미백:3;주름:3;트러블:3;블랙헤드:2,low
prod_oy_a000000182304,에필로우,에필로우 어성초 히알루시카 수분진정 크림 70ml,cream,true,27,4.889,27,1.0000,3,0.1111,6,0.2222,13,0.4815,2.148,복합성:6;건성:3;지성:2;민감성:1;트러블성:1,봄웜톤:4;여름쿨톤:3;웜톤:3;겨울쿨톤:1;쿨톤:1,잡티:7;트러블:5;미백:4;각질:3;민감성:3,low
prod_oy_a000000189404,디마르3,디마르3 디엑스 시타듀 리엑팅 토너 2.0 150ml,toner,true,27,4.889,27,1.0000,11,0.4074,5,0.1852,8,0.2963,1.185,지성:4;복합성:2;트러블성:2,웜톤:4;가을웜톤:2;쿨톤:2,잡티:7;미백:6;트러블:2;주름:1,low
prod_oy_a000000191026,눅스,[핑크빛생기나이트크림] 눅스 프로디쥬스 부스트 나이트 리커버리 오일 밤 50ml,cream,true,27,4.704,27,1.0000,2,0.0741,6,0.2222,7,0.2593,0.963,복합성:6;건성:1,가을웜톤:4;웜톤:2;여름쿨톤:1,잡티:6;주름:5;미백:2;블랙헤드:1,low
prod_oy_a000000192219,SNP,SNP 골드 콜라겐 엑스퍼트 크림 50ml,cream,true,27,4.889,27,1.0000,0,0.0000,3,0.1111,17,0.6296,0.852,지성:9;건성:3;민감성:1;복합성:1;약건성:1,쿨톤:8;겨울쿨톤:4;웜톤:4;가을웜톤:1,잡티:11;트러블:4;각질:3;미백:3;블랙헤드:2,low
prod_oy_a000000200533,유리아쥬,유리아쥬 이제악3-레귤 40ml,serum,true,27,4.593,27,1.0000,2,0.0741,2,0.0741,8,0.2963,0.519,복합성:3;지성:2;건성:1;약건성:1;트러블성:1,여름쿨톤:2;겨울쿨톤:1;봄웜톤:1;쿨톤:1,잡티:3;트러블:3;각질:2;블랙헤드:2;미백:1,low
prod_oy_a000000212912,비플레인,[100시간보습] 비플레인 시카테롤 캡슐 베리어 크림 50ml,cream,true,27,4.778,27,1.0000,2,0.0741,2,0.0741,6,0.2222,0.148,지성:3;건성:1;복합성:1;중성:1,가을웜톤:2;봄웜톤:2;웜톤:2,미백:4;잡티:3;트러블:3,low
prod_oy_a000000215009,비오템,아쿠아파워 어드밴스드 젤 PRO 기획/단품,lotion,true,27,4.963,27,1.0000,1,0.0370,4,0.1481,4,0.1481,1.741,복합성:2;건성:1;지성:1,웜톤:2;쿨톤:2,모공:2;잡티:2;붉은기:1;주름:1,low
prod_oy_a000000229456,셀라딕스,셀라딕스 트러블 쿨 카밍 131 토너 300ml,toner,true,27,4.556,27,1.0000,3,0.1111,2,0.0741,5,0.1852,52.333,복합성:3;건성:1;민감성:1,여름쿨톤:2;봄웜톤:1;웜톤:1;쿨톤:1,잡티:3;트러블:3;미백:2;각질:1,low
prod_oy_a000000163734,더마펌,[나띠PICK][증정프로모션/민감보습] 더마펌 모이스트 베리어 부스팅 토너 M4 200ml,toner,true,26,4.923,26,1.0000,0,0.0000,9,0.3462,4,0.1538,6.000,건성:2;민감성:1;복합성:1,여름쿨톤:2;봄웜톤:1;쿨톤:1,민감성:2;탄력:2;각질:1;미백:1;블랙헤드:1,low
prod_oy_a000000191027,눅스,[생기부스팅크림] 눅스 프로디쥬스 부스트 글로우 부스팅 크림 40ml,cream,true,26,4.846,26,1.0000,3,0.1154,2,0.0769,10,0.3846,2.192,복합성:7;건성:1;민감성:1,여름쿨톤:4;쿨톤:3;겨울쿨톤:1;봄웜톤:1;웜톤:1,미백:5;각질:3;모공:2;블랙헤드:2;잡티:2,low
prod_oy_a000000214797,바이오힐보,[고보습미스트] 바이오힐보 프로바이오덤 3D 리프팅 크림 에센스 100mL,serum,true,26,4.962,26,1.0000,4,0.1538,2,0.0769,7,0.2692,10.923,지성:3;건성:1;민감성:1;복합성:1;트러블성:1,겨울쿨톤:3;웜톤:2;여름쿨톤:1;쿨톤:1,잡티:3;미백:2;붉은기:2;주름:2;민감성:1,low
prod_oy_a000000229422,비긴스 바이 정샘물,[3일잡티샷세럼/흔적] 비긴스 바이 정샘물 나이아신아마이드10 흔적세럼 30ml,serum,true,26,4.231,26,1.0000,1,0.0385,7,0.2692,6,0.2308,13.192,복합성:3;트러블성:2;민감성:1,쿨톤:3;봄웜톤:1;여름쿨톤:1;웜톤:1,잡티:3;미백:2;블랙헤드:2;트러블:2;민감성:1,low
prod_oy_a000000244960,하루하루원더,하루하루원더 블랙라이스 프로바이오틱스 베리어 에센스 120ml,serum,true,26,4.962,26,1.0000,0,0.0000,7,0.2692,12,0.4615,3.308,복합성:6;건성:2;민감성:2;지성:1;트러블성:1,웜톤:5;봄웜톤:2;여름쿨톤:2;쿨톤:2;겨울쿨톤:1,잡티:6;미백:5;주름:5;트러블:3;각질:1,low
prod_oy_a000000144803,아크웰,아크웰 리얼 아쿠아 밸런싱 로션 140ml,lotion,true,25,4.960,25,1.0000,4,0.1600,4,0.1600,4,0.1600,0.320,복합성:2;민감성:1;지성:1,웜톤:2;쿨톤:1,트러블:2;각질:1;미백:1;잡티:1;주름:1,low
prod_oy_a000000208911,바이오던스,바이오던스 하이드로 세라놀 앰플 30ml,serum,true,25,4.800,25,1.0000,0,0.0000,2,0.0800,5,0.2000,1.080,건성:3;민감성:2,봄웜톤:2;가을웜톤:1;겨울쿨톤:1,미백:3;각질:2;민감성:1;잡티:1;주름:1,low
prod_oy_a000000219334,SVR,[애프터 시카 밤]SVR 센시파인 뉴트리밤 40ml,cream,true,25,4.840,25,1.0000,5,0.2000,3,0.1200,9,0.3600,0.440,지성:4;복합성:3;건성:1;민감성:1,여름쿨톤:3;가을웜톤:2;겨울쿨톤:1;봄웜톤:1;웜톤:1,트러블:7;블랙헤드:5;각질:3;미백:2;잡티:1,low
prod_oy_a000000222939,웰라쥬,[모공결토너] 웰라쥬 하이퍼 펩타이드 스킨부스터 토너 200ml,toner,true,25,4.960,25,1.0000,1,0.0400,7,0.2800,9,0.3600,2.800,복합성:8;민감성:1,여름쿨톤:2;쿨톤:2;겨울쿨톤:1;봄웜톤:1;웜톤:1,미백:3;잡티:3;각질:2;붉은기:2;블랙헤드:2,low
prod_oy_a000000228260,더마팩토리,더마팩토리 NMN 1% 리뉴잉 세럼 30ml,serum,true,25,4.760,25,1.0000,1,0.0400,5,0.2000,7,0.2800,3.280,복합성:5;지성:2,웜톤:3;쿨톤:2;겨울쿨톤:1;여름쿨톤:1,잡티:6;미백:5;각질:2,low
prod_oy_a000000230934,넘버즈인,넘버즈인 2번 로즈 PDRN 콜라겐 플럼핑 세럼 투엑스 30ml,serum,true,25,4.720,25,1.0000,2,0.0800,3,0.1200,12,0.4800,3.320,복합성:9;건성:1;지성:1;트러블성:1,가을웜톤:4;여름쿨톤:3;겨울쿨톤:2;웜톤:2;쿨톤:1,미백:6;잡티:4;트러블:3;모공:2;블랙헤드:2,low
prod_oy_a000000236828,파파레서피,파파레서피 블레미쉬 크림 100ml,cream,true,25,4.800,25,1.0000,1,0.0400,5,0.2000,8,0.3200,0.880,복합성:3;건성:2;민감성:1;지성:1;트러블성:1,웜톤:3;가을웜톤:1;겨울쿨톤:1;봄웜톤:1;여름쿨톤:1,잡티:6;미백:3;각질:2;주름:2;모공:1,low
prod_oy_a000000115502,달팡,달팡 하이드라스킨 라이트 크림 50ml,cream,true,24,4.917,24,1.0000,3,0.1250,6,0.2500,3,0.1250,2.333,복합성:2,가을웜톤:1;쿨톤:1,트러블:2;미백:1;민감성:1;블랙헤드:1;주름:1,low
prod_oy_a000000144122,애즈이즈투비,[수분보습] 애즈이즈투비 히아루로닉 에센셜 토너 200ml,toner,true,24,4.792,24,1.0000,5,0.2083,2,0.0833,11,0.4583,0.500,건성:5;민감성:2;복합성:2;지성:2,쿨톤:4;웜톤:3;여름쿨톤:2;봄웜톤:1,잡티:5;미백:4;모공:3;블랙헤드:3;트러블:2,low
prod_oy_a000000165364,AHC,AHC 허브솔루션 로즈 토너 500ml,toner,true,24,4.625,24,1.0000,3,0.1250,8,0.3333,6,0.2500,1.958,복합성:4;건성:1;민감성:1,가을웜톤:2;봄웜톤:2;겨울쿨톤:1;여름쿨톤:1,미백:4;주름:2;각질:1;민감성:1;블랙헤드:1,low
prod_oy_a000000169999,달팡,달팡 인트랄 데일리 미셀러 토너 200ml,toner,true,24,4.917,24,1.0000,2,0.0833,3,0.1250,12,0.5000,2.417,복합성:7;건성:3;민감성:2,쿨톤:5;가을웜톤:3;여름쿨톤:2;웜톤:2,미백:4;민감성:4;블랙헤드:4;각질:3;트러블:3,low
prod_oy_a000000172042,울트라브이,울트라브이 이데베논 크림 50ml,cream,true,24,5.000,24,1.0000,21,0.8750,1,0.0417,0,0.0000,0.042,,,,low
prod_oy_a000000172207,수페,수페 버치 리치 오리진 크림 50ml,cream,true,24,4.958,24,1.0000,1,0.0417,8,0.3333,6,0.2500,1.042,건성:2;복합성:2;민감성:1;지성:1,봄웜톤:2;여름쿨톤:2;쿨톤:1,잡티:4;민감성:2;주름:2;각질:1;미백:1,low
prod_oy_a000000174406,피부미,피부미 센텔루션 시카 크림 3X 100ml [지복합성],cream,true,24,4.583,24,1.0000,1,0.0417,0,0.0000,9,0.3750,0.708,복합성:7;지성:1;트러블성:1,쿨톤:4;겨울쿨톤:2;봄웜톤:1;웜톤:1,잡티:6;미백:5;트러블:3;블랙헤드:1,low
prod_oy_a000000201153,차앤박,차앤박(CNP) 더마앤서 안티포어 액티브 필 AHA앰플 50ml,serum,true,24,4.792,24,1.0000,0,0.0000,0,0.0000,9,0.3750,0.375,복합성:5;민감성:2;건성:1;중성:1,가을웜톤:4;봄웜톤:3;여름쿨톤:1;쿨톤:1,잡티:7;주름:5;블랙헤드:2;각질:1;미백:1,low
prod_oy_a000000205037,피지오겔,피지오겔 DMT 스트레치 마크 튼살 크림 150ml,cream,true,24,4.958,24,1.0000,3,0.1250,2,0.0833,11,0.4583,2.708,복합성:7;건성:2;중성:1;지성:1,웜톤:4;쿨톤:3;겨울쿨톤:2;가을웜톤:1;봄웜톤:1,민감성:4;각질:2;블랙헤드:2;잡티:2;트러블:2,low
prod_oy_a000000213097,조선미녀,[모공/진정케어] 조선미녀 맑은쌀채운 토너 150ml,toner,true,24,4.833,24,1.0000,3,0.1250,2,0.0833,4,0.1667,1.417,지성:2;건성:1;트러블성:1,가을웜톤:2;웜톤:2,잡티:4;트러블:3;주름:1,low
prod_oy_a000000238500,아누아,아누아 복숭아 77 나이아신 컨디셔닝 밀크 150ml,lotion,true,24,4.792,24,1.0000,7,0.2917,3,0.1250,6,0.2500,3.917,건성:2;복합성:2;민감성:1;지성:1,겨울쿨톤:2;가을웜톤:1;봄웜톤:1;여름쿨톤:1,트러블:4;잡티:2;다크서클:1;모공:1;미백:1,low
prod_oy_a000000144036,폴라초이스,폴라초이스 리지스트 데일리 5% 아하 데일리 각질제거제 50ml,lotion,true,23,4.739,23,1.0000,5,0.2174,5,0.2174,8,0.3478,2.217,복합성:5;지성:2;건성:1,웜톤:6;쿨톤:2,미백:4;모공:3;잡티:3;각질:1;피지과다:1,low
prod_oy_a000000161626,디어클레어스,클레어스 리치 모이스트 수딩 크림 80g,cream,true,23,5.000,23,1.0000,1,0.0435,6,0.2609,12,0.5217,4.652,복합성:5;건성:3;지성:2;민감성:1;트러블성:1,봄웜톤:3;여름쿨톤:3;웜톤:2;가을웜톤:1;겨울쿨톤:1,잡티:8;주름:4;미백:3;트러블:3;모공:1,low
prod_oy_a000000174407,피부미,피부미 센텔루션 시카 크림 3X 100ml [건성],cream,true,23,4.739,23,1.0000,4,0.1739,10,0.4348,2,0.0870,1.261,건성:1;지성:1,봄웜톤:1;웜톤:1,미백:1;민감성:1;트러블:1,low
prod_oy_a000000204654,더후,더후 공진향 탄력 크림 50ml,cream,true,23,4.913,23,1.0000,0,0.0000,3,0.1304,13,0.5652,1.261,복합성:7;건성:3;민감성:2;약건성:1,웜톤:4;쿨톤:3;가을웜톤:2;여름쿨톤:2;겨울쿨톤:1,잡티:9;미백:6;민감성:2;모공:1;붉은기:1,low
prod_oy_a000000216924,아로셀,[7일체감/모공개선] 아로셀 보툴케어 모공 앰플 30ml,serum,true,23,4.826,23,1.0000,6,0.2609,8,0.3478,6,0.2609,2.304,건성:4;민감성:1;복합성:1,봄웜톤:4;여름쿨톤:2,각질:5;주름:4;민감성:1;잡티:1,low
prod_oy_a000000229502,아이뽀,아이뽀 엑스퍼트 모공 앰플 마스크 30ml,serum,true,23,4.957,23,1.0000,0,0.0000,5,0.2174,2,0.0870,7.261,복합성:2,쿨톤:2,각질:1;블랙헤드:1;주름:1;트러블:1,low
prod_oy_a000000237951,퓨리토 서울,퓨리토서울 원더 릴리프 센텔라 세럼 언센티드 60ml,serum,true,23,4.696,23,1.0000,0,0.0000,4,0.1739,5,0.2174,1.087,트러블성:3;건성:1;지성:1,가을웜톤:2;겨울쿨톤:1;봄웜톤:1;웜톤:1,트러블:4;잡티:3;미백:2,low
prod_oy_a000000238287,아렌시아,[화잘먹] 아렌시아 레드 스무디 로션 5 200ml 기획 (+80ml 미니어처),lotion,true,23,4.739,23,1.0000,0,0.0000,4,0.1739,5,0.2174,3.087,복합성:2;건성:1;민감성:1;지성:1,쿨톤:2;봄웜톤:1;여름쿨톤:1,잡티:3;미백:2;트러블:2;각질:1;민감성:1,low
prod_oy_a000000254006,쥬베룩,쥬베룩 PDLLA 프로텍팅 크림 50ml,cream,true,23,4.957,23,1.0000,0,0.0000,3,0.1304,10,0.4348,92.000,복합성:5;건성:3;지성:1;트러블성:1,가을웜톤:2;웜톤:2;쿨톤:2;겨울쿨톤:1;봄웜톤:1,잡티:4;미백:3;모공:2;민감성:2;블랙헤드:2,low
prod_oy_a000000011088,엠도씨,엠도씨 세붐 스트라이크 세럼 100ml,lotion,true,22,4.727,22,1.0000,2,0.0909,4,0.1818,3,0.1364,18.545,건성:2;지성:1,봄웜톤:1;웜톤:1,잡티:2;모공:1;미백:1;주름:1;트러블:1,low
prod_oy_a000000172209,수페,수페 버치 리치 오리진 에센스 150ml,serum,true,22,4.955,22,1.0000,8,0.3636,3,0.1364,9,0.4091,0.273,복합성:7;건성:1;민감성:1,쿨톤:5;가을웜톤:1;봄웜톤:1;여름쿨톤:1;웜톤:1,잡티:7;미백:6;민감성:3;각질:1;주름:1,low
prod_oy_a000000189953,피지오겔,피지오겔 사이언수티컬즈 데일리뮨 글로우 에센스 100ML,serum,true,22,4.864,22,1.0000,4,0.1818,2,0.0909,6,0.2727,0.636,복합성:4;건성:2,여름쿨톤:2;쿨톤:2;가을웜톤:1;웜톤:1,잡티:2;탄력:2;각질:1;모공:1;미백:1,low
prod_oy_a000000204751,브이앤에이뷰티,[뿌리는 광채 앰플] 브이앤에이뷰티 안티옥시던트 래디언스 미스트 100mL,serum,true,22,4.545,22,1.0000,2,0.0909,4,0.1818,8,0.3636,1.364,건성:4;복합성:4,쿨톤:3;봄웜톤:2;여름쿨톤:2;웜톤:1,잡티:4;트러블:4;민감성:2;주름:2;각질:1,low
prod_oy_a000000221942,닥터엘시아,[잡티미백] 닥터엘시아 비타민C 부스팅 세럼 30ml,serum,true,22,4.636,22,1.0000,5,0.2273,0,0.0000,4,0.1818,2.636,건성:3;민감성:1,웜톤:2;겨울쿨톤:1;쿨톤:1,트러블:3;각질:2;미백:1;잡티:1;탄력:1,low
prod_oy_a000000222733,에스테덤,[패키지 리뉴얼]에스테덤 인텐시브 프로-콜라겐+ 세럼 30ml,serum,true,22,4.727,22,1.0000,0,0.0000,4,0.1818,8,0.3636,2.455,복합성:4;건성:2;민감성:1;약건성:1,봄웜톤:2;여름쿨톤:2;웜톤:2;겨울쿨톤:1;쿨톤:1,잡티:6;모공:2;주름:2;트러블:2;미백:1,low
prod_oy_a000000222945,웰라쥬,[모공밴딩크림] 웰라쥬 하이퍼 펩타이드 밴디지 크림 50ml,cream,true,22,4.864,22,1.0000,0,0.0000,6,0.2727,10,0.4545,2.591,건성:5;복합성:4;약건성:1,웜톤:4;봄웜톤:1;여름쿨톤:1;쿨톤:1,미백:6;잡티:4;주름:4;각질:2;붉은기:1,low
prod_oy_a000000227239,넘버즈인,넘버즈인 2번 로즈 PDRN 콜라겐 플럼핑 세럼 소용량 듀오 10ml (마일드 1ml*5개+인텐시브 1ml*5개),serum,true,22,4.864,22,1.0000,0,0.0000,0,0.0000,11,0.5000,1.091,복합성:6;건성:2;지성:2;민감성:1,웜톤:4;여름쿨톤:3;봄웜톤:2;겨울쿨톤:1;쿨톤:1,잡티:7;트러블:5;미백:4;각질:2;모공:1,low
prod_oy_a000000232994,프랭클리,[탄력주름] 프랭클리 PDRN 바운스볼 광채세럼 30ml 앰플,serum,true,22,5.000,22,1.0000,5,0.2273,0,0.0000,3,0.1364,1.500,복합성:2;건성:1,쿨톤:2;여름쿨톤:1,모공:2;잡티:2;주름:1;탄력:1,low
prod_oy_a000000246144,유리아쥬,유리아쥬 제모스 C8+ 세라뜨 200ml 기획 (+제모스토너 50ml),cream,true,22,4.818,22,1.0000,1,0.0455,5,0.2273,6,0.2727,94.000,복합성:4;건성:1;민감성:1,여름쿨톤:5;겨울쿨톤:1,잡티:3;다크서클:2;트러블:2;민감성:1;블랙헤드:1,low
prod_oy_a000000249735,동국제약,[데일리기미톤업] 동국제약 멜라-셋 기미 토닝 크리미 에센스 100ml,serum,true,22,4.636,22,1.0000,1,0.0455,3,0.1364,6,0.2727,75.864,복합성:2;건성:1;민감성:1;지성:1;트러블성:1,여름쿨톤:2;쿨톤:2;가을웜톤:1;봄웜톤:1,잡티:4;미백:3;트러블:2;각질:1;블랙헤드:1,low
prod_oy_a000000257193,비욘드,[NEW] 비욘드 엔젤 아쿠아 이온 히알루10% 수분 진정 크림 100ml 1+1 기획,cream,true,22,4.909,22,1.0000,0,0.0000,13,0.5909,10,0.4545,351.091,복합성:8;건성:1;지성:1,웜톤:6;여름쿨톤:2;봄웜톤:1;쿨톤:1,주름:7;모공:3;미백:3;잡티:3;각질:2,low
prod_oy_a000000158305,잇츠스킨,잇츠스킨 파워 10 포뮬라 브이씨 이펙터 잡티케어 30ml *,serum,true,21,4.667,21,1.0000,3,0.1429,4,0.1905,4,0.1905,0.333,건성:2;복합성:1;약건성:1,봄웜톤:3;웜톤:1,미백:2;잡티:2;각질:1;모공:1;블랙헤드:1,low
prod_oy_a000000192218,SNP,SNP 골드 콜라겐 엑스퍼트 앰플 50ml,serum,true,21,4.810,21,1.0000,0,0.0000,3,0.1429,9,0.4286,1.571,지성:4;복합성:2;건성:1;약건성:1;트러블성:1,웜톤:4;겨울쿨톤:2;봄웜톤:1;여름쿨톤:1;쿨톤:1,잡티:5;미백:3;주름:3;트러블:3;블랙헤드:2,low
prod_oy_a000000197319,오가나셀,오가나셀 펩타이드 리커버리 크림 50ml,cream,true,21,4.762,21,1.0000,10,0.4762,0,0.0000,5,0.2381,0.143,건성:2;지성:2;복합성:1,봄웜톤:2;쿨톤:2;웜톤:1,블랙헤드:2;주름:2;트러블:2;민감성:1;잡티:1,low
prod_oy_a000000204882,AHC,AHC 콜라 쥬비네이션 리프트4 오버데이 나이트 트리트먼트밤 50ml,cream,true,21,5.000,21,1.0000,1,0.0476,3,0.1429,8,0.3810,1.095,민감성:4;건성:2;복합성:1;지성:1,웜톤:2;쿨톤:2;가을웜톤:1;봄웜톤:1;여름쿨톤:1,미백:4;잡티:4;각질:1;주름:1;트러블:1,low
prod_oy_a000000207006,파파레서피,파파레서피 블레미쉬 필링 토너 120ml,toner,true,21,4.714,21,1.0000,0,0.0000,5,0.2381,13,0.6190,2.048,지성:5;건성:4;트러블성:3;복합성:1,봄웜톤:3;웜톤:3;쿨톤:3;여름쿨톤:2;가을웜톤:1,잡티:6;각질:4;미백:4;트러블:4;주름:3,low
prod_oy_a000000221831,설화수,설화수 자음유액EX 125ml,lotion,true,21,4.857,21,1.0000,0,0.0000,2,0.0952,7,0.3333,2.667,건성:2;복합성:2;민감성:1;중성:1;지성:1,쿨톤:3;가을웜톤:1;겨울쿨톤:1;봄웜톤:1;여름쿨톤:1,미백:2;블랙헤드:2;잡티:2;주름:2;트러블:1,low
prod_oy_a000000224249,NDP,"[하리무PICK] NDP 엔디피 초저분자 히알루로닉 10,000PPM 세럼",serum,true,21,4.857,21,1.0000,3,0.1429,8,0.3810,6,0.2857,3.667,복합성:4;민감성:1;지성:1,쿨톤:4;웜톤:2,잡티:6;미백:2;모공:1;블랙헤드:1;주름:1,low
prod_oy_a000000228895,코스메쉐프,[이수향 PICK/대한민국 갈색병] 코스메쉐프 흑당고 진액 영양 주름앰플 30ml_흑당고앰플,serum,true,21,4.619,21,1.0000,0,0.0000,4,0.1905,3,0.1429,0.333,건성:2;민감성:1,쿨톤:2;웜톤:1,잡티:2;주름:2;트러블:1,low
prod_oy_a000000229350,닥터지,[스네일레티놀1%/리프팅] 닥터지 블랙스네일 레티놀 콜라겐 세럼 인텐스 30ml,serum,true,21,4.952,21,1.0000,1,0.0476,4,0.1905,5,0.2381,3.048,복합성:4;트러블성:1,여름쿨톤:2;쿨톤:2,주름:2;탄력:1;트러블:1,low
prod_oy_a000000235560,유리아쥬,[손상탄력크림] 유리아쥬 시카 데일리 리페어 콘센트레 탄력 크림 50ml,cream,true,21,4.762,21,1.0000,1,0.0476,3,0.1429,5,0.2381,2.571,건성:2;복합성:2;지성:1,가을웜톤:3;웜톤:2,잡티:4;미백:2;각질:1;모공:1;탄력:1,low
prod_oy_a000000246299,바이오힐보,[속광|광채크림] 바이오힐보 NAD 프리즈셀 글로우 부스트 크림 50ml,cream,true,21,4.619,21,1.0000,1,0.0476,3,0.1429,10,0.4762,66.095,복합성:4;지성:2;건성:1;민감성:1;중성:1,쿨톤:4;여름쿨톤:3;가을웜톤:1;봄웜톤:1,잡티:5;트러블:5;미백:4;민감성:2;블랙헤드:1,low
prod_oy_a000000246922,더랩바이블랑두,[장벽크림] 더랩바이블랑두 프리바이오틱세라 크림 50ml,cream,true,21,4.857,21,1.0000,3,0.1429,6,0.2857,5,0.2381,88.762,복합성:3;건성:2,여름쿨톤:2;웜톤:2;쿨톤:1,잡티:2;각질:1;모공:1;민감성:1;블랙헤드:1,low
prod_oy_a000000252696,아누아,[NEW/리뉴얼] 아누아 어성초 77 히알루론산 수분 진정 토너 350ml,toner,true,21,4.810,21,1.0000,0,0.0000,2,0.0952,5,0.2381,50.143,복합성:2;지성:2;건성:1,여름쿨톤:3;웜톤:1,각질:3;미백:2;잡티:2;주름:2;트러블:1,low
prod_oy_a000000253103,브링그린,[NEW] 브링그린 블루빈 B5-PDRN 마일드 버블세럼 110mL(+실리콘 브러시),serum,true,21,4.714,21,1.0000,0,0.0000,1,0.0476,5,0.2381,31.000,복합성:2;지성:2;건성:1,쿨톤:2;겨울쿨톤:1;봄웜톤:1,잡티:3;블랙헤드:2;트러블:2;각질:1;붉은기:1,low
prod_oy_a000000259199,유리아쥬,[7월 올영픽] 유리아쥬 시카 데일리 리페어 콘센트레 탄력 크림 50ml 한정기획 (+탄력 크림 15ml),cream,true,21,4.762,21,1.0000,1,0.0476,3,0.1429,5,0.2381,2.571,건성:2;복합성:2;지성:1,가을웜톤:3;웜톤:2,잡티:4;미백:2;각질:1;모공:1;탄력:1,low
prod_oy_a000000113010,셀린저,셀린저 리얼 토너 티트리 200ml,toner,true,20,4.450,20,1.0000,1,0.0500,4,0.2000,3,0.1500,1.800,건성:2;복합성:1,여름쿨톤:1;쿨톤:1,미백:2;잡티:2;주름:2,low
prod_oy_a000000113011,셀린저,셀린저 리얼 토너 센텔라아시아티카 200ml,toner,true,20,4.700,20,1.0000,2,0.1000,3,0.1500,8,0.4000,1.500,복합성:3;민감성:2;지성:2;건성:1,웜톤:3;쿨톤:2;가을웜톤:1;겨울쿨톤:1,잡티:6;트러블:4;미백:2;각질:1;민감성:1,low
prod_oy_a000000116004,시카고,[끝장크림] 시카고 시카 피니쉬 크림 50ml,cream,true,20,4.500,20,1.0000,4,0.2000,4,0.2000,8,0.4000,2.200,복합성:6;건성:1;민감성:1,웜톤:3;쿨톤:3;봄웜톤:1;여름쿨톤:1,가려움:3;각질:3;미백:3;잡티:3;트러블:1,low
prod_oy_a000000170025,피캄,[대용량 속건조크림] 피캄 카토 크림 80ml,cream,true,20,4.800,20,1.0000,6,0.3000,7,0.3500,5,0.2500,1.950,지성:3;건성:1;민감성:1,웜톤:2;가을웜톤:1;쿨톤:1,잡티:4;미백:2;피지과다:2;각질:1;민감성:1,low
prod_oy_a000000191827,디마르3,디마르3 시그니처 비트 로제 토너 150ml,toner,true,20,4.700,20,1.0000,4,0.2000,10,0.5000,8,0.4000,2.450,건성:3;민감성:2;복합성:2;지성:1,웜톤:3;겨울쿨톤:2;가을웜톤:1;봄웜톤:1;쿨톤:1,미백:4;잡티:3;민감성:2;붉은기:2;블랙헤드:2,low
prod_oy_a000000200182,닥터하우쉬카,닥터하우쉬카 모공 탄력 세럼 50ml,serum,true,20,4.800,20,1.0000,1,0.0500,5,0.2500,8,0.4000,3.450,복합성:3;지성:3;민감성:1;중성:1,웜톤:3;쿨톤:2;가을웜톤:1;겨울쿨톤:1;봄웜톤:1,각질:2;모공:2;블랙헤드:2;탄력:2;미백:1,low
prod_oy_a000000207028,제나벨,제나벨 PDRN 비타 토닝 앰플 30ml,serum,true,20,4.550,20,1.0000,3,0.1500,3,0.1500,2,0.1000,1.150,건성:1;복합성:1,겨울쿨톤:1;봄웜톤:1,잡티:2;각질:1,low
prod_oy_a000000213152,이지듀,이지듀 스킨부스터 엠티에스 앰플 3.5ml,serum,true,20,4.300,20,1.0000,1,0.0500,2,0.1000,11,0.5500,3.950,복합성:6;지성:3;건성:1;민감성:1,웜톤:7;쿨톤:4,미백:8;잡티:7;주름:2;민감성:1;블랙헤드:1,low
prod_oy_a000000225849,아떼,[1+1 트러블앰플/피지케어] 아떼 아크네솔 프로그래밍 앰플 듀오 기획,serum,true,20,4.250,20,1.0000,8,0.4000,1,0.0500,5,0.2500,2.200,건성:1;민감성:1;지성:1;트러블성:1,여름쿨톤:2;봄웜톤:1,미백:1;민감성:1;블랙헤드:1;잡티:1;주름:1,low
prod_oy_a000000226474,브이앤에이뷰티,[리뉴얼] 브이앤에이뷰티 안티옥시던트 에센스 토너 120ml,toner,true,20,5.000,20,1.0000,0,0.0000,0,0.0000,8,0.4000,0.200,건성:3;복합성:3;민감성:1;트러블성:1,웜톤:2;쿨톤:2;가을웜톤:1;겨울쿨톤:1;봄웜톤:1,미백:4;잡티:4;각질:2;모공:1;트러블:1,low
prod_oy_a000000228253,더마팩토리,더마팩토리 EGF 앰플 30ml,serum,true,20,4.950,20,1.0000,0,0.0000,5,0.2500,12,0.6000,3.300,민감성:4;복합성:3;건성:2;약건성:1;지성:1,여름쿨톤:4;쿨톤:4;가을웜톤:1;겨울쿨톤:1;봄웜톤:1,잡티:4;트러블:4;각질:3;미백:3;탄력:3,low
prod_oy_a000000229225,유리아쥬,유리아쥬 이제악 뉴스킨 세럼 30ml,serum,true,20,4.650,20,1.0000,3,0.1500,0,0.0000,6,0.3000,24.400,지성:3;복합성:2;민감성:1,봄웜톤:3;여름쿨톤:1;웜톤:1,잡티:3;모공:2;트러블:2;민감성:1;탄력:1,low
prod_oy_a000000247097,닥터엘시아,[화잘먹버블세럼] 닥터엘시아 ABC 글로우 휩드 세럼 100ml,serum,true,20,4.550,20,1.0000,1,0.0500,3,0.1500,5,0.2500,20.450,복합성:3;민감성:2,여름쿨톤:3;가을웜톤:1;봄웜톤:1,블랙헤드:3;잡티:2;트러블:2;각질:1;미백:1,low
prod_oy_a000000144848,에스티로더,에스티 로더 어드밴스드 나이트 리페어 갈색병 세럼 7ml,serum,true,19,4.789,19,1.0000,1,0.0526,1,0.0526,5,0.2632,0.684,복합성:3;지성:2,여름쿨톤:2;봄웜톤:1;쿨톤:1,각질:2;잡티:2;트러블:2;모공:1;미백:1,low
prod_oy_a000000162054,라네즈,라네즈 워터뱅크 블루히알루로닉 에멀젼(중건성) 120ml,lotion,true,19,4.526,19,1.0000,0,0.0000,5,0.2632,8,0.4211,2.474,건성:3;민감성:2;약건성:1;트러블성:1,쿨톤:4;웜톤:2;봄웜톤:1;여름쿨톤:1,잡티:4;미백:3;주름:3;트러블:2;민감성:1,low
prod_oy_a000000191663,디오디너리,[진정] 디오디너리 수딩 앤 배리어 서포트 세럼 30ml,serum,true,19,4.632,19,1.0000,4,0.2105,2,0.1053,5,0.2632,2.158,복합성:2;건성:1;민감성:1;약건성:1,봄웜톤:3;웜톤:1;쿨톤:1,잡티:3;미백:2;가려움:1;각질:1;모공:1,low
prod_oy_a000000197661,닥터멜락신,닥터멜락신 비피 포어 앰플 30ml,serum,true,19,4.842,19,1.0000,3,0.1579,1,0.0526,6,0.3158,1.368,민감성:3;트러블성:2;복합성:1,여름쿨톤:2;쿨톤:2;가을웜톤:1;겨울쿨톤:1,트러블:3;미백:2;민감성:2;잡티:2;각질:1,low
prod_oy_a000000198832,테라로직,테라로직 피토세라 프로 안티옥시던트 10X 탄력앰플 50ml,serum,true,19,4.579,19,1.0000,2,0.1053,3,0.1579,7,0.3684,1.263,복합성:4;건성:1;민감성:1;지성:1,웜톤:3;여름쿨톤:2;겨울쿨톤:1;봄웜톤:1,잡티:4;주름:3;탄력:2;트러블:2;각질:1,low
prod_oy_a000000205871,이즈앤트리,이즈앤트리 하이퍼 비타민 C 30 크림 20ml,cream,true,19,4.474,19,1.0000,0,0.0000,3,0.1579,10,0.5263,1.211,복합성:5;지성:3;건성:1;트러블성:1,웜톤:4;여름쿨톤:3;가을웜톤:1;쿨톤:1,미백:6;잡티:5;트러블:3;각질:1;민감성:1,low
prod_oy_a000000208718,스콧해미쉬,스콧해미쉬 블루 블렌디드 토너 에센스 180ml,toner,true,19,5.000,19,1.0000,2,0.1053,2,0.1053,6,0.3158,0.842,복합성:4;건성:1;지성:1,여름쿨톤:2;웜톤:2;겨울쿨톤:1;쿨톤:1,각질:2;미백:2;주름:2;트러블:2;민감성:1,low
prod_oy_a000000214270,키엘,키엘 울트라 퓨어 세럼 나이아신아마이드 30ml 기획/단품,serum,true,19,4.474,19,1.0000,1,0.0526,4,0.2105,8,0.4211,24.895,복합성:2;중성:2;건성:1;민감성:1;지성:1,겨울쿨톤:3;쿨톤:3;가을웜톤:1;여름쿨톤:1,붉은기:4;민감성:2;블랙헤드:2;잡티:2;모공:1,low
prod_oy_a000000214636,앰플엔,앰플엔 히알루론샷 수분 크림 60ml,cream,true,19,4.895,19,1.0000,1,0.0526,7,0.3684,5,0.2632,4.211,건성:3;민감성:1;복합성:1,쿨톤:2;가을웜톤:1;겨울쿨톤:1;여름쿨톤:1,미백:2;블랙헤드:2;잡티:2;주름:2;민감성:1,low
prod_oy_a000000216925,아로셀,[30만콜라겐샷] 아로셀 슈퍼샷 콜트라 앰플 3X 30ml,serum,true,19,4.789,19,1.0000,2,0.1053,4,0.2105,7,0.3684,2.368,건성:6;트러블성:1,봄웜톤:5;웜톤:2,주름:4;각질:3;미백:3;잡티:3;트러블:1,low
prod_oy_a000000218897,허스텔러,[급속진정] 허스텔러 리틀 드롭스 카밍 데이즈 앰플 30ml,serum,true,19,4.842,19,1.0000,2,0.1053,3,0.1579,9,0.4737,2.105,건성:4;민감성:3;복합성:2,쿨톤:3;봄웜톤:2;여름쿨톤:2;웜톤:1,트러블:5;잡티:4;각질:2;미백:2;주름:2,low
prod_oy_a000000229965,플로디카,플로디카 리웨이크 모이스트 트리트먼트 150ml,toner,true,19,4.895,19,1.0000,0,0.0000,5,0.2632,13,0.6842,1.947,복합성:5;건성:2;민감성:2;지성:2;약건성:1,가을웜톤:4;여름쿨톤:3;웜톤:3;쿨톤:2;겨울쿨톤:1,모공:6;잡티:6;미백:5;주름:3;블랙헤드:2,low
prod_oy_a000000231453,주미소,[트러블진정]주미소 디판테놀 베리어 장벽세럼 70ml(+크림20ml),serum,true,19,4.632,19,1.0000,0,0.0000,1,0.0526,6,0.3158,30.053,복합성:4;건성:1;지성:1,봄웜톤:2;여름쿨톤:1;웜톤:1;쿨톤:1,각질:2;미백:2;잡티:2;트러블:2;민감성:1,low
prod_oy_a000000233020,VT,[광채부스팅] VT 피디알엔 토너 250ml,toner,true,19,4.579,19,1.0000,1,0.0526,5,0.2632,10,0.5263,8.158,복합성:8;지성:1;트러블성:1,쿨톤:4;가을웜톤:2;웜톤:2,잡티:4;민감성:3;모공:2;탄력:2;트러블:2,low
prod_oy_a000000246189,밀리밀리,[이준박사 공동개발] 밀리밀리 500달톤 프로틴 앰플 30ml,serum,true,19,4.895,19,1.0000,1,0.0526,8,0.4211,7,0.3684,12.789,민감성:3;건성:2;복합성:1;지성:1,웜톤:3;겨울쿨톤:2;봄웜톤:1;쿨톤:1,잡티:3;모공:2;미백:2;각질:1;블랙헤드:1,low
prod_oy_a000000115496,달팡,달팡 하이드라스킨 세럼 30ml,serum,true,18,4.944,18,1.0000,3,0.1667,3,0.1667,4,0.2222,0.167,건성:4,웜톤:3,모공:3;잡티:3,low
prod_oy_a000000128656,아임프롬,아임프롬 머그워트 크림 50g,cream,true,18,4.389,18,1.0000,4,0.2222,6,0.3333,3,0.1667,2.000,건성:1;복합성:1;지성:1,웜톤:2;쿨톤:1,민감성:2;각질:1;모공:1;잡티:1;피지과다:1,low
prod_oy_a000000162058,라네즈,라네즈 워터뱅크 블루히알루로닉 토너(중건성) 160ml,toner,true,18,4.778,18,1.0000,6,0.3333,0,0.0000,3,0.1667,0.111,민감성:2;복합성:1,여름쿨톤:2;웜톤:1,잡티:2;미백:1;블랙헤드:1;트러블:1,low
prod_oy_a000000170383,디에이브,디에이브 더마-테카 바이옴 세럼 50ml,serum,true,18,4.778,18,1.0000,0,0.0000,7,0.3889,9,0.5000,4.333,복합성:5;민감성:3;중성:1,쿨톤:6;가을웜톤:1;봄웜톤:1;웜톤:1,미백:6;잡티:4;민감성:2;블랙헤드:1;탄력:1,low
prod_oy_a000000170418,비오템,비오템 비오수르스 중복합성 토너 400ml,toner,true,18,5.000,18,1.0000,7,0.3889,1,0.0556,3,0.1667,0.222,지성:2;중성:1,웜톤:2;봄웜톤:1,미백:2;잡티:2;가려움:1;모공:1,low
prod_oy_a000000192520,로벡틴,[수분충전/세라마이드] 로벡틴 아쿠아 히알루로닉 수딩 크림 60ml,cream,true,18,4.500,18,1.0000,1,0.0556,7,0.3889,5,0.2778,0.944,건성:2;복합성:2;민감성:1,여름쿨톤:3;웜톤:1;쿨톤:1,잡티:3;트러블:2;각질:1;민감성:1;블랙헤드:1,low
prod_oy_a000000199411,라네즈,[리필/1등 속보습] 라네즈 크림스킨 170ml 리필,toner,true,18,4.944,18,1.0000,1,0.0556,0,0.0000,4,0.2222,0.278,건성:2;지성:1;트러블성:1,여름쿨톤:2;봄웜톤:1;웜톤:1,트러블:2;가려움:1;미백:1;잡티:1;탄력:1,low
prod_oy_a000000204880,AHC,AHC 콜라 쥬비네이션 리프트4 트리트먼트 에센스 130ml,serum,true,18,4.667,18,1.0000,3,0.1667,6,0.3333,1,0.0556,1.889,민감성:1,봄웜톤:1,미백:1;잡티:1,low
prod_oy_a000000204881,AHC,AHC 콜라 쥬비네이션 리프트4 트리트먼트 에멀젼 100ml,lotion,true,18,4.889,18,1.0000,1,0.0556,3,0.1667,5,0.2778,0.444,복합성:3;건성:1;트러블성:1,여름쿨톤:2;겨울쿨톤:1;웜톤:1;쿨톤:1,미백:3;다크서클:1;민감성:1;블랙헤드:1;잡티:1,low
prod_oy_a000000214179,키엘,키엘 울트라 훼이셜 토너 250ml,toner,true,18,4.944,18,1.0000,2,0.1111,4,0.2222,3,0.1667,1.611,복합성:2;민감성:1,쿨톤:2;봄웜톤:1,모공:1;미백:1;민감성:1;붉은기:1;잡티:1,low
prod_oy_a000000219286,디오디너리,[노화케어] 디오디너리 GF 15% 솔루션 30ml,serum,true,18,4.611,18,1.0000,2,0.1111,7,0.3889,5,0.2778,11.389,민감성:3;복합성:1;지성:1,여름쿨톤:2;겨울쿨톤:1;웜톤:1;쿨톤:1,민감성:2;트러블:2;미백:1;붉은기:1;블랙헤드:1,low
prod_oy_a000000229509,지피덤,[장벽탄력/화잘먹] 지피덤 셀트리온EGF 스킨베리어 크림에센스 밀키토너 150ml,toner,true,18,4.722,18,1.0000,2,0.1111,3,0.1667,7,0.3889,3.722,민감성:4;복합성:3,겨울쿨톤:3;웜톤:3,트러블:4;블랙헤드:2;각질:1;미백:1;붉은기:1,low
prod_oy_a000000236981,주미소,주미소 나이아신아마이드 10% 세럼 40ml,serum,true,18,4.833,18,1.0000,0,0.0000,1,0.0556,4,0.2222,1.611,복합성:3;지성:1,가을웜톤:2;웜톤:2,미백:3;잡티:3;각질:1;트러블:1,low
prod_oy_a000000237527,리쥬란,[3STEP 멜라닌 클리어] 리쥬란 힐러 트리플 래디언스 크림 50ml,cream,true,18,4.556,18,1.0000,0,0.0000,2,0.1111,6,0.3333,5.389,건성:2;복합성:2;민감성:1;지성:1,가을웜톤:2;겨울쿨톤:1;여름쿨톤:1;쿨톤:1,미백:2;잡티:2;트러블:2;모공:1;민감성:1,low
prod_oy_a000000249480,글로우,글로우 레몬 비타민 토너 300ml,toner,true,18,4.944,18,1.0000,0,0.0000,2,0.1111,9,0.5000,98.056,복합성:4;건성:3;약건성:1;지성:1,쿨톤:3;웜톤:2;가을웜톤:1;겨울쿨톤:1;봄웜톤:1,미백:6;잡티:6;주름:1;트러블:1;피지과다:1,low
prod_oy_a000000252600,바이오힐보,[화잘먹프렙] 바이오힐보 판테셀 리페어시카 수분 로션 100mL,lotion,true,18,4.944,18,1.0000,1,0.0556,1,0.0556,9,0.5000,25.056,건성:3;복합성:3;민감성:2;지성:1,여름쿨톤:3;쿨톤:3;가을웜톤:1;봄웜톤:1;웜톤:1,미백:4;각질:2;블랙헤드:2;잡티:2;주름:2,low
prod_oy_a000000158113,랩시리즈,랩시리즈 올-인-원 훼이스 트리트먼트 50ml,lotion,true,17,4.882,17,1.0000,2,0.1176,1,0.0588,4,0.2353,0.529,건성:2;복합성:1;중성:1,웜톤:3;쿨톤:1,미백:1;붉은기:1;잡티:1;주름:1;탄력:1,low
prod_oy_a000000165360,AHC,AHC 허브솔루션 알로에베라 토너 500ml,toner,true,17,4.529,17,1.0000,0,0.0000,7,0.4118,4,0.2353,26.882,건성:2;복합성:2,쿨톤:2;겨울쿨톤:1;웜톤:1,각질:2;블랙헤드:2;미백:1;민감성:1;잡티:1,low
prod_oy_a000000187241,빌리프,빌리프 슈퍼 드랍스 비타민C 워터트리트먼트 150ML,toner,true,17,4.941,17,1.0000,0,0.0000,4,0.2353,10,0.5882,3.176,복합성:7;건성:1;지성:1;트러블성:1,웜톤:3;가을웜톤:2;쿨톤:2;겨울쿨톤:1;여름쿨톤:1,미백:6;잡티:4;각질:2;모공:2;민감성:2,low
prod_oy_a000000197660,닥터멜락신,닥터멜락신 아쿠아 이온 플라즈마 수분 토너 200ml,toner,true,17,4.647,17,1.0000,2,0.1176,2,0.1176,12,0.7059,2.000,복합성:7;민감성:5,여름쿨톤:4;웜톤:4;겨울쿨톤:3;쿨톤:1,잡티:5;미백:3;주름:3;민감성:2;블랙헤드:2,low
prod_oy_a000000197679,닥터멜락신,닥터멜락신 비피 포어 베리어 크림 50g,cream,true,17,5.000,17,1.0000,0,0.0000,3,0.1765,9,0.5294,1.412,복합성:6;건성:2;지성:1,여름쿨톤:3;쿨톤:3;가을웜톤:1;봄웜톤:1;웜톤:1,미백:4;잡티:4;트러블:3;블랙헤드:2;주름:2,low
prod_oy_a000000212010,LBB,[기미잡티 크림]LBB 골드렐라 펩타이드 28 안티 멜라닌 마스크 크림 100ml,cream,true,17,5.000,17,1.0000,2,0.1176,6,0.3529,7,0.4118,2.235,민감성:3;복합성:2;건성:1;지성:1,쿨톤:4;웜톤:3,블랙헤드:4;잡티:3;민감성:2;주름:2;미백:1,low
prod_oy_a000000216459,마몽드,[모공부스터] 마몽드 포어 슈링커 바쿠치올 레티놀 토너 200ml,toner,true,17,4.765,17,1.0000,0,0.0000,0,0.0000,7,0.4118,7.059,복합성:4;건성:1;민감성:1;지성:1,웜톤:3;겨울쿨톤:1;봄웜톤:1;쿨톤:1,트러블:3;모공:2;잡티:2;각질:1;다크서클:1,low
prod_oy_a000000217777,닥터디퍼런트,닥터디퍼런트 스케일링 토너 (지성용) 300ml (AD),toner,true,17,4.941,17,1.0000,5,0.2941,1,0.0588,12,0.7059,13.706,민감성:5;지성:3;복합성:2;건성:1;트러블성:1,여름쿨톤:6;가을웜톤:1;웜톤:1;쿨톤:1,민감성:5;주름:5;잡티:4;트러블:4;미백:3,low
prod_oy_a000000219326,SVR,[극건조 피부 개선 보습 크림]SVR 토피알리즈 밤프로텍트+ 400ml,cream,true,17,4.588,17,1.0000,0,0.0000,3,0.1765,8,0.4706,13.765,지성:3;건성:2;민감성:2;복합성:1,가을웜톤:3;웜톤:3;봄웜톤:1;쿨톤:1,트러블:5;잡티:3;모공:2;가려움:1;붉은기:1,low
prod_oy_a000000228603,크리니크,[김고은PICK] 크리니크 쏙수분광채세럼 30ml,serum,true,17,4.941,17,1.0000,2,0.1176,6,0.3529,2,0.1176,4.529,복합성:2,겨울쿨톤:1;봄웜톤:1,잡티:2;미백:1;블랙헤드:1,low
prod_oy_a000000248983,rdrd,[NEW] rdrd 그린 애플 락토 리밸런싱 팝핑 토너 95g,toner,true,17,4.588,17,1.0000,0,0.0000,1,0.0588,7,0.4118,8.706,지성:3;민감성:2;복합성:2,웜톤:3;봄웜톤:2;가을웜톤:1;여름쿨톤:1,잡티:4;트러블:4;모공:2;블랙헤드:2;민감성:1,low
prod_oy_a000000255167,구달,[텔레토비 콜라보][쿨링/트러블] 구달 어성초 징크 히알루론 레드 수딩 세럼 30ml 더블 기획 (+왕 스티커 3매),serum,true,17,4.765,17,1.0000,0,0.0000,0,0.0000,6,0.3529,54.941,복합성:2;지성:2;건성:1;민감성:1,봄웜톤:2;여름쿨톤:2;가을웜톤:1,잡티:4;각질:3;미백:3;민감성:2,low
prod_oy_a000000130838,크리니크,크리니크 모이스춰 써지 아이 96-아워 하이드로 컨센트레이트 15ml,cream,true,16,4.500,16,1.0000,2,0.1250,0,0.0000,3,0.1875,0.313,건성:2,쿨톤:2;웜톤:1,미백:1;블랙헤드:1;잡티:1;주름:1,low
prod_oy_a000000144810,아크웰,[수분레이어링] 아크웰 리얼 아쿠아 밸런싱 앰플 35ml,serum,true,16,5.000,16,1.0000,5,0.3125,3,0.1875,3,0.1875,2.688,지성:2;건성:1,웜톤:1;쿨톤:1,미백:2;잡티:2;민감성:1;주름:1,low
prod_oy_a000000152786,엠브리올리스,엠브리올리스 하이드라 세럼 30ml,serum,true,16,4.750,16,1.0000,1,0.0625,6,0.3750,1,0.0625,1.875,복합성:1,겨울쿨톤:1,잡티:1;주름:1,low
prod_oy_a000000162615,마리엔메이,[장벽강화] 마리엔메이 비타민C+비피다 로션 120ml,lotion,true,16,4.625,16,1.0000,1,0.0625,3,0.1875,9,0.5625,1.938,지성:3;복합성:2;트러블성:2;건성:1;민감성:1,가을웜톤:2;웜톤:2;쿨톤:2;겨울쿨톤:1,미백:3;민감성:3;트러블:3;각질:2;주름:2,low
prod_oy_a000000174709,일소,[수분급속충전] 일소 데일리 모이스처 소프트닝 로션 150ml,lotion,true,16,4.563,16,1.0000,1,0.0625,3,0.1875,5,0.3125,0.625,건성:2;복합성:2;민감성:1,여름쿨톤:2;가을웜톤:1;봄웜톤:1,각질:2;미백:2;잡티:2;주름:2;트러블:2,low
prod_oy_a000000189589,헤라,헤라 하이드로 리플렉팅 플루이드 140ml,lotion,true,16,4.938,16,1.0000,2,0.1250,0,0.0000,1,0.0625,5.000,민감성:1,쿨톤:1,민감성:1;주름:1,low
prod_oy_a000000189956,피캄,[박지현 PICK/7일 모공개선] 피캄 레티놀라겐 앰플 30ml,serum,true,16,4.875,16,1.0000,0,0.0000,5,0.3125,6,0.3750,2.625,복합성:2;지성:2;트러블성:2,봄웜톤:2;웜톤:2;가을웜톤:1;겨울쿨톤:1,트러블:4;블랙헤드:2;잡티:2;모공:1;미백:1,low
prod_oy_a000000213383,더마라인,더마라인 디렉소 바이오 액티빙 PDRN 크림 100g,cream,true,16,5.000,16,1.0000,2,0.1250,2,0.1250,1,0.0625,7.250,건성:1,웜톤:1,각질:1;잡티:1,low
prod_oy_a000000214258,키엘,키엘 속탄력 투명 에센스 30ml,serum,true,16,5.000,16,1.0000,0,0.0000,2,0.1250,4,0.2500,3.000,민감성:3;트러블성:1,가을웜톤:2;봄웜톤:1;여름쿨톤:1,잡티:2;트러블:2;각질:1;모공:1;민감성:1,low
prod_oy_a000000218716,눅스,[저자극 로즈 토너+미니오일증정]눅스 베리로즈 리프레쉬 토너 200ml 기획,toner,true,16,4.438,16,1.0000,1,0.0625,3,0.1875,6,0.3750,7.875,지성:3;복합성:2;트러블성:1,웜톤:3;여름쿨톤:2;가을웜톤:1,미백:4;트러블:4;잡티:3;각질:1,low
prod_oy_a000000219985,몰바니,몰바니 율피 엑소좀 모공 타이트닝 토너 150ml,toner,true,16,4.500,16,1.0000,0,0.0000,5,0.3125,8,0.5000,3.688,복합성:6;건성:2,봄웜톤:3;웜톤:2;쿨톤:2;겨울쿨톤:1,잡티:7;미백:5;모공:1;블랙헤드:1;주름:1,low
prod_oy_a000000231459,허블룸,[NEW/뿌리는토너미스트] 허블룸 콤부차 플랜트 바이옴 토너 150ml,toner,true,16,4.938,16,1.0000,1,0.0625,3,0.1875,9,0.5625,98.500,복합성:3;민감성:2;건성:1;약건성:1;지성:1,웜톤:3;가을웜톤:2;봄웜톤:2;여름쿨톤:1;쿨톤:1,트러블:7;잡티:4;민감성:2;주름:2;각질:1,low
prod_oy_a000000231970,라운드랩,[집중진정] 라운드랩 소나무 진정 시카 앰플 30ml 리필팩,serum,true,16,4.938,16,1.0000,3,0.1875,1,0.0625,7,0.4375,59.250,복합성:4;건성:2;지성:1,여름쿨톤:4;가을웜톤:1;봄웜톤:1;웜톤:1,미백:5;잡티:4;트러블:2;각질:1;주름:1,low
prod_oy_a000000241336,피캄,[60개 블루캡슐/수분볼륨 입체광] 피캄 PDRN 카페인 블루캡슐 60 크림 50ml,cream,true,16,4.625,16,1.0000,1,0.0625,6,0.3750,6,0.3750,12.313,복합성:3;건성:2;지성:1,웜톤:2;쿨톤:2;겨울쿨톤:1;여름쿨톤:1,각질:3;잡티:3;트러블:2;미백:1;주름:1,low
prod_oy_a000000242945,메디힐,[NEW] 메디힐 PDRN 모공 탄력 더마 크림 50ml,cream,true,16,4.938,16,1.0000,0,0.0000,2,0.1250,3,0.1875,636.250,복합성:2;민감성:1,쿨톤:2;여름쿨톤:1,트러블:2;모공:1;블랙헤드:1;잡티:1;주름:1,low
prod_oy_a000000244813,디마프,[원조버블세럼] 디마프 히어로 마이 퍼스트 세럼 50ml,serum,true,16,4.813,16,1.0000,0,0.0000,3,0.1875,7,0.4375,3.563,건성:2;복합성:2;민감성:1;중성:1;지성:1,쿨톤:3;웜톤:2;겨울쿨톤:1;봄웜톤:1,트러블:3;미백:2;민감성:2;주름:2;가려움:1,low
prod_oy_a000000247201,아벤느,아벤느 시칼파트 플러스 리페어 젤 30ml,serum,true,16,4.563,16,1.0000,0,0.0000,1,0.0625,3,0.1875,4.063,건성:1;민감성:1;지성:1,겨울쿨톤:1;여름쿨톤:1;웜톤:1,트러블:3;모공:1;잡티:1;탄력:1,low
prod_oy_a000000252249,구달,[기미/흔적/색소침착] 구달 청귤 비타C E TXA 세럼 15ml,serum,true,16,4.875,16,1.0000,0,0.0000,2,0.1250,5,0.3125,126.313,복합성:2;건성:1;지성:1,여름쿨톤:3;가을웜톤:1,미백:3;잡티:2;모공:1;주름:1;탄력:1,low
prod_oy_a000000165366,AHC,AHC 허브솔루션 레몬 토너 500ml,toner,true,15,4.800,15,1.0000,0,0.0000,8,0.5333,4,0.2667,4.533,복합성:3;민감성:1,겨울쿨톤:1;봄웜톤:1;여름쿨톤:1;웜톤:1,블랙헤드:2;잡티:2;미백:1;민감성:1,low
prod_oy_a000000171755,닥터하스킨,[수분충전/저자극] 닥터하스킨 미라클아토 하이드로 토너 150ml,toner,true,15,4.667,15,1.0000,4,0.2667,3,0.2000,4,0.2667,4.600,복합성:2;민감성:1;지성:1,봄웜톤:2;여름쿨톤:2,잡티:4;주름:2;블랙헤드:1;트러블:1,low
prod_oy_a000000184919,시모먼트,시모먼트 아이 리프팅 롤러 세럼 15ml,cream,true,15,4.467,15,1.0000,0,0.0000,2,0.1333,9,0.6000,1.933,복합성:4;민감성:2;건성:1;약건성:1;지성:1,봄웜톤:2;여름쿨톤:2;쿨톤:2;가을웜톤:1;겨울쿨톤:1,미백:7;잡티:6;트러블:2;각질:1;블랙헤드:1,low
prod_oy_a000000188598,조선미녀,조선미녀 붉은 팥 수분 워터 젤 100ml,toner,true,15,4.933,15,1.0000,4,0.2667,4,0.2667,7,0.4667,4.867,복합성:5;지성:2,여름쿨톤:3;봄웜톤:2;쿨톤:2,미백:4;각질:3;트러블:3;블랙헤드:2;잡티:1,low
prod_oy_a000000191823,디마르3,[잡티케어] 디마르3 에트셀 멜라케어 크렘 65ml,cream,true,15,4.800,15,1.0000,2,0.1333,6,0.4000,4,0.2667,2.800,건성:2;복합성:2,가을웜톤:1;봄웜톤:1;여름쿨톤:1;쿨톤:1,잡티:3;모공:2;주름:2;미백:1,low
prod_oy_a000000207031,제나벨,제나벨 PDRN 리쥬비네이팅 토너 300ml,toner,true,15,4.800,15,1.0000,0,0.0000,3,0.2000,6,0.4000,0.600,복합성:5;건성:1,봄웜톤:2;웜톤:2;가을웜톤:1;쿨톤:1,잡티:5;각질:1;모공:1;미백:1;붉은기:1,low
prod_oy_a000000229511,지피덤,[장벽탄력/PDRN] 지피덤 셀트리온EGF 스킨베리어 하이드로 수분앰플 30ml,serum,true,15,4.467,15,1.0000,2,0.1333,1,0.0667,3,0.2000,1.267,지성:2;건성:1,쿨톤:2;웜톤:1,민감성:2;트러블:2;미백:1;잡티:1,low
prod_oy_a000000236325,러븀,러븀 그린 시트러스 비타민 씨 젤 크림 플러스 50ml,cream,true,15,4.600,15,1.0000,1,0.0667,6,0.4000,7,0.4667,20.933,복합성:3;건성:2;중성:1;트러블성:1,가을웜톤:3;봄웜톤:2;겨울쿨톤:1;웜톤:1,미백:5;잡티:2;트러블:2;다크서클:1;블랙헤드:1,low
prod_oy_a000000249381,메디큐브,[리뉴얼/여배우광크림]메디큐브 PDRN 핑크 콜라겐 캡슐크림 55g,cream,true,15,4.933,15,1.0000,2,0.1333,2,0.1333,2,0.1333,21.467,복합성:2,웜톤:2,미백:2;잡티:2,low
prod_oy_a000000257237,디마프,[꿀광앰플] 디마프 판테놀 30% 앰플 60ml,serum,true,15,5.000,15,1.0000,1,0.0667,2,0.1333,8,0.5333,1.867,복합성:4;민감성:2;건성:1;지성:1,겨울쿨톤:3;가을웜톤:1;봄웜톤:1;여름쿨톤:1;웜톤:1,잡티:6;트러블:3;미백:2;주름:2;각질:1,low
prod_oy_a000000257698,달바,[26년 신형] 달바 비타 캡슐 세럼 나이아신아마이드 5퍼센트 100ml 기획,serum,true,15,4.867,15,1.0000,0,0.0000,2,0.1333,4,0.2667,41.467,복합성:3;건성:1,쿨톤:3;웜톤:1,모공:2;주름:2;각질:1;탄력:1,low
prod_oy_a000000113009,셀린저,셀린저 리얼 토너 카렌듈라 200ml,toner,true,14,4.500,14,1.0000,2,0.1429,1,0.0714,1,0.0714,1.429,복합성:1,봄웜톤:1,잡티:1;트러블:1,low
prod_oy_a000000178648,크리니크,크리니크 모이스춰 써지 하이드로 인퓨즈드 로션 200ml,toner,true,14,4.857,14,1.0000,1,0.0714,3,0.2143,2,0.1429,0.286,민감성:1;복합성:1,봄웜톤:1;쿨톤:1,잡티:2;다크서클:1;미백:1,low
prod_oy_a000000198834,테라로직,테라로직 마데셀 더마 리페어 B5 토너 280ml,toner,true,14,4.286,14,1.0000,4,0.2857,9,0.6429,2,0.1429,4.857,민감성:1;지성:1,봄웜톤:1,주름:2;잡티:1;트러블:1,low
prod_oy_a000000201152,차앤박,차앤박(CNP) 더마앤서 텐션 앵글핏 레티놀앰플 30ml,serum,true,14,4.929,14,1.0000,0,0.0000,0,0.0000,8,0.5714,0.429,복합성:4;건성:3;민감성:1,가을웜톤:4;여름쿨톤:2;봄웜톤:1;쿨톤:1,잡티:5;주름:5;민감성:2;트러블:2;모공:1,low
prod_oy_a000000208721,스콧해미쉬,스콧해미쉬 블루 블렌디드 로션 에센스 180ml,lotion,true,14,5.000,14,1.0000,0,0.0000,2,0.1429,4,0.2857,0.857,복합성:3;건성:1,웜톤:2;겨울쿨톤:1;쿨톤:1,각질:2;주름:2;트러블:2;민감성:1,low
prod_oy_a000000210054,아누아,아누아 복숭아 나이아신아마이드 인리치드 크림 50mL,cream,true,14,5.000,14,1.0000,0,0.0000,2,0.1429,3,0.2143,3.000,복합성:2;지성:1,봄웜톤:2;가을웜톤:1,잡티:2;각질:1;다크서클:1;블랙헤드:1;트러블:1,low
prod_oy_a000000213283,오드로이,오드로이 레티놀 0.03퍼센트 피어니 앰플 필리디 50ml,serum,true,14,4.071,14,1.0000,1,0.0714,2,0.1429,4,0.2857,0.357,복합성:2;건성:1;트러블성:1,가을웜톤:2;봄웜톤:1;웜톤:1,미백:3;각질:2;잡티:2;트러블:1,low
prod_oy_a000000213953,연작,연작 카밍 앤 컴포팅 크림 60ml,cream,true,14,4.143,14,1.0000,5,0.3571,3,0.2143,3,0.2143,7.286,민감성:2;지성:1,여름쿨톤:2;가을웜톤:1,잡티:3;미백:2;각질:1,low
prod_oy_a000000224729,메이크프렘,메이크프렘 인테카 수딩크림 70ml,cream,true,14,4.571,14,1.0000,0,0.0000,1,0.0714,5,0.3571,5.714,복합성:2;건성:1;민감성:1;지성:1,가을웜톤:2;봄웜톤:2;겨울쿨톤:1,트러블:4;블랙헤드:2;모공:1;잡티:1,low
prod_oy_a000000227984,유리아쥬,[피지/모공케어 로션] 유리아쥬 이제악 3-레귤+ 40ML,serum,true,14,4.857,14,1.0000,1,0.0714,1,0.0714,4,0.2857,2.929,복합성:2;지성:1;트러블성:1,봄웜톤:1;여름쿨톤:1;웜톤:1,잡티:2;각질:1;다크서클:1;트러블:1,low
prod_oy_a000000229455,셀라딕스,셀라딕스 트러블 세라 캡슐 131 크림 95ml,cream,true,14,4.500,14,1.0000,3,0.2143,1,0.0714,4,0.2857,3.214,건성:2;민감성:1;복합성:1,여름쿨톤:2;봄웜톤:1;쿨톤:1,각질:3;잡티:3;미백:1;트러블:1,low
prod_oy_a000000244286,아이디플라코스메틱,[붉은기진정] 아이디플라코스메틱 엑소브이 부스터 앰플 30ml,serum,true,14,4.929,14,1.0000,0,0.0000,0,0.0000,8,0.5714,30.214,건성:4;민감성:2;복합성:2,봄웜톤:2;웜톤:2;쿨톤:2;겨울쿨톤:1;여름쿨톤:1,미백:5;잡티:5;모공:1;블랙헤드:1;주름:1,low
prod_oy_a000000252119,코스노리,[NEW/장벽앰플] 코스노리 판테놀 베리어 앰플 10 50ml,serum,true,14,5.000,14,1.0000,0,0.0000,0,0.0000,4,0.2857,47.714,건성:3;복합성:1,봄웜톤:2;겨울쿨톤:1;여름쿨톤:1,미백:2;각질:1;붉은기:1;잡티:1;주름:1,low
prod_oy_a000000176058,체이싱래빗,체이싱래빗 그린 골든 룰러 크림 100ml (피부장벽 진정크림),cream,true,13,4.846,13,1.0000,1,0.0769,1,0.0769,3,0.2308,0.385,복합성:1,여름쿨톤:3,잡티:1;트러블:1,low
prod_oy_a000000189586,헤라,헤라 하이드로 리플렉팅 토너 170ml,toner,true,13,4.923,13,1.0000,2,0.1538,1,0.0769,4,0.3077,1.385,건성:2;복합성:2,봄웜톤:1;웜톤:1;쿨톤:1,미백:2;각질:1;모공:1;블랙헤드:1;주름:1,low
prod_oy_a000000209640,티엘스,[4가지 일상 잡티 케어] 티엘스 레드 오렌지 나이아신아마이드 세럼 30ml,serum,true,13,4.692,13,1.0000,0,0.0000,2,0.1538,3,0.2308,0.154,건성:1;복합성:1;지성:1,쿨톤:3,잡티:3;모공:1;미백:1;주름:1,low
prod_oy_a000000213324,더마펌,[나띠PICK][증정이벤트/진정세럼] 더마펌 수딩 리페어 세럼 R4 50ml 기획 (+크림 50ml),serum,true,13,4.538,13,1.0000,0,0.0000,3,0.2308,3,0.2308,0.769,민감성:1;복합성:1;지성:1,여름쿨톤:1,트러블:3;블랙헤드:2;각질:1,low
prod_oy_a000000213693,아렌시아,[다이아 광채] 아렌시아 라이스 뮤신 글로우 세럼 30ml,serum,true,13,5.000,13,1.0000,4,0.3077,7,0.5385,5,0.3846,3.462,복합성:3;지성:2,여름쿨톤:2;웜톤:2,잡티:4;미백:2;붉은기:2,low
prod_oy_a000000214034,바이오던스,바이오던스 퍼스트 시너지 토너 150ml,toner,true,13,4.769,13,1.0000,3,0.2308,1,0.0769,1,0.0769,1.000,복합성:1,쿨톤:1,민감성:1;잡티:1,low
prod_oy_a000000218993,셀로라바이,[모공쫀쫀] 셀로라바이 포텐션 모공 리무버 세럼 30ml,serum,true,13,4.769,13,1.0000,5,0.3846,1,0.0769,6,0.4615,2.615,건성:2;지성:2;민감성:1;중성:1,여름쿨톤:3;쿨톤:2;봄웜톤:1,모공:2;민감성:2;잡티:2;트러블:2;각질:1,low
prod_oy_a000000219871,네오젠,[광채/보습/기미/잡티] 네오젠 더블 비타 스팟 토닝 세럼 30ml,serum,true,13,4.923,13,1.0000,1,0.0769,2,0.1538,2,0.1538,1.769,건성:1;복합성:1,웜톤:2,각질:1;미백:1;잡티:1;주름:1,low
prod_oy_a000000221649,테라로직,[주름탄력]테라로직 레티날 주름탄력 크림 12g+앰플4ml 기획,cream,true,13,4.769,13,1.0000,3,0.2308,3,0.2308,3,0.2308,9.231,복합성:3,겨울쿨톤:3,미백:3;잡티:3,low
prod_oy_a000000221651,테라로직,[주름탄력]테라로직 레티날 주름탄력 앰플 30ml,serum,true,13,4.769,13,1.0000,3,0.2308,3,0.2308,3,0.2308,9.231,복합성:3,겨울쿨톤:3,미백:3;잡티:3,low
prod_oy_a000000233577,아렌시아,[NEW 화잘먹 피부 밀착 로션] 아렌시아 레드 스무디 로션 5 200ml,lotion,true,13,4.692,13,1.0000,0,0.0000,2,0.1538,3,0.2308,1.000,민감성:1;복합성:1;지성:1,여름쿨톤:1;쿨톤:1,트러블:2;각질:1;미백:1;민감성:1;잡티:1,low
prod_oy_a000000248374,클리어디어,[화잘먹/속광부스터] 클리어디어 뮤신 미네랄 버블 퍼스트 에센스 60ml,serum,true,13,4.538,13,1.0000,1,0.0769,2,0.1538,4,0.3077,39.923,지성:2;복합성:1;트러블성:1,쿨톤:3;여름쿨톤:1,미백:3;잡티:3;각질:1;트러블:1,low
prod_oy_a000000250531,아임프롬,[단독기획] 아임프롬 머그워트 에센스 150ml 1+1,serum,true,13,5.000,13,1.0000,0,0.0000,5,0.3846,4,0.3077,142.615,지성:2;복합성:1;트러블성:1,쿨톤:2;여름쿨톤:1;웜톤:1,각질:3;트러블:3;미백:1;블랙헤드:1,low
prod_oy_a000000104151,크리니크,크리니크 안티-블레미쉬 솔루션 크리니컬 클리어링 젤 15ml,serum,true,12,4.750,12,1.0000,0,0.0000,2,0.1667,2,0.1667,0.167,민감성:1;복합성:1,쿨톤:2,각질:1;미백:1;민감성:1;잡티:1,low
prod_oy_a000000155413,더말로지카,[뿌리는 쫀쫀거품 토너] 더말로지카 3 in 1 멀티-액티브 토너 50ml (쿨링/진정/수분),toner,true,12,4.583,12,1.0000,0,0.0000,1,0.0833,3,0.2500,0.750,건성:1;복합성:1;지성:1,가을웜톤:1;겨울쿨톤:1;웜톤:1,각질:2;잡티:2;주름:1;트러블:1,low
prod_oy_a000000158475,시카고,[시카스팟겔] 시카고 시카 스팟 겔 25g,cream,true,12,4.333,12,1.0000,0,0.0000,2,0.1667,3,0.2500,2.250,건성:2;복합성:1,봄웜톤:1;웜톤:1;쿨톤:1,각질:2;미백:1;블랙헤드:1;주름:1;트러블:1,low
prod_oy_a000000163106,록시땅,록시땅 시어 버터 울트라 리치 페이스 크림 50ml,cream,true,12,4.917,12,1.0000,3,0.2500,4,0.3333,5,0.4167,7.083,건성:2;중성:2;복합성:1,웜톤:4;가을웜톤:1,각질:2;블랙헤드:2;모공:1;미백:1;민감성:1,low
prod_oy_a000000185367,배드스킨,배드스킨 콜라겐 밤 하이리프팅 크림100ml,cream,true,12,4.833,12,1.0000,2,0.1667,5,0.4167,1,0.0833,6.083,민감성:1,봄웜톤:1,잡티:1;트러블:1,low
prod_oy_a000000189587,헤라,헤라 하이드로 리플렉팅 마이크로 크림 50ml,cream,true,12,5.000,12,1.0000,2,0.1667,0,0.0000,2,0.1667,0.000,민감성:1;트러블성:1,겨울쿨톤:1;쿨톤:1,미백:1;민감성:1;잡티:1;주름:1,low
prod_oy_a000000198853,테라로직,테라로직 피토세라 프로 안티옥시던트 10X 탄력리프팅 크림 50ml,cream,true,12,4.750,12,1.0000,4,0.3333,0,0.0000,5,0.4167,0.000,복합성:3;건성:2,여름쿨톤:2;가을웜톤:1;쿨톤:1,주름:4;잡티:2;모공:1;미백:1;탄력:1,low
prod_oy_a000000204454,조선미녀,조선미녀 청매실 AHABHA 토너 150ml,toner,true,12,4.500,12,1.0000,0,0.0000,1,0.0833,4,0.3333,5.083,복합성:2;건성:1;트러블성:1,쿨톤:1,모공:1;미백:1;민감성:1;블랙헤드:1,low
prod_oy_a000000214031,바이오던스,바이오던스 스킨 글로우 바이탈 앰플 30ml,serum,true,12,4.667,12,1.0000,2,0.1667,1,0.0833,2,0.1667,1.667,복합성:2,봄웜톤:1;웜톤:1,각질:2;민감성:1;주름:1,low
prod_oy_a000000218992,셀로라바이,[속보습/흔적케어] 셀로라바이 4GF 더마 리페어 하이드로 세럼 30ml,serum,true,12,4.833,12,1.0000,2,0.1667,0,0.0000,3,0.2500,7.833,민감성:2;건성:1,여름쿨톤:2;봄웜톤:1,잡티:2;각질:1;민감성:1;붉은기:1;트러블:1,low
prod_oy_a000000218994,아렌시아,아렌시아 레드 스무디 세럼 30 50g,serum,true,12,4.750,12,1.0000,0,0.0000,2,0.1667,2,0.1667,2.417,민감성:1;복합성:1,여름쿨톤:1;쿨톤:1,잡티:2;민감성:1;붉은기:1,low
prod_oy_a000000227664,아비브,아비브 글루타치온좀 잡티 크림 비타 튜브 75ml,cream,true,12,4.583,12,1.0000,1,0.0833,1,0.0833,2,0.1667,3.833,복합성:1,가을웜톤:1;여름쿨톤:1,잡티:1,low
prod_oy_a000000229286,랑콤,랑콤 토닉 꽁포르 토너 200ml/400ml,toner,true,12,4.917,12,1.0000,0,0.0000,2,0.1667,6,0.5000,1.417,복합성:3;건성:1;민감성:1;중성:1,웜톤:2;쿨톤:2;겨울쿨톤:1,미백:2;각질:1;모공:1;붉은기:1;블랙헤드:1,low
prod_oy_a000000230515,라운드랩,[캡슐토닝] 라운드랩 비타 나이아신 글로우 캡슐 크림 50ml,cream,true,12,4.917,12,1.0000,2,0.1667,0,0.0000,4,0.3333,0.000,복합성:2;건성:1;민감성:1,가을웜톤:1;봄웜톤:1;웜톤:1,잡티:2;미백:1;블랙헤드:1;트러블:1,low
prod_oy_a000000248990,rdrd,[NEW] rdrd 그린 애플 락토 리밸런싱 세럼 30ml,serum,true,12,4.583,12,1.0000,0,0.0000,0,0.0000,4,0.3333,11.667,지성:2;민감성:1;복합성:1,가을웜톤:1;봄웜톤:1;여름쿨톤:1,블랙헤드:2;모공:1;미백:1;민감성:1;잡티:1,low
prod_oy_a000000251819,가쉬,[모공결/피지케어] 가쉬 타겟티드 포어 겔 미스트 100ml,toner,true,12,4.833,12,1.0000,0,0.0000,0,0.0000,3,0.2500,24.083,복합성:2;건성:1,쿨톤:3,주름:3;탄력:3,low
prod_oy_a000000113008,셀린저,셀린저 리얼 토너 씨벅톤 200ml,toner,true,11,4.273,11,1.0000,1,0.0909,0,0.0000,1,0.0909,0.000,건성:1,쿨톤:1,각질:1;잡티:1,low
prod_oy_a000000115386,크리니크,크리니크 드라마티컬리 디퍼런트 하이드레이팅 젤리 125ml,lotion,true,11,4.545,11,1.0000,0,0.0000,2,0.1818,4,0.3636,4.273,건성:1;민감성:1;복합성:1;지성:1,가을웜톤:1;겨울쿨톤:1;여름쿨톤:1;웜톤:1,잡티:3;미백:2;모공:1;민감성:1,low
prod_oy_a000000144051,폴라초이스,폴라초이스 스킨 퍼펙팅 8% 아하 젤 각질제거제 100ml,serum,true,11,4.364,11,1.0000,0,0.0000,4,0.3636,2,0.1818,1.727,지성:2,웜톤:1;쿨톤:1,잡티:2;미백:1,low
prod_oy_a000000156776,블리블리,블리블리 인진쑥 밸런스 에센스 150ml,serum,true,11,4.818,11,1.0000,0,0.0000,0,0.0000,2,0.1818,0.182,복합성:2,웜톤:1;쿨톤:1,모공:2;주름:1,low
prod_oy_a000000165562,베리홉,베리홉 에잇 데이즈 퓨어 비타민 씨 앰플 엑스퍼트 15g,serum,true,11,4.273,11,1.0000,2,0.1818,1,0.0909,4,0.3636,1.182,복합성:3,가을웜톤:1;봄웜톤:1;쿨톤:1,미백:3;주름:2;각질:1;잡티:1;트러블:1,low
prod_oy_a000000168269,미구하라,미구하라 울트라 화이트닝 퍼펙션 스킨 오리진 400ml,toner,true,11,4.909,11,1.0000,1,0.0909,6,0.5455,3,0.2727,5.727,건성:2;복합성:1,가을웜톤:2;쿨톤:1,미백:3;잡티:3,low
prod_oy_a000000200181,닥터하우쉬카,닥터하우쉬카 로즈 데이 크림 오리지널 30ml,cream,true,11,4.636,11,1.0000,1,0.0909,0,0.0000,4,0.3636,2.000,복합성:4,쿨톤:2;여름쿨톤:1;웜톤:1,모공:2;민감성:2;미백:1;블랙헤드:1;주름:1,low
prod_oy_a000000209588,VT,[NEW/기미잡티케어] VT 티엑스토닝 토너 200ml,toner,true,11,4.727,11,1.0000,0,0.0000,4,0.3636,5,0.4545,1.273,민감성:2;복합성:2;지성:1,쿨톤:2;여름쿨톤:1;웜톤:1,미백:2;민감성:2;잡티:2;붉은기:1;트러블:1,low
prod_oy_a000000210180,피토메르,피토메르 올리고포스 세럼 이드라땅 어드밴스드 30ml,serum,true,11,5.000,11,1.0000,1,0.0909,3,0.2727,3,0.2727,2.364,복합성:1;중성:1;트러블성:1,봄웜톤:1;웜톤:1;쿨톤:1,민감성:1;붉은기:1;잡티:1;주름:1;트러블:1,low
prod_oy_a000000220039,디오디너리,[수분컨디셔닝] 디오디너리 멀티-액티브 딜리버리 에센스 100ml,serum,true,11,4.545,11,1.0000,0,0.0000,3,0.2727,5,0.4545,29.818,지성:2;복합성:1;중성:1;트러블성:1,쿨톤:3;겨울쿨톤:1;여름쿨톤:1,미백:2;잡티:2;블랙헤드:1;주름:1;트러블:1,low
prod_oy_a000000222739,마몽드,마몽드 맨 리차징 토너 180ml,toner,true,11,4.909,11,1.0000,0,0.0000,3,0.2727,3,0.2727,5.455,복합성:2;지성:1,웜톤:2;가을웜톤:1,미백:2;잡티:2;주름:1,low
prod_oy_a000000225188,로벡틴,[잡티흔적케어/광채 PDRN] 로벡틴 비타 더블 토닝 크림 50ml,cream,true,11,4.727,11,1.0000,2,0.1818,4,0.3636,4,0.3636,10.091,복합성:2;중성:1;트러블성:1,여름쿨톤:2;웜톤:2,모공:2;미백:2;잡티:2;트러블:2,low
prod_oy_a000000229470,정샘물,[결정돈토너] 정샘물 에센셜 물 토너 200ml,toner,true,11,4.818,11,1.0000,0,0.0000,0,0.0000,2,0.1818,1.000,복합성:2,봄웜톤:1;쿨톤:1,각질:1;미백:1;잡티:1;주름:1,low
prod_oy_a000000229488,아이오페,[NEW] 아이오페 XMD 스템3 클리니컬 리커버리 에멀전 130ml,lotion,true,11,4.818,11,1.0000,1,0.0909,3,0.2727,3,0.2727,5.545,복합성:3,봄웜톤:2;여름쿨톤:1,미백:3;잡티:2;트러블:1,low
prod_oy_a000000252197,플로위,[유니 PICK] 플로위 PDRN 액티브 베리어 크림 50ml,cream,true,11,5.000,11,1.0000,0,0.0000,1,0.0909,6,0.5455,175.273,건성:5;복합성:1,웜톤:3;겨울쿨톤:1;봄웜톤:1;쿨톤:1,잡티:4;주름:3;미백:2;민감성:1,low
prod_oy_a000000254553,퓨어그램,[NEW] 퓨어그램 오리진 부스터샷 300 앰플 30ml,serum,true,11,4.727,11,1.0000,0,0.0000,2,0.1818,4,0.3636,358.909,건성:2;민감성:1;복합성:1,웜톤:3;봄웜톤:1,잡티:2;주름:2;각질:1;모공:1;미백:1,low
prod_oy_a000000255625,코스알엑스,코스알엑스 더 블루 펩타이드 바쿠치올 플럼프 바운스 크림 50g,cream,true,11,4.818,11,1.0000,0,0.0000,3,0.2727,6,0.5455,156.182,지성:3;복합성:2;건성:1,봄웜톤:2;웜톤:2;겨울쿨톤:1;쿨톤:1,잡티:4;미백:3;주름:2;모공:1;트러블:1,low
prod_oy_a000000144041,폴라초이스,폴라초이스 스킨 발란싱 수분 젤 60ml,lotion,true,10,4.400,10,1.0000,3,0.3000,1,0.1000,1,0.1000,1.700,지성:1,쿨톤:1,미백:1;잡티:1,low
prod_oy_a000000156792,블리블리,블리블리 워터 물광밤 50g,cream,true,10,4.800,10,1.0000,2,0.2000,2,0.2000,1,0.1000,0.200,지성:1,봄웜톤:1,모공:1;트러블:1,low
prod_oy_a000000164571,믹순,믹순 콩 스틱 밤 11.5ml,cream,true,10,4.600,10,1.0000,0,0.0000,0,0.0000,1,0.1000,2.000,건성:1,겨울쿨톤:1,민감성:1;트러블:1,low
prod_oy_a000000167843,클럽맨피노드,클럽맨피노드 드래곤 노어 오데토일렛 414ml,toner,true,10,4.800,10,1.0000,4,0.4000,5,0.5000,1,0.1000,0.500,,,민감성:1,low
prod_oy_a000000170016,피캄,"[4중 모공 개선/병풀추출물 7,793ppm] 피캄 포시카 앰플 30ml",serum,true,10,4.900,10,1.0000,1,0.1000,5,0.5000,3,0.3000,4.200,건성:1;민감성:1;지성:1,쿨톤:2;가을웜톤:1,잡티:2;각질:1;미백:1;민감성:1;트러블:1,low
prod_oy_a000000174707,일소,[수부지 화잘먹 크림] 일소 데일리 모이스처 푸딩 크림 50ml,cream,true,10,4.600,10,1.0000,2,0.2000,1,0.1000,2,0.2000,1.400,복합성:1;지성:1,봄웜톤:2,미백:1;잡티:1;트러블:1,low
prod_oy_a000000181193,닥터자르트,[강력진정/산뜻보습] 닥터자르트 시카페어 인텐시브 수딩 리페어 트리트먼트 로션 150ml,toner,true,10,4.600,10,1.0000,0,0.0000,1,0.1000,3,0.3000,1.300,건성:1;복합성:1;트러블성:1,봄웜톤:2,각질:1;블랙헤드:1,low
prod_oy_a000000209092,랩시리즈,랩시리즈 데일리 레스큐 에너자이징 젤크림 50ml,cream,true,10,5.000,10,1.0000,6,0.6000,0,0.0000,0,0.0000,0.000,,,,low
prod_oy_a000000209641,티엘스,[첫 단계 톤업 케어] 티엘스 레드 오렌지 나이아신아마이드 토너 150ml,toner,true,10,4.800,10,1.0000,0,0.0000,4,0.4000,2,0.2000,1.100,건성:1;복합성:1,여름쿨톤:1;쿨톤:1,미백:1;잡티:1;주름:1;탄력:1,low
prod_oy_a000000214159,키엘,키엘 칼렌듈라 세럼-인퓨즈드 워터 크림 50ml,cream,true,10,4.400,10,1.0000,0,0.0000,1,0.1000,1,0.1000,1.300,트러블성:1,가을웜톤:1,미백:1;트러블:1,low
prod_oy_a000000224042,아누아,아누아 7 라이스 세라마이드 하이드레이팅 베리어 세럼 50ml,serum,true,10,4.900,10,1.0000,1,0.1000,2,0.2000,2,0.2000,6.200,복합성:2,웜톤:1;쿨톤:1,미백:1;잡티:1;트러블:1,low
prod_oy_a000000229487,아이오페,[NEW] 아이오페 XMD 스템3 클리니컬 리커버리 소프너 130ml,toner,true,10,4.800,10,1.0000,0,0.0000,0,0.0000,3,0.3000,2.600,건성:1;민감성:1;복합성:1,겨울쿨톤:1;웜톤:1;쿨톤:1,각질:2;주름:1;탄력:1;피지과다:1,low
prod_oy_a000000231089,웰라쥬,[NEW/수분광채] 웰라쥬 하이퍼 PDRN 리페어 앰플 30ml,serum,true,10,4.900,10,1.0000,2,0.2000,1,0.1000,3,0.3000,7.700,건성:1;민감성:1;복합성:1,여름쿨톤:2;겨울쿨톤:1,잡티:2;민감성:1;트러블:1,low
prod_oy_a000000233463,메디필,[기미잡티] 메디필 멜라논엑스 앰플 RX 30ml,serum,true,10,4.600,10,1.0000,2,0.2000,2,0.2000,3,0.3000,5.300,건성:1;복합성:1;트러블성:1,봄웜톤:1;여름쿨톤:1;쿨톤:1,모공:1;미백:1;잡티:1;탄력:1;트러블:1,low
prod_oy_a000000246660,오브제,[수분 진정토너] 오브제 맥스 수딩 토너 500ml,toner,true,10,5.000,10,1.0000,0,0.0000,0,0.0000,6,0.6000,119.500,건성:5;민감성:1,웜톤:4;봄웜톤:1;쿨톤:1,미백:4;각질:3;잡티:3;트러블:1,low
prod_oy_a000000250229,세포랩,[7월 올영픽] 세포랩 바이오제닉 모이스처라이저 80ml,lotion,true,10,4.900,10,1.0000,0,0.0000,1,0.1000,4,0.4000,26.000,건성:1;민감성:1;복합성:1;지성:1,봄웜톤:4,트러블:3;각질:2;미백:1;잡티:1;주름:1,low
prod_oy_a000000151831,달팡,달팡 인트랄 수딩 크림 50ml,cream,true,9,4.889,9,1.0000,3,0.3333,0,0.0000,8,0.8889,0.000,복합성:8,가을웜톤:6;웜톤:1;쿨톤:1,민감성:4;블랙헤드:4;트러블:4;각질:2;모공:1,very_low
prod_oy_a000000159598,베리홉,베리홉 에잇 데이즈 퓨어 비타민 씨 크림 50ml,cream,true,9,3.889,9,1.0000,0,0.0000,4,0.4444,4,0.4444,4.111,복합성:3;민감성:1,웜톤:2;여름쿨톤:1;쿨톤:1,잡티:2;주름:2;모공:1;미백:1;민감성:1,very_low
prod_oy_a000000186191,디오디너리,[보습젤] 디오디너리 내추럴 모이스처라이징 팩터스 + 베타 글루칸 100ml,cream,true,9,4.444,9,1.0000,2,0.2222,1,0.1111,2,0.2222,0.111,건성:1;복합성:1,여름쿨톤:1,미백:1;블랙헤드:1,very_low
prod_oy_a000000205919,디오디너리,[수분보습] 디오디너리 사카로미세스 퍼멘트 30% 밀키 토너 100ml,toner,true,9,4.333,9,1.0000,0,0.0000,2,0.2222,3,0.3333,1.778,복합성:1;중성:1;지성:1,가을웜톤:1;여름쿨톤:1;쿨톤:1,트러블:2;미백:1;잡티:1;주름:1,very_low
prod_oy_a000000211218,믹순,믹순 병풀 토너 300ml,toner,true,9,4.889,9,1.0000,1,0.1111,0,0.0000,2,0.2222,0.444,민감성:1;약건성:1,가을웜톤:1;여름쿨톤:1,트러블:2;민감성:1;블랙헤드:1,very_low
prod_oy_a000000213282,오드로이,[모공탄력 리프팅] 카르노신 콜라겐수 78만ppm 세럼,serum,true,9,4.889,9,1.0000,1,0.1111,0,0.0000,2,0.2222,0.222,복합성:2,가을웜톤:1;쿨톤:1,미백:2;각질:1;잡티:1,very_low
prod_oy_a000000213411,반코르,반코르 닥터 라디아타 잡티세럼 로토 30ml,serum,true,9,4.444,9,1.0000,1,0.1111,2,0.2222,1,0.1111,0.556,복합성:1,웜톤:1,잡티:1,very_low
prod_oy_a000000213968,연작,연작 전초 컨센트레이트 40ml,serum,true,9,5.000,9,1.0000,1,0.1111,0,0.0000,1,0.1111,0.000,지성:1,웜톤:1,민감성:1;블랙헤드:1,very_low
prod_oy_a000000214141,키엘,키엘 칼렌듈라 에멀전 125ml,lotion,true,9,3.778,9,1.0000,0,0.0000,1,0.1111,3,0.3333,2.778,건성:1;복합성:1;트러블성:1,가을웜톤:1;봄웜톤:1;여름쿨톤:1,트러블:2;미백:1;민감성:1;붉은기:1;피지과다:1,very_low
prod_oy_a000000219713,도미나스,도미나스 앳클리닉 보르피린 링클 샷 앰플 30ml,serum,true,9,4.889,9,1.0000,2,0.2222,3,0.3333,0,0.0000,1.444,,,,very_low
prod_oy_a000000225909,리엔케이,[NEW] 리엔케이 하이퍼 히알 플럼핑 앰플 100ml,serum,true,9,5.000,9,1.0000,3,0.3333,3,0.3333,3,0.3333,15.111,건성:2;민감성:1,겨울쿨톤:1;웜톤:1;쿨톤:1,잡티:3;미백:1;블랙헤드:1;주름:1,very_low
prod_oy_a000000227666,아비브,아비브 글루타치온좀 잡티 토너 스킨부스터 200ml,toner,true,9,4.444,9,1.0000,1,0.1111,1,0.1111,2,0.2222,4.444,건성:1;지성:1,겨울쿨톤:1;여름쿨톤:1,잡티:2;미백:1;트러블:1,very_low
prod_oy_a000000229191,울트라브이,울트라브이 이데베논 프레스티지 앰플 10ml,serum,true,9,4.556,9,1.0000,1,0.1111,2,0.2222,3,0.3333,1.778,복합성:3,웜톤:3,미백:2;잡티:2;각질:1;블랙헤드:1,very_low
prod_oy_a000000244812,디마프,[장벽크림] 디마프 크림스컴트루 스쿠알란 베리어 리페어 크림 50ml,cream,true,9,5.000,9,1.0000,0,0.0000,2,0.2222,2,0.2222,2.778,민감성:1;트러블성:1,여름쿨톤:2,민감성:2;붉은기:1;트러블:1,very_low
prod_oy_a000000247186,듀이트리,[시카PDRN/장벽크림] 듀이트리 AC 딥 장벽 진정 보습 크림 60ml,cream,true,9,4.111,9,1.0000,0,0.0000,2,0.2222,1,0.1111,19.889,복합성:1,겨울쿨톤:1,미백:1;잡티:1,very_low
prod_oy_a000000248985,rdrd,[NEW] rdrd 골드 애플 락토 흔적 팝핑 토너 95g,toner,true,9,4.556,9,1.0000,0,0.0000,0,0.0000,4,0.4444,18.444,복합성:2;민감성:1;트러블성:1,쿨톤:2;봄웜톤:1;웜톤:1,잡티:2;트러블:2;미백:1;블랙헤드:1;피지과다:1,very_low
prod_oy_a000000254543,닥터엘시아,닥터엘시아 345 릴리프 세럼 30ml,serum,true,9,4.556,9,1.0000,0,0.0000,0,0.0000,4,0.4444,13.333,복합성:2;건성:1;민감성:1,겨울쿨톤:2;여름쿨톤:2,트러블:3;블랙헤드:2;미백:1;민감성:1;잡티:1,very_low
prod_oy_a000000257713,달바,[26년 신형] 달바 비타 캡슐 크림 나이아신아마이드 5퍼센트 55g 기획 (+10g),cream,true,9,4.778,9,1.0000,0,0.0000,3,0.3333,1,0.1111,74.222,복합성:1,가을웜톤:1,주름:1;트러블:1,very_low
prod_oy_a000000006014,이아소,[닥터이아소] 트리플 엠 하이드레이팅 크림,cream,true,8,4.625,8,1.0000,3,0.3750,0,0.0000,2,0.2500,0.000,지성:2,,,very_low
prod_oy_a000000144119,애즈이즈투비,애즈이즈투비 마린 콜라겐 81 세럼 50ml,serum,true,8,4.375,8,1.0000,1,0.1250,2,0.2500,0,0.0000,0.250,,,,very_low
prod_oy_a000000164628,엠브리올리스,엠브리올리스 레 크렘 센시티브 100ml,cream,true,8,4.250,8,1.0000,0,0.0000,1,0.1250,4,0.5000,4.250,복합성:3;건성:1,겨울쿨톤:1;봄웜톤:1;웜톤:1;쿨톤:1,블랙헤드:2;잡티:2;모공:1;주름:1;피지과다:1,very_low
prod_oy_a000000187243,빌리프,빌리프 맨올로지101 스마트 모이스춰 익스트림 100ml,lotion,true,8,4.875,8,1.0000,1,0.1250,2,0.2500,1,0.1250,8.250,건성:1,쿨톤:1,민감성:1;잡티:1,very_low
prod_oy_a000000211862,딕셔니스트,[200시간크림] 딕셔니스트 아미노산 크림 50ml *,cream,true,8,5.000,8,1.0000,0,0.0000,1,0.1250,2,0.2500,0.500,민감성:1;복합성:1,가을웜톤:1;웜톤:1,민감성:1;잡티:1;트러블:1,very_low
prod_oy_a000000213226,스킨푸드,[쫀득물착앰플] 스킨푸드 블루 캐모마일 히알루로닉 앰플 50ml,serum,true,8,4.500,8,1.0000,0,0.0000,3,0.3750,5,0.6250,191.750,민감성:2;복합성:2;지성:1,쿨톤:3;여름쿨톤:1;웜톤:1,잡티:4;미백:2;주름:2;민감성:1;트러블:1,very_low
prod_oy_a000000213285,오드로이,오드로이 76퍼센트 캑터스 세럼 로프디 50ml,serum,true,8,4.750,8,1.0000,0,0.0000,2,0.2500,4,0.5000,1.250,복합성:3;지성:1,웜톤:2;가을웜톤:1;여름쿨톤:1,미백:3;잡티:3;각질:1;주름:1,very_low
prod_oy_a000000214260,키엘,[매끈 화잘먹 에센스] 키엘 결광 프리 에센스 30ml,serum,true,8,4.625,8,1.0000,1,0.1250,0,0.0000,3,0.3750,0.000,복합성:3,쿨톤:2;가을웜톤:1,다크서클:2;잡티:2,very_low
prod_oy_a000000216054,스킨푸드,[NEW/매끈결광] 스킨푸드 블랙슈가 퍼펙트 첫세럼 더 에센셜 150ml,serum,true,8,5.000,8,1.0000,0,0.0000,3,0.3750,3,0.3750,28.125,트러블성:2;건성:1,쿨톤:3,각질:2;미백:2;모공:1;잡티:1,very_low
prod_oy_a000000219128,셀올로지,셀올로지 블루 이레이저 세럼 15ml (세럼/리필2입),serum,true,8,4.250,8,1.0000,0,0.0000,1,0.1250,0,0.0000,0.250,,,,very_low
prod_oy_a000000219137,셀올로지,셀올로지 블루 이레이저 크림 50ml,cream,true,8,4.250,8,1.0000,0,0.0000,1,0.1250,0,0.0000,0.250,,,,very_low
prod_oy_a000000224040,아누아,아누아 라이스 70 글로우 밀키 토너 250ml,toner,true,8,4.000,8,1.0000,0,0.0000,0,0.0000,5,0.6250,8.750,건성:2;민감성:1;지성:1;트러블성:1,여름쿨톤:2;겨울쿨톤:1;웜톤:1;쿨톤:1,잡티:3;미백:1;블랙헤드:1;주름:1;트러블:1,very_low
prod_oy_a000000227409,디오디너리,[브라이트닝] 디오디너리 알파 알부틴 2% + HA 60ml,serum,true,8,4.875,8,1.0000,1,0.1250,2,0.2500,0,0.0000,2.125,,,,very_low
prod_oy_a000000237954,퓨리토 서울,퓨리토 서울 마이티 밤부 판테놀 크림 100ml,cream,true,8,5.000,8,1.0000,0,0.0000,1,0.1250,5,0.6250,55.875,건성:2;복합성:2;민감성:1,가을웜톤:1;봄웜톤:1;여름쿨톤:1;웜톤:1;쿨톤:1,잡티:3;미백:2;민감성:2;붉은기:1;블랙헤드:1,very_low
prod_oy_a000000243473,아렌시아,[차세대 레티놀 / 피부 텐션] 아렌시아 레틴알 부스터 샷 30ml,serum,true,8,4.750,8,1.0000,0,0.0000,0,0.0000,5,0.6250,165.875,복합성:2;지성:2;건성:1,웜톤:2;가을웜톤:1;봄웜톤:1;여름쿨톤:1,미백:3;잡티:3;탄력:1,very_low
prod_oy_a000000246591,더마젼시,[트러블진정템] 더마젼시 제로카 81 크림 60ml,cream,true,8,4.375,8,1.0000,0,0.0000,1,0.1250,2,0.2500,2.750,건성:1;트러블성:1,웜톤:2,각질:1;블랙헤드:1;잡티:1;트러블:1,very_low
prod_oy_a000000248401,네오젠,[청담샵 Pick/화잘먹크림] 네오젠 넥스트 글로우 수분 크림 50ml (+유리알 광채 세럼20ml 증정),cream,true,8,4.625,8,1.0000,0,0.0000,0,0.0000,4,0.5000,15.875,건성:1;민감성:1;지성:1;트러블성:1,웜톤:2;가을웜톤:1;봄웜톤:1,잡티:4;각질:2;미백:1;트러블:1,very_low
prod_oy_a000000248991,rdrd,[NEW] rdrd 골드 애플 락토 흔적 세럼 30ml,serum,true,8,4.375,8,1.0000,0,0.0000,0,0.0000,3,0.3750,143.000,복합성:1;지성:1;트러블성:1,가을웜톤:2;겨울쿨톤:1,잡티:2;트러블:2;블랙헤드:1,very_low
prod_oy_a000000252198,플로위,플로위 PDRN 트리플 코어 앰플 30ml,serum,true,8,5.000,8,1.0000,0,0.0000,4,0.5000,4,0.5000,207.250,건성:2;복합성:2,웜톤:3;봄웜톤:1,미백:2;잡티:2;블랙헤드:1,very_low
prod_oy_a000000253578,에이프릴스킨,[트러블진정/쿨링수분/화잘먹] 에이스 머그워트 센텔라 카밍 앰플,serum,true,8,4.750,8,1.0000,1,0.1250,0,0.0000,2,0.2500,9.250,지성:2,봄웜톤:2,잡티:2;트러블:2,very_low
prod_oy_a000000255290,블랑네이처,[촉촉진정/대용량] 블랑네이처 9배 고농축 어성초 토너 300ml,toner,true,8,5.000,8,1.0000,0,0.0000,0,0.0000,8,1.0000,58.500,민감성:5;지성:2;트러블성:1,쿨톤:4;여름쿨톤:2;웜톤:2,잡티:4;미백:3;모공:2;민감성:2;주름:2,very_low
prod_oy_a000000257096,넘버즈인,넘버즈인 3번 보들보들 모공결 세럼 30ml,serum,true,8,4.875,8,1.0000,0,0.0000,1,0.1250,4,0.5000,42.750,지성:3;건성:1,가을웜톤:1;봄웜톤:1;웜톤:1;쿨톤:1,미백:2;블랙헤드:2;모공:1;잡티:1;주름:1,very_low
prod_oy_a000000144120,애즈이즈투비,애즈이즈투비 아쿠아 부스팅 크림 50ml,cream,true,7,4.714,7,1.0000,5,0.7143,0,0.0000,0,0.0000,0.571,,,,very_low
prod_oy_a000000159596,베리홉,베리홉 아하 바하 파하 리파이닝 부스트 세럼 15g,serum,true,7,3.286,7,1.0000,2,0.2857,2,0.2857,1,0.1429,3.286,지성:1,웜톤:1,미백:1;잡티:1,very_low
prod_oy_a000000159747,바비브라운,바비브라운 엑스트라 리페어 모이스춰 크림 인텐스 50ml,cream,true,7,5.000,7,1.0000,2,0.2857,1,0.1429,2,0.2857,3.714,복합성:1;약건성:1,웜톤:1;쿨톤:1,미백:1;블랙헤드:1;잡티:1;트러블:1,very_low
prod_oy_a000000171034,EGF올로지,이지에프올로지 인헨싱 밸런싱 로션 50ml,lotion,true,7,5.000,7,1.0000,4,0.5714,5,0.7143,2,0.2857,3.143,건성:1;복합성:1,여름쿨톤:1;웜톤:1,잡티:2;미백:1;피지과다:1,very_low
prod_oy_a000000185306,휴캄,휴캄 킨츠키 탄력 크림 70g,cream,true,7,4.857,7,1.0000,1,0.1429,2,0.2857,2,0.2857,3.857,건성:1;민감성:1,웜톤:1;쿨톤:1,잡티:1,very_low
prod_oy_a000000208986,우노,[촉촉스킨] 우노 스킨 세럼 워터 200ml,toner,true,7,4.714,7,1.0000,0,0.0000,4,0.5714,3,0.4286,1.571,지성:2;복합성:1,웜톤:2;여름쿨톤:1,미백:2;잡티:2;주름:1;트러블:1,very_low
prod_oy_a000000213410,반코르,반코르 닥터 스쿠알란 속보습 앰플 50ml,serum,true,7,5.000,7,1.0000,0,0.0000,1,0.1429,2,0.2857,0.571,건성:1;민감성:1,봄웜톤:1;웜톤:1,블랙헤드:1,very_low
prod_oy_a000000213952,연작,연작 카밍 앤 컴포팅 앰플 40ml,serum,true,7,4.429,7,1.0000,1,0.1429,0,0.0000,5,0.7143,0.000,복합성:3;민감성:1;지성:1,쿨톤:3;가을웜톤:1;웜톤:1,잡티:5;미백:2;각질:1;블랙헤드:1;트러블:1,very_low
prod_oy_a000000222740,마몽드,마몽드 맨 리차징 로션 150ml,lotion,true,7,4.857,7,1.0000,0,0.0000,3,0.4286,1,0.1429,8.571,복합성:1,가을웜톤:1,주름:1,very_low
prod_oy_a000000223622,숨37,[NEW] 숨37 시크릿 멀티밤 7g,cream,true,7,4.714,7,1.0000,0,0.0000,2,0.2857,1,0.1429,3.286,건성:1,쿨톤:1,붉은기:1;주름:1,very_low
prod_oy_a000000224041,아누아,아누아 라이스 70 인텐시브 모이스처라이징 밀크 150ml,lotion,true,7,5.000,7,1.0000,1,0.1429,0,0.0000,2,0.2857,19.571,복합성:2,봄웜톤:1;여름쿨톤:1,각질:1;미백:1;민감성:1;트러블:1,very_low
prod_oy_a000000224344,스킨1004,스킨1004 마다가스카르 센텔라 프로바이오시카 인리치 크림 50ml,serum,true,7,4.429,7,1.0000,1,0.1429,2,0.2857,1,0.1429,86.000,트러블성:1,,미백:1;잡티:1,very_low
prod_oy_a000000229220,랑콤,랑콤 제니피끄 세럼 50ml 단품/리필,serum,true,7,4.429,7,1.0000,0,0.0000,1,0.1429,1,0.1429,1.286,복합성:1,쿨톤:1,잡티:1;트러블:1,very_low
prod_oy_a000000235303,리덴스,[잡티미백] 리덴스 톤앤스팟 리커버리 크림 80ml,cream,true,7,4.286,7,1.0000,0,0.0000,1,0.1429,4,0.5714,0.857,복합성:3;민감성:1,쿨톤:2;여름쿨톤:1;웜톤:1,잡티:2;다크서클:1;민감성:1;주름:1;트러블:1,very_low
prod_oy_a000000243754,나인위시스,[화잘먹수딩크림] 나인위시스 비건 하이드라 앰플 수딩 크림 80ml 더블 기획,cream,true,7,4.571,7,1.0000,0,0.0000,1,0.1429,1,0.1429,13.429,복합성:1,여름쿨톤:1,모공:1,very_low
prod_oy_a000000246579,톰,"[트러블, 진정] 톰 엑소좀 부스트 앰플 50g",serum,true,7,4.286,7,1.0000,0,0.0000,0,0.0000,2,0.2857,1.857,중성:1;지성:1,봄웜톤:1;여름쿨톤:1,각질:1;모공:1;민감성:1;트러블:1,very_low
prod_oy_a000000248120,나노레시피,"나노레시피 연어 PDRN 100,000ppm 앰플 10ml",serum,true,7,4.857,7,1.0000,0,0.0000,0,0.0000,3,0.4286,21.857,복합성:2;건성:1,웜톤:2;겨울쿨톤:1,트러블:2;각질:1;붉은기:1;블랙헤드:1;잡티:1,very_low
prod_oy_a000000250193,가히,가히 멀티밤 리필키트 9g,cream,true,7,4.429,7,1.0000,0,0.0000,1,0.1429,2,0.2857,45.857,복합성:2,웜톤:2,잡티:2;트러블:2,very_low
prod_oy_a000000251120,그라펜,[피지/모공케어] 그라펜 포어올킬 타이트닝 세럼 30ml,serum,true,7,4.714,7,1.0000,0,0.0000,2,0.2857,2,0.2857,39.286,복합성:2,웜톤:1,미백:1;잡티:1,very_low
prod_oy_a000000251806,가쉬,[미백/잡티케어] 가쉬 타겟티드 브라이트닝 겔 미스트 100ml,toner,true,7,5.000,7,1.0000,0,0.0000,0,0.0000,4,0.5714,10.857,민감성:3;지성:1,쿨톤:2;여름쿨톤:1;웜톤:1,미백:2;잡티:2;모공:1;민감성:1;주름:1,very_low
prod_oy_a000000254438,퓨어그램,[NEW] 퓨어그램 오리진 부스터샷 100 앰플 30ml,serum,true,7,5.000,7,1.0000,0,0.0000,1,0.1429,4,0.5714,452.286,건성:3;민감성:1,웜톤:2;봄웜톤:1;여름쿨톤:1,주름:2;각질:1;모공:1;민감성:1;잡티:1,very_low
prod_oy_b000000187886,센텔리안24,센텔리안24 연어 PDRN 퍼밍 부스팅 앰플 (업체배송),serum,true,7,4.857,7,1.0000,1,0.1429,1,0.1429,3,0.4286,2.714,건성:1;복합성:1;약건성:1,여름쿨톤:1;웜톤:1;쿨톤:1,미백:1;민감성:1;잡티:1;주름:1;트러블:1,very_low
prod_oy_a000000162977,라빠레뜨 뷰티,[수분진정/각질제거] 라빠레뜨 뷰티 카밍 그린 턴오버 토너 200ml,toner,true,6,5.000,6,1.0000,0,0.0000,3,0.5000,1,0.1667,2.333,민감성:1,웜톤:1,잡티:1;트러블:1,very_low
prod_oy_a000000162980,라빠레뜨 뷰티,라빠레뜨 뷰티 카밍 그린 에센셜 세럼 35ml,serum,true,6,5.000,6,1.0000,0,0.0000,5,0.8333,0,0.0000,2.833,,,,very_low
prod_oy_a000000169203,랩시리즈,랩시리즈 데일리 레스큐 리페어 세럼 50ml,serum,true,6,5.000,6,1.0000,3,0.5000,0,0.0000,1,0.1667,0.000,지성:1,,잡티:1;주름:1,very_low
prod_oy_a000000207750,엠도씨,엠도씨 스킨 포어 타이트너 이엑스 50ml,serum,true,6,4.333,6,1.0000,0,0.0000,1,0.1667,2,0.3333,0.167,지성:1;트러블성:1,봄웜톤:1;여름쿨톤:1,트러블:2;각질:1;잡티:1,very_low
prod_oy_a000000213385,더마라인,더마라인 디렉소 PDRN 솔루션 액티빙 토너 200ml,toner,true,6,5.000,6,1.0000,0,0.0000,1,0.1667,2,0.3333,1.000,건성:2,웜톤:1,각질:1;미백:1;잡티:1;트러블:1,very_low
prod_oy_a000000213951,연작,연작 카밍 앤 컴포팅 에멀전 125ml,serum,true,6,4.333,6,1.0000,0,0.0000,0,0.0000,2,0.3333,0.000,건성:1;복합성:1,쿨톤:2,모공:1;블랙헤드:1;잡티:1;주름:1,very_low
prod_oy_a000000214254,키엘,키엘 울트라 훼이셜 오일-프리 토너 250ml,toner,true,6,4.500,6,1.0000,0,0.0000,1,0.1667,3,0.5000,0.500,건성:1;복합성:1;지성:1,봄웜톤:1;여름쿨톤:1;웜톤:1,각질:1;모공:1;붉은기:1;블랙헤드:1;트러블:1,very_low
prod_oy_a000000214296,톰,톰 이센셜리 에픽 레디언트 크림 50g,cream,true,6,4.833,6,1.0000,0,0.0000,1,0.1667,1,0.1667,0.167,민감성:1,봄웜톤:1,블랙헤드:1;트러블:1,very_low
prod_oy_a000000215147,그라운드플랜,[데일리수분크림] 그라운드플랜 크림 50ml,cream,true,6,5.000,6,1.0000,0,0.0000,0,0.0000,1,0.1667,0.000,트러블성:1,쿨톤:1,미백:1;주름:1,very_low
prod_oy_a000000215215,그라운드플랜,[수분천재앰플] 그라운드플랜 앰플 40ml,serum,true,6,5.000,6,1.0000,0,0.0000,1,0.1667,2,0.3333,1.000,복합성:1;지성:1,겨울쿨톤:1;웜톤:1,각질:1;미백:1;민감성:1;잡티:1,very_low
prod_oy_a000000225911,리엔케이,리엔케이 하이퍼 히알 플럼핑 크림 105ml,cream,true,6,5.000,6,1.0000,3,0.5000,3,0.5000,0,0.0000,22.333,,,,very_low
prod_oy_a000000233382,썸바이미,썸바이미 베타 판테놀 리페어 크림 50ml,cream,true,6,4.500,6,1.0000,0,0.0000,1,0.1667,4,0.6667,126.500,건성:3;복합성:1,겨울쿨톤:2;여름쿨톤:1;쿨톤:1,각질:2;미백:2;잡티:1;트러블:1,very_low
prod_oy_a000000243787,CKD,CKD 레티노콜라겐 저분자 300 괄사 리프팅 세럼 40ml,serum,true,6,5.000,6,1.0000,0,0.0000,1,0.1667,1,0.1667,7.333,건성:1,웜톤:1,모공:1;미백:1,very_low
prod_oy_a000000248399,네오젠,[청담샵 Pick/수분광채] 네오젠 넥스트 글로우 프렙 세럼 32ml,serum,true,6,4.667,6,1.0000,0,0.0000,3,0.5000,2,0.3333,29.833,건성:1;복합성:1,봄웜톤:1;웜톤:1,각질:1;미백:1;잡티:1;트러블:1,very_low
prod_oy_a000000248981,rdrd,[NEW] rdrd 핑크 애플 락토 장벽 팝핑 토너 95g,toner,true,6,4.333,6,1.0000,0,0.0000,1,0.1667,1,0.1667,1.500,건성:1,여름쿨톤:1,민감성:1;트러블:1,very_low
prod_oy_a000000248988,rdrd,[NEW] rdrd 핑크 애플 락토 장벽 세럼 30ml,serum,true,6,5.000,6,1.0000,0,0.0000,1,0.1667,2,0.3333,11.667,건성:2,겨울쿨톤:1;여름쿨톤:1,트러블:2;민감성:1,very_low
prod_oy_a000000255708,풀리,[동안광채] 풀리 쌀 PDRN 광채 세럼 50ml,serum,true,6,5.000,6,1.0000,0,0.0000,1,0.1667,0,0.0000,51.000,,,,very_low
prod_oy_a000000258298,토리든,[NEW] 토리든 다이브인 저분자 히알루론산 세럼 50ml,serum,true,6,5.000,6,1.0000,0,0.0000,0,0.0000,2,0.3333,25.167,건성:2,여름쿨톤:1;웜톤:1,민감성:1;탄력:1,very_low
prod_oy_b000000187882,센텔리안24,센텔리안24 우유피부 글루타치온 토닝 부스팅 앰플 (업체배송),serum,true,6,4.167,6,1.0000,0,0.0000,1,0.1667,2,0.3333,0.167,민감성:2,쿨톤:2,미백:1;블랙헤드:1;잡티:1;트러블:1,very_low
prod_oy_a000000164310,달팡,달팡 인트랄 이너유쓰 레스큐 세럼 30ml,serum,true,5,5.000,5,1.0000,0,0.0000,1,0.2000,0,0.0000,1.400,,,,very_low
prod_oy_a000000174520,랩시리즈,[대용량] 랩시리즈 올-인-원 훼이스 트리트먼트 100ml,lotion,true,5,5.000,5,1.0000,1,0.2000,0,0.0000,3,0.6000,0.000,복합성:2;지성:1,웜톤:1,잡티:3;주름:2;블랙헤드:1,very_low
prod_oy_a000000208985,우노,[산뜻로션] 우노 스킨 세럼 모이스처 180ml,serum,true,5,5.000,5,1.0000,0,0.0000,2,0.4000,3,0.6000,1.400,지성:2;복합성:1,웜톤:2;여름쿨톤:1,미백:2;잡티:2;주름:1;트러블:1,very_low
prod_oy_a000000211219,믹순,믹순 콩 토너 300ml,toner,true,5,5.000,5,1.0000,0,0.0000,1,0.2000,3,0.6000,1.200,복합성:3,여름쿨톤:2;겨울쿨톤:1,각질:2;피지과다:2,very_low
prod_oy_a000000211888,LBB,[미스트 앰플]LBB 인텐시브 수딩 앰플 60ml,serum,true,5,4.600,5,1.0000,1,0.2000,2,0.4000,2,0.4000,1.200,건성:2,봄웜톤:1;쿨톤:1,미백:1;민감성:1;잡티:1;주름:1,very_low
prod_oy_a000000217680,믹순,믹순 마스터 세럼 30ml,serum,true,5,4.400,5,1.0000,0,0.0000,0,0.0000,3,0.6000,0.000,민감성:2;트러블성:1,여름쿨톤:1;웜톤:1;쿨톤:1,잡티:2;미백:1;민감성:1;트러블:1,very_low
prod_oy_a000000225447,라돌프,[2주모공앰플/묵은피지쏙] 라돌프 퓨어파지 앰플 RX 80ml,serum,true,5,5.000,5,1.0000,1,0.2000,0,0.0000,0,0.0000,0.400,,,,very_low
prod_oy_a000000232954,랑콤,랑콤 제니피끄 리페어 토너 150ml,lotion,true,5,5.000,5,1.0000,0,0.0000,1,0.2000,2,0.4000,1.800,민감성:1,쿨톤:1,블랙헤드:1;트러블:1,very_low
prod_oy_a000000235270,키엘,키엘 울트라 훼이셜 어드밴스드 리페어 베리어 크림 50ml,cream,true,5,5.000,5,1.0000,2,0.4000,0,0.0000,0,0.0000,0.000,,,,very_low
prod_oy_a000000241358,라씨엘르,[레오제이 셀렉션] 라씨엘르 신선초 진정에이징 워터 세럼 30ml,serum,true,5,4.400,5,1.0000,0,0.0000,0,0.0000,1,0.2000,0.000,복합성:1,웜톤:1,미백:1;트러블:1,very_low
prod_oy_a000000241575,닥터엘시아,[수분세럼] 닥터엘시아 아쿠아 마린 딥 세럼 30ml,serum,true,5,5.000,5,1.0000,0,0.0000,2,0.4000,2,0.4000,20.800,복합성:1;지성:1,겨울쿨톤:1;여름쿨톤:1,트러블:2;각질:1;블랙헤드:1,very_low
prod_oy_a000000242631,나인위시스,[장벽이불크림] 나인위시스 하이드라 판테톨 베리어 크림 100ml,cream,true,5,3.800,5,1.0000,0,0.0000,0,0.0000,2,0.4000,0.000,민감성:1;트러블성:1,쿨톤:2,잡티:2;미백:1;트러블:1,very_low
prod_oy_a000000242745,빌리프,빌리프 프라블럼 솔루션 비건 모이스춰라이저 100ml,lotion,true,5,5.000,5,1.0000,1,0.2000,1,0.2000,1,0.2000,21.800,건성:1,웜톤:1,미백:1;잡티:1,very_low
prod_oy_a000000246578,톰,[모공 타이트닝] 톰 펩타이드 부스트 앰플 50g,serum,true,5,4.600,5,1.0000,0,0.0000,0,0.0000,2,0.4000,7.200,건성:1;지성:1,봄웜톤:1;쿨톤:1,각질:1;모공:1;트러블:1,very_low
prod_oy_a000000246890,네오젠,[고함량/잡티케어] 네오젠 리얼 나이아신아마이드 15% 세럼 30ml (+20ml 추가 증정),serum,true,5,4.800,5,1.0000,0,0.0000,2,0.4000,1,0.2000,30.400,복합성:1,웜톤:1,미백:1;잡티:1,very_low
prod_oy_a000000247057,에스테덤,[대용량]에스테덤 카밍 리하이드레이팅 로션 맥스 400ml,toner,true,5,4.600,5,1.0000,0,0.0000,0,0.0000,1,0.2000,59.000,건성:1,여름쿨톤:1,모공:1;주름:1,very_low
prod_oy_a000000247596,오우즈너리,[NEW/화잘먹/비타속광] 오우즈너리 비타3 푸딩 크림 50ml,cream,true,5,5.000,5,1.0000,0,0.0000,2,0.4000,3,0.6000,73.200,복합성:2;건성:1,봄웜톤:2;가을웜톤:1,각질:2;잡티:2;미백:1;주름:1,very_low
prod_oy_a000000011100,엠도씨,엠도씨 워터드롭 스킨 에센스 100ml,serum,true,4,4.750,4,1.0000,1,0.2500,1,0.2500,1,0.2500,3.000,복합성:1,가을웜톤:1,주름:1,very_low
prod_oy_a000000136537,바이오더마,바이오더마 에이비씨덤 페리오랄 40ml,cream,true,4,4.500,4,1.0000,0,0.0000,1,0.2500,2,0.5000,0.250,복합성:1;지성:1,봄웜톤:1;쿨톤:1,각질:1;미백:1;잡티:1;트러블:1,very_low
prod_oy_a000000137162,엠도씨,엠도씨 울트라 수분 크림 100ml,cream,true,4,4.500,4,1.0000,0,0.0000,0,0.0000,2,0.5000,0.000,복합성:2,겨울쿨톤:1;봄웜톤:1,블랙헤드:2;미백:1,very_low
prod_oy_a000000141033,허브노트,허브노트 스네일 리페어 앰플 45ml,serum,true,4,4.000,4,1.0000,0,0.0000,1,0.2500,0,0.0000,0.250,,,,very_low
prod_oy_a000000173994,글로오아시스,글로오아시스 프로바이오틱스 플러스 애프리콧 오일 밀크듀 밸런싱 토너 120ml,toner,true,4,5.000,4,1.0000,1,0.2500,1,0.2500,1,0.2500,2.250,지성:1,,각질:1;트러블:1,very_low
prod_oy_a000000204652,더후,더후 공진향 탄력 밸런싱 토너 150ml,toner,true,4,4.000,4,1.0000,0,0.0000,0,0.0000,1,0.2500,0.000,복합성:1,봄웜톤:1,잡티:1;트러블:1,very_low
prod_oy_a000000210171,피토메르,피토메르 로제비자쥐 250ml,toner,true,4,4.500,4,1.0000,2,0.5000,0,0.0000,4,1.0000,0.000,복합성:3;지성:1,쿨톤:3;봄웜톤:1,잡티:3;주름:3;블랙헤드:1;트러블:1,very_low
prod_oy_a000000211495,설화수,설화수 맨 본윤에센스 140ml,serum,true,4,4.750,4,1.0000,0,0.0000,0,0.0000,2,0.5000,1.250,건성:2,여름쿨톤:2,각질:1;미백:1;주름:1;탄력:1,very_low
prod_oy_a000000213387,더마라인,더마라인 디렉소 PDRN 솔루션 액티빙 에멀전 200ml,lotion,true,4,5.000,4,1.0000,0,0.0000,2,0.5000,0,0.0000,1.000,,,,very_low
prod_oy_a000000214200,케어놀로지,케어놀로지 리블루 리제너레이팅 세럼 50ml,serum,true,4,4.750,4,1.0000,0,0.0000,1,0.2500,2,0.5000,99.000,민감성:1;복합성:1,겨울쿨톤:1;봄웜톤:1,민감성:1;블랙헤드:1;주름:1;트러블:1,very_low
prod_oy_a000000214261,키엘,키엘 파워풀 스트렝스 라인 리듀싱 콘센트레이트 50ml,serum,true,4,5.000,4,1.0000,1,0.2500,1,0.2500,2,0.5000,1.000,복합성:2,여름쿨톤:1;쿨톤:1,모공:1;미백:1;잡티:1;주름:1,very_low
prod_oy_a000000214753,올리고더미,올리고더미 카렌듈라 토닝로션 500ml,toner,true,4,5.000,4,1.0000,3,0.7500,0,0.0000,0,0.0000,0.000,,,,very_low
prod_oy_a000000214850,바버,[속건조개선] 바버 앰플 컨센트레이트 하이드라 플러스 2ml*7ea,serum,true,4,4.250,4,1.0000,0,0.0000,1,0.2500,1,0.2500,2.250,지성:1,겨울쿨톤:1,블랙헤드:1;잡티:1,very_low
prod_oy_a000000219144,에르쯔틴,에르쯔틴 리제너레이티브 실트 토너 150ml,toner,true,4,4.750,4,1.0000,0,0.0000,1,0.2500,2,0.5000,450.000,건성:1;복합성:1,겨울쿨톤:1;쿨톤:1,미백:1;민감성:1;잡티:1;주름:1,very_low
prod_oy_a000000224691,더마라인,더마라인 디렉소 바쿠치올 퍼밍 솔루션 앰플 35ml,serum,true,4,5.000,4,1.0000,0,0.0000,0,0.0000,1,0.2500,1.000,지성:1,웜톤:1,민감성:1;블랙헤드:1,very_low
prod_oy_a000000225460,크리니크,크리니크 멜라닌안녕세럼 30ml 기획 (+10ml*2 증정),serum,true,4,4.500,4,1.0000,0,0.0000,4,1.0000,2,0.5000,4.250,복합성:2,겨울쿨톤:1;쿨톤:1,잡티:2;민감성:1;탄력:1,very_low
prod_oy_a000000228046,유리아쥬,[피지케어/수분크림] 유리아쥬 이제악 매트 40ml,cream,true,4,4.250,4,1.0000,0,0.0000,0,0.0000,1,0.2500,3.750,지성:1,가을웜톤:1,블랙헤드:1;트러블:1,very_low
prod_oy_a000000237819,비건이펙트,"[보습,탄력케어]비건이펙트 콜라겐 NMN 캡슐 크림 50ml",cream,true,4,4.750,4,1.0000,1,0.2500,0,0.0000,0,0.0000,5.500,,,,very_low
prod_oy_a000000241360,라씨엘르,[초마드 PICK] 라씨엘르 신선초 진정에이징 핏 크림 50ml,cream,true,4,5.000,4,1.0000,0,0.0000,1,0.2500,0,0.0000,7.250,,,,very_low
prod_oy_a000000241577,닥터엘시아,[수분크림] 닥터엘시아 아쿠아 마린 워터리 크림 50ml,cream,true,4,5.000,4,1.0000,0,0.0000,0,0.0000,1,0.2500,12.500,지성:1,겨울쿨톤:1,각질:1;트러블:1,very_low
prod_oy_a000000242686,미닉,[급속진정/한겹장벽] 미닉 퍼펙트 콜라드 그린 진정 크림 80ml,cream,true,4,4.750,4,1.0000,0,0.0000,0,0.0000,2,0.5000,0.000,건성:1;지성:1,웜톤:1;쿨톤:1,민감성:1;블랙헤드:1,very_low
prod_oy_a000000244213,바이오던스,바이오던스 하이드로 세라놀 세럼 30ml,serum,true,4,4.500,4,1.0000,0,0.0000,0,0.0000,0,0.0000,0.500,,,,very_low
prod_oy_a000000246575,톰,[보습장벽케어] 톰 히알루론산 부스트 앰플 50g,serum,true,4,5.000,4,1.0000,0,0.0000,0,0.0000,0,0.0000,2.750,,,,very_low
prod_oy_a000000246577,톰,[속탄력 개선] 톰 콜라겐 부스트 앰플 50g,serum,true,4,5.000,4,1.0000,0,0.0000,1,0.2500,2,0.5000,16.750,건성:1;복합성:1,겨울쿨톤:1;쿨톤:1,각질:1;모공:1;미백:1,very_low
prod_oy_a000000248097,비긴스 바이 정샘물,[10만나노히알/3초수분플럼핑]비긴스바이정샘물 블루 수국 히알 수분세럼 30ml,serum,true,4,5.000,4,1.0000,0,0.0000,0,0.0000,0,0.0000,0.000,,,,very_low
prod_oy_a000000252302,랑콤,[NEW] 랑콤 레네르지 콜라겐 리프트 익스텐드 크림 50ml,cream,true,4,3.500,4,1.0000,0,0.0000,0,0.0000,1,0.2500,11.750,민감성:1,여름쿨톤:1,블랙헤드:1;트러블:1,very_low
prod_oy_a000000252722,식물나라,[NEW] 식물나라 어린녹차 촉촉 진정 젤 크림 100ml,toner,true,4,4.750,4,1.0000,0,0.0000,0,0.0000,3,0.7500,29.250,지성:2;복합성:1,웜톤:2;쿨톤:1,잡티:3;미백:2;블랙헤드:1,very_low
prod_oy_a000000255843,파티온,[NEW/수분회복]파티온 포도당 하이드로 액티브 세럼 70ml 기획(+리필40ml),serum,true,4,4.500,4,1.0000,1,0.2500,2,0.5000,0,0.0000,50.000,,,,very_low
prod_oy_a000000256038,VT,[영서PICK/쿨링/진정] VT 피디알엔 캡슐크림 100 50ml,cream,true,4,4.750,4,1.0000,0,0.0000,1,0.2500,3,0.7500,160.250,건성:1;복합성:1;지성:1,봄웜톤:1;여름쿨톤:1;웜톤:1,각질:1;블랙헤드:1;잡티:1;트러블:1;피지과다:1,very_low
prod_oy_a000000257195,비욘드,[NEW] 비욘드 엔젤 아쿠아 이온 히알루 10% 수분 진정 토너 350ml,toner,true,4,4.500,4,1.0000,0,0.0000,3,0.7500,1,0.2500,212.000,복합성:1,겨울쿨톤:1,각질:1;잡티:1,very_low
prod_oy_a000000258296,토리든,[NEW] 토리든 다이브인 저분자 히알루론산 수딩 크림 100ml,cream,true,4,5.000,4,1.0000,0,0.0000,0,0.0000,3,0.7500,49.500,복합성:2;건성:1,봄웜톤:1;여름쿨톤:1;웜톤:1,민감성:2;미백:1;잡티:1;탄력:1,very_low
prod_oy_b000000191866,센텔리안24,센텔리안24 부스팅 샷 젤 150ml (업체배송),serum,true,4,4.750,4,1.0000,0,0.0000,0,0.0000,2,0.5000,0.000,지성:1;트러블성:1,쿨톤:2,각질:1;모공:1;피지과다:1,very_low
prod_oy_a000000151890,생블랑쉬,생블랑쉬 퓨어토너 300ml,toner,true,3,4.000,3,1.0000,0,0.0000,0,0.0000,2,0.6667,0.000,민감성:1;복합성:1,웜톤:2,잡티:2;미백:1;주름:1,very_low
prod_oy_a000000154626,달팡,달팡 인트랄 액티브 스태빌라이징 로션 100ml,serum,true,3,4.000,3,1.0000,0,0.0000,0,0.0000,1,0.3333,0.000,건성:1,웜톤:1,다크서클:1;잡티:1,very_low
prod_oy_a000000155351,더말로지카,[속보습/보송피부결] 더말로지카 딥모이스춰 스킨 스무딩 크림 50ml,cream,true,3,4.333,3,1.0000,1,0.3333,0,0.0000,1,0.3333,0.000,복합성:1,쿨톤:1,미백:1;잡티:1,very_low
prod_oy_a000000176958,에스티로더,에스티 로더 리바이탈라이징 수프림+ 유스 파워 소프트 크림 15ml,cream,true,3,5.000,3,1.0000,0,0.0000,2,0.6667,3,1.0000,11.667,복합성:2;지성:1,웜톤:2;쿨톤:1,잡티:3;주름:2;미백:1,very_low
prod_oy_a000000181633,눅스,[광채잡티세럼]눅스 슈퍼 세럼 10 30ml,serum,true,3,4.667,3,1.0000,2,0.6667,0,0.0000,0,0.0000,2.667,,,,very_low
prod_oy_a000000201642,로우퀘스트,로우퀘스트 에키네시아 카밍 모이스처 앰플 50ml,serum,true,3,5.000,3,1.0000,0,0.0000,0,0.0000,0,0.0000,0.000,,,,very_low
prod_oy_a000000201753,톡스앤필,[진정보습/장벽케어] 톡스앤필 판테놀 세럼 30ml,serum,true,3,5.000,3,1.0000,0,0.0000,0,0.0000,1,0.3333,0.000,민감성:1,웜톤:1,민감성:1;트러블:1,very_low
prod_oy_a000000213950,연작,연작 카밍 앤 컴포팅 토너 150ml,toner,true,3,5.000,3,1.0000,0,0.0000,0,0.0000,0,0.0000,3.333,,,,very_low
prod_oy_a000000214176,키엘,키엘 울트라 훼이셜 모이스춰라이저 125ml,lotion,true,3,4.667,3,1.0000,0,0.0000,1,0.3333,2,0.6667,0.667,건성:2,겨울쿨톤:1;쿨톤:1,민감성:1;잡티:1;주름:1,very_low
prod_oy_a000000214201,케어놀로지,케어놀로지 리블루 울트라 리페어 크림 50ml,cream,true,3,5.000,3,1.0000,1,0.3333,3,1.0000,2,0.6667,198.667,민감성:2,겨울쿨톤:2,민감성:2;주름:2,very_low
prod_oy_a000000214302,코이,[고현정 PICK] 코이 플로우 셀코드 크라이오 크림 50ml,cream,true,3,5.000,3,1.0000,0,0.0000,1,0.3333,0,0.0000,0.333,,,,very_low
prod_oy_a000000215197,그라운드플랜,[수분지속로션] 그라운드플랜 젤모이스처 110ml,lotion,true,3,5.000,3,1.0000,0,0.0000,0,0.0000,1,0.3333,0.000,트러블성:1,쿨톤:1,미백:1;주름:1,very_low
prod_oy_a000000221943,닥터엘시아,닥터엘시아 젠틀 비타민 C 부스팅 세럼 30ml,serum,true,3,5.000,3,1.0000,0,0.0000,0,0.0000,0,0.0000,3.333,,,,very_low
prod_oy_a000000222711,라네즈,[수분플럼핑] 라네즈 바운시&펌 세럼 30ml,serum,true,3,4.667,3,1.0000,0,0.0000,0,0.0000,1,0.3333,0.000,,,다크서클:1,very_low
prod_oy_a000000224690,더마라인,더마라인 디렉소 밀크 엑소좀 솔루션 앰플 35ml,serum,true,3,5.000,3,1.0000,0,0.0000,2,0.6667,2,0.6667,47.000,건성:1;민감성:1,웜톤:1;쿨톤:1,미백:1;민감성:1;잡티:1;트러블:1,very_low
prod_oy_a000000224862,오휘,오휘 프라임 어드밴서 디에이징 PDRN 부스터샷 50ml,serum,true,3,5.000,3,1.0000,2,0.6667,0,0.0000,3,1.0000,0.000,민감성:3,봄웜톤:3,민감성:3;붉은기:3,very_low
prod_oy_a000000225907,리엔케이,[NEW] 리엔케이 하이퍼 히알 플럼핑 토너 200ml,toner,true,3,5.000,3,1.0000,3,1.0000,3,1.0000,0,0.0000,44.667,,,,very_low
prod_oy_a000000226844,네이처리퍼블릭,네이처리퍼블릭 비타페어C PDRN 광채 세럼 30ml,serum,true,3,5.000,3,1.0000,1,0.3333,0,0.0000,0,0.0000,0.000,,,,very_low
prod_oy_a000000228896,코스메쉐프,[이수향 PICK] 코스메쉐프 백당고 막걸리 백옥빛 기미앰플 30ml_백당고앰플,serum,true,3,4.667,3,1.0000,0,0.0000,1,0.3333,0,0.0000,1.667,,,,very_low
prod_oy_a000000229723,LBB,[뿌리는 진정토너]LBB 모이스처라이징 프라임 토너 100ml,toner,true,3,4.333,3,1.0000,0,0.0000,1,0.3333,1,0.3333,7.333,복합성:1,겨울쿨톤:1,주름:1;트러블:1,very_low
prod_oy_a000000229724,LBB,LBB 인텐시브 케어 인 크림 50ml,cream,true,3,5.000,3,1.0000,0,0.0000,0,0.0000,0,0.0000,0.667,,,,very_low
prod_oy_a000000231465,밀크터치,밀크터치 서양송악 그린히알루론 6초 수분 크림 50g,cream,true,3,5.000,3,1.0000,0,0.0000,1,0.3333,2,0.6667,3.000,건성:2,웜톤:1;쿨톤:1,가려움:1;민감성:1;탄력:1,very_low
prod_oy_a000000236432,랑콤,랑콤 레네르지 에이치피엔 울트라 크림 50ml,cream,true,3,5.000,3,1.0000,1,0.3333,0,0.0000,0,0.0000,0.000,,,,very_low
prod_oy_a000000237568,더후,[NEW] 더후 비첩 자생 에센스 어드벤트 캘린더,serum,true,3,5.000,3,1.0000,0,0.0000,0,0.0000,2,0.6667,0.667,건성:1;복합성:1,웜톤:1,잡티:2;각질:1;미백:1,very_low
prod_oy_a000000237821,비건이펙트,[NEW/속탄력강화] 비건이펙트 콜라겐 NMN 세럼 30ml,serum,true,3,5.000,3,1.0000,0,0.0000,0,0.0000,0,0.0000,0.667,,,,very_low
prod_oy_a000000237931,메디앤서,[리프팅UP]메디앤서 레티노이드 리프트실 세럼 30ml,serum,true,3,4.000,3,1.0000,0,0.0000,1,0.3333,1,0.3333,44.000,복합성:1,웜톤:1,각질:1;잡티:1,very_low
prod_oy_a000000242750,빌리프,빌리프 프라블럼 솔루션 비건 PHA 클리어링 토너 150ml,toner,true,3,5.000,3,1.0000,0,0.0000,1,0.3333,2,0.6667,12.333,건성:1;복합성:1,웜톤:1;쿨톤:1,미백:2;잡티:2,very_low
prod_oy_a000000245710,디오디너리,[산뜻보습] 디오디너리 라이스 리피즈 + 엑토인 마이크로에멀전 120ml,lotion,true,3,5.000,3,1.0000,0,0.0000,1,0.3333,0,0.0000,69.333,,,,very_low
prod_oy_a000000248581,설화수,[NEW/미백] 설화수 자정앰플세럼 30ml 단품/기획,serum,true,3,5.000,3,1.0000,0,0.0000,1,0.3333,2,0.6667,160.000,건성:1;복합성:1,가을웜톤:2,각질:1;민감성:1;잡티:1;주름:1,very_low
prod_oy_a000000248935,더마픽스,더마픽스 리얼콜라겐 텐션업 멀티스틱밤 3g,cream,true,3,4.667,3,1.0000,0,0.0000,0,0.0000,1,0.3333,1.667,민감성:1,웜톤:1,트러블:1,very_low
prod_oy_a000000249538,그라운드플랜,[수분지속로션] 그라운드플랜 젤모이스처 120ml,lotion,true,3,5.000,3,1.0000,0,0.0000,0,0.0000,1,0.3333,0.000,트러블성:1,쿨톤:1,미백:1;주름:1,very_low
prod_oy_a000000252669,SVR,[손상피부개선]SVR 시카비트+ 크림 HPPI 40ml,cream,true,3,5.000,3,1.0000,0,0.0000,0,0.0000,1,0.3333,29.667,지성:1,가을웜톤:1,잡티:1;트러블:1,very_low
prod_oy_a000000254803,앰플엔,[NEW 탄력스피큘] 앰플엔 하이퍼샷 펩타이드 앰플 50ml,serum,true,3,4.333,3,1.0000,0,0.0000,0,0.0000,2,0.6667,30.667,건성:1;복합성:1,겨울쿨톤:1;웜톤:1,미백:1;블랙헤드:1;잡티:1;주름:1,very_low
prod_oy_a000000256365,마일드랩,마일드랩 센텔라 오인트 크림 30g,cream,true,3,5.000,3,1.0000,0,0.0000,2,0.6667,2,0.6667,244.667,건성:1;민감성:1,여름쿨톤:1;쿨톤:1,잡티:1;주름:1;탄력:1;피지과다:1,very_low
prod_oy_a000000118247,엠브리올리스,엠브리올리스 오 드 보떼 로자멜리스 200ml,toner,true,2,5.000,2,1.0000,0,0.0000,1,0.5000,1,0.5000,5.500,복합성:1,쿨톤:1,블랙헤드:1,very_low
prod_oy_a000000147164,생블랑쉬,생블랑쉬 바이탈부스트크림 30ml,cream,true,2,4.500,2,1.0000,0,0.0000,0,0.0000,0,0.0000,1.500,,,,very_low
prod_oy_a000000150519,썸바이미,썸바이미 아하.바하.파하 30데이즈 미라클 크림 60g,serum,true,2,4.000,2,1.0000,0,0.0000,0,0.0000,2,1.0000,31.500,민감성:1;지성:1,봄웜톤:1,트러블:2;민감성:1;블랙헤드:1,very_low
prod_oy_a000000157768,바비브라운,바비 브라운 하이드레이팅 페이스 토닉,toner,true,2,5.000,2,1.0000,0,0.0000,0,0.0000,1,0.5000,0.000,복합성:1,쿨톤:1,민감성:1;트러블:1,very_low
prod_oy_a000000166922,씨널스,씨널스 씨트러스트 카밍 크림 50ml,cream,true,2,3.000,2,1.0000,0,0.0000,0,0.0000,1,0.5000,2.000,복합성:1,가을웜톤:1,미백:1;트러블:1,very_low
prod_oy_a000000168272,미구하라,미구하라 울트라 화이트닝 퍼스트 에센스 오리진 120ml,serum,true,2,3.500,2,1.0000,0,0.0000,0,0.0000,0,0.0000,0.000,,,,very_low
prod_oy_a000000168274,미구하라,미구하라 화이트닝 인텐시브 크림 30ml,cream,true,2,5.000,2,1.0000,0,0.0000,0,0.0000,0,0.0000,0.000,,,,very_low
prod_oy_a000000174929,폴라초이스,폴라초이스 C5 슈퍼 부스트 수분크림 50ml,cream,true,2,5.000,2,1.0000,0,0.0000,0,0.0000,1,0.5000,0.000,지성:1,웜톤:1,잡티:1;트러블:1,very_low
prod_oy_a000000186195,숨37,숨37 워터풀 마린 릴리프 젤 크림 30ml/50ml 단품/기획,cream,true,2,5.000,2,1.0000,0,0.0000,0,0.0000,0,0.0000,0.000,,,,very_low
prod_oy_a000000191805,오휘,오휘 미라클 모이스처 세라마이드 부스팅 크림 50ml,cream,true,2,5.000,2,1.0000,0,0.0000,0,0.0000,0,0.0000,0.000,,,,very_low
prod_oy_a000000197985,썸바이미,썸바이미 레티놀 인텐스 리엑티베이팅 세럼 30ml,serum,true,2,4.500,2,1.0000,0,0.0000,0,0.0000,1,0.5000,0.000,지성:1,봄웜톤:1,미백:1;잡티:1,very_low
prod_oy_a000000200201,닥터하우쉬카,닥터하우쉬카 로즈 데이 크림 라이트 30ml,cream,true,2,5.000,2,1.0000,0,0.0000,1,0.5000,1,0.5000,189.000,복합성:1,웜톤:1,모공:1;민감성:1,very_low
prod_oy_a000000204649,더후,더후 공진향 탄력 에멀젼 110ml,lotion,true,2,4.500,2,1.0000,0,0.0000,0,0.0000,2,1.0000,0.000,복합성:2,가을웜톤:1;봄웜톤:1,트러블:2;미백:1;잡티:1,very_low
prod_oy_a000000210950,운스트라움,운스트라움 디 오리진 미스트 토너 150ml,toner,true,2,5.000,2,1.0000,0,0.0000,0,0.0000,1,0.5000,0.000,지성:1,봄웜톤:1,각질:1;잡티:1,very_low
prod_oy_a000000211493,설화수,설화수 맨 본윤유액 90ml,lotion,true,2,5.000,2,1.0000,0,0.0000,0,0.0000,0,0.0000,4.000,,,,very_low
prod_oy_a000000214272,키엘,[OY단독/1위세럼] 키엘 울트라 퓨어 하이-포텐시 세럼 9.8% 글라이콜릭애씨드 30ml,serum,true,2,3.500,2,1.0000,0,0.0000,1,0.5000,0,0.0000,0.500,,,,very_low
prod_oy_a000000214999,바버,[탄력&리프팅]바버 앰플 컨센트레이트 콜라겐 부스터 2ml*7ea,serum,true,2,4.000,2,1.0000,0,0.0000,2,1.0000,0,0.0000,5.000,,,,very_low
prod_oy_a000000215212,그라운드플랜,[수분농축에센스] 그라운드플랜 에센스 콤팩트 40ml,serum,true,2,5.000,2,1.0000,0,0.0000,0,0.0000,0,0.0000,0.000,,,,very_low
prod_oy_a000000218995,아렌시아,[NEW/백옥광채] 아렌시아 라이스 뮤신 글로우 세럼 30 50g,serum,true,2,4.000,2,1.0000,0,0.0000,0,0.0000,1,0.5000,2.000,복합성:1,여름쿨톤:1,민감성:1;잡티:1,very_low
prod_oy_a000000224687,더마라인,더마라인 디렉소 펩타이드 콤플렉스 솔루션 앰플 35ml,serum,true,2,5.000,2,1.0000,0,0.0000,0,0.0000,0,0.0000,0.000,,,,very_low
prod_oy_a000000224692,더마라인,더마라인 디렉소 글루타치온 토닝 솔루션 앰플 35ml,serum,true,2,5.000,2,1.0000,0,0.0000,0,0.0000,1,0.5000,9.000,건성:1,웜톤:1,각질:1;잡티:1,very_low
prod_oy_a000000226541,아떼,[장벽개선/쫀쫀크림] 아떼 포스트 레이저 리페어 크림 50ml,cream,true,2,5.000,2,1.0000,0,0.0000,1,0.5000,1,0.5000,8.000,민감성:1,여름쿨톤:1,미백:1;잡티:1,very_low
prod_oy_a000000229539,에스테덤,에스테덤 셀룰러 워터 프레쉬 젤 40ml,cream,true,2,5.000,2,1.0000,0,0.0000,0,0.0000,1,0.5000,7.500,건성:1,봄웜톤:1,민감성:1;탄력:1,very_low
prod_oy_a000000229952,클랍,[독일1위앰플] 클랍 30데이 안티에이징 앰플 프로그램,serum,true,2,5.000,2,1.0000,0,0.0000,0,0.0000,1,0.5000,36.000,복합성:1,겨울쿨톤:1,트러블:1,very_low
prod_oy_a000000229955,스킨앤랩,[촉촉토너] 스킨앤랩 베리어덤 모이스처 부스팅 토너 300ml,toner,true,2,3.000,2,1.0000,0,0.0000,1,0.5000,0,0.0000,10.500,,,,very_low
prod_oy_a000000232996,빌리프,[NEW] 빌리프 맨올로지 프로텍티브 엑토인 토너 150ml,toner,true,2,5.000,2,1.0000,0,0.0000,0,0.0000,1,0.5000,0.000,건성:1,겨울쿨톤:1,미백:1;잡티:1,very_low
prod_oy_a000000232999,빌리프,[NEW] 빌리프 맨올로지 프로텍티브 엑토인 에멀전 125ml,lotion,true,2,4.500,2,1.0000,0,0.0000,0,0.0000,1,0.5000,0.000,건성:1,겨울쿨톤:1,미백:1;잡티:1,very_low
prod_oy_a000000235267,키엘,키엘 울트라 훼이셜 오일-프리 젤 크림 리필 파우치 150ml,cream,true,2,5.000,2,1.0000,0,0.0000,0,0.0000,0,0.0000,0.000,,,,very_low
prod_oy_a000000236433,랑콤,랑콤 레네르지 트리플 세럼 50ml,serum,true,2,5.000,2,1.0000,0,0.0000,1,0.5000,0,0.0000,2.000,,,,very_low
prod_oy_a000000236436,랑콤,랑콤 클라리피끄 에멀전 75ml,lotion,true,2,5.000,2,1.0000,0,0.0000,0,0.0000,0,0.0000,0.000,,,,very_low
prod_oy_a000000238573,오아조,[티벳동생 공동개발] 오아조 피디알엔 쓰리디 부스팅 앰플 30ml,serum,true,2,5.000,2,1.0000,0,0.0000,0,0.0000,1,0.5000,0.000,복합성:1,,,very_low
prod_oy_a000000242748,빌리프,빌리프 프라블럼 솔루션 비건 에센스 50ml,serum,true,2,5.000,2,1.0000,1,0.5000,2,1.0000,0,0.0000,200.000,,,,very_low
prod_oy_a000000248243,피캄,[피부볼륨 플럼핑효과/피부수분 20겹개선] 피캄 PDRN 카페인 블루캡슐 11 세럼 30ml,serum,true,2,5.000,2,1.0000,0,0.0000,0,0.0000,2,1.0000,0.000,복합성:1;지성:1,겨울쿨톤:1;웜톤:1,트러블:2;각질:1;잡티:1,very_low
prod_oy_a000000251814,가쉬,[진정/흔적케어] 가쉬 타겟티드 블레미쉬 겔 미스트 100ml,toner,true,2,5.000,2,1.0000,0,0.0000,0,0.0000,1,0.5000,40.500,지성:1,웜톤:1,각질:1;주름:1,very_low
prod_oy_a000000257834,퍼셀,퍼셀 80억/mL 글루타치온 TXA 캡슐 크림 80ml,cream,true,2,5.000,2,1.0000,0,0.0000,0,0.0000,1,0.5000,40.000,민감성:1,쿨톤:1,민감성:1;탄력:1,very_low
prod_oy_b000000187885,센텔리안24,센텔리안24 히알루론산 톡스 부스팅 앰플 (업체배송),serum,true,2,4.000,2,1.0000,0,0.0000,0,0.0000,1,0.5000,0.000,복합성:1,,각질:1;트러블:1,very_low
prod_oy_a000000104146,크리니크,크리니크 안티-블레미쉬 솔루션 올-오버 클리어링 트리트먼트 오일-프리 50ml,lotion,true,1,5.000,1,1.0000,0,0.0000,0,0.0000,0,0.0000,0.000,,,,very_low
prod_oy_a000000156779,블리블리,블리블리 인진쑥 리턴 크림,cream,true,1,5.000,1,1.0000,0,0.0000,0,0.0000,0,0.0000,0.000,,,,very_low
prod_oy_a000000178990,비마이셀프,비마이셀프 C2 워터플럼핑 토너 200ml,toner,true,1,4.000,1,1.0000,0,0.0000,1,1.0000,1,1.0000,9.000,복합성:1,가을웜톤:1,민감성:1;트러블:1,very_low
prod_oy_a000000178993,비마이셀프,비마이셀프 AX 퓨어 비타C 15 앰플 15ml,serum,true,1,5.000,1,1.0000,0,0.0000,1,1.0000,1,1.0000,18.000,복합성:1,가을웜톤:1,민감성:1;트러블:1,very_low
prod_oy_a000000192057,맥,MAC 하이퍼 리얼 스킨캔버스 밤,cream,true,1,3.000,1,1.0000,0,0.0000,0,0.0000,0,0.0000,0.000,,,,very_low
prod_oy_a000000192059,맥,MAC 하이퍼 리얼 세러마이저,serum,true,1,5.000,1,1.0000,0,0.0000,1,1.0000,0,0.0000,9.000,,,,very_low
prod_oy_a000000199669,슬로소피,슬로소피 뉴티놀 토너 150ml,toner,true,1,5.000,1,1.0000,0,0.0000,0,0.0000,0,0.0000,0.000,,,,very_low
prod_oy_a000000204638,더후,더후 로얄레지나 에너제틱 리페어 세럼 30ml,serum,true,1,5.000,1,1.0000,0,0.0000,1,1.0000,0,0.0000,2.000,,,,very_low
prod_oy_a000000204639,더후,더후 로얄레지나 에너지드롭 트리트먼트 75ml,toner,true,1,5.000,1,1.0000,0,0.0000,0,0.0000,0,0.0000,0.000,,,,very_low
prod_oy_a000000210141,피토메르,피토메르 이드라 오리지널 멜팅크림 30ml,cream,true,1,5.000,1,1.0000,0,0.0000,0,0.0000,0,0.0000,0.000,,,,very_low
prod_oy_a000000211930,LBB,[100시간 수분보습]LBB 올 데이 케어 인 로션 50ml,lotion,true,1,5.000,1,1.0000,0,0.0000,1,1.0000,0,0.0000,1.000,,,,very_low
prod_oy_a000000213287,오드로이,오드로이 74퍼센트 블랙빈 앰플 로프디 50ml,serum,true,1,5.000,1,1.0000,0,0.0000,0,0.0000,0,0.0000,0.000,,,,very_low
prod_oy_a000000214852,바버,[광채&미백]바버 앰플 컨센트레이트 멀티 비타민 2ml*7ea,serum,true,1,3.000,1,1.0000,0,0.0000,0,0.0000,0,0.0000,0.000,,,,very_low
prod_oy_a000000215000,바버,[트러블개선]바버 앰플 컨센트레이트 액티브 퓨리파이어 2ml*7ea,serum,true,1,5.000,1,1.0000,0,0.0000,0,0.0000,1,1.0000,0.000,지성:1,봄웜톤:1,미백:1;잡티:1,very_low
prod_oy_a000000226179,에스테덤,[패키지 리뉴얼]에스테덤 인텐시브 프로 콜라겐+ 크림 50ml,cream,true,1,5.000,1,1.0000,0,0.0000,0,0.0000,1,1.0000,36.000,트러블성:1,여름쿨톤:1,민감성:1;트러블:1,very_low
prod_oy_a000000229542,에스테덤,에스테덤 인텐시브 비타민 C 젤 크림 50ml,cream,true,1,5.000,1,1.0000,0,0.0000,0,0.0000,1,1.0000,0.000,복합성:1,쿨톤:1,각질:1;잡티:1,very_low
prod_oy_a000000230928,SVR,[관리 효과 극대화 생기 토닝 크림] SVR 바이오틱 C20 크림 50ml,cream,true,1,5.000,1,1.0000,0,0.0000,1,1.0000,0,0.0000,2.000,,,,very_low
prod_oy_a000000230943,SVR,[미네랄 수분 부스팅 토너] SVR 피지오퓨어 토너 200ml,toner,true,1,5.000,1,1.0000,0,0.0000,0,0.0000,1,1.0000,18.000,지성:1,가을웜톤:1,잡티:1;트러블:1,very_low
prod_oy_a000000232991,빌리프,[NEW] 빌리프 맨101 아쿠아 리프레셔 125ml,serum,true,1,5.000,1,1.0000,0,0.0000,0,0.0000,0,0.0000,4.000,,,,very_low
prod_oy_a000000233004,미닉,[민감지성피부/유분케어] 미닉 노세범 블루 캐모마일 수분 쿨링 젤 로션 80ml,lotion,true,1,5.000,1,1.0000,0,0.0000,0,0.0000,1,1.0000,0.000,트러블성:1,쿨톤:1,트러블:1,very_low
prod_oy_a000000239819,헤라,[NEW] 헤라 컴피 컨디셔닝 에센스 150g,serum,true,1,3.000,1,1.0000,0,0.0000,0,0.0000,1,1.0000,0.000,민감성:1,여름쿨톤:1,블랙헤드:1;트러블:1,very_low
prod_oy_a000000247202,아벤느,[민감/진정크림]아벤느 똘레랑스 하이드레이팅 크림 40ml,cream,true,1,5.000,1,1.0000,0,0.0000,1,1.0000,0,0.0000,6.000,,,,very_low
prod_oy_a000000249099,이즈앤트리,[리뉴얼] 이즈앤트리 어니언 뉴페어 앰플 플러스 50ml,serum,true,1,5.000,1,1.0000,0,0.0000,0,0.0000,1,1.0000,18.000,민감성:1,여름쿨톤:1,블랙헤드:1;트러블:1,very_low
prod_oy_a000000255069,허블룸,[NEW] 허블룸 콤부차 플랜트 바이옴 세럼 50ml,serum,true,1,5.000,1,1.0000,0,0.0000,0,0.0000,1,1.0000,72.000,트러블성:1,가을웜톤:1,잡티:1;트러블:1,very_low
prod_oy_a000000257200,비욘드,[NEW] 비욘드 엔젤 아쿠아 이온 히알루 10% 수분 가득 진정 앰플 50ml 1+1 기획,serum,true,1,5.000,1,1.0000,0,0.0000,0,0.0000,0,0.0000,12.000,,,,very_low
prod_oy_a000000258047,넘버즈인,[탄력광채] 넘버즈인 9번 나드 바이오 리프팅 원액 에센스 50ml,serum,true,1,5.000,1,1.0000,0,0.0000,0,0.0000,0,0.0000,8.000,,,,very_low
