doc_id,source_type,source_id,text
doc_prod_oy_a000000002839,product,prod_oy_a000000002839,"상품명: 바이오더마 센시비오 토너 250ml
브랜드: 바이오더마
카테고리: TONER
주요 전성분: 정제수, 글리세린, 자일리톨, 폴리솔베이트20, 피이지-40하이드로제네이티드캐스터오일, 다이소듐이디티에이, 알란토인, 세트리모늄브로마이드, 프로필렌글라이콜, 오이열매추출물"
doc_prod_oy_a000000002848,product,prod_oy_a000000002848,"상품명: [SNS 대란템]바이오더마 세비엄 포어 리파이너
브랜드: 바이오더마
카테고리: CREAM
주요 전성분: 정제수, 메틸메타크릴레이트크로스폴리머, 다이프로필렌글라이콜, 사이클로펜타실록세인, 사이클로헥사실록세인, 다이메티콘, 글리세린, 부틸렌글라이콜, 말굽잔나비버섯추출물, 소듐폴리아크릴레이트"
doc_prod_oy_a000000004434,product,prod_oy_a000000004434,"상품명: 바이오더마 하이드라비오 토너 250ml
브랜드: 바이오더마
카테고리: TONER
주요 전성분: 정제수, 글리세린, 폴리솔베이트20, 다이소듐이디티에이, 세트리모늄브로마이드, 나이아신아마이드, 자일리톨, 알란토인, 프룩토올리고사카라이드, 만니톨"
doc_prod_oy_a000000005336,product,prod_oy_a000000005336,"상품명: 바이오더마 하이드라비오 세럼 40ml
브랜드: 바이오더마
카테고리: SERUM
주요 전성분: 정제수, 글리세린, 자일리톨, 소듐폴리아크릴레이트, 다이메티콘, 사이클로펜타실록세인, 페녹시에탄올, 클로페네신, 트라이데세스-6, 다이소듐이디티에이"
doc_prod_oy_a000000010471,product,prod_oy_a000000010471,"상품명: 라로슈포제 에빠끌라 MAT 세보 컨트롤링 모이스춰라이저
브랜드: 라로슈포제
카테고리: CREAM
주요 전성분: 정제수, 글리세린, 디메치콘, 이소세틸스테아레이트, 변성알코올, 실리카, 디메치콘/비닐디메치콘크로스폴리머아크릴아마이드/소듐아크릴로일디메칠타우레이트코폴리머, 메칠메타크릴레이트크로스폴리머, 부틸렌글라이콜, 피이지-100스테아레이트"
doc_prod_oy_a000000012809,product,prod_oy_a000000012809,"상품명: 피지오겔 DMT 데일리 보습 페이셜 로션 200ml
브랜드: 피지오겔
카테고리: LOTION
주요 전성분: 정제수, 카프릴릭/카프릭트라이글리세라이드, 글리세린, 펜틸렌글라이콜, 코코넛야자오일, 오일팜오일, 시어버터, 올리브오일, 하이드로제네이티드레시틴, 하이드록시에틸셀룰로오스"
doc_prod_oy_a000000016808,product,prod_oy_a000000016808,"상품명: 유세린 볼륨리프팅 나이트 크림 50ml
브랜드: 유세린
카테고리: CREAM
주요 전성분: 정제수, 글리세린, 판테놀, 다이카프릴릴에터, 하이드로제네이티드코코-글리세라이즈, 카프릴릭/카프릭트라이글리세라이드, 세틸팔미테이트, 아이소프로필팔미테이트, 합성비즈왁스, 글리세릴스테아레이트시트레이트"
doc_prod_oy_a000000016873,product,prod_oy_a000000016873,"상품명: [수분장벽토너] 유리아쥬 제모스 토너 250ml
브랜드: 유리아쥬
카테고리: TONER
주요 전성분: 정제수, 온천수*, 글리세린, 부틸렌글라이콜, 페녹시에탄올, 소듐하이알루로네이트, 피브이피, 벤조익애씨드, 트로메타민*750,000ppm"
doc_prod_oy_a000000103320,product,prod_oy_a000000103320,"상품명: 코스알엑스 오일-프리 울트라 모이스쳐라이징 로션 100ml
브랜드: 코스알엑스
카테고리: LOTION
주요 전성분: 자작나무수액, 부틸렌글라이콜, 글리세린, 다이메티콘, 베타인, 세테아릴알코올, 1,2-헥산다이올, 세테아릴올리베이트, 솔비탄올리베이트, 하이드록시에틸아크릴레이트/소듐아크릴로일다이메틸타우레이트코폴리머"
doc_prod_oy_a000000103391,product,prod_oy_a000000103391,"상품명: [보습광채] 코스알엑스 어드벤스드 스네일 96 뮤신 파워 에센스 100ml
브랜드: 코스알엑스
카테고리: SERUM
주요 전성분: 달팽이점액여과물, 베타인, 부틸렌글라이콜, 1,2-헥산다이올, 소듐폴리아크릴레이트, 페녹시에탄올, 소듐하이알루로네이트, 알란토인, 에틸헥산다이올, 카보머"
doc_prod_oy_a000000104144,product,prod_oy_a000000104144,"상품명: 크리니크 안티-블레미쉬 솔루션 클래리파잉 로션 200ml
브랜드: 크리니크
카테고리: TONER
주요 전성분: 정제수, 변성알코올, 나일론-12, 부틸렌글라이콜, 살리실릭애씨드, 위치하젤, 슈가켈프추출물, 카페인, 슈크로오스, 글리세린"
doc_prod_oy_a000000104146,product,prod_oy_a000000104146,"상품명: 크리니크 안티-블레미쉬 솔루션 올-오버 클리어링 트리트먼트 오일-프리 50ml
브랜드: 크리니크
카테고리: LOTION
주요 전성분: 정제수, 사이클로펜타실록산, 피피지-14부틸에텔, 위치하젤수, 슈크로오스, 스테아레스-21, 아크릴아마이드/소듐아크릴로일디메칠타우레이트코폴리머, 아세틸글루코사민, 녹차추출물, 갈조추출물"
doc_prod_oy_a000000104167,product,prod_oy_a000000104167,"상품명: 크리니크 각질케어토너 2 200ml
브랜드: 크리니크
카테고리: TONER
주요 전성분: 정제수, 변성알코올, 글리세린, 위치하젤, 아세틸글루코사민, 멘톨, 소듐하이알루로네이트, 트레할로스, 부틸렌글라이콜, 디소듐포스페이트"
doc_prod_oy_a000000104173,product,prod_oy_a000000104173,"상품명: 크리니크 노란에센스로션 125ml
브랜드: 크리니크
카테고리: LOTION
주요 전성분: 정제수, 미네랄오일, 글리세린, 페트롤라툼, 스테아릭애씨드, 글리세릴스테아레이트, 참깨오일, 우레아, 라놀린알코올, 트리에탄올아민"
doc_prod_oy_a000000104176,product,prod_oy_a000000104176,"상품명: 크리니크 노란에센스젤 125ml
브랜드: 크리니크
카테고리: LOTION
주요 전성분: 정제수, 디메치콘, 이소도데칸, 부틸렌글라이콜, 비스-피이지-18메칠에텔디메칠실란, 글리세린, 슈가켈프추출물, 호장근추출물, 효모용해추출물, 오이추출물"
doc_prod_oy_a000000112172,product,prod_oy_a000000112172,"상품명: [2700만개 판매] 유세린 하이알루론 3X 나이트크림 50ML
브랜드: 유세린
카테고리: CREAM
주요 전성분: 정제수, 글리세린, 시어버터, 아이소프로필팔미테이트, 판테놀, 스테아릴알코올, 글리세릴스테아레이트시트레이트, 옥틸도데칸올, 하이드로제네이티드코코-글리세라이즈, 부틸렌글라이콜"
doc_prod_oy_a000000112890,product,prod_oy_a000000112890,"상품명: 라로슈포제 똘러리앙 센시티브 크림
브랜드: 라로슈포제
카테고리: CREAM
주요 전성분: 정제수글리세린다이메티콘옥수수전분나이아신아마이드암모늄폴리아크릴로일다이메틸타우레이트미리스틸미리스테이트스테아릭애씨드세라마이드엔피포타슘세틸포스페이트글리세릴스테아레이트에스이소듐하이드록사이드미리스틱애씨드팔미틱애씨드카프릴로일글라이신카프릴릴글라이콜잔탄검스쿠알란"
doc_prod_oy_a000000113008,product,prod_oy_a000000113008,"상품명: 셀린저 리얼 토너 씨벅톤 200ml
브랜드: 셀린저
카테고리: TONER
주요 전성분: 정제수, 글리세린, 1,2-헥산다이올, 비타민나무추출물"
doc_prod_oy_a000000113009,product,prod_oy_a000000113009,"상품명: 셀린저 리얼 토너 카렌듈라 200ml
브랜드: 셀린저
카테고리: TONER
주요 전성분: 정제수, 글리세린, 1,2-헥산다이올, 포트마리골드꽃추출물"
doc_prod_oy_a000000113010,product,prod_oy_a000000113010,"상품명: 셀린저 리얼 토너 티트리 200ml
브랜드: 셀린저
카테고리: TONER
주요 전성분: 정제수, 글리세린, 1,2-헥산다이올, 티트리추출물"
doc_prod_oy_a000000113011,product,prod_oy_a000000113011,"상품명: 셀린저 리얼 토너 센텔라아시아티카 200ml
브랜드: 셀린저
카테고리: TONER
주요 전성분: 정제수, 병풀잎추출물, 1,2-헥산다이올"
doc_prod_oy_a000000113806,product,prod_oy_a000000113806,"상품명: [응급진정토닉] 아이소이 아크니 닥터 1st 컨트롤 토닉 90ml
브랜드: 아이소이
카테고리: TONER
주요 전성분: 정제수, 다마스크장미꽃수, 글리세린, 부틸렌글라이콜, 에탄올, 실새삼씨추출물, 다마스크장미꽃오일, 만난, 알란토인, 소듐하이알루로네이트"
doc_prod_oy_a000000115384,product,prod_oy_a000000115384,"상품명: [응급진정/유수분케어]로벡틴 시카케어 밸런싱 토너 260ml
브랜드: 로벡틴
카테고리: TONER
주요 전성분: 정제수, 다이프로필렌글라이콜, 글리세린, 메틸프로판다이올, 프로판다이올, 1,2-헥산다이올, C12-14파레스-12, 판테놀, 마데카소사이드, 병풀추출물"
doc_prod_oy_a000000115386,product,prod_oy_a000000115386,"상품명: 크리니크 드라마티컬리 디퍼런트 하이드레이팅 젤리 125ml
브랜드: 크리니크
카테고리: LOTION
주요 전성분: 정제수, 비스-피이지-18메틸에터다이메틸실레인, 부틸렌글라이콜, 글리세린, 오이열매추출물, 갈고리가시우무추출물, 겔리디엘라아케로사추출물, 보리추출물, 파디나파보니카엽상체추출물, 해바라기씨드케이크"
doc_prod_oy_a000000115419,product,prod_oy_a000000115419,"상품명: [유수분밸런싱/산뜻수분젤] 셀퓨전씨 트리악 모이스처 젤 오인트 100ml
브랜드: 셀퓨전씨
카테고리: LOTION
주요 전성분: 정제수, 글리세린, 메틸글루세스-20, 다이메티콘, 다이프로필렌글라이콜, 카보머, 트로메타민, 알로에베라잎추출물, 프로판다이올, 카프릴릴글라이콜"
doc_prod_oy_a000000115420,product,prod_oy_a000000115420,"상품명: [각질케어/청정피부] 셀퓨전씨 트리악 pH 컨디션 토너 200ml
브랜드: 셀퓨전씨
카테고리: TONER
주요 전성분: 정제수, 다이프로필렌글라이콜, 글리세린, 1,2-헥산다이올, 펙틴, 흰버드나무껍질추출물, 클로렐라에메르소니이추출물, 메도우스위트추출물, 산소, 히비스커스꽃추출물"
doc_prod_oy_a000000115496,product,prod_oy_a000000115496,"상품명: 달팡 하이드라스킨 세럼 30ml
브랜드: 달팡
카테고리: SERUM
주요 전성분: 정제수, 프로판디올, 글리세린, 부틸렌글라이콜, 메칠글루세스-20, 피이지-40하이드로제네이티드캐스터오일, 모근추출물, 석류나무추출물, 말라카이트추출물, 소듐하이알루로네이트"
doc_prod_oy_a000000115502,product,prod_oy_a000000115502,"상품명: 달팡 하이드라스킨 라이트 크림 50ml
브랜드: 달팡
카테고리: CREAM
주요 전성분: 정제수, 글리세린, 디메치콘, 폴리소르베이트60, 세틸팔미테이트, 프로판디올, 하이드로제네이티드폴리데센, 소르비탄스테아레이트, 스쿠알란, 모근추출물"
doc_prod_oy_a000000115910,product,prod_oy_a000000115910,"상품명: [진정뿌토] 시카고 시카 엑스퍼트 미스트 토너 150ml
브랜드: 시카고
카테고리: TONER
주요 전성분: 정제수, 글리세린, 베타인, 세리신, 벌사상자열매추출물, 겨우살이추출물, 편백잎추출물, 병풀추출물, 판테놀, 알란토인"
doc_prod_oy_a000000116004,product,prod_oy_a000000116004,"상품명: [끝장크림] 시카고 시카 피니쉬 크림 50ml
브랜드: 시카고
카테고리: CREAM
주요 전성분: 정제수, 글리세린, 세틸에틸헥사노에이트, 카프릴릭/카프릭트라이글리세라이드, 피마자씨오일, 알부틴, 트레할로스, 황금추출물, 아라키딜알코올, 베타인"
doc_prod_oy_a000000116032,product,prod_oy_a000000116032,"상품명: 유리아쥬 오 떼르말 워터 크림 40ml
브랜드: 유리아쥬
카테고리: CREAM
주요 전성분: 정제수, 온천수*, 시어버터, 다이메티콘, 스쿠알란, 하이드로제네이티드폴리데센, 글리세린, 다이글리세린, 에틸헥실팔미테이트, 메도우폼씨오일"
doc_prod_oy_a000000116659,product,prod_oy_a000000116659,"상품명: [수분장벽토너] 유리아쥬 제모스 토너 500ml
브랜드: 유리아쥬
카테고리: TONER
주요 전성분: 정제수, 온천수*, 글리세린, 부틸렌글라이콜, 페녹시에탄올, 소듐하이알루로네이트, 피브이피, 벤조익애씨드, 트로메타민*1, 500,000ppm"
doc_prod_oy_a000000117624,product,prod_oy_a000000117624,"상품명: 엠브리올리스 레 크렘 콘센트레 75ml
브랜드: 엠브리올리스
카테고리: CREAM
주요 전성분: 정제수, 미네랄오일, 스테아릭애씨드, 팔미틱애씨드, 글리세릴스테아레이트에스이, 트라이에탄올아민, 비즈왁스, 세틸팔미테이트, 시어버터, 1,2-헥산다이올"
doc_prod_oy_a000000117807,product,prod_oy_a000000117807,"상품명: 바이오더마 하이드라비오 크림 50ml
브랜드: 바이오더마
카테고리: CREAM
주요 전성분: 정제수, 글리세린, 아이소도데케인, 사이클로펜타실록세인, 프로필렌글라이콜다이카프릴레이트/다이카프레이트, 다이메티콘, 프로판다이올, 자일리톨, 세틸팔미테이트, 하이드로제네이티드폴리데센"
doc_prod_oy_a000000117997,product,prod_oy_a000000117997,"상품명: 썸바이미 아하바하파하 30 데이즈 미라클 토너 150ml
브랜드: 썸바이미
카테고리: TONER
주요 전성분: 정제수, 부틸렌글라이콜, 다이프로필렌글라이콜, 글리세린, 나이아신아마이드, 티트리잎수, 폴리글리세릴-4카프레이트, 파파야열매추출물, 에스큘렌타렌즈콩씨추출물, 버지니아풍년화추출물"
doc_prod_oy_a000000119141,product,prod_oy_a000000119141,"상품명: 썸바이미 아하 바하 파하 30데이즈 미라클 세럼 50ml
브랜드: 썸바이미
카테고리: SERUM
주요 전성분: 정제수, 병풀추출물, 세틸에틸헥사노에이트, 카프릴릭/카프릭트라이글리세라이드, 글리세린, 올리브오일, 프로판다이올, 에탄올, 부틸렌글라이콜, 1,2-헥산다이올"
doc_prod_oy_a000000121246,product,prod_oy_a000000121246,"상품명: 싸이닉 더 심플 카밍 토너 145ml
브랜드: 싸이닉
카테고리: TONER
주요 전성분: 정제수, 글리세린, 프로판다이올, 1,2-헥산다이올, 글리세레스-26, 펜틸렌글라이콜, 알바수련꽃추출물, 알로에베라잎즙, 부틸렌글라이콜, 마데카소사이드"
doc_prod_oy_a000000125012,product,prod_oy_a000000125012,"상품명: 유리아쥬 오 떼르말 워터 젤크림 40ml
브랜드: 유리아쥬
카테고리: CREAM
주요 전성분: 정제수, 온천수, 세테아릴아이소노나노에이트, 다이메티콘, 시어버터, 스쿠알란, 부틸렌글라이콜, 다이글리세린, 프로판다이올, 자일리틸글루코사이드"
doc_prod_oy_a000000125507,product,prod_oy_a000000125507,"상품명: [1등토너]라운드랩 1025 독도 토너 200ml
브랜드: 라운드랩
카테고리: TONER
주요 전성분: 정제수, 부틸렌글라이콜, 글리세린, 펜틸렌글라이콜, 프로판다이올, 아이리쉬모스추출물, 사탕수수추출물, 해수, 1,2-헥산다이올, 프로테아제"
doc_prod_oy_a000000126470,product,prod_oy_a000000126470,"상품명: [장벽크림] 유세린 울트라 센서티브 리페어 크림 50ml
브랜드: 유세린
카테고리: CREAM
주요 전성분: 본품정제수, 글리세린, 판테놀, 세틸팔미테이트, 식물성오일, 시어버터, 메틸팔미테이트, 펜틸렌글라이콜, 메틸프로판다이올, 소듐폴리아크릴레이트"
doc_prod_oy_a000000126471,product,prod_oy_a000000126471,"상품명: [장벽크림] 유세린 울트라 센시티브 리페어 젤 크림 50ml
브랜드: 유세린
카테고리: CREAM
주요 전성분: 정제수, 글리세린, 스쿠알란, 펜틸렌글라이콜, 메틸프로판다이올, 타피오카전분, 알지닌에이치씨엘, 세테아릴알코올, 4-t-부틸사이클로헥산올, 암모늄아크릴로일다이메틸타우레이트/브이피코폴리머"
doc_prod_oy_a000000128084,product,prod_oy_a000000128084,"상품명: 에르쯔틴 리제너레이티브 실트 크림 50g
브랜드: 에르쯔틴
카테고리: CREAM
주요 전성분: 정제수, 글리세린, 사이클로펜타실록세인, 프로판다이올, 다이메티콘, 부틸렌글라이콜, 펜타에리스리틸테트라에틸헥사노에이트, 폴리글리세릴-3메틸글루코오스다이스테아레이트, 쇠비름추출물, 1,2-헥산다이올"
doc_prod_oy_a000000128107,product,prod_oy_a000000128107,"상품명: 닥터자르트 컨트롤에이 티트리먼트 토너 120ml (티트리 약산성 토너)
브랜드: 닥터자르트
카테고리: TONER
주요 전성분: 정제수, 나이아신아마이드, 프로판다이올, 펜틸렌글라이콜, 쇠비름추출물, 티트리잎추출물, 병풀추출물, 무화과추출물, 녹차추출물, 버지니아풍년화추출물"
doc_prod_oy_a000000128656,product,prod_oy_a000000128656,"상품명: 아임프롬 머그워트 크림 50g
브랜드: 아임프롬
카테고리: CREAM
주요 전성분: 쑥추출물, 프로판다이올, 사이클로펜타실록세인, 글리세린, 세틸에칠헥사노에이트, 사이클로헥사실록세인, 스테아릭애씨드, 시어버터, 부틸렌글라이콜, 하이드로제네이티드레시틴"
doc_prod_oy_a000000129443,product,prod_oy_a000000129443,"상품명: 이즈앤트리 히아루론산 토너 200ml
브랜드: 이즈앤트리
카테고리: TONER
주요 전성분: 정제수, 프로판다이올, 1,2-헥산다이올, 소듐하이알루로네이트, 트레할로오스, 소듐피씨에이, 글리세린, 하이알루로닉애씨드, 알로에베라잎추출물, 접시꽃뿌리추출물"
doc_prod_oy_a000000129474,product,prod_oy_a000000129474,"상품명: 코스알엑스 풀핏 프로폴리스 시너지 토너 280ml
브랜드: 코스알엑스
카테고리: TONER
주요 전성분: 프로폴리스추출물, 꿀추출물, 부틸렌글라이콜, 1,2-헥산다이올, 글리세린, 베타인, 결명씨추출물, 판테놀, 폴리글리세릴-10라우레이트, 폴리글리세릴-10미리스테이트"
doc_prod_oy_a000000129575,product,prod_oy_a000000129575,"상품명: 코스알엑스 풀핏 프로폴리스 라이트 크림 65ml
브랜드: 코스알엑스
카테고리: CREAM
주요 전성분: 프로폴리스추출물, 부틸렌글라이콜, 글리세린, 카프릴릭/카프릭트라이글리세라이드, 해바라기씨오일, 1,2-헥산다이올, 꿀추출물, 로얄젤리추출물, 하이드록시에틸아크릴레이트/소듐아크릴로일다이메틸타우레이트코폴리머, 결명씨추출물"
doc_prod_oy_a000000129771,product,prod_oy_a000000129771,"상품명: 피지오겔 레드수딩 AI 진정보습 로션 200ml
브랜드: 피지오겔
카테고리: LOTION
주요 전성분: 정제수, 카프릴릭/카프릭트리글리세라이드, 글리세린, 펜틸렌글라이콜, 쉐어버터, 하이드로제네이티드레시틴, 팔미타마이드엠이에이, 하이드록시에칠셀룰로오스, 카프릴릴글라이콜, 잔탄검"
doc_prod_oy_a000000130838,product,prod_oy_a000000130838,"상품명: 크리니크 모이스춰 써지 아이 96-아워 하이드로 컨센트레이트 15ml
브랜드: 크리니크
카테고리: CREAM
주요 전성분: 성분:사이클로펜타실록세인, 정제수, 아이소스테아릴팔미테이트, 폴리에틸렌, 부틸렌글라이콜, 폴리실리콘-11, 에틸렌/아크릴릭애씨드코폴리머, 산뽕나무뿌리추출물, 카페인, 피토스핑고신"
doc_prod_oy_a000000134691,product,prod_oy_a000000134691,"상품명: 바이오더마 시카비오 포마드 100ml(리페어 리치 밤)
브랜드: 바이오더마
카테고리: CREAM
주요 전성분: 정제수, 글리세린, 미네랄오일, 카프릴릭/카프릭트라이글리세라이드, 프룩토올리고사카라이드, 폴리글리세릴-4다이아이소스테아레이트/폴리하이드록시스테아레이트/세바케이트, 프로판다이올, 자일리톨, 징크스테아레이트, 소듐시트레이트"
doc_prod_oy_a000000135340,product,prod_oy_a000000135340,"상품명: [장벽UP] 더랩바이블랑두 저분자 히알루론산 카밍+ 크림 50ml
브랜드: 더랩바이블랑두
카테고리: CREAM
주요 전성분: 정제수, 부틸렌글라이콜, 카프릴릭/카프릭트라이글리세라이드, 글리세린, 세테아릴알코올, 세테아릴올리베이트, 메도우폼씨오일, 망고씨버터, 솔비탄올리베이트, 백미꽃추출물"
doc_prod_oy_a000000135672,product,prod_oy_a000000135672,"상품명: [손상/장벽 리페어] 아벤느 시칼파트 플러스 SOS 리페어 크림 40ml
브랜드: 아벤느
카테고리: CREAM
주요 전성분: 온천수아벤느온천수, 카프릴릭/카프릭트라이글리세라이드, 미네랄오일, 글리세린, 하이드로제네이티드식물성오일, 징크옥사이드, 프로필렌글라이콜, 폴리글리세릴-2세스퀴이소스테아레이트, 피이지-22/도데실글라이콜코폴리머, 아쿠아필루스돌로미아이발효여과물"
doc_prod_oy_a000000136077,product,prod_oy_a000000136077,"상품명: 마녀공장 비피다 바이옴 앰플 토너 400ml
브랜드: 마녀공장
카테고리: TONER
주요 전성분: 정제수, 부틸렌글라이콜, 글리세린, 프로판다이올, 펜틸렌글라이콜, 1,2-헥산다이올, 아이리쉬모스추출물, 사탕수수추출물, 베타인, 판테놀"
doc_prod_oy_a000000137017,product,prod_oy_a000000137017,"상품명: 마녀공장 비피다 바이옴 콤플렉스 앰플 30ml
브랜드: 마녀공장
카테고리: SERUM
주요 전성분: 정제수, 부틸렌글라이콜, 비피다발효용해물3%, 글리세린, 나이아신아마이드, 1,2-헥산다이올, 펜틸렌글라이콜, 스쿠알란, 폴리글리세릴-10라우레이트, 비피다발효여과물2,046ppm"
doc_prod_oy_a000000137078,product,prod_oy_a000000137078,"상품명: 싸이닉 더 심플 데일리 로션 260ml
브랜드: 싸이닉
카테고리: LOTION
주요 전성분: 정제수, 프로판다이올, 펜틸렌글라이콜, 비닐다이메티콘, 글리세린, 세틸에칠헥사노에이트, 알바수련꽃추출물, 알로에베라잎즙, 부틸렌글라이콜, 마데카소사이드"
doc_prod_oy_a000000137482,product,prod_oy_a000000137482,"상품명: [43만개 판매/민감피부 구원템] 로벡틴 카밍 연꽃수 크림 60ml
브랜드: 로벡틴
카테고리: CREAM
주요 전성분: 연꽃추출물, 글리세린, 펜틸렌글라이콜, 다이프로필렌글라이콜, 하이드로제네이티드폴리아이소부텐, 나이아신아마이드, 스위트아몬드오일, 자일리틸글루코사이드, 자일리톨, 1,2-헥산다이올"
doc_prod_oy_a000000140891,product,prod_oy_a000000140891,"상품명: 미프 리페어 앤 리프팅
브랜드: 미프
카테고리: LOTION
주요 전성분: 정제수, 글리세린, 에탄올, 사이클로펜타실록세인, 프로판다이올, 사이클로헥사실록세인, 소듐클로라이드, 하이드록시아세토페논, 카프릴릴글라이콜, 다이프로필렌글라이콜"
doc_prod_oy_a000000141028,product,prod_oy_a000000141028,"상품명: [수분부스팅/7중히알루론산] 셀퓨전씨 포스트 알파 아쿠아포린 크림 60ml
브랜드: 셀퓨전씨
카테고리: CREAM
주요 전성분: 정제수, 프로판다이올, 글리세린, 사이클로헥사실록세인, 1,2-헥산다이올, 다이카프릴릴카보네이트, 메틸프로판다이올, 카프릴릭/카프릭트라이글리세라이드, 폴리글리세린-3, 폴리글리세릴-10스테아레이트"
doc_prod_oy_a000000141301,product,prod_oy_a000000141301,"상품명: [수분보습] 디오디너리 아미노 애씨즈 + B5 30ml
브랜드: 디오디너리
카테고리: SERUM
주요 전성분: 정제수, 프로판다이올, 베타인, 소듐피씨에이, 판테놀, 소듐락테이트, 알지닌, 피씨에이, 아스파틱애씨드, 글라이신"
doc_prod_oy_a000000141306,product,prod_oy_a000000141306,"상품명: [각질쓱싹] 디오디너리 만델릭 애시드 10% + HA 30ml
브랜드: 디오디너리
카테고리: SERUM
주요 전성분: 프로판다이올, 정제수, 만델릭애씨드, 글리세린, 다이메틸아이소소바이드, 소듐하이알루로네이트크로스폴리머, 마운틴페퍼열매추출물, 마운틴페퍼잎추출물, 펜틸렌글라이콜, 폴리솔베이트20"
doc_prod_oy_a000000141307,product,prod_oy_a000000141307,"상품명: [수분보습] 디오디너리 마린 히알루로닉스 30ml
브랜드: 디오디너리
카테고리: SERUM
주요 전성분: 정제수, 글리세린, 조류추출물, 슈도알테로모나스엑소폴리사카라이드, 슈도알테로모나스발효추출물, 안펠티옵시스콩킨나추출물, 알지닌, 글라이신, 알라닌, 세린"
doc_prod_oy_a000000141309,product,prod_oy_a000000141309,"상품명: [보습크림] 디오디너리 내추럴 모이스처라이징 팩터스 + HA 100ml
브랜드: 디오디너리
카테고리: LOTION
주요 전성분: 정제수, 카프릴릭/카프릭트라이글리세라이드, 세틸알코올, 프로판다이올, 스테아릴알코올, 글리세린, 소듐하이알루로네이트, 알지닌, 아스파틱애씨드, 글라이신"
doc_prod_oy_a000000141313,product,prod_oy_a000000141313,"상품명: [노화케어] 디오디너리 아지렐린 솔루션 10% 30ml
브랜드: 디오디너리
카테고리: SERUM
주요 전성분: 정제수, 프로판다이올, 아세틸헥사펩타이드-8, 트라이소듐에틸렌다이아민다이석시네이트, 젤란검, 소듐클로라이드, 아이소세테스-20, 다이메틸아이소소바이드, 포타슘솔베이트, 페녹시에탄올"
doc_prod_oy_a000000141319,product,prod_oy_a000000141319,"상품명: [브라이트닝] 디오디너리 비타민C 서스펜션 23% + HA 스피어스 2% 30ml
브랜드: 디오디너리
카테고리: LOTION
주요 전성분: 아스코빅애씨드25%, 스쿠알란, 아이소데실네오펜타노에이트, 도데칸, 에틸렌/프로필렌/스타이렌코폴리머, 에틸헥실팔미테이트, 실리카다이메틸실릴레이트, 소듐하이알루로네이트, 글루코만난, 코코-카프릴레이트/카프레이트"
doc_prod_oy_a000000141321,product,prod_oy_a000000141321,"상품명: [눈가케어] 디오디너리 카페인 솔루션 5% + EGCG 30ml
브랜드: 디오디너리
카테고리: CREAM
주요 전성분: 정제수, 카페인5%, 말토덱스트린, 글리세린, 프로판다이올, 에피갈로카테킨갈레이틸글루코사이드, 갈릴글루코사이드, 하이알루로닉애씨드, 옥시다이즈드글루타티온, 멜라닌"
doc_prod_oy_a000000141323,product,prod_oy_a000000141323,"상품명: [브라이트닝] 디오디너리 아스코빌 글루코사이드 솔루션 12% 30ml
브랜드: 디오디너리
카테고리: SERUM
주요 전성분: 정제수, 아스코빌글루코사이드, 프로판다이올, 아미노메틸프로판올, 트라이에탄올아민, 아이소세테스-20, 잔탄검, 다이메틸아이소소바이드, 에톡시다이글라이콜, 트라이소듐에틸렌다이아민다이석시네이트"
doc_prod_oy_a000000141327,product,prod_oy_a000000141327,"상품명: [각질쓱싹] 디오디너리 랙틱 애시드 10% + HA 30ml
브랜드: 디오디너리
카테고리: TONER
주요 전성분: 정제수, 락틱애씨드, 글리세린, 펜틸렌글라이콜, 프로판다이올, 소듐하이드록사이드, 소듐하이알루로네이트크로스폴리머, 마운틴페퍼열매추출물, 마운틴페퍼잎추출물, 아라비아고무나무검"
doc_prod_oy_a000000141330,product,prod_oy_a000000141330,"상품명: [각질쓱싹] 디오디너리 랙틱 애시드 5% + HA 30ml
브랜드: 디오디너리
카테고리: TONER
주요 전성분: 정제수, 락틱애씨드, 글리세린, 펜틸렌글라이콜, 프로판다이올, 소듐하이알루로네이트크로스폴리머, 마운틴페퍼열매추출물, 마운틴페퍼잎추출물, 아라비아고무나무검, 잔탄검"
doc_prod_oy_a000000141333,product,prod_oy_a000000141333,"상품명: [노화케어] 디오디너리 매트릭실 10% + HA
브랜드: 디오디너리
카테고리: SERUM
주요 전성분: 정제수, 글리세린, 부틸렌글라이콜, 팔미토일트라이펩타이드-1, 팔미토일테트라펩타이드-7, 팔미토일트라이펩타이드-38, 소듐하이알루로네이트, 하이드록시프로필사이클로덱스트린, 피피지-26-부테스-26, 피이지-40하이드로제네이티드캐스터오일"
doc_prod_oy_a000000141712,product,prod_oy_a000000141712,"상품명: DR다룸 베리어 크림 75ml
브랜드: 다룸
카테고리: CREAM
주요 전성분: 정제수@글리세린@카프릴릴메치콘@디프로필렌글라이콜@이소아밀라우레이트@펜틸렌글라이콜@1,2-헥산디올@다이메틸설폰@병풀추출물@행인오일@쉐어버터@베르가모트열매오일@라반딘오일@하이드롤라이즈드오크라추출물@하얀루핀씨추출물@드럼스틱나무씨추출물@로즈마리잎오일@세테아릴글루코사이드@하이드록시에칠아크릴레이트/소듐아크릴로일디메칠타우레이트코폴리머@트로메타민@하이드록시아세토페논@팔미틱애씨드@C12-20알킬글루코사이드@하이드로제네이티드레시틴@글리세릴아크릴레이트/아크릴릭애씨드코폴리머@소르비탄이소스테아레이트@에칠헥실글리세린@소듐아크릴레이트/소듐아크릴로일디메칠타우레이트코폴리머@폴리이소부텐@카프릴릴/카프릴글루코사이드@소르비탄올리에이트@C14-22알코올@세테아릴알코올@C12-16알코올@카보머@디소듐이디티에이"
doc_prod_oy_a000000143959,product,prod_oy_a000000143959,"상품명: 바이오더마 아토덤 인텐시브 밤 200ml
브랜드: 바이오더마
카테고리: CREAM
주요 전성분: 정제수, 글리세린, 미네랄오일, 해바라기씨오일, 베헤닐알코올, 수크로오스스테아레이트, 카놀라오일, 하이드록시에틸아크릴레이트/소듐아크릴로일다이메틸타우레이트코폴리머, 펜틸렌글라이콜, 베타-시토스테롤"
doc_prod_oy_a000000144035,product,prod_oy_a000000144035,"상품명: [모공컨트롤샷]폴라초이스 10% 나이아신아마이드 부스터 앰플 20ml
브랜드: 폴라초이스
카테고리: SERUM
주요 전성분: 정제수, 나이아신아마이드, 아세틸글루코사민, 아스코빌글루코사이드, 부틸렌글라이콜, 포스포리피드, 소듐하이알루로네이트, 알란토인, 레드호그위드뿌리추출물, 글리세린"
doc_prod_oy_a000000144036,product,prod_oy_a000000144036,"상품명: 폴라초이스 리지스트 데일리 5% 아하 데일리 각질제거제 50ml
브랜드: 폴라초이스
카테고리: LOTION
주요 전성분: 정제수, 글라이콜릭애씨드, 세틸알코올, 부틸렌글라이콜, 다이메티콘, 폴리아크릴아마이드, 피피지-14부틸에터, 팔미토일헥사펩타이드-12, 세라마이드엔지, 테트라하이드로다이페룰로일메탄"
doc_prod_oy_a000000144041,product,prod_oy_a000000144041,"상품명: 폴라초이스 스킨 발란싱 수분 젤 60ml
브랜드: 폴라초이스
카테고리: LOTION
주요 전성분: 정제수, 사이클로펜타실록세인, 부틸렌글라이콜, 글리세린, 비스-페닐프로필다이메티콘, 나이아신아마이드, 슈가켈프추출물, 귀리커넬추출물, 유차나무잎추출물, 포도씨추출물"
doc_prod_oy_a000000144051,product,prod_oy_a000000144051,"상품명: 폴라초이스 스킨 퍼펙팅 8% 아하 젤 각질제거제 100ml
브랜드: 폴라초이스
카테고리: SERUM
주요 전성분: 정제수, 글라이콜릭애씨드, 소듐하이드록사이드, 마트리카리아꽃추출물, 알로에베라잎즙, 유차나무잎추출물, 소듐하이알루로네이트, 판테놀, 소듐피씨에이, 프로필렌글라이콜"
doc_prod_oy_a000000144052,product,prod_oy_a000000144052,"상품명: 폴라초이스 스킨 발란싱 포어-리듀싱 토너 190ml
브랜드: 폴라초이스
카테고리: TONER
주요 전성분: 정제수, 글리세린, 부틸렌글라이콜, 나이아신아마이드, 폴리솔베이트20, 아데노신, 캐모마일꽃추출물, 우엉뿌리추출물, 하이드롤라이즈드호호바에스터, 소듐피씨에이"
doc_prod_oy_a000000144119,product,prod_oy_a000000144119,"상품명: 애즈이즈투비 마린 콜라겐 81 세럼 50ml
브랜드: 애즈이즈투비
카테고리: SERUM
주요 전성분: 하이드롤라이즈드콜라겐81%, 정제수, 글리세린, 프로판다이올, 1,2-헥산다이올, 나이아신아마이드, 녹차추출물, 로즈마리잎추출물, 마트리카리아꽃추출물, 병풀추출물"
doc_prod_oy_a000000144120,product,prod_oy_a000000144120,"상품명: 애즈이즈투비 아쿠아 부스팅 크림 50ml
브랜드: 애즈이즈투비
카테고리: CREAM
주요 전성분: 정제수@카프릴릭/카프릭트라이글리세라이드@글리세린@수크로오스라우레이트@사이클로펜타실록세인@사이클로헥사실록세인@식물성스쿠알란@소듐하이알루로네이트@부틸렌글라이콜@글리세레스-26@펜틸렌글라이콜@나이아신아마이드@글리세릴글루코사이드@네오펜틸글라이콜다이헵타노에이트@세테아릴알코올@C14-22알코올@C12-20알킬글루코사이드@글리세릴스테아레이트@피이지-100스테아레이트@비스-스테아릴다이메티콘@마카다미아씨오일@다이메티콘/비닐다이메티콘크로스폴리머@다이메티콘@베헤닐알코올@레시틴@돌콩스테롤@1,2-헥산다이올@호호바에스터@토코페롤@아보카도오일@동백나무씨오일@트로메타민@하이드로제네이티드레시틴@글리세릴카프릴레이트@베르가모트오일@아크릴레이트/C10-30알킬아크릴레이트크로스폴리머@다이포타슘글리시리제이트@판테놀@카보머@콜레스테롤@토코페릴아세테이트@글라이신@세린@글루타믹애씨드@아스파틱애씨드@류신@알라닌@라이신@알지닌@타이로신@페닐알라닌@트레오닌@프롤린@발린@아이소류신@히스티딘@메티오닌@시스테인@에틸헥실글리세린@비사보롤@파네솔@아데노신@다이소듐이디티에이@세라마이드엔피@피토스핑고신@하이드롤라이즈드하이알루로닉애씨드"
doc_prod_oy_a000000144122,product,prod_oy_a000000144122,"상품명: [수분보습] 애즈이즈투비 히아루로닉 에센셜 토너 200ml
브랜드: 애즈이즈투비
카테고리: TONER
주요 전성분: 정제수, 부틸렌글라이콜, 다이프로필렌글라이콜, 글리세린, 1,2-헥산다이올, 베타인, 락토바실러스발효물, 페녹시에탄올, 우레아, 알란토인"
doc_prod_oy_a000000144177,product,prod_oy_a000000144177,"상품명: 미샤 비타씨플러스 잡티씨 탄력 앰플 40ml
브랜드: 미샤
카테고리: SERUM
주요 전성분: 감초뿌리추출물, 비타민나무수24.48%*, 글리세린, 메틸프로판다이올, 부틸렌글라이콜, 나이아신아마이드*, 다이에톡시에틸석시네이트, 1,2-헥산다이올*, 토코페릴아세테이트, 정제수*"
doc_prod_oy_a000000144551,product,prod_oy_a000000144551,"상품명: [속보습장벽토너] 하다라보 고쿠쥰 로션 170mL
브랜드: 하다라보
카테고리: TONER
주요 전성분: 정제수, 부틸렌글라이콜, 글리세린, 1,2-헥산다이올, 다이글리세린, 피피지-10메틸글루코오스에터, 다이소듐석시네이트, 프로판다이올, 소듐하이알루로네이트, 다이소듐이디티에이"
doc_prod_oy_a000000144803,product,prod_oy_a000000144803,"상품명: 아크웰 리얼 아쿠아 밸런싱 로션 140ml
브랜드: 아크웰
카테고리: LOTION
주요 전성분: 정제수, 프로판다이올, 1,2-헥산다이올, 비닐다이메티콘, 세틸에틸헥사노에이트, 부틸렌글라이콜, 세테아릴올리베이트, 카보머, 솔비탄올리베이트, 글리세린"
doc_prod_oy_a000000144808,product,prod_oy_a000000144808,"상품명: [수분진정] 아크웰 리얼 아쿠아 밸런싱 크림 50ml
브랜드: 아크웰
카테고리: CREAM
주요 전성분: 정제수, 글리세린, 다이프로필렌글라이콜, 프로판다이올, 하이드로제네이티드폴리데센, 1,2-헥산다이올, 부틸렌글라이콜, 카프릴릭/카프릭트라이글리세라이드, 폴리메틸실세스퀴옥세인, 세테아릴올리베이트"
doc_prod_oy_a000000144917,product,prod_oy_a000000144917,"상품명: [쫀쫀고보습에멀전] 하다라보 고쿠쥰 밀크 140mL
브랜드: 하다라보
카테고리: LOTION
주요 전성분: 정제수, 글리세린, 카프릴릭/카프릭트라이글리세라이드, 다이프로필렌글라이콜, 하이드로제네이티드폴리C6-12올레핀, 펜틸렌글라이콜, 피피지-10메틸글루코오스에터, 세테스-23, 글리세릴스테아레이트, 스테아릴알코올"
doc_prod_oy_a000000145285,product,prod_oy_a000000145285,"상품명: [레티날입문0.05%] 닥터디퍼런트 비타리프트-A 크림 20g
브랜드: 닥터디퍼런트
카테고리: CREAM
주요 전성분: 정제수, 세틸에틸헥사노에이트, 글리세린, 스쿠알란, 잇꽃씨오일, 시어버터, 유채스테롤, 콜레스테롤, 피토스테릴/베헤닐/옥틸도데실라우로일글루타메이트, 1,2-헥산다이올"
doc_prod_oy_a000000145286,product,prod_oy_a000000145286,"상품명: [매끈탱탱/레티날0.1%] 닥터디퍼런트 비타리프트-A 포르테 크림 20g
브랜드: 닥터디퍼런트
카테고리: CREAM
주요 전성분: 정제수, 세틸에틸헥사노에이트, 글리세린, 스쿠알란, 잇꽃씨오일, 시어버터, 유채스테롤, 콜레스테롤, 피토스테릴/베헤닐/옥틸도데실라우로일글루타메이트, 1,2-헥산다이올"
doc_prod_oy_a000000145287,product,prod_oy_a000000145287,"상품명: [눈가&목/레티날0.025%] 닥터디퍼런트 비타리프트 아이앤넥 크림 20g
브랜드: 닥터디퍼런트
카테고리: CREAM
주요 전성분: 정제수, 세틸에틸헥사노에이트, 글리세린, 스쿠알란, 잇꽃씨오일, 시어버터, 유채스테롤, 콜레스테롤, 피토스테릴/베헤릴/옥틸도데실라우로일글루타메이트, 나이아신아마이드"
doc_prod_oy_a000000145331,product,prod_oy_a000000145331,"상품명: [세라마이드/장벽크림] 닥터디퍼런트 311 세콜지 모이스처라이저 100ml
브랜드: 닥터디퍼런트
카테고리: CREAM
주요 전성분: 정제수, 카프릴릭/카프릭트라이글리세라이드, 메틸프로판다이올, 글리세린, 세틸알코올, 1,2-헥산다이올, 글리세릴스테아레이트에스이, 세테아릴올리베이트, 스테아릴알코올, 올리브오일"
doc_prod_oy_a000000145332,product,prod_oy_a000000145332,"상품명: [탄력/보습크림] 닥터디퍼런트 131 세콜지 모이스처라이저 100ml
브랜드: 닥터디퍼런트
카테고리: CREAM
주요 전성분: 정제수, 카프릴릭/카프릭트라이글리세라이드, 부틸렌글라이콜, 글리세린, 펜타에리스리틸테트라아이소스테아레이트, 1,2-헥산다이올, 글리세릴스테아레이트에스이, 세틸알코올, 스테아릴알코올, 세테아릴올리베이트"
doc_prod_oy_a000000145333,product,prod_oy_a000000145333,"상품명: [산뜻/지성크림] 닥터디퍼런트 113 세콜지 모이스처라이저 100ml
브랜드: 닥터디퍼런트
카테고리: CREAM
주요 전성분: 정제수, 글리세린, 프로판다이올, 나이아산아마이드, 카프릴릭/카프릭트라이글리세라이드, 12-헥산다이올, 글리세릴스테아레이트에스이, 세테아릴올리베이트, c18-21알케인, 솔비탄세스퀴올리에이트"
doc_prod_oy_a000000145662,product,prod_oy_a000000145662,"상품명: 크리니크 시베리아리치크림 50ml
브랜드: 크리니크
카테고리: CREAM
주요 전성분: 정제수, 글리세린, 다이메티콘, 아이소프로필아이소스테아레이트, 다이프로필렌글라이콜, 스쿠알란, 피이지/피피지-18/18다이메티콘, 실리카, 토코페릴아세테이트, 소듐하이알루로네이트"
doc_prod_oy_a000000145833,product,prod_oy_a000000145833,"상품명: 플리프 시카-알로에 앰플 토너 200ml (여드름성피부추천)
브랜드: 플리프
카테고리: TONER
주요 전성분: 알로에베라잎추출물82%, 병풀추출물4%, 글리세린, 부틸렌글라이콜, 나이아신아마이드, 다이프로필렌글라이콜, 베타인, 트레할로오스, 판테놀, 바이오사카라이드검-1"
doc_prod_oy_a000000146262,product,prod_oy_a000000146262,"상품명: [8종히알루론산] 하다라보 고쿠쥰 프리미엄 로션 170mL
브랜드: 하다라보
카테고리: TONER
주요 전성분: 정제수, 부틸렌글라이콜, 펜틸렌글라이콜, 피피지-10메틸글루코오스에터, 다이프로필렌글라이콜, 다이글리세린, 하이드록시에틸우레아, 솔비톨, 카보머, 페녹시에탄올"
doc_prod_oy_a000000146263,product,prod_oy_a000000146263,"상품명: [8종히알루론산] 하다라보 고쿠쥰 프리미엄 밀크 140mL
브랜드: 하다라보
카테고리: LOTION
주요 전성분: 정제수, 글리세린, 다이프로필렌글라이콜, 다이메티콘, 카프릴릭/카프릭트라이글리세라이드, 하이드로제네이티드폴리C6-14올레핀, 세틸알코올, 트라이에틸헥사노인, 펜틸렌글라이콜, 팔미틱애씨드"
doc_prod_oy_a000000146589,product,prod_oy_a000000146589,"상품명: [수분진정] 아비브 어성초 카밍 토너 스킨부스터 200ml
브랜드: 아비브
카테고리: TONER
주요 전성분: 정제수, 글리세린, 부틸렌글라이콜, 펜틸렌글라이콜, 베타인, 1,2-헥산다이올, 자일리톨, 약모밀추출물3,500ppm, 판테놀, 에틸헥실글리세린"
doc_prod_oy_a000000146938,product,prod_oy_a000000146938,"상품명: 얼트루 아임쏘리포마이스킨 릴렉싱 앰플 30ml
브랜드: 얼트루
카테고리: SERUM
주요 전성분: 병풀잎수, 글리세린, 메틸글루세스-20, 폴리글리세린-3, 1,2-헥산다이올, 펜틸렌글라이콜, 프로판다이올, 병풀추출물, 무화과추출물, 다시마추출물"
doc_prod_oy_a000000147077,product,prod_oy_a000000147077,"상품명: 린제이 엄청 큰 보습 멀티 앰플 (500ml)
브랜드: 린제이
카테고리: SERUM
주요 전성분: 정제수, 글리세린, 다이프로필렌글라이콜, 부틸렌글라이콜, 소듐하이알루로네이트, 1,2-헥산다이올, 하이드록시아세토페논, 옥틸도데세스-16, 잔탄검, 다이소듐이디티에이"
doc_prod_oy_a000000147087,product,prod_oy_a000000147087,"상품명: [진정보습/장벽케어] 키노닉스 원더 레미디 세라마이드 고보습 크림 50ml
브랜드: 키노닉스
카테고리: CREAM
주요 전성분: 정제수, 글리세린, 하이드로제네이티드폴리아이소부텐, 하이드로제네이티드폴리C6-14올레핀, 폴리글리세릴-3다이스테아레이트, 다이아이소스테아릴말레이트, 부틸렌글라이콜, 스쿠알란, 판테놀, 세테아릴알코올"
doc_prod_oy_a000000147109,product,prod_oy_a000000147109,"상품명: [보습장벽크림] 유세린 우레아 리페어 크림 50ml
브랜드: 유세린
카테고리: CREAM
주요 전성분: 정제수, 글리세린, 우레아5%, 펜타에리스리틸테트라아이소스테아레이트, 카프릴릭/카프릭트라이글리세라이드, 세틸알코올, 글리세릴스테아레이트, 소듐락테이트, 하이드록시프로필스타치포스페이트, 페녹시에탄올"
doc_prod_oy_a000000147119,product,prod_oy_a000000147119,"상품명: [집중진정케어] 닥터디퍼런트 시카 메탈 크림 50g
브랜드: 닥터디퍼런트
카테고리: CREAM
주요 전성분: 정제수, 부틸렌글라이콜, 식물성오일, 글리세린, 펜타에리스리틸테트라이소스테아레이트, 카프릴릭/카프릭트라이글리세라이드, 시어버터, 1,2-헥산다이올, 하이드로제네이티드식물성오일, 세틸알코올"
doc_prod_oy_a000000147121,product,prod_oy_a000000147121,"상품명: 린제이 엄청 큰 영양 멀티 앰플 (500ml)
브랜드: 린제이
카테고리: SERUM
주요 전성분: 정제수, 다이프로필렌글라이콜, 소듐하이알루로네이트, 1,2-헥산다이올, 하이드록시아세토페논, 잔탄검, 옥틸도데세스-16, 라벤더오일, 다이소듐이디티에이, 폴리글리세릴-3메틸글루코오스다이스테아레이트"
doc_prod_oy_a000000147122,product,prod_oy_a000000147122,"상품명: 린제이 엄청 큰 AC컨트롤 멀티 앰플 (500ml)
브랜드: 린제이
카테고리: SERUM
주요 전성분: 정제수, 글리세린, 다이프로필렌글라이콜, 부틸렌글라이콜, 소듐하이알루로네이트, 1,2-헥산다이올, 하이드록시아세토페논, 잔탄검, 다이소듐이디티에이, 옥틸도데세스-16"
doc_prod_oy_a000000147130,product,prod_oy_a000000147130,"상품명: [멀티보습밤] 닥터지 더모이스처 배리어 D 멀티밤 50ml
브랜드: 닥터지
카테고리: CREAM
주요 전성분: 정제수, 글리세린, 다이프로필렌글라이콜, 사이클로펜타실록세인, 다이카프릴릴에터, 세테아릴알코올, 베헤닐알코올, 1,2-헥산다이올, 다이메티콘, 글리세릴글루코사이드"
doc_prod_oy_a000000147357,product,prod_oy_a000000147357,"상품명: 땡큐파머 강화교동쌀 맑음 젤안에 크림80ml
브랜드: 땡큐파머
카테고리: CREAM
주요 전성분: 정제수, 쌀추출물, 글리세린, 카프릴릭/카프릭트라이글리세라이드, 하이드로제네이티드폴리데센, 나이아신아마이드, 페닐트라이메티콘, 베타인, 1,2-헥산다이올, 폴리글리세릴-3메틸글루코오스다이스테아레이트"
doc_prod_oy_a000000147360,product,prod_oy_a000000147360,"상품명: [화해1위/미백토너] 땡큐파머 강화교동쌀 맑음 에센셜토너 200ml
브랜드: 땡큐파머
카테고리: TONER
주요 전성분: 정제수, 쌀추출물, 다이프로필렌글라이콜, 프로판다이올, 1,2-헥산다이올, 나이아신아마이드, 병풀추출물, 무화과추출물, 연꽃추출물, 당느릅나무뿌리추출물"
doc_prod_oy_a000000148252,product,prod_oy_a000000148252,"상품명: [수분생기] 라운드랩 자작나무 수분 토너 300ml
브랜드: 라운드랩
카테고리: TONER
주요 전성분: 정제수, 글리세린, 프로판다이올, 글리세레스-26, 펜틸렌글라이콜, 자작나무수액10,000ppm, 1,2-헥산다이올, 아이리쉬모스추출물, 사탕수수추출물, 소듐하이알루로네이트"
doc_prod_oy_a000000148729,product,prod_oy_a000000148729,"상품명: [차세대레티놀] 디오디너리 그랜액티브 레티노이드 2% 에멀전 30ml
브랜드: 디오디너리
카테고리: LOTION
주요 전성분: 정제수, 글리세린, 카프릴릭/카프릭트라이글리세라이드, 에틸리놀리에이트, 프로판다이올, 다이메틸아이소소바이드, 세테아릴아이소노나노에이트, 비사보롤, 하이드록시피나콜론레티노에이트, 레티놀"
doc_prod_oy_a000000149064,product,prod_oy_a000000149064,"상품명: 휘게 릴리프 캐모마일 크림 85g
브랜드: 휘게
카테고리: CREAM
주요 전성분: 마트리카리아꽃추출물, 글리세린, 프로판다이올, 피씨에이다이메티콘, 부틸렌글라이콜, 폴리글리세린-3, 1,2-헥산다이올, 스쿠알란, 소듐구아이아줄렌설포네이트, 소듐하이알루로네이트"
doc_prod_oy_a000000149118,product,prod_oy_a000000149118,"상품명: 땡큐파머 트루워터 딥 모이스처크림 EX 80ml
브랜드: 땡큐파머
카테고리: CREAM
주요 전성분: 정제수, 코코카프릴레이트카프레이트, 메틸프로판다이올, 참마뿌리추출물, 헥산다이올, 글리세린, 암모늄아크릴로일다이메틸타우레이트브이피코폴리머, 베타인, 다시마추출물, 한련초잎추출물"
doc_prod_oy_a000000149138,product,prod_oy_a000000149138,"상품명: 이즈앤트리 히아루론산 아쿠아 젤 크림 100ml
브랜드: 이즈앤트리
카테고리: CREAM
주요 전성분: 정제수, 메틸프로판다이올, 코코-카프릴레이트/카프레이트, 1,2-헥산다이올, 글리세린, 바이오사카라이드검-1, 베타인, 암모늄아크릴로일다이메틸타우레이트/브이피코폴리머, 트레할로오스, 소듐하이알루로네이트"
doc_prod_oy_a000000149427,product,prod_oy_a000000149427,"상품명: 보닌 퓨어 에센셜 에멀전
브랜드: 보닌
카테고리: LOTION
주요 전성분: 정제수, 디프로필렌글라이콜, 사이클로펜타실록산, 변성알코올, 소르비탄스테아레이트, 1,2-헥산디올, 폴리소르베이트60, 트리에칠헥사노인, 디메치콘, 판테놀"
doc_prod_oy_a000000149717,product,prod_oy_a000000149717,"상품명: 바이오더마 세비엄 센서티브 30ml
브랜드: 바이오더마
카테고리: CREAM
주요 전성분: 정제수, 글리세린, 메틸메타크릴레이트크로스폴리머, 다이프로필렌글라이콜, 징크글루코네이트, 코코-카프릴레이트/카프레이트, 비닐다이메티콘/메티콘실세스퀴옥세인크로스폴리머, 카프릴릭/카프릭트라이글리세라이드, 아라키딜알코올, 베헤닐알코올"
doc_prod_oy_a000000149810,product,prod_oy_a000000149810,"상품명: 바이오더마 아토덤 인텐시브 젤 크림 200ml
브랜드: 바이오더마
카테고리: CREAM
주요 전성분: 정제수, 글리세린, 나이아신아마이드, 소듐폴리아크릴레이트, 다이포타슘글리시리제이트, 하이드로제네이티드폴리데센, 펜틸렌글라이콜, 1,2-헥산다이올, 카프릴릴글라이콜, 만니톨"
doc_prod_oy_a000000149953,product,prod_oy_a000000149953,"상품명: [항산화] 디오디너리 레스베라트롤 3% + 페룰릭 애시드 3% 30ml
브랜드: 디오디너리
카테고리: SERUM
주요 전성분: 프로판다이올, 레스베라트롤3%, 페룰릭애시드3%"
doc_prod_oy_a000000149963,product,prod_oy_a000000149963,"상품명: [입문자추천] 디오디너리 레티놀 0.2% 인 스쿠알란 30ml
브랜드: 디오디너리
카테고리: SERUM
주요 전성분: 스쿠알란, 카프릴릭/카프릭트라이글리세라이드, 호호바씨오일, 레티놀0.2%, 토마추출물, 로즈마리잎추출물, 하이드록시메톡시페닐데카논, 비에이치티"
doc_prod_oy_a000000149966,product,prod_oy_a000000149966,"상품명: [중강도] 디오디너리 레티놀 0.5% 인 스쿠알란 30ml
브랜드: 디오디너리
카테고리: SERUM
주요 전성분: 스쿠알란, 카프릴릭/카프릭트라이글리세라이드, 호호바씨오일, 레티놀0.5%, 토마추출물, 로즈마리잎추출물, 하이드록시메톡시페닐데카논, 비에이치티"
doc_prod_oy_a000000149970,product,prod_oy_a000000149970,"상품명: [고강도] 디오디너리 레티놀 1% 인 스쿠알란 30ml
브랜드: 디오디너리
카테고리: SERUM
주요 전성분: 스쿠알란, 카프릴릭/카프릭트라이글리세라이드, 호호바씨오일, 레티놀1%, 토마추출물, 로즈마리잎추출물, 하이드록시메톡시페닐데카논, 비에이치티"
doc_prod_oy_a000000150519,product,prod_oy_a000000150519,"상품명: 썸바이미 아하.바하.파하 30데이즈 미라클 크림 60g
브랜드: 썸바이미
카테고리: SERUM
주요 전성분: 병풀추출물, 다이프로필렌글라이콜, 글리세린, 정제수, 나이아신아마이드, 카프릴릭/카프릭트라이글리세라이드, 세틸에틸헥사노에이트, 티트리잎수, 피마자씨오일, 하이드로제네이티드캐스터오일"
doc_prod_oy_a000000150815,product,prod_oy_a000000150815,"상품명: [기름종이토너] 아크네스 세범 밸런싱 스킨 200ml
브랜드: 아크네스
카테고리: TONER
주요 전성분: 세범밸런싱스킨2.0본품:정제수*, 메틸프로판다이올, 1,2-헥산다이올*, 부틸렌글라이콜*, 글리세레스-26, 실리카, 판테놀, 칼라민, 다이소듐이디티에이*, 시트릭애씨드"
doc_prod_oy_a000000150816,product,prod_oy_a000000150816,"상품명: [산뜻촉촉] 아크네스 모이스처 플루이드 150ml
브랜드: 아크네스
카테고리: LOTION
주요 전성분: 정제수*, 글리세린*, 프로판다이올, 페닐트라이메티콘, 1,2-헥산다이올*, 판테놀, 부틸렌글라이콜*, 네오펜틸글라이콜다이헵타노에이트, 암모늄아크릴로일다이메틸타우레이트/브이피코폴리머, 솔비탄아이소스테아레이트"
doc_prod_oy_a000000150818,product,prod_oy_a000000150818,"상품명: [수부지산뜻진정] 아크네스 모이스처 크림 60ml
브랜드: 아크네스
카테고리: SERUM
주요 전성분: 정제수*@글리세린*@프로판다이올@부틸렌글라이콜*@하이드로제네이티드폴리C6-14올레핀@메틸트라이메티콘@1,2-헥산다이올*@글리세레스-26@카프릴릭/카프릭트라이글리세라이드@트라이옥틸도데실시트레이트@비닐다이메티콘/메티콘실세스퀴옥세인크로스폴리머@폴리글리세릴-2스테아레이트@C14-22알코올@다마스크장미꽃수@폴리메틸실세스퀴옥세인@글리세릴스테아레이트@스테아릴알코올@아크릴레이트/C10-30알킬아크릴레이트크로스폴리머@암모늄아크릴로일다이메틸타우레이트/브이피코폴리머@트로메타민@소듐폴리아크릴레이트스타치@C12-20알킬글루코사이드@올리브오일@하이드로제네이티드레시틴*@스쿠알란*@카바카바뿌리추출물@레시틴@시어버터@다이소듐이디티에이*@약모밀추출물@판테놀@잔탄검@펜틸렌글라이콜@티트리잎추출물@퀸즈랜드넛오일*@콜레스테롤*@병풀추출물@유채스테롤*@알루미늄수크로오스옥타설페이트*@피토스테릴/베헤닐/옥틸도데실라우로일글루타메이트*@폴리글리세릴-10올리에이트*@소듐서팩틴*@글루코오스@세라마이드엔피@셀룰로오스*@아세틸피토스핑고신@소듐하이알루로네이트크로스폴리머@하이드롤라이즈드글라이코사미노글리칸@소듐하이알루로네이트@소듐하이드록사이드@토코페롤@피토스핑고신@벤질글라이콜@하이드롤라이즈드하이알루로닉애씨드@징크옥사이드*@에틸헥실글리세린@하이알루로닉애씨드@라즈베리케톤"
doc_prod_oy_a000000151356,product,prod_oy_a000000151356,"상품명: [속수분충전/매끈피부결] 셀퓨전씨 약산성 패리어 토너 300ml
브랜드: 셀퓨전씨
카테고리: TONER
주요 전성분: 레몬밤잎추출물50%, 정제수, 부틸렌글라이콜, 글리세린, 1,2-헥산다이올, 메틸글루세스-20, 글리세레스-26, 에틸헥실글리세린, 암모늄아크릴로일다이메틸타우레이트/브이피코폴리머, 소듐시트레이트"
doc_prod_oy_a000000151831,product,prod_oy_a000000151831,"상품명: 달팡 인트랄 수딩 크림 50ml
브랜드: 달팡
카테고리: CREAM
주요 전성분: 전성분:정제수하이드로제네이티드폴리데센쉐어버터프로필렌글라이콜글리세릴스테아레이트피이지-100스테아레이트디메치콘세틸알코올옥틸도데실스테아로일스테아레이트프로판디올트리데실스테아레이트부틸렌글라이콜트리데실트리멜리테이트캐모마일꽃추출물모란뿌리추출물알테로모나스발효추출물서양산사나무꽃추출물판테놀바닐라열매추출물다마스크장미꽃수디펜타에리스리틸헥사카프릴레이트/헥사카프레이트비사볼올스테아릭애씨드토코페릴아세테이트소르비톨소듐하이알루로네이트팔미틱애씨드소듐피씨에이소듐폴리아크릴레이트카프릴릴글라이콜아크릴레이트/C10-30알킬아크릴레이트크로스폴리머1,2-헥산디올잔탄검소듐하이드록사이드시트로넬올제라니올테트라소듐이디티에이ILN37748"
doc_prod_oy_a000000152286,product,prod_oy_a000000152286,"상품명: 마녀공장 비피다 바이옴 앰플 로션 300ml
브랜드: 마녀공장
카테고리: LOTION
주요 전성분: 정제수, 글리세린, 나이아신아마이드, 카프릴릭/카프릭트라이글리세라이드, 퀸즈랜드넛오일, 펜틸렌글라이콜, 1,2-헥산다이올, 폴리글리세릴-3메틸글루코오스다이스테아레이트, 세테아릴알코올, 글리세릴스테아레이트"
doc_prod_oy_a000000152786,product,prod_oy_a000000152786,"상품명: 엠브리올리스 하이드라 세럼 30ml
브랜드: 엠브리올리스
카테고리: SERUM
주요 전성분: 정제수, 글리세린, 프로판다이올, 부틸렌글라이콜, 하이드로제네이티드스타치하이드롤리세이트, 소듐아크릴레이트코폴리머, 레시틴, 향료, 포타슘솔베이트, 소듐하이알루로네이트"
doc_prod_oy_a000000153412,product,prod_oy_a000000153412,"상품명: 닥터자르트 포어레미디 파하 익스폴리에이팅 세럼 30ml
브랜드: 닥터자르트
카테고리: SERUM
주요 전성분: 정제수, 퀸즈랜드넛오일*, 글루코노락톤7%, 프로판다이올, 변성알코올, 판테놀, 1,2-헥산다이올, 트로메타민, 부틸렌글라이콜, 에틸헥실글리세린"
doc_prod_oy_a000000153859,product,prod_oy_a000000153859,"상품명: [100시간/보습지속] 아이소이 모이스춰닥터 장수진 수분토너 130ml
브랜드: 아이소이
카테고리: TONER
주요 전성분: 정제수, 글리세린, 베타인, 판테놀, 소듐하이알루로네이트, 하이드롤라이즈드하이알루로닉애씨드, 하이알루로닉애씨드, 소듐하이알루로네이트크로스폴리머, 하이드롤라이즈드글라이코사미노글리칸, 티트리잎추출물"
doc_prod_oy_a000000153893,product,prod_oy_a000000153893,"상품명: [속보습/100시간] 아이소이 모이스춰닥터 장수진 수분앰플 40ml
브랜드: 아이소이
카테고리: SERUM
주요 전성분: 정제수, 글리세린, 베타인, 트레할로오스, 스쿠알란, 카프릴릭/카프릭트라이글리세라이드, 판테놀, 소듐하이알루로네이트, 하이드롤라이즈드하이알루로닉애씨드, 하이알루로닉애씨드"
doc_prod_oy_a000000154263,product,prod_oy_a000000154263,"상품명: [민감피부진정] 앰플엔 센텔카밍샷 시카진정앰플 100ml
브랜드: 앰플엔
카테고리: SERUM
주요 전성분: 정제수, 부틸렌글라이콜, 글리세린, 폴리글리세린-3, 1,2-헥산다이올, 베타-글루칸, 다이프로필렌글라이콜, 녹두씨추출물, 마트리카리아꽃추출물, 병풀캘러스배양액"
doc_prod_oy_a000000154264,product,prod_oy_a000000154264,"상품명: [녹는실앰플] 앰플엔 펩타이드샷 2X 모공탄력앰플 100ml
브랜드: 앰플엔
카테고리: SERUM
주요 전성분: 정제수, 글리세린, 부틸렌글라이콜, 다이프로필렌글라이콜, 1,2-헥산다이올, 나이아신아마이드, 폴리글리세린-3, 아데노신, 베타-글루칸, 알지닌"
doc_prod_oy_a000000154506,product,prod_oy_a000000154506,"상품명: [트러블완화/진정] 원씽 어성초 추출물 토너 150ml
브랜드: 원씽
카테고리: TONER
주요 전성분: 어성초추출물, 부틸렌글라이콜, 1,2-헥산다이올"
doc_prod_oy_a000000154540,product,prod_oy_a000000154540,"상품명: [수분진정/붉은기완화] 원씽 병풀 추출물 토너 150ml
브랜드: 원씽
카테고리: TONER
주요 전성분: 병풀추출물, 부틸렌글라이콜, 1,2-헥산다이올"
doc_prod_oy_a000000154625,product,prod_oy_a000000154625,"상품명: [코어탄력크림] 아이소이 인텐시브 에너자이징 크림EX 30ml
브랜드: 아이소이
카테고리: SERUM
주요 전성분: 정제수, 글리세린, 마카다미아씨오일, 스쿠알란, 카프릴릭/카프릭트라이글리세라이드, 펜타에리스리틸테트라아이소스테아레이트, 세틸에틸헥사노에이트, 트레할로오스, 베타인, 글리세릴스테아레이트"
doc_prod_oy_a000000154626,product,prod_oy_a000000154626,"상품명: 달팡 인트랄 액티브 스태빌라이징 로션 100ml
브랜드: 달팡
카테고리: SERUM
주요 전성분: 정제수, 세테아릴아이소노나노에이트, 프로판다이올, 글리세릴올리에이트시트레이트, 참깨오일, C9-12알케인, 하이드록시프로필스타치포스페이트, 글리세린, 부틸렌글라이콜, 해바라기씨오일"
doc_prod_oy_a000000154959,product,prod_oy_a000000154959,"상품명: 제이엠솔루션 릴리프 약산성 약쑥 앰플 50ml
브랜드: 제이엠솔루션
카테고리: SERUM
주요 전성분: 쑥잎추출물913, 481.7ppm, 메틸프로판다이올, 1,2-헥산다이올, 글리세린, 자작나무수액, 소듐하이알루로네이트, 아크릴레이트/C10-30알킬아크릴레이트크로스폴리머, 알란토인, 판테놀"
doc_prod_oy_a000000155351,product,prod_oy_a000000155351,"상품명: [속보습/보송피부결] 더말로지카 딥모이스춰 스킨 스무딩 크림 50ml
브랜드: 더말로지카
카테고리: CREAM
주요 전성분: 정제수, 카프릴릭/카프릭트라이글리세라이드, 에틸헥실하이드록시스테아레이트, 부틸렌글라이콜, 글리세린, 팔미틱애씨드, 다이메티콘, 피이지-8, 스테아릭애씨드, 세테아릴알코올"
doc_prod_oy_a000000155413,product,prod_oy_a000000155413,"상품명: [뿌리는 쫀쫀거품 토너] 더말로지카 3 in 1 멀티-액티브 토너 50ml (쿨링/진정/수분)
브랜드: 더말로지카
카테고리: TONER
주요 전성분: 정제수, 부틸렌글라이콜, 알로에베라추출물, 메틸글루세스-20, 폴리솔베이트20, 1,2-헥산다이올, 카프릴릴글라이콜, 리시놀레스-40, 페녹시에탄올, 다이포타슘글리시리제이트"
doc_prod_oy_a000000156040,product,prod_oy_a000000156040,"상품명: [트러블케어] 스킨푸드 미나리 토너 300ml
브랜드: 스킨푸드
카테고리: TONER
주요 전성분: 정제수, 미나리추출물, 메틸프로판다이올, 1,2-헥산다이올, 소듐시트레이트, 베타인, 피피지-13-데실테트라데세스-24, 살리실릭애씨드, 에틸헥실글리세린, 시트릭애씨드"
doc_prod_oy_a000000156146,product,prod_oy_a000000156146,"상품명: 헤이네이처 어성초 크림 80g
브랜드: 헤이네이처
카테고리: CREAM
주요 전성분: 정제수, 약모밀추출물20%함유, 글리세린, 부틸렌글라이콜, 백미꽃추출물, 베타인, 1,2-헥산다이올, 자몽추출물, 왕귤껍질추출물, 오렌지추출물"
doc_prod_oy_a000000157350,product,prod_oy_a000000157350,"상품명: [트러블모공] 디오디너리 나이아신아마이드 10% + 징크 1% 30ml
브랜드: 디오디너리
카테고리: SERUM
주요 전성분: 정제수, 나이아신아마이드, 펜틸렌글라이콜, 징크피씨에이, 다이메틸아이소소바이드, 타마린드씨검, 잔탄검, 아이소세테스-20, 에톡시다이글라이콜, 페녹시에탄올"
doc_prod_oy_a000000157484,product,prod_oy_a000000157484,"상품명: [100시간밀착보습/민감장벽보호] 셀퓨전씨 약산성 패리어 크림 55ml
브랜드: 셀퓨전씨
카테고리: CREAM
주요 전성분: 정제수, 카프릴릭/카프릭트라이글리세라이드, 부틸렌글라이콜, 세테아릴알코올, 글리세린, 나이아신아마이드, 세틸알코올, 1,2-헥산다이올, 레몬밤잎추출물, 로즈마리닉애씨드"
doc_prod_oy_a000000158299,product,prod_oy_a000000158299,"상품명: 잇츠스킨 파워 10 포뮬라 엘아이 이펙터 감초줄렌 30ml(AD)
브랜드: 잇츠스킨
카테고리: SERUM
주요 전성분: 스페인감초뿌리추출물, 정제수, 프로판다이올, 글리세린, 베타인, 마트리카리아꽃추출물, 소듐하이알루로네이트, 다이포타슘글리시리제이트, 구아이아줄렌, 베타-글루칸"
doc_prod_oy_a000000158308,product,prod_oy_a000000158308,"상품명: 믹순 콩 크림 50ml
브랜드: 믹순
카테고리: CREAM
주요 전성분: 정제수, 글리세린, 카프릴릭/카프릭트라이글리세라이드, 하이드로제네이티드폴리아이소부텐, 폴리글리세릴-3다이스테아레이트, 글리세릴스테아레이트시트레이트, 하이드로제네이티드코코-글리세라이즈, 메도우폼씨오일, 부틸렌글라이콜, 다이아이소스테아릴말레이트"
doc_prod_oy_a000000158309,product,prod_oy_a000000158309,"상품명: 믹순 순디 병풀 에센스 100ml
브랜드: 믹순
카테고리: SERUM
주요 전성분: 정제수, 부틸렌글라이콜, 병풀추출물100,000ppm"
doc_prod_oy_a000000158311,product,prod_oy_a000000158311,"상품명: 믹순 갈락토미세스 발효 에센스 100ml
브랜드: 믹순
카테고리: SERUM
주요 전성분: 갈락토미세스발효여과물100%"
doc_prod_oy_a000000158312,product,prod_oy_a000000158312,"상품명: 믹순 비피다 발효 에센스 100ml
브랜드: 믹순
카테고리: SERUM
주요 전성분: 정제수, 부틸렌글라이콜, 비피다발효추출물100,000ppm, 글리세린"
doc_prod_oy_a000000158322,product,prod_oy_a000000158322,"상품명: [톤/결개선] 원씽 나이아신아마이드 10% 토너 150ml
브랜드: 원씽
카테고리: TONER
주요 전성분: 나이아신아마이드, 부틸렌글라이콜, 1,2-헥산다이올, 에틸헥실글리세린, 정제수"
doc_prod_oy_a000000158615,product,prod_oy_a000000158615,"상품명: [트러블모공] 디오디너리 나이아신아마이드 10% + 징크 1% 60ml
브랜드: 디오디너리
카테고리: SERUM
주요 전성분: 정제수, 나이아신아마이드10%, 펜틸렌글라이콜, 징크피씨에이징크로서, 1%, 다이메틸아이소소바이드, 타마린드씨검, 잔탄검, 아이소세테스-20, 에톡시다이글라이콜"
doc_prod_oy_a000000158929,product,prod_oy_a000000158929,"상품명: [수분잠금/워터젤에센스] 빌리프 뉴메로 10 에센스 75ml
브랜드: 빌리프
카테고리: SERUM
주요 전성분: 정제수, 글리세린, 변성알코올, 다이프로필렌글라이콜, 부틸렌글라이콜, 1,2-헥산다이올, 트레할로오스, 바위손추출물*, 귀리커넬추출물+, 포트마리골드꽃추출물+"
doc_prod_oy_a000000158930,product,prod_oy_a000000158930,"상품명: [보습폭탄] 빌리프 모이스춰라이징 밤 토너 200ml
브랜드: 빌리프
카테고리: TONER
주요 전성분: 정제수, 변성알코올, 글리세린, 트라이에틸헥사노인, 카프릴릭/카프릭트라이글리세라이드, 다이프로필렌글라이콜, 1,2-헥산다이올, 하이드로제네이티드레시틴, 판테놀, 카보머"
doc_prod_oy_a000000159468,product,prod_oy_a000000159468,"상품명: [잡티톤업/비타민C세럼] 닥터디퍼런트 CEQ 안티옥시던트 세럼 15ml
브랜드: 닥터디퍼런트
카테고리: SERUM
주요 전성분: 정제수, 아스코빅애씨드15%, 에톡시다이글라이콜, 프로판다이올, 부틸렌글라이콜, 1,2-헥산다이올, 알부틴, 다이프로필렌글라이콜, 브로콜리추출물, 울금뿌리추출물"
doc_prod_oy_a000000159747,product,prod_oy_a000000159747,"상품명: 바비브라운 엑스트라 리페어 모이스춰 크림 인텐스 50ml
브랜드: 바비브라운
카테고리: CREAM
주요 전성분: 정제수, 시어버터, 부틸렌글라이콜, 카프릴릭/카프릭/미리스틱/스테아릭트라이글리세라이드, 하이드로제네이티드폴리아이소부텐, 세틸알코올, 에틸헥실스테아레이트, 글리세릴스테아레이트, 피이지-40스테아레이트, 글리세린"
doc_prod_oy_a000000159901,product,prod_oy_a000000159901,"상품명: [영양장벽케어] 눅스 레브드미엘 울트라 컴포팅 베리어 크림 50ml
브랜드: 눅스
카테고리: CREAM
주요 전성분: 정제수, 베헤닐알코올, 글리세린, 세라알바, 코코넛야자오일, 퀸즈랜드넛오일, 쌀겨오일, 부틸렌글라이콜, 시어버터추출물, 해바라기씨오일불검화물"
doc_prod_oy_a000000160436,product,prod_oy_a000000160436,"상품명: 그레이멜린 알래스카 내추럴 토너500ml *
브랜드: 그레이멜린
카테고리: TONER
주요 전성분: 빙하수85%, 글리세린, 정제수, 부틸렌글라이콜, 나이아신아마이드, 베타-글루칸, 베타인, 소듐하이알루로네이트, 1,2-헥산다이올, 카프릴릴글라이콜"
doc_prod_oy_a000000160562,product,prod_oy_a000000160562,"상품명: 크리니크 각질케어토너 200ml (피부타입별 선택)
브랜드: 크리니크
카테고리: TONER
주요 전성분: 클래리파잉로션투와이스어데이엑스폴리에이터2번:정제수, 변성알코올, 글리세린, 위치하젤수, 아세틸글루코사민, 멘톨, 소듐하이알루로네이트, 트레할로스, 부틸렌글라이콜, 디소듐포스페이트"
doc_prod_oy_a000000160584,product,prod_oy_a000000160584,"상품명: 소본 그린 시카 더마 리페어 크림 40ml
브랜드: 소본
카테고리: CREAM
주요 전성분: 녹차수, 글리세린, 카프릴릭/카프릭트라이글리세라이드, 세틸에틸헥사노에이트, 옥틸도데칸올, 프로판다이올, 스쿠알란, 폴리글리세릴-3메틸글루코오스다이스테아레이트, 부틸렌글라이콜, 글리세릴글루코사이드"
doc_prod_oy_a000000160650,product,prod_oy_a000000160650,"상품명: 이즈앤트리 어니언 뉴페어 에센스 토너 200ml
브랜드: 이즈앤트리
카테고리: TONER
주요 전성분: 정제수, 프로판다이올, 글리세린, 메틸프로판다이올, 나이아신아마이드, 1,2-헥산다이올, 부틸렌글라이콜, 양파추출물9669.37ppm, 하이드록시아세토페논, 에틸헥실글리세린"
doc_prod_oy_a000000161571,product,prod_oy_a000000161571,"상품명: 스킨1004 마다가스카르 센텔라 토닝토너 210ml
브랜드: 스킨1004
카테고리: TONER
주요 전성분: 정제수, 다이프로필렌글라이콜, 병풀추출물, 1,2-헥산다이올, 나이아신아마이드, 소듐시트레이트, 글루코노락톤, 에틸헥실글리세린, 아데노신, 다이소듐이디티에이"
doc_prod_oy_a000000161573,product,prod_oy_a000000161573,"상품명: 스킨1004 마다가스카르 센텔라 수딩 크림 75ml
브랜드: 스킨1004
카테고리: CREAM
주요 전성분: 정제수, 글리세린, 프로판다이올, 다이프로필렌글라이콜, 사이클로펜타실록세인, 병풀추출물, 1,2-헥산다이올, 사이클로헥사실록세인, 트레할로오스, 카프릴릴메티콘"
doc_prod_oy_a000000161581,product,prod_oy_a000000161581,"상품명: [누적판매 1700만]스킨1004 마다가스카르 센텔라 앰플 55ml
브랜드: 스킨1004
카테고리: SERUM
주요 전성분: 정제수, 글리세린, 부틸렌글라이콜, 병풀추출물, 1,2-헥산다이올, 셀룰로오스검, 에틸헥실글리세린"
doc_prod_oy_a000000161626,product,prod_oy_a000000161626,"상품명: 클레어스 리치 모이스트 수딩 크림 80g
브랜드: 디어클레어스
카테고리: CREAM
주요 전성분: 정제수, 글리세린, 카프릴릭/카프릭트라이글리세라이드, 사이클로펜타실록세인, 세틸알코올, 글리세릴스테아레이트, 세틸에틸헥사노에이트, 시어버터, 호호바씨오일, 스테아릭애씨드"
doc_prod_oy_a000000161804,product,prod_oy_a000000161804,"상품명: 라로슈포제 똘러리앙 덤알레르고 플루이드 40ml
브랜드: 라로슈포제
카테고리: CREAM
주요 전성분: 정제수@글리세린@부틸렌글라이콜@프로판다이올@시어버터@펜틸렌글라이콜@스쿠알란@폴리솔베이트20@옥수수전분@단삼뿌리추출물@글리세릴아크릴레이트/아크릴릭애씨드코폴리머@스핑고모나스발효추출물@암모늄폴리아크릴로일다이메틸타우레이트@하이드록시아세토페논@카프릴릴글라이콜@시트릭애씨드@트라이소듐에틸렌다이아민다이석시네이트@아세틸다이펩타이드-1세틸에스터"
doc_prod_oy_a000000161805,product,prod_oy_a000000161805,"상품명: 라로슈포제 똘러리앙 덤알레르고 크림 40ml
브랜드: 라로슈포제
카테고리: CREAM
주요 전성분: 정제수@아이소세틸스테아레이트@스쿠알란@시어버터@다이메티콘@글리세린@옥수수전분@펜틸렌글라이콜@부틸렌글라이콜@글리세릴스테아레이트@피이지-100스테아레이트@세틸알코올@단삼뿌리추출물@다이메티콘올@소듐하이드록사이드@스핑고모나스발효추출물@카프릴릴글라이콜@시트릭애씨드@아세틸다이펩타이드-1세틸에스터@아크릴레이트/C10-30알킬아크릴레이트크로스폴리머"
doc_prod_oy_a000000162054,product,prod_oy_a000000162054,"상품명: 라네즈 워터뱅크 블루히알루로닉 에멀젼(중건성) 120ml
브랜드: 라네즈
카테고리: LOTION
주요 전성분: 정제수, 부틸렌글라이콜, 하이드로제네이티드폴리C6-14올레핀, 세틸에틸헥사노에이트, 비스-하이드록시에톡시프로필다이메티콘, 카프릴릭/카프릭트라이글리세라이드, 글리세린, 수크로오스스테아레이트, 1,2-헥산다이올, 다이아이소스테아릴말레이트"
doc_prod_oy_a000000162058,product,prod_oy_a000000162058,"상품명: 라네즈 워터뱅크 블루히알루로닉 토너(중건성) 160ml
브랜드: 라네즈
카테고리: TONER
주요 전성분: 정제수, 부틸렌글라이콜, 글리세린, 글리세레스-26, 다이프로필렌글라이콜, 1,2-헥산다이올, 판테놀, 폴리쿼터늄-51, 프로판다이올, 피피지-13-데실테트라데세스-24"
doc_prod_oy_a000000162387,product,prod_oy_a000000162387,"상품명: 미구하라 울트라 화이트닝 퍼펙트 앰플 50ml
브랜드: 미구하라
카테고리: SERUM
주요 전성분: 캐모마일꽃수, 정제수, 부틸렌글라이콜, 글리세린, 나이아신아마이드, 갈락토미세스발효여과물, 흰목이버섯포자낭과추출물, 펜타펩타이드-13, 팔미토일테트라펩타이드-7, 아세틸헥사펩타이드-8"
doc_prod_oy_a000000162415,product,prod_oy_a000000162415,"상품명: [1등수분밀착크림/민감피부개선] 셀퓨전씨 약산성 패리어 수분 크림 80ml
브랜드: 셀퓨전씨
카테고리: CREAM
주요 전성분: 정제수, 프로판다이올, 아이소도데케인, 부틸렌글라이콜, 글리세린, 부틸렌글라이콜다이카프릴레이트/다이카프레이트, 메틸트라이메티콘, 글리세릴글루코사이드, 트레할로오스, 베타인"
doc_prod_oy_a000000162589,product,prod_oy_a000000162589,"상품명: 보나쥬르 비건 그린티 워터크림 100ml
브랜드: 보나쥬르
카테고리: CREAM
주요 전성분: 정제수, 부틸렌글라이콜, 카프릴릭/카프릭트라이글리세라이드, 녹차추출물, 스쿠알란식물성스쿠알란, 나이아신아마이드, 글리세린, 다이카프릴릴카보네이트, 소듐하이알루로네이트, 폴리글루타믹애씨드"
doc_prod_oy_a000000162615,product,prod_oy_a000000162615,"상품명: [장벽강화] 마리엔메이 비타민C+비피다 로션 120ml
브랜드: 마리엔메이
카테고리: LOTION
주요 전성분: 정제수, 비피다발효용해물30,380ppm, 카프릴릭/카프릭트라이글리세라이드, 글리세린, 나이아신아마이드, 세테아릴알코올, 다이프로필렌글라이콜, 아스코빅애씨드1,000ppm, 부틸렌글라이콜, 글리세릴스테아레이트에스이"
doc_prod_oy_a000000162635,product,prod_oy_a000000162635,"상품명: [촉촉광채/톤리셋] 가히 블레미쉬 앰플 30ml
브랜드: 가히
카테고리: SERUM
주요 전성분: 정제수, 글리세린, 락토바실러스/호밀가루발효물, 락토바실러스/소이밀크발효여과물, 바실러스/소이빈발효추출물, 다이프로필렌글라이콜, 프로판다이올, 트라넥사믹애씨드, 1,2-헥산다이올, 나이아신아마이드"
doc_prod_oy_a000000162783,product,prod_oy_a000000162783,"상품명: [수분진정/젤세럼] 원씽 병풀 수분 세럼 80ml
브랜드: 원씽
카테고리: SERUM
주요 전성분: 정제수, 다이글리세린, 폴리글리세린-3, 부틸렌글라이콜, 글리세린, 1,2-헥산다이올, 병풀잎추출물, 트레할로오스, 아크릴레이트/C10-30알킬아크릴레이트크로스폴리머, 소듐하이알루로네이트"
doc_prod_oy_a000000162977,product,prod_oy_a000000162977,"상품명: [수분진정/각질제거] 라빠레뜨 뷰티 카밍 그린 턴오버 토너 200ml
브랜드: 라빠레뜨 뷰티
카테고리: TONER
주요 전성분: 녹차추출물*, 다이프로필렌글라이콜, 글리세린, 프로판다이올, 1,2-헥산다이올, 녹차수*, 피피지-13-데실테트라데세스-24, 하이드록시아세토페논, 녹차가루*, 카프릴릴글라이콜"
doc_prod_oy_a000000163106,product,prod_oy_a000000163106,"상품명: 록시땅 시어 버터 울트라 리치 페이스 크림 50ml
브랜드: 록시땅
카테고리: CREAM
주요 전성분: 정제수시어버터다이카프릴릴카보네이트글리세린타피오카전분펜틸렌글라이콜세테아릴알코올글리세릴스테아레이트피이지-100스테아레이트다이메티콘유럽밤나무씨추출물해바라기씨오일세테아레스-33하이드록시에틸아크릴레이트/소듐아크릴로일다이메틸타우레이트코폴리머소듐피씨에이글리세릴카프릴레이트토코페롤잔탄검솔비탄아이소스테아레이트폴리솔베이트60카프릴릴글라이콜1,2-헥산다이올향료"
doc_prod_oy_a000000163687,product,prod_oy_a000000163687,"상품명: [수분진정] 비플레인 시카테롤 크림 60ml
브랜드: 비플레인
카테고리: CREAM
주요 전성분: 정제수, 프로판다이올, 글리세린, 부틸렌글라이콜, 병풀추출물3.5%, 펜타에리스리틸테트라아이소스테아레이트, 나이아신아마이드, 코코-카프릴레이트/카프레이트, 1,2-헥산다이올, 아이소노닐아이소노나노에이트"
doc_prod_oy_a000000163734,product,prod_oy_a000000163734,"상품명: [민감보습] 더마펌 모이스트 베리어 부스팅 토너 M4 200ml
브랜드: 더마펌
카테고리: TONER
주요 전성분: 정제수, 글리세린, 프로판다이올, 1,2-헥산다이올, 베타인, 판테놀, 카프릴릭/카프릭트라이글리세라이드, 시어버터, 올리브오일, 스쿠알란"
doc_prod_oy_a000000163735,product,prod_oy_a000000163735,"상품명: [보습장벽] 더마펌 바이오 코렉션 앰플 세라-드롭 M4 50ml
브랜드: 더마펌
카테고리: SERUM
주요 전성분: 정제수, 글리세린, 프로판다이올, 1,2-헥산다이올, 스쿠알란, 사이클로헥사실록세인, 베타인, 글리세릴글루코사이드, 판테놀, C14-22알코올"
doc_prod_oy_a000000163763,product,prod_oy_a000000163763,"상품명: [디렉터파이 MADE] 더파이 시카알란 퍼스트 에센스 150ml
브랜드: 더파이에센셜
카테고리: SERUM
주요 전성분: 병풀추출물80%, 글리세린, 정제수, 프로판다이올, 1,2-헥산다이올, 부틸렌글라이콜, 알란토인3000ppm, 에틸헥실글리세린, 잔탄검, 소듐시트레이트"
doc_prod_oy_a000000164211,product,prod_oy_a000000164211,"상품명: 피지오겔 레드수딩 시카밸런스 토너 200ml
브랜드: 피지오겔
카테고리: TONER
주요 전성분: 정제수, 부틸렌글라이콜, 1,2-헥산다이올, 프로판다이올, 글리세린, 나이아신아마이드, 판테놀, 알란토인, 카보머, 트로메타민"
doc_prod_oy_a000000164251,product,prod_oy_a000000164251,"상품명: 플리프 시카-알로에 프레쉬 수분크림 150ml
브랜드: 플리프
카테고리: CREAM
주요 전성분: 알로에베라잎추출물, 에탄올, 글리세린, 병풀추출물, 베타인, 부틸렌글라이콜, 나이아신아마이드, 다이카프릴릴카보네이트, 녹차추출물, 애플민트잎추출물"
doc_prod_oy_a000000164310,product,prod_oy_a000000164310,"상품명: 달팡 인트랄 이너유쓰 레스큐 세럼 30ml
브랜드: 달팡
카테고리: SERUM
주요 전성분: 정제수, 부틸렌글라이콜, 글리세린, 소듐하이알루로네이트, 판테놀, 레스베라트롤, 모란뿌리추출물, 마트리카리아추출물, 모노기나산사꽃추출물, 수박추출물"
doc_prod_oy_a000000164571,product,prod_oy_a000000164571,"상품명: 믹순 콩 스틱 밤 11.5ml
브랜드: 믹순
카테고리: CREAM
주요 전성분: 해바라기씨오일, 폴리글리세릴-2트라이아이소스테아레이트, 옥틸도데칸올, 시어버터칸데릴라왁스, 마이크로크리스탈린왁스, 다이아이소스테아릴말레이트, 마카다미아씨오일폴리글리세릴-6에스터스베헤네이트, 스위트아몬드오일, 토코페릴아세테이트, 피마자씨오일"
doc_prod_oy_a000000164614,product,prod_oy_a000000164614,"상품명: 어바웃미 숲 진정 수분 크림 80ml (100시간 수분지속 진정크림)
브랜드: 어바웃미
카테고리: CREAM
주요 전성분: 편백수, 글리세린, 부틸렌글라이콜, 비닐다이메티콘, 1,2-헥산다이올, 카프릴릴메티콘, 나이아신아마이드, 펜틸렌글라이콜, 정제수, 클로렐라불가리스추출물"
doc_prod_oy_a000000165055,product,prod_oy_a000000165055,"상품명: [슬로우에이징]바이오더마 센시비오 디펜시브 리치 40ml
브랜드: 바이오더마
카테고리: CREAM
주요 전성분: 정제수, 글리세린, 다이카프릴릴에터, 글라이콜팔미테이트, 부틸렌글라이콜, 세틸팔미테이트, 글리세릴스테아레이트시트레이트, 스쿠알란, 수크로오스스테아레이트, 트라이데실트라이멜리테이트"
doc_prod_oy_a000000165056,product,prod_oy_a000000165056,"상품명: [슬로우에이징]바이오더마 센시비오 디펜시브 40ml
브랜드: 바이오더마
카테고리: CREAM
주요 전성분: 정제수, 글리세린, 다이카프릴릴에터, 프로필헵틸카프릴레이트, 부틸렌글라이콜, 글리세릴스테아레이트시트레이트, 글라이콜팔미테이트, 스쿠알란, 수크로오스스테아레이트, 망고씨버터"
doc_prod_oy_a000000165355,product,prod_oy_a000000165355,"상품명: AHC 허브솔루션 위치하젤 토너 500ml
브랜드: AHC
카테고리: TONER
주요 전성분: '정제수, 버지니아풍년화수49,750mg, 글리세린, 다이프로필렌글라이콜, 에탄올, 펜틸렌글라이콜, 사과수, 밤부사불가리스수, 소듐하이알루로네이트, 은행나무잎추출물0.005mg"
doc_prod_oy_a000000165360,product,prod_oy_a000000165360,"상품명: AHC 허브솔루션 알로에베라 토너 500ml
브랜드: AHC
카테고리: TONER
주요 전성분: '정제수, 알로에베라잎수49,750mg, 글리세린, 다이프로필렌글라이콜, 에탄올, 펜틸렌글라이콜, 사과수, 녹차추출물0.5203mg, 자작나무수액, 소듐하이알루로네이트"
doc_prod_oy_a000000165364,product,prod_oy_a000000165364,"상품명: AHC 허브솔루션 로즈 토너 500ml
브랜드: AHC
카테고리: TONER
주요 전성분: 정제수, 프로방스장미꽃수48,900mg, 글리세린, 다이프로필렌글라이콜, 에탄올, 펜틸렌글라이콜, 사과수, 석류나무추출물, 코치닐선인장열매추출물0.25mg, 꿀추출물0.25mg"
doc_prod_oy_a000000165366,product,prod_oy_a000000165366,"상품명: AHC 허브솔루션 레몬 토너 500ml
브랜드: AHC
카테고리: TONER
주요 전성분: '정제수, 레몬추출물24,750mg, 글리세린, 다이프로필렌글라이콜, 에탄올, 펜틸렌글라이콜, 사과수, 소듐하이알루로네이트, 라임추출물0.005mg, 커먼자스민꽃/잎추출물0.005mg"
doc_prod_oy_a000000165622,product,prod_oy_a000000165622,"상품명: CKD 레티노콜라겐 저분자 300 콜라겐 펌핑 앰플 30ml
브랜드: CKD
카테고리: SERUM
주요 전성분: 정제수, 글리세린, 부틸렌글라이콜, 프로판다이올, 베타인, 카프릴릭/카프릭트라이글리세라이드, 1,2-헥산다이올, 메틸프로판다이올, 나이아신아마이드, 판테놀"
doc_prod_oy_a000000165887,product,prod_oy_a000000165887,"상품명: [진정/쿨링] 닥터디퍼런트 시카 메탈 퀵 수딩 크림 50g
브랜드: 닥터디퍼런트
카테고리: CREAM
주요 전성분: 정제수, 다이프로필렌글라이콜, 프로판다이올, 카프릴릴메티콘, 카프릴릭/카프릭트라이글리세라이드, C14-22알코올, 1,2-헥산다이올, 베헤닐알코올, 세틸포스페이트, 카보머"
doc_prod_oy_a000000166013,product,prod_oy_a000000166013,"상품명: 라로슈포제 에빠끌라 울트라 컨센트레이티드 세럼 30ml
브랜드: 라로슈포제
카테고리: SERUM
주요 전성분: 정제수변성알코올글리세린프로판다이올나이아신아마이드락틱애씨드하이드록시에틸피페라진에탄설포닉애씨드하이드록시아세토페논소듐하이드록사이드하이드록시프로필구아살리실릭애씨드파이틱애씨드"
doc_prod_oy_a000000166418,product,prod_oy_a000000166418,"상품명: 비판톨 더마 리플레니싱 데일리 모이스처 페이스 크림 50ml
브랜드: 비판톨
카테고리: CREAM
주요 전성분: 정제수, 카프릴릭/카프릭트라이글리세라이드, 글리세린, 1,2-헥산다이올, 시어버터, 판테놀, 폴리글리세릴-6다이스테아레이트, 세테아릴알코올, 아이소프로필아이소스테아레이트, 나이아신아마이드"
doc_prod_oy_a000000167259,product,prod_oy_a000000167259,"상품명: OOTD AM 인텐스 아이세럼 30ml
브랜드: OOTD
카테고리: CREAM
주요 전성분: 정제수, 글리세린, 프로필렌글라이콜, 세틸에틸헥사노에이트, 하이드로제네이티드폴리데센, 세테아릴올리베이트, 페녹시에탄올, 솔비탄올리베이트, 하이드록시에틸아크릴레이트/소듐아크릴로일다이메틸타우레이트코폴리머, 다이메티콘"
doc_prod_oy_a000000167276,product,prod_oy_a000000167276,"상품명: [피지/진정케어] 피캄 베리어 사이클 락토P 토너 200ml
브랜드: 피캄
카테고리: TONER
주요 전성분: 정제수, 부틸렌글라이콜, 프로판다이올, 1,2-헥산다이올, 나이아신아마이드, 판테놀, 에틸헥실글리세린, 알란토인, 아데노신, 잔탄검"
doc_prod_oy_a000000168269,product,prod_oy_a000000168269,"상품명: 미구하라 울트라 화이트닝 퍼펙션 스킨 오리진 400ml
브랜드: 미구하라
카테고리: TONER
주요 전성분: 정제수, 글리세린, 프로판다이올, 나이아신아마이드, 메틸프로판다이올, 1,2-헥산다이올, 폴리글리세릴-10라우레이트, 부틸렌글라이콜, 소듐시트레이트, 시트릭애씨드"
doc_prod_oy_a000000168272,product,prod_oy_a000000168272,"상품명: 미구하라 울트라 화이트닝 퍼스트 에센스 오리진 120ml
브랜드: 미구하라
카테고리: SERUM
주요 전성분: 정제수, 글리세린, 1,2-헥산다이올, 나이아신아마이드, 베타인, 부틸렌글라이콜, 판테놀, 글리세레스-25피씨에이아이소스테아레이트, 잔탄검, 다이포타슘글리시리제이트"
doc_prod_oy_a000000169480,product,prod_oy_a000000169480,"상품명: [24시간수분잠금] 아비브 수분초 히알루론 크림 하이드레이팅 팟 80ml
브랜드: 아비브
카테고리: CREAM
주요 전성분: 정제수, 글리세린, 세틸에틸헥사노에이트, 카프릴릭/카프릭트라이글리세라이드, 펜틸렌글라이콜, 베타인, 퀸즈랜드넛오일, 1,2-헥산다이올, 클로렐라불가리스추출물, 돌나물추출물1,000ppm"
doc_prod_oy_a000000169999,product,prod_oy_a000000169999,"상품명: 달팡 인트랄 데일리 미셀러 토너 200ml
브랜드: 달팡
카테고리: TONER
주요 전성분: 정제수, 글리세레스-26, 부틸렌글라이콜, 비스-피이지-18메틸에터다이메틸실레인, 노니열매즙, 센타우리추출물, 모란뿌리추출물, 모노기나산사꽃추출물, 마트리카리아추출물, 판테놀"
doc_prod_oy_a000000170016,product,prod_oy_a000000170016,"상품명: [4중 모공 개선/병풀추출물 7,793ppm] 피캄 포시카 앰플 30ml
브랜드: 피캄
카테고리: SERUM
주요 전성분: 병풀추출물76.38%, 부틸렌글라이콜, 글리세린, 정제수, 프로판다이올, 1,2-헥산다이올, 나이아신아마이드, 다이프로필렌글라이콜, 글리세레스-26, 카보머"
doc_prod_oy_a000000170312,product,prod_oy_a000000170312,"상품명: [1등 화잘먹 물먹세럼] 에스네이처 아쿠아 스쿠알란 세럼 50ml
브랜드: 에스네이처
카테고리: SERUM
주요 전성분: 정제수, 글리세린, 부틸렌글라이콜, 메틸프로판다이올, 1,2-헥산다이올, 베타인, 다시마추출물, 한련초잎추출물, 버지니아풍년화추출물, 소듐하이알루로네이트"
doc_prod_oy_a000000170418,product,prod_oy_a000000170418,"상품명: 비오템 비오수르스 중복합성 토너 400ml
브랜드: 비오템
카테고리: TONER
주요 전성분: 정제수부틸렌글라이콜변성알코올글리세린피피지-6-데실테트라데세스-30피이지/피피지/폴리부틸렌글라이콜-8/5/3글리세린징크글루코네이트글라이신메치오닌소듐시트레이트소듐석시네이트알지닌세린만노오스디소듐이디티에이하이드롤라이즈드밀단백질비트레오실라발효물시트릭애씨드시트룰린락토바실러스발효물토코페롤포타슘소르베이트소듐데하이드로아세테이트페녹시에탄올클로페네신향료리날룰제라니올알파-이소메칠이오논하이드록시시트로넬알시트로넬올부틸페닐메칠프로피오날벤질알코올벤질살리실레이트"
doc_prod_oy_a000000170638,product,prod_oy_a000000170638,"상품명: 에센허브 티트리 90 카밍 토너 320ml
브랜드: 에센허브
카테고리: TONER
주요 전성분: 티트리잎추출물, 부틸렌글라이콜, 나이아신아마이드, 디프로필렌글라이콜, 디메칠이미다졸리디논쌀전분, 글리세린, 트레할로스, 베타인, 자몽추출물, 유자추출물"
doc_prod_oy_a000000170690,product,prod_oy_a000000170690,"상품명: [미백잡티] 유세린 이븐래디언스 모이스처라이저 50ml
브랜드: 유세린
카테고리: LOTION
주요 전성분: 정제수, 프로판다이올, 글리세린, 세틸에틸헥사노에이트, 나이아신아마이드, 1,2-헥산다이올, 판테놀, 비닐다이메티콘, 부틸렌글라이콜, 세테아릴올리베이트"
doc_prod_oy_a000000171034,product,prod_oy_a000000171034,"상품명: 이지에프올로지 인헨싱 밸런싱 로션 50ml
브랜드: EGF올로지
카테고리: LOTION
주요 전성분: 정제수, 메도우폼씨오일, 마카다미아씨오일, 스쿠알란, 글리세린, 세틸에틸헥사노에이트, 에틸헥실스테아레이트, 시어버터, 하이드로제네이티드레시틴, 에탄올"
doc_prod_oy_a000000171416,product,prod_oy_a000000171416,"상품명: [장벽강화] 스킨앤랩 베리어덤 밀키 세럼 50ml
브랜드: 스킨앤랩
카테고리: SERUM
주요 전성분: 정제수, 부틸렌글라이콜, 스쿠알란, 베타인, 다이펜타에리스리틸헥사C5-9애씨드에스터, 글리세레스-26, 글리세린, 1,2-헥산다이올, 펜틸렌글라이콜, 클로렐라불가리스추출물"
doc_prod_oy_a000000171615,product,prod_oy_a000000171615,"상품명: 허블룸 콤부차 비건 콜라겐 크림 50ml
브랜드: 허블룸
카테고리: CREAM
주요 전성분: *효모자일리눔/홍차발효물40.53%, *오렌지수, *글리세린, 아르간커넬오일, 부틸렌글라이콜, 하이드로제네이티드식물성오일, 펜틸렌글라이콜, 세틸리시놀레이트, 코코-카프릴레이트/카프레이트, 세테아릴알코올"
doc_prod_oy_a000000171755,product,prod_oy_a000000171755,"상품명: [수분충전/저자극] 닥터하스킨 미라클아토 하이드로 토너 150ml
브랜드: 닥터하스킨
카테고리: TONER
주요 전성분: 정제수, 라벤더꽃수, 부틸렌글라이콜, 1,2-헥산다이올, 글리세린, 소듐아크릴릭애씨드/엠에이코폴리머, 에리스리톨, 카프릴릭/카프릭트라이글리세라이드, 폴리솔베이트20, 하이드로제네이티드레시틴"
doc_prod_oy_a000000171757,product,prod_oy_a000000171757,"상품명: [수분진정/민감성] 닥터하스킨 미라클아토 하이드로 크림 50ml
브랜드: 닥터하스킨
카테고리: CREAM
주요 전성분: 정제수, 라벤더꽃수, 올리브오일, 글리세린, 사이클로메티콘, 다이메티콘, C14-22알코올, 1,2-헥산다이올, 세테아릴알코올, 호호바씨오일"
doc_prod_oy_a000000172042,product,prod_oy_a000000172042,"상품명: 울트라브이 이데베논 크림 50ml
브랜드: 울트라브이
카테고리: CREAM
주요 전성분: 정제수, 디메치콘, 글리세린, 메칠프로판디올, 1,2-헥산디올, 나이아신아마이드, 마카다미아씨오일, 아보카도오일, 소듐아크릴레이트/소듐아크릴로일디메칠타우레이트코폴리머, 해바라기씨오일"
doc_prod_oy_a000000172156,product,prod_oy_a000000172156,"상품명: 루트리 오디베리 5중 모공 리파이닝 앰플 50ml
브랜드: 루트리
카테고리: SERUM
주요 전성분: 정제수, 글리세린, 다이프로필렌글라이콜, 1,2-헥산다이올, 나이아신아마이드, 메틸글루세스-20, 인도멀구슬나무꽃추출물, 포도추출물, 사탕무뿌리추출물, 뽕나무열매추출물242,500ppb"
doc_prod_oy_a000000172157,product,prod_oy_a000000172157,"상품명: 루트리 오디베리 5중 모공 리프팅 크림 50ml
브랜드: 루트리
카테고리: CREAM
주요 전성분: 정제수, 부틸렌글라이콜, 글리세린, 코코-카프릴레이트/카프레이트, 1,2-헥산다이올, 나이아신아마이드, 베타인, 인도멀구슬나무꽃추출물, 포도추출물, 사탕무뿌리추출물"
doc_prod_oy_a000000172207,product,prod_oy_a000000172207,"상품명: 수페 버치 리치 오리진 크림 50ml
브랜드: 수페
카테고리: CREAM
주요 전성분: 만주자작나무수액80.3404%, 부틸렌글라이콜, 카프릴릭/카프릭트라이글리세라이드, 글리세린, 1,2-헥산다이올, 세테아릴알코올, 세틸알코올, 폴리글리세릴-6스테아레이트, 솔비탄스테아레이트, 폴리프로필실세스퀴옥세인"
doc_prod_oy_a000000172208,product,prod_oy_a000000172208,"상품명: 수페 버치 리치 오리진 앰플 100ml
브랜드: 수페
카테고리: SERUM
주요 전성분: 만주자작나무수액83.692%, 부틸렌글라이콜, 다이프로필렌글라이콜, 글리세레스-26, 1,2-헥산다이올, 나이아신아마이드, 알지닌, 카보머, 폴리글리세릴-10라우레이트, 폴리글리세릴-4라우레이트"
doc_prod_oy_a000000172209,product,prod_oy_a000000172209,"상품명: 수페 버치 리치 오리진 에센스 150ml
브랜드: 수페
카테고리: SERUM
주요 전성분: 만주자작나무수액81.7908%, 부틸렌글라이콜, 글리세레스-26, 글리세린, 1,2-헥산다이올, 에탄올, 에틸헥실글리세린, 정제수, 아데노신, 소듐하이알루로네이트"
doc_prod_oy_a000000172912,product,prod_oy_a000000172912,"상품명: [비건/잡티케어] 스킨푸드 유자씨 잡티 맑음 세럼 50ml
브랜드: 스킨푸드
카테고리: SERUM
주요 전성분: 유자추출물, 정제수, 나이아신아마이드, 다이프로필렌글라이콜, 글리세린, 1,2-헥산다이올, 소듐폴리아크릴로일다이메틸타우레이트, 피피지-13-데실테트라데세스-24, 부틸렌글라이콜, 소듐아스코빌포스페이트"
doc_prod_oy_a000000173055,product,prod_oy_a000000173055,"상품명: [피지40%감소] 라타플랑 미나리 시카트러블 진정 수분크림 75ml
브랜드: 라타플랑
카테고리: CREAM
주요 전성분: 정제수, 글리세린, 메틸프로판다이올, 1,2-헥산다이올, 베타인, 아이소프로필팔미테이트, 하이드로제네이티드폴리C6-14올레핀, 하이드로제네이티드폴리데센, 미나리추출물3,000ppm, 병풀추출물"
doc_prod_oy_a000000174028,product,prod_oy_a000000174028,"상품명: [노화케어] 디오디너리 멀티-펩타이드 + HA 세럼 60ml
브랜드: 디오디너리
카테고리: SERUM
주요 전성분: 정제수, 글리세린, 락토코쿠스발효용해물, 아세틸헥사펩타이드-8, 펜타펩타이드-18, 팔미토일트라이펩타이드-1, 팔미토일테트라펩타이드-7, 팔미토일트라이펩타이드-38, 다이펩타이드다이아미노부티로일벤질아마이드다이아세테이트, 아세틸알지닐트립토필다이페닐글라이신"
doc_prod_oy_a000000174304,product,prod_oy_a000000174304,"상품명: [수분탄력에센스] 유리아쥬 글로우업 오 에센스 100ml
브랜드: 유리아쥬
카테고리: SERUM
주요 전성분: 정제수, 온천수*, 다이글리세린, 1,2-헥산다이올, 자귀나무껍질추출물, 글리세린, 자일리틸글루코사이드, 안하이드로자일리톨, 이눌린, 피이지-80글리세릴코코에이트"
doc_prod_oy_a000000174316,product,prod_oy_a000000174316,"상품명: 라로슈포제 시카플라스트 밤B5+ 40ml
브랜드: 라로슈포제
카테고리: CREAM
주요 전성분: 정제수, 하이드로제네이티드폴리아이소부텐, 다이메티콘, 글리세린, 시어버터, 판테놀, 옥수수전분, 프로판다이올, 부틸렌글라이콜, 세틸피이지/피피지-10/1다이메티콘"
doc_prod_oy_a000000174356,product,prod_oy_a000000174356,"상품명: [수분/진정]아벤느 클리낭스 아쿠아크림-인-젤 수분 크림 50ml
브랜드: 아벤느
카테고리: CREAM
주요 전성분: 온천수@프로판다이올@펜틸렌글라이콜@글리세린@정제수@트라이에틸헥사노인@나이아신아마이드@아크릴레이트/C10-30알킬아크릴레이트크로스폴리머@청색1호@카프릴릭/카프릭트라이글리세라이드@카프릴릴글라이콜@세테아릴올리베이트@다이글리세린@향료@글리세릴라우레이트@하이드록시에틸아크릴레이트/소듐아크릴로일다이메틸타우레이트코폴리머@하이드록시프로필스타치포스페이트@에스큘렌타렌즈콩씨추출물@폴리글리세린-3@폴리솔베이트60@포타슘하이드록사이드@소듐벤조에이트@솔비탄아이소스테아레이트@솔비탄올리베이트@토코페릴글루코사이드"
doc_prod_oy_a000000174406,product,prod_oy_a000000174406,"상품명: 피부미 센텔루션 시카 크림 3X 100ml [지복합성]
브랜드: 피부미
카테고리: CREAM
주요 전성분: 병풀추출물76%, 글리세린, 프로판다이올, 나이아신아마이드, 세테아릴알코올, 세테아릴올리베이트, 카프릴릭/카프릭트라이글리세라이드, 페닐트라이메티콘, 마데카소사이드, 애플민트잎추출물"
doc_prod_oy_a000000174407,product,prod_oy_a000000174407,"상품명: 피부미 센텔루션 시카 크림 3X 100ml [건성]
브랜드: 피부미
카테고리: CREAM
주요 전성분: 병풀추출물67%, 글리세린, 프로판다이올, 카프릴릭/카프릭트라이글리세라이드, 스쿠알란, 나이아신아마이드, 폴리글리세릴-3메틸글루코오스다이스테아레이트, 세테아릴알코올, 페닐트라이메티콘, 글리세릴스테아레이트"
doc_prod_oy_a000000174576,product,prod_oy_a000000174576,"상품명: 크리니크 드라마티컬리 디퍼런트 모이스춰라이징 로션 30ml
브랜드: 크리니크
카테고리: LOTION
주요 전성분: 정제수, 미네랄오일, 글리세린, 페트롤라툼, 스테아릭애씨드, 글리세릴스테아레이트, 참깨오일, 우레아, 라놀린알코올, 트라이에탄올아민"
doc_prod_oy_a000000174707,product,prod_oy_a000000174707,"상품명: [수부지 화잘먹 크림] 일소 데일리 모이스처 푸딩 크림 50ml
브랜드: 일소
카테고리: CREAM
주요 전성분: 정제수, 부틸렌글라이콜, 프로판다이올, 아이소트라이데실아이소노나노에이트, 페닐트라이메티콘, 1,2-헥산다이올, 글리세린, 다이글리세린, 스쿠알란, 시어버터"
doc_prod_oy_a000000174709,product,prod_oy_a000000174709,"상품명: [수분급속충전] 일소 데일리 모이스처 소프트닝 로션 150ml
브랜드: 일소
카테고리: LOTION
주요 전성분: 정제수, 1,2-헥산다이올, 글리세레스-26, 카프릴릭/카프릭트라이글리세라이드, 아이소펜틸다이올, 글리세린, 하이드로제네이티드폴리데센, 폴리글리세릴-3다이스테아레이트, 세테아릴올리베이트, 알지닌"
doc_prod_oy_a000000174719,product,prod_oy_a000000174719,"상품명: [응급진정/흔적케어]로벡틴 시카케어 클리어링 앰플 30ml
브랜드: 로벡틴
카테고리: SERUM
주요 전성분: 병풀추출물, 글리세린, 다이프로필렌글라이콜, 프로판다이올, 정제수, 1,2-헥산다이올, 부틸렌글라이콜, 나이아신아마이드, 메틸프로판다이올, 다마스크장미꽃수"
doc_prod_oy_a000000174751,product,prod_oy_a000000174751,"상품명: 토리든 솔리드인 세라마이드 올데이 에센스 100ml
브랜드: 토리든
카테고리: SERUM
주요 전성분: 정제수, 글리세린, 부틸렌글라이콜, 1,2-헥산다이올, 카프릴릭/카프릭트라이글리세라이드, 판테놀, 세라마이드엔피, 세라마이드엔에스, 세라마이드에이에스, 세라마이드이오피"
doc_prod_oy_a000000174929,product,prod_oy_a000000174929,"상품명: 폴라초이스 C5 슈퍼 부스트 수분크림 50ml
브랜드: 폴라초이스
카테고리: CREAM
주요 전성분: 정제수, 다이카프릴릴카보네이트, 3-O-에틸아스코빅애씨드, 다이메티콘, 부틸렌글라이콜, 폴리글리세릴-6다이스테아레이트, 아스코빌글루코사이드, 스쿠알란, 하이드록시에틸아크릴레이트/소듐아크릴로일다이메틸타우레이트코폴리머, 아세틸에스에이치-헥사펩타이드-5아마이드아세테이트"
doc_prod_oy_a000000175198,product,prod_oy_a000000175198,"상품명: [보습크림] 닥터자르트 세라마이딘 스킨 베리어 모이스처라이징 크림 50ml
브랜드: 닥터자르트
카테고리: CREAM
주요 전성분: 정제수, 글리세린, 카프릴릭/카프릭트라이글리세라이드, 다이프로필렌글라이콜, 세테아릴알코올, 하이드로제네이티드폴리데센, 메틸트라이메티콘, 하이드로제네이티드폴리C6-14올레핀, 시어버터, 1,2-헥산다이올"
doc_prod_oy_a000000175354,product,prod_oy_a000000175354,"상품명: [보습세럼]닥터자르트 세라마이딘 스킨 베리어 세럼 토너 150ml
브랜드: 닥터자르트
카테고리: TONER
주요 전성분: 정제수, 다이프로필렌글라이콜, 베타인, 프로판다이올, 변성알코올, 글라이코실트레할로오스, 글리세린, 1,2-헥산다이올, 판테놀, 펜틸렌글라이콜"
doc_prod_oy_a000000176058,product,prod_oy_a000000176058,"상품명: 체이싱래빗 그린 골든 룰러 크림 100ml (피부장벽 진정크림)
브랜드: 체이싱래빗
카테고리: CREAM
주요 전성분: 녹차수, 글리세린, 카프릴릭/카프릭트라이글리세라이드, 하이드로제네이티드폴리아이소부텐, 다이카프릴릴카보네이트, 수크로오스스테아레이트, 락토바실러스발효용해물, 알지닌, 락토바실러스/석류발효추출물, 베타인"
doc_prod_oy_a000000176351,product,prod_oy_a000000176351,"상품명: 클라뷰 리얼 비건 저분자 콜라겐 탄력 앰플 30ml
브랜드: 클라뷰
카테고리: SERUM
주요 전성분: 정제수, 부틸렌글라이콜, 글리세린, 폴리글리세린-3, 1,2-헥산다이올, 나이아신아마이드, 메틸프로판다이올, 프로판다이올, 메도우폼씨오일, 마카다미아씨오일"
doc_prod_oy_a000000176352,product,prod_oy_a000000176352,"상품명: 클라뷰 리얼 비건 저분자 콜라겐 탄력 크림 50ml
브랜드: 클라뷰
카테고리: CREAM
주요 전성분: 정제수, 글리세린, 카프릴릭/카프릭트라이글리세라이드, 비닐다이메티콘, 세틸에틸헥사노에이트, 나이아신아마이드, 폴리글리세릴-3메틸글루코오스다이스테아레이트, 펜틸렌글라이콜, 사이클로헥사실록세인, 1,2-헥산다이올"
doc_prod_oy_a000000176512,product,prod_oy_a000000176512,"상품명: 트러블레스 마일드 클리어 토너 에센스 200ml
브랜드: 트러블레스
카테고리: TONER
주요 전성분: 정제수, 다이프로필렌글라이콜, 메틸프로판다이올, 글리세린, 티트리잎수, 판테놀, 글루코노락톤, 4-터피네올, 흰버드나무껍질추출물, 브루셀스프라우트추출물"
doc_prod_oy_a000000176954,product,prod_oy_a000000176954,"상품명: 에스티 로더 마이크로 에센스 트리트먼트 로션 100ml
브랜드: 에스티로더
카테고리: SERUM
주요 전성분: 정제수, 비피다발효용해물, 프로판다이올, 피이지-75, 락토바실러스발효물, 아세틸헥사펩타이드-8, 아세틸글루코사민, 소듐하이알루로네이트, 캐모마일꽃추출물, 카페인"
doc_prod_oy_a000000176978,product,prod_oy_a000000176978,"상품명: [당근토너] 스킨푸드 캐롯 카로틴 수딩 토너 300ml
브랜드: 스킨푸드
카테고리: TONER
주요 전성분: 정제수, 글리세린, 부틸렌글라이콜, 1,2-헥산다이올, 피피지-13-데실테트라데세스-24, 에틸헥실글리세린, 소듐시트레이트, 당근추출물882ppm, 소듐하이알루로네이트, 시트릭애씨드"
doc_prod_oy_a000000177475,product,prod_oy_a000000177475,"상품명: [모공임상] 프랭클리 모공축소 클로저 세럼 30ml 앰플
브랜드: 프랭클리
카테고리: SERUM
주요 전성분: 정제수, 글리세린, 부틸렌글라이콜, 프로판다이올, 1,2-헥산다이올, 하이드롤라이즈드루핀단백질, 아세틸헥사펩타이드-8, 트라이펩타이드-3, 아세틸옥타펩타이드-3, 카퍼트라이펩타이드-1"
doc_prod_oy_a000000177477,product,prod_oy_a000000177477,"상품명: [응급진정] 프랭클리 시카80 히알루론산 보습 토너 260ml
브랜드: 프랭클리
카테고리: TONER
주요 전성분: 병풀추출물80%, 정제수, 1,2-헥산다이올, 메틸프로판다이올, 베타인, 소듐하이알루로네이트100ppm, 알란토인, 글리세린, 병풀잎추출물, 병풀뿌리추출물"
doc_prod_oy_a000000178494,product,prod_oy_a000000178494,"상품명: [화잘먹크림] 웰라쥬 리얼 히알루로닉 100 크림 50ml
브랜드: 웰라쥬
카테고리: CREAM
주요 전성분: '하이드롤라이즈드하이알루로닉애씨드500,000ppm, 정제수, 글리세린, 세테아릴알코올, 펜틸렌글라이콜, 카프릴릭/카프릭트라이글리세라이드, 스쿠알란, 프로판다이올, 베타인, 세테아릴올리베이트"
doc_prod_oy_a000000178648,product,prod_oy_a000000178648,"상품명: 크리니크 모이스춰 써지 하이드로 인퓨즈드 로션 200ml
브랜드: 크리니크
카테고리: TONER
주요 전성분: 정제수, 비스-피이지-18메틸에터다이메틸실레인, 글리세린, 부틸렌글라이콜, 펜틸렌글라이콜, 밤부사불가리스추출물, 완두콩전초추출물, 보리추출물, 밀배아추출물, 겔리디엘라아세로사추출물"
doc_prod_oy_a000000179257,product,prod_oy_a000000179257,"상품명: [진정/속보습] 센텔리안24 마데카 데일리 리페어 에센스로션 100ml
브랜드: 센텔리안24
카테고리: LOTION
주요 전성분: 락토바실러스/병풀추출발효여과물, 병풀추출물, 글리세린, 카프릴릭/카프릭트라이글리세라이드, 나이아신아마이드, 에틸헥실스테아레이트, 폴리글리세릴-3다이스테아레이트, 세테아릴알코올, 병풀잎추출물, 돌콩추출물"
doc_prod_oy_a000000179544,product,prod_oy_a000000179544,"상품명: [트러블완화/수분진정] 비플레인 시카테롤 토너 200ml
브랜드: 비플레인
카테고리: TONER
주요 전성분: 정제수, 프로판다이올, 병풀추출물2%, 1,2-헥산다이올, 베타-시토스테롤"
doc_prod_oy_a000000180075,product,prod_oy_a000000180075,"상품명: CKD 레티노콜라겐 저분자 300 괄사 목주름 크림 50ml
브랜드: CKD
카테고리: CREAM
주요 전성분: 정제수, 글리세린, 카프릴릭/카프릭트라이글리세라이드, 부틸렌글라이콜, 펜틸렌글라이콜, 나이아신아마이드, 1,2-헥산다이올, 세테아릴올리베이트, 하이드로제네이티드폴리아이소부텐, 솔비탄올리베이트"
doc_prod_oy_a000000180459,product,prod_oy_a000000180459,"상품명: [NEW] 스킨푸드 로열허니 착한 수분 크림 100ml
브랜드: 스킨푸드
카테고리: CREAM
주요 전성분: 정제수, 글리세린, 올리브오일, 해바라기씨오일, 마카다미아씨오일, 스쿠알란, 하이드로제네이티드레시틴, 망고씨드버터, 베타인, 꿀추출물"
doc_prod_oy_a000000180543,product,prod_oy_a000000180543,"상품명: 코스알엑스 더 레티놀 0.1 크림 20ml
브랜드: 코스알엑스
카테고리: CREAM
주요 전성분: 정제수, 카프릴릭/카프릭트라이글리세라이드, 프로판다이올, 글리세린, 토코페릴아세테이트, 세테아릴알코올, 트레할로오스, 판테놀, 시어버터, 돌콩오일"
doc_prod_oy_a000000180890,product,prod_oy_a000000180890,"상품명: [트러블피지완화] 코스알엑스 더 나이아신아마이드 15 세럼 20ml
브랜드: 코스알엑스
카테고리: SERUM
주요 전성분: 정제수, 펜틸렌글라이콜, 나이아신아마이드, 부틸렌글라이콜, 아세틸글루코사민, 1,2-헥산다이올, 징크피씨에이, 트레할로오스, 잔탄검, 풀루란"
doc_prod_oy_a000000180892,product,prod_oy_a000000180892,"상품명: 코스알엑스 더 히알루론산 3 세럼 20ml
브랜드: 코스알엑스
카테고리: SERUM
주요 전성분: 정제수, 부틸렌글라이콜, 프로판다이올, 글리세린, 소듐하이알루로네이트3%, 펜틸렌글라이콜, 1,2-헥산다이올, 다이에톡시에틸석시네이트, 소듐폴리아크릴로일다이메틸타우레이트, 베타인"
doc_prod_oy_a000000180918,product,prod_oy_a000000180918,"상품명: 숨37 마이크로액티브 소프트 핏 크림 50ml
브랜드: 숨37
카테고리: CREAM
주요 전성분: 정제수, 글리세린, 2,3-부탄다이올, 스쿠알란, 코코-카프릴레이트/카프레이트, 트레할로오스, 메도우폼씨오일, 1,2-헥산다이올, C13-15알케인, 카프릴릭/카프릭트라이글리세라이드"
doc_prod_oy_a000000180919,product,prod_oy_a000000180919,"상품명: 숨37 마이크로 액티브 리페어 세럼 50ml
브랜드: 숨37
카테고리: SERUM
주요 전성분: 정제수, 2,3-부탄다이올, 글리세린, 1,2-헥산다이올, 카프릴릭/카프릭트라이글리세라이드, 다이메티콘, 해바라기씨오일, 변성알코올, 판테놀, 하이드로제네이티드레시틴"
doc_prod_oy_a000000181121,product,prod_oy_a000000181121,"상품명: [눈가케어] 디오디너리 멀티-펩타이드 아이 세럼 15ml
브랜드: 디오디너리
카테고리: CREAM
주요 전성분: 정제수, 글리세린, 부틸렌글라이콜, 프로판다이올, 다이프로필렌글라이콜, 아세틸글루코사민, 나이아신아마이드, 팔미토일트라이펩타이드-38, 아세틸테트라펩타이드-5, 미리스토일노나펩타이드-3"
doc_prod_oy_a000000181124,product,prod_oy_a000000181124,"상품명: [도토리크림] 스킨푸드 도토리 모공 탄력 크림 70ml
브랜드: 스킨푸드
카테고리: CREAM
주요 전성분: 정제수, 도토리추출물, 부틸렌글라이콜, 글리세린, 나이아신아마이드, 다이카프릴릴에터, 펜틸렌글라이콜, 하이드로제네이티드폴리데센, 다이카프릴릴카보네이트, 비닐다이메티콘"
doc_prod_oy_a000000181125,product,prod_oy_a000000181125,"상품명: [도토리앰플] 스킨푸드 도토리 모공 탄력 앰플 55ml
브랜드: 스킨푸드
카테고리: SERUM
주요 전성분: 정제수, 도토리추출물, 프로판다이올, 다이프로필렌글라이콜, 부틸렌글라이콜, 글리세린, 나이아신아마이드, 펜틸렌글라이콜, 버지니아풍년화추출물, 폴리글리세릴-10라우레이트"
doc_prod_oy_a000000181633,product,prod_oy_a000000181633,"상품명: [광채잡티세럼]눅스 슈퍼 세럼 10 30ml
브랜드: 눅스
카테고리: SERUM
주요 전성분: 정제수, 글리세린, 카프릴릭/카프릭트라이글리세라이드, 베타인, 프로판다이올, 나이아신아마이드, 펜틸렌글라이콜, 1,2-헥산다이올, 코코-카프릴레이트/카프레이트, 캐스터오일/아이피디아이코폴리머"
doc_prod_oy_a000000182072,product,prod_oy_a000000182072,"상품명: [NCT태용 PICK/괄사롤러] 비원츠 시카콜라겐 리프팅크림 50ml
브랜드: 비원츠
카테고리: CREAM
주요 전성분: 정제수, 글리세린, 호호바씨오일, 1,2-헥산다이올, 나이아신아마이드, 소둠폴리아크릴로일다이메틸타우레이트, 병풀추출물109.75ppm, 영지버섯줄기추출물, 멕시칸치아씨추출물, 돌콩추출물"
doc_prod_oy_a000000182273,product,prod_oy_a000000182273,"상품명: [EGF판테놀/장벽] 마일드랩 블루센텔라 더마 리페어크림 50ml
브랜드: 마일드랩
카테고리: CREAM
주요 전성분: 정제수, 글리세린, 판테놀, 다이프로필렌글라이콜, 하이드로제네이티드폴리데센, 메도우폼씨오일, 사이클로헥사실록세인, 카프릴릭/카프릭트라이글리세라이드, 퀸즈랜드넛오일, 폴리글리세릴-3메틸글루코오스다이스테아레이트"
doc_prod_oy_a000000182300,product,prod_oy_a000000182300,"상품명: 에필로우 차가버섯 비피다 바이옴 매끈결 모공 앰플 50ml
브랜드: 에필로우
카테고리: SERUM
주요 전성분: 차가버섯추출물, 프로판다이올, 1,2-헥산다이올, 나이아신아마이드, 비피다발효용해물, 펜틸렌글라이콜, 효모/쌀발효여과물, 다시마추출물, 한련초잎추출물, 인도멀구슬나무잎추출물"
doc_prod_oy_a000000182387,product,prod_oy_a000000182387,"상품명: [진정] 디오디너리 알로에 2% + NAG 2% 솔루션 30ml
브랜드: 디오디너리
카테고리: SERUM
주요 전성분: 정제수, 프로판다이올, 글리세린, 다이프로필렌글라이콜, 알로에베라잎즙가루, 아세틸글루코사민, 팔미토일펜타펩타이드-4, 바이오사카라이드검-2, 펜틸렌글라이콜, 잔탄검"
doc_prod_oy_a000000182685,product,prod_oy_a000000182685,"상품명: [트러블로션] 에스트라 테라크네365 수딩 액티브 모이스처라이저 60ml
브랜드: 에스트라
카테고리: CREAM
주요 전성분: 정제수, 부틸렌글라이콜, 카프릴릭/카프릭트라이글리세라이드, 나이아신아마이드, 아이소펜틸다이올, 세테아릴알코올, 다이메티콘, 폴리글리세릴-10스테아레이트, 베헤닐알코올, 카보머"
doc_prod_oy_a000000182686,product,prod_oy_a000000182686,"상품명: 에스트라 테라크네365 하이드로 액티브 토너 200ml
브랜드: 에스트라
카테고리: TONER
주요 전성분: 정제수, 부틸렌글라이콜, 글리세린, 나이아신아마이드, 아이소펜틸다이올, 베타인, 판테놀, 알란토인, 다이포타슘글리시리제이트, 잔탄검"
doc_prod_oy_a000000182721,product,prod_oy_a000000182721,"상품명: 케어존 아큐어 클래리파잉 에멀전 200ml
브랜드: 케어존
카테고리: LOTION
주요 전성분: 정제수, 1,2-헥산다이올, 헥실데실에틸헥사노에이트, 프로판다이올, 글리세릴스테아레이트, 폴리글리세릴-3메틸글루코오스다이스테아레이트, 트라이에틸헥사노인, 세테아릴알코올, 글리세린, 하이드로제네이티드폴리데센"
doc_prod_oy_a000000182787,product,prod_oy_a000000182787,"상품명: [약산성/저자극] 파티온 노스카나인 트러블 클리어 토너 200ml
브랜드: 파티온
카테고리: TONER
주요 전성분: 정제수, 2,3-부탄다이올, 에톡시다이글라이콜, 글루코노락톤, 1,2-헥산다이올, 글리세린, 메틸프로판다이올, 글리세레스-26, 트로메타민, 카프릴릴글라이콜"
doc_prod_oy_a000000182815,product,prod_oy_a000000182815,"상품명: [토닝빛세럼/슬로우에이징] 셀퓨전씨 토닝 C 잡티세럼 30ml
브랜드: 셀퓨전씨
카테고리: SERUM
주요 전성분: 정제수, 프로판다이올, 나이아신아마이드, 1,2-헥산다이올, 3-O-에틸아스코빅애씨드, 스핑고모나스발효추출물, 레몬밤잎추출물, 오렌지껍질오일, 하이드로제네이티드레시틴, 팔마로사오일"
doc_prod_oy_a000000183516,product,prod_oy_a000000183516,"상품명: 라로슈포제 에빠끌라 AI 15ml
브랜드: 라로슈포제
카테고리: SERUM
주요 전성분: 정제수, 사이클로헥사실록산, 이소노닐이소노나노에이트, 프로필렌글라이콜, 이소헥사데칸, 나이아신아마이드, 피이지-100스테아레이트, 글리세릴스테아레이트, 세틸알코올, 암모늄폴리아크릴로일디메칠타우레이트"
doc_prod_oy_a000000183744,product,prod_oy_a000000183744,"상품명: [시카보다 4배*강한] 한율 어린쑥 수분진정 플루이드 125ml
브랜드: 한율
카테고리: LOTION
주요 전성분: 정제수, 프로판다이올, 글리세린, 메틸트라이메티콘, 황해쑥잎수18,944ppm, 1,2-헥산다이올, 피씨에이다이메티콘, 천궁수, 왜당귀뿌리수, 실리카"
doc_prod_oy_a000000183751,product,prod_oy_a000000183751,"상품명: [시카보다 4배*강한] 한율 어린쑥 수분진정 토너 150ml
브랜드: 한율
카테고리: TONER
주요 전성분: 정제수, 부틸렌글라이콜, 베타인, 글리세린, 황해쑥잎수18,944ppm, 1,2-헥산다이올, 판테놀5,000ppm, 피피지-13-데실테트라데세스-24, 2,3-부탄다이올, 향료"
doc_prod_oy_a000000184066,product,prod_oy_a000000184066,"상품명: [민감피부진정] 세타필 페이셜 수분크림 48g
브랜드: 세타필
카테고리: CREAM
주요 전성분: 정제수, 다이카프릴릴카보네이트, 글리세린, 카프릴릭/카프릭트라이글리세라이드, 글리세릴스테아레이트시트레이트, 세테아릴알코올, 나이아신아마이드, 안하이드로자일리톨, 시어버터오일, 시트릭애씨드"
doc_prod_oy_a000000184133,product,prod_oy_a000000184133,"상품명: [트러블세럼] 에스트라 테라크네365 액티브 세럼 30ml
브랜드: 에스트라
카테고리: SERUM
주요 전성분: 정제수, 부틸렌글라이콜, 글리세린, 변성알코올, 나이아신아마이드, 1,2-헥산다이올, 실리카, 다이에톡시에틸석시네이트, 해바라기씨오일, 하이드록시에틸아크릴레이트/소듐아크릴로일다이메틸타우레이트코폴리머"
doc_prod_oy_a000000184770,product,prod_oy_a000000184770,"상품명: [워터젤리/수분크림]닥터자르트 바이탈 하이드라 솔루션 하이드로 플럼프 워터 크림 50ml
브랜드: 닥터자르트
카테고리: CREAM
주요 전성분: 정제수, 프로판다이올, 페닐트라이메티콘, 베타인, 글리세린, 나이아신아마이드, 글리세릴글루코사이드, 사카라이드아이소머레이트, 비닐다이메티콘, 카프릴릴글라이콜"
doc_prod_oy_a000000184772,product,prod_oy_a000000184772,"상품명: [워터젤리/수분에센스]닥터자르트 바이탈 하이드라 솔루션 하이드로 플럼프 트리트먼트 에센스 150ml
브랜드: 닥터자르트
카테고리: SERUM
주요 전성분: 정제수, 글리세린, 메틸프로판다이올, 펜틸렌글라이콜, 1,2-헥산다이올, 글리세릴글루코사이드, 사카라이드아이소머레이트, 폴리글리세린-3, 소듐하이알루로네이트, 하이드롤라이즈드식물성단백질"
doc_prod_oy_a000000184789,product,prod_oy_a000000184789,"상품명: [민감진정] 라운드랩 소나무 진정 시카 로션 250ml
브랜드: 라운드랩
카테고리: LOTION
주요 전성분: 정제수, 프로판다이올, 1,2-헥산다이올, 글리세린, 세틸에틸헥사노에이트, 하이알루로닉애씨드, 하이드롤라이즈드하이알루로닉애씨드, 소듐하이알루로네이트, 소나무잎추출물5,012ppm, 인도멀구슬나무잎추출물"
doc_prod_oy_a000000184790,product,prod_oy_a000000184790,"상품명: [민감진정] 라운드랩 소나무 진정 시카 토너 250ml
브랜드: 라운드랩
카테고리: TONER
주요 전성분: 정제수, 프로판다이올, 글리세린, 부틸렌글라이콜, 1,2-헥산다이올, 하이알루로닉애씨드, 하이드롤라이즈드하이알루로닉애씨드, 소듐하이알루로네이트, 소나무잎추출물5,010ppm, 에틸헥실글리세린"
doc_prod_oy_a000000184919,product,prod_oy_a000000184919,"상품명: 시모먼트 아이 리프팅 롤러 세럼 15ml
브랜드: 시모먼트
카테고리: CREAM
주요 전성분: 콜라겐추출물, 다이프로필렌글라이콜, 메틸프로판다이올, 글리세린, 1,2-헥산다이올, 나이아신아마이드, 카프릴릭/카프릭트라이글리세라이드, 폴리글리세린-3, 병풀추출물, 무화과추출물"
doc_prod_oy_a000000184941,product,prod_oy_a000000184941,"상품명: [NCT 재민PICK] 이즈앤트리 초저분자 히아루론산 세럼 50ml
브랜드: 이즈앤트리
카테고리: SERUM
주요 전성분: 해수, 정제수, 메틸프로판다이올, 글리세린, 부틸렌글라이콜, 1,2-헥산다이올, 하이드롤라이즈드하이알루로닉애씨드, 소듐하이알루로네이트, 하이드롤라이즈드소듐하이알루로네이트, 포타슘하이알루로네이트"
doc_prod_oy_a000000184963,product,prod_oy_a000000184963,"상품명: 몰바니 율피 포어 타이트닝 세럼 50ml
브랜드: 몰바니
카테고리: SERUM
주요 전성분: 밤보늬추출물81%, 부틸렌글라이콜, 정제수, 1,2-헥산다이올, 베타인, 나이아신아마이드, 글리세린, 트레할로오스, 판테놀, 자일리틸글루코사이드"
doc_prod_oy_a000000185367,product,prod_oy_a000000185367,"상품명: 배드스킨 콜라겐 밤 하이리프팅 크림100ml
브랜드: 배드스킨
카테고리: CREAM
주요 전성분: 하이드롤라이즈드콜라겐61%, 부틸렌글라이콜, 글리세린, 정제수, 세테아릴알코올, 세틸에틸헥사노에이트, 소듐하이알루로네이트, 나이아신아마이드, 비즈왁스, 지황뿌리추출물"
doc_prod_oy_a000000185456,product,prod_oy_a000000185456,"상품명: [수분톤업/화잘먹 톤프렙] 나인위시스 비건 화이트 톤업 크림 50ml
브랜드: 나인위시스
카테고리: CREAM
주요 전성분: 해수, 정제수, 사이클로펜타실록세인, 에칠헥실메톡시신나메이트, 사이클로헥사실록세인, 페닐트라이메티콘, 부틸렌글라이콜, 카프릴릭/카프릭트라이글리세라이드, 프로필렌글라이콜다이카프릴레이트, 세틸피이지/피피지-10/1다이메티콘"
doc_prod_oy_a000000186131,product,prod_oy_a000000186131,"상품명: 메디큐브 레드 이레이징 크림 2.0 50ml
브랜드: 메디큐브
카테고리: CREAM
주요 전성분: 정제수, 징크옥사이드, 사이클로펜타실록산, 카프릴릭/카프릭트리글리세라이드, 글리세린, 이소데실네오펜타노에이트, 사이클로헥사실록산, 디에칠헥실카보네이트, 쿼터늄-18벤토나이트, 피이지-10디메치콘"
doc_prod_oy_a000000186191,product,prod_oy_a000000186191,"상품명: [보습젤] 디오디너리 내추럴 모이스처라이징 팩터스 + 베타 글루칸 100ml
브랜드: 디오디너리
카테고리: CREAM
주요 전성분: 정제수, 피피지-24-글리세레스-24, 프로판다이올, 베타인, 베타-글루칸, 알지닌, 글라이신, 알라닌, 세린, 프롤린"
doc_prod_oy_a000000186997,product,prod_oy_a000000186997,"상품명: [화해어워드 1위/모공앰플] 닥터오라클 레티노타이트닝 비타민A 레티놀 앰플 50ml
브랜드: 닥터오라클
카테고리: SERUM
주요 전성분: 정제수, 부틸렌글라이콜, 하이드로제네이티드폴리C6-14올레핀, 1,2-헥산다이올, 나이아신아마이드, 세틸에틸헥사노에이트, 펜타에리스리틸테트라에틸헥사노에이트, 하이드록시피나콜론레티노에이트1,000ppm, 아데노신, 판테놀"
doc_prod_oy_a000000187241,product,prod_oy_a000000187241,"상품명: 빌리프 슈퍼 드랍스 비타민C 워터트리트먼트 150ML
브랜드: 빌리프
카테고리: TONER
주요 전성분: 정제수, 프로판다이올, 글리세린*4%, 변성알코올, 1,2-헥산다이올, 다이페닐다이메티콘, 카프릴릭/카프릭/석시닉트라이글리세라이드, 알로에베라잎즙*0.09199%, 하이드롤라이즈드하이알루로닉애씨드*0.001%, 소듐하이알루로네이트*0.0010025%"
doc_prod_oy_a000000188005,product,prod_oy_a000000188005,"상품명: [모공탄력] 일소 모링가 타이트닝 포어 세럼 30ml
브랜드: 일소
카테고리: SERUM
주요 전성분: 드럼스틱씨추출물, 정제수, 부틸렌글라이콜, 글리세린, 피이지/피피지-17/6코폴리머, 나이아신아마이드, 1,2-헥산다이올, 락토바이오닉애씨드, 트로메타민, 스쿠알란"
doc_prod_oy_a000000188048,product,prod_oy_a000000188048,"상품명: 브링그린 대나무 히알루 수분 토너 500mL
브랜드: 브링그린
카테고리: TONER
주요 전성분: 정제수, 부틸렌글라이콜, 글리세린, 1,2-헥산다이올, 판테놀, 왕대수액, 에틸헥실글리세린, 소듐하이알루로네이트, 잔탄검, 알란토인"
doc_prod_oy_a000000188206,product,prod_oy_a000000188206,"상품명: [노화케어] 디오디너리 멀티-펩타이드 + 카퍼 펩타이즈 1% 세럼 30ml
브랜드: 디오디너리
카테고리: SERUM
주요 전성분: 정제수, 글리세린, 락토코쿠스발효용해물, 카퍼트라이펩타이드-11％, 아세틸헥사펩타이드-8, 펜타펩타이드-18, 팔미토일트라이펩타이드-1, 팔미토일테트라펩타이드-7, 팔미토일트라이펩타이드-38, 다이펩타이드다이아미노부티로일벤질아마이드다이아세테이트"
doc_prod_oy_a000000188495,product,prod_oy_a000000188495,"상품명: [극강보습] 이지듀 베리어 리페어 보습케어 크림 105ml
브랜드: 이지듀
카테고리: CREAM
주요 전성분: 정제수, 글리세린, 다이프로필렌글라이콜, 비닐다이메티콘, 카프릴릭/카프릭트라이글리세라이드, 코코넛야자오일, 메도우폼씨오일, 펜타에리스리틸테트라에틸헥사노에이트, 나이아신아마이드, 부틸렌글라이콜"
doc_prod_oy_a000000188560,product,prod_oy_a000000188560,"상품명: [피부톤업] 조선미녀 쌀겨수맑은세럼 30ml
브랜드: 조선미녀
카테고리: SERUM
주요 전성분: 쌀겨수68.6%, 정제수, 글리세린, 부틸렌글라이콜, 1,2-헥산다이올, 다이프로필렌글라이콜, 알파-알부틴2%, 나이아신아마이드, 메틸글루세스-20, 판테놀"
doc_prod_oy_a000000188598,product,prod_oy_a000000188598,"상품명: 조선미녀 붉은 팥 수분 워터 젤 100ml
브랜드: 조선미녀
카테고리: TONER
주요 전성분: 정제수, 부틸렌글라이콜, 글리세린, 1,2-헥산다이올, 메틸트라이메티콘, 팥추출물4,500ppm, 아크릴레이트/C10-30알킬아크릴레이트크로스폴리머, 트로메타민, 글리세릴글루코사이드, C12-14알케스-12"
doc_prod_oy_a000000188711,product,prod_oy_a000000188711,"상품명: [광채보습] 조선미녀 광채프로폴리스세럼 30ml
브랜드: 조선미녀
카테고리: SERUM
주요 전성분: 정제수, 다이프로필렌글라이콜, 글리세린, 부틸렌글라이콜, 프로폴리스추출물7.05%, 나이아신아마이드, 1,2-헥산다이올, 베타인살리실레이트, 소듐폴리아크릴로일다이메틸타우레이트, 트로메타민"
doc_prod_oy_a000000188751,product,prod_oy_a000000188751,"상품명: 몰바니 아티초크 카밍 케어 수딩 크림 100ml
브랜드: 몰바니
카테고리: CREAM
주요 전성분: 정제수, 글리세린, 2,3-부탄다이올, 1,2-헥산다이올, 나이아신아마이드, C13-15알케인, 카프릴릭/카프릭트라이글리세라이드, 아티초크잎추출물, 인도멀구슬나무잎추출물, 인도멀구슬나무꽃추출물"
doc_prod_oy_a000000188830,product,prod_oy_a000000188830,"상품명: 조선미녀 인삼에센스워터 150ml
브랜드: 조선미녀
카테고리: TONER
주요 전성분: 정제수, 부틸렌글라이콜, 글리세린, 프로판다이올, 나이아신아마이드, 1,2-헥산다이올, 인삼수16,590ppm, 하이드록시아세토페논, 글리세릴글루코사이드, 판테놀"
doc_prod_oy_a000000188831,product,prod_oy_a000000188831,"상품명: 조선미녀 조선미녀크림 50ml
브랜드: 조선미녀
카테고리: CREAM
주요 전성분: 정제수, 글리세린, 하이드로제네이티드폴리데센, 1,2-헥산다이올, 나이아신아마이드, 스쿠알란, 부틸렌글라이콜, 프로판다이올, 부틸렌글라이콜다이카프릴레이트/다이카프레이트, 세테아릴올리베이트"
doc_prod_oy_a000000188948,product,prod_oy_a000000188948,"상품명: 한율 빨간쌀 보습탄력 에멀젼 125ml
브랜드: 한율
카테고리: LOTION
주요 전성분: 정제수, 글리세린, 프로판다이올, 하이드로제네이티드폴리C6-14올레핀, 하이드로제네이티드폴리아이소부텐, 폴리글리세린-3, 다이메티콘, 다이아이소스테아릴말레이트, 나이아신아마이드, C14-22알코올"
doc_prod_oy_a000000188950,product,prod_oy_a000000188950,"상품명: 한율 빨간쌀 보습탄력 크림 55ml
브랜드: 한율
카테고리: CREAM
주요 전성분: 정제수, 부틸렌글라이콜, 세틸에틸헥사노에이트, 글리세린, 펜타에리스리틸테트라에틸헥사노에이트, 메틸트라이메티콘, 나이아신아마이드, C14-22알코올, 1,2-헥산다이올, 부틸렌글라이콜다이카프릴레이트/다이카프레이트"
doc_prod_oy_a000000188971,product,prod_oy_a000000188971,"상품명: 디마르3 시타듀 실드 크림 70g
브랜드: 디마르3
카테고리: CREAM
주요 전성분: 정제수, 글리세린, 다이카프릴릴에터, 1,2-헥산다이올, 나이아신아마이드, 다시마추출물, 한련초잎추출물, 올레라케아아크멜라추출물, 병풀추출물, 무화과추출물"
doc_prod_oy_a000000189054,product,prod_oy_a000000189054,"상품명: 에스트라 리제덤365 모공탄력 캡슐세럼 30ml
브랜드: 에스트라
카테고리: SERUM
주요 전성분: 정제수, 부틸렌글라이콜, 나이아신아마이드, 글리세린, 다이메티콘, 1,2-헥산다이올, 하이드로제네이티드폴리데센, 스테아릭애씨드, 하이드록시프로필비스팔미타마이드엠이에이, 만니톨"
doc_prod_oy_a000000189056,product,prod_oy_a000000189056,"상품명: [PDRN]에스트라 리제덤365 밀도탄력 캡슐크림 50ml
브랜드: 에스트라
카테고리: CREAM
주요 전성분: 정제수, 락토바실러스발효용해물, 부틸렌글라이콜, 글리세린, 다이메티콘, 프로판다이올, 세틸에틸헥사노에이트, 나이아신아마이드, 하이드로제네이티드폴리C6-14올레핀, 다이카프릴릴카보네이트"
doc_prod_oy_a000000189170,product,prod_oy_a000000189170,"상품명: 폴라초이스 클리니컬 0.3% 레티놀 + 2% 바쿠치올 트리트먼트 30ml
브랜드: 폴라초이스
카테고리: CREAM
주요 전성분: 정제수, 다이메티콘, 펜타에리스리틸테트라아이소스테아레이트, 아이소노닐아이소노나노에이트, 부틸렌글라이콜, 바쿠치올, 아라키딜알코올, 글리세릴폴리메타크릴레이트, 다이메티콘크로스폴리머, 베헤닐알코올"
doc_prod_oy_a000000189328,product,prod_oy_a000000189328,"상품명: 파티온 노스카나인 트러블 흔적앰플 15ml
브랜드: 파티온
카테고리: SERUM
주요 전성분: 쑥잎추출물, 메틸프로판다이올, 나이아신아마이드, 폴리글리세린-3, 정제수, 글리세린, 에리스리톨, 판테놀, 부틸렌글라이콜, 글리세레스-26"
doc_prod_oy_a000000189404,product,prod_oy_a000000189404,"상품명: 디마르3 디엑스 시타듀 리엑팅 토너 2.0 150ml
브랜드: 디마르3
카테고리: TONER
주요 전성분: 정제수, 프로판다이올, 글리세린, 1,2-헥산다이올, 나이아신아마이드, 부틸렌글라이콜, 병풀추출물, 무화과추출물, 귤껍질추출물, 로즈힙열매추출물"
doc_prod_oy_a000000189544,product,prod_oy_a000000189544,"상품명: [모공/흡수] VT 리들샷 300 에센스 50ml
브랜드: VT
카테고리: SERUM
주요 전성분: 정제수, 다이프로필렌글라이콜, 글리세린, 나이아신아마이드, 부틸렌글라이콜, 마카다미아씨오일, 1,2-헥산다이올, 에틸헥실팔미테이트, 실리카, 소듐아크릴레이트/소듐아크릴로일다이메틸타우레이트코폴리머"
doc_prod_oy_a000000189586,product,prod_oy_a000000189586,"상품명: 헤라 하이드로 리플렉팅 토너 170ml
브랜드: 헤라
카테고리: TONER
주요 전성분: 정제수, 부틸렌글라이콜, 변성알코올, 글리세린, 1,2-헥산다이올, 트레할로오스, 락토바실러스발효용해물, 글리세레스-26, 피피지-13-데실테트라데세스-24, 마트리카리아꽃수"
doc_prod_oy_a000000189587,product,prod_oy_a000000189587,"상품명: 헤라 하이드로 리플렉팅 마이크로 크림 50ml
브랜드: 헤라
카테고리: CREAM
주요 전성분: 정제수, 프로판다이올, 글리세린, 메도우폼씨오일, 1,2-헥산다이올, 베타인, 베헤닐알코올, 카보머, 트로메타민, 호호바에스터"
doc_prod_oy_a000000189589,product,prod_oy_a000000189589,"상품명: 헤라 하이드로 리플렉팅 플루이드 140ml
브랜드: 헤라
카테고리: LOTION
주요 전성분: 정제수, 프로판다이올, 글리세린, 메틸트라이메티콘, 피씨에이다이메티콘, 암모늄아크릴로일다이메틸타우레이트/브이피코폴리머, 1,2-헥산다이올, 폴리글리세릴-6카프릴레이트, 폴리글리세릴-4카프레이트, 실리카"
doc_prod_oy_a000000189768,product,prod_oy_a000000189768,"상품명: [모공플럼핑 수분앰플] 메디필 히알루론산 레이어 물톡스 앰플 30ml
브랜드: 메디필
카테고리: SERUM
주요 전성분: 정제수, 프로판다이올, 글리세린, 다이프로필렌글라이콜, 메틸프로판다이올, 1,2-헥산다이올, 나이아신아마이드, 다시마추출물, 한련초잎추출물, 병풀뿌리추출물"
doc_prod_oy_a000000189953,product,prod_oy_a000000189953,"상품명: [NEW] 피지오겔 사이언수티컬즈 데일리뮨 글로우 에센스 100ML
브랜드: 피지오겔
카테고리: SERUM
주요 전성분: ""정제수, 다이프로필렌글라이콜, 프로판다이올, 글리세린, 트레할로오스, 변성알코올, 판테놀, 에칠아스코빌에텔3-O-에틸아스코빅애씨드, 글라이코실트레할로오스, 페룰릭애씨드"
doc_prod_oy_a000000189956,product,prod_oy_a000000189956,"상품명: [박지현 PICK/7일 모공개선] 피캄 레티놀라겐 앰플 30ml
브랜드: 피캄
카테고리: SERUM
주요 전성분: 정제수, 글루코노락톤, 메틸프로판다이올, 글리세린, 프로판다이올, 폴리글리세린-3, 트로메타민, 나이아신아마이드, 1,2-헥산다이올, C12-14알케스-12"
doc_prod_oy_a000000190370,product,prod_oy_a000000190370,"상품명: 어퓨 마데카소사이드 테트라좀시카 앰플 50ml
브랜드: 어퓨
카테고리: SERUM
주요 전성분: 정제수, 부틸렌글라이콜, 글리세린, 1,2-헥산다이올, 나이아신아마이드, 병풀잎추출물, 소듐하이알루로네이트, 락토바실러스발효용해물, 칸디다봄비콜라/글루코오스/메틸레이프씨데이트발효물, 해바라기씨오일"
doc_prod_oy_a000000190420,product,prod_oy_a000000190420,"상품명: 어퓨 마데카소사이드 테트라좀시카 크림 120ml
브랜드: 어퓨
카테고리: CREAM
주요 전성분: 정제수, 부틸렌글라이콜, 카프릴릴메티콘, 나이아신아마이드, 실리카, 비닐다이메티콘, 1,2-헥산다이올, 판테놀, 글리세린, 펜틸렌글라이콜"
doc_prod_oy_a000000190948,product,prod_oy_a000000190948,"상품명: 어바웃미 숲 진정 수분 세럼 50ml
브랜드: 어바웃미
카테고리: SERUM
주요 전성분: 편백수, 정제수, 베타인, 글리세린, 판테놀, 프로판다이올, 에탄올, 폴리데센, 1,2-헥산다이올, 펜틸렌글라이콜"
doc_prod_oy_a000000191026,product,prod_oy_a000000191026,"상품명: [핑크빛생기나이트크림] 눅스 프로디쥬스 부스트 나이트 리커버리 오일 밤 50ml
브랜드: 눅스
카테고리: CREAM
주요 전성분: 정제수, 다이카프릴릴에터, 변성알코올, 글리세린, 스쿠알란, 다이메티콘, 퀸즈랜드넛오일, 하이드록시에틸아크릴레이트/소듐아크릴로일다이메틸타우레이트코폴리머, 옥틸도데칸올, 페녹시에탄올"
doc_prod_oy_a000000191027,product,prod_oy_a000000191027,"상품명: [생기부스팅크림] 눅스 프로디쥬스 부스트 글로우 부스팅 크림 40ml
브랜드: 눅스
카테고리: CREAM
주요 전성분: 정제수, 스쿠알란, 변성알코올, 글리세린, 하이드로제네이티드코코넛오일, 트라이베헤닌, 퀸즈랜드넛오일, 다이카프릴릴에터, 다이메티콘, C20-22알킬포스페이트"
doc_prod_oy_a000000191663,product,prod_oy_a000000191663,"상품명: [진정] 디오디너리 수딩 앤 배리어 서포트 세럼 30ml
브랜드: 디오디너리
카테고리: SERUM
주요 전성분: 정제수, 프로판다이올, 아이소데실네오펜타노에이트, 펜틸렌글라이콜, 나이아신아마이드, 헥실데칸올, 세테아릴알코올, 자일리틸글루코사이드, 세테스-20포스페이트, 안하이드로자일리톨"
doc_prod_oy_a000000191805,product,prod_oy_a000000191805,"상품명: 오휘 미라클 모이스처 세라마이드 부스팅 크림 50ml
브랜드: 오휘
카테고리: CREAM
주요 전성분: 정제수, 부틸렌글라이콜, 글리세린, 다이메티콘, 베타인, 아이소헥사데칸, 폴리글리세릴-10데카아이소스테아레이트, 미리스틸미리스테이트, 하이드로제네이티드폴리데센, 1,2-헥산다이올"
doc_prod_oy_a000000191821,product,prod_oy_a000000191821,"상품명: [잡티케어] 디마르3 에트셀 멜라토닉 앰플 70ml
브랜드: 디마르3
카테고리: SERUM
주요 전성분: 정제수, 글리세린, 부틸렌글라이콜, 프로판디올, 비닐디메치콘, 카프릴릭/카프릭트리글리세라이드, 1,2-헥산디올, 디펜타에리스리틸헥사C5-9애씨드에스터, 메칠프로판디올, 나이아신아마이드"
doc_prod_oy_a000000191823,product,prod_oy_a000000191823,"상품명: [잡티케어] 디마르3 에트셀 멜라케어 크렘 65ml
브랜드: 디마르3
카테고리: CREAM
주요 전성분: 정제수, 글리세린, 부틸렌글라이콜, 프로판디올, 비닐디메치콘, 카프릴릭/카프릭트리글리세라이드, 1,2-헥산디올, 디펜타에리스리틸헥사C5-9애씨드에스터, 메칠프로판디올, 나이아신아마이드"
doc_prod_oy_a000000191827,product,prod_oy_a000000191827,"상품명: 디마르3 시그니처 비트 로제 토너 150ml
브랜드: 디마르3
카테고리: TONER
주요 전성분: 정제수, 글리세린, 부틸렌글라이콜, 글리세레스-26, 나이아신아마이드, 펜틸렌글라이콜, 클로렐라불가리스추출물, 소듐하이알루로네이트, 멕시칸주니퍼오일, 하이드롤라이즈드식물성단백질"
doc_prod_oy_a000000192059,product,prod_oy_a000000192059,"상품명: MAC 하이퍼 리얼 세러마이저
브랜드: 맥
카테고리: SERUM
주요 전성분: 정제수, 다이메티콘, 부틸렌글라이콜, 글리세린, 나이아신아마이드, 트라이실록세인, 옥틸도데실스테아로일스테아레이트, 트레할로오스, 작약꽃추출물, 콜레스테롤"
doc_prod_oy_a000000192218,product,prod_oy_a000000192218,"상품명: SNP 골드 콜라겐 엑스퍼트 앰플 50ml
브랜드: SNP
카테고리: SERUM
주요 전성분: 정제수, 메틸글루세스-20, 나이아신아마이드, 메틸프로판다이올, 글리세린, 1,2-헥산다이올, 아이소펜틸다이올, 병풀추출물, 무화과추출물, 카카오씨추출물"
doc_prod_oy_a000000192300,product,prod_oy_a000000192300,"상품명: 몰바니 볼륨 인크리징 프로틴 크림 100ml
브랜드: 몰바니
카테고리: CREAM
주요 전성분: 해수, 메틸프로판다이올, 글리세린, 페닐트라이메티콘, 1,2-헥산다이올, 나이아신아마이드, 다이카프릴릴에터, 다이카프릴릴카보네이트, 사이클로헥사실록세인, 폴리글리세릴-3메틸글루코오스다이스테아레이트"
doc_prod_oy_a000000192301,product,prod_oy_a000000192301,"상품명: [모공케어] VT 리들샷 700 에센스 30ml
브랜드: VT
카테고리: SERUM
주요 전성분: 정제수, 글리세린, 프로판다이올, 메틸프로판다이올, 카프릴릭/카프릭트라이글리세라이드, 부틸렌글라이콜, 펜타에리스리틸테트라에틸헥사노에이트, 세틸에틸헥사노에이트, 글리세레스-26, 시어버터"
doc_prod_oy_a000000192520,product,prod_oy_a000000192520,"상품명: [수분충전/세라마이드] 로벡틴 아쿠아 히알루로닉 수딩 크림 60ml
브랜드: 로벡틴
카테고리: CREAM
주요 전성분: 정제수, 글리세린, 하이드로제네이티드폴리소부텐, 카프릴릭/카프릭트리글리세라이드, 헥실렌글라이콜, 나이아신아마이드, 펜틸렌글라이콜, 소듐폴리아크릴로일디메칠타우레이트, 세라마이드엔피, 소듐하이알루로네이트"
doc_prod_oy_a000000192699,product,prod_oy_a000000192699,"상품명: 메디힐 비타민씨 브라이트닝 세럼 40ml
브랜드: 메디힐
카테고리: SERUM
주요 전성분: 정제수, 글리세린, 부틸렌글라이콜, 베타인, 나이아신아마이드30,000ppm, 1,2-헥산다이올, 메틸프로판다이올, 인도멀구슬나무꽃추출물, 홀리바질잎추출물, 인도멀구슬나무잎추출물"
doc_prod_oy_a000000197102,product,prod_oy_a000000197102,"상품명: [NCT 재민PICK] 이즈앤트리 초저분자 히아루론산 토너 300ml
브랜드: 이즈앤트리
카테고리: TONER
주요 전성분: 정제수, 메틸프로판다이올, 1,2-헥산다이올, 해수, 글리세린, 베타인, 알란토인, 부틸렌글라이콜, 카프릴릴글라이콜, 에틸헥실글리세린"
doc_prod_oy_a000000197319,product,prod_oy_a000000197319,"상품명: 오가나셀 펩타이드 리커버리 크림 50ml
브랜드: 오가나셀
카테고리: CREAM
주요 전성분: 정제수, 글리세린, 다이프로필렌글라이콜, 시어버터, 세테아릴알코올, 식물성오일, 사이클로펜타실록세인, 다이펜타에리스리틸헥사C5-9애씨드에스터, 사이클로헥사실록세인, 아라키딜알코올"
doc_prod_oy_a000000197320,product,prod_oy_a000000197320,"상품명: 오가나셀 바이오 액티옴 크림 50ml
브랜드: 오가나셀
카테고리: CREAM
주요 전성분: 정제수, 글리세린, 다이프로필렌글라이콜, 시어버터, 세테아릴알코올, 식물성오일, 사이클로펜타실록세인, 나이아신아마이드, 다이펜타에리스리틸헥사C5-9애씨드에스터, 사이클로헥사실록세인"
doc_prod_oy_a000000197640,product,prod_oy_a000000197640,"상품명: 닥터멜락신 아쿠아 이온 플라즈마 수분 앰플 50ml
브랜드: 닥터멜락신
카테고리: SERUM
주요 전성분: 정제수, 프로판다이올, 부틸렌글라이콜, 글리세린, 나이아신아마이드, 1,2-헥산다이올, 하이드록시아세토페논, 글리세레스-25피씨에이아이소스테아레이트, 잔탄검, 카보머"
doc_prod_oy_a000000197659,product,prod_oy_a000000197659,"상품명: 닥터멜락신 아쿠아 이온 플라즈마 수분 크림 50ml
브랜드: 닥터멜락신
카테고리: CREAM
주요 전성분: 정제수, 글리세린, 1,2-헥산다이올, 다이글리세린, 하이드로제네이티드폴리데센, 아이소프로필팔미테이트, 메틸프로판다이올, 나이아신아마이드, 부틸렌글라이콜, 프로판다이올"
doc_prod_oy_a000000197660,product,prod_oy_a000000197660,"상품명: 닥터멜락신 아쿠아 이온 플라즈마 수분 토너 200ml
브랜드: 닥터멜락신
카테고리: TONER
주요 전성분: 정제수, 부틸렌글라이콜, 프로판다이올, 글리세린, 다이프로필렌글라이콜, 나이아신아마이드, 자일리톨, 1,2-헥산다이올, 자일리틸글루코사이드, 안하이드로자일리톨"
doc_prod_oy_a000000197679,product,prod_oy_a000000197679,"상품명: 닥터멜락신 비피 포어 베리어 크림 50g
브랜드: 닥터멜락신
카테고리: CREAM
주요 전성분: 정제수, 프로판다이올, 글리세린, 부틸렌글라이콜, 카프릴릭/카프릭트라이글리세라이드, 1,2-헥산다이올, 나이아신아마이드, 세테아릴알코올, 판테놀, 하이드록시에틸아크릴레이트/소듐아크릴로일다이메틸타우레이트코폴리머"
doc_prod_oy_a000000197985,product,prod_oy_a000000197985,"상품명: 썸바이미 레티놀 인텐스 리엑티베이팅 세럼 30ml
브랜드: 썸바이미
카테고리: SERUM
주요 전성분: 정제수, 사이클로헥사실록세인, 다이카프릴릴카보네이트, 글리세린, 메틸프로판다이올, 1,2-헥산다이올, 나이아신아마이드, 하이드로제네이티드폴리C6-14올레핀, 판테놀, 토코페릴아세테이트"
doc_prod_oy_a000000198090,product,prod_oy_a000000198090,"상품명: [72시간보습로션] 닥터자르트 세라마이딘 스킨 베리어 모이스처라이징 밀키 로션 50ml
브랜드: 닥터자르트
카테고리: LOTION
주요 전성분: 정제수, 글리세린, 다이카프릴릴카보네이트, 옥틸도데칸올, 부틸렌글라이콜, 다이아이소스테아릴말레이트, 펜틸렌글라이콜, 판테놀, 다이글리세린, 비닐다이메티콘"
doc_prod_oy_a000000198321,product,prod_oy_a000000198321,"상품명: 에스트라 아토베리어365 로션 150ml
브랜드: 에스트라
카테고리: LOTION
주요 전성분: 정제수, 부틸렌글라이콜, 글리세린, 다이메티콘, 스쿠알란, 펜타에리스리틸테트라아이소스테아레이트, 베타인, 폴리글리세릴-3메틸글루코오스다이스테아레이트, 부틸렌글라이콜다이카프릴레이트/다이카프레이트, 카프릴릭/카프릭트라이글리세라이드"
doc_prod_oy_a000000198624,product,prod_oy_a000000198624,"상품명: [트러블 진정+모공 축소] 시카페인 트러블 리셋 세럼
브랜드: 비레디
카테고리: SERUM
주요 전성분: 편백수, 정제수, 부틸렌글라이콜, 글리세린, 다이프로필렌글라이콜, 베타인, 변성알코올, 나이아신아마이드, 스쿠알란, 카페인"
doc_prod_oy_a000000198721,product,prod_oy_a000000198721,"상품명: [쿨링진정] 아비브 어성초 크림 카밍 튜브 75ml
브랜드: 아비브
카테고리: CREAM
주요 전성분: 정제수, 사이클로헥사실록세인, 글리세린, 트라이에틸헥사노인, 나이아신아마이드, 펜틸렌글라이콜, 1,2-헥산다이올, 폴리글리세릴-3폴리다이메틸실록시에틸다이메티콘, 라우릴다이메티콘/폴리글리세린-3크로스폴리머, 소듐클로라이드"
doc_prod_oy_a000000198832,product,prod_oy_a000000198832,"상품명: 테라로직 피토세라 프로 안티옥시던트 10X 탄력앰플 50ml
브랜드: 테라로직
카테고리: SERUM
주요 전성분: 정제수, 글리세린, 부틸렌글라이콜, 카프릴릭/카프릭트라이글리세라이드, 나이아신아마이드, 베타인, 메도우폼씨오일, 글리세릴스테아레이트, 1,2-헥산다이올, 프로판다이올"
doc_prod_oy_a000000198833,product,prod_oy_a000000198833,"상품명: 테라로직 마데셀 더마 리페어 B5 크림 80ml
브랜드: 테라로직
카테고리: CREAM
주요 전성분: 정제수, 글리세린, 다이프로필렌글라이콜, 하이드로제네이티드폴리데센, 카프릴릭/카프릭트라이글리세라이드, 세테아릴알코올, 폴리글리세릴-3메틸글루코오스다이스테아레이트, 스쿠알란, 나이아신아마이드, 세틸에틸헥사노에이트"
doc_prod_oy_a000000198834,product,prod_oy_a000000198834,"상품명: 테라로직 마데셀 더마 리페어 B5 토너 280ml
브랜드: 테라로직
카테고리: TONER
주요 전성분: 정제수, 글리세린, 다이프로필렌글라이콜, 1,2-헥산다이올, 다이에톡시에틸석시네이트, 베타인, 하이드록시아세토페논, 글리세레스-25피씨에이아이소스테아레이트, 하이드록시에틸셀룰로오스, 알란토인"
doc_prod_oy_a000000198853,product,prod_oy_a000000198853,"상품명: 테라로직 피토세라 프로 안티옥시던트 10X 탄력리프팅 크림 50ml
브랜드: 테라로직
카테고리: CREAM
주요 전성분: 정제수, 글리세린, 카프릴릭/카프릭트라이글리세라이드, 부틸렌글라이콜, 시어버터, 세틸에틸헥사노에이트, 메도우폼씨오일, 나이아신아마이드, 세테아릴올리베이트, 세테아릴알코올"
doc_prod_oy_a000000198892,product,prod_oy_a000000198892,"상품명: [진정/흔적] 센텔리안24 마데카 크림 타임 리버스 50ml
브랜드: 센텔리안24
카테고리: CREAM
주요 전성분: 정제수*, 다이프로필렌글라이콜*, 하이드로제네이티드폴리데센, 카프릴릭/카프릭트라이글리세라이드, 글리세린, 글리세릴스테아레이트, 펜타에리스리틸테트라에틸헥사노에이트, 나이아신아마이드*, 사이클로헥사실록세인, 세틸알코올"
doc_prod_oy_a000000198949,product,prod_oy_a000000198949,"상품명: [기미/잡티/미백] 원진이펙트 멜라리스 크림 80g
브랜드: 원진이펙트
카테고리: CREAM
주요 전성분: 정제수, 부틸렌글라이콜, 글리세린, 세테아릴알코올, 세틸에틸헥사노에이트, 사이클로펜타실록세인, 카프릴릭/카프릭트라이글리세라이드, 나이아신아마이드, 1,2-헥산다이올, 글리세릴스테아레이트"
doc_prod_oy_a000000199206,product,prod_oy_a000000199206,"상품명: 바이오더마 하이드라비오 히알루+ 세럼 30ml
브랜드: 바이오더마
카테고리: SERUM
주요 전성분: 정제수, 부틸렌글라이콜, 글리세린, 프로판다이올, 펜틸렌글라이콜, 나이아신아마이드, 폴리솔베이트20, 잔탄검, 하이드롤라이즈드하이알루로닉애씨드, 프룩토올리고사카라이드"
doc_prod_oy_a000000199254,product,prod_oy_a000000199254,"상품명: 오휘 미라클 토닝 글로우 크림 60ml
브랜드: 오휘
카테고리: CREAM
주요 전성분: 정제수, 에칠헥실메톡시신나메이트, 변성알코올, 다이아이소프로필세바케이트, 프로판다이올, 트로메타민, 드로메트리졸트리실록산, 테레프탈릴리덴디캠퍼설포닉애씨드, 글리세린, 나이아신아마이드"
doc_prod_oy_a000000199257,product,prod_oy_a000000199257,"상품명: 로우퀘스트 베리어 리커버리 크림 80ml
브랜드: 로우퀘스트
카테고리: CREAM
주요 전성분: 정제수, 글리세린, 판테놀, 스쿠알란, 1,2-헥산다이올, 세테아릴올리베이트, 메도우폼씨오일, 마카다미아씨오일, 부틸렌글라이콜, 솔비탄올리베이트"
doc_prod_oy_a000000199404,product,prod_oy_a000000199404,"상품명: [속보습] 마녀공장 판테토인 크림 80ml
브랜드: 마녀공장
카테고리: CREAM
주요 전성분: 정제수, 글리세린, 카프릴릴메티콘, 옥틸도데칸올, 펜틸렌글라이콜, 부틸렌글라이콜다이카프릴레이트/다이카프레이트, 망고씨버터, 판테놀덱스판테놀, 2%, 펜타에리스리틸테트라에틸헥사노에이트"
doc_prod_oy_a000000199405,product,prod_oy_a000000199405,"상품명: [속보습] 마녀공장 판테토인 에센스 토너 200ml
브랜드: 마녀공장
카테고리: TONER
주요 전성분: 정제수, 다이프로필렌글라이콜, 글리세린, 1,2-헥산다이올, 메틸프로판다이올, 네오펜틸글라이콜다이에틸헥사노에이트, 부틸렌글라이콜, 펜틸렌글라이콜, 폴리글리세릴-3메틸글루코오스다이스테아레이트, 베타인"
doc_prod_oy_a000000199507,product,prod_oy_a000000199507,"상품명: 헤브블루 살몬 PDRN 케어링 센텔라 토너 200ml
브랜드: 헤브블루
카테고리: TONER
주요 전성분: 병풀잎수828,168ppm, 정제수, 부틸렌글라이콜, 약모밀수30,380ppm, 프로판다이올, 글리세린, 1,2-헥산다이올, 연어알추출물1,500ppm, 알란토인, 판테놀"
doc_prod_oy_a000000199652,product,prod_oy_a000000199652,"상품명: 리얼베리어 익스트림 에센스 토너 300ml
브랜드: 리얼베리어
카테고리: TONER
주요 전성분: 정제수, 글리세린, 프로판다이올, 다이메티콘, 해바라기씨오일, 글리세릴스테아레이트, 자일리톨, 소듐하이알루로네이트크로스폴리머, 하이드롤라이즈드글라이코사미노글리칸, 소듐하이알루로네이트"
doc_prod_oy_a000000199737,product,prod_oy_a000000199737,"상품명: [NEW] 피지오겔 레드 수딩 AI 리페어 크림 100ml
브랜드: 피지오겔
카테고리: CREAM
주요 전성분: 정제수@올리브오일@글리세린@펜틸렌글라이콜@오일팜오일@식물성오일@하이드로제네이티드레시틴@스쿠알란@베타인@팔미타마이드엠이에이@아세타마이드엠이에이@사코신@하이드록시에틸셀룰로오스@카보머@소듐카보머@잔탄검@토코페롤@다이소듐포스페이트@소듐포스페이트"
doc_prod_oy_a000000199777,product,prod_oy_a000000199777,"상품명: [모공토닉] 아이소이 포어 타이트닝 토닉 에센스 90ml
브랜드: 아이소이
카테고리: TONER
주요 전성분: 정제수, 글리세린, 다마스크장미꽃수, 에탄올식물발효, 부틸렌글라이콜, 버지니아풍년화잎추출물, 붉나무충영추출물, 레몬추출물, 사과추출물, 포도추출물"
doc_prod_oy_a000000199982,product,prod_oy_a000000199982,"상품명: [화해1위/트러블] 웰라쥬 리얼 시카 카밍 95 트러블 앰플 50ml
브랜드: 웰라쥬
카테고리: SERUM
주요 전성분: 정제수, 부틸렌글라이콜, 1,2-헥산다이올, 나이아신아마이드, 다이프로필렌글라이콜, 글리세린, 다이메틸설폰, 하이드로제네이티드레시틴, 소듐하이알루로네이트, 알란토인"
doc_prod_oy_a000000200039,product,prod_oy_a000000200039,"상품명: [흔적미백] 넘버즈인 5번 글루타치온씨 비타수액 에센셜 토너 200ml
브랜드: 넘버즈인
카테고리: TONER
주요 전성분: 정제수, 다이프로필렌글라이콜, 글리세린, 나이아신아마이드, 1,2-헥산다이올, 부틸렌글라이콜, 폴리글리세린-3, 비타민나무수, 아크릴레이트/C10-30알킬아크릴레이트크로스폴리머, 트로메타민"
doc_prod_oy_a000000200133,product,prod_oy_a000000200133,"상품명: [민감/진정크림]아벤느 똘레랑스 하이드레이팅 플루이드 40ml
브랜드: 아벤느
카테고리: CREAM
주요 전성분: 온천수아벤느온천수, 카프릴릭/카프릭트라이글리세라이드, 글리세린, 미리스틸알코올, 레몬껍질가루, 디우탄검, 미리스틸글루코사이드, 스클레로튬검, 소듐하이알루로네이트"
doc_prod_oy_a000000200181,product,prod_oy_a000000200181,"상품명: 닥터하우쉬카 로즈 데이 크림 오리지널 30ml
브랜드: 닥터하우쉬카
카테고리: CREAM
주요 전성분: 정제수, 땅콩오일, 비즈왁스, 마시멜로뿌리추출물, 다마스크장미꽃수, 서양고추나물꽃/잎/줄기추출물, 시어버터, 솔비탄올리베이트, 아보카도오일, 폴리글리세릴-3폴리리시놀리에이트"
doc_prod_oy_a000000200201,product,prod_oy_a000000200201,"상품명: 닥터하우쉬카 로즈 데이 크림 라이트 30ml
브랜드: 닥터하우쉬카
카테고리: CREAM
주요 전성분: 정제수, 참깨오일, 에탄올유기농곡물유래, 마시멜로뿌리추출물, 다마스크장미꽃수, 다마스크장미꽃추출물, 키드니베치추출물, 살구씨오일, 스위트아몬드오일, 세테아릴알코올"
doc_prod_oy_a000000200328,product,prod_oy_a000000200328,"상품명: [수분보습] 디오디너리 히알루로닉 애시드 2% + B5 60ml
브랜드: 디오디너리
카테고리: SERUM
주요 전성분: 정제수, 소듐하이알루로네이트2%, 프로판다이올, 펜틸렌글라이콜, 하이드롤라이즈드하이알루로닉애씨드, 소듐하이알루로네이트크로스폴리머, 포스포리피드, 스핑고리피드, 판테놀, 안펠티옵시스콩킨나추출물"
doc_prod_oy_a000000200632,product,prod_oy_a000000200632,"상품명: [잡티미백케어] 성분에디터 머루포도 비타 C 잡티크림 50g
브랜드: 성분에디터
카테고리: CREAM
주요 전성분: 포도수671,000ppm, 다이프로필렌글라이콜, 세틸에틸헥사노에이트, 1,2-헥산다이올, 포도추출물30,000ppm, 카프릴릭/카프릭트라이글리세라이드, 글리세린, 나이아신아마이드, 폴리글리세릴-3메틸글루코오스다이스테아레이트, 글리세레스-26"
doc_prod_oy_a000000200804,product,prod_oy_a000000200804,"상품명: [화잘먹 결크림] 마몽드 플로라 글로우 로즈 스무딩 크림 50ml
브랜드: 마몽드
카테고리: CREAM
주요 전성분: 정제수, 프로판다이올, 글리세린, 해바라기씨오일, 폴리글리세릴-3메틸글루코오스다이스테아레이트, 카프릴릭/카프릭/미리스틱/스테아릭트라이글리세라이드, 코코넛야자오일, 메틸트라이메티콘, 호호바씨오일, 1,2-헥산다이올"
doc_prod_oy_a000000201011,product,prod_oy_a000000201011,"상품명: [화잘먹/윤광미백] 식물나라 뽀얀쌀 맑은톤 로션 300mL
브랜드: 식물나라
카테고리: LOTION
주요 전성분: 정제수, 글리세린, 다이프로필렌글라이콜, 카프릴릭/카프릭트라이글리세라이드, 나이아신아마이드, 1,2-헥산다이올, 글리세레스-26, 세틸에틸헥사노에이트, 폴리글리세릴-3메틸글루코오스다이스테아레이트, 하이드로제네이티드폴리데센"
doc_prod_oy_a000000201363,product,prod_oy_a000000201363,"상품명: [매끈결] 아비브 부활초 파하 토너 스킨부스터 200ml
브랜드: 아비브
카테고리: TONER
주요 전성분: 정제수, 프로판다이올, 부틸렌글라이콜, 글루코노락톤50,000ppm, 글리세린, 나이아신아마이드, 2,3-부탄다이올, 트로메타민, 1,2-헥산다이올, 다이프로필렌글라이콜"
doc_prod_oy_a000000201592,product,prod_oy_a000000201592,"상품명: 헤브블루 살몬 PDRN 케어링 센텔라 크림 100ml
브랜드: 헤브블루
카테고리: CREAM
주요 전성분: 병풀잎수625,219ppm, 부틸렌글라이콜, 글리세린, 카프릴릭/카프릭트라이글리세라이드, 하이드로제네이티드폴리C6-14올레핀, 정제수, 프로판다이올, 다이프로필렌글라이콜, 펜타에리스리틸테트라에틸헥사노에이트, 1,2-헥산다이올"
doc_prod_oy_a000000201643,product,prod_oy_a000000201643,"상품명: 로우퀘스트 에키네시아 카밍 모이스처 젤 크림 50ml
브랜드: 로우퀘스트
카테고리: CREAM
주요 전성분: 자주천인국추출물74.8%, 글리세린, 프로판다이올, 하이드로제네이티드폴리데센, 1,2-헥산다이올, 나이아신아마이드, 다이프로필렌글라이콜, 정제수, 부틸렌글라이콜, 카프릴릭/카프릭트라이글리세라이드"
doc_prod_oy_a000000202905,product,prod_oy_a000000202905,"상품명: [항산화/광채케어]주미소 안티옥시던트 글로우 수분광채 에센스 40ml
브랜드: 주미소
카테고리: SERUM
주요 전성분: 정제수, 프로판다이올, 부틸렌글라이콜, 나이아신아마이드, 메틸프로판다이올, 펜틸렌글라이콜, 1,2-헥산다이올, 아이소펜틸다이올, 옥틸도데세스-16, 알파-알부틴"
doc_prod_oy_a000000202920,product,prod_oy_a000000202920,"상품명: [미백집중] VT 비타-라이트 리들샷 100 에센스 50ml
브랜드: VT
카테고리: SERUM
주요 전성분: 정제수, 다이프로필렌글라이콜, 글리세린, 나이아신아마이드, 폴리글리세린-3, 카프릴릭/카프릭트라이글리세라이드, 1,2-헥산다이올, 베타인, 소듐카보머, 암모늄아크릴로일다이메틸타우레이트/브이피코폴리머"
doc_prod_oy_a000000203125,product,prod_oy_a000000203125,"상품명: [광채 항산화] 피지오겔 사이언수티컬즈 데일리뮨 앰플 세럼 20ml
브랜드: 피지오겔
카테고리: SERUM
주요 전성분: 정제수, 다이프로필렌글라이콜, 프로판다이올, 아스코빅애씨드, 2,3-부탄다이올, 글리세린, 변성알코올, 판테놀, 글라이코실트레할로오스, 하이드로제네이티드스타치하이드롤리세이트"
doc_prod_oy_a000000203126,product,prod_oy_a000000203126,"상품명: [고강도탄력] 디오디너리 레티날 0.2% 에멀전 15ml
브랜드: 디오디너리
카테고리: SERUM
주요 전성분: 정제수, 코코-카프릴레이트/카프레이트, 프로판다이올, 펜틸렌글라이콜, 하이드록시아파타이트, 레티날0.2%, 세틸하이드록시프롤린팔미타마이드, 4-t-부틸사이클로헥산올, 하이드록시페닐프로파미도벤조익애씨드, 에르고티오네인"
doc_prod_oy_a000000203170,product,prod_oy_a000000203170,"상품명: 식물나라 뽀얀쌀 맑은톤 토너 500mL
브랜드: 식물나라
카테고리: TONER
주요 전성분: 정제수, 프로판다이올, 다이프로필렌글라이콜, 나이아신아마이드, 1,2-헥산다이올, 글리세린, 다이페닐다이메티콘, 트라이에틸헥사노인, 베타인, 하이드로제네이티드레시틴"
doc_prod_oy_a000000203171,product,prod_oy_a000000203171,"상품명: 식물나라 어린녹차 촉촉 진정토너 500mL
브랜드: 식물나라
카테고리: TONER
주요 전성분: 정제수, 부틸렌글라이콜, 글리세린, 1,2-헥산다이올, 녹차수, 베타인, 카보머, 트로메타민, 에틸헥실글리세린, 카카오씨추출물"
doc_prod_oy_a000000203207,product,prod_oy_a000000203207,"상품명: [탄력토너] 바이오힐 보 프로바이오덤 3D 리프팅 에센셜 토너 150ml
브랜드: 바이오힐보
카테고리: TONER
주요 전성분: 정제수, 글리세린, 글리세레스-26, 부틸렌글라이콜, 펜틸렌글라이콜, 폴리글리세린-3, 락토바실러스발효용해물, 락토바실러스발효물, 프룩토올리고사카라이드, 프룩탄"
doc_prod_oy_a000000203247,product,prod_oy_a000000203247,"상품명: [탄력에멀전] 바이오힐 보 프로바이오덤 3D 리프팅 에멀전 150ml
브랜드: 바이오힐보
카테고리: LOTION
주요 전성분: 정제수, 락토바실러스발효용해물, 부틸렌글라이콜, 글리세린, 1,2-헥산다이올, 옥틸도데실미리스테이트, 카프릴릴메티콘, 하이드로제네이티드폴리C6-14올레핀, 베타인, 락토바실러스발효물"
doc_prod_oy_a000000203564,product,prod_oy_a000000203564,"상품명: [슬로에이징/영양탄력] 닥터지 블랙스네일 토너 150ml
브랜드: 닥터지
카테고리: TONER
주요 전성분: 정제수, 달팽이점액여과물, 부틸렌글라이콜, 글리세린, 나이아신아마이드, 1,2-헥산다이올, 감초뿌리추출물, 쇠비름추출물, 진흙버섯추출물, 참마뿌리추출물"
doc_prod_oy_a000000203855,product,prod_oy_a000000203855,"상품명: [유수분밸런스] 비욘드 엔젤아쿠아 보습 장벽 로션 200ml
브랜드: 비욘드
카테고리: LOTION
주요 전성분: 정제수, 글리세린, 카프릴릭/카프릭트라이글리세라이드, 1,2-헥산다이올, 하이드로제네이티드폴리데센, 펜타에리스리틸테트라에틸헥사노에이트, 2,3-부탄다이올, 세테아릴알코올, 시어버터, 판테놀"
doc_prod_oy_a000000203876,product,prod_oy_a000000203876,"상품명: [1등 모공앰플] 디마르3 시그니처 에스투드 프로텍터 모공 앰플 30ml
브랜드: 디마르3
카테고리: SERUM
주요 전성분: 정제수, 글리세린, 메틸프로판다이올, 부틸렌글라이콜, 글리세레스-26, 1,2-헥산다이올, 나이아신아마이드, 베타인, 에탄올, 트레할로오스"
doc_prod_oy_a000000203925,product,prod_oy_a000000203925,"상품명: 라로슈포제 멜라B3 세럼 30ml
브랜드: 라로슈포제
카테고리: SERUM
주요 전성분: '정제수다이메티콘나이아신아마이드글리세린프로필렌글라이콜폴리실리콘-11실리카비스-피이지/피피지-16/16피이지/피피지-16/16다이메티콘레인보우랙추출물2-머캅토니코티노일글라이신피이지-20메틸글루코오스세스퀴스테아레이트소듐하이알루로네이트소듐하이드록사이드소듐티오설페이트카르노신폴록사머338암모늄폴리아크릴로일다이메틸타우레이트다이포타슘글리시리제이트카프릴릭/카프릭트라이글리세라이드카프릴로일살리실릭애씨드카프릴릴글라이콜시트릭애씨드트라이소듐에틸렌다이아민다이석시네이트잔탄검펜틸렌글라이콜옥틸도데칸올레티닐팔미테이트토코페롤펜타에리스리틸테트라-다이-t-부틸하이드록시하이드로신나메이트페녹시에탄올적색227호향료"
doc_prod_oy_a000000204171,product,prod_oy_a000000204171,"상품명: [미백/잡티] 라운드랩 비타 나이아신 잡티크림 50ml
브랜드: 라운드랩
카테고리: CREAM
주요 전성분: 비타민나무수711,614ppm, 프로판다이올, 글리세린, 나이아신아마이드50,000ppm, 페닐트라이메티콘, 메틸트라이메티콘, 1,2-헥산다이올, 베타인, 트레할로오스, 하이드로제네이티드폴리아이소부텐"
doc_prod_oy_a000000204454,product,prod_oy_a000000204454,"상품명: 조선미녀 청매실 AHABHA 토너 150ml
브랜드: 조선미녀
카테고리: TONER
주요 전성분: 정제수, 매실수25.0%, 다이프로필렌글라이콜, 글리세린, 글라이콜릭애씨드2.0%, 부틸렌글라이콜, 트로메타민, 1,2-헥산다이올, 살리실릭애씨드0.5%, 하이드록시아세토페논"
doc_prod_oy_a000000204623,product,prod_oy_a000000204623,"상품명: 설화수 자음수EX 150ml
브랜드: 설화수
카테고리: TONER
주요 전성분: 정제수, 부틸렌글라이콜, 1,2-헥산다이올, 베타인, 글리세린, 트레할로오스, 피이지/피피지-17/6코폴리머, 글리세레스-26, 피이지-60하이드로제네이티드캐스터오일, 아크릴레이트/C10-30알킬아크릴레이트크로스폴리머"
doc_prod_oy_a000000204639,product,prod_oy_a000000204639,"상품명: 더후 로얄레지나 에너지드롭 트리트먼트 75ml
브랜드: 더후
카테고리: TONER
주요 전성분: 해수, 정제수, 메틸프로판다이올, 펜틸렌글라이콜, 변성알코올, 1,2-헥산다이올, 글리세린, 나이아신아마이드, 페닐트라이메티콘, 부틸렌글라이콜"
doc_prod_oy_a000000204640,product,prod_oy_a000000204640,"상품명: 더후 로얄레지나 에너제틱 리차징 크림 50ml
브랜드: 더후
카테고리: CREAM
주요 전성분: 정제수, 글리세린, 하이드로제네이티드폴리아이소부텐, 부틸렌글라이콜, 다이메티콘, 나이아신아마이드, 1,2-헥산다이올, 시어버터, 메틸글루코오스세스퀴스테아레이트, 피토스테릴/이소스테아릴/세틸/스테아릴/베헤닐다이머디리놀리에이트"
doc_prod_oy_a000000204649,product,prod_oy_a000000204649,"상품명: 더후 공진향 탄력 에멀젼 110ml
브랜드: 더후
카테고리: LOTION
주요 전성분: 정제수*, 다이메티콘, 글리세린, 부틸렌글라이콜*, 다이프로필렌글라이콜, 1,2-헥산다이올*, 하이드로제네이티드레시틴, 카프릴릭/카프릭트라이글리세라이드, 마카다미아씨오일, 트라이에틸헥사노인"
doc_prod_oy_a000000204652,product,prod_oy_a000000204652,"상품명: 더후 공진향 탄력 밸런싱 토너 150ml
브랜드: 더후
카테고리: TONER
주요 전성분: 정제수*, 변성알코올, 1,2-헥산다이올*, 다이프로필렌글라이콜, 부틸렌글라이콜*, 글리세린, 베타인, 메틸글루세스-20, 판테놀, 트레할로오스"
doc_prod_oy_a000000204654,product,prod_oy_a000000204654,"상품명: 더후 공진향 탄력 크림 50ml
브랜드: 더후
카테고리: CREAM
주요 전성분: 정제수*, 글리세린, 다이프로필렌글라이콜, 다이메티콘, 카프릴릭/카프릭트라이글리세라이드, 하이드로제네이티드폴리아이소부텐, C14-22알코올, 부틸렌글라이콜*, 하이드로제네이티드폴리데센, 1,2-헥산다이올*"
doc_prod_oy_a000000204880,product,prod_oy_a000000204880,"상품명: AHC 콜라 쥬비네이션 리프트4 트리트먼트 에센스 130ml
브랜드: AHC
카테고리: SERUM
주요 전성분: 정제수, 부틸렌글라이콜, 글리세린, 프로판다이올, 펜틸렌글라이콜, 옥틸도데세스-16, C12-14알케스-12, 락토코쿠스발효용해물, 하이드록시아세토페논, 참마뿌리추출물"
doc_prod_oy_a000000204881,product,prod_oy_a000000204881,"상품명: AHC 콜라 쥬비네이션 리프트4 트리트먼트 에멀젼 100ml
브랜드: AHC
카테고리: LOTION
주요 전성분: 정제수, 글리세린, 에틸헥실스테아레이트, 하이드로제네이티드폴리C6-14올레핀, 베타인, 시어버터, 폴리글리세릴-3다이스테아레이트, 1,2-헥산다이올, 폴리메틸실세스퀴옥세인, 비닐다이메티콘"
doc_prod_oy_a000000204882,product,prod_oy_a000000204882,"상품명: AHC 콜라 쥬비네이션 리프트4 오버데이 나이트 트리트먼트밤 50ml
브랜드: AHC
카테고리: CREAM
주요 전성분: 정제수, 다이프로필렌글라이콜, 글리세린, 메틸트라이메티콘, 세테아릴알코올, 시어버터, 베헤닐알코올, 다이카프릴릴에터, 아라키딜알코올, 트라이올레인"
doc_prod_oy_a000000205643,product,prod_oy_a000000205643,"상품명: [1등/단품] 메디힐 마데카소사이드 흔적 리페어 세럼 40ml
브랜드: 메디힐
카테고리: SERUM
주요 전성분: 정제수, 글리세린, 부틸렌글라이콜, 프로판다이올, 1,2-헥산다이올, 나이아신아마이드, 글리세릴폴리메타크릴레이트, 판테놀, 베타인, 폴리글리세릴-10라우레이트"
doc_prod_oy_a000000205644,product,prod_oy_a000000205644,"상품명: 메디힐 티트리 진정 수분 세럼 40ml
브랜드: 메디힐
카테고리: SERUM
주요 전성분: 정제수, 글리세린, 부틸렌글라이콜, 2,3-부탄다이올, 메틸프로판다이올, 1,2-헥산다이올, 티트리잎수19,400ppm, 판테놀, C12-14알케스-12, 소듐하이알루로네이트2,800ppm"
doc_prod_oy_a000000205919,product,prod_oy_a000000205919,"상품명: [수분보습] 디오디너리 사카로미세스 퍼멘트 30% 밀키 토너 100ml
브랜드: 디오디너리
카테고리: TONER
주요 전성분: 정제수, 효모추출물30%, 스쿠알란, 라우릴글루코사이드, 미리스틸글루코사이드, 폴리글리세릴-6라우레이트, 아이소세테스-20, 트라이소듐에틸렌다이아민다이석시네이트, 시트릭애씨드, 소듐시트레이트"
doc_prod_oy_a000000206212,product,prod_oy_a000000206212,"상품명: 메디큐브 제로 모공 원데이 크림 50ml
브랜드: 메디큐브
카테고리: CREAM
주요 전성분: 정제수, 판테놀, 부틸렌글라이콜, 프로판다이올, 세틸에틸헥사노에이트, 옥틸도데칸올, 나이아신아마이드, 아이소헥사데칸, 아이소도데케인, 글리세릴스테아레이트"
doc_prod_oy_a000000206874,product,prod_oy_a000000206874,"상품명: [트러블/과잉피지완화]앰플엔 아크네샷 앰플 30ml
브랜드: 앰플엔
카테고리: SERUM
주요 전성분: 프로폴리스추출물, 정제수, 부틸렌글라이콜, 프로판다이올, 옥틸도데세스-16, 아데노신, 스페인감초뿌리추출물, 병풀추출물, 마트리카리아꽃추출물, 알지닌"
doc_prod_oy_a000000207006,product,prod_oy_a000000207006,"상품명: 파파레서피 블레미쉬 필링 토너 120ml
브랜드: 파파레서피
카테고리: TONER
주요 전성분: 정제수, 쌀겨수, 글리세린, 프로판다이올, 1,2-헥산다이올, 나이아신아마이드, 다마스크장미꽃수, 쌀발효여과물, 파파야열매추출물, 퀴노아씨추출물"
doc_prod_oy_a000000207031,product,prod_oy_a000000207031,"상품명: 제나벨 PDRN 리쥬비네이팅 토너 300ml
브랜드: 제나벨
카테고리: TONER
주요 전성분: 정제수, 부틸렌글라이콜, 글리세린, 프로판다이올, 나이아신아마이드, 다이프로필렌글라이콜, 1,2-헥산다이올, 판테놀, 소듐디엔에이, 시트릭애씨드"
doc_prod_oy_a000000208331,product,prod_oy_a000000208331,"상품명: 바이오더마 시카비오 크림+ 40ml(딥 리페어 크림)
브랜드: 바이오더마
카테고리: CREAM
주요 전성분: 정제수, 카프릴릭/카프릭트라이글리세라이드, 글리세린, 폴리글리세릴-3폴리리시놀리에이트, 유채씨오일, 부틸렌글라이콜, 타피오카전분, 하이드로제네이티드유채씨오일, 자일로오스, 폴리글리세릴-3다이아이소스테아레이트"
doc_prod_oy_a000000208491,product,prod_oy_a000000208491,"상품명: 이지듀 EGF 글루타치온 기미잡티 크림 105ml
브랜드: 이지듀
카테고리: CREAM
주요 전성분: 정제수, 글리세린, 나이아신아마이드, 다이프로필렌글라이콜, 비닐다이메티콘, 카프릴릭/카프릭트라이글리세라이드, 코코넛야자오일, 메도우폼씨오일, 펜타에리스리틸테트라에틸헥사노에이트, 메틸프로판다이올"
doc_prod_oy_a000000208678,product,prod_oy_a000000208678,"상품명: 메디힐 마데카소사이드 모공 리페어 스피큘 세럼 40ml
브랜드: 메디힐
카테고리: SERUM
주요 전성분: 정제수, 프로판다이올, 다이프로필렌글라이콜, 나이아신아마이드, 글리세린, 1,2-헥산다이올, 시어버터, 판테놀, 하이드롤라이즈드해면, 다이글리세린"
doc_prod_oy_a000000208708,product,prod_oy_a000000208708,"상품명: 아누아 TXA 나이아신 흔적 세럼 30ml
브랜드: 아누아
카테고리: SERUM
주요 전성분: 정제수, 글리세린, 나이아신아마이드, 트라넥사믹애씨드, 부틸렌글라이콜, 다이에톡시에틸석시네이트, 1,2-헥산다이올, 알부틴, 소듐하이알루로네이트, 알파-알부틴"
doc_prod_oy_a000000208718,product,prod_oy_a000000208718,"상품명: 스콧해미쉬 블루 블렌디드 토너 에센스 180ml
브랜드: 스콧해미쉬
카테고리: TONER
주요 전성분: 정제수, 프로판다이올, 글리세레스-26, 메틸글루세스-20, 1,2-헥산다이올, 나이아신아마이드, 에탄올, 펜틸렌글라이콜, 메틸프로판다이올, 병풀추출물"
doc_prod_oy_a000000208721,product,prod_oy_a000000208721,"상품명: 스콧해미쉬 블루 블렌디드 로션 에센스 180ml
브랜드: 스콧해미쉬
카테고리: LOTION
주요 전성분: 정제수, 프로판다이올, 에탄올, 1,2-헥산다이올, 나이아신아마이드, 글리세린, 메틸프로판다이올, 에틸헥실스테아레이트, 트레할로오스, 실리카"
doc_prod_oy_a000000208986,product,prod_oy_a000000208986,"상품명: [촉촉스킨] 우노 스킨 세럼 워터 200ml
브랜드: 우노
카테고리: TONER
주요 전성분: 정제수, 에탄올, 다이프로필렌글라이콜, 글리세린, 부틸렌글라이콜, 메틸글루세스-10, 다이글리세린, 페녹시에탄올, 피이지-6, 피이지-32"
doc_prod_oy_a000000209419,product,prod_oy_a000000209419,"상품명: 제로이드 인텐시브 로션 160ml
브랜드: 제로이드
카테고리: LOTION
주요 전성분: 정제수, 글리세린, 카프릴릭/카프릭트라이글리세라이드, 프로판다이올, 세테아릴알코올, 올리브오일, 솔비탄스테아레이트, 식물성스쿠알란, 다이메티콘, 스테아릭애씨드"
doc_prod_oy_a000000209588,product,prod_oy_a000000209588,"상품명: [NEW/기미잡티케어] VT 티엑스토닝 토너 200ml
브랜드: VT
카테고리: TONER
주요 전성분: 정제수, 글리세린, 나이아신아마이드, 프로판다이올, 1,2-헥산다이올, 트라넥사믹애씨드, 에리스리톨, 카보머, 트레할로오스, 아데노신"
doc_prod_oy_a000000209641,product,prod_oy_a000000209641,"상품명: [첫 단계 톤업 케어] 티엘스 레드 오렌지 나이아신아마이드 토너 150ml
브랜드: 티엘스
카테고리: TONER
주요 전성분: 정제수, 다이프로필렌글라이콜, 1,2-헥산다이올, 나이아신아마이드2%, 프로판다이올, 당귤추출물7,000ppm, 부틸렌글라이콜, 글리세린, 하이드록시아세토페논, 베타인"
doc_prod_oy_a000000209746,product,prod_oy_a000000209746,"상품명: 제로이드 인텐시브 하이드레이팅 앰플 30ml
브랜드: 제로이드
카테고리: SERUM
주요 전성분: 정제수, 부틸렌글라이콜, 사카라이드아이소머레이트, 1,2-헥산다이올, 소듐하이알루로네이트, 시트릭애씨드, 소듐시트레이트"
doc_prod_oy_a000000209747,product,prod_oy_a000000209747,"상품명: 제로이드 수딩 크림 80ml
브랜드: 제로이드
카테고리: CREAM
주요 전성분: 정제수, 글리세린, 프로판다이올, 카프릴릭/카프릭트라이글리세라이드, 솔비탄스테아레이트, 세테아릴알코올, 잇꽃씨오일, 글리세릴스테아레이트, 스테아릭애씨드, 다이메티콘"
doc_prod_oy_a000000209904,product,prod_oy_a000000209904,"상품명: 제로이드 수딩 로션 160ml
브랜드: 제로이드
카테고리: LOTION
주요 전성분: 정제수, 글리세린, 프로판다이올, 카프릴릭/카프릭트라이글리세라이드, 솔비탄스테아레이트, 세테아릴알코올, 잇꽃씨오일, 글리세릴스테아레이트, 다이메티콘, 스테아릭애씨드"
doc_prod_oy_a000000209906,product,prod_oy_a000000209906,"상품명: 제로이드 더마뉴얼 리페어 크림 15ml
브랜드: 제로이드
카테고리: CREAM
주요 전성분: 정제수, 사이클로펜타실록세인, 글리세린, 프로판다이올, C30-45알킬세테아릴다이메티콘크로스폴리머, 판테놀, 카프릴릴메티콘, 카프릴릭/카프릭트라이글리세라이드, 미리스토일/팔미토일옥소스테아라마이드/아라카마이드엠이에이, 나이아신아마이드"
doc_prod_oy_a000000209908,product,prod_oy_a000000209908,"상품명: 제로이드 인텐시브 크림 토너 200ml
브랜드: 제로이드
카테고리: TONER
주요 전성분: 정제수, 부틸렌글라이콜, 글리세린, 시어버터, 1,2-헥산다이올, 하이드로제네이티드레시틴, 폴리글리세릴-10스테아레이트, 폴리글리세릴-10베헤네이트/에이코사디오에이트, 다이프로필렌글라이콜, 판테놀"
doc_prod_oy_a000000210050,product,prod_oy_a000000210050,"상품명: 아누아 복숭아 나이아신아마이드 에센스 토너 250mL
브랜드: 아누아
카테고리: TONER
주요 전성분: 복숭아수77%, 2,3-부탄다이올, 정제수, 글리세린, 다이프로필렌글라이콜, 나이아신아마이드, 부틸렌글라이콜, 1,2-헥산다이올, 락토바실러스발효물, 메틸프로판다이올"
doc_prod_oy_a000000210180,product,prod_oy_a000000210180,"상품명: 피토메르 올리고포스 세럼 이드라땅 어드밴스드 30ml
브랜드: 피토메르
카테고리: SERUM
주요 전성분: 피이지-8카프릴릭/카프릭글리세라이즈, 정제수, 폴리글리세릴-6아이소스테아레이트, 프로필렌글라이콜, 아이소스테아릴아이소스테아레이트, 글리세린, 나이아신아마이드, 해수, 향료, 카프릴릭/카프릭트라이글리세라이드"
doc_prod_oy_a000000210452,product,prod_oy_a000000210452,"상품명: [피지캐는크림] 라돌프 퓨어파지 크림 알엑스 80g
브랜드: 라돌프
카테고리: CREAM
주요 전성분: 정제수, 글리세린, 프로판다이올, 카프릴릭/카프릭트라이글리세라이드, 스쿠알란, 글리세레스-26, 1,2-헥산다이올, 로즈오브예리코추출물, 베헤닐알코올, 글리세릴스테아레이트"
doc_prod_oy_a000000210867,product,prod_oy_a000000210867,"상품명: [수분앰플] 에스트라 아토베리어365 세라-히알 속수분 앰플 30ml
브랜드: 에스트라
카테고리: SERUM
주요 전성분: 정제수, 부틸렌글라이콜, 글리세린, 나이아신아마이드, 1,2-헥산다이올, 베타인, 판테놀, 카보머, 에틸헥실글리세린, 소듐하이알루로네이트"
doc_prod_oy_a000000210949,product,prod_oy_a000000210949,"상품명: 운스트라움 디 오리진 로션 150ml
브랜드: 운스트라움
카테고리: LOTION
주요 전성분: 정제수, 프로판다이올, 에틸헥실스테아레이트, 1,2-헥산다이올, 메틸트라이메티콘, 메틸프로판다이올, 나이아신아마이드, 소나무잎추출물, 판테놀, 폴리메틸실세스퀴옥세인"
doc_prod_oy_a000000210950,product,prod_oy_a000000210950,"상품명: 운스트라움 디 오리진 미스트 토너 150ml
브랜드: 운스트라움
카테고리: TONER
주요 전성분: 정제수, 다이프로필렌글라이콜, 1,2-헥산다이올, 병풀추출물, 무화과추출물, 당느릅나무뿌리추출물, 줄맨드라미씨추출물, 병풀뿌리추출물, 병풀잎추출물, 소나무잎추출물"
doc_prod_oy_a000000211059,product,prod_oy_a000000211059,"상품명: [톤업세럼] 아누아 복숭아 나이아신아마이드 세럼 30mL
브랜드: 아누아
카테고리: SERUM
주요 전성분: 복숭아수70%, 글리세린, 나이아신아마이드5%, 부틸렌글라이콜, 다이에톡시에틸석시네이트, 정제수, 1,2-헥산다이올, 락토바실러스발효물, 소듐하이알루로네이트, 스핑고모나스발효추출물"
doc_prod_oy_a000000211084,product,prod_oy_a000000211084,"상품명: [보습개선/진정]반코르 바쿠치올 5000ppm 모공결 주름결 세럼 슬로우에이징
브랜드: 반코르
카테고리: SERUM
주요 전성분: 정제수, 레몬수, 글리세린, 카프릴릭/카프릭트라이글리세라이드, 코코-카프릴레이트/카프레이트, 퀸즈랜드넛오일, 세테아릴알코올, 아라키딜알코올, 세테아릴올리베이트, 베타인"
doc_prod_oy_a000000211085,product,prod_oy_a000000211085,"상품명: [화잘먹크림] 오드로이 모공수축크림 로프디 모공타이트닝 100ml
브랜드: 오드로이
카테고리: CREAM
주요 전성분: 정제수, 부틸렌글라이콜, 글리세린, 1,2-헥산다이올, 마카다미아씨오일, 하이드로제네이티드폴리C6-14올레핀, 다이카프릴릴카보네이트, 알지닌, 아크릴레이트/C10-30알킬아크릴레이트크로스폴리머, 글리세릴카프릴레이트"
doc_prod_oy_a000000211218,product,prod_oy_a000000211218,"상품명: 믹순 병풀 토너 300ml
브랜드: 믹순
카테고리: TONER
주요 전성분: 정제수, 부틸렌글라이콜, 1,2-헥산다이올, 병풀추출물10,000ppm"
doc_prod_oy_a000000211219,product,prod_oy_a000000211219,"상품명: 믹순 콩 토너 300ml
브랜드: 믹순
카테고리: TONER
주요 전성분: 정제수, 1,2-헥산다이올, 글리세레스-26, 글리세린, 콩추출물9,607ppm, 베타인, 알란토인, C12-14파레스-12, 에틸헥실글리세린, 다이소듐이디티에이"
doc_prod_oy_a000000211858,product,prod_oy_a000000211858,"상품명: [결청소토너] 딕셔니스트 아미노산 토너 250ml *
브랜드: 딕셔니스트
카테고리: TONER
주요 전성분: 정제수, 부틸렌글라이콜, 바실러스발효물, 나이아신아마이드, 1,2-헥산다이올, 락토바실러스/석류발효추출물, 무화과추출물, 귤껍질추출물, 폴리글루타믹애씨드, 살리실릭애씨드"
doc_prod_oy_a000000211930,product,prod_oy_a000000211930,"상품명: [100시간 수분보습]LBB 올 데이 케어 인 로션 50ml
브랜드: LBB
카테고리: LOTION
주요 전성분: 탄제린수, 정제수, 글리세린, 부틸렌글라이콜, 카프릴릭, 크프릭트라이글리세라이드, 카르릴릴메티콘, 1,2-헥산다이올, 글리세릴스테아레이트, 세테아릴올리베이트"
doc_prod_oy_a000000212724,product,prod_oy_a000000212724,"상품명: [흔적수분크림] 듀이트리 AC 딥 흔적 진정 크림 60ml
브랜드: 듀이트리
카테고리: CREAM
주요 전성분: 정제수, 부틸렌글라이콜, 다이프로필렌글라이콜, 나이아신아마이드, 1,2-헥산다이올, 다이카프릴릴에터, 폴리글리세릴-3메틸글루코오스다이스테아레이트, 암모늄아크릴로일다이메틸타우레이트/브이피코폴리머, 카보머, 판테놀"
doc_prod_oy_a000000212792,product,prod_oy_a000000212792,"상품명: [영양/부스팅토너] 셀리맥스 더 리얼 노니 수분 밸런싱 토너 320ml
브랜드: 셀리맥스
카테고리: TONER
주요 전성분: 정제수, 부틸렌글라이콜, 1,2-헥산다이올, 하이드록시에틸우레아, 노니열매추출물0.8%, 프로판다이올, 클로페네신, C12-14알케스-12, 글라이신, 베타인"
doc_prod_oy_a000000213097,product,prod_oy_a000000213097,"상품명: [모공/진정케어] 조선미녀 맑은쌀채운 토너 150ml
브랜드: 조선미녀
카테고리: TONER
주요 전성분: 정제수, 메틸프로판다이올, 프로판다이올, 1,2-헥산다이올, 글리세린, 글리세레스-26, 폴리메틸메타크릴레이트, 쌀추출물0.1%, 황련뿌리추출물, 당느릅나무뿌리추출물"
doc_prod_oy_a000000213385,product,prod_oy_a000000213385,"상품명: 더마라인 디렉소 PDRN 솔루션 액티빙 토너 200ml
브랜드: 더마라인
카테고리: TONER
주요 전성분: 정제수, 부틸렌글라이콜, 다이프로필렌글라이콜, 메틸프로판다이올, 1,2-헥산다이올, 나이아신아마이드, 하이드록시에틸우레아, 트레할로오스, 베타인, 만주자작나무수액"
doc_prod_oy_a000000213387,product,prod_oy_a000000213387,"상품명: 더마라인 디렉소 PDRN 솔루션 액티빙 에멀전 200ml
브랜드: 더마라인
카테고리: LOTION
주요 전성분: 정제수, 부틸렌글라이콜, 카프릴릭/카프릭트라이글리세라이드, 글리세린, 나이아신아마이드, 에틸헥실팔미테이트, 1,2-헥산다이올, 글리세레스-26, 글리세릴스테아레이트, 스쿠알란"
doc_prod_oy_a000000213407,product,prod_oy_a000000213407,"상품명: 반코르 닥터 세라마이드 토너 150ml
브랜드: 반코르
카테고리: TONER
주요 전성분: 정제수, 부틸렌글라이콜, 다이에톡시에틸석시네이트, 세라마이드엔피1,100ppm, 세라마이드엔에스1,500ppb, 세라마이드에이에스500ppb, 세라마이드에이피500ppb, 세라마이드이오피1ppb, 에스에이치-폴리펩타이드-22, 에스에이치-폴리펩타이드-1"
doc_prod_oy_a000000213409,product,prod_oy_a000000213409,"상품명: [색소침착 진정크림] 덱스판테놀17만ppm 장벽크림
브랜드: 반코르
카테고리: CREAM
주요 전성분: 정제수, 판테놀, 글리세린, 해바라기씨오일, 세테아릴올리베이트, 세테아릴알코올, 솔비탄올리베이트, 비닐다이메티콘, 하이드록시아세토페논, 1,2-헥산다이올"
doc_prod_oy_a000000213492,product,prod_oy_a000000213492,"상품명: [흔적미백]메디큐브 PDRN 핑크 시카 수딩 토너 250ml
브랜드: 메디큐브
카테고리: TONER
주요 전성분: 정제수, 부틸렌글라이콜, 글리세린, 나이아신아마이드, 1,2-헥산다이올, 자일리톨, 소듐디엔에이1,000ppm, 소듐시트레이트, 알란토인, 에틸헥실글리세린"
doc_prod_oy_a000000213535,product,prod_oy_a000000213535,"상품명: [만능 시카밤] 프라나롬 시카롬 리페어 밤 40ml
브랜드: 프라나롬
카테고리: CREAM
주요 전성분: 정제수, 시어버터, 스위트브라이어씨오일, 아보카도오일, 에버라스팅꽃오일, 크랜베리씨오일, 라벤더오일, 라다넘오일, 티트리잎오일, 비타민나무열매오일"
doc_prod_oy_a000000213950,product,prod_oy_a000000213950,"상품명: 연작 카밍 앤 컴포팅 토너 150ml
브랜드: 연작
카테고리: TONER
주요 전성분: 정제수, 글리세린, 다이프로필렌글라이콜, 프로판다이올, 1,2-헥산다이올, 글루코노락톤, 트로메타민, 부틸렌글라이콜, 베타인, 황련추출물"
doc_prod_oy_a000000213951,product,prod_oy_a000000213951,"상품명: 연작 카밍 앤 컴포팅 에멀전 125ml
브랜드: 연작
카테고리: LOTION
주요 전성분: 정제수, 글리세린, 스쿠알란, 1,2-헥산다이올, 비닐다이메티콘, 부틸렌글라이콜, C12-16알코올, 세틸알코올, 글리세릴스테아레이트, 하이드로제네이티드레시틴"
doc_prod_oy_a000000213968,product,prod_oy_a000000213968,"상품명: 연작 전초 컨센트레이트 40ml
브랜드: 연작
카테고리: SERUM
주요 전성분: 정제수, 글리세린, 부틸렌글라이콜, 페닐트라이메티콘, 다이글리세린, 프로판다이올, 1,2-헥산다이올, 암모늄아크릴로일다이메틸타우레이트/브이피코폴리머, 카보머, 트로메타민"
doc_prod_oy_a000000214034,product,prod_oy_a000000214034,"상품명: 바이오던스 퍼스트 시너지 토너 150ml
브랜드: 바이오던스
카테고리: TONER
주요 전성분: 정제수, 펜틸렌글라이콜, 다이프로필렌글라이콜, 글리세린, 1,2-헥산다이올, 프로판다이올, 판테놀, 소듐하이알루로네이트, 하이드롤라이즈드하이알루로닉애씨드, 하이알루로닉애씨드"
doc_prod_oy_a000000214066,product,prod_oy_a000000214066,"상품명: 키엘 칼렌듈라 허벌 엑스트렉트 토너 125ml
브랜드: 키엘
카테고리: TONER
주요 전성분: 정제수프로필렌글라이콜프로판다이올페녹시에탄올클로페네신우엉뿌리추출물다이소듐이디티에이포트마리골드꽃추출물0.0772%포트마리골드꽃0.075%하이드롤라이즈드옥수수전분알란토인서양송악잎/줄기추출물글리세린마시멜로뿌리추출물소듐하이드록사이드시트릭애씨드"
doc_prod_oy_a000000214141,product,prod_oy_a000000214141,"상품명: 키엘 칼렌듈라 에멀전 125ml
브랜드: 키엘
카테고리: LOTION
주요 전성분: 정제수글리세린아이소프로필라우로일사코시네이트다이메티콘나이아신아마이드프로판다이올프로필렌글라이콜C14-22알코올판테놀다이메티콘/비닐다이메티콘크로스폴리머페녹시에탄올토코페롤카프릴로일살리실릭애씨드C12-20알킬글루코사이드카보머피리독신에이치씨엘클로페네신펜타에리스리틸테트라-다이-t-부틸하이드록시하이드로신나메이트잔탄검아크릴레이트/C10-30알킬아크릴레이트크로스폴리머레몬껍질오일리모넨포트마리골드꽃0.13%트라이소듐에틸렌다이아민다이석시네이트징크피씨에이말토덱스트린소듐하이드록사이드포트마리골드꽃추출물0.0525%와일드제라늄오일마트리카리아꽃오일시트릭애씨드트라이데세스-6피이지-30다이폴리하이드록시스테아레이트시트랄홍차추출물시트로넬올제라니올리날룰카멜그라스오일쓴쑥추출물"
doc_prod_oy_a000000214176,product,prod_oy_a000000214176,"상품명: 키엘 울트라 훼이셜 모이스춰라이저 125ml
브랜드: 키엘
카테고리: LOTION
주요 전성분: 정제수스쿠알란글리세린피이지-100스테아레이트글리세릴스테아레이트부틸렌글라이콜트라이에탄올아민페녹시에탄올솔비탄올리에이트카보머클로페네신비즈왁스카프릴릴글라이콜스테아릭애씨드팔미틱애씨드미리스틸알코올스위트아몬드오일살구씨오일토코페롤아보카도오일미리스틱애씨드"
doc_prod_oy_a000000214179,product,prod_oy_a000000214179,"상품명: 키엘 울트라 훼이셜 토너 250ml
브랜드: 키엘
카테고리: TONER
주요 전성분: 정제수글리세린스쿠알란페녹시에탄올아크릴레이트/C10-30알킬아크릴레이트크로스폴리머솔비탄올리에이트다이카프릴릴에터포타슘솔베이트피이지-100스테아레이트아스코빌글루코사이드소듐하이드록사이드토코페롤소듐하이알루로네이트스위트아몬드오일살구씨오일아보카도오일"
doc_prod_oy_a000000214203,product,prod_oy_a000000214203,"상품명: 케어놀로지 리블루 부스팅 멀티 토너 150ml
브랜드: 케어놀로지
카테고리: TONER
주요 전성분: 정제수, 부틸렌글라이콜, 1,2-헥산다이올, 폴리솔베이트20, 붉나무충영추출물, 에틸헥실글리세린, 알로에베라잎즙, 글리세린, 캐모마일꽃추출물, 센티드제라늄꽃오일"
doc_prod_oy_a000000214254,product,prod_oy_a000000214254,"상품명: 키엘 울트라 훼이셜 오일-프리 토너 250ml
브랜드: 키엘
카테고리: TONER
주요 전성분: 정제수글리세린프로판디올페녹시에탄올프로필렌글라이콜포타슘소르베이트아크릴레이트/C10-30알킬아크릴레이트크로스폴리머트리에탄올아민시트릭애씨드모근추출물슈도알테로모나스발효추출물소듐하이알루로네이트오이즙/오이추출물카프릴릴글라이콜카보머"
doc_prod_oy_a000000214629,product,prod_oy_a000000214629,"상품명: 앰플엔 히알루론샷 수분 앰플 100ml
브랜드: 앰플엔
카테고리: SERUM
주요 전성분: 정제수, 부틸렌글라이콜, 프로판다이올, 글리세린, 1,2-헥산다이올, 트레할로오스, 나이아신아마이드, 글리세레스-26, 아데노신, 알지닌"
doc_prod_oy_a000000214636,product,prod_oy_a000000214636,"상품명: 앰플엔 히알루론샷 수분 크림 60ml
브랜드: 앰플엔
카테고리: CREAM
주요 전성분: 정제수, 글리세린, 아이소스테아릴알코올, 세틸에틸헥사노에이트, 1,2-헥산다이올, 사이클로헥사실록세인, 나이아신아마이드, 세테아릴올리베이트, 아데노신, 판테놀"
doc_prod_oy_a000000214675,product,prod_oy_a000000214675,"상품명: [EGF최대함량/1등진정앰플] 클레어스 블루 유스 액티베이팅 드롭 50ml
브랜드: 디어클레어스
카테고리: SERUM
주요 전성분: 정제수, 부틸렌글라이콜, 에스에이치-올리고펩타이드-1, 에스에이치-폴리펩타이드-1, 로우스위트블루베리추출물, 레시틴, 솔비탄세스퀴올리에이트, 1,2-헥산다이올, 카프릴릴글라이콜, 피이지-60하이드로제네이티드캐스터오일"
doc_prod_oy_a000000215197,product,prod_oy_a000000215197,"상품명: [수분지속로션] 그라운드플랜 젤모이스처 110ml
브랜드: 그라운드플랜
카테고리: LOTION
주요 전성분: 버지니아풍년화수, 글리세린, 병풀추출물, 1,2-헥산다이올, 페닐트라이메티콘, 비닐다이메티콘, 라벤더오일, 클레리오일, 다이글리세린, 네오펜틸글라이콜다이카프레이트"
doc_prod_oy_a000000215222,product,prod_oy_a000000215222,"상품명: [각질개선율191%]리쥬란 더마 힐러 모이스처 트리트먼트 토너 150ml
브랜드: 리쥬란
카테고리: TONER
주요 전성분: 정제수, 1,2-헥산다이올, 알로에베라잎즙, 오이열매추출물, 글리세린, 귀리커넬추출물, 포트마리골드추출물, 부틸렌글라이콜, 석류추출물, 마트리카리아꽃추출물"
doc_prod_oy_a000000216459,product,prod_oy_a000000216459,"상품명: [모공부스터] 마몽드 포어 슈링커 바쿠치올 레티놀 토너 200ml
브랜드: 마몽드
카테고리: TONER
주요 전성분: 정제수, 글리세린, 부틸렌글라이콜, 베타인, 글리세릴폴리메타크릴레이트, 1,2-헥산다이올, 다이메티콘, 피피지-13-데실테트라데세스-24, 에탄올, 아크릴레이트/C10-30알킬아크릴레이트크로스폴리머"
doc_prod_oy_a000000216469,product,prod_oy_a000000216469,"상품명: [보습장벽] 마몽드 프로바이오틱스 세라마이드 스킨 소프너 200ml
브랜드: 마몽드
카테고리: TONER
주요 전성분: 정제수, 글리세린, 다이프로필렌글라이콜, 프로판다이올, 1,2-헥산다이올, 부틸렌글라이콜, 카프릴릭/카프릭트라이글리세라이드, 하이드로제네이티드레시틴, 아크릴레이트/C10-30알킬아크릴레이트크로스폴리머, 덱스트린"
doc_prod_oy_a000000216470,product,prod_oy_a000000216470,"상품명: [보습장벽] 마몽드 프로바이오틱스 세라마이드 에멀젼 150ml
브랜드: 마몽드
카테고리: LOTION
주요 전성분: 정제수, 부틸렌글라이콜, 글리세린, 펜타에리스리틸테트라에틸헥사노에이트, 하이드로제네이티드폴리아이소부텐, 펜타에리스리틸테트라아이소스테아레이트, 하이드로제네이티드폴리C6-14올레핀, 비스-하이드록시에톡시프로필다이메티콘, 글리세릴스테아레이트시트레이트, 메틸트라이메티콘"
doc_prod_oy_a000000216836,product,prod_oy_a000000216836,"상품명: [재구매1위/깐달걀세럼] 파넬 아하 오미자 도자기 워시오프 세럼 30ml
브랜드: 파넬
카테고리: SERUM
주요 전성분: 정제수, 락틱애씨드, 트로메타민, 글리세린, 다이프로필렌글라이콜, 글리세레스-26, 부틸렌글라이콜, 메틸프로판다이올, 오미자수, 1,2-헥산다이올"
doc_prod_oy_a000000217777,product,prod_oy_a000000217777,"상품명: 닥터디퍼런트 스케일링 토너 (지성용) 300ml (AD)
브랜드: 닥터디퍼런트
카테고리: TONER
주요 전성분: 정제수, 부틸렌글라이콜, 1,2-헥산다이올, 글리세린, 소듐시트레이트, 살리실릭애씨드, 카프릴릴글라이콜, 에틸헥실글리세린, 폴리글리세릴-10라우레이트, 폴리글리세릴-4라우레이트"
doc_prod_oy_a000000218548,product,prod_oy_a000000218548,"상품명: 에스트라 에이시카365 리페어 크림 pH4.5 60ml
브랜드: 에스트라
카테고리: CREAM
주요 전성분: 정제수, 글리세린, 부틸렌글라이콜, 에틸헥실스테아레이트, 나이아신아마이드, 1,2-헥산다이올, 다이메티콘, 다이에톡시에틸석시네이트, 글루코노락톤, 세테아릴올리베이트"
doc_prod_oy_a000000218549,product,prod_oy_a000000218549,"상품명: 에스트라 에이시카365 수분토너 pH4.5 200ml
브랜드: 에스트라
카테고리: TONER
주요 전성분: 정제수, 부틸렌글라이콜, 글리세린, 나이아신아마이드, 1,2-헥산다이올, 글루코노락톤, 트로메타민, 잔탄검, 에틸헥실글리세린, 레시틴"
doc_prod_oy_a000000219274,product,prod_oy_a000000219274,"상품명: [리뉴얼] 유세린 하이알루론 부스팅 에센스 100ml
브랜드: 유세린
카테고리: SERUM
주요 전성분: 정제수, 부틸렌글라이콜, 변성알코올, 글리세린, 글리세릴글루코사이드, 판테놀, 피이지-40하이드로제네이티드캐스터오일, 카르니틴, 페녹시에탄올, 1,2-헥산다이올"
doc_prod_oy_a000000219286,product,prod_oy_a000000219286,"상품명: [노화케어] 디오디너리 GF 15% 솔루션 30ml
브랜드: 디오디너리
카테고리: SERUM
주요 전성분: 정제수, 부틸렌글라이콜, 니코티아나벤타미아나헥사펩타이드-40에스에이치-올리고펩타이드-1, 니코티아나벤타미아나헥사펩타이드-40에스에이치-폴리펩타이드-76, 니코티아나벤타미아나옥타펩타이드-30에스에이치-올리고펩타이드-2, 스클레로튬검, 글리세린, 트라이소듐에틸렌다이아민다이석시네이트, 시트릭애씨드, 소듐시트레이트"
doc_prod_oy_a000000219334,product,prod_oy_a000000219334,"상품명: [애프터 시카 밤]SVR 센시파인 뉴트리밤 40ml
브랜드: SVR
카테고리: CREAM
주요 전성분: 정제수, 시어버터, 스쿠알란, 베헤닐알코올, 베헤네스-25, 1,2-헥산다이올, 소듐폴리아크릴레이트, 판테놀, 카프릴릴글라이콜, 시트릭애씨드"
doc_prod_oy_a000000219387,product,prod_oy_a000000219387,"상품명: [쿨링진정] 마몽드 카밍 샷 아줄렌 토너 300ml
브랜드: 마몽드
카테고리: TONER
주요 전성분: 마트리카리아꽃수, 정제수, 글리세린, 부틸렌글라이콜, 1,2-헥산다이올, 피피지-13-데실테트라데세스-24, 암모늄아크릴로일다이메틸타우레이트/브이피코폴리머, 나이아신아마이드, 에틸헥실글리세린, 소듐메타포스페이트"
doc_prod_oy_a000000219677,product,prod_oy_a000000219677,"상품명: [고순도PDRN/디바이스 시너지템][NEW]메디큐브 에이지알 PDRN 부스터젤 300ml
브랜드: 메디큐브 에이지알
카테고리: SERUM
주요 전성분: 정제수, 글리세린, 나이아신아마이드, 카보머, 클로페네신, 포타슘하이드록사이드, 아크릴레이트/C10-30알킬아크릴레이트크로스폴리머, 에틸헥실글리세린, 아데노신, 다이소듐이디티에이"
doc_prod_oy_a000000219966,product,prod_oy_a000000219966,"상품명: [초록진정] 몰바니 아티시카 리프레쉬 카밍 세럼 30ml
브랜드: 몰바니
카테고리: TONER
주요 전성분: 정제수, 글리세린, 다이프로필렌글라이콜, 나이아신아마이드, 1,2-헥산다이올, 판테놀, 펜틸렌글라이콜, 부틸렌글라이콜, 자일리틸글루코사이드, 트레할로오스"
doc_prod_oy_a000000219985,product,prod_oy_a000000219985,"상품명: 몰바니 율피 엑소좀 모공 타이트닝 토너 150ml
브랜드: 몰바니
카테고리: TONER
주요 전성분: 정제수, 부틸렌글라이콜, 나이아신아마이드, 변성알코올, 락틱애씨드, 다이프로필렌글라이콜, 하이드록시아세토페논, 글리세레스-25피씨에이아이소스테아레이트, 소듐하이드록사이드, 하이드롤라이즈드하이알루로닉애씨드"
doc_prod_oy_a000000221331,product,prod_oy_a000000221331,"상품명: [수분광] 마몽드 플로라 글로우 로즈 워터 토너 300ml
브랜드: 마몽드
카테고리: TONER
주요 전성분: 다마스크장미꽃수90%, 부틸렌글라이콜, 프로판다이올, 1,2-헥산다이올, 피피지-13-데실테트라데세스-24, 에틸헥실글리세린, 정제수, 카보머, 소듐메타포스페이트, 트로메타민"
doc_prod_oy_a000000221651,product,prod_oy_a000000221651,"상품명: [주름탄력]테라로직 레티날 주름탄력 앰플 30ml
브랜드: 테라로직
카테고리: SERUM
주요 전성분: 정제수, 글리세린, 메틸프로판다이올, 1,2-헥산다이올, 나이아신아마이드, 트레할로오스, 폴리메틸메타크릴레이트, 레틴알3,000ppm, 소듐디엔에이, 하이드롤라이즈드디엔에이연꽃잎추출물"
doc_prod_oy_a000000221831,product,prod_oy_a000000221831,"상품명: 설화수 자음유액EX 125ml
브랜드: 설화수
카테고리: LOTION
주요 전성분: 정제수, 부틸렌글라이콜, 하이드로제네이티드폴리C6-14올레핀, 옥틸도데실미리스테이트, 글리세린, 세틸에틸헥사노에이트, 메도우폼씨오일, 폴리글리세릴-3메틸글루코오스다이스테아레이트, 트레할로오스, 하이드로제네이티드식물성오일"
doc_prod_oy_a000000221943,product,prod_oy_a000000221943,"상품명: 닥터엘시아 젠틀 비타민 C 부스팅 세럼 30ml
브랜드: 닥터엘시아
카테고리: SERUM
주요 전성분: 정제수, 비타민나무열매수, 나이아신아마이드, 프로판다이올, 1,2-헥산다이올, 녹차수, 카프릴릭/카프릭트라이글리세라이드, 캐스터오일/아이피디아이코폴리머, 아크릴레이트/C10-30알킬아크릴레이트크로스폴리머, 트로메타민"
doc_prod_oy_a000000222554,product,prod_oy_a000000222554,"상품명: [NEW/수분진정] 메이크프렘 히알 인테카 속수분 앰플 40ml
브랜드: 메이크프렘
카테고리: SERUM
주요 전성분: 병풀잎수, 정제수, 프로판다이올, 글리세린, 1,2-헥산다이올, 트라이프로필렌글라이콜, 하이드록시아세토페논, 부틸렌글라이콜, 카보머, 알지닌"
doc_prod_oy_a000000222939,product,prod_oy_a000000222939,"상품명: [모공결토너] 웰라쥬 하이퍼 펩타이드 스킨부스터 토너 200ml
브랜드: 웰라쥬
카테고리: TONER
주요 전성분: 정제수, 글리세레스-26, 다이프로필렌글라이콜, 부틸렌글라이콜, 글리세린, 1,2-헥산다이올, 아크릴레이트/C10-30알킬아크릴레이트크로스폴리머, 트로메타민, 아데노신, 다이소듐이디티에이"
doc_prod_oy_a000000223183,product,prod_oy_a000000223183,"상품명: [수분광/수분충전] 스튜디오17 워터부스트 히알루론 수분세럼 80ml
브랜드: 스튜디오17
카테고리: SERUM
주요 전성분: 정제수, 글리세린, 부틸렌글라이콜, 다이프로필렌글라이콜, 1,2-헥산다이올, 나이아신아마이드, 트레할로오스, 판테놀, 알지닌, 카보머"
doc_prod_oy_a000000223425,product,prod_oy_a000000223425,"상품명: [미백/잡티케어] 달바 비타 토닝 세럼 토너 180ml
브랜드: 달바
카테고리: TONER
주요 전성분: 정제수, 비타민나무수117,600ppm, 다이프로필렌글라이콜, 글리세레스-26, 1,2-헥산다이올, 나이아신아마이드20,000ppm, 글리세린, 메틸글루세스-20, 폴리글리세릴-10라우레이트, 세테아릴알코올"
doc_prod_oy_a000000223427,product,prod_oy_a000000223427,"상품명: [미백/잡티케어] 달바 비타 토닝 세럼 로션 100ml
브랜드: 달바
카테고리: LOTION
주요 전성분: 비타민나무수596,692ppm, 부틸렌글라이콜, 글리세린, 다이글리세린, 프로판다이올, 코코-카프릴레이트/카프레이트, 나이아신아마이드20,000ppm, 정제수, 1,2-헥산다이올, 카프릴릴메티콘"
doc_prod_oy_a000000223947,product,prod_oy_a000000223947,"상품명: [화잘먹수분크림] 메디큐브 PDRN 핑크 히알루로닉 수분 크림 50ml
브랜드: 메디큐브
카테고리: CREAM
주요 전성분: 정제수, 글리세레스-26, 부틸렌글라이콜, 카프릴릭/카프릭트라이글리세라이드, 사이클로펜타실록세인, 1,2-헥산다이올, 나이아신아마이드, 하이드로제네이티드폴리데센, 아이소노닐아이소노나노에이트, 세테아릴올리베이트"
doc_prod_oy_a000000224023,product,prod_oy_a000000224023,"상품명: [모공/탄력/결] 셀리맥스 더 비타 A 레티놀 샷 타이트닝 세럼 30ml
브랜드: 셀리맥스
카테고리: SERUM
주요 전성분: 정제수, 메틸프로판다이올, 글리세린, 1,2-헥산다이올, 카프릴릭/카프릭트라이글리세라이드, 판테놀, 폴리프로필실세스퀴옥세인, C14-22알코올, 글리세릴스테아레이트, 암모늄아크릴로일다이메틸타우레이트/브이피코폴리머"
doc_prod_oy_a000000224025,product,prod_oy_a000000224025,"상품명: [모공탄력] 셀리맥스 더 비타 A 레티날 샷 타이트닝 부스터 15ml
브랜드: 셀리맥스
카테고리: SERUM
주요 전성분: 정제수, 부틸렌글라이콜, 글리세린, 카프릴릭/카프릭트라이글리세라이드, 세테아릴알코올, 나이아신아마이드, 다이아이소스테아릴말레이트, 1,2-헥산다이올, 폴리프로필실세스퀴옥세인, 판테놀"
doc_prod_oy_a000000224027,product,prod_oy_a000000224027,"상품명: [흔적,기미,미백/TXA] 셀리맥스 트라넥삼산 잡티 크림 35ml
브랜드: 셀리맥스
카테고리: CREAM
주요 전성분: 정제수, 글리세린, 나이아신아마이드, 트라넥사믹애씨드, 카프릴릭/카프릭트라이글리세라이드, 다이프로필렌글라이콜, 1,2-헥산다이올, 퀸즈랜드넛오일, 페닐트라이메티콘, 하이드로제네이티드폴리C6-14올레핀"
doc_prod_oy_a000000224040,product,prod_oy_a000000224040,"상품명: 아누아 라이스 70 글로우 밀키 토너 250ml
브랜드: 아누아
카테고리: TONER
주요 전성분: 쌀겨수, 부틸렌글라이콜, 글리세린, 다이프로필렌글라이콜, 나이아신아마이드, 프로판다이올, 정제수, 1,2-헥산다이올, 메틸글루세스-20, 판테놀"
doc_prod_oy_a000000224041,product,prod_oy_a000000224041,"상품명: 아누아 라이스 70 인텐시브 모이스처라이징 밀크 150ml
브랜드: 아누아
카테고리: LOTION
주요 전성분: 쌀겨수, 하이드로제네이티드폴리C6-14올레핀, 부틸렌글라이콜, 글리세린, 나이아신아마이드, 메도우폼씨오일, 피토스테릴/옥틸도데실라우로일글루타메이트, 1,2-헥산다이올, 다이글리세린, 세틸에틸헥사노에이트"
doc_prod_oy_a000000224104,product,prod_oy_a000000224104,"상품명: 메디힐 콜라겐 탄력 볼륨 세럼 40ml
브랜드: 메디힐
카테고리: SERUM
주요 전성분: 정제수, 스쿠알란, 글리세린, 부틸렌글라이콜, 1,2-헥산다이올, 나이아신아마이드, 다이펜타에리스리틸헥사C5-9애씨드에스터, 하이드롤라이즈드익스텐신, 퀸즈랜드넛오일, 하이드로제네이티드레시틴"
doc_prod_oy_a000000224243,product,prod_oy_a000000224243,"상품명: [모공축소] 풀리 그린 토마토 크림 90ml
브랜드: 풀리
카테고리: CREAM
주요 전성분: 토마토수64.43%, 글리세린, 다이카프릴릴카보네이트, 베타인, 하이드로제네이티드폴리데센, 정제수, 부틸렌글라이콜, 나이아신아마이드, 1,2-헥산다이올, 비닐다이메티콘"
doc_prod_oy_a000000224244,product,prod_oy_a000000224244,"상품명: [모공탄력] 풀리 그린 토마토 세럼 30ml
브랜드: 풀리
카테고리: SERUM
주요 전성분: 토마토추출물67.64%, 부틸렌글라이콜, 글리세린, 프로판다이올, 1,2-헥산다이올, 정제수, 비피다발효용해물, 나이아신아마이드, 메틸프로판다이올, 병풀추출물"
doc_prod_oy_a000000224246,product,prod_oy_a000000224246,"상품명: [레이PICK/보습광채] 풀리 쌀 세라 에센스 토너 250ml
브랜드: 풀리
카테고리: TONER
주요 전성분: 쌀겨수84%, 글리세린, 부틸렌글라이콜, 1,2-헥산다이올, 정제수, 실버위드추출물, 귀리커넬추출물, 아티초크잎추출물, 병풀추출물, 향부자추출물"
doc_prod_oy_a000000224488,product,prod_oy_a000000224488,"상품명: [흔적진정] 바이오힐 보 판테셀 리페어 시카좀 앰플 30ml
브랜드: 바이오힐보
카테고리: SERUM
주요 전성분: 정제수, 글리세린, 프로판다이올, 부틸렌글라이콜, 판테놀, 나이아신아마이드, 1,2-헥산다이올, 소듐하이알루로네이트, 병풀추출물, 칸디다봄비콜라/글루코오스/메틸레이프씨데이트발효물"
doc_prod_oy_a000000224494,product,prod_oy_a000000224494,"상품명: [조유리 PICK/트러블1등] 셀라딕스 트러블 세범 리밸런싱 131 앰플 30ml
브랜드: 셀라딕스
카테고리: SERUM
주요 전성분: 정제수, 다이프로필렌글라이콜, 부틸렌글라이콜, 글리세레스-26, 나이아신아마이드, 글리세린, 베타인, 피토스테롤, 세라마이드엔피, 스쿠알란"
doc_prod_oy_a000000224733,product,prod_oy_a000000224733,"상품명: [리뉴얼] 아이디플라코스메틱 엑소브이 프로리프팅 크림 50ml
브랜드: 아이디플라코스메틱
카테고리: CREAM
주요 전성분: 정제수, 카프릴릭/카프릭트라이글리세라이드, 세틸에틸헥사노에이트, 다이프로필렌글라이콜, 글리세린, 부틸렌글라이콜, 1,2-헥산다이올, 하이드로제네이티드폴리데센, 다이아이소스테아릴말레이트, 나이아신아마이드"
doc_prod_oy_a000000225127,product,prod_oy_a000000225127,"상품명: [보습장벽크림] 코스알엑스 더 세라마이드 스킨 베리어 모이스처라이저 80ml
브랜드: 코스알엑스
카테고리: CREAM
주요 전성분: 정제수, 부틸렌글라이콜, 글리세린, 세틸에틸헥사노에이트, 부틸렌글라이콜다이카프릴레이트/다이카프레이트, 스쿠알란, 펜타에리스리틸테트라아이소스테아레이트, 다이카프릴릴카보네이트, 베헤닐알코올, 다이메티콘"
doc_prod_oy_a000000225216,product,prod_oy_a000000225216,"상품명: 더마팩토리 PDRN 4% 앰플 30ml
브랜드: 더마팩토리
카테고리: SERUM
주요 전성분: 정제수, 다이프로필렌글라이콜, 부틸렌글라이콜, 프로판다이올, 소듐디엔에이, 글리세린, 1,2-헥산다이올, 나이아신아마이드, 베타인, 판테놀"
doc_prod_oy_a000000225217,product,prod_oy_a000000225217,"상품명: 더마팩토리 나이아신아마이드 20% 세럼 30ml
브랜드: 더마팩토리
카테고리: SERUM
주요 전성분: 다마스크장미꽃수, 나이아신아마이드, 글리세린, 부틸렌글라이콜, 1,2-헥산다이올, 아크릴레이트/C10-30알킬아크릴레이트크로스폴리머, 에틸헥실글리세린, 트로메타민, 잔탄검, 다이소듐이디티에이"
doc_prod_oy_a000000225592,product,prod_oy_a000000225592,"상품명: [주름개선] 구달 청귤 비타C 나이아신아마이드 10 흔적 앰플 30ml
브랜드: 구달
카테고리: SERUM
주요 전성분: 정제수, 탄제린추출물, 나이아신아마이드, 프로판다이올, 글리세린, 1,2-헥산다이올, 부틸렌글라이콜, 다이프로필렌글라이콜, 펜틸렌글라이콜, 소듐하이알루로네이트"
doc_prod_oy_a000000225907,product,prod_oy_a000000225907,"상품명: [NEW] 리엔케이 하이퍼 히알 플럼핑 토너 200ml
브랜드: 리엔케이
카테고리: TONER
주요 전성분: 정제수, 다이프로필렌글라이콜, 부틸렌글라이콜, 글리세린, 펜틸렌글라이콜, 1,2-헥산다이올, 다이메틸설폰, 하이드록시아세토페논, 베타인, 폴리글리세릴-10라우레이트"
doc_prod_oy_a000000227275,product,prod_oy_a000000227275,"상품명: [매끈물광&피지쓱싹] 어나더페이스 펩타테놀 수분 밸런스 토너 120ml
브랜드: 어나더페이스
카테고리: TONER
주요 전성분: 정제수, 프로판다이올, 메틸프로판다이올, 나이아신아마이드, 판테놀10,125ppm, 부틸렌글라이콜, 다이프로필렌글라이콜, 1,2-헥산다이올, 하이드록시아세토페논, 글리세레스-25피씨에이아이소스테아레이트"
doc_prod_oy_a000000227409,product,prod_oy_a000000227409,"상품명: [브라이트닝] 디오디너리 알파 알부틴 2% + HA 60ml
브랜드: 디오디너리
카테고리: SERUM
주요 전성분: 정제수, 알파-알부틴2%, 프로판다이올, 폴리아크릴레이트크로스폴리머-6, 하이드롤라이즈드소듐하이알루로네이트, 에르고티오네인, 폴리솔베이트20, 시트릭애씨드, 소듐시트레이트, 소듐하이드록사이드"
doc_prod_oy_a000000227666,product,prod_oy_a000000227666,"상품명: 아비브 글루타치온좀 잡티 토너 스킨부스터 200ml
브랜드: 아비브
카테고리: TONER
주요 전성분: 정제수*, 다이프로필렌글라이콜, 글리세린, 1,2-헥산다이올*, 나이아신아마이드20,000ppm, 폴리글리세린-3, 아크릴레이트/C10-30알킬아크릴레이트크로스폴리머, 트로메타민, 에리스리톨, 부틸렌글라이콜*"
doc_prod_oy_a000000228255,product,prod_oy_a000000228255,"상품명: 더마팩토리 바쿠치올 1% 크림 30g
브랜드: 더마팩토리
카테고리: CREAM
주요 전성분: 비피다발효용해물, 부틸렌글라이콜, 글리세린, 폴리글리세릴-3다이스테아레이트, 세틸에틸헥사노에이트, 스쿠알란, 페닐트라이메티콘, 카프릴릭/카프릭트라이글리세라이드, 세테아릴알코올, 1,2-헥산다이올"
doc_prod_oy_a000000228256,product,prod_oy_a000000228256,"상품명: 더마팩토리 리얼베라 모공세럼 30ml
브랜드: 더마팩토리
카테고리: SERUM
주요 전성분: 비피다발효용해물, 에탄올, 알로에베라잎추출물, 프로판다이올, 정제수, 1,2-헥산다이올, 나이아신아마이드, 아이소노닐아이소노나노에이트, 글리세린, 폴리글리세릴-4카프레이트"
doc_prod_oy_a000000228257,product,prod_oy_a000000228257,"상품명: 더마팩토리 트라넥삼산 6% 크림 30ml
브랜드: 더마팩토리
카테고리: CREAM
주요 전성분: 비타민나무수, 트라넥사믹애씨드, 옥틸도데칸올, 다이프로필렌글라이콜, 글리세린, 1,2-헥산다이올, 부틸렌글라이콜, 나이아신아마이드, 해바라기씨오일, 카프릴릴메티콘"
doc_prod_oy_a000000228260,product,prod_oy_a000000228260,"상품명: 더마팩토리 NMN 1% 리뉴잉 세럼 30ml
브랜드: 더마팩토리
카테고리: SERUM
주요 전성분: 정제수, 글리세린, 다이프로필렌글라이콜, 스쿠알란, 펜타에리스리틸테트라에틸헥사노에이트, 메틸트라이메티콘, 나이아신아마이드, 부틸렌글라이콜, 베타인, 니코틴아마이드모노뉴클레오타이드"
doc_prod_oy_a000000228328,product,prod_oy_a000000228328,"상품명: 토리든 셀메이징 저분자 콜라겐 모공 탄력 앰플 30ml
브랜드: 토리든
카테고리: SERUM
주요 전성분: 정제수, 글리세린, 프로판다이올, 부틸렌글라이콜, 다이프로필렌글라이콜, 나이아신아마이드, 1,2-헥산다이올, 메틸프로판다이올, 콜라겐, 콜라겐아미노산"
doc_prod_oy_a000000228333,product,prod_oy_a000000228333,"상품명: 토리든 밸런스풀 시카 각질 토너 250ml
브랜드: 토리든
카테고리: TONER
주요 전성분: 정제수, 프로판다이올, 글리세린, 글루코노락톤30,000ppm, 1,2-헥산다이올, 메틸프로판다이올, 나이아신아마이드, 판테놀, 베타인살리실레이트, 병풀추출물1,000ppm"
doc_prod_oy_a000000228346,product,prod_oy_a000000228346,"상품명: 토리든 솔리드인 세라마이드 크림 70ml
브랜드: 토리든
카테고리: CREAM
주요 전성분: 정제수, 프로판다이올, 글리세린, 호호바씨오일, 카프릴릭/카프릭트라이글리세라이드, 에틸헥실팔미테이트, 판테놀, 1,2-헥산다이올, 글리세릴스테아레이트, 세테아릴올리베이트"
doc_prod_oy_a000000228390,product,prod_oy_a000000228390,"상품명: [청담샵톤업/멀티톤업] 잇츠스킨 시크릿 솔루션 웨딩 드레스 퓨어 크림 100ml
브랜드: 잇츠스킨
카테고리: CREAM
주요 전성분: 정제수, 사이클로펜타실록세인, 사이클로헥사실록세인, 부틸렌글라이콜, 티타늄디옥사이드, 세틸피이지/피피지-10/1다이메티콘, 1,2-헥산다이올, 라벤더꽃수, 라즈베리추출물, 진주추출물"
doc_prod_oy_a000000228599,product,prod_oy_a000000228599,"상품명: 메디힐 PDRN 모공 탄력 세럼 40ml
브랜드: 메디힐
카테고리: SERUM
주요 전성분: 정제수, 부틸렌글라이콜, 글리세린, 아이소펜틸다이올, 1,2-헥산다이올, 세틸에틸헥사노에이트, 나이아신아마이드, 다마스크장미꽃수, 아이리쉬모스추출물, 사탕수수추출물"
doc_prod_oy_a000000228906,product,prod_oy_a000000228906,"상품명: [수호 PICK] 헤이네이처 어성초 스킨 모이스처라이저 토너 200ml
브랜드: 헤이네이처
카테고리: TONER
주요 전성분: 정제수, 약모밀수20%, 글리세린, 부틸렌글라이콜, 1,2-헥산다이올, 판테놀, 백미꽃추출물, 마데카소사이드, 아시아티코사이드, 병풀추출물"
doc_prod_oy_a000000229082,product,prod_oy_a000000229082,"상품명: [화잘먹토너] 차앤박 더마앤서 핑크토닝 PDRN 토너 200ml
브랜드: 차앤박
카테고리: TONER
주요 전성분: 정제수, 다이프로필렌글라이콜, 1,2-헥산다이올, 글리세린, 나이아신아마이드, 트라넥사믹애씨드, 판테놀, 프로테아제, 사이아노코발아민, 소듐디엔에이"
doc_prod_oy_a000000229455,product,prod_oy_a000000229455,"상품명: 셀라딕스 트러블 세라 캡슐 131 크림 95ml
브랜드: 셀라딕스
카테고리: CREAM
주요 전성분: 정제수, 부틸렌글라이콜, 다이프로필렌글라이콜, 글리세린, 1,2-헥산다이올, 만니톨, 프로판다이올, 아라키딜알코올, 카보머, 트로메타민"
doc_prod_oy_a000000229456,product,prod_oy_a000000229456,"상품명: 셀라딕스 트러블 쿨 카밍 131 토너 300ml
브랜드: 셀라딕스
카테고리: TONER
주요 전성분: 정제수, 부틸렌글라이콜, 글리세린, 1,2-헥산다이올, 나이아신아마이드, 판테놀, 자일리톨, 폴리글리세릴-10라우레이트, 프로판다이올, 베타인"
doc_prod_oy_a000000229463,product,prod_oy_a000000229463,"상품명: [수분진정/약산성] 디퍼 히알루론산 히알큐브 수분 토너 300ml
브랜드: 디퍼
카테고리: TONER
주요 전성분: 정제수, 나이아신아마이드, 메틸프로판다이올, 글리세린, 벤질글라이콜, 트레할로오스, C12-14알케스-12, 글리세릴아크릴레이트/아크릴릭애씨드코폴리머, 에틸헥실글리세린, 아데노신"
doc_prod_oy_a000000229464,product,prod_oy_a000000229464,"상품명: [수분광채/화잘먹세럼] 디퍼 히알루론산 히알큐브 세콜지 수분 세럼 50ml
브랜드: 디퍼
카테고리: SERUM
주요 전성분: 정제수, 메틸프로판다이올, 글리세린, 카프릴릭/카프릭트라이글리세라이드, 다이프로필렌글라이콜, 1,2-헥산다이올, 나이아신아마이드, 메틸글루세스-20, 베타인, 펜틸렌글라이콜"
doc_prod_oy_a000000229470,product,prod_oy_a000000229470,"상품명: [결정돈토너] 정샘물 에센셜 물 토너 200ml
브랜드: 정샘물
카테고리: TONER
주요 전성분: 정제수, 글리세린, 디프로필렌글라이콜, 부틸렌글라이콜, 나이아신아마이드, 펜틸렌글라이콜, 사탕수수추출물, 카라기난추출물, 연꽃수, 하이드롤라이즈드펄"
doc_prod_oy_a000000229487,product,prod_oy_a000000229487,"상품명: [NEW] 아이오페 XMD 스템3 클리니컬 리커버리 소프너 130ml
브랜드: 아이오페
카테고리: TONER
주요 전성분: 정제수, 부틸렌글라이콜, 글리세린, 베타인, 나이아신아마이드, 1,2-헥산다이올, 글리세릴폴리메타크릴레이트, 다이메티콘, 프로판다이올, 에탄올"
doc_prod_oy_a000000229488,product,prod_oy_a000000229488,"상품명: [NEW] 아이오페 XMD 스템3 클리니컬 리커버리 에멀전 130ml
브랜드: 아이오페
카테고리: LOTION
주요 전성분: 정제수, 부틸렌글라이콜, 글리세린, 하이드로제네이티드폴리아이소부텐, 하이드로제네이티드폴리C6-14올레핀, 다이아이소스테아릴말레이트, 나이아신아마이드, C14-22알코올, 페닐트라이메티콘, 피씨에이다이메티콘"
doc_prod_oy_a000000229509,product,prod_oy_a000000229509,"상품명: [장벽탄력/화잘먹] 지피덤 셀트리온EGF 스킨베리어 크림에센스 밀키토너 150ml
브랜드: 지피덤
카테고리: TONER
주요 전성분: 정제수, 프로판다이올, 세틸에틸헥사노에이트, 판테놀, 1,2-헥산다이올, 부틸렌글라이콜, 나이아신아마이드, 폴리글리세릴-3메틸글루코오스다이스테아레이트, 카프릴릴메티콘, 글리세릴스테아레이트"
doc_prod_oy_a000000229511,product,prod_oy_a000000229511,"상품명: [장벽탄력/PDRN] 지피덤 셀트리온EGF 스킨베리어 하이드로 수분앰플 30ml
브랜드: 지피덤
카테고리: SERUM
주요 전성분: 정제수, 프로판다이올, 글리세린, 나이아신아마이드, 비닐다이메티콘, 1,2-헥산다이올, 암모늄아크릴로일다이메틸타우레이트/브이피코폴리머, 다이프로필렌글라이콜, 알란토인, 폴리글리세릴-4카프레이트"
doc_prod_oy_a000000229520,product,prod_oy_a000000229520,"상품명: [물광리프팅/녹는실리프팅앰플] 성분에디터 실크펩타이드 EGF 하트핏 볼륨 리프팅 앰플 40ml
브랜드: 성분에디터
카테고리: SERUM
주요 전성분: 실크수, 부틸렌글라이콜, 정제수, 글리세린, 메틸프로판다이올, 1,2-헥산다이올, 나이아신아마이드, 카보머, 트로메타민, 피피지-13-데실테트라데세스-24"
doc_prod_oy_a000000229521,product,prod_oy_a000000229521,"상품명: [모공케어] 성분에디터 그린토마토 NMN 포어 하이드로 수딩 토너 350ml
브랜드: 성분에디터
카테고리: TONER
주요 전성분: 정제수, 글리세린, 다이프로필렌글라이콜, 부틸렌글라이콜, 나이아신아마이드, 토마토수10,094ppm, 토마토추출물100ppm, 하이드록시아세토페논, 카프릴릴글라이콜, C12-13파레스-9"
doc_prod_oy_a000000229522,product,prod_oy_a000000229522,"상품명: [모공타이트닝앰플/4중모공개선] 성분에디터 그린토마토 NMN 포어 리프팅 앰플 40ml
브랜드: 성분에디터
카테고리: SERUM
주요 전성분: 토마토수680,000ppm, 정제수, 부틸렌글라이콜, 글리세린, 자일리톨, 1,2-헥산다이올, 다이프로필렌글라이콜, 나이아신아마이드, 니코틴아마이드모노뉴클레오타이드10,000ppm, 트레할로오스"
doc_prod_oy_a000000229723,product,prod_oy_a000000229723,"상품명: [뿌리는 진정토너]LBB 모이스처라이징 프라임 토너 100ml
브랜드: LBB
카테고리: TONER
주요 전성분: 정제수, 글리세린, 부틸렌글라이콜, 탄제린수, 1,2-헥산다이올, 폴리글리세릴-4카프레이트, 판테놀, 알란토인, 라벤더오일, 카프릴릭/카프릭트라이글리세라이드"
doc_prod_oy_a000000229955,product,prod_oy_a000000229955,"상품명: [촉촉토너] 스킨앤랩 베리어덤 모이스처 부스팅 토너 300ml
브랜드: 스킨앤랩
카테고리: TONER
주요 전성분: 정제수, 글리세린, 1,2-헥산다이올, 베타인, 판테놀, 옥틸도데세스-16, 부틸렌글라이콜, 알란토인, 에틸헥실글리세린, 아크릴레이트/C10-30알킬아크릴레이트크로스폴리머"
doc_prod_oy_a000000230344,product,prod_oy_a000000230344,"상품명: [장벽탄력/속건조] 지피덤 셀트리온EGF 스킨베리어 하이드레이팅 수분크림 80ml
브랜드: 지피덤
카테고리: CREAM
주요 전성분: 정제수, 글리세린, 다이프로필렌글라이콜, 부틸렌글라이콜, 카프릴릴메티콘, 나이아신아마이드, 판테놀, 하이드로제네이티드폴리C6-14올레핀, 우레아, 폴리글리세릴-3메틸글루코오스다이스테아레이트"
doc_prod_oy_a000000230943,product,prod_oy_a000000230943,"상품명: [미네랄 수분 부스팅 토너] SVR 피지오퓨어 토너 200ml
브랜드: SVR
카테고리: TONER
주요 전성분: 정제수, 프로판다이올, 1,2-헥산다이올, 소듐벤조에이트, 마그네슘피씨에이, 클로페네신, 폴리솔베이트20, 시트릭애씨드, 향료"
doc_prod_oy_a000000231062,product,prod_oy_a000000231062,"상품명: [피부결/흔적개선] 메디테라피 레티날 스킨 부스터 세럼 150ml
브랜드: 메디테라피
카테고리: SERUM
주요 전성분: 정제수, 메틸프로판다이올, 글리세린, 카프릴릭/카프릭트라이글리세라이드, 1,2-헥산다이올, 프로판다이올, 폴리글리세린-3, 나이아신아마이드, 페닐트라이메티콘, 암모늄아크릴로일다이메틸타우레이트/브이피코폴리머"
doc_prod_oy_a000000231297,product,prod_oy_a000000231297,"상품명: 토니모리 원더 세라마이드 모찌 에멀전 300ml
브랜드: 토니모리
카테고리: LOTION
주요 전성분: 정제수, 글리세린, 하이드로제네이티드폴리C6-14올레핀, 카프릴릭/카프릭트라이글리세라이드, 글리세릴스테아레이트, 페닐트라이메티콘, 폴리글리세릴-10라우레이트, C14-22알코올, 세테아릴알코올, 하이드록시아세토페논"
doc_prod_oy_a000000231300,product,prod_oy_a000000231300,"상품명: 토니모리 원더 세라마이드 모찌 수분 크림 300ml
브랜드: 토니모리
카테고리: CREAM
주요 전성분: 정제수, 글리세린, 다이글리세린, 에틸헥실팔미테이트, 베헤닐알코올, 피토스테릴/옥틸도데실라우로일글루타메이트, 소듐폴리아크릴레이트, 스테아릴알코올, 에틸헥실스테아레이트, 하이드록시아세토페논"
doc_prod_oy_a000000231366,product,prod_oy_a000000231366,"상품명: [5분요철진정] 아로셀 시카 리페어 판테놀 앰플 40ml
브랜드: 아로셀
카테고리: SERUM
주요 전성분: 병풀잎수728, 334.2ppm, 부틸렌글라이콜, 정제수, 프로판다이올, 글리세린, 1,2-헥산다이올, 나이아신아마이드, 판테놀10,500ppm, 하이드록시아세토페논"
doc_prod_oy_a000000231459,product,prod_oy_a000000231459,"상품명: [NEW/뿌리는토너미스트] 허블룸 콤부차 플랜트 바이옴 토너 150ml
브랜드: 허블룸
카테고리: TONER
주요 전성분: 정제수, 펜틸렌글라이콜, *글리세린, 프로판다이올, *효모/자일리눔/홍차발효물0.75%/7,500ppm, 부틸렌글라이콜, 카프릴릴글라이콜, 폴리글리세릴-4카프레이트, 맥아추출물, 스위트아몬드오일"
doc_prod_oy_a000000231465,product,prod_oy_a000000231465,"상품명: 밀크터치 서양송악 그린히알루론 6초 수분 크림 50g
브랜드: 밀크터치
카테고리: CREAM
주요 전성분: 정제수, 글리세린, 메틸프로판다이올, 아이소도데케인, 프로판다이올, 판테놀, 폴리글리세릴-3메틸글루코오스다이스테아레이트, 하이드로제네이티드폴리데센, 서양송악추출물200ppm, 병풀잎추출물100ppm"
doc_prod_oy_a000000231800,product,prod_oy_a000000231800,"상품명: [탱탱아이볼세럼/탄력] 엑시스와이 비건 콜라겐 아이세럼 10ml
브랜드: 엑시스와이
카테고리: CREAM
주요 전성분: 정제수, 메틸프로판다이올, 글리세린, 1,2-헥산다이올, 나이아신아마이드, 아데노신, 콜라겐450ppm, 소듐하이알루로네이트, 하이드롤라이즈드하이알루로닉애씨드, 소듐아세틸레이티드하이알루로네이트"
doc_prod_oy_a000000232185,product,prod_oy_a000000232185,"상품명: 피지오겔 DMT 페이셜 보습장벽 크림 150ml
브랜드: 피지오겔
카테고리: CREAM
주요 전성분: 정제수, 카프릴릭/카프릭트라이글리세라이드, 글리세린, 펜틸렌글라이콜, 코코넛야자오일, 하이드로제네이티드레시틴, 시어버터, 하이드록시에틸셀룰로오스, 스쿠알란, 카보머"
doc_prod_oy_a000000232188,product,prod_oy_a000000232188,"상품명: 피지오겔 DMT 에센스 인 토너 200ml
브랜드: 피지오겔
카테고리: TONER
주요 전성분: 정제수, 다이프로필렌글라이콜, 글리세린, 1,2-헥산다이올, 헥실데실에틸헥사노에이트, 펜타에리스리틸테트라에틸헥사노에이트, 변성알코올, 베타인, 사이클로펜타실록세인, 아크릴레이트/C10-30알킬아크릴레이트크로스폴리머"
doc_prod_oy_a000000232217,product,prod_oy_a000000232217,"상품명: [화잘먹/윤광미백] 식물나라 뽀얀쌀 맑은톤 로션 300mL
브랜드: 식물나라
카테고리: LOTION
주요 전성분: ■토너:정제수, 프로판다이올, 다이프로필렌글라이콜, 나이아신아마이드, 1,2-헥산다이올, 글리세린, 다이페닐다이메티콘, 트라이에틸헥사노인, 베타인, 하이드로제네이티드레시틴"
doc_prod_oy_a000000232476,product,prod_oy_a000000232476,"상품명: VT 리들샷 100 에센스 10ml
브랜드: VT
카테고리: SERUM
주요 전성분: 정제수, 다이프로필렌글라이콜, 글리세린, 나이아신아마이드, 부틸렌글라이콜, 마카다미아씨오일, 1,2-헥산다이올, 에틸헥실팔미테이트, 소듐아크릴레이트/소듐아크릴로일다이메틸타우레이트코폴리머, 폴리아이소부텐"
doc_prod_oy_a000000232954,product,prod_oy_a000000232954,"상품명: 랑콤 제니피끄 리페어 토너 150ml
브랜드: 랑콤
카테고리: LOTION
주요 전성분: 정제수글리세린베타인펜틸렌글라이콜페녹시에탄올비스-피이지-18메틸에터다이메틸실레인소듐시트레이트카프릴릴글라이콜하이드록시프로필테트라하이드로피란트라이올프로필렌글라이콜시트릭애씨드잔탄검피피지-26-부테스-26말토덱스트린피이지-40하이드로제네이티드캐스터오일소듐하이알루로네이트아데노신소듐카복시메틸베타-글루칸향료바이오사카라이드검-1토코페롤세럼:정제수비피다발효용해물글리세린펜틸렌글라이콜다이메티콘부틸렌글라이콜옥틸도데칸올만노오스소듐하이알루로네이트하이드록시아세토페논카프릴릴글라이콜암모늄폴리아크릴로일다이메틸타우레이트알파-글루칸올리고사카라이드다이포타슘글리시리제이트테트라소듐글루타메이트다이아세테이트효모추출물소듐카복시메틸베타-글루칸아데노신잔탄검야콘뿌리즙소듐벤조에이트말토덱스트린시트릭애씨드아세틱애씨드락틱애씨드향료살리실로일피토스핑고신락토바실러스"
doc_prod_oy_a000000232961,product,prod_oy_a000000232961,"상품명: 나노레시피 디-판테놀 75% 앰플 33g
브랜드: 나노레시피
카테고리: SERUM
주요 전성분: 판테놀75%, 정제수, 1,2-헥산다이올"
doc_prod_oy_a000000233002,product,prod_oy_a000000233002,"상품명: [민감지성피부/유분케어] 미닉 노세범 블루 캐모마일 수분 토너 200ml
브랜드: 미닉
카테고리: TONER
주요 전성분: 정제수, 부틸렌글라이콜, 프로판다이올, 1,2-헥산다이올, 마트리카리아꽃수10,780ppm, 소듐시트레이트, 에틸헥실글리세린, 시트릭애씨드, 다이소듐이디티에이, 쌀겨추출물"
doc_prod_oy_a000000233004,product,prod_oy_a000000233004,"상품명: [민감지성피부/유분케어] 미닉 노세범 블루 캐모마일 수분 젤 로션 80ml
브랜드: 미닉
카테고리: LOTION
주요 전성분: 마트리카리아꽃수817,290ppm, 부틸렌글라이콜, 프로판다이올, 글리세린, 다이프로필렌글라이콜, 트레할로오스, 1,2-헥산다이올, 정제수, 카보머, 알지닌"
doc_prod_oy_a000000233020,product,prod_oy_a000000233020,"상품명: [광채부스팅] VT 피디알엔 토너 250ml
브랜드: VT
카테고리: TONER
주요 전성분: 정제수, 글리세린, 부틸렌글라이콜, 다이프로필렌글라이콜, 나이아신아마이드, 1,2-헥산다이올, 베타인, 에리스리톨, 하이드록시아세토페논, 글리세릴글루코사이드"
doc_prod_oy_a000000233577,product,prod_oy_a000000233577,"상품명: [NEW 화잘먹 피부 밀착 로션] 아렌시아 레드 스무디 로션 5 200ml
브랜드: 아렌시아
카테고리: LOTION
주요 전성분: 정제수, 글리세린, 나이아신아마이드, 카프릴릭/카프릭트라이글리세라이드, 1,2-헥산다이올, 세틸에틸헥사노에이트, 프로판다이올, C14-22알코올, 글리세릴스테아레이트, 카보머"
doc_prod_oy_a000000235051,product,prod_oy_a000000235051,"상품명: 코스알엑스 어드밴스드 더 비타민C 23 세럼 20g
브랜드: 코스알엑스
카테고리: SERUM
주요 전성분: 정제수, 아스코빅애씨드23%, 부틸렌글라이콜, 다이메티콘, 판테놀, 3-O-에틸아스코빅애씨드, 스쿠알란, 소듐하이드록사이드, 카페인, 소듐하이알루로네이트"
doc_prod_oy_a000000235338,product,prod_oy_a000000235338,"상품명: [원조버블세럼] 디마프 히어로 마이 퍼스트 세럼 a.k.a 만능기초 155ml
브랜드: 디마프
카테고리: SERUM
주요 전성분: 정제수, 메틸프로판다이올, 글리세린, 부틸렌글라이콜, 마카다미아씨오일, 호호바씨오일, 다이프로필렌글라이콜, 1,2-헥산다이올, 달맞이꽃꽃추출물, 소듐하이알루로네이트"
doc_prod_oy_a000000235496,product,prod_oy_a000000235496,"상품명: 크리니크 노란에센스로션&젤 125ml (피부타입별 선택)
브랜드: 크리니크
카테고리: LOTION
주요 전성분: 로션:정제수, 미네랄오일, 글리세린, 페트롤라툼, 스테아릭애씨드, 글리세릴스테아레이트, 참깨오일, 우레아, 라놀린알코올, 트리에탄올아민"
doc_prod_oy_a000000235580,product,prod_oy_a000000235580,"상품명: [NEW] 더 에센셜 바이 아리얼 히알루로닉 13 세럼 60ml
브랜드: 아리얼
카테고리: SERUM
주요 전성분: 정제수, 글리세린, 부틸렌글라이콜, 1,2-헥산다이올, 카보머, 알지닌, 폴리글리세릴-10미리스테이트, 폴리글리세릴-10라우레이트, 판테놀, 에틸헥실글리세린"
doc_prod_oy_a000000235581,product,prod_oy_a000000235581,"상품명: [NEW] 더 에센셜 바이 아리얼 히알루로닉 13 크림 100ml
브랜드: 아리얼
카테고리: CREAM
주요 전성분: 정제수, 글리세린, 1,2-헥산다이올, 하이드로제네이티트다이데센, 카프릴릭/카프릭트라이글리세라이드, 세테아릴알코올, 카보머, 알지닌, C14-22알코올, 판테놀"
doc_prod_oy_a000000236324,product,prod_oy_a000000236324,"상품명: 러븀 그린 시트러스 비타민 씨 세럼 플러스 30ml
브랜드: 러븀
카테고리: SERUM
주요 전성분: 유자수500,000ppm, 나이아신아마이드160,000ppm, 정제수, 프로판다이올, 부틸렌글라이콜, 변성알코올, 1,2-헥산다이올, 트라넥사믹애씨드20,000ppm, 아데노신, 카페인"
doc_prod_oy_a000000236436,product,prod_oy_a000000236436,"상품명: 랑콤 클라리피끄 에멀전 75ml
브랜드: 랑콤
카테고리: LOTION
주요 전성분: 정제수글리세린다이프로필렌글라이콜다이메티콘변성알코올옥틸도데칸올티타늄디옥사이드나이아신아마이드마이카아스코빌글루코사이드토코페롤소듐하이드록사이드페녹시에탄올페닐에틸레조시놀카페인너도밤나무싹추출물피이지-20메틸글루코오스세스퀴스테아레이트폴리실리콘-11폴리솔베이트80잔탄검벤조익애씨드틴옥사이드펜타에리스리틸테트라-다이-t-부틸하이드록시하이드로신나메이트아이소헥사데칸바이오사카라이드검-4카프릴릴글라이콜카프릴로일살리실릭애씨드카프릴릭/카프릭트라이글리세라이드아크릴아마이드/소듐아크릴로일다이메틸타우레이트코폴리머솔비탄올리에이트소르빅애씨드비스-피이지/피피지-16/16피이지/피피지-16/16다이메티콘시트릭애씨드황금추출물향료"
doc_prod_oy_a000000236449,product,prod_oy_a000000236449,"상품명: 퓨어그램 속건조필수템 저분자 하이드라 히알루론산 크림 120ml
브랜드: 퓨어그램
카테고리: CREAM
주요 전성분: 정제수, 글리세린, 부틸렌글라이콜, 1,2-헥산다이올, 하이드로제네이티드폴리데센, 락토바실러스발효물, 하이드록시에틸아크릴레이트/소듐아크릴로일다이메틸타우레이트코폴리머, 카보머, 트로메타민, 세테아릴알코올"
doc_prod_oy_a000000236981,product,prod_oy_a000000236981,"상품명: 주미소 나이아신아마이드 10% 세럼 40ml
브랜드: 주미소
카테고리: SERUM
주요 전성분: 정제수, 나이아신아마이드10%, 프로판다이올, 부틸렌글라이콜, 메틸프로판다이올, 트라이프로필렌글라이콜, 1,2-헥산다이올, 하이드록시아세토페논, 아크릴레이트/C10-30알킬아크릴레이트크로스폴리머, 알지닌"
doc_prod_oy_a000000237000,product,prod_oy_a000000237000,"상품명: [NEW/저자극/청담샵 추천] 헤슬 쏙보습 쌀 로션 150ml
브랜드: 헤슬
카테고리: LOTION
주요 전성분: 정제수, 글리세린, 하이드로제네이티드폴리데센, 코코-카프릴레이트/카프레이트, 폴리글리세릴-3다이스테아레이트, 1,2-헥산다이올, 비닐다이메티콘, 세테아릴알코올, 코코넛야자오일, 글리세릴글루코사이드"
doc_prod_oy_a000000237491,product,prod_oy_a000000237491,"상품명: [수부지장벽토너] 코스노리 판테놀 베리어 토너 205ml
브랜드: 코스노리
카테고리: TONER
주요 전성분: 정제수, 부틸렌글라이콜, 판테놀, 다이프로필렌글라이콜, 글리세레스-26, 나이아신아마이드, 1,2-헥산다이올, 카카두플럼추출물, 병풀추출물, 아시아티코사이드"
doc_prod_oy_a000000237493,product,prod_oy_a000000237493,"상품명: [장벽로션/화잘먹로션] 코스노리 판테놀 베리어 에멀전 150ml
브랜드: 코스노리
카테고리: LOTION
주요 전성분: 정제수, 글리세린, 판테놀5%, 프로판다이올, 1,2-헥산다이올, 다이프로필렌글라이콜, 하이드로제네이티드폴리데센, 퀸즈랜드넛오일, 나이아신아마이드, 카카두플럼추출물"
doc_prod_oy_a000000237954,product,prod_oy_a000000237954,"상품명: 퓨리토 서울 마이티 밤부 판테놀 크림 100ml
브랜드: 퓨리토 서울
카테고리: CREAM
주요 전성분: 정제수, 판테놀10%, 스쿠알란, 부틸렌글라이콜, 1,2-헥산다이올, 나이아신아마이드, 밤부사불가리스추출물3,497ppm, 하이드롤라이즈드호호바에스터, 아크릴레이트/C10-30알킬아크릴레이트크로스폴리머, 암모늄아크릴로일다이메틸타우레이트/브이피코폴리머"
doc_prod_oy_a000000238406,product,prod_oy_a000000238406,"상품명: [품절대란/수부지 화잘먹 세럼] 믹순 히알레배 포어 버블 세럼 70ml
브랜드: 믹순
카테고리: SERUM
주요 전성분: 정제수, 1,2-헥산다이올, 나이아신아마이드, 프로판다이올, 트레할로오스, 판테놀, 폴리글루타믹애씨드, 코코-글루코사이드, 알란토인, 버지니아풍년화수"
doc_prod_oy_a000000238500,product,prod_oy_a000000238500,"상품명: 아누아 복숭아 77 나이아신 컨디셔닝 밀크 150ml
브랜드: 아누아
카테고리: LOTION
주요 전성분: 복숭아수77%, 글리세린, 에틸헥실스테아레이트, 다이프로필렌글라이콜, 나이아신아마이드, 메틸트라이메티콘, 1,2-헥산다이올, 락토바실러스발효물, 폴리글리세릴-3다이스테아레이트, 세테아릴알코올"
doc_prod_oy_a000000238669,product,prod_oy_a000000238669,"상품명: [장원영PICK] 닥터엘시아 345 릴리프 크림 50ml
브랜드: 닥터엘시아
카테고리: CREAM
주요 전성분: 정제수, 티트리잎수, 프로판다이올, 글리세린, 1,2-헥산다이올, 하이드로제네이티드폴리데센, 비닐다이메티콘, C14-22알코올, 카프릴릭/카프릭트라이글리세라이드, 나이아신아마이드"
doc_prod_oy_a000000239651,product,prod_oy_a000000239651,"상품명: [NEW/실프팅세럼] 바이오힐보 프로바이오덤 3D 리프팅 바이오톡실 PLGA 세럼 30ml
브랜드: 바이오힐보
카테고리: SERUM
주요 전성분: 정제수, 프로판다이올, 부틸렌글라이콜, 메틸글루세스-20, 글리세린, 1,2-헥산다이올, 락토바실러스발효물, 락틱애씨드/글라이콜릭애씨드코폴리머10ppm, 하이드롤라이즈드콜라겐, 소듐하이알루로네이트크로스폴리머"
doc_prod_oy_a000000239791,product,prod_oy_a000000239791,"상품명: [쫀쫀모공/NEW] 리터니티 율무 모공 앰플 40ml
브랜드: 리터니티
카테고리: SERUM
주요 전성분: 정제수, 율무씨수122,500ppm, 메틸프로판다이올, 나이아신아마이드, 프로판다이올, 글리세린, 1,2-헥산다이올, 하이드록시에틸아크릴레이트/소듐아크릴로일다이메틸타우레이트코폴리머, 옥틸도데칸올, 판테놀"
doc_prod_oy_a000000242745,product,prod_oy_a000000242745,"상품명: 빌리프 프라블럼 솔루션 비건 모이스춰라이저 100ml
브랜드: 빌리프
카테고리: LOTION
주요 전성분: 정제수, 글리세린, 1,2-헥산다이올, 세틸에틸헥사노에이트, 글리세릴스테아레이트, 와일드인디고뿌리추출물*, 귀리커넬추출물*, 포트마리골드꽃추출물*+, 개박하추출물*, 라즈베리잎추출물*"
doc_prod_oy_a000000243068,product,prod_oy_a000000243068,"상품명: [리뉴얼] 마미케어 바다포도 레티놀 모공앰플 50ml
브랜드: 마미케어
카테고리: SERUM
주요 전성분: 정제수, 다이프로필렌글라이콜, 나이아신아마이드, 프로판다이올, 부틸렌글라이콜, 바다포도추출물2,050ppm, 레티놀500IU, 155,000ppb, 카프릴릭/카프릭트라이글리세라이드, 다마스크장미꽃수"
doc_prod_oy_a000000243477,product,prod_oy_a000000243477,"상품명: [잡티 브레이크 / 강력토닝] 아렌시아 비타민 C 부스터 샷 30ml
브랜드: 아렌시아
카테고리: SERUM
주요 전성분: 정제수, 글리세린, 메틸프로판다이올, 3-O-에틸아스코빅애씨드50,000ppm, 부틸렌글라이콜, 카프릴릭/카프릭트라이글리세라이드, 1,2-헥산다이올, 나이아신아마이드, 세틸에틸헥사노에이트, 세테아릴올리베이트"
doc_prod_oy_a000000243620,product,prod_oy_a000000243620,"상품명: [NEW/화잘먹결광세럼] 닥터자르트 세라마이딘 스킨 베리어 모이스처 리커버리 세럼 30ml
브랜드: 닥터자르트
카테고리: SERUM
주요 전성분: 정제수, 글리세린, 부틸렌글라이콜, 다이프로필렌글라이콜, 메틸글루세스-20, 프로판다이올, 메틸프로판다이올, 세라마이드엔피, 징크하이드롤라이즈드하이알루로네이트, 마카다미아씨오일"
doc_prod_oy_a000000243732,product,prod_oy_a000000243732,"상품명: [NEW/신상] 메이크프렘 NMN 퍼밍 엑스퍼트 앰플 50ml
브랜드: 메이크프렘
카테고리: SERUM
주요 전성분: 정제수, 글리세린, 다이프로필렌글라이콜, 스쿠알란, 펜타에리스리틸테트라에틸헥사노에이트, 메틸트라이메티콘, 나이아신아마이드, 부틸렌글라이콜, 베타인, 니코틴아마이드모노뉴클레오타이드10,000ppm"
doc_prod_oy_a000000243855,product,prod_oy_a000000243855,"상품명: [화잘먹/각질제거부스터]폴라초이스 스킨퍼펙팅 바하 리퀴드 엑스폴리언트 118ml
브랜드: 폴라초이스
카테고리: TONER
주요 전성분: 정제수, 프로필렌글라이콜, 나이아신아마이드, 펜틸렌글라이콜, 글리세린, 살리실릭애씨드0.5%, 흰버드나무껍질추출물0.5%, 피이지/피피지-17/6코폴리머, 폴리솔베이트20, 비스-피이지-18메틸에터다이메틸실레인"
doc_prod_oy_a000000244213,product,prod_oy_a000000244213,"상품명: 바이오던스 하이드로 세라놀 세럼 30ml
브랜드: 바이오던스
카테고리: SERUM
주요 전성분: 정제수, 프로판다이올, 글리세린, 판테놀, 부틸렌글라이콜, 나이아신아마이드, 1,2-헥산다이올, 펜틸렌글라이콜, 카프릴릭/카프릭트라이글리세라이드, 비닐다이메티콘"
doc_prod_oy_a000000244899,product,prod_oy_a000000244899,"상품명: [10초물광/연어PDRN] 메디큐브 PDRN 핑크 콜라겐 버블 세럼 95ml
브랜드: 메디큐브
카테고리: SERUM
주요 전성분: 정제수, 나이아신아마이드, 해바라기씨오일, 글리세린, 하이드로제네이티드폴리C6-14올레핀, C12-14알케스-12, 1,2-헥산다이올, 프로판다이올, 아이소도데케인, 에틸헥실팔미테이트"
doc_prod_oy_a000000245710,product,prod_oy_a000000245710,"상품명: [산뜻보습] 디오디너리 라이스 리피즈 + 엑토인 마이크로에멀전 120ml
브랜드: 디오디너리
카테고리: LOTION
주요 전성분: 정제수, 쌀지질10%, 호호바씨오일, 엑토인2%, 하이드로제네이티드레시틴, 프로판다이올, 글리세린, 검양옻나무열매왁스, 글리세릴글루코사이드, 소듐하이알루로네이트"
doc_prod_oy_a000000245740,product,prod_oy_a000000245740,"상품명: [보습광채] 휩드 무화버터 비건 휘핑 버블 세럼 92ml
브랜드: 휩드
카테고리: SERUM
주요 전성분: 정제수, 프로판다이올, 메틸프로판다이올, 나이아신아마이드, 폴리글리세릴-10라우레이트, 1,2-헥산다이올, 하이드록시아세토페논, 글리세린, 향료, 에틸헥실글리세린"
doc_prod_oy_a000000246189,product,prod_oy_a000000246189,"상품명: [이준박사 공동개발] 밀리밀리 500달톤 프로틴 앰플 30ml
브랜드: 밀리밀리
카테고리: SERUM
주요 전성분: 정제수, 세틸에틸헥사노에이트, 부틸렌글라이콜, 카프릴릭/카프릭트라이글리세라이드, 폴리글리세릴-3폴리리시놀리에이트, 페닐트라이메티콘, 글리세린, 나이아신아마이드, 폴리글리세릴-6폴리리시놀리에이트, 1,2-헥산다이올"
doc_prod_oy_a000000246414,product,prod_oy_a000000246414,"상품명: [리뉴얼/10겹장벽크림] 닥터자르트 세라마이딘 울트라 모이스처라이징 크림 50ml
브랜드: 닥터자르트
카테고리: CREAM
주요 전성분: *7CeraComplex페이셜보습장벽케어를위해개발된닥터자르트독자세라마이드복합체함유정제수*, 프로판다이올, 글리세린*, 카프릴릭/카프릭트라이글리세라이드, 다이카프릴릴에터, 메틸트라이메티콘, 비닐다이메티콘, 세테아릴알코올, 폴리글리세린-3, 세테아릴올리베이트"
doc_prod_oy_a000000246575,product,prod_oy_a000000246575,"상품명: [보습장벽케어] 톰 히알루론산 부스트 앰플 50g
브랜드: 톰
카테고리: SERUM
주요 전성분: 부틸렌글라이콜, 작약뿌리수, 글리세린, 프로판다이올, 다이프로필렌글라이콜, 나이아신아마이드, 에리스리톨, 암모늄아크릴로일다이메틸타우레이트/브이피코폴리머, 1,2-헥산다이올, 하이드록시아세토페논"
doc_prod_oy_a000000247097,product,prod_oy_a000000247097,"상품명: [화잘먹버블세럼] 닥터엘시아 ABC 글로우 휩드 세럼 100ml
브랜드: 닥터엘시아
카테고리: SERUM
주요 전성분: 콜라겐수, 프로판다이올, 1,2-헥산다이올, C12-14알케스-12, 정제수, 하이드록시아세토페논, 에틸헥실글리세린, 부틸렌글라이콜, 다이소듐이디티에이, 글리세린"
doc_prod_oy_a000000247185,product,prod_oy_a000000247185,"상품명: [시카PDRN/장벽앰플] 듀이트리 AC 딥 장벽 진정 보습 앰플 60ml
브랜드: 듀이트리
카테고리: SERUM
주요 전성분: 정제수, 부틸렌글라이콜, 글리세린, 판테놀, 나이아신아마이드, 1,2-헥산다이올, 마카다미아씨오일, 펜틸렌글라이콜, 병풀추출물, 페퍼민트잎추출물"
doc_prod_oy_a000000247201,product,prod_oy_a000000247201,"상품명: 아벤느 시칼파트 플러스 리페어 젤 30ml
브랜드: 아벤느
카테고리: SERUM
주요 전성분: 온천수아벤느온천수, 다이메티콘, 글리세린, 하이드록시에틸아크릴레이트/소듐아크릴로일다이메틸타우레이트코폴리머, 다이메티콘올, 아쿠아필루스돌로미아이발효여과물, 알지닌, 카퍼설페이트, 다이메티콘크로스폴리머, 폴리솔베이트60"
doc_prod_oy_a000000248422,product,prod_oy_a000000248422,"상품명: [박희선Pick] 아누아 어성초 77 B3 징크 수딩 크림 80ml
브랜드: 아누아
카테고리: CREAM
주요 전성분: 약모밀꽃/잎/줄기수77%, 나이아신아마이드1,000ppm, 1,2-헥산다이올, 판테놀, 글리세린, 다이프로필렌글라이콜, 부틸렌글라이콜, 소듐시트레이트, 징크피씨에이10ppm, 프로판다이올"
doc_prod_oy_a000000248426,product,prod_oy_a000000248426,"상품명: [NEW/리뉴얼] 아누아 어성초 77 히알루론산 수분 진정 로션 200ml
브랜드: 아누아
카테고리: LOTION
주요 전성분: 약모밀꽃/잎/줄기수77%, 글리세린, 에틸헥실스테아레이트, 1,2-헥산다이올, 글리세릴스테아레이트시트레이트, 메틸프로판다이올, 백미꽃추출물, 접시꽃추출물, 메틸트라이메티콘, 펜틸렌글라이콜"
doc_prod_oy_a000000248587,product,prod_oy_a000000248587,"상품명: [시카크림] 톤28 해남404 새벽크림 센텔라 아시아티카 크림 50g
브랜드: 톤28
카테고리: CREAM
주요 전성분: 정제수, 부틸렌글라이콜, 프로판다이올, 카프릴릭/카프릭트라이글라세라이드, 아이소아밀라우레이트, 다이아이소스테아릴말레이트, 마카다미아씨오일, 펜틸렌글라이콜, 다이카프릴릴카보네이트, 나이아신아마이드"
doc_prod_oy_a000000248589,product,prod_oy_a000000248589,"상품명: [화잘먹] 톤28 해남404 글로우 크림앤세럼 50ml
브랜드: 톤28
카테고리: SERUM
주요 전성분: 정제수, 코코-카프릴레이트/카프레이트, 프로판다이올, 스쿠알란, 글리세린, 병풀추출물, 나이아신아마이드, 펜틸렌글라이콜, 1,2-헥산다이올, 폴리글리세릴-10라우레이트"
doc_prod_oy_a000000248934,product,prod_oy_a000000248934,"상품명: 더마픽스 리얼콜라겐 텐션업 세럼 50ml
브랜드: 더마픽스
카테고리: SERUM
주요 전성분: 하이드롤라이즈드콜라겐606,276ppm, 글리세린, 부틸렌글라이콜, 프로판다이올, 글리세레스-26, 정제수, 1,2-헥산다이올, 다이프로필렌글라이콜, 나이아신아마이드, 하이드롤라이즈드옥수수수지추출물"
doc_prod_oy_a000000249381,product,prod_oy_a000000249381,"상품명: [리뉴얼/여배우광크림]메디큐브 PDRN 핑크 콜라겐 캡슐크림 55g
브랜드: 메디큐브
카테고리: CREAM
주요 전성분: 정제수, 글리세린, 나이아신아마이드, 메틸프로판다이올, 프로판다이올, 1,2-헥산다이올, 다이프로필렌글라이콜, 카프릴릴/카프릭트라이글리세라이드, 부틸렌글라이콜, 글리세레스-26"
doc_prod_oy_a000000249538,product,prod_oy_a000000249538,"상품명: [수분지속로션] 그라운드플랜 젤모이스처 120ml
브랜드: 그라운드플랜
카테고리: LOTION
주요 전성분: 정제수, 글리세린, 1,2-헥산다이올, 페닐트라이메티콘, 비닐다이메티콘, 다이글리세린, 네오펜틸글라이콜다이카프레이트, 펜틸렌글라이콜, 다이메티콘올, 폴리메틸실세스퀴옥세인"
doc_prod_oy_a000000249580,product,prod_oy_a000000249580,"상품명: [트러블 피부 추천/약산성 장벽 케어] 제로이드 핌프로브 레드 컨트롤 크림 pH4 80ml
브랜드: 제로이드
카테고리: CREAM
주요 전성분: 정제수, 글리세린, 카프릴릭/카프릭트라이글리세라이드, 호호바씨오일, 세테아릴알코올, 솔비탄스테아레이트, 1,2-헥산다이올, 스테아릭애씨드, 미리스토일/팔미토일옥소스테아라마이드/아라카마이드엠이에이, 글리세릴스테아레이트"
doc_prod_oy_a000000249581,product,prod_oy_a000000249581,"상품명: [6월 올영픽][저자극 각질 케어] 제로이드 핌프로브 토너 200ml
브랜드: 제로이드
카테고리: TONER
주요 전성분: 정제수, 메틸프로판다이올, 1,2-헥산다이올, 글리세린, 카프릴로일살리실릭애씨드, 글라이콜릭애씨드, 락틱애씨드, 시트릭애씨드, 판테놀, 하이드롤라이즈드하이알루로닉애씨드"
doc_prod_oy_a000000249582,product,prod_oy_a000000249582,"상품명: [6월 올영픽][붉은기 진정 앰플] 제로이드 핌프로브 카밍 앰플 30ml
브랜드: 제로이드
카테고리: SERUM
주요 전성분: 정제수, 부틸렌글라이콜, 메틸프로판다이올, 1,2-헥산다이올, 다이메틸설폰, 다이포타슘글리시리제이트, 알지닌, 아크릴레이트/C10-30알킬아크릴레이트크로스폴리머, 에틸헥산아마이드세린올, 소듐하이알루로네이트"
doc_prod_oy_a000000249650,product,prod_oy_a000000249650,"상품명: [여드름기능성] 동아제약 아크네 프로 겔제 30ml
브랜드: 동아제약
카테고리: CREAM
주요 전성분: 정제수, 프로판다이올, 변성알코올, 에톡시다이글라이콜, 1,2-헥산다이올, 폴리아크릴레이트크로스폴리머-6, 살리실릭애씨드, 소듐폴리아크릴로일다이메틸타우레이트, 트로메타민, 암모늄아크릴로일다이메틸타우레이트/브이피코폴리머"
doc_prod_oy_a000000249735,product,prod_oy_a000000249735,"상품명: [6월 올영픽/색소 톤업] 동국제약 멜라-셋 기미 토닝 크리미 에센스 100ml
브랜드: 동국제약
카테고리: SERUM
주요 전성분: 정제수, 프로판다이올, 세틸에틸헥사노에이트, 부틸렌글라이콜, 알부틴, 1,2-헥산다이올, 판테놀, 페닐트라이메티콘, 폴리글리세릴-3메틸글루코오스다이스테아레이트, 글리세릴스테아레이트"
doc_prod_oy_a000000249736,product,prod_oy_a000000249736,"상품명: [6월 올영픽/기미톤업제] 동국제약 멜라-셋 기미 토닝 크림 35g
브랜드: 동국제약
카테고리: CREAM
주요 전성분: 멜라셋기미토닝크림정제수, 세틸에틸헥사노에이트, 글리세린, 알부틴, 부틸렌글라이콜, 1,2-헥산다이올, 알파-알부틴, 다이메티콘, 세테아릴알코올, 다이카프릴릴카보네이트"
doc_prod_oy_a000000250229,product,prod_oy_a000000250229,"상품명: 세포랩 바이오제닉 모이스처라이저 80ml
브랜드: 세포랩
카테고리: LOTION
주요 전성분: 케리포리아라케라타세포외소포, 정제수, 부틸렌글라이콜, 글리세린, 1,2-헥산다이올, 카프릴릭/카프릭트라이글리세라이드, 스쿠알란, 폴리그리세릴-3메틸글루코오스다이스테아레이트, 에스에이치-폴리펩타이드-138, 소듐폴리아클리로일다이메탈타우레이트"
doc_prod_oy_a000000250281,product,prod_oy_a000000250281,"상품명: [리뉴얼/촉촉진정] 아임프롬 머그워트 에센스 150ml
브랜드: 아임프롬
카테고리: SERUM
주요 전성분: 정제수, 쑥추출물400,036ppm, 부틸렌글라이콜, 글리세린, 1,2-헥산다이올, 소듐하이알루로네이트, 에틸헥실글리세린, 프로판다이올, 폴리글리세릴-10라우레이트"
doc_prod_oy_a000000250781,product,prod_oy_a000000250781,"상품명: 더마픽스 리얼콜라겐 텐션업 앰플크림 50g
브랜드: 더마픽스
카테고리: CREAM
주요 전성분: 하이드롤라이즈드콜라겐537,000ppm, 글리세린, 부틸렌글라이콜, 글리세레스-26, 1,2-헥산다이올, 베타글루칸, 소이아미노아미드, 사과씨오일, 카카오추출물, 암모늄아크릴로일다이메틸타우레이트/브이피코폴리머"
doc_prod_oy_a000000251120,product,prod_oy_a000000251120,"상품명: [피지/모공케어] 그라펜 포어올킬 타이트닝 세럼 30ml
브랜드: 그라펜
카테고리: SERUM
주요 전성분: 정제수, 나이아신아마이드, 메틸프로판다이올, 글리세린, 1,2-헥산다이올, 부틸렌글라이콜, C12-14알케스-12, 알지닌, 카보머, 참마뿌리추출물"
doc_prod_oy_a000000251453,product,prod_oy_a000000251453,"상품명: [태극제약]도미나스 크림 Rx 20ml
브랜드: 도미나스
카테고리: CREAM
주요 전성분: 정제수, 다이프로필렌글라이콜, 나이아신아마이드, 하이드로제네이티드폴리아이소부텐, 헥실데실에틸헥사노에이트, 판테놀, 프로판다이올, 트라넥사믹애씨드, 글리세린, 트라이에틸헥사노인"
doc_prod_oy_a000000251651,product,prod_oy_a000000251651,"상품명: [3세대 리뉴얼] 닥터지 레드 블레미쉬 클리어 수딩 크림 EX 70ml
브랜드: 닥터지
카테고리: CREAM
주요 전성분: 정제수, 글리세린, 부틸렌글라이콜, 다이카프릴릴에터, 나이아신아마이드, 1,2-헥산다이올, 펜틸렌글라이콜, 소듐하이알루로네이트, 병풀잎추출물, 비피다발효여과물"
doc_prod_oy_a000000252119,product,prod_oy_a000000252119,"상품명: [NEW/장벽앰플] 코스노리 판테놀 베리어 앰플 10 50ml
브랜드: 코스노리
카테고리: SERUM
주요 전성분: 정제수, 프로판다이올, 판테놀, 부틸렌글라이콜, 메틸프로판다이올, 글리세린, 1,2-헥산다이올, 2,3-부탄다이올, 나이아신아마이드, 카카두플럼추출물"
doc_prod_oy_a000000252249,product,prod_oy_a000000252249,"상품명: [기미/흔적/색소침착] 구달 청귤 비타C E TXA 세럼 15ml
브랜드: 구달
카테고리: SERUM
주요 전성분: 세럼:정제수, 탄제린추출물, 부틸렌글라이콜, 글리세레스26, 트라넥사믹애씨드, 나이아신아마이드, 프로판다이올, 다이프로필렌글라이콜, 1,2-헥산다이올, 토코페릴아세테이트"
doc_prod_oy_a000000252331,product,prod_oy_a000000252331,"상품명: [장벽/진정] 벨프리모 히알 베리어 아토 로션 200ml
브랜드: 벨프리모
카테고리: LOTION
주요 전성분: 약모밀수, 카프릴릭/카프릭트라이글리세라이드, 글리세린, 세테아릴알코올, 1,2-헥산다이올, C14-22알코올, 세틸에틸헥사노에이트, 글리세릴스테아레이트, 스쿠알란, 하이드록시에틸아크릴레이트/소듐아크릴로일다이메틸타우레이트코폴리머"
doc_prod_oy_a000000252600,product,prod_oy_a000000252600,"상품명: [화잘먹프렙] 바이오힐보 판테셀 리페어시카 수분 로션 100mL
브랜드: 바이오힐보
카테고리: LOTION
주요 전성분: 정제수, 부틸렌글라이콜, 글리세린, 스쿠알란, 1,2-헥산다이올, 트라이에틸헥사노인, 호호바씨오일, 판테놀1%, 폴리글리세릴-10스테아레이트, 펜틸렌글라이콜"
doc_prod_oy_a000000252606,product,prod_oy_a000000252606,"상품명: [리뉴얼/NEW] 메디큐브 제로 모공 원데이 펩타이드 세럼 30ml
브랜드: 메디큐브
카테고리: SERUM
주요 전성분: 정제수, 메틸프로판다이올, 글리세린, 프로판다이올, 나이아신아마이드, 트로메타민, 1,2-헥산다이올, 폴리글리세린-3, 락틱애씨드, 다이메티콘"
doc_prod_oy_a000000252669,product,prod_oy_a000000252669,"상품명: [손상피부개선]SVR 시카비트+ 크림 HPPI 40ml
브랜드: SVR
카테고리: CREAM
주요 전성분: 정제수, 바바수씨오일, 해바라기씨오일, 시어버터, 옥수수오일, 프로판다이올, 글리세릴스테아레이트, 글리세린, 베헤닐알코올, 나이아신아마이드"
doc_prod_oy_a000000252696,product,prod_oy_a000000252696,"상품명: [NEW/리뉴얼] 아누아 어성초 77 히알루론산 수분 진정 토너 350ml
브랜드: 아누아
카테고리: TONER
주요 전성분: 약모밀꽃/잎/줄기수77%, 정제수, 1,2-헥산다이올, 글리세린, 글리세레스-26, 베타인, 펜틸렌글라이콜, 소듐시트레이트, 아이소펜틸다이올, 에틸헥실글리세린"
doc_prod_oy_a000000253578,product,prod_oy_a000000253578,"상품명: [트러블진정/쿨링수분/화잘먹] 에이스 머그워트 센텔라 카밍 앰플
브랜드: 에이프릴스킨
카테고리: SERUM
주요 전성분: 쑥잎수50%, 병풀잎수40%, 글리세린, 1,2-헥산다이올, 다이에톡시에틸석시네이트, 잔탄검, 에틸헥실글리세린, 시트릭애씨드, 글루코오스, 정제수"
doc_prod_oy_a000000253635,product,prod_oy_a000000253635,"상품명: [모공타이트닝/NEW]차앤박 더마앤서 포어 퍼밍 앰플(NMN+PDRN)
브랜드: 차앤박
카테고리: SERUM
주요 전성분: 정제수, 다이카프릴릴카보네이트, 글리세린, 다이프로필렌글라이콜, 1,2-헥산다이올, 폴리글리세릴-10스테아레이트, 폴리글리세릴-10올리에이트, 폴리글리세릴-6폴리리시놀리에이트, 덱스트린팔미테이트, 판테놀"
doc_prod_oy_a000000254006,product,prod_oy_a000000254006,"상품명: 쥬베룩 PDLLA 프로텍팅 크림 50ml
브랜드: 쥬베룩
카테고리: CREAM
주요 전성분: 정제수, 글리세린, 프로판다이올, 판테놀, 펜틸렌글라이콜, 카프릴릭/카프릭트라이글리세라이드, 나이아신아마이드, 1,2-헥산다이올, 세테아릴알코올, 트라이메틸펜타페닐트라이실록세인"
doc_prod_oy_a000000254209,product,prod_oy_a000000254209,"상품명: [기미잡티세럼] 레이어랩 기미흔적 클리어 세럼 30ml
브랜드: 레이어랩
카테고리: SERUM
주요 전성분: 정제수, 나이아신아마이드7%, 글리세레스-26, 프로판다이올, 다이프로필렌글라이콜, 트라넥사믹애씨드3%, 1,2-헥산다이올, 아스코빌글루코사이드2%, 펜틸렌글라이콜, 글리세린"
doc_prod_oy_a000000254543,product,prod_oy_a000000254543,"상품명: 닥터엘시아 345 릴리프 세럼 30ml
브랜드: 닥터엘시아
카테고리: SERUM
주요 전성분: 정제수, 자작나무수액, 프로판다이올, 티트리잎수, 다이프로필렌글라이콜, 부틸렌글라이콜, 글리세린, 나이아신아마이드, 판테놀, 1,2-헥산다이올"
doc_prod_oy_a000000254803,product,prod_oy_a000000254803,"상품명: [NEW 탄력스피큘] 앰플엔 하이퍼샷 펩타이드 앰플 50ml
브랜드: 앰플엔
카테고리: SERUM
주요 전성분: 정제수, 글리세린, 부틸렌글라이콜, 베타인, 1,2-헥산다이올, 나이아신아마이드, 트레할로오스, 다이메티콘, 사이아노코발아민, 다이펩타이드-152,000ppm"
doc_prod_oy_a000000254849,product,prod_oy_a000000254849,"상품명: 가히 아이밤 9g
브랜드: 가히
카테고리: CREAM
주요 전성분: 해바라기씨오일, 폴리글리세릴-2트라이아이소스테아레이트, 칸데릴라왁스, 스위트아몬드오일, 사과씨오일, 트라이에틸헥사노인, 쿠푸아수씨버터, 옥틸도데칸올, 쌀겨왁스, 파라핀"
doc_prod_oy_a000000254908,product,prod_oy_a000000254908,"상품명: [NEW] 에스트라 아토베리어365 캡슐 토너 300ml
브랜드: 에스트라
카테고리: TONER
주요 전성분: 정제수, 부틸렌글라이콜, 글리세린, 프로필렌글라이콜, 1,2-헥산다이올, 글루코노락톤, 에틸헥실글리세린, 칼슘클로라이드, 만니톨, 셀룰로오스"
doc_prod_oy_a000000255383,product,prod_oy_a000000255383,"상품명: [NEW/여름화잘먹/프렙로션] 더샘 스킨 프렙 밸런싱 밀크 로션 155ml
브랜드: 더샘
카테고리: LOTION
주요 전성분: 정제수, 부틸렌글라이콜, 1,2-헥산다이올, 나이아신아마이드, 스쿠알란, 글리세린, 카프릴릭/카프릭트라이글리세라이드, 에틸헥실스테아레이트, 에틸헥실팔미테이트, 글루코노락톤"
doc_prod_oy_a000000255384,product,prod_oy_a000000255384,"상품명: [NEW/쿨링화잘먹/버블토너] 더샘 스킨 프렙 쿨링 무스 토너 70ml
브랜드: 더샘
카테고리: TONER
주요 전성분: 정제수, 다이메틸에터, 글리세린, 트라이프로필렌글라이콜, 프로판다이올, 1,2-헥산다이올, 폴리글리세릴-10라우레이트, 변성알코올, 트레할로오스, 풀루란"
doc_prod_oy_a000000255418,product,prod_oy_a000000255418,"상품명: [NEW] 포들 밤 펩타이드 모공 타이트닝 버블 세럼 70ml
브랜드: 포들
카테고리: SERUM
주요 전성분: 정제수, 하이드로제네이티드폴리데센, 글리세린, 하이드로제네이티드폴리아이소부텐, 부틸렌글라이콜, 메틸프로판디올, 나이아신아마이드, 메틸글루세스-20, 글리세레스-26, 1,2-헥산다이올"
doc_prod_oy_a000000255444,product,prod_oy_a000000255444,"상품명: [업그레이드] 에스트라 아토베리어365 하이드로 수딩크림 80ml
브랜드: 에스트라
카테고리: CREAM
주요 전성분: 정제수, 글리세린, 부틸렌글라이콜, 다이메티콘, 스쿠알란, 1,2-헥산다이올, 베타인, 세테아릴알코올, 암모늄아크릴로일다이메틸타우레이트/브이피코폴리머, 하이드로제네이티드쌀겨오일"
doc_prod_oy_a000000255624,product,prod_oy_a000000255624,"상품명: [결광]코스알엑스 더 블루 펩타이드 바쿠치올 플럼프 글로우 세럼 50ml
브랜드: 코스알엑스
카테고리: SERUM
주요 전성분: 정제수, 부틸렌글라이콜, 글리세린, 다이프로필렌글라이콜, 나이아신아마이드, 1,2-헥산다이올, 베타인, 다이에톡시에틸석시네이트, 암모늄아크릴로일다이메틸타우레이트/브이피코폴리머, 다이메티콘"
doc_prod_oy_a000000255625,product,prod_oy_a000000255625,"상품명: 코스알엑스 더 블루 펩타이드 바쿠치올 플럼프 바운스 크림 50g
브랜드: 코스알엑스
카테고리: CREAM
주요 전성분: 정제수, 부틸렌글라이콜, 글리세린, 메틸트라이메티콘, 나이아신아마이드, 1,2-헥산다이올, 세테아릴알코올, 스쿠알란, 다이메티콘, 카프릴릴메티콘"
doc_prod_oy_a000000257083,product,prod_oy_a000000257083,"상품명: [개기름,모공개선]그라펜 포어올킬 클린로션 95ml(호박스 공동개발)
브랜드: 그라펜
카테고리: LOTION
주요 전성분: 정제수, 글리세린, 판테놀, 1,2-헥산다이올, 나이아신아마이드, 아이소도데케인, 하이드로제네이티드폴리데센, 부틸렌글라이콜, 폴리글리세릴-3메틸글루코오스다이스테아레이트, 다이메티콘/비닐다이메티콘크로스폴리머"
doc_prod_oy_a000000257096,product,prod_oy_a000000257096,"상품명: 넘버즈인 3번 보들보들 모공결 세럼 30ml
브랜드: 넘버즈인
카테고리: SERUM
주요 전성분: 비피다발효용해물, 갈락토미세스발효여과물, 부틸렌글라이콜, 메틸글루세스-20, 정제수, 나이아신아마이드, 피이지-90, 1,2-헥산다이올, 글리세린, 스쿠알란"
doc_prod_oy_a000000257195,product,prod_oy_a000000257195,"상품명: [NEW] 비욘드 엔젤 아쿠아 이온 히알루 10% 수분 진정 토너 350ml
브랜드: 비욘드
카테고리: TONER
주요 전성분: 정제수, 하이드롤라이즈드하이알루로닉애씨드*10.0207%, 글리세린, 다이프로필렌글라이콜, 부틸렌글라이콜, 프로판다이올, 펜틸렌글라이콜, 1,2-헥산다이올, 판테놀, 알란토인"
doc_prod_oy_a000000257196,product,prod_oy_a000000257196,"상품명: [NEW] 비욘드 엔젤 아쿠아 이온 히알루 10% 수분 로션 200ml
브랜드: 비욘드
카테고리: LOTION
주요 전성분: 정제수, 하이드롤라이즈드하이알루로닉애씨드*10.020.7%, 프로판다이올, 카프릴릭/카프릭트라이글리세라이드, 1,2-헥산다이올, 부틸렌글라이콜, 다이카프릴릴카보네이트, 글리세린, 베타인, 에틸아이소스테아레이트"
doc_prod_oy_a000000257289,product,prod_oy_a000000257289,"상품명: NDP 비타민 B9 톤업 미백 크림 65ml
브랜드: NDP
카테고리: CREAM
주요 전성분: 정제수, 프로판다이올, 다이프로필렌글라이콜, 부틸렌글라이콜, 티타늄디옥사이드, 1,2-헥산다이올, 나이아신아마이드, 폴리시트로넬올아세테이트, 세테아릴알코올, 하이드로제네이티드폴리아이소부텐"
doc_prod_oy_a000000257656,product,prod_oy_a000000257656,"상품명: [NEW] 오휘 익스트림 화이트 나이아신아마이드 10% TX 멜라토닝 크림 60ml
브랜드: 오휘
카테고리: CREAM
주요 전성분: 정제수, 나이아신아마이드10%, 프로판다이올, 부틸렌글라이콜, 아이소프로필팔미테이트, 스쿠알란, 카프릴릭/카프릭트라이글리세라이드, 글리세린, C14-22알코올, 세테아릴알코올"
doc_prod_oy_a000000257834,product,prod_oy_a000000257834,"상품명: 퍼셀 80억/mL 글루타치온 TXA 캡슐 크림 80ml
브랜드: 퍼셀
카테고리: CREAM
주요 전성분: 정제수, 프로판다이올, 트라넥사믹애씨드5%, 나이아신아마이드, 글리세린, 카프릴릭/카프릭트라이글리세라이드, 페닐트라이메티콘, 퀸즈랜드넛오일, 하이드로제네이티드폴리C6-14올레핀, 다이카프릴릴에터"
doc_prod_oy_a000000258038,product,prod_oy_a000000258038,"상품명: [엑소좀PDRN] 리쥬란 포어 타이트닝 크림 50ml
브랜드: 리쥬란
카테고리: CREAM
주요 전성분: 정제수, 글리세린, 부틸렌글라이콜, 프로판다이올, 1,2-헥산다이올, 네오펜틸글라이콜다이헵타노에이트, 나이아신아마이드, 베타인, 에틸헥실팔미테이트, 펜틸렌글라이콜"
doc_prod_oy_a000000258047,product,prod_oy_a000000258047,"상품명: [탄력광채] 넘버즈인 9번 나드 바이오 리프팅 원액 에센스 50ml
브랜드: 넘버즈인
카테고리: SERUM
주요 전성분: 정제수, 글리세린, 하이드로제네이티드폴리C6-14올레핀, 폴리글리세린-3, 부틸렌글라이콜, 펜타에리스리틸테트라에틸헥사노에이트, 프로판다이올, 다이메티콘, 1,2-헥산다이올, 나이아신아마이드"
doc_prod_oy_a000000258445,product,prod_oy_a000000258445,"상품명: 퍼셀 20억/mL 픽셀바이옴 원액 55ml
브랜드: 퍼셀
카테고리: SERUM
주요 전성분: 비피다발효용해물45%, 락토바실러스발효용해물45%, 부틸렌글라이콜, 1,2-헥산다이올, 에틸헥실글리세린"
doc_prod_oy_a000000258468,product,prod_oy_a000000258468,"상품명: 온그리디언츠 바쿠글로우 캡슐 로션 150ml
브랜드: 온그리디언츠
카테고리: LOTION
주요 전성분: 정제수, 글리세린, 카프릴릭/카프릭트라이글리세라이드, 부틸렌글라이콜, 1,2-헥산다이올, 나이아신아마이드, 캐스터오일/아이피디아이코폴리머, 폴리글리세린-3, 판테놀, 세테아릴알코올"
