query_id,source,ingredient_rank,ingredient_id,name_ko,canonical_name_en,approved_search_terms,term_provenance_json,search_query,query_sha256,query_version,started_at_utc,completed_at_utc,total_hit_count,raw_hit_count,retrieval_cap,retrieved_count,returned_count,pagination_status,retrieval_complete,pagination_complete,searched_at,request_status,request_attempt_count,retry_count,error_type,error_message,api_endpoint,sort_order,query_contract_status,rerun_required,http_status,elapsed_ms,review_status,runtime_score_change,pipeline_version,manifest_sha256
europe_pmc:phenoxyethanol:62fa758b8d75a85a,europe_pmc,2,phenoxyethanol,페녹시에탄올,Phenoxyethanol,Phenoxyethanol,"[{""alias_type"":"""",""origin"":""canonical_name_en"",""source"":""https://kcia.or.kr/cid/main/"",""term"":""Phenoxyethanol""}]","(TITLE_ABS:""Phenoxyethanol"") AND (TITLE_ABS:""skin"" OR TITLE_ABS:""topical"") AND NOT SRC:MED AND NOT SRC:PAT",62fa758b8d75a85afbc0e51ac9c2f77453dba378c43aac9f5004f3f3971faf03,mwbl-ingredient-evidence-query-v1.1,2026-07-13T06:26:07+00:00,2026-07-13T06:26:10+00:00,5,5,50,5,5,complete,Y,Y,2026-07-13T06:26:10+00:00,success,1,0,,,https://www.ebi.ac.uk/europepmc/webservices/rest/search,relevance,approved_terms_only,N,200,3457,candidate_unverified,none,mwbl-ingredient-multisource-discovery-v1.1-fresh,7779d9ebab29447f8465881efcb23b09a0f2f3751f524d19b389205ce650f26d
europe_pmc:butylene_glycol:6927981dae097ad0,europe_pmc,3,butylene_glycol,부틸렌글라이콜,Butylene Glycol,Butylene Glycol,"[{""alias_type"":"""",""origin"":""canonical_name_en"",""source"":""https://kcia.or.kr/cid/main/"",""term"":""Butylene Glycol""}]","(TITLE_ABS:""Butylene Glycol"") AND (TITLE_ABS:""skin"" OR TITLE_ABS:""topical"") AND NOT SRC:MED AND NOT SRC:PAT",6927981dae097ad05fd24508cf364ed2f7806490f92ca7ca6cdd1c58c79e968d,mwbl-ingredient-evidence-query-v1.1,2026-07-13T06:26:07+00:00,2026-07-13T06:26:10+00:00,4,4,50,4,4,complete,Y,Y,2026-07-13T06:26:10+00:00,success,1,0,,,https://www.ebi.ac.uk/europepmc/webservices/rest/search,relevance,approved_terms_only,N,200,2955,candidate_unverified,none,mwbl-ingredient-multisource-discovery-v1.1-fresh,7779d9ebab29447f8465881efcb23b09a0f2f3751f524d19b389205ce650f26d
europe_pmc:tocopherol:e0dcbc636c53fed3,europe_pmc,4,tocopherol,토코페롤,Tocopherol,Tocopherol,"[{""alias_type"":"""",""origin"":""canonical_name_en"",""source"":""https://kcia.or.kr/cid/main/"",""term"":""Tocopherol""}]","(TITLE_ABS:""Tocopherol"") AND (TITLE_ABS:""skin"" OR TITLE_ABS:""topical"") AND NOT SRC:MED AND NOT SRC:PAT",e0dcbc636c53fed32b58eb87e5541a48d6a288cbcefb19e3f085d67d51e90969,mwbl-ingredient-evidence-query-v1.1,2026-07-13T06:26:07+00:00,2026-07-13T06:26:12+00:00,49,49,50,49,49,complete,Y,Y,2026-07-13T06:26:12+00:00,success,1,0,,,https://www.ebi.ac.uk/europepmc/webservices/rest/search,relevance,approved_terms_only,N,200,5096,candidate_unverified,none,mwbl-ingredient-multisource-discovery-v1.1-fresh,7779d9ebab29447f8465881efcb23b09a0f2f3751f524d19b389205ce650f26d
europe_pmc:ethylhexylglycerin:59a6dff8cf44dce5,europe_pmc,5,ethylhexylglycerin,에틸헥실글리세린,Ethylhexylglycerin,Ethylhexylglycerin,"[{""alias_type"":"""",""origin"":""canonical_name_en"",""source"":""https://kcia.or.kr/cid/main/"",""term"":""Ethylhexylglycerin""}]","(TITLE_ABS:""Ethylhexylglycerin"") AND (TITLE_ABS:""skin"" OR TITLE_ABS:""topical"") AND NOT SRC:MED AND NOT SRC:PAT",59a6dff8cf44dce5a37c404b67c0bdd39678cc5c1a0e69391f3e73889cbedbc0,mwbl-ingredient-evidence-query-v1.1,2026-07-13T06:26:07+00:00,2026-07-13T06:26:10+00:00,0,0,50,0,0,complete,Y,Y,2026-07-13T06:26:10+00:00,success,1,0,,,https://www.ebi.ac.uk/europepmc/webservices/rest/search,relevance,approved_terms_only,N,200,3463,candidate_unverified,none,mwbl-ingredient-multisource-discovery-v1.1-fresh,7779d9ebab29447f8465881efcb23b09a0f2f3751f524d19b389205ce650f26d
europe_pmc:citric_acid:9bbc303181f0308a,europe_pmc,6,citric_acid,시트릭애씨드,Citric Acid,Citric Acid,"[{""alias_type"":"""",""origin"":""canonical_name_en"",""source"":""https://kcia.or.kr/cid/main/"",""term"":""Citric Acid""}]","(TITLE_ABS:""Citric Acid"") AND (TITLE_ABS:""skin"" OR TITLE_ABS:""topical"") AND NOT SRC:MED AND NOT SRC:PAT",9bbc303181f0308ace36f1c642afb84d9bdb68e2b6741c2ed71c57b1ebc0f58a,mwbl-ingredient-evidence-query-v1.1,2026-07-13T06:26:10+00:00,2026-07-13T06:26:15+00:00,48,48,50,48,48,complete,Y,Y,2026-07-13T06:26:15+00:00,success,1,0,,,https://www.ebi.ac.uk/europepmc/webservices/rest/search,relevance,approved_terms_only,N,200,5212,candidate_unverified,none,mwbl-ingredient-multisource-discovery-v1.1-fresh,7779d9ebab29447f8465881efcb23b09a0f2f3751f524d19b389205ce650f26d
europe_pmc:caprylyl_glycol:3d3d813605cffaf0,europe_pmc,7,caprylyl_glycol,카프릴릴글라이콜,Caprylyl Glycol,Caprylyl Glycol,"[{""alias_type"":"""",""origin"":""canonical_name_en"",""source"":""https://kcia.or.kr/cid/main/"",""term"":""Caprylyl Glycol""}]","(TITLE_ABS:""Caprylyl Glycol"") AND (TITLE_ABS:""skin"" OR TITLE_ABS:""topical"") AND NOT SRC:MED AND NOT SRC:PAT",3d3d813605cffaf0238078c13e42e4f2636f5421b26d57ed05e2600209feeb62,mwbl-ingredient-evidence-query-v1.1,2026-07-13T06:26:10+00:00,2026-07-13T06:26:13+00:00,0,0,50,0,0,complete,Y,Y,2026-07-13T06:26:13+00:00,success,1,0,,,https://www.ebi.ac.uk/europepmc/webservices/rest/search,relevance,approved_terms_only,N,200,2635,candidate_unverified,none,mwbl-ingredient-multisource-discovery-v1.1-fresh,7779d9ebab29447f8465881efcb23b09a0f2f3751f524d19b389205ce650f26d
europe_pmc:limonene:8ad646401e44d433,europe_pmc,10,limonene,리모넨,Limonene,Limonene,"[{""alias_type"":"""",""origin"":""canonical_name_en"",""source"":""https://kcia.or.kr/cid/main/"",""term"":""Limonene""}]","(TITLE_ABS:""Limonene"") AND (TITLE_ABS:""skin"" OR TITLE_ABS:""topical"") AND NOT SRC:MED AND NOT SRC:PAT",8ad646401e44d4339c14cf4637e087002a863d853ff4682598f210fb3c73c28f,mwbl-ingredient-evidence-query-v1.1,2026-07-13T06:26:10+00:00,2026-07-13T06:26:15+00:00,28,28,50,28,28,complete,Y,Y,2026-07-13T06:26:15+00:00,success,1,0,,,https://www.ebi.ac.uk/europepmc/webservices/rest/search,relevance,approved_terms_only,N,200,4725,candidate_unverified,none,mwbl-ingredient-multisource-discovery-v1.1-fresh,7779d9ebab29447f8465881efcb23b09a0f2f3751f524d19b389205ce650f26d
europe_pmc:linalool:10392fd46ecd7467,europe_pmc,11,linalool,리날룰,Linalool,Linalool,"[{""alias_type"":"""",""origin"":""canonical_name_en"",""source"":""https://kcia.or.kr/cid/main/"",""term"":""Linalool""}]","(TITLE_ABS:""Linalool"") AND (TITLE_ABS:""skin"" OR TITLE_ABS:""topical"") AND NOT SRC:MED AND NOT SRC:PAT",10392fd46ecd74671cb5072c97b0088c46cb20c2002be10fce72118a38754fc4,mwbl-ingredient-evidence-query-v1.1,2026-07-13T06:26:12+00:00,2026-07-13T06:26:15+00:00,30,30,50,30,30,complete,Y,Y,2026-07-13T06:26:15+00:00,success,1,0,,,https://www.ebi.ac.uk/europepmc/webservices/rest/search,relevance,approved_terms_only,N,200,3598,candidate_unverified,none,mwbl-ingredient-multisource-discovery-v1.1-fresh,7779d9ebab29447f8465881efcb23b09a0f2f3751f524d19b389205ce650f26d
europe_pmc:sodium_benzoate:bf0a828e02425f2b,europe_pmc,12,sodium_benzoate,소듐벤조에이트,Sodium Benzoate,Sodium Benzoate,"[{""alias_type"":"""",""origin"":""canonical_name_en"",""source"":""https://kcia.or.kr/cid/main/"",""term"":""Sodium Benzoate""}]","(TITLE_ABS:""Sodium Benzoate"") AND (TITLE_ABS:""skin"" OR TITLE_ABS:""topical"") AND NOT SRC:MED AND NOT SRC:PAT",bf0a828e02425f2b155c915fa6b46bfe8341e1cb012cdb68e77cdd77aaa2935d,mwbl-ingredient-evidence-query-v1.1,2026-07-13T06:26:13+00:00,2026-07-13T06:26:15+00:00,1,1,50,1,1,complete,Y,Y,2026-07-13T06:26:15+00:00,success,1,0,,,https://www.ebi.ac.uk/europepmc/webservices/rest/search,relevance,approved_terms_only,N,200,2093,candidate_unverified,none,mwbl-ingredient-multisource-discovery-v1.1-fresh,7779d9ebab29447f8465881efcb23b09a0f2f3751f524d19b389205ce650f26d
europe_pmc:potassium_sorbate:21ad1ce77d6107df,europe_pmc,13,potassium_sorbate,포타슘솔베이트,Potassium Sorbate,Potassium Sorbate,"[{""alias_type"":"""",""origin"":""canonical_name_en"",""source"":""https://kcia.or.kr/cid/main/"",""term"":""Potassium Sorbate""}]","(TITLE_ABS:""Potassium Sorbate"") AND (TITLE_ABS:""skin"" OR TITLE_ABS:""topical"") AND NOT SRC:MED AND NOT SRC:PAT",21ad1ce77d6107df6edfdb869c5c736a8a1dc8924d93d7bd9dc3d2deb3aa2b56,mwbl-ingredient-evidence-query-v1.1,2026-07-13T06:26:15+00:00,2026-07-13T06:26:18+00:00,4,4,50,4,4,complete,Y,Y,2026-07-13T06:26:18+00:00,success,1,0,,,https://www.ebi.ac.uk/europepmc/webservices/rest/search,relevance,approved_terms_only,N,200,3188,candidate_unverified,none,mwbl-ingredient-multisource-discovery-v1.1-fresh,7779d9ebab29447f8465881efcb23b09a0f2f3751f524d19b389205ce650f26d
europe_pmc:1_2_hexanediol:e49aefc1c159e3b5,europe_pmc,14,1_2_hexanediol,"1,2-헥산다이올","1,2-Hexanediol","1,2-Hexanediol","[{""alias_type"":"""",""origin"":""canonical_name_en"",""source"":""https://kcia.or.kr/cid/main/"",""term"":""1,2-Hexanediol""}]","(TITLE_ABS:""1,2-Hexanediol"") AND (TITLE_ABS:""skin"" OR TITLE_ABS:""topical"") AND NOT SRC:MED AND NOT SRC:PAT",e49aefc1c159e3b55d0fcaa5c4060d4fd4da99b6904b1fb0c6aba960fbde5b1e,mwbl-ingredient-evidence-query-v1.1,2026-07-13T06:26:15+00:00,2026-07-13T06:26:19+00:00,1,1,50,1,1,complete,Y,Y,2026-07-13T06:26:19+00:00,success,1,0,,,https://www.ebi.ac.uk/europepmc/webservices/rest/search,relevance,approved_terms_only,N,200,3653,candidate_unverified,none,mwbl-ingredient-multisource-discovery-v1.1-fresh,7779d9ebab29447f8465881efcb23b09a0f2f3751f524d19b389205ce650f26d
europe_pmc:disodium_edta:29a927fa90c947a2,europe_pmc,15,disodium_edta,다이소듐이디티에이,Disodium EDTA,Disodium EDTA,"[{""alias_type"":"""",""origin"":""canonical_name_en"",""source"":""https://kcia.or.kr/cid/main/"",""term"":""Disodium EDTA""}]","(TITLE_ABS:""Disodium EDTA"") AND (TITLE_ABS:""skin"" OR TITLE_ABS:""topical"") AND NOT SRC:MED AND NOT SRC:PAT",29a927fa90c947a29f5fd6aef5f4a287ebfb1be35ee531d09dd52245ac286881,mwbl-ingredient-evidence-query-v1.1,2026-07-13T06:26:15+00:00,2026-07-13T06:26:19+00:00,2,2,50,2,2,complete,Y,Y,2026-07-13T06:26:19+00:00,success,1,0,,,https://www.ebi.ac.uk/europepmc/webservices/rest/search,relevance,approved_terms_only,N,200,3651,candidate_unverified,none,mwbl-ingredient-multisource-discovery-v1.1-fresh,7779d9ebab29447f8465881efcb23b09a0f2f3751f524d19b389205ce650f26d
europe_pmc:xanthan_gum:0abcbcf35c061674,europe_pmc,16,xanthan_gum,잔탄검,Xanthan Gum,Xanthan Gum,"[{""alias_type"":"""",""origin"":""canonical_name_en"",""source"":""https://kcia.or.kr/cid/main/"",""term"":""Xanthan Gum""}]","(TITLE_ABS:""Xanthan Gum"") AND (TITLE_ABS:""skin"" OR TITLE_ABS:""topical"") AND NOT SRC:MED AND NOT SRC:PAT",0abcbcf35c0616748e174c4ed25f5cc69773cc6f4550147b14db21cad0faa416,mwbl-ingredient-evidence-query-v1.1,2026-07-13T06:26:15+00:00,2026-07-13T06:26:19+00:00,10,10,50,10,10,complete,Y,Y,2026-07-13T06:26:19+00:00,success,1,0,,,https://www.ebi.ac.uk/europepmc/webservices/rest/search,relevance,approved_terms_only,N,200,3686,candidate_unverified,none,mwbl-ingredient-multisource-discovery-v1.1-fresh,7779d9ebab29447f8465881efcb23b09a0f2f3751f524d19b389205ce650f26d
europe_pmc:tocopheryl_acetate:1dfa2cb503ed0625,europe_pmc,17,tocopheryl_acetate,토코페릴아세테이트,Tocopheryl Acetate,Tocopheryl Acetate,"[{""alias_type"":"""",""origin"":""canonical_name_en"",""source"":""https://kcia.or.kr/cid/main/"",""term"":""Tocopheryl Acetate""}]","(TITLE_ABS:""Tocopheryl Acetate"") AND (TITLE_ABS:""skin"" OR TITLE_ABS:""topical"") AND NOT SRC:MED AND NOT SRC:PAT",1dfa2cb503ed0625f2db98deaa096094d93e0902f14a0546d31f0b62575e3887,mwbl-ingredient-evidence-query-v1.1,2026-07-13T06:26:18+00:00,2026-07-13T06:26:21+00:00,2,2,50,2,2,complete,Y,Y,2026-07-13T06:26:21+00:00,success,1,0,,,https://www.ebi.ac.uk/europepmc/webservices/rest/search,relevance,approved_terms_only,N,200,2590,candidate_unverified,none,mwbl-ingredient-multisource-discovery-v1.1-fresh,7779d9ebab29447f8465881efcb23b09a0f2f3751f524d19b389205ce650f26d
europe_pmc:caprylic_capric_triglyceride:3af9d5fbdddf4360,europe_pmc,18,caprylic_capric_triglyceride,카프릴릭/카프릭트라이글리세라이드,Caprylic/Capric Triglyceride,Caprylic/Capric Triglyceride,"[{""alias_type"":"""",""origin"":""canonical_name_en"",""source"":""https://kcia.or.kr/cid/main/"",""term"":""Caprylic/Capric Triglyceride""}]","(TITLE_ABS:""Caprylic/Capric Triglyceride"") AND (TITLE_ABS:""skin"" OR TITLE_ABS:""topical"") AND NOT SRC:MED AND NOT SRC:PAT",3af9d5fbdddf436076d926ddd187ee03b5cf3f268026941006d347d8c20b4e29,mwbl-ingredient-evidence-query-v1.1,2026-07-13T06:26:19+00:00,2026-07-13T06:26:21+00:00,2,2,50,2,2,complete,Y,Y,2026-07-13T06:26:21+00:00,success,1,0,,,https://www.ebi.ac.uk/europepmc/webservices/rest/search,relevance,approved_terms_only,N,200,2656,candidate_unverified,none,mwbl-ingredient-multisource-discovery-v1.1-fresh,7779d9ebab29447f8465881efcb23b09a0f2f3751f524d19b389205ce650f26d
europe_pmc:propanediol:5066137510f3b13e,europe_pmc,19,propanediol,프로판다이올,Propanediol,Propanediol,"[{""alias_type"":"""",""origin"":""canonical_name_en"",""source"":""https://kcia.or.kr/cid/main/"",""term"":""Propanediol""}]","(TITLE_ABS:""Propanediol"") AND (TITLE_ABS:""skin"" OR TITLE_ABS:""topical"") AND NOT SRC:MED AND NOT SRC:PAT",5066137510f3b13ee58cb21d2557d55f51019ac8897a5ef36896c8cc719e5ce1,mwbl-ingredient-evidence-query-v1.1,2026-07-13T06:26:19+00:00,2026-07-13T06:26:22+00:00,1,1,50,1,1,complete,Y,Y,2026-07-13T06:26:22+00:00,success,1,0,,,https://www.ebi.ac.uk/europepmc/webservices/rest/search,relevance,approved_terms_only,N,200,3168,candidate_unverified,none,mwbl-ingredient-multisource-discovery-v1.1-fresh,7779d9ebab29447f8465881efcb23b09a0f2f3751f524d19b389205ce650f26d
europe_pmc:silica:319a2c33b1162b84,europe_pmc,21,silica,실리카,Silica,Silica,"[{""alias_type"":"""",""origin"":""canonical_name_en"",""source"":""https://kcia.or.kr/cid/main/"",""term"":""Silica""}]","(TITLE_ABS:""Silica"") AND (TITLE_ABS:""skin"" OR TITLE_ABS:""topical"") AND NOT SRC:MED AND NOT SRC:PAT",319a2c33b1162b84af0fa206903ced8343158045c01a748e2ddaa95fcbd86e00,mwbl-ingredient-evidence-query-v1.1,2026-07-13T06:26:19+00:00,2026-07-13T06:26:24+00:00,61,61,50,50,50,capped_at_retrieval_limit,N,N,2026-07-13T06:26:24+00:00,success,1,0,,,https://www.ebi.ac.uk/europepmc/webservices/rest/search,relevance,approved_terms_only,N,200,5251,candidate_unverified,none,mwbl-ingredient-multisource-discovery-v1.1-fresh,7779d9ebab29447f8465881efcb23b09a0f2f3751f524d19b389205ce650f26d
europe_pmc:sodium_chloride:a8970ccc4091a6e4,europe_pmc,22,sodium_chloride,소듐클로라이드,Sodium Chloride,Sodium Chloride,"[{""alias_type"":"""",""origin"":""canonical_name_en"",""source"":""https://kcia.or.kr/cid/main/"",""term"":""Sodium Chloride""}]","(TITLE_ABS:""Sodium Chloride"") AND (TITLE_ABS:""skin"" OR TITLE_ABS:""topical"") AND NOT SRC:MED AND NOT SRC:PAT",a8970ccc4091a6e4565f4269063ea0f69a548bc3091814530a42e3ad65d6d502,mwbl-ingredient-evidence-query-v1.1,2026-07-13T06:26:21+00:00,2026-07-13T06:26:26+00:00,48,48,50,48,48,complete,Y,Y,2026-07-13T06:26:26+00:00,success,1,0,,,https://www.ebi.ac.uk/europepmc/webservices/rest/search,relevance,approved_terms_only,N,200,5255,candidate_unverified,none,mwbl-ingredient-multisource-discovery-v1.1-fresh,7779d9ebab29447f8465881efcb23b09a0f2f3751f524d19b389205ce650f26d
europe_pmc:sodium_hydroxide:8f1df2af4a1989ea,europe_pmc,23,sodium_hydroxide,소듐하이드록사이드,Sodium Hydroxide,Sodium Hydroxide,"[{""alias_type"":"""",""origin"":""canonical_name_en"",""source"":""https://kcia.or.kr/cid/main/"",""term"":""Sodium Hydroxide""}]","(TITLE_ABS:""Sodium Hydroxide"") AND (TITLE_ABS:""skin"" OR TITLE_ABS:""topical"") AND NOT SRC:MED AND NOT SRC:PAT",8f1df2af4a1989ead061d176992507fe67d7d49f611121fd1f4bae30d6b52796,mwbl-ingredient-evidence-query-v1.1,2026-07-13T06:26:21+00:00,2026-07-13T06:26:24+00:00,18,18,50,18,18,complete,Y,Y,2026-07-13T06:26:24+00:00,success,1,0,,,https://www.ebi.ac.uk/europepmc/webservices/rest/search,relevance,approved_terms_only,N,200,3132,candidate_unverified,none,mwbl-ingredient-multisource-discovery-v1.1-fresh,7779d9ebab29447f8465881efcb23b09a0f2f3751f524d19b389205ce650f26d
europe_pmc:water:14c48e789cc4c9bc,europe_pmc,25,water,정제수,Water,Water,"[{""alias_type"":"""",""origin"":""canonical_name_en"",""source"":""https://kcia.or.kr/cid/main/"",""term"":""Water""}]","(TITLE_ABS:""Water"") AND (TITLE_ABS:""skin"" OR TITLE_ABS:""topical"") AND NOT SRC:MED AND NOT SRC:PAT",14c48e789cc4c9bcfdbae2c65eb1febea5591e34c9a4601fd443b9a342d1447d,mwbl-ingredient-evidence-query-v1.1,2026-07-13T06:26:22+00:00,2026-07-13T06:26:27+00:00,2067,2067,50,50,50,capped_at_retrieval_limit,N,N,2026-07-13T06:26:27+00:00,success,1,0,,,https://www.ebi.ac.uk/europepmc/webservices/rest/search,relevance,approved_terms_only,N,200,4711,candidate_unverified,none,mwbl-ingredient-multisource-discovery-v1.1-fresh,7779d9ebab29447f8465881efcb23b09a0f2f3751f524d19b389205ce650f26d
europe_pmc:pentylene_glycol:182e91bce287588b,europe_pmc,26,pentylene_glycol,펜틸렌글라이콜,Pentylene Glycol,Pentylene Glycol,"[{""alias_type"":"""",""origin"":""canonical_name_en"",""source"":""https://kcia.or.kr/cid/main/"",""term"":""Pentylene Glycol""}]","(TITLE_ABS:""Pentylene Glycol"") AND (TITLE_ABS:""skin"" OR TITLE_ABS:""topical"") AND NOT SRC:MED AND NOT SRC:PAT",182e91bce287588b1d0fcddd842a257b2e7e6f191653ba9896369a9dbfafb899,mwbl-ingredient-evidence-query-v1.1,2026-07-13T06:26:24+00:00,2026-07-13T06:26:27+00:00,0,0,50,0,0,complete,Y,Y,2026-07-13T06:26:27+00:00,success,1,0,,,https://www.ebi.ac.uk/europepmc/webservices/rest/search,relevance,approved_terms_only,N,200,2612,candidate_unverified,none,mwbl-ingredient-multisource-discovery-v1.1-fresh,7779d9ebab29447f8465881efcb23b09a0f2f3751f524d19b389205ce650f26d
europe_pmc:alcohol:0a6da725784fee73,europe_pmc,27,alcohol,에탄올,Alcohol,Alcohol,"[{""alias_type"":"""",""origin"":""canonical_name_en"",""source"":""https://kcia.or.kr/cid/main/"",""term"":""Alcohol""}]","(TITLE_ABS:""Alcohol"") AND (TITLE_ABS:""skin"" OR TITLE_ABS:""topical"") AND NOT SRC:MED AND NOT SRC:PAT",0a6da725784fee734487e94682017eee73d1575d3041e5510aaab745318eff43,mwbl-ingredient-evidence-query-v1.1,2026-07-13T06:26:24+00:00,2026-07-13T06:26:30+00:00,326,326,50,50,50,capped_at_retrieval_limit,N,N,2026-07-13T06:26:30+00:00,success,1,0,,,https://www.ebi.ac.uk/europepmc/webservices/rest/search,relevance,approved_terms_only,N,200,5260,candidate_unverified,none,mwbl-ingredient-multisource-discovery-v1.1-fresh,7779d9ebab29447f8465881efcb23b09a0f2f3751f524d19b389205ce650f26d
europe_pmc:disteardimonium_hectorite:a3fb21ad1ffcdb6d,europe_pmc,28,disteardimonium_hectorite,다이스테아다이모늄헥토라이트,Disteardimonium Hectorite,Disteardimonium Hectorite,"[{""alias_type"":"""",""origin"":""canonical_name_en"",""source"":""https://kcia.or.kr/cid/main/"",""term"":""Disteardimonium Hectorite""}]","(TITLE_ABS:""Disteardimonium Hectorite"") AND (TITLE_ABS:""skin"" OR TITLE_ABS:""topical"") AND NOT SRC:MED AND NOT SRC:PAT",a3fb21ad1ffcdb6dd46d350358cf09bea2706a31a902a93f86b9a1828d1ef20c,mwbl-ingredient-evidence-query-v1.1,2026-07-13T06:26:26+00:00,2026-07-13T06:26:28+00:00,0,0,50,0,0,complete,Y,Y,2026-07-13T06:26:28+00:00,success,1,0,,,https://www.ebi.ac.uk/europepmc/webservices/rest/search,relevance,approved_terms_only,N,200,2085,candidate_unverified,none,mwbl-ingredient-multisource-discovery-v1.1-fresh,7779d9ebab29447f8465881efcb23b09a0f2f3751f524d19b389205ce650f26d
europe_pmc:citronellol:c70429047585748a,europe_pmc,29,citronellol,시트로넬올,Citronellol,Citronellol,"[{""alias_type"":"""",""origin"":""canonical_name_en"",""source"":""https://kcia.or.kr/cid/main/"",""term"":""Citronellol""}]","(TITLE_ABS:""Citronellol"") AND (TITLE_ABS:""skin"" OR TITLE_ABS:""topical"") AND NOT SRC:MED AND NOT SRC:PAT",c70429047585748a896b6c378cc5aebf79e97701b3d84aa43d5e816ab27b529c,mwbl-ingredient-evidence-query-v1.1,2026-07-13T06:26:27+00:00,2026-07-13T06:26:29+00:00,4,4,50,4,4,complete,Y,Y,2026-07-13T06:26:29+00:00,success,1,0,,,https://www.ebi.ac.uk/europepmc/webservices/rest/search,relevance,approved_terms_only,N,200,2661,candidate_unverified,none,mwbl-ingredient-multisource-discovery-v1.1-fresh,7779d9ebab29447f8465881efcb23b09a0f2f3751f524d19b389205ce650f26d
europe_pmc:mica:1d5e01ce249d672c,europe_pmc,30,mica,마이카,Mica,Mica,"[{""alias_type"":"""",""origin"":""canonical_name_en"",""source"":""https://kcia.or.kr/cid/main/"",""term"":""Mica""}]","(TITLE_ABS:""Mica"") AND (TITLE_ABS:""skin"" OR TITLE_ABS:""topical"") AND NOT SRC:MED AND NOT SRC:PAT",1d5e01ce249d672c3c17d2c099effeecbee3131520dec51a2833f16daaaa6c04,mwbl-ingredient-evidence-query-v1.1,2026-07-13T06:26:27+00:00,2026-07-13T06:26:30+00:00,4,4,50,4,4,complete,Y,Y,2026-07-13T06:26:30+00:00,success,1,0,,,https://www.ebi.ac.uk/europepmc/webservices/rest/search,relevance,approved_terms_only,N,200,2654,candidate_unverified,none,mwbl-ingredient-multisource-discovery-v1.1-fresh,7779d9ebab29447f8465881efcb23b09a0f2f3751f524d19b389205ce650f26d
europe_pmc:cetearyl_alcohol:4878fd1604f7f54d,europe_pmc,31,cetearyl_alcohol,세테아릴알코올,Cetearyl Alcohol,Cetearyl Alcohol,"[{""alias_type"":"""",""origin"":""canonical_name_en"",""source"":""https://kcia.or.kr/cid/main/"",""term"":""Cetearyl Alcohol""}]","(TITLE_ABS:""Cetearyl Alcohol"") AND (TITLE_ABS:""skin"" OR TITLE_ABS:""topical"") AND NOT SRC:MED AND NOT SRC:PAT",4878fd1604f7f54ddd86d9f2557664cceb2b8f24c3d08c69bd991542efd1db43,mwbl-ingredient-evidence-query-v1.1,2026-07-13T06:26:28+00:00,2026-07-13T06:26:31+00:00,0,0,50,0,0,complete,Y,Y,2026-07-13T06:26:31+00:00,success,1,0,,,https://www.ebi.ac.uk/europepmc/webservices/rest/search,relevance,approved_terms_only,N,200,2628,candidate_unverified,none,mwbl-ingredient-multisource-discovery-v1.1-fresh,7779d9ebab29447f8465881efcb23b09a0f2f3751f524d19b389205ce650f26d
europe_pmc:carbomer:123db019ea837939,europe_pmc,32,carbomer,카보머,Carbomer,Carbomer,"[{""alias_type"":"""",""origin"":""canonical_name_en"",""source"":""https://kcia.or.kr/cid/main/"",""term"":""Carbomer""}]","(TITLE_ABS:""Carbomer"") AND (TITLE_ABS:""skin"" OR TITLE_ABS:""topical"") AND NOT SRC:MED AND NOT SRC:PAT",123db019ea837939d68ba2ef340b6c2405560cc251a40871e6f4f5c6efdff10f,mwbl-ingredient-evidence-query-v1.1,2026-07-13T06:26:29+00:00,2026-07-13T06:26:32+00:00,7,7,50,7,7,complete,Y,Y,2026-07-13T06:26:32+00:00,success,1,0,,,https://www.ebi.ac.uk/europepmc/webservices/rest/search,relevance,approved_terms_only,N,200,3081,candidate_unverified,none,mwbl-ingredient-multisource-discovery-v1.1-fresh,7779d9ebab29447f8465881efcb23b09a0f2f3751f524d19b389205ce650f26d
europe_pmc:geraniol:9f94d459f35bc561,europe_pmc,33,geraniol,제라니올,Geraniol,Geraniol,"[{""alias_type"":"""",""origin"":""canonical_name_en"",""source"":""https://kcia.or.kr/cid/main/"",""term"":""Geraniol""}]","(TITLE_ABS:""Geraniol"") AND (TITLE_ABS:""skin"" OR TITLE_ABS:""topical"") AND NOT SRC:MED AND NOT SRC:PAT",9f94d459f35bc56102e7c2f30ce0c230f5d44f71d20460d6f3f3ec54f64f24a6,mwbl-ingredient-evidence-query-v1.1,2026-07-13T06:26:30+00:00,2026-07-13T06:26:33+00:00,18,18,50,18,18,complete,Y,Y,2026-07-13T06:26:33+00:00,success,1,0,,,https://www.ebi.ac.uk/europepmc/webservices/rest/search,relevance,approved_terms_only,N,200,3637,candidate_unverified,none,mwbl-ingredient-multisource-discovery-v1.1-fresh,7779d9ebab29447f8465881efcb23b09a0f2f3751f524d19b389205ce650f26d
europe_pmc:aluminum_hydroxide:bab90813d8671df7,europe_pmc,35,aluminum_hydroxide,알루미늄하이드록사이드,Aluminum Hydroxide,Aluminum Hydroxide,"[{""alias_type"":"""",""origin"":""canonical_name_en"",""source"":""https://kcia.or.kr/cid/main/"",""term"":""Aluminum Hydroxide""}]","(TITLE_ABS:""Aluminum Hydroxide"") AND (TITLE_ABS:""skin"" OR TITLE_ABS:""topical"") AND NOT SRC:MED AND NOT SRC:PAT",bab90813d8671df76c498a6bcf4a9edfc0924e8ca2095a2f631a079351ef9519,mwbl-ingredient-evidence-query-v1.1,2026-07-13T06:26:30+00:00,2026-07-13T06:26:33+00:00,0,0,50,0,0,complete,Y,Y,2026-07-13T06:26:33+00:00,success,1,0,,,https://www.ebi.ac.uk/europepmc/webservices/rest/search,relevance,approved_terms_only,N,200,3105,candidate_unverified,none,mwbl-ingredient-multisource-discovery-v1.1-fresh,7779d9ebab29447f8465881efcb23b09a0f2f3751f524d19b389205ce650f26d
europe_pmc:helianthus_annuus_sunflower_seed_oil:4e0293304f9d1350,europe_pmc,36,helianthus_annuus_sunflower_seed_oil,해바라기씨오일,Helianthus Annuus (Sunflower) Seed Oil,Helianthus Annuus (Sunflower) Seed Oil,"[{""alias_type"":"""",""origin"":""canonical_name_en"",""source"":""https://kcia.or.kr/cid/main/"",""term"":""Helianthus Annuus (Sunflower) Seed Oil""}]","(TITLE_ABS:""Helianthus Annuus (Sunflower) Seed Oil"") AND (TITLE_ABS:""skin"" OR TITLE_ABS:""topical"") AND NOT SRC:MED AND NOT SRC:PAT",4e0293304f9d1350a47c3e88d8a0fd5c303701cb71bc6ec85b640ade31600c6f,mwbl-ingredient-evidence-query-v1.1,2026-07-13T06:26:31+00:00,2026-07-13T06:26:33+00:00,0,0,50,0,0,complete,Y,Y,2026-07-13T06:26:33+00:00,success,1,0,,,https://www.ebi.ac.uk/europepmc/webservices/rest/search,relevance,approved_terms_only,N,200,2604,candidate_unverified,none,mwbl-ingredient-multisource-discovery-v1.1-fresh,7779d9ebab29447f8465881efcb23b09a0f2f3751f524d19b389205ce650f26d
europe_pmc:butyrospermum_parkii_shea_butter:9fc3749e59530089,europe_pmc,38,butyrospermum_parkii_shea_butter,시어버터,Butyrospermum Parkii (Shea) Butter,Butyrospermum Parkii (Shea) Butter,"[{""alias_type"":"""",""origin"":""canonical_name_en"",""source"":""https://kcia.or.kr/cid/main/"",""term"":""Butyrospermum Parkii (Shea) Butter""}]","(TITLE_ABS:""Butyrospermum Parkii (Shea) Butter"") AND (TITLE_ABS:""skin"" OR TITLE_ABS:""topical"") AND NOT SRC:MED AND NOT SRC:PAT",9fc3749e59530089ae99f5344d68646373d6519e004139fc053f3f17064749fe,mwbl-ingredient-evidence-query-v1.1,2026-07-13T06:26:32+00:00,2026-07-13T06:26:35+00:00,1,1,50,1,1,complete,Y,Y,2026-07-13T06:26:35+00:00,success,1,0,,,https://www.ebi.ac.uk/europepmc/webservices/rest/search,relevance,approved_terms_only,N,200,2640,candidate_unverified,none,mwbl-ingredient-multisource-discovery-v1.1-fresh,7779d9ebab29447f8465881efcb23b09a0f2f3751f524d19b389205ce650f26d
europe_pmc:triethoxycaprylylsilane:bffa3245cfee592a,europe_pmc,39,triethoxycaprylylsilane,트라이에톡시카프릴릴실레인,Triethoxycaprylylsilane,Triethoxycaprylylsilane,"[{""alias_type"":"""",""origin"":""canonical_name_en"",""source"":""https://kcia.or.kr/cid/main/"",""term"":""Triethoxycaprylylsilane""}]","(TITLE_ABS:""Triethoxycaprylylsilane"") AND (TITLE_ABS:""skin"" OR TITLE_ABS:""topical"") AND NOT SRC:MED AND NOT SRC:PAT",bffa3245cfee592ae9e5ebae5582ccd4b7b18a572256a9dd7459147ae33cc445,mwbl-ingredient-evidence-query-v1.1,2026-07-13T06:26:33+00:00,2026-07-13T06:26:35+00:00,0,0,50,0,0,complete,Y,Y,2026-07-13T06:26:35+00:00,success,1,0,,,https://www.ebi.ac.uk/europepmc/webservices/rest/search,relevance,approved_terms_only,N,200,2639,candidate_unverified,none,mwbl-ingredient-multisource-discovery-v1.1-fresh,7779d9ebab29447f8465881efcb23b09a0f2f3751f524d19b389205ce650f26d
europe_pmc:glyceryl_stearate:238148250bcb37a2,europe_pmc,40,glyceryl_stearate,글리세릴스테아레이트,Glyceryl Stearate,Glyceryl Stearate,"[{""alias_type"":"""",""origin"":""canonical_name_en"",""source"":""https://kcia.or.kr/cid/main/"",""term"":""Glyceryl Stearate""}]","(TITLE_ABS:""Glyceryl Stearate"") AND (TITLE_ABS:""skin"" OR TITLE_ABS:""topical"") AND NOT SRC:MED AND NOT SRC:PAT",238148250bcb37a26e7aea49d4c06a6cc1290aedd39ad08b2072baabcc87e1f4,mwbl-ingredient-evidence-query-v1.1,2026-07-13T06:26:33+00:00,2026-07-13T06:26:36+00:00,1,1,50,1,1,complete,Y,Y,2026-07-13T06:26:36+00:00,success,1,0,,,https://www.ebi.ac.uk/europepmc/webservices/rest/search,relevance,approved_terms_only,N,200,2626,candidate_unverified,none,mwbl-ingredient-multisource-discovery-v1.1-fresh,7779d9ebab29447f8465881efcb23b09a0f2f3751f524d19b389205ce650f26d
europe_pmc:dipropylene_glycol:c2c41537060bf0af,europe_pmc,41,dipropylene_glycol,다이프로필렌글라이콜,Dipropylene Glycol,Dipropylene Glycol,"[{""alias_type"":"""",""origin"":""canonical_name_en"",""source"":""https://kcia.or.kr/cid/main/"",""term"":""Dipropylene Glycol""}]","(TITLE_ABS:""Dipropylene Glycol"") AND (TITLE_ABS:""skin"" OR TITLE_ABS:""topical"") AND NOT SRC:MED AND NOT SRC:PAT",c2c41537060bf0af2360c97e9dfc4fa753fe8ca3038ea02e0bd9a9dce4c2e7ee,mwbl-ingredient-evidence-query-v1.1,2026-07-13T06:26:33+00:00,2026-07-13T06:26:36+00:00,1,1,50,1,1,complete,Y,Y,2026-07-13T06:26:36+00:00,success,1,0,,,https://www.ebi.ac.uk/europepmc/webservices/rest/search,relevance,approved_terms_only,N,200,3172,candidate_unverified,none,mwbl-ingredient-multisource-discovery-v1.1-fresh,7779d9ebab29447f8465881efcb23b09a0f2f3751f524d19b389205ce650f26d
europe_pmc:fragrance_perfume_parfum:02e137c8a31d7e85,europe_pmc,42,fragrance_perfume_parfum,향료,Fragrance,Fragrance|Perfume|Parfum,"[{""alias_type"":"""",""origin"":""canonical_name_en"",""source"":""https://kcia.or.kr/cid/main/"",""term"":""Fragrance""},{""alias_type"":"""",""origin"":""canonical_name_en"",""source"":""https://kcia.or.kr/cid/main/"",""term"":""Perfume""},{""alias_type"":"""",""origin"":""canonical_name_en"",""source"":""https://kcia.or.kr/cid/main/"",""term"":""Parfum""}]","(TITLE_ABS:""Fragrance"" OR TITLE_ABS:""Perfume"" OR TITLE_ABS:""Parfum"") AND (TITLE_ABS:""skin"" OR TITLE_ABS:""topical"") AND NOT SRC:MED AND NOT SRC:PAT",02e137c8a31d7e8574b4aec45fa59441d95df721f71a6f5fc1eec68853478898,mwbl-ingredient-evidence-query-v1.1,2026-07-13T06:26:35+00:00,2026-07-13T06:26:38+00:00,19,19,50,19,19,complete,Y,Y,2026-07-13T06:26:38+00:00,success,1,0,,,https://www.ebi.ac.uk/europepmc/webservices/rest/search,relevance,approved_terms_only,N,200,3161,candidate_unverified,none,mwbl-ingredient-multisource-discovery-v1.1-fresh,7779d9ebab29447f8465881efcb23b09a0f2f3751f524d19b389205ce650f26d
europe_pmc:hydrogenated_lecithin:a8ae2cf89c08f25c,europe_pmc,43,hydrogenated_lecithin,하이드로제네이티드레시틴,Hydrogenated Lecithin,Hydrogenated Lecithin,"[{""alias_type"":"""",""origin"":""canonical_name_en"",""source"":""https://kcia.or.kr/cid/main/"",""term"":""Hydrogenated Lecithin""}]","(TITLE_ABS:""Hydrogenated Lecithin"") AND (TITLE_ABS:""skin"" OR TITLE_ABS:""topical"") AND NOT SRC:MED AND NOT SRC:PAT",a8ae2cf89c08f25ca6b6d7d61548a32627e897ee166fc79b4da03bdb48ffd423,mwbl-ingredient-evidence-query-v1.1,2026-07-13T06:26:35+00:00,2026-07-13T06:26:38+00:00,0,0,50,0,0,complete,Y,Y,2026-07-13T06:26:38+00:00,success,1,0,,,https://www.ebi.ac.uk/europepmc/webservices/rest/search,relevance,approved_terms_only,N,200,2618,candidate_unverified,none,mwbl-ingredient-multisource-discovery-v1.1-fresh,7779d9ebab29447f8465881efcb23b09a0f2f3751f524d19b389205ce650f26d
europe_pmc:hexyl_cinnamal:c2983f97ebfe6d02,europe_pmc,44,hexyl_cinnamal,헥실신남알,Hexyl Cinnamal,Hexyl Cinnamal,"[{""alias_type"":"""",""origin"":""canonical_name_en"",""source"":""https://kcia.or.kr/cid/main/"",""term"":""Hexyl Cinnamal""}]","(TITLE_ABS:""Hexyl Cinnamal"") AND (TITLE_ABS:""skin"" OR TITLE_ABS:""topical"") AND NOT SRC:MED AND NOT SRC:PAT",c2983f97ebfe6d022b773c7dab24c0799441990738b046f768ee660ed955bebb,mwbl-ingredient-evidence-query-v1.1,2026-07-13T06:26:36+00:00,2026-07-13T06:26:38+00:00,1,1,50,1,1,complete,Y,Y,2026-07-13T06:26:38+00:00,success,1,0,,,https://www.ebi.ac.uk/europepmc/webservices/rest/search,relevance,approved_terms_only,N,200,2111,candidate_unverified,none,mwbl-ingredient-multisource-discovery-v1.1-fresh,7779d9ebab29447f8465881efcb23b09a0f2f3751f524d19b389205ce650f26d
europe_pmc:pentaerythrityl_tetra_di_t_butyl_hydroxyhydrocinnamate:78564696d0be05d4,europe_pmc,45,pentaerythrityl_tetra_di_t_butyl_hydroxyhydrocinnamate,펜타에리스리틸테트라-다이-t-부틸하이드록시하이드로신나 메이트,Pentaerythrityl Tetra-di-t-butyl Hydroxyhydrocinnamate,Pentaerythrityl Tetra-di-t-butyl Hydroxyhydrocinnamate,"[{""alias_type"":"""",""origin"":""canonical_name_en"",""source"":""https://kcia.or.kr/cid/main/"",""term"":""Pentaerythrityl Tetra-di-t-butyl Hydroxyhydrocinnamate""}]","(TITLE_ABS:""Pentaerythrityl Tetra-di-t-butyl Hydroxyhydrocinnamate"") AND (TITLE_ABS:""skin"" OR TITLE_ABS:""topical"") AND NOT SRC:MED AND NOT SRC:PAT",78564696d0be05d4101d63801a6abb0b18f26d59258ef3b26c572254c0fc92c3,mwbl-ingredient-evidence-query-v1.1,2026-07-13T06:26:36+00:00,2026-07-13T06:26:39+00:00,0,0,50,0,0,complete,Y,Y,2026-07-13T06:26:39+00:00,success,1,0,,,https://www.ebi.ac.uk/europepmc/webservices/rest/search,relevance,approved_terms_only,N,200,2597,candidate_unverified,none,mwbl-ingredient-multisource-discovery-v1.1-fresh,7779d9ebab29447f8465881efcb23b09a0f2f3751f524d19b389205ce650f26d
europe_pmc:propylene_glycol:ec98ab05d720af7b,europe_pmc,46,propylene_glycol,프로필렌글라이콜,Propylene Glycol,Propylene Glycol,"[{""alias_type"":"""",""origin"":""canonical_name_en"",""source"":""https://kcia.or.kr/cid/main/"",""term"":""Propylene Glycol""}]","(TITLE_ABS:""Propylene Glycol"") AND (TITLE_ABS:""skin"" OR TITLE_ABS:""topical"") AND NOT SRC:MED AND NOT SRC:PAT",ec98ab05d720af7b6a29016b234fdef346cd8ffc6a1852a35062d381e9a7a9df,mwbl-ingredient-evidence-query-v1.1,2026-07-13T06:26:38+00:00,2026-07-13T06:26:42+00:00,27,27,50,27,27,complete,Y,Y,2026-07-13T06:26:42+00:00,success,1,0,,,https://www.ebi.ac.uk/europepmc/webservices/rest/search,relevance,approved_terms_only,N,200,4224,candidate_unverified,none,mwbl-ingredient-multisource-discovery-v1.1-fresh,7779d9ebab29447f8465881efcb23b09a0f2f3751f524d19b389205ce650f26d
europe_pmc:benzyl_alcohol:972f219be26d4fbe,europe_pmc,47,benzyl_alcohol,벤질알코올,Benzyl Alcohol,Benzyl Alcohol,"[{""alias_type"":"""",""origin"":""canonical_name_en"",""source"":""https://kcia.or.kr/cid/main/"",""term"":""Benzyl Alcohol""}]","(TITLE_ABS:""Benzyl Alcohol"") AND (TITLE_ABS:""skin"" OR TITLE_ABS:""topical"") AND NOT SRC:MED AND NOT SRC:PAT",972f219be26d4fbea5a29315d3cd58cd982af67b905141a7fd631472e68d27dc,mwbl-ingredient-evidence-query-v1.1,2026-07-13T06:26:38+00:00,2026-07-13T06:26:42+00:00,8,8,50,8,8,complete,Y,Y,2026-07-13T06:26:42+00:00,success,1,0,,,https://www.ebi.ac.uk/europepmc/webservices/rest/search,relevance,approved_terms_only,N,200,4224,candidate_unverified,none,mwbl-ingredient-multisource-discovery-v1.1-fresh,7779d9ebab29447f8465881efcb23b09a0f2f3751f524d19b389205ce650f26d
europe_pmc:hydroxyacetophenone:031b8d8131f918d7,europe_pmc,48,hydroxyacetophenone,하이드록시아세토페논,Hydroxyacetophenone,Hydroxyacetophenone,"[{""alias_type"":"""",""origin"":""canonical_name_en"",""source"":""https://kcia.or.kr/cid/main/"",""term"":""Hydroxyacetophenone""}]","(TITLE_ABS:""Hydroxyacetophenone"") AND (TITLE_ABS:""skin"" OR TITLE_ABS:""topical"") AND NOT SRC:MED AND NOT SRC:PAT",031b8d8131f918d7a8ba74a5bac7f50075b49f0645b61c7206b78141aefd7ae1,mwbl-ingredient-evidence-query-v1.1,2026-07-13T06:26:38+00:00,2026-07-13T06:26:42+00:00,0,0,50,0,0,complete,Y,Y,2026-07-13T06:26:42+00:00,success,1,0,,,https://www.ebi.ac.uk/europepmc/webservices/rest/search,relevance,approved_terms_only,N,200,3721,candidate_unverified,none,mwbl-ingredient-multisource-discovery-v1.1-fresh,7779d9ebab29447f8465881efcb23b09a0f2f3751f524d19b389205ce650f26d
europe_pmc:sodium_citrate:ae4999ac89ddde3b,europe_pmc,49,sodium_citrate,소듐시트레이트,Sodium Citrate,Sodium Citrate,"[{""alias_type"":"""",""origin"":""canonical_name_en"",""source"":""https://kcia.or.kr/cid/main/"",""term"":""Sodium Citrate""}]","(TITLE_ABS:""Sodium Citrate"") AND (TITLE_ABS:""skin"" OR TITLE_ABS:""topical"") AND NOT SRC:MED AND NOT SRC:PAT",ae4999ac89ddde3b45dde52d17c68953718ada50a859446d519730f18cc0d211,mwbl-ingredient-evidence-query-v1.1,2026-07-13T06:26:39+00:00,2026-07-13T06:26:42+00:00,3,3,50,3,3,complete,Y,Y,2026-07-13T06:26:42+00:00,success,1,0,,,https://www.ebi.ac.uk/europepmc/webservices/rest/search,relevance,approved_terms_only,N,200,3186,candidate_unverified,none,mwbl-ingredient-multisource-discovery-v1.1-fresh,7779d9ebab29447f8465881efcb23b09a0f2f3751f524d19b389205ce650f26d
europe_pmc:lecithin:1cb014dc3b6d5a1b,europe_pmc,50,lecithin,레시틴,Lecithin,Lecithin,"[{""alias_type"":"""",""origin"":""canonical_name_en"",""source"":""https://kcia.or.kr/cid/main/"",""term"":""Lecithin""}]","(TITLE_ABS:""Lecithin"") AND (TITLE_ABS:""skin"" OR TITLE_ABS:""topical"") AND NOT SRC:MED AND NOT SRC:PAT",1cb014dc3b6d5a1b90f4e5b746e8f6b76e90835f1df2f9defcd5e8979b63e3a9,mwbl-ingredient-evidence-query-v1.1,2026-07-13T06:26:42+00:00,2026-07-13T06:26:46+00:00,25,25,50,25,25,complete,Y,Y,2026-07-13T06:26:46+00:00,success,1,0,,,https://www.ebi.ac.uk/europepmc/webservices/rest/search,relevance,approved_terms_only,N,200,4118,candidate_unverified,none,mwbl-ingredient-multisource-discovery-v1.1-fresh,7779d9ebab29447f8465881efcb23b09a0f2f3751f524d19b389205ce650f26d
europe_pmc:arginine:daf94af336857446,europe_pmc,53,arginine,알지닌,Arginine,Arginine,"[{""alias_type"":"""",""origin"":""canonical_name_en"",""source"":""https://kcia.or.kr/cid/main/"",""term"":""Arginine""}]","(TITLE_ABS:""Arginine"") AND (TITLE_ABS:""skin"" OR TITLE_ABS:""topical"") AND NOT SRC:MED AND NOT SRC:PAT",daf94af3368574460f0bc68218219fc11e83ad5a8e975dfafd953495cc9da2fa,mwbl-ingredient-evidence-query-v1.1,2026-07-13T06:26:42+00:00,2026-07-13T06:26:48+00:00,73,73,50,50,50,capped_at_retrieval_limit,N,N,2026-07-13T06:26:48+00:00,success,1,0,,,https://www.ebi.ac.uk/europepmc/webservices/rest/search,relevance,approved_terms_only,N,200,5246,candidate_unverified,none,mwbl-ingredient-multisource-discovery-v1.1-fresh,7779d9ebab29447f8465881efcb23b09a0f2f3751f524d19b389205ce650f26d
europe_pmc:citral:7ef9f4b207e40bf6,europe_pmc,54,citral,시트랄,Citral,Citral,"[{""alias_type"":"""",""origin"":""canonical_name_en"",""source"":""https://kcia.or.kr/cid/main/"",""term"":""Citral""}]","(TITLE_ABS:""Citral"") AND (TITLE_ABS:""skin"" OR TITLE_ABS:""topical"") AND NOT SRC:MED AND NOT SRC:PAT",7ef9f4b207e40bf6f651dcf1c8fbdb47562794d1efe0b46aac52704ac565b7a5,mwbl-ingredient-evidence-query-v1.1,2026-07-13T06:26:42+00:00,2026-07-13T06:26:45+00:00,6,6,50,6,6,complete,Y,Y,2026-07-13T06:26:45+00:00,success,1,0,,,https://www.ebi.ac.uk/europepmc/webservices/rest/search,relevance,approved_terms_only,N,200,3115,candidate_unverified,none,mwbl-ingredient-multisource-discovery-v1.1-fresh,7779d9ebab29447f8465881efcb23b09a0f2f3751f524d19b389205ce650f26d
europe_pmc:sorbitan_isostearate:7f63edf3a8504396,europe_pmc,56,sorbitan_isostearate,솔비탄아이소스테아레이트,Sorbitan Isostearate,Sorbitan Isostearate,"[{""alias_type"":"""",""origin"":""canonical_name_en"",""source"":""https://kcia.or.kr/cid/main/"",""term"":""Sorbitan Isostearate""}]","(TITLE_ABS:""Sorbitan Isostearate"") AND (TITLE_ABS:""skin"" OR TITLE_ABS:""topical"") AND NOT SRC:MED AND NOT SRC:PAT",7f63edf3a8504396a4bfa5a583487110a6a6498c053d13c63a809a5e966771fe,mwbl-ingredient-evidence-query-v1.1,2026-07-13T06:26:42+00:00,2026-07-13T06:26:45+00:00,0,0,50,0,0,complete,Y,Y,2026-07-13T06:26:45+00:00,success,1,0,,,https://www.ebi.ac.uk/europepmc/webservices/rest/search,relevance,approved_terms_only,N,200,3100,candidate_unverified,none,mwbl-ingredient-multisource-discovery-v1.1-fresh,7779d9ebab29447f8465881efcb23b09a0f2f3751f524d19b389205ce650f26d
europe_pmc:simmondsia_chinensis_jojoba_seed_oil:cff16563fe041cde,europe_pmc,57,simmondsia_chinensis_jojoba_seed_oil,호호바씨오일,Simmondsia Chinensis (Jojoba) Seed Oil,Simmondsia Chinensis (Jojoba) Seed Oil,"[{""alias_type"":"""",""origin"":""canonical_name_en"",""source"":""https://kcia.or.kr/cid/main/"",""term"":""Simmondsia Chinensis (Jojoba) Seed Oil""}]","(TITLE_ABS:""Simmondsia Chinensis (Jojoba) Seed Oil"") AND (TITLE_ABS:""skin"" OR TITLE_ABS:""topical"") AND NOT SRC:MED AND NOT SRC:PAT",cff16563fe041cdeefcdecdc8ac49afb56a7629c1e884614ad40df082ae0ec9d,mwbl-ingredient-evidence-query-v1.1,2026-07-13T06:26:45+00:00,2026-07-13T06:26:48+00:00,0,0,50,0,0,complete,Y,Y,2026-07-13T06:26:48+00:00,success,1,0,,,https://www.ebi.ac.uk/europepmc/webservices/rest/search,relevance,approved_terms_only,N,200,2133,candidate_unverified,none,mwbl-ingredient-multisource-discovery-v1.1-fresh,7779d9ebab29447f8465881efcb23b09a0f2f3751f524d19b389205ce650f26d
europe_pmc:chlorphenesin:13719d98660ea4fd,europe_pmc,58,chlorphenesin,클로페네신,Chlorphenesin,Chlorphenesin,"[{""alias_type"":"""",""origin"":""canonical_name_en"",""source"":""https://kcia.or.kr/cid/main/"",""term"":""Chlorphenesin""}]","(TITLE_ABS:""Chlorphenesin"") AND (TITLE_ABS:""skin"" OR TITLE_ABS:""topical"") AND NOT SRC:MED AND NOT SRC:PAT",13719d98660ea4fd83a2997b8a4fca89dbe207ac6e73214726695584e9d2d740,mwbl-ingredient-evidence-query-v1.1,2026-07-13T06:26:45+00:00,2026-07-13T06:26:49+00:00,1,1,50,1,1,complete,Y,Y,2026-07-13T06:26:49+00:00,success,1,0,,,https://www.ebi.ac.uk/europepmc/webservices/rest/search,relevance,approved_terms_only,N,200,3132,candidate_unverified,none,mwbl-ingredient-multisource-discovery-v1.1-fresh,7779d9ebab29447f8465881efcb23b09a0f2f3751f524d19b389205ce650f26d
europe_pmc:cetyl_alcohol:e557e30bf5397995,europe_pmc,59,cetyl_alcohol,세틸알코올,Cetyl Alcohol,Cetyl Alcohol,"[{""alias_type"":"""",""origin"":""canonical_name_en"",""source"":""https://kcia.or.kr/cid/main/"",""term"":""Cetyl Alcohol""}]","(TITLE_ABS:""Cetyl Alcohol"") AND (TITLE_ABS:""skin"" OR TITLE_ABS:""topical"") AND NOT SRC:MED AND NOT SRC:PAT",e557e30bf5397995396c983b9199eee280cbc9f34b54ea9c7455801a64f9487e,mwbl-ingredient-evidence-query-v1.1,2026-07-13T06:26:46+00:00,2026-07-13T06:26:49+00:00,1,1,50,1,1,complete,Y,Y,2026-07-13T06:26:49+00:00,success,1,0,,,https://www.ebi.ac.uk/europepmc/webservices/rest/search,relevance,approved_terms_only,N,200,2628,candidate_unverified,none,mwbl-ingredient-multisource-discovery-v1.1-fresh,7779d9ebab29447f8465881efcb23b09a0f2f3751f524d19b389205ce650f26d
europe_pmc:trimethylsiloxysilicate:876819f6bd3df3aa,europe_pmc,60,trimethylsiloxysilicate,트라이메틸실록시실리케이트,Trimethylsiloxysilicate,Trimethylsiloxysilicate,"[{""alias_type"":"""",""origin"":""canonical_name_en"",""source"":""https://kcia.or.kr/cid/main/"",""term"":""Trimethylsiloxysilicate""}]","(TITLE_ABS:""Trimethylsiloxysilicate"") AND (TITLE_ABS:""skin"" OR TITLE_ABS:""topical"") AND NOT SRC:MED AND NOT SRC:PAT",876819f6bd3df3aa25c5257b65125a40902a88ab33c7146e087dd7ab5a54f205,mwbl-ingredient-evidence-query-v1.1,2026-07-13T06:26:48+00:00,2026-07-13T06:26:50+00:00,0,0,50,0,0,complete,Y,Y,2026-07-13T06:26:50+00:00,success,1,0,,,https://www.ebi.ac.uk/europepmc/webservices/rest/search,relevance,approved_terms_only,N,200,2583,candidate_unverified,none,mwbl-ingredient-multisource-discovery-v1.1-fresh,7779d9ebab29447f8465881efcb23b09a0f2f3751f524d19b389205ce650f26d
europe_pmc:benzyl_salicylate:54d260b0fdbf5c24,europe_pmc,61,benzyl_salicylate,벤질살리실레이트,Benzyl Salicylate,Benzyl Salicylate,"[{""alias_type"":"""",""origin"":""canonical_name_en"",""source"":""https://kcia.or.kr/cid/main/"",""term"":""Benzyl Salicylate""}]","(TITLE_ABS:""Benzyl Salicylate"") AND (TITLE_ABS:""skin"" OR TITLE_ABS:""topical"") AND NOT SRC:MED AND NOT SRC:PAT",54d260b0fdbf5c248508090429db033ec7356425d37f4fe658d5aa8ece82ed80,mwbl-ingredient-evidence-query-v1.1,2026-07-13T06:26:48+00:00,2026-07-13T06:26:51+00:00,1,1,50,1,1,complete,Y,Y,2026-07-13T06:26:51+00:00,success,1,0,,,https://www.ebi.ac.uk/europepmc/webservices/rest/search,relevance,approved_terms_only,N,200,3087,candidate_unverified,none,mwbl-ingredient-multisource-discovery-v1.1-fresh,7779d9ebab29447f8465881efcb23b09a0f2f3751f524d19b389205ce650f26d
europe_pmc:isododecane:4e94e2a77df92a0e,europe_pmc,62,isododecane,아이소도데케인,Isododecane,Isododecane,"[{""alias_type"":"""",""origin"":""canonical_name_en"",""source"":""https://kcia.or.kr/cid/main/"",""term"":""Isododecane""}]","(TITLE_ABS:""Isododecane"") AND (TITLE_ABS:""skin"" OR TITLE_ABS:""topical"") AND NOT SRC:MED AND NOT SRC:PAT",4e94e2a77df92a0eb1da90e4665c833be82f851b5b77a38d2f9f96d855adbba8,mwbl-ingredient-evidence-query-v1.1,2026-07-13T06:26:49+00:00,2026-07-13T06:26:51+00:00,0,0,50,0,0,complete,Y,Y,2026-07-13T06:26:51+00:00,success,1,0,,,https://www.ebi.ac.uk/europepmc/webservices/rest/search,relevance,approved_terms_only,N,200,2662,candidate_unverified,none,mwbl-ingredient-multisource-discovery-v1.1-fresh,7779d9ebab29447f8465881efcb23b09a0f2f3751f524d19b389205ce650f26d
europe_pmc:sodium_hyaluronate:4a40a2440587345d,europe_pmc,63,sodium_hyaluronate,소듐하이알루로네이트,Sodium Hyaluronate,Sodium Hyaluronate,"[{""alias_type"":"""",""origin"":""canonical_name_en"",""source"":""https://kcia.or.kr/cid/main/"",""term"":""Sodium Hyaluronate""}]","(TITLE_ABS:""Sodium Hyaluronate"") AND (TITLE_ABS:""skin"" OR TITLE_ABS:""topical"") AND NOT SRC:MED AND NOT SRC:PAT",4a40a2440587345d46190268b859077c147966aae3c52efa87a01cd4166ff17d,mwbl-ingredient-evidence-query-v1.1,2026-07-13T06:26:49+00:00,2026-07-13T06:26:52+00:00,13,13,50,13,13,complete,Y,Y,2026-07-13T06:26:52+00:00,success,1,0,,,https://www.ebi.ac.uk/europepmc/webservices/rest/search,relevance,approved_terms_only,N,200,3681,candidate_unverified,none,mwbl-ingredient-multisource-discovery-v1.1-fresh,7779d9ebab29447f8465881efcb23b09a0f2f3751f524d19b389205ce650f26d
europe_pmc:acrylates_c10_30_alkyl_acrylate_crosspolymer:40b632b9b605c617,europe_pmc,64,acrylates_c10_30_alkyl_acrylate_crosspolymer,아크릴레이트/C10-30알킬아크릴레이트크로스폴리머,Acrylates/C10-30 Alkyl Acrylate Crosspolymer,Acrylates/C10-30 Alkyl Acrylate Crosspolymer,"[{""alias_type"":"""",""origin"":""canonical_name_en"",""source"":""https://kcia.or.kr/cid/main/"",""term"":""Acrylates/C10-30 Alkyl Acrylate Crosspolymer""}]","(TITLE_ABS:""Acrylates/C10-30 Alkyl Acrylate Crosspolymer"") AND (TITLE_ABS:""skin"" OR TITLE_ABS:""topical"") AND NOT SRC:MED AND NOT SRC:PAT",40b632b9b605c617172a7881a69446b331421fa3c5d979a8cb08409eabab10be,mwbl-ingredient-evidence-query-v1.1,2026-07-13T06:26:50+00:00,2026-07-13T06:26:53+00:00,0,0,50,0,0,complete,Y,Y,2026-07-13T06:26:53+00:00,success,1,0,,,https://www.ebi.ac.uk/europepmc/webservices/rest/search,relevance,approved_terms_only,N,200,2618,candidate_unverified,none,mwbl-ingredient-multisource-discovery-v1.1-fresh,7779d9ebab29447f8465881efcb23b09a0f2f3751f524d19b389205ce650f26d
europe_pmc:synthetic_fluorphlogopite:5e347dd2c481366c,europe_pmc,65,synthetic_fluorphlogopite,합성플루오르플로고파이트,Synthetic Fluorphlogopite,Synthetic Fluorphlogopite,"[{""alias_type"":"""",""origin"":""canonical_name_en"",""source"":""https://kcia.or.kr/cid/main/"",""term"":""Synthetic Fluorphlogopite""}]","(TITLE_ABS:""Synthetic Fluorphlogopite"") AND (TITLE_ABS:""skin"" OR TITLE_ABS:""topical"") AND NOT SRC:MED AND NOT SRC:PAT",5e347dd2c481366cc58ca40dfa38b5c78db2b1880c2af159efcf9ca79b2fc148,mwbl-ingredient-evidence-query-v1.1,2026-07-13T06:26:51+00:00,2026-07-13T06:26:53+00:00,0,0,50,0,0,complete,Y,Y,2026-07-13T06:26:53+00:00,success,1,0,,,https://www.ebi.ac.uk/europepmc/webservices/rest/search,relevance,approved_terms_only,N,200,2627,candidate_unverified,none,mwbl-ingredient-multisource-discovery-v1.1-fresh,7779d9ebab29447f8465881efcb23b09a0f2f3751f524d19b389205ce650f26d
europe_pmc:polysorbate_20:54f66aac249745e7,europe_pmc,66,polysorbate_20,폴리솔베이트20,Polysorbate 20,Polysorbate 20,"[{""alias_type"":"""",""origin"":""canonical_name_en"",""source"":""https://kcia.or.kr/cid/main/"",""term"":""Polysorbate 20""}]","(TITLE_ABS:""Polysorbate 20"") AND (TITLE_ABS:""skin"" OR TITLE_ABS:""topical"") AND NOT SRC:MED AND NOT SRC:PAT",54f66aac249745e7b7e3e5f2a1ba870d00f458b0c47c2d7d4c80dfc2723b23f7,mwbl-ingredient-evidence-query-v1.1,2026-07-13T06:26:51+00:00,2026-07-13T06:26:54+00:00,1,1,50,1,1,complete,Y,Y,2026-07-13T06:26:54+00:00,success,1,0,,,https://www.ebi.ac.uk/europepmc/webservices/rest/search,relevance,approved_terms_only,N,200,2622,candidate_unverified,none,mwbl-ingredient-multisource-discovery-v1.1-fresh,7779d9ebab29447f8465881efcb23b09a0f2f3751f524d19b389205ce650f26d
europe_pmc:propylene_carbonate:51ec7d6a04ab3594,europe_pmc,67,propylene_carbonate,프로필렌카보네이트,Propylene Carbonate,Propylene Carbonate,"[{""alias_type"":"""",""origin"":""canonical_name_en"",""source"":""https://kcia.or.kr/cid/main/"",""term"":""Propylene Carbonate""}]","(TITLE_ABS:""Propylene Carbonate"") AND (TITLE_ABS:""skin"" OR TITLE_ABS:""topical"") AND NOT SRC:MED AND NOT SRC:PAT",51ec7d6a04ab359429720a83ae3f3fc86d2e0a2565de68250db5ad182807356e,mwbl-ingredient-evidence-query-v1.1,2026-07-13T06:26:52+00:00,2026-07-13T06:26:55+00:00,0,0,50,0,0,complete,Y,Y,2026-07-13T06:26:55+00:00,success,1,0,,,https://www.ebi.ac.uk/europepmc/webservices/rest/search,relevance,approved_terms_only,N,200,2628,candidate_unverified,none,mwbl-ingredient-multisource-discovery-v1.1-fresh,7779d9ebab29447f8465881efcb23b09a0f2f3751f524d19b389205ce650f26d
europe_pmc:tin_oxide:839af546033fb852,europe_pmc,68,tin_oxide,틴옥사이드,Tin Oxide,Tin Oxide,"[{""alias_type"":"""",""origin"":""canonical_name_en"",""source"":""https://kcia.or.kr/cid/main/"",""term"":""Tin Oxide""}]","(TITLE_ABS:""Tin Oxide"") AND (TITLE_ABS:""skin"" OR TITLE_ABS:""topical"") AND NOT SRC:MED AND NOT SRC:PAT",839af546033fb85213802b3cfe5b4da4acaa0b92c25b707d4aa19d6db8d8ea29,mwbl-ingredient-evidence-query-v1.1,2026-07-13T06:26:53+00:00,2026-07-13T06:26:55+00:00,1,1,50,1,1,complete,Y,Y,2026-07-13T06:26:55+00:00,success,1,0,,,https://www.ebi.ac.uk/europepmc/webservices/rest/search,relevance,approved_terms_only,N,200,2635,candidate_unverified,none,mwbl-ingredient-multisource-discovery-v1.1-fresh,7779d9ebab29447f8465881efcb23b09a0f2f3751f524d19b389205ce650f26d
europe_pmc:maltodextrin:bc4df3c21c3815cc,europe_pmc,69,maltodextrin,말토덱스트린,Maltodextrin,Maltodextrin,"[{""alias_type"":"""",""origin"":""canonical_name_en"",""source"":""https://kcia.or.kr/cid/main/"",""term"":""Maltodextrin""}]","(TITLE_ABS:""Maltodextrin"") AND (TITLE_ABS:""skin"" OR TITLE_ABS:""topical"") AND NOT SRC:MED AND NOT SRC:PAT",bc4df3c21c3815cc2d8c1e7985ca1a8938f9bf5776cf7aa4f8de413485fa0cf6,mwbl-ingredient-evidence-query-v1.1,2026-07-13T06:26:53+00:00,2026-07-13T06:26:57+00:00,17,17,50,17,17,complete,Y,Y,2026-07-13T06:26:57+00:00,success,1,0,,,https://www.ebi.ac.uk/europepmc/webservices/rest/search,relevance,approved_terms_only,N,200,3704,candidate_unverified,none,mwbl-ingredient-multisource-discovery-v1.1-fresh,7779d9ebab29447f8465881efcb23b09a0f2f3751f524d19b389205ce650f26d
europe_pmc:cetyl_peg_ppg_10_1_dimethicone:64fd7736702cc618,europe_pmc,70,cetyl_peg_ppg_10_1_dimethicone,세틸피이지/피피지-10/1다이메티콘,Cetyl PEG/PPG-10/1 Dimethicone,Cetyl PEG/PPG-10/1 Dimethicone,"[{""alias_type"":"""",""origin"":""canonical_name_en"",""source"":""https://kcia.or.kr/cid/main/"",""term"":""Cetyl PEG/PPG-10/1 Dimethicone""}]","(TITLE_ABS:""Cetyl PEG/PPG-10/1 Dimethicone"") AND (TITLE_ABS:""skin"" OR TITLE_ABS:""topical"") AND NOT SRC:MED AND NOT SRC:PAT",64fd7736702cc61897ed98a11bbbc8afb42f00cde6fded85d824bcd34b73c679,mwbl-ingredient-evidence-query-v1.1,2026-07-13T06:26:54+00:00,2026-07-13T06:26:56+00:00,0,0,50,0,0,complete,Y,Y,2026-07-13T06:26:56+00:00,success,1,0,,,https://www.ebi.ac.uk/europepmc/webservices/rest/search,relevance,approved_terms_only,N,200,2595,candidate_unverified,none,mwbl-ingredient-multisource-discovery-v1.1-fresh,7779d9ebab29447f8465881efcb23b09a0f2f3751f524d19b389205ce650f26d
europe_pmc:betaine:b7ddb53a47482b94,europe_pmc,71,betaine,베타인,Betaine,Betaine,"[{""alias_type"":"""",""origin"":""canonical_name_en"",""source"":""https://kcia.or.kr/cid/main/"",""term"":""Betaine""}]","(TITLE_ABS:""Betaine"") AND (TITLE_ABS:""skin"" OR TITLE_ABS:""topical"") AND NOT SRC:MED AND NOT SRC:PAT",b7ddb53a47482b940e7b94dc8e58f1ed5692f736afb64c0f8a0d5b7eced405cf,mwbl-ingredient-evidence-query-v1.1,2026-07-13T06:26:55+00:00,2026-07-13T06:26:57+00:00,12,12,50,12,12,complete,Y,Y,2026-07-13T06:26:57+00:00,success,1,0,,,https://www.ebi.ac.uk/europepmc/webservices/rest/search,relevance,approved_terms_only,N,200,2613,candidate_unverified,none,mwbl-ingredient-multisource-discovery-v1.1-fresh,7779d9ebab29447f8465881efcb23b09a0f2f3751f524d19b389205ce650f26d
europe_pmc:bht:d0b8a6f448f4e066,europe_pmc,72,bht,비에이치티,BHT,BHT,"[{""alias_type"":"""",""origin"":""canonical_name_en"",""source"":""https://kcia.or.kr/cid/main/"",""term"":""BHT""}]","(TITLE_ABS:""BHT"") AND (TITLE_ABS:""skin"" OR TITLE_ABS:""topical"") AND NOT SRC:MED AND NOT SRC:PAT",d0b8a6f448f4e0664e6372182721bdec98a350038109674f3f164f52b4cda636,mwbl-ingredient-evidence-query-v1.1,2026-07-13T06:26:55+00:00,2026-07-13T06:26:58+00:00,15,15,50,15,15,complete,Y,Y,2026-07-13T06:26:58+00:00,success,1,0,,,https://www.ebi.ac.uk/europepmc/webservices/rest/search,relevance,approved_terms_only,N,200,3132,candidate_unverified,none,mwbl-ingredient-multisource-discovery-v1.1-fresh,7779d9ebab29447f8465881efcb23b09a0f2f3751f524d19b389205ce650f26d
europe_pmc:tromethamine:607ce09ebe3720a2,europe_pmc,73,tromethamine,트로메타민,Tromethamine,Tromethamine,"[{""alias_type"":"""",""origin"":""canonical_name_en"",""source"":""https://kcia.or.kr/cid/main/"",""term"":""Tromethamine""}]","(TITLE_ABS:""Tromethamine"") AND (TITLE_ABS:""skin"" OR TITLE_ABS:""topical"") AND NOT SRC:MED AND NOT SRC:PAT",607ce09ebe3720a2de967a0cfc553c19f13c194c7db7d5cd6bdb636afcc7ab31,mwbl-ingredient-evidence-query-v1.1,2026-07-13T06:26:56+00:00,2026-07-13T06:26:59+00:00,2,2,50,2,2,complete,Y,Y,2026-07-13T06:26:59+00:00,success,1,0,,,https://www.ebi.ac.uk/europepmc/webservices/rest/search,relevance,approved_terms_only,N,200,2654,candidate_unverified,none,mwbl-ingredient-multisource-discovery-v1.1-fresh,7779d9ebab29447f8465881efcb23b09a0f2f3751f524d19b389205ce650f26d
europe_pmc:dimethicone_vinyl_dimethicone_crosspolymer:7414a959f67705b9,europe_pmc,74,dimethicone_vinyl_dimethicone_crosspolymer,다이메티콘/비닐다이메티콘크로스폴리머,Dimethicone/Vinyl Dimethicone Crosspolymer,Dimethicone/Vinyl Dimethicone Crosspolymer,"[{""alias_type"":"""",""origin"":""canonical_name_en"",""source"":""https://kcia.or.kr/cid/main/"",""term"":""Dimethicone/Vinyl Dimethicone Crosspolymer""}]","(TITLE_ABS:""Dimethicone/Vinyl Dimethicone Crosspolymer"") AND (TITLE_ABS:""skin"" OR TITLE_ABS:""topical"") AND NOT SRC:MED AND NOT SRC:PAT",7414a959f67705b9cba8aaf8cd20a5a811173a59e18a1403b1e82355fcbd6230,mwbl-ingredient-evidence-query-v1.1,2026-07-13T06:26:57+00:00,2026-07-13T06:27:00+00:00,0,0,50,0,0,complete,Y,Y,2026-07-13T06:27:00+00:00,success,1,0,,,https://www.ebi.ac.uk/europepmc/webservices/rest/search,relevance,approved_terms_only,N,200,2603,candidate_unverified,none,mwbl-ingredient-multisource-discovery-v1.1-fresh,7779d9ebab29447f8465881efcb23b09a0f2f3751f524d19b389205ce650f26d
europe_pmc:trisodium_ethylenediamine_disuccinate:18dea1239d1e9829,europe_pmc,75,trisodium_ethylenediamine_disuccinate,트라이소듐에틸렌다이아민다이석시네이트,Trisodium Ethylenediamine Disuccinate,Trisodium Ethylenediamine Disuccinate,"[{""alias_type"":"""",""origin"":""canonical_name_en"",""source"":""https://kcia.or.kr/cid/main/"",""term"":""Trisodium Ethylenediamine Disuccinate""}]","(TITLE_ABS:""Trisodium Ethylenediamine Disuccinate"") AND (TITLE_ABS:""skin"" OR TITLE_ABS:""topical"") AND NOT SRC:MED AND NOT SRC:PAT",18dea1239d1e982917895c8153b0d96a403e1a944f3a1598efe7aaf0d76fe562,mwbl-ingredient-evidence-query-v1.1,2026-07-13T06:26:57+00:00,2026-07-13T06:27:00+00:00,0,0,50,0,0,complete,Y,Y,2026-07-13T06:27:00+00:00,success,1,0,,,https://www.ebi.ac.uk/europepmc/webservices/rest/search,relevance,approved_terms_only,N,200,2639,candidate_unverified,none,mwbl-ingredient-multisource-discovery-v1.1-fresh,7779d9ebab29447f8465881efcb23b09a0f2f3751f524d19b389205ce650f26d
europe_pmc:ethylhexyl_palmitate:30f43acd8db4cf0f,europe_pmc,77,ethylhexyl_palmitate,에틸헥실팔미테이트,Ethylhexyl Palmitate,Ethylhexyl Palmitate,"[{""alias_type"":"""",""origin"":""canonical_name_en"",""source"":""https://kcia.or.kr/cid/main/"",""term"":""Ethylhexyl Palmitate""}]","(TITLE_ABS:""Ethylhexyl Palmitate"") AND (TITLE_ABS:""skin"" OR TITLE_ABS:""topical"") AND NOT SRC:MED AND NOT SRC:PAT",30f43acd8db4cf0f4354a57de4f8615791bb529921348fa5453d6a361fda0411,mwbl-ingredient-evidence-query-v1.1,2026-07-13T06:26:58+00:00,2026-07-13T06:27:01+00:00,0,0,50,0,0,complete,Y,Y,2026-07-13T06:27:01+00:00,success,1,0,,,https://www.ebi.ac.uk/europepmc/webservices/rest/search,relevance,approved_terms_only,N,200,2619,candidate_unverified,none,mwbl-ingredient-multisource-discovery-v1.1-fresh,7779d9ebab29447f8465881efcb23b09a0f2f3751f524d19b389205ce650f26d
europe_pmc:hydroxycitronellal:921ee7cecb1e31b9,europe_pmc,78,hydroxycitronellal,하이드록시시트로넬알,Hydroxycitronellal,Hydroxycitronellal,"[{""alias_type"":"""",""origin"":""canonical_name_en"",""source"":""https://kcia.or.kr/cid/main/"",""term"":""Hydroxycitronellal""}]","(TITLE_ABS:""Hydroxycitronellal"") AND (TITLE_ABS:""skin"" OR TITLE_ABS:""topical"") AND NOT SRC:MED AND NOT SRC:PAT",921ee7cecb1e31b9bdf5f5bd2c540670df6747720bd2dc2d3ee5c77ad77e4ba9,mwbl-ingredient-evidence-query-v1.1,2026-07-13T06:26:59+00:00,2026-07-13T06:27:02+00:00,0,0,50,0,0,complete,Y,Y,2026-07-13T06:27:02+00:00,success,1,0,,,https://www.ebi.ac.uk/europepmc/webservices/rest/search,relevance,approved_terms_only,N,200,2569,candidate_unverified,none,mwbl-ingredient-multisource-discovery-v1.1-fresh,7779d9ebab29447f8465881efcb23b09a0f2f3751f524d19b389205ce650f26d
europe_pmc:magnesium_sulfate:b7e45f6199decbb5,europe_pmc,79,magnesium_sulfate,마그네슘설페이트,Magnesium Sulfate,Magnesium Sulfate,"[{""alias_type"":"""",""origin"":""canonical_name_en"",""source"":""https://kcia.or.kr/cid/main/"",""term"":""Magnesium Sulfate""}]","(TITLE_ABS:""Magnesium Sulfate"") AND (TITLE_ABS:""skin"" OR TITLE_ABS:""topical"") AND NOT SRC:MED AND NOT SRC:PAT",b7e45f6199decbb5c218053304c2d27eb7274dbd57c12f1dc552d009627781aa,mwbl-ingredient-evidence-query-v1.1,2026-07-13T06:27:00+00:00,2026-07-13T06:27:03+00:00,3,3,50,3,3,complete,Y,Y,2026-07-13T06:27:03+00:00,success,1,0,,,https://www.ebi.ac.uk/europepmc/webservices/rest/search,relevance,approved_terms_only,N,200,3152,candidate_unverified,none,mwbl-ingredient-multisource-discovery-v1.1-fresh,7779d9ebab29447f8465881efcb23b09a0f2f3751f524d19b389205ce650f26d
europe_pmc:glyceryl_caprylate:ade4c886db2ec8c8,europe_pmc,80,glyceryl_caprylate,글리세릴카프릴레이트,Glyceryl Caprylate,Glyceryl Caprylate,"[{""alias_type"":"""",""origin"":""canonical_name_en"",""source"":""https://kcia.or.kr/cid/main/"",""term"":""Glyceryl Caprylate""}]","(TITLE_ABS:""Glyceryl Caprylate"") AND (TITLE_ABS:""skin"" OR TITLE_ABS:""topical"") AND NOT SRC:MED AND NOT SRC:PAT",ade4c886db2ec8c89a6154494cc91a43b2c264713e1eb8396d4343b7f399cc66,mwbl-ingredient-evidence-query-v1.1,2026-07-13T06:27:00+00:00,2026-07-13T06:27:03+00:00,0,0,50,0,0,complete,Y,Y,2026-07-13T06:27:03+00:00,success,1,0,,,https://www.ebi.ac.uk/europepmc/webservices/rest/search,relevance,approved_terms_only,N,200,2612,candidate_unverified,none,mwbl-ingredient-multisource-discovery-v1.1-fresh,7779d9ebab29447f8465881efcb23b09a0f2f3751f524d19b389205ce650f26d
europe_pmc:polysorbate_60:dac0e3f265c7d84e,europe_pmc,81,polysorbate_60,폴리솔베이트60,Polysorbate 60,Polysorbate 60,"[{""alias_type"":"""",""origin"":""canonical_name_en"",""source"":""https://kcia.or.kr/cid/main/"",""term"":""Polysorbate 60""}]","(TITLE_ABS:""Polysorbate 60"") AND (TITLE_ABS:""skin"" OR TITLE_ABS:""topical"") AND NOT SRC:MED AND NOT SRC:PAT",dac0e3f265c7d84e42f2bc498433524c52305ad7de57e9a32d1b8c29186ac7f2,mwbl-ingredient-evidence-query-v1.1,2026-07-13T06:27:01+00:00,2026-07-13T06:27:03+00:00,0,0,50,0,0,complete,Y,Y,2026-07-13T06:27:03+00:00,success,1,0,,,https://www.ebi.ac.uk/europepmc/webservices/rest/search,relevance,approved_terms_only,N,200,2149,candidate_unverified,none,mwbl-ingredient-multisource-discovery-v1.1-fresh,7779d9ebab29447f8465881efcb23b09a0f2f3751f524d19b389205ce650f26d
europe_pmc:hexylene_glycol:f6ee730dd2143f91,europe_pmc,82,hexylene_glycol,헥실렌글라이콜,Hexylene Glycol,Hexylene Glycol,"[{""alias_type"":"""",""origin"":""canonical_name_en"",""source"":""https://kcia.or.kr/cid/main/"",""term"":""Hexylene Glycol""}]","(TITLE_ABS:""Hexylene Glycol"") AND (TITLE_ABS:""skin"" OR TITLE_ABS:""topical"") AND NOT SRC:MED AND NOT SRC:PAT",f6ee730dd2143f91f67e05cf83fca765f28be912ff63bade44c1287672a82429,mwbl-ingredient-evidence-query-v1.1,2026-07-13T06:27:02+00:00,2026-07-13T06:27:04+00:00,0,0,50,0,0,complete,Y,Y,2026-07-13T06:27:04+00:00,success,1,0,,,https://www.ebi.ac.uk/europepmc/webservices/rest/search,relevance,approved_terms_only,N,200,2641,candidate_unverified,none,mwbl-ingredient-multisource-discovery-v1.1-fresh,7779d9ebab29447f8465881efcb23b09a0f2f3751f524d19b389205ce650f26d
europe_pmc:coumarin:7c341a678280c0b6,europe_pmc,83,coumarin,쿠마린,Coumarin,Coumarin,"[{""alias_type"":"""",""origin"":""canonical_name_en"",""source"":""https://kcia.or.kr/cid/main/"",""term"":""Coumarin""}]","(TITLE_ABS:""Coumarin"") AND (TITLE_ABS:""skin"" OR TITLE_ABS:""topical"") AND NOT SRC:MED AND NOT SRC:PAT",7c341a678280c0b6a60833239923c5596feb92a595e9f15482e60281da5843c3,mwbl-ingredient-evidence-query-v1.1,2026-07-13T06:27:03+00:00,2026-07-13T06:27:06+00:00,10,10,50,10,10,complete,Y,Y,2026-07-13T06:27:06+00:00,success,1,0,,,https://www.ebi.ac.uk/europepmc/webservices/rest/search,relevance,approved_terms_only,N,200,3131,candidate_unverified,none,mwbl-ingredient-multisource-discovery-v1.1-fresh,7779d9ebab29447f8465881efcb23b09a0f2f3751f524d19b389205ce650f26d
europe_pmc:octyldodecanol:750a883a36ba71d0,europe_pmc,84,octyldodecanol,옥틸도데칸올,Octyldodecanol,Octyldodecanol,"[{""alias_type"":"""",""origin"":""canonical_name_en"",""source"":""https://kcia.or.kr/cid/main/"",""term"":""Octyldodecanol""}]","(TITLE_ABS:""Octyldodecanol"") AND (TITLE_ABS:""skin"" OR TITLE_ABS:""topical"") AND NOT SRC:MED AND NOT SRC:PAT",750a883a36ba71d02885ac40297fe7ae7386e2fa335740dabc1f2aa2534efe7f,mwbl-ingredient-evidence-query-v1.1,2026-07-13T06:27:03+00:00,2026-07-13T06:27:06+00:00,1,1,50,1,1,complete,Y,Y,2026-07-13T06:27:06+00:00,success,1,0,,,https://www.ebi.ac.uk/europepmc/webservices/rest/search,relevance,approved_terms_only,N,200,3124,candidate_unverified,none,mwbl-ingredient-multisource-discovery-v1.1-fresh,7779d9ebab29447f8465881efcb23b09a0f2f3751f524d19b389205ce650f26d
europe_pmc:caffeine:f8b9bb29fb0ba745,europe_pmc,85,caffeine,카페인,Caffeine,Caffeine,"[{""alias_type"":"""",""origin"":""canonical_name_en"",""source"":""https://kcia.or.kr/cid/main/"",""term"":""Caffeine""}]","(TITLE_ABS:""Caffeine"") AND (TITLE_ABS:""skin"" OR TITLE_ABS:""topical"") AND NOT SRC:MED AND NOT SRC:PAT",f8b9bb29fb0ba745840d7082c4ac24885c1a539d771d7b6ab347693f92bae777,mwbl-ingredient-evidence-query-v1.1,2026-07-13T06:27:03+00:00,2026-07-13T06:27:07+00:00,35,35,50,35,35,complete,Y,Y,2026-07-13T06:27:07+00:00,success,1,0,,,https://www.ebi.ac.uk/europepmc/webservices/rest/search,relevance,approved_terms_only,N,200,4218,candidate_unverified,none,mwbl-ingredient-multisource-discovery-v1.1-fresh,7779d9ebab29447f8465881efcb23b09a0f2f3751f524d19b389205ce650f26d
europe_pmc:alpha_isomethyl_ionone:a351647518663384,europe_pmc,86,alpha_isomethyl_ionone,알파-아이소메틸아이오논,Alpha-Isomethyl Ionone,Alpha-Isomethyl Ionone,"[{""alias_type"":"""",""origin"":""canonical_name_en"",""source"":""https://kcia.or.kr/cid/main/"",""term"":""Alpha-Isomethyl Ionone""}]","(TITLE_ABS:""Alpha-Isomethyl Ionone"") AND (TITLE_ABS:""skin"" OR TITLE_ABS:""topical"") AND NOT SRC:MED AND NOT SRC:PAT",a351647518663384d1ae94d73629f4910f4cdfa137c018097c2146fbec6470ba,mwbl-ingredient-evidence-query-v1.1,2026-07-13T06:27:04+00:00,2026-07-13T06:27:07+00:00,0,0,50,0,0,complete,Y,Y,2026-07-13T06:27:07+00:00,success,1,0,,,https://www.ebi.ac.uk/europepmc/webservices/rest/search,relevance,approved_terms_only,N,200,2627,candidate_unverified,none,mwbl-ingredient-multisource-discovery-v1.1-fresh,7779d9ebab29447f8465881efcb23b09a0f2f3751f524d19b389205ce650f26d
europe_pmc:titanium_dioxide:796075ebbe416d7c,europe_pmc,87,titanium_dioxide,티타늄디옥사이드,Titanium Dioxide,Titanium Dioxide,"[{""alias_type"":"""",""origin"":""canonical_name_en"",""source"":""https://kcia.or.kr/cid/main/"",""term"":""Titanium Dioxide""}]","(TITLE_ABS:""Titanium Dioxide"") AND (TITLE_ABS:""skin"" OR TITLE_ABS:""topical"") AND NOT SRC:MED AND NOT SRC:PAT",796075ebbe416d7c19f625e6207e0c1e82387c7d5d1ca9bc38105cc63849e88e,mwbl-ingredient-evidence-query-v1.1,2026-07-13T06:27:06+00:00,2026-07-13T06:27:10+00:00,21,21,50,21,21,complete,Y,Y,2026-07-13T06:27:10+00:00,success,1,0,,,https://www.ebi.ac.uk/europepmc/webservices/rest/search,relevance,approved_terms_only,N,200,3687,candidate_unverified,none,mwbl-ingredient-multisource-discovery-v1.1-fresh,7779d9ebab29447f8465881efcb23b09a0f2f3751f524d19b389205ce650f26d
europe_pmc:sodium_phytate:ac34ada3c61f5616,europe_pmc,88,sodium_phytate,소듐파이테이트,Sodium Phytate,Sodium Phytate,"[{""alias_type"":"""",""origin"":""canonical_name_en"",""source"":""https://kcia.or.kr/cid/main/"",""term"":""Sodium Phytate""}]","(TITLE_ABS:""Sodium Phytate"") AND (TITLE_ABS:""skin"" OR TITLE_ABS:""topical"") AND NOT SRC:MED AND NOT SRC:PAT",ac34ada3c61f56163c0a296ba1bc3ea36d99b0f607a3c2991800fac5efbd4559,mwbl-ingredient-evidence-query-v1.1,2026-07-13T06:27:06+00:00,2026-07-13T06:27:09+00:00,1,1,50,1,1,complete,Y,Y,2026-07-13T06:27:09+00:00,success,1,0,,,https://www.ebi.ac.uk/europepmc/webservices/rest/search,relevance,approved_terms_only,N,200,3149,candidate_unverified,none,mwbl-ingredient-multisource-discovery-v1.1-fresh,7779d9ebab29447f8465881efcb23b09a0f2f3751f524d19b389205ce650f26d
europe_pmc:benzyl_benzoate:90f0b8dc45f4d00c,europe_pmc,89,benzyl_benzoate,벤질벤조에이트,Benzyl Benzoate,Benzyl Benzoate,"[{""alias_type"":"""",""origin"":""canonical_name_en"",""source"":""https://kcia.or.kr/cid/main/"",""term"":""Benzyl Benzoate""}]","(TITLE_ABS:""Benzyl Benzoate"") AND (TITLE_ABS:""skin"" OR TITLE_ABS:""topical"") AND NOT SRC:MED AND NOT SRC:PAT",90f0b8dc45f4d00c3799289c7b5f10d1790bdfb60e897de4b175c4ec22de1a73,mwbl-ingredient-evidence-query-v1.1,2026-07-13T06:27:07+00:00,2026-07-13T06:27:09+00:00,1,1,50,1,1,complete,Y,Y,2026-07-13T06:27:09+00:00,success,1,0,,,https://www.ebi.ac.uk/europepmc/webservices/rest/search,relevance,approved_terms_only,N,200,2613,candidate_unverified,none,mwbl-ingredient-multisource-discovery-v1.1-fresh,7779d9ebab29447f8465881efcb23b09a0f2f3751f524d19b389205ce650f26d
europe_pmc:hydroxyethylcellulose:0499b0dd8375b3f4,europe_pmc,90,hydroxyethylcellulose,하이드록시에틸셀룰로오스,Hydroxyethylcellulose,Hydroxyethylcellulose,"[{""alias_type"":"""",""origin"":""canonical_name_en"",""source"":""https://kcia.or.kr/cid/main/"",""term"":""Hydroxyethylcellulose""}]","(TITLE_ABS:""Hydroxyethylcellulose"") AND (TITLE_ABS:""skin"" OR TITLE_ABS:""topical"") AND NOT SRC:MED AND NOT SRC:PAT",0499b0dd8375b3f46f8bf79350e304b0c5e059dc360d0c812cdffb973c530681,mwbl-ingredient-evidence-query-v1.1,2026-07-13T06:27:07+00:00,2026-07-13T06:27:10+00:00,3,3,50,3,3,complete,Y,Y,2026-07-13T06:27:10+00:00,success,1,0,,,https://www.ebi.ac.uk/europepmc/webservices/rest/search,relevance,approved_terms_only,N,200,2558,candidate_unverified,none,mwbl-ingredient-multisource-discovery-v1.1-fresh,7779d9ebab29447f8465881efcb23b09a0f2f3751f524d19b389205ce650f26d
europe_pmc:phenyl_trimethicone:2d670f921ffffede,europe_pmc,94,phenyl_trimethicone,페닐트라이메티콘,Phenyl Trimethicone,Phenyl Trimethicone,"[{""alias_type"":"""",""origin"":""canonical_name_en"",""source"":""https://kcia.or.kr/cid/main/"",""term"":""Phenyl Trimethicone""}]","(TITLE_ABS:""Phenyl Trimethicone"") AND (TITLE_ABS:""skin"" OR TITLE_ABS:""topical"") AND NOT SRC:MED AND NOT SRC:PAT",2d670f921ffffede0248dfbe724c482766c0056600cba169e0d7cc2b9dc857b5,mwbl-ingredient-evidence-query-v1.1,2026-07-13T06:27:09+00:00,2026-07-13T06:27:11+00:00,0,0,50,0,0,complete,Y,Y,2026-07-13T06:27:11+00:00,success,1,0,,,https://www.ebi.ac.uk/europepmc/webservices/rest/search,relevance,approved_terms_only,N,200,2100,candidate_unverified,none,mwbl-ingredient-multisource-discovery-v1.1-fresh,7779d9ebab29447f8465881efcb23b09a0f2f3751f524d19b389205ce650f26d
europe_pmc:polyhydroxystearic_acid:b2f7c4bdfa957960,europe_pmc,95,polyhydroxystearic_acid,폴리하이드록시스테아릭애씨드,Polyhydroxystearic Acid,Polyhydroxystearic Acid,"[{""alias_type"":"""",""origin"":""canonical_name_en"",""source"":""https://kcia.or.kr/cid/main/"",""term"":""Polyhydroxystearic Acid""}]","(TITLE_ABS:""Polyhydroxystearic Acid"") AND (TITLE_ABS:""skin"" OR TITLE_ABS:""topical"") AND NOT SRC:MED AND NOT SRC:PAT",b2f7c4bdfa957960312864224622d9da9be5c46c8e4b122c4a0061d930c30336,mwbl-ingredient-evidence-query-v1.1,2026-07-13T06:27:09+00:00,2026-07-13T06:27:12+00:00,0,0,50,0,0,complete,Y,Y,2026-07-13T06:27:12+00:00,success,1,0,,,https://www.ebi.ac.uk/europepmc/webservices/rest/search,relevance,approved_terms_only,N,200,2619,candidate_unverified,none,mwbl-ingredient-multisource-discovery-v1.1-fresh,7779d9ebab29447f8465881efcb23b09a0f2f3751f524d19b389205ce650f26d
europe_pmc:peg_10_dimethicone:0081a088ed26644e,europe_pmc,96,peg_10_dimethicone,피이지-10다이메티콘,PEG-10 Dimethicone,PEG-10 Dimethicone,"[{""alias_type"":"""",""origin"":""canonical_name_en"",""source"":""https://kcia.or.kr/cid/main/"",""term"":""PEG-10 Dimethicone""}]","(TITLE_ABS:""PEG-10 Dimethicone"") AND (TITLE_ABS:""skin"" OR TITLE_ABS:""topical"") AND NOT SRC:MED AND NOT SRC:PAT",0081a088ed26644ecc2abeb25dd032f5daf9911f470b8a94b46c955feb2ec8ca,mwbl-ingredient-evidence-query-v1.1,2026-07-13T06:27:10+00:00,2026-07-13T06:27:13+00:00,0,0,50,0,0,complete,Y,Y,2026-07-13T06:27:13+00:00,success,1,0,,,https://www.ebi.ac.uk/europepmc/webservices/rest/search,relevance,approved_terms_only,N,200,3141,candidate_unverified,none,mwbl-ingredient-multisource-discovery-v1.1-fresh,7779d9ebab29447f8465881efcb23b09a0f2f3751f524d19b389205ce650f26d
europe_pmc:sodium_dehydroacetate:b93c3b31339428e9,europe_pmc,97,sodium_dehydroacetate,소듐데하이드로아세테이트,Sodium Dehydroacetate,Sodium Dehydroacetate,"[{""alias_type"":"""",""origin"":""canonical_name_en"",""source"":""https://kcia.or.kr/cid/main/"",""term"":""Sodium Dehydroacetate""}]","(TITLE_ABS:""Sodium Dehydroacetate"") AND (TITLE_ABS:""skin"" OR TITLE_ABS:""topical"") AND NOT SRC:MED AND NOT SRC:PAT",b93c3b31339428e9ae1c76caf8808d64b2fc74624912feb296db2a7d0ba7ee08,mwbl-ingredient-evidence-query-v1.1,2026-07-13T06:27:10+00:00,2026-07-13T06:27:13+00:00,1,1,50,1,1,complete,Y,Y,2026-07-13T06:27:13+00:00,success,1,0,,,https://www.ebi.ac.uk/europepmc/webservices/rest/search,relevance,approved_terms_only,N,200,2632,candidate_unverified,none,mwbl-ingredient-multisource-discovery-v1.1-fresh,7779d9ebab29447f8465881efcb23b09a0f2f3751f524d19b389205ce650f26d
europe_pmc:sodium_pca:3db679b060ccb451,europe_pmc,98,sodium_pca,소듐피씨에이,Sodium PCA,Sodium PCA,"[{""alias_type"":"""",""origin"":""canonical_name_en"",""source"":""https://kcia.or.kr/cid/main/"",""term"":""Sodium PCA""}]","(TITLE_ABS:""Sodium PCA"") AND (TITLE_ABS:""skin"" OR TITLE_ABS:""topical"") AND NOT SRC:MED AND NOT SRC:PAT",3db679b060ccb4517b45b0398631104fccfe421f12d55c8f50d5ed9551fe92f3,mwbl-ingredient-evidence-query-v1.1,2026-07-13T06:27:11+00:00,2026-07-13T06:27:14+00:00,0,0,50,0,0,complete,Y,Y,2026-07-13T06:27:14+00:00,success,1,0,,,https://www.ebi.ac.uk/europepmc/webservices/rest/search,relevance,approved_terms_only,N,200,2624,candidate_unverified,none,mwbl-ingredient-multisource-discovery-v1.1-fresh,7779d9ebab29447f8465881efcb23b09a0f2f3751f524d19b389205ce650f26d
europe_pmc:cyclopentasiloxane:b4f55c4c26c65f73,europe_pmc,99,cyclopentasiloxane,사이클로펜타실록세인,Cyclopentasiloxane,Cyclopentasiloxane,"[{""alias_type"":"""",""origin"":""canonical_name_en"",""source"":""https://kcia.or.kr/cid/main/"",""term"":""Cyclopentasiloxane""}]","(TITLE_ABS:""Cyclopentasiloxane"") AND (TITLE_ABS:""skin"" OR TITLE_ABS:""topical"") AND NOT SRC:MED AND NOT SRC:PAT",b4f55c4c26c65f73a357f840b6aeefbd732f5b3b3fba066faa796ab46d22732e,mwbl-ingredient-evidence-query-v1.1,2026-07-13T06:27:12+00:00,2026-07-13T06:27:15+00:00,0,0,50,0,0,complete,Y,Y,2026-07-13T06:27:15+00:00,success,1,0,,,https://www.ebi.ac.uk/europepmc/webservices/rest/search,relevance,approved_terms_only,N,200,2605,candidate_unverified,none,mwbl-ingredient-multisource-discovery-v1.1-fresh,7779d9ebab29447f8465881efcb23b09a0f2f3751f524d19b389205ce650f26d
europe_pmc:cetrimonium_chloride:4488b57981453930,europe_pmc,100,cetrimonium_chloride,세트리모늄클로라이드,Cetrimonium Chloride,Cetrimonium Chloride,"[{""alias_type"":"""",""origin"":""canonical_name_en"",""source"":""https://kcia.or.kr/cid/main/"",""term"":""Cetrimonium Chloride""}]","(TITLE_ABS:""Cetrimonium Chloride"") AND (TITLE_ABS:""skin"" OR TITLE_ABS:""topical"") AND NOT SRC:MED AND NOT SRC:PAT",4488b579814539304d023f1441439154e5d177578a082e2ba040e8c35f51d240,mwbl-ingredient-evidence-query-v1.1,2026-07-13T06:27:13+00:00,2026-07-13T06:27:15+00:00,0,0,50,0,0,complete,Y,Y,2026-07-13T06:27:15+00:00,success,1,0,,,https://www.ebi.ac.uk/europepmc/webservices/rest/search,relevance,approved_terms_only,N,200,2080,candidate_unverified,none,mwbl-ingredient-multisource-discovery-v1.1-fresh,7779d9ebab29447f8465881efcb23b09a0f2f3751f524d19b389205ce650f26d
europe_pmc:hydroxyethyl_acrylate_sodium_acryloyldimethyl_taurate_copolymer:6303ffa4145beabd,europe_pmc,101,hydroxyethyl_acrylate_sodium_acryloyldimethyl_taurate_copolymer,하이드록시에틸아크릴레이트/소듐아크릴로일다이메틸타우 레이트코폴리머,Hydroxyethyl Acrylate/Sodium Acryloyldimethyl Taurate Copolymer,Hydroxyethyl Acrylate/Sodium Acryloyldimethyl Taurate Copolymer,"[{""alias_type"":"""",""origin"":""canonical_name_en"",""source"":""https://kcia.or.kr/cid/main/"",""term"":""Hydroxyethyl Acrylate/Sodium Acryloyldimethyl Taurate Copolymer""}]","(TITLE_ABS:""Hydroxyethyl Acrylate/Sodium Acryloyldimethyl Taurate Copolymer"") AND (TITLE_ABS:""skin"" OR TITLE_ABS:""topical"") AND NOT SRC:MED AND NOT SRC:PAT",6303ffa4145beabda8d7232a31264821f79e46d4578b900d1fea47e2a55ea9da,mwbl-ingredient-evidence-query-v1.1,2026-07-13T06:27:13+00:00,2026-07-13T06:27:15+00:00,0,0,50,0,0,complete,Y,Y,2026-07-13T06:27:15+00:00,success,1,0,,,https://www.ebi.ac.uk/europepmc/webservices/rest/search,relevance,approved_terms_only,N,200,2605,candidate_unverified,none,mwbl-ingredient-multisource-discovery-v1.1-fresh,7779d9ebab29447f8465881efcb23b09a0f2f3751f524d19b389205ce650f26d
europe_pmc:behentrimonium_chloride:2e49c11254ac45ff,europe_pmc,102,behentrimonium_chloride,베헨트라이모늄클로라이드,Behentrimonium Chloride,Behentrimonium Chloride,"[{""alias_type"":"""",""origin"":""canonical_name_en"",""source"":""https://kcia.or.kr/cid/main/"",""term"":""Behentrimonium Chloride""}]","(TITLE_ABS:""Behentrimonium Chloride"") AND (TITLE_ABS:""skin"" OR TITLE_ABS:""topical"") AND NOT SRC:MED AND NOT SRC:PAT",2e49c11254ac45ff4a72577803e7a6dc9ec8dee4e745fab4fe939a561c652a1b,mwbl-ingredient-evidence-query-v1.1,2026-07-13T06:27:14+00:00,2026-07-13T06:27:16+00:00,0,0,50,0,0,complete,Y,Y,2026-07-13T06:27:16+00:00,success,1,0,,,https://www.ebi.ac.uk/europepmc/webservices/rest/search,relevance,approved_terms_only,N,200,2605,candidate_unverified,none,mwbl-ingredient-multisource-discovery-v1.1-fresh,7779d9ebab29447f8465881efcb23b09a0f2f3751f524d19b389205ce650f26d
europe_pmc:trehalose:a9753a936673a5ac,europe_pmc,103,trehalose,트레할로오스,Trehalose,Trehalose,"[{""alias_type"":"""",""origin"":""canonical_name_en"",""source"":""https://kcia.or.kr/cid/main/"",""term"":""Trehalose""}]","(TITLE_ABS:""Trehalose"") AND (TITLE_ABS:""skin"" OR TITLE_ABS:""topical"") AND NOT SRC:MED AND NOT SRC:PAT",a9753a936673a5ac619b33448257cd4b131a7a73d3f1c6aefc2da6146de93b87,mwbl-ingredient-evidence-query-v1.1,2026-07-13T06:27:15+00:00,2026-07-13T06:27:18+00:00,13,13,50,13,13,complete,Y,Y,2026-07-13T06:27:18+00:00,success,1,0,,,https://www.ebi.ac.uk/europepmc/webservices/rest/search,relevance,approved_terms_only,N,200,3234,candidate_unverified,none,mwbl-ingredient-multisource-discovery-v1.1-fresh,7779d9ebab29447f8465881efcb23b09a0f2f3751f524d19b389205ce650f26d
europe_pmc:benzoic_acid:a6c9d28432d79a92,europe_pmc,104,benzoic_acid,벤조익애씨드,Benzoic Acid,Benzoic Acid,"[{""alias_type"":"""",""origin"":""canonical_name_en"",""source"":""https://kcia.or.kr/cid/main/"",""term"":""Benzoic Acid""}]","(TITLE_ABS:""Benzoic Acid"") AND (TITLE_ABS:""skin"" OR TITLE_ABS:""topical"") AND NOT SRC:MED AND NOT SRC:PAT",a6c9d28432d79a92f6523000515acc081a22bfb081b7382d0565814ce4b71ce2,mwbl-ingredient-evidence-query-v1.1,2026-07-13T06:27:15+00:00,2026-07-13T06:27:18+00:00,9,9,50,9,9,complete,Y,Y,2026-07-13T06:27:18+00:00,success,1,0,,,https://www.ebi.ac.uk/europepmc/webservices/rest/search,relevance,approved_terms_only,N,200,3673,candidate_unverified,none,mwbl-ingredient-multisource-discovery-v1.1-fresh,7779d9ebab29447f8465881efcb23b09a0f2f3751f524d19b389205ce650f26d
europe_pmc:diisostearyl_malate:3e91ab2c74b1d070,europe_pmc,105,diisostearyl_malate,다이아이소스테아릴말레이트,Diisostearyl Malate,Diisostearyl Malate,"[{""alias_type"":"""",""origin"":""canonical_name_en"",""source"":""https://kcia.or.kr/cid/main/"",""term"":""Diisostearyl Malate""}]","(TITLE_ABS:""Diisostearyl Malate"") AND (TITLE_ABS:""skin"" OR TITLE_ABS:""topical"") AND NOT SRC:MED AND NOT SRC:PAT",3e91ab2c74b1d070305822418f3f9d4f8f0e2db6daf41e531462d52e8e05a3cb,mwbl-ingredient-evidence-query-v1.1,2026-07-13T06:27:15+00:00,2026-07-13T06:27:18+00:00,0,0,50,0,0,complete,Y,Y,2026-07-13T06:27:18+00:00,success,1,0,,,https://www.ebi.ac.uk/europepmc/webservices/rest/search,relevance,approved_terms_only,N,200,2688,candidate_unverified,none,mwbl-ingredient-multisource-discovery-v1.1-fresh,7779d9ebab29447f8465881efcb23b09a0f2f3751f524d19b389205ce650f26d
europe_pmc:guar_hydroxypropyltrimonium_chloride:446abf306edb8cfd,europe_pmc,106,guar_hydroxypropyltrimonium_chloride,구아하이드록시프로필트라이모늄클로라이드,Guar Hydroxypropyltrimonium Chloride,Guar Hydroxypropyltrimonium Chloride,"[{""alias_type"":"""",""origin"":""canonical_name_en"",""source"":""https://kcia.or.kr/cid/main/"",""term"":""Guar Hydroxypropyltrimonium Chloride""}]","(TITLE_ABS:""Guar Hydroxypropyltrimonium Chloride"") AND (TITLE_ABS:""skin"" OR TITLE_ABS:""topical"") AND NOT SRC:MED AND NOT SRC:PAT",446abf306edb8cfd3ceadcac37a4f76c579330b0ab52fcd8cba61c1c7f1ff478,mwbl-ingredient-evidence-query-v1.1,2026-07-13T06:27:16+00:00,2026-07-13T06:27:19+00:00,0,0,50,0,0,complete,Y,Y,2026-07-13T06:27:19+00:00,success,1,0,,,https://www.ebi.ac.uk/europepmc/webservices/rest/search,relevance,approved_terms_only,N,200,2624,candidate_unverified,none,mwbl-ingredient-multisource-discovery-v1.1-fresh,7779d9ebab29447f8465881efcb23b09a0f2f3751f524d19b389205ce650f26d
europe_pmc:rosmarinus_officinalis_rosemary_leaf_extract:6f888f9ec880b207,europe_pmc,107,rosmarinus_officinalis_rosemary_leaf_extract,로즈마리잎추출물,Rosmarinus Officinalis (Rosemary) Leaf Extract,Rosmarinus Officinalis (Rosemary) Leaf Extract,"[{""alias_type"":"""",""origin"":""canonical_name_en"",""source"":""https://kcia.or.kr/cid/main/"",""term"":""Rosmarinus Officinalis (Rosemary) Leaf Extract""}]","(TITLE_ABS:""Rosmarinus Officinalis (Rosemary) Leaf Extract"") AND (TITLE_ABS:""skin"" OR TITLE_ABS:""topical"") AND NOT SRC:MED AND NOT SRC:PAT",6f888f9ec880b207a70952a803b03419edea3a56df7a39563a715ab1d702d7d0,mwbl-ingredient-evidence-query-v1.1,2026-07-13T06:27:18+00:00,2026-07-13T06:27:20+00:00,0,0,50,0,0,complete,Y,Y,2026-07-13T06:27:20+00:00,success,1,0,,,https://www.ebi.ac.uk/europepmc/webservices/rest/search,relevance,approved_terms_only,N,200,2028,candidate_unverified,none,mwbl-ingredient-multisource-discovery-v1.1-fresh,7779d9ebab29447f8465881efcb23b09a0f2f3751f524d19b389205ce650f26d
europe_pmc:polymethylsilsesquioxane:0d55835002dd80d2,europe_pmc,108,polymethylsilsesquioxane,폴리메틸실세스퀴옥세인,Polymethylsilsesquioxane,Polymethylsilsesquioxane,"[{""alias_type"":"""",""origin"":""canonical_name_en"",""source"":""https://kcia.or.kr/cid/main/"",""term"":""Polymethylsilsesquioxane""}]","(TITLE_ABS:""Polymethylsilsesquioxane"") AND (TITLE_ABS:""skin"" OR TITLE_ABS:""topical"") AND NOT SRC:MED AND NOT SRC:PAT",0d55835002dd80d23e3b416fc4fa1d53b2a8213a81d9581ddbfde1694a69492f,mwbl-ingredient-evidence-query-v1.1,2026-07-13T06:27:18+00:00,2026-07-13T06:27:21+00:00,0,0,50,0,0,complete,Y,Y,2026-07-13T06:27:21+00:00,success,1,0,,,https://www.ebi.ac.uk/europepmc/webservices/rest/search,relevance,approved_terms_only,N,200,3062,candidate_unverified,none,mwbl-ingredient-multisource-discovery-v1.1-fresh,7779d9ebab29447f8465881efcb23b09a0f2f3751f524d19b389205ce650f26d
europe_pmc:cocos_nucifera_coconut_oil:a702900cb4af9eca,europe_pmc,109,cocos_nucifera_coconut_oil,코코넛야자오일,Cocos Nucifera (Coconut) Oil,Cocos Nucifera (Coconut) Oil,"[{""alias_type"":"""",""origin"":""canonical_name_en"",""source"":""https://kcia.or.kr/cid/main/"",""term"":""Cocos Nucifera (Coconut) Oil""}]","(TITLE_ABS:""Cocos Nucifera (Coconut) Oil"") AND (TITLE_ABS:""skin"" OR TITLE_ABS:""topical"") AND NOT SRC:MED AND NOT SRC:PAT",a702900cb4af9eca2c7cf8406cbbd077ac86141f9539b296ba344d20d976b125,mwbl-ingredient-evidence-query-v1.1,2026-07-13T06:27:18+00:00,2026-07-13T06:27:21+00:00,0,0,50,0,0,complete,Y,Y,2026-07-13T06:27:21+00:00,success,1,0,,,https://www.ebi.ac.uk/europepmc/webservices/rest/search,relevance,approved_terms_only,N,200,2623,candidate_unverified,none,mwbl-ingredient-multisource-discovery-v1.1-fresh,7779d9ebab29447f8465881efcb23b09a0f2f3751f524d19b389205ce650f26d
europe_pmc:isopropyl_alcohol:315250700784c161,europe_pmc,110,isopropyl_alcohol,아이소프로필알코올,Isopropyl Alcohol,Isopropyl Alcohol,"[{""alias_type"":"""",""origin"":""canonical_name_en"",""source"":""https://kcia.or.kr/cid/main/"",""term"":""Isopropyl Alcohol""}]","(TITLE_ABS:""Isopropyl Alcohol"") AND (TITLE_ABS:""skin"" OR TITLE_ABS:""topical"") AND NOT SRC:MED AND NOT SRC:PAT",315250700784c1613f774f61f3924583ec6b7c61c002cb256ea156a862adb25e,mwbl-ingredient-evidence-query-v1.1,2026-07-13T06:27:19+00:00,2026-07-13T06:27:22+00:00,9,9,50,9,9,complete,Y,Y,2026-07-13T06:27:22+00:00,success,1,0,,,https://www.ebi.ac.uk/europepmc/webservices/rest/search,relevance,approved_terms_only,N,200,3155,candidate_unverified,none,mwbl-ingredient-multisource-discovery-v1.1-fresh,7779d9ebab29447f8465881efcb23b09a0f2f3751f524d19b389205ce650f26d
europe_pmc:ceramide_np:245bb78d489b3a0b,europe_pmc,111,ceramide_np,세라마이드엔피,Ceramide NP,Ceramide NP|Ceramide 3,"[{""alias_type"":"""",""origin"":""canonical_name_en"",""source"":""https://kcia.or.kr/cid/main/"",""term"":""Ceramide NP""},{""alias_type"":""synonym"",""origin"":""approved_alias"",""source"":""KCIA 표준화명칭목록 2026-06-30"",""term"":""Ceramide 3""}]","(TITLE_ABS:""Ceramide NP"" OR TITLE_ABS:""Ceramide 3"") AND (TITLE_ABS:""skin"" OR TITLE_ABS:""topical"") AND NOT SRC:MED AND NOT SRC:PAT",245bb78d489b3a0b415da974acfd45b51e89ce46f7d1c75866cc302026f31c8a,mwbl-ingredient-evidence-query-v1.1,2026-07-13T06:27:20+00:00,2026-07-13T06:27:23+00:00,1,1,50,1,1,complete,Y,Y,2026-07-13T06:27:23+00:00,success,1,0,,,https://www.ebi.ac.uk/europepmc/webservices/rest/search,relevance,approved_terms_only,N,200,2622,candidate_unverified,none,mwbl-ingredient-multisource-discovery-v1.1-fresh,7779d9ebab29447f8465881efcb23b09a0f2f3751f524d19b389205ce650f26d
europe_pmc:alumina:92a80a3b712550d6,europe_pmc,112,alumina,알루미나,Alumina,Alumina,"[{""alias_type"":"""",""origin"":""canonical_name_en"",""source"":""https://kcia.or.kr/cid/main/"",""term"":""Alumina""}]","(TITLE_ABS:""Alumina"") AND (TITLE_ABS:""skin"" OR TITLE_ABS:""topical"") AND NOT SRC:MED AND NOT SRC:PAT",92a80a3b712550d666990b9371a12706415aa5ac6a59d63daff1afcc64fe6b6f,mwbl-ingredient-evidence-query-v1.1,2026-07-13T06:27:21+00:00,2026-07-13T06:27:24+00:00,14,14,50,14,14,complete,Y,Y,2026-07-13T06:27:24+00:00,success,1,0,,,https://www.ebi.ac.uk/europepmc/webservices/rest/search,relevance,approved_terms_only,N,200,3155,candidate_unverified,none,mwbl-ingredient-multisource-discovery-v1.1-fresh,7779d9ebab29447f8465881efcb23b09a0f2f3751f524d19b389205ce650f26d
europe_pmc:olea_europaea_olive_fruit_oil:156c534a73d428a1,europe_pmc,113,olea_europaea_olive_fruit_oil,올리브오일,Olea Europaea (Olive) Fruit Oil,Olea Europaea (Olive) Fruit Oil,"[{""alias_type"":"""",""origin"":""canonical_name_en"",""source"":""https://kcia.or.kr/cid/main/"",""term"":""Olea Europaea (Olive) Fruit Oil""}]","(TITLE_ABS:""Olea Europaea (Olive) Fruit Oil"") AND (TITLE_ABS:""skin"" OR TITLE_ABS:""topical"") AND NOT SRC:MED AND NOT SRC:PAT",156c534a73d428a1c14faa3bb860ef45dbed98de2f786ea84582d7a914a31027,mwbl-ingredient-evidence-query-v1.1,2026-07-13T06:27:21+00:00,2026-07-13T06:27:24+00:00,0,0,50,0,0,complete,Y,Y,2026-07-13T06:27:24+00:00,success,1,0,,,https://www.ebi.ac.uk/europepmc/webservices/rest/search,relevance,approved_terms_only,N,200,3147,candidate_unverified,none,mwbl-ingredient-multisource-discovery-v1.1-fresh,7779d9ebab29447f8465881efcb23b09a0f2f3751f524d19b389205ce650f26d
europe_pmc:coco_caprylate_caprate:f84fe7509cc666b3,europe_pmc,114,coco_caprylate_caprate,코코-카프릴레이트/카프레이트,Coco-Caprylate/Caprate,Coco-Caprylate/Caprate,"[{""alias_type"":"""",""origin"":""canonical_name_en"",""source"":""https://kcia.or.kr/cid/main/"",""term"":""Coco-Caprylate/Caprate""}]","(TITLE_ABS:""Coco-Caprylate/Caprate"") AND (TITLE_ABS:""skin"" OR TITLE_ABS:""topical"") AND NOT SRC:MED AND NOT SRC:PAT",f84fe7509cc666b3624e3329effcd5a49f279c4c08f098fda6e2ab1e03b4dd9d,mwbl-ingredient-evidence-query-v1.1,2026-07-13T06:27:22+00:00,2026-07-13T06:27:25+00:00,0,0,50,0,0,complete,Y,Y,2026-07-13T06:27:25+00:00,success,1,0,,,https://www.ebi.ac.uk/europepmc/webservices/rest/search,relevance,approved_terms_only,N,200,2626,candidate_unverified,none,mwbl-ingredient-multisource-discovery-v1.1-fresh,7779d9ebab29447f8465881efcb23b09a0f2f3751f524d19b389205ce650f26d
europe_pmc:peg_100_stearate:e7cbf700b509bfed,europe_pmc,115,peg_100_stearate,피이지-100스테아레이트,PEG-100 Stearate,PEG-100 Stearate,"[{""alias_type"":"""",""origin"":""canonical_name_en"",""source"":""https://kcia.or.kr/cid/main/"",""term"":""PEG-100 Stearate""}]","(TITLE_ABS:""PEG-100 Stearate"") AND (TITLE_ABS:""skin"" OR TITLE_ABS:""topical"") AND NOT SRC:MED AND NOT SRC:PAT",e7cbf700b509bfedc70b8806a2e75026bf03b89b591efb74e0a4f8b9cf679262,mwbl-ingredient-evidence-query-v1.1,2026-07-13T06:27:23+00:00,2026-07-13T06:27:25+00:00,0,0,50,0,0,complete,Y,Y,2026-07-13T06:27:25+00:00,success,1,0,,,https://www.ebi.ac.uk/europepmc/webservices/rest/search,relevance,approved_terms_only,N,200,2670,candidate_unverified,none,mwbl-ingredient-multisource-discovery-v1.1-fresh,7779d9ebab29447f8465881efcb23b09a0f2f3751f524d19b389205ce650f26d
europe_pmc:glycine:2e1fdbc7b2bf8670,europe_pmc,116,glycine,글라이신,Glycine,Glycine,"[{""alias_type"":"""",""origin"":""canonical_name_en"",""source"":""https://kcia.or.kr/cid/main/"",""term"":""Glycine""}]","(TITLE_ABS:""Glycine"") AND (TITLE_ABS:""skin"" OR TITLE_ABS:""topical"") AND NOT SRC:MED AND NOT SRC:PAT",2e1fdbc7b2bf8670bf31626f666bf7a5b11fa100e14a17486f1ce8696c32f6e0,mwbl-ingredient-evidence-query-v1.1,2026-07-13T06:27:24+00:00,2026-07-13T06:27:29+00:00,77,77,50,50,50,capped_at_retrieval_limit,N,N,2026-07-13T06:27:29+00:00,success,1,0,,,https://www.ebi.ac.uk/europepmc/webservices/rest/search,relevance,approved_terms_only,N,200,4720,candidate_unverified,none,mwbl-ingredient-multisource-discovery-v1.1-fresh,7779d9ebab29447f8465881efcb23b09a0f2f3751f524d19b389205ce650f26d
europe_pmc:aloe_barbadensis_leaf_juice:957cf58a828e919b,europe_pmc,117,aloe_barbadensis_leaf_juice,알로에베라잎즙,Aloe Barbadensis Leaf Juice,Aloe Barbadensis Leaf Juice,"[{""alias_type"":"""",""origin"":""canonical_name_en"",""source"":""https://kcia.or.kr/cid/main/"",""term"":""Aloe Barbadensis Leaf Juice""}]","(TITLE_ABS:""Aloe Barbadensis Leaf Juice"") AND (TITLE_ABS:""skin"" OR TITLE_ABS:""topical"") AND NOT SRC:MED AND NOT SRC:PAT",957cf58a828e919bc31b15510b3f42eaf757e7037daf71fcf8e303bd14772077,mwbl-ingredient-evidence-query-v1.1,2026-07-13T06:27:24+00:00,2026-07-13T06:27:27+00:00,0,0,50,0,0,complete,Y,Y,2026-07-13T06:27:27+00:00,success,1,0,,,https://www.ebi.ac.uk/europepmc/webservices/rest/search,relevance,approved_terms_only,N,200,2653,candidate_unverified,none,mwbl-ingredient-multisource-discovery-v1.1-fresh,7779d9ebab29447f8465881efcb23b09a0f2f3751f524d19b389205ce650f26d
europe_pmc:cocamidopropyl_betaine:26516da040cad06a,europe_pmc,119,cocamidopropyl_betaine,코카미도프로필베타인,Cocamidopropyl Betaine,Cocamidopropyl Betaine,"[{""alias_type"":"""",""origin"":""canonical_name_en"",""source"":""https://kcia.or.kr/cid/main/"",""term"":""Cocamidopropyl Betaine""}]","(TITLE_ABS:""Cocamidopropyl Betaine"") AND (TITLE_ABS:""skin"" OR TITLE_ABS:""topical"") AND NOT SRC:MED AND NOT SRC:PAT",26516da040cad06a4de9aebeb9a587a8a16771f7522667ff19dfacbfe09b2164,mwbl-ingredient-evidence-query-v1.1,2026-07-13T06:27:25+00:00,2026-07-13T06:27:27+00:00,1,1,50,1,1,complete,Y,Y,2026-07-13T06:27:27+00:00,success,1,0,,,https://www.ebi.ac.uk/europepmc/webservices/rest/search,relevance,approved_terms_only,N,200,2121,candidate_unverified,none,mwbl-ingredient-multisource-discovery-v1.1-fresh,7779d9ebab29447f8465881efcb23b09a0f2f3751f524d19b389205ce650f26d
europe_pmc:tetrasodium_glutamate_diacetate:ebf92cb37a89e761,europe_pmc,121,tetrasodium_glutamate_diacetate,테트라소듐글루타메이트다이아세테이트,Tetrasodium Glutamate Diacetate,Tetrasodium Glutamate Diacetate,"[{""alias_type"":"""",""origin"":""canonical_name_en"",""source"":""https://kcia.or.kr/cid/main/"",""term"":""Tetrasodium Glutamate Diacetate""}]","(TITLE_ABS:""Tetrasodium Glutamate Diacetate"") AND (TITLE_ABS:""skin"" OR TITLE_ABS:""topical"") AND NOT SRC:MED AND NOT SRC:PAT",ebf92cb37a89e7613a2abc124b4b86441974823ad14f09272b29dda7e31eb121,mwbl-ingredient-evidence-query-v1.1,2026-07-13T06:27:25+00:00,2026-07-13T06:27:28+00:00,0,0,50,0,0,complete,Y,Y,2026-07-13T06:27:28+00:00,success,1,0,,,https://www.ebi.ac.uk/europepmc/webservices/rest/search,relevance,approved_terms_only,N,200,2560,candidate_unverified,none,mwbl-ingredient-multisource-discovery-v1.1-fresh,7779d9ebab29447f8465881efcb23b09a0f2f3751f524d19b389205ce650f26d
europe_pmc:hydrogenated_polyisobutene:b899e6353088f2ce,europe_pmc,122,hydrogenated_polyisobutene,하이드로제네이티드폴리아이소부텐,Hydrogenated Polyisobutene,Hydrogenated Polyisobutene,"[{""alias_type"":"""",""origin"":""canonical_name_en"",""source"":""https://kcia.or.kr/cid/main/"",""term"":""Hydrogenated Polyisobutene""}]","(TITLE_ABS:""Hydrogenated Polyisobutene"") AND (TITLE_ABS:""skin"" OR TITLE_ABS:""topical"") AND NOT SRC:MED AND NOT SRC:PAT",b899e6353088f2cea03df655a389111367abc97544274a6fdd495a0b5bfc213e,mwbl-ingredient-evidence-query-v1.1,2026-07-13T06:27:27+00:00,2026-07-13T06:27:29+00:00,0,0,50,0,0,complete,Y,Y,2026-07-13T06:27:29+00:00,success,1,0,,,https://www.ebi.ac.uk/europepmc/webservices/rest/search,relevance,approved_terms_only,N,200,2572,candidate_unverified,none,mwbl-ingredient-multisource-discovery-v1.1-fresh,7779d9ebab29447f8465881efcb23b09a0f2f3751f524d19b389205ce650f26d
europe_pmc:sorbitan_olivate:051d6e141a99531a,europe_pmc,123,sorbitan_olivate,솔비탄올리베이트,Sorbitan Olivate,Sorbitan Olivate,"[{""alias_type"":"""",""origin"":""canonical_name_en"",""source"":""https://kcia.or.kr/cid/main/"",""term"":""Sorbitan Olivate""}]","(TITLE_ABS:""Sorbitan Olivate"") AND (TITLE_ABS:""skin"" OR TITLE_ABS:""topical"") AND NOT SRC:MED AND NOT SRC:PAT",051d6e141a99531a6d5e4593fc3ffd1fc0e24326a3b3782815d550e64f497e66,mwbl-ingredient-evidence-query-v1.1,2026-07-13T06:27:27+00:00,2026-07-13T06:27:30+00:00,0,0,50,0,0,complete,Y,Y,2026-07-13T06:27:30+00:00,success,1,0,,,https://www.ebi.ac.uk/europepmc/webservices/rest/search,relevance,approved_terms_only,N,200,3119,candidate_unverified,none,mwbl-ingredient-multisource-discovery-v1.1-fresh,7779d9ebab29447f8465881efcb23b09a0f2f3751f524d19b389205ce650f26d
europe_pmc:leuconostoc_radish_root_ferment_filtrate:65eff1ff8cd04214,europe_pmc,124,leuconostoc_radish_root_ferment_filtrate,류코노스톡/무발효여과물,Leuconostoc/Radish Root Ferment Filtrate,Leuconostoc/Radish Root Ferment Filtrate,"[{""alias_type"":"""",""origin"":""canonical_name_en"",""source"":""https://kcia.or.kr/cid/main/"",""term"":""Leuconostoc/Radish Root Ferment Filtrate""}]","(TITLE_ABS:""Leuconostoc/Radish Root Ferment Filtrate"") AND (TITLE_ABS:""skin"" OR TITLE_ABS:""topical"") AND NOT SRC:MED AND NOT SRC:PAT",65eff1ff8cd04214e6c096856750839782726ce8e8296089e15df347c5ccf117,mwbl-ingredient-evidence-query-v1.1,2026-07-13T06:27:28+00:00,2026-07-13T06:27:30+00:00,0,0,50,0,0,complete,Y,Y,2026-07-13T06:27:30+00:00,success,1,0,,,https://www.ebi.ac.uk/europepmc/webservices/rest/search,relevance,approved_terms_only,N,200,2124,candidate_unverified,none,mwbl-ingredient-multisource-discovery-v1.1-fresh,7779d9ebab29447f8465881efcb23b09a0f2f3751f524d19b389205ce650f26d
europe_pmc:stearyl_alcohol:83d52d218eed2d3c,europe_pmc,125,stearyl_alcohol,스테아릴알코올,Stearyl Alcohol,Stearyl Alcohol,"[{""alias_type"":"""",""origin"":""canonical_name_en"",""source"":""https://kcia.or.kr/cid/main/"",""term"":""Stearyl Alcohol""}]","(TITLE_ABS:""Stearyl Alcohol"") AND (TITLE_ABS:""skin"" OR TITLE_ABS:""topical"") AND NOT SRC:MED AND NOT SRC:PAT",83d52d218eed2d3c8b73783e1b5410571a5dc1da34c07296ef4448a711048274,mwbl-ingredient-evidence-query-v1.1,2026-07-13T06:27:29+00:00,2026-07-13T06:27:32+00:00,0,0,50,0,0,complete,Y,Y,2026-07-13T06:27:32+00:00,success,1,0,,,https://www.ebi.ac.uk/europepmc/webservices/rest/search,relevance,approved_terms_only,N,200,3140,candidate_unverified,none,mwbl-ingredient-multisource-discovery-v1.1-fresh,7779d9ebab29447f8465881efcb23b09a0f2f3751f524d19b389205ce650f26d
europe_pmc:ammonium_acryloyldimethyltaurate_vp_copolymer:7e0be51ef835aa2f,europe_pmc,126,ammonium_acryloyldimethyltaurate_vp_copolymer,암모늄아크릴로일다이메틸타우레이트/브이피코폴리머,Ammonium Acryloyldimethyltaurate/VP Copolymer,Ammonium Acryloyldimethyltaurate/VP Copolymer,"[{""alias_type"":"""",""origin"":""canonical_name_en"",""source"":""https://kcia.or.kr/cid/main/"",""term"":""Ammonium Acryloyldimethyltaurate/VP Copolymer""}]","(TITLE_ABS:""Ammonium Acryloyldimethyltaurate/VP Copolymer"") AND (TITLE_ABS:""skin"" OR TITLE_ABS:""topical"") AND NOT SRC:MED AND NOT SRC:PAT",7e0be51ef835aa2f09bff7bd979101b3832e7a39fbacf041cfcd64a14a92e752,mwbl-ingredient-evidence-query-v1.1,2026-07-13T06:27:29+00:00,2026-07-13T06:27:33+00:00,0,0,50,0,0,complete,Y,Y,2026-07-13T06:27:33+00:00,success,1,0,,,https://www.ebi.ac.uk/europepmc/webservices/rest/search,relevance,approved_terms_only,N,200,3669,candidate_unverified,none,mwbl-ingredient-multisource-discovery-v1.1-fresh,7779d9ebab29447f8465881efcb23b09a0f2f3751f524d19b389205ce650f26d
europe_pmc:synthetic_wax:2db057af42223fd7,europe_pmc,127,synthetic_wax,합성왁스,Synthetic Wax,Synthetic Wax,"[{""alias_type"":"""",""origin"":""canonical_name_en"",""source"":""https://kcia.or.kr/cid/main/"",""term"":""Synthetic Wax""}]","(TITLE_ABS:""Synthetic Wax"") AND (TITLE_ABS:""skin"" OR TITLE_ABS:""topical"") AND NOT SRC:MED AND NOT SRC:PAT",2db057af42223fd72e61509cf364c509ce6bc81e5580ebfd9b845baed0eb96cb,mwbl-ingredient-evidence-query-v1.1,2026-07-13T06:27:30+00:00,2026-07-13T06:27:34+00:00,0,0,50,0,0,complete,Y,Y,2026-07-13T06:27:34+00:00,success,1,0,,,https://www.ebi.ac.uk/europepmc/webservices/rest/search,relevance,approved_terms_only,N,200,3661,candidate_unverified,none,mwbl-ingredient-multisource-discovery-v1.1-fresh,7779d9ebab29447f8465881efcb23b09a0f2f3751f524d19b389205ce650f26d
europe_pmc:sodium_lactate:4d7a492f379d4111,europe_pmc,128,sodium_lactate,소듐락테이트,Sodium Lactate,Sodium Lactate,"[{""alias_type"":"""",""origin"":""canonical_name_en"",""source"":""https://kcia.or.kr/cid/main/"",""term"":""Sodium Lactate""}]","(TITLE_ABS:""Sodium Lactate"") AND (TITLE_ABS:""skin"" OR TITLE_ABS:""topical"") AND NOT SRC:MED AND NOT SRC:PAT",4d7a492f379d41115bfe46615ee23e2a9e23298d52cfceccf87dd294b9fa54ae,mwbl-ingredient-evidence-query-v1.1,2026-07-13T06:27:30+00:00,2026-07-13T06:27:34+00:00,2,2,50,2,2,complete,Y,Y,2026-07-13T06:27:34+00:00,success,1,0,,,https://www.ebi.ac.uk/europepmc/webservices/rest/search,relevance,approved_terms_only,N,200,3663,candidate_unverified,none,mwbl-ingredient-multisource-discovery-v1.1-fresh,7779d9ebab29447f8465881efcb23b09a0f2f3751f524d19b389205ce650f26d
europe_pmc:persea_gratissima_avocado_oil:2330381804266e9a,europe_pmc,129,persea_gratissima_avocado_oil,아보카도오일,Persea Gratissima (Avocado) Oil,Persea Gratissima (Avocado) Oil,"[{""alias_type"":"""",""origin"":""canonical_name_en"",""source"":""https://kcia.or.kr/cid/main/"",""term"":""Persea Gratissima (Avocado) Oil""}]","(TITLE_ABS:""Persea Gratissima (Avocado) Oil"") AND (TITLE_ABS:""skin"" OR TITLE_ABS:""topical"") AND NOT SRC:MED AND NOT SRC:PAT",2330381804266e9a5cc7f72d4667da3938e84af926e828336a37a1fc54922759,mwbl-ingredient-evidence-query-v1.1,2026-07-13T06:27:32+00:00,2026-07-13T06:27:35+00:00,0,0,50,0,0,complete,Y,Y,2026-07-13T06:27:35+00:00,success,1,0,,,https://www.ebi.ac.uk/europepmc/webservices/rest/search,relevance,approved_terms_only,N,200,2630,candidate_unverified,none,mwbl-ingredient-multisource-discovery-v1.1-fresh,7779d9ebab29447f8465881efcb23b09a0f2f3751f524d19b389205ce650f26d
europe_pmc:methylpropanediol:df8b8fb624fee585,europe_pmc,130,methylpropanediol,메틸프로판다이올,Methylpropanediol,Methylpropanediol,"[{""alias_type"":"""",""origin"":""canonical_name_en"",""source"":""https://kcia.or.kr/cid/main/"",""term"":""Methylpropanediol""}]","(TITLE_ABS:""Methylpropanediol"") AND (TITLE_ABS:""skin"" OR TITLE_ABS:""topical"") AND NOT SRC:MED AND NOT SRC:PAT",df8b8fb624fee585f72c18983ee410c17190c30bc3bd62427b24f5462f5999a4,mwbl-ingredient-evidence-query-v1.1,2026-07-13T06:27:33+00:00,2026-07-13T06:27:36+00:00,0,0,50,0,0,complete,Y,Y,2026-07-13T06:27:36+00:00,success,1,0,,,https://www.ebi.ac.uk/europepmc/webservices/rest/search,relevance,approved_terms_only,N,200,2648,candidate_unverified,none,mwbl-ingredient-multisource-discovery-v1.1-fresh,7779d9ebab29447f8465881efcb23b09a0f2f3751f524d19b389205ce650f26d
europe_pmc:serine:796616107487dded,europe_pmc,131,serine,세린,Serine,Serine,"[{""alias_type"":"""",""origin"":""canonical_name_en"",""source"":""https://kcia.or.kr/cid/main/"",""term"":""Serine""}]","(TITLE_ABS:""Serine"") AND (TITLE_ABS:""skin"" OR TITLE_ABS:""topical"") AND NOT SRC:MED AND NOT SRC:PAT",796616107487dded03566e7a14df2f626e86e7daffacd0e34bdf490f82e6d55b,mwbl-ingredient-evidence-query-v1.1,2026-07-13T06:27:34+00:00,2026-07-13T06:27:38+00:00,86,86,50,50,50,capped_at_retrieval_limit,N,N,2026-07-13T06:27:38+00:00,success,1,0,,,https://www.ebi.ac.uk/europepmc/webservices/rest/search,relevance,approved_terms_only,N,200,4744,candidate_unverified,none,mwbl-ingredient-multisource-discovery-v1.1-fresh,7779d9ebab29447f8465881efcb23b09a0f2f3751f524d19b389205ce650f26d
europe_pmc:dehydroacetic_acid:1237216bbbcd0c1f,europe_pmc,132,dehydroacetic_acid,데하이드로아세틱애씨드,Dehydroacetic Acid,Dehydroacetic Acid,"[{""alias_type"":"""",""origin"":""canonical_name_en"",""source"":""https://kcia.or.kr/cid/main/"",""term"":""Dehydroacetic Acid""}]","(TITLE_ABS:""Dehydroacetic Acid"") AND (TITLE_ABS:""skin"" OR TITLE_ABS:""topical"") AND NOT SRC:MED AND NOT SRC:PAT",1237216bbbcd0c1ffa5c8782192617d48040ddcc76cc167e03d40a4ae35ffda8,mwbl-ingredient-evidence-query-v1.1,2026-07-13T06:27:34+00:00,2026-07-13T06:27:37+00:00,1,1,50,1,1,complete,Y,Y,2026-07-13T06:27:37+00:00,success,1,0,,,https://www.ebi.ac.uk/europepmc/webservices/rest/search,relevance,approved_terms_only,N,200,3139,candidate_unverified,none,mwbl-ingredient-multisource-discovery-v1.1-fresh,7779d9ebab29447f8465881efcb23b09a0f2f3751f524d19b389205ce650f26d
europe_pmc:lauroyl_lysine:285417a46cbf89a0,europe_pmc,133,lauroyl_lysine,라우로일라이신,Lauroyl Lysine,Lauroyl Lysine,"[{""alias_type"":"""",""origin"":""canonical_name_en"",""source"":""https://kcia.or.kr/cid/main/"",""term"":""Lauroyl Lysine""}]","(TITLE_ABS:""Lauroyl Lysine"") AND (TITLE_ABS:""skin"" OR TITLE_ABS:""topical"") AND NOT SRC:MED AND NOT SRC:PAT",285417a46cbf89a0262c9cc86a99e9dcf9d120dc64c188773fb4c065e74275c2,mwbl-ingredient-evidence-query-v1.1,2026-07-13T06:27:35+00:00,2026-07-13T06:27:37+00:00,0,0,50,0,0,complete,Y,Y,2026-07-13T06:27:37+00:00,success,1,0,,,https://www.ebi.ac.uk/europepmc/webservices/rest/search,relevance,approved_terms_only,N,200,2090,candidate_unverified,none,mwbl-ingredient-multisource-discovery-v1.1-fresh,7779d9ebab29447f8465881efcb23b09a0f2f3751f524d19b389205ce650f26d
europe_pmc:ascorbyl_palmitate:f33e248f43e96860,europe_pmc,134,ascorbyl_palmitate,아스코빌팔미테이트,Ascorbyl Palmitate,Ascorbyl Palmitate,"[{""alias_type"":"""",""origin"":""canonical_name_en"",""source"":""https://kcia.or.kr/cid/main/"",""term"":""Ascorbyl Palmitate""}]","(TITLE_ABS:""Ascorbyl Palmitate"") AND (TITLE_ABS:""skin"" OR TITLE_ABS:""topical"") AND NOT SRC:MED AND NOT SRC:PAT",f33e248f43e9686026162dd45da5ade620b90a34971835686d2a00ff3fabba4c,mwbl-ingredient-evidence-query-v1.1,2026-07-13T06:27:36+00:00,2026-07-13T06:27:38+00:00,2,2,50,2,2,complete,Y,Y,2026-07-13T06:27:38+00:00,success,1,0,,,https://www.ebi.ac.uk/europepmc/webservices/rest/search,relevance,approved_terms_only,N,200,2625,candidate_unverified,none,mwbl-ingredient-multisource-discovery-v1.1-fresh,7779d9ebab29447f8465881efcb23b09a0f2f3751f524d19b389205ce650f26d
europe_pmc:behenyl_alcohol:9c22887fe029f138,europe_pmc,135,behenyl_alcohol,베헤닐알코올,Behenyl Alcohol,Behenyl Alcohol,"[{""alias_type"":"""",""origin"":""canonical_name_en"",""source"":""https://kcia.or.kr/cid/main/"",""term"":""Behenyl Alcohol""}]","(TITLE_ABS:""Behenyl Alcohol"") AND (TITLE_ABS:""skin"" OR TITLE_ABS:""topical"") AND NOT SRC:MED AND NOT SRC:PAT",9c22887fe029f13865aa72f988b2ead81bd23c82c3ac49ad2da7b16acae5b6e1,mwbl-ingredient-evidence-query-v1.1,2026-07-13T06:27:37+00:00,2026-07-13T06:27:39+00:00,0,0,50,0,0,complete,Y,Y,2026-07-13T06:27:39+00:00,success,1,0,,,https://www.ebi.ac.uk/europepmc/webservices/rest/search,relevance,approved_terms_only,N,200,2617,candidate_unverified,none,mwbl-ingredient-multisource-discovery-v1.1-fresh,7779d9ebab29447f8465881efcb23b09a0f2f3751f524d19b389205ce650f26d
europe_pmc:centella_asiatica_extract:3d05ae92c9a88855,europe_pmc,136,centella_asiatica_extract,병풀추출물,Centella Asiatica Extract,Centella Asiatica Extract,"[{""alias_type"":"""",""origin"":""canonical_name_en"",""source"":""https://kcia.or.kr/cid/main/"",""term"":""Centella Asiatica Extract""}]","(TITLE_ABS:""Centella Asiatica Extract"") AND (TITLE_ABS:""skin"" OR TITLE_ABS:""topical"") AND NOT SRC:MED AND NOT SRC:PAT",3d05ae92c9a8885509d5f8918681bcb56143d39552a1226fbe3b17b993836346,mwbl-ingredient-evidence-query-v1.1,2026-07-13T06:27:37+00:00,2026-07-13T06:27:40+00:00,7,7,50,7,7,complete,Y,Y,2026-07-13T06:27:40+00:00,success,1,0,,,https://www.ebi.ac.uk/europepmc/webservices/rest/search,relevance,approved_terms_only,N,200,3672,candidate_unverified,none,mwbl-ingredient-multisource-discovery-v1.1-fresh,7779d9ebab29447f8465881efcb23b09a0f2f3751f524d19b389205ce650f26d
europe_pmc:sorbic_acid:ca353b180e87f436,europe_pmc,137,sorbic_acid,소르빅애씨드,Sorbic Acid,Sorbic Acid,"[{""alias_type"":"""",""origin"":""canonical_name_en"",""source"":""https://kcia.or.kr/cid/main/"",""term"":""Sorbic Acid""}]","(TITLE_ABS:""Sorbic Acid"") AND (TITLE_ABS:""skin"" OR TITLE_ABS:""topical"") AND NOT SRC:MED AND NOT SRC:PAT",ca353b180e87f436a9f2bdd51bc6bed4df17e78ce0654a99df447815dfd9541f,mwbl-ingredient-evidence-query-v1.1,2026-07-13T06:27:38+00:00,2026-07-13T06:27:40+00:00,1,1,50,1,1,complete,Y,Y,2026-07-13T06:27:40+00:00,success,1,0,,,https://www.ebi.ac.uk/europepmc/webservices/rest/search,relevance,approved_terms_only,N,200,2090,candidate_unverified,none,mwbl-ingredient-multisource-discovery-v1.1-fresh,7779d9ebab29447f8465881efcb23b09a0f2f3751f524d19b389205ce650f26d
europe_pmc:decyl_glucoside:b28f67f9d30e7c99,europe_pmc,138,decyl_glucoside,데실글루코사이드,Decyl Glucoside,Decyl Glucoside,"[{""alias_type"":"""",""origin"":""canonical_name_en"",""source"":""https://kcia.or.kr/cid/main/"",""term"":""Decyl Glucoside""}]","(TITLE_ABS:""Decyl Glucoside"") AND (TITLE_ABS:""skin"" OR TITLE_ABS:""topical"") AND NOT SRC:MED AND NOT SRC:PAT",b28f67f9d30e7c998ccd9d9dff26366b2abd3038843073b5dd7fb53e7e46a68b,mwbl-ingredient-evidence-query-v1.1,2026-07-13T06:27:38+00:00,2026-07-13T06:27:41+00:00,0,0,50,0,0,complete,Y,Y,2026-07-13T06:27:41+00:00,success,1,0,,,https://www.ebi.ac.uk/europepmc/webservices/rest/search,relevance,approved_terms_only,N,200,3110,candidate_unverified,none,mwbl-ingredient-multisource-discovery-v1.1-fresh,7779d9ebab29447f8465881efcb23b09a0f2f3751f524d19b389205ce650f26d
europe_pmc:argania_spinosa_kernel_oil:f9bded3d60cb6be2,europe_pmc,139,argania_spinosa_kernel_oil,아르간커넬오일,Argania Spinosa Kernel Oil,Argania Spinosa Kernel Oil,"[{""alias_type"":"""",""origin"":""canonical_name_en"",""source"":""https://kcia.or.kr/cid/main/"",""term"":""Argania Spinosa Kernel Oil""}]","(TITLE_ABS:""Argania Spinosa Kernel Oil"") AND (TITLE_ABS:""skin"" OR TITLE_ABS:""topical"") AND NOT SRC:MED AND NOT SRC:PAT",f9bded3d60cb6be2ec44d5924767f53fe2201862252827ccda25c96933dfab2b,mwbl-ingredient-evidence-query-v1.1,2026-07-13T06:27:39+00:00,2026-07-13T06:27:42+00:00,1,1,50,1,1,complete,Y,Y,2026-07-13T06:27:42+00:00,success,1,0,,,https://www.ebi.ac.uk/europepmc/webservices/rest/search,relevance,approved_terms_only,N,200,2628,candidate_unverified,none,mwbl-ingredient-multisource-discovery-v1.1-fresh,7779d9ebab29447f8465881efcb23b09a0f2f3751f524d19b389205ce650f26d
europe_pmc:kaolin:47b639182fd2b064,europe_pmc,140,kaolin,카올린,Kaolin,Kaolin,"[{""alias_type"":"""",""origin"":""canonical_name_en"",""source"":""https://kcia.or.kr/cid/main/"",""term"":""Kaolin""}]","(TITLE_ABS:""Kaolin"") AND (TITLE_ABS:""skin"" OR TITLE_ABS:""topical"") AND NOT SRC:MED AND NOT SRC:PAT",47b639182fd2b064b4fbbb62d4f6e499ba6d72669157f6060f09fe6d2ef66f35,mwbl-ingredient-evidence-query-v1.1,2026-07-13T06:27:40+00:00,2026-07-13T06:27:43+00:00,3,3,50,3,3,complete,Y,Y,2026-07-13T06:27:43+00:00,success,1,0,,,https://www.ebi.ac.uk/europepmc/webservices/rest/search,relevance,approved_terms_only,N,200,2615,candidate_unverified,none,mwbl-ingredient-multisource-discovery-v1.1-fresh,7779d9ebab29447f8465881efcb23b09a0f2f3751f524d19b389205ce650f26d
europe_pmc:hydrolyzed_hyaluronic_acid:b2bfe6bc4d4bdc07,europe_pmc,141,hydrolyzed_hyaluronic_acid,하이드롤라이즈드하이알루로닉애씨드,Hydrolyzed Hyaluronic Acid,Hydrolyzed Hyaluronic Acid,"[{""alias_type"":"""",""origin"":""canonical_name_en"",""source"":""https://kcia.or.kr/cid/main/"",""term"":""Hydrolyzed Hyaluronic Acid""}]","(TITLE_ABS:""Hydrolyzed Hyaluronic Acid"") AND (TITLE_ABS:""skin"" OR TITLE_ABS:""topical"") AND NOT SRC:MED AND NOT SRC:PAT",b2bfe6bc4d4bdc07d072619442c942b60e6a0d892cb07ed6cbfd68a76ad00569,mwbl-ingredient-evidence-query-v1.1,2026-07-13T06:27:40+00:00,2026-07-13T06:27:44+00:00,1,1,50,1,1,complete,Y,Y,2026-07-13T06:27:44+00:00,success,1,0,,,https://www.ebi.ac.uk/europepmc/webservices/rest/search,relevance,approved_terms_only,N,200,3127,candidate_unverified,none,mwbl-ingredient-multisource-discovery-v1.1-fresh,7779d9ebab29447f8465881efcb23b09a0f2f3751f524d19b389205ce650f26d
europe_pmc:triethyl_citrate:8c74a07645923054,europe_pmc,142,triethyl_citrate,트라이에틸시트레이트,Triethyl Citrate,Triethyl Citrate,"[{""alias_type"":"""",""origin"":""canonical_name_en"",""source"":""https://kcia.or.kr/cid/main/"",""term"":""Triethyl Citrate""}]","(TITLE_ABS:""Triethyl Citrate"") AND (TITLE_ABS:""skin"" OR TITLE_ABS:""topical"") AND NOT SRC:MED AND NOT SRC:PAT",8c74a076459230549cb91ed840b36ed07f4316bcd19084efd2d05ddb481bb003,mwbl-ingredient-evidence-query-v1.1,2026-07-13T06:27:41+00:00,2026-07-13T06:27:44+00:00,1,1,50,1,1,complete,Y,Y,2026-07-13T06:27:44+00:00,success,1,0,,,https://www.ebi.ac.uk/europepmc/webservices/rest/search,relevance,approved_terms_only,N,200,2628,candidate_unverified,none,mwbl-ingredient-multisource-discovery-v1.1-fresh,7779d9ebab29447f8465881efcb23b09a0f2f3751f524d19b389205ce650f26d
europe_pmc:sorbitol:ef731b5659b06fd8,europe_pmc,143,sorbitol,솔비톨,Sorbitol,Sorbitol,"[{""alias_type"":"""",""origin"":""canonical_name_en"",""source"":""https://kcia.or.kr/cid/main/"",""term"":""Sorbitol""}]","(TITLE_ABS:""Sorbitol"") AND (TITLE_ABS:""skin"" OR TITLE_ABS:""topical"") AND NOT SRC:MED AND NOT SRC:PAT",ef731b5659b06fd832faf10bd43f860cbec4ffed958ba3e8c5f727eb5130c49a,mwbl-ingredient-evidence-query-v1.1,2026-07-13T06:27:42+00:00,2026-07-13T06:27:45+00:00,23,23,50,23,23,complete,Y,Y,2026-07-13T06:27:45+00:00,success,1,0,,,https://www.ebi.ac.uk/europepmc/webservices/rest/search,relevance,approved_terms_only,N,200,3176,candidate_unverified,none,mwbl-ingredient-multisource-discovery-v1.1-fresh,7779d9ebab29447f8465881efcb23b09a0f2f3751f524d19b389205ce650f26d
europe_pmc:polyglyceryl_10_laurate:4791897ccd11008c,europe_pmc,144,polyglyceryl_10_laurate,폴리글리세릴-10라우레이트,Polyglyceryl-10 Laurate,Polyglyceryl-10 Laurate,"[{""alias_type"":"""",""origin"":""canonical_name_en"",""source"":""https://kcia.or.kr/cid/main/"",""term"":""Polyglyceryl-10 Laurate""}]","(TITLE_ABS:""Polyglyceryl-10 Laurate"") AND (TITLE_ABS:""skin"" OR TITLE_ABS:""topical"") AND NOT SRC:MED AND NOT SRC:PAT",4791897ccd11008ce69d6ffcb1e29084b98ec8a41a4602b333d413242ce389a7,mwbl-ingredient-evidence-query-v1.1,2026-07-13T06:27:43+00:00,2026-07-13T06:27:46+00:00,0,0,50,0,0,complete,Y,Y,2026-07-13T06:27:46+00:00,success,1,0,,,https://www.ebi.ac.uk/europepmc/webservices/rest/search,relevance,approved_terms_only,N,200,2627,candidate_unverified,none,mwbl-ingredient-multisource-discovery-v1.1-fresh,7779d9ebab29447f8465881efcb23b09a0f2f3751f524d19b389205ce650f26d
europe_pmc:dimethicone_crosspolymer:498f09f5a4443820,europe_pmc,145,dimethicone_crosspolymer,다이메티콘크로스폴리머,Dimethicone Crosspolymer,Dimethicone Crosspolymer,"[{""alias_type"":"""",""origin"":""canonical_name_en"",""source"":""https://kcia.or.kr/cid/main/"",""term"":""Dimethicone Crosspolymer""}]","(TITLE_ABS:""Dimethicone Crosspolymer"") AND (TITLE_ABS:""skin"" OR TITLE_ABS:""topical"") AND NOT SRC:MED AND NOT SRC:PAT",498f09f5a44438205ec8b49b1d4910388ba3eaa4b4136fe9fb3c81b92bb2ecb9,mwbl-ingredient-evidence-query-v1.1,2026-07-13T06:27:44+00:00,2026-07-13T06:27:46+00:00,0,0,50,0,0,complete,Y,Y,2026-07-13T06:27:46+00:00,success,1,0,,,https://www.ebi.ac.uk/europepmc/webservices/rest/search,relevance,approved_terms_only,N,200,2108,candidate_unverified,none,mwbl-ingredient-multisource-discovery-v1.1-fresh,7779d9ebab29447f8465881efcb23b09a0f2f3751f524d19b389205ce650f26d
europe_pmc:peg_40_hydrogenated_castor_oil:0c491e8b4ea55284,europe_pmc,146,peg_40_hydrogenated_castor_oil,피이지-40하이드로제네이티드캐스터오일,PEG-40 Hydrogenated Castor Oil,PEG-40 Hydrogenated Castor Oil,"[{""alias_type"":"""",""origin"":""canonical_name_en"",""source"":""https://kcia.or.kr/cid/main/"",""term"":""PEG-40 Hydrogenated Castor Oil""}]","(TITLE_ABS:""PEG-40 Hydrogenated Castor Oil"") AND (TITLE_ABS:""skin"" OR TITLE_ABS:""topical"") AND NOT SRC:MED AND NOT SRC:PAT",0c491e8b4ea552847ada634e56cc5c0c76ec1671e9c063092e29076a4d685712,mwbl-ingredient-evidence-query-v1.1,2026-07-13T06:27:44+00:00,2026-07-13T06:27:47+00:00,0,0,50,0,0,complete,Y,Y,2026-07-13T06:27:47+00:00,success,1,0,,,https://www.ebi.ac.uk/europepmc/webservices/rest/search,relevance,approved_terms_only,N,200,2622,candidate_unverified,none,mwbl-ingredient-multisource-discovery-v1.1-fresh,7779d9ebab29447f8465881efcb23b09a0f2f3751f524d19b389205ce650f26d
europe_pmc:tetrasodium_edta:f17c3bf2f9e81640,europe_pmc,147,tetrasodium_edta,테트라소듐이디티에이,Tetrasodium EDTA,Tetrasodium EDTA,"[{""alias_type"":"""",""origin"":""canonical_name_en"",""source"":""https://kcia.or.kr/cid/main/"",""term"":""Tetrasodium EDTA""}]","(TITLE_ABS:""Tetrasodium EDTA"") AND (TITLE_ABS:""skin"" OR TITLE_ABS:""topical"") AND NOT SRC:MED AND NOT SRC:PAT",f17c3bf2f9e81640625f539d2ddcdfd018d972c384f565022d61c748f31c246c,mwbl-ingredient-evidence-query-v1.1,2026-07-13T06:27:45+00:00,2026-07-13T06:27:48+00:00,0,0,50,0,0,complete,Y,Y,2026-07-13T06:27:48+00:00,success,1,0,,,https://www.ebi.ac.uk/europepmc/webservices/rest/search,relevance,approved_terms_only,N,200,2687,candidate_unverified,none,mwbl-ingredient-multisource-discovery-v1.1-fresh,7779d9ebab29447f8465881efcb23b09a0f2f3751f524d19b389205ce650f26d
europe_pmc:lactobacillus_ferment:ec8c33f8f3744dd3,europe_pmc,148,lactobacillus_ferment,락토바실러스발효물,Lactobacillus Ferment,Lactobacillus Ferment,"[{""alias_type"":"""",""origin"":""canonical_name_en"",""source"":""https://kcia.or.kr/cid/main/"",""term"":""Lactobacillus Ferment""}]","(TITLE_ABS:""Lactobacillus Ferment"") AND (TITLE_ABS:""skin"" OR TITLE_ABS:""topical"") AND NOT SRC:MED AND NOT SRC:PAT",ec8c33f8f3744dd31a62424182223771b748d961032f4512d69d246c6e63dcc1,mwbl-ingredient-evidence-query-v1.1,2026-07-13T06:27:46+00:00,2026-07-13T06:27:48+00:00,0,0,50,0,0,complete,Y,Y,2026-07-13T06:27:48+00:00,success,1,0,,,https://www.ebi.ac.uk/europepmc/webservices/rest/search,relevance,approved_terms_only,N,200,2633,candidate_unverified,none,mwbl-ingredient-multisource-discovery-v1.1-fresh,7779d9ebab29447f8465881efcb23b09a0f2f3751f524d19b389205ce650f26d
europe_pmc:caprylyl_methicone:dcfce2c6d5800b77,europe_pmc,149,caprylyl_methicone,카프릴릴메티콘,Caprylyl Methicone,Caprylyl Methicone,"[{""alias_type"":"""",""origin"":""canonical_name_en"",""source"":""https://kcia.or.kr/cid/main/"",""term"":""Caprylyl Methicone""}]","(TITLE_ABS:""Caprylyl Methicone"") AND (TITLE_ABS:""skin"" OR TITLE_ABS:""topical"") AND NOT SRC:MED AND NOT SRC:PAT",dcfce2c6d5800b77f406d002586dd11107c86b1561629b49572a841ef71dfa6e,mwbl-ingredient-evidence-query-v1.1,2026-07-13T06:27:46+00:00,2026-07-13T06:27:49+00:00,0,0,50,0,0,complete,Y,Y,2026-07-13T06:27:49+00:00,success,1,0,,,https://www.ebi.ac.uk/europepmc/webservices/rest/search,relevance,approved_terms_only,N,200,3654,candidate_unverified,none,mwbl-ingredient-multisource-discovery-v1.1-fresh,7779d9ebab29447f8465881efcb23b09a0f2f3751f524d19b389205ce650f26d
europe_pmc:sodium_stearoyl_glutamate:a4ddb647641ee726,europe_pmc,151,sodium_stearoyl_glutamate,소듐스테아로일글루타메이트,Sodium Stearoyl Glutamate,Sodium Stearoyl Glutamate,"[{""alias_type"":"""",""origin"":""canonical_name_en"",""source"":""https://kcia.or.kr/cid/main/"",""term"":""Sodium Stearoyl Glutamate""}]","(TITLE_ABS:""Sodium Stearoyl Glutamate"") AND (TITLE_ABS:""skin"" OR TITLE_ABS:""topical"") AND NOT SRC:MED AND NOT SRC:PAT",a4ddb647641ee726f665abc8cfe189220f2c14894342f49e1b77d49506f7792a,mwbl-ingredient-evidence-query-v1.1,2026-07-13T06:27:47+00:00,2026-07-13T06:27:50+00:00,0,0,50,0,0,complete,Y,Y,2026-07-13T06:27:50+00:00,success,1,0,,,https://www.ebi.ac.uk/europepmc/webservices/rest/search,relevance,approved_terms_only,N,200,3143,candidate_unverified,none,mwbl-ingredient-multisource-discovery-v1.1-fresh,7779d9ebab29447f8465881efcb23b09a0f2f3751f524d19b389205ce650f26d
europe_pmc:glucose:cb36ba49c5b35f20,europe_pmc,152,glucose,글루코오스,Glucose,Glucose,"[{""alias_type"":"""",""origin"":""canonical_name_en"",""source"":""https://kcia.or.kr/cid/main/"",""term"":""Glucose""}]","(TITLE_ABS:""Glucose"") AND (TITLE_ABS:""skin"" OR TITLE_ABS:""topical"") AND NOT SRC:MED AND NOT SRC:PAT",cb36ba49c5b35f20a6bc324f0d2cda40f29902e80bee1e5850f8e08ac3802c2b,mwbl-ingredient-evidence-query-v1.1,2026-07-13T06:27:48+00:00,2026-07-13T06:27:54+00:00,455,455,50,50,50,capped_at_retrieval_limit,N,N,2026-07-13T06:27:54+00:00,success,1,0,,,https://www.ebi.ac.uk/europepmc/webservices/rest/search,relevance,approved_terms_only,N,200,5724,candidate_unverified,none,mwbl-ingredient-multisource-discovery-v1.1-fresh,7779d9ebab29447f8465881efcb23b09a0f2f3751f524d19b389205ce650f26d
europe_pmc:c12_15_alkyl_benzoate:18bba1e7edd98544,europe_pmc,153,c12_15_alkyl_benzoate,C12-15알킬벤조에이트,C12-15 Alkyl Benzoate,C12-15 Alkyl Benzoate,"[{""alias_type"":"""",""origin"":""canonical_name_en"",""source"":""https://kcia.or.kr/cid/main/"",""term"":""C12-15 Alkyl Benzoate""}]","(TITLE_ABS:""C12-15 Alkyl Benzoate"") AND (TITLE_ABS:""skin"" OR TITLE_ABS:""topical"") AND NOT SRC:MED AND NOT SRC:PAT",18bba1e7edd98544940708fd242916cdb8843fcd5b8fd6c293d9e0e201bf4c9d,mwbl-ingredient-evidence-query-v1.1,2026-07-13T06:27:48+00:00,2026-07-13T06:27:51+00:00,0,0,50,0,0,complete,Y,Y,2026-07-13T06:27:51+00:00,success,1,0,,,https://www.ebi.ac.uk/europepmc/webservices/rest/search,relevance,approved_terms_only,N,200,3146,candidate_unverified,none,mwbl-ingredient-multisource-discovery-v1.1-fresh,7779d9ebab29447f8465881efcb23b09a0f2f3751f524d19b389205ce650f26d
europe_pmc:isopropyl_myristate:68b74c7b00fb5e21,europe_pmc,154,isopropyl_myristate,아이소프로필미리스테이트,Isopropyl Myristate,Isopropyl Myristate,"[{""alias_type"":"""",""origin"":""canonical_name_en"",""source"":""https://kcia.or.kr/cid/main/"",""term"":""Isopropyl Myristate""}]","(TITLE_ABS:""Isopropyl Myristate"") AND (TITLE_ABS:""skin"" OR TITLE_ABS:""topical"") AND NOT SRC:MED AND NOT SRC:PAT",68b74c7b00fb5e21b0570747f863904a4f535f298e958eb3ab4ee7e870fd4d04,mwbl-ingredient-evidence-query-v1.1,2026-07-13T06:27:49+00:00,2026-07-13T06:27:52+00:00,6,6,50,6,6,complete,Y,Y,2026-07-13T06:27:52+00:00,success,1,0,,,https://www.ebi.ac.uk/europepmc/webservices/rest/search,relevance,approved_terms_only,N,200,3165,candidate_unverified,none,mwbl-ingredient-multisource-discovery-v1.1-fresh,7779d9ebab29447f8465881efcb23b09a0f2f3751f524d19b389205ce650f26d
europe_pmc:biotin:9323efb243212290,europe_pmc,155,biotin,바이오틴,Biotin,Biotin,"[{""alias_type"":"""",""origin"":""canonical_name_en"",""source"":""https://kcia.or.kr/cid/main/"",""term"":""Biotin""}]","(TITLE_ABS:""Biotin"") AND (TITLE_ABS:""skin"" OR TITLE_ABS:""topical"") AND NOT SRC:MED AND NOT SRC:PAT",9323efb2432122906e06f3945b5d6df8aa0062d343deeacd8da63ae80461f704,mwbl-ingredient-evidence-query-v1.1,2026-07-13T06:27:50+00:00,2026-07-13T06:27:54+00:00,24,24,50,24,24,complete,Y,Y,2026-07-13T06:27:54+00:00,success,1,0,,,https://www.ebi.ac.uk/europepmc/webservices/rest/search,relevance,approved_terms_only,N,200,4222,candidate_unverified,none,mwbl-ingredient-multisource-discovery-v1.1-fresh,7779d9ebab29447f8465881efcb23b09a0f2f3751f524d19b389205ce650f26d
europe_pmc:stearic_acid:face991f03b11ef7,europe_pmc,156,stearic_acid,스테아릭애씨드,Stearic Acid,Stearic Acid,"[{""alias_type"":"""",""origin"":""canonical_name_en"",""source"":""https://kcia.or.kr/cid/main/"",""term"":""Stearic Acid""}]","(TITLE_ABS:""Stearic Acid"") AND (TITLE_ABS:""skin"" OR TITLE_ABS:""topical"") AND NOT SRC:MED AND NOT SRC:PAT",face991f03b11ef701dec93e98c31d22aaad6b8b11f604e013ec634aa2ab4a5c,mwbl-ingredient-evidence-query-v1.1,2026-07-13T06:27:51+00:00,2026-07-13T06:27:55+00:00,17,17,50,17,17,complete,Y,Y,2026-07-13T06:27:55+00:00,success,1,0,,,https://www.ebi.ac.uk/europepmc/webservices/rest/search,relevance,approved_terms_only,N,200,3217,candidate_unverified,none,mwbl-ingredient-multisource-discovery-v1.1-fresh,7779d9ebab29447f8465881efcb23b09a0f2f3751f524d19b389205ce650f26d
europe_pmc:cetearyl_olivate:5cb2d0c3553fc875,europe_pmc,157,cetearyl_olivate,세테아릴올리베이트,Cetearyl Olivate,Cetearyl Olivate,"[{""alias_type"":"""",""origin"":""canonical_name_en"",""source"":""https://kcia.or.kr/cid/main/"",""term"":""Cetearyl Olivate""}]","(TITLE_ABS:""Cetearyl Olivate"") AND (TITLE_ABS:""skin"" OR TITLE_ABS:""topical"") AND NOT SRC:MED AND NOT SRC:PAT",5cb2d0c3553fc87506e0819a8d667f43f393396185fd019d1b68982c616608cf,mwbl-ingredient-evidence-query-v1.1,2026-07-13T06:27:52+00:00,2026-07-13T06:27:56+00:00,0,0,50,0,0,complete,Y,Y,2026-07-13T06:27:56+00:00,success,1,0,,,https://www.ebi.ac.uk/europepmc/webservices/rest/search,relevance,approved_terms_only,N,200,3149,candidate_unverified,none,mwbl-ingredient-multisource-discovery-v1.1-fresh,7779d9ebab29447f8465881efcb23b09a0f2f3751f524d19b389205ce650f26d
europe_pmc:amodimethicone:8a1883f3136562c7,europe_pmc,158,amodimethicone,아모다이메티콘,Amodimethicone,Amodimethicone,"[{""alias_type"":"""",""origin"":""canonical_name_en"",""source"":""https://kcia.or.kr/cid/main/"",""term"":""Amodimethicone""}]","(TITLE_ABS:""Amodimethicone"") AND (TITLE_ABS:""skin"" OR TITLE_ABS:""topical"") AND NOT SRC:MED AND NOT SRC:PAT",8a1883f3136562c7eeccb49bd321c99314ec5c320703c7190268893841e70eff,mwbl-ingredient-evidence-query-v1.1,2026-07-13T06:27:54+00:00,2026-07-13T06:27:57+00:00,0,0,50,0,0,complete,Y,Y,2026-07-13T06:27:57+00:00,success,1,0,,,https://www.ebi.ac.uk/europepmc/webservices/rest/search,relevance,approved_terms_only,N,200,3134,candidate_unverified,none,mwbl-ingredient-multisource-discovery-v1.1-fresh,7779d9ebab29447f8465881efcb23b09a0f2f3751f524d19b389205ce650f26d
europe_pmc:glycine_soja_soybean_oil:ccbdef76144f3d85,europe_pmc,159,glycine_soja_soybean_oil,돌콩오일,Glycine Soja (Soybean) Oil,Glycine Soja (Soybean) Oil,"[{""alias_type"":"""",""origin"":""canonical_name_en"",""source"":""https://kcia.or.kr/cid/main/"",""term"":""Glycine Soja (Soybean) Oil""}]","(TITLE_ABS:""Glycine Soja (Soybean) Oil"") AND (TITLE_ABS:""skin"" OR TITLE_ABS:""topical"") AND NOT SRC:MED AND NOT SRC:PAT",ccbdef76144f3d85de97d5f1ac20c1790e89f8ae25a2465ae58cccd8f237d535,mwbl-ingredient-evidence-query-v1.1,2026-07-13T06:27:54+00:00,2026-07-13T06:27:57+00:00,0,0,50,0,0,complete,Y,Y,2026-07-13T06:27:57+00:00,success,1,0,,,https://www.ebi.ac.uk/europepmc/webservices/rest/search,relevance,approved_terms_only,N,200,3109,candidate_unverified,none,mwbl-ingredient-multisource-discovery-v1.1-fresh,7779d9ebab29447f8465881efcb23b09a0f2f3751f524d19b389205ce650f26d
europe_pmc:acrylates_copolymer:9542f5feb6727f26,europe_pmc,160,acrylates_copolymer,아크릴레이트코폴리머,Acrylates Copolymer,Acrylates Copolymer,"[{""alias_type"":"""",""origin"":""canonical_name_en"",""source"":""https://kcia.or.kr/cid/main/"",""term"":""Acrylates Copolymer""}]","(TITLE_ABS:""Acrylates Copolymer"") AND (TITLE_ABS:""skin"" OR TITLE_ABS:""topical"") AND NOT SRC:MED AND NOT SRC:PAT",9542f5feb6727f2665750fb6cc958fa780ed2ef7f2507b704fa1bce7fc9b127a,mwbl-ingredient-evidence-query-v1.1,2026-07-13T06:27:55+00:00,2026-07-13T06:27:58+00:00,0,0,50,0,0,complete,Y,Y,2026-07-13T06:27:58+00:00,success,1,0,,,https://www.ebi.ac.uk/europepmc/webservices/rest/search,relevance,approved_terms_only,N,200,3067,candidate_unverified,none,mwbl-ingredient-multisource-discovery-v1.1-fresh,7779d9ebab29447f8465881efcb23b09a0f2f3751f524d19b389205ce650f26d
europe_pmc:isohexadecane:ee9492c670e11aee,europe_pmc,161,isohexadecane,아이소헥사데칸,Isohexadecane,Isohexadecane,"[{""alias_type"":"""",""origin"":""canonical_name_en"",""source"":""https://kcia.or.kr/cid/main/"",""term"":""Isohexadecane""}]","(TITLE_ABS:""Isohexadecane"") AND (TITLE_ABS:""skin"" OR TITLE_ABS:""topical"") AND NOT SRC:MED AND NOT SRC:PAT",ee9492c670e11aee91e40fafc8f669b489c3d38aa9d291cf9361c1be8e0fd9b7,mwbl-ingredient-evidence-query-v1.1,2026-07-13T06:27:56+00:00,2026-07-13T06:27:58+00:00,0,0,50,0,0,complete,Y,Y,2026-07-13T06:27:58+00:00,success,1,0,,,https://www.ebi.ac.uk/europepmc/webservices/rest/search,relevance,approved_terms_only,N,200,2096,candidate_unverified,none,mwbl-ingredient-multisource-discovery-v1.1-fresh,7779d9ebab29447f8465881efcb23b09a0f2f3751f524d19b389205ce650f26d
europe_pmc:proline:0322923be9994545,europe_pmc,162,proline,프롤린,Proline,Proline,"[{""alias_type"":"""",""origin"":""canonical_name_en"",""source"":""https://kcia.or.kr/cid/main/"",""term"":""Proline""}]","(TITLE_ABS:""Proline"") AND (TITLE_ABS:""skin"" OR TITLE_ABS:""topical"") AND NOT SRC:MED AND NOT SRC:PAT",0322923be9994545b8cde018b0bd264fc089cce663c72a2a590f242a856518dc,mwbl-ingredient-evidence-query-v1.1,2026-07-13T06:27:57+00:00,2026-07-13T06:28:01+00:00,79,79,50,50,50,capped_at_retrieval_limit,N,N,2026-07-13T06:28:01+00:00,success,1,0,,,https://www.ebi.ac.uk/europepmc/webservices/rest/search,relevance,approved_terms_only,N,200,4196,candidate_unverified,none,mwbl-ingredient-multisource-discovery-v1.1-fresh,7779d9ebab29447f8465881efcb23b09a0f2f3751f524d19b389205ce650f26d
europe_pmc:ricinus_communis_castor_seed_oil:47b548b2ea157bb0,europe_pmc,163,ricinus_communis_castor_seed_oil,피마자씨오일,Ricinus Communis (Castor) Seed Oil,Ricinus Communis (Castor) Seed Oil,"[{""alias_type"":"""",""origin"":""canonical_name_en"",""source"":""https://kcia.or.kr/cid/main/"",""term"":""Ricinus Communis (Castor) Seed Oil""}]","(TITLE_ABS:""Ricinus Communis (Castor) Seed Oil"") AND (TITLE_ABS:""skin"" OR TITLE_ABS:""topical"") AND NOT SRC:MED AND NOT SRC:PAT",47b548b2ea157bb0421c3471276dc322335a93b377ef373fb93f4c28d88fb299,mwbl-ingredient-evidence-query-v1.1,2026-07-13T06:27:57+00:00,2026-07-13T06:28:00+00:00,0,0,50,0,0,complete,Y,Y,2026-07-13T06:28:00+00:00,success,1,0,,,https://www.ebi.ac.uk/europepmc/webservices/rest/search,relevance,approved_terms_only,N,200,2637,candidate_unverified,none,mwbl-ingredient-multisource-discovery-v1.1-fresh,7779d9ebab29447f8465881efcb23b09a0f2f3751f524d19b389205ce650f26d
europe_pmc:polyquaternium_10:37b2beb996b26a94,europe_pmc,164,polyquaternium_10,폴리쿼터늄-10,Polyquaternium-10,Polyquaternium-10,"[{""alias_type"":"""",""origin"":""canonical_name_en"",""source"":""https://kcia.or.kr/cid/main/"",""term"":""Polyquaternium-10""}]","(TITLE_ABS:""Polyquaternium-10"") AND (TITLE_ABS:""skin"" OR TITLE_ABS:""topical"") AND NOT SRC:MED AND NOT SRC:PAT",37b2beb996b26a949e38bb11d2236413a9143d648d133edff1b5a4652d8dbaa5,mwbl-ingredient-evidence-query-v1.1,2026-07-13T06:27:58+00:00,2026-07-13T06:28:00+00:00,0,0,50,0,0,complete,Y,Y,2026-07-13T06:28:00+00:00,success,1,0,,,https://www.ebi.ac.uk/europepmc/webservices/rest/search,relevance,approved_terms_only,N,200,2097,candidate_unverified,none,mwbl-ingredient-multisource-discovery-v1.1-fresh,7779d9ebab29447f8465881efcb23b09a0f2f3751f524d19b389205ce650f26d
europe_pmc:polyquaternium_7:c89c6daed2ca5b47,europe_pmc,165,polyquaternium_7,폴리쿼터늄-7,Polyquaternium-7,Polyquaternium-7,"[{""alias_type"":"""",""origin"":""canonical_name_en"",""source"":""https://kcia.or.kr/cid/main/"",""term"":""Polyquaternium-7""}]","(TITLE_ABS:""Polyquaternium-7"") AND (TITLE_ABS:""skin"" OR TITLE_ABS:""topical"") AND NOT SRC:MED AND NOT SRC:PAT",c89c6daed2ca5b47f0a0178ebaeca702c7deb7d3186cbb2d510dce73e4d75304,mwbl-ingredient-evidence-query-v1.1,2026-07-13T06:27:58+00:00,2026-07-13T06:28:01+00:00,0,0,50,0,0,complete,Y,Y,2026-07-13T06:28:01+00:00,success,1,0,,,https://www.ebi.ac.uk/europepmc/webservices/rest/search,relevance,approved_terms_only,N,200,3166,candidate_unverified,none,mwbl-ingredient-multisource-discovery-v1.1-fresh,7779d9ebab29447f8465881efcb23b09a0f2f3751f524d19b389205ce650f26d
europe_pmc:potassium_hydroxide:afa6092805f86430,europe_pmc,166,potassium_hydroxide,포타슘하이드록사이드,Potassium Hydroxide,Potassium Hydroxide,"[{""alias_type"":"""",""origin"":""canonical_name_en"",""source"":""https://kcia.or.kr/cid/main/"",""term"":""Potassium Hydroxide""}]","(TITLE_ABS:""Potassium Hydroxide"") AND (TITLE_ABS:""skin"" OR TITLE_ABS:""topical"") AND NOT SRC:MED AND NOT SRC:PAT",afa6092805f864303545d968e5458ff17c305731cff6d2387c0961b05df42607,mwbl-ingredient-evidence-query-v1.1,2026-07-13T06:28:00+00:00,2026-07-13T06:28:03+00:00,9,9,50,9,9,complete,Y,Y,2026-07-13T06:28:03+00:00,success,1,0,,,https://www.ebi.ac.uk/europepmc/webservices/rest/search,relevance,approved_terms_only,N,200,3144,candidate_unverified,none,mwbl-ingredient-multisource-discovery-v1.1-fresh,7779d9ebab29447f8465881efcb23b09a0f2f3751f524d19b389205ce650f26d
europe_pmc:isononyl_isononanoate:51a43a7cf34c37df,europe_pmc,167,isononyl_isononanoate,아이소노닐아이소노나노에이트,Isononyl Isononanoate,Isononyl Isononanoate,"[{""alias_type"":"""",""origin"":""canonical_name_en"",""source"":""https://kcia.or.kr/cid/main/"",""term"":""Isononyl Isononanoate""}]","(TITLE_ABS:""Isononyl Isononanoate"") AND (TITLE_ABS:""skin"" OR TITLE_ABS:""topical"") AND NOT SRC:MED AND NOT SRC:PAT",51a43a7cf34c37df6e4700aaad310a578e545bb0d85aea18f176d97e671126db,mwbl-ingredient-evidence-query-v1.1,2026-07-13T06:28:00+00:00,2026-07-13T06:28:03+00:00,0,0,50,0,0,complete,Y,Y,2026-07-13T06:28:03+00:00,success,1,0,,,https://www.ebi.ac.uk/europepmc/webservices/rest/search,relevance,approved_terms_only,N,200,3141,candidate_unverified,none,mwbl-ingredient-multisource-discovery-v1.1-fresh,7779d9ebab29447f8465881efcb23b09a0f2f3751f524d19b389205ce650f26d
europe_pmc:xylitol:8dcd8f7fabf0867e,europe_pmc,168,xylitol,자일리톨,Xylitol,Xylitol,"[{""alias_type"":"""",""origin"":""canonical_name_en"",""source"":""https://kcia.or.kr/cid/main/"",""term"":""Xylitol""}]","(TITLE_ABS:""Xylitol"") AND (TITLE_ABS:""skin"" OR TITLE_ABS:""topical"") AND NOT SRC:MED AND NOT SRC:PAT",8dcd8f7fabf0867e1ef1eb5104c55901ec345696b31debaa0ffc66e00f6c315a,mwbl-ingredient-evidence-query-v1.1,2026-07-13T06:28:01+00:00,2026-07-13T06:28:03+00:00,2,2,50,2,2,complete,Y,Y,2026-07-13T06:28:03+00:00,success,1,0,,,https://www.ebi.ac.uk/europepmc/webservices/rest/search,relevance,approved_terms_only,N,200,2598,candidate_unverified,none,mwbl-ingredient-multisource-discovery-v1.1-fresh,7779d9ebab29447f8465881efcb23b09a0f2f3751f524d19b389205ce650f26d
europe_pmc:jojoba_esters:2eef48a4d372b6eb,europe_pmc,170,jojoba_esters,호호바에스터,Jojoba Esters,Jojoba Esters,"[{""alias_type"":"""",""origin"":""canonical_name_en"",""source"":""https://kcia.or.kr/cid/main/"",""term"":""Jojoba Esters""}]","(TITLE_ABS:""Jojoba Esters"") AND (TITLE_ABS:""skin"" OR TITLE_ABS:""topical"") AND NOT SRC:MED AND NOT SRC:PAT",2eef48a4d372b6eb017d5a45c51d0d59e712d69bb17b79e8104a4f04c561a869,mwbl-ingredient-evidence-query-v1.1,2026-07-13T06:28:01+00:00,2026-07-13T06:28:04+00:00,0,0,50,0,0,complete,Y,Y,2026-07-13T06:28:04+00:00,success,1,0,,,https://www.ebi.ac.uk/europepmc/webservices/rest/search,relevance,approved_terms_only,N,200,3135,candidate_unverified,none,mwbl-ingredient-multisource-discovery-v1.1-fresh,7779d9ebab29447f8465881efcb23b09a0f2f3751f524d19b389205ce650f26d
europe_pmc:dimethiconol:d40d596e08ac6bdc,europe_pmc,171,dimethiconol,다이메티콘올,Dimethiconol,Dimethiconol,"[{""alias_type"":"""",""origin"":""canonical_name_en"",""source"":""https://kcia.or.kr/cid/main/"",""term"":""Dimethiconol""}]","(TITLE_ABS:""Dimethiconol"") AND (TITLE_ABS:""skin"" OR TITLE_ABS:""topical"") AND NOT SRC:MED AND NOT SRC:PAT",d40d596e08ac6bdcd50f2835305c0f58a5ea46bfd32438451a27788d36c88a31,mwbl-ingredient-evidence-query-v1.1,2026-07-13T06:28:03+00:00,2026-07-13T06:28:06+00:00,0,0,50,0,0,complete,Y,Y,2026-07-13T06:28:06+00:00,success,1,0,,,https://www.ebi.ac.uk/europepmc/webservices/rest/search,relevance,approved_terms_only,N,200,2634,candidate_unverified,none,mwbl-ingredient-multisource-discovery-v1.1-fresh,7779d9ebab29447f8465881efcb23b09a0f2f3751f524d19b389205ce650f26d
europe_pmc:alanine:46a751e85dfeb894,europe_pmc,172,alanine,알라닌,Alanine,Alanine,"[{""alias_type"":"""",""origin"":""canonical_name_en"",""source"":""https://kcia.or.kr/cid/main/"",""term"":""Alanine""}]","(TITLE_ABS:""Alanine"") AND (TITLE_ABS:""skin"" OR TITLE_ABS:""topical"") AND NOT SRC:MED AND NOT SRC:PAT",46a751e85dfeb89470b5443016226063ffec8d7e10d7ca0cf260bdce7690af6c,mwbl-ingredient-evidence-query-v1.1,2026-07-13T06:28:03+00:00,2026-07-13T06:28:08+00:00,80,80,50,50,50,capped_at_retrieval_limit,N,N,2026-07-13T06:28:08+00:00,success,1,0,,,https://www.ebi.ac.uk/europepmc/webservices/rest/search,relevance,approved_terms_only,N,200,5250,candidate_unverified,none,mwbl-ingredient-multisource-discovery-v1.1-fresh,7779d9ebab29447f8465881efcb23b09a0f2f3751f524d19b389205ce650f26d
europe_pmc:sodium_polyacrylate:6c1ae9f7a4ee42a6,europe_pmc,173,sodium_polyacrylate,소듐폴리아크릴레이트,Sodium Polyacrylate,Sodium Polyacrylate,"[{""alias_type"":"""",""origin"":""canonical_name_en"",""source"":""https://kcia.or.kr/cid/main/"",""term"":""Sodium Polyacrylate""}]","(TITLE_ABS:""Sodium Polyacrylate"") AND (TITLE_ABS:""skin"" OR TITLE_ABS:""topical"") AND NOT SRC:MED AND NOT SRC:PAT",6c1ae9f7a4ee42a6452fb2d44082772422b4dcc7e1e6c168797c8ba2d2e6f30d,mwbl-ingredient-evidence-query-v1.1,2026-07-13T06:28:03+00:00,2026-07-13T06:28:06+00:00,2,2,50,2,2,complete,Y,Y,2026-07-13T06:28:06+00:00,success,1,0,,,https://www.ebi.ac.uk/europepmc/webservices/rest/search,relevance,approved_terms_only,N,200,2112,candidate_unverified,none,mwbl-ingredient-multisource-discovery-v1.1-fresh,7779d9ebab29447f8465881efcb23b09a0f2f3751f524d19b389205ce650f26d
europe_pmc:aloe_barbadensis_leaf_extract:068d1fc499ed26b3,europe_pmc,174,aloe_barbadensis_leaf_extract,알로에베라잎추출물,Aloe Barbadensis Leaf Extract,Aloe Barbadensis Leaf Extract,"[{""alias_type"":"""",""origin"":""canonical_name_en"",""source"":""https://kcia.or.kr/cid/main/"",""term"":""Aloe Barbadensis Leaf Extract""}]","(TITLE_ABS:""Aloe Barbadensis Leaf Extract"") AND (TITLE_ABS:""skin"" OR TITLE_ABS:""topical"") AND NOT SRC:MED AND NOT SRC:PAT",068d1fc499ed26b3b1cb2c34733354f46700159623c023dc94b419bacae4fac1,mwbl-ingredient-evidence-query-v1.1,2026-07-13T06:28:04+00:00,2026-07-13T06:28:07+00:00,0,0,50,0,0,complete,Y,Y,2026-07-13T06:28:07+00:00,success,1,0,,,https://www.ebi.ac.uk/europepmc/webservices/rest/search,relevance,approved_terms_only,N,200,2626,candidate_unverified,none,mwbl-ingredient-multisource-discovery-v1.1-fresh,7779d9ebab29447f8465881efcb23b09a0f2f3751f524d19b389205ce650f26d
europe_pmc:dextrin:7ae0dde6786a1695,europe_pmc,175,dextrin,덱스트린,Dextrin,Dextrin,"[{""alias_type"":"""",""origin"":""canonical_name_en"",""source"":""https://kcia.or.kr/cid/main/"",""term"":""Dextrin""}]","(TITLE_ABS:""Dextrin"") AND (TITLE_ABS:""skin"" OR TITLE_ABS:""topical"") AND NOT SRC:MED AND NOT SRC:PAT",7ae0dde6786a169569f969fce043212fc0139694395c87aaa61db99ce9cf4c51,mwbl-ingredient-evidence-query-v1.1,2026-07-13T06:28:06+00:00,2026-07-13T06:28:08+00:00,3,3,50,3,3,complete,Y,Y,2026-07-13T06:28:08+00:00,success,1,0,,,https://www.ebi.ac.uk/europepmc/webservices/rest/search,relevance,approved_terms_only,N,200,2611,candidate_unverified,none,mwbl-ingredient-multisource-discovery-v1.1-fresh,7779d9ebab29447f8465881efcb23b09a0f2f3751f524d19b389205ce650f26d
europe_pmc:polyglyceryl_4_isostearate:983378ca82cdd691,europe_pmc,177,polyglyceryl_4_isostearate,폴리글리세릴-4아이소스테아레이트,Polyglyceryl-4 Isostearate,Polyglyceryl-4 Isostearate,"[{""alias_type"":"""",""origin"":""canonical_name_en"",""source"":""https://kcia.or.kr/cid/main/"",""term"":""Polyglyceryl-4 Isostearate""}]","(TITLE_ABS:""Polyglyceryl-4 Isostearate"") AND (TITLE_ABS:""skin"" OR TITLE_ABS:""topical"") AND NOT SRC:MED AND NOT SRC:PAT",983378ca82cdd691d0b3a36d1df704e7ae1c5aa8e844a6c37ddbae2cf7c1e699,mwbl-ingredient-evidence-query-v1.1,2026-07-13T06:28:06+00:00,2026-07-13T06:28:09+00:00,0,0,50,0,0,complete,Y,Y,2026-07-13T06:28:09+00:00,success,1,0,,,https://www.ebi.ac.uk/europepmc/webservices/rest/search,relevance,approved_terms_only,N,200,3645,candidate_unverified,none,mwbl-ingredient-multisource-discovery-v1.1-fresh,7779d9ebab29447f8465881efcb23b09a0f2f3751f524d19b389205ce650f26d
europe_pmc:polysilicone_11:17fceb787dcdbcb1,europe_pmc,178,polysilicone_11,폴리실리콘-11,Polysilicone-11,Polysilicone-11,"[{""alias_type"":"""",""origin"":""canonical_name_en"",""source"":""https://kcia.or.kr/cid/main/"",""term"":""Polysilicone-11""}]","(TITLE_ABS:""Polysilicone-11"") AND (TITLE_ABS:""skin"" OR TITLE_ABS:""topical"") AND NOT SRC:MED AND NOT SRC:PAT",17fceb787dcdbcb152e5aa5faac37d6241530f008efcb261990a8dec11d84173,mwbl-ingredient-evidence-query-v1.1,2026-07-13T06:28:07+00:00,2026-07-13T06:28:10+00:00,0,0,50,0,0,complete,Y,Y,2026-07-13T06:28:10+00:00,success,1,0,,,https://www.ebi.ac.uk/europepmc/webservices/rest/search,relevance,approved_terms_only,N,200,3103,candidate_unverified,none,mwbl-ingredient-multisource-discovery-v1.1-fresh,7779d9ebab29447f8465881efcb23b09a0f2f3751f524d19b389205ce650f26d
europe_pmc:coco_glucoside:2c0ff0a59011b006,europe_pmc,180,coco_glucoside,코코-글루코사이드,Coco-Glucoside,Coco-Glucoside,"[{""alias_type"":"""",""origin"":""canonical_name_en"",""source"":""https://kcia.or.kr/cid/main/"",""term"":""Coco-Glucoside""}]","(TITLE_ABS:""Coco-Glucoside"") AND (TITLE_ABS:""skin"" OR TITLE_ABS:""topical"") AND NOT SRC:MED AND NOT SRC:PAT",2c0ff0a59011b006d462a0be431d26155bc14c65af364fe7c8b105113aa3785c,mwbl-ingredient-evidence-query-v1.1,2026-07-13T06:28:08+00:00,2026-07-13T06:28:10+00:00,0,0,50,0,0,complete,Y,Y,2026-07-13T06:28:10+00:00,success,1,0,,,https://www.ebi.ac.uk/europepmc/webservices/rest/search,relevance,approved_terms_only,N,200,2138,candidate_unverified,none,mwbl-ingredient-multisource-discovery-v1.1-fresh,7779d9ebab29447f8465881efcb23b09a0f2f3751f524d19b389205ce650f26d
europe_pmc:threonine:314ea23ed6665b03,europe_pmc,181,threonine,트레오닌,Threonine,Threonine,"[{""alias_type"":"""",""origin"":""canonical_name_en"",""source"":""https://kcia.or.kr/cid/main/"",""term"":""Threonine""}]","(TITLE_ABS:""Threonine"") AND (TITLE_ABS:""skin"" OR TITLE_ABS:""topical"") AND NOT SRC:MED AND NOT SRC:PAT",314ea23ed6665b03834d6681ebafea7394dd119a7021c8f8aa352bc74200417c,mwbl-ingredient-evidence-query-v1.1,2026-07-13T06:28:08+00:00,2026-07-13T06:28:13+00:00,36,36,50,36,36,complete,Y,Y,2026-07-13T06:28:13+00:00,success,1,0,,,https://www.ebi.ac.uk/europepmc/webservices/rest/search,relevance,approved_terms_only,N,200,4731,candidate_unverified,none,mwbl-ingredient-multisource-discovery-v1.1-fresh,7779d9ebab29447f8465881efcb23b09a0f2f3751f524d19b389205ce650f26d
europe_pmc:eugenol:500955fdb19c4f16,europe_pmc,182,eugenol,유제놀,Eugenol,Eugenol,"[{""alias_type"":"""",""origin"":""canonical_name_en"",""source"":""https://kcia.or.kr/cid/main/"",""term"":""Eugenol""}]","(TITLE_ABS:""Eugenol"") AND (TITLE_ABS:""skin"" OR TITLE_ABS:""topical"") AND NOT SRC:MED AND NOT SRC:PAT",500955fdb19c4f1663ce1751b23f5ff411fe04cc23f0cc167cf5569c58e02e42,mwbl-ingredient-evidence-query-v1.1,2026-07-13T06:28:09+00:00,2026-07-13T06:28:13+00:00,25,25,50,25,25,complete,Y,Y,2026-07-13T06:28:13+00:00,success,1,0,,,https://www.ebi.ac.uk/europepmc/webservices/rest/search,relevance,approved_terms_only,N,200,3701,candidate_unverified,none,mwbl-ingredient-multisource-discovery-v1.1-fresh,7779d9ebab29447f8465881efcb23b09a0f2f3751f524d19b389205ce650f26d
europe_pmc:sorbitan_oleate:7078b2d023ed4f4b,europe_pmc,183,sorbitan_oleate,솔비탄올리에이트,Sorbitan Oleate,Sorbitan Oleate,"[{""alias_type"":"""",""origin"":""canonical_name_en"",""source"":""https://kcia.or.kr/cid/main/"",""term"":""Sorbitan Oleate""}]","(TITLE_ABS:""Sorbitan Oleate"") AND (TITLE_ABS:""skin"" OR TITLE_ABS:""topical"") AND NOT SRC:MED AND NOT SRC:PAT",7078b2d023ed4f4b2be524fc7858e3c17a6293d85c4a009fe11e04d44da0aca5,mwbl-ingredient-evidence-query-v1.1,2026-07-13T06:28:10+00:00,2026-07-13T06:28:12+00:00,0,0,50,0,0,complete,Y,Y,2026-07-13T06:28:12+00:00,success,1,0,,,https://www.ebi.ac.uk/europepmc/webservices/rest/search,relevance,approved_terms_only,N,200,2633,candidate_unverified,none,mwbl-ingredient-multisource-discovery-v1.1-fresh,7779d9ebab29447f8465881efcb23b09a0f2f3751f524d19b389205ce650f26d
europe_pmc:prunus_amygdalus_dulcis_sweet_almond_oil:c1611f9daa394f98,europe_pmc,185,prunus_amygdalus_dulcis_sweet_almond_oil,스위트아몬드오일,Prunus Amygdalus Dulcis (Sweet Almond) Oil,Prunus Amygdalus Dulcis (Sweet Almond) Oil,"[{""alias_type"":"""",""origin"":""canonical_name_en"",""source"":""https://kcia.or.kr/cid/main/"",""term"":""Prunus Amygdalus Dulcis (Sweet Almond) Oil""}]","(TITLE_ABS:""Prunus Amygdalus Dulcis (Sweet Almond) Oil"") AND (TITLE_ABS:""skin"" OR TITLE_ABS:""topical"") AND NOT SRC:MED AND NOT SRC:PAT",c1611f9daa394f981b687f756249adaffd4d4f1318d840ea87520ff114768084,mwbl-ingredient-evidence-query-v1.1,2026-07-13T06:28:10+00:00,2026-07-13T06:28:13+00:00,0,0,50,0,0,complete,Y,Y,2026-07-13T06:28:13+00:00,success,1,0,,,https://www.ebi.ac.uk/europepmc/webservices/rest/search,relevance,approved_terms_only,N,200,2593,candidate_unverified,none,mwbl-ingredient-multisource-discovery-v1.1-fresh,7779d9ebab29447f8465881efcb23b09a0f2f3751f524d19b389205ce650f26d
europe_pmc:cellulose_gum:3dfc61cafb8d2a24,europe_pmc,186,cellulose_gum,셀룰로오스검,Cellulose Gum,Cellulose Gum,"[{""alias_type"":"""",""origin"":""canonical_name_en"",""source"":""https://kcia.or.kr/cid/main/"",""term"":""Cellulose Gum""}]","(TITLE_ABS:""Cellulose Gum"") AND (TITLE_ABS:""skin"" OR TITLE_ABS:""topical"") AND NOT SRC:MED AND NOT SRC:PAT",3dfc61cafb8d2a247a7f10b893d41cfb5de15a4269c457b1a046a8817ca84b81,mwbl-ingredient-evidence-query-v1.1,2026-07-13T06:28:12+00:00,2026-07-13T06:28:15+00:00,0,0,50,0,0,complete,Y,Y,2026-07-13T06:28:15+00:00,success,1,0,,,https://www.ebi.ac.uk/europepmc/webservices/rest/search,relevance,approved_terms_only,N,200,2123,candidate_unverified,none,mwbl-ingredient-multisource-discovery-v1.1-fresh,7779d9ebab29447f8465881efcb23b09a0f2f3751f524d19b389205ce650f26d
europe_pmc:iron_oxide_red:9f3fabadbd6a5497,europe_pmc,187,iron_oxide_red,적색산화철,Iron Oxide Red,Iron Oxide Red,"[{""alias_type"":"""",""origin"":""canonical_name_en"",""source"":""https://kcia.or.kr/cid/main/"",""term"":""Iron Oxide Red""}]","(TITLE_ABS:""Iron Oxide Red"") AND (TITLE_ABS:""skin"" OR TITLE_ABS:""topical"") AND NOT SRC:MED AND NOT SRC:PAT",9f3fabadbd6a5497114fc7a394cf6befe24ac65bfda8402e43fdc76aa0e46045,mwbl-ingredient-evidence-query-v1.1,2026-07-13T06:28:13+00:00,2026-07-13T06:28:15+00:00,0,0,50,0,0,complete,Y,Y,2026-07-13T06:28:15+00:00,success,1,0,,,https://www.ebi.ac.uk/europepmc/webservices/rest/search,relevance,approved_terms_only,N,200,2163,candidate_unverified,none,mwbl-ingredient-multisource-discovery-v1.1-fresh,7779d9ebab29447f8465881efcb23b09a0f2f3751f524d19b389205ce650f26d
europe_pmc:histidine:c85d6bc5366cdda5,europe_pmc,188,histidine,히스티딘,Histidine,Histidine,"[{""alias_type"":"""",""origin"":""canonical_name_en"",""source"":""https://kcia.or.kr/cid/main/"",""term"":""Histidine""}]","(TITLE_ABS:""Histidine"") AND (TITLE_ABS:""skin"" OR TITLE_ABS:""topical"") AND NOT SRC:MED AND NOT SRC:PAT",c85d6bc5366cdda5d319f41da4240fd12a0db40a11e3b2554c9f46e053dc252d,mwbl-ingredient-evidence-query-v1.1,2026-07-13T06:28:13+00:00,2026-07-13T06:28:18+00:00,31,31,50,31,31,complete,Y,Y,2026-07-13T06:28:18+00:00,success,1,0,,,https://www.ebi.ac.uk/europepmc/webservices/rest/search,relevance,approved_terms_only,N,200,4704,candidate_unverified,none,mwbl-ingredient-multisource-discovery-v1.1-fresh,7779d9ebab29447f8465881efcb23b09a0f2f3751f524d19b389205ce650f26d
europe_pmc:silica_dimethyl_silylate:748340d591353c85,europe_pmc,189,silica_dimethyl_silylate,실리카다이메틸실릴레이트,Silica Dimethyl Silylate,Silica Dimethyl Silylate,"[{""alias_type"":"""",""origin"":""canonical_name_en"",""source"":""https://kcia.or.kr/cid/main/"",""term"":""Silica Dimethyl Silylate""}]","(TITLE_ABS:""Silica Dimethyl Silylate"") AND (TITLE_ABS:""skin"" OR TITLE_ABS:""topical"") AND NOT SRC:MED AND NOT SRC:PAT",748340d591353c858b7a9549849c1d6d5e4dcb47781dad8990ccd50a29fb1157,mwbl-ingredient-evidence-query-v1.1,2026-07-13T06:28:13+00:00,2026-07-13T06:28:16+00:00,0,0,50,0,0,complete,Y,Y,2026-07-13T06:28:16+00:00,success,1,0,,,https://www.ebi.ac.uk/europepmc/webservices/rest/search,relevance,approved_terms_only,N,200,3117,candidate_unverified,none,mwbl-ingredient-multisource-discovery-v1.1-fresh,7779d9ebab29447f8465881efcb23b09a0f2f3751f524d19b389205ce650f26d
europe_pmc:lavandula_angustifolia_lavender_oil:09daee743c77ee02,europe_pmc,190,lavandula_angustifolia_lavender_oil,라벤더오일,Lavandula Angustifolia (Lavender) Oil,Lavandula Angustifolia (Lavender) Oil,"[{""alias_type"":"""",""origin"":""canonical_name_en"",""source"":""https://kcia.or.kr/cid/main/"",""term"":""Lavandula Angustifolia (Lavender) Oil""}]","(TITLE_ABS:""Lavandula Angustifolia (Lavender) Oil"") AND (TITLE_ABS:""skin"" OR TITLE_ABS:""topical"") AND NOT SRC:MED AND NOT SRC:PAT",09daee743c77ee027d5da7beca723ddfbb8fe608723e35ded4ad31fbe6fc998a,mwbl-ingredient-evidence-query-v1.1,2026-07-13T06:28:15+00:00,2026-07-13T06:28:17+00:00,0,0,50,0,0,complete,Y,Y,2026-07-13T06:28:17+00:00,success,1,0,,,https://www.ebi.ac.uk/europepmc/webservices/rest/search,relevance,approved_terms_only,N,200,2578,candidate_unverified,none,mwbl-ingredient-multisource-discovery-v1.1-fresh,7779d9ebab29447f8465881efcb23b09a0f2f3751f524d19b389205ce650f26d
europe_pmc:disodium_phosphate:15e17e7c486f603c,europe_pmc,191,disodium_phosphate,다이소듐포스페이트,Disodium Phosphate,Disodium Phosphate,"[{""alias_type"":"""",""origin"":""canonical_name_en"",""source"":""https://kcia.or.kr/cid/main/"",""term"":""Disodium Phosphate""}]","(TITLE_ABS:""Disodium Phosphate"") AND (TITLE_ABS:""skin"" OR TITLE_ABS:""topical"") AND NOT SRC:MED AND NOT SRC:PAT",15e17e7c486f603ca920177f09f27b1c3da341f7f595d8f255bf8205135874e5,mwbl-ingredient-evidence-query-v1.1,2026-07-13T06:28:15+00:00,2026-07-13T06:28:18+00:00,0,0,50,0,0,complete,Y,Y,2026-07-13T06:28:18+00:00,success,1,0,,,https://www.ebi.ac.uk/europepmc/webservices/rest/search,relevance,approved_terms_only,N,200,2546,candidate_unverified,none,mwbl-ingredient-multisource-discovery-v1.1-fresh,7779d9ebab29447f8465881efcb23b09a0f2f3751f524d19b389205ce650f26d
europe_pmc:hydrolyzed_collagen:b9779847f0305430,europe_pmc,192,hydrolyzed_collagen,하이드롤라이즈드콜라겐,Hydrolyzed Collagen,Hydrolyzed Collagen,"[{""alias_type"":"""",""origin"":""canonical_name_en"",""source"":""https://kcia.or.kr/cid/main/"",""term"":""Hydrolyzed Collagen""}]","(TITLE_ABS:""Hydrolyzed Collagen"") AND (TITLE_ABS:""skin"" OR TITLE_ABS:""topical"") AND NOT SRC:MED AND NOT SRC:PAT",b9779847f03054307c36d974789f657533aaf6448224edfcbb31c8cce13dcc73,mwbl-ingredient-evidence-query-v1.1,2026-07-13T06:28:16+00:00,2026-07-13T06:28:19+00:00,4,4,50,4,4,complete,Y,Y,2026-07-13T06:28:19+00:00,success,1,0,,,https://www.ebi.ac.uk/europepmc/webservices/rest/search,relevance,approved_terms_only,N,200,2674,candidate_unverified,none,mwbl-ingredient-multisource-discovery-v1.1-fresh,7779d9ebab29447f8465881efcb23b09a0f2f3751f524d19b389205ce650f26d
europe_pmc:disodium_stearoyl_glutamate:73e87842a49f2e55,europe_pmc,193,disodium_stearoyl_glutamate,다이소듐스테아로일글루타메이트,Disodium Stearoyl Glutamate,Disodium Stearoyl Glutamate,"[{""alias_type"":"""",""origin"":""canonical_name_en"",""source"":""https://kcia.or.kr/cid/main/"",""term"":""Disodium Stearoyl Glutamate""}]","(TITLE_ABS:""Disodium Stearoyl Glutamate"") AND (TITLE_ABS:""skin"" OR TITLE_ABS:""topical"") AND NOT SRC:MED AND NOT SRC:PAT",73e87842a49f2e55673ee359db0133568f717a06c84adc15aaef8f88f070e4ea,mwbl-ingredient-evidence-query-v1.1,2026-07-13T06:28:17+00:00,2026-07-13T06:28:20+00:00,0,0,50,0,0,complete,Y,Y,2026-07-13T06:28:20+00:00,success,1,0,,,https://www.ebi.ac.uk/europepmc/webservices/rest/search,relevance,approved_terms_only,N,200,2669,candidate_unverified,none,mwbl-ingredient-multisource-discovery-v1.1-fresh,7779d9ebab29447f8465881efcb23b09a0f2f3751f524d19b389205ce650f26d
europe_pmc:dicaprylyl_carbonate:d9754ddeb503bffb,europe_pmc,195,dicaprylyl_carbonate,다이카프릴릴카보네이트,Dicaprylyl Carbonate,Dicaprylyl Carbonate,"[{""alias_type"":"""",""origin"":""canonical_name_en"",""source"":""https://kcia.or.kr/cid/main/"",""term"":""Dicaprylyl Carbonate""}]","(TITLE_ABS:""Dicaprylyl Carbonate"") AND (TITLE_ABS:""skin"" OR TITLE_ABS:""topical"") AND NOT SRC:MED AND NOT SRC:PAT",d9754ddeb503bffb5adc9dbf6e063648aefbed5408295536e1a2fd556496a118,mwbl-ingredient-evidence-query-v1.1,2026-07-13T06:28:18+00:00,2026-07-13T06:28:21+00:00,1,1,50,1,1,complete,Y,Y,2026-07-13T06:28:21+00:00,success,1,0,,,https://www.ebi.ac.uk/europepmc/webservices/rest/search,relevance,approved_terms_only,N,200,3176,candidate_unverified,none,mwbl-ingredient-multisource-discovery-v1.1-fresh,7779d9ebab29447f8465881efcb23b09a0f2f3751f524d19b389205ce650f26d
europe_pmc:boron_nitride:83a5920e275ae837,europe_pmc,196,boron_nitride,보론나이트라이드,Boron Nitride,Boron Nitride,"[{""alias_type"":"""",""origin"":""canonical_name_en"",""source"":""https://kcia.or.kr/cid/main/"",""term"":""Boron Nitride""}]","(TITLE_ABS:""Boron Nitride"") AND (TITLE_ABS:""skin"" OR TITLE_ABS:""topical"") AND NOT SRC:MED AND NOT SRC:PAT",83a5920e275ae8379111418ff75d96475e29e7378451c1e5da56a0a55a38ea94,mwbl-ingredient-evidence-query-v1.1,2026-07-13T06:28:18+00:00,2026-07-13T06:28:21+00:00,1,1,50,1,1,complete,Y,Y,2026-07-13T06:28:21+00:00,success,1,0,,,https://www.ebi.ac.uk/europepmc/webservices/rest/search,relevance,approved_terms_only,N,200,3170,candidate_unverified,none,mwbl-ingredient-multisource-discovery-v1.1-fresh,7779d9ebab29447f8465881efcb23b09a0f2f3751f524d19b389205ce650f26d
europe_pmc:aspartic_acid:78e6d4d7b594542f,europe_pmc,197,aspartic_acid,아스파틱애씨드,Aspartic Acid,Aspartic Acid,"[{""alias_type"":"""",""origin"":""canonical_name_en"",""source"":""https://kcia.or.kr/cid/main/"",""term"":""Aspartic Acid""}]","(TITLE_ABS:""Aspartic Acid"") AND (TITLE_ABS:""skin"" OR TITLE_ABS:""topical"") AND NOT SRC:MED AND NOT SRC:PAT",78e6d4d7b594542f70666065b4856dbd5d8b2528b7e4fa38f21db8ae29dcc1d6,mwbl-ingredient-evidence-query-v1.1,2026-07-13T06:28:19+00:00,2026-07-13T06:28:23+00:00,14,14,50,14,14,complete,Y,Y,2026-07-13T06:28:23+00:00,success,1,0,,,https://www.ebi.ac.uk/europepmc/webservices/rest/search,relevance,approved_terms_only,N,200,4159,candidate_unverified,none,mwbl-ingredient-multisource-discovery-v1.1-fresh,7779d9ebab29447f8465881efcb23b09a0f2f3751f524d19b389205ce650f26d
europe_pmc:linalyl_acetate:8d5a728f03046ce2,europe_pmc,198,linalyl_acetate,리날릴아세테이트,Linalyl Acetate,Linalyl Acetate,"[{""alias_type"":"""",""origin"":""canonical_name_en"",""source"":""https://kcia.or.kr/cid/main/"",""term"":""Linalyl Acetate""}]","(TITLE_ABS:""Linalyl Acetate"") AND (TITLE_ABS:""skin"" OR TITLE_ABS:""topical"") AND NOT SRC:MED AND NOT SRC:PAT",8d5a728f03046ce2ae2328ecefca3bf7e83f28d89cba9db1b6efc5c77a2dfd7f,mwbl-ingredient-evidence-query-v1.1,2026-07-13T06:28:20+00:00,2026-07-13T06:28:22+00:00,5,5,50,5,5,complete,Y,Y,2026-07-13T06:28:22+00:00,success,1,0,,,https://www.ebi.ac.uk/europepmc/webservices/rest/search,relevance,approved_terms_only,N,200,2067,candidate_unverified,none,mwbl-ingredient-multisource-discovery-v1.1-fresh,7779d9ebab29447f8465881efcb23b09a0f2f3751f524d19b389205ce650f26d
europe_pmc:isostearic_acid:571d955ffa96d33a,europe_pmc,199,isostearic_acid,아이소스테아릭애씨드,Isostearic Acid,Isostearic Acid,"[{""alias_type"":"""",""origin"":""canonical_name_en"",""source"":""https://kcia.or.kr/cid/main/"",""term"":""Isostearic Acid""}]","(TITLE_ABS:""Isostearic Acid"") AND (TITLE_ABS:""skin"" OR TITLE_ABS:""topical"") AND NOT SRC:MED AND NOT SRC:PAT",571d955ffa96d33ac3a65ff51c49be98d67c05ca7c3e8904d0711a6074deefb4,mwbl-ingredient-evidence-query-v1.1,2026-07-13T06:28:21+00:00,2026-07-13T06:28:23+00:00,1,1,50,1,1,complete,Y,Y,2026-07-13T06:28:23+00:00,success,1,0,,,https://www.ebi.ac.uk/europepmc/webservices/rest/search,relevance,approved_terms_only,N,200,2613,candidate_unverified,none,mwbl-ingredient-multisource-discovery-v1.1-fresh,7779d9ebab29447f8465881efcb23b09a0f2f3751f524d19b389205ce650f26d
europe_pmc:cetyl_ethylhexanoate:1b9921ab02b8efb6,europe_pmc,200,cetyl_ethylhexanoate,세틸에틸헥사노에이트,Cetyl Ethylhexanoate,Cetyl Ethylhexanoate,"[{""alias_type"":"""",""origin"":""canonical_name_en"",""source"":""https://kcia.or.kr/cid/main/"",""term"":""Cetyl Ethylhexanoate""}]","(TITLE_ABS:""Cetyl Ethylhexanoate"") AND (TITLE_ABS:""skin"" OR TITLE_ABS:""topical"") AND NOT SRC:MED AND NOT SRC:PAT",1b9921ab02b8efb63cfb31dfdd86c5df4d9757869c49e815d10970e65785ccf0,mwbl-ingredient-evidence-query-v1.1,2026-07-13T06:28:21+00:00,2026-07-13T06:28:24+00:00,0,0,50,0,0,complete,Y,Y,2026-07-13T06:28:24+00:00,success,1,0,,,https://www.ebi.ac.uk/europepmc/webservices/rest/search,relevance,approved_terms_only,N,200,3106,candidate_unverified,none,mwbl-ingredient-multisource-discovery-v1.1-fresh,7779d9ebab29447f8465881efcb23b09a0f2f3751f524d19b389205ce650f26d
europe_pmc:polyglyceryl_2_triisostearate:bf8716e6cce2fb4d,europe_pmc,201,polyglyceryl_2_triisostearate,폴리글리세릴-2트라이아이소스테아레이트,Polyglyceryl-2 Triisostearate,Polyglyceryl-2 Triisostearate,"[{""alias_type"":"""",""origin"":""canonical_name_en"",""source"":""https://kcia.or.kr/cid/main/"",""term"":""Polyglyceryl-2 Triisostearate""}]","(TITLE_ABS:""Polyglyceryl-2 Triisostearate"") AND (TITLE_ABS:""skin"" OR TITLE_ABS:""topical"") AND NOT SRC:MED AND NOT SRC:PAT",bf8716e6cce2fb4d78a1c361f7ea180f690f8f80bd6d9cf5430a98b696ec87a8,mwbl-ingredient-evidence-query-v1.1,2026-07-13T06:28:22+00:00,2026-07-13T06:28:24+00:00,0,0,50,0,0,complete,Y,Y,2026-07-13T06:28:24+00:00,success,1,0,,,https://www.ebi.ac.uk/europepmc/webservices/rest/search,relevance,approved_terms_only,N,200,2607,candidate_unverified,none,mwbl-ingredient-multisource-discovery-v1.1-fresh,7779d9ebab29447f8465881efcb23b09a0f2f3751f524d19b389205ce650f26d
europe_pmc:phenylalanine:713681796b938e29,europe_pmc,202,phenylalanine,페닐알라닌,Phenylalanine,Phenylalanine,"[{""alias_type"":"""",""origin"":""canonical_name_en"",""source"":""https://kcia.or.kr/cid/main/"",""term"":""Phenylalanine""}]","(TITLE_ABS:""Phenylalanine"") AND (TITLE_ABS:""skin"" OR TITLE_ABS:""topical"") AND NOT SRC:MED AND NOT SRC:PAT",713681796b938e290e32c58513b910e172704ee1a4c4ad42e650ccace15da70b,mwbl-ingredient-evidence-query-v1.1,2026-07-13T06:28:23+00:00,2026-07-13T06:28:27+00:00,32,32,50,32,32,complete,Y,Y,2026-07-13T06:28:27+00:00,success,1,0,,,https://www.ebi.ac.uk/europepmc/webservices/rest/search,relevance,approved_terms_only,N,200,4249,candidate_unverified,none,mwbl-ingredient-multisource-discovery-v1.1-fresh,7779d9ebab29447f8465881efcb23b09a0f2f3751f524d19b389205ce650f26d
europe_pmc:vitis_vinifera_grape_seed_oil:fe950cc6b5fa19ce,europe_pmc,203,vitis_vinifera_grape_seed_oil,포도씨오일,Vitis Vinifera (Grape) Seed Oil,Vitis Vinifera (Grape) Seed Oil,"[{""alias_type"":"""",""origin"":""canonical_name_en"",""source"":""https://kcia.or.kr/cid/main/"",""term"":""Vitis Vinifera (Grape) Seed Oil""}]","(TITLE_ABS:""Vitis Vinifera (Grape) Seed Oil"") AND (TITLE_ABS:""skin"" OR TITLE_ABS:""topical"") AND NOT SRC:MED AND NOT SRC:PAT",fe950cc6b5fa19ce10547c7ac49c39352cea83867ee72e780d22fb37736626d6,mwbl-ingredient-evidence-query-v1.1,2026-07-13T06:28:23+00:00,2026-07-13T06:28:26+00:00,1,1,50,1,1,complete,Y,Y,2026-07-13T06:28:26+00:00,success,1,0,,,https://www.ebi.ac.uk/europepmc/webservices/rest/search,relevance,approved_terms_only,N,200,2095,candidate_unverified,none,mwbl-ingredient-multisource-discovery-v1.1-fresh,7779d9ebab29447f8465881efcb23b09a0f2f3751f524d19b389205ce650f26d
europe_pmc:sorbitan_sesquioleate:05feac3303f86213,europe_pmc,204,sorbitan_sesquioleate,솔비탄세스퀴올리에이트,Sorbitan Sesquioleate,Sorbitan Sesquioleate,"[{""alias_type"":"""",""origin"":""canonical_name_en"",""source"":""https://kcia.or.kr/cid/main/"",""term"":""Sorbitan Sesquioleate""}]","(TITLE_ABS:""Sorbitan Sesquioleate"") AND (TITLE_ABS:""skin"" OR TITLE_ABS:""topical"") AND NOT SRC:MED AND NOT SRC:PAT",05feac3303f86213f93088d09e6a0a49a20e744d9ad2e939713cbfedf2c73124,mwbl-ingredient-evidence-query-v1.1,2026-07-13T06:28:24+00:00,2026-07-13T06:28:27+00:00,0,0,50,0,0,complete,Y,Y,2026-07-13T06:28:27+00:00,success,1,0,,,https://www.ebi.ac.uk/europepmc/webservices/rest/search,relevance,approved_terms_only,N,200,2673,candidate_unverified,none,mwbl-ingredient-multisource-discovery-v1.1-fresh,7779d9ebab29447f8465881efcb23b09a0f2f3751f524d19b389205ce650f26d
europe_pmc:aminomethyl_propanol:e4c769fd3dc99831,europe_pmc,205,aminomethyl_propanol,아미노메틸프로판올,Aminomethyl Propanol,Aminomethyl Propanol,"[{""alias_type"":"""",""origin"":""canonical_name_en"",""source"":""https://kcia.or.kr/cid/main/"",""term"":""Aminomethyl Propanol""}]","(TITLE_ABS:""Aminomethyl Propanol"") AND (TITLE_ABS:""skin"" OR TITLE_ABS:""topical"") AND NOT SRC:MED AND NOT SRC:PAT",e4c769fd3dc9983104c0ce07d1c450cb6c1547a734a432f846d348abf2d8ba0e,mwbl-ingredient-evidence-query-v1.1,2026-07-13T06:28:24+00:00,2026-07-13T06:28:27+00:00,0,0,50,0,0,complete,Y,Y,2026-07-13T06:28:27+00:00,success,1,0,,,https://www.ebi.ac.uk/europepmc/webservices/rest/search,relevance,approved_terms_only,N,200,2154,candidate_unverified,none,mwbl-ingredient-multisource-discovery-v1.1-fresh,7779d9ebab29447f8465881efcb23b09a0f2f3751f524d19b389205ce650f26d
europe_pmc:pvp:07f8656f00cb7831,europe_pmc,206,pvp,피브이피,PVP,PVP,"[{""alias_type"":"""",""origin"":""canonical_name_en"",""source"":""https://kcia.or.kr/cid/main/"",""term"":""PVP""}]","(TITLE_ABS:""PVP"") AND (TITLE_ABS:""skin"" OR TITLE_ABS:""topical"") AND NOT SRC:MED AND NOT SRC:PAT",07f8656f00cb7831ec35ecf63059fb80875ba5cf7ef6f5d2f98d3058c6fbac6d,mwbl-ingredient-evidence-query-v1.1,2026-07-13T06:28:26+00:00,2026-07-13T06:28:32+00:00,41,41,50,41,41,complete,Y,Y,2026-07-13T06:28:32+00:00,success,1,0,,,https://www.ebi.ac.uk/europepmc/webservices/rest/search,relevance,approved_terms_only,N,200,6822,candidate_unverified,none,mwbl-ingredient-multisource-discovery-v1.1-fresh,7779d9ebab29447f8465881efcb23b09a0f2f3751f524d19b389205ce650f26d
europe_pmc:asiaticoside:d7f75cc21cabb358,europe_pmc,207,asiaticoside,아시아티코사이드,Asiaticoside,Asiaticoside,"[{""alias_type"":"""",""origin"":""canonical_name_en"",""source"":""https://pubmed.ncbi.nlm.nih.gov/10350364/"",""term"":""Asiaticoside""}]","(TITLE_ABS:""Asiaticoside"") AND (TITLE_ABS:""skin"" OR TITLE_ABS:""topical"") AND NOT SRC:MED AND NOT SRC:PAT",d7f75cc21cabb3583ffbeeba4301fe62afcd55be18284f3324e9d0b21124342d,mwbl-ingredient-evidence-query-v1.1,2026-07-13T06:28:27+00:00,2026-07-13T06:28:29+00:00,4,4,50,4,4,complete,Y,Y,2026-07-13T06:28:29+00:00,success,1,0,,,https://www.ebi.ac.uk/europepmc/webservices/rest/search,relevance,approved_terms_only,N,200,2584,candidate_unverified,none,mwbl-ingredient-multisource-discovery-v1.1-fresh,7779d9ebab29447f8465881efcb23b09a0f2f3751f524d19b389205ce650f26d
europe_pmc:polysorbate_80:ebdaaf2f61cde7a1,europe_pmc,208,polysorbate_80,폴리솔베이트80,Polysorbate 80,Polysorbate 80,"[{""alias_type"":"""",""origin"":""canonical_name_en"",""source"":""https://kcia.or.kr/cid/main/"",""term"":""Polysorbate 80""}]","(TITLE_ABS:""Polysorbate 80"") AND (TITLE_ABS:""skin"" OR TITLE_ABS:""topical"") AND NOT SRC:MED AND NOT SRC:PAT",ebdaaf2f61cde7a179d08e6fc03766a906ceac53115359c5186c29508d2308ac,mwbl-ingredient-evidence-query-v1.1,2026-07-13T06:28:27+00:00,2026-07-13T06:28:30+00:00,4,4,50,4,4,complete,Y,Y,2026-07-13T06:28:30+00:00,success,1,0,,,https://www.ebi.ac.uk/europepmc/webservices/rest/search,relevance,approved_terms_only,N,200,3151,candidate_unverified,none,mwbl-ingredient-multisource-discovery-v1.1-fresh,7779d9ebab29447f8465881efcb23b09a0f2f3751f524d19b389205ce650f26d
europe_pmc:glycol_distearate:8b8c6d9d1556ad00,europe_pmc,209,glycol_distearate,글라이콜다이스테아레이트,Glycol Distearate,Glycol Distearate,"[{""alias_type"":"""",""origin"":""canonical_name_en"",""source"":""https://kcia.or.kr/cid/main/"",""term"":""Glycol Distearate""}]","(TITLE_ABS:""Glycol Distearate"") AND (TITLE_ABS:""skin"" OR TITLE_ABS:""topical"") AND NOT SRC:MED AND NOT SRC:PAT",8b8c6d9d1556ad00b1383dd448f673d80132f639480d781d19c6d098991d0558,mwbl-ingredient-evidence-query-v1.1,2026-07-13T06:28:27+00:00,2026-07-13T06:28:30+00:00,0,0,50,0,0,complete,Y,Y,2026-07-13T06:28:30+00:00,success,1,0,,,https://www.ebi.ac.uk/europepmc/webservices/rest/search,relevance,approved_terms_only,N,200,2603,candidate_unverified,none,mwbl-ingredient-multisource-discovery-v1.1-fresh,7779d9ebab29447f8465881efcb23b09a0f2f3751f524d19b389205ce650f26d
europe_pmc:menthol:23af5bb4f32a5f1d,europe_pmc,210,menthol,멘톨,Menthol,Menthol,"[{""alias_type"":"""",""origin"":""canonical_name_en"",""source"":""https://kcia.or.kr/cid/main/"",""term"":""Menthol""}]","(TITLE_ABS:""Menthol"") AND (TITLE_ABS:""skin"" OR TITLE_ABS:""topical"") AND NOT SRC:MED AND NOT SRC:PAT",23af5bb4f32a5f1d5140a45965acd34474eab84711ac30f2b138e1b6f2761411,mwbl-ingredient-evidence-query-v1.1,2026-07-13T06:28:29+00:00,2026-07-13T06:28:33+00:00,27,27,50,27,27,complete,Y,Y,2026-07-13T06:28:33+00:00,success,1,0,,,https://www.ebi.ac.uk/europepmc/webservices/rest/search,relevance,approved_terms_only,N,200,3658,candidate_unverified,none,mwbl-ingredient-multisource-discovery-v1.1-fresh,7779d9ebab29447f8465881efcb23b09a0f2f3751f524d19b389205ce650f26d
europe_pmc:polyglyceryl_3_polyricinoleate:7d3feb82b5c70ef8,europe_pmc,211,polyglyceryl_3_polyricinoleate,폴리글리세릴-3폴리리시놀리에이트,Polyglyceryl-3 Polyricinoleate,Polyglyceryl-3 Polyricinoleate,"[{""alias_type"":"""",""origin"":""canonical_name_en"",""source"":""https://kcia.or.kr/cid/main/"",""term"":""Polyglyceryl-3 Polyricinoleate""}]","(TITLE_ABS:""Polyglyceryl-3 Polyricinoleate"") AND (TITLE_ABS:""skin"" OR TITLE_ABS:""topical"") AND NOT SRC:MED AND NOT SRC:PAT",7d3feb82b5c70ef831fdd6408fe720f38b67208eb5de1a2a119310db33182d61,mwbl-ingredient-evidence-query-v1.1,2026-07-13T06:28:30+00:00,2026-07-13T06:28:32+00:00,0,0,50,0,0,complete,Y,Y,2026-07-13T06:28:32+00:00,success,1,0,,,https://www.ebi.ac.uk/europepmc/webservices/rest/search,relevance,approved_terms_only,N,200,2586,candidate_unverified,none,mwbl-ingredient-multisource-discovery-v1.1-fresh,7779d9ebab29447f8465881efcb23b09a0f2f3751f524d19b389205ce650f26d
europe_pmc:polyacrylate_crosspolymer_6:902ac53ef314bc6e,europe_pmc,212,polyacrylate_crosspolymer_6,폴리아크릴레이트크로스폴리머-6,Polyacrylate Crosspolymer-6,Polyacrylate Crosspolymer-6,"[{""alias_type"":"""",""origin"":""canonical_name_en"",""source"":""https://kcia.or.kr/cid/main/"",""term"":""Polyacrylate Crosspolymer-6""}]","(TITLE_ABS:""Polyacrylate Crosspolymer-6"") AND (TITLE_ABS:""skin"" OR TITLE_ABS:""topical"") AND NOT SRC:MED AND NOT SRC:PAT",902ac53ef314bc6e6f9e944a32356378f76c56c32710db92694dfe0b87263923,mwbl-ingredient-evidence-query-v1.1,2026-07-13T06:28:30+00:00,2026-07-13T06:28:33+00:00,1,1,50,1,1,complete,Y,Y,2026-07-13T06:28:33+00:00,success,1,0,,,https://www.ebi.ac.uk/europepmc/webservices/rest/search,relevance,approved_terms_only,N,200,3085,candidate_unverified,none,mwbl-ingredient-multisource-discovery-v1.1-fresh,7779d9ebab29447f8465881efcb23b09a0f2f3751f524d19b389205ce650f26d
europe_pmc:valine:b5b911b799903a0b,europe_pmc,213,valine,발린,Valine,Valine,"[{""alias_type"":"""",""origin"":""canonical_name_en"",""source"":""https://kcia.or.kr/cid/main/"",""term"":""Valine""}]","(TITLE_ABS:""Valine"") AND (TITLE_ABS:""skin"" OR TITLE_ABS:""topical"") AND NOT SRC:MED AND NOT SRC:PAT",b5b911b799903a0b241b9959f378abcf07a147071b94a2ef303fced056e766aa,mwbl-ingredient-evidence-query-v1.1,2026-07-13T06:28:32+00:00,2026-07-13T06:28:36+00:00,13,13,50,13,13,complete,Y,Y,2026-07-13T06:28:36+00:00,success,1,0,,,https://www.ebi.ac.uk/europepmc/webservices/rest/search,relevance,approved_terms_only,N,200,3677,candidate_unverified,none,mwbl-ingredient-multisource-discovery-v1.1-fresh,7779d9ebab29447f8465881efcb23b09a0f2f3751f524d19b389205ce650f26d
europe_pmc:cyclohexasiloxane:5a20d3fd8b531cfe,europe_pmc,214,cyclohexasiloxane,사이클로헥사실록세인,Cyclohexasiloxane,Cyclohexasiloxane,"[{""alias_type"":"""",""origin"":""canonical_name_en"",""source"":""https://kcia.or.kr/cid/main/"",""term"":""Cyclohexasiloxane""}]","(TITLE_ABS:""Cyclohexasiloxane"") AND (TITLE_ABS:""skin"" OR TITLE_ABS:""topical"") AND NOT SRC:MED AND NOT SRC:PAT",5a20d3fd8b531cfeb20c41911990f84c3bea5b3b37f52bc0d6c253d3b5f2a452,mwbl-ingredient-evidence-query-v1.1,2026-07-13T06:28:32+00:00,2026-07-13T06:28:35+00:00,0,0,50,0,0,complete,Y,Y,2026-07-13T06:28:35+00:00,success,1,0,,,https://www.ebi.ac.uk/europepmc/webservices/rest/search,relevance,approved_terms_only,N,200,3114,candidate_unverified,none,mwbl-ingredient-multisource-discovery-v1.1-fresh,7779d9ebab29447f8465881efcb23b09a0f2f3751f524d19b389205ce650f26d
europe_pmc:methicone:998929c8ba46cb12,europe_pmc,215,methicone,메티콘,Methicone,Methicone,"[{""alias_type"":"""",""origin"":""canonical_name_en"",""source"":""https://kcia.or.kr/cid/main/"",""term"":""Methicone""}]","(TITLE_ABS:""Methicone"") AND (TITLE_ABS:""skin"" OR TITLE_ABS:""topical"") AND NOT SRC:MED AND NOT SRC:PAT",998929c8ba46cb124a63451547c240484dbb9c9f966031b33fed73a10eaccc2d,mwbl-ingredient-evidence-query-v1.1,2026-07-13T06:28:33+00:00,2026-07-13T06:28:35+00:00,0,0,50,0,0,complete,Y,Y,2026-07-13T06:28:35+00:00,success,1,0,,,https://www.ebi.ac.uk/europepmc/webservices/rest/search,relevance,approved_terms_only,N,200,2106,candidate_unverified,none,mwbl-ingredient-multisource-discovery-v1.1-fresh,7779d9ebab29447f8465881efcb23b09a0f2f3751f524d19b389205ce650f26d
europe_pmc:vinyl_dimethicone_methicone_silsesquioxane_crosspolymer:edfde7f1e659a275,europe_pmc,216,vinyl_dimethicone_methicone_silsesquioxane_crosspolymer,비닐다이메티콘/메티콘실세스퀴옥세인크로스폴리머,Vinyl Dimethicone/Methicone Silsesquioxane Crosspolymer,Vinyl Dimethicone/Methicone Silsesquioxane Crosspolymer,"[{""alias_type"":"""",""origin"":""canonical_name_en"",""source"":""https://kcia.or.kr/cid/main/"",""term"":""Vinyl Dimethicone/Methicone Silsesquioxane Crosspolymer""}]","(TITLE_ABS:""Vinyl Dimethicone/Methicone Silsesquioxane Crosspolymer"") AND (TITLE_ABS:""skin"" OR TITLE_ABS:""topical"") AND NOT SRC:MED AND NOT SRC:PAT",edfde7f1e659a275f400f1dcb960e627ad5736d84771d2329c6fe4a62ab0d331,mwbl-ingredient-evidence-query-v1.1,2026-07-13T06:28:33+00:00,2026-07-13T06:28:36+00:00,0,0,50,0,0,complete,Y,Y,2026-07-13T06:28:36+00:00,success,1,0,,,https://www.ebi.ac.uk/europepmc/webservices/rest/search,relevance,approved_terms_only,N,200,3166,candidate_unverified,none,mwbl-ingredient-multisource-discovery-v1.1-fresh,7779d9ebab29447f8465881efcb23b09a0f2f3751f524d19b389205ce650f26d
europe_pmc:isoleucine:d19c60d6ceec89e8,europe_pmc,217,isoleucine,아이소류신,Isoleucine,Isoleucine,"[{""alias_type"":"""",""origin"":""canonical_name_en"",""source"":""https://kcia.or.kr/cid/main/"",""term"":""Isoleucine""}]","(TITLE_ABS:""Isoleucine"") AND (TITLE_ABS:""skin"" OR TITLE_ABS:""topical"") AND NOT SRC:MED AND NOT SRC:PAT",d19c60d6ceec89e8b4761ef145dbeb11b45f7aef0afec5a3709678a9861ce52b,mwbl-ingredient-evidence-query-v1.1,2026-07-13T06:28:35+00:00,2026-07-13T06:28:38+00:00,11,11,50,11,11,complete,Y,Y,2026-07-13T06:28:38+00:00,success,1,0,,,https://www.ebi.ac.uk/europepmc/webservices/rest/search,relevance,approved_terms_only,N,200,2628,candidate_unverified,none,mwbl-ingredient-multisource-discovery-v1.1-fresh,7779d9ebab29447f8465881efcb23b09a0f2f3751f524d19b389205ce650f26d
europe_pmc:sucrose:9de08f4c55dfc60a,europe_pmc,218,sucrose,수크로오스,Sucrose,Sucrose,"[{""alias_type"":"""",""origin"":""canonical_name_en"",""source"":""https://kcia.or.kr/cid/main/"",""term"":""Sucrose""}]","(TITLE_ABS:""Sucrose"") AND (TITLE_ABS:""skin"" OR TITLE_ABS:""topical"") AND NOT SRC:MED AND NOT SRC:PAT",9de08f4c55dfc60a953476bef4aa60d1e2108071c6293f96bed55cba2b634c26,mwbl-ingredient-evidence-query-v1.1,2026-07-13T06:28:35+00:00,2026-07-13T06:28:40+00:00,84,84,50,50,50,capped_at_retrieval_limit,N,N,2026-07-13T06:28:40+00:00,success,1,0,,,https://www.ebi.ac.uk/europepmc/webservices/rest/search,relevance,approved_terms_only,N,200,4196,candidate_unverified,none,mwbl-ingredient-multisource-discovery-v1.1-fresh,7779d9ebab29447f8465881efcb23b09a0f2f3751f524d19b389205ce650f26d
europe_pmc:ethylhexyl_methoxycinnamate:1a0b630f2be867cb,europe_pmc,219,ethylhexyl_methoxycinnamate,에칠헥실메톡시신나메이트,Ethylhexyl Methoxycinnamate,Ethylhexyl Methoxycinnamate,"[{""alias_type"":"""",""origin"":""canonical_name_en"",""source"":""https://kcia.or.kr/cid/main/"",""term"":""Ethylhexyl Methoxycinnamate""}]","(TITLE_ABS:""Ethylhexyl Methoxycinnamate"") AND (TITLE_ABS:""skin"" OR TITLE_ABS:""topical"") AND NOT SRC:MED AND NOT SRC:PAT",1a0b630f2be867cb0b3d83ce34ac1cb46bb1e5593d05cf0bb3c3a8c017875b5e,mwbl-ingredient-evidence-query-v1.1,2026-07-13T06:28:36+00:00,2026-07-13T06:28:39+00:00,1,1,50,1,1,complete,Y,Y,2026-07-13T06:28:39+00:00,success,1,0,,,https://www.ebi.ac.uk/europepmc/webservices/rest/search,relevance,approved_terms_only,N,200,2620,candidate_unverified,none,mwbl-ingredient-multisource-discovery-v1.1-fresh,7779d9ebab29447f8465881efcb23b09a0f2f3751f524d19b389205ce650f26d
europe_pmc:potassium_cetyl_phosphate:580b8152fd5ac723,europe_pmc,220,potassium_cetyl_phosphate,포타슘세틸포스페이트,Potassium Cetyl Phosphate,Potassium Cetyl Phosphate,"[{""alias_type"":"""",""origin"":""canonical_name_en"",""source"":""https://kcia.or.kr/cid/main/"",""term"":""Potassium Cetyl Phosphate""}]","(TITLE_ABS:""Potassium Cetyl Phosphate"") AND (TITLE_ABS:""skin"" OR TITLE_ABS:""topical"") AND NOT SRC:MED AND NOT SRC:PAT",580b8152fd5ac723e1cc6b93b0f1477aded4d338ca7657e45292d119b745f106,mwbl-ingredient-evidence-query-v1.1,2026-07-13T06:28:36+00:00,2026-07-13T06:28:39+00:00,0,0,50,0,0,complete,Y,Y,2026-07-13T06:28:39+00:00,success,1,0,,,https://www.ebi.ac.uk/europepmc/webservices/rest/search,relevance,approved_terms_only,N,200,3125,candidate_unverified,none,mwbl-ingredient-multisource-discovery-v1.1-fresh,7779d9ebab29447f8465881efcb23b09a0f2f3751f524d19b389205ce650f26d
europe_pmc:polyethylene:51b9553532198cb3,europe_pmc,221,polyethylene,폴리에틸렌,Polyethylene,Polyethylene,"[{""alias_type"":"""",""origin"":""canonical_name_en"",""source"":""https://kcia.or.kr/cid/main/"",""term"":""Polyethylene""}]","(TITLE_ABS:""Polyethylene"") AND (TITLE_ABS:""skin"" OR TITLE_ABS:""topical"") AND NOT SRC:MED AND NOT SRC:PAT",51b9553532198cb3b58c235766cc749bf7a95f472870f002285c1c60c1bc2719,mwbl-ingredient-evidence-query-v1.1,2026-07-13T06:28:38+00:00,2026-07-13T06:28:42+00:00,92,92,50,50,50,capped_at_retrieval_limit,N,N,2026-07-13T06:28:42+00:00,success,1,0,,,https://www.ebi.ac.uk/europepmc/webservices/rest/search,relevance,approved_terms_only,N,200,4728,candidate_unverified,none,mwbl-ingredient-multisource-discovery-v1.1-fresh,7779d9ebab29447f8465881efcb23b09a0f2f3751f524d19b389205ce650f26d
europe_pmc:glyceryl_stearate_se:feacee83500795cd,europe_pmc,222,glyceryl_stearate_se,글리세릴스테아레이트에스이,Glyceryl Stearate SE,Glyceryl Stearate SE,"[{""alias_type"":"""",""origin"":""canonical_name_en"",""source"":""https://kcia.or.kr/cid/main/"",""term"":""Glyceryl Stearate SE""}]","(TITLE_ABS:""Glyceryl Stearate SE"") AND (TITLE_ABS:""skin"" OR TITLE_ABS:""topical"") AND NOT SRC:MED AND NOT SRC:PAT",feacee83500795cd9697a5de97d4e13e221514cca673987b00dee1b52424b476,mwbl-ingredient-evidence-query-v1.1,2026-07-13T06:28:39+00:00,2026-07-13T06:28:41+00:00,0,0,50,0,0,complete,Y,Y,2026-07-13T06:28:41+00:00,success,1,0,,,https://www.ebi.ac.uk/europepmc/webservices/rest/search,relevance,approved_terms_only,N,200,2664,candidate_unverified,none,mwbl-ingredient-multisource-discovery-v1.1-fresh,7779d9ebab29447f8465881efcb23b09a0f2f3751f524d19b389205ce650f26d
europe_pmc:sodium_gluconate:abbd1724639d43f5,europe_pmc,223,sodium_gluconate,소듐글루코네이트,Sodium Gluconate,Sodium Gluconate,"[{""alias_type"":"""",""origin"":""canonical_name_en"",""source"":""https://kcia.or.kr/cid/main/"",""term"":""Sodium Gluconate""}]","(TITLE_ABS:""Sodium Gluconate"") AND (TITLE_ABS:""skin"" OR TITLE_ABS:""topical"") AND NOT SRC:MED AND NOT SRC:PAT",abbd1724639d43f5fb4ee021fbd1f5d194d47ffcc61c886a3a1a3fdd6d601cc5,mwbl-ingredient-evidence-query-v1.1,2026-07-13T06:28:39+00:00,2026-07-13T06:28:42+00:00,0,0,50,0,0,complete,Y,Y,2026-07-13T06:28:42+00:00,success,1,0,,,https://www.ebi.ac.uk/europepmc/webservices/rest/search,relevance,approved_terms_only,N,200,2646,candidate_unverified,none,mwbl-ingredient-multisource-discovery-v1.1-fresh,7779d9ebab29447f8465881efcb23b09a0f2f3751f524d19b389205ce650f26d
europe_pmc:glutamic_acid:bbe20b92fc050cf5,europe_pmc,224,glutamic_acid,글루타믹애씨드,Glutamic Acid,Glutamic Acid,"[{""alias_type"":"""",""origin"":""canonical_name_en"",""source"":""https://kcia.or.kr/cid/main/"",""term"":""Glutamic Acid""}]","(TITLE_ABS:""Glutamic Acid"") AND (TITLE_ABS:""skin"" OR TITLE_ABS:""topical"") AND NOT SRC:MED AND NOT SRC:PAT",bbe20b92fc050cf5a91b77b3bfeae0f324f9cbae850e1b484f6b0236ef71de5a,mwbl-ingredient-evidence-query-v1.1,2026-07-13T06:28:40+00:00,2026-07-13T06:28:43+00:00,27,27,50,27,27,complete,Y,Y,2026-07-13T06:28:43+00:00,success,1,0,,,https://www.ebi.ac.uk/europepmc/webservices/rest/search,relevance,approved_terms_only,N,200,3674,candidate_unverified,none,mwbl-ingredient-multisource-discovery-v1.1-fresh,7779d9ebab29447f8465881efcb23b09a0f2f3751f524d19b389205ce650f26d
europe_pmc:methyl_methacrylate_crosspolymer:22109d3521d3b575,europe_pmc,225,methyl_methacrylate_crosspolymer,메틸메타크릴레이트크로스폴리머,Methyl Methacrylate Crosspolymer,Methyl Methacrylate Crosspolymer,"[{""alias_type"":"""",""origin"":""canonical_name_en"",""source"":""https://kcia.or.kr/cid/main/"",""term"":""Methyl Methacrylate Crosspolymer""}]","(TITLE_ABS:""Methyl Methacrylate Crosspolymer"") AND (TITLE_ABS:""skin"" OR TITLE_ABS:""topical"") AND NOT SRC:MED AND NOT SRC:PAT",22109d3521d3b57503635d9ff6f088b535603277fe8e653f2ddf8e24ff0fb018,mwbl-ingredient-evidence-query-v1.1,2026-07-13T06:28:41+00:00,2026-07-13T06:28:44+00:00,0,0,50,0,0,complete,Y,Y,2026-07-13T06:28:44+00:00,success,1,0,,,https://www.ebi.ac.uk/europepmc/webservices/rest/search,relevance,approved_terms_only,N,200,2572,candidate_unverified,none,mwbl-ingredient-multisource-discovery-v1.1-fresh,7779d9ebab29447f8465881efcb23b09a0f2f3751f524d19b389205ce650f26d
europe_pmc:methyl_trimethicone:d7c83944298c615c,europe_pmc,226,methyl_trimethicone,메틸트라이메티콘,Methyl Trimethicone,Methyl Trimethicone,"[{""alias_type"":"""",""origin"":""canonical_name_en"",""source"":""https://kcia.or.kr/cid/main/"",""term"":""Methyl Trimethicone""}]","(TITLE_ABS:""Methyl Trimethicone"") AND (TITLE_ABS:""skin"" OR TITLE_ABS:""topical"") AND NOT SRC:MED AND NOT SRC:PAT",d7c83944298c615c712be3e5f5f55fe02ce28eaa73db3087275cf71853f79dc8,mwbl-ingredient-evidence-query-v1.1,2026-07-13T06:28:42+00:00,2026-07-13T06:28:44+00:00,0,0,50,0,0,complete,Y,Y,2026-07-13T06:28:44+00:00,success,1,0,,,https://www.ebi.ac.uk/europepmc/webservices/rest/search,relevance,approved_terms_only,N,200,2590,candidate_unverified,none,mwbl-ingredient-multisource-discovery-v1.1-fresh,7779d9ebab29447f8465881efcb23b09a0f2f3751f524d19b389205ce650f26d
europe_pmc:butyloctyl_salicylate:fa29f4d23820bdc9,europe_pmc,227,butyloctyl_salicylate,부틸옥틸살리실레이트,Butyloctyl Salicylate,Butyloctyl Salicylate,"[{""alias_type"":"""",""origin"":""canonical_name_en"",""source"":""https://kcia.or.kr/cid/main/"",""term"":""Butyloctyl Salicylate""}]","(TITLE_ABS:""Butyloctyl Salicylate"") AND (TITLE_ABS:""skin"" OR TITLE_ABS:""topical"") AND NOT SRC:MED AND NOT SRC:PAT",fa29f4d23820bdc9a0bcb52ba7c77b1fde47b6ab18d2216b7ea9268a023b31fc,mwbl-ingredient-evidence-query-v1.1,2026-07-13T06:28:42+00:00,2026-07-13T06:28:45+00:00,0,0,50,0,0,complete,Y,Y,2026-07-13T06:28:45+00:00,success,1,0,,,https://www.ebi.ac.uk/europepmc/webservices/rest/search,relevance,approved_terms_only,N,200,2626,candidate_unverified,none,mwbl-ingredient-multisource-discovery-v1.1-fresh,7779d9ebab29447f8465881efcb23b09a0f2f3751f524d19b389205ce650f26d
europe_pmc:iron_oxide_yellow:b7c3b1e1bb411771,europe_pmc,228,iron_oxide_yellow,황색산화철,Iron Oxide Yellow,Iron Oxide Yellow,"[{""alias_type"":"""",""origin"":""canonical_name_en"",""source"":""https://kcia.or.kr/cid/main/"",""term"":""Iron Oxide Yellow""}]","(TITLE_ABS:""Iron Oxide Yellow"") AND (TITLE_ABS:""skin"" OR TITLE_ABS:""topical"") AND NOT SRC:MED AND NOT SRC:PAT",b7c3b1e1bb411771f098f1a1104d0f0a54eb886d05d36c7b2ac3a62d7b96b805,mwbl-ingredient-evidence-query-v1.1,2026-07-13T06:28:43+00:00,2026-07-13T06:28:46+00:00,0,0,50,0,0,complete,Y,Y,2026-07-13T06:28:46+00:00,success,1,0,,,https://www.ebi.ac.uk/europepmc/webservices/rest/search,relevance,approved_terms_only,N,200,2604,candidate_unverified,none,mwbl-ingredient-multisource-discovery-v1.1-fresh,7779d9ebab29447f8465881efcb23b09a0f2f3751f524d19b389205ce650f26d
europe_pmc:citrus_aurantium_dulcis_orange_peel_oil:15cb0cefe812ad01,europe_pmc,229,citrus_aurantium_dulcis_orange_peel_oil,오렌지껍질오일,Citrus Aurantium Dulcis (Orange) Peel Oil,Citrus Aurantium Dulcis (Orange) Peel Oil,"[{""alias_type"":"""",""origin"":""canonical_name_en"",""source"":""https://kcia.or.kr/cid/main/"",""term"":""Citrus Aurantium Dulcis (Orange) Peel Oil""}]","(TITLE_ABS:""Citrus Aurantium Dulcis (Orange) Peel Oil"") AND (TITLE_ABS:""skin"" OR TITLE_ABS:""topical"") AND NOT SRC:MED AND NOT SRC:PAT",15cb0cefe812ad017d0a2330d816bc039200b3c31b492e7fa99a661d38c07211,mwbl-ingredient-evidence-query-v1.1,2026-07-13T06:28:44+00:00,2026-07-13T06:28:48+00:00,0,0,50,0,0,complete,Y,Y,2026-07-13T06:28:48+00:00,success,1,0,,,https://www.ebi.ac.uk/europepmc/webservices/rest/search,relevance,approved_terms_only,N,200,3663,candidate_unverified,none,mwbl-ingredient-multisource-discovery-v1.1-fresh,7779d9ebab29447f8465881efcb23b09a0f2f3751f524d19b389205ce650f26d
europe_pmc:curcuma_longa_turmeric_root_extract:2b1813a2fced988b,europe_pmc,230,curcuma_longa_turmeric_root_extract,울금뿌리추출물,Curcuma Longa (Turmeric) Root Extract,Curcuma Longa (Turmeric) Root Extract,"[{""alias_type"":"""",""origin"":""canonical_name_en"",""source"":""https://kcia.or.kr/cid/main/"",""term"":""Curcuma Longa (Turmeric) Root Extract""}]","(TITLE_ABS:""Curcuma Longa (Turmeric) Root Extract"") AND (TITLE_ABS:""skin"" OR TITLE_ABS:""topical"") AND NOT SRC:MED AND NOT SRC:PAT",2b1813a2fced988b524a89346a765a06b80329fe6d39cb29aa764d8611e680c0,mwbl-ingredient-evidence-query-v1.1,2026-07-13T06:28:44+00:00,2026-07-13T06:28:47+00:00,0,0,50,0,0,complete,Y,Y,2026-07-13T06:28:47+00:00,success,1,0,,,https://www.ebi.ac.uk/europepmc/webservices/rest/search,relevance,approved_terms_only,N,200,2635,candidate_unverified,none,mwbl-ingredient-multisource-discovery-v1.1-fresh,7779d9ebab29447f8465881efcb23b09a0f2f3751f524d19b389205ce650f26d
europe_pmc:bis_diglyceryl_polyacyladipate_2:79c2e7cf36ebfd17,europe_pmc,231,bis_diglyceryl_polyacyladipate_2,비스-다이글리세릴폴리아실아디페이트-2,Bis-Diglyceryl Polyacyladipate-2,Bis-Diglyceryl Polyacyladipate-2,"[{""alias_type"":"""",""origin"":""canonical_name_en"",""source"":""https://kcia.or.kr/cid/main/"",""term"":""Bis-Diglyceryl Polyacyladipate-2""}]","(TITLE_ABS:""Bis-Diglyceryl Polyacyladipate-2"") AND (TITLE_ABS:""skin"" OR TITLE_ABS:""topical"") AND NOT SRC:MED AND NOT SRC:PAT",79c2e7cf36ebfd1796b790989f5dcab9c9215d2c9a82dc815262e779f3027571,mwbl-ingredient-evidence-query-v1.1,2026-07-13T06:28:45+00:00,2026-07-13T06:28:48+00:00,0,0,50,0,0,complete,Y,Y,2026-07-13T06:28:48+00:00,success,1,0,,,https://www.ebi.ac.uk/europepmc/webservices/rest/search,relevance,approved_terms_only,N,200,2603,candidate_unverified,none,mwbl-ingredient-multisource-discovery-v1.1-fresh,7779d9ebab29447f8465881efcb23b09a0f2f3751f524d19b389205ce650f26d
europe_pmc:alcohol_denat:2b22e740263bf69f,europe_pmc,232,alcohol_denat,변성알코올,Alcohol Denat.,Alcohol Denat.,"[{""alias_type"":"""",""origin"":""canonical_name_en"",""source"":""https://kcia.or.kr/cid/main/"",""term"":""Alcohol Denat.""}]","(TITLE_ABS:""Alcohol Denat."") AND (TITLE_ABS:""skin"" OR TITLE_ABS:""topical"") AND NOT SRC:MED AND NOT SRC:PAT",2b22e740263bf69fc83f33485f9a676cb618a0224c4b397445c305e1d7564db2,mwbl-ingredient-evidence-query-v1.1,2026-07-13T06:28:46+00:00,2026-07-13T06:28:49+00:00,0,0,50,0,0,complete,Y,Y,2026-07-13T06:28:49+00:00,success,1,0,,,https://www.ebi.ac.uk/europepmc/webservices/rest/search,relevance,approved_terms_only,N,200,2634,candidate_unverified,none,mwbl-ingredient-multisource-discovery-v1.1-fresh,7779d9ebab29447f8465881efcb23b09a0f2f3751f524d19b389205ce650f26d
europe_pmc:talc:491348b437754a9d,europe_pmc,233,talc,탤크,Talc,Talc,"[{""alias_type"":"""",""origin"":""canonical_name_en"",""source"":""https://kcia.or.kr/cid/main/"",""term"":""Talc""}]","(TITLE_ABS:""Talc"") AND (TITLE_ABS:""skin"" OR TITLE_ABS:""topical"") AND NOT SRC:MED AND NOT SRC:PAT",491348b437754a9d4573f28760f20aa3d805f2fb436d1371092d5f7b3c262fff,mwbl-ingredient-evidence-query-v1.1,2026-07-13T06:28:47+00:00,2026-07-13T06:28:50+00:00,2,2,50,2,2,complete,Y,Y,2026-07-13T06:28:50+00:00,success,1,0,,,https://www.ebi.ac.uk/europepmc/webservices/rest/search,relevance,approved_terms_only,N,200,2603,candidate_unverified,none,mwbl-ingredient-multisource-discovery-v1.1-fresh,7779d9ebab29447f8465881efcb23b09a0f2f3751f524d19b389205ce650f26d
europe_pmc:trihydroxystearin:baa0dbea82939e66,europe_pmc,234,trihydroxystearin,트라이하이드록시스테아린,Trihydroxystearin,Trihydroxystearin,"[{""alias_type"":"""",""origin"":""canonical_name_en"",""source"":""https://kcia.or.kr/cid/main/"",""term"":""Trihydroxystearin""}]","(TITLE_ABS:""Trihydroxystearin"") AND (TITLE_ABS:""skin"" OR TITLE_ABS:""topical"") AND NOT SRC:MED AND NOT SRC:PAT",baa0dbea82939e667b928012b550ea354d885c5b763896cf8b4560ad3ee2f0c9,mwbl-ingredient-evidence-query-v1.1,2026-07-13T06:28:48+00:00,2026-07-13T06:28:50+00:00,0,0,50,0,0,complete,Y,Y,2026-07-13T06:28:50+00:00,success,1,0,,,https://www.ebi.ac.uk/europepmc/webservices/rest/search,relevance,approved_terms_only,N,200,2630,candidate_unverified,none,mwbl-ingredient-multisource-discovery-v1.1-fresh,7779d9ebab29447f8465881efcb23b09a0f2f3751f524d19b389205ce650f26d
europe_pmc:sodium_hyaluronate_crosspolymer:a2188a2bd4200abf,europe_pmc,235,sodium_hyaluronate_crosspolymer,소듐하이알루로네이트크로스폴리머,Sodium Hyaluronate Crosspolymer,Sodium Hyaluronate Crosspolymer,"[{""alias_type"":"""",""origin"":""canonical_name_en"",""source"":""https://kcia.or.kr/cid/main/"",""term"":""Sodium Hyaluronate Crosspolymer""}]","(TITLE_ABS:""Sodium Hyaluronate Crosspolymer"") AND (TITLE_ABS:""skin"" OR TITLE_ABS:""topical"") AND NOT SRC:MED AND NOT SRC:PAT",a2188a2bd4200abfe672cf2354daf32410bf6ca7b66c410269b637f2e56e3f38,mwbl-ingredient-evidence-query-v1.1,2026-07-13T06:28:48+00:00,2026-07-13T06:28:51+00:00,0,0,50,0,0,complete,Y,Y,2026-07-13T06:28:51+00:00,success,1,0,,,https://www.ebi.ac.uk/europepmc/webservices/rest/search,relevance,approved_terms_only,N,200,3128,candidate_unverified,none,mwbl-ingredient-multisource-discovery-v1.1-fresh,7779d9ebab29447f8465881efcb23b09a0f2f3751f524d19b389205ce650f26d
europe_pmc:saccharide_isomerate:d5ec1ac208a474ce,europe_pmc,236,saccharide_isomerate,사카라이드아이소머레이트,Saccharide Isomerate,Saccharide Isomerate,"[{""alias_type"":"""",""origin"":""canonical_name_en"",""source"":""https://kcia.or.kr/cid/main/"",""term"":""Saccharide Isomerate""}]","(TITLE_ABS:""Saccharide Isomerate"") AND (TITLE_ABS:""skin"" OR TITLE_ABS:""topical"") AND NOT SRC:MED AND NOT SRC:PAT",d5ec1ac208a474ce152673e6fa4f78afc148ea1df02de1cd72ffd6b8029d95b4,mwbl-ingredient-evidence-query-v1.1,2026-07-13T06:28:49+00:00,2026-07-13T06:28:51+00:00,1,1,50,1,1,complete,Y,Y,2026-07-13T06:28:51+00:00,success,1,0,,,https://www.ebi.ac.uk/europepmc/webservices/rest/search,relevance,approved_terms_only,N,200,2629,candidate_unverified,none,mwbl-ingredient-multisource-discovery-v1.1-fresh,7779d9ebab29447f8465881efcb23b09a0f2f3751f524d19b389205ce650f26d
europe_pmc:polyglyceryl_3_diisostearate:f22ebfc8a7541c1c,europe_pmc,237,polyglyceryl_3_diisostearate,폴리글리세릴-3다이아이소스테아레이트,Polyglyceryl-3 Diisostearate,Polyglyceryl-3 Diisostearate,"[{""alias_type"":"""",""origin"":""canonical_name_en"",""source"":""https://kcia.or.kr/cid/main/"",""term"":""Polyglyceryl-3 Diisostearate""}]","(TITLE_ABS:""Polyglyceryl-3 Diisostearate"") AND (TITLE_ABS:""skin"" OR TITLE_ABS:""topical"") AND NOT SRC:MED AND NOT SRC:PAT",f22ebfc8a7541c1cde4bf57446eca05340af038b3be1a92d35d5b80b6c7d5fe1,mwbl-ingredient-evidence-query-v1.1,2026-07-13T06:28:50+00:00,2026-07-13T06:28:52+00:00,0,0,50,0,0,complete,Y,Y,2026-07-13T06:28:52+00:00,success,1,0,,,https://www.ebi.ac.uk/europepmc/webservices/rest/search,relevance,approved_terms_only,N,200,2630,candidate_unverified,none,mwbl-ingredient-multisource-discovery-v1.1-fresh,7779d9ebab29447f8465881efcb23b09a0f2f3751f524d19b389205ce650f26d
europe_pmc:zinc_stearate:63743bb9a27b8d94,europe_pmc,238,zinc_stearate,징크스테아레이트,Zinc Stearate,Zinc Stearate,"[{""alias_type"":"""",""origin"":""canonical_name_en"",""source"":""https://kcia.or.kr/cid/main/"",""term"":""Zinc Stearate""}]","(TITLE_ABS:""Zinc Stearate"") AND (TITLE_ABS:""skin"" OR TITLE_ABS:""topical"") AND NOT SRC:MED AND NOT SRC:PAT",63743bb9a27b8d9454d2c91fbf9d69862606f312befc6e6fd8fe3c77b1fe0f82,mwbl-ingredient-evidence-query-v1.1,2026-07-13T06:28:50+00:00,2026-07-13T06:28:53+00:00,0,0,50,0,0,complete,Y,Y,2026-07-13T06:28:53+00:00,success,1,0,,,https://www.ebi.ac.uk/europepmc/webservices/rest/search,relevance,approved_terms_only,N,200,3216,candidate_unverified,none,mwbl-ingredient-multisource-discovery-v1.1-fresh,7779d9ebab29447f8465881efcb23b09a0f2f3751f524d19b389205ce650f26d
europe_pmc:cellulose:110507838240016d,europe_pmc,239,cellulose,셀룰로오스,Cellulose,Cellulose,"[{""alias_type"":"""",""origin"":""canonical_name_en"",""source"":""https://kcia.or.kr/cid/main/"",""term"":""Cellulose""}]","(TITLE_ABS:""Cellulose"") AND (TITLE_ABS:""skin"" OR TITLE_ABS:""topical"") AND NOT SRC:MED AND NOT SRC:PAT",110507838240016d2c99b018822bd8c2d9c60da23b5aa3fcc8475660b5a48f89,mwbl-ingredient-evidence-query-v1.1,2026-07-13T06:28:51+00:00,2026-07-13T06:28:55+00:00,229,229,50,50,50,capped_at_retrieval_limit,N,N,2026-07-13T06:28:55+00:00,success,1,0,,,https://www.ebi.ac.uk/europepmc/webservices/rest/search,relevance,approved_terms_only,N,200,4738,candidate_unverified,none,mwbl-ingredient-multisource-discovery-v1.1-fresh,7779d9ebab29447f8465881efcb23b09a0f2f3751f524d19b389205ce650f26d
europe_pmc:tetramethyl_acetyloctahydronaphthalenes:fcf79ef562ac186b,europe_pmc,240,tetramethyl_acetyloctahydronaphthalenes,테트라메틸아세틸옥타하이드로나프탈렌,Tetramethyl Acetyloctahydronaphthalenes,Tetramethyl Acetyloctahydronaphthalenes,"[{""alias_type"":"""",""origin"":""canonical_name_en"",""source"":""https://kcia.or.kr/cid/main/"",""term"":""Tetramethyl Acetyloctahydronaphthalenes""}]","(TITLE_ABS:""Tetramethyl Acetyloctahydronaphthalenes"") AND (TITLE_ABS:""skin"" OR TITLE_ABS:""topical"") AND NOT SRC:MED AND NOT SRC:PAT",fcf79ef562ac186b76843209cf2e1194d4fc35652e365aba96e5d0436fe6493c,mwbl-ingredient-evidence-query-v1.1,2026-07-13T06:28:51+00:00,2026-07-13T06:28:54+00:00,0,0,50,0,0,complete,Y,Y,2026-07-13T06:28:54+00:00,success,1,0,,,https://www.ebi.ac.uk/europepmc/webservices/rest/search,relevance,approved_terms_only,N,200,2637,candidate_unverified,none,mwbl-ingredient-multisource-discovery-v1.1-fresh,7779d9ebab29447f8465881efcb23b09a0f2f3751f524d19b389205ce650f26d
europe_pmc:tribehenin:004acfd52db9d8dc,europe_pmc,241,tribehenin,트라이베헤닌,Tribehenin,Tribehenin,"[{""alias_type"":"""",""origin"":""canonical_name_en"",""source"":""https://kcia.or.kr/cid/main/"",""term"":""Tribehenin""}]","(TITLE_ABS:""Tribehenin"") AND (TITLE_ABS:""skin"" OR TITLE_ABS:""topical"") AND NOT SRC:MED AND NOT SRC:PAT",004acfd52db9d8dc5c82a24ff844b94b3fcd24f807dd578fdfca281b0abaa391,mwbl-ingredient-evidence-query-v1.1,2026-07-13T06:28:52+00:00,2026-07-13T06:28:55+00:00,0,0,50,0,0,complete,Y,Y,2026-07-13T06:28:55+00:00,success,1,0,,,https://www.ebi.ac.uk/europepmc/webservices/rest/search,relevance,approved_terms_only,N,200,2609,candidate_unverified,none,mwbl-ingredient-multisource-discovery-v1.1-fresh,7779d9ebab29447f8465881efcb23b09a0f2f3751f524d19b389205ce650f26d
europe_pmc:iron_oxide_black:680d6dc54dde8719,europe_pmc,242,iron_oxide_black,흑색산화철,Iron Oxide Black,Iron Oxide Black,"[{""alias_type"":"""",""origin"":""canonical_name_en"",""source"":""https://kcia.or.kr/cid/main/"",""term"":""Iron Oxide Black""}]","(TITLE_ABS:""Iron Oxide Black"") AND (TITLE_ABS:""skin"" OR TITLE_ABS:""topical"") AND NOT SRC:MED AND NOT SRC:PAT",680d6dc54dde8719ec7ff81eaa5194e52378480c262b072d151f2e7a14de0574,mwbl-ingredient-evidence-query-v1.1,2026-07-13T06:28:53+00:00,2026-07-13T06:28:56+00:00,0,0,50,0,0,complete,Y,Y,2026-07-13T06:28:56+00:00,success,1,0,,,https://www.ebi.ac.uk/europepmc/webservices/rest/search,relevance,approved_terms_only,N,200,2545,candidate_unverified,none,mwbl-ingredient-multisource-discovery-v1.1-fresh,7779d9ebab29447f8465881efcb23b09a0f2f3751f524d19b389205ce650f26d
europe_pmc:nylon_12:766c6c2dd6b59e87,europe_pmc,243,nylon_12,나일론-12,Nylon-12,Nylon-12,"[{""alias_type"":"""",""origin"":""canonical_name_en"",""source"":""https://kcia.or.kr/cid/main/"",""term"":""Nylon-12""}]","(TITLE_ABS:""Nylon-12"") AND (TITLE_ABS:""skin"" OR TITLE_ABS:""topical"") AND NOT SRC:MED AND NOT SRC:PAT",766c6c2dd6b59e87b6eb3b213dd9c4ebbe0f174b73d9f21a46922913f2cdf3c1,mwbl-ingredient-evidence-query-v1.1,2026-07-13T06:28:54+00:00,2026-07-13T06:28:56+00:00,1,1,50,1,1,complete,Y,Y,2026-07-13T06:28:56+00:00,success,1,0,,,https://www.ebi.ac.uk/europepmc/webservices/rest/search,relevance,approved_terms_only,N,200,2613,candidate_unverified,none,mwbl-ingredient-multisource-discovery-v1.1-fresh,7779d9ebab29447f8465881efcb23b09a0f2f3751f524d19b389205ce650f26d
europe_pmc:calcium_aluminum_borosilicate:8e8fe3a916a9aa1b,europe_pmc,244,calcium_aluminum_borosilicate,칼슘알루미늄보로실리케이트,Calcium Aluminum Borosilicate,Calcium Aluminum Borosilicate,"[{""alias_type"":"""",""origin"":""canonical_name_en"",""source"":""https://kcia.or.kr/cid/main/"",""term"":""Calcium Aluminum Borosilicate""}]","(TITLE_ABS:""Calcium Aluminum Borosilicate"") AND (TITLE_ABS:""skin"" OR TITLE_ABS:""topical"") AND NOT SRC:MED AND NOT SRC:PAT",8e8fe3a916a9aa1bb133d3b3fc4067f5a57bf66aa69344dbf099525dd2442347,mwbl-ingredient-evidence-query-v1.1,2026-07-13T06:28:55+00:00,2026-07-13T06:28:57+00:00,0,0,50,0,0,complete,Y,Y,2026-07-13T06:28:57+00:00,success,1,0,,,https://www.ebi.ac.uk/europepmc/webservices/rest/search,relevance,approved_terms_only,N,200,2623,candidate_unverified,none,mwbl-ingredient-multisource-discovery-v1.1-fresh,7779d9ebab29447f8465881efcb23b09a0f2f3751f524d19b389205ce650f26d
europe_pmc:ethylhexyl_salicylate:b7d46617edfbca8b,europe_pmc,245,ethylhexyl_salicylate,에칠헥실살리실레이트,Ethylhexyl Salicylate,Ethylhexyl Salicylate,"[{""alias_type"":"""",""origin"":""canonical_name_en"",""source"":""https://kcia.or.kr/cid/main/"",""term"":""Ethylhexyl Salicylate""}]","(TITLE_ABS:""Ethylhexyl Salicylate"") AND (TITLE_ABS:""skin"" OR TITLE_ABS:""topical"") AND NOT SRC:MED AND NOT SRC:PAT",b7d46617edfbca8be6161f1c90d21e119e1215d42c42fe1582bc6bb19f6b850f,mwbl-ingredient-evidence-query-v1.1,2026-07-13T06:28:55+00:00,2026-07-13T06:28:58+00:00,2,2,50,2,2,complete,Y,Y,2026-07-13T06:28:58+00:00,success,1,0,,,https://www.ebi.ac.uk/europepmc/webservices/rest/search,relevance,approved_terms_only,N,200,2608,candidate_unverified,none,mwbl-ingredient-multisource-discovery-v1.1-fresh,7779d9ebab29447f8465881efcb23b09a0f2f3751f524d19b389205ce650f26d
europe_pmc:hydrogenated_polydecene:70c106d7a740e1f4,europe_pmc,246,hydrogenated_polydecene,하이드로제네이티드폴리데센,Hydrogenated Polydecene,Hydrogenated Polydecene,"[{""alias_type"":"""",""origin"":""canonical_name_en"",""source"":""https://kcia.or.kr/cid/main/"",""term"":""Hydrogenated Polydecene""}]","(TITLE_ABS:""Hydrogenated Polydecene"") AND (TITLE_ABS:""skin"" OR TITLE_ABS:""topical"") AND NOT SRC:MED AND NOT SRC:PAT",70c106d7a740e1f4d0e0ba3b9ebc7527f4196851b66ffdd4f089cea3f3010e2b,mwbl-ingredient-evidence-query-v1.1,2026-07-13T06:28:56+00:00,2026-07-13T06:28:59+00:00,0,0,50,0,0,complete,Y,Y,2026-07-13T06:28:59+00:00,success,1,0,,,https://www.ebi.ac.uk/europepmc/webservices/rest/search,relevance,approved_terms_only,N,200,2637,candidate_unverified,none,mwbl-ingredient-multisource-discovery-v1.1-fresh,7779d9ebab29447f8465881efcb23b09a0f2f3751f524d19b389205ce650f26d
europe_pmc:sodium_cocoyl_isethionate:241a69cdcc17a6af,europe_pmc,247,sodium_cocoyl_isethionate,소듐코코일이세티오네이트,Sodium Cocoyl Isethionate,Sodium Cocoyl Isethionate,"[{""alias_type"":"""",""origin"":""canonical_name_en"",""source"":""https://kcia.or.kr/cid/main/"",""term"":""Sodium Cocoyl Isethionate""}]","(TITLE_ABS:""Sodium Cocoyl Isethionate"") AND (TITLE_ABS:""skin"" OR TITLE_ABS:""topical"") AND NOT SRC:MED AND NOT SRC:PAT",241a69cdcc17a6af43bda29113dd8c2e4d11fb3761bbb41ffb5f851fdf32814f,mwbl-ingredient-evidence-query-v1.1,2026-07-13T06:28:56+00:00,2026-07-13T06:28:59+00:00,0,0,50,0,0,complete,Y,Y,2026-07-13T06:28:59+00:00,success,1,0,,,https://www.ebi.ac.uk/europepmc/webservices/rest/search,relevance,approved_terms_only,N,200,2625,candidate_unverified,none,mwbl-ingredient-multisource-discovery-v1.1-fresh,7779d9ebab29447f8465881efcb23b09a0f2f3751f524d19b389205ce650f26d
europe_pmc:sodium_acetylated_hyaluronate:980defb39a8a6f5b,europe_pmc,248,sodium_acetylated_hyaluronate,소듐아세틸레이티드하이알루로네이트,Sodium Acetylated Hyaluronate,Sodium Acetylated Hyaluronate,"[{""alias_type"":"""",""origin"":""canonical_name_en"",""source"":""https://kcia.or.kr/cid/main/"",""term"":""Sodium Acetylated Hyaluronate""}]","(TITLE_ABS:""Sodium Acetylated Hyaluronate"") AND (TITLE_ABS:""skin"" OR TITLE_ABS:""topical"") AND NOT SRC:MED AND NOT SRC:PAT",980defb39a8a6f5be5dd1846ffff044bb4c1eeacab1216a90313806fbb8c4e16,mwbl-ingredient-evidence-query-v1.1,2026-07-13T06:28:57+00:00,2026-07-13T06:29:00+00:00,0,0,50,0,0,complete,Y,Y,2026-07-13T06:29:00+00:00,success,1,0,,,https://www.ebi.ac.uk/europepmc/webservices/rest/search,relevance,approved_terms_only,N,200,2633,candidate_unverified,none,mwbl-ingredient-multisource-discovery-v1.1-fresh,7779d9ebab29447f8465881efcb23b09a0f2f3751f524d19b389205ce650f26d
europe_pmc:sodium_phosphate:819f4adb3109907f,europe_pmc,249,sodium_phosphate,소듐포스페이트,Sodium Phosphate,Sodium Phosphate,"[{""alias_type"":"""",""origin"":""canonical_name_en"",""source"":""https://kcia.or.kr/cid/main/"",""term"":""Sodium Phosphate""}]","(TITLE_ABS:""Sodium Phosphate"") AND (TITLE_ABS:""skin"" OR TITLE_ABS:""topical"") AND NOT SRC:MED AND NOT SRC:PAT",819f4adb3109907f010ef2b700fae6d0c2ca25d2a50d636d536c8fbc054a4a21,mwbl-ingredient-evidence-query-v1.1,2026-07-13T06:28:58+00:00,2026-07-13T06:29:01+00:00,8,8,50,8,8,complete,Y,Y,2026-07-13T06:29:01+00:00,success,1,0,,,https://www.ebi.ac.uk/europepmc/webservices/rest/search,relevance,approved_terms_only,N,200,3159,candidate_unverified,none,mwbl-ingredient-multisource-discovery-v1.1-fresh,7779d9ebab29447f8465881efcb23b09a0f2f3751f524d19b389205ce650f26d
europe_pmc:melia_azadirachta_leaf_extract:cb014d3b46978d5b,europe_pmc,250,melia_azadirachta_leaf_extract,인도멀구슬나무잎추출물,Melia Azadirachta Leaf Extract,Melia Azadirachta Leaf Extract,"[{""alias_type"":"""",""origin"":""canonical_name_en"",""source"":""https://kcia.or.kr/cid/main/"",""term"":""Melia Azadirachta Leaf Extract""}]","(TITLE_ABS:""Melia Azadirachta Leaf Extract"") AND (TITLE_ABS:""skin"" OR TITLE_ABS:""topical"") AND NOT SRC:MED AND NOT SRC:PAT",cb014d3b46978d5b0efdb82b6aab6a8b05b481c2b2a2d0a80b3b9acbd5d82480,mwbl-ingredient-evidence-query-v1.1,2026-07-13T06:28:59+00:00,2026-07-13T06:29:01+00:00,0,0,50,0,0,complete,Y,Y,2026-07-13T06:29:01+00:00,success,1,0,,,https://www.ebi.ac.uk/europepmc/webservices/rest/search,relevance,approved_terms_only,N,200,2606,candidate_unverified,none,mwbl-ingredient-multisource-discovery-v1.1-fresh,7779d9ebab29447f8465881efcb23b09a0f2f3751f524d19b389205ce650f26d
europe_pmc:polyisobutene:208ba2666285ee05,europe_pmc,251,polyisobutene,폴리아이소부텐,Polyisobutene,Polyisobutene,"[{""alias_type"":"""",""origin"":""canonical_name_en"",""source"":""https://kcia.or.kr/cid/main/"",""term"":""Polyisobutene""}]","(TITLE_ABS:""Polyisobutene"") AND (TITLE_ABS:""skin"" OR TITLE_ABS:""topical"") AND NOT SRC:MED AND NOT SRC:PAT",208ba2666285ee0592a977989407c22c76401d8a5d16f6a844161c9eb271ef2b,mwbl-ingredient-evidence-query-v1.1,2026-07-13T06:28:59+00:00,2026-07-13T06:29:02+00:00,0,0,50,0,0,complete,Y,Y,2026-07-13T06:29:02+00:00,success,1,0,,,https://www.ebi.ac.uk/europepmc/webservices/rest/search,relevance,approved_terms_only,N,200,2600,candidate_unverified,none,mwbl-ingredient-multisource-discovery-v1.1-fresh,7779d9ebab29447f8465881efcb23b09a0f2f3751f524d19b389205ce650f26d
europe_pmc:asiatic_acid:49458cbd260622fa,europe_pmc,252,asiatic_acid,아시아틱애씨드,Asiatic Acid,Asiatic Acid,"[{""alias_type"":"""",""origin"":""canonical_name_en"",""source"":""https://kcia.or.kr/cid/main/"",""term"":""Asiatic Acid""}]","(TITLE_ABS:""Asiatic Acid"") AND (TITLE_ABS:""skin"" OR TITLE_ABS:""topical"") AND NOT SRC:MED AND NOT SRC:PAT",49458cbd260622fa6bffa703c92c4c18a02520fd88747e32ce680f1295f8245d,mwbl-ingredient-evidence-query-v1.1,2026-07-13T06:29:00+00:00,2026-07-13T06:29:03+00:00,0,0,50,0,0,complete,Y,Y,2026-07-13T06:29:03+00:00,success,1,0,,,https://www.ebi.ac.uk/europepmc/webservices/rest/search,relevance,approved_terms_only,N,200,2619,candidate_unverified,none,mwbl-ingredient-multisource-discovery-v1.1-fresh,7779d9ebab29447f8465881efcb23b09a0f2f3751f524d19b389205ce650f26d
europe_pmc:rosmarinus_officinalis_rosemary_leaf_oil:a3074e0802afff0d,europe_pmc,253,rosmarinus_officinalis_rosemary_leaf_oil,로즈마리잎오일,Rosmarinus Officinalis (Rosemary) Leaf Oil,Rosmarinus Officinalis (Rosemary) Leaf Oil,"[{""alias_type"":"""",""origin"":""canonical_name_en"",""source"":""https://kcia.or.kr/cid/main/"",""term"":""Rosmarinus Officinalis (Rosemary) Leaf Oil""}]","(TITLE_ABS:""Rosmarinus Officinalis (Rosemary) Leaf Oil"") AND (TITLE_ABS:""skin"" OR TITLE_ABS:""topical"") AND NOT SRC:MED AND NOT SRC:PAT",a3074e0802afff0d2c597b95df78ead7f12172ed9f09fcfca77a4101583b3ec6,mwbl-ingredient-evidence-query-v1.1,2026-07-13T06:29:01+00:00,2026-07-13T06:29:04+00:00,0,0,50,0,0,complete,Y,Y,2026-07-13T06:29:04+00:00,success,1,0,,,https://www.ebi.ac.uk/europepmc/webservices/rest/search,relevance,approved_terms_only,N,200,2607,candidate_unverified,none,mwbl-ingredient-multisource-discovery-v1.1-fresh,7779d9ebab29447f8465881efcb23b09a0f2f3751f524d19b389205ce650f26d
europe_pmc:citrus_aurantium_bergamia_bergamot_fruit_oil:2c61ba9aff99bc97,europe_pmc,254,citrus_aurantium_bergamia_bergamot_fruit_oil,베르가모트오일,Citrus Aurantium Bergamia (Bergamot) Fruit Oil,Citrus Aurantium Bergamia (Bergamot) Fruit Oil,"[{""alias_type"":"""",""origin"":""canonical_name_en"",""source"":""https://kcia.or.kr/cid/main/"",""term"":""Citrus Aurantium Bergamia (Bergamot) Fruit Oil""}]","(TITLE_ABS:""Citrus Aurantium Bergamia (Bergamot) Fruit Oil"") AND (TITLE_ABS:""skin"" OR TITLE_ABS:""topical"") AND NOT SRC:MED AND NOT SRC:PAT",2c61ba9aff99bc97e322c8f3798cf638d105cc6e3956d2c97944039f24cc1b31,mwbl-ingredient-evidence-query-v1.1,2026-07-13T06:29:01+00:00,2026-07-13T06:29:04+00:00,0,0,50,0,0,complete,Y,Y,2026-07-13T06:29:04+00:00,success,1,0,,,https://www.ebi.ac.uk/europepmc/webservices/rest/search,relevance,approved_terms_only,N,200,3129,candidate_unverified,none,mwbl-ingredient-multisource-discovery-v1.1-fresh,7779d9ebab29447f8465881efcb23b09a0f2f3751f524d19b389205ce650f26d
europe_pmc:laureth_7:4b8738e17328cbc5,europe_pmc,255,laureth_7,라우레스-7,Laureth-7,Laureth-7,"[{""alias_type"":"""",""origin"":""canonical_name_en"",""source"":""https://kcia.or.kr/cid/main/"",""term"":""Laureth-7""}]","(TITLE_ABS:""Laureth-7"") AND (TITLE_ABS:""skin"" OR TITLE_ABS:""topical"") AND NOT SRC:MED AND NOT SRC:PAT",4b8738e17328cbc52e1b741c489a7342ffe106bad06159278d5b5c55b944b361,mwbl-ingredient-evidence-query-v1.1,2026-07-13T06:29:02+00:00,2026-07-13T06:29:04+00:00,0,0,50,0,0,complete,Y,Y,2026-07-13T06:29:04+00:00,success,1,0,,,https://www.ebi.ac.uk/europepmc/webservices/rest/search,relevance,approved_terms_only,N,200,2613,candidate_unverified,none,mwbl-ingredient-multisource-discovery-v1.1-fresh,7779d9ebab29447f8465881efcb23b09a0f2f3751f524d19b389205ce650f26d
europe_pmc:limnanthes_alba_meadowfoam_seed_oil:3ae3e7e3d478712f,europe_pmc,256,limnanthes_alba_meadowfoam_seed_oil,메도우폼씨오일,Limnanthes Alba (Meadowfoam) Seed Oil,Limnanthes Alba (Meadowfoam) Seed Oil,"[{""alias_type"":"""",""origin"":""canonical_name_en"",""source"":""https://kcia.or.kr/cid/main/"",""term"":""Limnanthes Alba (Meadowfoam) Seed Oil""}]","(TITLE_ABS:""Limnanthes Alba (Meadowfoam) Seed Oil"") AND (TITLE_ABS:""skin"" OR TITLE_ABS:""topical"") AND NOT SRC:MED AND NOT SRC:PAT",3ae3e7e3d478712f8d7c195bade47330fc994c04c535367052374ff60ccfc253,mwbl-ingredient-evidence-query-v1.1,2026-07-13T06:29:03+00:00,2026-07-13T06:29:05+00:00,0,0,50,0,0,complete,Y,Y,2026-07-13T06:29:05+00:00,success,1,0,,,https://www.ebi.ac.uk/europepmc/webservices/rest/search,relevance,approved_terms_only,N,200,2634,candidate_unverified,none,mwbl-ingredient-multisource-discovery-v1.1-fresh,7779d9ebab29447f8465881efcb23b09a0f2f3751f524d19b389205ce650f26d
europe_pmc:madecassic_acid:14f8c7a590694e5c,europe_pmc,257,madecassic_acid,마데카식애씨드,Madecassic Acid,Madecassic Acid,"[{""alias_type"":"""",""origin"":""canonical_name_en"",""source"":""https://kcia.or.kr/cid/main/"",""term"":""Madecassic Acid""}]","(TITLE_ABS:""Madecassic Acid"") AND (TITLE_ABS:""skin"" OR TITLE_ABS:""topical"") AND NOT SRC:MED AND NOT SRC:PAT",14f8c7a590694e5ca5cc99f887987062c25ffa9013753bc8ab12683dfa7b7ee1,mwbl-ingredient-evidence-query-v1.1,2026-07-13T06:29:04+00:00,2026-07-13T06:29:06+00:00,0,0,50,0,0,complete,Y,Y,2026-07-13T06:29:06+00:00,success,1,0,,,https://www.ebi.ac.uk/europepmc/webservices/rest/search,relevance,approved_terms_only,N,200,2634,candidate_unverified,none,mwbl-ingredient-multisource-discovery-v1.1-fresh,7779d9ebab29447f8465881efcb23b09a0f2f3751f524d19b389205ce650f26d
europe_pmc:methylparaben:262834480c3a66db,europe_pmc,258,methylparaben,메틸파라벤,Methylparaben,Methylparaben,"[{""alias_type"":"""",""origin"":""canonical_name_en"",""source"":""https://kcia.or.kr/cid/main/"",""term"":""Methylparaben""}]","(TITLE_ABS:""Methylparaben"") AND (TITLE_ABS:""skin"" OR TITLE_ABS:""topical"") AND NOT SRC:MED AND NOT SRC:PAT",262834480c3a66db06764f033741689762de67929f01372637d34e30a5158896,mwbl-ingredient-evidence-query-v1.1,2026-07-13T06:29:04+00:00,2026-07-13T06:29:07+00:00,4,4,50,4,4,complete,Y,Y,2026-07-13T06:29:07+00:00,success,1,0,,,https://www.ebi.ac.uk/europepmc/webservices/rest/search,relevance,approved_terms_only,N,200,2649,candidate_unverified,none,mwbl-ingredient-multisource-discovery-v1.1-fresh,7779d9ebab29447f8465881efcb23b09a0f2f3751f524d19b389205ce650f26d
europe_pmc:trideceth_12:0d0e36a750d7c17b,europe_pmc,259,trideceth_12,트라이데세스-12,Trideceth-12,Trideceth-12,"[{""alias_type"":"""",""origin"":""canonical_name_en"",""source"":""https://kcia.or.kr/cid/main/"",""term"":""Trideceth-12""}]","(TITLE_ABS:""Trideceth-12"") AND (TITLE_ABS:""skin"" OR TITLE_ABS:""topical"") AND NOT SRC:MED AND NOT SRC:PAT",0d0e36a750d7c17b1dd0191bfe3e86e502305a6ead0c64132cf93b82ccaebbb1,mwbl-ingredient-evidence-query-v1.1,2026-07-13T06:29:04+00:00,2026-07-13T06:29:07+00:00,0,0,50,0,0,complete,Y,Y,2026-07-13T06:29:07+00:00,success,1,0,,,https://www.ebi.ac.uk/europepmc/webservices/rest/search,relevance,approved_terms_only,N,200,3154,candidate_unverified,none,mwbl-ingredient-multisource-discovery-v1.1-fresh,7779d9ebab29447f8465881efcb23b09a0f2f3751f524d19b389205ce650f26d
europe_pmc:amyl_cinnamal:e01549118eb663a8,europe_pmc,260,amyl_cinnamal,아밀신남알,Amyl Cinnamal,Amyl Cinnamal,"[{""alias_type"":"""",""origin"":""canonical_name_en"",""source"":""https://kcia.or.kr/cid/main/"",""term"":""Amyl Cinnamal""}]","(TITLE_ABS:""Amyl Cinnamal"") AND (TITLE_ABS:""skin"" OR TITLE_ABS:""topical"") AND NOT SRC:MED AND NOT SRC:PAT",e01549118eb663a88eec7ad32e01c4a8fdcc58d8c442013208b63cf1e754a20e,mwbl-ingredient-evidence-query-v1.1,2026-07-13T06:29:05+00:00,2026-07-13T06:29:07+00:00,0,0,50,0,0,complete,Y,Y,2026-07-13T06:29:07+00:00,success,1,0,,,https://www.ebi.ac.uk/europepmc/webservices/rest/search,relevance,approved_terms_only,N,200,2087,candidate_unverified,none,mwbl-ingredient-multisource-discovery-v1.1-fresh,7779d9ebab29447f8465881efcb23b09a0f2f3751f524d19b389205ce650f26d
europe_pmc:sodium_metabisulfite:d4199a09dbaea0d6,europe_pmc,261,sodium_metabisulfite,소듐메타바이설파이트,Sodium Metabisulfite,Sodium Metabisulfite,"[{""alias_type"":"""",""origin"":""canonical_name_en"",""source"":""https://kcia.or.kr/cid/main/"",""term"":""Sodium Metabisulfite""}]","(TITLE_ABS:""Sodium Metabisulfite"") AND (TITLE_ABS:""skin"" OR TITLE_ABS:""topical"") AND NOT SRC:MED AND NOT SRC:PAT",d4199a09dbaea0d697281ab77213b7a737d5c02f3c510521c36d0bd8bf6ee5bf,mwbl-ingredient-evidence-query-v1.1,2026-07-13T06:29:06+00:00,2026-07-13T06:29:09+00:00,3,3,50,3,3,complete,Y,Y,2026-07-13T06:29:09+00:00,success,1,0,,,https://www.ebi.ac.uk/europepmc/webservices/rest/search,relevance,approved_terms_only,N,200,2620,candidate_unverified,none,mwbl-ingredient-multisource-discovery-v1.1-fresh,7779d9ebab29447f8465881efcb23b09a0f2f3751f524d19b389205ce650f26d
europe_pmc:lysine:a1915b67ae24890e,europe_pmc,262,lysine,라이신,Lysine,Lysine,"[{""alias_type"":"""",""origin"":""canonical_name_en"",""source"":""https://kcia.or.kr/cid/main/"",""term"":""Lysine""}]","(TITLE_ABS:""Lysine"") AND (TITLE_ABS:""skin"" OR TITLE_ABS:""topical"") AND NOT SRC:MED AND NOT SRC:PAT",a1915b67ae24890e299937067606a9a968715d1828f030e6afd9e4ec131e20c2,mwbl-ingredient-evidence-query-v1.1,2026-07-13T06:29:07+00:00,2026-07-13T06:29:12+00:00,81,81,50,50,50,capped_at_retrieval_limit,N,N,2026-07-13T06:29:12+00:00,success,1,0,,,https://www.ebi.ac.uk/europepmc/webservices/rest/search,relevance,approved_terms_only,N,200,5242,candidate_unverified,none,mwbl-ingredient-multisource-discovery-v1.1-fresh,7779d9ebab29447f8465881efcb23b09a0f2f3751f524d19b389205ce650f26d
europe_pmc:silica_silylate:7375413aa240a8d7,europe_pmc,263,silica_silylate,실리카실릴레이트,Silica Silylate,Silica Silylate,"[{""alias_type"":"""",""origin"":""canonical_name_en"",""source"":""https://kcia.or.kr/cid/main/"",""term"":""Silica Silylate""}]","(TITLE_ABS:""Silica Silylate"") AND (TITLE_ABS:""skin"" OR TITLE_ABS:""topical"") AND NOT SRC:MED AND NOT SRC:PAT",7375413aa240a8d728c16ed1e6249cf004fd23b84f7a94c85d0266ab643a9411,mwbl-ingredient-evidence-query-v1.1,2026-07-13T06:29:07+00:00,2026-07-13T06:29:10+00:00,0,0,50,0,0,complete,Y,Y,2026-07-13T06:29:10+00:00,success,1,0,,,https://www.ebi.ac.uk/europepmc/webservices/rest/search,relevance,approved_terms_only,N,200,2669,candidate_unverified,none,mwbl-ingredient-multisource-discovery-v1.1-fresh,7779d9ebab29447f8465881efcb23b09a0f2f3751f524d19b389205ce650f26d
europe_pmc:lauryl_peg_9_polydimethylsiloxyethyl_dimethicone:2b9de816d0b95676,europe_pmc,264,lauryl_peg_9_polydimethylsiloxyethyl_dimethicone,라우릴피이지-9폴리다이메틸실록시에틸다이메티콘,Lauryl PEG-9 Polydimethylsiloxyethyl Dimethicone,Lauryl PEG-9 Polydimethylsiloxyethyl Dimethicone,"[{""alias_type"":"""",""origin"":""canonical_name_en"",""source"":""https://kcia.or.kr/cid/main/"",""term"":""Lauryl PEG-9 Polydimethylsiloxyethyl Dimethicone""}]","(TITLE_ABS:""Lauryl PEG-9 Polydimethylsiloxyethyl Dimethicone"") AND (TITLE_ABS:""skin"" OR TITLE_ABS:""topical"") AND NOT SRC:MED AND NOT SRC:PAT",2b9de816d0b95676d769eebe79db1b784ae8380aea32cdea418a1a9ce0f69fd9,mwbl-ingredient-evidence-query-v1.1,2026-07-13T06:29:07+00:00,2026-07-13T06:29:11+00:00,0,0,50,0,0,complete,Y,Y,2026-07-13T06:29:11+00:00,success,1,0,,,https://www.ebi.ac.uk/europepmc/webservices/rest/search,relevance,approved_terms_only,N,200,3687,candidate_unverified,none,mwbl-ingredient-multisource-discovery-v1.1-fresh,7779d9ebab29447f8465881efcb23b09a0f2f3751f524d19b389205ce650f26d
europe_pmc:triethylhexanoin:66863abfe979de53,europe_pmc,266,triethylhexanoin,트라이에틸헥사노인,Triethylhexanoin,Triethylhexanoin,"[{""alias_type"":"""",""origin"":""canonical_name_en"",""source"":""https://kcia.or.kr/cid/main/"",""term"":""Triethylhexanoin""}]","(TITLE_ABS:""Triethylhexanoin"") AND (TITLE_ABS:""skin"" OR TITLE_ABS:""topical"") AND NOT SRC:MED AND NOT SRC:PAT",66863abfe979de53849a297f8981b54b0b2e88fd0118eaa36351e0867462be45,mwbl-ingredient-evidence-query-v1.1,2026-07-13T06:29:09+00:00,2026-07-13T06:29:12+00:00,0,0,50,0,0,complete,Y,Y,2026-07-13T06:29:12+00:00,success,1,0,,,https://www.ebi.ac.uk/europepmc/webservices/rest/search,relevance,approved_terms_only,N,200,2656,candidate_unverified,none,mwbl-ingredient-multisource-discovery-v1.1-fresh,7779d9ebab29447f8465881efcb23b09a0f2f3751f524d19b389205ce650f26d
europe_pmc:citrus_limon_lemon_peel_oil:9d949e27289ab1b6,europe_pmc,267,citrus_limon_lemon_peel_oil,레몬껍질오일,Citrus Limon (Lemon) Peel Oil,Citrus Limon (Lemon) Peel Oil|Citrus Medica Limonum (Lemon) Peel Oil,"[{""alias_type"":"""",""origin"":""canonical_name_en"",""source"":""https://kcia.or.kr/cid/main/"",""term"":""Citrus Limon (Lemon) Peel Oil""},{""alias_type"":""synonym"",""origin"":""approved_alias"",""source"":""KCIA 표준화명칭목록 2026-06-30"",""term"":""Citrus Medica Limonum (Lemon) Peel Oil""}]","(TITLE_ABS:""Citrus Limon (Lemon) Peel Oil"" OR TITLE_ABS:""Citrus Medica Limonum (Lemon) Peel Oil"") AND (TITLE_ABS:""skin"" OR TITLE_ABS:""topical"") AND NOT SRC:MED AND NOT SRC:PAT",9d949e27289ab1b6996a450565c2f462b79bd303e379a352e18e71bb4998092b,mwbl-ingredient-evidence-query-v1.1,2026-07-13T06:29:10+00:00,2026-07-13T06:29:13+00:00,0,0,50,0,0,complete,Y,Y,2026-07-13T06:29:13+00:00,success,1,0,,,https://www.ebi.ac.uk/europepmc/webservices/rest/search,relevance,approved_terms_only,N,200,3113,candidate_unverified,none,mwbl-ingredient-multisource-discovery-v1.1-fresh,7779d9ebab29447f8465881efcb23b09a0f2f3751f524d19b389205ce650f26d
europe_pmc:cetearyl_glucoside:6f9b67b0522c102f,europe_pmc,268,cetearyl_glucoside,세테아릴글루코사이드,Cetearyl Glucoside,Cetearyl Glucoside,"[{""alias_type"":"""",""origin"":""canonical_name_en"",""source"":""https://kcia.or.kr/cid/main/"",""term"":""Cetearyl Glucoside""}]","(TITLE_ABS:""Cetearyl Glucoside"") AND (TITLE_ABS:""skin"" OR TITLE_ABS:""topical"") AND NOT SRC:MED AND NOT SRC:PAT",6f9b67b0522c102f0fce3f3ccdc7dedb37c1a7c63a11f689c27bff31a4213977,mwbl-ingredient-evidence-query-v1.1,2026-07-13T06:29:11+00:00,2026-07-13T06:29:13+00:00,0,0,50,0,0,complete,Y,Y,2026-07-13T06:29:13+00:00,success,1,0,,,https://www.ebi.ac.uk/europepmc/webservices/rest/search,relevance,approved_terms_only,N,200,2090,candidate_unverified,none,mwbl-ingredient-multisource-discovery-v1.1-fresh,7779d9ebab29447f8465881efcb23b09a0f2f3751f524d19b389205ce650f26d
europe_pmc:hydrolyzed_rice_protein:ac452cab3e6db600,europe_pmc,269,hydrolyzed_rice_protein,하이드롤라이즈드쌀단백질,Hydrolyzed Rice Protein,Hydrolyzed Rice Protein,"[{""alias_type"":"""",""origin"":""canonical_name_en"",""source"":""https://kcia.or.kr/cid/main/"",""term"":""Hydrolyzed Rice Protein""}]","(TITLE_ABS:""Hydrolyzed Rice Protein"") AND (TITLE_ABS:""skin"" OR TITLE_ABS:""topical"") AND NOT SRC:MED AND NOT SRC:PAT",ac452cab3e6db600f45dba3ae4633db2a8d5c84f5d73df33b53f215ba6d8b603,mwbl-ingredient-evidence-query-v1.1,2026-07-13T06:29:12+00:00,2026-07-13T06:29:14+00:00,0,0,50,0,0,complete,Y,Y,2026-07-13T06:29:14+00:00,success,1,0,,,https://www.ebi.ac.uk/europepmc/webservices/rest/search,relevance,approved_terms_only,N,200,2638,candidate_unverified,none,mwbl-ingredient-multisource-discovery-v1.1-fresh,7779d9ebab29447f8465881efcb23b09a0f2f3751f524d19b389205ce650f26d
europe_pmc:butyl_methoxydibenzoylmethane:f1761ff3b6372837,europe_pmc,270,butyl_methoxydibenzoylmethane,부틸메톡시디벤조일메탄,Butyl Methoxydibenzoylmethane,Butyl Methoxydibenzoylmethane,"[{""alias_type"":"""",""origin"":""canonical_name_en"",""source"":""https://kcia.or.kr/cid/main/"",""term"":""Butyl Methoxydibenzoylmethane""}]","(TITLE_ABS:""Butyl Methoxydibenzoylmethane"") AND (TITLE_ABS:""skin"" OR TITLE_ABS:""topical"") AND NOT SRC:MED AND NOT SRC:PAT",f1761ff3b6372837d4ef36d595d70a5678365f3987d187ba510d18fc5cffb96b,mwbl-ingredient-evidence-query-v1.1,2026-07-13T06:29:12+00:00,2026-07-13T06:29:15+00:00,0,0,50,0,0,complete,Y,Y,2026-07-13T06:29:15+00:00,success,1,0,,,https://www.ebi.ac.uk/europepmc/webservices/rest/search,relevance,approved_terms_only,N,200,2605,candidate_unverified,none,mwbl-ingredient-multisource-discovery-v1.1-fresh,7779d9ebab29447f8465881efcb23b09a0f2f3751f524d19b389205ce650f26d
europe_pmc:behentrimonium_methosulfate:c66d72847cbe1c7e,europe_pmc,271,behentrimonium_methosulfate,베헨트라이모늄메토설페이트,Behentrimonium Methosulfate,Behentrimonium Methosulfate,"[{""alias_type"":"""",""origin"":""canonical_name_en"",""source"":""https://kcia.or.kr/cid/main/"",""term"":""Behentrimonium Methosulfate""}]","(TITLE_ABS:""Behentrimonium Methosulfate"") AND (TITLE_ABS:""skin"" OR TITLE_ABS:""topical"") AND NOT SRC:MED AND NOT SRC:PAT",c66d72847cbe1c7ed5b666a5703063345c7e4a13ae78ff95b40b0344d74519ef,mwbl-ingredient-evidence-query-v1.1,2026-07-13T06:29:13+00:00,2026-07-13T06:29:16+00:00,0,0,50,0,0,complete,Y,Y,2026-07-13T06:29:16+00:00,success,1,0,,,https://www.ebi.ac.uk/europepmc/webservices/rest/search,relevance,approved_terms_only,N,200,2694,candidate_unverified,none,mwbl-ingredient-multisource-discovery-v1.1-fresh,7779d9ebab29447f8465881efcb23b09a0f2f3751f524d19b389205ce650f26d
europe_pmc:tetrahexyldecyl_ascorbate:ad89cdd9f144b632,europe_pmc,272,tetrahexyldecyl_ascorbate,테트라헥실데실아스코베이트,Tetrahexyldecyl Ascorbate,Tetrahexyldecyl Ascorbate,"[{""alias_type"":"""",""origin"":""canonical_name_en"",""source"":""https://kcia.or.kr/cid/main/"",""term"":""Tetrahexyldecyl Ascorbate""}]","(TITLE_ABS:""Tetrahexyldecyl Ascorbate"") AND (TITLE_ABS:""skin"" OR TITLE_ABS:""topical"") AND NOT SRC:MED AND NOT SRC:PAT",ad89cdd9f144b63284d9af2b2d34082df4f35395eaf977d69ab4738da8d7b1cb,mwbl-ingredient-evidence-query-v1.1,2026-07-13T06:29:13+00:00,2026-07-13T06:29:16+00:00,1,1,50,1,1,complete,Y,Y,2026-07-13T06:29:16+00:00,success,1,0,,,https://www.ebi.ac.uk/europepmc/webservices/rest/search,relevance,approved_terms_only,N,200,3135,candidate_unverified,none,mwbl-ingredient-multisource-discovery-v1.1-fresh,7779d9ebab29447f8465881efcb23b09a0f2f3751f524d19b389205ce650f26d
europe_pmc:vanillin:75280d0c141e4864,europe_pmc,273,vanillin,바닐린,Vanillin,Vanillin,"[{""alias_type"":"""",""origin"":""canonical_name_en"",""source"":""https://kcia.or.kr/cid/main/"",""term"":""Vanillin""}]","(TITLE_ABS:""Vanillin"") AND (TITLE_ABS:""skin"" OR TITLE_ABS:""topical"") AND NOT SRC:MED AND NOT SRC:PAT",75280d0c141e48643508bc21831410ff30112b845acdd3f7824880063ecb6cfa,mwbl-ingredient-evidence-query-v1.1,2026-07-13T06:29:14+00:00,2026-07-13T06:29:17+00:00,10,10,50,10,10,complete,Y,Y,2026-07-13T06:29:17+00:00,success,1,0,,,https://www.ebi.ac.uk/europepmc/webservices/rest/search,relevance,approved_terms_only,N,200,3134,candidate_unverified,none,mwbl-ingredient-multisource-discovery-v1.1-fresh,7779d9ebab29447f8465881efcb23b09a0f2f3751f524d19b389205ce650f26d
europe_pmc:hydrolyzed_soy_protein:d4518430ff23ff70,europe_pmc,274,hydrolyzed_soy_protein,하이드롤라이즈드콩단백질,Hydrolyzed Soy Protein,Hydrolyzed Soy Protein,"[{""alias_type"":"""",""origin"":""canonical_name_en"",""source"":""https://kcia.or.kr/cid/main/"",""term"":""Hydrolyzed Soy Protein""}]","(TITLE_ABS:""Hydrolyzed Soy Protein"") AND (TITLE_ABS:""skin"" OR TITLE_ABS:""topical"") AND NOT SRC:MED AND NOT SRC:PAT",d4518430ff23ff70cf7209af6444e3030f4e910348cb67daf2e012737a135b19,mwbl-ingredient-evidence-query-v1.1,2026-07-13T06:29:15+00:00,2026-07-13T06:29:17+00:00,1,1,50,1,1,complete,Y,Y,2026-07-13T06:29:17+00:00,success,1,0,,,https://www.ebi.ac.uk/europepmc/webservices/rest/search,relevance,approved_terms_only,N,200,2120,candidate_unverified,none,mwbl-ingredient-multisource-discovery-v1.1-fresh,7779d9ebab29447f8465881efcb23b09a0f2f3751f524d19b389205ce650f26d
europe_pmc:coco_betaine:c7d6ded101e54b59,europe_pmc,275,coco_betaine,코코-베타인,Coco-Betaine,Coco-Betaine,"[{""alias_type"":"""",""origin"":""canonical_name_en"",""source"":""https://kcia.or.kr/cid/main/"",""term"":""Coco-Betaine""}]","(TITLE_ABS:""Coco-Betaine"") AND (TITLE_ABS:""skin"" OR TITLE_ABS:""topical"") AND NOT SRC:MED AND NOT SRC:PAT",c7d6ded101e54b59d01af129791065e4df2f71b478d60d73023745d845944f4f,mwbl-ingredient-evidence-query-v1.1,2026-07-13T06:29:16+00:00,2026-07-13T06:29:18+00:00,0,0,50,0,0,complete,Y,Y,2026-07-13T06:29:18+00:00,success,1,0,,,https://www.ebi.ac.uk/europepmc/webservices/rest/search,relevance,approved_terms_only,N,200,2545,candidate_unverified,none,mwbl-ingredient-multisource-discovery-v1.1-fresh,7779d9ebab29447f8465881efcb23b09a0f2f3751f524d19b389205ce650f26d
europe_pmc:hdi_trimethylol_hexyllactone_crosspolymer:b3549bc698831674,europe_pmc,276,hdi_trimethylol_hexyllactone_crosspolymer,에이치디아이/트라이메틸올헥실락톤크로스폴리머,HDI/Trimethylol Hexyllactone Crosspolymer,HDI/Trimethylol Hexyllactone Crosspolymer,"[{""alias_type"":"""",""origin"":""canonical_name_en"",""source"":""https://kcia.or.kr/cid/main/"",""term"":""HDI/Trimethylol Hexyllactone Crosspolymer""}]","(TITLE_ABS:""HDI/Trimethylol Hexyllactone Crosspolymer"") AND (TITLE_ABS:""skin"" OR TITLE_ABS:""topical"") AND NOT SRC:MED AND NOT SRC:PAT",b3549bc69883167412e1f87b3241b324fed0d303eef899c2310102014924786e,mwbl-ingredient-evidence-query-v1.1,2026-07-13T06:29:16+00:00,2026-07-13T06:29:19+00:00,0,0,50,0,0,complete,Y,Y,2026-07-13T06:29:19+00:00,success,1,0,,,https://www.ebi.ac.uk/europepmc/webservices/rest/search,relevance,approved_terms_only,N,200,2611,candidate_unverified,none,mwbl-ingredient-multisource-discovery-v1.1-fresh,7779d9ebab29447f8465881efcb23b09a0f2f3751f524d19b389205ce650f26d
europe_pmc:octyldodecyl_stearoyl_stearate:b914290f3fa9bd48,europe_pmc,277,octyldodecyl_stearoyl_stearate,옥틸도데실스테아로일스테아레이트,Octyldodecyl Stearoyl Stearate,Octyldodecyl Stearoyl Stearate,"[{""alias_type"":"""",""origin"":""canonical_name_en"",""source"":""https://kcia.or.kr/cid/main/"",""term"":""Octyldodecyl Stearoyl Stearate""}]","(TITLE_ABS:""Octyldodecyl Stearoyl Stearate"") AND (TITLE_ABS:""skin"" OR TITLE_ABS:""topical"") AND NOT SRC:MED AND NOT SRC:PAT",b914290f3fa9bd48d32f48d8b371cca833033ddcea1be99426aee9ea288a05d4,mwbl-ingredient-evidence-query-v1.1,2026-07-13T06:29:17+00:00,2026-07-13T06:29:20+00:00,0,0,50,0,0,complete,Y,Y,2026-07-13T06:29:20+00:00,success,1,0,,,https://www.ebi.ac.uk/europepmc/webservices/rest/search,relevance,approved_terms_only,N,200,2595,candidate_unverified,none,mwbl-ingredient-multisource-discovery-v1.1-fresh,7779d9ebab29447f8465881efcb23b09a0f2f3751f524d19b389205ce650f26d
europe_pmc:melia_azadirachta_flower_extract:e11dc7081ce66cba,europe_pmc,278,melia_azadirachta_flower_extract,인도멀구슬나무꽃추출물,Melia Azadirachta Flower Extract,Melia Azadirachta Flower Extract,"[{""alias_type"":"""",""origin"":""canonical_name_en"",""source"":""https://kcia.or.kr/cid/main/"",""term"":""Melia Azadirachta Flower Extract""}]","(TITLE_ABS:""Melia Azadirachta Flower Extract"") AND (TITLE_ABS:""skin"" OR TITLE_ABS:""topical"") AND NOT SRC:MED AND NOT SRC:PAT",e11dc7081ce66cbac8fa68b21344bb580f48fc519adb0e74a8735e12de0ee302,mwbl-ingredient-evidence-query-v1.1,2026-07-13T06:29:17+00:00,2026-07-13T06:29:20+00:00,0,0,50,0,0,complete,Y,Y,2026-07-13T06:29:20+00:00,success,1,0,,,https://www.ebi.ac.uk/europepmc/webservices/rest/search,relevance,approved_terms_only,N,200,2052,candidate_unverified,none,mwbl-ingredient-multisource-discovery-v1.1-fresh,7779d9ebab29447f8465881efcb23b09a0f2f3751f524d19b389205ce650f26d
europe_pmc:polybutene:6d02035a84ca4d42,europe_pmc,279,polybutene,폴리부텐,Polybutene,Polybutene,"[{""alias_type"":"""",""origin"":""canonical_name_en"",""source"":""https://kcia.or.kr/cid/main/"",""term"":""Polybutene""}]","(TITLE_ABS:""Polybutene"") AND (TITLE_ABS:""skin"" OR TITLE_ABS:""topical"") AND NOT SRC:MED AND NOT SRC:PAT",6d02035a84ca4d42566d7e35d79f7403dcd76d405394c1c03576d9f7996fbed0,mwbl-ingredient-evidence-query-v1.1,2026-07-13T06:29:18+00:00,2026-07-13T06:29:22+00:00,0,0,50,0,0,complete,Y,Y,2026-07-13T06:29:22+00:00,success,1,0,,,https://www.ebi.ac.uk/europepmc/webservices/rest/search,relevance,approved_terms_only,N,200,3147,candidate_unverified,none,mwbl-ingredient-multisource-discovery-v1.1-fresh,7779d9ebab29447f8465881efcb23b09a0f2f3751f524d19b389205ce650f26d
europe_pmc:stearamidopropyl_dimethylamine:329c9a6b77ba10a6,europe_pmc,280,stearamidopropyl_dimethylamine,스테아라미도프로필다이메틸아민,Stearamidopropyl Dimethylamine,Stearamidopropyl Dimethylamine,"[{""alias_type"":"""",""origin"":""canonical_name_en"",""source"":""https://kcia.or.kr/cid/main/"",""term"":""Stearamidopropyl Dimethylamine""}]","(TITLE_ABS:""Stearamidopropyl Dimethylamine"") AND (TITLE_ABS:""skin"" OR TITLE_ABS:""topical"") AND NOT SRC:MED AND NOT SRC:PAT",329c9a6b77ba10a6428b1bca2b3da111e917c8f06e3cbe8b7df47a8a86a6eaf4,mwbl-ingredient-evidence-query-v1.1,2026-07-13T06:29:19+00:00,2026-07-13T06:29:22+00:00,0,0,50,0,0,complete,Y,Y,2026-07-13T06:29:22+00:00,success,1,0,,,https://www.ebi.ac.uk/europepmc/webservices/rest/search,relevance,approved_terms_only,N,200,3144,candidate_unverified,none,mwbl-ingredient-multisource-discovery-v1.1-fresh,7779d9ebab29447f8465881efcb23b09a0f2f3751f524d19b389205ce650f26d
europe_pmc:carthamus_tinctorius_safflower_seed_oil:116e3c6cd7d3d6f1,europe_pmc,281,carthamus_tinctorius_safflower_seed_oil,잇꽃씨오일,Carthamus Tinctorius (Safflower) Seed Oil,Carthamus Tinctorius (Safflower) Seed Oil,"[{""alias_type"":"""",""origin"":""canonical_name_en"",""source"":""https://kcia.or.kr/cid/main/"",""term"":""Carthamus Tinctorius (Safflower) Seed Oil""}]","(TITLE_ABS:""Carthamus Tinctorius (Safflower) Seed Oil"") AND (TITLE_ABS:""skin"" OR TITLE_ABS:""topical"") AND NOT SRC:MED AND NOT SRC:PAT",116e3c6cd7d3d6f12f7f4bf516898dacdde8d486f969c5daba7f99d32aafd38c,mwbl-ingredient-evidence-query-v1.1,2026-07-13T06:29:20+00:00,2026-07-13T06:29:23+00:00,0,0,50,0,0,complete,Y,Y,2026-07-13T06:29:23+00:00,success,1,0,,,https://www.ebi.ac.uk/europepmc/webservices/rest/search,relevance,approved_terms_only,N,200,3155,candidate_unverified,none,mwbl-ingredient-multisource-discovery-v1.1-fresh,7779d9ebab29447f8465881efcb23b09a0f2f3751f524d19b389205ce650f26d
europe_pmc:moringa_oleifera_seed_oil:8c189624d422409a,europe_pmc,282,moringa_oleifera_seed_oil,드럼스틱씨오일,Moringa Oleifera Seed Oil,Moringa Oleifera Seed Oil|Moringa Pterygosperma Seed Oil,"[{""alias_type"":"""",""origin"":""canonical_name_en"",""source"":""https://kcia.or.kr/cid/main/"",""term"":""Moringa Oleifera Seed Oil""},{""alias_type"":""synonym"",""origin"":""approved_alias"",""source"":""KCIA 표준화명칭목록 2026-06-30"",""term"":""Moringa Pterygosperma Seed Oil""}]","(TITLE_ABS:""Moringa Oleifera Seed Oil"" OR TITLE_ABS:""Moringa Pterygosperma Seed Oil"") AND (TITLE_ABS:""skin"" OR TITLE_ABS:""topical"") AND NOT SRC:MED AND NOT SRC:PAT",8c189624d422409a323117fa8f0fc953cd4222d1f90cb7ec900a4af33148a3df,mwbl-ingredient-evidence-query-v1.1,2026-07-13T06:29:20+00:00,2026-07-13T06:29:23+00:00,0,0,50,0,0,complete,Y,Y,2026-07-13T06:29:23+00:00,success,1,0,,,https://www.ebi.ac.uk/europepmc/webservices/rest/search,relevance,approved_terms_only,N,200,3153,candidate_unverified,none,mwbl-ingredient-multisource-discovery-v1.1-fresh,7779d9ebab29447f8465881efcb23b09a0f2f3751f524d19b389205ce650f26d
europe_pmc:cucumis_sativus_cucumber_fruit_extract:ca78dc225bc7da37,europe_pmc,283,cucumis_sativus_cucumber_fruit_extract,오이열매추출물,Cucumis Sativus (Cucumber) Fruit Extract,Cucumis Sativus (Cucumber) Fruit Extract,"[{""alias_type"":"""",""origin"":""canonical_name_en"",""source"":""https://kcia.or.kr/cid/main/"",""term"":""Cucumis Sativus (Cucumber) Fruit Extract""}]","(TITLE_ABS:""Cucumis Sativus (Cucumber) Fruit Extract"") AND (TITLE_ABS:""skin"" OR TITLE_ABS:""topical"") AND NOT SRC:MED AND NOT SRC:PAT",ca78dc225bc7da3776bbe0cd1c6f43c8abf03056a671ebb0fe4cd8d9acb13648,mwbl-ingredient-evidence-query-v1.1,2026-07-13T06:29:22+00:00,2026-07-13T06:29:24+00:00,0,0,50,0,0,complete,Y,Y,2026-07-13T06:29:24+00:00,success,1,0,,,https://www.ebi.ac.uk/europepmc/webservices/rest/search,relevance,approved_terms_only,N,200,2626,candidate_unverified,none,mwbl-ingredient-multisource-discovery-v1.1-fresh,7779d9ebab29447f8465881efcb23b09a0f2f3751f524d19b389205ce650f26d
europe_pmc:caprylhydroxamic_acid:e1bd0e918500e0bd,europe_pmc,284,caprylhydroxamic_acid,카프릴하이드록사믹애씨드,Caprylhydroxamic Acid,Caprylhydroxamic Acid,"[{""alias_type"":"""",""origin"":""canonical_name_en"",""source"":""https://kcia.or.kr/cid/main/"",""term"":""Caprylhydroxamic Acid""}]","(TITLE_ABS:""Caprylhydroxamic Acid"") AND (TITLE_ABS:""skin"" OR TITLE_ABS:""topical"") AND NOT SRC:MED AND NOT SRC:PAT",e1bd0e918500e0bd3e3a4942b2f7945e3c89b4c4cb4f942839eed3cfe5d28c37,mwbl-ingredient-evidence-query-v1.1,2026-07-13T06:29:22+00:00,2026-07-13T06:29:25+00:00,0,0,50,0,0,complete,Y,Y,2026-07-13T06:29:25+00:00,success,1,0,,,https://www.ebi.ac.uk/europepmc/webservices/rest/search,relevance,approved_terms_only,N,200,2646,candidate_unverified,none,mwbl-ingredient-multisource-discovery-v1.1-fresh,7779d9ebab29447f8465881efcb23b09a0f2f3751f524d19b389205ce650f26d
europe_pmc:camellia_sinensis_leaf_extract:487ef89b4d8aa90f,europe_pmc,285,camellia_sinensis_leaf_extract,녹차추출물,Camellia Sinensis Leaf Extract,Camellia Sinensis Leaf Extract,"[{""alias_type"":"""",""origin"":""canonical_name_en"",""source"":""https://kcia.or.kr/cid/main/"",""term"":""Camellia Sinensis Leaf Extract""}]","(TITLE_ABS:""Camellia Sinensis Leaf Extract"") AND (TITLE_ABS:""skin"" OR TITLE_ABS:""topical"") AND NOT SRC:MED AND NOT SRC:PAT",487ef89b4d8aa90f384ed3872f095f49ed534da643a16e9b28a6fd98434a2f56,mwbl-ingredient-evidence-query-v1.1,2026-07-13T06:29:23+00:00,2026-07-13T06:29:25+00:00,0,0,50,0,0,complete,Y,Y,2026-07-13T06:29:25+00:00,success,1,0,,,https://www.ebi.ac.uk/europepmc/webservices/rest/search,relevance,approved_terms_only,N,200,2629,candidate_unverified,none,mwbl-ingredient-multisource-discovery-v1.1-fresh,7779d9ebab29447f8465881efcb23b09a0f2f3751f524d19b389205ce650f26d
europe_pmc:dimethicone_peg_10_15_crosspolymer:b6597c9dea6e4cbc,europe_pmc,286,dimethicone_peg_10_15_crosspolymer,다이메티콘/피이지-10/15크로스폴리머,Dimethicone/PEG-10/15 Crosspolymer,Dimethicone/PEG-10/15 Crosspolymer,"[{""alias_type"":"""",""origin"":""canonical_name_en"",""source"":""https://kcia.or.kr/cid/main/"",""term"":""Dimethicone/PEG-10/15 Crosspolymer""}]","(TITLE_ABS:""Dimethicone/PEG-10/15 Crosspolymer"") AND (TITLE_ABS:""skin"" OR TITLE_ABS:""topical"") AND NOT SRC:MED AND NOT SRC:PAT",b6597c9dea6e4cbc1ccd6ba4a6a736b3ef03f11bf08d41d3811004bc1a8b1673,mwbl-ingredient-evidence-query-v1.1,2026-07-13T06:29:23+00:00,2026-07-13T06:29:26+00:00,0,0,50,0,0,complete,Y,Y,2026-07-13T06:29:26+00:00,success,1,0,,,https://www.ebi.ac.uk/europepmc/webservices/rest/search,relevance,approved_terms_only,N,200,3149,candidate_unverified,none,mwbl-ingredient-multisource-discovery-v1.1-fresh,7779d9ebab29447f8465881efcb23b09a0f2f3751f524d19b389205ce650f26d
europe_pmc:caprylyl_capryl_glucoside:429558d956568bab,europe_pmc,287,caprylyl_capryl_glucoside,카프릴릴/카프릴글루코사이드,Caprylyl/Capryl Glucoside,Caprylyl/Capryl Glucoside,"[{""alias_type"":"""",""origin"":""canonical_name_en"",""source"":""https://kcia.or.kr/cid/main/"",""term"":""Caprylyl/Capryl Glucoside""}]","(TITLE_ABS:""Caprylyl/Capryl Glucoside"") AND (TITLE_ABS:""skin"" OR TITLE_ABS:""topical"") AND NOT SRC:MED AND NOT SRC:PAT",429558d956568babb10436aa0365e3dd9b8a115f01dfe036efc81fdff34194c3,mwbl-ingredient-evidence-query-v1.1,2026-07-13T06:29:24+00:00,2026-07-13T06:29:27+00:00,0,0,50,0,0,complete,Y,Y,2026-07-13T06:29:27+00:00,success,1,0,,,https://www.ebi.ac.uk/europepmc/webservices/rest/search,relevance,approved_terms_only,N,200,3155,candidate_unverified,none,mwbl-ingredient-multisource-discovery-v1.1-fresh,7779d9ebab29447f8465881efcb23b09a0f2f3751f524d19b389205ce650f26d
europe_pmc:scutellaria_baicalensis_root_extract:9c39f51e9bd5ef22,europe_pmc,288,scutellaria_baicalensis_root_extract,황금추출물,Scutellaria Baicalensis Root Extract,Scutellaria Baicalensis Root Extract,"[{""alias_type"":"""",""origin"":""canonical_name_en"",""source"":""https://kcia.or.kr/cid/main/"",""term"":""Scutellaria Baicalensis Root Extract""}]","(TITLE_ABS:""Scutellaria Baicalensis Root Extract"") AND (TITLE_ABS:""skin"" OR TITLE_ABS:""topical"") AND NOT SRC:MED AND NOT SRC:PAT",9c39f51e9bd5ef22d333a61ed81ff35964a80fc31c8c93bc8f46fc74d67a21a6,mwbl-ingredient-evidence-query-v1.1,2026-07-13T06:29:25+00:00,2026-07-13T06:29:28+00:00,0,0,50,0,0,complete,Y,Y,2026-07-13T06:29:28+00:00,success,1,0,,,https://www.ebi.ac.uk/europepmc/webservices/rest/search,relevance,approved_terms_only,N,200,3137,candidate_unverified,none,mwbl-ingredient-multisource-discovery-v1.1-fresh,7779d9ebab29447f8465881efcb23b09a0f2f3751f524d19b389205ce650f26d
europe_pmc:cetyl_esters:178aaa1821f1ed68,europe_pmc,289,cetyl_esters,세틸에스터,Cetyl Esters,Cetyl Esters,"[{""alias_type"":"""",""origin"":""canonical_name_en"",""source"":""https://kcia.or.kr/cid/main/"",""term"":""Cetyl Esters""}]","(TITLE_ABS:""Cetyl Esters"") AND (TITLE_ABS:""skin"" OR TITLE_ABS:""topical"") AND NOT SRC:MED AND NOT SRC:PAT",178aaa1821f1ed68f666961729e98cadf5772f5ba59fc867c083593c2b966a8a,mwbl-ingredient-evidence-query-v1.1,2026-07-13T06:29:25+00:00,2026-07-13T06:29:28+00:00,0,0,50,0,0,complete,Y,Y,2026-07-13T06:29:28+00:00,success,1,0,,,https://www.ebi.ac.uk/europepmc/webservices/rest/search,relevance,approved_terms_only,N,200,3162,candidate_unverified,none,mwbl-ingredient-multisource-discovery-v1.1-fresh,7779d9ebab29447f8465881efcb23b09a0f2f3751f524d19b389205ce650f26d
europe_pmc:glycereth_26:b81d8e99985147ce,europe_pmc,290,glycereth_26,글리세레스-26,Glycereth-26,Glycereth-26,"[{""alias_type"":"""",""origin"":""canonical_name_en"",""source"":""https://kcia.or.kr/cid/main/"",""term"":""Glycereth-26""}]","(TITLE_ABS:""Glycereth-26"") AND (TITLE_ABS:""skin"" OR TITLE_ABS:""topical"") AND NOT SRC:MED AND NOT SRC:PAT",b81d8e99985147ce58ee2ec8b30e2d8f095a86801ebc78634cfbd293d801723c,mwbl-ingredient-evidence-query-v1.1,2026-07-13T06:29:26+00:00,2026-07-13T06:29:29+00:00,0,0,50,0,0,complete,Y,Y,2026-07-13T06:29:29+00:00,success,1,0,,,https://www.ebi.ac.uk/europepmc/webservices/rest/search,relevance,approved_terms_only,N,200,3152,candidate_unverified,none,mwbl-ingredient-multisource-discovery-v1.1-fresh,7779d9ebab29447f8465881efcb23b09a0f2f3751f524d19b389205ce650f26d
europe_pmc:pinene:7e336ee90e6241a9,europe_pmc,291,pinene,피넨,Pinene,Pinene,"[{""alias_type"":"""",""origin"":""canonical_name_en"",""source"":""https://kcia.or.kr/cid/main/"",""term"":""Pinene""}]","(TITLE_ABS:""Pinene"") AND (TITLE_ABS:""skin"" OR TITLE_ABS:""topical"") AND NOT SRC:MED AND NOT SRC:PAT",7e336ee90e6241a95bb855745066283b37f816536c6af95eb04c1d820df15790,mwbl-ingredient-evidence-query-v1.1,2026-07-13T06:29:27+00:00,2026-07-13T06:29:32+00:00,22,22,50,22,22,complete,Y,Y,2026-07-13T06:29:32+00:00,success,1,0,,,https://www.ebi.ac.uk/europepmc/webservices/rest/search,relevance,approved_terms_only,N,200,4258,candidate_unverified,none,mwbl-ingredient-multisource-discovery-v1.1-fresh,7779d9ebab29447f8465881efcb23b09a0f2f3751f524d19b389205ce650f26d
europe_pmc:calcium_gluconate:1fb5e5991ec6b33c,europe_pmc,292,calcium_gluconate,칼슘글루코네이트,Calcium Gluconate,Calcium Gluconate,"[{""alias_type"":"""",""origin"":""canonical_name_en"",""source"":""https://kcia.or.kr/cid/main/"",""term"":""Calcium Gluconate""}]","(TITLE_ABS:""Calcium Gluconate"") AND (TITLE_ABS:""skin"" OR TITLE_ABS:""topical"") AND NOT SRC:MED AND NOT SRC:PAT",1fb5e5991ec6b33c4b55be9b3795d6c230a7cf36efefd963bc97f670155c30ee,mwbl-ingredient-evidence-query-v1.1,2026-07-13T06:29:28+00:00,2026-07-13T06:29:31+00:00,4,4,50,4,4,complete,Y,Y,2026-07-13T06:29:31+00:00,success,1,0,,,https://www.ebi.ac.uk/europepmc/webservices/rest/search,relevance,approved_terms_only,N,200,2704,candidate_unverified,none,mwbl-ingredient-multisource-discovery-v1.1-fresh,7779d9ebab29447f8465881efcb23b09a0f2f3751f524d19b389205ce650f26d
europe_pmc:hydroxypropyltrimonium_hyaluronate:e0917ff887433325,europe_pmc,293,hydroxypropyltrimonium_hyaluronate,하이드록시프로필트라이모늄하이알루로네이트,Hydroxypropyltrimonium Hyaluronate,Hydroxypropyltrimonium Hyaluronate,"[{""alias_type"":"""",""origin"":""canonical_name_en"",""source"":""https://kcia.or.kr/cid/main/"",""term"":""Hydroxypropyltrimonium Hyaluronate""}]","(TITLE_ABS:""Hydroxypropyltrimonium Hyaluronate"") AND (TITLE_ABS:""skin"" OR TITLE_ABS:""topical"") AND NOT SRC:MED AND NOT SRC:PAT",e0917ff88743332519db2d7437a7c05d5293e0e9e95e9c218535dd6552759875,mwbl-ingredient-evidence-query-v1.1,2026-07-13T06:29:28+00:00,2026-07-13T06:29:32+00:00,0,0,50,0,0,complete,Y,Y,2026-07-13T06:29:32+00:00,success,1,0,,,https://www.ebi.ac.uk/europepmc/webservices/rest/search,relevance,approved_terms_only,N,200,3198,candidate_unverified,none,mwbl-ingredient-multisource-discovery-v1.1-fresh,7779d9ebab29447f8465881efcb23b09a0f2f3751f524d19b389205ce650f26d
europe_pmc:calcium_sodium_borosilicate:b4d804b99810f559,europe_pmc,294,calcium_sodium_borosilicate,칼슘소듐보로실리케이트,Calcium Sodium Borosilicate,Calcium Sodium Borosilicate,"[{""alias_type"":"""",""origin"":""canonical_name_en"",""source"":""https://kcia.or.kr/cid/main/"",""term"":""Calcium Sodium Borosilicate""}]","(TITLE_ABS:""Calcium Sodium Borosilicate"") AND (TITLE_ABS:""skin"" OR TITLE_ABS:""topical"") AND NOT SRC:MED AND NOT SRC:PAT",b4d804b99810f55956cc87a006211e5428fb10b4779cd5fa4bb3ebcff53b2a65,mwbl-ingredient-evidence-query-v1.1,2026-07-13T06:29:29+00:00,2026-07-13T06:29:32+00:00,0,0,50,0,0,complete,Y,Y,2026-07-13T06:29:32+00:00,success,1,0,,,https://www.ebi.ac.uk/europepmc/webservices/rest/search,relevance,approved_terms_only,N,200,3161,candidate_unverified,none,mwbl-ingredient-multisource-discovery-v1.1-fresh,7779d9ebab29447f8465881efcb23b09a0f2f3751f524d19b389205ce650f26d
europe_pmc:triethanolamine:f201253bf17630e7,europe_pmc,295,triethanolamine,트라이에탄올아민,Triethanolamine,Triethanolamine,"[{""alias_type"":"""",""origin"":""canonical_name_en"",""source"":""https://kcia.or.kr/cid/main/"",""term"":""Triethanolamine""}]","(TITLE_ABS:""Triethanolamine"") AND (TITLE_ABS:""skin"" OR TITLE_ABS:""topical"") AND NOT SRC:MED AND NOT SRC:PAT",f201253bf17630e734cb8276f3bcd1c7fe685b75757cab31834bee7c0e88297d,mwbl-ingredient-evidence-query-v1.1,2026-07-13T06:29:31+00:00,2026-07-13T06:29:33+00:00,2,2,50,2,2,complete,Y,Y,2026-07-13T06:29:33+00:00,success,1,0,,,https://www.ebi.ac.uk/europepmc/webservices/rest/search,relevance,approved_terms_only,N,200,2538,candidate_unverified,none,mwbl-ingredient-multisource-discovery-v1.1-fresh,7779d9ebab29447f8465881efcb23b09a0f2f3751f524d19b389205ce650f26d
europe_pmc:sodium_laureth_sulfate:21d677454bede664,europe_pmc,296,sodium_laureth_sulfate,소듐라우레스설페이트,Sodium Laureth Sulfate,Sodium Laureth Sulfate,"[{""alias_type"":"""",""origin"":""canonical_name_en"",""source"":""https://kcia.or.kr/cid/main/"",""term"":""Sodium Laureth Sulfate""}]","(TITLE_ABS:""Sodium Laureth Sulfate"") AND (TITLE_ABS:""skin"" OR TITLE_ABS:""topical"") AND NOT SRC:MED AND NOT SRC:PAT",21d677454bede664d882ae079a058f0a10d9847fb537a82ac552379a0adbc84b,mwbl-ingredient-evidence-query-v1.1,2026-07-13T06:29:32+00:00,2026-07-13T06:29:34+00:00,0,0,50,0,0,complete,Y,Y,2026-07-13T06:29:34+00:00,success,1,0,,,https://www.ebi.ac.uk/europepmc/webservices/rest/search,relevance,approved_terms_only,N,200,2564,candidate_unverified,none,mwbl-ingredient-multisource-discovery-v1.1-fresh,7779d9ebab29447f8465881efcb23b09a0f2f3751f524d19b389205ce650f26d
europe_pmc:hydrogenated_castor_oil:5cfb1762dda86b05,europe_pmc,297,hydrogenated_castor_oil,하이드로제네이티드캐스터오일,Hydrogenated Castor Oil,Hydrogenated Castor Oil,"[{""alias_type"":"""",""origin"":""canonical_name_en"",""source"":""https://kcia.or.kr/cid/main/"",""term"":""Hydrogenated Castor Oil""}]","(TITLE_ABS:""Hydrogenated Castor Oil"") AND (TITLE_ABS:""skin"" OR TITLE_ABS:""topical"") AND NOT SRC:MED AND NOT SRC:PAT",5cfb1762dda86b0515b54688b31ba4a7301041f8d2b250b6f0a0882fca2d35f1,mwbl-ingredient-evidence-query-v1.1,2026-07-13T06:29:32+00:00,2026-07-13T06:29:34+00:00,2,2,50,2,2,complete,Y,Y,2026-07-13T06:29:34+00:00,success,1,0,,,https://www.ebi.ac.uk/europepmc/webservices/rest/search,relevance,approved_terms_only,N,200,2562,candidate_unverified,none,mwbl-ingredient-multisource-discovery-v1.1-fresh,7779d9ebab29447f8465881efcb23b09a0f2f3751f524d19b389205ce650f26d
europe_pmc:tartrazine:5fdfc3bd02e98912,europe_pmc,298,tartrazine,황색4호,Tartrazine,Tartrazine,"[{""alias_type"":"""",""origin"":""canonical_name_en"",""source"":""https://kcia.or.kr/cid/main/"",""term"":""Tartrazine""}]","(TITLE_ABS:""Tartrazine"") AND (TITLE_ABS:""skin"" OR TITLE_ABS:""topical"") AND NOT SRC:MED AND NOT SRC:PAT",5fdfc3bd02e98912797d1d47d070d559bb0eaf4e431ec57cd535df07e5217fbd,mwbl-ingredient-evidence-query-v1.1,2026-07-13T06:29:32+00:00,2026-07-13T06:29:34+00:00,4,4,50,4,4,complete,Y,Y,2026-07-13T06:29:34+00:00,success,1,0,,,https://www.ebi.ac.uk/europepmc/webservices/rest/search,relevance,approved_terms_only,N,200,2090,candidate_unverified,none,mwbl-ingredient-multisource-discovery-v1.1-fresh,7779d9ebab29447f8465881efcb23b09a0f2f3751f524d19b389205ce650f26d
europe_pmc:phospholipids:457318a00519ea40,europe_pmc,299,phospholipids,포스포리피드,Phospholipids,Phospholipids,"[{""alias_type"":"""",""origin"":""canonical_name_en"",""source"":""https://kcia.or.kr/cid/main/"",""term"":""Phospholipids""}]","(TITLE_ABS:""Phospholipids"") AND (TITLE_ABS:""skin"" OR TITLE_ABS:""topical"") AND NOT SRC:MED AND NOT SRC:PAT",457318a00519ea40a6e7521cf791522eff01e7af55ca1e4dc53d8ec8196781ee,mwbl-ingredient-evidence-query-v1.1,2026-07-13T06:29:33+00:00,2026-07-13T06:29:37+00:00,28,28,50,28,28,complete,Y,Y,2026-07-13T06:29:37+00:00,success,1,0,,,https://www.ebi.ac.uk/europepmc/webservices/rest/search,relevance,approved_terms_only,N,200,3673,candidate_unverified,none,mwbl-ingredient-multisource-discovery-v1.1-fresh,7779d9ebab29447f8465881efcb23b09a0f2f3751f524d19b389205ce650f26d
europe_pmc:pelargonium_graveolens_flower_oil:b605264f2a6f1e78,europe_pmc,300,pelargonium_graveolens_flower_oil,센티드제라늄꽃오일,Pelargonium Graveolens Flower Oil,Pelargonium Graveolens Flower Oil,"[{""alias_type"":"""",""origin"":""canonical_name_en"",""source"":""https://kcia.or.kr/cid/main/"",""term"":""Pelargonium Graveolens Flower Oil""}]","(TITLE_ABS:""Pelargonium Graveolens Flower Oil"") AND (TITLE_ABS:""skin"" OR TITLE_ABS:""topical"") AND NOT SRC:MED AND NOT SRC:PAT",b605264f2a6f1e7857580dd47bc1e759eeea1541913941f24cb5bcaa31786973,mwbl-ingredient-evidence-query-v1.1,2026-07-13T06:29:34+00:00,2026-07-13T06:29:37+00:00,0,0,50,0,0,complete,Y,Y,2026-07-13T06:29:37+00:00,success,1,0,,,https://www.ebi.ac.uk/europepmc/webservices/rest/search,relevance,approved_terms_only,N,200,2591,candidate_unverified,none,mwbl-ingredient-multisource-discovery-v1.1-fresh,7779d9ebab29447f8465881efcb23b09a0f2f3751f524d19b389205ce650f26d
europe_pmc:sodium_methyl_cocoyl_taurate:4b4bd870339df3c7,europe_pmc,301,sodium_methyl_cocoyl_taurate,소듐메틸코코일타우레이트,Sodium Methyl Cocoyl Taurate,Sodium Methyl Cocoyl Taurate,"[{""alias_type"":"""",""origin"":""canonical_name_en"",""source"":""https://kcia.or.kr/cid/main/"",""term"":""Sodium Methyl Cocoyl Taurate""}]","(TITLE_ABS:""Sodium Methyl Cocoyl Taurate"") AND (TITLE_ABS:""skin"" OR TITLE_ABS:""topical"") AND NOT SRC:MED AND NOT SRC:PAT",4b4bd870339df3c7eb923611e8ae39f689bbeb97184c3ea41b2beb11148dcc36,mwbl-ingredient-evidence-query-v1.1,2026-07-13T06:29:34+00:00,2026-07-13T06:29:37+00:00,0,0,50,0,0,complete,Y,Y,2026-07-13T06:29:37+00:00,success,1,0,,,https://www.ebi.ac.uk/europepmc/webservices/rest/search,relevance,approved_terms_only,N,200,2601,candidate_unverified,none,mwbl-ingredient-multisource-discovery-v1.1-fresh,7779d9ebab29447f8465881efcb23b09a0f2f3751f524d19b389205ce650f26d
europe_pmc:pca:8099baea73ff2af6,europe_pmc,303,pca,피씨에이,PCA,PCA,"[{""alias_type"":"""",""origin"":""canonical_name_en"",""source"":""https://kcia.or.kr/cid/main/"",""term"":""PCA""}]","(TITLE_ABS:""PCA"") AND (TITLE_ABS:""skin"" OR TITLE_ABS:""topical"") AND NOT SRC:MED AND NOT SRC:PAT",8099baea73ff2af6b4d5206b3166df3f1c771666ad39b9b199ce1b49508b1270,mwbl-ingredient-evidence-query-v1.1,2026-07-13T06:29:34+00:00,2026-07-13T06:29:39+00:00,107,107,50,50,50,capped_at_retrieval_limit,N,N,2026-07-13T06:29:39+00:00,success,1,0,,,https://www.ebi.ac.uk/europepmc/webservices/rest/search,relevance,approved_terms_only,N,200,5221,candidate_unverified,none,mwbl-ingredient-multisource-discovery-v1.1-fresh,7779d9ebab29447f8465881efcb23b09a0f2f3751f524d19b389205ce650f26d
europe_pmc:mangifera_indica_mango_seed_butter:86c261b3d6ffd19d,europe_pmc,304,mangifera_indica_mango_seed_butter,망고씨버터,Mangifera Indica (Mango) Seed Butter,Mangifera Indica (Mango) Seed Butter,"[{""alias_type"":"""",""origin"":""canonical_name_en"",""source"":""https://kcia.or.kr/cid/main/"",""term"":""Mangifera Indica (Mango) Seed Butter""}]","(TITLE_ABS:""Mangifera Indica (Mango) Seed Butter"") AND (TITLE_ABS:""skin"" OR TITLE_ABS:""topical"") AND NOT SRC:MED AND NOT SRC:PAT",86c261b3d6ffd19daba41ee3861c0a6ee6a325bf4774a2fbcaffb9a2d413fed8,mwbl-ingredient-evidence-query-v1.1,2026-07-13T06:29:37+00:00,2026-07-13T06:29:39+00:00,0,0,50,0,0,complete,Y,Y,2026-07-13T06:29:39+00:00,success,1,0,,,https://www.ebi.ac.uk/europepmc/webservices/rest/search,relevance,approved_terms_only,N,200,2163,candidate_unverified,none,mwbl-ingredient-multisource-discovery-v1.1-fresh,7779d9ebab29447f8465881efcb23b09a0f2f3751f524d19b389205ce650f26d
europe_pmc:glyceryl_oleate:59692db5d12d2712,europe_pmc,305,glyceryl_oleate,글리세릴올리에이트,Glyceryl Oleate,Glyceryl Oleate,"[{""alias_type"":"""",""origin"":""canonical_name_en"",""source"":""https://kcia.or.kr/cid/main/"",""term"":""Glyceryl Oleate""}]","(TITLE_ABS:""Glyceryl Oleate"") AND (TITLE_ABS:""skin"" OR TITLE_ABS:""topical"") AND NOT SRC:MED AND NOT SRC:PAT",59692db5d12d271216f73aec548c8e4be63ae2b2111b70555367b03a128623f3,mwbl-ingredient-evidence-query-v1.1,2026-07-13T06:29:37+00:00,2026-07-13T06:29:40+00:00,0,0,50,0,0,complete,Y,Y,2026-07-13T06:29:40+00:00,success,1,0,,,https://www.ebi.ac.uk/europepmc/webservices/rest/search,relevance,approved_terms_only,N,200,3138,candidate_unverified,none,mwbl-ingredient-multisource-discovery-v1.1-fresh,7779d9ebab29447f8465881efcb23b09a0f2f3751f524d19b389205ce650f26d
europe_pmc:polyglycerin_3:a9a994b271da597d,europe_pmc,306,polyglycerin_3,폴리글리세린-3,Polyglycerin-3,Polyglycerin-3,"[{""alias_type"":"""",""origin"":""canonical_name_en"",""source"":""https://kcia.or.kr/cid/main/"",""term"":""Polyglycerin-3""}]","(TITLE_ABS:""Polyglycerin-3"") AND (TITLE_ABS:""skin"" OR TITLE_ABS:""topical"") AND NOT SRC:MED AND NOT SRC:PAT",a9a994b271da597d4b88420395a38527b1f7bda352184c0ee1ca91e4b9a61576,mwbl-ingredient-evidence-query-v1.1,2026-07-13T06:29:37+00:00,2026-07-13T06:29:40+00:00,0,0,50,0,0,complete,Y,Y,2026-07-13T06:29:40+00:00,success,1,0,,,https://www.ebi.ac.uk/europepmc/webservices/rest/search,relevance,approved_terms_only,N,200,3132,candidate_unverified,none,mwbl-ingredient-multisource-discovery-v1.1-fresh,7779d9ebab29447f8465881efcb23b09a0f2f3751f524d19b389205ce650f26d
europe_pmc:stearalkonium_hectorite:ee51867bbed30bf1,europe_pmc,307,stearalkonium_hectorite,스테아랄코늄헥토라이트,Stearalkonium Hectorite,Stearalkonium Hectorite,"[{""alias_type"":"""",""origin"":""canonical_name_en"",""source"":""https://kcia.or.kr/cid/main/"",""term"":""Stearalkonium Hectorite""}]","(TITLE_ABS:""Stearalkonium Hectorite"") AND (TITLE_ABS:""skin"" OR TITLE_ABS:""topical"") AND NOT SRC:MED AND NOT SRC:PAT",ee51867bbed30bf1233cc3c95b1eb9887013eea667a00767622d2b8f76aa2204,mwbl-ingredient-evidence-query-v1.1,2026-07-13T06:29:39+00:00,2026-07-13T06:29:42+00:00,0,0,50,0,0,complete,Y,Y,2026-07-13T06:29:42+00:00,success,1,0,,,https://www.ebi.ac.uk/europepmc/webservices/rest/search,relevance,approved_terms_only,N,200,3105,candidate_unverified,none,mwbl-ingredient-multisource-discovery-v1.1-fresh,7779d9ebab29447f8465881efcb23b09a0f2f3751f524d19b389205ce650f26d
europe_pmc:hydrolyzed_wheat_protein:df19407a73ec543f,europe_pmc,308,hydrolyzed_wheat_protein,하이드롤라이즈드밀단백질,Hydrolyzed Wheat Protein,Hydrolyzed Wheat Protein,"[{""alias_type"":"""",""origin"":""canonical_name_en"",""source"":""https://kcia.or.kr/cid/main/"",""term"":""Hydrolyzed Wheat Protein""}]","(TITLE_ABS:""Hydrolyzed Wheat Protein"") AND (TITLE_ABS:""skin"" OR TITLE_ABS:""topical"") AND NOT SRC:MED AND NOT SRC:PAT",df19407a73ec543f77aa714c3b0674f1e3765cb60a9e2c9cb61bfad5c1f697e8,mwbl-ingredient-evidence-query-v1.1,2026-07-13T06:29:39+00:00,2026-07-13T06:29:42+00:00,1,1,50,1,1,complete,Y,Y,2026-07-13T06:29:42+00:00,success,1,0,,,https://www.ebi.ac.uk/europepmc/webservices/rest/search,relevance,approved_terms_only,N,200,2639,candidate_unverified,none,mwbl-ingredient-multisource-discovery-v1.1-fresh,7779d9ebab29447f8465881efcb23b09a0f2f3751f524d19b389205ce650f26d
europe_pmc:magnesium_chloride:27b0783f7f7845b6,europe_pmc,309,magnesium_chloride,마그네슘클로라이드,Magnesium Chloride,Magnesium Chloride,"[{""alias_type"":"""",""origin"":""canonical_name_en"",""source"":""https://kcia.or.kr/cid/main/"",""term"":""Magnesium Chloride""}]","(TITLE_ABS:""Magnesium Chloride"") AND (TITLE_ABS:""skin"" OR TITLE_ABS:""topical"") AND NOT SRC:MED AND NOT SRC:PAT",27b0783f7f7845b67f20630096725deb0d01e9f5d3ba0079e75e8e965d2ebb47,mwbl-ingredient-evidence-query-v1.1,2026-07-13T06:29:40+00:00,2026-07-13T06:29:43+00:00,0,0,50,0,0,complete,Y,Y,2026-07-13T06:29:43+00:00,success,1,0,,,https://www.ebi.ac.uk/europepmc/webservices/rest/search,relevance,approved_terms_only,N,200,3152,candidate_unverified,none,mwbl-ingredient-multisource-discovery-v1.1-fresh,7779d9ebab29447f8465881efcb23b09a0f2f3751f524d19b389205ce650f26d
europe_pmc:lauryl_glucoside:a2e16da61189784a,europe_pmc,310,lauryl_glucoside,라우릴글루코사이드,Lauryl Glucoside,Lauryl Glucoside,"[{""alias_type"":"""",""origin"":""canonical_name_en"",""source"":""https://kcia.or.kr/cid/main/"",""term"":""Lauryl Glucoside""}]","(TITLE_ABS:""Lauryl Glucoside"") AND (TITLE_ABS:""skin"" OR TITLE_ABS:""topical"") AND NOT SRC:MED AND NOT SRC:PAT",a2e16da61189784aacd59fae2511cd37fea0716f58f08e94b76a2287eb255556,mwbl-ingredient-evidence-query-v1.1,2026-07-13T06:29:40+00:00,2026-07-13T06:29:44+00:00,0,0,50,0,0,complete,Y,Y,2026-07-13T06:29:44+00:00,success,1,0,,,https://www.ebi.ac.uk/europepmc/webservices/rest/search,relevance,approved_terms_only,N,200,3669,candidate_unverified,none,mwbl-ingredient-multisource-discovery-v1.1-fresh,7779d9ebab29447f8465881efcb23b09a0f2f3751f524d19b389205ce650f26d
europe_pmc:hydrolyzed_sodium_hyaluronate:3ec36d98d730f524,europe_pmc,311,hydrolyzed_sodium_hyaluronate,하이드롤라이즈드소듐하이알루로네이트,Hydrolyzed Sodium Hyaluronate,Hydrolyzed Sodium Hyaluronate,"[{""alias_type"":"""",""origin"":""canonical_name_en"",""source"":""https://kcia.or.kr/cid/main/"",""term"":""Hydrolyzed Sodium Hyaluronate""}]","(TITLE_ABS:""Hydrolyzed Sodium Hyaluronate"") AND (TITLE_ABS:""skin"" OR TITLE_ABS:""topical"") AND NOT SRC:MED AND NOT SRC:PAT",3ec36d98d730f5245f42dc301ddc8b4a518a224cb2199ffea871bad577534180,mwbl-ingredient-evidence-query-v1.1,2026-07-13T06:29:42+00:00,2026-07-13T06:29:45+00:00,0,0,50,0,0,complete,Y,Y,2026-07-13T06:29:45+00:00,success,1,0,,,https://www.ebi.ac.uk/europepmc/webservices/rest/search,relevance,approved_terms_only,N,200,2611,candidate_unverified,none,mwbl-ingredient-multisource-discovery-v1.1-fresh,7779d9ebab29447f8465881efcb23b09a0f2f3751f524d19b389205ce650f26d
europe_pmc:corallina_officinalis_extract:3b0f85fe8ce6c055,europe_pmc,312,corallina_officinalis_extract,참산호말추출물,Corallina Officinalis Extract,Corallina Officinalis Extract,"[{""alias_type"":"""",""origin"":""canonical_name_en"",""source"":""https://kcia.or.kr/cid/main/"",""term"":""Corallina Officinalis Extract""}]","(TITLE_ABS:""Corallina Officinalis Extract"") AND (TITLE_ABS:""skin"" OR TITLE_ABS:""topical"") AND NOT SRC:MED AND NOT SRC:PAT",3b0f85fe8ce6c0552348463a8265efcaad611e4483fe2406a224dafd8ac0a6ba,mwbl-ingredient-evidence-query-v1.1,2026-07-13T06:29:42+00:00,2026-07-13T06:29:45+00:00,0,0,50,0,0,complete,Y,Y,2026-07-13T06:29:45+00:00,success,1,0,,,https://www.ebi.ac.uk/europepmc/webservices/rest/search,relevance,approved_terms_only,N,200,3138,candidate_unverified,none,mwbl-ingredient-multisource-discovery-v1.1-fresh,7779d9ebab29447f8465881efcb23b09a0f2f3751f524d19b389205ce650f26d
europe_pmc:glyceryl_stearate_citrate:fff340e18f335b6e,europe_pmc,313,glyceryl_stearate_citrate,글리세릴스테아레이트시트레이트,Glyceryl Stearate Citrate,Glyceryl Stearate Citrate,"[{""alias_type"":"""",""origin"":""canonical_name_en"",""source"":""https://kcia.or.kr/cid/main/"",""term"":""Glyceryl Stearate Citrate""}]","(TITLE_ABS:""Glyceryl Stearate Citrate"") AND (TITLE_ABS:""skin"" OR TITLE_ABS:""topical"") AND NOT SRC:MED AND NOT SRC:PAT",fff340e18f335b6ef2b7bfb2b28afefddc6c74d661a982db2ce065b5c7f716ac,mwbl-ingredient-evidence-query-v1.1,2026-07-13T06:29:43+00:00,2026-07-13T06:29:46+00:00,0,0,50,0,0,complete,Y,Y,2026-07-13T06:29:46+00:00,success,1,0,,,https://www.ebi.ac.uk/europepmc/webservices/rest/search,relevance,approved_terms_only,N,200,2620,candidate_unverified,none,mwbl-ingredient-multisource-discovery-v1.1-fresh,7779d9ebab29447f8465881efcb23b09a0f2f3751f524d19b389205ce650f26d
europe_pmc:bis_ethylhexyloxyphenol_methoxyphenyl_triazine:2e62d09df1cbe430,europe_pmc,314,bis_ethylhexyloxyphenol_methoxyphenyl_triazine,비스-에칠헥실옥시페놀메톡시페닐트리아진,Bis-Ethylhexyloxyphenol Methoxyphenyl Triazine,Bis-Ethylhexyloxyphenol Methoxyphenyl Triazine,"[{""alias_type"":"""",""origin"":""canonical_name_en"",""source"":""https://kcia.or.kr/cid/main/"",""term"":""Bis-Ethylhexyloxyphenol Methoxyphenyl Triazine""}]","(TITLE_ABS:""Bis-Ethylhexyloxyphenol Methoxyphenyl Triazine"") AND (TITLE_ABS:""skin"" OR TITLE_ABS:""topical"") AND NOT SRC:MED AND NOT SRC:PAT",2e62d09df1cbe430cf124a0fee397a268d557454f71bceacd8dc4b1458d92ec6,mwbl-ingredient-evidence-query-v1.1,2026-07-13T06:29:44+00:00,2026-07-13T06:29:46+00:00,0,0,50,0,0,complete,Y,Y,2026-07-13T06:29:46+00:00,success,1,0,,,https://www.ebi.ac.uk/europepmc/webservices/rest/search,relevance,approved_terms_only,N,200,2111,candidate_unverified,none,mwbl-ingredient-multisource-discovery-v1.1-fresh,7779d9ebab29447f8465881efcb23b09a0f2f3751f524d19b389205ce650f26d
europe_pmc:trideceth_6:34fbc3cbf8491131,europe_pmc,315,trideceth_6,트라이데세스-6,Trideceth-6,Trideceth-6,"[{""alias_type"":"""",""origin"":""canonical_name_en"",""source"":""https://kcia.or.kr/cid/main/"",""term"":""Trideceth-6""}]","(TITLE_ABS:""Trideceth-6"") AND (TITLE_ABS:""skin"" OR TITLE_ABS:""topical"") AND NOT SRC:MED AND NOT SRC:PAT",34fbc3cbf8491131b237f1ad2db5065920f306eb3b8a196c49fcd9381abdbfcb,mwbl-ingredient-evidence-query-v1.1,2026-07-13T06:29:45+00:00,2026-07-13T06:29:47+00:00,0,0,50,0,0,complete,Y,Y,2026-07-13T06:29:47+00:00,success,1,0,,,https://www.ebi.ac.uk/europepmc/webservices/rest/search,relevance,approved_terms_only,N,200,2631,candidate_unverified,none,mwbl-ingredient-multisource-discovery-v1.1-fresh,7779d9ebab29447f8465881efcb23b09a0f2f3751f524d19b389205ce650f26d
europe_pmc:anhydroxylitol:d0fc289f5b7aae7a,europe_pmc,316,anhydroxylitol,안하이드로자일리톨,Anhydroxylitol,Anhydroxylitol,"[{""alias_type"":"""",""origin"":""canonical_name_en"",""source"":""https://kcia.or.kr/cid/main/"",""term"":""Anhydroxylitol""}]","(TITLE_ABS:""Anhydroxylitol"") AND (TITLE_ABS:""skin"" OR TITLE_ABS:""topical"") AND NOT SRC:MED AND NOT SRC:PAT",d0fc289f5b7aae7a737dac4c518fc9e5a0dd4c077f741703955d634eee8ae1e2,mwbl-ingredient-evidence-query-v1.1,2026-07-13T06:29:45+00:00,2026-07-13T06:29:47+00:00,0,0,50,0,0,complete,Y,Y,2026-07-13T06:29:47+00:00,success,1,0,,,https://www.ebi.ac.uk/europepmc/webservices/rest/search,relevance,approved_terms_only,N,200,2102,candidate_unverified,none,mwbl-ingredient-multisource-discovery-v1.1-fresh,7779d9ebab29447f8465881efcb23b09a0f2f3751f524d19b389205ce650f26d
europe_pmc:palmitic_acid:c2d81bde110c0ee2,europe_pmc,317,palmitic_acid,팔미틱애씨드,Palmitic Acid,Palmitic Acid,"[{""alias_type"":"""",""origin"":""canonical_name_en"",""source"":""https://kcia.or.kr/cid/main/"",""term"":""Palmitic Acid""}]","(TITLE_ABS:""Palmitic Acid"") AND (TITLE_ABS:""skin"" OR TITLE_ABS:""topical"") AND NOT SRC:MED AND NOT SRC:PAT",c2d81bde110c0ee2d95e7190808b09026c4e72066e2107bfd8444170fbda12c7,mwbl-ingredient-evidence-query-v1.1,2026-07-13T06:29:46+00:00,2026-07-13T06:29:49+00:00,23,23,50,23,23,complete,Y,Y,2026-07-13T06:29:49+00:00,success,1,0,,,https://www.ebi.ac.uk/europepmc/webservices/rest/search,relevance,approved_terms_only,N,200,3701,candidate_unverified,none,mwbl-ingredient-multisource-discovery-v1.1-fresh,7779d9ebab29447f8465881efcb23b09a0f2f3751f524d19b389205ce650f26d
europe_pmc:sclerotium_gum:246200df6575d331,europe_pmc,319,sclerotium_gum,스클레로튬검,Sclerotium Gum,Sclerotium Gum,"[{""alias_type"":"""",""origin"":""canonical_name_en"",""source"":""https://kcia.or.kr/cid/main/"",""term"":""Sclerotium Gum""}]","(TITLE_ABS:""Sclerotium Gum"") AND (TITLE_ABS:""skin"" OR TITLE_ABS:""topical"") AND NOT SRC:MED AND NOT SRC:PAT",246200df6575d331dc9acdf66dc7b31e00aaea17db9dbfbfc93b7b46693b89de,mwbl-ingredient-evidence-query-v1.1,2026-07-13T06:29:46+00:00,2026-07-13T06:29:49+00:00,0,0,50,0,0,complete,Y,Y,2026-07-13T06:29:49+00:00,success,1,0,,,https://www.ebi.ac.uk/europepmc/webservices/rest/search,relevance,approved_terms_only,N,200,3163,candidate_unverified,none,mwbl-ingredient-multisource-discovery-v1.1-fresh,7779d9ebab29447f8465881efcb23b09a0f2f3751f524d19b389205ce650f26d
europe_pmc:ascorbyl_glucoside:c065e79ea907b271,europe_pmc,320,ascorbyl_glucoside,아스코빌글루코사이드,Ascorbyl Glucoside,Ascorbyl Glucoside,"[{""alias_type"":"""",""origin"":""canonical_name_en"",""source"":""https://kcia.or.kr/cid/main/"",""term"":""Ascorbyl Glucoside""}]","(TITLE_ABS:""Ascorbyl Glucoside"") AND (TITLE_ABS:""skin"" OR TITLE_ABS:""topical"") AND NOT SRC:MED AND NOT SRC:PAT",c065e79ea907b2714cf4523f087c1d52f20939805c12d567b58ef31fe77d8901,mwbl-ingredient-evidence-query-v1.1,2026-07-13T06:29:47+00:00,2026-07-13T06:29:50+00:00,2,2,50,2,2,complete,Y,Y,2026-07-13T06:29:50+00:00,success,1,0,,,https://www.ebi.ac.uk/europepmc/webservices/rest/search,relevance,approved_terms_only,N,200,2636,candidate_unverified,none,mwbl-ingredient-multisource-discovery-v1.1-fresh,7779d9ebab29447f8465881efcb23b09a0f2f3751f524d19b389205ce650f26d
europe_pmc:rosa_canina_fruit_oil:84e74a6db1ad2f00,europe_pmc,321,rosa_canina_fruit_oil,로즈힙열매오일,Rosa Canina Fruit Oil,Rosa Canina Fruit Oil,"[{""alias_type"":"""",""origin"":""canonical_name_en"",""source"":""https://kcia.or.kr/cid/main/"",""term"":""Rosa Canina Fruit Oil""}]","(TITLE_ABS:""Rosa Canina Fruit Oil"") AND (TITLE_ABS:""skin"" OR TITLE_ABS:""topical"") AND NOT SRC:MED AND NOT SRC:PAT",84e74a6db1ad2f0043b2b2066a814aaaa99a5b3677c9a4d56b10d9247b9cdcc1,mwbl-ingredient-evidence-query-v1.1,2026-07-13T06:29:47+00:00,2026-07-13T06:29:50+00:00,0,0,50,0,0,complete,Y,Y,2026-07-13T06:29:50+00:00,success,1,0,,,https://www.ebi.ac.uk/europepmc/webservices/rest/search,relevance,approved_terms_only,N,200,3144,candidate_unverified,none,mwbl-ingredient-multisource-discovery-v1.1-fresh,7779d9ebab29447f8465881efcb23b09a0f2f3751f524d19b389205ce650f26d
europe_pmc:hydrolyzed_vegetable_protein:e7b4f626c6ec1f51,europe_pmc,322,hydrolyzed_vegetable_protein,하이드롤라이즈드식물성단백질,Hydrolyzed Vegetable Protein,Hydrolyzed Vegetable Protein,"[{""alias_type"":"""",""origin"":""canonical_name_en"",""source"":""https://kcia.or.kr/cid/main/"",""term"":""Hydrolyzed Vegetable Protein""}]","(TITLE_ABS:""Hydrolyzed Vegetable Protein"") AND (TITLE_ABS:""skin"" OR TITLE_ABS:""topical"") AND NOT SRC:MED AND NOT SRC:PAT",e7b4f626c6ec1f51597806aebc34fc05bcf5156c8593b148f1b34fd3b736c2c9,mwbl-ingredient-evidence-query-v1.1,2026-07-13T06:29:49+00:00,2026-07-13T06:29:52+00:00,0,0,50,0,0,complete,Y,Y,2026-07-13T06:29:52+00:00,success,1,0,,,https://www.ebi.ac.uk/europepmc/webservices/rest/search,relevance,approved_terms_only,N,200,2611,candidate_unverified,none,mwbl-ingredient-multisource-discovery-v1.1-fresh,7779d9ebab29447f8465881efcb23b09a0f2f3751f524d19b389205ce650f26d
europe_pmc:xylitylglucoside:38ed16245c0b8faf,europe_pmc,323,xylitylglucoside,자일리틸글루코사이드,Xylitylglucoside,Xylitylglucoside,"[{""alias_type"":"""",""origin"":""canonical_name_en"",""source"":""https://kcia.or.kr/cid/main/"",""term"":""Xylitylglucoside""}]","(TITLE_ABS:""Xylitylglucoside"") AND (TITLE_ABS:""skin"" OR TITLE_ABS:""topical"") AND NOT SRC:MED AND NOT SRC:PAT",38ed16245c0b8faf16a8cc8b28a52aa880f00e8a6f7e1fe32d8266a458f5c7ed,mwbl-ingredient-evidence-query-v1.1,2026-07-13T06:29:49+00:00,2026-07-13T06:29:52+00:00,0,0,50,0,0,complete,Y,Y,2026-07-13T06:29:52+00:00,success,1,0,,,https://www.ebi.ac.uk/europepmc/webservices/rest/search,relevance,approved_terms_only,N,200,2609,candidate_unverified,none,mwbl-ingredient-multisource-discovery-v1.1-fresh,7779d9ebab29447f8465881efcb23b09a0f2f3751f524d19b389205ce650f26d
europe_pmc:isopropyl_titanium_triisostearate:4d1d39419854a227,europe_pmc,324,isopropyl_titanium_triisostearate,아이소프로필티타늄트라이아이소스테아레이트,Isopropyl Titanium Triisostearate,Isopropyl Titanium Triisostearate,"[{""alias_type"":"""",""origin"":""canonical_name_en"",""source"":""https://kcia.or.kr/cid/main/"",""term"":""Isopropyl Titanium Triisostearate""}]","(TITLE_ABS:""Isopropyl Titanium Triisostearate"") AND (TITLE_ABS:""skin"" OR TITLE_ABS:""topical"") AND NOT SRC:MED AND NOT SRC:PAT",4d1d39419854a227096b547fe9c812138098de2589d6ba07c83ecccd04d4b38d,mwbl-ingredient-evidence-query-v1.1,2026-07-13T06:29:50+00:00,2026-07-13T06:29:53+00:00,0,0,50,0,0,complete,Y,Y,2026-07-13T06:29:53+00:00,success,1,0,,,https://www.ebi.ac.uk/europepmc/webservices/rest/search,relevance,approved_terms_only,N,200,3117,candidate_unverified,none,mwbl-ingredient-multisource-discovery-v1.1-fresh,7779d9ebab29447f8465881efcb23b09a0f2f3751f524d19b389205ce650f26d
europe_pmc:microcrystalline_wax:fcb812f868ece80d,europe_pmc,325,microcrystalline_wax,마이크로크리스탈린왁스,Microcrystalline Wax,Microcrystalline Wax|Cera Microcristallina,"[{""alias_type"":"""",""origin"":""canonical_name_en"",""source"":""https://kcia.or.kr/cid/main/"",""term"":""Microcrystalline Wax""},{""alias_type"":""synonym"",""origin"":""approved_alias"",""source"":""KCIA 표준화명칭목록 2026-06-30"",""term"":""Cera Microcristallina""}]","(TITLE_ABS:""Microcrystalline Wax"" OR TITLE_ABS:""Cera Microcristallina"") AND (TITLE_ABS:""skin"" OR TITLE_ABS:""topical"") AND NOT SRC:MED AND NOT SRC:PAT",fcb812f868ece80d628dbd32c4e80ca65ff8ec22ac9ce3bb6ccf622cecfd209b,mwbl-ingredient-evidence-query-v1.1,2026-07-13T06:29:50+00:00,2026-07-13T06:29:53+00:00,0,0,50,0,0,complete,Y,Y,2026-07-13T06:29:53+00:00,success,1,0,,,https://www.ebi.ac.uk/europepmc/webservices/rest/search,relevance,approved_terms_only,N,200,2609,candidate_unverified,none,mwbl-ingredient-multisource-discovery-v1.1-fresh,7779d9ebab29447f8465881efcb23b09a0f2f3751f524d19b389205ce650f26d
europe_pmc:hydrolyzed_keratin:fa0cabb95da8f1e5,europe_pmc,326,hydrolyzed_keratin,하이드롤라이즈드케라틴,Hydrolyzed Keratin,Hydrolyzed Keratin,"[{""alias_type"":"""",""origin"":""canonical_name_en"",""source"":""https://kcia.or.kr/cid/main/"",""term"":""Hydrolyzed Keratin""}]","(TITLE_ABS:""Hydrolyzed Keratin"") AND (TITLE_ABS:""skin"" OR TITLE_ABS:""topical"") AND NOT SRC:MED AND NOT SRC:PAT",fa0cabb95da8f1e5c26cc44bb299de2f8feb0576181bff11d234fc62d92153ec,mwbl-ingredient-evidence-query-v1.1,2026-07-13T06:29:52+00:00,2026-07-13T06:29:54+00:00,0,0,50,0,0,complete,Y,Y,2026-07-13T06:29:54+00:00,success,1,0,,,https://www.ebi.ac.uk/europepmc/webservices/rest/search,relevance,approved_terms_only,N,200,2107,candidate_unverified,none,mwbl-ingredient-multisource-discovery-v1.1-fresh,7779d9ebab29447f8465881efcb23b09a0f2f3751f524d19b389205ce650f26d
europe_pmc:camellia_japonica_seed_oil:0a9686647cb798a1,europe_pmc,327,camellia_japonica_seed_oil,동백나무씨오일,Camellia Japonica Seed Oil,Camellia Japonica Seed Oil,"[{""alias_type"":"""",""origin"":""canonical_name_en"",""source"":""https://kcia.or.kr/cid/main/"",""term"":""Camellia Japonica Seed Oil""}]","(TITLE_ABS:""Camellia Japonica Seed Oil"") AND (TITLE_ABS:""skin"" OR TITLE_ABS:""topical"") AND NOT SRC:MED AND NOT SRC:PAT",0a9686647cb798a134e71faeb800303ad1e140fb59d1f2ca21bbff7c0a647773,mwbl-ingredient-evidence-query-v1.1,2026-07-13T06:29:52+00:00,2026-07-13T06:29:55+00:00,0,0,50,0,0,complete,Y,Y,2026-07-13T06:29:55+00:00,success,1,0,,,https://www.ebi.ac.uk/europepmc/webservices/rest/search,relevance,approved_terms_only,N,200,2636,candidate_unverified,none,mwbl-ingredient-multisource-discovery-v1.1-fresh,7779d9ebab29447f8465881efcb23b09a0f2f3751f524d19b389205ce650f26d
europe_pmc:diphenylsiloxy_phenyl_trimethicone:8bb38385c22aeeb7,europe_pmc,328,diphenylsiloxy_phenyl_trimethicone,다이페닐실록시페닐트라이메티콘,Diphenylsiloxy Phenyl Trimethicone,Diphenylsiloxy Phenyl Trimethicone,"[{""alias_type"":"""",""origin"":""canonical_name_en"",""source"":""https://kcia.or.kr/cid/main/"",""term"":""Diphenylsiloxy Phenyl Trimethicone""}]","(TITLE_ABS:""Diphenylsiloxy Phenyl Trimethicone"") AND (TITLE_ABS:""skin"" OR TITLE_ABS:""topical"") AND NOT SRC:MED AND NOT SRC:PAT",8bb38385c22aeeb751a571e6abb5744e1645e388b45b9f09175a37846a350a5e,mwbl-ingredient-evidence-query-v1.1,2026-07-13T06:29:53+00:00,2026-07-13T06:29:56+00:00,0,0,50,0,0,complete,Y,Y,2026-07-13T06:29:56+00:00,success,1,0,,,https://www.ebi.ac.uk/europepmc/webservices/rest/search,relevance,approved_terms_only,N,200,2612,candidate_unverified,none,mwbl-ingredient-multisource-discovery-v1.1-fresh,7779d9ebab29447f8465881efcb23b09a0f2f3751f524d19b389205ce650f26d
europe_pmc:polyquaternium_37:4624a3282177ff16,europe_pmc,329,polyquaternium_37,폴리쿼터늄-37,Polyquaternium-37,Polyquaternium-37,"[{""alias_type"":"""",""origin"":""canonical_name_en"",""source"":""https://kcia.or.kr/cid/main/"",""term"":""Polyquaternium-37""}]","(TITLE_ABS:""Polyquaternium-37"") AND (TITLE_ABS:""skin"" OR TITLE_ABS:""topical"") AND NOT SRC:MED AND NOT SRC:PAT",4624a3282177ff16bd9b46b1d7cd1a846f0efa8cd3caf336ba12ded787c2ec1a,mwbl-ingredient-evidence-query-v1.1,2026-07-13T06:29:53+00:00,2026-07-13T06:29:56+00:00,0,0,50,0,0,complete,Y,Y,2026-07-13T06:29:56+00:00,success,1,0,,,https://www.ebi.ac.uk/europepmc/webservices/rest/search,relevance,approved_terms_only,N,200,3141,candidate_unverified,none,mwbl-ingredient-multisource-discovery-v1.1-fresh,7779d9ebab29447f8465881efcb23b09a0f2f3751f524d19b389205ce650f26d
europe_pmc:c13_15_alkane:6fd6c22185993535,europe_pmc,330,c13_15_alkane,C13-15알케인,C13-15 Alkane,C13-15 Alkane,"[{""alias_type"":"""",""origin"":""canonical_name_en"",""source"":""https://kcia.or.kr/cid/main/"",""term"":""C13-15 Alkane""}]","(TITLE_ABS:""C13-15 Alkane"") AND (TITLE_ABS:""skin"" OR TITLE_ABS:""topical"") AND NOT SRC:MED AND NOT SRC:PAT",6fd6c221859935351d10dbd28f05732ec5eca9abcebe83201f4cdad8466508d0,mwbl-ingredient-evidence-query-v1.1,2026-07-13T06:29:54+00:00,2026-07-13T06:29:56+00:00,0,0,50,0,0,complete,Y,Y,2026-07-13T06:29:56+00:00,success,1,0,,,https://www.ebi.ac.uk/europepmc/webservices/rest/search,relevance,approved_terms_only,N,200,2593,candidate_unverified,none,mwbl-ingredient-multisource-discovery-v1.1-fresh,7779d9ebab29447f8465881efcb23b09a0f2f3751f524d19b389205ce650f26d
europe_pmc:cholesterol:bde89f25ce6d250f,europe_pmc,331,cholesterol,콜레스테롤,Cholesterol,Cholesterol,"[{""alias_type"":"""",""origin"":""canonical_name_en"",""source"":""https://kcia.or.kr/cid/main/"",""term"":""Cholesterol""}]","(TITLE_ABS:""Cholesterol"") AND (TITLE_ABS:""skin"" OR TITLE_ABS:""topical"") AND NOT SRC:MED AND NOT SRC:PAT",bde89f25ce6d250f5722d5534897a9e51bbb2b4decbd074913338a00f8da16c6,mwbl-ingredient-evidence-query-v1.1,2026-07-13T06:29:55+00:00,2026-07-13T06:30:00+00:00,154,154,50,50,50,capped_at_retrieval_limit,N,N,2026-07-13T06:30:00+00:00,success,1,0,,,https://www.ebi.ac.uk/europepmc/webservices/rest/search,relevance,approved_terms_only,N,200,5229,candidate_unverified,none,mwbl-ingredient-multisource-discovery-v1.1-fresh,7779d9ebab29447f8465881efcb23b09a0f2f3751f524d19b389205ce650f26d
europe_pmc:hydroxyethyl_urea:77b9145f9d13dc7a,europe_pmc,332,hydroxyethyl_urea,하이드록시에틸우레아,Hydroxyethyl Urea,Hydroxyethyl Urea,"[{""alias_type"":"""",""origin"":""canonical_name_en"",""source"":""https://kcia.or.kr/cid/main/"",""term"":""Hydroxyethyl Urea""}]","(TITLE_ABS:""Hydroxyethyl Urea"") AND (TITLE_ABS:""skin"" OR TITLE_ABS:""topical"") AND NOT SRC:MED AND NOT SRC:PAT",77b9145f9d13dc7a99f236e84d81e731b9b8b6d71b49b8de5904324efc3f3b7e,mwbl-ingredient-evidence-query-v1.1,2026-07-13T06:29:56+00:00,2026-07-13T06:29:58+00:00,0,0,50,0,0,complete,Y,Y,2026-07-13T06:29:58+00:00,success,1,0,,,https://www.ebi.ac.uk/europepmc/webservices/rest/search,relevance,approved_terms_only,N,200,2116,candidate_unverified,none,mwbl-ingredient-multisource-discovery-v1.1-fresh,7779d9ebab29447f8465881efcb23b09a0f2f3751f524d19b389205ce650f26d
europe_pmc:coconut_acid:168177c504aee6e2,europe_pmc,333,coconut_acid,코코넛애씨드,Coconut Acid,Coconut Acid,"[{""alias_type"":"""",""origin"":""canonical_name_en"",""source"":""https://kcia.or.kr/cid/main/"",""term"":""Coconut Acid""}]","(TITLE_ABS:""Coconut Acid"") AND (TITLE_ABS:""skin"" OR TITLE_ABS:""topical"") AND NOT SRC:MED AND NOT SRC:PAT",168177c504aee6e224cdda2c08019e86116077e41b707e7c551f626ae9a66085,mwbl-ingredient-evidence-query-v1.1,2026-07-13T06:29:56+00:00,2026-07-13T06:29:58+00:00,0,0,50,0,0,complete,Y,Y,2026-07-13T06:29:58+00:00,success,1,0,,,https://www.ebi.ac.uk/europepmc/webservices/rest/search,relevance,approved_terms_only,N,200,2106,candidate_unverified,none,mwbl-ingredient-multisource-discovery-v1.1-fresh,7779d9ebab29447f8465881efcb23b09a0f2f3751f524d19b389205ce650f26d
europe_pmc:pentaerythrityl_tetraisostearate:9e4a0708589aa32a,europe_pmc,334,pentaerythrityl_tetraisostearate,펜타에리스리틸테트라아이소스테아레이트,Pentaerythrityl Tetraisostearate,Pentaerythrityl Tetraisostearate,"[{""alias_type"":"""",""origin"":""canonical_name_en"",""source"":""https://kcia.or.kr/cid/main/"",""term"":""Pentaerythrityl Tetraisostearate""}]","(TITLE_ABS:""Pentaerythrityl Tetraisostearate"") AND (TITLE_ABS:""skin"" OR TITLE_ABS:""topical"") AND NOT SRC:MED AND NOT SRC:PAT",9e4a0708589aa32a2f79e149bd4157f8546edcca80ec0d05f4200b4447ab1712,mwbl-ingredient-evidence-query-v1.1,2026-07-13T06:29:56+00:00,2026-07-13T06:30:00+00:00,0,0,50,0,0,complete,Y,Y,2026-07-13T06:30:00+00:00,success,1,0,,,https://www.ebi.ac.uk/europepmc/webservices/rest/search,relevance,approved_terms_only,N,200,4220,candidate_unverified,none,mwbl-ingredient-multisource-discovery-v1.1-fresh,7779d9ebab29447f8465881efcb23b09a0f2f3751f524d19b389205ce650f26d
europe_pmc:magnesium_stearate:3730440df7db8f22,europe_pmc,335,magnesium_stearate,마그네슘스테아레이트,Magnesium Stearate,Magnesium Stearate,"[{""alias_type"":"""",""origin"":""canonical_name_en"",""source"":""https://kcia.or.kr/cid/main/"",""term"":""Magnesium Stearate""}]","(TITLE_ABS:""Magnesium Stearate"") AND (TITLE_ABS:""skin"" OR TITLE_ABS:""topical"") AND NOT SRC:MED AND NOT SRC:PAT",3730440df7db8f223e564096e6a02a00b7bdc64fbebf2a1b3299e9a27e1ece0c,mwbl-ingredient-evidence-query-v1.1,2026-07-13T06:29:58+00:00,2026-07-13T06:30:00+00:00,0,0,50,0,0,complete,Y,Y,2026-07-13T06:30:00+00:00,success,1,0,,,https://www.ebi.ac.uk/europepmc/webservices/rest/search,relevance,approved_terms_only,N,200,2633,candidate_unverified,none,mwbl-ingredient-multisource-discovery-v1.1-fresh,7779d9ebab29447f8465881efcb23b09a0f2f3751f524d19b389205ce650f26d
europe_pmc:hydrogenated_vegetable_oil:d9466dada960e578,europe_pmc,336,hydrogenated_vegetable_oil,하이드로제네이티드식물성오일,Hydrogenated Vegetable Oil,Hydrogenated Vegetable Oil,"[{""alias_type"":"""",""origin"":""canonical_name_en"",""source"":""https://kcia.or.kr/cid/main/"",""term"":""Hydrogenated Vegetable Oil""}]","(TITLE_ABS:""Hydrogenated Vegetable Oil"") AND (TITLE_ABS:""skin"" OR TITLE_ABS:""topical"") AND NOT SRC:MED AND NOT SRC:PAT",d9466dada960e578788524dfbc90effe0766571d2bb35f8a063b8c9b47d746df,mwbl-ingredient-evidence-query-v1.1,2026-07-13T06:29:58+00:00,2026-07-13T06:30:00+00:00,0,0,50,0,0,complete,Y,Y,2026-07-13T06:30:00+00:00,success,1,0,,,https://www.ebi.ac.uk/europepmc/webservices/rest/search,relevance,approved_terms_only,N,200,2119,candidate_unverified,none,mwbl-ingredient-multisource-discovery-v1.1-fresh,7779d9ebab29447f8465881efcb23b09a0f2f3751f524d19b389205ce650f26d
europe_pmc:diethylamino_hydroxybenzoyl_hexyl_benzoate:33dbac118c719b2b,europe_pmc,337,diethylamino_hydroxybenzoyl_hexyl_benzoate,디에칠아미노하이드록시벤조일헥실벤조에이트,Diethylamino Hydroxybenzoyl Hexyl Benzoate,Diethylamino Hydroxybenzoyl Hexyl Benzoate,"[{""alias_type"":"""",""origin"":""canonical_name_en"",""source"":""https://kcia.or.kr/cid/main/"",""term"":""Diethylamino Hydroxybenzoyl Hexyl Benzoate""}]","(TITLE_ABS:""Diethylamino Hydroxybenzoyl Hexyl Benzoate"") AND (TITLE_ABS:""skin"" OR TITLE_ABS:""topical"") AND NOT SRC:MED AND NOT SRC:PAT",33dbac118c719b2b704df46e0dd1f03d68b6f858aa2fdec47965de106c481698,mwbl-ingredient-evidence-query-v1.1,2026-07-13T06:30:00+00:00,2026-07-13T06:30:02+00:00,2,2,50,2,2,complete,Y,Y,2026-07-13T06:30:02+00:00,success,1,0,,,https://www.ebi.ac.uk/europepmc/webservices/rest/search,relevance,approved_terms_only,N,200,2072,candidate_unverified,none,mwbl-ingredient-multisource-discovery-v1.1-fresh,7779d9ebab29447f8465881efcb23b09a0f2f3751f524d19b389205ce650f26d
europe_pmc:paraffin:d9f5b05ba9994a1d,europe_pmc,338,paraffin,파라핀,Paraffin,Paraffin,"[{""alias_type"":"""",""origin"":""canonical_name_en"",""source"":""https://kcia.or.kr/cid/main/"",""term"":""Paraffin""}]","(TITLE_ABS:""Paraffin"") AND (TITLE_ABS:""skin"" OR TITLE_ABS:""topical"") AND NOT SRC:MED AND NOT SRC:PAT",d9f5b05ba9994a1d67285f87e8054cb0a91818cfce8b6d12b627e76db8657664,mwbl-ingredient-evidence-query-v1.1,2026-07-13T06:30:00+00:00,2026-07-13T06:30:05+00:00,80,80,50,50,50,capped_at_retrieval_limit,N,N,2026-07-13T06:30:05+00:00,success,1,0,,,https://www.ebi.ac.uk/europepmc/webservices/rest/search,relevance,approved_terms_only,N,200,4720,candidate_unverified,none,mwbl-ingredient-multisource-discovery-v1.1-fresh,7779d9ebab29447f8465881efcb23b09a0f2f3751f524d19b389205ce650f26d
europe_pmc:isopropyl_palmitate:3b34b204b329f752,europe_pmc,339,isopropyl_palmitate,아이소프로필팔미테이트,Isopropyl Palmitate,Isopropyl Palmitate,"[{""alias_type"":"""",""origin"":""canonical_name_en"",""source"":""https://kcia.or.kr/cid/main/"",""term"":""Isopropyl Palmitate""}]","(TITLE_ABS:""Isopropyl Palmitate"") AND (TITLE_ABS:""skin"" OR TITLE_ABS:""topical"") AND NOT SRC:MED AND NOT SRC:PAT",3b34b204b329f7525e40a04df923d5925269c950f77bc5a4c52e2c0fcd8cf529,mwbl-ingredient-evidence-query-v1.1,2026-07-13T06:30:00+00:00,2026-07-13T06:30:03+00:00,0,0,50,0,0,complete,Y,Y,2026-07-13T06:30:03+00:00,success,1,0,,,https://www.ebi.ac.uk/europepmc/webservices/rest/search,relevance,approved_terms_only,N,200,2591,candidate_unverified,none,mwbl-ingredient-multisource-discovery-v1.1-fresh,7779d9ebab29447f8465881efcb23b09a0f2f3751f524d19b389205ce650f26d
europe_pmc:retinyl_palmitate:a8a8e252dbb27f19,europe_pmc,340,retinyl_palmitate,레티닐팔미테이트,Retinyl Palmitate,Retinyl Palmitate,"[{""alias_type"":"""",""origin"":""canonical_name_en"",""source"":""https://kcia.or.kr/cid/main/"",""term"":""Retinyl Palmitate""}]","(TITLE_ABS:""Retinyl Palmitate"") AND (TITLE_ABS:""skin"" OR TITLE_ABS:""topical"") AND NOT SRC:MED AND NOT SRC:PAT",a8a8e252dbb27f19169a00425284a5797d8c136cac558aa2ba2cb0e1d4dd6fe8,mwbl-ingredient-evidence-query-v1.1,2026-07-13T06:30:00+00:00,2026-07-13T06:30:04+00:00,2,2,50,2,2,complete,Y,Y,2026-07-13T06:30:04+00:00,success,1,0,,,https://www.ebi.ac.uk/europepmc/webservices/rest/search,relevance,approved_terms_only,N,200,3123,candidate_unverified,none,mwbl-ingredient-multisource-discovery-v1.1-fresh,7779d9ebab29447f8465881efcb23b09a0f2f3751f524d19b389205ce650f26d
europe_pmc:mannitol:f5c81edc57367988,europe_pmc,341,mannitol,만니톨,Mannitol,Mannitol,"[{""alias_type"":"""",""origin"":""canonical_name_en"",""source"":""https://kcia.or.kr/cid/main/"",""term"":""Mannitol""}]","(TITLE_ABS:""Mannitol"") AND (TITLE_ABS:""skin"" OR TITLE_ABS:""topical"") AND NOT SRC:MED AND NOT SRC:PAT",f5c81edc57367988a9c6169c22d9939da1bd3d1d253d344dc1bff67045df02ad,mwbl-ingredient-evidence-query-v1.1,2026-07-13T06:30:02+00:00,2026-07-13T06:30:06+00:00,19,19,50,19,19,complete,Y,Y,2026-07-13T06:30:06+00:00,success,1,0,,,https://www.ebi.ac.uk/europepmc/webservices/rest/search,relevance,approved_terms_only,N,200,3680,candidate_unverified,none,mwbl-ingredient-multisource-discovery-v1.1-fresh,7779d9ebab29447f8465881efcb23b09a0f2f3751f524d19b389205ce650f26d
europe_pmc:ocimum_sanctum_leaf_extract:39b95da21627f8d5,europe_pmc,342,ocimum_sanctum_leaf_extract,홀리바질잎추출물,Ocimum Sanctum Leaf Extract,Ocimum Sanctum Leaf Extract,"[{""alias_type"":"""",""origin"":""canonical_name_en"",""source"":""https://kcia.or.kr/cid/main/"",""term"":""Ocimum Sanctum Leaf Extract""}]","(TITLE_ABS:""Ocimum Sanctum Leaf Extract"") AND (TITLE_ABS:""skin"" OR TITLE_ABS:""topical"") AND NOT SRC:MED AND NOT SRC:PAT",39b95da21627f8d5627cf64ba9655a9e63370e80716c5f6386e7a8f34565b9b5,mwbl-ingredient-evidence-query-v1.1,2026-07-13T06:30:03+00:00,2026-07-13T06:30:05+00:00,0,0,50,0,0,complete,Y,Y,2026-07-13T06:30:05+00:00,success,1,0,,,https://www.ebi.ac.uk/europepmc/webservices/rest/search,relevance,approved_terms_only,N,200,2119,candidate_unverified,none,mwbl-ingredient-multisource-discovery-v1.1-fresh,7779d9ebab29447f8465881efcb23b09a0f2f3751f524d19b389205ce650f26d
europe_pmc:ethylhexyl_triazone:8d6c806bc4696c2d,europe_pmc,343,ethylhexyl_triazone,에칠헥실트리아존,Ethylhexyl Triazone,Ethylhexyl Triazone,"[{""alias_type"":"""",""origin"":""canonical_name_en"",""source"":""https://kcia.or.kr/cid/main/"",""term"":""Ethylhexyl Triazone""}]","(TITLE_ABS:""Ethylhexyl Triazone"") AND (TITLE_ABS:""skin"" OR TITLE_ABS:""topical"") AND NOT SRC:MED AND NOT SRC:PAT",8d6c806bc4696c2d8ea42a08934a167ca662247986eee01b04c32d03890beef4,mwbl-ingredient-evidence-query-v1.1,2026-07-13T06:30:04+00:00,2026-07-13T06:30:06+00:00,1,1,50,1,1,complete,Y,Y,2026-07-13T06:30:06+00:00,success,1,0,,,https://www.ebi.ac.uk/europepmc/webservices/rest/search,relevance,approved_terms_only,N,200,2646,candidate_unverified,none,mwbl-ingredient-multisource-discovery-v1.1-fresh,7779d9ebab29447f8465881efcb23b09a0f2f3751f524d19b389205ce650f26d
europe_pmc:sorbitan_stearate:1ad33e820d614123,europe_pmc,344,sorbitan_stearate,솔비탄스테아레이트,Sorbitan Stearate,Sorbitan Stearate,"[{""alias_type"":"""",""origin"":""canonical_name_en"",""source"":""https://kcia.or.kr/cid/main/"",""term"":""Sorbitan Stearate""}]","(TITLE_ABS:""Sorbitan Stearate"") AND (TITLE_ABS:""skin"" OR TITLE_ABS:""topical"") AND NOT SRC:MED AND NOT SRC:PAT",1ad33e820d6141230b21c266753ac6bd3251250363bbefbb313d71c3983aec4e,mwbl-ingredient-evidence-query-v1.1,2026-07-13T06:30:05+00:00,2026-07-13T06:30:08+00:00,0,0,50,0,0,complete,Y,Y,2026-07-13T06:30:08+00:00,success,1,0,,,https://www.ebi.ac.uk/europepmc/webservices/rest/search,relevance,approved_terms_only,N,200,2624,candidate_unverified,none,mwbl-ingredient-multisource-discovery-v1.1-fresh,7779d9ebab29447f8465881efcb23b09a0f2f3751f524d19b389205ce650f26d
europe_pmc:butylphenyl_methylpropional:3224158cf29b874a,europe_pmc,345,butylphenyl_methylpropional,부틸페닐메틸프로피오날,Butylphenyl Methylpropional,Butylphenyl Methylpropional,"[{""alias_type"":"""",""origin"":""canonical_name_en"",""source"":""https://kcia.or.kr/cid/main/"",""term"":""Butylphenyl Methylpropional""}]","(TITLE_ABS:""Butylphenyl Methylpropional"") AND (TITLE_ABS:""skin"" OR TITLE_ABS:""topical"") AND NOT SRC:MED AND NOT SRC:PAT",3224158cf29b874a2c9755f045e3a9a0b9e5d87a2d98701322d50a35563c3f40,mwbl-ingredient-evidence-query-v1.1,2026-07-13T06:30:05+00:00,2026-07-13T06:30:08+00:00,0,0,50,0,0,complete,Y,Y,2026-07-13T06:30:08+00:00,success,1,0,,,https://www.ebi.ac.uk/europepmc/webservices/rest/search,relevance,approved_terms_only,N,200,2619,candidate_unverified,none,mwbl-ingredient-multisource-discovery-v1.1-fresh,7779d9ebab29447f8465881efcb23b09a0f2f3751f524d19b389205ce650f26d
europe_pmc:hydrogen_dimethicone:dbd2bda948131143,europe_pmc,346,hydrogen_dimethicone,하이드로젠다이메티콘,Hydrogen Dimethicone,Hydrogen Dimethicone|Dimethicone/Methicone Copolymer,"[{""alias_type"":"""",""origin"":""canonical_name_en"",""source"":""https://kcia.or.kr/cid/main/"",""term"":""Hydrogen Dimethicone""},{""alias_type"":""synonym"",""origin"":""approved_alias"",""source"":""KCIA 표준화명칭목록 2026-06-30"",""term"":""Dimethicone/Methicone Copolymer""}]","(TITLE_ABS:""Hydrogen Dimethicone"" OR TITLE_ABS:""Dimethicone/Methicone Copolymer"") AND (TITLE_ABS:""skin"" OR TITLE_ABS:""topical"") AND NOT SRC:MED AND NOT SRC:PAT",dbd2bda9481311430e99bb773482525862d0e6fd56f6d6edee4a5698bef1687a,mwbl-ingredient-evidence-query-v1.1,2026-07-13T06:30:06+00:00,2026-07-13T06:30:08+00:00,0,0,50,0,0,complete,Y,Y,2026-07-13T06:30:08+00:00,success,1,0,,,https://www.ebi.ac.uk/europepmc/webservices/rest/search,relevance,approved_terms_only,N,200,2112,candidate_unverified,none,mwbl-ingredient-multisource-discovery-v1.1-fresh,7779d9ebab29447f8465881efcb23b09a0f2f3751f524d19b389205ce650f26d
europe_pmc:mentha_piperita_peppermint_oil:206c260c686dbdf5,europe_pmc,347,mentha_piperita_peppermint_oil,페퍼민트오일,Mentha Piperita (Peppermint) Oil,Mentha Piperita (Peppermint) Oil,"[{""alias_type"":"""",""origin"":""canonical_name_en"",""source"":""https://kcia.or.kr/cid/main/"",""term"":""Mentha Piperita (Peppermint) Oil""}]","(TITLE_ABS:""Mentha Piperita (Peppermint) Oil"") AND (TITLE_ABS:""skin"" OR TITLE_ABS:""topical"") AND NOT SRC:MED AND NOT SRC:PAT",206c260c686dbdf589e8666df12fd4a6820d76d8d220f2ff9091744ae7431585,mwbl-ingredient-evidence-query-v1.1,2026-07-13T06:30:06+00:00,2026-07-13T06:30:09+00:00,0,0,50,0,0,complete,Y,Y,2026-07-13T06:30:09+00:00,success,1,0,,,https://www.ebi.ac.uk/europepmc/webservices/rest/search,relevance,approved_terms_only,N,200,2601,candidate_unverified,none,mwbl-ingredient-multisource-discovery-v1.1-fresh,7779d9ebab29447f8465881efcb23b09a0f2f3751f524d19b389205ce650f26d
europe_pmc:magnesium_aluminum_silicate:5df70825bfbf2d20,europe_pmc,348,magnesium_aluminum_silicate,마그네슘알루미늄실리케이트,Magnesium Aluminum Silicate,Magnesium Aluminum Silicate,"[{""alias_type"":"""",""origin"":""canonical_name_en"",""source"":""https://kcia.or.kr/cid/main/"",""term"":""Magnesium Aluminum Silicate""}]","(TITLE_ABS:""Magnesium Aluminum Silicate"") AND (TITLE_ABS:""skin"" OR TITLE_ABS:""topical"") AND NOT SRC:MED AND NOT SRC:PAT",5df70825bfbf2d20c93bc8fe851066b3d33b11ef705ec784fae37fc65b6fd0a9,mwbl-ingredient-evidence-query-v1.1,2026-07-13T06:30:08+00:00,2026-07-13T06:30:10+00:00,0,0,50,0,0,complete,Y,Y,2026-07-13T06:30:10+00:00,success,1,0,,,https://www.ebi.ac.uk/europepmc/webservices/rest/search,relevance,approved_terms_only,N,200,2610,candidate_unverified,none,mwbl-ingredient-multisource-discovery-v1.1-fresh,7779d9ebab29447f8465881efcb23b09a0f2f3751f524d19b389205ce650f26d
europe_pmc:sodium_ascorbyl_phosphate:7936cd75cc4510bb,europe_pmc,349,sodium_ascorbyl_phosphate,소듐아스코빌포스페이트,Sodium Ascorbyl Phosphate,Sodium Ascorbyl Phosphate,"[{""alias_type"":"""",""origin"":""canonical_name_en"",""source"":""https://kcia.or.kr/cid/main/"",""term"":""Sodium Ascorbyl Phosphate""}]","(TITLE_ABS:""Sodium Ascorbyl Phosphate"") AND (TITLE_ABS:""skin"" OR TITLE_ABS:""topical"") AND NOT SRC:MED AND NOT SRC:PAT",7936cd75cc4510bba1d21bb149c4922dd9a3f959ad877b00da4274b9e78e293b,mwbl-ingredient-evidence-query-v1.1,2026-07-13T06:30:08+00:00,2026-07-13T06:30:11+00:00,0,0,50,0,0,complete,Y,Y,2026-07-13T06:30:11+00:00,success,1,0,,,https://www.ebi.ac.uk/europepmc/webservices/rest/search,relevance,approved_terms_only,N,200,3193,candidate_unverified,none,mwbl-ingredient-multisource-discovery-v1.1-fresh,7779d9ebab29447f8465881efcb23b09a0f2f3751f524d19b389205ce650f26d
europe_pmc:phytic_acid:527bb2cc76ac8afc,europe_pmc,350,phytic_acid,파이틱애씨드,Phytic Acid,Phytic Acid,"[{""alias_type"":"""",""origin"":""canonical_name_en"",""source"":""https://kcia.or.kr/cid/main/"",""term"":""Phytic Acid""}]","(TITLE_ABS:""Phytic Acid"") AND (TITLE_ABS:""skin"" OR TITLE_ABS:""topical"") AND NOT SRC:MED AND NOT SRC:PAT",527bb2cc76ac8afcebd9508bdd83681f0c1aa9925be4346fe193f1aa72ee4218,mwbl-ingredient-evidence-query-v1.1,2026-07-13T06:30:08+00:00,2026-07-13T06:30:11+00:00,5,5,50,5,5,complete,Y,Y,2026-07-13T06:30:11+00:00,success,1,0,,,https://www.ebi.ac.uk/europepmc/webservices/rest/search,relevance,approved_terms_only,N,200,3191,candidate_unverified,none,mwbl-ingredient-multisource-discovery-v1.1-fresh,7779d9ebab29447f8465881efcb23b09a0f2f3751f524d19b389205ce650f26d
europe_pmc:ulmus_davidiana_root_extract:da9380a8683897ba,europe_pmc,351,ulmus_davidiana_root_extract,당느릅나무뿌리추출물,Ulmus Davidiana Root Extract,Ulmus Davidiana Root Extract,"[{""alias_type"":"""",""origin"":""canonical_name_en"",""source"":""https://kcia.or.kr/cid/main/"",""term"":""Ulmus Davidiana Root Extract""}]","(TITLE_ABS:""Ulmus Davidiana Root Extract"") AND (TITLE_ABS:""skin"" OR TITLE_ABS:""topical"") AND NOT SRC:MED AND NOT SRC:PAT",da9380a8683897ba15fcd5a72d9f2ff70ab1ae7b4e87da8aeb8b8279236063ec,mwbl-ingredient-evidence-query-v1.1,2026-07-13T06:30:09+00:00,2026-07-13T06:30:11+00:00,0,0,50,0,0,complete,Y,Y,2026-07-13T06:30:11+00:00,success,1,0,,,https://www.ebi.ac.uk/europepmc/webservices/rest/search,relevance,approved_terms_only,N,200,2614,candidate_unverified,none,mwbl-ingredient-multisource-discovery-v1.1-fresh,7779d9ebab29447f8465881efcb23b09a0f2f3751f524d19b389205ce650f26d
europe_pmc:calendula_officinalis_flower_extract:b63c3d72c5d4d7ff,europe_pmc,352,calendula_officinalis_flower_extract,포트마리골드꽃추출물,Calendula Officinalis Flower Extract,Calendula Officinalis Flower Extract,"[{""alias_type"":"""",""origin"":""canonical_name_en"",""source"":""https://kcia.or.kr/cid/main/"",""term"":""Calendula Officinalis Flower Extract""}]","(TITLE_ABS:""Calendula Officinalis Flower Extract"") AND (TITLE_ABS:""skin"" OR TITLE_ABS:""topical"") AND NOT SRC:MED AND NOT SRC:PAT",b63c3d72c5d4d7fff9d0c93e2cadd53538e823734e504f889fd6f775bbb690b8,mwbl-ingredient-evidence-query-v1.1,2026-07-13T06:30:10+00:00,2026-07-13T06:30:13+00:00,0,0,50,0,0,complete,Y,Y,2026-07-13T06:30:13+00:00,success,1,0,,,https://www.ebi.ac.uk/europepmc/webservices/rest/search,relevance,approved_terms_only,N,200,2640,candidate_unverified,none,mwbl-ingredient-multisource-discovery-v1.1-fresh,7779d9ebab29447f8465881efcb23b09a0f2f3751f524d19b389205ce650f26d
europe_pmc:theobroma_cacao_cocoa_seed_butter:c30bf8e87a7e3f07,europe_pmc,353,theobroma_cacao_cocoa_seed_butter,카카오씨버터,Theobroma Cacao (Cocoa) Seed Butter,Theobroma Cacao (Cocoa) Seed Butter|Cocoa butter,"[{""alias_type"":"""",""origin"":""canonical_name_en"",""source"":""https://kcia.or.kr/cid/main/"",""term"":""Theobroma Cacao (Cocoa) Seed Butter""},{""alias_type"":""synonym"",""origin"":""approved_alias"",""source"":""KCIA 표준화명칭목록 2026-06-30"",""term"":""Cocoa butter""}]","(TITLE_ABS:""Theobroma Cacao (Cocoa) Seed Butter"" OR TITLE_ABS:""Cocoa butter"") AND (TITLE_ABS:""skin"" OR TITLE_ABS:""topical"") AND NOT SRC:MED AND NOT SRC:PAT",c30bf8e87a7e3f0785b218b3b0d5955eed32b2c4b5cf86f9165b1b52843ba7df,mwbl-ingredient-evidence-query-v1.1,2026-07-13T06:30:11+00:00,2026-07-13T06:30:13+00:00,6,6,50,6,6,complete,Y,Y,2026-07-13T06:30:13+00:00,success,1,0,,,https://www.ebi.ac.uk/europepmc/webservices/rest/search,relevance,approved_terms_only,N,200,2064,candidate_unverified,none,mwbl-ingredient-multisource-discovery-v1.1-fresh,7779d9ebab29447f8465881efcb23b09a0f2f3751f524d19b389205ce650f26d
europe_pmc:polymethyl_methacrylate:c177c7a4e7278fd6,europe_pmc,354,polymethyl_methacrylate,폴리메틸메타크릴레이트,Polymethyl Methacrylate,Polymethyl Methacrylate,"[{""alias_type"":"""",""origin"":""canonical_name_en"",""source"":""https://kcia.or.kr/cid/main/"",""term"":""Polymethyl Methacrylate""}]","(TITLE_ABS:""Polymethyl Methacrylate"") AND (TITLE_ABS:""skin"" OR TITLE_ABS:""topical"") AND NOT SRC:MED AND NOT SRC:PAT",c177c7a4e7278fd67c25ef7f7f52ba00201c666e0793d5721ef34bcd02c46e51,mwbl-ingredient-evidence-query-v1.1,2026-07-13T06:30:11+00:00,2026-07-13T06:30:17+00:00,4,4,50,4,4,complete,Y,Y,2026-07-13T06:30:17+00:00,success,1,0,,,https://www.ebi.ac.uk/europepmc/webservices/rest/search,relevance,approved_terms_only,N,200,6296,candidate_unverified,none,mwbl-ingredient-multisource-discovery-v1.1-fresh,7779d9ebab29447f8465881efcb23b09a0f2f3751f524d19b389205ce650f26d
europe_pmc:hexyl_laurate:6a0b118f871789eb,europe_pmc,355,hexyl_laurate,헥실라우레이트,Hexyl Laurate,Hexyl Laurate,"[{""alias_type"":"""",""origin"":""canonical_name_en"",""source"":""https://kcia.or.kr/cid/main/"",""term"":""Hexyl Laurate""}]","(TITLE_ABS:""Hexyl Laurate"") AND (TITLE_ABS:""skin"" OR TITLE_ABS:""topical"") AND NOT SRC:MED AND NOT SRC:PAT",6a0b118f871789eb1da32efa2bef80c5bca755c52456fe2a3f57ffbc51950b64,mwbl-ingredient-evidence-query-v1.1,2026-07-13T06:30:11+00:00,2026-07-13T06:30:14+00:00,0,0,50,0,0,complete,Y,Y,2026-07-13T06:30:14+00:00,success,1,0,,,https://www.ebi.ac.uk/europepmc/webservices/rest/search,relevance,approved_terms_only,N,200,2638,candidate_unverified,none,mwbl-ingredient-multisource-discovery-v1.1-fresh,7779d9ebab29447f8465881efcb23b09a0f2f3751f524d19b389205ce650f26d
europe_pmc:houttuynia_cordata_extract:b910d85c8108a3d0,europe_pmc,356,houttuynia_cordata_extract,약모밀추출물,Houttuynia Cordata Extract,Houttuynia Cordata Extract,"[{""alias_type"":"""",""origin"":""canonical_name_en"",""source"":""https://kcia.or.kr/cid/main/"",""term"":""Houttuynia Cordata Extract""}]","(TITLE_ABS:""Houttuynia Cordata Extract"") AND (TITLE_ABS:""skin"" OR TITLE_ABS:""topical"") AND NOT SRC:MED AND NOT SRC:PAT",b910d85c8108a3d0ffb48efdbfc141f1fa143799c0917427305cde7d89b15317,mwbl-ingredient-evidence-query-v1.1,2026-07-13T06:30:13+00:00,2026-07-13T06:30:16+00:00,0,0,50,0,0,complete,Y,Y,2026-07-13T06:30:16+00:00,success,1,0,,,https://www.ebi.ac.uk/europepmc/webservices/rest/search,relevance,approved_terms_only,N,200,2605,candidate_unverified,none,mwbl-ingredient-multisource-discovery-v1.1-fresh,7779d9ebab29447f8465881efcb23b09a0f2f3751f524d19b389205ce650f26d
europe_pmc:glyceryl_acrylate_acrylic_acid_copolymer:f5b917e960101f22,europe_pmc,357,glyceryl_acrylate_acrylic_acid_copolymer,글리세릴아크릴레이트/아크릴릭애씨드코폴리머,Glyceryl Acrylate/Acrylic Acid Copolymer,Glyceryl Acrylate/Acrylic Acid Copolymer,"[{""alias_type"":"""",""origin"":""canonical_name_en"",""source"":""https://kcia.or.kr/cid/main/"",""term"":""Glyceryl Acrylate/Acrylic Acid Copolymer""}]","(TITLE_ABS:""Glyceryl Acrylate/Acrylic Acid Copolymer"") AND (TITLE_ABS:""skin"" OR TITLE_ABS:""topical"") AND NOT SRC:MED AND NOT SRC:PAT",f5b917e960101f22b15d4895016c0e878cc99d3c902993e9b3d96c51175d894a,mwbl-ingredient-evidence-query-v1.1,2026-07-13T06:30:13+00:00,2026-07-13T06:30:16+00:00,0,0,50,0,0,complete,Y,Y,2026-07-13T06:30:16+00:00,success,1,0,,,https://www.ebi.ac.uk/europepmc/webservices/rest/search,relevance,approved_terms_only,N,200,3123,candidate_unverified,none,mwbl-ingredient-multisource-discovery-v1.1-fresh,7779d9ebab29447f8465881efcb23b09a0f2f3751f524d19b389205ce650f26d
europe_pmc:phytosterols:06aff394a35b3ba8,europe_pmc,358,phytosterols,피토스테롤,Phytosterols,Phytosterols,"[{""alias_type"":"""",""origin"":""canonical_name_en"",""source"":""https://kcia.or.kr/cid/main/"",""term"":""Phytosterols""}]","(TITLE_ABS:""Phytosterols"") AND (TITLE_ABS:""skin"" OR TITLE_ABS:""topical"") AND NOT SRC:MED AND NOT SRC:PAT",06aff394a35b3ba89076f51f4a9544e8816aecc27209a54687daa3a16a77489e,mwbl-ingredient-evidence-query-v1.1,2026-07-13T06:30:14+00:00,2026-07-13T06:30:18+00:00,18,18,50,18,18,complete,Y,Y,2026-07-13T06:30:18+00:00,success,1,0,,,https://www.ebi.ac.uk/europepmc/webservices/rest/search,relevance,approved_terms_only,N,200,3682,candidate_unverified,none,mwbl-ingredient-multisource-discovery-v1.1-fresh,7779d9ebab29447f8465881efcb23b09a0f2f3751f524d19b389205ce650f26d
europe_pmc:portulaca_oleracea_extract:fe018682e8c8128f,europe_pmc,359,portulaca_oleracea_extract,쇠비름추출물,Portulaca Oleracea Extract,Portulaca Oleracea Extract,"[{""alias_type"":"""",""origin"":""canonical_name_en"",""source"":""https://kcia.or.kr/cid/main/"",""term"":""Portulaca Oleracea Extract""}]","(TITLE_ABS:""Portulaca Oleracea Extract"") AND (TITLE_ABS:""skin"" OR TITLE_ABS:""topical"") AND NOT SRC:MED AND NOT SRC:PAT",fe018682e8c8128fb761dc6c50619a4a62bdc8f9139a29e4bfc764d3afa00591,mwbl-ingredient-evidence-query-v1.1,2026-07-13T06:30:16+00:00,2026-07-13T06:30:18+00:00,0,0,50,0,0,complete,Y,Y,2026-07-13T06:30:18+00:00,success,1,0,,,https://www.ebi.ac.uk/europepmc/webservices/rest/search,relevance,approved_terms_only,N,200,2120,candidate_unverified,none,mwbl-ingredient-multisource-discovery-v1.1-fresh,7779d9ebab29447f8465881efcb23b09a0f2f3751f524d19b389205ce650f26d
europe_pmc:caramel:6698bd73049636bb,europe_pmc,360,caramel,카라멜,Caramel,Caramel,"[{""alias_type"":"""",""origin"":""canonical_name_en"",""source"":""https://kcia.or.kr/cid/main/"",""term"":""Caramel""}]","(TITLE_ABS:""Caramel"") AND (TITLE_ABS:""skin"" OR TITLE_ABS:""topical"") AND NOT SRC:MED AND NOT SRC:PAT",6698bd73049636bb74bf434140f3f4b889c5fccb40b4661dcb54cf119753fa04,mwbl-ingredient-evidence-query-v1.1,2026-07-13T06:30:16+00:00,2026-07-13T06:30:19+00:00,2,2,50,2,2,complete,Y,Y,2026-07-13T06:30:19+00:00,success,1,0,,,https://www.ebi.ac.uk/europepmc/webservices/rest/search,relevance,approved_terms_only,N,200,2612,candidate_unverified,none,mwbl-ingredient-multisource-discovery-v1.1-fresh,7779d9ebab29447f8465881efcb23b09a0f2f3751f524d19b389205ce650f26d
europe_pmc:farnesol:2667eab6d0208fca,europe_pmc,361,farnesol,파네솔,Farnesol,Farnesol,"[{""alias_type"":"""",""origin"":""canonical_name_en"",""source"":""https://kcia.or.kr/cid/main/"",""term"":""Farnesol""}]","(TITLE_ABS:""Farnesol"") AND (TITLE_ABS:""skin"" OR TITLE_ABS:""topical"") AND NOT SRC:MED AND NOT SRC:PAT",2667eab6d0208fca5ca5d33bc64bb2ea12f0acffa7b1ecd6e4bad963ae927be6,mwbl-ingredient-evidence-query-v1.1,2026-07-13T06:30:17+00:00,2026-07-13T06:30:20+00:00,3,3,50,3,3,complete,Y,Y,2026-07-13T06:30:20+00:00,success,1,0,,,https://www.ebi.ac.uk/europepmc/webservices/rest/search,relevance,approved_terms_only,N,200,2580,candidate_unverified,none,mwbl-ingredient-multisource-discovery-v1.1-fresh,7779d9ebab29447f8465881efcb23b09a0f2f3751f524d19b389205ce650f26d
europe_pmc:potassium_chloride:d8e794442d5c1ff8,europe_pmc,362,potassium_chloride,포타슘클로라이드,Potassium Chloride,Potassium Chloride,"[{""alias_type"":"""",""origin"":""canonical_name_en"",""source"":""https://kcia.or.kr/cid/main/"",""term"":""Potassium Chloride""}]","(TITLE_ABS:""Potassium Chloride"") AND (TITLE_ABS:""skin"" OR TITLE_ABS:""topical"") AND NOT SRC:MED AND NOT SRC:PAT",d8e794442d5c1ff87d9c65a120a60ee253a29183df2f550d103875ed5dcdcb43,mwbl-ingredient-evidence-query-v1.1,2026-07-13T06:30:18+00:00,2026-07-13T06:30:21+00:00,7,7,50,7,7,complete,Y,Y,2026-07-13T06:30:21+00:00,success,1,0,,,https://www.ebi.ac.uk/europepmc/webservices/rest/search,relevance,approved_terms_only,N,200,3126,candidate_unverified,none,mwbl-ingredient-multisource-discovery-v1.1-fresh,7779d9ebab29447f8465881efcb23b09a0f2f3751f524d19b389205ce650f26d
europe_pmc:sodium_c14_16_olefin_sulfonate:005c8d5ac1ec9d6b,europe_pmc,363,sodium_c14_16_olefin_sulfonate,소듐C14-16올레핀설포네이트,Sodium C14-16 Olefin Sulfonate,Sodium C14-16 Olefin Sulfonate,"[{""alias_type"":"""",""origin"":""canonical_name_en"",""source"":""https://kcia.or.kr/cid/main/"",""term"":""Sodium C14-16 Olefin Sulfonate""}]","(TITLE_ABS:""Sodium C14-16 Olefin Sulfonate"") AND (TITLE_ABS:""skin"" OR TITLE_ABS:""topical"") AND NOT SRC:MED AND NOT SRC:PAT",005c8d5ac1ec9d6b934bd12c51b27cee35e9192cd27bf93643a22210408d5095,mwbl-ingredient-evidence-query-v1.1,2026-07-13T06:30:18+00:00,2026-07-13T06:30:21+00:00,0,0,50,0,0,complete,Y,Y,2026-07-13T06:30:21+00:00,success,1,0,,,https://www.ebi.ac.uk/europepmc/webservices/rest/search,relevance,approved_terms_only,N,200,3124,candidate_unverified,none,mwbl-ingredient-multisource-discovery-v1.1-fresh,7779d9ebab29447f8465881efcb23b09a0f2f3751f524d19b389205ce650f26d
europe_pmc:citrus_limon_lemon_fruit_extract:9ab877d855000a8d,europe_pmc,364,citrus_limon_lemon_fruit_extract,레몬추출물,Citrus Limon (Lemon) Fruit Extract,Citrus Limon (Lemon) Fruit Extract|Citrus Medica Limonum (Lemon) Fruit Extract,"[{""alias_type"":"""",""origin"":""canonical_name_en"",""source"":""https://kcia.or.kr/cid/main/"",""term"":""Citrus Limon (Lemon) Fruit Extract""},{""alias_type"":""synonym"",""origin"":""approved_alias"",""source"":""KCIA 표준화명칭목록 2026-06-30"",""term"":""Citrus Medica Limonum (Lemon) Fruit Extract""}]","(TITLE_ABS:""Citrus Limon (Lemon) Fruit Extract"" OR TITLE_ABS:""Citrus Medica Limonum (Lemon) Fruit Extract"") AND (TITLE_ABS:""skin"" OR TITLE_ABS:""topical"") AND NOT SRC:MED AND NOT SRC:PAT",9ab877d855000a8df0b845b6a5491ec4815d0f1b7a38d1238870d440e46f2b01,mwbl-ingredient-evidence-query-v1.1,2026-07-13T06:30:19+00:00,2026-07-13T06:30:21+00:00,0,0,50,0,0,complete,Y,Y,2026-07-13T06:30:21+00:00,success,1,0,,,https://www.ebi.ac.uk/europepmc/webservices/rest/search,relevance,approved_terms_only,N,200,2106,candidate_unverified,none,mwbl-ingredient-multisource-discovery-v1.1-fresh,7779d9ebab29447f8465881efcb23b09a0f2f3751f524d19b389205ce650f26d
europe_pmc:capryloyl_salicylic_acid:214c3d896b48e7db,europe_pmc,365,capryloyl_salicylic_acid,카프릴로일살리실릭애씨드,Capryloyl Salicylic Acid,Capryloyl Salicylic Acid,"[{""alias_type"":"""",""origin"":""canonical_name_en"",""source"":""https://kcia.or.kr/cid/main/"",""term"":""Capryloyl Salicylic Acid""}]","(TITLE_ABS:""Capryloyl Salicylic Acid"") AND (TITLE_ABS:""skin"" OR TITLE_ABS:""topical"") AND NOT SRC:MED AND NOT SRC:PAT",214c3d896b48e7dbb97509edb3283f21c953a0065fdd18f0afeca3a98139cee9,mwbl-ingredient-evidence-query-v1.1,2026-07-13T06:30:20+00:00,2026-07-13T06:30:22+00:00,0,0,50,0,0,complete,Y,Y,2026-07-13T06:30:22+00:00,success,1,0,,,https://www.ebi.ac.uk/europepmc/webservices/rest/search,relevance,approved_terms_only,N,200,2636,candidate_unverified,none,mwbl-ingredient-multisource-discovery-v1.1-fresh,7779d9ebab29447f8465881efcb23b09a0f2f3751f524d19b389205ce650f26d
europe_pmc:polyglyceryl_6_polyricinoleate:f4f32ae8670d07d3,europe_pmc,366,polyglyceryl_6_polyricinoleate,폴리글리세릴-6폴리리시놀리에이트,Polyglyceryl-6 Polyricinoleate,Polyglyceryl-6 Polyricinoleate,"[{""alias_type"":"""",""origin"":""canonical_name_en"",""source"":""https://kcia.or.kr/cid/main/"",""term"":""Polyglyceryl-6 Polyricinoleate""}]","(TITLE_ABS:""Polyglyceryl-6 Polyricinoleate"") AND (TITLE_ABS:""skin"" OR TITLE_ABS:""topical"") AND NOT SRC:MED AND NOT SRC:PAT",f4f32ae8670d07d36bb6ddb9f106106aeb52f95135c0bcbe602ec3eaa353a0aa,mwbl-ingredient-evidence-query-v1.1,2026-07-13T06:30:21+00:00,2026-07-13T06:30:23+00:00,0,0,50,0,0,complete,Y,Y,2026-07-13T06:30:23+00:00,success,1,0,,,https://www.ebi.ac.uk/europepmc/webservices/rest/search,relevance,approved_terms_only,N,200,2630,candidate_unverified,none,mwbl-ingredient-multisource-discovery-v1.1-fresh,7779d9ebab29447f8465881efcb23b09a0f2f3751f524d19b389205ce650f26d
europe_pmc:eucalyptus_globulus_leaf_oil:ae378bc5f99aa5bd,europe_pmc,367,eucalyptus_globulus_leaf_oil,유칼립투스잎오일,Eucalyptus Globulus Leaf Oil,Eucalyptus Globulus Leaf Oil,"[{""alias_type"":"""",""origin"":""canonical_name_en"",""source"":""https://kcia.or.kr/cid/main/"",""term"":""Eucalyptus Globulus Leaf Oil""}]","(TITLE_ABS:""Eucalyptus Globulus Leaf Oil"") AND (TITLE_ABS:""skin"" OR TITLE_ABS:""topical"") AND NOT SRC:MED AND NOT SRC:PAT",ae378bc5f99aa5bd86567d50e68cb6314de40920179c0c00169596ae0d378fb0,mwbl-ingredient-evidence-query-v1.1,2026-07-13T06:30:21+00:00,2026-07-13T06:30:24+00:00,0,0,50,0,0,complete,Y,Y,2026-07-13T06:30:24+00:00,success,1,0,,,https://www.ebi.ac.uk/europepmc/webservices/rest/search,relevance,approved_terms_only,N,200,3150,candidate_unverified,none,mwbl-ingredient-multisource-discovery-v1.1-fresh,7779d9ebab29447f8465881efcb23b09a0f2f3751f524d19b389205ce650f26d
europe_pmc:cyanocobalamin:2eb00af172cdba95,europe_pmc,368,cyanocobalamin,사이아노코발아민,Cyanocobalamin,Cyanocobalamin,"[{""alias_type"":"""",""origin"":""canonical_name_en"",""source"":""https://kcia.or.kr/cid/main/"",""term"":""Cyanocobalamin""}]","(TITLE_ABS:""Cyanocobalamin"") AND (TITLE_ABS:""skin"" OR TITLE_ABS:""topical"") AND NOT SRC:MED AND NOT SRC:PAT",2eb00af172cdba95a379d320edd0972e84085104cd7986071e1c40483cbc6e1f,mwbl-ingredient-evidence-query-v1.1,2026-07-13T06:30:21+00:00,2026-07-13T06:30:24+00:00,6,6,50,6,6,complete,Y,Y,2026-07-13T06:30:24+00:00,success,1,0,,,https://www.ebi.ac.uk/europepmc/webservices/rest/search,relevance,approved_terms_only,N,200,3213,candidate_unverified,none,mwbl-ingredient-multisource-discovery-v1.1-fresh,7779d9ebab29447f8465881efcb23b09a0f2f3751f524d19b389205ce650f26d
europe_pmc:dicaprylyl_ether:5970b02a22fd9e3a,europe_pmc,369,dicaprylyl_ether,다이카프릴릴에터,Dicaprylyl Ether,Dicaprylyl Ether,"[{""alias_type"":"""",""origin"":""canonical_name_en"",""source"":""https://kcia.or.kr/cid/main/"",""term"":""Dicaprylyl Ether""}]","(TITLE_ABS:""Dicaprylyl Ether"") AND (TITLE_ABS:""skin"" OR TITLE_ABS:""topical"") AND NOT SRC:MED AND NOT SRC:PAT",5970b02a22fd9e3ab70fde291bdfc9023aad6140e0246ece15b59aa5ceb75b85,mwbl-ingredient-evidence-query-v1.1,2026-07-13T06:30:22+00:00,2026-07-13T06:30:25+00:00,0,0,50,0,0,complete,Y,Y,2026-07-13T06:30:25+00:00,success,1,0,,,https://www.ebi.ac.uk/europepmc/webservices/rest/search,relevance,approved_terms_only,N,200,2592,candidate_unverified,none,mwbl-ingredient-multisource-discovery-v1.1-fresh,7779d9ebab29447f8465881efcb23b09a0f2f3751f524d19b389205ce650f26d
europe_pmc:peg_60_hydrogenated_castor_oil:50a53e3beecc251e,europe_pmc,370,peg_60_hydrogenated_castor_oil,피이지-60하이드로제네이티드캐스터오일,PEG-60 Hydrogenated Castor Oil,PEG-60 Hydrogenated Castor Oil,"[{""alias_type"":"""",""origin"":""canonical_name_en"",""source"":""https://kcia.or.kr/cid/main/"",""term"":""PEG-60 Hydrogenated Castor Oil""}]","(TITLE_ABS:""PEG-60 Hydrogenated Castor Oil"") AND (TITLE_ABS:""skin"" OR TITLE_ABS:""topical"") AND NOT SRC:MED AND NOT SRC:PAT",50a53e3beecc251e4e168d8ab7c083b93c5003d772da637e3b44401394e4b042,mwbl-ingredient-evidence-query-v1.1,2026-07-13T06:30:23+00:00,2026-07-13T06:30:26+00:00,0,0,50,0,0,complete,Y,Y,2026-07-13T06:30:26+00:00,success,1,0,,,https://www.ebi.ac.uk/europepmc/webservices/rest/search,relevance,approved_terms_only,N,200,2615,candidate_unverified,none,mwbl-ingredient-multisource-discovery-v1.1-fresh,7779d9ebab29447f8465881efcb23b09a0f2f3751f524d19b389205ce650f26d
europe_pmc:sodium_polyacryloyldimethyl_taurate:2f2c0c93ba9bccf9,europe_pmc,371,sodium_polyacryloyldimethyl_taurate,소듐폴리아크릴로일다이메틸타우레이트,Sodium Polyacryloyldimethyl Taurate,Sodium Polyacryloyldimethyl Taurate,"[{""alias_type"":"""",""origin"":""canonical_name_en"",""source"":""https://kcia.or.kr/cid/main/"",""term"":""Sodium Polyacryloyldimethyl Taurate""}]","(TITLE_ABS:""Sodium Polyacryloyldimethyl Taurate"") AND (TITLE_ABS:""skin"" OR TITLE_ABS:""topical"") AND NOT SRC:MED AND NOT SRC:PAT",2f2c0c93ba9bccf9e44ada38cd233d1ed6a42720470021fa5ad94c51ac00ed68,mwbl-ingredient-evidence-query-v1.1,2026-07-13T06:30:24+00:00,2026-07-13T06:30:27+00:00,0,0,50,0,0,complete,Y,Y,2026-07-13T06:30:27+00:00,success,1,0,,,https://www.ebi.ac.uk/europepmc/webservices/rest/search,relevance,approved_terms_only,N,200,2614,candidate_unverified,none,mwbl-ingredient-multisource-discovery-v1.1-fresh,7779d9ebab29447f8465881efcb23b09a0f2f3751f524d19b389205ce650f26d
europe_pmc:sodium_dna:0bcbe5350f556255,europe_pmc,372,sodium_dna,소듐디엔에이,Sodium DNA,Sodium DNA,"[{""alias_type"":"""",""origin"":""canonical_name_en"",""source"":""https://kcia.or.kr/cid/main/"",""term"":""Sodium DNA""}]","(TITLE_ABS:""Sodium DNA"") AND (TITLE_ABS:""skin"" OR TITLE_ABS:""topical"") AND NOT SRC:MED AND NOT SRC:PAT",0bcbe5350f556255c8388101339f480eaadafe57cdf6ac6c69cccf69371b3b05,mwbl-ingredient-evidence-query-v1.1,2026-07-13T06:30:24+00:00,2026-07-13T06:30:27+00:00,0,0,50,0,0,complete,Y,Y,2026-07-13T06:30:27+00:00,success,1,0,,,https://www.ebi.ac.uk/europepmc/webservices/rest/search,relevance,approved_terms_only,N,200,2551,candidate_unverified,none,mwbl-ingredient-multisource-discovery-v1.1-fresh,7779d9ebab29447f8465881efcb23b09a0f2f3751f524d19b389205ce650f26d
europe_pmc:pullulan:63418449a8e8ca17,europe_pmc,373,pullulan,풀루란,Pullulan,Pullulan,"[{""alias_type"":"""",""origin"":""canonical_name_en"",""source"":""https://kcia.or.kr/cid/main/"",""term"":""Pullulan""}]","(TITLE_ABS:""Pullulan"") AND (TITLE_ABS:""skin"" OR TITLE_ABS:""topical"") AND NOT SRC:MED AND NOT SRC:PAT",63418449a8e8ca1736adb316a59a6480ce15752593eb32764ba939d942ee576e,mwbl-ingredient-evidence-query-v1.1,2026-07-13T06:30:25+00:00,2026-07-13T06:30:28+00:00,15,15,50,15,15,complete,Y,Y,2026-07-13T06:30:28+00:00,success,1,0,,,https://www.ebi.ac.uk/europepmc/webservices/rest/search,relevance,approved_terms_only,N,200,3147,candidate_unverified,none,mwbl-ingredient-multisource-discovery-v1.1-fresh,7779d9ebab29447f8465881efcb23b09a0f2f3751f524d19b389205ce650f26d
europe_pmc:algin:9901eb9d8267c815,europe_pmc,374,algin,알진,Algin,Algin,"[{""alias_type"":"""",""origin"":""canonical_name_en"",""source"":""https://kcia.or.kr/cid/main/"",""term"":""Algin""}]","(TITLE_ABS:""Algin"") AND (TITLE_ABS:""skin"" OR TITLE_ABS:""topical"") AND NOT SRC:MED AND NOT SRC:PAT",9901eb9d8267c81582b474b4ddaefb0393823f719d214a34cc72fc006e627063,mwbl-ingredient-evidence-query-v1.1,2026-07-13T06:30:26+00:00,2026-07-13T06:30:28+00:00,0,0,50,0,0,complete,Y,Y,2026-07-13T06:30:28+00:00,success,1,0,,,https://www.ebi.ac.uk/europepmc/webservices/rest/search,relevance,approved_terms_only,N,200,2102,candidate_unverified,none,mwbl-ingredient-multisource-discovery-v1.1-fresh,7779d9ebab29447f8465881efcb23b09a0f2f3751f524d19b389205ce650f26d
europe_pmc:zea_mays_corn_starch:b662936dc0379424,europe_pmc,375,zea_mays_corn_starch,옥수수전분,Zea Mays (Corn) Starch,Zea Mays (Corn) Starch,"[{""alias_type"":"""",""origin"":""canonical_name_en"",""source"":""https://kcia.or.kr/cid/main/"",""term"":""Zea Mays (Corn) Starch""}]","(TITLE_ABS:""Zea Mays (Corn) Starch"") AND (TITLE_ABS:""skin"" OR TITLE_ABS:""topical"") AND NOT SRC:MED AND NOT SRC:PAT",b662936dc03794244645772533295bb1f8c9275b8b6e3ba25c38bd3ab8ffae8a,mwbl-ingredient-evidence-query-v1.1,2026-07-13T06:30:27+00:00,2026-07-13T06:30:29+00:00,0,0,50,0,0,complete,Y,Y,2026-07-13T06:30:29+00:00,success,1,0,,,https://www.ebi.ac.uk/europepmc/webservices/rest/search,relevance,approved_terms_only,N,200,2603,candidate_unverified,none,mwbl-ingredient-multisource-discovery-v1.1-fresh,7779d9ebab29447f8465881efcb23b09a0f2f3751f524d19b389205ce650f26d
europe_pmc:microcrystalline_cellulose:6f5df427ffaffc7c,europe_pmc,376,microcrystalline_cellulose,마이크로크리스탈린셀룰로오스,Microcrystalline Cellulose,Microcrystalline Cellulose,"[{""alias_type"":"""",""origin"":""canonical_name_en"",""source"":""https://kcia.or.kr/cid/main/"",""term"":""Microcrystalline Cellulose""}]","(TITLE_ABS:""Microcrystalline Cellulose"") AND (TITLE_ABS:""skin"" OR TITLE_ABS:""topical"") AND NOT SRC:MED AND NOT SRC:PAT",6f5df427ffaffc7c9326781200f71bb12bd20d178b86c4503de584cadfebb1e4,mwbl-ingredient-evidence-query-v1.1,2026-07-13T06:30:27+00:00,2026-07-13T06:30:30+00:00,1,1,50,1,1,complete,Y,Y,2026-07-13T06:30:30+00:00,success,1,0,,,https://www.ebi.ac.uk/europepmc/webservices/rest/search,relevance,approved_terms_only,N,200,3134,candidate_unverified,none,mwbl-ingredient-multisource-discovery-v1.1-fresh,7779d9ebab29447f8465881efcb23b09a0f2f3751f524d19b389205ce650f26d
europe_pmc:biosaccharide_gum_1:7d013540356daa39,europe_pmc,377,biosaccharide_gum_1,바이오사카라이드검-1,Biosaccharide Gum-1,Biosaccharide Gum-1,"[{""alias_type"":"""",""origin"":""canonical_name_en"",""source"":""https://kcia.or.kr/cid/main/"",""term"":""Biosaccharide Gum-1""}]","(TITLE_ABS:""Biosaccharide Gum-1"") AND (TITLE_ABS:""skin"" OR TITLE_ABS:""topical"") AND NOT SRC:MED AND NOT SRC:PAT",7d013540356daa39504706ce4329b353e9019e042408e66a32c62041a3e33eaa,mwbl-ingredient-evidence-query-v1.1,2026-07-13T06:30:28+00:00,2026-07-13T06:30:31+00:00,0,0,50,0,0,complete,Y,Y,2026-07-13T06:30:31+00:00,success,1,0,,,https://www.ebi.ac.uk/europepmc/webservices/rest/search,relevance,approved_terms_only,N,200,2631,candidate_unverified,none,mwbl-ingredient-multisource-discovery-v1.1-fresh,7779d9ebab29447f8465881efcb23b09a0f2f3751f524d19b389205ce650f26d
europe_pmc:gardenia_florida_fruit_extract:7656526b8963f2b5,europe_pmc,378,gardenia_florida_fruit_extract,치자추출물,Gardenia Florida Fruit Extract,Gardenia Florida Fruit Extract,"[{""alias_type"":"""",""origin"":""canonical_name_en"",""source"":""https://kcia.or.kr/cid/main/"",""term"":""Gardenia Florida Fruit Extract""}]","(TITLE_ABS:""Gardenia Florida Fruit Extract"") AND (TITLE_ABS:""skin"" OR TITLE_ABS:""topical"") AND NOT SRC:MED AND NOT SRC:PAT",7656526b8963f2b51fbacabc5b7798ef4369e9b76039e7d0ceb60f24ef6f4b37,mwbl-ingredient-evidence-query-v1.1,2026-07-13T06:30:28+00:00,2026-07-13T06:30:31+00:00,0,0,50,0,0,complete,Y,Y,2026-07-13T06:30:31+00:00,success,1,0,,,https://www.ebi.ac.uk/europepmc/webservices/rest/search,relevance,approved_terms_only,N,200,3142,candidate_unverified,none,mwbl-ingredient-multisource-discovery-v1.1-fresh,7779d9ebab29447f8465881efcb23b09a0f2f3751f524d19b389205ce650f26d
europe_pmc:fructooligosaccharides:9b3f1fca63597dba,europe_pmc,379,fructooligosaccharides,프룩토올리고사카라이드,Fructooligosaccharides,Fructooligosaccharides,"[{""alias_type"":"""",""origin"":""canonical_name_en"",""source"":""https://kcia.or.kr/cid/main/"",""term"":""Fructooligosaccharides""}]","(TITLE_ABS:""Fructooligosaccharides"") AND (TITLE_ABS:""skin"" OR TITLE_ABS:""topical"") AND NOT SRC:MED AND NOT SRC:PAT",9b3f1fca63597dba945ed5f70f97cc8c5fa411572bfcde57aab6c3e7311971d9,mwbl-ingredient-evidence-query-v1.1,2026-07-13T06:30:29+00:00,2026-07-13T06:30:32+00:00,4,4,50,4,4,complete,Y,Y,2026-07-13T06:30:32+00:00,success,1,0,,,https://www.ebi.ac.uk/europepmc/webservices/rest/search,relevance,approved_terms_only,N,200,2631,candidate_unverified,none,mwbl-ingredient-multisource-discovery-v1.1-fresh,7779d9ebab29447f8465881efcb23b09a0f2f3751f524d19b389205ce650f26d
europe_pmc:synthetic_beeswax:3f64d59f341f824a,europe_pmc,380,synthetic_beeswax,합성비즈왁스,Synthetic Beeswax,Synthetic Beeswax,"[{""alias_type"":"""",""origin"":""canonical_name_en"",""source"":""https://kcia.or.kr/cid/main/"",""term"":""Synthetic Beeswax""}]","(TITLE_ABS:""Synthetic Beeswax"") AND (TITLE_ABS:""skin"" OR TITLE_ABS:""topical"") AND NOT SRC:MED AND NOT SRC:PAT",3f64d59f341f824a8ac8393c06a6a2bad3b581245b62a443840d28c034b3ec99,mwbl-ingredient-evidence-query-v1.1,2026-07-13T06:30:30+00:00,2026-07-13T06:30:32+00:00,0,0,50,0,0,complete,Y,Y,2026-07-13T06:30:32+00:00,success,1,0,,,https://www.ebi.ac.uk/europepmc/webservices/rest/search,relevance,approved_terms_only,N,200,2630,candidate_unverified,none,mwbl-ingredient-multisource-discovery-v1.1-fresh,7779d9ebab29447f8465881efcb23b09a0f2f3751f524d19b389205ce650f26d
europe_pmc:propylparaben:2dd057953796cf5d,europe_pmc,381,propylparaben,프로필파라벤,Propylparaben,Propylparaben,"[{""alias_type"":"""",""origin"":""canonical_name_en"",""source"":""https://kcia.or.kr/cid/main/"",""term"":""Propylparaben""}]","(TITLE_ABS:""Propylparaben"") AND (TITLE_ABS:""skin"" OR TITLE_ABS:""topical"") AND NOT SRC:MED AND NOT SRC:PAT",2dd057953796cf5d8801bcebc1af734bb427518d1404b6d0d42d30e3ecd7b354,mwbl-ingredient-evidence-query-v1.1,2026-07-13T06:30:31+00:00,2026-07-13T06:30:33+00:00,2,2,50,2,2,complete,Y,Y,2026-07-13T06:30:33+00:00,success,1,0,,,https://www.ebi.ac.uk/europepmc/webservices/rest/search,relevance,approved_terms_only,N,200,2603,candidate_unverified,none,mwbl-ingredient-multisource-discovery-v1.1-fresh,7779d9ebab29447f8465881efcb23b09a0f2f3751f524d19b389205ce650f26d
europe_pmc:acacia_senegal_gum:af509bf12a6261f9,europe_pmc,382,acacia_senegal_gum,아라비아고무나무검,Acacia Senegal Gum,Acacia Senegal Gum,"[{""alias_type"":"""",""origin"":""canonical_name_en"",""source"":""https://kcia.or.kr/cid/main/"",""term"":""Acacia Senegal Gum""}]","(TITLE_ABS:""Acacia Senegal Gum"") AND (TITLE_ABS:""skin"" OR TITLE_ABS:""topical"") AND NOT SRC:MED AND NOT SRC:PAT",af509bf12a6261f97ab5b8b2d06119623f9a1120543b1eb872c9a9193faabf28,mwbl-ingredient-evidence-query-v1.1,2026-07-13T06:30:31+00:00,2026-07-13T06:30:34+00:00,0,0,50,0,0,complete,Y,Y,2026-07-13T06:30:34+00:00,success,1,0,,,https://www.ebi.ac.uk/europepmc/webservices/rest/search,relevance,approved_terms_only,N,200,2621,candidate_unverified,none,mwbl-ingredient-multisource-discovery-v1.1-fresh,7779d9ebab29447f8465881efcb23b09a0f2f3751f524d19b389205ce650f26d
europe_pmc:ectoin:d1a0233b0418feed,europe_pmc,383,ectoin,엑토인,Ectoin,Ectoin,"[{""alias_type"":"""",""origin"":""canonical_name_en"",""source"":""https://kcia.or.kr/cid/main/"",""term"":""Ectoin""}]","(TITLE_ABS:""Ectoin"") AND (TITLE_ABS:""skin"" OR TITLE_ABS:""topical"") AND NOT SRC:MED AND NOT SRC:PAT",d1a0233b0418feed79077246fc438eea2c4a7a48d24fc77c99f64dcd4a8cc592,mwbl-ingredient-evidence-query-v1.1,2026-07-13T06:30:32+00:00,2026-07-13T06:30:35+00:00,1,1,50,1,1,complete,Y,Y,2026-07-13T06:30:35+00:00,success,1,0,,,https://www.ebi.ac.uk/europepmc/webservices/rest/search,relevance,approved_terms_only,N,200,2660,candidate_unverified,none,mwbl-ingredient-multisource-discovery-v1.1-fresh,7779d9ebab29447f8465881efcb23b09a0f2f3751f524d19b389205ce650f26d
europe_pmc:phenethyl_alcohol:b7434d490e090080,europe_pmc,384,phenethyl_alcohol,페네틸알코올,Phenethyl Alcohol,Phenethyl Alcohol,"[{""alias_type"":"""",""origin"":""canonical_name_en"",""source"":""https://kcia.or.kr/cid/main/"",""term"":""Phenethyl Alcohol""}]","(TITLE_ABS:""Phenethyl Alcohol"") AND (TITLE_ABS:""skin"" OR TITLE_ABS:""topical"") AND NOT SRC:MED AND NOT SRC:PAT",b7434d490e090080f43c00bbce3f636beb0a38986a233365db34bd1021b75c46,mwbl-ingredient-evidence-query-v1.1,2026-07-13T06:30:32+00:00,2026-07-13T06:30:35+00:00,0,0,50,0,0,complete,Y,Y,2026-07-13T06:30:35+00:00,success,1,0,,,https://www.ebi.ac.uk/europepmc/webservices/rest/search,relevance,approved_terms_only,N,200,2627,candidate_unverified,none,mwbl-ingredient-multisource-discovery-v1.1-fresh,7779d9ebab29447f8465881efcb23b09a0f2f3751f524d19b389205ce650f26d
europe_pmc:salix_alba_willow_bark_extract:a42607da8ac7fd26,europe_pmc,385,salix_alba_willow_bark_extract,흰버드나무껍질추출물,Salix Alba (Willow) Bark Extract,Salix Alba (Willow) Bark Extract,"[{""alias_type"":"""",""origin"":""canonical_name_en"",""source"":""https://kcia.or.kr/cid/main/"",""term"":""Salix Alba (Willow) Bark Extract""}]","(TITLE_ABS:""Salix Alba (Willow) Bark Extract"") AND (TITLE_ABS:""skin"" OR TITLE_ABS:""topical"") AND NOT SRC:MED AND NOT SRC:PAT",a42607da8ac7fd26c227a0bbb4a1a42378696697db0cc3d846297135a972ef34,mwbl-ingredient-evidence-query-v1.1,2026-07-13T06:30:33+00:00,2026-07-13T06:30:36+00:00,0,0,50,0,0,complete,Y,Y,2026-07-13T06:30:36+00:00,success,1,0,,,https://www.ebi.ac.uk/europepmc/webservices/rest/search,relevance,approved_terms_only,N,200,2612,candidate_unverified,none,mwbl-ingredient-multisource-discovery-v1.1-fresh,7779d9ebab29447f8465881efcb23b09a0f2f3751f524d19b389205ce650f26d
europe_pmc:gluconolactone:6823bfdec0ad313a,europe_pmc,386,gluconolactone,글루코노락톤,Gluconolactone,Gluconolactone,"[{""alias_type"":"""",""origin"":""canonical_name_en"",""source"":""https://pubmed.ncbi.nlm.nih.gov/1303072/"",""term"":""Gluconolactone""}]","(TITLE_ABS:""Gluconolactone"") AND (TITLE_ABS:""skin"" OR TITLE_ABS:""topical"") AND NOT SRC:MED AND NOT SRC:PAT",6823bfdec0ad313a92cba9a6a1c256eb9733585fb81fb7253fc76cdcaefc0bf0,mwbl-ingredient-evidence-query-v1.1,2026-07-13T06:30:34+00:00,2026-07-13T06:30:36+00:00,0,0,50,0,0,complete,Y,Y,2026-07-13T06:30:36+00:00,success,1,0,,,https://www.ebi.ac.uk/europepmc/webservices/rest/search,relevance,approved_terms_only,N,200,2077,candidate_unverified,none,mwbl-ingredient-multisource-discovery-v1.1-fresh,7779d9ebab29447f8465881efcb23b09a0f2f3751f524d19b389205ce650f26d
europe_pmc:polyglyceryl_4_caprate:bfe90f58f23a0bd9,europe_pmc,387,polyglyceryl_4_caprate,폴리글리세릴-4카프레이트,Polyglyceryl-4 Caprate,Polyglyceryl-4 Caprate,"[{""alias_type"":"""",""origin"":""canonical_name_en"",""source"":""https://kcia.or.kr/cid/main/"",""term"":""Polyglyceryl-4 Caprate""}]","(TITLE_ABS:""Polyglyceryl-4 Caprate"") AND (TITLE_ABS:""skin"" OR TITLE_ABS:""topical"") AND NOT SRC:MED AND NOT SRC:PAT",bfe90f58f23a0bd9d1cdb5cc36b9109caab3e1c727c78b3cab3283c10518a031,mwbl-ingredient-evidence-query-v1.1,2026-07-13T06:30:35+00:00,2026-07-13T06:30:37+00:00,0,0,50,0,0,complete,Y,Y,2026-07-13T06:30:37+00:00,success,1,0,,,https://www.ebi.ac.uk/europepmc/webservices/rest/search,relevance,approved_terms_only,N,200,2632,candidate_unverified,none,mwbl-ingredient-multisource-discovery-v1.1-fresh,7779d9ebab29447f8465881efcb23b09a0f2f3751f524d19b389205ce650f26d
europe_pmc:hydrolyzed_vegetable_protein_pg_propyl_silanetriol:5c775c033254c965,europe_pmc,388,hydrolyzed_vegetable_protein_pg_propyl_silanetriol,하이드롤라이즈드식물성단백질피지-프로필실란트라이올,Hydrolyzed Vegetable Protein PG-Propyl Silanetriol,Hydrolyzed Vegetable Protein PG-Propyl Silanetriol,"[{""alias_type"":"""",""origin"":""canonical_name_en"",""source"":""https://kcia.or.kr/cid/main/"",""term"":""Hydrolyzed Vegetable Protein PG-Propyl Silanetriol""}]","(TITLE_ABS:""Hydrolyzed Vegetable Protein PG-Propyl Silanetriol"") AND (TITLE_ABS:""skin"" OR TITLE_ABS:""topical"") AND NOT SRC:MED AND NOT SRC:PAT",5c775c033254c965e4d7f85eaec938816aedc8668662d2763be72e584f12377b,mwbl-ingredient-evidence-query-v1.1,2026-07-13T06:30:35+00:00,2026-07-13T06:30:38+00:00,0,0,50,0,0,complete,Y,Y,2026-07-13T06:30:38+00:00,success,1,0,,,https://www.ebi.ac.uk/europepmc/webservices/rest/search,relevance,approved_terms_only,N,200,2674,candidate_unverified,none,mwbl-ingredient-multisource-discovery-v1.1-fresh,7779d9ebab29447f8465881efcb23b09a0f2f3751f524d19b389205ce650f26d
europe_pmc:acetyl_glucosamine:c116fd1515c61f15,europe_pmc,389,acetyl_glucosamine,아세틸글루코사민,Acetyl Glucosamine,Acetyl Glucosamine,"[{""alias_type"":"""",""origin"":""canonical_name_en"",""source"":""https://kcia.or.kr/cid/main/"",""term"":""Acetyl Glucosamine""}]","(TITLE_ABS:""Acetyl Glucosamine"") AND (TITLE_ABS:""skin"" OR TITLE_ABS:""topical"") AND NOT SRC:MED AND NOT SRC:PAT",c116fd1515c61f154a9e6c0f0d21e60ea4d33702c0462992912e44d652e5f2ff,mwbl-ingredient-evidence-query-v1.1,2026-07-13T06:30:36+00:00,2026-07-13T06:30:39+00:00,1,1,50,1,1,complete,Y,Y,2026-07-13T06:30:39+00:00,success,1,0,,,https://www.ebi.ac.uk/europepmc/webservices/rest/search,relevance,approved_terms_only,N,200,2620,candidate_unverified,none,mwbl-ingredient-multisource-discovery-v1.1-fresh,7779d9ebab29447f8465881efcb23b09a0f2f3751f524d19b389205ce650f26d
europe_pmc:acetyl_hexapeptide_8:ba79931d06a24d6c,europe_pmc,390,acetyl_hexapeptide_8,아세틸헥사펩타이드-8,Acetyl Hexapeptide-8,Acetyl Hexapeptide-8,"[{""alias_type"":"""",""origin"":""canonical_name_en"",""source"":""https://kcia.or.kr/cid/main/"",""term"":""Acetyl Hexapeptide-8""}]","(TITLE_ABS:""Acetyl Hexapeptide-8"") AND (TITLE_ABS:""skin"" OR TITLE_ABS:""topical"") AND NOT SRC:MED AND NOT SRC:PAT",ba79931d06a24d6c04afeaf499a30e05b7940dc0e63e2f3b0ffc8ed2de05d3f8,mwbl-ingredient-evidence-query-v1.1,2026-07-13T06:30:36+00:00,2026-07-13T06:30:39+00:00,0,0,50,0,0,complete,Y,Y,2026-07-13T06:30:39+00:00,success,1,0,,,https://www.ebi.ac.uk/europepmc/webservices/rest/search,relevance,approved_terms_only,N,200,2616,candidate_unverified,none,mwbl-ingredient-multisource-discovery-v1.1-fresh,7779d9ebab29447f8465881efcb23b09a0f2f3751f524d19b389205ce650f26d
europe_pmc:butylene_glycol_dicaprylate_dicaprate:ee5f3cf97b370ffe,europe_pmc,391,butylene_glycol_dicaprylate_dicaprate,부틸렌글라이콜다이카프릴레이트/다이카프레이트,Butylene Glycol Dicaprylate/Dicaprate,Butylene Glycol Dicaprylate/Dicaprate,"[{""alias_type"":"""",""origin"":""canonical_name_en"",""source"":""https://kcia.or.kr/cid/main/"",""term"":""Butylene Glycol Dicaprylate/Dicaprate""}]","(TITLE_ABS:""Butylene Glycol Dicaprylate/Dicaprate"") AND (TITLE_ABS:""skin"" OR TITLE_ABS:""topical"") AND NOT SRC:MED AND NOT SRC:PAT",ee5f3cf97b370ffeb3908e1894a4163db3267654e9b653aed5e21c0fc8a7baee,mwbl-ingredient-evidence-query-v1.1,2026-07-13T06:30:37+00:00,2026-07-13T06:30:40+00:00,0,0,50,0,0,complete,Y,Y,2026-07-13T06:30:40+00:00,success,1,0,,,https://www.ebi.ac.uk/europepmc/webservices/rest/search,relevance,approved_terms_only,N,200,2581,candidate_unverified,none,mwbl-ingredient-multisource-discovery-v1.1-fresh,7779d9ebab29447f8465881efcb23b09a0f2f3751f524d19b389205ce650f26d
europe_pmc:potassium_hyaluronate:167d2341e28f87d7,europe_pmc,392,potassium_hyaluronate,포타슘하이알루로네이트,Potassium Hyaluronate,Potassium Hyaluronate,"[{""alias_type"":"""",""origin"":""canonical_name_en"",""source"":""https://kcia.or.kr/cid/main/"",""term"":""Potassium Hyaluronate""}]","(TITLE_ABS:""Potassium Hyaluronate"") AND (TITLE_ABS:""skin"" OR TITLE_ABS:""topical"") AND NOT SRC:MED AND NOT SRC:PAT",167d2341e28f87d79a507abf1e6915f5cefe3bcd554f53735d41d413c1c1321f,mwbl-ingredient-evidence-query-v1.1,2026-07-13T06:30:38+00:00,2026-07-13T06:30:40+00:00,0,0,50,0,0,complete,Y,Y,2026-07-13T06:30:40+00:00,success,1,0,,,https://www.ebi.ac.uk/europepmc/webservices/rest/search,relevance,approved_terms_only,N,200,2047,candidate_unverified,none,mwbl-ingredient-multisource-discovery-v1.1-fresh,7779d9ebab29447f8465881efcb23b09a0f2f3751f524d19b389205ce650f26d
europe_pmc:peg_9_polydimethylsiloxyethyl_dimethicone:918c9c416b03096b,europe_pmc,393,peg_9_polydimethylsiloxyethyl_dimethicone,피이지-9폴리다이메틸실록시에틸다이메티콘,PEG-9 Polydimethylsiloxyethyl Dimethicone,PEG-9 Polydimethylsiloxyethyl Dimethicone,"[{""alias_type"":"""",""origin"":""canonical_name_en"",""source"":""https://kcia.or.kr/cid/main/"",""term"":""PEG-9 Polydimethylsiloxyethyl Dimethicone""}]","(TITLE_ABS:""PEG-9 Polydimethylsiloxyethyl Dimethicone"") AND (TITLE_ABS:""skin"" OR TITLE_ABS:""topical"") AND NOT SRC:MED AND NOT SRC:PAT",918c9c416b03096bb73f99d5e3338f8edf29fdd6ab1d4f4bc7f309a13fa190e6,mwbl-ingredient-evidence-query-v1.1,2026-07-13T06:30:39+00:00,2026-07-13T06:30:41+00:00,0,0,50,0,0,complete,Y,Y,2026-07-13T06:30:41+00:00,success,1,0,,,https://www.ebi.ac.uk/europepmc/webservices/rest/search,relevance,approved_terms_only,N,200,2643,candidate_unverified,none,mwbl-ingredient-multisource-discovery-v1.1-fresh,7779d9ebab29447f8465881efcb23b09a0f2f3751f524d19b389205ce650f26d
europe_pmc:daucus_carota_sativa_carrot_root_extract:6ed1ce5a2878738c,europe_pmc,394,daucus_carota_sativa_carrot_root_extract,당근추출물,Daucus Carota Sativa (Carrot) Root Extract,Daucus Carota Sativa (Carrot) Root Extract,"[{""alias_type"":"""",""origin"":""canonical_name_en"",""source"":""https://kcia.or.kr/cid/main/"",""term"":""Daucus Carota Sativa (Carrot) Root Extract""}]","(TITLE_ABS:""Daucus Carota Sativa (Carrot) Root Extract"") AND (TITLE_ABS:""skin"" OR TITLE_ABS:""topical"") AND NOT SRC:MED AND NOT SRC:PAT",6ed1ce5a2878738c49ea934aad328b4cbc285c2eeb0d0827b48a01b6fb42097b,mwbl-ingredient-evidence-query-v1.1,2026-07-13T06:30:39+00:00,2026-07-13T06:30:41+00:00,0,0,50,0,0,complete,Y,Y,2026-07-13T06:30:41+00:00,success,1,0,,,https://www.ebi.ac.uk/europepmc/webservices/rest/search,relevance,approved_terms_only,N,200,2644,candidate_unverified,none,mwbl-ingredient-multisource-discovery-v1.1-fresh,7779d9ebab29447f8465881efcb23b09a0f2f3751f524d19b389205ce650f26d
europe_pmc:acetic_acid:7080bc6833e2e97a,europe_pmc,395,acetic_acid,아세틱애씨드,Acetic Acid,Acetic Acid,"[{""alias_type"":"""",""origin"":""canonical_name_en"",""source"":""https://kcia.or.kr/cid/main/"",""term"":""Acetic Acid""}]","(TITLE_ABS:""Acetic Acid"") AND (TITLE_ABS:""skin"" OR TITLE_ABS:""topical"") AND NOT SRC:MED AND NOT SRC:PAT",7080bc6833e2e97ae67766b399c08d2b72e1036baa653fd85b08c230e8ec842b,mwbl-ingredient-evidence-query-v1.1,2026-07-13T06:30:40+00:00,2026-07-13T06:30:44+00:00,93,93,50,50,50,capped_at_retrieval_limit,N,N,2026-07-13T06:30:44+00:00,success,1,0,,,https://www.ebi.ac.uk/europepmc/webservices/rest/search,relevance,approved_terms_only,N,200,4729,candidate_unverified,none,mwbl-ingredient-multisource-discovery-v1.1-fresh,7779d9ebab29447f8465881efcb23b09a0f2f3751f524d19b389205ce650f26d
europe_pmc:euphorbia_cerifera_candelilla_wax:1350f2bf59af8b46,europe_pmc,396,euphorbia_cerifera_candelilla_wax,칸데릴라왁스,Euphorbia Cerifera (Candelilla) Wax,Euphorbia Cerifera (Candelilla) Wax,"[{""alias_type"":"""",""origin"":""canonical_name_en"",""source"":""https://kcia.or.kr/cid/main/"",""term"":""Euphorbia Cerifera (Candelilla) Wax""}]","(TITLE_ABS:""Euphorbia Cerifera (Candelilla) Wax"") AND (TITLE_ABS:""skin"" OR TITLE_ABS:""topical"") AND NOT SRC:MED AND NOT SRC:PAT",1350f2bf59af8b46289fce1fc94adedf0936d983ce3a91d9ad6d245d56a48cbd,mwbl-ingredient-evidence-query-v1.1,2026-07-13T06:30:40+00:00,2026-07-13T06:30:43+00:00,0,0,50,0,0,complete,Y,Y,2026-07-13T06:30:43+00:00,success,1,0,,,https://www.ebi.ac.uk/europepmc/webservices/rest/search,relevance,approved_terms_only,N,200,3149,candidate_unverified,none,mwbl-ingredient-multisource-discovery-v1.1-fresh,7779d9ebab29447f8465881efcb23b09a0f2f3751f524d19b389205ce650f26d
europe_pmc:magnesium_myristate:4dc71a7d9bad5cb6,europe_pmc,397,magnesium_myristate,마그네슘미리스테이트,Magnesium Myristate,Magnesium Myristate,"[{""alias_type"":"""",""origin"":""canonical_name_en"",""source"":""https://kcia.or.kr/cid/main/"",""term"":""Magnesium Myristate""}]","(TITLE_ABS:""Magnesium Myristate"") AND (TITLE_ABS:""skin"" OR TITLE_ABS:""topical"") AND NOT SRC:MED AND NOT SRC:PAT",4dc71a7d9bad5cb6b36d47c3f0a037c3c6d327bf402597f4a65f4fcc7e1e2905,mwbl-ingredient-evidence-query-v1.1,2026-07-13T06:30:41+00:00,2026-07-13T06:30:44+00:00,0,0,50,0,0,complete,Y,Y,2026-07-13T06:30:44+00:00,success,1,0,,,https://www.ebi.ac.uk/europepmc/webservices/rest/search,relevance,approved_terms_only,N,200,2620,candidate_unverified,none,mwbl-ingredient-multisource-discovery-v1.1-fresh,7779d9ebab29447f8465881efcb23b09a0f2f3751f524d19b389205ce650f26d
europe_pmc:leucine:ff935c59181770a5,europe_pmc,398,leucine,류신,Leucine,Leucine,"[{""alias_type"":"""",""origin"":""canonical_name_en"",""source"":""https://kcia.or.kr/cid/main/"",""term"":""Leucine""}]","(TITLE_ABS:""Leucine"") AND (TITLE_ABS:""skin"" OR TITLE_ABS:""topical"") AND NOT SRC:MED AND NOT SRC:PAT",ff935c59181770a52bd2d3967fc6673d7247cc39eda76bcf4301d2fb51035a6b,mwbl-ingredient-evidence-query-v1.1,2026-07-13T06:30:41+00:00,2026-07-13T06:30:47+00:00,26,26,50,26,26,complete,Y,Y,2026-07-13T06:30:47+00:00,success,1,0,,,https://www.ebi.ac.uk/europepmc/webservices/rest/search,relevance,approved_terms_only,N,200,5273,candidate_unverified,none,mwbl-ingredient-multisource-discovery-v1.1-fresh,7779d9ebab29447f8465881efcb23b09a0f2f3751f524d19b389205ce650f26d
europe_pmc:dibutyl_adipate:c85a0a43e4ae9fab,europe_pmc,399,dibutyl_adipate,다이부틸아디페이트,Dibutyl Adipate,Dibutyl Adipate,"[{""alias_type"":"""",""origin"":""canonical_name_en"",""source"":""https://kcia.or.kr/cid/main/"",""term"":""Dibutyl Adipate""}]","(TITLE_ABS:""Dibutyl Adipate"") AND (TITLE_ABS:""skin"" OR TITLE_ABS:""topical"") AND NOT SRC:MED AND NOT SRC:PAT",c85a0a43e4ae9fab0c605c8eb144371fd2190937431b6d3534cd853417d4fbf1,mwbl-ingredient-evidence-query-v1.1,2026-07-13T06:30:43+00:00,2026-07-13T06:30:45+00:00,1,1,50,1,1,complete,Y,Y,2026-07-13T06:30:45+00:00,success,1,0,,,https://www.ebi.ac.uk/europepmc/webservices/rest/search,relevance,approved_terms_only,N,200,2600,candidate_unverified,none,mwbl-ingredient-multisource-discovery-v1.1-fresh,7779d9ebab29447f8465881efcb23b09a0f2f3751f524d19b389205ce650f26d
europe_pmc:hydroxypropyl_starch_phosphate:051660631130eba3,europe_pmc,400,hydroxypropyl_starch_phosphate,하이드록시프로필스타치포스페이트,Hydroxypropyl Starch Phosphate,Hydroxypropyl Starch Phosphate,"[{""alias_type"":"""",""origin"":""canonical_name_en"",""source"":""https://kcia.or.kr/cid/main/"",""term"":""Hydroxypropyl Starch Phosphate""}]","(TITLE_ABS:""Hydroxypropyl Starch Phosphate"") AND (TITLE_ABS:""skin"" OR TITLE_ABS:""topical"") AND NOT SRC:MED AND NOT SRC:PAT",051660631130eba346a309b3e5152d4a0624a78b2fd9724d27ad300ee699b41e,mwbl-ingredient-evidence-query-v1.1,2026-07-13T06:30:44+00:00,2026-07-13T06:30:47+00:00,0,0,50,0,0,complete,Y,Y,2026-07-13T06:30:47+00:00,success,1,0,,,https://www.ebi.ac.uk/europepmc/webservices/rest/search,relevance,approved_terms_only,N,200,2649,candidate_unverified,none,mwbl-ingredient-multisource-discovery-v1.1-fresh,7779d9ebab29447f8465881efcb23b09a0f2f3751f524d19b389205ce650f26d
europe_pmc:hydrogenated_olive_oil_unsaponifiables:90bacce8585c2249,europe_pmc,401,hydrogenated_olive_oil_unsaponifiables,하이드로제네이티드올리브오일불검화물,Hydrogenated Olive Oil Unsaponifiables,Hydrogenated Olive Oil Unsaponifiables,"[{""alias_type"":"""",""origin"":""canonical_name_en"",""source"":""https://kcia.or.kr/cid/main/"",""term"":""Hydrogenated Olive Oil Unsaponifiables""}]","(TITLE_ABS:""Hydrogenated Olive Oil Unsaponifiables"") AND (TITLE_ABS:""skin"" OR TITLE_ABS:""topical"") AND NOT SRC:MED AND NOT SRC:PAT",90bacce8585c224979155f2ed949888f2626e681df197c6e463fdb27122e385c,mwbl-ingredient-evidence-query-v1.1,2026-07-13T06:30:44+00:00,2026-07-13T06:30:47+00:00,0,0,50,0,0,complete,Y,Y,2026-07-13T06:30:47+00:00,success,1,0,,,https://www.ebi.ac.uk/europepmc/webservices/rest/search,relevance,approved_terms_only,N,200,2611,candidate_unverified,none,mwbl-ingredient-multisource-discovery-v1.1-fresh,7779d9ebab29447f8465881efcb23b09a0f2f3751f524d19b389205ce650f26d
europe_pmc:sodium_lauroyl_lactylate:81cd8b7952eeb813,europe_pmc,402,sodium_lauroyl_lactylate,소듐라우로일락틸레이트,Sodium Lauroyl Lactylate,Sodium Lauroyl Lactylate,"[{""alias_type"":"""",""origin"":""canonical_name_en"",""source"":""https://kcia.or.kr/cid/main/"",""term"":""Sodium Lauroyl Lactylate""}]","(TITLE_ABS:""Sodium Lauroyl Lactylate"") AND (TITLE_ABS:""skin"" OR TITLE_ABS:""topical"") AND NOT SRC:MED AND NOT SRC:PAT",81cd8b7952eeb8138bf9070d36f4fc08dfabb1ac138de2d4b80c12a6f11bd4ee,mwbl-ingredient-evidence-query-v1.1,2026-07-13T06:30:45+00:00,2026-07-13T06:30:48+00:00,0,0,50,0,0,complete,Y,Y,2026-07-13T06:30:48+00:00,success,1,0,,,https://www.ebi.ac.uk/europepmc/webservices/rest/search,relevance,approved_terms_only,N,200,2617,candidate_unverified,none,mwbl-ingredient-multisource-discovery-v1.1-fresh,7779d9ebab29447f8465881efcb23b09a0f2f3751f524d19b389205ce650f26d
europe_pmc:melaleuca_alternifolia_tea_tree_leaf_oil:cda27b7652d17826,europe_pmc,403,melaleuca_alternifolia_tea_tree_leaf_oil,티트리잎오일,Melaleuca Alternifolia (Tea Tree) Leaf Oil,Melaleuca Alternifolia (Tea Tree) Leaf Oil,"[{""alias_type"":"""",""origin"":""canonical_name_en"",""source"":""https://kcia.or.kr/cid/main/"",""term"":""Melaleuca Alternifolia (Tea Tree) Leaf Oil""}]","(TITLE_ABS:""Melaleuca Alternifolia (Tea Tree) Leaf Oil"") AND (TITLE_ABS:""skin"" OR TITLE_ABS:""topical"") AND NOT SRC:MED AND NOT SRC:PAT",cda27b7652d178265003cff762a60a3646c15daf87fb09d3cb29634c94e75161,mwbl-ingredient-evidence-query-v1.1,2026-07-13T06:30:47+00:00,2026-07-13T06:30:49+00:00,0,0,50,0,0,complete,Y,Y,2026-07-13T06:30:49+00:00,success,1,0,,,https://www.ebi.ac.uk/europepmc/webservices/rest/search,relevance,approved_terms_only,N,200,2579,candidate_unverified,none,mwbl-ingredient-multisource-discovery-v1.1-fresh,7779d9ebab29447f8465881efcb23b09a0f2f3751f524d19b389205ce650f26d
europe_pmc:brilliant_blue_fcf:8ae1c796c1a59f45,europe_pmc,405,brilliant_blue_fcf,청색1호,Brilliant Blue FCF,Brilliant Blue FCF,"[{""alias_type"":"""",""origin"":""canonical_name_en"",""source"":""https://kcia.or.kr/cid/main/"",""term"":""Brilliant Blue FCF""}]","(TITLE_ABS:""Brilliant Blue FCF"") AND (TITLE_ABS:""skin"" OR TITLE_ABS:""topical"") AND NOT SRC:MED AND NOT SRC:PAT",8ae1c796c1a59f452c5195a4c67ac48a6f6e02c5eb0773f19f0a217fe2f3e14f,mwbl-ingredient-evidence-query-v1.1,2026-07-13T06:30:47+00:00,2026-07-13T06:30:50+00:00,0,0,50,0,0,complete,Y,Y,2026-07-13T06:30:50+00:00,success,1,0,,,https://www.ebi.ac.uk/europepmc/webservices/rest/search,relevance,approved_terms_only,N,200,3144,candidate_unverified,none,mwbl-ingredient-multisource-discovery-v1.1-fresh,7779d9ebab29447f8465881efcb23b09a0f2f3751f524d19b389205ce650f26d
europe_pmc:butylene_ethylene_styrene_copolymer:1a290fc891f7f52c,europe_pmc,406,butylene_ethylene_styrene_copolymer,부틸렌/에틸렌/스타이렌코폴리머,Butylene/Ethylene/Styrene Copolymer,Butylene/Ethylene/Styrene Copolymer,"[{""alias_type"":"""",""origin"":""canonical_name_en"",""source"":""https://kcia.or.kr/cid/main/"",""term"":""Butylene/Ethylene/Styrene Copolymer""}]","(TITLE_ABS:""Butylene/Ethylene/Styrene Copolymer"") AND (TITLE_ABS:""skin"" OR TITLE_ABS:""topical"") AND NOT SRC:MED AND NOT SRC:PAT",1a290fc891f7f52c662bf684dcb4c578d4ba01923d96ffeb7af7aa0cb7e585d6,mwbl-ingredient-evidence-query-v1.1,2026-07-13T06:30:47+00:00,2026-07-13T06:30:50+00:00,0,0,50,0,0,complete,Y,Y,2026-07-13T06:30:50+00:00,success,1,0,,,https://www.ebi.ac.uk/europepmc/webservices/rest/search,relevance,approved_terms_only,N,200,2659,candidate_unverified,none,mwbl-ingredient-multisource-discovery-v1.1-fresh,7779d9ebab29447f8465881efcb23b09a0f2f3751f524d19b389205ce650f26d
europe_pmc:fructose:199e800ec2dcf7b7,europe_pmc,407,fructose,프룩토오스,Fructose,Fructose,"[{""alias_type"":"""",""origin"":""canonical_name_en"",""source"":""https://kcia.or.kr/cid/main/"",""term"":""Fructose""}]","(TITLE_ABS:""Fructose"") AND (TITLE_ABS:""skin"" OR TITLE_ABS:""topical"") AND NOT SRC:MED AND NOT SRC:PAT",199e800ec2dcf7b7fdfb8dc8593f8e30bdf66e15f2f9024e4d091106e62c3abe,mwbl-ingredient-evidence-query-v1.1,2026-07-13T06:30:48+00:00,2026-07-13T06:30:53+00:00,44,44,50,44,44,complete,Y,Y,2026-07-13T06:30:53+00:00,success,1,0,,,https://www.ebi.ac.uk/europepmc/webservices/rest/search,relevance,approved_terms_only,N,200,4782,candidate_unverified,none,mwbl-ingredient-multisource-discovery-v1.1-fresh,7779d9ebab29447f8465881efcb23b09a0f2f3751f524d19b389205ce650f26d
europe_pmc:zingiber_officinale_ginger_root_extract:4e487a0fd700d988,europe_pmc,408,zingiber_officinale_ginger_root_extract,생강추출물,Zingiber Officinale (Ginger) Root Extract,Zingiber Officinale (Ginger) Root Extract,"[{""alias_type"":"""",""origin"":""canonical_name_en"",""source"":""https://kcia.or.kr/cid/main/"",""term"":""Zingiber Officinale (Ginger) Root Extract""}]","(TITLE_ABS:""Zingiber Officinale (Ginger) Root Extract"") AND (TITLE_ABS:""skin"" OR TITLE_ABS:""topical"") AND NOT SRC:MED AND NOT SRC:PAT",4e487a0fd700d9881985f25066d91724d2fad352ac52da8810fb650f3397cfdd,mwbl-ingredient-evidence-query-v1.1,2026-07-13T06:30:49+00:00,2026-07-13T06:30:52+00:00,0,0,50,0,0,complete,Y,Y,2026-07-13T06:30:52+00:00,success,1,0,,,https://www.ebi.ac.uk/europepmc/webservices/rest/search,relevance,approved_terms_only,N,200,2631,candidate_unverified,none,mwbl-ingredient-multisource-discovery-v1.1-fresh,7779d9ebab29447f8465881efcb23b09a0f2f3751f524d19b389205ce650f26d
europe_pmc:chondrus_crispus_extract:8427c4fe0ba388d3,europe_pmc,409,chondrus_crispus_extract,아이리쉬모스추출물,Chondrus Crispus Extract,Chondrus Crispus Extract,"[{""alias_type"":"""",""origin"":""canonical_name_en"",""source"":""https://kcia.or.kr/cid/main/"",""term"":""Chondrus Crispus Extract""}]","(TITLE_ABS:""Chondrus Crispus Extract"") AND (TITLE_ABS:""skin"" OR TITLE_ABS:""topical"") AND NOT SRC:MED AND NOT SRC:PAT",8427c4fe0ba388d3fdf6e0b29834a388eaf4bf9d87ef5d62f425d21bcb154e2c,mwbl-ingredient-evidence-query-v1.1,2026-07-13T06:30:50+00:00,2026-07-13T06:30:52+00:00,0,0,50,0,0,complete,Y,Y,2026-07-13T06:30:52+00:00,success,1,0,,,https://www.ebi.ac.uk/europepmc/webservices/rest/search,relevance,approved_terms_only,N,200,2595,candidate_unverified,none,mwbl-ingredient-multisource-discovery-v1.1-fresh,7779d9ebab29447f8465881efcb23b09a0f2f3751f524d19b389205ce650f26d
europe_pmc:vp_eicosene_copolymer:d797d40b869bcc70,europe_pmc,410,vp_eicosene_copolymer,브이피/에이코신코폴리머,VP/Eicosene Copolymer,VP/Eicosene Copolymer,"[{""alias_type"":"""",""origin"":""canonical_name_en"",""source"":""https://kcia.or.kr/cid/main/"",""term"":""VP/Eicosene Copolymer""}]","(TITLE_ABS:""VP/Eicosene Copolymer"") AND (TITLE_ABS:""skin"" OR TITLE_ABS:""topical"") AND NOT SRC:MED AND NOT SRC:PAT",d797d40b869bcc70bdd49f0b09b7dc731ae052ef2e20f31c021d21704bf2b9d1,mwbl-ingredient-evidence-query-v1.1,2026-07-13T06:30:50+00:00,2026-07-13T06:30:53+00:00,0,0,50,0,0,complete,Y,Y,2026-07-13T06:30:53+00:00,success,1,0,,,https://www.ebi.ac.uk/europepmc/webservices/rest/search,relevance,approved_terms_only,N,200,3150,candidate_unverified,none,mwbl-ingredient-multisource-discovery-v1.1-fresh,7779d9ebab29447f8465881efcb23b09a0f2f3751f524d19b389205ce650f26d
europe_pmc:polyglyceryl_10_stearate:9e80c72d02f8eccb,europe_pmc,411,polyglyceryl_10_stearate,폴리글리세릴-10스테아레이트,Polyglyceryl-10 Stearate,Polyglyceryl-10 Stearate,"[{""alias_type"":"""",""origin"":""canonical_name_en"",""source"":""https://kcia.or.kr/cid/main/"",""term"":""Polyglyceryl-10 Stearate""}]","(TITLE_ABS:""Polyglyceryl-10 Stearate"") AND (TITLE_ABS:""skin"" OR TITLE_ABS:""topical"") AND NOT SRC:MED AND NOT SRC:PAT",9e80c72d02f8eccb154df113589d6139b71542cd2ffecf38decd164f92b9fb3f,mwbl-ingredient-evidence-query-v1.1,2026-07-13T06:30:52+00:00,2026-07-13T06:30:55+00:00,0,0,50,0,0,complete,Y,Y,2026-07-13T06:30:55+00:00,success,1,0,,,https://www.ebi.ac.uk/europepmc/webservices/rest/search,relevance,approved_terms_only,N,200,3154,candidate_unverified,none,mwbl-ingredient-multisource-discovery-v1.1-fresh,7779d9ebab29447f8465881efcb23b09a0f2f3751f524d19b389205ce650f26d
europe_pmc:polyglutamic_acid:dabcc81862a43ba7,europe_pmc,412,polyglutamic_acid,폴리글루타믹애씨드,Polyglutamic Acid,Polyglutamic Acid,"[{""alias_type"":"""",""origin"":""canonical_name_en"",""source"":""https://kcia.or.kr/cid/main/"",""term"":""Polyglutamic Acid""}]","(TITLE_ABS:""Polyglutamic Acid"") AND (TITLE_ABS:""skin"" OR TITLE_ABS:""topical"") AND NOT SRC:MED AND NOT SRC:PAT",dabcc81862a43ba7754a7c06013a0e25acd5c4e81944024ad06980cf2e3e442a,mwbl-ingredient-evidence-query-v1.1,2026-07-13T06:30:52+00:00,2026-07-13T06:30:56+00:00,3,3,50,3,3,complete,Y,Y,2026-07-13T06:30:56+00:00,success,1,0,,,https://www.ebi.ac.uk/europepmc/webservices/rest/search,relevance,approved_terms_only,N,200,3736,candidate_unverified,none,mwbl-ingredient-multisource-discovery-v1.1-fresh,7779d9ebab29447f8465881efcb23b09a0f2f3751f524d19b389205ce650f26d
europe_pmc:palmitoyl_tripeptide_5:516f171b2951737f,europe_pmc,413,palmitoyl_tripeptide_5,팔미토일트라이펩타이드-5,Palmitoyl Tripeptide-5,Palmitoyl Tripeptide-5,"[{""alias_type"":"""",""origin"":""canonical_name_en"",""source"":""https://kcia.or.kr/cid/main/"",""term"":""Palmitoyl Tripeptide-5""}]","(TITLE_ABS:""Palmitoyl Tripeptide-5"") AND (TITLE_ABS:""skin"" OR TITLE_ABS:""topical"") AND NOT SRC:MED AND NOT SRC:PAT",516f171b2951737ff128ae2cf30df6fe578032117ab1c1348c6f2bcb7b1bffc2,mwbl-ingredient-evidence-query-v1.1,2026-07-13T06:30:53+00:00,2026-07-13T06:30:56+00:00,0,0,50,0,0,complete,Y,Y,2026-07-13T06:30:56+00:00,success,1,0,,,https://www.ebi.ac.uk/europepmc/webservices/rest/search,relevance,approved_terms_only,N,200,3178,candidate_unverified,none,mwbl-ingredient-multisource-discovery-v1.1-fresh,7779d9ebab29447f8465881efcb23b09a0f2f3751f524d19b389205ce650f26d
europe_pmc:tyrosine:bf0bcd6ef8d627a9,europe_pmc,414,tyrosine,타이로신,Tyrosine,Tyrosine,"[{""alias_type"":"""",""origin"":""canonical_name_en"",""source"":""https://kcia.or.kr/cid/main/"",""term"":""Tyrosine""}]","(TITLE_ABS:""Tyrosine"") AND (TITLE_ABS:""skin"" OR TITLE_ABS:""topical"") AND NOT SRC:MED AND NOT SRC:PAT",bf0bcd6ef8d627a9a7b1756b730464cb16e613d54b7cbc5d5f59a5502f78b261,mwbl-ingredient-evidence-query-v1.1,2026-07-13T06:30:53+00:00,2026-07-13T06:30:59+00:00,150,150,50,50,50,capped_at_retrieval_limit,N,N,2026-07-13T06:30:59+00:00,success,1,0,,,https://www.ebi.ac.uk/europepmc/webservices/rest/search,relevance,approved_terms_only,N,200,5769,candidate_unverified,none,mwbl-ingredient-multisource-discovery-v1.1-fresh,7779d9ebab29447f8465881efcb23b09a0f2f3751f524d19b389205ce650f26d
europe_pmc:zinc_oxide:d0b4c70b13c4dc36,europe_pmc,415,zinc_oxide,징크옥사이드,Zinc Oxide,Zinc Oxide,"[{""alias_type"":"""",""origin"":""canonical_name_en"",""source"":""https://kcia.or.kr/cid/main/"",""term"":""Zinc Oxide""}]","(TITLE_ABS:""Zinc Oxide"") AND (TITLE_ABS:""skin"" OR TITLE_ABS:""topical"") AND NOT SRC:MED AND NOT SRC:PAT",d0b4c70b13c4dc3602f0d70353ba106a94d8d4afeb10d400fa1d7bf378efc3af,mwbl-ingredient-evidence-query-v1.1,2026-07-13T06:30:55+00:00,2026-07-13T06:31:00+00:00,44,44,50,44,44,complete,Y,Y,2026-07-13T06:31:00+00:00,success,1,0,,,https://www.ebi.ac.uk/europepmc/webservices/rest/search,relevance,approved_terms_only,N,200,4718,candidate_unverified,none,mwbl-ingredient-multisource-discovery-v1.1-fresh,7779d9ebab29447f8465881efcb23b09a0f2f3751f524d19b389205ce650f26d
europe_pmc:sodium_lauroyl_glutamate:53e254818f02e6a0,europe_pmc,416,sodium_lauroyl_glutamate,소듐라우로일글루타메이트,Sodium Lauroyl Glutamate,Sodium Lauroyl Glutamate,"[{""alias_type"":"""",""origin"":""canonical_name_en"",""source"":""https://kcia.or.kr/cid/main/"",""term"":""Sodium Lauroyl Glutamate""}]","(TITLE_ABS:""Sodium Lauroyl Glutamate"") AND (TITLE_ABS:""skin"" OR TITLE_ABS:""topical"") AND NOT SRC:MED AND NOT SRC:PAT",53e254818f02e6a0dccec86ff52b957041bbe4eb9674bac7e97043861232a364,mwbl-ingredient-evidence-query-v1.1,2026-07-13T06:30:56+00:00,2026-07-13T06:30:59+00:00,1,1,50,1,1,complete,Y,Y,2026-07-13T06:30:59+00:00,success,1,0,,,https://www.ebi.ac.uk/europepmc/webservices/rest/search,relevance,approved_terms_only,N,200,2583,candidate_unverified,none,mwbl-ingredient-multisource-discovery-v1.1-fresh,7779d9ebab29447f8465881efcb23b09a0f2f3751f524d19b389205ce650f26d
europe_pmc:3_o_ethyl_ascorbic_acid:093696cd03961b4b,europe_pmc,417,3_o_ethyl_ascorbic_acid,3-O-에틸아스코빅애씨드,3-O-Ethyl Ascorbic Acid,3-O-Ethyl Ascorbic Acid,"[{""alias_type"":"""",""origin"":""canonical_name_en"",""source"":""https://kcia.or.kr/cid/main/"",""term"":""3-O-Ethyl Ascorbic Acid""}]","(TITLE_ABS:""3-O-Ethyl Ascorbic Acid"") AND (TITLE_ABS:""skin"" OR TITLE_ABS:""topical"") AND NOT SRC:MED AND NOT SRC:PAT",093696cd03961b4bd74de016b0e4018cecd8121cea8252b013f906a31202270e,mwbl-ingredient-evidence-query-v1.1,2026-07-13T06:30:56+00:00,2026-07-13T06:30:59+00:00,1,1,50,1,1,complete,Y,Y,2026-07-13T06:30:59+00:00,success,1,0,,,https://www.ebi.ac.uk/europepmc/webservices/rest/search,relevance,approved_terms_only,N,200,3099,candidate_unverified,none,mwbl-ingredient-multisource-discovery-v1.1-fresh,7779d9ebab29447f8465881efcb23b09a0f2f3751f524d19b389205ce650f26d
europe_pmc:aluminum_starch_octenylsuccinate:0fbb16c9a4d91340,europe_pmc,418,aluminum_starch_octenylsuccinate,알루미늄전분옥테닐석시네이트,Aluminum Starch Octenylsuccinate,Aluminum Starch Octenylsuccinate,"[{""alias_type"":"""",""origin"":""canonical_name_en"",""source"":""https://kcia.or.kr/cid/main/"",""term"":""Aluminum Starch Octenylsuccinate""}]","(TITLE_ABS:""Aluminum Starch Octenylsuccinate"") AND (TITLE_ABS:""skin"" OR TITLE_ABS:""topical"") AND NOT SRC:MED AND NOT SRC:PAT",0fbb16c9a4d913409a1e093426a2e07fdfcc2a5e4b97cfd58f0bbdac28c61c26,mwbl-ingredient-evidence-query-v1.1,2026-07-13T06:30:59+00:00,2026-07-13T06:31:01+00:00,0,0,50,0,0,complete,Y,Y,2026-07-13T06:31:01+00:00,success,1,0,,,https://www.ebi.ac.uk/europepmc/webservices/rest/search,relevance,approved_terms_only,N,200,2579,candidate_unverified,none,mwbl-ingredient-multisource-discovery-v1.1-fresh,7779d9ebab29447f8465881efcb23b09a0f2f3751f524d19b389205ce650f26d
europe_pmc:ppg_26_buteth_26:e520432f304c831f,europe_pmc,419,ppg_26_buteth_26,피피지-26-부테스-26,PPG-26-Buteth-26,PPG-26-Buteth-26,"[{""alias_type"":"""",""origin"":""canonical_name_en"",""source"":""https://kcia.or.kr/cid/main/"",""term"":""PPG-26-Buteth-26""}]","(TITLE_ABS:""PPG-26-Buteth-26"") AND (TITLE_ABS:""skin"" OR TITLE_ABS:""topical"") AND NOT SRC:MED AND NOT SRC:PAT",e520432f304c831f63e1a32588bed04a2451e0761f2e4c6c45b5c7c3d67b499c,mwbl-ingredient-evidence-query-v1.1,2026-07-13T06:30:59+00:00,2026-07-13T06:31:01+00:00,0,0,50,0,0,complete,Y,Y,2026-07-13T06:31:01+00:00,success,1,0,,,https://www.ebi.ac.uk/europepmc/webservices/rest/search,relevance,approved_terms_only,N,200,2570,candidate_unverified,none,mwbl-ingredient-multisource-discovery-v1.1-fresh,7779d9ebab29447f8465881efcb23b09a0f2f3751f524d19b389205ce650f26d
europe_pmc:prunus_armeniaca_apricot_kernel_oil:5151e881f45859f8,europe_pmc,420,prunus_armeniaca_apricot_kernel_oil,살구씨오일,Prunus Armeniaca (Apricot) Kernel Oil,Prunus Armeniaca (Apricot) Kernel Oil,"[{""alias_type"":"""",""origin"":""canonical_name_en"",""source"":""https://kcia.or.kr/cid/main/"",""term"":""Prunus Armeniaca (Apricot) Kernel Oil""}]","(TITLE_ABS:""Prunus Armeniaca (Apricot) Kernel Oil"") AND (TITLE_ABS:""skin"" OR TITLE_ABS:""topical"") AND NOT SRC:MED AND NOT SRC:PAT",5151e881f45859f852241ae586ad6d1b3fcbcfd67feec3c49517a23fb5883835,mwbl-ingredient-evidence-query-v1.1,2026-07-13T06:30:59+00:00,2026-07-13T06:31:01+00:00,0,0,50,0,0,complete,Y,Y,2026-07-13T06:31:01+00:00,success,1,0,,,https://www.ebi.ac.uk/europepmc/webservices/rest/search,relevance,approved_terms_only,N,200,2065,candidate_unverified,none,mwbl-ingredient-multisource-discovery-v1.1-fresh,7779d9ebab29447f8465881efcb23b09a0f2f3751f524d19b389205ce650f26d
europe_pmc:hydrolyzed_glycosaminoglycans:b0dc81cc79637dee,europe_pmc,421,hydrolyzed_glycosaminoglycans,하이드롤라이즈드글라이코사미노글리칸,Hydrolyzed Glycosaminoglycans,Hydrolyzed Glycosaminoglycans,"[{""alias_type"":"""",""origin"":""canonical_name_en"",""source"":""https://kcia.or.kr/cid/main/"",""term"":""Hydrolyzed Glycosaminoglycans""}]","(TITLE_ABS:""Hydrolyzed Glycosaminoglycans"") AND (TITLE_ABS:""skin"" OR TITLE_ABS:""topical"") AND NOT SRC:MED AND NOT SRC:PAT",b0dc81cc79637deeac776f4f1feb9981d5149ae61c2e28878b5ddee510fd7d8b,mwbl-ingredient-evidence-query-v1.1,2026-07-13T06:31:00+00:00,2026-07-13T06:31:02+00:00,0,0,50,0,0,complete,Y,Y,2026-07-13T06:31:02+00:00,success,1,0,,,https://www.ebi.ac.uk/europepmc/webservices/rest/search,relevance,approved_terms_only,N,200,2108,candidate_unverified,none,mwbl-ingredient-multisource-discovery-v1.1-fresh,7779d9ebab29447f8465881efcb23b09a0f2f3751f524d19b389205ce650f26d
europe_pmc:polyglyceryl_10_oleate:ec2e711e54e9afbf,europe_pmc,422,polyglyceryl_10_oleate,폴리글리세릴-10올리에이트,Polyglyceryl-10 Oleate,Polyglyceryl-10 Oleate,"[{""alias_type"":"""",""origin"":""canonical_name_en"",""source"":""https://kcia.or.kr/cid/main/"",""term"":""Polyglyceryl-10 Oleate""}]","(TITLE_ABS:""Polyglyceryl-10 Oleate"") AND (TITLE_ABS:""skin"" OR TITLE_ABS:""topical"") AND NOT SRC:MED AND NOT SRC:PAT",ec2e711e54e9afbfec39b94c7e6866a767a78062a6b43ddf2a92bd69c042108d,mwbl-ingredient-evidence-query-v1.1,2026-07-13T06:31:01+00:00,2026-07-13T06:31:03+00:00,0,0,50,0,0,complete,Y,Y,2026-07-13T06:31:03+00:00,success,1,0,,,https://www.ebi.ac.uk/europepmc/webservices/rest/search,relevance,approved_terms_only,N,200,2094,candidate_unverified,none,mwbl-ingredient-multisource-discovery-v1.1-fresh,7779d9ebab29447f8465881efcb23b09a0f2f3751f524d19b389205ce650f26d
europe_pmc:polyglyceryl_4_diisostearate_polyhydroxystearate_sebacate:717e406eeb805906,europe_pmc,423,polyglyceryl_4_diisostearate_polyhydroxystearate_sebacate,폴리글리세릴-4다이아이소스테아레이트/폴리하이드록시스 테아레이트/세바케이트,Polyglyceryl-4 Diisostearate/Polyhydroxystearate/Sebacate,Polyglyceryl-4 Diisostearate/Polyhydroxystearate/Sebacate,"[{""alias_type"":"""",""origin"":""canonical_name_en"",""source"":""https://kcia.or.kr/cid/main/"",""term"":""Polyglyceryl-4 Diisostearate/Polyhydroxystearate/Sebacate""}]","(TITLE_ABS:""Polyglyceryl-4 Diisostearate/Polyhydroxystearate/Sebacate"") AND (TITLE_ABS:""skin"" OR TITLE_ABS:""topical"") AND NOT SRC:MED AND NOT SRC:PAT",717e406eeb805906da7f28601e90d8ed6e147b4c0ccbf12f14884a73e0566bfc,mwbl-ingredient-evidence-query-v1.1,2026-07-13T06:31:01+00:00,2026-07-13T06:31:04+00:00,0,0,50,0,0,complete,Y,Y,2026-07-13T06:31:04+00:00,success,1,0,,,https://www.ebi.ac.uk/europepmc/webservices/rest/search,relevance,approved_terms_only,N,200,2620,candidate_unverified,none,mwbl-ingredient-multisource-discovery-v1.1-fresh,7779d9ebab29447f8465881efcb23b09a0f2f3751f524d19b389205ce650f26d
europe_pmc:oenothera_biennis_evening_primrose_oil:1417c394776305d5,europe_pmc,424,oenothera_biennis_evening_primrose_oil,달맞이꽃오일,Oenothera Biennis (Evening Primrose) Oil,Oenothera Biennis (Evening Primrose) Oil,"[{""alias_type"":"""",""origin"":""canonical_name_en"",""source"":""https://kcia.or.kr/cid/main/"",""term"":""Oenothera Biennis (Evening Primrose) Oil""}]","(TITLE_ABS:""Oenothera Biennis (Evening Primrose) Oil"") AND (TITLE_ABS:""skin"" OR TITLE_ABS:""topical"") AND NOT SRC:MED AND NOT SRC:PAT",1417c394776305d5e4af852ef98cbb3cfdf2c7106aeec42007b5b6e035e5204c,mwbl-ingredient-evidence-query-v1.1,2026-07-13T06:31:01+00:00,2026-07-13T06:31:04+00:00,0,0,50,0,0,complete,Y,Y,2026-07-13T06:31:04+00:00,success,1,0,,,https://www.ebi.ac.uk/europepmc/webservices/rest/search,relevance,approved_terms_only,N,200,2621,candidate_unverified,none,mwbl-ingredient-multisource-discovery-v1.1-fresh,7779d9ebab29447f8465881efcb23b09a0f2f3751f524d19b389205ce650f26d
europe_pmc:sodium_acrylate_sodium_acryloyldimethyl_taurate_copolymer:7b0ff11da9792a03,europe_pmc,425,sodium_acrylate_sodium_acryloyldimethyl_taurate_copolymer,소듐아크릴레이트/소듐아크릴로일다이메틸타우레이트코폴 리머,Sodium Acrylate/Sodium Acryloyldimethyl Taurate Copolymer,Sodium Acrylate/Sodium Acryloyldimethyl Taurate Copolymer,"[{""alias_type"":"""",""origin"":""canonical_name_en"",""source"":""https://kcia.or.kr/cid/main/"",""term"":""Sodium Acrylate/Sodium Acryloyldimethyl Taurate Copolymer""}]","(TITLE_ABS:""Sodium Acrylate/Sodium Acryloyldimethyl Taurate Copolymer"") AND (TITLE_ABS:""skin"" OR TITLE_ABS:""topical"") AND NOT SRC:MED AND NOT SRC:PAT",7b0ff11da9792a038d1b1f0341cb9ce3f749eed0d07bf7ef5846e6e390031f81,mwbl-ingredient-evidence-query-v1.1,2026-07-13T06:31:02+00:00,2026-07-13T06:31:04+00:00,0,0,50,0,0,complete,Y,Y,2026-07-13T06:31:04+00:00,success,1,0,,,https://www.ebi.ac.uk/europepmc/webservices/rest/search,relevance,approved_terms_only,N,200,2608,candidate_unverified,none,mwbl-ingredient-multisource-discovery-v1.1-fresh,7779d9ebab29447f8465881efcb23b09a0f2f3751f524d19b389205ce650f26d
europe_pmc:methionine:aa2cb2f44e76c7b6,europe_pmc,426,methionine,메티오닌,Methionine,Methionine,"[{""alias_type"":"""",""origin"":""canonical_name_en"",""source"":""https://kcia.or.kr/cid/main/"",""term"":""Methionine""}]","(TITLE_ABS:""Methionine"") AND (TITLE_ABS:""skin"" OR TITLE_ABS:""topical"") AND NOT SRC:MED AND NOT SRC:PAT",aa2cb2f44e76c7b6cdf9a6f05be1353bd998d0e0ab7389dc47a4dbdefa49fad8,mwbl-ingredient-evidence-query-v1.1,2026-07-13T06:31:03+00:00,2026-07-13T06:31:07+00:00,24,24,50,24,24,complete,Y,Y,2026-07-13T06:31:07+00:00,success,1,0,,,https://www.ebi.ac.uk/europepmc/webservices/rest/search,relevance,approved_terms_only,N,200,3684,candidate_unverified,none,mwbl-ingredient-multisource-discovery-v1.1-fresh,7779d9ebab29447f8465881efcb23b09a0f2f3751f524d19b389205ce650f26d
europe_pmc:vp_hexadecene_copolymer:b3fd40e5ac38542e,europe_pmc,427,vp_hexadecene_copolymer,브이피/헥사데센코폴리머,VP/Hexadecene Copolymer,VP/Hexadecene Copolymer,"[{""alias_type"":"""",""origin"":""canonical_name_en"",""source"":""https://kcia.or.kr/cid/main/"",""term"":""VP/Hexadecene Copolymer""}]","(TITLE_ABS:""VP/Hexadecene Copolymer"") AND (TITLE_ABS:""skin"" OR TITLE_ABS:""topical"") AND NOT SRC:MED AND NOT SRC:PAT",b3fd40e5ac38542ea55032b5341f3134402210182c3b8f586987293da2e5e788,mwbl-ingredient-evidence-query-v1.1,2026-07-13T06:31:04+00:00,2026-07-13T06:31:06+00:00,0,0,50,0,0,complete,Y,Y,2026-07-13T06:31:06+00:00,success,1,0,,,https://www.ebi.ac.uk/europepmc/webservices/rest/search,relevance,approved_terms_only,N,200,2097,candidate_unverified,none,mwbl-ingredient-multisource-discovery-v1.1-fresh,7779d9ebab29447f8465881efcb23b09a0f2f3751f524d19b389205ce650f26d
europe_pmc:copernicia_cerifera_carnauba_wax:ef26fbb2ea07c899,europe_pmc,428,copernicia_cerifera_carnauba_wax,카나우바왁스,Copernicia Cerifera (Carnauba) Wax,Copernicia Cerifera (Carnauba) Wax,"[{""alias_type"":"""",""origin"":""canonical_name_en"",""source"":""https://kcia.or.kr/cid/main/"",""term"":""Copernicia Cerifera (Carnauba) Wax""}]","(TITLE_ABS:""Copernicia Cerifera (Carnauba) Wax"") AND (TITLE_ABS:""skin"" OR TITLE_ABS:""topical"") AND NOT SRC:MED AND NOT SRC:PAT",ef26fbb2ea07c8995d2919eda090e6247057ebaac981d2d9d6cde92eb23da7f0,mwbl-ingredient-evidence-query-v1.1,2026-07-13T06:31:04+00:00,2026-07-13T06:31:07+00:00,0,0,50,0,0,complete,Y,Y,2026-07-13T06:31:07+00:00,success,1,0,,,https://www.ebi.ac.uk/europepmc/webservices/rest/search,relevance,approved_terms_only,N,200,3148,candidate_unverified,none,mwbl-ingredient-multisource-discovery-v1.1-fresh,7779d9ebab29447f8465881efcb23b09a0f2f3751f524d19b389205ce650f26d
europe_pmc:ammonium_polyacryloyldimethyl_taurate:3c722dc02ae32db0,europe_pmc,430,ammonium_polyacryloyldimethyl_taurate,암모늄폴리아크릴로일다이메틸타우레이트,Ammonium Polyacryloyldimethyl Taurate,Ammonium Polyacryloyldimethyl Taurate,"[{""alias_type"":"""",""origin"":""canonical_name_en"",""source"":""https://kcia.or.kr/cid/main/"",""term"":""Ammonium Polyacryloyldimethyl Taurate""}]","(TITLE_ABS:""Ammonium Polyacryloyldimethyl Taurate"") AND (TITLE_ABS:""skin"" OR TITLE_ABS:""topical"") AND NOT SRC:MED AND NOT SRC:PAT",3c722dc02ae32db08282bf3f05638dd9ef065985f33195d9fe355aa491db217a,mwbl-ingredient-evidence-query-v1.1,2026-07-13T06:31:04+00:00,2026-07-13T06:31:07+00:00,0,0,50,0,0,complete,Y,Y,2026-07-13T06:31:07+00:00,success,1,0,,,https://www.ebi.ac.uk/europepmc/webservices/rest/search,relevance,approved_terms_only,N,200,2615,candidate_unverified,none,mwbl-ingredient-multisource-discovery-v1.1-fresh,7779d9ebab29447f8465881efcb23b09a0f2f3751f524d19b389205ce650f26d
europe_pmc:geranyl_acetate:4e2a9e3910bd6da8,europe_pmc,431,geranyl_acetate,제라닐아세테이트,Geranyl Acetate,Geranyl Acetate,"[{""alias_type"":"""",""origin"":""canonical_name_en"",""source"":""https://kcia.or.kr/cid/main/"",""term"":""Geranyl Acetate""}]","(TITLE_ABS:""Geranyl Acetate"") AND (TITLE_ABS:""skin"" OR TITLE_ABS:""topical"") AND NOT SRC:MED AND NOT SRC:PAT",4e2a9e3910bd6da8d9071b9433c22fe166688faf29eb7f1a9f05cfc5cffa929d,mwbl-ingredient-evidence-query-v1.1,2026-07-13T06:31:06+00:00,2026-07-13T06:31:08+00:00,4,4,50,4,4,complete,Y,Y,2026-07-13T06:31:08+00:00,success,1,0,,,https://www.ebi.ac.uk/europepmc/webservices/rest/search,relevance,approved_terms_only,N,200,2105,candidate_unverified,none,mwbl-ingredient-multisource-discovery-v1.1-fresh,7779d9ebab29447f8465881efcb23b09a0f2f3751f524d19b389205ce650f26d
europe_pmc:paeonia_lactiflora_root_extract:9238b16da725dd9e,europe_pmc,432,paeonia_lactiflora_root_extract,작약뿌리추출물,Paeonia Lactiflora Root Extract,Paeonia Lactiflora Root Extract|Paeonia Albiflora Root Extract,"[{""alias_type"":"""",""origin"":""canonical_name_en"",""source"":""https://kcia.or.kr/cid/main/"",""term"":""Paeonia Lactiflora Root Extract""},{""alias_type"":""synonym"",""origin"":""approved_alias"",""source"":""KCIA 표준화명칭목록 2026-06-30"",""term"":""Paeonia Albiflora Root Extract""}]","(TITLE_ABS:""Paeonia Lactiflora Root Extract"" OR TITLE_ABS:""Paeonia Albiflora Root Extract"") AND (TITLE_ABS:""skin"" OR TITLE_ABS:""topical"") AND NOT SRC:MED AND NOT SRC:PAT",9238b16da725dd9e5399a1d70083f989a9c9417dea8044f281826f694fa5f222,mwbl-ingredient-evidence-query-v1.1,2026-07-13T06:31:07+00:00,2026-07-13T06:31:10+00:00,0,0,50,0,0,complete,Y,Y,2026-07-13T06:31:10+00:00,success,1,0,,,https://www.ebi.ac.uk/europepmc/webservices/rest/search,relevance,approved_terms_only,N,200,2628,candidate_unverified,none,mwbl-ingredient-multisource-discovery-v1.1-fresh,7779d9ebab29447f8465881efcb23b09a0f2f3751f524d19b389205ce650f26d
europe_pmc:sodium_lauroyl_sarcosinate:006668c4616527c7,europe_pmc,433,sodium_lauroyl_sarcosinate,소듐라우로일사코시네이트,Sodium Lauroyl Sarcosinate,Sodium Lauroyl Sarcosinate,"[{""alias_type"":"""",""origin"":""canonical_name_en"",""source"":""https://kcia.or.kr/cid/main/"",""term"":""Sodium Lauroyl Sarcosinate""}]","(TITLE_ABS:""Sodium Lauroyl Sarcosinate"") AND (TITLE_ABS:""skin"" OR TITLE_ABS:""topical"") AND NOT SRC:MED AND NOT SRC:PAT",006668c4616527c7fe0027d4e03adc82b7d4d1edb3ceaddf92016ce9bb949a41,mwbl-ingredient-evidence-query-v1.1,2026-07-13T06:31:07+00:00,2026-07-13T06:31:10+00:00,0,0,50,0,0,complete,Y,Y,2026-07-13T06:31:10+00:00,success,1,0,,,https://www.ebi.ac.uk/europepmc/webservices/rest/search,relevance,approved_terms_only,N,200,3151,candidate_unverified,none,mwbl-ingredient-multisource-discovery-v1.1-fresh,7779d9ebab29447f8465881efcb23b09a0f2f3751f524d19b389205ce650f26d
europe_pmc:dimethyl_isosorbide:58dd9d7ea8133020,europe_pmc,434,dimethyl_isosorbide,다이메틸아이소소바이드,Dimethyl Isosorbide,Dimethyl Isosorbide,"[{""alias_type"":"""",""origin"":""canonical_name_en"",""source"":""https://kcia.or.kr/cid/main/"",""term"":""Dimethyl Isosorbide""}]","(TITLE_ABS:""Dimethyl Isosorbide"") AND (TITLE_ABS:""skin"" OR TITLE_ABS:""topical"") AND NOT SRC:MED AND NOT SRC:PAT",58dd9d7ea8133020788a7ad6c04618e8af5cc06afc79ef5c83cbde4c22535dbc,mwbl-ingredient-evidence-query-v1.1,2026-07-13T06:31:07+00:00,2026-07-13T06:31:10+00:00,2,2,50,2,2,complete,Y,Y,2026-07-13T06:31:10+00:00,success,1,0,,,https://www.ebi.ac.uk/europepmc/webservices/rest/search,relevance,approved_terms_only,N,200,3150,candidate_unverified,none,mwbl-ingredient-multisource-discovery-v1.1-fresh,7779d9ebab29447f8465881efcb23b09a0f2f3751f524d19b389205ce650f26d
europe_pmc:hydroxypropyl_guar_hydroxypropyltrimonium_chloride:5bd2e688df099f57,europe_pmc,435,hydroxypropyl_guar_hydroxypropyltrimonium_chloride,하이드록시프로필구아하이드록시프로필트라이모늄클로라 이드,Hydroxypropyl Guar Hydroxypropyltrimonium Chloride,Hydroxypropyl Guar Hydroxypropyltrimonium Chloride,"[{""alias_type"":"""",""origin"":""canonical_name_en"",""source"":""https://kcia.or.kr/cid/main/"",""term"":""Hydroxypropyl Guar Hydroxypropyltrimonium Chloride""}]","(TITLE_ABS:""Hydroxypropyl Guar Hydroxypropyltrimonium Chloride"") AND (TITLE_ABS:""skin"" OR TITLE_ABS:""topical"") AND NOT SRC:MED AND NOT SRC:PAT",5bd2e688df099f570d483d3b47faad9840b9a620b7de901132aaa9804c0b417c,mwbl-ingredient-evidence-query-v1.1,2026-07-13T06:31:08+00:00,2026-07-13T06:31:11+00:00,0,0,50,0,0,complete,Y,Y,2026-07-13T06:31:11+00:00,success,1,0,,,https://www.ebi.ac.uk/europepmc/webservices/rest/search,relevance,approved_terms_only,N,200,3130,candidate_unverified,none,mwbl-ingredient-multisource-discovery-v1.1-fresh,7779d9ebab29447f8465881efcb23b09a0f2f3751f524d19b389205ce650f26d
europe_pmc:cetyl_palmitate:284fd9d654de2f03,europe_pmc,436,cetyl_palmitate,세틸팔미테이트,Cetyl Palmitate,Cetyl Palmitate,"[{""alias_type"":"""",""origin"":""canonical_name_en"",""source"":""https://kcia.or.kr/cid/main/"",""term"":""Cetyl Palmitate""}]","(TITLE_ABS:""Cetyl Palmitate"") AND (TITLE_ABS:""skin"" OR TITLE_ABS:""topical"") AND NOT SRC:MED AND NOT SRC:PAT",284fd9d654de2f03ae76e8d493dbff46c9f52f3445f829813b8c7d18be190a90,mwbl-ingredient-evidence-query-v1.1,2026-07-13T06:31:10+00:00,2026-07-13T06:31:13+00:00,1,1,50,1,1,complete,Y,Y,2026-07-13T06:31:13+00:00,success,1,0,,,https://www.ebi.ac.uk/europepmc/webservices/rest/search,relevance,approved_terms_only,N,200,3141,candidate_unverified,none,mwbl-ingredient-multisource-discovery-v1.1-fresh,7779d9ebab29447f8465881efcb23b09a0f2f3751f524d19b389205ce650f26d
europe_pmc:polyglyceryl_3_methylglucose_distearate:e2458a752a6487fe,europe_pmc,437,polyglyceryl_3_methylglucose_distearate,폴리글리세릴-3메틸글루코오스다이스테아레이트,Polyglyceryl-3 Methylglucose Distearate,Polyglyceryl-3 Methylglucose Distearate,"[{""alias_type"":"""",""origin"":""canonical_name_en"",""source"":""https://kcia.or.kr/cid/main/"",""term"":""Polyglyceryl-3 Methylglucose Distearate""}]","(TITLE_ABS:""Polyglyceryl-3 Methylglucose Distearate"") AND (TITLE_ABS:""skin"" OR TITLE_ABS:""topical"") AND NOT SRC:MED AND NOT SRC:PAT",e2458a752a6487fe52226273106bccee80e4ac9caf845f8a6562d4d1d8a82975,mwbl-ingredient-evidence-query-v1.1,2026-07-13T06:31:10+00:00,2026-07-13T06:31:13+00:00,0,0,50,0,0,complete,Y,Y,2026-07-13T06:31:13+00:00,success,1,0,,,https://www.ebi.ac.uk/europepmc/webservices/rest/search,relevance,approved_terms_only,N,200,3122,candidate_unverified,none,mwbl-ingredient-multisource-discovery-v1.1-fresh,7779d9ebab29447f8465881efcb23b09a0f2f3751f524d19b389205ce650f26d
europe_pmc:lactobacillus_ferment_lysate:db88f7806f9b8387,europe_pmc,438,lactobacillus_ferment_lysate,락토바실러스발효용해물,Lactobacillus Ferment Lysate,Lactobacillus Ferment Lysate,"[{""alias_type"":"""",""origin"":""canonical_name_en"",""source"":""https://kcia.or.kr/cid/main/"",""term"":""Lactobacillus Ferment Lysate""}]","(TITLE_ABS:""Lactobacillus Ferment Lysate"") AND (TITLE_ABS:""skin"" OR TITLE_ABS:""topical"") AND NOT SRC:MED AND NOT SRC:PAT",db88f7806f9b83876a3a453348d23b39b026eb8c0ffce3791e748c3d0a837de8,mwbl-ingredient-evidence-query-v1.1,2026-07-13T06:31:10+00:00,2026-07-13T06:31:14+00:00,0,0,50,0,0,complete,Y,Y,2026-07-13T06:31:14+00:00,success,1,0,,,https://www.ebi.ac.uk/europepmc/webservices/rest/search,relevance,approved_terms_only,N,200,3656,candidate_unverified,none,mwbl-ingredient-multisource-discovery-v1.1-fresh,7779d9ebab29447f8465881efcb23b09a0f2f3751f524d19b389205ce650f26d
europe_pmc:propylene_glycol_dicaprylate_dicaprate:af792e23fadd2e88,europe_pmc,439,propylene_glycol_dicaprylate_dicaprate,프로필렌글라이콜다이카프릴레이트/다이카프레이트,Propylene Glycol Dicaprylate/Dicaprate,Propylene Glycol Dicaprylate/Dicaprate,"[{""alias_type"":"""",""origin"":""canonical_name_en"",""source"":""https://kcia.or.kr/cid/main/"",""term"":""Propylene Glycol Dicaprylate/Dicaprate""}]","(TITLE_ABS:""Propylene Glycol Dicaprylate/Dicaprate"") AND (TITLE_ABS:""skin"" OR TITLE_ABS:""topical"") AND NOT SRC:MED AND NOT SRC:PAT",af792e23fadd2e88df38dba9bb53623a9600073c207c9b8e541184ff3f843a49,mwbl-ingredient-evidence-query-v1.1,2026-07-13T06:31:11+00:00,2026-07-13T06:31:14+00:00,0,0,50,0,0,complete,Y,Y,2026-07-13T06:31:14+00:00,success,1,0,,,https://www.ebi.ac.uk/europepmc/webservices/rest/search,relevance,approved_terms_only,N,200,2626,candidate_unverified,none,mwbl-ingredient-multisource-discovery-v1.1-fresh,7779d9ebab29447f8465881efcb23b09a0f2f3751f524d19b389205ce650f26d
europe_pmc:helianthus_annuus_sunflower_seed_extract:5300517d17227aed,europe_pmc,440,helianthus_annuus_sunflower_seed_extract,해바라기씨추출물,Helianthus Annuus (Sunflower) Seed Extract,Helianthus Annuus (Sunflower) Seed Extract,"[{""alias_type"":"""",""origin"":""canonical_name_en"",""source"":""https://kcia.or.kr/cid/main/"",""term"":""Helianthus Annuus (Sunflower) Seed Extract""}]","(TITLE_ABS:""Helianthus Annuus (Sunflower) Seed Extract"") AND (TITLE_ABS:""skin"" OR TITLE_ABS:""topical"") AND NOT SRC:MED AND NOT SRC:PAT",5300517d17227aed596904bcb7f2fa18f29524010e00dd1837b63845c95217b1,mwbl-ingredient-evidence-query-v1.1,2026-07-13T06:31:13+00:00,2026-07-13T06:31:16+00:00,0,0,50,0,0,complete,Y,Y,2026-07-13T06:31:16+00:00,success,1,0,,,https://www.ebi.ac.uk/europepmc/webservices/rest/search,relevance,approved_terms_only,N,200,3158,candidate_unverified,none,mwbl-ingredient-multisource-discovery-v1.1-fresh,7779d9ebab29447f8465881efcb23b09a0f2f3751f524d19b389205ce650f26d
europe_pmc:algae_extract:6b02909c89f313d4,europe_pmc,441,algae_extract,조류추출물,Algae Extract,Algae Extract,"[{""alias_type"":"""",""origin"":""canonical_name_en"",""source"":""https://kcia.or.kr/cid/main/"",""term"":""Algae Extract""}]","(TITLE_ABS:""Algae Extract"") AND (TITLE_ABS:""skin"" OR TITLE_ABS:""topical"") AND NOT SRC:MED AND NOT SRC:PAT",6b02909c89f313d4c0f3dad63b49a0f093eb5da41b159549c130f70545cd196d,mwbl-ingredient-evidence-query-v1.1,2026-07-13T06:31:13+00:00,2026-07-13T06:31:15+00:00,0,0,50,0,0,complete,Y,Y,2026-07-13T06:31:15+00:00,success,1,0,,,https://www.ebi.ac.uk/europepmc/webservices/rest/search,relevance,approved_terms_only,N,200,2113,candidate_unverified,none,mwbl-ingredient-multisource-discovery-v1.1-fresh,7779d9ebab29447f8465881efcb23b09a0f2f3751f524d19b389205ce650f26d
europe_pmc:tridecyl_trimellitate:e7e6a15ad6fe6061,europe_pmc,442,tridecyl_trimellitate,트라이데실트라이멜리테이트,Tridecyl Trimellitate,Tridecyl Trimellitate,"[{""alias_type"":"""",""origin"":""canonical_name_en"",""source"":""https://kcia.or.kr/cid/main/"",""term"":""Tridecyl Trimellitate""}]","(TITLE_ABS:""Tridecyl Trimellitate"") AND (TITLE_ABS:""skin"" OR TITLE_ABS:""topical"") AND NOT SRC:MED AND NOT SRC:PAT",e7e6a15ad6fe6061a649d51bbe441666b1c6d9423bc313ba4a43e2d849f480f5,mwbl-ingredient-evidence-query-v1.1,2026-07-13T06:31:14+00:00,2026-07-13T06:31:16+00:00,0,0,50,0,0,complete,Y,Y,2026-07-13T06:31:16+00:00,success,1,0,,,https://www.ebi.ac.uk/europepmc/webservices/rest/search,relevance,approved_terms_only,N,200,2620,candidate_unverified,none,mwbl-ingredient-multisource-discovery-v1.1-fresh,7779d9ebab29447f8465881efcb23b09a0f2f3751f524d19b389205ce650f26d
europe_pmc:vitis_vinifera_grape_fruit_extract:f2991a545a86eea6,europe_pmc,443,vitis_vinifera_grape_fruit_extract,포도추출물,Vitis Vinifera (Grape) Fruit Extract,Vitis Vinifera (Grape) Fruit Extract,"[{""alias_type"":"""",""origin"":""canonical_name_en"",""source"":""https://kcia.or.kr/cid/main/"",""term"":""Vitis Vinifera (Grape) Fruit Extract""}]","(TITLE_ABS:""Vitis Vinifera (Grape) Fruit Extract"") AND (TITLE_ABS:""skin"" OR TITLE_ABS:""topical"") AND NOT SRC:MED AND NOT SRC:PAT",f2991a545a86eea64bef523dbb868d36303897eb94c4cf821dddebba3aff35f2,mwbl-ingredient-evidence-query-v1.1,2026-07-13T06:31:14+00:00,2026-07-13T06:31:17+00:00,0,0,50,0,0,complete,Y,Y,2026-07-13T06:31:17+00:00,success,1,0,,,https://www.ebi.ac.uk/europepmc/webservices/rest/search,relevance,approved_terms_only,N,200,3131,candidate_unverified,none,mwbl-ingredient-multisource-discovery-v1.1-fresh,7779d9ebab29447f8465881efcb23b09a0f2f3751f524d19b389205ce650f26d
europe_pmc:avena_sativa_oat_kernel_extract:0938ae470e2a95f6,europe_pmc,444,avena_sativa_oat_kernel_extract,귀리커넬추출물,Avena Sativa (Oat) Kernel Extract,Avena Sativa (Oat) Kernel Extract,"[{""alias_type"":"""",""origin"":""canonical_name_en"",""source"":""https://kcia.or.kr/cid/main/"",""term"":""Avena Sativa (Oat) Kernel Extract""}]","(TITLE_ABS:""Avena Sativa (Oat) Kernel Extract"") AND (TITLE_ABS:""skin"" OR TITLE_ABS:""topical"") AND NOT SRC:MED AND NOT SRC:PAT",0938ae470e2a95f6f8ab650c49afb9148a33a89e6d5a107f264bd4101b271f59,mwbl-ingredient-evidence-query-v1.1,2026-07-13T06:31:15+00:00,2026-07-13T06:31:18+00:00,0,0,50,0,0,complete,Y,Y,2026-07-13T06:31:18+00:00,success,1,0,,,https://www.ebi.ac.uk/europepmc/webservices/rest/search,relevance,approved_terms_only,N,200,2619,candidate_unverified,none,mwbl-ingredient-multisource-discovery-v1.1-fresh,7779d9ebab29447f8465881efcb23b09a0f2f3751f524d19b389205ce650f26d
europe_pmc:diisopropyl_sebacate:100ce167dfcbfa1d,europe_pmc,445,diisopropyl_sebacate,다이아이소프로필세바케이트,Diisopropyl Sebacate,Diisopropyl Sebacate,"[{""alias_type"":"""",""origin"":""canonical_name_en"",""source"":""https://kcia.or.kr/cid/main/"",""term"":""Diisopropyl Sebacate""}]","(TITLE_ABS:""Diisopropyl Sebacate"") AND (TITLE_ABS:""skin"" OR TITLE_ABS:""topical"") AND NOT SRC:MED AND NOT SRC:PAT",100ce167dfcbfa1d645cac7211bccfd7a0396470165037e054fdf15089e5fecf,mwbl-ingredient-evidence-query-v1.1,2026-07-13T06:31:16+00:00,2026-07-13T06:31:19+00:00,0,0,50,0,0,complete,Y,Y,2026-07-13T06:31:19+00:00,success,1,0,,,https://www.ebi.ac.uk/europepmc/webservices/rest/search,relevance,approved_terms_only,N,200,3157,candidate_unverified,none,mwbl-ingredient-multisource-discovery-v1.1-fresh,7779d9ebab29447f8465881efcb23b09a0f2f3751f524d19b389205ce650f26d
europe_pmc:neopentyl_glycol_diheptanoate:c64a5ee5ad3e32c7,europe_pmc,446,neopentyl_glycol_diheptanoate,네오펜틸글라이콜다이헵타노에이트,Neopentyl Glycol Diheptanoate,Neopentyl Glycol Diheptanoate,"[{""alias_type"":"""",""origin"":""canonical_name_en"",""source"":""https://kcia.or.kr/cid/main/"",""term"":""Neopentyl Glycol Diheptanoate""}]","(TITLE_ABS:""Neopentyl Glycol Diheptanoate"") AND (TITLE_ABS:""skin"" OR TITLE_ABS:""topical"") AND NOT SRC:MED AND NOT SRC:PAT",c64a5ee5ad3e32c79b906c447ed99025d52e523edfa7a03b7cb71c2405007879,mwbl-ingredient-evidence-query-v1.1,2026-07-13T06:31:16+00:00,2026-07-13T06:31:19+00:00,0,0,50,0,0,complete,Y,Y,2026-07-13T06:31:19+00:00,success,1,0,,,https://www.ebi.ac.uk/europepmc/webservices/rest/search,relevance,approved_terms_only,N,200,2655,candidate_unverified,none,mwbl-ingredient-multisource-discovery-v1.1-fresh,7779d9ebab29447f8465881efcb23b09a0f2f3751f524d19b389205ce650f26d
europe_pmc:coccinia_indica_fruit_extract:615af1b929ce614d,europe_pmc,447,coccinia_indica_fruit_extract,아이비고드열매추출물,Coccinia Indica Fruit Extract,Coccinia Indica Fruit Extract,"[{""alias_type"":"""",""origin"":""canonical_name_en"",""source"":""https://kcia.or.kr/cid/main/"",""term"":""Coccinia Indica Fruit Extract""}]","(TITLE_ABS:""Coccinia Indica Fruit Extract"") AND (TITLE_ABS:""skin"" OR TITLE_ABS:""topical"") AND NOT SRC:MED AND NOT SRC:PAT",615af1b929ce614d1163603ecc51f8d219801a7c96b8f94e6d1f2bedf5680efe,mwbl-ingredient-evidence-query-v1.1,2026-07-13T06:31:17+00:00,2026-07-13T06:31:21+00:00,0,0,50,0,0,complete,Y,Y,2026-07-13T06:31:21+00:00,success,1,0,,,https://www.ebi.ac.uk/europepmc/webservices/rest/search,relevance,approved_terms_only,N,200,3694,candidate_unverified,none,mwbl-ingredient-multisource-discovery-v1.1-fresh,7779d9ebab29447f8465881efcb23b09a0f2f3751f524d19b389205ce650f26d
europe_pmc:erythritol:357b22e4585e9df2,europe_pmc,448,erythritol,에리스리톨,Erythritol,Erythritol,"[{""alias_type"":"""",""origin"":""canonical_name_en"",""source"":""https://kcia.or.kr/cid/main/"",""term"":""Erythritol""}]","(TITLE_ABS:""Erythritol"") AND (TITLE_ABS:""skin"" OR TITLE_ABS:""topical"") AND NOT SRC:MED AND NOT SRC:PAT",357b22e4585e9df2c79a6ff6ef01de74799bccffd8ae224ae14de474e94400ff,mwbl-ingredient-evidence-query-v1.1,2026-07-13T06:31:18+00:00,2026-07-13T06:31:21+00:00,2,2,50,2,2,complete,Y,Y,2026-07-13T06:31:21+00:00,success,1,0,,,https://www.ebi.ac.uk/europepmc/webservices/rest/search,relevance,approved_terms_only,N,200,3186,candidate_unverified,none,mwbl-ingredient-multisource-discovery-v1.1-fresh,7779d9ebab29447f8465881efcb23b09a0f2f3751f524d19b389205ce650f26d
europe_pmc:laminaria_saccharina_extract:ac8870dd3d4e52e4,europe_pmc,449,laminaria_saccharina_extract,슈가켈프추출물,Laminaria Saccharina Extract,Laminaria Saccharina Extract,"[{""alias_type"":"""",""origin"":""canonical_name_en"",""source"":""https://kcia.or.kr/cid/main/"",""term"":""Laminaria Saccharina Extract""}]","(TITLE_ABS:""Laminaria Saccharina Extract"") AND (TITLE_ABS:""skin"" OR TITLE_ABS:""topical"") AND NOT SRC:MED AND NOT SRC:PAT",ac8870dd3d4e52e4847535c52012d9ef9ab5ec3155be47c6f80facad9494a807,mwbl-ingredient-evidence-query-v1.1,2026-07-13T06:31:19+00:00,2026-07-13T06:31:22+00:00,0,0,50,0,0,complete,Y,Y,2026-07-13T06:31:22+00:00,success,1,0,,,https://www.ebi.ac.uk/europepmc/webservices/rest/search,relevance,approved_terms_only,N,200,2589,candidate_unverified,none,mwbl-ingredient-multisource-discovery-v1.1-fresh,7779d9ebab29447f8465881efcb23b09a0f2f3751f524d19b389205ce650f26d
europe_pmc:solanum_melongena_eggplant_fruit_extract:9d2243bc9eef8634,europe_pmc,450,solanum_melongena_eggplant_fruit_extract,가지열매추출물,Solanum Melongena (Eggplant) Fruit Extract,Solanum Melongena (Eggplant) Fruit Extract,"[{""alias_type"":"""",""origin"":""canonical_name_en"",""source"":""https://kcia.or.kr/cid/main/"",""term"":""Solanum Melongena (Eggplant) Fruit Extract""}]","(TITLE_ABS:""Solanum Melongena (Eggplant) Fruit Extract"") AND (TITLE_ABS:""skin"" OR TITLE_ABS:""topical"") AND NOT SRC:MED AND NOT SRC:PAT",9d2243bc9eef8634332456f6c6f696d0d751c8182bf3eccb6b34e132d5bddda8,mwbl-ingredient-evidence-query-v1.1,2026-07-13T06:31:19+00:00,2026-07-13T06:31:23+00:00,0,0,50,0,0,complete,Y,Y,2026-07-13T06:31:23+00:00,success,1,0,,,https://www.ebi.ac.uk/europepmc/webservices/rest/search,relevance,approved_terms_only,N,200,3626,candidate_unverified,none,mwbl-ingredient-multisource-discovery-v1.1-fresh,7779d9ebab29447f8465881efcb23b09a0f2f3751f524d19b389205ce650f26d
europe_pmc:helianthus_annuus_sunflower_extract:d1d53317b258a5f9,europe_pmc,451,helianthus_annuus_sunflower_extract,해바라기추출물,Helianthus Annuus (Sunflower) Extract,Helianthus Annuus (Sunflower) Extract,"[{""alias_type"":"""",""origin"":""canonical_name_en"",""source"":""https://kcia.or.kr/cid/main/"",""term"":""Helianthus Annuus (Sunflower) Extract""}]","(TITLE_ABS:""Helianthus Annuus (Sunflower) Extract"") AND (TITLE_ABS:""skin"" OR TITLE_ABS:""topical"") AND NOT SRC:MED AND NOT SRC:PAT",d1d53317b258a5f963dcaa93787b9b7bee7aa2b90d53fc1e8244da5c27b991c3,mwbl-ingredient-evidence-query-v1.1,2026-07-13T06:31:21+00:00,2026-07-13T06:31:23+00:00,0,0,50,0,0,complete,Y,Y,2026-07-13T06:31:23+00:00,success,1,0,,,https://www.ebi.ac.uk/europepmc/webservices/rest/search,relevance,approved_terms_only,N,200,2618,candidate_unverified,none,mwbl-ingredient-multisource-discovery-v1.1-fresh,7779d9ebab29447f8465881efcb23b09a0f2f3751f524d19b389205ce650f26d
europe_pmc:citrullus_lanatus_watermelon_fruit_extract:4485343538f8aeda,europe_pmc,452,citrullus_lanatus_watermelon_fruit_extract,수박추출물,Citrullus Lanatus (Watermelon) Fruit Extract,Citrullus Lanatus (Watermelon) Fruit Extract,"[{""alias_type"":"""",""origin"":""canonical_name_en"",""source"":""https://kcia.or.kr/cid/main/"",""term"":""Citrullus Lanatus (Watermelon) Fruit Extract""}]","(TITLE_ABS:""Citrullus Lanatus (Watermelon) Fruit Extract"") AND (TITLE_ABS:""skin"" OR TITLE_ABS:""topical"") AND NOT SRC:MED AND NOT SRC:PAT",4485343538f8aedac050e7faa58af49a8b9b59e36bec1558879fbfae1e71e942,mwbl-ingredient-evidence-query-v1.1,2026-07-13T06:31:21+00:00,2026-07-13T06:31:24+00:00,0,0,50,0,0,complete,Y,Y,2026-07-13T06:31:24+00:00,success,1,0,,,https://www.ebi.ac.uk/europepmc/webservices/rest/search,relevance,approved_terms_only,N,200,2655,candidate_unverified,none,mwbl-ingredient-multisource-discovery-v1.1-fresh,7779d9ebab29447f8465881efcb23b09a0f2f3751f524d19b389205ce650f26d
europe_pmc:cocamidopropyl_hydroxysultaine:76e8e9f0c3c1ec21,europe_pmc,453,cocamidopropyl_hydroxysultaine,코카미도프로필하이드록시설테인,Cocamidopropyl Hydroxysultaine,Cocamidopropyl Hydroxysultaine,"[{""alias_type"":"""",""origin"":""canonical_name_en"",""source"":""https://kcia.or.kr/cid/main/"",""term"":""Cocamidopropyl Hydroxysultaine""}]","(TITLE_ABS:""Cocamidopropyl Hydroxysultaine"") AND (TITLE_ABS:""skin"" OR TITLE_ABS:""topical"") AND NOT SRC:MED AND NOT SRC:PAT",76e8e9f0c3c1ec21b3d2201b838e82a345ac30bd201394fb930fae0fb17f8922,mwbl-ingredient-evidence-query-v1.1,2026-07-13T06:31:22+00:00,2026-07-13T06:31:24+00:00,0,0,50,0,0,complete,Y,Y,2026-07-13T06:31:24+00:00,success,1,0,,,https://www.ebi.ac.uk/europepmc/webservices/rest/search,relevance,approved_terms_only,N,200,2173,candidate_unverified,none,mwbl-ingredient-multisource-discovery-v1.1-fresh,7779d9ebab29447f8465881efcb23b09a0f2f3751f524d19b389205ce650f26d
europe_pmc:trisodium_edta:93cefabaf2bd7ce5,europe_pmc,454,trisodium_edta,트라이소듐이디티에이,Trisodium EDTA,Trisodium EDTA,"[{""alias_type"":"""",""origin"":""canonical_name_en"",""source"":""https://kcia.or.kr/cid/main/"",""term"":""Trisodium EDTA""}]","(TITLE_ABS:""Trisodium EDTA"") AND (TITLE_ABS:""skin"" OR TITLE_ABS:""topical"") AND NOT SRC:MED AND NOT SRC:PAT",93cefabaf2bd7ce5099b78ea4f3892b31999d7efac4c3f3be9d9af0de691a231,mwbl-ingredient-evidence-query-v1.1,2026-07-13T06:31:23+00:00,2026-07-13T06:31:25+00:00,0,0,50,0,0,complete,Y,Y,2026-07-13T06:31:25+00:00,success,1,0,,,https://www.ebi.ac.uk/europepmc/webservices/rest/search,relevance,approved_terms_only,N,200,2633,candidate_unverified,none,mwbl-ingredient-multisource-discovery-v1.1-fresh,7779d9ebab29447f8465881efcb23b09a0f2f3751f524d19b389205ce650f26d
europe_pmc:bakuchiol:72167f60716699cb,europe_pmc,455,bakuchiol,바쿠치올,Bakuchiol,Bakuchiol,"[{""alias_type"":"""",""origin"":""canonical_name_en"",""source"":""https://kcia.or.kr/cid/main/"",""term"":""Bakuchiol""}]","(TITLE_ABS:""Bakuchiol"") AND (TITLE_ABS:""skin"" OR TITLE_ABS:""topical"") AND NOT SRC:MED AND NOT SRC:PAT",72167f60716699cbc1222df75db9e0f87416984c37207c66f66e31a3de2c34b8,mwbl-ingredient-evidence-query-v1.1,2026-07-13T06:31:23+00:00,2026-07-13T06:31:26+00:00,6,6,50,6,6,complete,Y,Y,2026-07-13T06:31:26+00:00,success,1,0,,,https://www.ebi.ac.uk/europepmc/webservices/rest/search,relevance,approved_terms_only,N,200,2678,candidate_unverified,none,mwbl-ingredient-multisource-discovery-v1.1-fresh,7779d9ebab29447f8465881efcb23b09a0f2f3751f524d19b389205ce650f26d
europe_pmc:polyacrylamide:cbf2f4d1347d3b96,europe_pmc,456,polyacrylamide,폴리아크릴아마이드,Polyacrylamide,Polyacrylamide,"[{""alias_type"":"""",""origin"":""canonical_name_en"",""source"":""https://kcia.or.kr/cid/main/"",""term"":""Polyacrylamide""}]","(TITLE_ABS:""Polyacrylamide"") AND (TITLE_ABS:""skin"" OR TITLE_ABS:""topical"") AND NOT SRC:MED AND NOT SRC:PAT",cbf2f4d1347d3b96598f7279488785c64967282c107810a62f475bf0cb93ddd1,mwbl-ingredient-evidence-query-v1.1,2026-07-13T06:31:24+00:00,2026-07-13T06:31:29+00:00,56,56,50,50,50,capped_at_retrieval_limit,N,N,2026-07-13T06:31:29+00:00,success,1,0,,,https://www.ebi.ac.uk/europepmc/webservices/rest/search,relevance,approved_terms_only,N,200,4662,candidate_unverified,none,mwbl-ingredient-multisource-discovery-v1.1-fresh,7779d9ebab29447f8465881efcb23b09a0f2f3751f524d19b389205ce650f26d
europe_pmc:peg_8:ef11bd1b09684420,europe_pmc,457,peg_8,피이지-8,PEG-8,PEG-8,"[{""alias_type"":"""",""origin"":""canonical_name_en"",""source"":""https://kcia.or.kr/cid/main/"",""term"":""PEG-8""}]","(TITLE_ABS:""PEG-8"") AND (TITLE_ABS:""skin"" OR TITLE_ABS:""topical"") AND NOT SRC:MED AND NOT SRC:PAT",ef11bd1b09684420b7821e1b5462ce6b7caeff66d008f5ce642ca33f886a72bc,mwbl-ingredient-evidence-query-v1.1,2026-07-13T06:31:24+00:00,2026-07-13T06:31:27+00:00,1,1,50,1,1,complete,Y,Y,2026-07-13T06:31:27+00:00,success,1,0,,,https://www.ebi.ac.uk/europepmc/webservices/rest/search,relevance,approved_terms_only,N,200,3103,candidate_unverified,none,mwbl-ingredient-multisource-discovery-v1.1-fresh,7779d9ebab29447f8465881efcb23b09a0f2f3751f524d19b389205ce650f26d
europe_pmc:methyl_gluceth_20:0af3a6c5990d2cfe,europe_pmc,458,methyl_gluceth_20,메틸글루세스-20,Methyl Gluceth-20,Methyl Gluceth-20,"[{""alias_type"":"""",""origin"":""canonical_name_en"",""source"":""https://kcia.or.kr/cid/main/"",""term"":""Methyl Gluceth-20""}]","(TITLE_ABS:""Methyl Gluceth-20"") AND (TITLE_ABS:""skin"" OR TITLE_ABS:""topical"") AND NOT SRC:MED AND NOT SRC:PAT",0af3a6c5990d2cfe3bb036524b4321774dacd595c96ff555b4bf611d271d319b,mwbl-ingredient-evidence-query-v1.1,2026-07-13T06:31:25+00:00,2026-07-13T06:31:28+00:00,0,0,50,0,0,complete,Y,Y,2026-07-13T06:31:28+00:00,success,1,0,,,https://www.ebi.ac.uk/europepmc/webservices/rest/search,relevance,approved_terms_only,N,200,2632,candidate_unverified,none,mwbl-ingredient-multisource-discovery-v1.1-fresh,7779d9ebab29447f8465881efcb23b09a0f2f3751f524d19b389205ce650f26d
europe_pmc:pogostemon_cablin_oil:1370043a146bcd44,europe_pmc,459,pogostemon_cablin_oil,광곽향오일,Pogostemon Cablin Oil,Pogostemon Cablin Oil,"[{""alias_type"":"""",""origin"":""canonical_name_en"",""source"":""https://kcia.or.kr/cid/main/"",""term"":""Pogostemon Cablin Oil""}]","(TITLE_ABS:""Pogostemon Cablin Oil"") AND (TITLE_ABS:""skin"" OR TITLE_ABS:""topical"") AND NOT SRC:MED AND NOT SRC:PAT",1370043a146bcd440197786cce11b1b9fa15910e7dda7c685306e8a468687d43,mwbl-ingredient-evidence-query-v1.1,2026-07-13T06:31:26+00:00,2026-07-13T06:31:28+00:00,0,0,50,0,0,complete,Y,Y,2026-07-13T06:31:28+00:00,success,1,0,,,https://www.ebi.ac.uk/europepmc/webservices/rest/search,relevance,approved_terms_only,N,200,2028,candidate_unverified,none,mwbl-ingredient-multisource-discovery-v1.1-fresh,7779d9ebab29447f8465881efcb23b09a0f2f3751f524d19b389205ce650f26d
europe_pmc:ficus_carica_fig_fruit_extract:a1910081f43ae6e7,europe_pmc,460,ficus_carica_fig_fruit_extract,무화과추출물,Ficus Carica (Fig) Fruit Extract,Ficus Carica (Fig) Fruit Extract,"[{""alias_type"":"""",""origin"":""canonical_name_en"",""source"":""https://kcia.or.kr/cid/main/"",""term"":""Ficus Carica (Fig) Fruit Extract""}]","(TITLE_ABS:""Ficus Carica (Fig) Fruit Extract"") AND (TITLE_ABS:""skin"" OR TITLE_ABS:""topical"") AND NOT SRC:MED AND NOT SRC:PAT",a1910081f43ae6e73b57421cea8002d918a5406309776432abc7f140e9bba309,mwbl-ingredient-evidence-query-v1.1,2026-07-13T06:31:27+00:00,2026-07-13T06:31:30+00:00,0,0,50,0,0,complete,Y,Y,2026-07-13T06:31:30+00:00,success,1,0,,,https://www.ebi.ac.uk/europepmc/webservices/rest/search,relevance,approved_terms_only,N,200,2598,candidate_unverified,none,mwbl-ingredient-multisource-discovery-v1.1-fresh,7779d9ebab29447f8465881efcb23b09a0f2f3751f524d19b389205ce650f26d
europe_pmc:hydrolyzed_silk:dca209f8f2e0402c,europe_pmc,461,hydrolyzed_silk,하이드롤라이즈드실크,Hydrolyzed Silk,Hydrolyzed Silk,"[{""alias_type"":"""",""origin"":""canonical_name_en"",""source"":""https://kcia.or.kr/cid/main/"",""term"":""Hydrolyzed Silk""}]","(TITLE_ABS:""Hydrolyzed Silk"") AND (TITLE_ABS:""skin"" OR TITLE_ABS:""topical"") AND NOT SRC:MED AND NOT SRC:PAT",dca209f8f2e0402c4f5474565c7cb3c20dcf65bc19142a9b6199e30635668076,mwbl-ingredient-evidence-query-v1.1,2026-07-13T06:31:28+00:00,2026-07-13T06:31:31+00:00,0,0,50,0,0,complete,Y,Y,2026-07-13T06:31:31+00:00,success,1,0,,,https://www.ebi.ac.uk/europepmc/webservices/rest/search,relevance,approved_terms_only,N,200,2644,candidate_unverified,none,mwbl-ingredient-multisource-discovery-v1.1-fresh,7779d9ebab29447f8465881efcb23b09a0f2f3751f524d19b389205ce650f26d
europe_pmc:sodium_cocoyl_glutamate:431d1b8f6847c329,europe_pmc,462,sodium_cocoyl_glutamate,소듐코코일글루타메이트,Sodium Cocoyl Glutamate,Sodium Cocoyl Glutamate,"[{""alias_type"":"""",""origin"":""canonical_name_en"",""source"":""https://kcia.or.kr/cid/main/"",""term"":""Sodium Cocoyl Glutamate""}]","(TITLE_ABS:""Sodium Cocoyl Glutamate"") AND (TITLE_ABS:""skin"" OR TITLE_ABS:""topical"") AND NOT SRC:MED AND NOT SRC:PAT",431d1b8f6847c329e03fe9a309f234ddf30680190996b8f5c3d3b11a1d4917f5,mwbl-ingredient-evidence-query-v1.1,2026-07-13T06:31:28+00:00,2026-07-13T06:31:31+00:00,0,0,50,0,0,complete,Y,Y,2026-07-13T06:31:31+00:00,success,1,0,,,https://www.ebi.ac.uk/europepmc/webservices/rest/search,relevance,approved_terms_only,N,200,2624,candidate_unverified,none,mwbl-ingredient-multisource-discovery-v1.1-fresh,7779d9ebab29447f8465881efcb23b09a0f2f3751f524d19b389205ce650f26d
europe_pmc:copper_tripeptide_1:56c5b3f37862a973,europe_pmc,463,copper_tripeptide_1,카퍼트라이펩타이드-1,Copper Tripeptide-1,Copper Tripeptide-1,"[{""alias_type"":"""",""origin"":""canonical_name_en"",""source"":""https://kcia.or.kr/cid/main/"",""term"":""Copper Tripeptide-1""}]","(TITLE_ABS:""Copper Tripeptide-1"") AND (TITLE_ABS:""skin"" OR TITLE_ABS:""topical"") AND NOT SRC:MED AND NOT SRC:PAT",56c5b3f37862a973f9d92fe2686b21cbb0f9e6fc4ea563c5382fbe299c333141,mwbl-ingredient-evidence-query-v1.1,2026-07-13T06:31:29+00:00,2026-07-13T06:31:31+00:00,0,0,50,0,0,complete,Y,Y,2026-07-13T06:31:31+00:00,success,1,0,,,https://www.ebi.ac.uk/europepmc/webservices/rest/search,relevance,approved_terms_only,N,200,2603,candidate_unverified,none,mwbl-ingredient-multisource-discovery-v1.1-fresh,7779d9ebab29447f8465881efcb23b09a0f2f3751f524d19b389205ce650f26d
europe_pmc:chamomilla_recutita_matricaria_flower_extract:f238f21f76181001,europe_pmc,464,chamomilla_recutita_matricaria_flower_extract,마트리카리아꽃추출물,Chamomilla Recutita (Matricaria) Flower Extract,Chamomilla Recutita (Matricaria) Flower Extract|Anthemis Nobilis Flower Extract,"[{""alias_type"":"""",""origin"":""canonical_name_en"",""source"":""https://kcia.or.kr/cid/main/"",""term"":""Chamomilla Recutita (Matricaria) Flower Extract""},{""alias_type"":""synonym"",""origin"":""approved_alias"",""source"":""KCIA 표준화명칭목록 2026-06-30"",""term"":""Anthemis Nobilis Flower Extract""}]","(TITLE_ABS:""Chamomilla Recutita (Matricaria) Flower Extract"" OR TITLE_ABS:""Anthemis Nobilis Flower Extract"") AND (TITLE_ABS:""skin"" OR TITLE_ABS:""topical"") AND NOT SRC:MED AND NOT SRC:PAT",f238f21f76181001b1b0cc812abc651dd02c7fb5b33596885eb435f41ad40326,mwbl-ingredient-evidence-query-v1.1,2026-07-13T06:31:30+00:00,2026-07-13T06:31:32+00:00,0,0,50,0,0,complete,Y,Y,2026-07-13T06:31:32+00:00,success,1,0,,,https://www.ebi.ac.uk/europepmc/webservices/rest/search,relevance,approved_terms_only,N,200,2606,candidate_unverified,none,mwbl-ingredient-multisource-discovery-v1.1-fresh,7779d9ebab29447f8465881efcb23b09a0f2f3751f524d19b389205ce650f26d
europe_pmc:disodium_cocoamphodiacetate:c87eeb3cb8e6e0d4,europe_pmc,465,disodium_cocoamphodiacetate,다이소듐코코암포다이아세테이트,Disodium Cocoamphodiacetate,Disodium Cocoamphodiacetate,"[{""alias_type"":"""",""origin"":""canonical_name_en"",""source"":""https://kcia.or.kr/cid/main/"",""term"":""Disodium Cocoamphodiacetate""}]","(TITLE_ABS:""Disodium Cocoamphodiacetate"") AND (TITLE_ABS:""skin"" OR TITLE_ABS:""topical"") AND NOT SRC:MED AND NOT SRC:PAT",c87eeb3cb8e6e0d48c2ec9da933390eb309d00fca0017f21cbba8239aff09355,mwbl-ingredient-evidence-query-v1.1,2026-07-13T06:31:31+00:00,2026-07-13T06:31:33+00:00,0,0,50,0,0,complete,Y,Y,2026-07-13T06:31:33+00:00,success,1,0,,,https://www.ebi.ac.uk/europepmc/webservices/rest/search,relevance,approved_terms_only,N,200,2615,candidate_unverified,none,mwbl-ingredient-multisource-discovery-v1.1-fresh,7779d9ebab29447f8465881efcb23b09a0f2f3751f524d19b389205ce650f26d
europe_pmc:ethylene_propylene_styrene_copolymer:a5e522927a826a0e,europe_pmc,466,ethylene_propylene_styrene_copolymer,에틸렌/프로필렌/스타이렌코폴리머,Ethylene/Propylene/Styrene Copolymer,Ethylene/Propylene/Styrene Copolymer,"[{""alias_type"":"""",""origin"":""canonical_name_en"",""source"":""https://kcia.or.kr/cid/main/"",""term"":""Ethylene/Propylene/Styrene Copolymer""}]","(TITLE_ABS:""Ethylene/Propylene/Styrene Copolymer"") AND (TITLE_ABS:""skin"" OR TITLE_ABS:""topical"") AND NOT SRC:MED AND NOT SRC:PAT",a5e522927a826a0e4c3e92c3f92962c75f88bab1d0fc79fd5fa860b626d64638,mwbl-ingredient-evidence-query-v1.1,2026-07-13T06:31:31+00:00,2026-07-13T06:31:34+00:00,0,0,50,0,0,complete,Y,Y,2026-07-13T06:31:34+00:00,success,1,0,,,https://www.ebi.ac.uk/europepmc/webservices/rest/search,relevance,approved_terms_only,N,200,3130,candidate_unverified,none,mwbl-ingredient-multisource-discovery-v1.1-fresh,7779d9ebab29447f8465881efcb23b09a0f2f3751f524d19b389205ce650f26d
europe_pmc:isopentyldiol:9adc4497b66cc0bd,europe_pmc,467,isopentyldiol,아이소펜틸다이올,Isopentyldiol,Isopentyldiol,"[{""alias_type"":"""",""origin"":""canonical_name_en"",""source"":""https://kcia.or.kr/cid/main/"",""term"":""Isopentyldiol""}]","(TITLE_ABS:""Isopentyldiol"") AND (TITLE_ABS:""skin"" OR TITLE_ABS:""topical"") AND NOT SRC:MED AND NOT SRC:PAT",9adc4497b66cc0bdc8342067e7634ff36588de81ded61efc6f094f15d2f6bb48,mwbl-ingredient-evidence-query-v1.1,2026-07-13T06:31:31+00:00,2026-07-13T06:31:34+00:00,0,0,50,0,0,complete,Y,Y,2026-07-13T06:31:34+00:00,success,1,0,,,https://www.ebi.ac.uk/europepmc/webservices/rest/search,relevance,approved_terms_only,N,200,2638,candidate_unverified,none,mwbl-ingredient-multisource-discovery-v1.1-fresh,7779d9ebab29447f8465881efcb23b09a0f2f3751f524d19b389205ce650f26d
europe_pmc:hibiscus_sabdariffa_flower_extract:dc52999bacf8b5b6,europe_pmc,468,hibiscus_sabdariffa_flower_extract,히비스커스꽃추출물,Hibiscus Sabdariffa Flower Extract,Hibiscus Sabdariffa Flower Extract,"[{""alias_type"":"""",""origin"":""canonical_name_en"",""source"":""https://kcia.or.kr/cid/main/"",""term"":""Hibiscus Sabdariffa Flower Extract""}]","(TITLE_ABS:""Hibiscus Sabdariffa Flower Extract"") AND (TITLE_ABS:""skin"" OR TITLE_ABS:""topical"") AND NOT SRC:MED AND NOT SRC:PAT",dc52999bacf8b5b68a3ae34ef0396c12788e8c6e28d4d5f859cc4057ba7406be,mwbl-ingredient-evidence-query-v1.1,2026-07-13T06:31:32+00:00,2026-07-13T06:31:35+00:00,0,0,50,0,0,complete,Y,Y,2026-07-13T06:31:35+00:00,success,1,0,,,https://www.ebi.ac.uk/europepmc/webservices/rest/search,relevance,approved_terms_only,N,200,2643,candidate_unverified,none,mwbl-ingredient-multisource-discovery-v1.1-fresh,7779d9ebab29447f8465881efcb23b09a0f2f3751f524d19b389205ce650f26d
europe_pmc:benzyl_glycol:cc1a7ddfce0dca3f,europe_pmc,469,benzyl_glycol,벤질글라이콜,Benzyl Glycol,Benzyl Glycol,"[{""alias_type"":"""",""origin"":""canonical_name_en"",""source"":""https://kcia.or.kr/cid/main/"",""term"":""Benzyl Glycol""}]","(TITLE_ABS:""Benzyl Glycol"") AND (TITLE_ABS:""skin"" OR TITLE_ABS:""topical"") AND NOT SRC:MED AND NOT SRC:PAT",cc1a7ddfce0dca3fd93feabcd284602b456aa35481b91bdf63d7e4b032d8d707,mwbl-ingredient-evidence-query-v1.1,2026-07-13T06:31:33+00:00,2026-07-13T06:31:36+00:00,0,0,50,0,0,complete,Y,Y,2026-07-13T06:31:36+00:00,success,1,0,,,https://www.ebi.ac.uk/europepmc/webservices/rest/search,relevance,approved_terms_only,N,200,2611,candidate_unverified,none,mwbl-ingredient-multisource-discovery-v1.1-fresh,7779d9ebab29447f8465881efcb23b09a0f2f3751f524d19b389205ce650f26d
europe_pmc:disodium_laureth_sulfosuccinate:be1eab527947f59d,europe_pmc,470,disodium_laureth_sulfosuccinate,다이소듐라우레스설포석시네이트,Disodium Laureth Sulfosuccinate,Disodium Laureth Sulfosuccinate,"[{""alias_type"":"""",""origin"":""canonical_name_en"",""source"":""https://kcia.or.kr/cid/main/"",""term"":""Disodium Laureth Sulfosuccinate""}]","(TITLE_ABS:""Disodium Laureth Sulfosuccinate"") AND (TITLE_ABS:""skin"" OR TITLE_ABS:""topical"") AND NOT SRC:MED AND NOT SRC:PAT",be1eab527947f59dd853f42b07bd03b28ee533742e65cd3d013fbe11e53269f9,mwbl-ingredient-evidence-query-v1.1,2026-07-13T06:31:34+00:00,2026-07-13T06:31:36+00:00,0,0,50,0,0,complete,Y,Y,2026-07-13T06:31:36+00:00,success,1,0,,,https://www.ebi.ac.uk/europepmc/webservices/rest/search,relevance,approved_terms_only,N,200,2088,candidate_unverified,none,mwbl-ingredient-multisource-discovery-v1.1-fresh,7779d9ebab29447f8465881efcb23b09a0f2f3751f524d19b389205ce650f26d
europe_pmc:glyceryl_glucoside:dde9c21fee6ea9b4,europe_pmc,471,glyceryl_glucoside,글리세릴글루코사이드,Glyceryl Glucoside,Glyceryl Glucoside,"[{""alias_type"":"""",""origin"":""canonical_name_en"",""source"":""https://kcia.or.kr/cid/main/"",""term"":""Glyceryl Glucoside""}]","(TITLE_ABS:""Glyceryl Glucoside"") AND (TITLE_ABS:""skin"" OR TITLE_ABS:""topical"") AND NOT SRC:MED AND NOT SRC:PAT",dde9c21fee6ea9b4f8cbc8d071e936ace9b5f5600ec3cab85f846059975f9c56,mwbl-ingredient-evidence-query-v1.1,2026-07-13T06:31:34+00:00,2026-07-13T06:31:37+00:00,0,0,50,0,0,complete,Y,Y,2026-07-13T06:31:37+00:00,success,1,0,,,https://www.ebi.ac.uk/europepmc/webservices/rest/search,relevance,approved_terms_only,N,200,3129,candidate_unverified,none,mwbl-ingredient-multisource-discovery-v1.1-fresh,7779d9ebab29447f8465881efcb23b09a0f2f3751f524d19b389205ce650f26d
europe_pmc:terpineol:862081d856a1a024,europe_pmc,472,terpineol,터피네올,Terpineol,Terpineol,"[{""alias_type"":"""",""origin"":""canonical_name_en"",""source"":""https://kcia.or.kr/cid/main/"",""term"":""Terpineol""}]","(TITLE_ABS:""Terpineol"") AND (TITLE_ABS:""skin"" OR TITLE_ABS:""topical"") AND NOT SRC:MED AND NOT SRC:PAT",862081d856a1a0249d960e4bf3195ba7898771bb16c7ba91765c03bce75df29f,mwbl-ingredient-evidence-query-v1.1,2026-07-13T06:31:35+00:00,2026-07-13T06:31:38+00:00,10,10,50,10,10,complete,Y,Y,2026-07-13T06:31:38+00:00,success,1,0,,,https://www.ebi.ac.uk/europepmc/webservices/rest/search,relevance,approved_terms_only,N,200,3135,candidate_unverified,none,mwbl-ingredient-multisource-discovery-v1.1-fresh,7779d9ebab29447f8465881efcb23b09a0f2f3751f524d19b389205ce650f26d
europe_pmc:theobroma_cacao_cocoa_seed_extract:382be0e18a4b8b89,europe_pmc,473,theobroma_cacao_cocoa_seed_extract,카카오씨추출물,Theobroma Cacao (Cocoa) Seed Extract,Theobroma Cacao (Cocoa) Seed Extract,"[{""alias_type"":"""",""origin"":""canonical_name_en"",""source"":""https://kcia.or.kr/cid/main/"",""term"":""Theobroma Cacao (Cocoa) Seed Extract""}]","(TITLE_ABS:""Theobroma Cacao (Cocoa) Seed Extract"") AND (TITLE_ABS:""skin"" OR TITLE_ABS:""topical"") AND NOT SRC:MED AND NOT SRC:PAT",382be0e18a4b8b89cda5ca849b59936a703772582ac398449974c4b20d37bd2a,mwbl-ingredient-evidence-query-v1.1,2026-07-13T06:31:36+00:00,2026-07-13T06:31:38+00:00,0,0,50,0,0,complete,Y,Y,2026-07-13T06:31:38+00:00,success,1,0,,,https://www.ebi.ac.uk/europepmc/webservices/rest/search,relevance,approved_terms_only,N,200,2634,candidate_unverified,none,mwbl-ingredient-multisource-discovery-v1.1-fresh,7779d9ebab29447f8465881efcb23b09a0f2f3751f524d19b389205ce650f26d
europe_pmc:tridecane:4e451a37eee721fb,europe_pmc,474,tridecane,트라이데케인,Tridecane,Tridecane,"[{""alias_type"":"""",""origin"":""canonical_name_en"",""source"":""https://kcia.or.kr/cid/main/"",""term"":""Tridecane""}]","(TITLE_ABS:""Tridecane"") AND (TITLE_ABS:""skin"" OR TITLE_ABS:""topical"") AND NOT SRC:MED AND NOT SRC:PAT",4e451a37eee721fbbcc68138535a0cbf519d5395d922cd0921ba81b7e44215a7,mwbl-ingredient-evidence-query-v1.1,2026-07-13T06:31:36+00:00,2026-07-13T06:31:39+00:00,1,1,50,1,1,complete,Y,Y,2026-07-13T06:31:39+00:00,success,1,0,,,https://www.ebi.ac.uk/europepmc/webservices/rest/search,relevance,approved_terms_only,N,200,3160,candidate_unverified,none,mwbl-ingredient-multisource-discovery-v1.1-fresh,7779d9ebab29447f8465881efcb23b09a0f2f3751f524d19b389205ce650f26d
europe_pmc:pantolactone:ef2042888e6e778c,europe_pmc,475,pantolactone,판토락톤,Pantolactone,Pantolactone,"[{""alias_type"":"""",""origin"":""canonical_name_en"",""source"":""https://kcia.or.kr/cid/main/"",""term"":""Pantolactone""}]","(TITLE_ABS:""Pantolactone"") AND (TITLE_ABS:""skin"" OR TITLE_ABS:""topical"") AND NOT SRC:MED AND NOT SRC:PAT",ef2042888e6e778c818e949129ac537c6862330ffb3ba1f99dd2ff71499ecd9f,mwbl-ingredient-evidence-query-v1.1,2026-07-13T06:31:37+00:00,2026-07-13T06:31:39+00:00,0,0,50,0,0,complete,Y,Y,2026-07-13T06:31:39+00:00,success,1,0,,,https://www.ebi.ac.uk/europepmc/webservices/rest/search,relevance,approved_terms_only,N,200,2106,candidate_unverified,none,mwbl-ingredient-multisource-discovery-v1.1-fresh,7779d9ebab29447f8465881efcb23b09a0f2f3751f524d19b389205ce650f26d
europe_pmc:cysteine:19c602c5e797edf1,europe_pmc,476,cysteine,시스테인,Cysteine,Cysteine,"[{""alias_type"":"""",""origin"":""canonical_name_en"",""source"":""https://kcia.or.kr/cid/main/"",""term"":""Cysteine""}]","(TITLE_ABS:""Cysteine"") AND (TITLE_ABS:""skin"" OR TITLE_ABS:""topical"") AND NOT SRC:MED AND NOT SRC:PAT",19c602c5e797edf12851671e853f3dcb85747ab85cabceb55cd705c7ba1caf34,mwbl-ingredient-evidence-query-v1.1,2026-07-13T06:31:38+00:00,2026-07-13T06:31:43+00:00,69,69,50,50,50,capped_at_retrieval_limit,N,N,2026-07-13T06:31:43+00:00,success,1,0,,,https://www.ebi.ac.uk/europepmc/webservices/rest/search,relevance,approved_terms_only,N,200,4737,candidate_unverified,none,mwbl-ingredient-multisource-discovery-v1.1-fresh,7779d9ebab29447f8465881efcb23b09a0f2f3751f524d19b389205ce650f26d
europe_pmc:barium_sulfate:b23185e4777c6cc6,europe_pmc,477,barium_sulfate,바륨설페이트,Barium Sulfate,Barium Sulfate,"[{""alias_type"":"""",""origin"":""canonical_name_en"",""source"":""https://kcia.or.kr/cid/main/"",""term"":""Barium Sulfate""}]","(TITLE_ABS:""Barium Sulfate"") AND (TITLE_ABS:""skin"" OR TITLE_ABS:""topical"") AND NOT SRC:MED AND NOT SRC:PAT",b23185e4777c6cc67bc44ed9a0bbd6c84e2fb1e7bf5813183843fff3158b5f53,mwbl-ingredient-evidence-query-v1.1,2026-07-13T06:31:38+00:00,2026-07-13T06:31:41+00:00,0,0,50,0,0,complete,Y,Y,2026-07-13T06:31:41+00:00,success,1,0,,,https://www.ebi.ac.uk/europepmc/webservices/rest/search,relevance,approved_terms_only,N,200,2610,candidate_unverified,none,mwbl-ingredient-multisource-discovery-v1.1-fresh,7779d9ebab29447f8465881efcb23b09a0f2f3751f524d19b389205ce650f26d
europe_pmc:arachidyl_alcohol:459c5dac0c266ae0,europe_pmc,478,arachidyl_alcohol,아라키딜알코올,Arachidyl Alcohol,Arachidyl Alcohol,"[{""alias_type"":"""",""origin"":""canonical_name_en"",""source"":""https://kcia.or.kr/cid/main/"",""term"":""Arachidyl Alcohol""}]","(TITLE_ABS:""Arachidyl Alcohol"") AND (TITLE_ABS:""skin"" OR TITLE_ABS:""topical"") AND NOT SRC:MED AND NOT SRC:PAT",459c5dac0c266ae05d26b240aa0cdbe0fddb0bdd9924606df469256a259a07ca,mwbl-ingredient-evidence-query-v1.1,2026-07-13T06:31:39+00:00,2026-07-13T06:31:42+00:00,0,0,50,0,0,complete,Y,Y,2026-07-13T06:31:42+00:00,success,1,0,,,https://www.ebi.ac.uk/europepmc/webservices/rest/search,relevance,approved_terms_only,N,200,2633,candidate_unverified,none,mwbl-ingredient-multisource-discovery-v1.1-fresh,7779d9ebab29447f8465881efcb23b09a0f2f3751f524d19b389205ce650f26d
europe_pmc:sodium_acetate:8bf39b7cd65da495,europe_pmc,479,sodium_acetate,소듐아세테이트,Sodium Acetate,Sodium Acetate,"[{""alias_type"":"""",""origin"":""canonical_name_en"",""source"":""https://kcia.or.kr/cid/main/"",""term"":""Sodium Acetate""}]","(TITLE_ABS:""Sodium Acetate"") AND (TITLE_ABS:""skin"" OR TITLE_ABS:""topical"") AND NOT SRC:MED AND NOT SRC:PAT",8bf39b7cd65da495e6d1ce3b55125b050dbfb5ea2083d7dfd2fc843254f4c4c8,mwbl-ingredient-evidence-query-v1.1,2026-07-13T06:31:39+00:00,2026-07-13T06:31:42+00:00,4,4,50,4,4,complete,Y,Y,2026-07-13T06:31:42+00:00,success,1,0,,,https://www.ebi.ac.uk/europepmc/webservices/rest/search,relevance,approved_terms_only,N,200,2635,candidate_unverified,none,mwbl-ingredient-multisource-discovery-v1.1-fresh,7779d9ebab29447f8465881efcb23b09a0f2f3751f524d19b389205ce650f26d
europe_pmc:coffea_arabica_coffee_seed_extract:185d51489213d301,europe_pmc,480,coffea_arabica_coffee_seed_extract,커피콩추출물,Coffea Arabica (Coffee) Seed Extract,Coffea Arabica (Coffee) Seed Extract,"[{""alias_type"":"""",""origin"":""canonical_name_en"",""source"":""https://kcia.or.kr/cid/main/"",""term"":""Coffea Arabica (Coffee) Seed Extract""}]","(TITLE_ABS:""Coffea Arabica (Coffee) Seed Extract"") AND (TITLE_ABS:""skin"" OR TITLE_ABS:""topical"") AND NOT SRC:MED AND NOT SRC:PAT",185d51489213d301a63d6bdca70703a04406e20d473b7eac6900685b2e2e4ef0,mwbl-ingredient-evidence-query-v1.1,2026-07-13T06:31:41+00:00,2026-07-13T06:31:44+00:00,0,0,50,0,0,complete,Y,Y,2026-07-13T06:31:44+00:00,success,1,0,,,https://www.ebi.ac.uk/europepmc/webservices/rest/search,relevance,approved_terms_only,N,200,2617,candidate_unverified,none,mwbl-ingredient-multisource-discovery-v1.1-fresh,7779d9ebab29447f8465881efcb23b09a0f2f3751f524d19b389205ce650f26d
europe_pmc:laminaria_japonica_extract:a0f69465b4acea55,europe_pmc,481,laminaria_japonica_extract,다시마추출물,Laminaria Japonica Extract,Laminaria Japonica Extract,"[{""alias_type"":"""",""origin"":""canonical_name_en"",""source"":""https://kcia.or.kr/cid/main/"",""term"":""Laminaria Japonica Extract""}]","(TITLE_ABS:""Laminaria Japonica Extract"") AND (TITLE_ABS:""skin"" OR TITLE_ABS:""topical"") AND NOT SRC:MED AND NOT SRC:PAT",a0f69465b4acea5540e88cb8068f9a0a548030b790383c6581d0f05589eb3061,mwbl-ingredient-evidence-query-v1.1,2026-07-13T06:31:42+00:00,2026-07-13T06:31:44+00:00,0,0,50,0,0,complete,Y,Y,2026-07-13T06:31:44+00:00,success,1,0,,,https://www.ebi.ac.uk/europepmc/webservices/rest/search,relevance,approved_terms_only,N,200,2596,candidate_unverified,none,mwbl-ingredient-multisource-discovery-v1.1-fresh,7779d9ebab29447f8465881efcb23b09a0f2f3751f524d19b389205ce650f26d
europe_pmc:vaccinium_angustifolium_blueberry_fruit_extract:dcad19269f23d0d3,europe_pmc,482,vaccinium_angustifolium_blueberry_fruit_extract,로우스위트블루베리추출물,Vaccinium Angustifolium (Blueberry) Fruit Extract,Vaccinium Angustifolium (Blueberry) Fruit Extract,"[{""alias_type"":"""",""origin"":""canonical_name_en"",""source"":""https://kcia.or.kr/cid/main/"",""term"":""Vaccinium Angustifolium (Blueberry) Fruit Extract""}]","(TITLE_ABS:""Vaccinium Angustifolium (Blueberry) Fruit Extract"") AND (TITLE_ABS:""skin"" OR TITLE_ABS:""topical"") AND NOT SRC:MED AND NOT SRC:PAT",dcad19269f23d0d39c3ac7788105f1e7c3cd2da861a627b589b8c3886304f42d,mwbl-ingredient-evidence-query-v1.1,2026-07-13T06:31:42+00:00,2026-07-13T06:31:45+00:00,0,0,50,0,0,complete,Y,Y,2026-07-13T06:31:45+00:00,success,1,0,,,https://www.ebi.ac.uk/europepmc/webservices/rest/search,relevance,approved_terms_only,N,200,3126,candidate_unverified,none,mwbl-ingredient-multisource-discovery-v1.1-fresh,7779d9ebab29447f8465881efcb23b09a0f2f3751f524d19b389205ce650f26d
europe_pmc:oryza_sativa_rice_bran_oil:10d6d1f41a71fbd6,europe_pmc,483,oryza_sativa_rice_bran_oil,쌀겨오일,Oryza Sativa (Rice) Bran Oil,Oryza Sativa (Rice) Bran Oil,"[{""alias_type"":"""",""origin"":""canonical_name_en"",""source"":""https://kcia.or.kr/cid/main/"",""term"":""Oryza Sativa (Rice) Bran Oil""}]","(TITLE_ABS:""Oryza Sativa (Rice) Bran Oil"") AND (TITLE_ABS:""skin"" OR TITLE_ABS:""topical"") AND NOT SRC:MED AND NOT SRC:PAT",10d6d1f41a71fbd68924d2ba0aec9ec69035ebcd2bae5154a939212807e6ccbf,mwbl-ingredient-evidence-query-v1.1,2026-07-13T06:31:43+00:00,2026-07-13T06:31:45+00:00,0,0,50,0,0,complete,Y,Y,2026-07-13T06:31:45+00:00,success,1,0,,,https://www.ebi.ac.uk/europepmc/webservices/rest/search,relevance,approved_terms_only,N,200,2083,candidate_unverified,none,mwbl-ingredient-multisource-discovery-v1.1-fresh,7779d9ebab29447f8465881efcb23b09a0f2f3751f524d19b389205ce650f26d
europe_pmc:magnesium_ascorbyl_phosphate:6d20f1fb31b3184c,europe_pmc,484,magnesium_ascorbyl_phosphate,마그네슘아스코빌포스페이트,Magnesium Ascorbyl Phosphate,Magnesium Ascorbyl Phosphate,"[{""alias_type"":"""",""origin"":""canonical_name_en"",""source"":""https://kcia.or.kr/cid/main/"",""term"":""Magnesium Ascorbyl Phosphate""}]","(TITLE_ABS:""Magnesium Ascorbyl Phosphate"") AND (TITLE_ABS:""skin"" OR TITLE_ABS:""topical"") AND NOT SRC:MED AND NOT SRC:PAT",6d20f1fb31b3184c65d64d31c0abdd282f35b3a9dd98b7cac5306180fa4589f1,mwbl-ingredient-evidence-query-v1.1,2026-07-13T06:31:44+00:00,2026-07-13T06:31:46+00:00,0,0,50,0,0,complete,Y,Y,2026-07-13T06:31:46+00:00,success,1,0,,,https://www.ebi.ac.uk/europepmc/webservices/rest/search,relevance,approved_terms_only,N,200,2624,candidate_unverified,none,mwbl-ingredient-multisource-discovery-v1.1-fresh,7779d9ebab29447f8465881efcb23b09a0f2f3751f524d19b389205ce650f26d
europe_pmc:polyquaternium_51:f7a29dab991336dc,europe_pmc,485,polyquaternium_51,폴리쿼터늄-51,Polyquaternium-51,Polyquaternium-51,"[{""alias_type"":"""",""origin"":""canonical_name_en"",""source"":""https://kcia.or.kr/cid/main/"",""term"":""Polyquaternium-51""}]","(TITLE_ABS:""Polyquaternium-51"") AND (TITLE_ABS:""skin"" OR TITLE_ABS:""topical"") AND NOT SRC:MED AND NOT SRC:PAT",f7a29dab991336dc4556fe78e71baaa06b04981e7c77a95a62d20996eca27dce,mwbl-ingredient-evidence-query-v1.1,2026-07-13T06:31:44+00:00,2026-07-13T06:31:47+00:00,0,0,50,0,0,complete,Y,Y,2026-07-13T06:31:47+00:00,success,1,0,,,https://www.ebi.ac.uk/europepmc/webservices/rest/search,relevance,approved_terms_only,N,200,2670,candidate_unverified,none,mwbl-ingredient-multisource-discovery-v1.1-fresh,7779d9ebab29447f8465881efcb23b09a0f2f3751f524d19b389205ce650f26d
europe_pmc:pentaerythrityl_tetraethylhexanoate:c28df834bd19d5c6,europe_pmc,486,pentaerythrityl_tetraethylhexanoate,펜타에리스리틸테트라에틸헥사노에이트,Pentaerythrityl Tetraethylhexanoate,Pentaerythrityl Tetraethylhexanoate,"[{""alias_type"":"""",""origin"":""canonical_name_en"",""source"":""https://kcia.or.kr/cid/main/"",""term"":""Pentaerythrityl Tetraethylhexanoate""}]","(TITLE_ABS:""Pentaerythrityl Tetraethylhexanoate"") AND (TITLE_ABS:""skin"" OR TITLE_ABS:""topical"") AND NOT SRC:MED AND NOT SRC:PAT",c28df834bd19d5c671d6a13c4a11663e1620705784fd87799ec2e69496772870,mwbl-ingredient-evidence-query-v1.1,2026-07-13T06:31:45+00:00,2026-07-13T06:31:48+00:00,0,0,50,0,0,complete,Y,Y,2026-07-13T06:31:48+00:00,success,1,0,,,https://www.ebi.ac.uk/europepmc/webservices/rest/search,relevance,approved_terms_only,N,200,3155,candidate_unverified,none,mwbl-ingredient-multisource-discovery-v1.1-fresh,7779d9ebab29447f8465881efcb23b09a0f2f3751f524d19b389205ce650f26d
europe_pmc:steareth_20:280484a9db886628,europe_pmc,487,steareth_20,스테아레스-20,Steareth-20,Steareth-20,"[{""alias_type"":"""",""origin"":""canonical_name_en"",""source"":""https://kcia.or.kr/cid/main/"",""term"":""Steareth-20""}]","(TITLE_ABS:""Steareth-20"") AND (TITLE_ABS:""skin"" OR TITLE_ABS:""topical"") AND NOT SRC:MED AND NOT SRC:PAT",280484a9db88662808724ddeb2671eed43a6c76748a06edf9bd5263132055957,mwbl-ingredient-evidence-query-v1.1,2026-07-13T06:31:45+00:00,2026-07-13T06:31:48+00:00,0,0,50,0,0,complete,Y,Y,2026-07-13T06:31:48+00:00,success,1,0,,,https://www.ebi.ac.uk/europepmc/webservices/rest/search,relevance,approved_terms_only,N,200,3709,candidate_unverified,none,mwbl-ingredient-multisource-discovery-v1.1-fresh,7779d9ebab29447f8465881efcb23b09a0f2f3751f524d19b389205ce650f26d
europe_pmc:diglycerin:7f2d215279a6f3c6,europe_pmc,488,diglycerin,다이글리세린,Diglycerin,Diglycerin,"[{""alias_type"":"""",""origin"":""canonical_name_en"",""source"":""https://kcia.or.kr/cid/main/"",""term"":""Diglycerin""}]","(TITLE_ABS:""Diglycerin"") AND (TITLE_ABS:""skin"" OR TITLE_ABS:""topical"") AND NOT SRC:MED AND NOT SRC:PAT",7f2d215279a6f3c68e4f1258152b8b7ab353f1e3cc600982c1d3db31fc85250b,mwbl-ingredient-evidence-query-v1.1,2026-07-13T06:31:46+00:00,2026-07-13T06:31:49+00:00,0,0,50,0,0,complete,Y,Y,2026-07-13T06:31:49+00:00,success,1,0,,,https://www.ebi.ac.uk/europepmc/webservices/rest/search,relevance,approved_terms_only,N,200,3168,candidate_unverified,none,mwbl-ingredient-multisource-discovery-v1.1-fresh,7779d9ebab29447f8465881efcb23b09a0f2f3751f524d19b389205ce650f26d
europe_pmc:aloe_barbadensis_leaf_juice_powder:d66b786cd3b4b98f,europe_pmc,489,aloe_barbadensis_leaf_juice_powder,알로에베라잎즙가루,Aloe Barbadensis Leaf Juice Powder,Aloe Barbadensis Leaf Juice Powder,"[{""alias_type"":"""",""origin"":""canonical_name_en"",""source"":""https://kcia.or.kr/cid/main/"",""term"":""Aloe Barbadensis Leaf Juice Powder""}]","(TITLE_ABS:""Aloe Barbadensis Leaf Juice Powder"") AND (TITLE_ABS:""skin"" OR TITLE_ABS:""topical"") AND NOT SRC:MED AND NOT SRC:PAT",d66b786cd3b4b98f83a40a997e871bb6c898f7e4ffa13981af0907e35b51ee3c,mwbl-ingredient-evidence-query-v1.1,2026-07-13T06:31:47+00:00,2026-07-13T06:31:50+00:00,0,0,50,0,0,complete,Y,Y,2026-07-13T06:31:50+00:00,success,1,0,,,https://www.ebi.ac.uk/europepmc/webservices/rest/search,relevance,approved_terms_only,N,200,3095,candidate_unverified,none,mwbl-ingredient-multisource-discovery-v1.1-fresh,7779d9ebab29447f8465881efcb23b09a0f2f3751f524d19b389205ce650f26d
europe_pmc:ethylene_propylene_copolymer:8cb4b4f0076e6411,europe_pmc,490,ethylene_propylene_copolymer,에틸렌/프로필렌코폴리머,Ethylene/Propylene Copolymer,Ethylene/Propylene Copolymer,"[{""alias_type"":"""",""origin"":""canonical_name_en"",""source"":""https://kcia.or.kr/cid/main/"",""term"":""Ethylene/Propylene Copolymer""}]","(TITLE_ABS:""Ethylene/Propylene Copolymer"") AND (TITLE_ABS:""skin"" OR TITLE_ABS:""topical"") AND NOT SRC:MED AND NOT SRC:PAT",8cb4b4f0076e64115043867b6e2ecf996c12f74509ad748c714e6d56ca38dc3d,mwbl-ingredient-evidence-query-v1.1,2026-07-13T06:31:48+00:00,2026-07-13T06:31:51+00:00,0,0,50,0,0,complete,Y,Y,2026-07-13T06:31:51+00:00,success,1,0,,,https://www.ebi.ac.uk/europepmc/webservices/rest/search,relevance,approved_terms_only,N,200,2616,candidate_unverified,none,mwbl-ingredient-multisource-discovery-v1.1-fresh,7779d9ebab29447f8465881efcb23b09a0f2f3751f524d19b389205ce650f26d
europe_pmc:c9_12_alkane:77679e4cfe23d670,europe_pmc,491,c9_12_alkane,C9-12알케인,C9-12 Alkane,C9-12 Alkane,"[{""alias_type"":"""",""origin"":""canonical_name_en"",""source"":""https://kcia.or.kr/cid/main/"",""term"":""C9-12 Alkane""}]","(TITLE_ABS:""C9-12 Alkane"") AND (TITLE_ABS:""skin"" OR TITLE_ABS:""topical"") AND NOT SRC:MED AND NOT SRC:PAT",77679e4cfe23d670b728ae23086055a85852ce2aacede2284ce100f98127509a,mwbl-ingredient-evidence-query-v1.1,2026-07-13T06:31:48+00:00,2026-07-13T06:31:51+00:00,0,0,50,0,0,complete,Y,Y,2026-07-13T06:31:51+00:00,success,1,0,,,https://www.ebi.ac.uk/europepmc/webservices/rest/search,relevance,approved_terms_only,N,200,2583,candidate_unverified,none,mwbl-ingredient-multisource-discovery-v1.1-fresh,7779d9ebab29447f8465881efcb23b09a0f2f3751f524d19b389205ce650f26d
europe_pmc:peg_ppg_18_18_dimethicone:661bbb7171d1b252,europe_pmc,492,peg_ppg_18_18_dimethicone,피이지/피피지-18/18다이메티콘,PEG/PPG-18/18 Dimethicone,PEG/PPG-18/18 Dimethicone,"[{""alias_type"":"""",""origin"":""canonical_name_en"",""source"":""https://kcia.or.kr/cid/main/"",""term"":""PEG/PPG-18/18 Dimethicone""}]","(TITLE_ABS:""PEG/PPG-18/18 Dimethicone"") AND (TITLE_ABS:""skin"" OR TITLE_ABS:""topical"") AND NOT SRC:MED AND NOT SRC:PAT",661bbb7171d1b2520d2cfc31cc07a4a7893d3a98557d8dba754602c08b26f2e8,mwbl-ingredient-evidence-query-v1.1,2026-07-13T06:31:49+00:00,2026-07-13T06:31:52+00:00,0,0,50,0,0,complete,Y,Y,2026-07-13T06:31:52+00:00,success,1,0,,,https://www.ebi.ac.uk/europepmc/webservices/rest/search,relevance,approved_terms_only,N,200,2622,candidate_unverified,none,mwbl-ingredient-multisource-discovery-v1.1-fresh,7779d9ebab29447f8465881efcb23b09a0f2f3751f524d19b389205ce650f26d
europe_pmc:beeswax:eeadd67cd0cefc36,europe_pmc,493,beeswax,비즈왁스,Beeswax,Beeswax,"[{""alias_type"":"""",""origin"":""canonical_name_en"",""source"":""https://kcia.or.kr/cid/main/"",""term"":""Beeswax""}]","(TITLE_ABS:""Beeswax"") AND (TITLE_ABS:""skin"" OR TITLE_ABS:""topical"") AND NOT SRC:MED AND NOT SRC:PAT",eeadd67cd0cefc366e4edacebd95cad590d8aecec7615d892f6fb7c3e26fea89,mwbl-ingredient-evidence-query-v1.1,2026-07-13T06:31:50+00:00,2026-07-13T06:31:53+00:00,4,4,50,4,4,complete,Y,Y,2026-07-13T06:31:53+00:00,success,1,0,,,https://www.ebi.ac.uk/europepmc/webservices/rest/search,relevance,approved_terms_only,N,200,2625,candidate_unverified,none,mwbl-ingredient-multisource-discovery-v1.1-fresh,7779d9ebab29447f8465881efcb23b09a0f2f3751f524d19b389205ce650f26d
