query_id,source,ingredient_rank,ingredient_id,name_ko,canonical_name_en,approved_search_terms,search_query,query_sha256,query_version,request_status,total_hit_count,raw_hit_count,retrieval_cap,retrieved_count,returned_count,pagination_complete,pagination_status,searched_at,query_contract_status,rerun_required,error_type,error_message,robots_url,robots_fetched_at_utc,robots_sha256,robots_rule,review_status,runtime_score_change,pipeline_version
kci:phenoxyethanol:476082ebb2de7a8f,kci,2,phenoxyethanol,페녹시에탄올,Phenoxyethanol,Phenoxyethanol,"[""\""Phenoxyethanol\"" skin""]",476082ebb2de7a8f89d372bab86f15b6600c66fb40ca9c65e72ba0ae9c06f911,mwbl-kci-approved-term-skin-context-v1.1,access_unavailable,,,0,0,0,N,not_run_robots_disallowed,2026-07-13T06:45:49Z,approved_terms_only,N,robots_disallowed,KCI robots.txt disallows / for User-agent: *; search was not requested,https://www.kci.go.kr/robots.txt,2026-07-13T06:45:49Z,d220f330732f1f47afbdd06b61fc3739164627b94f8cf365f9eefddcd3951911,User-agent: * / Disallow: /,candidate_unverified,none,mwbl-ingredient-evidence-filter-v1.1-fresh-kci
kci:butylene_glycol:b35d390fd4800597,kci,3,butylene_glycol,부틸렌글라이콜,Butylene Glycol,Butylene Glycol,"[""\""Butylene Glycol\"" skin""]",b35d390fd4800597b56f4353cfefcca8b51b598d8ed0141eb2e628478bc5a3d6,mwbl-kci-approved-term-skin-context-v1.1,access_unavailable,,,0,0,0,N,not_run_robots_disallowed,2026-07-13T06:45:49Z,approved_terms_only,N,robots_disallowed,KCI robots.txt disallows / for User-agent: *; search was not requested,https://www.kci.go.kr/robots.txt,2026-07-13T06:45:49Z,d220f330732f1f47afbdd06b61fc3739164627b94f8cf365f9eefddcd3951911,User-agent: * / Disallow: /,candidate_unverified,none,mwbl-ingredient-evidence-filter-v1.1-fresh-kci
kci:tocopherol:7b94adbdb6f92142,kci,4,tocopherol,토코페롤,Tocopherol,Tocopherol,"[""\""Tocopherol\"" skin""]",7b94adbdb6f92142e6ef9bd3ed6445e5af63c298c35ac8be948c60b1dd7aa29a,mwbl-kci-approved-term-skin-context-v1.1,access_unavailable,,,0,0,0,N,not_run_robots_disallowed,2026-07-13T06:45:49Z,approved_terms_only,N,robots_disallowed,KCI robots.txt disallows / for User-agent: *; search was not requested,https://www.kci.go.kr/robots.txt,2026-07-13T06:45:49Z,d220f330732f1f47afbdd06b61fc3739164627b94f8cf365f9eefddcd3951911,User-agent: * / Disallow: /,candidate_unverified,none,mwbl-ingredient-evidence-filter-v1.1-fresh-kci
kci:ethylhexylglycerin:0596fe37d6969432,kci,5,ethylhexylglycerin,에틸헥실글리세린,Ethylhexylglycerin,Ethylhexylglycerin,"[""\""Ethylhexylglycerin\"" skin""]",0596fe37d6969432dff9503eae3e215b527f81499712384d4558febc7cbde2ed,mwbl-kci-approved-term-skin-context-v1.1,access_unavailable,,,0,0,0,N,not_run_robots_disallowed,2026-07-13T06:45:49Z,approved_terms_only,N,robots_disallowed,KCI robots.txt disallows / for User-agent: *; search was not requested,https://www.kci.go.kr/robots.txt,2026-07-13T06:45:49Z,d220f330732f1f47afbdd06b61fc3739164627b94f8cf365f9eefddcd3951911,User-agent: * / Disallow: /,candidate_unverified,none,mwbl-ingredient-evidence-filter-v1.1-fresh-kci
kci:citric_acid:25e68e7a4526dedb,kci,6,citric_acid,시트릭애씨드,Citric Acid,Citric Acid,"[""\""Citric Acid\"" skin""]",25e68e7a4526dedbbf01f2fde492c0219d067ad60cc80564faa8e368185fe4af,mwbl-kci-approved-term-skin-context-v1.1,access_unavailable,,,0,0,0,N,not_run_robots_disallowed,2026-07-13T06:45:49Z,approved_terms_only,N,robots_disallowed,KCI robots.txt disallows / for User-agent: *; search was not requested,https://www.kci.go.kr/robots.txt,2026-07-13T06:45:49Z,d220f330732f1f47afbdd06b61fc3739164627b94f8cf365f9eefddcd3951911,User-agent: * / Disallow: /,candidate_unverified,none,mwbl-ingredient-evidence-filter-v1.1-fresh-kci
kci:caprylyl_glycol:151462222401a01c,kci,7,caprylyl_glycol,카프릴릴글라이콜,Caprylyl Glycol,Caprylyl Glycol,"[""\""Caprylyl Glycol\"" skin""]",151462222401a01ccc6c42180dfeecc3a8593b9a6496f969a97c6e8ca9de14a6,mwbl-kci-approved-term-skin-context-v1.1,access_unavailable,,,0,0,0,N,not_run_robots_disallowed,2026-07-13T06:45:49Z,approved_terms_only,N,robots_disallowed,KCI robots.txt disallows / for User-agent: *; search was not requested,https://www.kci.go.kr/robots.txt,2026-07-13T06:45:49Z,d220f330732f1f47afbdd06b61fc3739164627b94f8cf365f9eefddcd3951911,User-agent: * / Disallow: /,candidate_unverified,none,mwbl-ingredient-evidence-filter-v1.1-fresh-kci
kci:limonene:6e2c517146e5783e,kci,10,limonene,리모넨,Limonene,Limonene,"[""\""Limonene\"" skin""]",6e2c517146e5783e25ee9743ccab7ad71854a0c940ef0a4f54d53ca92d9f878c,mwbl-kci-approved-term-skin-context-v1.1,access_unavailable,,,0,0,0,N,not_run_robots_disallowed,2026-07-13T06:45:49Z,approved_terms_only,N,robots_disallowed,KCI robots.txt disallows / for User-agent: *; search was not requested,https://www.kci.go.kr/robots.txt,2026-07-13T06:45:49Z,d220f330732f1f47afbdd06b61fc3739164627b94f8cf365f9eefddcd3951911,User-agent: * / Disallow: /,candidate_unverified,none,mwbl-ingredient-evidence-filter-v1.1-fresh-kci
kci:linalool:25c7684df666f4b3,kci,11,linalool,리날룰,Linalool,Linalool,"[""\""Linalool\"" skin""]",25c7684df666f4b3a5406aa02f69188c24e708ca9507412a8db91bc2409226f5,mwbl-kci-approved-term-skin-context-v1.1,access_unavailable,,,0,0,0,N,not_run_robots_disallowed,2026-07-13T06:45:49Z,approved_terms_only,N,robots_disallowed,KCI robots.txt disallows / for User-agent: *; search was not requested,https://www.kci.go.kr/robots.txt,2026-07-13T06:45:49Z,d220f330732f1f47afbdd06b61fc3739164627b94f8cf365f9eefddcd3951911,User-agent: * / Disallow: /,candidate_unverified,none,mwbl-ingredient-evidence-filter-v1.1-fresh-kci
kci:sodium_benzoate:e015f7183b62a0c6,kci,12,sodium_benzoate,소듐벤조에이트,Sodium Benzoate,Sodium Benzoate,"[""\""Sodium Benzoate\"" skin""]",e015f7183b62a0c60a82c3ee1b17761fc68fd8c7ebab57d7b03f9984e4a836fa,mwbl-kci-approved-term-skin-context-v1.1,access_unavailable,,,0,0,0,N,not_run_robots_disallowed,2026-07-13T06:45:49Z,approved_terms_only,N,robots_disallowed,KCI robots.txt disallows / for User-agent: *; search was not requested,https://www.kci.go.kr/robots.txt,2026-07-13T06:45:49Z,d220f330732f1f47afbdd06b61fc3739164627b94f8cf365f9eefddcd3951911,User-agent: * / Disallow: /,candidate_unverified,none,mwbl-ingredient-evidence-filter-v1.1-fresh-kci
kci:potassium_sorbate:d6b85e131dcb3480,kci,13,potassium_sorbate,포타슘솔베이트,Potassium Sorbate,Potassium Sorbate,"[""\""Potassium Sorbate\"" skin""]",d6b85e131dcb34801a3c706c4263ff8bff2656d17eb6f3de564501dc186adf52,mwbl-kci-approved-term-skin-context-v1.1,access_unavailable,,,0,0,0,N,not_run_robots_disallowed,2026-07-13T06:45:49Z,approved_terms_only,N,robots_disallowed,KCI robots.txt disallows / for User-agent: *; search was not requested,https://www.kci.go.kr/robots.txt,2026-07-13T06:45:49Z,d220f330732f1f47afbdd06b61fc3739164627b94f8cf365f9eefddcd3951911,User-agent: * / Disallow: /,candidate_unverified,none,mwbl-ingredient-evidence-filter-v1.1-fresh-kci
kci:1_2_hexanediol:fd6752b1d1e42e1a,kci,14,1_2_hexanediol,"1,2-헥산다이올","1,2-Hexanediol","1,2-Hexanediol","[""\""1,2-Hexanediol\"" skin""]",fd6752b1d1e42e1a16cadd3eee889ae52a74d1827bf9cd42297881d685a003e2,mwbl-kci-approved-term-skin-context-v1.1,access_unavailable,,,0,0,0,N,not_run_robots_disallowed,2026-07-13T06:45:49Z,approved_terms_only,N,robots_disallowed,KCI robots.txt disallows / for User-agent: *; search was not requested,https://www.kci.go.kr/robots.txt,2026-07-13T06:45:49Z,d220f330732f1f47afbdd06b61fc3739164627b94f8cf365f9eefddcd3951911,User-agent: * / Disallow: /,candidate_unverified,none,mwbl-ingredient-evidence-filter-v1.1-fresh-kci
kci:disodium_edta:e5f96eac6eb3c85b,kci,15,disodium_edta,다이소듐이디티에이,Disodium EDTA,Disodium EDTA,"[""\""Disodium EDTA\"" skin""]",e5f96eac6eb3c85be291a6939938d305925fd3fe565156d6725b6a859d278a63,mwbl-kci-approved-term-skin-context-v1.1,access_unavailable,,,0,0,0,N,not_run_robots_disallowed,2026-07-13T06:45:49Z,approved_terms_only,N,robots_disallowed,KCI robots.txt disallows / for User-agent: *; search was not requested,https://www.kci.go.kr/robots.txt,2026-07-13T06:45:49Z,d220f330732f1f47afbdd06b61fc3739164627b94f8cf365f9eefddcd3951911,User-agent: * / Disallow: /,candidate_unverified,none,mwbl-ingredient-evidence-filter-v1.1-fresh-kci
kci:xanthan_gum:d5cebc6b674164b4,kci,16,xanthan_gum,잔탄검,Xanthan Gum,Xanthan Gum,"[""\""Xanthan Gum\"" skin""]",d5cebc6b674164b457d5bf924db4a977be878a1c743f90914dd763d6bf20a9a8,mwbl-kci-approved-term-skin-context-v1.1,access_unavailable,,,0,0,0,N,not_run_robots_disallowed,2026-07-13T06:45:49Z,approved_terms_only,N,robots_disallowed,KCI robots.txt disallows / for User-agent: *; search was not requested,https://www.kci.go.kr/robots.txt,2026-07-13T06:45:49Z,d220f330732f1f47afbdd06b61fc3739164627b94f8cf365f9eefddcd3951911,User-agent: * / Disallow: /,candidate_unverified,none,mwbl-ingredient-evidence-filter-v1.1-fresh-kci
kci:tocopheryl_acetate:2a3821421bc9e14b,kci,17,tocopheryl_acetate,토코페릴아세테이트,Tocopheryl Acetate,Tocopheryl Acetate,"[""\""Tocopheryl Acetate\"" skin""]",2a3821421bc9e14b513a980dc1f558fac5ffc3ffb6079bdb4505ac0f8d93fa7f,mwbl-kci-approved-term-skin-context-v1.1,access_unavailable,,,0,0,0,N,not_run_robots_disallowed,2026-07-13T06:45:49Z,approved_terms_only,N,robots_disallowed,KCI robots.txt disallows / for User-agent: *; search was not requested,https://www.kci.go.kr/robots.txt,2026-07-13T06:45:49Z,d220f330732f1f47afbdd06b61fc3739164627b94f8cf365f9eefddcd3951911,User-agent: * / Disallow: /,candidate_unverified,none,mwbl-ingredient-evidence-filter-v1.1-fresh-kci
kci:caprylic_capric_triglyceride:1f10e48af97a320c,kci,18,caprylic_capric_triglyceride,카프릴릭/카프릭트라이글리세라이드,Caprylic/Capric Triglyceride,Caprylic/Capric Triglyceride,"[""\""Caprylic/Capric Triglyceride\"" skin""]",1f10e48af97a320cab8cace85bd3cd9e4c97bd5e27a9aed0c3cdf071a6b6347c,mwbl-kci-approved-term-skin-context-v1.1,access_unavailable,,,0,0,0,N,not_run_robots_disallowed,2026-07-13T06:45:49Z,approved_terms_only,N,robots_disallowed,KCI robots.txt disallows / for User-agent: *; search was not requested,https://www.kci.go.kr/robots.txt,2026-07-13T06:45:49Z,d220f330732f1f47afbdd06b61fc3739164627b94f8cf365f9eefddcd3951911,User-agent: * / Disallow: /,candidate_unverified,none,mwbl-ingredient-evidence-filter-v1.1-fresh-kci
kci:propanediol:9e12e1af999008a3,kci,19,propanediol,프로판다이올,Propanediol,Propanediol,"[""\""Propanediol\"" skin""]",9e12e1af999008a389832a8e0a3f389528d286959b78746d2f38445372e448ad,mwbl-kci-approved-term-skin-context-v1.1,access_unavailable,,,0,0,0,N,not_run_robots_disallowed,2026-07-13T06:45:49Z,approved_terms_only,N,robots_disallowed,KCI robots.txt disallows / for User-agent: *; search was not requested,https://www.kci.go.kr/robots.txt,2026-07-13T06:45:49Z,d220f330732f1f47afbdd06b61fc3739164627b94f8cf365f9eefddcd3951911,User-agent: * / Disallow: /,candidate_unverified,none,mwbl-ingredient-evidence-filter-v1.1-fresh-kci
kci:silica:d635a29f0b7a0793,kci,21,silica,실리카,Silica,Silica,"[""\""Silica\"" skin""]",d635a29f0b7a07936673924c80ca7b3508bde9952a90799cb810749c143884dc,mwbl-kci-approved-term-skin-context-v1.1,access_unavailable,,,0,0,0,N,not_run_robots_disallowed,2026-07-13T06:45:49Z,approved_terms_only,N,robots_disallowed,KCI robots.txt disallows / for User-agent: *; search was not requested,https://www.kci.go.kr/robots.txt,2026-07-13T06:45:49Z,d220f330732f1f47afbdd06b61fc3739164627b94f8cf365f9eefddcd3951911,User-agent: * / Disallow: /,candidate_unverified,none,mwbl-ingredient-evidence-filter-v1.1-fresh-kci
kci:sodium_chloride:9faf62ba323f7072,kci,22,sodium_chloride,소듐클로라이드,Sodium Chloride,Sodium Chloride,"[""\""Sodium Chloride\"" skin""]",9faf62ba323f707249896f0552b2170328401443d11acd176328b94e2c83d7d3,mwbl-kci-approved-term-skin-context-v1.1,access_unavailable,,,0,0,0,N,not_run_robots_disallowed,2026-07-13T06:45:49Z,approved_terms_only,N,robots_disallowed,KCI robots.txt disallows / for User-agent: *; search was not requested,https://www.kci.go.kr/robots.txt,2026-07-13T06:45:49Z,d220f330732f1f47afbdd06b61fc3739164627b94f8cf365f9eefddcd3951911,User-agent: * / Disallow: /,candidate_unverified,none,mwbl-ingredient-evidence-filter-v1.1-fresh-kci
kci:sodium_hydroxide:4ef7b5cc5f288a08,kci,23,sodium_hydroxide,소듐하이드록사이드,Sodium Hydroxide,Sodium Hydroxide,"[""\""Sodium Hydroxide\"" skin""]",4ef7b5cc5f288a08dca5facc16a865d5223fa030aa03b114e59b6a9c17dd8ccd,mwbl-kci-approved-term-skin-context-v1.1,access_unavailable,,,0,0,0,N,not_run_robots_disallowed,2026-07-13T06:45:49Z,approved_terms_only,N,robots_disallowed,KCI robots.txt disallows / for User-agent: *; search was not requested,https://www.kci.go.kr/robots.txt,2026-07-13T06:45:49Z,d220f330732f1f47afbdd06b61fc3739164627b94f8cf365f9eefddcd3951911,User-agent: * / Disallow: /,candidate_unverified,none,mwbl-ingredient-evidence-filter-v1.1-fresh-kci
kci:water:b13e5f751e5e8890,kci,25,water,정제수,Water,Water,"[""\""Water\"" skin""]",b13e5f751e5e8890a72a1882a3932ca3ce45a620fde356dcd6265dfd02c791eb,mwbl-kci-approved-term-skin-context-v1.1,access_unavailable,,,0,0,0,N,not_run_robots_disallowed,2026-07-13T06:45:49Z,approved_terms_only,N,robots_disallowed,KCI robots.txt disallows / for User-agent: *; search was not requested,https://www.kci.go.kr/robots.txt,2026-07-13T06:45:49Z,d220f330732f1f47afbdd06b61fc3739164627b94f8cf365f9eefddcd3951911,User-agent: * / Disallow: /,candidate_unverified,none,mwbl-ingredient-evidence-filter-v1.1-fresh-kci
kci:pentylene_glycol:72c08c88b3a53e42,kci,26,pentylene_glycol,펜틸렌글라이콜,Pentylene Glycol,Pentylene Glycol,"[""\""Pentylene Glycol\"" skin""]",72c08c88b3a53e4267ae719639858a6e6d34d46050912dc82348f59178dc907e,mwbl-kci-approved-term-skin-context-v1.1,access_unavailable,,,0,0,0,N,not_run_robots_disallowed,2026-07-13T06:45:49Z,approved_terms_only,N,robots_disallowed,KCI robots.txt disallows / for User-agent: *; search was not requested,https://www.kci.go.kr/robots.txt,2026-07-13T06:45:49Z,d220f330732f1f47afbdd06b61fc3739164627b94f8cf365f9eefddcd3951911,User-agent: * / Disallow: /,candidate_unverified,none,mwbl-ingredient-evidence-filter-v1.1-fresh-kci
kci:alcohol:95ffd65f80daa0ac,kci,27,alcohol,에탄올,Alcohol,Alcohol,"[""\""Alcohol\"" skin""]",95ffd65f80daa0ac8b860a59047c967daa37c98cb9d8163e72edca5dafc1cd3f,mwbl-kci-approved-term-skin-context-v1.1,access_unavailable,,,0,0,0,N,not_run_robots_disallowed,2026-07-13T06:45:49Z,approved_terms_only,N,robots_disallowed,KCI robots.txt disallows / for User-agent: *; search was not requested,https://www.kci.go.kr/robots.txt,2026-07-13T06:45:49Z,d220f330732f1f47afbdd06b61fc3739164627b94f8cf365f9eefddcd3951911,User-agent: * / Disallow: /,candidate_unverified,none,mwbl-ingredient-evidence-filter-v1.1-fresh-kci
kci:disteardimonium_hectorite:39592455a4bff2f9,kci,28,disteardimonium_hectorite,다이스테아다이모늄헥토라이트,Disteardimonium Hectorite,Disteardimonium Hectorite,"[""\""Disteardimonium Hectorite\"" skin""]",39592455a4bff2f9191934903b39f137e0f17a3e58ce66c71ebb6697ca1cfc18,mwbl-kci-approved-term-skin-context-v1.1,access_unavailable,,,0,0,0,N,not_run_robots_disallowed,2026-07-13T06:45:49Z,approved_terms_only,N,robots_disallowed,KCI robots.txt disallows / for User-agent: *; search was not requested,https://www.kci.go.kr/robots.txt,2026-07-13T06:45:49Z,d220f330732f1f47afbdd06b61fc3739164627b94f8cf365f9eefddcd3951911,User-agent: * / Disallow: /,candidate_unverified,none,mwbl-ingredient-evidence-filter-v1.1-fresh-kci
kci:citronellol:f99b7470adcb852c,kci,29,citronellol,시트로넬올,Citronellol,Citronellol,"[""\""Citronellol\"" skin""]",f99b7470adcb852c86872c64c0aa2363901998cbaa8bc8986da6de4b92b90508,mwbl-kci-approved-term-skin-context-v1.1,access_unavailable,,,0,0,0,N,not_run_robots_disallowed,2026-07-13T06:45:49Z,approved_terms_only,N,robots_disallowed,KCI robots.txt disallows / for User-agent: *; search was not requested,https://www.kci.go.kr/robots.txt,2026-07-13T06:45:49Z,d220f330732f1f47afbdd06b61fc3739164627b94f8cf365f9eefddcd3951911,User-agent: * / Disallow: /,candidate_unverified,none,mwbl-ingredient-evidence-filter-v1.1-fresh-kci
kci:mica:ae9602986aff14c4,kci,30,mica,마이카,Mica,Mica,"[""\""Mica\"" skin""]",ae9602986aff14c4e1aa9276ac42c3fab898d078fd8509abb87b69f2980af4e5,mwbl-kci-approved-term-skin-context-v1.1,access_unavailable,,,0,0,0,N,not_run_robots_disallowed,2026-07-13T06:45:49Z,approved_terms_only,N,robots_disallowed,KCI robots.txt disallows / for User-agent: *; search was not requested,https://www.kci.go.kr/robots.txt,2026-07-13T06:45:49Z,d220f330732f1f47afbdd06b61fc3739164627b94f8cf365f9eefddcd3951911,User-agent: * / Disallow: /,candidate_unverified,none,mwbl-ingredient-evidence-filter-v1.1-fresh-kci
kci:cetearyl_alcohol:e347584155373f96,kci,31,cetearyl_alcohol,세테아릴알코올,Cetearyl Alcohol,Cetearyl Alcohol,"[""\""Cetearyl Alcohol\"" skin""]",e347584155373f962fd7dc1eb5286d3af83542e29aa1fd086c452a89ebfb3ad4,mwbl-kci-approved-term-skin-context-v1.1,access_unavailable,,,0,0,0,N,not_run_robots_disallowed,2026-07-13T06:45:49Z,approved_terms_only,N,robots_disallowed,KCI robots.txt disallows / for User-agent: *; search was not requested,https://www.kci.go.kr/robots.txt,2026-07-13T06:45:49Z,d220f330732f1f47afbdd06b61fc3739164627b94f8cf365f9eefddcd3951911,User-agent: * / Disallow: /,candidate_unverified,none,mwbl-ingredient-evidence-filter-v1.1-fresh-kci
kci:carbomer:00fdd680175b0eed,kci,32,carbomer,카보머,Carbomer,Carbomer,"[""\""Carbomer\"" skin""]",00fdd680175b0eed53862ce86b5bc2e618ec13d8227539ff4517363850799402,mwbl-kci-approved-term-skin-context-v1.1,access_unavailable,,,0,0,0,N,not_run_robots_disallowed,2026-07-13T06:45:49Z,approved_terms_only,N,robots_disallowed,KCI robots.txt disallows / for User-agent: *; search was not requested,https://www.kci.go.kr/robots.txt,2026-07-13T06:45:49Z,d220f330732f1f47afbdd06b61fc3739164627b94f8cf365f9eefddcd3951911,User-agent: * / Disallow: /,candidate_unverified,none,mwbl-ingredient-evidence-filter-v1.1-fresh-kci
kci:geraniol:d13d673bd21b0462,kci,33,geraniol,제라니올,Geraniol,Geraniol,"[""\""Geraniol\"" skin""]",d13d673bd21b0462356a0cabd393e2e328bbbe69fac7ac87786436f280586c16,mwbl-kci-approved-term-skin-context-v1.1,access_unavailable,,,0,0,0,N,not_run_robots_disallowed,2026-07-13T06:45:49Z,approved_terms_only,N,robots_disallowed,KCI robots.txt disallows / for User-agent: *; search was not requested,https://www.kci.go.kr/robots.txt,2026-07-13T06:45:49Z,d220f330732f1f47afbdd06b61fc3739164627b94f8cf365f9eefddcd3951911,User-agent: * / Disallow: /,candidate_unverified,none,mwbl-ingredient-evidence-filter-v1.1-fresh-kci
kci:aluminum_hydroxide:e86de734d953c91f,kci,35,aluminum_hydroxide,알루미늄하이드록사이드,Aluminum Hydroxide,Aluminum Hydroxide,"[""\""Aluminum Hydroxide\"" skin""]",e86de734d953c91f1153dac855f6b39f05c3ae1e925fa7775b395337c1fc46e7,mwbl-kci-approved-term-skin-context-v1.1,access_unavailable,,,0,0,0,N,not_run_robots_disallowed,2026-07-13T06:45:49Z,approved_terms_only,N,robots_disallowed,KCI robots.txt disallows / for User-agent: *; search was not requested,https://www.kci.go.kr/robots.txt,2026-07-13T06:45:49Z,d220f330732f1f47afbdd06b61fc3739164627b94f8cf365f9eefddcd3951911,User-agent: * / Disallow: /,candidate_unverified,none,mwbl-ingredient-evidence-filter-v1.1-fresh-kci
kci:helianthus_annuus_sunflower_seed_oil:ec3885ff950abc68,kci,36,helianthus_annuus_sunflower_seed_oil,해바라기씨오일,Helianthus Annuus (Sunflower) Seed Oil,Helianthus Annuus (Sunflower) Seed Oil,"[""\""Helianthus Annuus (Sunflower) Seed Oil\"" skin""]",ec3885ff950abc68c3531631a33f6cb8298daa8e037dad3f0d264b186683bc57,mwbl-kci-approved-term-skin-context-v1.1,access_unavailable,,,0,0,0,N,not_run_robots_disallowed,2026-07-13T06:45:49Z,approved_terms_only,N,robots_disallowed,KCI robots.txt disallows / for User-agent: *; search was not requested,https://www.kci.go.kr/robots.txt,2026-07-13T06:45:49Z,d220f330732f1f47afbdd06b61fc3739164627b94f8cf365f9eefddcd3951911,User-agent: * / Disallow: /,candidate_unverified,none,mwbl-ingredient-evidence-filter-v1.1-fresh-kci
kci:butyrospermum_parkii_shea_butter:fb7152a61bb71cdf,kci,38,butyrospermum_parkii_shea_butter,시어버터,Butyrospermum Parkii (Shea) Butter,Butyrospermum Parkii (Shea) Butter,"[""\""Butyrospermum Parkii (Shea) Butter\"" skin""]",fb7152a61bb71cdf2de56c6b0e87bc7dc7f1fb3ad846e058017ec34fb7391262,mwbl-kci-approved-term-skin-context-v1.1,access_unavailable,,,0,0,0,N,not_run_robots_disallowed,2026-07-13T06:45:49Z,approved_terms_only,N,robots_disallowed,KCI robots.txt disallows / for User-agent: *; search was not requested,https://www.kci.go.kr/robots.txt,2026-07-13T06:45:49Z,d220f330732f1f47afbdd06b61fc3739164627b94f8cf365f9eefddcd3951911,User-agent: * / Disallow: /,candidate_unverified,none,mwbl-ingredient-evidence-filter-v1.1-fresh-kci
kci:triethoxycaprylylsilane:2fbf47a5f439182d,kci,39,triethoxycaprylylsilane,트라이에톡시카프릴릴실레인,Triethoxycaprylylsilane,Triethoxycaprylylsilane,"[""\""Triethoxycaprylylsilane\"" skin""]",2fbf47a5f439182d9f5e60a8c0f94b904fc72f2a7f8535e4ea972b6adf6427ed,mwbl-kci-approved-term-skin-context-v1.1,access_unavailable,,,0,0,0,N,not_run_robots_disallowed,2026-07-13T06:45:49Z,approved_terms_only,N,robots_disallowed,KCI robots.txt disallows / for User-agent: *; search was not requested,https://www.kci.go.kr/robots.txt,2026-07-13T06:45:49Z,d220f330732f1f47afbdd06b61fc3739164627b94f8cf365f9eefddcd3951911,User-agent: * / Disallow: /,candidate_unverified,none,mwbl-ingredient-evidence-filter-v1.1-fresh-kci
kci:glyceryl_stearate:095cb28b1d0fb13f,kci,40,glyceryl_stearate,글리세릴스테아레이트,Glyceryl Stearate,Glyceryl Stearate,"[""\""Glyceryl Stearate\"" skin""]",095cb28b1d0fb13f21fe94e30076198912568acce0195169ee6d47e86298a519,mwbl-kci-approved-term-skin-context-v1.1,access_unavailable,,,0,0,0,N,not_run_robots_disallowed,2026-07-13T06:45:49Z,approved_terms_only,N,robots_disallowed,KCI robots.txt disallows / for User-agent: *; search was not requested,https://www.kci.go.kr/robots.txt,2026-07-13T06:45:49Z,d220f330732f1f47afbdd06b61fc3739164627b94f8cf365f9eefddcd3951911,User-agent: * / Disallow: /,candidate_unverified,none,mwbl-ingredient-evidence-filter-v1.1-fresh-kci
kci:dipropylene_glycol:b973dda5d6c81027,kci,41,dipropylene_glycol,다이프로필렌글라이콜,Dipropylene Glycol,Dipropylene Glycol,"[""\""Dipropylene Glycol\"" skin""]",b973dda5d6c810273101e2a9e3ebec64af0ab670cc6f41dafeb3e7bae0640558,mwbl-kci-approved-term-skin-context-v1.1,access_unavailable,,,0,0,0,N,not_run_robots_disallowed,2026-07-13T06:45:49Z,approved_terms_only,N,robots_disallowed,KCI robots.txt disallows / for User-agent: *; search was not requested,https://www.kci.go.kr/robots.txt,2026-07-13T06:45:49Z,d220f330732f1f47afbdd06b61fc3739164627b94f8cf365f9eefddcd3951911,User-agent: * / Disallow: /,candidate_unverified,none,mwbl-ingredient-evidence-filter-v1.1-fresh-kci
kci:fragrance_perfume_parfum:37a66198d6078c82,kci,42,fragrance_perfume_parfum,향료,Fragrance,Fragrance|Perfume|Parfum,"[""\""Fragrance\"" skin"",""\""Perfume\"" skin"",""\""Parfum\"" skin""]",37a66198d6078c8278b1016a58f999f58783108d335b379ae3d69c2685bf9231,mwbl-kci-approved-term-skin-context-v1.1,access_unavailable,,,0,0,0,N,not_run_robots_disallowed,2026-07-13T06:45:49Z,approved_terms_only,N,robots_disallowed,KCI robots.txt disallows / for User-agent: *; search was not requested,https://www.kci.go.kr/robots.txt,2026-07-13T06:45:49Z,d220f330732f1f47afbdd06b61fc3739164627b94f8cf365f9eefddcd3951911,User-agent: * / Disallow: /,candidate_unverified,none,mwbl-ingredient-evidence-filter-v1.1-fresh-kci
kci:hydrogenated_lecithin:9801b109398a33eb,kci,43,hydrogenated_lecithin,하이드로제네이티드레시틴,Hydrogenated Lecithin,Hydrogenated Lecithin,"[""\""Hydrogenated Lecithin\"" skin""]",9801b109398a33eb27d0e204bdc6579b3f8c5c73a37c3b2b871795ca7d20bf88,mwbl-kci-approved-term-skin-context-v1.1,access_unavailable,,,0,0,0,N,not_run_robots_disallowed,2026-07-13T06:45:49Z,approved_terms_only,N,robots_disallowed,KCI robots.txt disallows / for User-agent: *; search was not requested,https://www.kci.go.kr/robots.txt,2026-07-13T06:45:49Z,d220f330732f1f47afbdd06b61fc3739164627b94f8cf365f9eefddcd3951911,User-agent: * / Disallow: /,candidate_unverified,none,mwbl-ingredient-evidence-filter-v1.1-fresh-kci
kci:hexyl_cinnamal:e7b7c741065fdf4b,kci,44,hexyl_cinnamal,헥실신남알,Hexyl Cinnamal,Hexyl Cinnamal,"[""\""Hexyl Cinnamal\"" skin""]",e7b7c741065fdf4bcab7a094393b49d850dd5fa1149ef63b118ff0d68942718e,mwbl-kci-approved-term-skin-context-v1.1,access_unavailable,,,0,0,0,N,not_run_robots_disallowed,2026-07-13T06:45:49Z,approved_terms_only,N,robots_disallowed,KCI robots.txt disallows / for User-agent: *; search was not requested,https://www.kci.go.kr/robots.txt,2026-07-13T06:45:49Z,d220f330732f1f47afbdd06b61fc3739164627b94f8cf365f9eefddcd3951911,User-agent: * / Disallow: /,candidate_unverified,none,mwbl-ingredient-evidence-filter-v1.1-fresh-kci
kci:pentaerythrityl_tetra_di_t_butyl_hydroxyhydrocinnamate:3d783e06b8761e0c,kci,45,pentaerythrityl_tetra_di_t_butyl_hydroxyhydrocinnamate,펜타에리스리틸테트라-다이-t-부틸하이드록시하이드로신나 메이트,Pentaerythrityl Tetra-di-t-butyl Hydroxyhydrocinnamate,Pentaerythrityl Tetra-di-t-butyl Hydroxyhydrocinnamate,"[""\""Pentaerythrityl Tetra-di-t-butyl Hydroxyhydrocinnamate\"" skin""]",3d783e06b8761e0c05f0fb610a3d41c464ccfda8415d6aa513c36f3cca3c4fcd,mwbl-kci-approved-term-skin-context-v1.1,access_unavailable,,,0,0,0,N,not_run_robots_disallowed,2026-07-13T06:45:49Z,approved_terms_only,N,robots_disallowed,KCI robots.txt disallows / for User-agent: *; search was not requested,https://www.kci.go.kr/robots.txt,2026-07-13T06:45:49Z,d220f330732f1f47afbdd06b61fc3739164627b94f8cf365f9eefddcd3951911,User-agent: * / Disallow: /,candidate_unverified,none,mwbl-ingredient-evidence-filter-v1.1-fresh-kci
kci:propylene_glycol:2cbc8e00e44be2d9,kci,46,propylene_glycol,프로필렌글라이콜,Propylene Glycol,Propylene Glycol,"[""\""Propylene Glycol\"" skin""]",2cbc8e00e44be2d9eb2242fbaa7c6a37c8c07da8453cac715c8b7fa87b728985,mwbl-kci-approved-term-skin-context-v1.1,access_unavailable,,,0,0,0,N,not_run_robots_disallowed,2026-07-13T06:45:49Z,approved_terms_only,N,robots_disallowed,KCI robots.txt disallows / for User-agent: *; search was not requested,https://www.kci.go.kr/robots.txt,2026-07-13T06:45:49Z,d220f330732f1f47afbdd06b61fc3739164627b94f8cf365f9eefddcd3951911,User-agent: * / Disallow: /,candidate_unverified,none,mwbl-ingredient-evidence-filter-v1.1-fresh-kci
kci:benzyl_alcohol:0bb2351a853f4a21,kci,47,benzyl_alcohol,벤질알코올,Benzyl Alcohol,Benzyl Alcohol,"[""\""Benzyl Alcohol\"" skin""]",0bb2351a853f4a21596ac8b285534408346d7a51f32515b1fc81ad0d29bcd885,mwbl-kci-approved-term-skin-context-v1.1,access_unavailable,,,0,0,0,N,not_run_robots_disallowed,2026-07-13T06:45:49Z,approved_terms_only,N,robots_disallowed,KCI robots.txt disallows / for User-agent: *; search was not requested,https://www.kci.go.kr/robots.txt,2026-07-13T06:45:49Z,d220f330732f1f47afbdd06b61fc3739164627b94f8cf365f9eefddcd3951911,User-agent: * / Disallow: /,candidate_unverified,none,mwbl-ingredient-evidence-filter-v1.1-fresh-kci
kci:hydroxyacetophenone:6155530804dd3cb1,kci,48,hydroxyacetophenone,하이드록시아세토페논,Hydroxyacetophenone,Hydroxyacetophenone,"[""\""Hydroxyacetophenone\"" skin""]",6155530804dd3cb1696da3bd05c4623724f1a05a5cb4779397bce592396ec246,mwbl-kci-approved-term-skin-context-v1.1,access_unavailable,,,0,0,0,N,not_run_robots_disallowed,2026-07-13T06:45:49Z,approved_terms_only,N,robots_disallowed,KCI robots.txt disallows / for User-agent: *; search was not requested,https://www.kci.go.kr/robots.txt,2026-07-13T06:45:49Z,d220f330732f1f47afbdd06b61fc3739164627b94f8cf365f9eefddcd3951911,User-agent: * / Disallow: /,candidate_unverified,none,mwbl-ingredient-evidence-filter-v1.1-fresh-kci
kci:sodium_citrate:daa8af749070c8d5,kci,49,sodium_citrate,소듐시트레이트,Sodium Citrate,Sodium Citrate,"[""\""Sodium Citrate\"" skin""]",daa8af749070c8d523e8fb6a42dd7c8c30ca41ad447b387f3fcf4177a09bd5d9,mwbl-kci-approved-term-skin-context-v1.1,access_unavailable,,,0,0,0,N,not_run_robots_disallowed,2026-07-13T06:45:49Z,approved_terms_only,N,robots_disallowed,KCI robots.txt disallows / for User-agent: *; search was not requested,https://www.kci.go.kr/robots.txt,2026-07-13T06:45:49Z,d220f330732f1f47afbdd06b61fc3739164627b94f8cf365f9eefddcd3951911,User-agent: * / Disallow: /,candidate_unverified,none,mwbl-ingredient-evidence-filter-v1.1-fresh-kci
kci:lecithin:9ee72260df68165f,kci,50,lecithin,레시틴,Lecithin,Lecithin,"[""\""Lecithin\"" skin""]",9ee72260df68165f2da06050d840941e22690dd297c8d53714e3995db0a4eb48,mwbl-kci-approved-term-skin-context-v1.1,access_unavailable,,,0,0,0,N,not_run_robots_disallowed,2026-07-13T06:45:49Z,approved_terms_only,N,robots_disallowed,KCI robots.txt disallows / for User-agent: *; search was not requested,https://www.kci.go.kr/robots.txt,2026-07-13T06:45:49Z,d220f330732f1f47afbdd06b61fc3739164627b94f8cf365f9eefddcd3951911,User-agent: * / Disallow: /,candidate_unverified,none,mwbl-ingredient-evidence-filter-v1.1-fresh-kci
kci:arginine:4ca4f85692362ee8,kci,53,arginine,알지닌,Arginine,Arginine,"[""\""Arginine\"" skin""]",4ca4f85692362ee87c796413287b86418a34f643c0e559cd9a2cf9e544ad2b72,mwbl-kci-approved-term-skin-context-v1.1,access_unavailable,,,0,0,0,N,not_run_robots_disallowed,2026-07-13T06:45:49Z,approved_terms_only,N,robots_disallowed,KCI robots.txt disallows / for User-agent: *; search was not requested,https://www.kci.go.kr/robots.txt,2026-07-13T06:45:49Z,d220f330732f1f47afbdd06b61fc3739164627b94f8cf365f9eefddcd3951911,User-agent: * / Disallow: /,candidate_unverified,none,mwbl-ingredient-evidence-filter-v1.1-fresh-kci
kci:citral:6599d20f559c52d6,kci,54,citral,시트랄,Citral,Citral,"[""\""Citral\"" skin""]",6599d20f559c52d646dc4860865f456d026d10328891e2956a3a486db7e0002e,mwbl-kci-approved-term-skin-context-v1.1,access_unavailable,,,0,0,0,N,not_run_robots_disallowed,2026-07-13T06:45:49Z,approved_terms_only,N,robots_disallowed,KCI robots.txt disallows / for User-agent: *; search was not requested,https://www.kci.go.kr/robots.txt,2026-07-13T06:45:49Z,d220f330732f1f47afbdd06b61fc3739164627b94f8cf365f9eefddcd3951911,User-agent: * / Disallow: /,candidate_unverified,none,mwbl-ingredient-evidence-filter-v1.1-fresh-kci
kci:sorbitan_isostearate:500d2ebc8b23b6cb,kci,56,sorbitan_isostearate,솔비탄아이소스테아레이트,Sorbitan Isostearate,Sorbitan Isostearate,"[""\""Sorbitan Isostearate\"" skin""]",500d2ebc8b23b6cbc581cce4520246fb6f3377a01b242de6d0a77f7effbc25c1,mwbl-kci-approved-term-skin-context-v1.1,access_unavailable,,,0,0,0,N,not_run_robots_disallowed,2026-07-13T06:45:49Z,approved_terms_only,N,robots_disallowed,KCI robots.txt disallows / for User-agent: *; search was not requested,https://www.kci.go.kr/robots.txt,2026-07-13T06:45:49Z,d220f330732f1f47afbdd06b61fc3739164627b94f8cf365f9eefddcd3951911,User-agent: * / Disallow: /,candidate_unverified,none,mwbl-ingredient-evidence-filter-v1.1-fresh-kci
kci:simmondsia_chinensis_jojoba_seed_oil:9f8cd7c65d42da27,kci,57,simmondsia_chinensis_jojoba_seed_oil,호호바씨오일,Simmondsia Chinensis (Jojoba) Seed Oil,Simmondsia Chinensis (Jojoba) Seed Oil,"[""\""Simmondsia Chinensis (Jojoba) Seed Oil\"" skin""]",9f8cd7c65d42da2781dd1acf6f5eeb2c0ca715f354acab1a0d652f40e7af16f3,mwbl-kci-approved-term-skin-context-v1.1,access_unavailable,,,0,0,0,N,not_run_robots_disallowed,2026-07-13T06:45:49Z,approved_terms_only,N,robots_disallowed,KCI robots.txt disallows / for User-agent: *; search was not requested,https://www.kci.go.kr/robots.txt,2026-07-13T06:45:49Z,d220f330732f1f47afbdd06b61fc3739164627b94f8cf365f9eefddcd3951911,User-agent: * / Disallow: /,candidate_unverified,none,mwbl-ingredient-evidence-filter-v1.1-fresh-kci
kci:chlorphenesin:20035bc65c03cfee,kci,58,chlorphenesin,클로페네신,Chlorphenesin,Chlorphenesin,"[""\""Chlorphenesin\"" skin""]",20035bc65c03cfeed4591d038860ef1f5f9c9a1e4d9be4857fa8f573b69316f7,mwbl-kci-approved-term-skin-context-v1.1,access_unavailable,,,0,0,0,N,not_run_robots_disallowed,2026-07-13T06:45:49Z,approved_terms_only,N,robots_disallowed,KCI robots.txt disallows / for User-agent: *; search was not requested,https://www.kci.go.kr/robots.txt,2026-07-13T06:45:49Z,d220f330732f1f47afbdd06b61fc3739164627b94f8cf365f9eefddcd3951911,User-agent: * / Disallow: /,candidate_unverified,none,mwbl-ingredient-evidence-filter-v1.1-fresh-kci
kci:cetyl_alcohol:664f0d597e93a84e,kci,59,cetyl_alcohol,세틸알코올,Cetyl Alcohol,Cetyl Alcohol,"[""\""Cetyl Alcohol\"" skin""]",664f0d597e93a84e545152ebf79f225aaaa4fcb728ac319f0ad2e62ee1709d28,mwbl-kci-approved-term-skin-context-v1.1,access_unavailable,,,0,0,0,N,not_run_robots_disallowed,2026-07-13T06:45:49Z,approved_terms_only,N,robots_disallowed,KCI robots.txt disallows / for User-agent: *; search was not requested,https://www.kci.go.kr/robots.txt,2026-07-13T06:45:49Z,d220f330732f1f47afbdd06b61fc3739164627b94f8cf365f9eefddcd3951911,User-agent: * / Disallow: /,candidate_unverified,none,mwbl-ingredient-evidence-filter-v1.1-fresh-kci
kci:trimethylsiloxysilicate:5110df309d3392a5,kci,60,trimethylsiloxysilicate,트라이메틸실록시실리케이트,Trimethylsiloxysilicate,Trimethylsiloxysilicate,"[""\""Trimethylsiloxysilicate\"" skin""]",5110df309d3392a51fa6123b63f512afe7f0f4cd5f73bbe2d0f7a567f33f834b,mwbl-kci-approved-term-skin-context-v1.1,access_unavailable,,,0,0,0,N,not_run_robots_disallowed,2026-07-13T06:45:49Z,approved_terms_only,N,robots_disallowed,KCI robots.txt disallows / for User-agent: *; search was not requested,https://www.kci.go.kr/robots.txt,2026-07-13T06:45:49Z,d220f330732f1f47afbdd06b61fc3739164627b94f8cf365f9eefddcd3951911,User-agent: * / Disallow: /,candidate_unverified,none,mwbl-ingredient-evidence-filter-v1.1-fresh-kci
kci:benzyl_salicylate:c5696bdbb618efb8,kci,61,benzyl_salicylate,벤질살리실레이트,Benzyl Salicylate,Benzyl Salicylate,"[""\""Benzyl Salicylate\"" skin""]",c5696bdbb618efb8bdaf79e2479ebfe3e98830d4c9e4f7dc45d61dda10d0c129,mwbl-kci-approved-term-skin-context-v1.1,access_unavailable,,,0,0,0,N,not_run_robots_disallowed,2026-07-13T06:45:49Z,approved_terms_only,N,robots_disallowed,KCI robots.txt disallows / for User-agent: *; search was not requested,https://www.kci.go.kr/robots.txt,2026-07-13T06:45:49Z,d220f330732f1f47afbdd06b61fc3739164627b94f8cf365f9eefddcd3951911,User-agent: * / Disallow: /,candidate_unverified,none,mwbl-ingredient-evidence-filter-v1.1-fresh-kci
kci:isododecane:c994e2060b083cc7,kci,62,isododecane,아이소도데케인,Isododecane,Isododecane,"[""\""Isododecane\"" skin""]",c994e2060b083cc742757ee9f5ca7c2718218d9c72f97f69bf51f3a4c570c709,mwbl-kci-approved-term-skin-context-v1.1,access_unavailable,,,0,0,0,N,not_run_robots_disallowed,2026-07-13T06:45:49Z,approved_terms_only,N,robots_disallowed,KCI robots.txt disallows / for User-agent: *; search was not requested,https://www.kci.go.kr/robots.txt,2026-07-13T06:45:49Z,d220f330732f1f47afbdd06b61fc3739164627b94f8cf365f9eefddcd3951911,User-agent: * / Disallow: /,candidate_unverified,none,mwbl-ingredient-evidence-filter-v1.1-fresh-kci
kci:sodium_hyaluronate:5aca11edb5ca6e2f,kci,63,sodium_hyaluronate,소듐하이알루로네이트,Sodium Hyaluronate,Sodium Hyaluronate,"[""\""Sodium Hyaluronate\"" skin""]",5aca11edb5ca6e2feb57826cd7f9a576973018bf7c0338ae21af7488363a602d,mwbl-kci-approved-term-skin-context-v1.1,access_unavailable,,,0,0,0,N,not_run_robots_disallowed,2026-07-13T06:45:49Z,approved_terms_only,N,robots_disallowed,KCI robots.txt disallows / for User-agent: *; search was not requested,https://www.kci.go.kr/robots.txt,2026-07-13T06:45:49Z,d220f330732f1f47afbdd06b61fc3739164627b94f8cf365f9eefddcd3951911,User-agent: * / Disallow: /,candidate_unverified,none,mwbl-ingredient-evidence-filter-v1.1-fresh-kci
kci:acrylates_c10_30_alkyl_acrylate_crosspolymer:b2d3396873cec0d4,kci,64,acrylates_c10_30_alkyl_acrylate_crosspolymer,아크릴레이트/C10-30알킬아크릴레이트크로스폴리머,Acrylates/C10-30 Alkyl Acrylate Crosspolymer,Acrylates/C10-30 Alkyl Acrylate Crosspolymer,"[""\""Acrylates/C10-30 Alkyl Acrylate Crosspolymer\"" skin""]",b2d3396873cec0d42291834bd76eb8f45aa5d350c9866a4ed76d0fb0da42d4e1,mwbl-kci-approved-term-skin-context-v1.1,access_unavailable,,,0,0,0,N,not_run_robots_disallowed,2026-07-13T06:45:49Z,approved_terms_only,N,robots_disallowed,KCI robots.txt disallows / for User-agent: *; search was not requested,https://www.kci.go.kr/robots.txt,2026-07-13T06:45:49Z,d220f330732f1f47afbdd06b61fc3739164627b94f8cf365f9eefddcd3951911,User-agent: * / Disallow: /,candidate_unverified,none,mwbl-ingredient-evidence-filter-v1.1-fresh-kci
kci:synthetic_fluorphlogopite:6de51b075fce76fe,kci,65,synthetic_fluorphlogopite,합성플루오르플로고파이트,Synthetic Fluorphlogopite,Synthetic Fluorphlogopite,"[""\""Synthetic Fluorphlogopite\"" skin""]",6de51b075fce76fe13451d831b86e56bad36d3a1aa0f7887b541afbd5060805d,mwbl-kci-approved-term-skin-context-v1.1,access_unavailable,,,0,0,0,N,not_run_robots_disallowed,2026-07-13T06:45:49Z,approved_terms_only,N,robots_disallowed,KCI robots.txt disallows / for User-agent: *; search was not requested,https://www.kci.go.kr/robots.txt,2026-07-13T06:45:49Z,d220f330732f1f47afbdd06b61fc3739164627b94f8cf365f9eefddcd3951911,User-agent: * / Disallow: /,candidate_unverified,none,mwbl-ingredient-evidence-filter-v1.1-fresh-kci
kci:polysorbate_20:596fb1b93e41ff78,kci,66,polysorbate_20,폴리솔베이트20,Polysorbate 20,Polysorbate 20,"[""\""Polysorbate 20\"" skin""]",596fb1b93e41ff783e447c8979bff4fa02f43d9fd7d22798e19083f766c0f694,mwbl-kci-approved-term-skin-context-v1.1,access_unavailable,,,0,0,0,N,not_run_robots_disallowed,2026-07-13T06:45:49Z,approved_terms_only,N,robots_disallowed,KCI robots.txt disallows / for User-agent: *; search was not requested,https://www.kci.go.kr/robots.txt,2026-07-13T06:45:49Z,d220f330732f1f47afbdd06b61fc3739164627b94f8cf365f9eefddcd3951911,User-agent: * / Disallow: /,candidate_unverified,none,mwbl-ingredient-evidence-filter-v1.1-fresh-kci
kci:propylene_carbonate:9ad93255330e4f0d,kci,67,propylene_carbonate,프로필렌카보네이트,Propylene Carbonate,Propylene Carbonate,"[""\""Propylene Carbonate\"" skin""]",9ad93255330e4f0d2491395cd549b032263be65847fb8445de0e2c9db044bcd0,mwbl-kci-approved-term-skin-context-v1.1,access_unavailable,,,0,0,0,N,not_run_robots_disallowed,2026-07-13T06:45:49Z,approved_terms_only,N,robots_disallowed,KCI robots.txt disallows / for User-agent: *; search was not requested,https://www.kci.go.kr/robots.txt,2026-07-13T06:45:49Z,d220f330732f1f47afbdd06b61fc3739164627b94f8cf365f9eefddcd3951911,User-agent: * / Disallow: /,candidate_unverified,none,mwbl-ingredient-evidence-filter-v1.1-fresh-kci
kci:tin_oxide:db24c8adc330f448,kci,68,tin_oxide,틴옥사이드,Tin Oxide,Tin Oxide,"[""\""Tin Oxide\"" skin""]",db24c8adc330f4486c274190b80e0a039327095c8ed8c8344b8c52fa0e67d2aa,mwbl-kci-approved-term-skin-context-v1.1,access_unavailable,,,0,0,0,N,not_run_robots_disallowed,2026-07-13T06:45:49Z,approved_terms_only,N,robots_disallowed,KCI robots.txt disallows / for User-agent: *; search was not requested,https://www.kci.go.kr/robots.txt,2026-07-13T06:45:49Z,d220f330732f1f47afbdd06b61fc3739164627b94f8cf365f9eefddcd3951911,User-agent: * / Disallow: /,candidate_unverified,none,mwbl-ingredient-evidence-filter-v1.1-fresh-kci
kci:maltodextrin:56d3ec433fa8d780,kci,69,maltodextrin,말토덱스트린,Maltodextrin,Maltodextrin,"[""\""Maltodextrin\"" skin""]",56d3ec433fa8d7809de38d2f6ffd494e33b947a927e900f93e2215eda3e2f557,mwbl-kci-approved-term-skin-context-v1.1,access_unavailable,,,0,0,0,N,not_run_robots_disallowed,2026-07-13T06:45:49Z,approved_terms_only,N,robots_disallowed,KCI robots.txt disallows / for User-agent: *; search was not requested,https://www.kci.go.kr/robots.txt,2026-07-13T06:45:49Z,d220f330732f1f47afbdd06b61fc3739164627b94f8cf365f9eefddcd3951911,User-agent: * / Disallow: /,candidate_unverified,none,mwbl-ingredient-evidence-filter-v1.1-fresh-kci
kci:cetyl_peg_ppg_10_1_dimethicone:d41300ca2b2f8c79,kci,70,cetyl_peg_ppg_10_1_dimethicone,세틸피이지/피피지-10/1다이메티콘,Cetyl PEG/PPG-10/1 Dimethicone,Cetyl PEG/PPG-10/1 Dimethicone,"[""\""Cetyl PEG/PPG-10/1 Dimethicone\"" skin""]",d41300ca2b2f8c791680b1268923effe7d4a315a9ac67cb39f067cb876183227,mwbl-kci-approved-term-skin-context-v1.1,access_unavailable,,,0,0,0,N,not_run_robots_disallowed,2026-07-13T06:45:49Z,approved_terms_only,N,robots_disallowed,KCI robots.txt disallows / for User-agent: *; search was not requested,https://www.kci.go.kr/robots.txt,2026-07-13T06:45:49Z,d220f330732f1f47afbdd06b61fc3739164627b94f8cf365f9eefddcd3951911,User-agent: * / Disallow: /,candidate_unverified,none,mwbl-ingredient-evidence-filter-v1.1-fresh-kci
kci:betaine:7307e80d0928ca2f,kci,71,betaine,베타인,Betaine,Betaine,"[""\""Betaine\"" skin""]",7307e80d0928ca2f107d65c019129b2afa2f35d1644ddb996f5309e0fa185f7d,mwbl-kci-approved-term-skin-context-v1.1,access_unavailable,,,0,0,0,N,not_run_robots_disallowed,2026-07-13T06:45:49Z,approved_terms_only,N,robots_disallowed,KCI robots.txt disallows / for User-agent: *; search was not requested,https://www.kci.go.kr/robots.txt,2026-07-13T06:45:49Z,d220f330732f1f47afbdd06b61fc3739164627b94f8cf365f9eefddcd3951911,User-agent: * / Disallow: /,candidate_unverified,none,mwbl-ingredient-evidence-filter-v1.1-fresh-kci
kci:bht:ae79540913543b76,kci,72,bht,비에이치티,BHT,BHT,"[""\""BHT\"" skin""]",ae79540913543b76380d397a8d80e99f1ab059819314a3b9bccfa7691fd2d683,mwbl-kci-approved-term-skin-context-v1.1,access_unavailable,,,0,0,0,N,not_run_robots_disallowed,2026-07-13T06:45:49Z,approved_terms_only,N,robots_disallowed,KCI robots.txt disallows / for User-agent: *; search was not requested,https://www.kci.go.kr/robots.txt,2026-07-13T06:45:49Z,d220f330732f1f47afbdd06b61fc3739164627b94f8cf365f9eefddcd3951911,User-agent: * / Disallow: /,candidate_unverified,none,mwbl-ingredient-evidence-filter-v1.1-fresh-kci
kci:tromethamine:45631a6a80bffadc,kci,73,tromethamine,트로메타민,Tromethamine,Tromethamine,"[""\""Tromethamine\"" skin""]",45631a6a80bffadcae78bef8a4bf748b4ca808672b7a95c09c0a0002c4a1d553,mwbl-kci-approved-term-skin-context-v1.1,access_unavailable,,,0,0,0,N,not_run_robots_disallowed,2026-07-13T06:45:49Z,approved_terms_only,N,robots_disallowed,KCI robots.txt disallows / for User-agent: *; search was not requested,https://www.kci.go.kr/robots.txt,2026-07-13T06:45:49Z,d220f330732f1f47afbdd06b61fc3739164627b94f8cf365f9eefddcd3951911,User-agent: * / Disallow: /,candidate_unverified,none,mwbl-ingredient-evidence-filter-v1.1-fresh-kci
kci:dimethicone_vinyl_dimethicone_crosspolymer:99acfffeb32ddd7e,kci,74,dimethicone_vinyl_dimethicone_crosspolymer,다이메티콘/비닐다이메티콘크로스폴리머,Dimethicone/Vinyl Dimethicone Crosspolymer,Dimethicone/Vinyl Dimethicone Crosspolymer,"[""\""Dimethicone/Vinyl Dimethicone Crosspolymer\"" skin""]",99acfffeb32ddd7e0ce13b1950e56495cbac5cf4d07e2f544ea0d8e8d1409049,mwbl-kci-approved-term-skin-context-v1.1,access_unavailable,,,0,0,0,N,not_run_robots_disallowed,2026-07-13T06:45:49Z,approved_terms_only,N,robots_disallowed,KCI robots.txt disallows / for User-agent: *; search was not requested,https://www.kci.go.kr/robots.txt,2026-07-13T06:45:49Z,d220f330732f1f47afbdd06b61fc3739164627b94f8cf365f9eefddcd3951911,User-agent: * / Disallow: /,candidate_unverified,none,mwbl-ingredient-evidence-filter-v1.1-fresh-kci
kci:trisodium_ethylenediamine_disuccinate:6ad72fc34b71d892,kci,75,trisodium_ethylenediamine_disuccinate,트라이소듐에틸렌다이아민다이석시네이트,Trisodium Ethylenediamine Disuccinate,Trisodium Ethylenediamine Disuccinate,"[""\""Trisodium Ethylenediamine Disuccinate\"" skin""]",6ad72fc34b71d892253f3372e529e97e762c8f6785f3ec225e11afff16ed29f2,mwbl-kci-approved-term-skin-context-v1.1,access_unavailable,,,0,0,0,N,not_run_robots_disallowed,2026-07-13T06:45:49Z,approved_terms_only,N,robots_disallowed,KCI robots.txt disallows / for User-agent: *; search was not requested,https://www.kci.go.kr/robots.txt,2026-07-13T06:45:49Z,d220f330732f1f47afbdd06b61fc3739164627b94f8cf365f9eefddcd3951911,User-agent: * / Disallow: /,candidate_unverified,none,mwbl-ingredient-evidence-filter-v1.1-fresh-kci
kci:ethylhexyl_palmitate:a4cf0c61b0403219,kci,77,ethylhexyl_palmitate,에틸헥실팔미테이트,Ethylhexyl Palmitate,Ethylhexyl Palmitate,"[""\""Ethylhexyl Palmitate\"" skin""]",a4cf0c61b0403219e5233f34abb4668e356913b7101bb588538de45741710b43,mwbl-kci-approved-term-skin-context-v1.1,access_unavailable,,,0,0,0,N,not_run_robots_disallowed,2026-07-13T06:45:49Z,approved_terms_only,N,robots_disallowed,KCI robots.txt disallows / for User-agent: *; search was not requested,https://www.kci.go.kr/robots.txt,2026-07-13T06:45:49Z,d220f330732f1f47afbdd06b61fc3739164627b94f8cf365f9eefddcd3951911,User-agent: * / Disallow: /,candidate_unverified,none,mwbl-ingredient-evidence-filter-v1.1-fresh-kci
kci:hydroxycitronellal:976d52e6123239d1,kci,78,hydroxycitronellal,하이드록시시트로넬알,Hydroxycitronellal,Hydroxycitronellal,"[""\""Hydroxycitronellal\"" skin""]",976d52e6123239d1a454ecd4dae39616743b2c485bc8ca8c5a5a43ed484a1c6b,mwbl-kci-approved-term-skin-context-v1.1,access_unavailable,,,0,0,0,N,not_run_robots_disallowed,2026-07-13T06:45:49Z,approved_terms_only,N,robots_disallowed,KCI robots.txt disallows / for User-agent: *; search was not requested,https://www.kci.go.kr/robots.txt,2026-07-13T06:45:49Z,d220f330732f1f47afbdd06b61fc3739164627b94f8cf365f9eefddcd3951911,User-agent: * / Disallow: /,candidate_unverified,none,mwbl-ingredient-evidence-filter-v1.1-fresh-kci
kci:magnesium_sulfate:5fe5e98608a99c17,kci,79,magnesium_sulfate,마그네슘설페이트,Magnesium Sulfate,Magnesium Sulfate,"[""\""Magnesium Sulfate\"" skin""]",5fe5e98608a99c1796794e9575c465d9bbadd1d21d1c25beb6ad4b64fc6fdb6a,mwbl-kci-approved-term-skin-context-v1.1,access_unavailable,,,0,0,0,N,not_run_robots_disallowed,2026-07-13T06:45:49Z,approved_terms_only,N,robots_disallowed,KCI robots.txt disallows / for User-agent: *; search was not requested,https://www.kci.go.kr/robots.txt,2026-07-13T06:45:49Z,d220f330732f1f47afbdd06b61fc3739164627b94f8cf365f9eefddcd3951911,User-agent: * / Disallow: /,candidate_unverified,none,mwbl-ingredient-evidence-filter-v1.1-fresh-kci
kci:glyceryl_caprylate:7ee30f64c0301319,kci,80,glyceryl_caprylate,글리세릴카프릴레이트,Glyceryl Caprylate,Glyceryl Caprylate,"[""\""Glyceryl Caprylate\"" skin""]",7ee30f64c0301319a318c55eb486f61b10e65d112335e4f14224f36a1f11ebfb,mwbl-kci-approved-term-skin-context-v1.1,access_unavailable,,,0,0,0,N,not_run_robots_disallowed,2026-07-13T06:45:49Z,approved_terms_only,N,robots_disallowed,KCI robots.txt disallows / for User-agent: *; search was not requested,https://www.kci.go.kr/robots.txt,2026-07-13T06:45:49Z,d220f330732f1f47afbdd06b61fc3739164627b94f8cf365f9eefddcd3951911,User-agent: * / Disallow: /,candidate_unverified,none,mwbl-ingredient-evidence-filter-v1.1-fresh-kci
kci:polysorbate_60:d4b3a259e083963f,kci,81,polysorbate_60,폴리솔베이트60,Polysorbate 60,Polysorbate 60,"[""\""Polysorbate 60\"" skin""]",d4b3a259e083963fd16f1e01964d6d6f8a8d8dbcf2aa6e236c8ab9e365f0878e,mwbl-kci-approved-term-skin-context-v1.1,access_unavailable,,,0,0,0,N,not_run_robots_disallowed,2026-07-13T06:45:49Z,approved_terms_only,N,robots_disallowed,KCI robots.txt disallows / for User-agent: *; search was not requested,https://www.kci.go.kr/robots.txt,2026-07-13T06:45:49Z,d220f330732f1f47afbdd06b61fc3739164627b94f8cf365f9eefddcd3951911,User-agent: * / Disallow: /,candidate_unverified,none,mwbl-ingredient-evidence-filter-v1.1-fresh-kci
kci:hexylene_glycol:e2d5656eb3a2c713,kci,82,hexylene_glycol,헥실렌글라이콜,Hexylene Glycol,Hexylene Glycol,"[""\""Hexylene Glycol\"" skin""]",e2d5656eb3a2c713c8aa1d8015ae63cbbac2fa7f375b5482f6a8d629a98e7530,mwbl-kci-approved-term-skin-context-v1.1,access_unavailable,,,0,0,0,N,not_run_robots_disallowed,2026-07-13T06:45:49Z,approved_terms_only,N,robots_disallowed,KCI robots.txt disallows / for User-agent: *; search was not requested,https://www.kci.go.kr/robots.txt,2026-07-13T06:45:49Z,d220f330732f1f47afbdd06b61fc3739164627b94f8cf365f9eefddcd3951911,User-agent: * / Disallow: /,candidate_unverified,none,mwbl-ingredient-evidence-filter-v1.1-fresh-kci
kci:coumarin:a05d3441e56ec5be,kci,83,coumarin,쿠마린,Coumarin,Coumarin,"[""\""Coumarin\"" skin""]",a05d3441e56ec5be926464025c4bf75ae4a6df8e3c87a16bfe0876762b11ee9a,mwbl-kci-approved-term-skin-context-v1.1,access_unavailable,,,0,0,0,N,not_run_robots_disallowed,2026-07-13T06:45:49Z,approved_terms_only,N,robots_disallowed,KCI robots.txt disallows / for User-agent: *; search was not requested,https://www.kci.go.kr/robots.txt,2026-07-13T06:45:49Z,d220f330732f1f47afbdd06b61fc3739164627b94f8cf365f9eefddcd3951911,User-agent: * / Disallow: /,candidate_unverified,none,mwbl-ingredient-evidence-filter-v1.1-fresh-kci
kci:octyldodecanol:3988261be0fa630e,kci,84,octyldodecanol,옥틸도데칸올,Octyldodecanol,Octyldodecanol,"[""\""Octyldodecanol\"" skin""]",3988261be0fa630e4f0c7822fb89c697290899630f6c7dcbda516fb6e211718f,mwbl-kci-approved-term-skin-context-v1.1,access_unavailable,,,0,0,0,N,not_run_robots_disallowed,2026-07-13T06:45:49Z,approved_terms_only,N,robots_disallowed,KCI robots.txt disallows / for User-agent: *; search was not requested,https://www.kci.go.kr/robots.txt,2026-07-13T06:45:49Z,d220f330732f1f47afbdd06b61fc3739164627b94f8cf365f9eefddcd3951911,User-agent: * / Disallow: /,candidate_unverified,none,mwbl-ingredient-evidence-filter-v1.1-fresh-kci
kci:caffeine:071bec2ec32f1021,kci,85,caffeine,카페인,Caffeine,Caffeine,"[""\""Caffeine\"" skin""]",071bec2ec32f1021288b585ee45bbbafa44ec2a72ed4c3aef650f02c1c573a84,mwbl-kci-approved-term-skin-context-v1.1,access_unavailable,,,0,0,0,N,not_run_robots_disallowed,2026-07-13T06:45:49Z,approved_terms_only,N,robots_disallowed,KCI robots.txt disallows / for User-agent: *; search was not requested,https://www.kci.go.kr/robots.txt,2026-07-13T06:45:49Z,d220f330732f1f47afbdd06b61fc3739164627b94f8cf365f9eefddcd3951911,User-agent: * / Disallow: /,candidate_unverified,none,mwbl-ingredient-evidence-filter-v1.1-fresh-kci
kci:alpha_isomethyl_ionone:1420a534f5c89576,kci,86,alpha_isomethyl_ionone,알파-아이소메틸아이오논,Alpha-Isomethyl Ionone,Alpha-Isomethyl Ionone,"[""\""Alpha-Isomethyl Ionone\"" skin""]",1420a534f5c8957660700554214dbfa22803c2dba08086eb0ab1af1a738f20e7,mwbl-kci-approved-term-skin-context-v1.1,access_unavailable,,,0,0,0,N,not_run_robots_disallowed,2026-07-13T06:45:49Z,approved_terms_only,N,robots_disallowed,KCI robots.txt disallows / for User-agent: *; search was not requested,https://www.kci.go.kr/robots.txt,2026-07-13T06:45:49Z,d220f330732f1f47afbdd06b61fc3739164627b94f8cf365f9eefddcd3951911,User-agent: * / Disallow: /,candidate_unverified,none,mwbl-ingredient-evidence-filter-v1.1-fresh-kci
kci:titanium_dioxide:14c775532adca3aa,kci,87,titanium_dioxide,티타늄디옥사이드,Titanium Dioxide,Titanium Dioxide,"[""\""Titanium Dioxide\"" skin""]",14c775532adca3aa0736879314a2074a33045183f6d885710cc9aae34bf67d07,mwbl-kci-approved-term-skin-context-v1.1,access_unavailable,,,0,0,0,N,not_run_robots_disallowed,2026-07-13T06:45:49Z,approved_terms_only,N,robots_disallowed,KCI robots.txt disallows / for User-agent: *; search was not requested,https://www.kci.go.kr/robots.txt,2026-07-13T06:45:49Z,d220f330732f1f47afbdd06b61fc3739164627b94f8cf365f9eefddcd3951911,User-agent: * / Disallow: /,candidate_unverified,none,mwbl-ingredient-evidence-filter-v1.1-fresh-kci
kci:sodium_phytate:f5358bbb576b8017,kci,88,sodium_phytate,소듐파이테이트,Sodium Phytate,Sodium Phytate,"[""\""Sodium Phytate\"" skin""]",f5358bbb576b8017cf0c36f56d8ced12cc7b2cb28b3b5197df5a5364c7672082,mwbl-kci-approved-term-skin-context-v1.1,access_unavailable,,,0,0,0,N,not_run_robots_disallowed,2026-07-13T06:45:49Z,approved_terms_only,N,robots_disallowed,KCI robots.txt disallows / for User-agent: *; search was not requested,https://www.kci.go.kr/robots.txt,2026-07-13T06:45:49Z,d220f330732f1f47afbdd06b61fc3739164627b94f8cf365f9eefddcd3951911,User-agent: * / Disallow: /,candidate_unverified,none,mwbl-ingredient-evidence-filter-v1.1-fresh-kci
kci:benzyl_benzoate:108ba4a2813e33e7,kci,89,benzyl_benzoate,벤질벤조에이트,Benzyl Benzoate,Benzyl Benzoate,"[""\""Benzyl Benzoate\"" skin""]",108ba4a2813e33e76352fb0130ee5dac6415a160cabfbc9169675097a6a65508,mwbl-kci-approved-term-skin-context-v1.1,access_unavailable,,,0,0,0,N,not_run_robots_disallowed,2026-07-13T06:45:49Z,approved_terms_only,N,robots_disallowed,KCI robots.txt disallows / for User-agent: *; search was not requested,https://www.kci.go.kr/robots.txt,2026-07-13T06:45:49Z,d220f330732f1f47afbdd06b61fc3739164627b94f8cf365f9eefddcd3951911,User-agent: * / Disallow: /,candidate_unverified,none,mwbl-ingredient-evidence-filter-v1.1-fresh-kci
kci:hydroxyethylcellulose:6b2d256d9ee8486d,kci,90,hydroxyethylcellulose,하이드록시에틸셀룰로오스,Hydroxyethylcellulose,Hydroxyethylcellulose,"[""\""Hydroxyethylcellulose\"" skin""]",6b2d256d9ee8486d54d532d1bc7d63d361d4b553f3f0b021be7b3a92bb241c9f,mwbl-kci-approved-term-skin-context-v1.1,access_unavailable,,,0,0,0,N,not_run_robots_disallowed,2026-07-13T06:45:49Z,approved_terms_only,N,robots_disallowed,KCI robots.txt disallows / for User-agent: *; search was not requested,https://www.kci.go.kr/robots.txt,2026-07-13T06:45:49Z,d220f330732f1f47afbdd06b61fc3739164627b94f8cf365f9eefddcd3951911,User-agent: * / Disallow: /,candidate_unverified,none,mwbl-ingredient-evidence-filter-v1.1-fresh-kci
kci:phenyl_trimethicone:c45bf70b11d08cb8,kci,94,phenyl_trimethicone,페닐트라이메티콘,Phenyl Trimethicone,Phenyl Trimethicone,"[""\""Phenyl Trimethicone\"" skin""]",c45bf70b11d08cb825e91c5aec7583b18f49edd3741df4a4a0f08d6323b16ce5,mwbl-kci-approved-term-skin-context-v1.1,access_unavailable,,,0,0,0,N,not_run_robots_disallowed,2026-07-13T06:45:49Z,approved_terms_only,N,robots_disallowed,KCI robots.txt disallows / for User-agent: *; search was not requested,https://www.kci.go.kr/robots.txt,2026-07-13T06:45:49Z,d220f330732f1f47afbdd06b61fc3739164627b94f8cf365f9eefddcd3951911,User-agent: * / Disallow: /,candidate_unverified,none,mwbl-ingredient-evidence-filter-v1.1-fresh-kci
kci:polyhydroxystearic_acid:3055ae3272b53e38,kci,95,polyhydroxystearic_acid,폴리하이드록시스테아릭애씨드,Polyhydroxystearic Acid,Polyhydroxystearic Acid,"[""\""Polyhydroxystearic Acid\"" skin""]",3055ae3272b53e380f26098ba9d9e8ec7ebd9f80bf1e8e8636bba6daa7b4ff9d,mwbl-kci-approved-term-skin-context-v1.1,access_unavailable,,,0,0,0,N,not_run_robots_disallowed,2026-07-13T06:45:49Z,approved_terms_only,N,robots_disallowed,KCI robots.txt disallows / for User-agent: *; search was not requested,https://www.kci.go.kr/robots.txt,2026-07-13T06:45:49Z,d220f330732f1f47afbdd06b61fc3739164627b94f8cf365f9eefddcd3951911,User-agent: * / Disallow: /,candidate_unverified,none,mwbl-ingredient-evidence-filter-v1.1-fresh-kci
kci:peg_10_dimethicone:812af6b38c4fc1f4,kci,96,peg_10_dimethicone,피이지-10다이메티콘,PEG-10 Dimethicone,PEG-10 Dimethicone,"[""\""PEG-10 Dimethicone\"" skin""]",812af6b38c4fc1f49a41ebfc5481cb0d858adae75bf98cd2513d685b731429ba,mwbl-kci-approved-term-skin-context-v1.1,access_unavailable,,,0,0,0,N,not_run_robots_disallowed,2026-07-13T06:45:49Z,approved_terms_only,N,robots_disallowed,KCI robots.txt disallows / for User-agent: *; search was not requested,https://www.kci.go.kr/robots.txt,2026-07-13T06:45:49Z,d220f330732f1f47afbdd06b61fc3739164627b94f8cf365f9eefddcd3951911,User-agent: * / Disallow: /,candidate_unverified,none,mwbl-ingredient-evidence-filter-v1.1-fresh-kci
kci:sodium_dehydroacetate:5c7ad4e303db28c4,kci,97,sodium_dehydroacetate,소듐데하이드로아세테이트,Sodium Dehydroacetate,Sodium Dehydroacetate,"[""\""Sodium Dehydroacetate\"" skin""]",5c7ad4e303db28c46b506ce13f3e49dbe96a0c023d9f05d2c894d5d437085253,mwbl-kci-approved-term-skin-context-v1.1,access_unavailable,,,0,0,0,N,not_run_robots_disallowed,2026-07-13T06:45:49Z,approved_terms_only,N,robots_disallowed,KCI robots.txt disallows / for User-agent: *; search was not requested,https://www.kci.go.kr/robots.txt,2026-07-13T06:45:49Z,d220f330732f1f47afbdd06b61fc3739164627b94f8cf365f9eefddcd3951911,User-agent: * / Disallow: /,candidate_unverified,none,mwbl-ingredient-evidence-filter-v1.1-fresh-kci
kci:sodium_pca:3b2f8251a5aa5beb,kci,98,sodium_pca,소듐피씨에이,Sodium PCA,Sodium PCA,"[""\""Sodium PCA\"" skin""]",3b2f8251a5aa5beb0812a66e49f5ab80743bef4b184ecbc5b7864276152c492a,mwbl-kci-approved-term-skin-context-v1.1,access_unavailable,,,0,0,0,N,not_run_robots_disallowed,2026-07-13T06:45:49Z,approved_terms_only,N,robots_disallowed,KCI robots.txt disallows / for User-agent: *; search was not requested,https://www.kci.go.kr/robots.txt,2026-07-13T06:45:49Z,d220f330732f1f47afbdd06b61fc3739164627b94f8cf365f9eefddcd3951911,User-agent: * / Disallow: /,candidate_unverified,none,mwbl-ingredient-evidence-filter-v1.1-fresh-kci
kci:cyclopentasiloxane:df962ac4c734bbae,kci,99,cyclopentasiloxane,사이클로펜타실록세인,Cyclopentasiloxane,Cyclopentasiloxane,"[""\""Cyclopentasiloxane\"" skin""]",df962ac4c734bbae7fe7318e3993176e13870930123c975ee706b080c611a703,mwbl-kci-approved-term-skin-context-v1.1,access_unavailable,,,0,0,0,N,not_run_robots_disallowed,2026-07-13T06:45:49Z,approved_terms_only,N,robots_disallowed,KCI robots.txt disallows / for User-agent: *; search was not requested,https://www.kci.go.kr/robots.txt,2026-07-13T06:45:49Z,d220f330732f1f47afbdd06b61fc3739164627b94f8cf365f9eefddcd3951911,User-agent: * / Disallow: /,candidate_unverified,none,mwbl-ingredient-evidence-filter-v1.1-fresh-kci
kci:cetrimonium_chloride:39d57574c4215e1d,kci,100,cetrimonium_chloride,세트리모늄클로라이드,Cetrimonium Chloride,Cetrimonium Chloride,"[""\""Cetrimonium Chloride\"" skin""]",39d57574c4215e1deb1a3a0926f96ec6430b194a5592472b4e458dc3f3959138,mwbl-kci-approved-term-skin-context-v1.1,access_unavailable,,,0,0,0,N,not_run_robots_disallowed,2026-07-13T06:45:49Z,approved_terms_only,N,robots_disallowed,KCI robots.txt disallows / for User-agent: *; search was not requested,https://www.kci.go.kr/robots.txt,2026-07-13T06:45:49Z,d220f330732f1f47afbdd06b61fc3739164627b94f8cf365f9eefddcd3951911,User-agent: * / Disallow: /,candidate_unverified,none,mwbl-ingredient-evidence-filter-v1.1-fresh-kci
kci:hydroxyethyl_acrylate_sodium_acryloyldimethyl_taurate_copolymer:68677c21a00e266e,kci,101,hydroxyethyl_acrylate_sodium_acryloyldimethyl_taurate_copolymer,하이드록시에틸아크릴레이트/소듐아크릴로일다이메틸타우 레이트코폴리머,Hydroxyethyl Acrylate/Sodium Acryloyldimethyl Taurate Copolymer,Hydroxyethyl Acrylate/Sodium Acryloyldimethyl Taurate Copolymer,"[""\""Hydroxyethyl Acrylate/Sodium Acryloyldimethyl Taurate Copolymer\"" skin""]",68677c21a00e266e4952f2f33a1f2ea3e426703315ecbb06c5c364be6cab85c6,mwbl-kci-approved-term-skin-context-v1.1,access_unavailable,,,0,0,0,N,not_run_robots_disallowed,2026-07-13T06:45:49Z,approved_terms_only,N,robots_disallowed,KCI robots.txt disallows / for User-agent: *; search was not requested,https://www.kci.go.kr/robots.txt,2026-07-13T06:45:49Z,d220f330732f1f47afbdd06b61fc3739164627b94f8cf365f9eefddcd3951911,User-agent: * / Disallow: /,candidate_unverified,none,mwbl-ingredient-evidence-filter-v1.1-fresh-kci
kci:behentrimonium_chloride:92b27fa344e12420,kci,102,behentrimonium_chloride,베헨트라이모늄클로라이드,Behentrimonium Chloride,Behentrimonium Chloride,"[""\""Behentrimonium Chloride\"" skin""]",92b27fa344e12420c2922e1617de524b62a3c047183a4cf2a98a7cbdf16d7670,mwbl-kci-approved-term-skin-context-v1.1,access_unavailable,,,0,0,0,N,not_run_robots_disallowed,2026-07-13T06:45:49Z,approved_terms_only,N,robots_disallowed,KCI robots.txt disallows / for User-agent: *; search was not requested,https://www.kci.go.kr/robots.txt,2026-07-13T06:45:49Z,d220f330732f1f47afbdd06b61fc3739164627b94f8cf365f9eefddcd3951911,User-agent: * / Disallow: /,candidate_unverified,none,mwbl-ingredient-evidence-filter-v1.1-fresh-kci
kci:trehalose:1c45008197ec9bb2,kci,103,trehalose,트레할로오스,Trehalose,Trehalose,"[""\""Trehalose\"" skin""]",1c45008197ec9bb2c20c31aaa7c601d287d088ec19ec4f80e364b488a04f41e0,mwbl-kci-approved-term-skin-context-v1.1,access_unavailable,,,0,0,0,N,not_run_robots_disallowed,2026-07-13T06:45:49Z,approved_terms_only,N,robots_disallowed,KCI robots.txt disallows / for User-agent: *; search was not requested,https://www.kci.go.kr/robots.txt,2026-07-13T06:45:49Z,d220f330732f1f47afbdd06b61fc3739164627b94f8cf365f9eefddcd3951911,User-agent: * / Disallow: /,candidate_unverified,none,mwbl-ingredient-evidence-filter-v1.1-fresh-kci
kci:benzoic_acid:30ef2d554fa79871,kci,104,benzoic_acid,벤조익애씨드,Benzoic Acid,Benzoic Acid,"[""\""Benzoic Acid\"" skin""]",30ef2d554fa7987110ce0190c74c162ba2d4aad021bc438c88b556a25449cdaf,mwbl-kci-approved-term-skin-context-v1.1,access_unavailable,,,0,0,0,N,not_run_robots_disallowed,2026-07-13T06:45:49Z,approved_terms_only,N,robots_disallowed,KCI robots.txt disallows / for User-agent: *; search was not requested,https://www.kci.go.kr/robots.txt,2026-07-13T06:45:49Z,d220f330732f1f47afbdd06b61fc3739164627b94f8cf365f9eefddcd3951911,User-agent: * / Disallow: /,candidate_unverified,none,mwbl-ingredient-evidence-filter-v1.1-fresh-kci
kci:diisostearyl_malate:5c1f946a91cef966,kci,105,diisostearyl_malate,다이아이소스테아릴말레이트,Diisostearyl Malate,Diisostearyl Malate,"[""\""Diisostearyl Malate\"" skin""]",5c1f946a91cef96627477e2c12c6321fd017609544493470e0346062d2a89749,mwbl-kci-approved-term-skin-context-v1.1,access_unavailable,,,0,0,0,N,not_run_robots_disallowed,2026-07-13T06:45:49Z,approved_terms_only,N,robots_disallowed,KCI robots.txt disallows / for User-agent: *; search was not requested,https://www.kci.go.kr/robots.txt,2026-07-13T06:45:49Z,d220f330732f1f47afbdd06b61fc3739164627b94f8cf365f9eefddcd3951911,User-agent: * / Disallow: /,candidate_unverified,none,mwbl-ingredient-evidence-filter-v1.1-fresh-kci
kci:guar_hydroxypropyltrimonium_chloride:daf22added431d10,kci,106,guar_hydroxypropyltrimonium_chloride,구아하이드록시프로필트라이모늄클로라이드,Guar Hydroxypropyltrimonium Chloride,Guar Hydroxypropyltrimonium Chloride,"[""\""Guar Hydroxypropyltrimonium Chloride\"" skin""]",daf22added431d10e53d285dd4d9b589492097a26c59784595f19008bc486264,mwbl-kci-approved-term-skin-context-v1.1,access_unavailable,,,0,0,0,N,not_run_robots_disallowed,2026-07-13T06:45:49Z,approved_terms_only,N,robots_disallowed,KCI robots.txt disallows / for User-agent: *; search was not requested,https://www.kci.go.kr/robots.txt,2026-07-13T06:45:49Z,d220f330732f1f47afbdd06b61fc3739164627b94f8cf365f9eefddcd3951911,User-agent: * / Disallow: /,candidate_unverified,none,mwbl-ingredient-evidence-filter-v1.1-fresh-kci
kci:rosmarinus_officinalis_rosemary_leaf_extract:4e6d5a9178bdc323,kci,107,rosmarinus_officinalis_rosemary_leaf_extract,로즈마리잎추출물,Rosmarinus Officinalis (Rosemary) Leaf Extract,Rosmarinus Officinalis (Rosemary) Leaf Extract,"[""\""Rosmarinus Officinalis (Rosemary) Leaf Extract\"" skin""]",4e6d5a9178bdc323de6881c7a9744e5dd5b86081fa15b6d5cd9cfdf45ddf0dfd,mwbl-kci-approved-term-skin-context-v1.1,access_unavailable,,,0,0,0,N,not_run_robots_disallowed,2026-07-13T06:45:49Z,approved_terms_only,N,robots_disallowed,KCI robots.txt disallows / for User-agent: *; search was not requested,https://www.kci.go.kr/robots.txt,2026-07-13T06:45:49Z,d220f330732f1f47afbdd06b61fc3739164627b94f8cf365f9eefddcd3951911,User-agent: * / Disallow: /,candidate_unverified,none,mwbl-ingredient-evidence-filter-v1.1-fresh-kci
kci:polymethylsilsesquioxane:5a8d1e0425f5b64c,kci,108,polymethylsilsesquioxane,폴리메틸실세스퀴옥세인,Polymethylsilsesquioxane,Polymethylsilsesquioxane,"[""\""Polymethylsilsesquioxane\"" skin""]",5a8d1e0425f5b64ce44333a741be6b0b1952ed7fb49280d7d784eb0665c6e8b3,mwbl-kci-approved-term-skin-context-v1.1,access_unavailable,,,0,0,0,N,not_run_robots_disallowed,2026-07-13T06:45:49Z,approved_terms_only,N,robots_disallowed,KCI robots.txt disallows / for User-agent: *; search was not requested,https://www.kci.go.kr/robots.txt,2026-07-13T06:45:49Z,d220f330732f1f47afbdd06b61fc3739164627b94f8cf365f9eefddcd3951911,User-agent: * / Disallow: /,candidate_unverified,none,mwbl-ingredient-evidence-filter-v1.1-fresh-kci
kci:cocos_nucifera_coconut_oil:b7666c770f1f3fa0,kci,109,cocos_nucifera_coconut_oil,코코넛야자오일,Cocos Nucifera (Coconut) Oil,Cocos Nucifera (Coconut) Oil,"[""\""Cocos Nucifera (Coconut) Oil\"" skin""]",b7666c770f1f3fa0f034bb706291fd326cc4e3a78802dd0b703e22031c3a49d0,mwbl-kci-approved-term-skin-context-v1.1,access_unavailable,,,0,0,0,N,not_run_robots_disallowed,2026-07-13T06:45:49Z,approved_terms_only,N,robots_disallowed,KCI robots.txt disallows / for User-agent: *; search was not requested,https://www.kci.go.kr/robots.txt,2026-07-13T06:45:49Z,d220f330732f1f47afbdd06b61fc3739164627b94f8cf365f9eefddcd3951911,User-agent: * / Disallow: /,candidate_unverified,none,mwbl-ingredient-evidence-filter-v1.1-fresh-kci
kci:isopropyl_alcohol:3d47dfe5149bf748,kci,110,isopropyl_alcohol,아이소프로필알코올,Isopropyl Alcohol,Isopropyl Alcohol,"[""\""Isopropyl Alcohol\"" skin""]",3d47dfe5149bf74820566d980674f1da6d9338084b13b8217e4281414d427e43,mwbl-kci-approved-term-skin-context-v1.1,access_unavailable,,,0,0,0,N,not_run_robots_disallowed,2026-07-13T06:45:49Z,approved_terms_only,N,robots_disallowed,KCI robots.txt disallows / for User-agent: *; search was not requested,https://www.kci.go.kr/robots.txt,2026-07-13T06:45:49Z,d220f330732f1f47afbdd06b61fc3739164627b94f8cf365f9eefddcd3951911,User-agent: * / Disallow: /,candidate_unverified,none,mwbl-ingredient-evidence-filter-v1.1-fresh-kci
kci:ceramide_np:4d9545d3671bd660,kci,111,ceramide_np,세라마이드엔피,Ceramide NP,Ceramide NP|Ceramide 3,"[""\""Ceramide NP\"" skin"",""\""Ceramide 3\"" skin""]",4d9545d3671bd660a73e8519e38cf9cbfc12858bf65dc2426fdf798b2a7c7a47,mwbl-kci-approved-term-skin-context-v1.1,access_unavailable,,,0,0,0,N,not_run_robots_disallowed,2026-07-13T06:45:49Z,approved_terms_only,N,robots_disallowed,KCI robots.txt disallows / for User-agent: *; search was not requested,https://www.kci.go.kr/robots.txt,2026-07-13T06:45:49Z,d220f330732f1f47afbdd06b61fc3739164627b94f8cf365f9eefddcd3951911,User-agent: * / Disallow: /,candidate_unverified,none,mwbl-ingredient-evidence-filter-v1.1-fresh-kci
kci:alumina:0d0fbb7cd604cba2,kci,112,alumina,알루미나,Alumina,Alumina,"[""\""Alumina\"" skin""]",0d0fbb7cd604cba20c729cd3192e7a6ea945a54892983003707e90f883a7c4bf,mwbl-kci-approved-term-skin-context-v1.1,access_unavailable,,,0,0,0,N,not_run_robots_disallowed,2026-07-13T06:45:49Z,approved_terms_only,N,robots_disallowed,KCI robots.txt disallows / for User-agent: *; search was not requested,https://www.kci.go.kr/robots.txt,2026-07-13T06:45:49Z,d220f330732f1f47afbdd06b61fc3739164627b94f8cf365f9eefddcd3951911,User-agent: * / Disallow: /,candidate_unverified,none,mwbl-ingredient-evidence-filter-v1.1-fresh-kci
kci:olea_europaea_olive_fruit_oil:be4c1f3db9172b38,kci,113,olea_europaea_olive_fruit_oil,올리브오일,Olea Europaea (Olive) Fruit Oil,Olea Europaea (Olive) Fruit Oil,"[""\""Olea Europaea (Olive) Fruit Oil\"" skin""]",be4c1f3db9172b38a288b8058f80876ac657d61c887653b7a1b5175d75f4c53b,mwbl-kci-approved-term-skin-context-v1.1,access_unavailable,,,0,0,0,N,not_run_robots_disallowed,2026-07-13T06:45:49Z,approved_terms_only,N,robots_disallowed,KCI robots.txt disallows / for User-agent: *; search was not requested,https://www.kci.go.kr/robots.txt,2026-07-13T06:45:49Z,d220f330732f1f47afbdd06b61fc3739164627b94f8cf365f9eefddcd3951911,User-agent: * / Disallow: /,candidate_unverified,none,mwbl-ingredient-evidence-filter-v1.1-fresh-kci
kci:coco_caprylate_caprate:1af5b130c9e40435,kci,114,coco_caprylate_caprate,코코-카프릴레이트/카프레이트,Coco-Caprylate/Caprate,Coco-Caprylate/Caprate,"[""\""Coco-Caprylate/Caprate\"" skin""]",1af5b130c9e40435898b6c0b3664e00d3aced9cd108313acf97980778e08bb37,mwbl-kci-approved-term-skin-context-v1.1,access_unavailable,,,0,0,0,N,not_run_robots_disallowed,2026-07-13T06:45:49Z,approved_terms_only,N,robots_disallowed,KCI robots.txt disallows / for User-agent: *; search was not requested,https://www.kci.go.kr/robots.txt,2026-07-13T06:45:49Z,d220f330732f1f47afbdd06b61fc3739164627b94f8cf365f9eefddcd3951911,User-agent: * / Disallow: /,candidate_unverified,none,mwbl-ingredient-evidence-filter-v1.1-fresh-kci
kci:peg_100_stearate:08df5145e35e5b5a,kci,115,peg_100_stearate,피이지-100스테아레이트,PEG-100 Stearate,PEG-100 Stearate,"[""\""PEG-100 Stearate\"" skin""]",08df5145e35e5b5ab5023e60a6b173cb2f3fa3f90dcba49e04c45c02e84be3ee,mwbl-kci-approved-term-skin-context-v1.1,access_unavailable,,,0,0,0,N,not_run_robots_disallowed,2026-07-13T06:45:49Z,approved_terms_only,N,robots_disallowed,KCI robots.txt disallows / for User-agent: *; search was not requested,https://www.kci.go.kr/robots.txt,2026-07-13T06:45:49Z,d220f330732f1f47afbdd06b61fc3739164627b94f8cf365f9eefddcd3951911,User-agent: * / Disallow: /,candidate_unverified,none,mwbl-ingredient-evidence-filter-v1.1-fresh-kci
kci:glycine:1a46e1e2ffa8e62b,kci,116,glycine,글라이신,Glycine,Glycine,"[""\""Glycine\"" skin""]",1a46e1e2ffa8e62b531ab42c085d7ad40f0073cb049ea0862873ccefcca44ed9,mwbl-kci-approved-term-skin-context-v1.1,access_unavailable,,,0,0,0,N,not_run_robots_disallowed,2026-07-13T06:45:49Z,approved_terms_only,N,robots_disallowed,KCI robots.txt disallows / for User-agent: *; search was not requested,https://www.kci.go.kr/robots.txt,2026-07-13T06:45:49Z,d220f330732f1f47afbdd06b61fc3739164627b94f8cf365f9eefddcd3951911,User-agent: * / Disallow: /,candidate_unverified,none,mwbl-ingredient-evidence-filter-v1.1-fresh-kci
kci:aloe_barbadensis_leaf_juice:84f71d585eed59ec,kci,117,aloe_barbadensis_leaf_juice,알로에베라잎즙,Aloe Barbadensis Leaf Juice,Aloe Barbadensis Leaf Juice,"[""\""Aloe Barbadensis Leaf Juice\"" skin""]",84f71d585eed59ecb7a8aa0cc7b475f95b1f5cedc13699435d0414e0d63f159b,mwbl-kci-approved-term-skin-context-v1.1,access_unavailable,,,0,0,0,N,not_run_robots_disallowed,2026-07-13T06:45:49Z,approved_terms_only,N,robots_disallowed,KCI robots.txt disallows / for User-agent: *; search was not requested,https://www.kci.go.kr/robots.txt,2026-07-13T06:45:49Z,d220f330732f1f47afbdd06b61fc3739164627b94f8cf365f9eefddcd3951911,User-agent: * / Disallow: /,candidate_unverified,none,mwbl-ingredient-evidence-filter-v1.1-fresh-kci
kci:cocamidopropyl_betaine:22baa6ed6ede8303,kci,119,cocamidopropyl_betaine,코카미도프로필베타인,Cocamidopropyl Betaine,Cocamidopropyl Betaine,"[""\""Cocamidopropyl Betaine\"" skin""]",22baa6ed6ede83037bff77098b1fd2ed9283b290398d7c3c9730d5dfcbec7978,mwbl-kci-approved-term-skin-context-v1.1,access_unavailable,,,0,0,0,N,not_run_robots_disallowed,2026-07-13T06:45:49Z,approved_terms_only,N,robots_disallowed,KCI robots.txt disallows / for User-agent: *; search was not requested,https://www.kci.go.kr/robots.txt,2026-07-13T06:45:49Z,d220f330732f1f47afbdd06b61fc3739164627b94f8cf365f9eefddcd3951911,User-agent: * / Disallow: /,candidate_unverified,none,mwbl-ingredient-evidence-filter-v1.1-fresh-kci
kci:tetrasodium_glutamate_diacetate:16ac6b4f57b23318,kci,121,tetrasodium_glutamate_diacetate,테트라소듐글루타메이트다이아세테이트,Tetrasodium Glutamate Diacetate,Tetrasodium Glutamate Diacetate,"[""\""Tetrasodium Glutamate Diacetate\"" skin""]",16ac6b4f57b23318d0d9f14f68edb975bbe55684b1264a8244f7ce3774e03fd0,mwbl-kci-approved-term-skin-context-v1.1,access_unavailable,,,0,0,0,N,not_run_robots_disallowed,2026-07-13T06:45:49Z,approved_terms_only,N,robots_disallowed,KCI robots.txt disallows / for User-agent: *; search was not requested,https://www.kci.go.kr/robots.txt,2026-07-13T06:45:49Z,d220f330732f1f47afbdd06b61fc3739164627b94f8cf365f9eefddcd3951911,User-agent: * / Disallow: /,candidate_unverified,none,mwbl-ingredient-evidence-filter-v1.1-fresh-kci
kci:hydrogenated_polyisobutene:5b372b006b922159,kci,122,hydrogenated_polyisobutene,하이드로제네이티드폴리아이소부텐,Hydrogenated Polyisobutene,Hydrogenated Polyisobutene,"[""\""Hydrogenated Polyisobutene\"" skin""]",5b372b006b922159a41fd5c0200cef69293e2cd6596d344f09683b2b375b6b57,mwbl-kci-approved-term-skin-context-v1.1,access_unavailable,,,0,0,0,N,not_run_robots_disallowed,2026-07-13T06:45:49Z,approved_terms_only,N,robots_disallowed,KCI robots.txt disallows / for User-agent: *; search was not requested,https://www.kci.go.kr/robots.txt,2026-07-13T06:45:49Z,d220f330732f1f47afbdd06b61fc3739164627b94f8cf365f9eefddcd3951911,User-agent: * / Disallow: /,candidate_unverified,none,mwbl-ingredient-evidence-filter-v1.1-fresh-kci
kci:sorbitan_olivate:b44b3ad5cba444bc,kci,123,sorbitan_olivate,솔비탄올리베이트,Sorbitan Olivate,Sorbitan Olivate,"[""\""Sorbitan Olivate\"" skin""]",b44b3ad5cba444bcee9166154ccfec9a45bba4b5dc77168e13784254f3c19c89,mwbl-kci-approved-term-skin-context-v1.1,access_unavailable,,,0,0,0,N,not_run_robots_disallowed,2026-07-13T06:45:49Z,approved_terms_only,N,robots_disallowed,KCI robots.txt disallows / for User-agent: *; search was not requested,https://www.kci.go.kr/robots.txt,2026-07-13T06:45:49Z,d220f330732f1f47afbdd06b61fc3739164627b94f8cf365f9eefddcd3951911,User-agent: * / Disallow: /,candidate_unverified,none,mwbl-ingredient-evidence-filter-v1.1-fresh-kci
kci:leuconostoc_radish_root_ferment_filtrate:7b2f25ede8fa5047,kci,124,leuconostoc_radish_root_ferment_filtrate,류코노스톡/무발효여과물,Leuconostoc/Radish Root Ferment Filtrate,Leuconostoc/Radish Root Ferment Filtrate,"[""\""Leuconostoc/Radish Root Ferment Filtrate\"" skin""]",7b2f25ede8fa5047b8e46c5dced0492d38be5dd8266b76c1db62ba002b67490f,mwbl-kci-approved-term-skin-context-v1.1,access_unavailable,,,0,0,0,N,not_run_robots_disallowed,2026-07-13T06:45:49Z,approved_terms_only,N,robots_disallowed,KCI robots.txt disallows / for User-agent: *; search was not requested,https://www.kci.go.kr/robots.txt,2026-07-13T06:45:49Z,d220f330732f1f47afbdd06b61fc3739164627b94f8cf365f9eefddcd3951911,User-agent: * / Disallow: /,candidate_unverified,none,mwbl-ingredient-evidence-filter-v1.1-fresh-kci
kci:stearyl_alcohol:9e4b31e4f89c6e45,kci,125,stearyl_alcohol,스테아릴알코올,Stearyl Alcohol,Stearyl Alcohol,"[""\""Stearyl Alcohol\"" skin""]",9e4b31e4f89c6e45d62eb19e6ec1e73dbbad4f97b9f79088d6a6a0967c7cf269,mwbl-kci-approved-term-skin-context-v1.1,access_unavailable,,,0,0,0,N,not_run_robots_disallowed,2026-07-13T06:45:49Z,approved_terms_only,N,robots_disallowed,KCI robots.txt disallows / for User-agent: *; search was not requested,https://www.kci.go.kr/robots.txt,2026-07-13T06:45:49Z,d220f330732f1f47afbdd06b61fc3739164627b94f8cf365f9eefddcd3951911,User-agent: * / Disallow: /,candidate_unverified,none,mwbl-ingredient-evidence-filter-v1.1-fresh-kci
kci:ammonium_acryloyldimethyltaurate_vp_copolymer:9752c073f87fcf84,kci,126,ammonium_acryloyldimethyltaurate_vp_copolymer,암모늄아크릴로일다이메틸타우레이트/브이피코폴리머,Ammonium Acryloyldimethyltaurate/VP Copolymer,Ammonium Acryloyldimethyltaurate/VP Copolymer,"[""\""Ammonium Acryloyldimethyltaurate/VP Copolymer\"" skin""]",9752c073f87fcf847bd97a1663956ecf6aae0e91edf286f94a8251b7e7495f0d,mwbl-kci-approved-term-skin-context-v1.1,access_unavailable,,,0,0,0,N,not_run_robots_disallowed,2026-07-13T06:45:49Z,approved_terms_only,N,robots_disallowed,KCI robots.txt disallows / for User-agent: *; search was not requested,https://www.kci.go.kr/robots.txt,2026-07-13T06:45:49Z,d220f330732f1f47afbdd06b61fc3739164627b94f8cf365f9eefddcd3951911,User-agent: * / Disallow: /,candidate_unverified,none,mwbl-ingredient-evidence-filter-v1.1-fresh-kci
kci:synthetic_wax:8874a71e002f8830,kci,127,synthetic_wax,합성왁스,Synthetic Wax,Synthetic Wax,"[""\""Synthetic Wax\"" skin""]",8874a71e002f88306ae57c3d7edc353a505d4c3ee6946309affc5a0cf577c658,mwbl-kci-approved-term-skin-context-v1.1,access_unavailable,,,0,0,0,N,not_run_robots_disallowed,2026-07-13T06:45:49Z,approved_terms_only,N,robots_disallowed,KCI robots.txt disallows / for User-agent: *; search was not requested,https://www.kci.go.kr/robots.txt,2026-07-13T06:45:49Z,d220f330732f1f47afbdd06b61fc3739164627b94f8cf365f9eefddcd3951911,User-agent: * / Disallow: /,candidate_unverified,none,mwbl-ingredient-evidence-filter-v1.1-fresh-kci
kci:sodium_lactate:0093ad883b74bd43,kci,128,sodium_lactate,소듐락테이트,Sodium Lactate,Sodium Lactate,"[""\""Sodium Lactate\"" skin""]",0093ad883b74bd431bd1d2cec166ce61b399cc09880c590589f53850fc76a450,mwbl-kci-approved-term-skin-context-v1.1,access_unavailable,,,0,0,0,N,not_run_robots_disallowed,2026-07-13T06:45:49Z,approved_terms_only,N,robots_disallowed,KCI robots.txt disallows / for User-agent: *; search was not requested,https://www.kci.go.kr/robots.txt,2026-07-13T06:45:49Z,d220f330732f1f47afbdd06b61fc3739164627b94f8cf365f9eefddcd3951911,User-agent: * / Disallow: /,candidate_unverified,none,mwbl-ingredient-evidence-filter-v1.1-fresh-kci
kci:persea_gratissima_avocado_oil:ebea86a72c68724c,kci,129,persea_gratissima_avocado_oil,아보카도오일,Persea Gratissima (Avocado) Oil,Persea Gratissima (Avocado) Oil,"[""\""Persea Gratissima (Avocado) Oil\"" skin""]",ebea86a72c68724c4aaec219ca0e9d4afc12457b8c63cc5304214d218ce1f7d7,mwbl-kci-approved-term-skin-context-v1.1,access_unavailable,,,0,0,0,N,not_run_robots_disallowed,2026-07-13T06:45:49Z,approved_terms_only,N,robots_disallowed,KCI robots.txt disallows / for User-agent: *; search was not requested,https://www.kci.go.kr/robots.txt,2026-07-13T06:45:49Z,d220f330732f1f47afbdd06b61fc3739164627b94f8cf365f9eefddcd3951911,User-agent: * / Disallow: /,candidate_unverified,none,mwbl-ingredient-evidence-filter-v1.1-fresh-kci
kci:methylpropanediol:ebc70a01af0756d4,kci,130,methylpropanediol,메틸프로판다이올,Methylpropanediol,Methylpropanediol,"[""\""Methylpropanediol\"" skin""]",ebc70a01af0756d40ad5e46ebe04494d3ae0c7932d0595bf21965c87bae421f7,mwbl-kci-approved-term-skin-context-v1.1,access_unavailable,,,0,0,0,N,not_run_robots_disallowed,2026-07-13T06:45:49Z,approved_terms_only,N,robots_disallowed,KCI robots.txt disallows / for User-agent: *; search was not requested,https://www.kci.go.kr/robots.txt,2026-07-13T06:45:49Z,d220f330732f1f47afbdd06b61fc3739164627b94f8cf365f9eefddcd3951911,User-agent: * / Disallow: /,candidate_unverified,none,mwbl-ingredient-evidence-filter-v1.1-fresh-kci
kci:serine:fd44235d102271e3,kci,131,serine,세린,Serine,Serine,"[""\""Serine\"" skin""]",fd44235d102271e36eae52009027623be0fe0e0579adc8aea1e3a13d92a88714,mwbl-kci-approved-term-skin-context-v1.1,access_unavailable,,,0,0,0,N,not_run_robots_disallowed,2026-07-13T06:45:49Z,approved_terms_only,N,robots_disallowed,KCI robots.txt disallows / for User-agent: *; search was not requested,https://www.kci.go.kr/robots.txt,2026-07-13T06:45:49Z,d220f330732f1f47afbdd06b61fc3739164627b94f8cf365f9eefddcd3951911,User-agent: * / Disallow: /,candidate_unverified,none,mwbl-ingredient-evidence-filter-v1.1-fresh-kci
kci:dehydroacetic_acid:0ce076a425395e09,kci,132,dehydroacetic_acid,데하이드로아세틱애씨드,Dehydroacetic Acid,Dehydroacetic Acid,"[""\""Dehydroacetic Acid\"" skin""]",0ce076a425395e095ca0367a18178a154a3a4f32e4579ba2dc83034bcee34d05,mwbl-kci-approved-term-skin-context-v1.1,access_unavailable,,,0,0,0,N,not_run_robots_disallowed,2026-07-13T06:45:49Z,approved_terms_only,N,robots_disallowed,KCI robots.txt disallows / for User-agent: *; search was not requested,https://www.kci.go.kr/robots.txt,2026-07-13T06:45:49Z,d220f330732f1f47afbdd06b61fc3739164627b94f8cf365f9eefddcd3951911,User-agent: * / Disallow: /,candidate_unverified,none,mwbl-ingredient-evidence-filter-v1.1-fresh-kci
kci:lauroyl_lysine:5744cd95e876fb87,kci,133,lauroyl_lysine,라우로일라이신,Lauroyl Lysine,Lauroyl Lysine,"[""\""Lauroyl Lysine\"" skin""]",5744cd95e876fb8782bf823c5867b7ca5bdfc3d2e99807a645a57592f8287175,mwbl-kci-approved-term-skin-context-v1.1,access_unavailable,,,0,0,0,N,not_run_robots_disallowed,2026-07-13T06:45:49Z,approved_terms_only,N,robots_disallowed,KCI robots.txt disallows / for User-agent: *; search was not requested,https://www.kci.go.kr/robots.txt,2026-07-13T06:45:49Z,d220f330732f1f47afbdd06b61fc3739164627b94f8cf365f9eefddcd3951911,User-agent: * / Disallow: /,candidate_unverified,none,mwbl-ingredient-evidence-filter-v1.1-fresh-kci
kci:ascorbyl_palmitate:00772cce92dbec8f,kci,134,ascorbyl_palmitate,아스코빌팔미테이트,Ascorbyl Palmitate,Ascorbyl Palmitate,"[""\""Ascorbyl Palmitate\"" skin""]",00772cce92dbec8fd9fc727ab02f1ae69a6eeefb77df655d7d019f340e8d72f2,mwbl-kci-approved-term-skin-context-v1.1,access_unavailable,,,0,0,0,N,not_run_robots_disallowed,2026-07-13T06:45:49Z,approved_terms_only,N,robots_disallowed,KCI robots.txt disallows / for User-agent: *; search was not requested,https://www.kci.go.kr/robots.txt,2026-07-13T06:45:49Z,d220f330732f1f47afbdd06b61fc3739164627b94f8cf365f9eefddcd3951911,User-agent: * / Disallow: /,candidate_unverified,none,mwbl-ingredient-evidence-filter-v1.1-fresh-kci
kci:behenyl_alcohol:9e8ba3dd48508d55,kci,135,behenyl_alcohol,베헤닐알코올,Behenyl Alcohol,Behenyl Alcohol,"[""\""Behenyl Alcohol\"" skin""]",9e8ba3dd48508d55063fc6749ba1768cd5cc7d2dff84ff421cc0564d0074e009,mwbl-kci-approved-term-skin-context-v1.1,access_unavailable,,,0,0,0,N,not_run_robots_disallowed,2026-07-13T06:45:49Z,approved_terms_only,N,robots_disallowed,KCI robots.txt disallows / for User-agent: *; search was not requested,https://www.kci.go.kr/robots.txt,2026-07-13T06:45:49Z,d220f330732f1f47afbdd06b61fc3739164627b94f8cf365f9eefddcd3951911,User-agent: * / Disallow: /,candidate_unverified,none,mwbl-ingredient-evidence-filter-v1.1-fresh-kci
kci:centella_asiatica_extract:33b20a9a41157b28,kci,136,centella_asiatica_extract,병풀추출물,Centella Asiatica Extract,Centella Asiatica Extract,"[""\""Centella Asiatica Extract\"" skin""]",33b20a9a41157b289f79117db7d284a540d943955f6f58504e83fb5c5d1bfd87,mwbl-kci-approved-term-skin-context-v1.1,access_unavailable,,,0,0,0,N,not_run_robots_disallowed,2026-07-13T06:45:49Z,approved_terms_only,N,robots_disallowed,KCI robots.txt disallows / for User-agent: *; search was not requested,https://www.kci.go.kr/robots.txt,2026-07-13T06:45:49Z,d220f330732f1f47afbdd06b61fc3739164627b94f8cf365f9eefddcd3951911,User-agent: * / Disallow: /,candidate_unverified,none,mwbl-ingredient-evidence-filter-v1.1-fresh-kci
kci:sorbic_acid:57006e64f6974331,kci,137,sorbic_acid,소르빅애씨드,Sorbic Acid,Sorbic Acid,"[""\""Sorbic Acid\"" skin""]",57006e64f6974331afd066b288b478cfe271b4af68a1b0eafb85151fd153ca29,mwbl-kci-approved-term-skin-context-v1.1,access_unavailable,,,0,0,0,N,not_run_robots_disallowed,2026-07-13T06:45:49Z,approved_terms_only,N,robots_disallowed,KCI robots.txt disallows / for User-agent: *; search was not requested,https://www.kci.go.kr/robots.txt,2026-07-13T06:45:49Z,d220f330732f1f47afbdd06b61fc3739164627b94f8cf365f9eefddcd3951911,User-agent: * / Disallow: /,candidate_unverified,none,mwbl-ingredient-evidence-filter-v1.1-fresh-kci
kci:decyl_glucoside:e812a7ffa71c91e9,kci,138,decyl_glucoside,데실글루코사이드,Decyl Glucoside,Decyl Glucoside,"[""\""Decyl Glucoside\"" skin""]",e812a7ffa71c91e962b52677d9aac788661d856c4f51c000e4c02ff2e0edbfb8,mwbl-kci-approved-term-skin-context-v1.1,access_unavailable,,,0,0,0,N,not_run_robots_disallowed,2026-07-13T06:45:49Z,approved_terms_only,N,robots_disallowed,KCI robots.txt disallows / for User-agent: *; search was not requested,https://www.kci.go.kr/robots.txt,2026-07-13T06:45:49Z,d220f330732f1f47afbdd06b61fc3739164627b94f8cf365f9eefddcd3951911,User-agent: * / Disallow: /,candidate_unverified,none,mwbl-ingredient-evidence-filter-v1.1-fresh-kci
kci:argania_spinosa_kernel_oil:3eddbd5a79c7ebd8,kci,139,argania_spinosa_kernel_oil,아르간커넬오일,Argania Spinosa Kernel Oil,Argania Spinosa Kernel Oil,"[""\""Argania Spinosa Kernel Oil\"" skin""]",3eddbd5a79c7ebd8619a6ed7e81cc79b3e797eafaf00379dc84d67bf1edebc7e,mwbl-kci-approved-term-skin-context-v1.1,access_unavailable,,,0,0,0,N,not_run_robots_disallowed,2026-07-13T06:45:49Z,approved_terms_only,N,robots_disallowed,KCI robots.txt disallows / for User-agent: *; search was not requested,https://www.kci.go.kr/robots.txt,2026-07-13T06:45:49Z,d220f330732f1f47afbdd06b61fc3739164627b94f8cf365f9eefddcd3951911,User-agent: * / Disallow: /,candidate_unverified,none,mwbl-ingredient-evidence-filter-v1.1-fresh-kci
kci:kaolin:d9bac25d32323a6c,kci,140,kaolin,카올린,Kaolin,Kaolin,"[""\""Kaolin\"" skin""]",d9bac25d32323a6c85f3c051eae3df9aeb25485ff4bc96a52b89b6b98f5bc3f5,mwbl-kci-approved-term-skin-context-v1.1,access_unavailable,,,0,0,0,N,not_run_robots_disallowed,2026-07-13T06:45:49Z,approved_terms_only,N,robots_disallowed,KCI robots.txt disallows / for User-agent: *; search was not requested,https://www.kci.go.kr/robots.txt,2026-07-13T06:45:49Z,d220f330732f1f47afbdd06b61fc3739164627b94f8cf365f9eefddcd3951911,User-agent: * / Disallow: /,candidate_unverified,none,mwbl-ingredient-evidence-filter-v1.1-fresh-kci
kci:hydrolyzed_hyaluronic_acid:15bb77bd73d0082c,kci,141,hydrolyzed_hyaluronic_acid,하이드롤라이즈드하이알루로닉애씨드,Hydrolyzed Hyaluronic Acid,Hydrolyzed Hyaluronic Acid,"[""\""Hydrolyzed Hyaluronic Acid\"" skin""]",15bb77bd73d0082c3dc09f7209c3b224f25ab08cad76c9312190288f94e8f041,mwbl-kci-approved-term-skin-context-v1.1,access_unavailable,,,0,0,0,N,not_run_robots_disallowed,2026-07-13T06:45:49Z,approved_terms_only,N,robots_disallowed,KCI robots.txt disallows / for User-agent: *; search was not requested,https://www.kci.go.kr/robots.txt,2026-07-13T06:45:49Z,d220f330732f1f47afbdd06b61fc3739164627b94f8cf365f9eefddcd3951911,User-agent: * / Disallow: /,candidate_unverified,none,mwbl-ingredient-evidence-filter-v1.1-fresh-kci
kci:triethyl_citrate:8286baf082f1ea22,kci,142,triethyl_citrate,트라이에틸시트레이트,Triethyl Citrate,Triethyl Citrate,"[""\""Triethyl Citrate\"" skin""]",8286baf082f1ea22a1b5c7f8c7e3e9a3b4a086244cc0ef647aa467f50f6cc4ea,mwbl-kci-approved-term-skin-context-v1.1,access_unavailable,,,0,0,0,N,not_run_robots_disallowed,2026-07-13T06:45:49Z,approved_terms_only,N,robots_disallowed,KCI robots.txt disallows / for User-agent: *; search was not requested,https://www.kci.go.kr/robots.txt,2026-07-13T06:45:49Z,d220f330732f1f47afbdd06b61fc3739164627b94f8cf365f9eefddcd3951911,User-agent: * / Disallow: /,candidate_unverified,none,mwbl-ingredient-evidence-filter-v1.1-fresh-kci
kci:sorbitol:c4b5c924b2a86a16,kci,143,sorbitol,솔비톨,Sorbitol,Sorbitol,"[""\""Sorbitol\"" skin""]",c4b5c924b2a86a16516f1f2db11770b16524ebfa67e3d6982d6c7af69055bb1b,mwbl-kci-approved-term-skin-context-v1.1,access_unavailable,,,0,0,0,N,not_run_robots_disallowed,2026-07-13T06:45:49Z,approved_terms_only,N,robots_disallowed,KCI robots.txt disallows / for User-agent: *; search was not requested,https://www.kci.go.kr/robots.txt,2026-07-13T06:45:49Z,d220f330732f1f47afbdd06b61fc3739164627b94f8cf365f9eefddcd3951911,User-agent: * / Disallow: /,candidate_unverified,none,mwbl-ingredient-evidence-filter-v1.1-fresh-kci
kci:polyglyceryl_10_laurate:67cbd71270fd70eb,kci,144,polyglyceryl_10_laurate,폴리글리세릴-10라우레이트,Polyglyceryl-10 Laurate,Polyglyceryl-10 Laurate,"[""\""Polyglyceryl-10 Laurate\"" skin""]",67cbd71270fd70eb2fc82f1cf4f1d901695e813f8cee581678d909477850d6d2,mwbl-kci-approved-term-skin-context-v1.1,access_unavailable,,,0,0,0,N,not_run_robots_disallowed,2026-07-13T06:45:49Z,approved_terms_only,N,robots_disallowed,KCI robots.txt disallows / for User-agent: *; search was not requested,https://www.kci.go.kr/robots.txt,2026-07-13T06:45:49Z,d220f330732f1f47afbdd06b61fc3739164627b94f8cf365f9eefddcd3951911,User-agent: * / Disallow: /,candidate_unverified,none,mwbl-ingredient-evidence-filter-v1.1-fresh-kci
kci:dimethicone_crosspolymer:f6a18a99a87a8fae,kci,145,dimethicone_crosspolymer,다이메티콘크로스폴리머,Dimethicone Crosspolymer,Dimethicone Crosspolymer,"[""\""Dimethicone Crosspolymer\"" skin""]",f6a18a99a87a8fae6a30378aed024ea5a96be00a84ffc70211b1a041b274fa0d,mwbl-kci-approved-term-skin-context-v1.1,access_unavailable,,,0,0,0,N,not_run_robots_disallowed,2026-07-13T06:45:49Z,approved_terms_only,N,robots_disallowed,KCI robots.txt disallows / for User-agent: *; search was not requested,https://www.kci.go.kr/robots.txt,2026-07-13T06:45:49Z,d220f330732f1f47afbdd06b61fc3739164627b94f8cf365f9eefddcd3951911,User-agent: * / Disallow: /,candidate_unverified,none,mwbl-ingredient-evidence-filter-v1.1-fresh-kci
kci:peg_40_hydrogenated_castor_oil:65150d0746966386,kci,146,peg_40_hydrogenated_castor_oil,피이지-40하이드로제네이티드캐스터오일,PEG-40 Hydrogenated Castor Oil,PEG-40 Hydrogenated Castor Oil,"[""\""PEG-40 Hydrogenated Castor Oil\"" skin""]",65150d07469663863b98231ed4182d480edd330ee2931e38753478577b673156,mwbl-kci-approved-term-skin-context-v1.1,access_unavailable,,,0,0,0,N,not_run_robots_disallowed,2026-07-13T06:45:49Z,approved_terms_only,N,robots_disallowed,KCI robots.txt disallows / for User-agent: *; search was not requested,https://www.kci.go.kr/robots.txt,2026-07-13T06:45:49Z,d220f330732f1f47afbdd06b61fc3739164627b94f8cf365f9eefddcd3951911,User-agent: * / Disallow: /,candidate_unverified,none,mwbl-ingredient-evidence-filter-v1.1-fresh-kci
kci:tetrasodium_edta:32739f12de982db9,kci,147,tetrasodium_edta,테트라소듐이디티에이,Tetrasodium EDTA,Tetrasodium EDTA,"[""\""Tetrasodium EDTA\"" skin""]",32739f12de982db934a59279d626e2fa34868dd124a770963e8eb5f0b642e892,mwbl-kci-approved-term-skin-context-v1.1,access_unavailable,,,0,0,0,N,not_run_robots_disallowed,2026-07-13T06:45:49Z,approved_terms_only,N,robots_disallowed,KCI robots.txt disallows / for User-agent: *; search was not requested,https://www.kci.go.kr/robots.txt,2026-07-13T06:45:49Z,d220f330732f1f47afbdd06b61fc3739164627b94f8cf365f9eefddcd3951911,User-agent: * / Disallow: /,candidate_unverified,none,mwbl-ingredient-evidence-filter-v1.1-fresh-kci
kci:lactobacillus_ferment:29307a7b9bd897f5,kci,148,lactobacillus_ferment,락토바실러스발효물,Lactobacillus Ferment,Lactobacillus Ferment,"[""\""Lactobacillus Ferment\"" skin""]",29307a7b9bd897f55c1eb3c9421a2e22afd1b3537a4bc30fe25ad98090efb703,mwbl-kci-approved-term-skin-context-v1.1,access_unavailable,,,0,0,0,N,not_run_robots_disallowed,2026-07-13T06:45:49Z,approved_terms_only,N,robots_disallowed,KCI robots.txt disallows / for User-agent: *; search was not requested,https://www.kci.go.kr/robots.txt,2026-07-13T06:45:49Z,d220f330732f1f47afbdd06b61fc3739164627b94f8cf365f9eefddcd3951911,User-agent: * / Disallow: /,candidate_unverified,none,mwbl-ingredient-evidence-filter-v1.1-fresh-kci
kci:caprylyl_methicone:5e223dfc172a773e,kci,149,caprylyl_methicone,카프릴릴메티콘,Caprylyl Methicone,Caprylyl Methicone,"[""\""Caprylyl Methicone\"" skin""]",5e223dfc172a773e0dc71f055f6471100cfad659acc17d8624a79017af74680f,mwbl-kci-approved-term-skin-context-v1.1,access_unavailable,,,0,0,0,N,not_run_robots_disallowed,2026-07-13T06:45:49Z,approved_terms_only,N,robots_disallowed,KCI robots.txt disallows / for User-agent: *; search was not requested,https://www.kci.go.kr/robots.txt,2026-07-13T06:45:49Z,d220f330732f1f47afbdd06b61fc3739164627b94f8cf365f9eefddcd3951911,User-agent: * / Disallow: /,candidate_unverified,none,mwbl-ingredient-evidence-filter-v1.1-fresh-kci
kci:sodium_stearoyl_glutamate:a33bacb3596c0d1b,kci,151,sodium_stearoyl_glutamate,소듐스테아로일글루타메이트,Sodium Stearoyl Glutamate,Sodium Stearoyl Glutamate,"[""\""Sodium Stearoyl Glutamate\"" skin""]",a33bacb3596c0d1b69b6b23e80fb4798ff107573ced292f50ff91c1ef4b71ea8,mwbl-kci-approved-term-skin-context-v1.1,access_unavailable,,,0,0,0,N,not_run_robots_disallowed,2026-07-13T06:45:49Z,approved_terms_only,N,robots_disallowed,KCI robots.txt disallows / for User-agent: *; search was not requested,https://www.kci.go.kr/robots.txt,2026-07-13T06:45:49Z,d220f330732f1f47afbdd06b61fc3739164627b94f8cf365f9eefddcd3951911,User-agent: * / Disallow: /,candidate_unverified,none,mwbl-ingredient-evidence-filter-v1.1-fresh-kci
kci:glucose:499a3f77855fafe2,kci,152,glucose,글루코오스,Glucose,Glucose,"[""\""Glucose\"" skin""]",499a3f77855fafe29586e10908f592685aa31fd4425c8427586bd5bee907969d,mwbl-kci-approved-term-skin-context-v1.1,access_unavailable,,,0,0,0,N,not_run_robots_disallowed,2026-07-13T06:45:49Z,approved_terms_only,N,robots_disallowed,KCI robots.txt disallows / for User-agent: *; search was not requested,https://www.kci.go.kr/robots.txt,2026-07-13T06:45:49Z,d220f330732f1f47afbdd06b61fc3739164627b94f8cf365f9eefddcd3951911,User-agent: * / Disallow: /,candidate_unverified,none,mwbl-ingredient-evidence-filter-v1.1-fresh-kci
kci:c12_15_alkyl_benzoate:c4db3146cd4234d7,kci,153,c12_15_alkyl_benzoate,C12-15알킬벤조에이트,C12-15 Alkyl Benzoate,C12-15 Alkyl Benzoate,"[""\""C12-15 Alkyl Benzoate\"" skin""]",c4db3146cd4234d7379716e4a44e8d463beaf3b902a29a5f8773bfae15b6584c,mwbl-kci-approved-term-skin-context-v1.1,access_unavailable,,,0,0,0,N,not_run_robots_disallowed,2026-07-13T06:45:49Z,approved_terms_only,N,robots_disallowed,KCI robots.txt disallows / for User-agent: *; search was not requested,https://www.kci.go.kr/robots.txt,2026-07-13T06:45:49Z,d220f330732f1f47afbdd06b61fc3739164627b94f8cf365f9eefddcd3951911,User-agent: * / Disallow: /,candidate_unverified,none,mwbl-ingredient-evidence-filter-v1.1-fresh-kci
kci:isopropyl_myristate:a7b27ae9b9a7a6b8,kci,154,isopropyl_myristate,아이소프로필미리스테이트,Isopropyl Myristate,Isopropyl Myristate,"[""\""Isopropyl Myristate\"" skin""]",a7b27ae9b9a7a6b8a5dd421894c24fbf1a80a206cdfae5c8f8fd995578814218,mwbl-kci-approved-term-skin-context-v1.1,access_unavailable,,,0,0,0,N,not_run_robots_disallowed,2026-07-13T06:45:49Z,approved_terms_only,N,robots_disallowed,KCI robots.txt disallows / for User-agent: *; search was not requested,https://www.kci.go.kr/robots.txt,2026-07-13T06:45:49Z,d220f330732f1f47afbdd06b61fc3739164627b94f8cf365f9eefddcd3951911,User-agent: * / Disallow: /,candidate_unverified,none,mwbl-ingredient-evidence-filter-v1.1-fresh-kci
kci:biotin:cf962ec115c5a8e0,kci,155,biotin,바이오틴,Biotin,Biotin,"[""\""Biotin\"" skin""]",cf962ec115c5a8e03804ba1721f9d544d9da76c56bab7733d60f7957881bbcfc,mwbl-kci-approved-term-skin-context-v1.1,access_unavailable,,,0,0,0,N,not_run_robots_disallowed,2026-07-13T06:45:49Z,approved_terms_only,N,robots_disallowed,KCI robots.txt disallows / for User-agent: *; search was not requested,https://www.kci.go.kr/robots.txt,2026-07-13T06:45:49Z,d220f330732f1f47afbdd06b61fc3739164627b94f8cf365f9eefddcd3951911,User-agent: * / Disallow: /,candidate_unverified,none,mwbl-ingredient-evidence-filter-v1.1-fresh-kci
kci:stearic_acid:dc1e2f01f9bb2c61,kci,156,stearic_acid,스테아릭애씨드,Stearic Acid,Stearic Acid,"[""\""Stearic Acid\"" skin""]",dc1e2f01f9bb2c6102bc252d7c9cca5012a554c2a72aec589e10322c26d43908,mwbl-kci-approved-term-skin-context-v1.1,access_unavailable,,,0,0,0,N,not_run_robots_disallowed,2026-07-13T06:45:49Z,approved_terms_only,N,robots_disallowed,KCI robots.txt disallows / for User-agent: *; search was not requested,https://www.kci.go.kr/robots.txt,2026-07-13T06:45:49Z,d220f330732f1f47afbdd06b61fc3739164627b94f8cf365f9eefddcd3951911,User-agent: * / Disallow: /,candidate_unverified,none,mwbl-ingredient-evidence-filter-v1.1-fresh-kci
kci:cetearyl_olivate:f3acf71bfbba207d,kci,157,cetearyl_olivate,세테아릴올리베이트,Cetearyl Olivate,Cetearyl Olivate,"[""\""Cetearyl Olivate\"" skin""]",f3acf71bfbba207dfcf27182e6495b463e26e5e92746428a351b455e57d7f778,mwbl-kci-approved-term-skin-context-v1.1,access_unavailable,,,0,0,0,N,not_run_robots_disallowed,2026-07-13T06:45:49Z,approved_terms_only,N,robots_disallowed,KCI robots.txt disallows / for User-agent: *; search was not requested,https://www.kci.go.kr/robots.txt,2026-07-13T06:45:49Z,d220f330732f1f47afbdd06b61fc3739164627b94f8cf365f9eefddcd3951911,User-agent: * / Disallow: /,candidate_unverified,none,mwbl-ingredient-evidence-filter-v1.1-fresh-kci
kci:amodimethicone:bfc5373618d30179,kci,158,amodimethicone,아모다이메티콘,Amodimethicone,Amodimethicone,"[""\""Amodimethicone\"" skin""]",bfc5373618d301799710c209cda178459158f5f0f29aed5bba8c626b3ebf7b92,mwbl-kci-approved-term-skin-context-v1.1,access_unavailable,,,0,0,0,N,not_run_robots_disallowed,2026-07-13T06:45:49Z,approved_terms_only,N,robots_disallowed,KCI robots.txt disallows / for User-agent: *; search was not requested,https://www.kci.go.kr/robots.txt,2026-07-13T06:45:49Z,d220f330732f1f47afbdd06b61fc3739164627b94f8cf365f9eefddcd3951911,User-agent: * / Disallow: /,candidate_unverified,none,mwbl-ingredient-evidence-filter-v1.1-fresh-kci
kci:glycine_soja_soybean_oil:998f4fcfbb4d09f8,kci,159,glycine_soja_soybean_oil,돌콩오일,Glycine Soja (Soybean) Oil,Glycine Soja (Soybean) Oil,"[""\""Glycine Soja (Soybean) Oil\"" skin""]",998f4fcfbb4d09f88281365b6ae0887c4369239974032b6c97dfbad13c00d92a,mwbl-kci-approved-term-skin-context-v1.1,access_unavailable,,,0,0,0,N,not_run_robots_disallowed,2026-07-13T06:45:49Z,approved_terms_only,N,robots_disallowed,KCI robots.txt disallows / for User-agent: *; search was not requested,https://www.kci.go.kr/robots.txt,2026-07-13T06:45:49Z,d220f330732f1f47afbdd06b61fc3739164627b94f8cf365f9eefddcd3951911,User-agent: * / Disallow: /,candidate_unverified,none,mwbl-ingredient-evidence-filter-v1.1-fresh-kci
kci:acrylates_copolymer:07e66b3fc4afa25a,kci,160,acrylates_copolymer,아크릴레이트코폴리머,Acrylates Copolymer,Acrylates Copolymer,"[""\""Acrylates Copolymer\"" skin""]",07e66b3fc4afa25afeda711753ddd9940a809a79cf9447145fec839228f3dba2,mwbl-kci-approved-term-skin-context-v1.1,access_unavailable,,,0,0,0,N,not_run_robots_disallowed,2026-07-13T06:45:49Z,approved_terms_only,N,robots_disallowed,KCI robots.txt disallows / for User-agent: *; search was not requested,https://www.kci.go.kr/robots.txt,2026-07-13T06:45:49Z,d220f330732f1f47afbdd06b61fc3739164627b94f8cf365f9eefddcd3951911,User-agent: * / Disallow: /,candidate_unverified,none,mwbl-ingredient-evidence-filter-v1.1-fresh-kci
kci:isohexadecane:a2001fe322c2bf3e,kci,161,isohexadecane,아이소헥사데칸,Isohexadecane,Isohexadecane,"[""\""Isohexadecane\"" skin""]",a2001fe322c2bf3e78dd95de710b789e00a1d50f2ed99cb6daf0e043fa12414e,mwbl-kci-approved-term-skin-context-v1.1,access_unavailable,,,0,0,0,N,not_run_robots_disallowed,2026-07-13T06:45:49Z,approved_terms_only,N,robots_disallowed,KCI robots.txt disallows / for User-agent: *; search was not requested,https://www.kci.go.kr/robots.txt,2026-07-13T06:45:49Z,d220f330732f1f47afbdd06b61fc3739164627b94f8cf365f9eefddcd3951911,User-agent: * / Disallow: /,candidate_unverified,none,mwbl-ingredient-evidence-filter-v1.1-fresh-kci
kci:proline:7ee772e30360b999,kci,162,proline,프롤린,Proline,Proline,"[""\""Proline\"" skin""]",7ee772e30360b9995293e440515b84524cb1095e87dccec5ff8b146ca2ce47ab,mwbl-kci-approved-term-skin-context-v1.1,access_unavailable,,,0,0,0,N,not_run_robots_disallowed,2026-07-13T06:45:49Z,approved_terms_only,N,robots_disallowed,KCI robots.txt disallows / for User-agent: *; search was not requested,https://www.kci.go.kr/robots.txt,2026-07-13T06:45:49Z,d220f330732f1f47afbdd06b61fc3739164627b94f8cf365f9eefddcd3951911,User-agent: * / Disallow: /,candidate_unverified,none,mwbl-ingredient-evidence-filter-v1.1-fresh-kci
kci:ricinus_communis_castor_seed_oil:654e98777a5024af,kci,163,ricinus_communis_castor_seed_oil,피마자씨오일,Ricinus Communis (Castor) Seed Oil,Ricinus Communis (Castor) Seed Oil,"[""\""Ricinus Communis (Castor) Seed Oil\"" skin""]",654e98777a5024af4958df82ddcea27cc1bf44eec85d9957c3d4ebb02a2f8984,mwbl-kci-approved-term-skin-context-v1.1,access_unavailable,,,0,0,0,N,not_run_robots_disallowed,2026-07-13T06:45:49Z,approved_terms_only,N,robots_disallowed,KCI robots.txt disallows / for User-agent: *; search was not requested,https://www.kci.go.kr/robots.txt,2026-07-13T06:45:49Z,d220f330732f1f47afbdd06b61fc3739164627b94f8cf365f9eefddcd3951911,User-agent: * / Disallow: /,candidate_unverified,none,mwbl-ingredient-evidence-filter-v1.1-fresh-kci
kci:polyquaternium_10:725cd22394a9991c,kci,164,polyquaternium_10,폴리쿼터늄-10,Polyquaternium-10,Polyquaternium-10,"[""\""Polyquaternium-10\"" skin""]",725cd22394a9991cb9c168666e886e84dcada3d6eba73fddd8f58798c4eed6c1,mwbl-kci-approved-term-skin-context-v1.1,access_unavailable,,,0,0,0,N,not_run_robots_disallowed,2026-07-13T06:45:49Z,approved_terms_only,N,robots_disallowed,KCI robots.txt disallows / for User-agent: *; search was not requested,https://www.kci.go.kr/robots.txt,2026-07-13T06:45:49Z,d220f330732f1f47afbdd06b61fc3739164627b94f8cf365f9eefddcd3951911,User-agent: * / Disallow: /,candidate_unverified,none,mwbl-ingredient-evidence-filter-v1.1-fresh-kci
kci:polyquaternium_7:bae628d259ce2f01,kci,165,polyquaternium_7,폴리쿼터늄-7,Polyquaternium-7,Polyquaternium-7,"[""\""Polyquaternium-7\"" skin""]",bae628d259ce2f01862f9a4a6de173016d962feb8894869ac200286b34d4d39e,mwbl-kci-approved-term-skin-context-v1.1,access_unavailable,,,0,0,0,N,not_run_robots_disallowed,2026-07-13T06:45:49Z,approved_terms_only,N,robots_disallowed,KCI robots.txt disallows / for User-agent: *; search was not requested,https://www.kci.go.kr/robots.txt,2026-07-13T06:45:49Z,d220f330732f1f47afbdd06b61fc3739164627b94f8cf365f9eefddcd3951911,User-agent: * / Disallow: /,candidate_unverified,none,mwbl-ingredient-evidence-filter-v1.1-fresh-kci
kci:potassium_hydroxide:b3489b367e5a7aab,kci,166,potassium_hydroxide,포타슘하이드록사이드,Potassium Hydroxide,Potassium Hydroxide,"[""\""Potassium Hydroxide\"" skin""]",b3489b367e5a7aabaff7993d474ab7993282a36d9f4ab14b2b6ddc394e1c556f,mwbl-kci-approved-term-skin-context-v1.1,access_unavailable,,,0,0,0,N,not_run_robots_disallowed,2026-07-13T06:45:49Z,approved_terms_only,N,robots_disallowed,KCI robots.txt disallows / for User-agent: *; search was not requested,https://www.kci.go.kr/robots.txt,2026-07-13T06:45:49Z,d220f330732f1f47afbdd06b61fc3739164627b94f8cf365f9eefddcd3951911,User-agent: * / Disallow: /,candidate_unverified,none,mwbl-ingredient-evidence-filter-v1.1-fresh-kci
kci:isononyl_isononanoate:4ffb05c9aa93c8e7,kci,167,isononyl_isononanoate,아이소노닐아이소노나노에이트,Isononyl Isononanoate,Isononyl Isononanoate,"[""\""Isononyl Isononanoate\"" skin""]",4ffb05c9aa93c8e70a6f980dbb0536f10f6583026bedec713b5941f23cb05cf0,mwbl-kci-approved-term-skin-context-v1.1,access_unavailable,,,0,0,0,N,not_run_robots_disallowed,2026-07-13T06:45:49Z,approved_terms_only,N,robots_disallowed,KCI robots.txt disallows / for User-agent: *; search was not requested,https://www.kci.go.kr/robots.txt,2026-07-13T06:45:49Z,d220f330732f1f47afbdd06b61fc3739164627b94f8cf365f9eefddcd3951911,User-agent: * / Disallow: /,candidate_unverified,none,mwbl-ingredient-evidence-filter-v1.1-fresh-kci
kci:xylitol:7c79e708fcf2e85d,kci,168,xylitol,자일리톨,Xylitol,Xylitol,"[""\""Xylitol\"" skin""]",7c79e708fcf2e85dc5ff700549b14b419e498e76eaa66bfb7cf24a8e81e0d1a5,mwbl-kci-approved-term-skin-context-v1.1,access_unavailable,,,0,0,0,N,not_run_robots_disallowed,2026-07-13T06:45:49Z,approved_terms_only,N,robots_disallowed,KCI robots.txt disallows / for User-agent: *; search was not requested,https://www.kci.go.kr/robots.txt,2026-07-13T06:45:49Z,d220f330732f1f47afbdd06b61fc3739164627b94f8cf365f9eefddcd3951911,User-agent: * / Disallow: /,candidate_unverified,none,mwbl-ingredient-evidence-filter-v1.1-fresh-kci
kci:jojoba_esters:0d9639349cbff1e4,kci,170,jojoba_esters,호호바에스터,Jojoba Esters,Jojoba Esters,"[""\""Jojoba Esters\"" skin""]",0d9639349cbff1e4931b9aea58c3a56e94da517245c00785f3b9a3f43104fe1e,mwbl-kci-approved-term-skin-context-v1.1,access_unavailable,,,0,0,0,N,not_run_robots_disallowed,2026-07-13T06:45:49Z,approved_terms_only,N,robots_disallowed,KCI robots.txt disallows / for User-agent: *; search was not requested,https://www.kci.go.kr/robots.txt,2026-07-13T06:45:49Z,d220f330732f1f47afbdd06b61fc3739164627b94f8cf365f9eefddcd3951911,User-agent: * / Disallow: /,candidate_unverified,none,mwbl-ingredient-evidence-filter-v1.1-fresh-kci
kci:dimethiconol:76e79a84b304063c,kci,171,dimethiconol,다이메티콘올,Dimethiconol,Dimethiconol,"[""\""Dimethiconol\"" skin""]",76e79a84b304063c3d2978405450cc17aa521399c5f44c5061b9bd6b0a82ee22,mwbl-kci-approved-term-skin-context-v1.1,access_unavailable,,,0,0,0,N,not_run_robots_disallowed,2026-07-13T06:45:49Z,approved_terms_only,N,robots_disallowed,KCI robots.txt disallows / for User-agent: *; search was not requested,https://www.kci.go.kr/robots.txt,2026-07-13T06:45:49Z,d220f330732f1f47afbdd06b61fc3739164627b94f8cf365f9eefddcd3951911,User-agent: * / Disallow: /,candidate_unverified,none,mwbl-ingredient-evidence-filter-v1.1-fresh-kci
kci:alanine:6e4a145084165a4c,kci,172,alanine,알라닌,Alanine,Alanine,"[""\""Alanine\"" skin""]",6e4a145084165a4cf44c80aeb8a24cdd3530c418fa8af591095dae8e55bbdf43,mwbl-kci-approved-term-skin-context-v1.1,access_unavailable,,,0,0,0,N,not_run_robots_disallowed,2026-07-13T06:45:49Z,approved_terms_only,N,robots_disallowed,KCI robots.txt disallows / for User-agent: *; search was not requested,https://www.kci.go.kr/robots.txt,2026-07-13T06:45:49Z,d220f330732f1f47afbdd06b61fc3739164627b94f8cf365f9eefddcd3951911,User-agent: * / Disallow: /,candidate_unverified,none,mwbl-ingredient-evidence-filter-v1.1-fresh-kci
kci:sodium_polyacrylate:8dc43b6b63c86642,kci,173,sodium_polyacrylate,소듐폴리아크릴레이트,Sodium Polyacrylate,Sodium Polyacrylate,"[""\""Sodium Polyacrylate\"" skin""]",8dc43b6b63c86642475f2a90ed135d1a4504b4fe527558b82c2d4de82cbc71d5,mwbl-kci-approved-term-skin-context-v1.1,access_unavailable,,,0,0,0,N,not_run_robots_disallowed,2026-07-13T06:45:49Z,approved_terms_only,N,robots_disallowed,KCI robots.txt disallows / for User-agent: *; search was not requested,https://www.kci.go.kr/robots.txt,2026-07-13T06:45:49Z,d220f330732f1f47afbdd06b61fc3739164627b94f8cf365f9eefddcd3951911,User-agent: * / Disallow: /,candidate_unverified,none,mwbl-ingredient-evidence-filter-v1.1-fresh-kci
kci:aloe_barbadensis_leaf_extract:14621ebb80071f9d,kci,174,aloe_barbadensis_leaf_extract,알로에베라잎추출물,Aloe Barbadensis Leaf Extract,Aloe Barbadensis Leaf Extract,"[""\""Aloe Barbadensis Leaf Extract\"" skin""]",14621ebb80071f9d0065bf99687d6fa4cb034598f7d68772f4f078bcddf21b35,mwbl-kci-approved-term-skin-context-v1.1,access_unavailable,,,0,0,0,N,not_run_robots_disallowed,2026-07-13T06:45:49Z,approved_terms_only,N,robots_disallowed,KCI robots.txt disallows / for User-agent: *; search was not requested,https://www.kci.go.kr/robots.txt,2026-07-13T06:45:49Z,d220f330732f1f47afbdd06b61fc3739164627b94f8cf365f9eefddcd3951911,User-agent: * / Disallow: /,candidate_unverified,none,mwbl-ingredient-evidence-filter-v1.1-fresh-kci
kci:dextrin:ea124abb72379229,kci,175,dextrin,덱스트린,Dextrin,Dextrin,"[""\""Dextrin\"" skin""]",ea124abb723792295f4053c444c3c1021bfdb227f90660c23338a49f39ac67a2,mwbl-kci-approved-term-skin-context-v1.1,access_unavailable,,,0,0,0,N,not_run_robots_disallowed,2026-07-13T06:45:49Z,approved_terms_only,N,robots_disallowed,KCI robots.txt disallows / for User-agent: *; search was not requested,https://www.kci.go.kr/robots.txt,2026-07-13T06:45:49Z,d220f330732f1f47afbdd06b61fc3739164627b94f8cf365f9eefddcd3951911,User-agent: * / Disallow: /,candidate_unverified,none,mwbl-ingredient-evidence-filter-v1.1-fresh-kci
kci:polyglyceryl_4_isostearate:da3c98608bc8ed33,kci,177,polyglyceryl_4_isostearate,폴리글리세릴-4아이소스테아레이트,Polyglyceryl-4 Isostearate,Polyglyceryl-4 Isostearate,"[""\""Polyglyceryl-4 Isostearate\"" skin""]",da3c98608bc8ed3301bab0142aeca8eccb6d78cfa22cd0af723fd813a4eec4fe,mwbl-kci-approved-term-skin-context-v1.1,access_unavailable,,,0,0,0,N,not_run_robots_disallowed,2026-07-13T06:45:49Z,approved_terms_only,N,robots_disallowed,KCI robots.txt disallows / for User-agent: *; search was not requested,https://www.kci.go.kr/robots.txt,2026-07-13T06:45:49Z,d220f330732f1f47afbdd06b61fc3739164627b94f8cf365f9eefddcd3951911,User-agent: * / Disallow: /,candidate_unverified,none,mwbl-ingredient-evidence-filter-v1.1-fresh-kci
kci:polysilicone_11:6c6b8eca4fee7e6f,kci,178,polysilicone_11,폴리실리콘-11,Polysilicone-11,Polysilicone-11,"[""\""Polysilicone-11\"" skin""]",6c6b8eca4fee7e6fc82785b7e32473c539ce1b6a6c054ab16624d50fd33f059c,mwbl-kci-approved-term-skin-context-v1.1,access_unavailable,,,0,0,0,N,not_run_robots_disallowed,2026-07-13T06:45:49Z,approved_terms_only,N,robots_disallowed,KCI robots.txt disallows / for User-agent: *; search was not requested,https://www.kci.go.kr/robots.txt,2026-07-13T06:45:49Z,d220f330732f1f47afbdd06b61fc3739164627b94f8cf365f9eefddcd3951911,User-agent: * / Disallow: /,candidate_unverified,none,mwbl-ingredient-evidence-filter-v1.1-fresh-kci
kci:coco_glucoside:518068a46e5d06fc,kci,180,coco_glucoside,코코-글루코사이드,Coco-Glucoside,Coco-Glucoside,"[""\""Coco-Glucoside\"" skin""]",518068a46e5d06fce1fd63076b29b68ba7cf3c4ebfac2c00ddda1260fd9df1d6,mwbl-kci-approved-term-skin-context-v1.1,access_unavailable,,,0,0,0,N,not_run_robots_disallowed,2026-07-13T06:45:49Z,approved_terms_only,N,robots_disallowed,KCI robots.txt disallows / for User-agent: *; search was not requested,https://www.kci.go.kr/robots.txt,2026-07-13T06:45:49Z,d220f330732f1f47afbdd06b61fc3739164627b94f8cf365f9eefddcd3951911,User-agent: * / Disallow: /,candidate_unverified,none,mwbl-ingredient-evidence-filter-v1.1-fresh-kci
kci:threonine:af13adba1f243c60,kci,181,threonine,트레오닌,Threonine,Threonine,"[""\""Threonine\"" skin""]",af13adba1f243c60b55d386b23b60727c044e6dab991809b35d79513e5c04e8b,mwbl-kci-approved-term-skin-context-v1.1,access_unavailable,,,0,0,0,N,not_run_robots_disallowed,2026-07-13T06:45:49Z,approved_terms_only,N,robots_disallowed,KCI robots.txt disallows / for User-agent: *; search was not requested,https://www.kci.go.kr/robots.txt,2026-07-13T06:45:49Z,d220f330732f1f47afbdd06b61fc3739164627b94f8cf365f9eefddcd3951911,User-agent: * / Disallow: /,candidate_unverified,none,mwbl-ingredient-evidence-filter-v1.1-fresh-kci
kci:eugenol:a0011cdf65a19a21,kci,182,eugenol,유제놀,Eugenol,Eugenol,"[""\""Eugenol\"" skin""]",a0011cdf65a19a21e34639a9caafccbcb3ffdba8a5daae98c2041fabec2b2fb8,mwbl-kci-approved-term-skin-context-v1.1,access_unavailable,,,0,0,0,N,not_run_robots_disallowed,2026-07-13T06:45:49Z,approved_terms_only,N,robots_disallowed,KCI robots.txt disallows / for User-agent: *; search was not requested,https://www.kci.go.kr/robots.txt,2026-07-13T06:45:49Z,d220f330732f1f47afbdd06b61fc3739164627b94f8cf365f9eefddcd3951911,User-agent: * / Disallow: /,candidate_unverified,none,mwbl-ingredient-evidence-filter-v1.1-fresh-kci
kci:sorbitan_oleate:d723a4a53308d30a,kci,183,sorbitan_oleate,솔비탄올리에이트,Sorbitan Oleate,Sorbitan Oleate,"[""\""Sorbitan Oleate\"" skin""]",d723a4a53308d30a07ef80a18c17680461c19ca5846e5a6e0d9c3eccdaca0c00,mwbl-kci-approved-term-skin-context-v1.1,access_unavailable,,,0,0,0,N,not_run_robots_disallowed,2026-07-13T06:45:49Z,approved_terms_only,N,robots_disallowed,KCI robots.txt disallows / for User-agent: *; search was not requested,https://www.kci.go.kr/robots.txt,2026-07-13T06:45:49Z,d220f330732f1f47afbdd06b61fc3739164627b94f8cf365f9eefddcd3951911,User-agent: * / Disallow: /,candidate_unverified,none,mwbl-ingredient-evidence-filter-v1.1-fresh-kci
kci:prunus_amygdalus_dulcis_sweet_almond_oil:9d0812dd558c7f0b,kci,185,prunus_amygdalus_dulcis_sweet_almond_oil,스위트아몬드오일,Prunus Amygdalus Dulcis (Sweet Almond) Oil,Prunus Amygdalus Dulcis (Sweet Almond) Oil,"[""\""Prunus Amygdalus Dulcis (Sweet Almond) Oil\"" skin""]",9d0812dd558c7f0b84cdc22c02d113fb6ee85eec3e16a863711b061ed0b9b3eb,mwbl-kci-approved-term-skin-context-v1.1,access_unavailable,,,0,0,0,N,not_run_robots_disallowed,2026-07-13T06:45:49Z,approved_terms_only,N,robots_disallowed,KCI robots.txt disallows / for User-agent: *; search was not requested,https://www.kci.go.kr/robots.txt,2026-07-13T06:45:49Z,d220f330732f1f47afbdd06b61fc3739164627b94f8cf365f9eefddcd3951911,User-agent: * / Disallow: /,candidate_unverified,none,mwbl-ingredient-evidence-filter-v1.1-fresh-kci
kci:cellulose_gum:753be775460152bf,kci,186,cellulose_gum,셀룰로오스검,Cellulose Gum,Cellulose Gum,"[""\""Cellulose Gum\"" skin""]",753be775460152bff790705339eeebbf9adc4497949a1a3f1b16f9edec81d280,mwbl-kci-approved-term-skin-context-v1.1,access_unavailable,,,0,0,0,N,not_run_robots_disallowed,2026-07-13T06:45:49Z,approved_terms_only,N,robots_disallowed,KCI robots.txt disallows / for User-agent: *; search was not requested,https://www.kci.go.kr/robots.txt,2026-07-13T06:45:49Z,d220f330732f1f47afbdd06b61fc3739164627b94f8cf365f9eefddcd3951911,User-agent: * / Disallow: /,candidate_unverified,none,mwbl-ingredient-evidence-filter-v1.1-fresh-kci
kci:iron_oxide_red:35f2f8729f89390b,kci,187,iron_oxide_red,적색산화철,Iron Oxide Red,Iron Oxide Red,"[""\""Iron Oxide Red\"" skin""]",35f2f8729f89390bb6456d1d41bd37e3b598ac734549e14720117285cbdb561d,mwbl-kci-approved-term-skin-context-v1.1,access_unavailable,,,0,0,0,N,not_run_robots_disallowed,2026-07-13T06:45:49Z,approved_terms_only,N,robots_disallowed,KCI robots.txt disallows / for User-agent: *; search was not requested,https://www.kci.go.kr/robots.txt,2026-07-13T06:45:49Z,d220f330732f1f47afbdd06b61fc3739164627b94f8cf365f9eefddcd3951911,User-agent: * / Disallow: /,candidate_unverified,none,mwbl-ingredient-evidence-filter-v1.1-fresh-kci
kci:histidine:15b5dcbe4262910b,kci,188,histidine,히스티딘,Histidine,Histidine,"[""\""Histidine\"" skin""]",15b5dcbe4262910b5e0f67025200a44b2965cdde620b8cf328ab359b5eaf0fd3,mwbl-kci-approved-term-skin-context-v1.1,access_unavailable,,,0,0,0,N,not_run_robots_disallowed,2026-07-13T06:45:49Z,approved_terms_only,N,robots_disallowed,KCI robots.txt disallows / for User-agent: *; search was not requested,https://www.kci.go.kr/robots.txt,2026-07-13T06:45:49Z,d220f330732f1f47afbdd06b61fc3739164627b94f8cf365f9eefddcd3951911,User-agent: * / Disallow: /,candidate_unverified,none,mwbl-ingredient-evidence-filter-v1.1-fresh-kci
kci:silica_dimethyl_silylate:b4c890acd593b01a,kci,189,silica_dimethyl_silylate,실리카다이메틸실릴레이트,Silica Dimethyl Silylate,Silica Dimethyl Silylate,"[""\""Silica Dimethyl Silylate\"" skin""]",b4c890acd593b01a5edd2321891a6b96f37e6207076a8468b4995d3fd32bda4f,mwbl-kci-approved-term-skin-context-v1.1,access_unavailable,,,0,0,0,N,not_run_robots_disallowed,2026-07-13T06:45:49Z,approved_terms_only,N,robots_disallowed,KCI robots.txt disallows / for User-agent: *; search was not requested,https://www.kci.go.kr/robots.txt,2026-07-13T06:45:49Z,d220f330732f1f47afbdd06b61fc3739164627b94f8cf365f9eefddcd3951911,User-agent: * / Disallow: /,candidate_unverified,none,mwbl-ingredient-evidence-filter-v1.1-fresh-kci
kci:lavandula_angustifolia_lavender_oil:c62646243f6728fc,kci,190,lavandula_angustifolia_lavender_oil,라벤더오일,Lavandula Angustifolia (Lavender) Oil,Lavandula Angustifolia (Lavender) Oil,"[""\""Lavandula Angustifolia (Lavender) Oil\"" skin""]",c62646243f6728fc06ede90e9b6659f5fc02ad3e93700b5c7dc4ce012c52ca41,mwbl-kci-approved-term-skin-context-v1.1,access_unavailable,,,0,0,0,N,not_run_robots_disallowed,2026-07-13T06:45:49Z,approved_terms_only,N,robots_disallowed,KCI robots.txt disallows / for User-agent: *; search was not requested,https://www.kci.go.kr/robots.txt,2026-07-13T06:45:49Z,d220f330732f1f47afbdd06b61fc3739164627b94f8cf365f9eefddcd3951911,User-agent: * / Disallow: /,candidate_unverified,none,mwbl-ingredient-evidence-filter-v1.1-fresh-kci
kci:disodium_phosphate:74b196159f8d2746,kci,191,disodium_phosphate,다이소듐포스페이트,Disodium Phosphate,Disodium Phosphate,"[""\""Disodium Phosphate\"" skin""]",74b196159f8d27463d7b61f8c1624715e0493616238269202151bc69e90e5c62,mwbl-kci-approved-term-skin-context-v1.1,access_unavailable,,,0,0,0,N,not_run_robots_disallowed,2026-07-13T06:45:49Z,approved_terms_only,N,robots_disallowed,KCI robots.txt disallows / for User-agent: *; search was not requested,https://www.kci.go.kr/robots.txt,2026-07-13T06:45:49Z,d220f330732f1f47afbdd06b61fc3739164627b94f8cf365f9eefddcd3951911,User-agent: * / Disallow: /,candidate_unverified,none,mwbl-ingredient-evidence-filter-v1.1-fresh-kci
kci:hydrolyzed_collagen:0f1e49c1c2cd8bb2,kci,192,hydrolyzed_collagen,하이드롤라이즈드콜라겐,Hydrolyzed Collagen,Hydrolyzed Collagen,"[""\""Hydrolyzed Collagen\"" skin""]",0f1e49c1c2cd8bb223ad1fdd1370740095c5579dc688de5401d6cd19b42ccd67,mwbl-kci-approved-term-skin-context-v1.1,access_unavailable,,,0,0,0,N,not_run_robots_disallowed,2026-07-13T06:45:49Z,approved_terms_only,N,robots_disallowed,KCI robots.txt disallows / for User-agent: *; search was not requested,https://www.kci.go.kr/robots.txt,2026-07-13T06:45:49Z,d220f330732f1f47afbdd06b61fc3739164627b94f8cf365f9eefddcd3951911,User-agent: * / Disallow: /,candidate_unverified,none,mwbl-ingredient-evidence-filter-v1.1-fresh-kci
kci:disodium_stearoyl_glutamate:8d30d9792728a952,kci,193,disodium_stearoyl_glutamate,다이소듐스테아로일글루타메이트,Disodium Stearoyl Glutamate,Disodium Stearoyl Glutamate,"[""\""Disodium Stearoyl Glutamate\"" skin""]",8d30d9792728a952d40e7e38cc573f15a2bf4ca5356b1fd329d2060f0bb22029,mwbl-kci-approved-term-skin-context-v1.1,access_unavailable,,,0,0,0,N,not_run_robots_disallowed,2026-07-13T06:45:49Z,approved_terms_only,N,robots_disallowed,KCI robots.txt disallows / for User-agent: *; search was not requested,https://www.kci.go.kr/robots.txt,2026-07-13T06:45:49Z,d220f330732f1f47afbdd06b61fc3739164627b94f8cf365f9eefddcd3951911,User-agent: * / Disallow: /,candidate_unverified,none,mwbl-ingredient-evidence-filter-v1.1-fresh-kci
kci:dicaprylyl_carbonate:d8c60a07fdf23ef4,kci,195,dicaprylyl_carbonate,다이카프릴릴카보네이트,Dicaprylyl Carbonate,Dicaprylyl Carbonate,"[""\""Dicaprylyl Carbonate\"" skin""]",d8c60a07fdf23ef460d2ee291618b710d5cbdb7619bcbf9c6b283568f78014c6,mwbl-kci-approved-term-skin-context-v1.1,access_unavailable,,,0,0,0,N,not_run_robots_disallowed,2026-07-13T06:45:49Z,approved_terms_only,N,robots_disallowed,KCI robots.txt disallows / for User-agent: *; search was not requested,https://www.kci.go.kr/robots.txt,2026-07-13T06:45:49Z,d220f330732f1f47afbdd06b61fc3739164627b94f8cf365f9eefddcd3951911,User-agent: * / Disallow: /,candidate_unverified,none,mwbl-ingredient-evidence-filter-v1.1-fresh-kci
kci:boron_nitride:3e5d84b8fd4dc19a,kci,196,boron_nitride,보론나이트라이드,Boron Nitride,Boron Nitride,"[""\""Boron Nitride\"" skin""]",3e5d84b8fd4dc19a4b8b6e8eb1141f07c33110aed2661cbb43ac6aa1824fe9b7,mwbl-kci-approved-term-skin-context-v1.1,access_unavailable,,,0,0,0,N,not_run_robots_disallowed,2026-07-13T06:45:49Z,approved_terms_only,N,robots_disallowed,KCI robots.txt disallows / for User-agent: *; search was not requested,https://www.kci.go.kr/robots.txt,2026-07-13T06:45:49Z,d220f330732f1f47afbdd06b61fc3739164627b94f8cf365f9eefddcd3951911,User-agent: * / Disallow: /,candidate_unverified,none,mwbl-ingredient-evidence-filter-v1.1-fresh-kci
kci:aspartic_acid:e70f879610ceead8,kci,197,aspartic_acid,아스파틱애씨드,Aspartic Acid,Aspartic Acid,"[""\""Aspartic Acid\"" skin""]",e70f879610ceead81bafd3a7eb1d7521d1f3984a72bec585f75a2542d686ea13,mwbl-kci-approved-term-skin-context-v1.1,access_unavailable,,,0,0,0,N,not_run_robots_disallowed,2026-07-13T06:45:49Z,approved_terms_only,N,robots_disallowed,KCI robots.txt disallows / for User-agent: *; search was not requested,https://www.kci.go.kr/robots.txt,2026-07-13T06:45:49Z,d220f330732f1f47afbdd06b61fc3739164627b94f8cf365f9eefddcd3951911,User-agent: * / Disallow: /,candidate_unverified,none,mwbl-ingredient-evidence-filter-v1.1-fresh-kci
kci:linalyl_acetate:409f9f64f73fbd3c,kci,198,linalyl_acetate,리날릴아세테이트,Linalyl Acetate,Linalyl Acetate,"[""\""Linalyl Acetate\"" skin""]",409f9f64f73fbd3cbea66eb147b37c6cfdec28f556ad323cdd6e8547a3bb0d68,mwbl-kci-approved-term-skin-context-v1.1,access_unavailable,,,0,0,0,N,not_run_robots_disallowed,2026-07-13T06:45:49Z,approved_terms_only,N,robots_disallowed,KCI robots.txt disallows / for User-agent: *; search was not requested,https://www.kci.go.kr/robots.txt,2026-07-13T06:45:49Z,d220f330732f1f47afbdd06b61fc3739164627b94f8cf365f9eefddcd3951911,User-agent: * / Disallow: /,candidate_unverified,none,mwbl-ingredient-evidence-filter-v1.1-fresh-kci
kci:isostearic_acid:cc8648b93d35ce60,kci,199,isostearic_acid,아이소스테아릭애씨드,Isostearic Acid,Isostearic Acid,"[""\""Isostearic Acid\"" skin""]",cc8648b93d35ce6035a4256ee89c88dc1abf81d0f05ee3874f5ac52ce45164f5,mwbl-kci-approved-term-skin-context-v1.1,access_unavailable,,,0,0,0,N,not_run_robots_disallowed,2026-07-13T06:45:49Z,approved_terms_only,N,robots_disallowed,KCI robots.txt disallows / for User-agent: *; search was not requested,https://www.kci.go.kr/robots.txt,2026-07-13T06:45:49Z,d220f330732f1f47afbdd06b61fc3739164627b94f8cf365f9eefddcd3951911,User-agent: * / Disallow: /,candidate_unverified,none,mwbl-ingredient-evidence-filter-v1.1-fresh-kci
kci:cetyl_ethylhexanoate:eaa4270ad0592f20,kci,200,cetyl_ethylhexanoate,세틸에틸헥사노에이트,Cetyl Ethylhexanoate,Cetyl Ethylhexanoate,"[""\""Cetyl Ethylhexanoate\"" skin""]",eaa4270ad0592f207e2d63a60c258e58e04cd1d2ee4f51cdbbe79afc38aff94e,mwbl-kci-approved-term-skin-context-v1.1,access_unavailable,,,0,0,0,N,not_run_robots_disallowed,2026-07-13T06:45:49Z,approved_terms_only,N,robots_disallowed,KCI robots.txt disallows / for User-agent: *; search was not requested,https://www.kci.go.kr/robots.txt,2026-07-13T06:45:49Z,d220f330732f1f47afbdd06b61fc3739164627b94f8cf365f9eefddcd3951911,User-agent: * / Disallow: /,candidate_unverified,none,mwbl-ingredient-evidence-filter-v1.1-fresh-kci
kci:polyglyceryl_2_triisostearate:fffa87fb272aa022,kci,201,polyglyceryl_2_triisostearate,폴리글리세릴-2트라이아이소스테아레이트,Polyglyceryl-2 Triisostearate,Polyglyceryl-2 Triisostearate,"[""\""Polyglyceryl-2 Triisostearate\"" skin""]",fffa87fb272aa022a672cec7a5e82f37b06ee3606111f43729c3844b6f16bbd0,mwbl-kci-approved-term-skin-context-v1.1,access_unavailable,,,0,0,0,N,not_run_robots_disallowed,2026-07-13T06:45:49Z,approved_terms_only,N,robots_disallowed,KCI robots.txt disallows / for User-agent: *; search was not requested,https://www.kci.go.kr/robots.txt,2026-07-13T06:45:49Z,d220f330732f1f47afbdd06b61fc3739164627b94f8cf365f9eefddcd3951911,User-agent: * / Disallow: /,candidate_unverified,none,mwbl-ingredient-evidence-filter-v1.1-fresh-kci
kci:phenylalanine:63117198ebb3a06c,kci,202,phenylalanine,페닐알라닌,Phenylalanine,Phenylalanine,"[""\""Phenylalanine\"" skin""]",63117198ebb3a06ce57ca95492fb2eea945881d6b5efc3737724aa014fa6ec2c,mwbl-kci-approved-term-skin-context-v1.1,access_unavailable,,,0,0,0,N,not_run_robots_disallowed,2026-07-13T06:45:49Z,approved_terms_only,N,robots_disallowed,KCI robots.txt disallows / for User-agent: *; search was not requested,https://www.kci.go.kr/robots.txt,2026-07-13T06:45:49Z,d220f330732f1f47afbdd06b61fc3739164627b94f8cf365f9eefddcd3951911,User-agent: * / Disallow: /,candidate_unverified,none,mwbl-ingredient-evidence-filter-v1.1-fresh-kci
kci:vitis_vinifera_grape_seed_oil:f862b538f5b2f698,kci,203,vitis_vinifera_grape_seed_oil,포도씨오일,Vitis Vinifera (Grape) Seed Oil,Vitis Vinifera (Grape) Seed Oil,"[""\""Vitis Vinifera (Grape) Seed Oil\"" skin""]",f862b538f5b2f69831e4013dccb8a1d2aae51448db352b84c4919575092fa316,mwbl-kci-approved-term-skin-context-v1.1,access_unavailable,,,0,0,0,N,not_run_robots_disallowed,2026-07-13T06:45:49Z,approved_terms_only,N,robots_disallowed,KCI robots.txt disallows / for User-agent: *; search was not requested,https://www.kci.go.kr/robots.txt,2026-07-13T06:45:49Z,d220f330732f1f47afbdd06b61fc3739164627b94f8cf365f9eefddcd3951911,User-agent: * / Disallow: /,candidate_unverified,none,mwbl-ingredient-evidence-filter-v1.1-fresh-kci
kci:sorbitan_sesquioleate:eec3eab1df63156a,kci,204,sorbitan_sesquioleate,솔비탄세스퀴올리에이트,Sorbitan Sesquioleate,Sorbitan Sesquioleate,"[""\""Sorbitan Sesquioleate\"" skin""]",eec3eab1df63156a8f63645f7442e162f98ea34494623ca3437df61d07f5d329,mwbl-kci-approved-term-skin-context-v1.1,access_unavailable,,,0,0,0,N,not_run_robots_disallowed,2026-07-13T06:45:49Z,approved_terms_only,N,robots_disallowed,KCI robots.txt disallows / for User-agent: *; search was not requested,https://www.kci.go.kr/robots.txt,2026-07-13T06:45:49Z,d220f330732f1f47afbdd06b61fc3739164627b94f8cf365f9eefddcd3951911,User-agent: * / Disallow: /,candidate_unverified,none,mwbl-ingredient-evidence-filter-v1.1-fresh-kci
kci:aminomethyl_propanol:f64fb905a1182127,kci,205,aminomethyl_propanol,아미노메틸프로판올,Aminomethyl Propanol,Aminomethyl Propanol,"[""\""Aminomethyl Propanol\"" skin""]",f64fb905a1182127b0054c9338b4b5b0da6ef04906d39c0407b9e6b2290160cf,mwbl-kci-approved-term-skin-context-v1.1,access_unavailable,,,0,0,0,N,not_run_robots_disallowed,2026-07-13T06:45:49Z,approved_terms_only,N,robots_disallowed,KCI robots.txt disallows / for User-agent: *; search was not requested,https://www.kci.go.kr/robots.txt,2026-07-13T06:45:49Z,d220f330732f1f47afbdd06b61fc3739164627b94f8cf365f9eefddcd3951911,User-agent: * / Disallow: /,candidate_unverified,none,mwbl-ingredient-evidence-filter-v1.1-fresh-kci
kci:pvp:7aead572acc07908,kci,206,pvp,피브이피,PVP,PVP,"[""\""PVP\"" skin""]",7aead572acc0790836ed31ae27d72cd5b53ffbc97576876456c016b7e4ba0a19,mwbl-kci-approved-term-skin-context-v1.1,access_unavailable,,,0,0,0,N,not_run_robots_disallowed,2026-07-13T06:45:49Z,approved_terms_only,N,robots_disallowed,KCI robots.txt disallows / for User-agent: *; search was not requested,https://www.kci.go.kr/robots.txt,2026-07-13T06:45:49Z,d220f330732f1f47afbdd06b61fc3739164627b94f8cf365f9eefddcd3951911,User-agent: * / Disallow: /,candidate_unverified,none,mwbl-ingredient-evidence-filter-v1.1-fresh-kci
kci:asiaticoside:e9658cab3aadea97,kci,207,asiaticoside,아시아티코사이드,Asiaticoside,Asiaticoside,"[""\""Asiaticoside\"" skin""]",e9658cab3aadea97930ca63dfc847ac96951d95a37116ebb8d21648a1afa9c0a,mwbl-kci-approved-term-skin-context-v1.1,access_unavailable,,,0,0,0,N,not_run_robots_disallowed,2026-07-13T06:45:49Z,approved_terms_only,N,robots_disallowed,KCI robots.txt disallows / for User-agent: *; search was not requested,https://www.kci.go.kr/robots.txt,2026-07-13T06:45:49Z,d220f330732f1f47afbdd06b61fc3739164627b94f8cf365f9eefddcd3951911,User-agent: * / Disallow: /,candidate_unverified,none,mwbl-ingredient-evidence-filter-v1.1-fresh-kci
kci:polysorbate_80:ec1436892c847692,kci,208,polysorbate_80,폴리솔베이트80,Polysorbate 80,Polysorbate 80,"[""\""Polysorbate 80\"" skin""]",ec1436892c847692cdcac5364a1df9290896cc6dbe4b40f48a6193420513a1b4,mwbl-kci-approved-term-skin-context-v1.1,access_unavailable,,,0,0,0,N,not_run_robots_disallowed,2026-07-13T06:45:49Z,approved_terms_only,N,robots_disallowed,KCI robots.txt disallows / for User-agent: *; search was not requested,https://www.kci.go.kr/robots.txt,2026-07-13T06:45:49Z,d220f330732f1f47afbdd06b61fc3739164627b94f8cf365f9eefddcd3951911,User-agent: * / Disallow: /,candidate_unverified,none,mwbl-ingredient-evidence-filter-v1.1-fresh-kci
kci:glycol_distearate:4ec575cb8daf51d0,kci,209,glycol_distearate,글라이콜다이스테아레이트,Glycol Distearate,Glycol Distearate,"[""\""Glycol Distearate\"" skin""]",4ec575cb8daf51d0248f0531b8d655917324df08610564f856007f50dd60f00d,mwbl-kci-approved-term-skin-context-v1.1,access_unavailable,,,0,0,0,N,not_run_robots_disallowed,2026-07-13T06:45:49Z,approved_terms_only,N,robots_disallowed,KCI robots.txt disallows / for User-agent: *; search was not requested,https://www.kci.go.kr/robots.txt,2026-07-13T06:45:49Z,d220f330732f1f47afbdd06b61fc3739164627b94f8cf365f9eefddcd3951911,User-agent: * / Disallow: /,candidate_unverified,none,mwbl-ingredient-evidence-filter-v1.1-fresh-kci
kci:menthol:d6501278e8928e55,kci,210,menthol,멘톨,Menthol,Menthol,"[""\""Menthol\"" skin""]",d6501278e8928e55bd5ed42921771566b40fe0fc4368577166d46040a246172d,mwbl-kci-approved-term-skin-context-v1.1,access_unavailable,,,0,0,0,N,not_run_robots_disallowed,2026-07-13T06:45:49Z,approved_terms_only,N,robots_disallowed,KCI robots.txt disallows / for User-agent: *; search was not requested,https://www.kci.go.kr/robots.txt,2026-07-13T06:45:49Z,d220f330732f1f47afbdd06b61fc3739164627b94f8cf365f9eefddcd3951911,User-agent: * / Disallow: /,candidate_unverified,none,mwbl-ingredient-evidence-filter-v1.1-fresh-kci
kci:polyglyceryl_3_polyricinoleate:a16438993d6ba1e6,kci,211,polyglyceryl_3_polyricinoleate,폴리글리세릴-3폴리리시놀리에이트,Polyglyceryl-3 Polyricinoleate,Polyglyceryl-3 Polyricinoleate,"[""\""Polyglyceryl-3 Polyricinoleate\"" skin""]",a16438993d6ba1e65e493dc0f5c3198fc50e09743a7a975b08453b116501924a,mwbl-kci-approved-term-skin-context-v1.1,access_unavailable,,,0,0,0,N,not_run_robots_disallowed,2026-07-13T06:45:49Z,approved_terms_only,N,robots_disallowed,KCI robots.txt disallows / for User-agent: *; search was not requested,https://www.kci.go.kr/robots.txt,2026-07-13T06:45:49Z,d220f330732f1f47afbdd06b61fc3739164627b94f8cf365f9eefddcd3951911,User-agent: * / Disallow: /,candidate_unverified,none,mwbl-ingredient-evidence-filter-v1.1-fresh-kci
kci:polyacrylate_crosspolymer_6:8ef2fb7d5d92d73e,kci,212,polyacrylate_crosspolymer_6,폴리아크릴레이트크로스폴리머-6,Polyacrylate Crosspolymer-6,Polyacrylate Crosspolymer-6,"[""\""Polyacrylate Crosspolymer-6\"" skin""]",8ef2fb7d5d92d73e56f16d272c31e96c4244b328a3c406c60cbe26bbcd7cbc39,mwbl-kci-approved-term-skin-context-v1.1,access_unavailable,,,0,0,0,N,not_run_robots_disallowed,2026-07-13T06:45:49Z,approved_terms_only,N,robots_disallowed,KCI robots.txt disallows / for User-agent: *; search was not requested,https://www.kci.go.kr/robots.txt,2026-07-13T06:45:49Z,d220f330732f1f47afbdd06b61fc3739164627b94f8cf365f9eefddcd3951911,User-agent: * / Disallow: /,candidate_unverified,none,mwbl-ingredient-evidence-filter-v1.1-fresh-kci
kci:valine:51951b0073ac2ae8,kci,213,valine,발린,Valine,Valine,"[""\""Valine\"" skin""]",51951b0073ac2ae82da65cef7eb1035848224c92e6120a7046bb346bf0484e6d,mwbl-kci-approved-term-skin-context-v1.1,access_unavailable,,,0,0,0,N,not_run_robots_disallowed,2026-07-13T06:45:49Z,approved_terms_only,N,robots_disallowed,KCI robots.txt disallows / for User-agent: *; search was not requested,https://www.kci.go.kr/robots.txt,2026-07-13T06:45:49Z,d220f330732f1f47afbdd06b61fc3739164627b94f8cf365f9eefddcd3951911,User-agent: * / Disallow: /,candidate_unverified,none,mwbl-ingredient-evidence-filter-v1.1-fresh-kci
kci:cyclohexasiloxane:4fe25ff07a2747e6,kci,214,cyclohexasiloxane,사이클로헥사실록세인,Cyclohexasiloxane,Cyclohexasiloxane,"[""\""Cyclohexasiloxane\"" skin""]",4fe25ff07a2747e637b76efc5484b4ba11ee4039e6c7e1c40f2f0d95e05a3e9a,mwbl-kci-approved-term-skin-context-v1.1,access_unavailable,,,0,0,0,N,not_run_robots_disallowed,2026-07-13T06:45:49Z,approved_terms_only,N,robots_disallowed,KCI robots.txt disallows / for User-agent: *; search was not requested,https://www.kci.go.kr/robots.txt,2026-07-13T06:45:49Z,d220f330732f1f47afbdd06b61fc3739164627b94f8cf365f9eefddcd3951911,User-agent: * / Disallow: /,candidate_unverified,none,mwbl-ingredient-evidence-filter-v1.1-fresh-kci
kci:methicone:88c723a6cb006163,kci,215,methicone,메티콘,Methicone,Methicone,"[""\""Methicone\"" skin""]",88c723a6cb0061631aaa565b760a312aed530cc1b6bff98b0719a95f8ccf5631,mwbl-kci-approved-term-skin-context-v1.1,access_unavailable,,,0,0,0,N,not_run_robots_disallowed,2026-07-13T06:45:49Z,approved_terms_only,N,robots_disallowed,KCI robots.txt disallows / for User-agent: *; search was not requested,https://www.kci.go.kr/robots.txt,2026-07-13T06:45:49Z,d220f330732f1f47afbdd06b61fc3739164627b94f8cf365f9eefddcd3951911,User-agent: * / Disallow: /,candidate_unverified,none,mwbl-ingredient-evidence-filter-v1.1-fresh-kci
kci:vinyl_dimethicone_methicone_silsesquioxane_crosspolymer:fdc35e3642842241,kci,216,vinyl_dimethicone_methicone_silsesquioxane_crosspolymer,비닐다이메티콘/메티콘실세스퀴옥세인크로스폴리머,Vinyl Dimethicone/Methicone Silsesquioxane Crosspolymer,Vinyl Dimethicone/Methicone Silsesquioxane Crosspolymer,"[""\""Vinyl Dimethicone/Methicone Silsesquioxane Crosspolymer\"" skin""]",fdc35e364284224184478cd91b8d55384b757c5325e221acc934786f5fad524d,mwbl-kci-approved-term-skin-context-v1.1,access_unavailable,,,0,0,0,N,not_run_robots_disallowed,2026-07-13T06:45:49Z,approved_terms_only,N,robots_disallowed,KCI robots.txt disallows / for User-agent: *; search was not requested,https://www.kci.go.kr/robots.txt,2026-07-13T06:45:49Z,d220f330732f1f47afbdd06b61fc3739164627b94f8cf365f9eefddcd3951911,User-agent: * / Disallow: /,candidate_unverified,none,mwbl-ingredient-evidence-filter-v1.1-fresh-kci
kci:isoleucine:a59f801ed03900cc,kci,217,isoleucine,아이소류신,Isoleucine,Isoleucine,"[""\""Isoleucine\"" skin""]",a59f801ed03900cc8a5d1e0f26b31d4558580306ee60ea330c3d47ff8b9120e1,mwbl-kci-approved-term-skin-context-v1.1,access_unavailable,,,0,0,0,N,not_run_robots_disallowed,2026-07-13T06:45:49Z,approved_terms_only,N,robots_disallowed,KCI robots.txt disallows / for User-agent: *; search was not requested,https://www.kci.go.kr/robots.txt,2026-07-13T06:45:49Z,d220f330732f1f47afbdd06b61fc3739164627b94f8cf365f9eefddcd3951911,User-agent: * / Disallow: /,candidate_unverified,none,mwbl-ingredient-evidence-filter-v1.1-fresh-kci
kci:sucrose:8eece8ba31c0b3bd,kci,218,sucrose,수크로오스,Sucrose,Sucrose,"[""\""Sucrose\"" skin""]",8eece8ba31c0b3bd0e908b0be9549ec7fe7a468f4fbfc54985ac52db8f9fb53f,mwbl-kci-approved-term-skin-context-v1.1,access_unavailable,,,0,0,0,N,not_run_robots_disallowed,2026-07-13T06:45:49Z,approved_terms_only,N,robots_disallowed,KCI robots.txt disallows / for User-agent: *; search was not requested,https://www.kci.go.kr/robots.txt,2026-07-13T06:45:49Z,d220f330732f1f47afbdd06b61fc3739164627b94f8cf365f9eefddcd3951911,User-agent: * / Disallow: /,candidate_unverified,none,mwbl-ingredient-evidence-filter-v1.1-fresh-kci
kci:ethylhexyl_methoxycinnamate:5761cb3fb488388c,kci,219,ethylhexyl_methoxycinnamate,에칠헥실메톡시신나메이트,Ethylhexyl Methoxycinnamate,Ethylhexyl Methoxycinnamate,"[""\""Ethylhexyl Methoxycinnamate\"" skin""]",5761cb3fb488388c377d777e857d6440e77439b1d98182594bdfb022229e0b43,mwbl-kci-approved-term-skin-context-v1.1,access_unavailable,,,0,0,0,N,not_run_robots_disallowed,2026-07-13T06:45:49Z,approved_terms_only,N,robots_disallowed,KCI robots.txt disallows / for User-agent: *; search was not requested,https://www.kci.go.kr/robots.txt,2026-07-13T06:45:49Z,d220f330732f1f47afbdd06b61fc3739164627b94f8cf365f9eefddcd3951911,User-agent: * / Disallow: /,candidate_unverified,none,mwbl-ingredient-evidence-filter-v1.1-fresh-kci
kci:potassium_cetyl_phosphate:01149d5cc51063a9,kci,220,potassium_cetyl_phosphate,포타슘세틸포스페이트,Potassium Cetyl Phosphate,Potassium Cetyl Phosphate,"[""\""Potassium Cetyl Phosphate\"" skin""]",01149d5cc51063a98f25a4ef77829a1097b97db288801c70853a94aadda31be7,mwbl-kci-approved-term-skin-context-v1.1,access_unavailable,,,0,0,0,N,not_run_robots_disallowed,2026-07-13T06:45:49Z,approved_terms_only,N,robots_disallowed,KCI robots.txt disallows / for User-agent: *; search was not requested,https://www.kci.go.kr/robots.txt,2026-07-13T06:45:49Z,d220f330732f1f47afbdd06b61fc3739164627b94f8cf365f9eefddcd3951911,User-agent: * / Disallow: /,candidate_unverified,none,mwbl-ingredient-evidence-filter-v1.1-fresh-kci
kci:polyethylene:eb876516a5f1f906,kci,221,polyethylene,폴리에틸렌,Polyethylene,Polyethylene,"[""\""Polyethylene\"" skin""]",eb876516a5f1f906f008ce3dd12bb2f7970f0e6181f1af8271c5ea38bc233ef5,mwbl-kci-approved-term-skin-context-v1.1,access_unavailable,,,0,0,0,N,not_run_robots_disallowed,2026-07-13T06:45:49Z,approved_terms_only,N,robots_disallowed,KCI robots.txt disallows / for User-agent: *; search was not requested,https://www.kci.go.kr/robots.txt,2026-07-13T06:45:49Z,d220f330732f1f47afbdd06b61fc3739164627b94f8cf365f9eefddcd3951911,User-agent: * / Disallow: /,candidate_unverified,none,mwbl-ingredient-evidence-filter-v1.1-fresh-kci
kci:glyceryl_stearate_se:76a0dff5ff63b928,kci,222,glyceryl_stearate_se,글리세릴스테아레이트에스이,Glyceryl Stearate SE,Glyceryl Stearate SE,"[""\""Glyceryl Stearate SE\"" skin""]",76a0dff5ff63b9288eaefe1aaf881150743ce8eb9df5666ba84bb69c95779207,mwbl-kci-approved-term-skin-context-v1.1,access_unavailable,,,0,0,0,N,not_run_robots_disallowed,2026-07-13T06:45:49Z,approved_terms_only,N,robots_disallowed,KCI robots.txt disallows / for User-agent: *; search was not requested,https://www.kci.go.kr/robots.txt,2026-07-13T06:45:49Z,d220f330732f1f47afbdd06b61fc3739164627b94f8cf365f9eefddcd3951911,User-agent: * / Disallow: /,candidate_unverified,none,mwbl-ingredient-evidence-filter-v1.1-fresh-kci
kci:sodium_gluconate:160468b75b3346fe,kci,223,sodium_gluconate,소듐글루코네이트,Sodium Gluconate,Sodium Gluconate,"[""\""Sodium Gluconate\"" skin""]",160468b75b3346fed95408a9bcd15570798ab18d8686395dc324e31ea85279fc,mwbl-kci-approved-term-skin-context-v1.1,access_unavailable,,,0,0,0,N,not_run_robots_disallowed,2026-07-13T06:45:49Z,approved_terms_only,N,robots_disallowed,KCI robots.txt disallows / for User-agent: *; search was not requested,https://www.kci.go.kr/robots.txt,2026-07-13T06:45:49Z,d220f330732f1f47afbdd06b61fc3739164627b94f8cf365f9eefddcd3951911,User-agent: * / Disallow: /,candidate_unverified,none,mwbl-ingredient-evidence-filter-v1.1-fresh-kci
kci:glutamic_acid:d5a814b628e47948,kci,224,glutamic_acid,글루타믹애씨드,Glutamic Acid,Glutamic Acid,"[""\""Glutamic Acid\"" skin""]",d5a814b628e47948ce8e3ebfcd9244dced3559b5e3b7c55a155c2aaa3bf346db,mwbl-kci-approved-term-skin-context-v1.1,access_unavailable,,,0,0,0,N,not_run_robots_disallowed,2026-07-13T06:45:49Z,approved_terms_only,N,robots_disallowed,KCI robots.txt disallows / for User-agent: *; search was not requested,https://www.kci.go.kr/robots.txt,2026-07-13T06:45:49Z,d220f330732f1f47afbdd06b61fc3739164627b94f8cf365f9eefddcd3951911,User-agent: * / Disallow: /,candidate_unverified,none,mwbl-ingredient-evidence-filter-v1.1-fresh-kci
kci:methyl_methacrylate_crosspolymer:30475dc58abf1a76,kci,225,methyl_methacrylate_crosspolymer,메틸메타크릴레이트크로스폴리머,Methyl Methacrylate Crosspolymer,Methyl Methacrylate Crosspolymer,"[""\""Methyl Methacrylate Crosspolymer\"" skin""]",30475dc58abf1a76ee381873f19196c6576a7e6536c1be85e26a0e08fa8a5dbc,mwbl-kci-approved-term-skin-context-v1.1,access_unavailable,,,0,0,0,N,not_run_robots_disallowed,2026-07-13T06:45:49Z,approved_terms_only,N,robots_disallowed,KCI robots.txt disallows / for User-agent: *; search was not requested,https://www.kci.go.kr/robots.txt,2026-07-13T06:45:49Z,d220f330732f1f47afbdd06b61fc3739164627b94f8cf365f9eefddcd3951911,User-agent: * / Disallow: /,candidate_unverified,none,mwbl-ingredient-evidence-filter-v1.1-fresh-kci
kci:methyl_trimethicone:281041f77775e1e0,kci,226,methyl_trimethicone,메틸트라이메티콘,Methyl Trimethicone,Methyl Trimethicone,"[""\""Methyl Trimethicone\"" skin""]",281041f77775e1e0d38789c2f3bd7fe61d5169f9f555cff5d65ce7755ba965a8,mwbl-kci-approved-term-skin-context-v1.1,access_unavailable,,,0,0,0,N,not_run_robots_disallowed,2026-07-13T06:45:49Z,approved_terms_only,N,robots_disallowed,KCI robots.txt disallows / for User-agent: *; search was not requested,https://www.kci.go.kr/robots.txt,2026-07-13T06:45:49Z,d220f330732f1f47afbdd06b61fc3739164627b94f8cf365f9eefddcd3951911,User-agent: * / Disallow: /,candidate_unverified,none,mwbl-ingredient-evidence-filter-v1.1-fresh-kci
kci:butyloctyl_salicylate:dba6aa7b962dc51f,kci,227,butyloctyl_salicylate,부틸옥틸살리실레이트,Butyloctyl Salicylate,Butyloctyl Salicylate,"[""\""Butyloctyl Salicylate\"" skin""]",dba6aa7b962dc51f65856efb0ba2441b8e71b7a3a07da44edcd65f6d3ae68607,mwbl-kci-approved-term-skin-context-v1.1,access_unavailable,,,0,0,0,N,not_run_robots_disallowed,2026-07-13T06:45:49Z,approved_terms_only,N,robots_disallowed,KCI robots.txt disallows / for User-agent: *; search was not requested,https://www.kci.go.kr/robots.txt,2026-07-13T06:45:49Z,d220f330732f1f47afbdd06b61fc3739164627b94f8cf365f9eefddcd3951911,User-agent: * / Disallow: /,candidate_unverified,none,mwbl-ingredient-evidence-filter-v1.1-fresh-kci
kci:iron_oxide_yellow:ea0d339c8841f644,kci,228,iron_oxide_yellow,황색산화철,Iron Oxide Yellow,Iron Oxide Yellow,"[""\""Iron Oxide Yellow\"" skin""]",ea0d339c8841f64432e148d83750d378755e45159f77ac68d568ab19994dda8c,mwbl-kci-approved-term-skin-context-v1.1,access_unavailable,,,0,0,0,N,not_run_robots_disallowed,2026-07-13T06:45:49Z,approved_terms_only,N,robots_disallowed,KCI robots.txt disallows / for User-agent: *; search was not requested,https://www.kci.go.kr/robots.txt,2026-07-13T06:45:49Z,d220f330732f1f47afbdd06b61fc3739164627b94f8cf365f9eefddcd3951911,User-agent: * / Disallow: /,candidate_unverified,none,mwbl-ingredient-evidence-filter-v1.1-fresh-kci
kci:citrus_aurantium_dulcis_orange_peel_oil:e916c21e2d94e2f3,kci,229,citrus_aurantium_dulcis_orange_peel_oil,오렌지껍질오일,Citrus Aurantium Dulcis (Orange) Peel Oil,Citrus Aurantium Dulcis (Orange) Peel Oil,"[""\""Citrus Aurantium Dulcis (Orange) Peel Oil\"" skin""]",e916c21e2d94e2f31fabfe9506f0197618b204604d403d869d1a0ba677040e36,mwbl-kci-approved-term-skin-context-v1.1,access_unavailable,,,0,0,0,N,not_run_robots_disallowed,2026-07-13T06:45:49Z,approved_terms_only,N,robots_disallowed,KCI robots.txt disallows / for User-agent: *; search was not requested,https://www.kci.go.kr/robots.txt,2026-07-13T06:45:49Z,d220f330732f1f47afbdd06b61fc3739164627b94f8cf365f9eefddcd3951911,User-agent: * / Disallow: /,candidate_unverified,none,mwbl-ingredient-evidence-filter-v1.1-fresh-kci
kci:curcuma_longa_turmeric_root_extract:9d1986d3945bb796,kci,230,curcuma_longa_turmeric_root_extract,울금뿌리추출물,Curcuma Longa (Turmeric) Root Extract,Curcuma Longa (Turmeric) Root Extract,"[""\""Curcuma Longa (Turmeric) Root Extract\"" skin""]",9d1986d3945bb79616f221ce29a44eabafd9bf1e159ce0f9b88fcd33496caa3d,mwbl-kci-approved-term-skin-context-v1.1,access_unavailable,,,0,0,0,N,not_run_robots_disallowed,2026-07-13T06:45:49Z,approved_terms_only,N,robots_disallowed,KCI robots.txt disallows / for User-agent: *; search was not requested,https://www.kci.go.kr/robots.txt,2026-07-13T06:45:49Z,d220f330732f1f47afbdd06b61fc3739164627b94f8cf365f9eefddcd3951911,User-agent: * / Disallow: /,candidate_unverified,none,mwbl-ingredient-evidence-filter-v1.1-fresh-kci
kci:bis_diglyceryl_polyacyladipate_2:8aba5ad257e6a623,kci,231,bis_diglyceryl_polyacyladipate_2,비스-다이글리세릴폴리아실아디페이트-2,Bis-Diglyceryl Polyacyladipate-2,Bis-Diglyceryl Polyacyladipate-2,"[""\""Bis-Diglyceryl Polyacyladipate-2\"" skin""]",8aba5ad257e6a623b6ca4d4e8883db07b0dcaa761d8c31fbbaa8a4de63c461f3,mwbl-kci-approved-term-skin-context-v1.1,access_unavailable,,,0,0,0,N,not_run_robots_disallowed,2026-07-13T06:45:49Z,approved_terms_only,N,robots_disallowed,KCI robots.txt disallows / for User-agent: *; search was not requested,https://www.kci.go.kr/robots.txt,2026-07-13T06:45:49Z,d220f330732f1f47afbdd06b61fc3739164627b94f8cf365f9eefddcd3951911,User-agent: * / Disallow: /,candidate_unverified,none,mwbl-ingredient-evidence-filter-v1.1-fresh-kci
kci:alcohol_denat:68642456229c4bfb,kci,232,alcohol_denat,변성알코올,Alcohol Denat.,Alcohol Denat.,"[""\""Alcohol Denat.\"" skin""]",68642456229c4bfb517953dc5a70d195a295e4e0294264d13c0d082d282c2498,mwbl-kci-approved-term-skin-context-v1.1,access_unavailable,,,0,0,0,N,not_run_robots_disallowed,2026-07-13T06:45:49Z,approved_terms_only,N,robots_disallowed,KCI robots.txt disallows / for User-agent: *; search was not requested,https://www.kci.go.kr/robots.txt,2026-07-13T06:45:49Z,d220f330732f1f47afbdd06b61fc3739164627b94f8cf365f9eefddcd3951911,User-agent: * / Disallow: /,candidate_unverified,none,mwbl-ingredient-evidence-filter-v1.1-fresh-kci
kci:talc:9b5235b6c44ca872,kci,233,talc,탤크,Talc,Talc,"[""\""Talc\"" skin""]",9b5235b6c44ca8724f06a12357bcb58a902c9ece58fa9fe8b72a6e4002559ed9,mwbl-kci-approved-term-skin-context-v1.1,access_unavailable,,,0,0,0,N,not_run_robots_disallowed,2026-07-13T06:45:49Z,approved_terms_only,N,robots_disallowed,KCI robots.txt disallows / for User-agent: *; search was not requested,https://www.kci.go.kr/robots.txt,2026-07-13T06:45:49Z,d220f330732f1f47afbdd06b61fc3739164627b94f8cf365f9eefddcd3951911,User-agent: * / Disallow: /,candidate_unverified,none,mwbl-ingredient-evidence-filter-v1.1-fresh-kci
kci:trihydroxystearin:df6e198ec28e5144,kci,234,trihydroxystearin,트라이하이드록시스테아린,Trihydroxystearin,Trihydroxystearin,"[""\""Trihydroxystearin\"" skin""]",df6e198ec28e514487d5c1eab91402de23af550c45cb42c1cee7fc2860350d26,mwbl-kci-approved-term-skin-context-v1.1,access_unavailable,,,0,0,0,N,not_run_robots_disallowed,2026-07-13T06:45:49Z,approved_terms_only,N,robots_disallowed,KCI robots.txt disallows / for User-agent: *; search was not requested,https://www.kci.go.kr/robots.txt,2026-07-13T06:45:49Z,d220f330732f1f47afbdd06b61fc3739164627b94f8cf365f9eefddcd3951911,User-agent: * / Disallow: /,candidate_unverified,none,mwbl-ingredient-evidence-filter-v1.1-fresh-kci
kci:sodium_hyaluronate_crosspolymer:9c14ea2fda253ae7,kci,235,sodium_hyaluronate_crosspolymer,소듐하이알루로네이트크로스폴리머,Sodium Hyaluronate Crosspolymer,Sodium Hyaluronate Crosspolymer,"[""\""Sodium Hyaluronate Crosspolymer\"" skin""]",9c14ea2fda253ae7279d710e1db63b2f9034437292758cded95b7e7f1cac6e9c,mwbl-kci-approved-term-skin-context-v1.1,access_unavailable,,,0,0,0,N,not_run_robots_disallowed,2026-07-13T06:45:49Z,approved_terms_only,N,robots_disallowed,KCI robots.txt disallows / for User-agent: *; search was not requested,https://www.kci.go.kr/robots.txt,2026-07-13T06:45:49Z,d220f330732f1f47afbdd06b61fc3739164627b94f8cf365f9eefddcd3951911,User-agent: * / Disallow: /,candidate_unverified,none,mwbl-ingredient-evidence-filter-v1.1-fresh-kci
kci:saccharide_isomerate:48bfd61cd8819906,kci,236,saccharide_isomerate,사카라이드아이소머레이트,Saccharide Isomerate,Saccharide Isomerate,"[""\""Saccharide Isomerate\"" skin""]",48bfd61cd881990678f4fcb3c3a0eae6d6421d81bf38e64b63b3fa5e250a0bbd,mwbl-kci-approved-term-skin-context-v1.1,access_unavailable,,,0,0,0,N,not_run_robots_disallowed,2026-07-13T06:45:49Z,approved_terms_only,N,robots_disallowed,KCI robots.txt disallows / for User-agent: *; search was not requested,https://www.kci.go.kr/robots.txt,2026-07-13T06:45:49Z,d220f330732f1f47afbdd06b61fc3739164627b94f8cf365f9eefddcd3951911,User-agent: * / Disallow: /,candidate_unverified,none,mwbl-ingredient-evidence-filter-v1.1-fresh-kci
kci:polyglyceryl_3_diisostearate:f44574860e3bff65,kci,237,polyglyceryl_3_diisostearate,폴리글리세릴-3다이아이소스테아레이트,Polyglyceryl-3 Diisostearate,Polyglyceryl-3 Diisostearate,"[""\""Polyglyceryl-3 Diisostearate\"" skin""]",f44574860e3bff65bdef7aa1b726c41d754bfbce2d7f613a55196884d7717ca1,mwbl-kci-approved-term-skin-context-v1.1,access_unavailable,,,0,0,0,N,not_run_robots_disallowed,2026-07-13T06:45:49Z,approved_terms_only,N,robots_disallowed,KCI robots.txt disallows / for User-agent: *; search was not requested,https://www.kci.go.kr/robots.txt,2026-07-13T06:45:49Z,d220f330732f1f47afbdd06b61fc3739164627b94f8cf365f9eefddcd3951911,User-agent: * / Disallow: /,candidate_unverified,none,mwbl-ingredient-evidence-filter-v1.1-fresh-kci
kci:zinc_stearate:c2cc1cd4a5672c1f,kci,238,zinc_stearate,징크스테아레이트,Zinc Stearate,Zinc Stearate,"[""\""Zinc Stearate\"" skin""]",c2cc1cd4a5672c1fefbf1c9ea2cdc18c46ff988280aac3d910ec81394f022cb3,mwbl-kci-approved-term-skin-context-v1.1,access_unavailable,,,0,0,0,N,not_run_robots_disallowed,2026-07-13T06:45:49Z,approved_terms_only,N,robots_disallowed,KCI robots.txt disallows / for User-agent: *; search was not requested,https://www.kci.go.kr/robots.txt,2026-07-13T06:45:49Z,d220f330732f1f47afbdd06b61fc3739164627b94f8cf365f9eefddcd3951911,User-agent: * / Disallow: /,candidate_unverified,none,mwbl-ingredient-evidence-filter-v1.1-fresh-kci
kci:cellulose:7223ad15f0a949aa,kci,239,cellulose,셀룰로오스,Cellulose,Cellulose,"[""\""Cellulose\"" skin""]",7223ad15f0a949aa1cd7583d316d48fd904b263b8c0e398a9303e7b8db4df9be,mwbl-kci-approved-term-skin-context-v1.1,access_unavailable,,,0,0,0,N,not_run_robots_disallowed,2026-07-13T06:45:49Z,approved_terms_only,N,robots_disallowed,KCI robots.txt disallows / for User-agent: *; search was not requested,https://www.kci.go.kr/robots.txt,2026-07-13T06:45:49Z,d220f330732f1f47afbdd06b61fc3739164627b94f8cf365f9eefddcd3951911,User-agent: * / Disallow: /,candidate_unverified,none,mwbl-ingredient-evidence-filter-v1.1-fresh-kci
kci:tetramethyl_acetyloctahydronaphthalenes:9583e6f4bdf02753,kci,240,tetramethyl_acetyloctahydronaphthalenes,테트라메틸아세틸옥타하이드로나프탈렌,Tetramethyl Acetyloctahydronaphthalenes,Tetramethyl Acetyloctahydronaphthalenes,"[""\""Tetramethyl Acetyloctahydronaphthalenes\"" skin""]",9583e6f4bdf02753a9c7f7ea76e644c16b9ada5e3874c6b666a10a1f743cb606,mwbl-kci-approved-term-skin-context-v1.1,access_unavailable,,,0,0,0,N,not_run_robots_disallowed,2026-07-13T06:45:49Z,approved_terms_only,N,robots_disallowed,KCI robots.txt disallows / for User-agent: *; search was not requested,https://www.kci.go.kr/robots.txt,2026-07-13T06:45:49Z,d220f330732f1f47afbdd06b61fc3739164627b94f8cf365f9eefddcd3951911,User-agent: * / Disallow: /,candidate_unverified,none,mwbl-ingredient-evidence-filter-v1.1-fresh-kci
kci:tribehenin:33757ef5d4c061e8,kci,241,tribehenin,트라이베헤닌,Tribehenin,Tribehenin,"[""\""Tribehenin\"" skin""]",33757ef5d4c061e812df6cca0612c09d15fd95359ba99506919c083f1e0c9b1f,mwbl-kci-approved-term-skin-context-v1.1,access_unavailable,,,0,0,0,N,not_run_robots_disallowed,2026-07-13T06:45:49Z,approved_terms_only,N,robots_disallowed,KCI robots.txt disallows / for User-agent: *; search was not requested,https://www.kci.go.kr/robots.txt,2026-07-13T06:45:49Z,d220f330732f1f47afbdd06b61fc3739164627b94f8cf365f9eefddcd3951911,User-agent: * / Disallow: /,candidate_unverified,none,mwbl-ingredient-evidence-filter-v1.1-fresh-kci
kci:iron_oxide_black:dfe2807d08307c66,kci,242,iron_oxide_black,흑색산화철,Iron Oxide Black,Iron Oxide Black,"[""\""Iron Oxide Black\"" skin""]",dfe2807d08307c669d8f15682910ef7c1e7c0ddc32461d799dcf1f4b349f2732,mwbl-kci-approved-term-skin-context-v1.1,access_unavailable,,,0,0,0,N,not_run_robots_disallowed,2026-07-13T06:45:49Z,approved_terms_only,N,robots_disallowed,KCI robots.txt disallows / for User-agent: *; search was not requested,https://www.kci.go.kr/robots.txt,2026-07-13T06:45:49Z,d220f330732f1f47afbdd06b61fc3739164627b94f8cf365f9eefddcd3951911,User-agent: * / Disallow: /,candidate_unverified,none,mwbl-ingredient-evidence-filter-v1.1-fresh-kci
kci:nylon_12:e9ca041608fa90c1,kci,243,nylon_12,나일론-12,Nylon-12,Nylon-12,"[""\""Nylon-12\"" skin""]",e9ca041608fa90c1a14c97bac624772b6d993925277bd377f4d078914d8cf1a2,mwbl-kci-approved-term-skin-context-v1.1,access_unavailable,,,0,0,0,N,not_run_robots_disallowed,2026-07-13T06:45:49Z,approved_terms_only,N,robots_disallowed,KCI robots.txt disallows / for User-agent: *; search was not requested,https://www.kci.go.kr/robots.txt,2026-07-13T06:45:49Z,d220f330732f1f47afbdd06b61fc3739164627b94f8cf365f9eefddcd3951911,User-agent: * / Disallow: /,candidate_unverified,none,mwbl-ingredient-evidence-filter-v1.1-fresh-kci
kci:calcium_aluminum_borosilicate:38d4ec97a61300d2,kci,244,calcium_aluminum_borosilicate,칼슘알루미늄보로실리케이트,Calcium Aluminum Borosilicate,Calcium Aluminum Borosilicate,"[""\""Calcium Aluminum Borosilicate\"" skin""]",38d4ec97a61300d27b686862220e546fbafd762c9e05aad310fe96551cbe0591,mwbl-kci-approved-term-skin-context-v1.1,access_unavailable,,,0,0,0,N,not_run_robots_disallowed,2026-07-13T06:45:49Z,approved_terms_only,N,robots_disallowed,KCI robots.txt disallows / for User-agent: *; search was not requested,https://www.kci.go.kr/robots.txt,2026-07-13T06:45:49Z,d220f330732f1f47afbdd06b61fc3739164627b94f8cf365f9eefddcd3951911,User-agent: * / Disallow: /,candidate_unverified,none,mwbl-ingredient-evidence-filter-v1.1-fresh-kci
kci:ethylhexyl_salicylate:68d9b30f2b742f52,kci,245,ethylhexyl_salicylate,에칠헥실살리실레이트,Ethylhexyl Salicylate,Ethylhexyl Salicylate,"[""\""Ethylhexyl Salicylate\"" skin""]",68d9b30f2b742f52da7c5bfe3d0847edc1c9c3f1721fa20bb281e00942da838a,mwbl-kci-approved-term-skin-context-v1.1,access_unavailable,,,0,0,0,N,not_run_robots_disallowed,2026-07-13T06:45:49Z,approved_terms_only,N,robots_disallowed,KCI robots.txt disallows / for User-agent: *; search was not requested,https://www.kci.go.kr/robots.txt,2026-07-13T06:45:49Z,d220f330732f1f47afbdd06b61fc3739164627b94f8cf365f9eefddcd3951911,User-agent: * / Disallow: /,candidate_unverified,none,mwbl-ingredient-evidence-filter-v1.1-fresh-kci
kci:hydrogenated_polydecene:12d0618a4ecd0be7,kci,246,hydrogenated_polydecene,하이드로제네이티드폴리데센,Hydrogenated Polydecene,Hydrogenated Polydecene,"[""\""Hydrogenated Polydecene\"" skin""]",12d0618a4ecd0be7eabf1f2c001d8c0891cedf082aae79c62ceb8a8dc83c0541,mwbl-kci-approved-term-skin-context-v1.1,access_unavailable,,,0,0,0,N,not_run_robots_disallowed,2026-07-13T06:45:49Z,approved_terms_only,N,robots_disallowed,KCI robots.txt disallows / for User-agent: *; search was not requested,https://www.kci.go.kr/robots.txt,2026-07-13T06:45:49Z,d220f330732f1f47afbdd06b61fc3739164627b94f8cf365f9eefddcd3951911,User-agent: * / Disallow: /,candidate_unverified,none,mwbl-ingredient-evidence-filter-v1.1-fresh-kci
kci:sodium_cocoyl_isethionate:1f1a382e77da1c87,kci,247,sodium_cocoyl_isethionate,소듐코코일이세티오네이트,Sodium Cocoyl Isethionate,Sodium Cocoyl Isethionate,"[""\""Sodium Cocoyl Isethionate\"" skin""]",1f1a382e77da1c87e87a312bac669009c762b1ecb9c05f64975ec72f5acdb386,mwbl-kci-approved-term-skin-context-v1.1,access_unavailable,,,0,0,0,N,not_run_robots_disallowed,2026-07-13T06:45:49Z,approved_terms_only,N,robots_disallowed,KCI robots.txt disallows / for User-agent: *; search was not requested,https://www.kci.go.kr/robots.txt,2026-07-13T06:45:49Z,d220f330732f1f47afbdd06b61fc3739164627b94f8cf365f9eefddcd3951911,User-agent: * / Disallow: /,candidate_unverified,none,mwbl-ingredient-evidence-filter-v1.1-fresh-kci
kci:sodium_acetylated_hyaluronate:ce6b96461821ba2d,kci,248,sodium_acetylated_hyaluronate,소듐아세틸레이티드하이알루로네이트,Sodium Acetylated Hyaluronate,Sodium Acetylated Hyaluronate,"[""\""Sodium Acetylated Hyaluronate\"" skin""]",ce6b96461821ba2dc4e524f156687fb107e191cf7024384f413c95c8628c5f21,mwbl-kci-approved-term-skin-context-v1.1,access_unavailable,,,0,0,0,N,not_run_robots_disallowed,2026-07-13T06:45:49Z,approved_terms_only,N,robots_disallowed,KCI robots.txt disallows / for User-agent: *; search was not requested,https://www.kci.go.kr/robots.txt,2026-07-13T06:45:49Z,d220f330732f1f47afbdd06b61fc3739164627b94f8cf365f9eefddcd3951911,User-agent: * / Disallow: /,candidate_unverified,none,mwbl-ingredient-evidence-filter-v1.1-fresh-kci
kci:sodium_phosphate:b26d59fd06b58453,kci,249,sodium_phosphate,소듐포스페이트,Sodium Phosphate,Sodium Phosphate,"[""\""Sodium Phosphate\"" skin""]",b26d59fd06b58453a103c7986b57f928f81e6055e3cefc5af90526f3c8282b81,mwbl-kci-approved-term-skin-context-v1.1,access_unavailable,,,0,0,0,N,not_run_robots_disallowed,2026-07-13T06:45:49Z,approved_terms_only,N,robots_disallowed,KCI robots.txt disallows / for User-agent: *; search was not requested,https://www.kci.go.kr/robots.txt,2026-07-13T06:45:49Z,d220f330732f1f47afbdd06b61fc3739164627b94f8cf365f9eefddcd3951911,User-agent: * / Disallow: /,candidate_unverified,none,mwbl-ingredient-evidence-filter-v1.1-fresh-kci
kci:melia_azadirachta_leaf_extract:0f5b7411a230ebb4,kci,250,melia_azadirachta_leaf_extract,인도멀구슬나무잎추출물,Melia Azadirachta Leaf Extract,Melia Azadirachta Leaf Extract,"[""\""Melia Azadirachta Leaf Extract\"" skin""]",0f5b7411a230ebb49d833f0cc0c9d5879e54535331fffacd180c6c764a561b94,mwbl-kci-approved-term-skin-context-v1.1,access_unavailable,,,0,0,0,N,not_run_robots_disallowed,2026-07-13T06:45:49Z,approved_terms_only,N,robots_disallowed,KCI robots.txt disallows / for User-agent: *; search was not requested,https://www.kci.go.kr/robots.txt,2026-07-13T06:45:49Z,d220f330732f1f47afbdd06b61fc3739164627b94f8cf365f9eefddcd3951911,User-agent: * / Disallow: /,candidate_unverified,none,mwbl-ingredient-evidence-filter-v1.1-fresh-kci
kci:polyisobutene:1f56add974837ee5,kci,251,polyisobutene,폴리아이소부텐,Polyisobutene,Polyisobutene,"[""\""Polyisobutene\"" skin""]",1f56add974837ee505d1a33a1b67a6821421ed1c73816f2907f33183685f072a,mwbl-kci-approved-term-skin-context-v1.1,access_unavailable,,,0,0,0,N,not_run_robots_disallowed,2026-07-13T06:45:49Z,approved_terms_only,N,robots_disallowed,KCI robots.txt disallows / for User-agent: *; search was not requested,https://www.kci.go.kr/robots.txt,2026-07-13T06:45:49Z,d220f330732f1f47afbdd06b61fc3739164627b94f8cf365f9eefddcd3951911,User-agent: * / Disallow: /,candidate_unverified,none,mwbl-ingredient-evidence-filter-v1.1-fresh-kci
kci:asiatic_acid:3dfaff111ed0205f,kci,252,asiatic_acid,아시아틱애씨드,Asiatic Acid,Asiatic Acid,"[""\""Asiatic Acid\"" skin""]",3dfaff111ed0205f8e0cbe74628474f4f539e26763860e1f78574ab2486fe198,mwbl-kci-approved-term-skin-context-v1.1,access_unavailable,,,0,0,0,N,not_run_robots_disallowed,2026-07-13T06:45:49Z,approved_terms_only,N,robots_disallowed,KCI robots.txt disallows / for User-agent: *; search was not requested,https://www.kci.go.kr/robots.txt,2026-07-13T06:45:49Z,d220f330732f1f47afbdd06b61fc3739164627b94f8cf365f9eefddcd3951911,User-agent: * / Disallow: /,candidate_unverified,none,mwbl-ingredient-evidence-filter-v1.1-fresh-kci
kci:rosmarinus_officinalis_rosemary_leaf_oil:c3cded98dfb0d1b2,kci,253,rosmarinus_officinalis_rosemary_leaf_oil,로즈마리잎오일,Rosmarinus Officinalis (Rosemary) Leaf Oil,Rosmarinus Officinalis (Rosemary) Leaf Oil,"[""\""Rosmarinus Officinalis (Rosemary) Leaf Oil\"" skin""]",c3cded98dfb0d1b22d55577a456a0f5935b0ab187b03169b63396aa69d3c0d0f,mwbl-kci-approved-term-skin-context-v1.1,access_unavailable,,,0,0,0,N,not_run_robots_disallowed,2026-07-13T06:45:49Z,approved_terms_only,N,robots_disallowed,KCI robots.txt disallows / for User-agent: *; search was not requested,https://www.kci.go.kr/robots.txt,2026-07-13T06:45:49Z,d220f330732f1f47afbdd06b61fc3739164627b94f8cf365f9eefddcd3951911,User-agent: * / Disallow: /,candidate_unverified,none,mwbl-ingredient-evidence-filter-v1.1-fresh-kci
kci:citrus_aurantium_bergamia_bergamot_fruit_oil:2e3ef4c93acf7a59,kci,254,citrus_aurantium_bergamia_bergamot_fruit_oil,베르가모트오일,Citrus Aurantium Bergamia (Bergamot) Fruit Oil,Citrus Aurantium Bergamia (Bergamot) Fruit Oil,"[""\""Citrus Aurantium Bergamia (Bergamot) Fruit Oil\"" skin""]",2e3ef4c93acf7a594cf8ad688406692b7528964fbdb99d66a2ae653522688f5b,mwbl-kci-approved-term-skin-context-v1.1,access_unavailable,,,0,0,0,N,not_run_robots_disallowed,2026-07-13T06:45:49Z,approved_terms_only,N,robots_disallowed,KCI robots.txt disallows / for User-agent: *; search was not requested,https://www.kci.go.kr/robots.txt,2026-07-13T06:45:49Z,d220f330732f1f47afbdd06b61fc3739164627b94f8cf365f9eefddcd3951911,User-agent: * / Disallow: /,candidate_unverified,none,mwbl-ingredient-evidence-filter-v1.1-fresh-kci
kci:laureth_7:40b59556ba2ffee1,kci,255,laureth_7,라우레스-7,Laureth-7,Laureth-7,"[""\""Laureth-7\"" skin""]",40b59556ba2ffee1a40af7df5d14f3806d46e89f1c4d3031646ff8e2a368f4a6,mwbl-kci-approved-term-skin-context-v1.1,access_unavailable,,,0,0,0,N,not_run_robots_disallowed,2026-07-13T06:45:49Z,approved_terms_only,N,robots_disallowed,KCI robots.txt disallows / for User-agent: *; search was not requested,https://www.kci.go.kr/robots.txt,2026-07-13T06:45:49Z,d220f330732f1f47afbdd06b61fc3739164627b94f8cf365f9eefddcd3951911,User-agent: * / Disallow: /,candidate_unverified,none,mwbl-ingredient-evidence-filter-v1.1-fresh-kci
kci:limnanthes_alba_meadowfoam_seed_oil:1c16e3e40fb8278c,kci,256,limnanthes_alba_meadowfoam_seed_oil,메도우폼씨오일,Limnanthes Alba (Meadowfoam) Seed Oil,Limnanthes Alba (Meadowfoam) Seed Oil,"[""\""Limnanthes Alba (Meadowfoam) Seed Oil\"" skin""]",1c16e3e40fb8278c7b7bb106e88072e66a74ad7291b034ca79630056a74ddbfc,mwbl-kci-approved-term-skin-context-v1.1,access_unavailable,,,0,0,0,N,not_run_robots_disallowed,2026-07-13T06:45:49Z,approved_terms_only,N,robots_disallowed,KCI robots.txt disallows / for User-agent: *; search was not requested,https://www.kci.go.kr/robots.txt,2026-07-13T06:45:49Z,d220f330732f1f47afbdd06b61fc3739164627b94f8cf365f9eefddcd3951911,User-agent: * / Disallow: /,candidate_unverified,none,mwbl-ingredient-evidence-filter-v1.1-fresh-kci
kci:madecassic_acid:03a5f74ac31b2138,kci,257,madecassic_acid,마데카식애씨드,Madecassic Acid,Madecassic Acid,"[""\""Madecassic Acid\"" skin""]",03a5f74ac31b213831c85127e2fcc6659f15cf07edbf6693d46394b6c47a1e6f,mwbl-kci-approved-term-skin-context-v1.1,access_unavailable,,,0,0,0,N,not_run_robots_disallowed,2026-07-13T06:45:49Z,approved_terms_only,N,robots_disallowed,KCI robots.txt disallows / for User-agent: *; search was not requested,https://www.kci.go.kr/robots.txt,2026-07-13T06:45:49Z,d220f330732f1f47afbdd06b61fc3739164627b94f8cf365f9eefddcd3951911,User-agent: * / Disallow: /,candidate_unverified,none,mwbl-ingredient-evidence-filter-v1.1-fresh-kci
kci:methylparaben:e335f94289e8aeed,kci,258,methylparaben,메틸파라벤,Methylparaben,Methylparaben,"[""\""Methylparaben\"" skin""]",e335f94289e8aeed2f874192816b41375518578d38055bc7f2aaca6a698084b9,mwbl-kci-approved-term-skin-context-v1.1,access_unavailable,,,0,0,0,N,not_run_robots_disallowed,2026-07-13T06:45:49Z,approved_terms_only,N,robots_disallowed,KCI robots.txt disallows / for User-agent: *; search was not requested,https://www.kci.go.kr/robots.txt,2026-07-13T06:45:49Z,d220f330732f1f47afbdd06b61fc3739164627b94f8cf365f9eefddcd3951911,User-agent: * / Disallow: /,candidate_unverified,none,mwbl-ingredient-evidence-filter-v1.1-fresh-kci
kci:trideceth_12:ac3fb501d06211a6,kci,259,trideceth_12,트라이데세스-12,Trideceth-12,Trideceth-12,"[""\""Trideceth-12\"" skin""]",ac3fb501d06211a673604ca19b1380acf2a071de7d68dc4c8ba89049b56cd08c,mwbl-kci-approved-term-skin-context-v1.1,access_unavailable,,,0,0,0,N,not_run_robots_disallowed,2026-07-13T06:45:49Z,approved_terms_only,N,robots_disallowed,KCI robots.txt disallows / for User-agent: *; search was not requested,https://www.kci.go.kr/robots.txt,2026-07-13T06:45:49Z,d220f330732f1f47afbdd06b61fc3739164627b94f8cf365f9eefddcd3951911,User-agent: * / Disallow: /,candidate_unverified,none,mwbl-ingredient-evidence-filter-v1.1-fresh-kci
kci:amyl_cinnamal:1b36e5ef9c368565,kci,260,amyl_cinnamal,아밀신남알,Amyl Cinnamal,Amyl Cinnamal,"[""\""Amyl Cinnamal\"" skin""]",1b36e5ef9c368565e6598dad5a7ab1189d3d209fc2472a9c4e728b0b0451b033,mwbl-kci-approved-term-skin-context-v1.1,access_unavailable,,,0,0,0,N,not_run_robots_disallowed,2026-07-13T06:45:49Z,approved_terms_only,N,robots_disallowed,KCI robots.txt disallows / for User-agent: *; search was not requested,https://www.kci.go.kr/robots.txt,2026-07-13T06:45:49Z,d220f330732f1f47afbdd06b61fc3739164627b94f8cf365f9eefddcd3951911,User-agent: * / Disallow: /,candidate_unverified,none,mwbl-ingredient-evidence-filter-v1.1-fresh-kci
kci:sodium_metabisulfite:658e1c9472356bac,kci,261,sodium_metabisulfite,소듐메타바이설파이트,Sodium Metabisulfite,Sodium Metabisulfite,"[""\""Sodium Metabisulfite\"" skin""]",658e1c9472356bac120f5ec50954a871e8e04ad3b2d17555e53999e60ab869f7,mwbl-kci-approved-term-skin-context-v1.1,access_unavailable,,,0,0,0,N,not_run_robots_disallowed,2026-07-13T06:45:49Z,approved_terms_only,N,robots_disallowed,KCI robots.txt disallows / for User-agent: *; search was not requested,https://www.kci.go.kr/robots.txt,2026-07-13T06:45:49Z,d220f330732f1f47afbdd06b61fc3739164627b94f8cf365f9eefddcd3951911,User-agent: * / Disallow: /,candidate_unverified,none,mwbl-ingredient-evidence-filter-v1.1-fresh-kci
kci:lysine:3c15817511bc7968,kci,262,lysine,라이신,Lysine,Lysine,"[""\""Lysine\"" skin""]",3c15817511bc796817adbe7e1e8fc8b8178598ec37f9a45ec086906e90c5f83f,mwbl-kci-approved-term-skin-context-v1.1,access_unavailable,,,0,0,0,N,not_run_robots_disallowed,2026-07-13T06:45:49Z,approved_terms_only,N,robots_disallowed,KCI robots.txt disallows / for User-agent: *; search was not requested,https://www.kci.go.kr/robots.txt,2026-07-13T06:45:49Z,d220f330732f1f47afbdd06b61fc3739164627b94f8cf365f9eefddcd3951911,User-agent: * / Disallow: /,candidate_unverified,none,mwbl-ingredient-evidence-filter-v1.1-fresh-kci
kci:silica_silylate:a6a147bf67fda97f,kci,263,silica_silylate,실리카실릴레이트,Silica Silylate,Silica Silylate,"[""\""Silica Silylate\"" skin""]",a6a147bf67fda97fa0085c6d6535a74a55cb525afff394c07412b5b9ae94caa0,mwbl-kci-approved-term-skin-context-v1.1,access_unavailable,,,0,0,0,N,not_run_robots_disallowed,2026-07-13T06:45:49Z,approved_terms_only,N,robots_disallowed,KCI robots.txt disallows / for User-agent: *; search was not requested,https://www.kci.go.kr/robots.txt,2026-07-13T06:45:49Z,d220f330732f1f47afbdd06b61fc3739164627b94f8cf365f9eefddcd3951911,User-agent: * / Disallow: /,candidate_unverified,none,mwbl-ingredient-evidence-filter-v1.1-fresh-kci
kci:lauryl_peg_9_polydimethylsiloxyethyl_dimethicone:98fad48c3b778775,kci,264,lauryl_peg_9_polydimethylsiloxyethyl_dimethicone,라우릴피이지-9폴리다이메틸실록시에틸다이메티콘,Lauryl PEG-9 Polydimethylsiloxyethyl Dimethicone,Lauryl PEG-9 Polydimethylsiloxyethyl Dimethicone,"[""\""Lauryl PEG-9 Polydimethylsiloxyethyl Dimethicone\"" skin""]",98fad48c3b7787757ed8f3fab09f9bc9884cd7bbb4659886dc4bb7d4f5e92db1,mwbl-kci-approved-term-skin-context-v1.1,access_unavailable,,,0,0,0,N,not_run_robots_disallowed,2026-07-13T06:45:49Z,approved_terms_only,N,robots_disallowed,KCI robots.txt disallows / for User-agent: *; search was not requested,https://www.kci.go.kr/robots.txt,2026-07-13T06:45:49Z,d220f330732f1f47afbdd06b61fc3739164627b94f8cf365f9eefddcd3951911,User-agent: * / Disallow: /,candidate_unverified,none,mwbl-ingredient-evidence-filter-v1.1-fresh-kci
kci:triethylhexanoin:c451dd7cd164b856,kci,266,triethylhexanoin,트라이에틸헥사노인,Triethylhexanoin,Triethylhexanoin,"[""\""Triethylhexanoin\"" skin""]",c451dd7cd164b8568e122607a49bfbc2f7428b096a8a3c02a1147a3d1eae0f2d,mwbl-kci-approved-term-skin-context-v1.1,access_unavailable,,,0,0,0,N,not_run_robots_disallowed,2026-07-13T06:45:49Z,approved_terms_only,N,robots_disallowed,KCI robots.txt disallows / for User-agent: *; search was not requested,https://www.kci.go.kr/robots.txt,2026-07-13T06:45:49Z,d220f330732f1f47afbdd06b61fc3739164627b94f8cf365f9eefddcd3951911,User-agent: * / Disallow: /,candidate_unverified,none,mwbl-ingredient-evidence-filter-v1.1-fresh-kci
kci:citrus_limon_lemon_peel_oil:20c90004d3ea1084,kci,267,citrus_limon_lemon_peel_oil,레몬껍질오일,Citrus Limon (Lemon) Peel Oil,Citrus Limon (Lemon) Peel Oil|Citrus Medica Limonum (Lemon) Peel Oil,"[""\""Citrus Limon (Lemon) Peel Oil\"" skin"",""\""Citrus Medica Limonum (Lemon) Peel Oil\"" skin""]",20c90004d3ea108447cddde7041757616f12408afee25d1e4cbd3477d761290a,mwbl-kci-approved-term-skin-context-v1.1,access_unavailable,,,0,0,0,N,not_run_robots_disallowed,2026-07-13T06:45:49Z,approved_terms_only,N,robots_disallowed,KCI robots.txt disallows / for User-agent: *; search was not requested,https://www.kci.go.kr/robots.txt,2026-07-13T06:45:49Z,d220f330732f1f47afbdd06b61fc3739164627b94f8cf365f9eefddcd3951911,User-agent: * / Disallow: /,candidate_unverified,none,mwbl-ingredient-evidence-filter-v1.1-fresh-kci
kci:cetearyl_glucoside:9eea94870deb7514,kci,268,cetearyl_glucoside,세테아릴글루코사이드,Cetearyl Glucoside,Cetearyl Glucoside,"[""\""Cetearyl Glucoside\"" skin""]",9eea94870deb7514dcfea55b7e7790e32547c71ab8ca9e4ce0e78d8887096e47,mwbl-kci-approved-term-skin-context-v1.1,access_unavailable,,,0,0,0,N,not_run_robots_disallowed,2026-07-13T06:45:49Z,approved_terms_only,N,robots_disallowed,KCI robots.txt disallows / for User-agent: *; search was not requested,https://www.kci.go.kr/robots.txt,2026-07-13T06:45:49Z,d220f330732f1f47afbdd06b61fc3739164627b94f8cf365f9eefddcd3951911,User-agent: * / Disallow: /,candidate_unverified,none,mwbl-ingredient-evidence-filter-v1.1-fresh-kci
kci:hydrolyzed_rice_protein:78cc4b14ec648064,kci,269,hydrolyzed_rice_protein,하이드롤라이즈드쌀단백질,Hydrolyzed Rice Protein,Hydrolyzed Rice Protein,"[""\""Hydrolyzed Rice Protein\"" skin""]",78cc4b14ec6480642cdc80de84fe1e93005ada6115245fd7fde277b1bc562985,mwbl-kci-approved-term-skin-context-v1.1,access_unavailable,,,0,0,0,N,not_run_robots_disallowed,2026-07-13T06:45:49Z,approved_terms_only,N,robots_disallowed,KCI robots.txt disallows / for User-agent: *; search was not requested,https://www.kci.go.kr/robots.txt,2026-07-13T06:45:49Z,d220f330732f1f47afbdd06b61fc3739164627b94f8cf365f9eefddcd3951911,User-agent: * / Disallow: /,candidate_unverified,none,mwbl-ingredient-evidence-filter-v1.1-fresh-kci
kci:butyl_methoxydibenzoylmethane:3e65aada9acdb341,kci,270,butyl_methoxydibenzoylmethane,부틸메톡시디벤조일메탄,Butyl Methoxydibenzoylmethane,Butyl Methoxydibenzoylmethane,"[""\""Butyl Methoxydibenzoylmethane\"" skin""]",3e65aada9acdb341866cbfde3a495159f24a046be152d735ac0aa4834b538497,mwbl-kci-approved-term-skin-context-v1.1,access_unavailable,,,0,0,0,N,not_run_robots_disallowed,2026-07-13T06:45:49Z,approved_terms_only,N,robots_disallowed,KCI robots.txt disallows / for User-agent: *; search was not requested,https://www.kci.go.kr/robots.txt,2026-07-13T06:45:49Z,d220f330732f1f47afbdd06b61fc3739164627b94f8cf365f9eefddcd3951911,User-agent: * / Disallow: /,candidate_unverified,none,mwbl-ingredient-evidence-filter-v1.1-fresh-kci
kci:behentrimonium_methosulfate:69483169e9a6b887,kci,271,behentrimonium_methosulfate,베헨트라이모늄메토설페이트,Behentrimonium Methosulfate,Behentrimonium Methosulfate,"[""\""Behentrimonium Methosulfate\"" skin""]",69483169e9a6b88733f879d7157794df68c34b78e2c1c9ce04a66aad74320e5e,mwbl-kci-approved-term-skin-context-v1.1,access_unavailable,,,0,0,0,N,not_run_robots_disallowed,2026-07-13T06:45:49Z,approved_terms_only,N,robots_disallowed,KCI robots.txt disallows / for User-agent: *; search was not requested,https://www.kci.go.kr/robots.txt,2026-07-13T06:45:49Z,d220f330732f1f47afbdd06b61fc3739164627b94f8cf365f9eefddcd3951911,User-agent: * / Disallow: /,candidate_unverified,none,mwbl-ingredient-evidence-filter-v1.1-fresh-kci
kci:tetrahexyldecyl_ascorbate:7d401ca9dff09586,kci,272,tetrahexyldecyl_ascorbate,테트라헥실데실아스코베이트,Tetrahexyldecyl Ascorbate,Tetrahexyldecyl Ascorbate,"[""\""Tetrahexyldecyl Ascorbate\"" skin""]",7d401ca9dff09586b5a81938537bdf3fca49fe6c8272464c385c4c7da7dc96b2,mwbl-kci-approved-term-skin-context-v1.1,access_unavailable,,,0,0,0,N,not_run_robots_disallowed,2026-07-13T06:45:49Z,approved_terms_only,N,robots_disallowed,KCI robots.txt disallows / for User-agent: *; search was not requested,https://www.kci.go.kr/robots.txt,2026-07-13T06:45:49Z,d220f330732f1f47afbdd06b61fc3739164627b94f8cf365f9eefddcd3951911,User-agent: * / Disallow: /,candidate_unverified,none,mwbl-ingredient-evidence-filter-v1.1-fresh-kci
kci:vanillin:f06de93b9e0455be,kci,273,vanillin,바닐린,Vanillin,Vanillin,"[""\""Vanillin\"" skin""]",f06de93b9e0455bee0dece1ddcd724bc9adb3b59fe9e21c4fd3c6ad742fd8aa6,mwbl-kci-approved-term-skin-context-v1.1,access_unavailable,,,0,0,0,N,not_run_robots_disallowed,2026-07-13T06:45:49Z,approved_terms_only,N,robots_disallowed,KCI robots.txt disallows / for User-agent: *; search was not requested,https://www.kci.go.kr/robots.txt,2026-07-13T06:45:49Z,d220f330732f1f47afbdd06b61fc3739164627b94f8cf365f9eefddcd3951911,User-agent: * / Disallow: /,candidate_unverified,none,mwbl-ingredient-evidence-filter-v1.1-fresh-kci
kci:hydrolyzed_soy_protein:60dfc0a88ddddb17,kci,274,hydrolyzed_soy_protein,하이드롤라이즈드콩단백질,Hydrolyzed Soy Protein,Hydrolyzed Soy Protein,"[""\""Hydrolyzed Soy Protein\"" skin""]",60dfc0a88ddddb174d6485f419e223142a13dc51df219ebebb9fa335c12cdeb8,mwbl-kci-approved-term-skin-context-v1.1,access_unavailable,,,0,0,0,N,not_run_robots_disallowed,2026-07-13T06:45:49Z,approved_terms_only,N,robots_disallowed,KCI robots.txt disallows / for User-agent: *; search was not requested,https://www.kci.go.kr/robots.txt,2026-07-13T06:45:49Z,d220f330732f1f47afbdd06b61fc3739164627b94f8cf365f9eefddcd3951911,User-agent: * / Disallow: /,candidate_unverified,none,mwbl-ingredient-evidence-filter-v1.1-fresh-kci
kci:coco_betaine:646c41409cb73f61,kci,275,coco_betaine,코코-베타인,Coco-Betaine,Coco-Betaine,"[""\""Coco-Betaine\"" skin""]",646c41409cb73f61460a308f7b08f6a4a397615af819ac6db7b1a144897a6306,mwbl-kci-approved-term-skin-context-v1.1,access_unavailable,,,0,0,0,N,not_run_robots_disallowed,2026-07-13T06:45:49Z,approved_terms_only,N,robots_disallowed,KCI robots.txt disallows / for User-agent: *; search was not requested,https://www.kci.go.kr/robots.txt,2026-07-13T06:45:49Z,d220f330732f1f47afbdd06b61fc3739164627b94f8cf365f9eefddcd3951911,User-agent: * / Disallow: /,candidate_unverified,none,mwbl-ingredient-evidence-filter-v1.1-fresh-kci
kci:hdi_trimethylol_hexyllactone_crosspolymer:eff0ffd3a100f2ef,kci,276,hdi_trimethylol_hexyllactone_crosspolymer,에이치디아이/트라이메틸올헥실락톤크로스폴리머,HDI/Trimethylol Hexyllactone Crosspolymer,HDI/Trimethylol Hexyllactone Crosspolymer,"[""\""HDI/Trimethylol Hexyllactone Crosspolymer\"" skin""]",eff0ffd3a100f2ef09a2c93354d8eef1b222de31d310d925dd9709264582f71d,mwbl-kci-approved-term-skin-context-v1.1,access_unavailable,,,0,0,0,N,not_run_robots_disallowed,2026-07-13T06:45:49Z,approved_terms_only,N,robots_disallowed,KCI robots.txt disallows / for User-agent: *; search was not requested,https://www.kci.go.kr/robots.txt,2026-07-13T06:45:49Z,d220f330732f1f47afbdd06b61fc3739164627b94f8cf365f9eefddcd3951911,User-agent: * / Disallow: /,candidate_unverified,none,mwbl-ingredient-evidence-filter-v1.1-fresh-kci
kci:octyldodecyl_stearoyl_stearate:f415207bee0156ad,kci,277,octyldodecyl_stearoyl_stearate,옥틸도데실스테아로일스테아레이트,Octyldodecyl Stearoyl Stearate,Octyldodecyl Stearoyl Stearate,"[""\""Octyldodecyl Stearoyl Stearate\"" skin""]",f415207bee0156ad5aded0d5eff0535d7df9995fdd6a8dd1daa3521772ec25f7,mwbl-kci-approved-term-skin-context-v1.1,access_unavailable,,,0,0,0,N,not_run_robots_disallowed,2026-07-13T06:45:49Z,approved_terms_only,N,robots_disallowed,KCI robots.txt disallows / for User-agent: *; search was not requested,https://www.kci.go.kr/robots.txt,2026-07-13T06:45:49Z,d220f330732f1f47afbdd06b61fc3739164627b94f8cf365f9eefddcd3951911,User-agent: * / Disallow: /,candidate_unverified,none,mwbl-ingredient-evidence-filter-v1.1-fresh-kci
kci:melia_azadirachta_flower_extract:475d407757d12c38,kci,278,melia_azadirachta_flower_extract,인도멀구슬나무꽃추출물,Melia Azadirachta Flower Extract,Melia Azadirachta Flower Extract,"[""\""Melia Azadirachta Flower Extract\"" skin""]",475d407757d12c387ba44dc38e025362f2faad680fdfa018244ad72347f617e7,mwbl-kci-approved-term-skin-context-v1.1,access_unavailable,,,0,0,0,N,not_run_robots_disallowed,2026-07-13T06:45:49Z,approved_terms_only,N,robots_disallowed,KCI robots.txt disallows / for User-agent: *; search was not requested,https://www.kci.go.kr/robots.txt,2026-07-13T06:45:49Z,d220f330732f1f47afbdd06b61fc3739164627b94f8cf365f9eefddcd3951911,User-agent: * / Disallow: /,candidate_unverified,none,mwbl-ingredient-evidence-filter-v1.1-fresh-kci
kci:polybutene:4406e34cef33bdaa,kci,279,polybutene,폴리부텐,Polybutene,Polybutene,"[""\""Polybutene\"" skin""]",4406e34cef33bdaa04873efb8bfa5498fb6f39becdba3784d92c7ab29b86264f,mwbl-kci-approved-term-skin-context-v1.1,access_unavailable,,,0,0,0,N,not_run_robots_disallowed,2026-07-13T06:45:49Z,approved_terms_only,N,robots_disallowed,KCI robots.txt disallows / for User-agent: *; search was not requested,https://www.kci.go.kr/robots.txt,2026-07-13T06:45:49Z,d220f330732f1f47afbdd06b61fc3739164627b94f8cf365f9eefddcd3951911,User-agent: * / Disallow: /,candidate_unverified,none,mwbl-ingredient-evidence-filter-v1.1-fresh-kci
kci:stearamidopropyl_dimethylamine:5ea6a819644cf638,kci,280,stearamidopropyl_dimethylamine,스테아라미도프로필다이메틸아민,Stearamidopropyl Dimethylamine,Stearamidopropyl Dimethylamine,"[""\""Stearamidopropyl Dimethylamine\"" skin""]",5ea6a819644cf6388bfd2c058b7b0949549d2e21d3e6d4ee4826dd8f79badba5,mwbl-kci-approved-term-skin-context-v1.1,access_unavailable,,,0,0,0,N,not_run_robots_disallowed,2026-07-13T06:45:49Z,approved_terms_only,N,robots_disallowed,KCI robots.txt disallows / for User-agent: *; search was not requested,https://www.kci.go.kr/robots.txt,2026-07-13T06:45:49Z,d220f330732f1f47afbdd06b61fc3739164627b94f8cf365f9eefddcd3951911,User-agent: * / Disallow: /,candidate_unverified,none,mwbl-ingredient-evidence-filter-v1.1-fresh-kci
kci:carthamus_tinctorius_safflower_seed_oil:e51ec0cb7b56aa5c,kci,281,carthamus_tinctorius_safflower_seed_oil,잇꽃씨오일,Carthamus Tinctorius (Safflower) Seed Oil,Carthamus Tinctorius (Safflower) Seed Oil,"[""\""Carthamus Tinctorius (Safflower) Seed Oil\"" skin""]",e51ec0cb7b56aa5c75ac35d1194391309da3d9e0198c85fefde3b37248ef58da,mwbl-kci-approved-term-skin-context-v1.1,access_unavailable,,,0,0,0,N,not_run_robots_disallowed,2026-07-13T06:45:49Z,approved_terms_only,N,robots_disallowed,KCI robots.txt disallows / for User-agent: *; search was not requested,https://www.kci.go.kr/robots.txt,2026-07-13T06:45:49Z,d220f330732f1f47afbdd06b61fc3739164627b94f8cf365f9eefddcd3951911,User-agent: * / Disallow: /,candidate_unverified,none,mwbl-ingredient-evidence-filter-v1.1-fresh-kci
kci:moringa_oleifera_seed_oil:821de0312b5aad42,kci,282,moringa_oleifera_seed_oil,드럼스틱씨오일,Moringa Oleifera Seed Oil,Moringa Oleifera Seed Oil|Moringa Pterygosperma Seed Oil,"[""\""Moringa Oleifera Seed Oil\"" skin"",""\""Moringa Pterygosperma Seed Oil\"" skin""]",821de0312b5aad42bb16f798fa34296ca62e15b783343a1ea821514b660bbda8,mwbl-kci-approved-term-skin-context-v1.1,access_unavailable,,,0,0,0,N,not_run_robots_disallowed,2026-07-13T06:45:49Z,approved_terms_only,N,robots_disallowed,KCI robots.txt disallows / for User-agent: *; search was not requested,https://www.kci.go.kr/robots.txt,2026-07-13T06:45:49Z,d220f330732f1f47afbdd06b61fc3739164627b94f8cf365f9eefddcd3951911,User-agent: * / Disallow: /,candidate_unverified,none,mwbl-ingredient-evidence-filter-v1.1-fresh-kci
kci:cucumis_sativus_cucumber_fruit_extract:24f2c40e2c8f563b,kci,283,cucumis_sativus_cucumber_fruit_extract,오이열매추출물,Cucumis Sativus (Cucumber) Fruit Extract,Cucumis Sativus (Cucumber) Fruit Extract,"[""\""Cucumis Sativus (Cucumber) Fruit Extract\"" skin""]",24f2c40e2c8f563b9b22dfc3ea4abec2d0b2a928105a28545e0d715bb15cccd5,mwbl-kci-approved-term-skin-context-v1.1,access_unavailable,,,0,0,0,N,not_run_robots_disallowed,2026-07-13T06:45:49Z,approved_terms_only,N,robots_disallowed,KCI robots.txt disallows / for User-agent: *; search was not requested,https://www.kci.go.kr/robots.txt,2026-07-13T06:45:49Z,d220f330732f1f47afbdd06b61fc3739164627b94f8cf365f9eefddcd3951911,User-agent: * / Disallow: /,candidate_unverified,none,mwbl-ingredient-evidence-filter-v1.1-fresh-kci
kci:caprylhydroxamic_acid:cdfc2e882b50bac1,kci,284,caprylhydroxamic_acid,카프릴하이드록사믹애씨드,Caprylhydroxamic Acid,Caprylhydroxamic Acid,"[""\""Caprylhydroxamic Acid\"" skin""]",cdfc2e882b50bac11bcde7f99f747eb5dd25017f2a6e62488f5624932ef45be2,mwbl-kci-approved-term-skin-context-v1.1,access_unavailable,,,0,0,0,N,not_run_robots_disallowed,2026-07-13T06:45:49Z,approved_terms_only,N,robots_disallowed,KCI robots.txt disallows / for User-agent: *; search was not requested,https://www.kci.go.kr/robots.txt,2026-07-13T06:45:49Z,d220f330732f1f47afbdd06b61fc3739164627b94f8cf365f9eefddcd3951911,User-agent: * / Disallow: /,candidate_unverified,none,mwbl-ingredient-evidence-filter-v1.1-fresh-kci
kci:camellia_sinensis_leaf_extract:8ad422b7c062e036,kci,285,camellia_sinensis_leaf_extract,녹차추출물,Camellia Sinensis Leaf Extract,Camellia Sinensis Leaf Extract,"[""\""Camellia Sinensis Leaf Extract\"" skin""]",8ad422b7c062e036e84c1ef9e9edc8b2244702f78196e572e4ad844b3320fa2a,mwbl-kci-approved-term-skin-context-v1.1,access_unavailable,,,0,0,0,N,not_run_robots_disallowed,2026-07-13T06:45:49Z,approved_terms_only,N,robots_disallowed,KCI robots.txt disallows / for User-agent: *; search was not requested,https://www.kci.go.kr/robots.txt,2026-07-13T06:45:49Z,d220f330732f1f47afbdd06b61fc3739164627b94f8cf365f9eefddcd3951911,User-agent: * / Disallow: /,candidate_unverified,none,mwbl-ingredient-evidence-filter-v1.1-fresh-kci
kci:dimethicone_peg_10_15_crosspolymer:3e32a7302bfc79ed,kci,286,dimethicone_peg_10_15_crosspolymer,다이메티콘/피이지-10/15크로스폴리머,Dimethicone/PEG-10/15 Crosspolymer,Dimethicone/PEG-10/15 Crosspolymer,"[""\""Dimethicone/PEG-10/15 Crosspolymer\"" skin""]",3e32a7302bfc79ed683351bd37ca53df4e748de7068e51aeffc4c91acf7b14da,mwbl-kci-approved-term-skin-context-v1.1,access_unavailable,,,0,0,0,N,not_run_robots_disallowed,2026-07-13T06:45:49Z,approved_terms_only,N,robots_disallowed,KCI robots.txt disallows / for User-agent: *; search was not requested,https://www.kci.go.kr/robots.txt,2026-07-13T06:45:49Z,d220f330732f1f47afbdd06b61fc3739164627b94f8cf365f9eefddcd3951911,User-agent: * / Disallow: /,candidate_unverified,none,mwbl-ingredient-evidence-filter-v1.1-fresh-kci
kci:caprylyl_capryl_glucoside:b07eac5b7415963d,kci,287,caprylyl_capryl_glucoside,카프릴릴/카프릴글루코사이드,Caprylyl/Capryl Glucoside,Caprylyl/Capryl Glucoside,"[""\""Caprylyl/Capryl Glucoside\"" skin""]",b07eac5b7415963dc8b831a4deb18509ebb03eedaa31568099f33bb0f21371c3,mwbl-kci-approved-term-skin-context-v1.1,access_unavailable,,,0,0,0,N,not_run_robots_disallowed,2026-07-13T06:45:49Z,approved_terms_only,N,robots_disallowed,KCI robots.txt disallows / for User-agent: *; search was not requested,https://www.kci.go.kr/robots.txt,2026-07-13T06:45:49Z,d220f330732f1f47afbdd06b61fc3739164627b94f8cf365f9eefddcd3951911,User-agent: * / Disallow: /,candidate_unverified,none,mwbl-ingredient-evidence-filter-v1.1-fresh-kci
kci:scutellaria_baicalensis_root_extract:af043c50601b031a,kci,288,scutellaria_baicalensis_root_extract,황금추출물,Scutellaria Baicalensis Root Extract,Scutellaria Baicalensis Root Extract,"[""\""Scutellaria Baicalensis Root Extract\"" skin""]",af043c50601b031a4665db81e6f47d50b73b9c2c2c9cf7c60ba0319769b9577b,mwbl-kci-approved-term-skin-context-v1.1,access_unavailable,,,0,0,0,N,not_run_robots_disallowed,2026-07-13T06:45:49Z,approved_terms_only,N,robots_disallowed,KCI robots.txt disallows / for User-agent: *; search was not requested,https://www.kci.go.kr/robots.txt,2026-07-13T06:45:49Z,d220f330732f1f47afbdd06b61fc3739164627b94f8cf365f9eefddcd3951911,User-agent: * / Disallow: /,candidate_unverified,none,mwbl-ingredient-evidence-filter-v1.1-fresh-kci
kci:cetyl_esters:22b909b2a9a4a26c,kci,289,cetyl_esters,세틸에스터,Cetyl Esters,Cetyl Esters,"[""\""Cetyl Esters\"" skin""]",22b909b2a9a4a26c2a2218d9509e2a6cc4576ff49cf67ccb0e87b344f3b37ed2,mwbl-kci-approved-term-skin-context-v1.1,access_unavailable,,,0,0,0,N,not_run_robots_disallowed,2026-07-13T06:45:49Z,approved_terms_only,N,robots_disallowed,KCI robots.txt disallows / for User-agent: *; search was not requested,https://www.kci.go.kr/robots.txt,2026-07-13T06:45:49Z,d220f330732f1f47afbdd06b61fc3739164627b94f8cf365f9eefddcd3951911,User-agent: * / Disallow: /,candidate_unverified,none,mwbl-ingredient-evidence-filter-v1.1-fresh-kci
kci:glycereth_26:74d4f4afae3bdb16,kci,290,glycereth_26,글리세레스-26,Glycereth-26,Glycereth-26,"[""\""Glycereth-26\"" skin""]",74d4f4afae3bdb162c37f7d7a8aa521da52fe90b4c90db05e4aba50ca6d1933f,mwbl-kci-approved-term-skin-context-v1.1,access_unavailable,,,0,0,0,N,not_run_robots_disallowed,2026-07-13T06:45:49Z,approved_terms_only,N,robots_disallowed,KCI robots.txt disallows / for User-agent: *; search was not requested,https://www.kci.go.kr/robots.txt,2026-07-13T06:45:49Z,d220f330732f1f47afbdd06b61fc3739164627b94f8cf365f9eefddcd3951911,User-agent: * / Disallow: /,candidate_unverified,none,mwbl-ingredient-evidence-filter-v1.1-fresh-kci
kci:pinene:a8c4451b1f8dfff9,kci,291,pinene,피넨,Pinene,Pinene,"[""\""Pinene\"" skin""]",a8c4451b1f8dfff9c034118a795af65efe93c2c2efc3980d2e5d84e4663a00c7,mwbl-kci-approved-term-skin-context-v1.1,access_unavailable,,,0,0,0,N,not_run_robots_disallowed,2026-07-13T06:45:49Z,approved_terms_only,N,robots_disallowed,KCI robots.txt disallows / for User-agent: *; search was not requested,https://www.kci.go.kr/robots.txt,2026-07-13T06:45:49Z,d220f330732f1f47afbdd06b61fc3739164627b94f8cf365f9eefddcd3951911,User-agent: * / Disallow: /,candidate_unverified,none,mwbl-ingredient-evidence-filter-v1.1-fresh-kci
kci:calcium_gluconate:99bdfa2e0ecdd6aa,kci,292,calcium_gluconate,칼슘글루코네이트,Calcium Gluconate,Calcium Gluconate,"[""\""Calcium Gluconate\"" skin""]",99bdfa2e0ecdd6aab05797831be90e2f0cd36f2e161b13cf2c051feb440b1b05,mwbl-kci-approved-term-skin-context-v1.1,access_unavailable,,,0,0,0,N,not_run_robots_disallowed,2026-07-13T06:45:49Z,approved_terms_only,N,robots_disallowed,KCI robots.txt disallows / for User-agent: *; search was not requested,https://www.kci.go.kr/robots.txt,2026-07-13T06:45:49Z,d220f330732f1f47afbdd06b61fc3739164627b94f8cf365f9eefddcd3951911,User-agent: * / Disallow: /,candidate_unverified,none,mwbl-ingredient-evidence-filter-v1.1-fresh-kci
kci:hydroxypropyltrimonium_hyaluronate:0c6dfe057bf569e5,kci,293,hydroxypropyltrimonium_hyaluronate,하이드록시프로필트라이모늄하이알루로네이트,Hydroxypropyltrimonium Hyaluronate,Hydroxypropyltrimonium Hyaluronate,"[""\""Hydroxypropyltrimonium Hyaluronate\"" skin""]",0c6dfe057bf569e5334fefc352514589a71c8536c8ba92f9903857145d5ce158,mwbl-kci-approved-term-skin-context-v1.1,access_unavailable,,,0,0,0,N,not_run_robots_disallowed,2026-07-13T06:45:49Z,approved_terms_only,N,robots_disallowed,KCI robots.txt disallows / for User-agent: *; search was not requested,https://www.kci.go.kr/robots.txt,2026-07-13T06:45:49Z,d220f330732f1f47afbdd06b61fc3739164627b94f8cf365f9eefddcd3951911,User-agent: * / Disallow: /,candidate_unverified,none,mwbl-ingredient-evidence-filter-v1.1-fresh-kci
kci:calcium_sodium_borosilicate:b7168cbccc278275,kci,294,calcium_sodium_borosilicate,칼슘소듐보로실리케이트,Calcium Sodium Borosilicate,Calcium Sodium Borosilicate,"[""\""Calcium Sodium Borosilicate\"" skin""]",b7168cbccc2782755ac81b66278a265315cddd4d30712bfdbbb0215429ab419c,mwbl-kci-approved-term-skin-context-v1.1,access_unavailable,,,0,0,0,N,not_run_robots_disallowed,2026-07-13T06:45:49Z,approved_terms_only,N,robots_disallowed,KCI robots.txt disallows / for User-agent: *; search was not requested,https://www.kci.go.kr/robots.txt,2026-07-13T06:45:49Z,d220f330732f1f47afbdd06b61fc3739164627b94f8cf365f9eefddcd3951911,User-agent: * / Disallow: /,candidate_unverified,none,mwbl-ingredient-evidence-filter-v1.1-fresh-kci
kci:triethanolamine:634678d8c1948715,kci,295,triethanolamine,트라이에탄올아민,Triethanolamine,Triethanolamine,"[""\""Triethanolamine\"" skin""]",634678d8c19487153b4e1d44826bf1a37e7916dbfe307ec7a0fbac1fb88c8223,mwbl-kci-approved-term-skin-context-v1.1,access_unavailable,,,0,0,0,N,not_run_robots_disallowed,2026-07-13T06:45:49Z,approved_terms_only,N,robots_disallowed,KCI robots.txt disallows / for User-agent: *; search was not requested,https://www.kci.go.kr/robots.txt,2026-07-13T06:45:49Z,d220f330732f1f47afbdd06b61fc3739164627b94f8cf365f9eefddcd3951911,User-agent: * / Disallow: /,candidate_unverified,none,mwbl-ingredient-evidence-filter-v1.1-fresh-kci
kci:sodium_laureth_sulfate:45c28ad75c4b8e69,kci,296,sodium_laureth_sulfate,소듐라우레스설페이트,Sodium Laureth Sulfate,Sodium Laureth Sulfate,"[""\""Sodium Laureth Sulfate\"" skin""]",45c28ad75c4b8e69637f94dac48afd08a97bcdf6ed688a83900e00d5790f9e4d,mwbl-kci-approved-term-skin-context-v1.1,access_unavailable,,,0,0,0,N,not_run_robots_disallowed,2026-07-13T06:45:49Z,approved_terms_only,N,robots_disallowed,KCI robots.txt disallows / for User-agent: *; search was not requested,https://www.kci.go.kr/robots.txt,2026-07-13T06:45:49Z,d220f330732f1f47afbdd06b61fc3739164627b94f8cf365f9eefddcd3951911,User-agent: * / Disallow: /,candidate_unverified,none,mwbl-ingredient-evidence-filter-v1.1-fresh-kci
kci:hydrogenated_castor_oil:70f6afc3ba4bebbc,kci,297,hydrogenated_castor_oil,하이드로제네이티드캐스터오일,Hydrogenated Castor Oil,Hydrogenated Castor Oil,"[""\""Hydrogenated Castor Oil\"" skin""]",70f6afc3ba4bebbcb36a457c73d622fef57401e79c1cc5a195f08fc8f59f4358,mwbl-kci-approved-term-skin-context-v1.1,access_unavailable,,,0,0,0,N,not_run_robots_disallowed,2026-07-13T06:45:49Z,approved_terms_only,N,robots_disallowed,KCI robots.txt disallows / for User-agent: *; search was not requested,https://www.kci.go.kr/robots.txt,2026-07-13T06:45:49Z,d220f330732f1f47afbdd06b61fc3739164627b94f8cf365f9eefddcd3951911,User-agent: * / Disallow: /,candidate_unverified,none,mwbl-ingredient-evidence-filter-v1.1-fresh-kci
kci:tartrazine:eaa483072b87df58,kci,298,tartrazine,황색4호,Tartrazine,Tartrazine,"[""\""Tartrazine\"" skin""]",eaa483072b87df5864a70011e0da0c17217813a95bed5d3364eee11cbc7faab1,mwbl-kci-approved-term-skin-context-v1.1,access_unavailable,,,0,0,0,N,not_run_robots_disallowed,2026-07-13T06:45:49Z,approved_terms_only,N,robots_disallowed,KCI robots.txt disallows / for User-agent: *; search was not requested,https://www.kci.go.kr/robots.txt,2026-07-13T06:45:49Z,d220f330732f1f47afbdd06b61fc3739164627b94f8cf365f9eefddcd3951911,User-agent: * / Disallow: /,candidate_unverified,none,mwbl-ingredient-evidence-filter-v1.1-fresh-kci
kci:phospholipids:a633b9c4db134bb1,kci,299,phospholipids,포스포리피드,Phospholipids,Phospholipids,"[""\""Phospholipids\"" skin""]",a633b9c4db134bb19f241452e1dd88e319e2e65609c9aa58f3aa5f7c143694b8,mwbl-kci-approved-term-skin-context-v1.1,access_unavailable,,,0,0,0,N,not_run_robots_disallowed,2026-07-13T06:45:49Z,approved_terms_only,N,robots_disallowed,KCI robots.txt disallows / for User-agent: *; search was not requested,https://www.kci.go.kr/robots.txt,2026-07-13T06:45:49Z,d220f330732f1f47afbdd06b61fc3739164627b94f8cf365f9eefddcd3951911,User-agent: * / Disallow: /,candidate_unverified,none,mwbl-ingredient-evidence-filter-v1.1-fresh-kci
kci:pelargonium_graveolens_flower_oil:b42d1206825fcb11,kci,300,pelargonium_graveolens_flower_oil,센티드제라늄꽃오일,Pelargonium Graveolens Flower Oil,Pelargonium Graveolens Flower Oil,"[""\""Pelargonium Graveolens Flower Oil\"" skin""]",b42d1206825fcb1119f63e8c645dcdf73bc64848041bcff2439fd801e9ddb47a,mwbl-kci-approved-term-skin-context-v1.1,access_unavailable,,,0,0,0,N,not_run_robots_disallowed,2026-07-13T06:45:49Z,approved_terms_only,N,robots_disallowed,KCI robots.txt disallows / for User-agent: *; search was not requested,https://www.kci.go.kr/robots.txt,2026-07-13T06:45:49Z,d220f330732f1f47afbdd06b61fc3739164627b94f8cf365f9eefddcd3951911,User-agent: * / Disallow: /,candidate_unverified,none,mwbl-ingredient-evidence-filter-v1.1-fresh-kci
kci:sodium_methyl_cocoyl_taurate:2e4e1714b7d94de3,kci,301,sodium_methyl_cocoyl_taurate,소듐메틸코코일타우레이트,Sodium Methyl Cocoyl Taurate,Sodium Methyl Cocoyl Taurate,"[""\""Sodium Methyl Cocoyl Taurate\"" skin""]",2e4e1714b7d94de35c73f8f9c123493c5c8849fa5f08ec7f0b75077c7efd1fff,mwbl-kci-approved-term-skin-context-v1.1,access_unavailable,,,0,0,0,N,not_run_robots_disallowed,2026-07-13T06:45:49Z,approved_terms_only,N,robots_disallowed,KCI robots.txt disallows / for User-agent: *; search was not requested,https://www.kci.go.kr/robots.txt,2026-07-13T06:45:49Z,d220f330732f1f47afbdd06b61fc3739164627b94f8cf365f9eefddcd3951911,User-agent: * / Disallow: /,candidate_unverified,none,mwbl-ingredient-evidence-filter-v1.1-fresh-kci
kci:pca:f7296fe324278960,kci,303,pca,피씨에이,PCA,PCA,"[""\""PCA\"" skin""]",f7296fe3242789604998fb8ea083333dca25cfb1462f1ddecbd0265b98e28052,mwbl-kci-approved-term-skin-context-v1.1,access_unavailable,,,0,0,0,N,not_run_robots_disallowed,2026-07-13T06:45:49Z,approved_terms_only,N,robots_disallowed,KCI robots.txt disallows / for User-agent: *; search was not requested,https://www.kci.go.kr/robots.txt,2026-07-13T06:45:49Z,d220f330732f1f47afbdd06b61fc3739164627b94f8cf365f9eefddcd3951911,User-agent: * / Disallow: /,candidate_unverified,none,mwbl-ingredient-evidence-filter-v1.1-fresh-kci
kci:mangifera_indica_mango_seed_butter:49df9e517b995ae1,kci,304,mangifera_indica_mango_seed_butter,망고씨버터,Mangifera Indica (Mango) Seed Butter,Mangifera Indica (Mango) Seed Butter,"[""\""Mangifera Indica (Mango) Seed Butter\"" skin""]",49df9e517b995ae1793bc25e3b6f2a3a3bd15f2ffc50b41e53ccf100e4da4dee,mwbl-kci-approved-term-skin-context-v1.1,access_unavailable,,,0,0,0,N,not_run_robots_disallowed,2026-07-13T06:45:49Z,approved_terms_only,N,robots_disallowed,KCI robots.txt disallows / for User-agent: *; search was not requested,https://www.kci.go.kr/robots.txt,2026-07-13T06:45:49Z,d220f330732f1f47afbdd06b61fc3739164627b94f8cf365f9eefddcd3951911,User-agent: * / Disallow: /,candidate_unverified,none,mwbl-ingredient-evidence-filter-v1.1-fresh-kci
kci:glyceryl_oleate:1392eab7e403f7c4,kci,305,glyceryl_oleate,글리세릴올리에이트,Glyceryl Oleate,Glyceryl Oleate,"[""\""Glyceryl Oleate\"" skin""]",1392eab7e403f7c48aa7967835575fe1bb73f617832a30146b0acc3e5c9103e4,mwbl-kci-approved-term-skin-context-v1.1,access_unavailable,,,0,0,0,N,not_run_robots_disallowed,2026-07-13T06:45:49Z,approved_terms_only,N,robots_disallowed,KCI robots.txt disallows / for User-agent: *; search was not requested,https://www.kci.go.kr/robots.txt,2026-07-13T06:45:49Z,d220f330732f1f47afbdd06b61fc3739164627b94f8cf365f9eefddcd3951911,User-agent: * / Disallow: /,candidate_unverified,none,mwbl-ingredient-evidence-filter-v1.1-fresh-kci
kci:polyglycerin_3:d29ae5338aa7d162,kci,306,polyglycerin_3,폴리글리세린-3,Polyglycerin-3,Polyglycerin-3,"[""\""Polyglycerin-3\"" skin""]",d29ae5338aa7d16279a8316d491f44abd8b23d37e68e94fabb83b0f9b68c700c,mwbl-kci-approved-term-skin-context-v1.1,access_unavailable,,,0,0,0,N,not_run_robots_disallowed,2026-07-13T06:45:49Z,approved_terms_only,N,robots_disallowed,KCI robots.txt disallows / for User-agent: *; search was not requested,https://www.kci.go.kr/robots.txt,2026-07-13T06:45:49Z,d220f330732f1f47afbdd06b61fc3739164627b94f8cf365f9eefddcd3951911,User-agent: * / Disallow: /,candidate_unverified,none,mwbl-ingredient-evidence-filter-v1.1-fresh-kci
kci:stearalkonium_hectorite:981039a165b072b4,kci,307,stearalkonium_hectorite,스테아랄코늄헥토라이트,Stearalkonium Hectorite,Stearalkonium Hectorite,"[""\""Stearalkonium Hectorite\"" skin""]",981039a165b072b42b566adcd5c415e2e6dbec811a1c6779d7c1f89310b81b34,mwbl-kci-approved-term-skin-context-v1.1,access_unavailable,,,0,0,0,N,not_run_robots_disallowed,2026-07-13T06:45:49Z,approved_terms_only,N,robots_disallowed,KCI robots.txt disallows / for User-agent: *; search was not requested,https://www.kci.go.kr/robots.txt,2026-07-13T06:45:49Z,d220f330732f1f47afbdd06b61fc3739164627b94f8cf365f9eefddcd3951911,User-agent: * / Disallow: /,candidate_unverified,none,mwbl-ingredient-evidence-filter-v1.1-fresh-kci
kci:hydrolyzed_wheat_protein:2cff179fa6cc2f76,kci,308,hydrolyzed_wheat_protein,하이드롤라이즈드밀단백질,Hydrolyzed Wheat Protein,Hydrolyzed Wheat Protein,"[""\""Hydrolyzed Wheat Protein\"" skin""]",2cff179fa6cc2f764b45587068adcb80fa9383ceab83ec6eff9af37965b0d930,mwbl-kci-approved-term-skin-context-v1.1,access_unavailable,,,0,0,0,N,not_run_robots_disallowed,2026-07-13T06:45:49Z,approved_terms_only,N,robots_disallowed,KCI robots.txt disallows / for User-agent: *; search was not requested,https://www.kci.go.kr/robots.txt,2026-07-13T06:45:49Z,d220f330732f1f47afbdd06b61fc3739164627b94f8cf365f9eefddcd3951911,User-agent: * / Disallow: /,candidate_unverified,none,mwbl-ingredient-evidence-filter-v1.1-fresh-kci
kci:magnesium_chloride:796bb23181492d00,kci,309,magnesium_chloride,마그네슘클로라이드,Magnesium Chloride,Magnesium Chloride,"[""\""Magnesium Chloride\"" skin""]",796bb23181492d00743b60f984bcd01fd656a587213c62e477634ef78326290e,mwbl-kci-approved-term-skin-context-v1.1,access_unavailable,,,0,0,0,N,not_run_robots_disallowed,2026-07-13T06:45:49Z,approved_terms_only,N,robots_disallowed,KCI robots.txt disallows / for User-agent: *; search was not requested,https://www.kci.go.kr/robots.txt,2026-07-13T06:45:49Z,d220f330732f1f47afbdd06b61fc3739164627b94f8cf365f9eefddcd3951911,User-agent: * / Disallow: /,candidate_unverified,none,mwbl-ingredient-evidence-filter-v1.1-fresh-kci
kci:lauryl_glucoside:aeb9d3f65cbb6b23,kci,310,lauryl_glucoside,라우릴글루코사이드,Lauryl Glucoside,Lauryl Glucoside,"[""\""Lauryl Glucoside\"" skin""]",aeb9d3f65cbb6b23b109e5030bdf134f12e0799041f0065ee4997382276ed67f,mwbl-kci-approved-term-skin-context-v1.1,access_unavailable,,,0,0,0,N,not_run_robots_disallowed,2026-07-13T06:45:49Z,approved_terms_only,N,robots_disallowed,KCI robots.txt disallows / for User-agent: *; search was not requested,https://www.kci.go.kr/robots.txt,2026-07-13T06:45:49Z,d220f330732f1f47afbdd06b61fc3739164627b94f8cf365f9eefddcd3951911,User-agent: * / Disallow: /,candidate_unverified,none,mwbl-ingredient-evidence-filter-v1.1-fresh-kci
kci:hydrolyzed_sodium_hyaluronate:2272dca4ccc4ba35,kci,311,hydrolyzed_sodium_hyaluronate,하이드롤라이즈드소듐하이알루로네이트,Hydrolyzed Sodium Hyaluronate,Hydrolyzed Sodium Hyaluronate,"[""\""Hydrolyzed Sodium Hyaluronate\"" skin""]",2272dca4ccc4ba35f3592ed5b7f17708359fcfa8bcdd7a498b96e377ce5f1a23,mwbl-kci-approved-term-skin-context-v1.1,access_unavailable,,,0,0,0,N,not_run_robots_disallowed,2026-07-13T06:45:49Z,approved_terms_only,N,robots_disallowed,KCI robots.txt disallows / for User-agent: *; search was not requested,https://www.kci.go.kr/robots.txt,2026-07-13T06:45:49Z,d220f330732f1f47afbdd06b61fc3739164627b94f8cf365f9eefddcd3951911,User-agent: * / Disallow: /,candidate_unverified,none,mwbl-ingredient-evidence-filter-v1.1-fresh-kci
kci:corallina_officinalis_extract:103606f74d01b48d,kci,312,corallina_officinalis_extract,참산호말추출물,Corallina Officinalis Extract,Corallina Officinalis Extract,"[""\""Corallina Officinalis Extract\"" skin""]",103606f74d01b48dddd06cb6ac0450f26c7f5947336121d6f643c7b53f064672,mwbl-kci-approved-term-skin-context-v1.1,access_unavailable,,,0,0,0,N,not_run_robots_disallowed,2026-07-13T06:45:49Z,approved_terms_only,N,robots_disallowed,KCI robots.txt disallows / for User-agent: *; search was not requested,https://www.kci.go.kr/robots.txt,2026-07-13T06:45:49Z,d220f330732f1f47afbdd06b61fc3739164627b94f8cf365f9eefddcd3951911,User-agent: * / Disallow: /,candidate_unverified,none,mwbl-ingredient-evidence-filter-v1.1-fresh-kci
kci:glyceryl_stearate_citrate:1790b43b32627c46,kci,313,glyceryl_stearate_citrate,글리세릴스테아레이트시트레이트,Glyceryl Stearate Citrate,Glyceryl Stearate Citrate,"[""\""Glyceryl Stearate Citrate\"" skin""]",1790b43b32627c468fc26e8869f503a2da23e7ba135725e1f66bf799150ce10c,mwbl-kci-approved-term-skin-context-v1.1,access_unavailable,,,0,0,0,N,not_run_robots_disallowed,2026-07-13T06:45:49Z,approved_terms_only,N,robots_disallowed,KCI robots.txt disallows / for User-agent: *; search was not requested,https://www.kci.go.kr/robots.txt,2026-07-13T06:45:49Z,d220f330732f1f47afbdd06b61fc3739164627b94f8cf365f9eefddcd3951911,User-agent: * / Disallow: /,candidate_unverified,none,mwbl-ingredient-evidence-filter-v1.1-fresh-kci
kci:bis_ethylhexyloxyphenol_methoxyphenyl_triazine:53ef92a8df342dbc,kci,314,bis_ethylhexyloxyphenol_methoxyphenyl_triazine,비스-에칠헥실옥시페놀메톡시페닐트리아진,Bis-Ethylhexyloxyphenol Methoxyphenyl Triazine,Bis-Ethylhexyloxyphenol Methoxyphenyl Triazine,"[""\""Bis-Ethylhexyloxyphenol Methoxyphenyl Triazine\"" skin""]",53ef92a8df342dbc5a9673e77cd741d5c2df570ab9b2ef55fa51f6b4ad827ec3,mwbl-kci-approved-term-skin-context-v1.1,access_unavailable,,,0,0,0,N,not_run_robots_disallowed,2026-07-13T06:45:49Z,approved_terms_only,N,robots_disallowed,KCI robots.txt disallows / for User-agent: *; search was not requested,https://www.kci.go.kr/robots.txt,2026-07-13T06:45:49Z,d220f330732f1f47afbdd06b61fc3739164627b94f8cf365f9eefddcd3951911,User-agent: * / Disallow: /,candidate_unverified,none,mwbl-ingredient-evidence-filter-v1.1-fresh-kci
kci:trideceth_6:4e56b73b29d55fb8,kci,315,trideceth_6,트라이데세스-6,Trideceth-6,Trideceth-6,"[""\""Trideceth-6\"" skin""]",4e56b73b29d55fb88fefe54904383f69b0621fe47b38cf98dc293bd53b126e71,mwbl-kci-approved-term-skin-context-v1.1,access_unavailable,,,0,0,0,N,not_run_robots_disallowed,2026-07-13T06:45:49Z,approved_terms_only,N,robots_disallowed,KCI robots.txt disallows / for User-agent: *; search was not requested,https://www.kci.go.kr/robots.txt,2026-07-13T06:45:49Z,d220f330732f1f47afbdd06b61fc3739164627b94f8cf365f9eefddcd3951911,User-agent: * / Disallow: /,candidate_unverified,none,mwbl-ingredient-evidence-filter-v1.1-fresh-kci
kci:anhydroxylitol:64c19aaee8255f4a,kci,316,anhydroxylitol,안하이드로자일리톨,Anhydroxylitol,Anhydroxylitol,"[""\""Anhydroxylitol\"" skin""]",64c19aaee8255f4abb38645b4b14425eedee56eb28a8cf39f2e4440d1ac69858,mwbl-kci-approved-term-skin-context-v1.1,access_unavailable,,,0,0,0,N,not_run_robots_disallowed,2026-07-13T06:45:49Z,approved_terms_only,N,robots_disallowed,KCI robots.txt disallows / for User-agent: *; search was not requested,https://www.kci.go.kr/robots.txt,2026-07-13T06:45:49Z,d220f330732f1f47afbdd06b61fc3739164627b94f8cf365f9eefddcd3951911,User-agent: * / Disallow: /,candidate_unverified,none,mwbl-ingredient-evidence-filter-v1.1-fresh-kci
kci:palmitic_acid:155cb4f473ad5201,kci,317,palmitic_acid,팔미틱애씨드,Palmitic Acid,Palmitic Acid,"[""\""Palmitic Acid\"" skin""]",155cb4f473ad52013331187c98aad4800e330df0a9da827f598fdcb999ca7105,mwbl-kci-approved-term-skin-context-v1.1,access_unavailable,,,0,0,0,N,not_run_robots_disallowed,2026-07-13T06:45:49Z,approved_terms_only,N,robots_disallowed,KCI robots.txt disallows / for User-agent: *; search was not requested,https://www.kci.go.kr/robots.txt,2026-07-13T06:45:49Z,d220f330732f1f47afbdd06b61fc3739164627b94f8cf365f9eefddcd3951911,User-agent: * / Disallow: /,candidate_unverified,none,mwbl-ingredient-evidence-filter-v1.1-fresh-kci
kci:sclerotium_gum:d815b2d078ce07af,kci,319,sclerotium_gum,스클레로튬검,Sclerotium Gum,Sclerotium Gum,"[""\""Sclerotium Gum\"" skin""]",d815b2d078ce07affb9cd5b8948603c3acc897c318e9da3e012103e56e32ebea,mwbl-kci-approved-term-skin-context-v1.1,access_unavailable,,,0,0,0,N,not_run_robots_disallowed,2026-07-13T06:45:49Z,approved_terms_only,N,robots_disallowed,KCI robots.txt disallows / for User-agent: *; search was not requested,https://www.kci.go.kr/robots.txt,2026-07-13T06:45:49Z,d220f330732f1f47afbdd06b61fc3739164627b94f8cf365f9eefddcd3951911,User-agent: * / Disallow: /,candidate_unverified,none,mwbl-ingredient-evidence-filter-v1.1-fresh-kci
kci:ascorbyl_glucoside:1571e0df6abb7ecb,kci,320,ascorbyl_glucoside,아스코빌글루코사이드,Ascorbyl Glucoside,Ascorbyl Glucoside,"[""\""Ascorbyl Glucoside\"" skin""]",1571e0df6abb7ecbf712ece5509a2f2b7ed711485a728b4813fd093720d985d7,mwbl-kci-approved-term-skin-context-v1.1,access_unavailable,,,0,0,0,N,not_run_robots_disallowed,2026-07-13T06:45:49Z,approved_terms_only,N,robots_disallowed,KCI robots.txt disallows / for User-agent: *; search was not requested,https://www.kci.go.kr/robots.txt,2026-07-13T06:45:49Z,d220f330732f1f47afbdd06b61fc3739164627b94f8cf365f9eefddcd3951911,User-agent: * / Disallow: /,candidate_unverified,none,mwbl-ingredient-evidence-filter-v1.1-fresh-kci
kci:rosa_canina_fruit_oil:da71b62048df86ec,kci,321,rosa_canina_fruit_oil,로즈힙열매오일,Rosa Canina Fruit Oil,Rosa Canina Fruit Oil,"[""\""Rosa Canina Fruit Oil\"" skin""]",da71b62048df86ec8352eaf555efebb17e56d9fe648af9a5918edcc566169e2a,mwbl-kci-approved-term-skin-context-v1.1,access_unavailable,,,0,0,0,N,not_run_robots_disallowed,2026-07-13T06:45:49Z,approved_terms_only,N,robots_disallowed,KCI robots.txt disallows / for User-agent: *; search was not requested,https://www.kci.go.kr/robots.txt,2026-07-13T06:45:49Z,d220f330732f1f47afbdd06b61fc3739164627b94f8cf365f9eefddcd3951911,User-agent: * / Disallow: /,candidate_unverified,none,mwbl-ingredient-evidence-filter-v1.1-fresh-kci
kci:hydrolyzed_vegetable_protein:a33db6ee7986e709,kci,322,hydrolyzed_vegetable_protein,하이드롤라이즈드식물성단백질,Hydrolyzed Vegetable Protein,Hydrolyzed Vegetable Protein,"[""\""Hydrolyzed Vegetable Protein\"" skin""]",a33db6ee7986e709cb50c180efaf615fe4a12dc208a7e943ff681a01c35e79b0,mwbl-kci-approved-term-skin-context-v1.1,access_unavailable,,,0,0,0,N,not_run_robots_disallowed,2026-07-13T06:45:49Z,approved_terms_only,N,robots_disallowed,KCI robots.txt disallows / for User-agent: *; search was not requested,https://www.kci.go.kr/robots.txt,2026-07-13T06:45:49Z,d220f330732f1f47afbdd06b61fc3739164627b94f8cf365f9eefddcd3951911,User-agent: * / Disallow: /,candidate_unverified,none,mwbl-ingredient-evidence-filter-v1.1-fresh-kci
kci:xylitylglucoside:e389fa8f8ce753e5,kci,323,xylitylglucoside,자일리틸글루코사이드,Xylitylglucoside,Xylitylglucoside,"[""\""Xylitylglucoside\"" skin""]",e389fa8f8ce753e540d57f30804af2b8d06c463fab3e2b84e577edd1e59b5179,mwbl-kci-approved-term-skin-context-v1.1,access_unavailable,,,0,0,0,N,not_run_robots_disallowed,2026-07-13T06:45:49Z,approved_terms_only,N,robots_disallowed,KCI robots.txt disallows / for User-agent: *; search was not requested,https://www.kci.go.kr/robots.txt,2026-07-13T06:45:49Z,d220f330732f1f47afbdd06b61fc3739164627b94f8cf365f9eefddcd3951911,User-agent: * / Disallow: /,candidate_unverified,none,mwbl-ingredient-evidence-filter-v1.1-fresh-kci
kci:isopropyl_titanium_triisostearate:61f33476f398923c,kci,324,isopropyl_titanium_triisostearate,아이소프로필티타늄트라이아이소스테아레이트,Isopropyl Titanium Triisostearate,Isopropyl Titanium Triisostearate,"[""\""Isopropyl Titanium Triisostearate\"" skin""]",61f33476f398923c6fd1ba456fc26453a4887643aff39b38a17b4cdd01b00d15,mwbl-kci-approved-term-skin-context-v1.1,access_unavailable,,,0,0,0,N,not_run_robots_disallowed,2026-07-13T06:45:49Z,approved_terms_only,N,robots_disallowed,KCI robots.txt disallows / for User-agent: *; search was not requested,https://www.kci.go.kr/robots.txt,2026-07-13T06:45:49Z,d220f330732f1f47afbdd06b61fc3739164627b94f8cf365f9eefddcd3951911,User-agent: * / Disallow: /,candidate_unverified,none,mwbl-ingredient-evidence-filter-v1.1-fresh-kci
kci:microcrystalline_wax:0e209f1e7562746c,kci,325,microcrystalline_wax,마이크로크리스탈린왁스,Microcrystalline Wax,Microcrystalline Wax|Cera Microcristallina,"[""\""Microcrystalline Wax\"" skin"",""\""Cera Microcristallina\"" skin""]",0e209f1e7562746cad79df16040489b846497367b12e7f8dee2a74b1eb3300bf,mwbl-kci-approved-term-skin-context-v1.1,access_unavailable,,,0,0,0,N,not_run_robots_disallowed,2026-07-13T06:45:49Z,approved_terms_only,N,robots_disallowed,KCI robots.txt disallows / for User-agent: *; search was not requested,https://www.kci.go.kr/robots.txt,2026-07-13T06:45:49Z,d220f330732f1f47afbdd06b61fc3739164627b94f8cf365f9eefddcd3951911,User-agent: * / Disallow: /,candidate_unverified,none,mwbl-ingredient-evidence-filter-v1.1-fresh-kci
kci:hydrolyzed_keratin:c10073e6c5e0c00f,kci,326,hydrolyzed_keratin,하이드롤라이즈드케라틴,Hydrolyzed Keratin,Hydrolyzed Keratin,"[""\""Hydrolyzed Keratin\"" skin""]",c10073e6c5e0c00fedbd3a67648e05548052133640ebe20afed6afc7caa6ea8d,mwbl-kci-approved-term-skin-context-v1.1,access_unavailable,,,0,0,0,N,not_run_robots_disallowed,2026-07-13T06:45:49Z,approved_terms_only,N,robots_disallowed,KCI robots.txt disallows / for User-agent: *; search was not requested,https://www.kci.go.kr/robots.txt,2026-07-13T06:45:49Z,d220f330732f1f47afbdd06b61fc3739164627b94f8cf365f9eefddcd3951911,User-agent: * / Disallow: /,candidate_unverified,none,mwbl-ingredient-evidence-filter-v1.1-fresh-kci
kci:camellia_japonica_seed_oil:b335fc4935b6750c,kci,327,camellia_japonica_seed_oil,동백나무씨오일,Camellia Japonica Seed Oil,Camellia Japonica Seed Oil,"[""\""Camellia Japonica Seed Oil\"" skin""]",b335fc4935b6750c02d1b1cff23465e678f4e969824b013f1dfd0a94e5a0c79a,mwbl-kci-approved-term-skin-context-v1.1,access_unavailable,,,0,0,0,N,not_run_robots_disallowed,2026-07-13T06:45:49Z,approved_terms_only,N,robots_disallowed,KCI robots.txt disallows / for User-agent: *; search was not requested,https://www.kci.go.kr/robots.txt,2026-07-13T06:45:49Z,d220f330732f1f47afbdd06b61fc3739164627b94f8cf365f9eefddcd3951911,User-agent: * / Disallow: /,candidate_unverified,none,mwbl-ingredient-evidence-filter-v1.1-fresh-kci
kci:diphenylsiloxy_phenyl_trimethicone:4b575c9831d3137c,kci,328,diphenylsiloxy_phenyl_trimethicone,다이페닐실록시페닐트라이메티콘,Diphenylsiloxy Phenyl Trimethicone,Diphenylsiloxy Phenyl Trimethicone,"[""\""Diphenylsiloxy Phenyl Trimethicone\"" skin""]",4b575c9831d3137cdeaffafebdb29d2dda3bd0591841c5184056d6e5b361e62a,mwbl-kci-approved-term-skin-context-v1.1,access_unavailable,,,0,0,0,N,not_run_robots_disallowed,2026-07-13T06:45:49Z,approved_terms_only,N,robots_disallowed,KCI robots.txt disallows / for User-agent: *; search was not requested,https://www.kci.go.kr/robots.txt,2026-07-13T06:45:49Z,d220f330732f1f47afbdd06b61fc3739164627b94f8cf365f9eefddcd3951911,User-agent: * / Disallow: /,candidate_unverified,none,mwbl-ingredient-evidence-filter-v1.1-fresh-kci
kci:polyquaternium_37:919a38041ac274c8,kci,329,polyquaternium_37,폴리쿼터늄-37,Polyquaternium-37,Polyquaternium-37,"[""\""Polyquaternium-37\"" skin""]",919a38041ac274c8417b6482a560d04450ffc9757796505c622f3cb996db6076,mwbl-kci-approved-term-skin-context-v1.1,access_unavailable,,,0,0,0,N,not_run_robots_disallowed,2026-07-13T06:45:49Z,approved_terms_only,N,robots_disallowed,KCI robots.txt disallows / for User-agent: *; search was not requested,https://www.kci.go.kr/robots.txt,2026-07-13T06:45:49Z,d220f330732f1f47afbdd06b61fc3739164627b94f8cf365f9eefddcd3951911,User-agent: * / Disallow: /,candidate_unverified,none,mwbl-ingredient-evidence-filter-v1.1-fresh-kci
kci:c13_15_alkane:5e4f48ad3a24a26e,kci,330,c13_15_alkane,C13-15알케인,C13-15 Alkane,C13-15 Alkane,"[""\""C13-15 Alkane\"" skin""]",5e4f48ad3a24a26e977d4bcdea4fef9d941a33951f54995b73b0517a0f249548,mwbl-kci-approved-term-skin-context-v1.1,access_unavailable,,,0,0,0,N,not_run_robots_disallowed,2026-07-13T06:45:49Z,approved_terms_only,N,robots_disallowed,KCI robots.txt disallows / for User-agent: *; search was not requested,https://www.kci.go.kr/robots.txt,2026-07-13T06:45:49Z,d220f330732f1f47afbdd06b61fc3739164627b94f8cf365f9eefddcd3951911,User-agent: * / Disallow: /,candidate_unverified,none,mwbl-ingredient-evidence-filter-v1.1-fresh-kci
kci:cholesterol:b32af2ad49e8c4b0,kci,331,cholesterol,콜레스테롤,Cholesterol,Cholesterol,"[""\""Cholesterol\"" skin""]",b32af2ad49e8c4b0b4dea6dc9347057a6395bbf8acbf71af5f0b678f3e321e2b,mwbl-kci-approved-term-skin-context-v1.1,access_unavailable,,,0,0,0,N,not_run_robots_disallowed,2026-07-13T06:45:49Z,approved_terms_only,N,robots_disallowed,KCI robots.txt disallows / for User-agent: *; search was not requested,https://www.kci.go.kr/robots.txt,2026-07-13T06:45:49Z,d220f330732f1f47afbdd06b61fc3739164627b94f8cf365f9eefddcd3951911,User-agent: * / Disallow: /,candidate_unverified,none,mwbl-ingredient-evidence-filter-v1.1-fresh-kci
kci:hydroxyethyl_urea:123f2b0c5bf55745,kci,332,hydroxyethyl_urea,하이드록시에틸우레아,Hydroxyethyl Urea,Hydroxyethyl Urea,"[""\""Hydroxyethyl Urea\"" skin""]",123f2b0c5bf557456473865a6e4f489aca03a6ad0053f39eed004380f3d843dc,mwbl-kci-approved-term-skin-context-v1.1,access_unavailable,,,0,0,0,N,not_run_robots_disallowed,2026-07-13T06:45:49Z,approved_terms_only,N,robots_disallowed,KCI robots.txt disallows / for User-agent: *; search was not requested,https://www.kci.go.kr/robots.txt,2026-07-13T06:45:49Z,d220f330732f1f47afbdd06b61fc3739164627b94f8cf365f9eefddcd3951911,User-agent: * / Disallow: /,candidate_unverified,none,mwbl-ingredient-evidence-filter-v1.1-fresh-kci
kci:coconut_acid:32f06317669f06f2,kci,333,coconut_acid,코코넛애씨드,Coconut Acid,Coconut Acid,"[""\""Coconut Acid\"" skin""]",32f06317669f06f2893459b6a2d7bc9e1f50c4111a265ab99d2d807ff6664ec1,mwbl-kci-approved-term-skin-context-v1.1,access_unavailable,,,0,0,0,N,not_run_robots_disallowed,2026-07-13T06:45:49Z,approved_terms_only,N,robots_disallowed,KCI robots.txt disallows / for User-agent: *; search was not requested,https://www.kci.go.kr/robots.txt,2026-07-13T06:45:49Z,d220f330732f1f47afbdd06b61fc3739164627b94f8cf365f9eefddcd3951911,User-agent: * / Disallow: /,candidate_unverified,none,mwbl-ingredient-evidence-filter-v1.1-fresh-kci
kci:pentaerythrityl_tetraisostearate:334aaeae6ae30fcc,kci,334,pentaerythrityl_tetraisostearate,펜타에리스리틸테트라아이소스테아레이트,Pentaerythrityl Tetraisostearate,Pentaerythrityl Tetraisostearate,"[""\""Pentaerythrityl Tetraisostearate\"" skin""]",334aaeae6ae30fccddbeac3218328dec96d335204440442e3a6b49ee6cea7009,mwbl-kci-approved-term-skin-context-v1.1,access_unavailable,,,0,0,0,N,not_run_robots_disallowed,2026-07-13T06:45:49Z,approved_terms_only,N,robots_disallowed,KCI robots.txt disallows / for User-agent: *; search was not requested,https://www.kci.go.kr/robots.txt,2026-07-13T06:45:49Z,d220f330732f1f47afbdd06b61fc3739164627b94f8cf365f9eefddcd3951911,User-agent: * / Disallow: /,candidate_unverified,none,mwbl-ingredient-evidence-filter-v1.1-fresh-kci
kci:magnesium_stearate:edf0d360d813f6d0,kci,335,magnesium_stearate,마그네슘스테아레이트,Magnesium Stearate,Magnesium Stearate,"[""\""Magnesium Stearate\"" skin""]",edf0d360d813f6d0068107227ec73cc78da624b522ec3fddec11f3c08f6bbded,mwbl-kci-approved-term-skin-context-v1.1,access_unavailable,,,0,0,0,N,not_run_robots_disallowed,2026-07-13T06:45:49Z,approved_terms_only,N,robots_disallowed,KCI robots.txt disallows / for User-agent: *; search was not requested,https://www.kci.go.kr/robots.txt,2026-07-13T06:45:49Z,d220f330732f1f47afbdd06b61fc3739164627b94f8cf365f9eefddcd3951911,User-agent: * / Disallow: /,candidate_unverified,none,mwbl-ingredient-evidence-filter-v1.1-fresh-kci
kci:hydrogenated_vegetable_oil:aafdbc9e4b30ef8a,kci,336,hydrogenated_vegetable_oil,하이드로제네이티드식물성오일,Hydrogenated Vegetable Oil,Hydrogenated Vegetable Oil,"[""\""Hydrogenated Vegetable Oil\"" skin""]",aafdbc9e4b30ef8a7a621097adee5a366b022aba8a1d0a561ef0d1582bf3afca,mwbl-kci-approved-term-skin-context-v1.1,access_unavailable,,,0,0,0,N,not_run_robots_disallowed,2026-07-13T06:45:49Z,approved_terms_only,N,robots_disallowed,KCI robots.txt disallows / for User-agent: *; search was not requested,https://www.kci.go.kr/robots.txt,2026-07-13T06:45:49Z,d220f330732f1f47afbdd06b61fc3739164627b94f8cf365f9eefddcd3951911,User-agent: * / Disallow: /,candidate_unverified,none,mwbl-ingredient-evidence-filter-v1.1-fresh-kci
kci:diethylamino_hydroxybenzoyl_hexyl_benzoate:c6acf154bc8249ad,kci,337,diethylamino_hydroxybenzoyl_hexyl_benzoate,디에칠아미노하이드록시벤조일헥실벤조에이트,Diethylamino Hydroxybenzoyl Hexyl Benzoate,Diethylamino Hydroxybenzoyl Hexyl Benzoate,"[""\""Diethylamino Hydroxybenzoyl Hexyl Benzoate\"" skin""]",c6acf154bc8249ad41ee4ed114d125f0350b83ca071c26825ae373e92a12934d,mwbl-kci-approved-term-skin-context-v1.1,access_unavailable,,,0,0,0,N,not_run_robots_disallowed,2026-07-13T06:45:49Z,approved_terms_only,N,robots_disallowed,KCI robots.txt disallows / for User-agent: *; search was not requested,https://www.kci.go.kr/robots.txt,2026-07-13T06:45:49Z,d220f330732f1f47afbdd06b61fc3739164627b94f8cf365f9eefddcd3951911,User-agent: * / Disallow: /,candidate_unverified,none,mwbl-ingredient-evidence-filter-v1.1-fresh-kci
kci:paraffin:66935bfa3db60c25,kci,338,paraffin,파라핀,Paraffin,Paraffin,"[""\""Paraffin\"" skin""]",66935bfa3db60c25806f8ab24169d0d140a8e632cf49758b22b7683cb4781485,mwbl-kci-approved-term-skin-context-v1.1,access_unavailable,,,0,0,0,N,not_run_robots_disallowed,2026-07-13T06:45:49Z,approved_terms_only,N,robots_disallowed,KCI robots.txt disallows / for User-agent: *; search was not requested,https://www.kci.go.kr/robots.txt,2026-07-13T06:45:49Z,d220f330732f1f47afbdd06b61fc3739164627b94f8cf365f9eefddcd3951911,User-agent: * / Disallow: /,candidate_unverified,none,mwbl-ingredient-evidence-filter-v1.1-fresh-kci
kci:isopropyl_palmitate:ab966a12317a49f4,kci,339,isopropyl_palmitate,아이소프로필팔미테이트,Isopropyl Palmitate,Isopropyl Palmitate,"[""\""Isopropyl Palmitate\"" skin""]",ab966a12317a49f485d3652c36137e425d7b60742957319911213996ae093e5e,mwbl-kci-approved-term-skin-context-v1.1,access_unavailable,,,0,0,0,N,not_run_robots_disallowed,2026-07-13T06:45:49Z,approved_terms_only,N,robots_disallowed,KCI robots.txt disallows / for User-agent: *; search was not requested,https://www.kci.go.kr/robots.txt,2026-07-13T06:45:49Z,d220f330732f1f47afbdd06b61fc3739164627b94f8cf365f9eefddcd3951911,User-agent: * / Disallow: /,candidate_unverified,none,mwbl-ingredient-evidence-filter-v1.1-fresh-kci
kci:retinyl_palmitate:b4db1d6132769dd2,kci,340,retinyl_palmitate,레티닐팔미테이트,Retinyl Palmitate,Retinyl Palmitate,"[""\""Retinyl Palmitate\"" skin""]",b4db1d6132769dd21740dbae884c49544bc88062c794caf0c4d0e81f168fe621,mwbl-kci-approved-term-skin-context-v1.1,access_unavailable,,,0,0,0,N,not_run_robots_disallowed,2026-07-13T06:45:49Z,approved_terms_only,N,robots_disallowed,KCI robots.txt disallows / for User-agent: *; search was not requested,https://www.kci.go.kr/robots.txt,2026-07-13T06:45:49Z,d220f330732f1f47afbdd06b61fc3739164627b94f8cf365f9eefddcd3951911,User-agent: * / Disallow: /,candidate_unverified,none,mwbl-ingredient-evidence-filter-v1.1-fresh-kci
kci:mannitol:e428894b8014878a,kci,341,mannitol,만니톨,Mannitol,Mannitol,"[""\""Mannitol\"" skin""]",e428894b8014878ad3993226dfbc3a4379e9d6ad37c62336a5ed74968dbbf6ad,mwbl-kci-approved-term-skin-context-v1.1,access_unavailable,,,0,0,0,N,not_run_robots_disallowed,2026-07-13T06:45:49Z,approved_terms_only,N,robots_disallowed,KCI robots.txt disallows / for User-agent: *; search was not requested,https://www.kci.go.kr/robots.txt,2026-07-13T06:45:49Z,d220f330732f1f47afbdd06b61fc3739164627b94f8cf365f9eefddcd3951911,User-agent: * / Disallow: /,candidate_unverified,none,mwbl-ingredient-evidence-filter-v1.1-fresh-kci
kci:ocimum_sanctum_leaf_extract:4011829c415f530f,kci,342,ocimum_sanctum_leaf_extract,홀리바질잎추출물,Ocimum Sanctum Leaf Extract,Ocimum Sanctum Leaf Extract,"[""\""Ocimum Sanctum Leaf Extract\"" skin""]",4011829c415f530f2a3bf18c12016e9ae91335169fa4340881e2870f60c77952,mwbl-kci-approved-term-skin-context-v1.1,access_unavailable,,,0,0,0,N,not_run_robots_disallowed,2026-07-13T06:45:49Z,approved_terms_only,N,robots_disallowed,KCI robots.txt disallows / for User-agent: *; search was not requested,https://www.kci.go.kr/robots.txt,2026-07-13T06:45:49Z,d220f330732f1f47afbdd06b61fc3739164627b94f8cf365f9eefddcd3951911,User-agent: * / Disallow: /,candidate_unverified,none,mwbl-ingredient-evidence-filter-v1.1-fresh-kci
kci:ethylhexyl_triazone:a94f29c8784b635a,kci,343,ethylhexyl_triazone,에칠헥실트리아존,Ethylhexyl Triazone,Ethylhexyl Triazone,"[""\""Ethylhexyl Triazone\"" skin""]",a94f29c8784b635a78892ae2c42eeb26770798d67ca28c642652e3ea9958dbd8,mwbl-kci-approved-term-skin-context-v1.1,access_unavailable,,,0,0,0,N,not_run_robots_disallowed,2026-07-13T06:45:49Z,approved_terms_only,N,robots_disallowed,KCI robots.txt disallows / for User-agent: *; search was not requested,https://www.kci.go.kr/robots.txt,2026-07-13T06:45:49Z,d220f330732f1f47afbdd06b61fc3739164627b94f8cf365f9eefddcd3951911,User-agent: * / Disallow: /,candidate_unverified,none,mwbl-ingredient-evidence-filter-v1.1-fresh-kci
kci:sorbitan_stearate:052ed1874d778a84,kci,344,sorbitan_stearate,솔비탄스테아레이트,Sorbitan Stearate,Sorbitan Stearate,"[""\""Sorbitan Stearate\"" skin""]",052ed1874d778a84727013f8df1f9ffb38579ba6f63aa0832fc08602238683c4,mwbl-kci-approved-term-skin-context-v1.1,access_unavailable,,,0,0,0,N,not_run_robots_disallowed,2026-07-13T06:45:49Z,approved_terms_only,N,robots_disallowed,KCI robots.txt disallows / for User-agent: *; search was not requested,https://www.kci.go.kr/robots.txt,2026-07-13T06:45:49Z,d220f330732f1f47afbdd06b61fc3739164627b94f8cf365f9eefddcd3951911,User-agent: * / Disallow: /,candidate_unverified,none,mwbl-ingredient-evidence-filter-v1.1-fresh-kci
kci:butylphenyl_methylpropional:c1147c5a126ccd4b,kci,345,butylphenyl_methylpropional,부틸페닐메틸프로피오날,Butylphenyl Methylpropional,Butylphenyl Methylpropional,"[""\""Butylphenyl Methylpropional\"" skin""]",c1147c5a126ccd4b4caecf0e33c0dd9019393c1024a6f9af77cebe6cfc313abb,mwbl-kci-approved-term-skin-context-v1.1,access_unavailable,,,0,0,0,N,not_run_robots_disallowed,2026-07-13T06:45:49Z,approved_terms_only,N,robots_disallowed,KCI robots.txt disallows / for User-agent: *; search was not requested,https://www.kci.go.kr/robots.txt,2026-07-13T06:45:49Z,d220f330732f1f47afbdd06b61fc3739164627b94f8cf365f9eefddcd3951911,User-agent: * / Disallow: /,candidate_unverified,none,mwbl-ingredient-evidence-filter-v1.1-fresh-kci
kci:hydrogen_dimethicone:409f2ffb3ecaff71,kci,346,hydrogen_dimethicone,하이드로젠다이메티콘,Hydrogen Dimethicone,Hydrogen Dimethicone|Dimethicone/Methicone Copolymer,"[""\""Hydrogen Dimethicone\"" skin"",""\""Dimethicone/Methicone Copolymer\"" skin""]",409f2ffb3ecaff716039af3803d5089cb8487407e33821694c72b348f6d41e65,mwbl-kci-approved-term-skin-context-v1.1,access_unavailable,,,0,0,0,N,not_run_robots_disallowed,2026-07-13T06:45:49Z,approved_terms_only,N,robots_disallowed,KCI robots.txt disallows / for User-agent: *; search was not requested,https://www.kci.go.kr/robots.txt,2026-07-13T06:45:49Z,d220f330732f1f47afbdd06b61fc3739164627b94f8cf365f9eefddcd3951911,User-agent: * / Disallow: /,candidate_unverified,none,mwbl-ingredient-evidence-filter-v1.1-fresh-kci
kci:mentha_piperita_peppermint_oil:ecc18f3e793052e6,kci,347,mentha_piperita_peppermint_oil,페퍼민트오일,Mentha Piperita (Peppermint) Oil,Mentha Piperita (Peppermint) Oil,"[""\""Mentha Piperita (Peppermint) Oil\"" skin""]",ecc18f3e793052e664884c3e2211833319e3f628450bb7b30823b55ed8530ca6,mwbl-kci-approved-term-skin-context-v1.1,access_unavailable,,,0,0,0,N,not_run_robots_disallowed,2026-07-13T06:45:49Z,approved_terms_only,N,robots_disallowed,KCI robots.txt disallows / for User-agent: *; search was not requested,https://www.kci.go.kr/robots.txt,2026-07-13T06:45:49Z,d220f330732f1f47afbdd06b61fc3739164627b94f8cf365f9eefddcd3951911,User-agent: * / Disallow: /,candidate_unverified,none,mwbl-ingredient-evidence-filter-v1.1-fresh-kci
kci:magnesium_aluminum_silicate:8638e4d4f46cef0e,kci,348,magnesium_aluminum_silicate,마그네슘알루미늄실리케이트,Magnesium Aluminum Silicate,Magnesium Aluminum Silicate,"[""\""Magnesium Aluminum Silicate\"" skin""]",8638e4d4f46cef0e821e05b98d53f38f26cf12a0d537c4cdaa99c6ed89f3c702,mwbl-kci-approved-term-skin-context-v1.1,access_unavailable,,,0,0,0,N,not_run_robots_disallowed,2026-07-13T06:45:49Z,approved_terms_only,N,robots_disallowed,KCI robots.txt disallows / for User-agent: *; search was not requested,https://www.kci.go.kr/robots.txt,2026-07-13T06:45:49Z,d220f330732f1f47afbdd06b61fc3739164627b94f8cf365f9eefddcd3951911,User-agent: * / Disallow: /,candidate_unverified,none,mwbl-ingredient-evidence-filter-v1.1-fresh-kci
kci:sodium_ascorbyl_phosphate:6872cf7804969a75,kci,349,sodium_ascorbyl_phosphate,소듐아스코빌포스페이트,Sodium Ascorbyl Phosphate,Sodium Ascorbyl Phosphate,"[""\""Sodium Ascorbyl Phosphate\"" skin""]",6872cf7804969a756a70a7dc0900f1db3eff7a28ae6d0b1f78c4c26edaa7e845,mwbl-kci-approved-term-skin-context-v1.1,access_unavailable,,,0,0,0,N,not_run_robots_disallowed,2026-07-13T06:45:49Z,approved_terms_only,N,robots_disallowed,KCI robots.txt disallows / for User-agent: *; search was not requested,https://www.kci.go.kr/robots.txt,2026-07-13T06:45:49Z,d220f330732f1f47afbdd06b61fc3739164627b94f8cf365f9eefddcd3951911,User-agent: * / Disallow: /,candidate_unverified,none,mwbl-ingredient-evidence-filter-v1.1-fresh-kci
kci:phytic_acid:c72892b3b6adc6e8,kci,350,phytic_acid,파이틱애씨드,Phytic Acid,Phytic Acid,"[""\""Phytic Acid\"" skin""]",c72892b3b6adc6e8cc41377eb1d6356418b0b4778dc72adccf492ff0c0721ee4,mwbl-kci-approved-term-skin-context-v1.1,access_unavailable,,,0,0,0,N,not_run_robots_disallowed,2026-07-13T06:45:49Z,approved_terms_only,N,robots_disallowed,KCI robots.txt disallows / for User-agent: *; search was not requested,https://www.kci.go.kr/robots.txt,2026-07-13T06:45:49Z,d220f330732f1f47afbdd06b61fc3739164627b94f8cf365f9eefddcd3951911,User-agent: * / Disallow: /,candidate_unverified,none,mwbl-ingredient-evidence-filter-v1.1-fresh-kci
kci:ulmus_davidiana_root_extract:11eb23bf0f05374b,kci,351,ulmus_davidiana_root_extract,당느릅나무뿌리추출물,Ulmus Davidiana Root Extract,Ulmus Davidiana Root Extract,"[""\""Ulmus Davidiana Root Extract\"" skin""]",11eb23bf0f05374b12e28df3a13c0bb66a4b660c8579110cd6baed96a3754d13,mwbl-kci-approved-term-skin-context-v1.1,access_unavailable,,,0,0,0,N,not_run_robots_disallowed,2026-07-13T06:45:49Z,approved_terms_only,N,robots_disallowed,KCI robots.txt disallows / for User-agent: *; search was not requested,https://www.kci.go.kr/robots.txt,2026-07-13T06:45:49Z,d220f330732f1f47afbdd06b61fc3739164627b94f8cf365f9eefddcd3951911,User-agent: * / Disallow: /,candidate_unverified,none,mwbl-ingredient-evidence-filter-v1.1-fresh-kci
kci:calendula_officinalis_flower_extract:ade6c93d3909d393,kci,352,calendula_officinalis_flower_extract,포트마리골드꽃추출물,Calendula Officinalis Flower Extract,Calendula Officinalis Flower Extract,"[""\""Calendula Officinalis Flower Extract\"" skin""]",ade6c93d3909d3934aa400e48dfa06e143a228ac083fb822c8d4002b654d0d31,mwbl-kci-approved-term-skin-context-v1.1,access_unavailable,,,0,0,0,N,not_run_robots_disallowed,2026-07-13T06:45:49Z,approved_terms_only,N,robots_disallowed,KCI robots.txt disallows / for User-agent: *; search was not requested,https://www.kci.go.kr/robots.txt,2026-07-13T06:45:49Z,d220f330732f1f47afbdd06b61fc3739164627b94f8cf365f9eefddcd3951911,User-agent: * / Disallow: /,candidate_unverified,none,mwbl-ingredient-evidence-filter-v1.1-fresh-kci
kci:theobroma_cacao_cocoa_seed_butter:9559f42f6e5b09a6,kci,353,theobroma_cacao_cocoa_seed_butter,카카오씨버터,Theobroma Cacao (Cocoa) Seed Butter,Theobroma Cacao (Cocoa) Seed Butter|Cocoa butter,"[""\""Theobroma Cacao (Cocoa) Seed Butter\"" skin"",""\""Cocoa butter\"" skin""]",9559f42f6e5b09a6151e0206521eb63967a2902f66f058b96ade637b2e8f1143,mwbl-kci-approved-term-skin-context-v1.1,access_unavailable,,,0,0,0,N,not_run_robots_disallowed,2026-07-13T06:45:49Z,approved_terms_only,N,robots_disallowed,KCI robots.txt disallows / for User-agent: *; search was not requested,https://www.kci.go.kr/robots.txt,2026-07-13T06:45:49Z,d220f330732f1f47afbdd06b61fc3739164627b94f8cf365f9eefddcd3951911,User-agent: * / Disallow: /,candidate_unverified,none,mwbl-ingredient-evidence-filter-v1.1-fresh-kci
kci:polymethyl_methacrylate:5e249675c5624852,kci,354,polymethyl_methacrylate,폴리메틸메타크릴레이트,Polymethyl Methacrylate,Polymethyl Methacrylate,"[""\""Polymethyl Methacrylate\"" skin""]",5e249675c5624852bbd5d0843775d16f81a35bff6e73d78b63ef8222302c2cbd,mwbl-kci-approved-term-skin-context-v1.1,access_unavailable,,,0,0,0,N,not_run_robots_disallowed,2026-07-13T06:45:49Z,approved_terms_only,N,robots_disallowed,KCI robots.txt disallows / for User-agent: *; search was not requested,https://www.kci.go.kr/robots.txt,2026-07-13T06:45:49Z,d220f330732f1f47afbdd06b61fc3739164627b94f8cf365f9eefddcd3951911,User-agent: * / Disallow: /,candidate_unverified,none,mwbl-ingredient-evidence-filter-v1.1-fresh-kci
kci:hexyl_laurate:1505bdba12d9b080,kci,355,hexyl_laurate,헥실라우레이트,Hexyl Laurate,Hexyl Laurate,"[""\""Hexyl Laurate\"" skin""]",1505bdba12d9b0807764b9341fcf8e90c05c87f0247f6dae6ac02246630ff068,mwbl-kci-approved-term-skin-context-v1.1,access_unavailable,,,0,0,0,N,not_run_robots_disallowed,2026-07-13T06:45:49Z,approved_terms_only,N,robots_disallowed,KCI robots.txt disallows / for User-agent: *; search was not requested,https://www.kci.go.kr/robots.txt,2026-07-13T06:45:49Z,d220f330732f1f47afbdd06b61fc3739164627b94f8cf365f9eefddcd3951911,User-agent: * / Disallow: /,candidate_unverified,none,mwbl-ingredient-evidence-filter-v1.1-fresh-kci
kci:houttuynia_cordata_extract:7710e7af3cac0569,kci,356,houttuynia_cordata_extract,약모밀추출물,Houttuynia Cordata Extract,Houttuynia Cordata Extract,"[""\""Houttuynia Cordata Extract\"" skin""]",7710e7af3cac05692b0b1bf766327601afff45e1d9e47365fd133dbf908e1945,mwbl-kci-approved-term-skin-context-v1.1,access_unavailable,,,0,0,0,N,not_run_robots_disallowed,2026-07-13T06:45:49Z,approved_terms_only,N,robots_disallowed,KCI robots.txt disallows / for User-agent: *; search was not requested,https://www.kci.go.kr/robots.txt,2026-07-13T06:45:49Z,d220f330732f1f47afbdd06b61fc3739164627b94f8cf365f9eefddcd3951911,User-agent: * / Disallow: /,candidate_unverified,none,mwbl-ingredient-evidence-filter-v1.1-fresh-kci
kci:glyceryl_acrylate_acrylic_acid_copolymer:56cb0f740302ec52,kci,357,glyceryl_acrylate_acrylic_acid_copolymer,글리세릴아크릴레이트/아크릴릭애씨드코폴리머,Glyceryl Acrylate/Acrylic Acid Copolymer,Glyceryl Acrylate/Acrylic Acid Copolymer,"[""\""Glyceryl Acrylate/Acrylic Acid Copolymer\"" skin""]",56cb0f740302ec525fdb31364db50cf864b37f0d4b501b6a94fe3b4a705cf2bf,mwbl-kci-approved-term-skin-context-v1.1,access_unavailable,,,0,0,0,N,not_run_robots_disallowed,2026-07-13T06:45:49Z,approved_terms_only,N,robots_disallowed,KCI robots.txt disallows / for User-agent: *; search was not requested,https://www.kci.go.kr/robots.txt,2026-07-13T06:45:49Z,d220f330732f1f47afbdd06b61fc3739164627b94f8cf365f9eefddcd3951911,User-agent: * / Disallow: /,candidate_unverified,none,mwbl-ingredient-evidence-filter-v1.1-fresh-kci
kci:phytosterols:fed8902b63f0d04e,kci,358,phytosterols,피토스테롤,Phytosterols,Phytosterols,"[""\""Phytosterols\"" skin""]",fed8902b63f0d04ed2a11b8bcf3f8278970871e88666aebe56aec972e3261a77,mwbl-kci-approved-term-skin-context-v1.1,access_unavailable,,,0,0,0,N,not_run_robots_disallowed,2026-07-13T06:45:49Z,approved_terms_only,N,robots_disallowed,KCI robots.txt disallows / for User-agent: *; search was not requested,https://www.kci.go.kr/robots.txt,2026-07-13T06:45:49Z,d220f330732f1f47afbdd06b61fc3739164627b94f8cf365f9eefddcd3951911,User-agent: * / Disallow: /,candidate_unverified,none,mwbl-ingredient-evidence-filter-v1.1-fresh-kci
kci:portulaca_oleracea_extract:d9298b4a4e066bfe,kci,359,portulaca_oleracea_extract,쇠비름추출물,Portulaca Oleracea Extract,Portulaca Oleracea Extract,"[""\""Portulaca Oleracea Extract\"" skin""]",d9298b4a4e066bfe4a691d27a7579e9d170e1b726c191da3bb4614f69bd4fb17,mwbl-kci-approved-term-skin-context-v1.1,access_unavailable,,,0,0,0,N,not_run_robots_disallowed,2026-07-13T06:45:49Z,approved_terms_only,N,robots_disallowed,KCI robots.txt disallows / for User-agent: *; search was not requested,https://www.kci.go.kr/robots.txt,2026-07-13T06:45:49Z,d220f330732f1f47afbdd06b61fc3739164627b94f8cf365f9eefddcd3951911,User-agent: * / Disallow: /,candidate_unverified,none,mwbl-ingredient-evidence-filter-v1.1-fresh-kci
kci:caramel:1c3ae50a2eb92966,kci,360,caramel,카라멜,Caramel,Caramel,"[""\""Caramel\"" skin""]",1c3ae50a2eb929666d8893ce357ad72eafe45c85efbada451a77fa6348e7357b,mwbl-kci-approved-term-skin-context-v1.1,access_unavailable,,,0,0,0,N,not_run_robots_disallowed,2026-07-13T06:45:49Z,approved_terms_only,N,robots_disallowed,KCI robots.txt disallows / for User-agent: *; search was not requested,https://www.kci.go.kr/robots.txt,2026-07-13T06:45:49Z,d220f330732f1f47afbdd06b61fc3739164627b94f8cf365f9eefddcd3951911,User-agent: * / Disallow: /,candidate_unverified,none,mwbl-ingredient-evidence-filter-v1.1-fresh-kci
kci:farnesol:786af401bf416b4e,kci,361,farnesol,파네솔,Farnesol,Farnesol,"[""\""Farnesol\"" skin""]",786af401bf416b4ee373bb9d7cf8c0521ce0c935221eb867171fe354127bf028,mwbl-kci-approved-term-skin-context-v1.1,access_unavailable,,,0,0,0,N,not_run_robots_disallowed,2026-07-13T06:45:49Z,approved_terms_only,N,robots_disallowed,KCI robots.txt disallows / for User-agent: *; search was not requested,https://www.kci.go.kr/robots.txt,2026-07-13T06:45:49Z,d220f330732f1f47afbdd06b61fc3739164627b94f8cf365f9eefddcd3951911,User-agent: * / Disallow: /,candidate_unverified,none,mwbl-ingredient-evidence-filter-v1.1-fresh-kci
kci:potassium_chloride:bd3b94356308df97,kci,362,potassium_chloride,포타슘클로라이드,Potassium Chloride,Potassium Chloride,"[""\""Potassium Chloride\"" skin""]",bd3b94356308df974f83386e15801ec00015e81578e68e0d57da482e99ab23e9,mwbl-kci-approved-term-skin-context-v1.1,access_unavailable,,,0,0,0,N,not_run_robots_disallowed,2026-07-13T06:45:49Z,approved_terms_only,N,robots_disallowed,KCI robots.txt disallows / for User-agent: *; search was not requested,https://www.kci.go.kr/robots.txt,2026-07-13T06:45:49Z,d220f330732f1f47afbdd06b61fc3739164627b94f8cf365f9eefddcd3951911,User-agent: * / Disallow: /,candidate_unverified,none,mwbl-ingredient-evidence-filter-v1.1-fresh-kci
kci:sodium_c14_16_olefin_sulfonate:a6c5ddf8f3ee3d82,kci,363,sodium_c14_16_olefin_sulfonate,소듐C14-16올레핀설포네이트,Sodium C14-16 Olefin Sulfonate,Sodium C14-16 Olefin Sulfonate,"[""\""Sodium C14-16 Olefin Sulfonate\"" skin""]",a6c5ddf8f3ee3d8247a77bb1a361a84e7bf8d20b56d37da6602c80615f6baeb2,mwbl-kci-approved-term-skin-context-v1.1,access_unavailable,,,0,0,0,N,not_run_robots_disallowed,2026-07-13T06:45:49Z,approved_terms_only,N,robots_disallowed,KCI robots.txt disallows / for User-agent: *; search was not requested,https://www.kci.go.kr/robots.txt,2026-07-13T06:45:49Z,d220f330732f1f47afbdd06b61fc3739164627b94f8cf365f9eefddcd3951911,User-agent: * / Disallow: /,candidate_unverified,none,mwbl-ingredient-evidence-filter-v1.1-fresh-kci
kci:citrus_limon_lemon_fruit_extract:f915e0f81c4c1f0d,kci,364,citrus_limon_lemon_fruit_extract,레몬추출물,Citrus Limon (Lemon) Fruit Extract,Citrus Limon (Lemon) Fruit Extract|Citrus Medica Limonum (Lemon) Fruit Extract,"[""\""Citrus Limon (Lemon) Fruit Extract\"" skin"",""\""Citrus Medica Limonum (Lemon) Fruit Extract\"" skin""]",f915e0f81c4c1f0daeb29a85a4254e27e242dd86c6975d320bd3e5b0cdb1512f,mwbl-kci-approved-term-skin-context-v1.1,access_unavailable,,,0,0,0,N,not_run_robots_disallowed,2026-07-13T06:45:49Z,approved_terms_only,N,robots_disallowed,KCI robots.txt disallows / for User-agent: *; search was not requested,https://www.kci.go.kr/robots.txt,2026-07-13T06:45:49Z,d220f330732f1f47afbdd06b61fc3739164627b94f8cf365f9eefddcd3951911,User-agent: * / Disallow: /,candidate_unverified,none,mwbl-ingredient-evidence-filter-v1.1-fresh-kci
kci:capryloyl_salicylic_acid:c2d51a240b648ca8,kci,365,capryloyl_salicylic_acid,카프릴로일살리실릭애씨드,Capryloyl Salicylic Acid,Capryloyl Salicylic Acid,"[""\""Capryloyl Salicylic Acid\"" skin""]",c2d51a240b648ca8f7dcede55f7331745c4510e4994e37f955addf1ee5245566,mwbl-kci-approved-term-skin-context-v1.1,access_unavailable,,,0,0,0,N,not_run_robots_disallowed,2026-07-13T06:45:49Z,approved_terms_only,N,robots_disallowed,KCI robots.txt disallows / for User-agent: *; search was not requested,https://www.kci.go.kr/robots.txt,2026-07-13T06:45:49Z,d220f330732f1f47afbdd06b61fc3739164627b94f8cf365f9eefddcd3951911,User-agent: * / Disallow: /,candidate_unverified,none,mwbl-ingredient-evidence-filter-v1.1-fresh-kci
kci:polyglyceryl_6_polyricinoleate:899e241c6c688c59,kci,366,polyglyceryl_6_polyricinoleate,폴리글리세릴-6폴리리시놀리에이트,Polyglyceryl-6 Polyricinoleate,Polyglyceryl-6 Polyricinoleate,"[""\""Polyglyceryl-6 Polyricinoleate\"" skin""]",899e241c6c688c5905a74f2ea2707c1c99a27892d45e0a79344375cfb70428a3,mwbl-kci-approved-term-skin-context-v1.1,access_unavailable,,,0,0,0,N,not_run_robots_disallowed,2026-07-13T06:45:49Z,approved_terms_only,N,robots_disallowed,KCI robots.txt disallows / for User-agent: *; search was not requested,https://www.kci.go.kr/robots.txt,2026-07-13T06:45:49Z,d220f330732f1f47afbdd06b61fc3739164627b94f8cf365f9eefddcd3951911,User-agent: * / Disallow: /,candidate_unverified,none,mwbl-ingredient-evidence-filter-v1.1-fresh-kci
kci:eucalyptus_globulus_leaf_oil:da59db59e8c70f29,kci,367,eucalyptus_globulus_leaf_oil,유칼립투스잎오일,Eucalyptus Globulus Leaf Oil,Eucalyptus Globulus Leaf Oil,"[""\""Eucalyptus Globulus Leaf Oil\"" skin""]",da59db59e8c70f29104df26d653445e2a44599daa4dc5ef90739db16770a4b18,mwbl-kci-approved-term-skin-context-v1.1,access_unavailable,,,0,0,0,N,not_run_robots_disallowed,2026-07-13T06:45:49Z,approved_terms_only,N,robots_disallowed,KCI robots.txt disallows / for User-agent: *; search was not requested,https://www.kci.go.kr/robots.txt,2026-07-13T06:45:49Z,d220f330732f1f47afbdd06b61fc3739164627b94f8cf365f9eefddcd3951911,User-agent: * / Disallow: /,candidate_unverified,none,mwbl-ingredient-evidence-filter-v1.1-fresh-kci
kci:cyanocobalamin:0214b742795fd9da,kci,368,cyanocobalamin,사이아노코발아민,Cyanocobalamin,Cyanocobalamin,"[""\""Cyanocobalamin\"" skin""]",0214b742795fd9da06ee41be6451c01f6e053deffcf7405239c5508157eb1437,mwbl-kci-approved-term-skin-context-v1.1,access_unavailable,,,0,0,0,N,not_run_robots_disallowed,2026-07-13T06:45:49Z,approved_terms_only,N,robots_disallowed,KCI robots.txt disallows / for User-agent: *; search was not requested,https://www.kci.go.kr/robots.txt,2026-07-13T06:45:49Z,d220f330732f1f47afbdd06b61fc3739164627b94f8cf365f9eefddcd3951911,User-agent: * / Disallow: /,candidate_unverified,none,mwbl-ingredient-evidence-filter-v1.1-fresh-kci
kci:dicaprylyl_ether:bfc2f74f01100223,kci,369,dicaprylyl_ether,다이카프릴릴에터,Dicaprylyl Ether,Dicaprylyl Ether,"[""\""Dicaprylyl Ether\"" skin""]",bfc2f74f01100223f35c4b422057a53e7454d1e6d117f5a95e0c7cba30424003,mwbl-kci-approved-term-skin-context-v1.1,access_unavailable,,,0,0,0,N,not_run_robots_disallowed,2026-07-13T06:45:49Z,approved_terms_only,N,robots_disallowed,KCI robots.txt disallows / for User-agent: *; search was not requested,https://www.kci.go.kr/robots.txt,2026-07-13T06:45:49Z,d220f330732f1f47afbdd06b61fc3739164627b94f8cf365f9eefddcd3951911,User-agent: * / Disallow: /,candidate_unverified,none,mwbl-ingredient-evidence-filter-v1.1-fresh-kci
kci:peg_60_hydrogenated_castor_oil:075883181bb5ddb4,kci,370,peg_60_hydrogenated_castor_oil,피이지-60하이드로제네이티드캐스터오일,PEG-60 Hydrogenated Castor Oil,PEG-60 Hydrogenated Castor Oil,"[""\""PEG-60 Hydrogenated Castor Oil\"" skin""]",075883181bb5ddb467c5246040b74a5267b4d676bcf614bea66082b85114e37d,mwbl-kci-approved-term-skin-context-v1.1,access_unavailable,,,0,0,0,N,not_run_robots_disallowed,2026-07-13T06:45:49Z,approved_terms_only,N,robots_disallowed,KCI robots.txt disallows / for User-agent: *; search was not requested,https://www.kci.go.kr/robots.txt,2026-07-13T06:45:49Z,d220f330732f1f47afbdd06b61fc3739164627b94f8cf365f9eefddcd3951911,User-agent: * / Disallow: /,candidate_unverified,none,mwbl-ingredient-evidence-filter-v1.1-fresh-kci
kci:sodium_polyacryloyldimethyl_taurate:ec94f349c91b99c6,kci,371,sodium_polyacryloyldimethyl_taurate,소듐폴리아크릴로일다이메틸타우레이트,Sodium Polyacryloyldimethyl Taurate,Sodium Polyacryloyldimethyl Taurate,"[""\""Sodium Polyacryloyldimethyl Taurate\"" skin""]",ec94f349c91b99c602eef56e7ddb79e03ccbde03de055f877d86bfc5f83e3341,mwbl-kci-approved-term-skin-context-v1.1,access_unavailable,,,0,0,0,N,not_run_robots_disallowed,2026-07-13T06:45:49Z,approved_terms_only,N,robots_disallowed,KCI robots.txt disallows / for User-agent: *; search was not requested,https://www.kci.go.kr/robots.txt,2026-07-13T06:45:49Z,d220f330732f1f47afbdd06b61fc3739164627b94f8cf365f9eefddcd3951911,User-agent: * / Disallow: /,candidate_unverified,none,mwbl-ingredient-evidence-filter-v1.1-fresh-kci
kci:sodium_dna:c57d6969929663cf,kci,372,sodium_dna,소듐디엔에이,Sodium DNA,Sodium DNA,"[""\""Sodium DNA\"" skin""]",c57d6969929663cf5b0702d7d48a7f20e41daa8114f45015411d506ff58b085e,mwbl-kci-approved-term-skin-context-v1.1,access_unavailable,,,0,0,0,N,not_run_robots_disallowed,2026-07-13T06:45:49Z,approved_terms_only,N,robots_disallowed,KCI robots.txt disallows / for User-agent: *; search was not requested,https://www.kci.go.kr/robots.txt,2026-07-13T06:45:49Z,d220f330732f1f47afbdd06b61fc3739164627b94f8cf365f9eefddcd3951911,User-agent: * / Disallow: /,candidate_unverified,none,mwbl-ingredient-evidence-filter-v1.1-fresh-kci
kci:pullulan:59de556e3e14c946,kci,373,pullulan,풀루란,Pullulan,Pullulan,"[""\""Pullulan\"" skin""]",59de556e3e14c946a9dfb3b6beabf2c4ef094dad016380d3991618d3b8952132,mwbl-kci-approved-term-skin-context-v1.1,access_unavailable,,,0,0,0,N,not_run_robots_disallowed,2026-07-13T06:45:49Z,approved_terms_only,N,robots_disallowed,KCI robots.txt disallows / for User-agent: *; search was not requested,https://www.kci.go.kr/robots.txt,2026-07-13T06:45:49Z,d220f330732f1f47afbdd06b61fc3739164627b94f8cf365f9eefddcd3951911,User-agent: * / Disallow: /,candidate_unverified,none,mwbl-ingredient-evidence-filter-v1.1-fresh-kci
kci:algin:47832bb9c6bcfee1,kci,374,algin,알진,Algin,Algin,"[""\""Algin\"" skin""]",47832bb9c6bcfee14631fdfc85fb5046cb69055274d4797d92a54d8cc4466f55,mwbl-kci-approved-term-skin-context-v1.1,access_unavailable,,,0,0,0,N,not_run_robots_disallowed,2026-07-13T06:45:49Z,approved_terms_only,N,robots_disallowed,KCI robots.txt disallows / for User-agent: *; search was not requested,https://www.kci.go.kr/robots.txt,2026-07-13T06:45:49Z,d220f330732f1f47afbdd06b61fc3739164627b94f8cf365f9eefddcd3951911,User-agent: * / Disallow: /,candidate_unverified,none,mwbl-ingredient-evidence-filter-v1.1-fresh-kci
kci:zea_mays_corn_starch:4e31fd5d4e8c5279,kci,375,zea_mays_corn_starch,옥수수전분,Zea Mays (Corn) Starch,Zea Mays (Corn) Starch,"[""\""Zea Mays (Corn) Starch\"" skin""]",4e31fd5d4e8c5279e0698dc3bb970016d22b191abf4446859a2eef78cd365e8f,mwbl-kci-approved-term-skin-context-v1.1,access_unavailable,,,0,0,0,N,not_run_robots_disallowed,2026-07-13T06:45:49Z,approved_terms_only,N,robots_disallowed,KCI robots.txt disallows / for User-agent: *; search was not requested,https://www.kci.go.kr/robots.txt,2026-07-13T06:45:49Z,d220f330732f1f47afbdd06b61fc3739164627b94f8cf365f9eefddcd3951911,User-agent: * / Disallow: /,candidate_unverified,none,mwbl-ingredient-evidence-filter-v1.1-fresh-kci
kci:microcrystalline_cellulose:e40f95894c82ffef,kci,376,microcrystalline_cellulose,마이크로크리스탈린셀룰로오스,Microcrystalline Cellulose,Microcrystalline Cellulose,"[""\""Microcrystalline Cellulose\"" skin""]",e40f95894c82ffefc5adc090b432eaccb50d3ff9c013a5fb035da9a438aff41b,mwbl-kci-approved-term-skin-context-v1.1,access_unavailable,,,0,0,0,N,not_run_robots_disallowed,2026-07-13T06:45:49Z,approved_terms_only,N,robots_disallowed,KCI robots.txt disallows / for User-agent: *; search was not requested,https://www.kci.go.kr/robots.txt,2026-07-13T06:45:49Z,d220f330732f1f47afbdd06b61fc3739164627b94f8cf365f9eefddcd3951911,User-agent: * / Disallow: /,candidate_unverified,none,mwbl-ingredient-evidence-filter-v1.1-fresh-kci
kci:biosaccharide_gum_1:f1feeebb543222b4,kci,377,biosaccharide_gum_1,바이오사카라이드검-1,Biosaccharide Gum-1,Biosaccharide Gum-1,"[""\""Biosaccharide Gum-1\"" skin""]",f1feeebb543222b47213dd42ca62037e71bde6525ef424b47203ee49188f9e13,mwbl-kci-approved-term-skin-context-v1.1,access_unavailable,,,0,0,0,N,not_run_robots_disallowed,2026-07-13T06:45:49Z,approved_terms_only,N,robots_disallowed,KCI robots.txt disallows / for User-agent: *; search was not requested,https://www.kci.go.kr/robots.txt,2026-07-13T06:45:49Z,d220f330732f1f47afbdd06b61fc3739164627b94f8cf365f9eefddcd3951911,User-agent: * / Disallow: /,candidate_unverified,none,mwbl-ingredient-evidence-filter-v1.1-fresh-kci
kci:gardenia_florida_fruit_extract:7109cfeff7fc6c4c,kci,378,gardenia_florida_fruit_extract,치자추출물,Gardenia Florida Fruit Extract,Gardenia Florida Fruit Extract,"[""\""Gardenia Florida Fruit Extract\"" skin""]",7109cfeff7fc6c4c8114813d6e6ef2b34e689add329f40512f8787db40b378cf,mwbl-kci-approved-term-skin-context-v1.1,access_unavailable,,,0,0,0,N,not_run_robots_disallowed,2026-07-13T06:45:49Z,approved_terms_only,N,robots_disallowed,KCI robots.txt disallows / for User-agent: *; search was not requested,https://www.kci.go.kr/robots.txt,2026-07-13T06:45:49Z,d220f330732f1f47afbdd06b61fc3739164627b94f8cf365f9eefddcd3951911,User-agent: * / Disallow: /,candidate_unverified,none,mwbl-ingredient-evidence-filter-v1.1-fresh-kci
kci:fructooligosaccharides:2e439424aa08942e,kci,379,fructooligosaccharides,프룩토올리고사카라이드,Fructooligosaccharides,Fructooligosaccharides,"[""\""Fructooligosaccharides\"" skin""]",2e439424aa08942e4f97285d098ea4e5b956ce82aff64f87482fc69a64be6497,mwbl-kci-approved-term-skin-context-v1.1,access_unavailable,,,0,0,0,N,not_run_robots_disallowed,2026-07-13T06:45:49Z,approved_terms_only,N,robots_disallowed,KCI robots.txt disallows / for User-agent: *; search was not requested,https://www.kci.go.kr/robots.txt,2026-07-13T06:45:49Z,d220f330732f1f47afbdd06b61fc3739164627b94f8cf365f9eefddcd3951911,User-agent: * / Disallow: /,candidate_unverified,none,mwbl-ingredient-evidence-filter-v1.1-fresh-kci
kci:synthetic_beeswax:975ef3e1114fa985,kci,380,synthetic_beeswax,합성비즈왁스,Synthetic Beeswax,Synthetic Beeswax,"[""\""Synthetic Beeswax\"" skin""]",975ef3e1114fa985fd64e0688a236b34819838f6c5cf4e3880ebfb3d9ded637d,mwbl-kci-approved-term-skin-context-v1.1,access_unavailable,,,0,0,0,N,not_run_robots_disallowed,2026-07-13T06:45:49Z,approved_terms_only,N,robots_disallowed,KCI robots.txt disallows / for User-agent: *; search was not requested,https://www.kci.go.kr/robots.txt,2026-07-13T06:45:49Z,d220f330732f1f47afbdd06b61fc3739164627b94f8cf365f9eefddcd3951911,User-agent: * / Disallow: /,candidate_unverified,none,mwbl-ingredient-evidence-filter-v1.1-fresh-kci
kci:propylparaben:cd2207cb6e2377f8,kci,381,propylparaben,프로필파라벤,Propylparaben,Propylparaben,"[""\""Propylparaben\"" skin""]",cd2207cb6e2377f8a4921cd115170cc1c59f06feeb9227cd874bb8bb9f52e426,mwbl-kci-approved-term-skin-context-v1.1,access_unavailable,,,0,0,0,N,not_run_robots_disallowed,2026-07-13T06:45:49Z,approved_terms_only,N,robots_disallowed,KCI robots.txt disallows / for User-agent: *; search was not requested,https://www.kci.go.kr/robots.txt,2026-07-13T06:45:49Z,d220f330732f1f47afbdd06b61fc3739164627b94f8cf365f9eefddcd3951911,User-agent: * / Disallow: /,candidate_unverified,none,mwbl-ingredient-evidence-filter-v1.1-fresh-kci
kci:acacia_senegal_gum:ba2a21eadbc7960a,kci,382,acacia_senegal_gum,아라비아고무나무검,Acacia Senegal Gum,Acacia Senegal Gum,"[""\""Acacia Senegal Gum\"" skin""]",ba2a21eadbc7960a1df9e2c364c414f5946ab353b33634ff989b728e3bc7d4af,mwbl-kci-approved-term-skin-context-v1.1,access_unavailable,,,0,0,0,N,not_run_robots_disallowed,2026-07-13T06:45:49Z,approved_terms_only,N,robots_disallowed,KCI robots.txt disallows / for User-agent: *; search was not requested,https://www.kci.go.kr/robots.txt,2026-07-13T06:45:49Z,d220f330732f1f47afbdd06b61fc3739164627b94f8cf365f9eefddcd3951911,User-agent: * / Disallow: /,candidate_unverified,none,mwbl-ingredient-evidence-filter-v1.1-fresh-kci
kci:ectoin:a34cbb7859145395,kci,383,ectoin,엑토인,Ectoin,Ectoin,"[""\""Ectoin\"" skin""]",a34cbb78591453952bb22a762cbde8eb10250c04e1242dfc9aaadd267556fb1d,mwbl-kci-approved-term-skin-context-v1.1,access_unavailable,,,0,0,0,N,not_run_robots_disallowed,2026-07-13T06:45:49Z,approved_terms_only,N,robots_disallowed,KCI robots.txt disallows / for User-agent: *; search was not requested,https://www.kci.go.kr/robots.txt,2026-07-13T06:45:49Z,d220f330732f1f47afbdd06b61fc3739164627b94f8cf365f9eefddcd3951911,User-agent: * / Disallow: /,candidate_unverified,none,mwbl-ingredient-evidence-filter-v1.1-fresh-kci
kci:phenethyl_alcohol:4e21f82c95f184cc,kci,384,phenethyl_alcohol,페네틸알코올,Phenethyl Alcohol,Phenethyl Alcohol,"[""\""Phenethyl Alcohol\"" skin""]",4e21f82c95f184cc044cdaa7873ef06fbad0b5ed05411f938643b910c3587469,mwbl-kci-approved-term-skin-context-v1.1,access_unavailable,,,0,0,0,N,not_run_robots_disallowed,2026-07-13T06:45:49Z,approved_terms_only,N,robots_disallowed,KCI robots.txt disallows / for User-agent: *; search was not requested,https://www.kci.go.kr/robots.txt,2026-07-13T06:45:49Z,d220f330732f1f47afbdd06b61fc3739164627b94f8cf365f9eefddcd3951911,User-agent: * / Disallow: /,candidate_unverified,none,mwbl-ingredient-evidence-filter-v1.1-fresh-kci
kci:salix_alba_willow_bark_extract:40bd96ab53250de0,kci,385,salix_alba_willow_bark_extract,흰버드나무껍질추출물,Salix Alba (Willow) Bark Extract,Salix Alba (Willow) Bark Extract,"[""\""Salix Alba (Willow) Bark Extract\"" skin""]",40bd96ab53250de0abd545326574b7f92ff432966c91f4b118b07a3aaf4d8ef7,mwbl-kci-approved-term-skin-context-v1.1,access_unavailable,,,0,0,0,N,not_run_robots_disallowed,2026-07-13T06:45:49Z,approved_terms_only,N,robots_disallowed,KCI robots.txt disallows / for User-agent: *; search was not requested,https://www.kci.go.kr/robots.txt,2026-07-13T06:45:49Z,d220f330732f1f47afbdd06b61fc3739164627b94f8cf365f9eefddcd3951911,User-agent: * / Disallow: /,candidate_unverified,none,mwbl-ingredient-evidence-filter-v1.1-fresh-kci
kci:gluconolactone:eb8771b752fc3837,kci,386,gluconolactone,글루코노락톤,Gluconolactone,Gluconolactone,"[""\""Gluconolactone\"" skin""]",eb8771b752fc3837cdab624a3645a091f0b0bed1b66177a90aa4b87a3dde0444,mwbl-kci-approved-term-skin-context-v1.1,access_unavailable,,,0,0,0,N,not_run_robots_disallowed,2026-07-13T06:45:49Z,approved_terms_only,N,robots_disallowed,KCI robots.txt disallows / for User-agent: *; search was not requested,https://www.kci.go.kr/robots.txt,2026-07-13T06:45:49Z,d220f330732f1f47afbdd06b61fc3739164627b94f8cf365f9eefddcd3951911,User-agent: * / Disallow: /,candidate_unverified,none,mwbl-ingredient-evidence-filter-v1.1-fresh-kci
kci:polyglyceryl_4_caprate:c6287fc727c4dba0,kci,387,polyglyceryl_4_caprate,폴리글리세릴-4카프레이트,Polyglyceryl-4 Caprate,Polyglyceryl-4 Caprate,"[""\""Polyglyceryl-4 Caprate\"" skin""]",c6287fc727c4dba0663d9d554ec76621a2be6438bfc9778983f0994501b66e1d,mwbl-kci-approved-term-skin-context-v1.1,access_unavailable,,,0,0,0,N,not_run_robots_disallowed,2026-07-13T06:45:49Z,approved_terms_only,N,robots_disallowed,KCI robots.txt disallows / for User-agent: *; search was not requested,https://www.kci.go.kr/robots.txt,2026-07-13T06:45:49Z,d220f330732f1f47afbdd06b61fc3739164627b94f8cf365f9eefddcd3951911,User-agent: * / Disallow: /,candidate_unverified,none,mwbl-ingredient-evidence-filter-v1.1-fresh-kci
kci:hydrolyzed_vegetable_protein_pg_propyl_silanetriol:967576e74fa0c2ba,kci,388,hydrolyzed_vegetable_protein_pg_propyl_silanetriol,하이드롤라이즈드식물성단백질피지-프로필실란트라이올,Hydrolyzed Vegetable Protein PG-Propyl Silanetriol,Hydrolyzed Vegetable Protein PG-Propyl Silanetriol,"[""\""Hydrolyzed Vegetable Protein PG-Propyl Silanetriol\"" skin""]",967576e74fa0c2baec6fb5d6968d1625d130750e8199b6d99c3080e8888d1e12,mwbl-kci-approved-term-skin-context-v1.1,access_unavailable,,,0,0,0,N,not_run_robots_disallowed,2026-07-13T06:45:49Z,approved_terms_only,N,robots_disallowed,KCI robots.txt disallows / for User-agent: *; search was not requested,https://www.kci.go.kr/robots.txt,2026-07-13T06:45:49Z,d220f330732f1f47afbdd06b61fc3739164627b94f8cf365f9eefddcd3951911,User-agent: * / Disallow: /,candidate_unverified,none,mwbl-ingredient-evidence-filter-v1.1-fresh-kci
kci:acetyl_glucosamine:cbd709bc8dc63219,kci,389,acetyl_glucosamine,아세틸글루코사민,Acetyl Glucosamine,Acetyl Glucosamine,"[""\""Acetyl Glucosamine\"" skin""]",cbd709bc8dc632198c0535ad223ce540eafaf74ccefbd5a97f2bd5768be70465,mwbl-kci-approved-term-skin-context-v1.1,access_unavailable,,,0,0,0,N,not_run_robots_disallowed,2026-07-13T06:45:49Z,approved_terms_only,N,robots_disallowed,KCI robots.txt disallows / for User-agent: *; search was not requested,https://www.kci.go.kr/robots.txt,2026-07-13T06:45:49Z,d220f330732f1f47afbdd06b61fc3739164627b94f8cf365f9eefddcd3951911,User-agent: * / Disallow: /,candidate_unverified,none,mwbl-ingredient-evidence-filter-v1.1-fresh-kci
kci:acetyl_hexapeptide_8:bf1c637e038a496a,kci,390,acetyl_hexapeptide_8,아세틸헥사펩타이드-8,Acetyl Hexapeptide-8,Acetyl Hexapeptide-8,"[""\""Acetyl Hexapeptide-8\"" skin""]",bf1c637e038a496a23cef70d399cbc1a79184b4964348f0e97aab6b2b851cf9b,mwbl-kci-approved-term-skin-context-v1.1,access_unavailable,,,0,0,0,N,not_run_robots_disallowed,2026-07-13T06:45:49Z,approved_terms_only,N,robots_disallowed,KCI robots.txt disallows / for User-agent: *; search was not requested,https://www.kci.go.kr/robots.txt,2026-07-13T06:45:49Z,d220f330732f1f47afbdd06b61fc3739164627b94f8cf365f9eefddcd3951911,User-agent: * / Disallow: /,candidate_unverified,none,mwbl-ingredient-evidence-filter-v1.1-fresh-kci
kci:butylene_glycol_dicaprylate_dicaprate:416f6859e8914ef0,kci,391,butylene_glycol_dicaprylate_dicaprate,부틸렌글라이콜다이카프릴레이트/다이카프레이트,Butylene Glycol Dicaprylate/Dicaprate,Butylene Glycol Dicaprylate/Dicaprate,"[""\""Butylene Glycol Dicaprylate/Dicaprate\"" skin""]",416f6859e8914ef053f79bd01b81b5d425459df3e18a2af63e98db33ff626d92,mwbl-kci-approved-term-skin-context-v1.1,access_unavailable,,,0,0,0,N,not_run_robots_disallowed,2026-07-13T06:45:49Z,approved_terms_only,N,robots_disallowed,KCI robots.txt disallows / for User-agent: *; search was not requested,https://www.kci.go.kr/robots.txt,2026-07-13T06:45:49Z,d220f330732f1f47afbdd06b61fc3739164627b94f8cf365f9eefddcd3951911,User-agent: * / Disallow: /,candidate_unverified,none,mwbl-ingredient-evidence-filter-v1.1-fresh-kci
kci:potassium_hyaluronate:b9ce5fd6a2d8a4d3,kci,392,potassium_hyaluronate,포타슘하이알루로네이트,Potassium Hyaluronate,Potassium Hyaluronate,"[""\""Potassium Hyaluronate\"" skin""]",b9ce5fd6a2d8a4d3a1d3c11fdca6410d26aaddb12a61e1398cca03677e9c4bbd,mwbl-kci-approved-term-skin-context-v1.1,access_unavailable,,,0,0,0,N,not_run_robots_disallowed,2026-07-13T06:45:49Z,approved_terms_only,N,robots_disallowed,KCI robots.txt disallows / for User-agent: *; search was not requested,https://www.kci.go.kr/robots.txt,2026-07-13T06:45:49Z,d220f330732f1f47afbdd06b61fc3739164627b94f8cf365f9eefddcd3951911,User-agent: * / Disallow: /,candidate_unverified,none,mwbl-ingredient-evidence-filter-v1.1-fresh-kci
kci:peg_9_polydimethylsiloxyethyl_dimethicone:9623c16e9ba75375,kci,393,peg_9_polydimethylsiloxyethyl_dimethicone,피이지-9폴리다이메틸실록시에틸다이메티콘,PEG-9 Polydimethylsiloxyethyl Dimethicone,PEG-9 Polydimethylsiloxyethyl Dimethicone,"[""\""PEG-9 Polydimethylsiloxyethyl Dimethicone\"" skin""]",9623c16e9ba753759c2bf3353d2e2135beceb98ee3f777200192843468a43181,mwbl-kci-approved-term-skin-context-v1.1,access_unavailable,,,0,0,0,N,not_run_robots_disallowed,2026-07-13T06:45:49Z,approved_terms_only,N,robots_disallowed,KCI robots.txt disallows / for User-agent: *; search was not requested,https://www.kci.go.kr/robots.txt,2026-07-13T06:45:49Z,d220f330732f1f47afbdd06b61fc3739164627b94f8cf365f9eefddcd3951911,User-agent: * / Disallow: /,candidate_unverified,none,mwbl-ingredient-evidence-filter-v1.1-fresh-kci
kci:daucus_carota_sativa_carrot_root_extract:f4b3bea88db94129,kci,394,daucus_carota_sativa_carrot_root_extract,당근추출물,Daucus Carota Sativa (Carrot) Root Extract,Daucus Carota Sativa (Carrot) Root Extract,"[""\""Daucus Carota Sativa (Carrot) Root Extract\"" skin""]",f4b3bea88db9412918621f049e191a4a2c8f5b92b80b69fa7253300cfa9960fc,mwbl-kci-approved-term-skin-context-v1.1,access_unavailable,,,0,0,0,N,not_run_robots_disallowed,2026-07-13T06:45:49Z,approved_terms_only,N,robots_disallowed,KCI robots.txt disallows / for User-agent: *; search was not requested,https://www.kci.go.kr/robots.txt,2026-07-13T06:45:49Z,d220f330732f1f47afbdd06b61fc3739164627b94f8cf365f9eefddcd3951911,User-agent: * / Disallow: /,candidate_unverified,none,mwbl-ingredient-evidence-filter-v1.1-fresh-kci
kci:acetic_acid:4dcf7551b1404e21,kci,395,acetic_acid,아세틱애씨드,Acetic Acid,Acetic Acid,"[""\""Acetic Acid\"" skin""]",4dcf7551b1404e21caf4f34f6588cf7a50e11ce290086dfa8e2cfd4714513e1d,mwbl-kci-approved-term-skin-context-v1.1,access_unavailable,,,0,0,0,N,not_run_robots_disallowed,2026-07-13T06:45:49Z,approved_terms_only,N,robots_disallowed,KCI robots.txt disallows / for User-agent: *; search was not requested,https://www.kci.go.kr/robots.txt,2026-07-13T06:45:49Z,d220f330732f1f47afbdd06b61fc3739164627b94f8cf365f9eefddcd3951911,User-agent: * / Disallow: /,candidate_unverified,none,mwbl-ingredient-evidence-filter-v1.1-fresh-kci
kci:euphorbia_cerifera_candelilla_wax:6f260379ad165fd7,kci,396,euphorbia_cerifera_candelilla_wax,칸데릴라왁스,Euphorbia Cerifera (Candelilla) Wax,Euphorbia Cerifera (Candelilla) Wax,"[""\""Euphorbia Cerifera (Candelilla) Wax\"" skin""]",6f260379ad165fd7511c20155634136a8a197922a9fee0cea2e7c3e95bb10b71,mwbl-kci-approved-term-skin-context-v1.1,access_unavailable,,,0,0,0,N,not_run_robots_disallowed,2026-07-13T06:45:49Z,approved_terms_only,N,robots_disallowed,KCI robots.txt disallows / for User-agent: *; search was not requested,https://www.kci.go.kr/robots.txt,2026-07-13T06:45:49Z,d220f330732f1f47afbdd06b61fc3739164627b94f8cf365f9eefddcd3951911,User-agent: * / Disallow: /,candidate_unverified,none,mwbl-ingredient-evidence-filter-v1.1-fresh-kci
kci:magnesium_myristate:ff572f5c8a6475f6,kci,397,magnesium_myristate,마그네슘미리스테이트,Magnesium Myristate,Magnesium Myristate,"[""\""Magnesium Myristate\"" skin""]",ff572f5c8a6475f62271e0c58eadc9e53ba2649ea7f524dc609c758c020fce5f,mwbl-kci-approved-term-skin-context-v1.1,access_unavailable,,,0,0,0,N,not_run_robots_disallowed,2026-07-13T06:45:49Z,approved_terms_only,N,robots_disallowed,KCI robots.txt disallows / for User-agent: *; search was not requested,https://www.kci.go.kr/robots.txt,2026-07-13T06:45:49Z,d220f330732f1f47afbdd06b61fc3739164627b94f8cf365f9eefddcd3951911,User-agent: * / Disallow: /,candidate_unverified,none,mwbl-ingredient-evidence-filter-v1.1-fresh-kci
kci:leucine:e71062ed3508501b,kci,398,leucine,류신,Leucine,Leucine,"[""\""Leucine\"" skin""]",e71062ed3508501b86d30b465d2a5824ec60e4987ada76fed542c7a02c3e41b8,mwbl-kci-approved-term-skin-context-v1.1,access_unavailable,,,0,0,0,N,not_run_robots_disallowed,2026-07-13T06:45:49Z,approved_terms_only,N,robots_disallowed,KCI robots.txt disallows / for User-agent: *; search was not requested,https://www.kci.go.kr/robots.txt,2026-07-13T06:45:49Z,d220f330732f1f47afbdd06b61fc3739164627b94f8cf365f9eefddcd3951911,User-agent: * / Disallow: /,candidate_unverified,none,mwbl-ingredient-evidence-filter-v1.1-fresh-kci
kci:dibutyl_adipate:2db88a12c6b3e446,kci,399,dibutyl_adipate,다이부틸아디페이트,Dibutyl Adipate,Dibutyl Adipate,"[""\""Dibutyl Adipate\"" skin""]",2db88a12c6b3e4467ce9d8018a73cf6047df25da560ecd151fc0b83e1a0085b3,mwbl-kci-approved-term-skin-context-v1.1,access_unavailable,,,0,0,0,N,not_run_robots_disallowed,2026-07-13T06:45:49Z,approved_terms_only,N,robots_disallowed,KCI robots.txt disallows / for User-agent: *; search was not requested,https://www.kci.go.kr/robots.txt,2026-07-13T06:45:49Z,d220f330732f1f47afbdd06b61fc3739164627b94f8cf365f9eefddcd3951911,User-agent: * / Disallow: /,candidate_unverified,none,mwbl-ingredient-evidence-filter-v1.1-fresh-kci
kci:hydroxypropyl_starch_phosphate:ce3b2f8754576143,kci,400,hydroxypropyl_starch_phosphate,하이드록시프로필스타치포스페이트,Hydroxypropyl Starch Phosphate,Hydroxypropyl Starch Phosphate,"[""\""Hydroxypropyl Starch Phosphate\"" skin""]",ce3b2f8754576143e625bf9d2db538877a8f6fb34a3f85803fc07076bea5caf7,mwbl-kci-approved-term-skin-context-v1.1,access_unavailable,,,0,0,0,N,not_run_robots_disallowed,2026-07-13T06:45:49Z,approved_terms_only,N,robots_disallowed,KCI robots.txt disallows / for User-agent: *; search was not requested,https://www.kci.go.kr/robots.txt,2026-07-13T06:45:49Z,d220f330732f1f47afbdd06b61fc3739164627b94f8cf365f9eefddcd3951911,User-agent: * / Disallow: /,candidate_unverified,none,mwbl-ingredient-evidence-filter-v1.1-fresh-kci
kci:hydrogenated_olive_oil_unsaponifiables:9e22962e5e9299b0,kci,401,hydrogenated_olive_oil_unsaponifiables,하이드로제네이티드올리브오일불검화물,Hydrogenated Olive Oil Unsaponifiables,Hydrogenated Olive Oil Unsaponifiables,"[""\""Hydrogenated Olive Oil Unsaponifiables\"" skin""]",9e22962e5e9299b0ec2a5253b6814e6ae16c9a0dd30c340b3b0519202d8be844,mwbl-kci-approved-term-skin-context-v1.1,access_unavailable,,,0,0,0,N,not_run_robots_disallowed,2026-07-13T06:45:49Z,approved_terms_only,N,robots_disallowed,KCI robots.txt disallows / for User-agent: *; search was not requested,https://www.kci.go.kr/robots.txt,2026-07-13T06:45:49Z,d220f330732f1f47afbdd06b61fc3739164627b94f8cf365f9eefddcd3951911,User-agent: * / Disallow: /,candidate_unverified,none,mwbl-ingredient-evidence-filter-v1.1-fresh-kci
kci:sodium_lauroyl_lactylate:3b83c09a9df83dd0,kci,402,sodium_lauroyl_lactylate,소듐라우로일락틸레이트,Sodium Lauroyl Lactylate,Sodium Lauroyl Lactylate,"[""\""Sodium Lauroyl Lactylate\"" skin""]",3b83c09a9df83dd071e963ff236217ed7910493a7ac2a0adefdf365782ef7658,mwbl-kci-approved-term-skin-context-v1.1,access_unavailable,,,0,0,0,N,not_run_robots_disallowed,2026-07-13T06:45:49Z,approved_terms_only,N,robots_disallowed,KCI robots.txt disallows / for User-agent: *; search was not requested,https://www.kci.go.kr/robots.txt,2026-07-13T06:45:49Z,d220f330732f1f47afbdd06b61fc3739164627b94f8cf365f9eefddcd3951911,User-agent: * / Disallow: /,candidate_unverified,none,mwbl-ingredient-evidence-filter-v1.1-fresh-kci
kci:melaleuca_alternifolia_tea_tree_leaf_oil:483f1da6a9da44b8,kci,403,melaleuca_alternifolia_tea_tree_leaf_oil,티트리잎오일,Melaleuca Alternifolia (Tea Tree) Leaf Oil,Melaleuca Alternifolia (Tea Tree) Leaf Oil,"[""\""Melaleuca Alternifolia (Tea Tree) Leaf Oil\"" skin""]",483f1da6a9da44b8c07110071ecdc47f46c90ab395dc6d9a87f9a1de34010c2a,mwbl-kci-approved-term-skin-context-v1.1,access_unavailable,,,0,0,0,N,not_run_robots_disallowed,2026-07-13T06:45:49Z,approved_terms_only,N,robots_disallowed,KCI robots.txt disallows / for User-agent: *; search was not requested,https://www.kci.go.kr/robots.txt,2026-07-13T06:45:49Z,d220f330732f1f47afbdd06b61fc3739164627b94f8cf365f9eefddcd3951911,User-agent: * / Disallow: /,candidate_unverified,none,mwbl-ingredient-evidence-filter-v1.1-fresh-kci
kci:brilliant_blue_fcf:ea1f31fc608d1f1c,kci,405,brilliant_blue_fcf,청색1호,Brilliant Blue FCF,Brilliant Blue FCF,"[""\""Brilliant Blue FCF\"" skin""]",ea1f31fc608d1f1cecf8325bcaf5b601bfc0568c0145f5d4b29f78ad9beecb29,mwbl-kci-approved-term-skin-context-v1.1,access_unavailable,,,0,0,0,N,not_run_robots_disallowed,2026-07-13T06:45:49Z,approved_terms_only,N,robots_disallowed,KCI robots.txt disallows / for User-agent: *; search was not requested,https://www.kci.go.kr/robots.txt,2026-07-13T06:45:49Z,d220f330732f1f47afbdd06b61fc3739164627b94f8cf365f9eefddcd3951911,User-agent: * / Disallow: /,candidate_unverified,none,mwbl-ingredient-evidence-filter-v1.1-fresh-kci
kci:butylene_ethylene_styrene_copolymer:ebf3467a4e577ef3,kci,406,butylene_ethylene_styrene_copolymer,부틸렌/에틸렌/스타이렌코폴리머,Butylene/Ethylene/Styrene Copolymer,Butylene/Ethylene/Styrene Copolymer,"[""\""Butylene/Ethylene/Styrene Copolymer\"" skin""]",ebf3467a4e577ef3ba7cbe827cc1d9ea829b7ad87059b8208f775beec2dc96f3,mwbl-kci-approved-term-skin-context-v1.1,access_unavailable,,,0,0,0,N,not_run_robots_disallowed,2026-07-13T06:45:49Z,approved_terms_only,N,robots_disallowed,KCI robots.txt disallows / for User-agent: *; search was not requested,https://www.kci.go.kr/robots.txt,2026-07-13T06:45:49Z,d220f330732f1f47afbdd06b61fc3739164627b94f8cf365f9eefddcd3951911,User-agent: * / Disallow: /,candidate_unverified,none,mwbl-ingredient-evidence-filter-v1.1-fresh-kci
kci:fructose:bcba9486854eaff4,kci,407,fructose,프룩토오스,Fructose,Fructose,"[""\""Fructose\"" skin""]",bcba9486854eaff487084b22d67067392403b70f6d31a033722bba9e2d2498e1,mwbl-kci-approved-term-skin-context-v1.1,access_unavailable,,,0,0,0,N,not_run_robots_disallowed,2026-07-13T06:45:49Z,approved_terms_only,N,robots_disallowed,KCI robots.txt disallows / for User-agent: *; search was not requested,https://www.kci.go.kr/robots.txt,2026-07-13T06:45:49Z,d220f330732f1f47afbdd06b61fc3739164627b94f8cf365f9eefddcd3951911,User-agent: * / Disallow: /,candidate_unverified,none,mwbl-ingredient-evidence-filter-v1.1-fresh-kci
kci:zingiber_officinale_ginger_root_extract:019e5ecd6113823f,kci,408,zingiber_officinale_ginger_root_extract,생강추출물,Zingiber Officinale (Ginger) Root Extract,Zingiber Officinale (Ginger) Root Extract,"[""\""Zingiber Officinale (Ginger) Root Extract\"" skin""]",019e5ecd6113823f794795376c9cf0e96b394e4650c2d81a71dd9ca593f71489,mwbl-kci-approved-term-skin-context-v1.1,access_unavailable,,,0,0,0,N,not_run_robots_disallowed,2026-07-13T06:45:49Z,approved_terms_only,N,robots_disallowed,KCI robots.txt disallows / for User-agent: *; search was not requested,https://www.kci.go.kr/robots.txt,2026-07-13T06:45:49Z,d220f330732f1f47afbdd06b61fc3739164627b94f8cf365f9eefddcd3951911,User-agent: * / Disallow: /,candidate_unverified,none,mwbl-ingredient-evidence-filter-v1.1-fresh-kci
kci:chondrus_crispus_extract:e9bfc880570468f6,kci,409,chondrus_crispus_extract,아이리쉬모스추출물,Chondrus Crispus Extract,Chondrus Crispus Extract,"[""\""Chondrus Crispus Extract\"" skin""]",e9bfc880570468f60887fad143d6e3135dc5e8ea6bdad84871bd7acbc9b97d8f,mwbl-kci-approved-term-skin-context-v1.1,access_unavailable,,,0,0,0,N,not_run_robots_disallowed,2026-07-13T06:45:49Z,approved_terms_only,N,robots_disallowed,KCI robots.txt disallows / for User-agent: *; search was not requested,https://www.kci.go.kr/robots.txt,2026-07-13T06:45:49Z,d220f330732f1f47afbdd06b61fc3739164627b94f8cf365f9eefddcd3951911,User-agent: * / Disallow: /,candidate_unverified,none,mwbl-ingredient-evidence-filter-v1.1-fresh-kci
kci:vp_eicosene_copolymer:15b0525ceaf1b6cf,kci,410,vp_eicosene_copolymer,브이피/에이코신코폴리머,VP/Eicosene Copolymer,VP/Eicosene Copolymer,"[""\""VP/Eicosene Copolymer\"" skin""]",15b0525ceaf1b6cf2152763b11aa67d7c67959fcb7a51f52b164ddefa08f73d9,mwbl-kci-approved-term-skin-context-v1.1,access_unavailable,,,0,0,0,N,not_run_robots_disallowed,2026-07-13T06:45:49Z,approved_terms_only,N,robots_disallowed,KCI robots.txt disallows / for User-agent: *; search was not requested,https://www.kci.go.kr/robots.txt,2026-07-13T06:45:49Z,d220f330732f1f47afbdd06b61fc3739164627b94f8cf365f9eefddcd3951911,User-agent: * / Disallow: /,candidate_unverified,none,mwbl-ingredient-evidence-filter-v1.1-fresh-kci
kci:polyglyceryl_10_stearate:80c883468a2edee2,kci,411,polyglyceryl_10_stearate,폴리글리세릴-10스테아레이트,Polyglyceryl-10 Stearate,Polyglyceryl-10 Stearate,"[""\""Polyglyceryl-10 Stearate\"" skin""]",80c883468a2edee26d6c40a84db317cd3a1cb051a09fdf5d8d96eb187969fbed,mwbl-kci-approved-term-skin-context-v1.1,access_unavailable,,,0,0,0,N,not_run_robots_disallowed,2026-07-13T06:45:49Z,approved_terms_only,N,robots_disallowed,KCI robots.txt disallows / for User-agent: *; search was not requested,https://www.kci.go.kr/robots.txt,2026-07-13T06:45:49Z,d220f330732f1f47afbdd06b61fc3739164627b94f8cf365f9eefddcd3951911,User-agent: * / Disallow: /,candidate_unverified,none,mwbl-ingredient-evidence-filter-v1.1-fresh-kci
kci:polyglutamic_acid:e5e67a96f51229e0,kci,412,polyglutamic_acid,폴리글루타믹애씨드,Polyglutamic Acid,Polyglutamic Acid,"[""\""Polyglutamic Acid\"" skin""]",e5e67a96f51229e02b0e2ff6ff41efa4e830e97f65e0ed073d1ed2d9868dc6da,mwbl-kci-approved-term-skin-context-v1.1,access_unavailable,,,0,0,0,N,not_run_robots_disallowed,2026-07-13T06:45:49Z,approved_terms_only,N,robots_disallowed,KCI robots.txt disallows / for User-agent: *; search was not requested,https://www.kci.go.kr/robots.txt,2026-07-13T06:45:49Z,d220f330732f1f47afbdd06b61fc3739164627b94f8cf365f9eefddcd3951911,User-agent: * / Disallow: /,candidate_unverified,none,mwbl-ingredient-evidence-filter-v1.1-fresh-kci
kci:palmitoyl_tripeptide_5:5d11cfbfb3e47940,kci,413,palmitoyl_tripeptide_5,팔미토일트라이펩타이드-5,Palmitoyl Tripeptide-5,Palmitoyl Tripeptide-5,"[""\""Palmitoyl Tripeptide-5\"" skin""]",5d11cfbfb3e4794044957aed0f8c3bf368712c4e7de8ffc17c15f9c90e5b9bed,mwbl-kci-approved-term-skin-context-v1.1,access_unavailable,,,0,0,0,N,not_run_robots_disallowed,2026-07-13T06:45:49Z,approved_terms_only,N,robots_disallowed,KCI robots.txt disallows / for User-agent: *; search was not requested,https://www.kci.go.kr/robots.txt,2026-07-13T06:45:49Z,d220f330732f1f47afbdd06b61fc3739164627b94f8cf365f9eefddcd3951911,User-agent: * / Disallow: /,candidate_unverified,none,mwbl-ingredient-evidence-filter-v1.1-fresh-kci
kci:tyrosine:cbad5a0602e92359,kci,414,tyrosine,타이로신,Tyrosine,Tyrosine,"[""\""Tyrosine\"" skin""]",cbad5a0602e9235975f275dda839e5c93c3810584b6db1d6e96dcae331a7f957,mwbl-kci-approved-term-skin-context-v1.1,access_unavailable,,,0,0,0,N,not_run_robots_disallowed,2026-07-13T06:45:49Z,approved_terms_only,N,robots_disallowed,KCI robots.txt disallows / for User-agent: *; search was not requested,https://www.kci.go.kr/robots.txt,2026-07-13T06:45:49Z,d220f330732f1f47afbdd06b61fc3739164627b94f8cf365f9eefddcd3951911,User-agent: * / Disallow: /,candidate_unverified,none,mwbl-ingredient-evidence-filter-v1.1-fresh-kci
kci:zinc_oxide:74523364717ce8db,kci,415,zinc_oxide,징크옥사이드,Zinc Oxide,Zinc Oxide,"[""\""Zinc Oxide\"" skin""]",74523364717ce8dbc113c694f9748eafb4d5c5e2dd76b3350d80b1f9026f8a61,mwbl-kci-approved-term-skin-context-v1.1,access_unavailable,,,0,0,0,N,not_run_robots_disallowed,2026-07-13T06:45:49Z,approved_terms_only,N,robots_disallowed,KCI robots.txt disallows / for User-agent: *; search was not requested,https://www.kci.go.kr/robots.txt,2026-07-13T06:45:49Z,d220f330732f1f47afbdd06b61fc3739164627b94f8cf365f9eefddcd3951911,User-agent: * / Disallow: /,candidate_unverified,none,mwbl-ingredient-evidence-filter-v1.1-fresh-kci
kci:sodium_lauroyl_glutamate:eff917bbbd7222fb,kci,416,sodium_lauroyl_glutamate,소듐라우로일글루타메이트,Sodium Lauroyl Glutamate,Sodium Lauroyl Glutamate,"[""\""Sodium Lauroyl Glutamate\"" skin""]",eff917bbbd7222fb58f471877bcdf776b769b872a12c76896dd1f92acfa26b29,mwbl-kci-approved-term-skin-context-v1.1,access_unavailable,,,0,0,0,N,not_run_robots_disallowed,2026-07-13T06:45:49Z,approved_terms_only,N,robots_disallowed,KCI robots.txt disallows / for User-agent: *; search was not requested,https://www.kci.go.kr/robots.txt,2026-07-13T06:45:49Z,d220f330732f1f47afbdd06b61fc3739164627b94f8cf365f9eefddcd3951911,User-agent: * / Disallow: /,candidate_unverified,none,mwbl-ingredient-evidence-filter-v1.1-fresh-kci
kci:3_o_ethyl_ascorbic_acid:6605f152efc5e8ac,kci,417,3_o_ethyl_ascorbic_acid,3-O-에틸아스코빅애씨드,3-O-Ethyl Ascorbic Acid,3-O-Ethyl Ascorbic Acid,"[""\""3-O-Ethyl Ascorbic Acid\"" skin""]",6605f152efc5e8acf06252d7af0481346b3627cdd789452e3b145d31ee711dff,mwbl-kci-approved-term-skin-context-v1.1,access_unavailable,,,0,0,0,N,not_run_robots_disallowed,2026-07-13T06:45:49Z,approved_terms_only,N,robots_disallowed,KCI robots.txt disallows / for User-agent: *; search was not requested,https://www.kci.go.kr/robots.txt,2026-07-13T06:45:49Z,d220f330732f1f47afbdd06b61fc3739164627b94f8cf365f9eefddcd3951911,User-agent: * / Disallow: /,candidate_unverified,none,mwbl-ingredient-evidence-filter-v1.1-fresh-kci
kci:aluminum_starch_octenylsuccinate:64dd0e0323f8fac4,kci,418,aluminum_starch_octenylsuccinate,알루미늄전분옥테닐석시네이트,Aluminum Starch Octenylsuccinate,Aluminum Starch Octenylsuccinate,"[""\""Aluminum Starch Octenylsuccinate\"" skin""]",64dd0e0323f8fac4bbe3c100fa25ff2e7da7fbce8e4e8291f5f3d0bee586e2e2,mwbl-kci-approved-term-skin-context-v1.1,access_unavailable,,,0,0,0,N,not_run_robots_disallowed,2026-07-13T06:45:49Z,approved_terms_only,N,robots_disallowed,KCI robots.txt disallows / for User-agent: *; search was not requested,https://www.kci.go.kr/robots.txt,2026-07-13T06:45:49Z,d220f330732f1f47afbdd06b61fc3739164627b94f8cf365f9eefddcd3951911,User-agent: * / Disallow: /,candidate_unverified,none,mwbl-ingredient-evidence-filter-v1.1-fresh-kci
kci:ppg_26_buteth_26:132ab5f45b55d5a5,kci,419,ppg_26_buteth_26,피피지-26-부테스-26,PPG-26-Buteth-26,PPG-26-Buteth-26,"[""\""PPG-26-Buteth-26\"" skin""]",132ab5f45b55d5a53c5c93fbd159b6a98c154dc2e707bb526f55bc1da127813c,mwbl-kci-approved-term-skin-context-v1.1,access_unavailable,,,0,0,0,N,not_run_robots_disallowed,2026-07-13T06:45:49Z,approved_terms_only,N,robots_disallowed,KCI robots.txt disallows / for User-agent: *; search was not requested,https://www.kci.go.kr/robots.txt,2026-07-13T06:45:49Z,d220f330732f1f47afbdd06b61fc3739164627b94f8cf365f9eefddcd3951911,User-agent: * / Disallow: /,candidate_unverified,none,mwbl-ingredient-evidence-filter-v1.1-fresh-kci
kci:prunus_armeniaca_apricot_kernel_oil:e90ea7316791357c,kci,420,prunus_armeniaca_apricot_kernel_oil,살구씨오일,Prunus Armeniaca (Apricot) Kernel Oil,Prunus Armeniaca (Apricot) Kernel Oil,"[""\""Prunus Armeniaca (Apricot) Kernel Oil\"" skin""]",e90ea7316791357c2fdfe5748cb5f66be947b58a8b7aaee6870aed74dc99fc73,mwbl-kci-approved-term-skin-context-v1.1,access_unavailable,,,0,0,0,N,not_run_robots_disallowed,2026-07-13T06:45:49Z,approved_terms_only,N,robots_disallowed,KCI robots.txt disallows / for User-agent: *; search was not requested,https://www.kci.go.kr/robots.txt,2026-07-13T06:45:49Z,d220f330732f1f47afbdd06b61fc3739164627b94f8cf365f9eefddcd3951911,User-agent: * / Disallow: /,candidate_unverified,none,mwbl-ingredient-evidence-filter-v1.1-fresh-kci
kci:hydrolyzed_glycosaminoglycans:72df88d9046d4980,kci,421,hydrolyzed_glycosaminoglycans,하이드롤라이즈드글라이코사미노글리칸,Hydrolyzed Glycosaminoglycans,Hydrolyzed Glycosaminoglycans,"[""\""Hydrolyzed Glycosaminoglycans\"" skin""]",72df88d9046d4980cef2da0542b599e17bf3d65a685675984225e6141b222036,mwbl-kci-approved-term-skin-context-v1.1,access_unavailable,,,0,0,0,N,not_run_robots_disallowed,2026-07-13T06:45:49Z,approved_terms_only,N,robots_disallowed,KCI robots.txt disallows / for User-agent: *; search was not requested,https://www.kci.go.kr/robots.txt,2026-07-13T06:45:49Z,d220f330732f1f47afbdd06b61fc3739164627b94f8cf365f9eefddcd3951911,User-agent: * / Disallow: /,candidate_unverified,none,mwbl-ingredient-evidence-filter-v1.1-fresh-kci
kci:polyglyceryl_10_oleate:0ae3800a3d0c632c,kci,422,polyglyceryl_10_oleate,폴리글리세릴-10올리에이트,Polyglyceryl-10 Oleate,Polyglyceryl-10 Oleate,"[""\""Polyglyceryl-10 Oleate\"" skin""]",0ae3800a3d0c632ce10ef7c1d1852e812e42bdcab3ff1b82aa6446d329a315cb,mwbl-kci-approved-term-skin-context-v1.1,access_unavailable,,,0,0,0,N,not_run_robots_disallowed,2026-07-13T06:45:49Z,approved_terms_only,N,robots_disallowed,KCI robots.txt disallows / for User-agent: *; search was not requested,https://www.kci.go.kr/robots.txt,2026-07-13T06:45:49Z,d220f330732f1f47afbdd06b61fc3739164627b94f8cf365f9eefddcd3951911,User-agent: * / Disallow: /,candidate_unverified,none,mwbl-ingredient-evidence-filter-v1.1-fresh-kci
kci:polyglyceryl_4_diisostearate_polyhydroxystearate_sebacate:98ddc07f21d354c0,kci,423,polyglyceryl_4_diisostearate_polyhydroxystearate_sebacate,폴리글리세릴-4다이아이소스테아레이트/폴리하이드록시스 테아레이트/세바케이트,Polyglyceryl-4 Diisostearate/Polyhydroxystearate/Sebacate,Polyglyceryl-4 Diisostearate/Polyhydroxystearate/Sebacate,"[""\""Polyglyceryl-4 Diisostearate/Polyhydroxystearate/Sebacate\"" skin""]",98ddc07f21d354c0c0d41c4c4d202762923adfe59331ab5113390fb4514d6878,mwbl-kci-approved-term-skin-context-v1.1,access_unavailable,,,0,0,0,N,not_run_robots_disallowed,2026-07-13T06:45:49Z,approved_terms_only,N,robots_disallowed,KCI robots.txt disallows / for User-agent: *; search was not requested,https://www.kci.go.kr/robots.txt,2026-07-13T06:45:49Z,d220f330732f1f47afbdd06b61fc3739164627b94f8cf365f9eefddcd3951911,User-agent: * / Disallow: /,candidate_unverified,none,mwbl-ingredient-evidence-filter-v1.1-fresh-kci
kci:oenothera_biennis_evening_primrose_oil:cd5afadcc8606382,kci,424,oenothera_biennis_evening_primrose_oil,달맞이꽃오일,Oenothera Biennis (Evening Primrose) Oil,Oenothera Biennis (Evening Primrose) Oil,"[""\""Oenothera Biennis (Evening Primrose) Oil\"" skin""]",cd5afadcc86063827627f37f60b1c5d8d05d17aadc9b19567c8b2e8653438339,mwbl-kci-approved-term-skin-context-v1.1,access_unavailable,,,0,0,0,N,not_run_robots_disallowed,2026-07-13T06:45:49Z,approved_terms_only,N,robots_disallowed,KCI robots.txt disallows / for User-agent: *; search was not requested,https://www.kci.go.kr/robots.txt,2026-07-13T06:45:49Z,d220f330732f1f47afbdd06b61fc3739164627b94f8cf365f9eefddcd3951911,User-agent: * / Disallow: /,candidate_unverified,none,mwbl-ingredient-evidence-filter-v1.1-fresh-kci
kci:sodium_acrylate_sodium_acryloyldimethyl_taurate_copolymer:3ba3c1872f86b1c0,kci,425,sodium_acrylate_sodium_acryloyldimethyl_taurate_copolymer,소듐아크릴레이트/소듐아크릴로일다이메틸타우레이트코폴 리머,Sodium Acrylate/Sodium Acryloyldimethyl Taurate Copolymer,Sodium Acrylate/Sodium Acryloyldimethyl Taurate Copolymer,"[""\""Sodium Acrylate/Sodium Acryloyldimethyl Taurate Copolymer\"" skin""]",3ba3c1872f86b1c0af202d6093d1636e271bdaa6acd4490940ca67cbb09d8dfd,mwbl-kci-approved-term-skin-context-v1.1,access_unavailable,,,0,0,0,N,not_run_robots_disallowed,2026-07-13T06:45:49Z,approved_terms_only,N,robots_disallowed,KCI robots.txt disallows / for User-agent: *; search was not requested,https://www.kci.go.kr/robots.txt,2026-07-13T06:45:49Z,d220f330732f1f47afbdd06b61fc3739164627b94f8cf365f9eefddcd3951911,User-agent: * / Disallow: /,candidate_unverified,none,mwbl-ingredient-evidence-filter-v1.1-fresh-kci
kci:methionine:a8275f85d0214c1d,kci,426,methionine,메티오닌,Methionine,Methionine,"[""\""Methionine\"" skin""]",a8275f85d0214c1d196e4558e114f87269133a52b0abbc4c9a9ce30562a39ce4,mwbl-kci-approved-term-skin-context-v1.1,access_unavailable,,,0,0,0,N,not_run_robots_disallowed,2026-07-13T06:45:49Z,approved_terms_only,N,robots_disallowed,KCI robots.txt disallows / for User-agent: *; search was not requested,https://www.kci.go.kr/robots.txt,2026-07-13T06:45:49Z,d220f330732f1f47afbdd06b61fc3739164627b94f8cf365f9eefddcd3951911,User-agent: * / Disallow: /,candidate_unverified,none,mwbl-ingredient-evidence-filter-v1.1-fresh-kci
kci:vp_hexadecene_copolymer:45a1c6a7a835a8e3,kci,427,vp_hexadecene_copolymer,브이피/헥사데센코폴리머,VP/Hexadecene Copolymer,VP/Hexadecene Copolymer,"[""\""VP/Hexadecene Copolymer\"" skin""]",45a1c6a7a835a8e33a716722032d001fd857075d04808bc0cbba5f04ee51a11c,mwbl-kci-approved-term-skin-context-v1.1,access_unavailable,,,0,0,0,N,not_run_robots_disallowed,2026-07-13T06:45:49Z,approved_terms_only,N,robots_disallowed,KCI robots.txt disallows / for User-agent: *; search was not requested,https://www.kci.go.kr/robots.txt,2026-07-13T06:45:49Z,d220f330732f1f47afbdd06b61fc3739164627b94f8cf365f9eefddcd3951911,User-agent: * / Disallow: /,candidate_unverified,none,mwbl-ingredient-evidence-filter-v1.1-fresh-kci
kci:copernicia_cerifera_carnauba_wax:b179759a6ac50b76,kci,428,copernicia_cerifera_carnauba_wax,카나우바왁스,Copernicia Cerifera (Carnauba) Wax,Copernicia Cerifera (Carnauba) Wax,"[""\""Copernicia Cerifera (Carnauba) Wax\"" skin""]",b179759a6ac50b76b211e887b22c90de83b78034ba1865a09f2bcbff2554ed59,mwbl-kci-approved-term-skin-context-v1.1,access_unavailable,,,0,0,0,N,not_run_robots_disallowed,2026-07-13T06:45:49Z,approved_terms_only,N,robots_disallowed,KCI robots.txt disallows / for User-agent: *; search was not requested,https://www.kci.go.kr/robots.txt,2026-07-13T06:45:49Z,d220f330732f1f47afbdd06b61fc3739164627b94f8cf365f9eefddcd3951911,User-agent: * / Disallow: /,candidate_unverified,none,mwbl-ingredient-evidence-filter-v1.1-fresh-kci
kci:ammonium_polyacryloyldimethyl_taurate:08c6f067a3103eda,kci,430,ammonium_polyacryloyldimethyl_taurate,암모늄폴리아크릴로일다이메틸타우레이트,Ammonium Polyacryloyldimethyl Taurate,Ammonium Polyacryloyldimethyl Taurate,"[""\""Ammonium Polyacryloyldimethyl Taurate\"" skin""]",08c6f067a3103eda4c00229464ab688dea5dbc7fe112db6a0977670d410dc61a,mwbl-kci-approved-term-skin-context-v1.1,access_unavailable,,,0,0,0,N,not_run_robots_disallowed,2026-07-13T06:45:49Z,approved_terms_only,N,robots_disallowed,KCI robots.txt disallows / for User-agent: *; search was not requested,https://www.kci.go.kr/robots.txt,2026-07-13T06:45:49Z,d220f330732f1f47afbdd06b61fc3739164627b94f8cf365f9eefddcd3951911,User-agent: * / Disallow: /,candidate_unverified,none,mwbl-ingredient-evidence-filter-v1.1-fresh-kci
kci:geranyl_acetate:a030130a559e133b,kci,431,geranyl_acetate,제라닐아세테이트,Geranyl Acetate,Geranyl Acetate,"[""\""Geranyl Acetate\"" skin""]",a030130a559e133b53b3cd3661cf2345d9d6119cb6740f530e682b09fbfe9c30,mwbl-kci-approved-term-skin-context-v1.1,access_unavailable,,,0,0,0,N,not_run_robots_disallowed,2026-07-13T06:45:49Z,approved_terms_only,N,robots_disallowed,KCI robots.txt disallows / for User-agent: *; search was not requested,https://www.kci.go.kr/robots.txt,2026-07-13T06:45:49Z,d220f330732f1f47afbdd06b61fc3739164627b94f8cf365f9eefddcd3951911,User-agent: * / Disallow: /,candidate_unverified,none,mwbl-ingredient-evidence-filter-v1.1-fresh-kci
kci:paeonia_lactiflora_root_extract:968e900c8c0d51bb,kci,432,paeonia_lactiflora_root_extract,작약뿌리추출물,Paeonia Lactiflora Root Extract,Paeonia Lactiflora Root Extract|Paeonia Albiflora Root Extract,"[""\""Paeonia Lactiflora Root Extract\"" skin"",""\""Paeonia Albiflora Root Extract\"" skin""]",968e900c8c0d51bb838524817d97775b9b1008781ae1cff71a6316158d6ec67e,mwbl-kci-approved-term-skin-context-v1.1,access_unavailable,,,0,0,0,N,not_run_robots_disallowed,2026-07-13T06:45:49Z,approved_terms_only,N,robots_disallowed,KCI robots.txt disallows / for User-agent: *; search was not requested,https://www.kci.go.kr/robots.txt,2026-07-13T06:45:49Z,d220f330732f1f47afbdd06b61fc3739164627b94f8cf365f9eefddcd3951911,User-agent: * / Disallow: /,candidate_unverified,none,mwbl-ingredient-evidence-filter-v1.1-fresh-kci
kci:sodium_lauroyl_sarcosinate:38c9979910b147b2,kci,433,sodium_lauroyl_sarcosinate,소듐라우로일사코시네이트,Sodium Lauroyl Sarcosinate,Sodium Lauroyl Sarcosinate,"[""\""Sodium Lauroyl Sarcosinate\"" skin""]",38c9979910b147b2a1823428d7e111fb3f19c3d77960355e21d34994231de3c5,mwbl-kci-approved-term-skin-context-v1.1,access_unavailable,,,0,0,0,N,not_run_robots_disallowed,2026-07-13T06:45:49Z,approved_terms_only,N,robots_disallowed,KCI robots.txt disallows / for User-agent: *; search was not requested,https://www.kci.go.kr/robots.txt,2026-07-13T06:45:49Z,d220f330732f1f47afbdd06b61fc3739164627b94f8cf365f9eefddcd3951911,User-agent: * / Disallow: /,candidate_unverified,none,mwbl-ingredient-evidence-filter-v1.1-fresh-kci
kci:dimethyl_isosorbide:d94eb10b8f527928,kci,434,dimethyl_isosorbide,다이메틸아이소소바이드,Dimethyl Isosorbide,Dimethyl Isosorbide,"[""\""Dimethyl Isosorbide\"" skin""]",d94eb10b8f527928041ea19a018877f83267569be1279f89bd39a8cc6d135193,mwbl-kci-approved-term-skin-context-v1.1,access_unavailable,,,0,0,0,N,not_run_robots_disallowed,2026-07-13T06:45:49Z,approved_terms_only,N,robots_disallowed,KCI robots.txt disallows / for User-agent: *; search was not requested,https://www.kci.go.kr/robots.txt,2026-07-13T06:45:49Z,d220f330732f1f47afbdd06b61fc3739164627b94f8cf365f9eefddcd3951911,User-agent: * / Disallow: /,candidate_unverified,none,mwbl-ingredient-evidence-filter-v1.1-fresh-kci
kci:hydroxypropyl_guar_hydroxypropyltrimonium_chloride:bb5256ddfa7d04e6,kci,435,hydroxypropyl_guar_hydroxypropyltrimonium_chloride,하이드록시프로필구아하이드록시프로필트라이모늄클로라 이드,Hydroxypropyl Guar Hydroxypropyltrimonium Chloride,Hydroxypropyl Guar Hydroxypropyltrimonium Chloride,"[""\""Hydroxypropyl Guar Hydroxypropyltrimonium Chloride\"" skin""]",bb5256ddfa7d04e6be7149c31617935698085d517441ceea93118a1f3b780928,mwbl-kci-approved-term-skin-context-v1.1,access_unavailable,,,0,0,0,N,not_run_robots_disallowed,2026-07-13T06:45:49Z,approved_terms_only,N,robots_disallowed,KCI robots.txt disallows / for User-agent: *; search was not requested,https://www.kci.go.kr/robots.txt,2026-07-13T06:45:49Z,d220f330732f1f47afbdd06b61fc3739164627b94f8cf365f9eefddcd3951911,User-agent: * / Disallow: /,candidate_unverified,none,mwbl-ingredient-evidence-filter-v1.1-fresh-kci
kci:cetyl_palmitate:a697692e7a84d6d4,kci,436,cetyl_palmitate,세틸팔미테이트,Cetyl Palmitate,Cetyl Palmitate,"[""\""Cetyl Palmitate\"" skin""]",a697692e7a84d6d4a13d662f75499ce8476f9374f24724ad6a10b38b362574a7,mwbl-kci-approved-term-skin-context-v1.1,access_unavailable,,,0,0,0,N,not_run_robots_disallowed,2026-07-13T06:45:49Z,approved_terms_only,N,robots_disallowed,KCI robots.txt disallows / for User-agent: *; search was not requested,https://www.kci.go.kr/robots.txt,2026-07-13T06:45:49Z,d220f330732f1f47afbdd06b61fc3739164627b94f8cf365f9eefddcd3951911,User-agent: * / Disallow: /,candidate_unverified,none,mwbl-ingredient-evidence-filter-v1.1-fresh-kci
kci:polyglyceryl_3_methylglucose_distearate:3d288d8c2a1da6d6,kci,437,polyglyceryl_3_methylglucose_distearate,폴리글리세릴-3메틸글루코오스다이스테아레이트,Polyglyceryl-3 Methylglucose Distearate,Polyglyceryl-3 Methylglucose Distearate,"[""\""Polyglyceryl-3 Methylglucose Distearate\"" skin""]",3d288d8c2a1da6d61038c1c9d2e1b8fa63276acead3362926f59a2844581c7b1,mwbl-kci-approved-term-skin-context-v1.1,access_unavailable,,,0,0,0,N,not_run_robots_disallowed,2026-07-13T06:45:49Z,approved_terms_only,N,robots_disallowed,KCI robots.txt disallows / for User-agent: *; search was not requested,https://www.kci.go.kr/robots.txt,2026-07-13T06:45:49Z,d220f330732f1f47afbdd06b61fc3739164627b94f8cf365f9eefddcd3951911,User-agent: * / Disallow: /,candidate_unverified,none,mwbl-ingredient-evidence-filter-v1.1-fresh-kci
kci:lactobacillus_ferment_lysate:2cb9cfcc90fe2b59,kci,438,lactobacillus_ferment_lysate,락토바실러스발효용해물,Lactobacillus Ferment Lysate,Lactobacillus Ferment Lysate,"[""\""Lactobacillus Ferment Lysate\"" skin""]",2cb9cfcc90fe2b5915626761869bfefdc1b916482ddca94f68b08ffe3ca5b2ec,mwbl-kci-approved-term-skin-context-v1.1,access_unavailable,,,0,0,0,N,not_run_robots_disallowed,2026-07-13T06:45:49Z,approved_terms_only,N,robots_disallowed,KCI robots.txt disallows / for User-agent: *; search was not requested,https://www.kci.go.kr/robots.txt,2026-07-13T06:45:49Z,d220f330732f1f47afbdd06b61fc3739164627b94f8cf365f9eefddcd3951911,User-agent: * / Disallow: /,candidate_unverified,none,mwbl-ingredient-evidence-filter-v1.1-fresh-kci
kci:propylene_glycol_dicaprylate_dicaprate:faab9d38c4d7a633,kci,439,propylene_glycol_dicaprylate_dicaprate,프로필렌글라이콜다이카프릴레이트/다이카프레이트,Propylene Glycol Dicaprylate/Dicaprate,Propylene Glycol Dicaprylate/Dicaprate,"[""\""Propylene Glycol Dicaprylate/Dicaprate\"" skin""]",faab9d38c4d7a633af4b2a4b931b90da8c4a1aa6d139df3d058eb4cd8b080a3b,mwbl-kci-approved-term-skin-context-v1.1,access_unavailable,,,0,0,0,N,not_run_robots_disallowed,2026-07-13T06:45:49Z,approved_terms_only,N,robots_disallowed,KCI robots.txt disallows / for User-agent: *; search was not requested,https://www.kci.go.kr/robots.txt,2026-07-13T06:45:49Z,d220f330732f1f47afbdd06b61fc3739164627b94f8cf365f9eefddcd3951911,User-agent: * / Disallow: /,candidate_unverified,none,mwbl-ingredient-evidence-filter-v1.1-fresh-kci
kci:helianthus_annuus_sunflower_seed_extract:1a37609c0c3ceaef,kci,440,helianthus_annuus_sunflower_seed_extract,해바라기씨추출물,Helianthus Annuus (Sunflower) Seed Extract,Helianthus Annuus (Sunflower) Seed Extract,"[""\""Helianthus Annuus (Sunflower) Seed Extract\"" skin""]",1a37609c0c3ceaef9fe8cdf88c49f64b3b7f51830a0ffbee559a86d577c4b612,mwbl-kci-approved-term-skin-context-v1.1,access_unavailable,,,0,0,0,N,not_run_robots_disallowed,2026-07-13T06:45:49Z,approved_terms_only,N,robots_disallowed,KCI robots.txt disallows / for User-agent: *; search was not requested,https://www.kci.go.kr/robots.txt,2026-07-13T06:45:49Z,d220f330732f1f47afbdd06b61fc3739164627b94f8cf365f9eefddcd3951911,User-agent: * / Disallow: /,candidate_unverified,none,mwbl-ingredient-evidence-filter-v1.1-fresh-kci
kci:algae_extract:766dc4b20e1b2bb4,kci,441,algae_extract,조류추출물,Algae Extract,Algae Extract,"[""\""Algae Extract\"" skin""]",766dc4b20e1b2bb44a95702259f5eb64ab3a5649a4fa92aefc51b0ae101843b3,mwbl-kci-approved-term-skin-context-v1.1,access_unavailable,,,0,0,0,N,not_run_robots_disallowed,2026-07-13T06:45:49Z,approved_terms_only,N,robots_disallowed,KCI robots.txt disallows / for User-agent: *; search was not requested,https://www.kci.go.kr/robots.txt,2026-07-13T06:45:49Z,d220f330732f1f47afbdd06b61fc3739164627b94f8cf365f9eefddcd3951911,User-agent: * / Disallow: /,candidate_unverified,none,mwbl-ingredient-evidence-filter-v1.1-fresh-kci
kci:tridecyl_trimellitate:4206d154cf4094da,kci,442,tridecyl_trimellitate,트라이데실트라이멜리테이트,Tridecyl Trimellitate,Tridecyl Trimellitate,"[""\""Tridecyl Trimellitate\"" skin""]",4206d154cf4094da72e4a4ac57b7fd1d9be0b3964e9de9f326b27842481f6866,mwbl-kci-approved-term-skin-context-v1.1,access_unavailable,,,0,0,0,N,not_run_robots_disallowed,2026-07-13T06:45:49Z,approved_terms_only,N,robots_disallowed,KCI robots.txt disallows / for User-agent: *; search was not requested,https://www.kci.go.kr/robots.txt,2026-07-13T06:45:49Z,d220f330732f1f47afbdd06b61fc3739164627b94f8cf365f9eefddcd3951911,User-agent: * / Disallow: /,candidate_unverified,none,mwbl-ingredient-evidence-filter-v1.1-fresh-kci
kci:vitis_vinifera_grape_fruit_extract:2e12c8c09a97d9a2,kci,443,vitis_vinifera_grape_fruit_extract,포도추출물,Vitis Vinifera (Grape) Fruit Extract,Vitis Vinifera (Grape) Fruit Extract,"[""\""Vitis Vinifera (Grape) Fruit Extract\"" skin""]",2e12c8c09a97d9a26c73019e0f3b9dd1b70cc208a6c2eb3b6f9326727d2efcf4,mwbl-kci-approved-term-skin-context-v1.1,access_unavailable,,,0,0,0,N,not_run_robots_disallowed,2026-07-13T06:45:49Z,approved_terms_only,N,robots_disallowed,KCI robots.txt disallows / for User-agent: *; search was not requested,https://www.kci.go.kr/robots.txt,2026-07-13T06:45:49Z,d220f330732f1f47afbdd06b61fc3739164627b94f8cf365f9eefddcd3951911,User-agent: * / Disallow: /,candidate_unverified,none,mwbl-ingredient-evidence-filter-v1.1-fresh-kci
kci:avena_sativa_oat_kernel_extract:950bd65ff96946be,kci,444,avena_sativa_oat_kernel_extract,귀리커넬추출물,Avena Sativa (Oat) Kernel Extract,Avena Sativa (Oat) Kernel Extract,"[""\""Avena Sativa (Oat) Kernel Extract\"" skin""]",950bd65ff96946be2dcb74d8ef81f982abf00ec175b775be2e561a407402b6d4,mwbl-kci-approved-term-skin-context-v1.1,access_unavailable,,,0,0,0,N,not_run_robots_disallowed,2026-07-13T06:45:49Z,approved_terms_only,N,robots_disallowed,KCI robots.txt disallows / for User-agent: *; search was not requested,https://www.kci.go.kr/robots.txt,2026-07-13T06:45:49Z,d220f330732f1f47afbdd06b61fc3739164627b94f8cf365f9eefddcd3951911,User-agent: * / Disallow: /,candidate_unverified,none,mwbl-ingredient-evidence-filter-v1.1-fresh-kci
kci:diisopropyl_sebacate:834aa969c2703a68,kci,445,diisopropyl_sebacate,다이아이소프로필세바케이트,Diisopropyl Sebacate,Diisopropyl Sebacate,"[""\""Diisopropyl Sebacate\"" skin""]",834aa969c2703a6853005e0f7e086b7f7a68d4e3bf04804c6ce17f5e244ed9cd,mwbl-kci-approved-term-skin-context-v1.1,access_unavailable,,,0,0,0,N,not_run_robots_disallowed,2026-07-13T06:45:49Z,approved_terms_only,N,robots_disallowed,KCI robots.txt disallows / for User-agent: *; search was not requested,https://www.kci.go.kr/robots.txt,2026-07-13T06:45:49Z,d220f330732f1f47afbdd06b61fc3739164627b94f8cf365f9eefddcd3951911,User-agent: * / Disallow: /,candidate_unverified,none,mwbl-ingredient-evidence-filter-v1.1-fresh-kci
kci:neopentyl_glycol_diheptanoate:72ff8e27643f3f9e,kci,446,neopentyl_glycol_diheptanoate,네오펜틸글라이콜다이헵타노에이트,Neopentyl Glycol Diheptanoate,Neopentyl Glycol Diheptanoate,"[""\""Neopentyl Glycol Diheptanoate\"" skin""]",72ff8e27643f3f9e9a0259be3aea851425b66958eff5cc72c2ab8e409d2a0e7d,mwbl-kci-approved-term-skin-context-v1.1,access_unavailable,,,0,0,0,N,not_run_robots_disallowed,2026-07-13T06:45:49Z,approved_terms_only,N,robots_disallowed,KCI robots.txt disallows / for User-agent: *; search was not requested,https://www.kci.go.kr/robots.txt,2026-07-13T06:45:49Z,d220f330732f1f47afbdd06b61fc3739164627b94f8cf365f9eefddcd3951911,User-agent: * / Disallow: /,candidate_unverified,none,mwbl-ingredient-evidence-filter-v1.1-fresh-kci
kci:coccinia_indica_fruit_extract:e059144796e2d105,kci,447,coccinia_indica_fruit_extract,아이비고드열매추출물,Coccinia Indica Fruit Extract,Coccinia Indica Fruit Extract,"[""\""Coccinia Indica Fruit Extract\"" skin""]",e059144796e2d105925ec43a3acb3ee345f0867d4b81d3ed8b958eb8efa14abf,mwbl-kci-approved-term-skin-context-v1.1,access_unavailable,,,0,0,0,N,not_run_robots_disallowed,2026-07-13T06:45:49Z,approved_terms_only,N,robots_disallowed,KCI robots.txt disallows / for User-agent: *; search was not requested,https://www.kci.go.kr/robots.txt,2026-07-13T06:45:49Z,d220f330732f1f47afbdd06b61fc3739164627b94f8cf365f9eefddcd3951911,User-agent: * / Disallow: /,candidate_unverified,none,mwbl-ingredient-evidence-filter-v1.1-fresh-kci
kci:erythritol:73fe362673f27ac3,kci,448,erythritol,에리스리톨,Erythritol,Erythritol,"[""\""Erythritol\"" skin""]",73fe362673f27ac3d2c671e2bce8f725b38f52077dd6b9f41f4b2170ef854436,mwbl-kci-approved-term-skin-context-v1.1,access_unavailable,,,0,0,0,N,not_run_robots_disallowed,2026-07-13T06:45:49Z,approved_terms_only,N,robots_disallowed,KCI robots.txt disallows / for User-agent: *; search was not requested,https://www.kci.go.kr/robots.txt,2026-07-13T06:45:49Z,d220f330732f1f47afbdd06b61fc3739164627b94f8cf365f9eefddcd3951911,User-agent: * / Disallow: /,candidate_unverified,none,mwbl-ingredient-evidence-filter-v1.1-fresh-kci
kci:laminaria_saccharina_extract:e6def51fb2da7b53,kci,449,laminaria_saccharina_extract,슈가켈프추출물,Laminaria Saccharina Extract,Laminaria Saccharina Extract,"[""\""Laminaria Saccharina Extract\"" skin""]",e6def51fb2da7b53316c717baf3e7f5cb90e622fc8e99d8dfa86a9106a15e696,mwbl-kci-approved-term-skin-context-v1.1,access_unavailable,,,0,0,0,N,not_run_robots_disallowed,2026-07-13T06:45:49Z,approved_terms_only,N,robots_disallowed,KCI robots.txt disallows / for User-agent: *; search was not requested,https://www.kci.go.kr/robots.txt,2026-07-13T06:45:49Z,d220f330732f1f47afbdd06b61fc3739164627b94f8cf365f9eefddcd3951911,User-agent: * / Disallow: /,candidate_unverified,none,mwbl-ingredient-evidence-filter-v1.1-fresh-kci
kci:solanum_melongena_eggplant_fruit_extract:0d4ddb52504e5812,kci,450,solanum_melongena_eggplant_fruit_extract,가지열매추출물,Solanum Melongena (Eggplant) Fruit Extract,Solanum Melongena (Eggplant) Fruit Extract,"[""\""Solanum Melongena (Eggplant) Fruit Extract\"" skin""]",0d4ddb52504e58123e6252b1c459fb8ec9e5cd1ea3d0a2614d9dade6c54584ab,mwbl-kci-approved-term-skin-context-v1.1,access_unavailable,,,0,0,0,N,not_run_robots_disallowed,2026-07-13T06:45:49Z,approved_terms_only,N,robots_disallowed,KCI robots.txt disallows / for User-agent: *; search was not requested,https://www.kci.go.kr/robots.txt,2026-07-13T06:45:49Z,d220f330732f1f47afbdd06b61fc3739164627b94f8cf365f9eefddcd3951911,User-agent: * / Disallow: /,candidate_unverified,none,mwbl-ingredient-evidence-filter-v1.1-fresh-kci
kci:helianthus_annuus_sunflower_extract:7d104401e90ec110,kci,451,helianthus_annuus_sunflower_extract,해바라기추출물,Helianthus Annuus (Sunflower) Extract,Helianthus Annuus (Sunflower) Extract,"[""\""Helianthus Annuus (Sunflower) Extract\"" skin""]",7d104401e90ec110ecb4e1ce7e4571a2a5f71084d88f563f486b378a67b1f720,mwbl-kci-approved-term-skin-context-v1.1,access_unavailable,,,0,0,0,N,not_run_robots_disallowed,2026-07-13T06:45:49Z,approved_terms_only,N,robots_disallowed,KCI robots.txt disallows / for User-agent: *; search was not requested,https://www.kci.go.kr/robots.txt,2026-07-13T06:45:49Z,d220f330732f1f47afbdd06b61fc3739164627b94f8cf365f9eefddcd3951911,User-agent: * / Disallow: /,candidate_unverified,none,mwbl-ingredient-evidence-filter-v1.1-fresh-kci
kci:citrullus_lanatus_watermelon_fruit_extract:3d74728d27f80148,kci,452,citrullus_lanatus_watermelon_fruit_extract,수박추출물,Citrullus Lanatus (Watermelon) Fruit Extract,Citrullus Lanatus (Watermelon) Fruit Extract,"[""\""Citrullus Lanatus (Watermelon) Fruit Extract\"" skin""]",3d74728d27f80148635402952c885a046b98bf1fb4806b40a091d012a0c2be59,mwbl-kci-approved-term-skin-context-v1.1,access_unavailable,,,0,0,0,N,not_run_robots_disallowed,2026-07-13T06:45:49Z,approved_terms_only,N,robots_disallowed,KCI robots.txt disallows / for User-agent: *; search was not requested,https://www.kci.go.kr/robots.txt,2026-07-13T06:45:49Z,d220f330732f1f47afbdd06b61fc3739164627b94f8cf365f9eefddcd3951911,User-agent: * / Disallow: /,candidate_unverified,none,mwbl-ingredient-evidence-filter-v1.1-fresh-kci
kci:cocamidopropyl_hydroxysultaine:2a42d37b1fd26579,kci,453,cocamidopropyl_hydroxysultaine,코카미도프로필하이드록시설테인,Cocamidopropyl Hydroxysultaine,Cocamidopropyl Hydroxysultaine,"[""\""Cocamidopropyl Hydroxysultaine\"" skin""]",2a42d37b1fd26579f88c30f01fc620fc6449aa65046dd7d19e23e2080083c436,mwbl-kci-approved-term-skin-context-v1.1,access_unavailable,,,0,0,0,N,not_run_robots_disallowed,2026-07-13T06:45:49Z,approved_terms_only,N,robots_disallowed,KCI robots.txt disallows / for User-agent: *; search was not requested,https://www.kci.go.kr/robots.txt,2026-07-13T06:45:49Z,d220f330732f1f47afbdd06b61fc3739164627b94f8cf365f9eefddcd3951911,User-agent: * / Disallow: /,candidate_unverified,none,mwbl-ingredient-evidence-filter-v1.1-fresh-kci
kci:trisodium_edta:7f3acd27426b8e0c,kci,454,trisodium_edta,트라이소듐이디티에이,Trisodium EDTA,Trisodium EDTA,"[""\""Trisodium EDTA\"" skin""]",7f3acd27426b8e0cd50372b9b56e866f87b1e5ab124b8ae28e6f51fde9cc408a,mwbl-kci-approved-term-skin-context-v1.1,access_unavailable,,,0,0,0,N,not_run_robots_disallowed,2026-07-13T06:45:49Z,approved_terms_only,N,robots_disallowed,KCI robots.txt disallows / for User-agent: *; search was not requested,https://www.kci.go.kr/robots.txt,2026-07-13T06:45:49Z,d220f330732f1f47afbdd06b61fc3739164627b94f8cf365f9eefddcd3951911,User-agent: * / Disallow: /,candidate_unverified,none,mwbl-ingredient-evidence-filter-v1.1-fresh-kci
kci:bakuchiol:af2ab4ed052be8ce,kci,455,bakuchiol,바쿠치올,Bakuchiol,Bakuchiol,"[""\""Bakuchiol\"" skin""]",af2ab4ed052be8cecb4efa95980461c1a9688e6a6fef042bc2a8f21dbd7fe6ac,mwbl-kci-approved-term-skin-context-v1.1,access_unavailable,,,0,0,0,N,not_run_robots_disallowed,2026-07-13T06:45:49Z,approved_terms_only,N,robots_disallowed,KCI robots.txt disallows / for User-agent: *; search was not requested,https://www.kci.go.kr/robots.txt,2026-07-13T06:45:49Z,d220f330732f1f47afbdd06b61fc3739164627b94f8cf365f9eefddcd3951911,User-agent: * / Disallow: /,candidate_unverified,none,mwbl-ingredient-evidence-filter-v1.1-fresh-kci
kci:polyacrylamide:52cc650a635ca3e2,kci,456,polyacrylamide,폴리아크릴아마이드,Polyacrylamide,Polyacrylamide,"[""\""Polyacrylamide\"" skin""]",52cc650a635ca3e2d0c44e56f9848e390754e3ce8d4c1a5395c73707fa883d81,mwbl-kci-approved-term-skin-context-v1.1,access_unavailable,,,0,0,0,N,not_run_robots_disallowed,2026-07-13T06:45:49Z,approved_terms_only,N,robots_disallowed,KCI robots.txt disallows / for User-agent: *; search was not requested,https://www.kci.go.kr/robots.txt,2026-07-13T06:45:49Z,d220f330732f1f47afbdd06b61fc3739164627b94f8cf365f9eefddcd3951911,User-agent: * / Disallow: /,candidate_unverified,none,mwbl-ingredient-evidence-filter-v1.1-fresh-kci
kci:peg_8:753e34e243e859b2,kci,457,peg_8,피이지-8,PEG-8,PEG-8,"[""\""PEG-8\"" skin""]",753e34e243e859b2131eb9af256d9e942e7eb3b5bcbdb1b3044d98abb30d9fb1,mwbl-kci-approved-term-skin-context-v1.1,access_unavailable,,,0,0,0,N,not_run_robots_disallowed,2026-07-13T06:45:49Z,approved_terms_only,N,robots_disallowed,KCI robots.txt disallows / for User-agent: *; search was not requested,https://www.kci.go.kr/robots.txt,2026-07-13T06:45:49Z,d220f330732f1f47afbdd06b61fc3739164627b94f8cf365f9eefddcd3951911,User-agent: * / Disallow: /,candidate_unverified,none,mwbl-ingredient-evidence-filter-v1.1-fresh-kci
kci:methyl_gluceth_20:56a2cbab4306a1d3,kci,458,methyl_gluceth_20,메틸글루세스-20,Methyl Gluceth-20,Methyl Gluceth-20,"[""\""Methyl Gluceth-20\"" skin""]",56a2cbab4306a1d3faf07ca55b7df9023a90eb2b540bfa8c134993c41a17f8c0,mwbl-kci-approved-term-skin-context-v1.1,access_unavailable,,,0,0,0,N,not_run_robots_disallowed,2026-07-13T06:45:49Z,approved_terms_only,N,robots_disallowed,KCI robots.txt disallows / for User-agent: *; search was not requested,https://www.kci.go.kr/robots.txt,2026-07-13T06:45:49Z,d220f330732f1f47afbdd06b61fc3739164627b94f8cf365f9eefddcd3951911,User-agent: * / Disallow: /,candidate_unverified,none,mwbl-ingredient-evidence-filter-v1.1-fresh-kci
kci:pogostemon_cablin_oil:b18f0260cdd68a0a,kci,459,pogostemon_cablin_oil,광곽향오일,Pogostemon Cablin Oil,Pogostemon Cablin Oil,"[""\""Pogostemon Cablin Oil\"" skin""]",b18f0260cdd68a0a470b13d71b48acbf0aa8f2bf03d94b1e439af825cae7ab21,mwbl-kci-approved-term-skin-context-v1.1,access_unavailable,,,0,0,0,N,not_run_robots_disallowed,2026-07-13T06:45:49Z,approved_terms_only,N,robots_disallowed,KCI robots.txt disallows / for User-agent: *; search was not requested,https://www.kci.go.kr/robots.txt,2026-07-13T06:45:49Z,d220f330732f1f47afbdd06b61fc3739164627b94f8cf365f9eefddcd3951911,User-agent: * / Disallow: /,candidate_unverified,none,mwbl-ingredient-evidence-filter-v1.1-fresh-kci
kci:ficus_carica_fig_fruit_extract:9231dc110e2eaa7d,kci,460,ficus_carica_fig_fruit_extract,무화과추출물,Ficus Carica (Fig) Fruit Extract,Ficus Carica (Fig) Fruit Extract,"[""\""Ficus Carica (Fig) Fruit Extract\"" skin""]",9231dc110e2eaa7da0e93bfda878c263023f35c1a35ec4af71a8f22d1de37c4b,mwbl-kci-approved-term-skin-context-v1.1,access_unavailable,,,0,0,0,N,not_run_robots_disallowed,2026-07-13T06:45:49Z,approved_terms_only,N,robots_disallowed,KCI robots.txt disallows / for User-agent: *; search was not requested,https://www.kci.go.kr/robots.txt,2026-07-13T06:45:49Z,d220f330732f1f47afbdd06b61fc3739164627b94f8cf365f9eefddcd3951911,User-agent: * / Disallow: /,candidate_unverified,none,mwbl-ingredient-evidence-filter-v1.1-fresh-kci
kci:hydrolyzed_silk:77f034957313718e,kci,461,hydrolyzed_silk,하이드롤라이즈드실크,Hydrolyzed Silk,Hydrolyzed Silk,"[""\""Hydrolyzed Silk\"" skin""]",77f034957313718eee88b8e939763bc7c1417e1e69dcd68cbb9cea7c1cf79703,mwbl-kci-approved-term-skin-context-v1.1,access_unavailable,,,0,0,0,N,not_run_robots_disallowed,2026-07-13T06:45:49Z,approved_terms_only,N,robots_disallowed,KCI robots.txt disallows / for User-agent: *; search was not requested,https://www.kci.go.kr/robots.txt,2026-07-13T06:45:49Z,d220f330732f1f47afbdd06b61fc3739164627b94f8cf365f9eefddcd3951911,User-agent: * / Disallow: /,candidate_unverified,none,mwbl-ingredient-evidence-filter-v1.1-fresh-kci
kci:sodium_cocoyl_glutamate:913cfe3836da1f96,kci,462,sodium_cocoyl_glutamate,소듐코코일글루타메이트,Sodium Cocoyl Glutamate,Sodium Cocoyl Glutamate,"[""\""Sodium Cocoyl Glutamate\"" skin""]",913cfe3836da1f96e89b7f3d01f8b435909fc809e6d7d99b7b4a0c8fca355492,mwbl-kci-approved-term-skin-context-v1.1,access_unavailable,,,0,0,0,N,not_run_robots_disallowed,2026-07-13T06:45:49Z,approved_terms_only,N,robots_disallowed,KCI robots.txt disallows / for User-agent: *; search was not requested,https://www.kci.go.kr/robots.txt,2026-07-13T06:45:49Z,d220f330732f1f47afbdd06b61fc3739164627b94f8cf365f9eefddcd3951911,User-agent: * / Disallow: /,candidate_unverified,none,mwbl-ingredient-evidence-filter-v1.1-fresh-kci
kci:copper_tripeptide_1:f74268fb6a0e3dfc,kci,463,copper_tripeptide_1,카퍼트라이펩타이드-1,Copper Tripeptide-1,Copper Tripeptide-1,"[""\""Copper Tripeptide-1\"" skin""]",f74268fb6a0e3dfc2f4e999b83fb81ae0aa998ff06cf83346fd57c1edd5928bc,mwbl-kci-approved-term-skin-context-v1.1,access_unavailable,,,0,0,0,N,not_run_robots_disallowed,2026-07-13T06:45:49Z,approved_terms_only,N,robots_disallowed,KCI robots.txt disallows / for User-agent: *; search was not requested,https://www.kci.go.kr/robots.txt,2026-07-13T06:45:49Z,d220f330732f1f47afbdd06b61fc3739164627b94f8cf365f9eefddcd3951911,User-agent: * / Disallow: /,candidate_unverified,none,mwbl-ingredient-evidence-filter-v1.1-fresh-kci
kci:chamomilla_recutita_matricaria_flower_extract:a21b07f950694630,kci,464,chamomilla_recutita_matricaria_flower_extract,마트리카리아꽃추출물,Chamomilla Recutita (Matricaria) Flower Extract,Chamomilla Recutita (Matricaria) Flower Extract|Anthemis Nobilis Flower Extract,"[""\""Chamomilla Recutita (Matricaria) Flower Extract\"" skin"",""\""Anthemis Nobilis Flower Extract\"" skin""]",a21b07f95069463053e7bb97f5231b7880730eb4788c0eca990eb31b5f8a06c0,mwbl-kci-approved-term-skin-context-v1.1,access_unavailable,,,0,0,0,N,not_run_robots_disallowed,2026-07-13T06:45:49Z,approved_terms_only,N,robots_disallowed,KCI robots.txt disallows / for User-agent: *; search was not requested,https://www.kci.go.kr/robots.txt,2026-07-13T06:45:49Z,d220f330732f1f47afbdd06b61fc3739164627b94f8cf365f9eefddcd3951911,User-agent: * / Disallow: /,candidate_unverified,none,mwbl-ingredient-evidence-filter-v1.1-fresh-kci
kci:disodium_cocoamphodiacetate:9eefdb903633c024,kci,465,disodium_cocoamphodiacetate,다이소듐코코암포다이아세테이트,Disodium Cocoamphodiacetate,Disodium Cocoamphodiacetate,"[""\""Disodium Cocoamphodiacetate\"" skin""]",9eefdb903633c024d253e1cd837c8fa2fe6ccd84bfc4ba7c617e8990e84f0a3c,mwbl-kci-approved-term-skin-context-v1.1,access_unavailable,,,0,0,0,N,not_run_robots_disallowed,2026-07-13T06:45:49Z,approved_terms_only,N,robots_disallowed,KCI robots.txt disallows / for User-agent: *; search was not requested,https://www.kci.go.kr/robots.txt,2026-07-13T06:45:49Z,d220f330732f1f47afbdd06b61fc3739164627b94f8cf365f9eefddcd3951911,User-agent: * / Disallow: /,candidate_unverified,none,mwbl-ingredient-evidence-filter-v1.1-fresh-kci
kci:ethylene_propylene_styrene_copolymer:affdac874ee20dc7,kci,466,ethylene_propylene_styrene_copolymer,에틸렌/프로필렌/스타이렌코폴리머,Ethylene/Propylene/Styrene Copolymer,Ethylene/Propylene/Styrene Copolymer,"[""\""Ethylene/Propylene/Styrene Copolymer\"" skin""]",affdac874ee20dc7290f497db4c47a9c88e97309b64e38563b76e2324d56a91b,mwbl-kci-approved-term-skin-context-v1.1,access_unavailable,,,0,0,0,N,not_run_robots_disallowed,2026-07-13T06:45:49Z,approved_terms_only,N,robots_disallowed,KCI robots.txt disallows / for User-agent: *; search was not requested,https://www.kci.go.kr/robots.txt,2026-07-13T06:45:49Z,d220f330732f1f47afbdd06b61fc3739164627b94f8cf365f9eefddcd3951911,User-agent: * / Disallow: /,candidate_unverified,none,mwbl-ingredient-evidence-filter-v1.1-fresh-kci
kci:isopentyldiol:a1a52238d0b184af,kci,467,isopentyldiol,아이소펜틸다이올,Isopentyldiol,Isopentyldiol,"[""\""Isopentyldiol\"" skin""]",a1a52238d0b184afb982dec363fc65e70a06c74075c139bcf9c5d3f61454f995,mwbl-kci-approved-term-skin-context-v1.1,access_unavailable,,,0,0,0,N,not_run_robots_disallowed,2026-07-13T06:45:49Z,approved_terms_only,N,robots_disallowed,KCI robots.txt disallows / for User-agent: *; search was not requested,https://www.kci.go.kr/robots.txt,2026-07-13T06:45:49Z,d220f330732f1f47afbdd06b61fc3739164627b94f8cf365f9eefddcd3951911,User-agent: * / Disallow: /,candidate_unverified,none,mwbl-ingredient-evidence-filter-v1.1-fresh-kci
kci:hibiscus_sabdariffa_flower_extract:f26d571364d1ded4,kci,468,hibiscus_sabdariffa_flower_extract,히비스커스꽃추출물,Hibiscus Sabdariffa Flower Extract,Hibiscus Sabdariffa Flower Extract,"[""\""Hibiscus Sabdariffa Flower Extract\"" skin""]",f26d571364d1ded42432b53fd8284d3ec787d81ba448292c59988805b5fa2fc2,mwbl-kci-approved-term-skin-context-v1.1,access_unavailable,,,0,0,0,N,not_run_robots_disallowed,2026-07-13T06:45:49Z,approved_terms_only,N,robots_disallowed,KCI robots.txt disallows / for User-agent: *; search was not requested,https://www.kci.go.kr/robots.txt,2026-07-13T06:45:49Z,d220f330732f1f47afbdd06b61fc3739164627b94f8cf365f9eefddcd3951911,User-agent: * / Disallow: /,candidate_unverified,none,mwbl-ingredient-evidence-filter-v1.1-fresh-kci
kci:benzyl_glycol:0d70fcd1d3bec33c,kci,469,benzyl_glycol,벤질글라이콜,Benzyl Glycol,Benzyl Glycol,"[""\""Benzyl Glycol\"" skin""]",0d70fcd1d3bec33cb49954aeebf97d44b48f8842ad6bbda174600b368f65ab51,mwbl-kci-approved-term-skin-context-v1.1,access_unavailable,,,0,0,0,N,not_run_robots_disallowed,2026-07-13T06:45:49Z,approved_terms_only,N,robots_disallowed,KCI robots.txt disallows / for User-agent: *; search was not requested,https://www.kci.go.kr/robots.txt,2026-07-13T06:45:49Z,d220f330732f1f47afbdd06b61fc3739164627b94f8cf365f9eefddcd3951911,User-agent: * / Disallow: /,candidate_unverified,none,mwbl-ingredient-evidence-filter-v1.1-fresh-kci
kci:disodium_laureth_sulfosuccinate:46c828c9168961c2,kci,470,disodium_laureth_sulfosuccinate,다이소듐라우레스설포석시네이트,Disodium Laureth Sulfosuccinate,Disodium Laureth Sulfosuccinate,"[""\""Disodium Laureth Sulfosuccinate\"" skin""]",46c828c9168961c236fc18df5fb641411e1fc7909dc514ed8ddd36ec871a315b,mwbl-kci-approved-term-skin-context-v1.1,access_unavailable,,,0,0,0,N,not_run_robots_disallowed,2026-07-13T06:45:49Z,approved_terms_only,N,robots_disallowed,KCI robots.txt disallows / for User-agent: *; search was not requested,https://www.kci.go.kr/robots.txt,2026-07-13T06:45:49Z,d220f330732f1f47afbdd06b61fc3739164627b94f8cf365f9eefddcd3951911,User-agent: * / Disallow: /,candidate_unverified,none,mwbl-ingredient-evidence-filter-v1.1-fresh-kci
kci:glyceryl_glucoside:eb920a906267b982,kci,471,glyceryl_glucoside,글리세릴글루코사이드,Glyceryl Glucoside,Glyceryl Glucoside,"[""\""Glyceryl Glucoside\"" skin""]",eb920a906267b982e809aea1b256f12557d4ae2b446293b7269c5d66e30fb0cd,mwbl-kci-approved-term-skin-context-v1.1,access_unavailable,,,0,0,0,N,not_run_robots_disallowed,2026-07-13T06:45:49Z,approved_terms_only,N,robots_disallowed,KCI robots.txt disallows / for User-agent: *; search was not requested,https://www.kci.go.kr/robots.txt,2026-07-13T06:45:49Z,d220f330732f1f47afbdd06b61fc3739164627b94f8cf365f9eefddcd3951911,User-agent: * / Disallow: /,candidate_unverified,none,mwbl-ingredient-evidence-filter-v1.1-fresh-kci
kci:terpineol:d86256f9bb452e5a,kci,472,terpineol,터피네올,Terpineol,Terpineol,"[""\""Terpineol\"" skin""]",d86256f9bb452e5a82ed5e5ccdcc23fd51562e2db39f69e927271109d6d2345b,mwbl-kci-approved-term-skin-context-v1.1,access_unavailable,,,0,0,0,N,not_run_robots_disallowed,2026-07-13T06:45:49Z,approved_terms_only,N,robots_disallowed,KCI robots.txt disallows / for User-agent: *; search was not requested,https://www.kci.go.kr/robots.txt,2026-07-13T06:45:49Z,d220f330732f1f47afbdd06b61fc3739164627b94f8cf365f9eefddcd3951911,User-agent: * / Disallow: /,candidate_unverified,none,mwbl-ingredient-evidence-filter-v1.1-fresh-kci
kci:theobroma_cacao_cocoa_seed_extract:54a4c5f339558ff4,kci,473,theobroma_cacao_cocoa_seed_extract,카카오씨추출물,Theobroma Cacao (Cocoa) Seed Extract,Theobroma Cacao (Cocoa) Seed Extract,"[""\""Theobroma Cacao (Cocoa) Seed Extract\"" skin""]",54a4c5f339558ff44764e10264f12b0286f0329a6f69d5ce6e55c8de11402e0b,mwbl-kci-approved-term-skin-context-v1.1,access_unavailable,,,0,0,0,N,not_run_robots_disallowed,2026-07-13T06:45:49Z,approved_terms_only,N,robots_disallowed,KCI robots.txt disallows / for User-agent: *; search was not requested,https://www.kci.go.kr/robots.txt,2026-07-13T06:45:49Z,d220f330732f1f47afbdd06b61fc3739164627b94f8cf365f9eefddcd3951911,User-agent: * / Disallow: /,candidate_unverified,none,mwbl-ingredient-evidence-filter-v1.1-fresh-kci
kci:tridecane:8e0105324898e3b1,kci,474,tridecane,트라이데케인,Tridecane,Tridecane,"[""\""Tridecane\"" skin""]",8e0105324898e3b1fdac7ed17cd76a44be25dd963080a1c65ecfabc0ab1d8123,mwbl-kci-approved-term-skin-context-v1.1,access_unavailable,,,0,0,0,N,not_run_robots_disallowed,2026-07-13T06:45:49Z,approved_terms_only,N,robots_disallowed,KCI robots.txt disallows / for User-agent: *; search was not requested,https://www.kci.go.kr/robots.txt,2026-07-13T06:45:49Z,d220f330732f1f47afbdd06b61fc3739164627b94f8cf365f9eefddcd3951911,User-agent: * / Disallow: /,candidate_unverified,none,mwbl-ingredient-evidence-filter-v1.1-fresh-kci
kci:pantolactone:c07ed663d3b7109d,kci,475,pantolactone,판토락톤,Pantolactone,Pantolactone,"[""\""Pantolactone\"" skin""]",c07ed663d3b7109dd4ebf4e12f0f31d8e3eb82b90b5a9b8e4e7a72f1e8f767cd,mwbl-kci-approved-term-skin-context-v1.1,access_unavailable,,,0,0,0,N,not_run_robots_disallowed,2026-07-13T06:45:49Z,approved_terms_only,N,robots_disallowed,KCI robots.txt disallows / for User-agent: *; search was not requested,https://www.kci.go.kr/robots.txt,2026-07-13T06:45:49Z,d220f330732f1f47afbdd06b61fc3739164627b94f8cf365f9eefddcd3951911,User-agent: * / Disallow: /,candidate_unverified,none,mwbl-ingredient-evidence-filter-v1.1-fresh-kci
kci:cysteine:03fa9c1a05fa2a10,kci,476,cysteine,시스테인,Cysteine,Cysteine,"[""\""Cysteine\"" skin""]",03fa9c1a05fa2a103832fee790a911e9fcca75fb796e25be498dd09fe66cca42,mwbl-kci-approved-term-skin-context-v1.1,access_unavailable,,,0,0,0,N,not_run_robots_disallowed,2026-07-13T06:45:49Z,approved_terms_only,N,robots_disallowed,KCI robots.txt disallows / for User-agent: *; search was not requested,https://www.kci.go.kr/robots.txt,2026-07-13T06:45:49Z,d220f330732f1f47afbdd06b61fc3739164627b94f8cf365f9eefddcd3951911,User-agent: * / Disallow: /,candidate_unverified,none,mwbl-ingredient-evidence-filter-v1.1-fresh-kci
kci:barium_sulfate:8720eb0743c7a9ef,kci,477,barium_sulfate,바륨설페이트,Barium Sulfate,Barium Sulfate,"[""\""Barium Sulfate\"" skin""]",8720eb0743c7a9efdefdbdaac2bf9cac590d8736992d46fa18f47ebd5ec5cef3,mwbl-kci-approved-term-skin-context-v1.1,access_unavailable,,,0,0,0,N,not_run_robots_disallowed,2026-07-13T06:45:49Z,approved_terms_only,N,robots_disallowed,KCI robots.txt disallows / for User-agent: *; search was not requested,https://www.kci.go.kr/robots.txt,2026-07-13T06:45:49Z,d220f330732f1f47afbdd06b61fc3739164627b94f8cf365f9eefddcd3951911,User-agent: * / Disallow: /,candidate_unverified,none,mwbl-ingredient-evidence-filter-v1.1-fresh-kci
kci:arachidyl_alcohol:6b36e5c1baae6729,kci,478,arachidyl_alcohol,아라키딜알코올,Arachidyl Alcohol,Arachidyl Alcohol,"[""\""Arachidyl Alcohol\"" skin""]",6b36e5c1baae6729ce4733fb16180170dabcf62e88590ca3d21cb65460a8b5ff,mwbl-kci-approved-term-skin-context-v1.1,access_unavailable,,,0,0,0,N,not_run_robots_disallowed,2026-07-13T06:45:49Z,approved_terms_only,N,robots_disallowed,KCI robots.txt disallows / for User-agent: *; search was not requested,https://www.kci.go.kr/robots.txt,2026-07-13T06:45:49Z,d220f330732f1f47afbdd06b61fc3739164627b94f8cf365f9eefddcd3951911,User-agent: * / Disallow: /,candidate_unverified,none,mwbl-ingredient-evidence-filter-v1.1-fresh-kci
kci:sodium_acetate:28841c9b256dc148,kci,479,sodium_acetate,소듐아세테이트,Sodium Acetate,Sodium Acetate,"[""\""Sodium Acetate\"" skin""]",28841c9b256dc1481b992643d1260afa8acde129a8b41ab736483fe497176ae3,mwbl-kci-approved-term-skin-context-v1.1,access_unavailable,,,0,0,0,N,not_run_robots_disallowed,2026-07-13T06:45:49Z,approved_terms_only,N,robots_disallowed,KCI robots.txt disallows / for User-agent: *; search was not requested,https://www.kci.go.kr/robots.txt,2026-07-13T06:45:49Z,d220f330732f1f47afbdd06b61fc3739164627b94f8cf365f9eefddcd3951911,User-agent: * / Disallow: /,candidate_unverified,none,mwbl-ingredient-evidence-filter-v1.1-fresh-kci
kci:coffea_arabica_coffee_seed_extract:050e6637054ca10b,kci,480,coffea_arabica_coffee_seed_extract,커피콩추출물,Coffea Arabica (Coffee) Seed Extract,Coffea Arabica (Coffee) Seed Extract,"[""\""Coffea Arabica (Coffee) Seed Extract\"" skin""]",050e6637054ca10b688f465dfe82d926a500e05d29a5e541556f7a052bd96da4,mwbl-kci-approved-term-skin-context-v1.1,access_unavailable,,,0,0,0,N,not_run_robots_disallowed,2026-07-13T06:45:49Z,approved_terms_only,N,robots_disallowed,KCI robots.txt disallows / for User-agent: *; search was not requested,https://www.kci.go.kr/robots.txt,2026-07-13T06:45:49Z,d220f330732f1f47afbdd06b61fc3739164627b94f8cf365f9eefddcd3951911,User-agent: * / Disallow: /,candidate_unverified,none,mwbl-ingredient-evidence-filter-v1.1-fresh-kci
kci:laminaria_japonica_extract:28e28064dbcf5307,kci,481,laminaria_japonica_extract,다시마추출물,Laminaria Japonica Extract,Laminaria Japonica Extract,"[""\""Laminaria Japonica Extract\"" skin""]",28e28064dbcf5307b165e46527848774404e4f06b552e339419a20662478d329,mwbl-kci-approved-term-skin-context-v1.1,access_unavailable,,,0,0,0,N,not_run_robots_disallowed,2026-07-13T06:45:49Z,approved_terms_only,N,robots_disallowed,KCI robots.txt disallows / for User-agent: *; search was not requested,https://www.kci.go.kr/robots.txt,2026-07-13T06:45:49Z,d220f330732f1f47afbdd06b61fc3739164627b94f8cf365f9eefddcd3951911,User-agent: * / Disallow: /,candidate_unverified,none,mwbl-ingredient-evidence-filter-v1.1-fresh-kci
kci:vaccinium_angustifolium_blueberry_fruit_extract:9a5609b2d10a677c,kci,482,vaccinium_angustifolium_blueberry_fruit_extract,로우스위트블루베리추출물,Vaccinium Angustifolium (Blueberry) Fruit Extract,Vaccinium Angustifolium (Blueberry) Fruit Extract,"[""\""Vaccinium Angustifolium (Blueberry) Fruit Extract\"" skin""]",9a5609b2d10a677cae69b7df54a6126b2b112a2edc135f8836488b65f223f8b4,mwbl-kci-approved-term-skin-context-v1.1,access_unavailable,,,0,0,0,N,not_run_robots_disallowed,2026-07-13T06:45:49Z,approved_terms_only,N,robots_disallowed,KCI robots.txt disallows / for User-agent: *; search was not requested,https://www.kci.go.kr/robots.txt,2026-07-13T06:45:49Z,d220f330732f1f47afbdd06b61fc3739164627b94f8cf365f9eefddcd3951911,User-agent: * / Disallow: /,candidate_unverified,none,mwbl-ingredient-evidence-filter-v1.1-fresh-kci
kci:oryza_sativa_rice_bran_oil:d9902cc1c6a69d70,kci,483,oryza_sativa_rice_bran_oil,쌀겨오일,Oryza Sativa (Rice) Bran Oil,Oryza Sativa (Rice) Bran Oil,"[""\""Oryza Sativa (Rice) Bran Oil\"" skin""]",d9902cc1c6a69d7031ed29e48de55359aec0dc2e07d818038673876006f3a484,mwbl-kci-approved-term-skin-context-v1.1,access_unavailable,,,0,0,0,N,not_run_robots_disallowed,2026-07-13T06:45:49Z,approved_terms_only,N,robots_disallowed,KCI robots.txt disallows / for User-agent: *; search was not requested,https://www.kci.go.kr/robots.txt,2026-07-13T06:45:49Z,d220f330732f1f47afbdd06b61fc3739164627b94f8cf365f9eefddcd3951911,User-agent: * / Disallow: /,candidate_unverified,none,mwbl-ingredient-evidence-filter-v1.1-fresh-kci
kci:magnesium_ascorbyl_phosphate:9a1f8a49ad71c18b,kci,484,magnesium_ascorbyl_phosphate,마그네슘아스코빌포스페이트,Magnesium Ascorbyl Phosphate,Magnesium Ascorbyl Phosphate,"[""\""Magnesium Ascorbyl Phosphate\"" skin""]",9a1f8a49ad71c18b9c5f2ab250fe0272f577bdb28be8578327420e9928e4e355,mwbl-kci-approved-term-skin-context-v1.1,access_unavailable,,,0,0,0,N,not_run_robots_disallowed,2026-07-13T06:45:49Z,approved_terms_only,N,robots_disallowed,KCI robots.txt disallows / for User-agent: *; search was not requested,https://www.kci.go.kr/robots.txt,2026-07-13T06:45:49Z,d220f330732f1f47afbdd06b61fc3739164627b94f8cf365f9eefddcd3951911,User-agent: * / Disallow: /,candidate_unverified,none,mwbl-ingredient-evidence-filter-v1.1-fresh-kci
kci:polyquaternium_51:207ec075d2625619,kci,485,polyquaternium_51,폴리쿼터늄-51,Polyquaternium-51,Polyquaternium-51,"[""\""Polyquaternium-51\"" skin""]",207ec075d2625619b001aa8a7a583f4d3a4a6d425a42241d4e0bdc8b68eb8f90,mwbl-kci-approved-term-skin-context-v1.1,access_unavailable,,,0,0,0,N,not_run_robots_disallowed,2026-07-13T06:45:49Z,approved_terms_only,N,robots_disallowed,KCI robots.txt disallows / for User-agent: *; search was not requested,https://www.kci.go.kr/robots.txt,2026-07-13T06:45:49Z,d220f330732f1f47afbdd06b61fc3739164627b94f8cf365f9eefddcd3951911,User-agent: * / Disallow: /,candidate_unverified,none,mwbl-ingredient-evidence-filter-v1.1-fresh-kci
kci:pentaerythrityl_tetraethylhexanoate:e1453f683bea376d,kci,486,pentaerythrityl_tetraethylhexanoate,펜타에리스리틸테트라에틸헥사노에이트,Pentaerythrityl Tetraethylhexanoate,Pentaerythrityl Tetraethylhexanoate,"[""\""Pentaerythrityl Tetraethylhexanoate\"" skin""]",e1453f683bea376d42a9a50d6cd5d58e9e555cfd9a0cb53f9aadc03a71a7c4bc,mwbl-kci-approved-term-skin-context-v1.1,access_unavailable,,,0,0,0,N,not_run_robots_disallowed,2026-07-13T06:45:49Z,approved_terms_only,N,robots_disallowed,KCI robots.txt disallows / for User-agent: *; search was not requested,https://www.kci.go.kr/robots.txt,2026-07-13T06:45:49Z,d220f330732f1f47afbdd06b61fc3739164627b94f8cf365f9eefddcd3951911,User-agent: * / Disallow: /,candidate_unverified,none,mwbl-ingredient-evidence-filter-v1.1-fresh-kci
kci:steareth_20:ba3a54401f1cf041,kci,487,steareth_20,스테아레스-20,Steareth-20,Steareth-20,"[""\""Steareth-20\"" skin""]",ba3a54401f1cf041759baf88a6e89176eb18098b6efb0bfdbabb77079e3784a6,mwbl-kci-approved-term-skin-context-v1.1,access_unavailable,,,0,0,0,N,not_run_robots_disallowed,2026-07-13T06:45:49Z,approved_terms_only,N,robots_disallowed,KCI robots.txt disallows / for User-agent: *; search was not requested,https://www.kci.go.kr/robots.txt,2026-07-13T06:45:49Z,d220f330732f1f47afbdd06b61fc3739164627b94f8cf365f9eefddcd3951911,User-agent: * / Disallow: /,candidate_unverified,none,mwbl-ingredient-evidence-filter-v1.1-fresh-kci
kci:diglycerin:1fbdf0c123c2ac1e,kci,488,diglycerin,다이글리세린,Diglycerin,Diglycerin,"[""\""Diglycerin\"" skin""]",1fbdf0c123c2ac1edaf027409cedc97d39644ef0cf541c7d049004724c40d587,mwbl-kci-approved-term-skin-context-v1.1,access_unavailable,,,0,0,0,N,not_run_robots_disallowed,2026-07-13T06:45:49Z,approved_terms_only,N,robots_disallowed,KCI robots.txt disallows / for User-agent: *; search was not requested,https://www.kci.go.kr/robots.txt,2026-07-13T06:45:49Z,d220f330732f1f47afbdd06b61fc3739164627b94f8cf365f9eefddcd3951911,User-agent: * / Disallow: /,candidate_unverified,none,mwbl-ingredient-evidence-filter-v1.1-fresh-kci
kci:aloe_barbadensis_leaf_juice_powder:1ef1b4c0bc389256,kci,489,aloe_barbadensis_leaf_juice_powder,알로에베라잎즙가루,Aloe Barbadensis Leaf Juice Powder,Aloe Barbadensis Leaf Juice Powder,"[""\""Aloe Barbadensis Leaf Juice Powder\"" skin""]",1ef1b4c0bc3892563a6821280908fbf23112b631ab1f4a27a57de148fb1de75d,mwbl-kci-approved-term-skin-context-v1.1,access_unavailable,,,0,0,0,N,not_run_robots_disallowed,2026-07-13T06:45:49Z,approved_terms_only,N,robots_disallowed,KCI robots.txt disallows / for User-agent: *; search was not requested,https://www.kci.go.kr/robots.txt,2026-07-13T06:45:49Z,d220f330732f1f47afbdd06b61fc3739164627b94f8cf365f9eefddcd3951911,User-agent: * / Disallow: /,candidate_unverified,none,mwbl-ingredient-evidence-filter-v1.1-fresh-kci
kci:ethylene_propylene_copolymer:bae43e2471db2ea5,kci,490,ethylene_propylene_copolymer,에틸렌/프로필렌코폴리머,Ethylene/Propylene Copolymer,Ethylene/Propylene Copolymer,"[""\""Ethylene/Propylene Copolymer\"" skin""]",bae43e2471db2ea5433f211cb47c80b318aa9b1d00e50c7e7a4bd11763720c48,mwbl-kci-approved-term-skin-context-v1.1,access_unavailable,,,0,0,0,N,not_run_robots_disallowed,2026-07-13T06:45:49Z,approved_terms_only,N,robots_disallowed,KCI robots.txt disallows / for User-agent: *; search was not requested,https://www.kci.go.kr/robots.txt,2026-07-13T06:45:49Z,d220f330732f1f47afbdd06b61fc3739164627b94f8cf365f9eefddcd3951911,User-agent: * / Disallow: /,candidate_unverified,none,mwbl-ingredient-evidence-filter-v1.1-fresh-kci
kci:c9_12_alkane:67e356c2756f2245,kci,491,c9_12_alkane,C9-12알케인,C9-12 Alkane,C9-12 Alkane,"[""\""C9-12 Alkane\"" skin""]",67e356c2756f22458760a432e7e1b10276cbda20c9241f99750541fd4d0bb4f1,mwbl-kci-approved-term-skin-context-v1.1,access_unavailable,,,0,0,0,N,not_run_robots_disallowed,2026-07-13T06:45:49Z,approved_terms_only,N,robots_disallowed,KCI robots.txt disallows / for User-agent: *; search was not requested,https://www.kci.go.kr/robots.txt,2026-07-13T06:45:49Z,d220f330732f1f47afbdd06b61fc3739164627b94f8cf365f9eefddcd3951911,User-agent: * / Disallow: /,candidate_unverified,none,mwbl-ingredient-evidence-filter-v1.1-fresh-kci
kci:peg_ppg_18_18_dimethicone:0bf51fe255b7d09c,kci,492,peg_ppg_18_18_dimethicone,피이지/피피지-18/18다이메티콘,PEG/PPG-18/18 Dimethicone,PEG/PPG-18/18 Dimethicone,"[""\""PEG/PPG-18/18 Dimethicone\"" skin""]",0bf51fe255b7d09c215be7eed3c6c0ca80c27b43d4c37a1451217d0ba6e2b759,mwbl-kci-approved-term-skin-context-v1.1,access_unavailable,,,0,0,0,N,not_run_robots_disallowed,2026-07-13T06:45:49Z,approved_terms_only,N,robots_disallowed,KCI robots.txt disallows / for User-agent: *; search was not requested,https://www.kci.go.kr/robots.txt,2026-07-13T06:45:49Z,d220f330732f1f47afbdd06b61fc3739164627b94f8cf365f9eefddcd3951911,User-agent: * / Disallow: /,candidate_unverified,none,mwbl-ingredient-evidence-filter-v1.1-fresh-kci
kci:beeswax:9d3549fdb30f2b77,kci,493,beeswax,비즈왁스,Beeswax,Beeswax,"[""\""Beeswax\"" skin""]",9d3549fdb30f2b77b9cc6d6e91ed4312947597e5da0b89e5218258f0bee4427e,mwbl-kci-approved-term-skin-context-v1.1,access_unavailable,,,0,0,0,N,not_run_robots_disallowed,2026-07-13T06:45:49Z,approved_terms_only,N,robots_disallowed,KCI robots.txt disallows / for User-agent: *; search was not requested,https://www.kci.go.kr/robots.txt,2026-07-13T06:45:49Z,d220f330732f1f47afbdd06b61fc3739164627b94f8cf365f9eefddcd3951911,User-agent: * / Disallow: /,candidate_unverified,none,mwbl-ingredient-evidence-filter-v1.1-fresh-kci
